{"type":"FeatureCollection","features":[{"type":"Feature","properties":{"level":936},"geometry":{"type":"LineString","coordinates":[[-126.5,-69.52],[-126.3,-69.5],[-126.5,-69.52]]}},{"type":"Feature","properties":{"level":940},"geometry":{"type":"LineString","coordinates":[[-128.0,-70.52],[-129.25,-70.0],[-129.26,-69.5],[-128.17,-69.0],[-126.25,-68.85],[-124.75,-69.15],[-124.06,-69.75],[-124.43,-70.25],[-125.17,-70.5],[-128.0,-70.52]]}},{"type":"Feature","properties":{"level":944},"geometry":{"type":"LineString","coordinates":[[-130.25,-71.52],[-132.5,-70.85],[-132.92,-70.5],[-132.97,-70.0],[-132.18,-69.25],[-131.03,-68.75],[-129.25,-68.34],[-127.0,-68.16],[-125.0,-68.31],[-123.11,-68.75],[-122.01,-69.25],[-121.28,-70.0],[-122.05,-70.75],[-124.25,-71.39],[-127.75,-71.71],[-130.25,-71.52]]}},{"type":"Feature","properties":{"level":948},"geometry":{"type":"LineString","coordinates":[[-128.0,-73.54],[-132.5,-73.15],[-135.5,-72.59],[-137.12,-71.75],[-137.51,-71.0],[-137.45,-70.5],[-136.0,-69.3],[-134.0,-68.47],[-131.25,-67.79],[-128.0,-67.47],[-124.75,-67.62],[-122.0,-68.1],[-119.45,-69.0],[-118.33,-70.0],[-118.42,-71.0],[-120.0,-71.83],[-122.39,-72.5],[-126.5,-73.03],[-127.75,-73.61],[-128.0,-73.54]]}},{"type":"Feature","properties":{"level":952},"geometry":{"type":"LineString","coordinates":[[-134.0,-74.52],[-137.25,-74.09],[-140.25,-73.27],[-142.02,-72.25],[-142.48,-71.5],[-142.39,-71.0],[-141.71,-70.25],[-140.25,-69.38],[-135.58,-67.75],[-131.0,-66.92],[-126.0,-66.77],[-121.0,-67.38],[-117.3,-68.5],[-113.67,-70.25],[-113.7,-71.5],[-112.51,-72.25],[-113.36,-73.0],[-112.45,-74.0],[-112.75,-74.26],[-115.25,-74.28],[-119.0,-73.79],[-128.0,-74.6],[-134.0,-74.52]]}},{"type":"Feature","properties":{"level":952},"geometry":{"type":"LineString","coordinates":[[97.75,-63.75],[97.49,-63.5],[97.75,-63.34],[98.79,-63.5],[97.75,-63.75]]}},{"type":"Feature","properties":{"level":952},"geometry":{"type":"LineString","coordinates":[[-173.5,-63.54],[-173.87,-63.25],[-173.0,-62.93],[-170.25,-63.03],[-169.93,-63.25],[-171.75,-63.66],[-173.5,-63.54]]}},{"type":"Feature","properties":{"level":952},"geometry":{"type":"LineString","coordinates":[[96.0,-62.26],[94.47,-61.5],[94.4,-61.0],[94.72,-60.5],[96.25,-60.73],[97.46,-61.75],[97.25,-62.32],[96.0,-62.26]]}},{"type":"Feature","properties":{"level":956},"geometry":{"type":"LineString","coordinates":[[-145.5,-76.44],[-146.31,-76.0],[-146.35,-75.75],[-145.03,-75.0],[-144.6,-74.5],[-147.83,-72.25],[-147.71,-71.0],[-147.13,-70.25],[-145.0,-69.07],[-141.0,-67.87],[-136.25,-66.81],[-131.75,-66.18],[-125.25,-66.07],[-119.25,-66.79],[-114.59,-68.0],[-111.25,-69.19],[-109.75,-70.46],[-107.25,-71.84],[-105.0,-72.27],[-102.14,-72.25],[-102.01,-72.5],[-102.63,-73.0],[-102.36,-73.25],[-104.57,-74.0],[-109.25,-74.67],[-113.5,-75.0],[-125.75,-75.22],[-130.25,-75.67],[-134.0,-75.47],[-134.31,-75.5],[-134.12,-75.75],[-134.5,-76.02],[-136.0,-76.01],[-137.17,-75.5],[-138.5,-75.43],[-139.09,-75.5],[-138.91,-75.75],[-139.75,-75.93],[-142.75,-75.8],[-145.5,-76.44]]}},{"type":"Feature","properties":{"level":956},"geometry":{"type":"LineString","coordinates":[[99.75,-65.25],[99.0,-64.95],[95.85,-64.5],[91.58,-62.75],[90.31,-61.5],[90.02,-60.25],[90.46,-59.0],[91.99,-57.75],[94.5,-57.47],[97.5,-58.42],[100.89,-60.25],[101.26,-60.5],[101.96,-62.0],[101.58,-62.75],[101.76,-64.25],[101.2,-65.0],[99.75,-65.25]]}},{"type":"Feature","properties":{"level":956},"geometry":{"type":"LineString","coordinates":[[-173.25,-64.76],[-175.0,-64.38],[-176.25,-63.81],[-176.75,-63.25],[-176.66,-62.5],[-176.0,-61.91],[-174.5,-61.44],[-168.5,-60.87],[-163.25,-59.91],[-153.75,-60.26],[-152.0,-60.54],[-151.21,-61.0],[-151.62,-61.5],[-153.25,-61.93],[-163.75,-63.49],[-168.75,-64.63],[-171.25,-64.86],[-173.25,-64.76]]}},{"type":"Feature","properties":{"level":960},"geometry":{"type":"LineString","coordinates":[[-152.0,-81.76],[-151.0,-81.45],[-147.83,-81.5],[-146.43,-81.75],[-152.0,-81.76]]}},{"type":"Feature","properties":{"level":960},"geometry":{"type":"LineString","coordinates":[[-138.75,-81.51],[-138.23,-81.0],[-139.21,-80.5],[-136.5,-80.14],[-135.88,-79.75],[-135.99,-79.5],[-137.5,-78.99],[-144.75,-78.07],[-148.75,-78.49],[-151.0,-78.36],[-153.5,-77.85],[-158.25,-77.89],[-159.95,-77.5],[-160.59,-76.75],[-160.36,-76.25],[-159.75,-75.88],[-154.75,-74.36],[-153.03,-73.5],[-152.94,-73.25],[-153.56,-71.75],[-153.53,-71.0],[-152.39,-69.75],[-150.41,-68.75],[-148.0,-67.94],[-143.75,-66.99],[-133.35,-65.5],[-125.5,-65.3],[-118.0,-66.0],[-112.5,-67.31],[-106.25,-69.93],[-102.75,-70.69],[-98.0,-70.99],[-97.09,-71.5],[-96.99,-72.0],[-97.43,-72.5],[-99.0,-72.9],[-99.58,-73.25],[-99.48,-73.5],[-100.47,-73.75],[-100.45,-74.0],[-98.54,-74.5],[-99.7,-74.75],[-102.5,-74.85],[-106.75,-75.52],[-113.75,-75.95],[-115.25,-75.71],[-116.75,-75.89],[-121.75,-75.64],[-128.25,-76.32],[-130.25,-76.92],[-132.0,-76.82],[-133.25,-77.07],[-133.72,-77.25],[-132.75,-77.87],[-130.4,-78.0],[-132.11,-78.75],[-132.49,-79.25],[-131.88,-79.5],[-132.05,-79.75],[-131.71,-80.5],[-131.87,-80.75],[-136.75,-81.54],[-138.75,-81.51]]}},{"type":"Feature","properties":{"level":960},"geometry":{"type":"LineString","coordinates":[[-136.08,-76.75],[-132.5,-76.68],[-132.18,-76.5],[-134.25,-76.21],[-135.83,-76.5],[-136.08,-76.75]]}},{"type":"Feature","properties":{"level":960},"geometry":{"type":"LineString","coordinates":[[-172.25,-66.26],[-175.25,-65.87],[-178.0,-65.07],[-179.54,-64.0],[-179.94,-63.25],[-179.86,-62.75],[-178.8,-61.5],[-176.9,-60.5],[-163.75,-58.75],[-152.15,-59.25],[-149.25,-59.85],[-148.35,-60.5],[-148.45,-61.25],[-149.0,-61.71],[-152.0,-62.82],[-166.0,-65.96],[-169.0,-66.28],[-172.25,-66.26]]}},{"type":"Feature","properties":{"level":960},"geometry":{"type":"LineString","coordinates":[[100.5,-66.27],[99.25,-65.71],[95.75,-65.38],[92.71,-64.75],[87.0,-62.54],[85.68,-61.0],[85.82,-60.0],[87.48,-57.5],[89.25,-56.39],[91.75,-55.97],[94.75,-55.85],[97.0,-56.08],[98.5,-56.5],[101.0,-57.91],[102.74,-59.25],[104.19,-60.75],[104.77,-62.25],[104.57,-63.25],[103.5,-64.43],[102.68,-65.0],[100.7,-65.75],[101.12,-66.25],[100.5,-66.27]]}},{"type":"Feature","properties":{"level":960},"geometry":{"type":"LineString","coordinates":[[98.5,-51.53],[96.75,-50.67],[96.25,-49.65],[99.25,-49.72],[100.5,-49.53],[100.94,-49.75],[100.95,-50.5],[100.32,-51.25],[98.5,-51.53]]}},{"type":"Feature","properties":{"level":964},"geometry":{"type":"LineString","coordinates":[[-26.5,-69.0],[-31.0,-68.05],[-33.02,-67.25],[-33.48,-66.75],[-32.73,-66.25],[-28.5,-65.13],[-18.0,-64.79],[-15.25,-65.3],[-13.55,-66.25],[-13.31,-66.75],[-13.98,-67.5],[-17.37,-68.5],[-22.0,-69.06],[-26.5,-69.0]]}},{"type":"Feature","properties":{"level":964},"geometry":{"type":"LineString","coordinates":[[100.0,-67.05],[99.0,-66.34],[96.75,-66.41],[92.75,-65.91],[85.0,-63.96],[83.73,-63.25],[82.79,-62.25],[82.22,-61.0],[82.23,-59.75],[83.25,-58.46],[86.0,-56.39],[88.75,-55.22],[93.5,-53.95],[94.74,-53.25],[95.41,-52.5],[95.18,-50.25],[95.5,-48.88],[98.5,-48.55],[101.5,-48.59],[102.75,-49.13],[104.73,-50.5],[103.9,-51.5],[103.72,-52.5],[102.85,-53.75],[102.89,-55.25],[104.08,-57.25],[106.43,-60.0],[107.29,-61.5],[107.45,-62.25],[106.88,-63.75],[105.29,-65.25],[100.0,-67.05]]}},{"type":"Feature","properties":{"level":964},"geometry":{"type":"LineString","coordinates":[[180.0,-66.52],[178.5,-65.92],[177.55,-65.25],[176.79,-64.25],[176.48,-62.75],[176.73,-62.0],[177.66,-60.75],[180.0,-60.03]]}},{"type":"Feature","properties":{"level":964},"geometry":{"type":"LineString","coordinates":[[-180.0,-60.03],[-174.0,-58.89],[-164.25,-57.82],[-159.25,-57.82],[-150.5,-58.53],[-147.5,-59.4],[-146.65,-60.25],[-146.47,-61.0],[-147.25,-62.12],[-150.97,-64.25],[-152.21,-65.25],[-152.23,-65.5],[-150.25,-65.8],[-147.0,-65.82],[-131.25,-64.59],[-124.75,-64.5],[-120.25,-64.74],[-114.0,-65.83],[-104.5,-68.95],[-94.75,-70.35],[-92.76,-71.0],[-92.17,-71.5],[-92.85,-72.25],[-95.81,-73.25],[-96.01,-73.5],[-95.76,-74.5],[-96.25,-74.75],[-104.5,-76.3],[-109.25,-76.84],[-113.25,-76.99],[-117.0,-76.56],[-118.25,-76.87],[-120.0,-76.66],[-122.5,-76.91],[-123.75,-76.58],[-125.65,-76.5],[-126.27,-76.75],[-126.12,-77.0],[-124.6,-77.5],[-127.0,-78.39],[-127.84,-79.0],[-127.51,-79.25],[-127.51,-80.0],[-126.49,-80.5],[-125.81,-81.0],[-125.92,-81.25],[-125.41,-81.5],[-130.0,-82.87],[-142.75,-84.08],[-156.25,-84.06],[-163.25,-83.79],[-170.25,-82.83],[-172.64,-81.75],[-172.62,-81.25],[-171.43,-79.75],[-169.1,-78.75],[-168.77,-75.75],[-165.67,-73.5],[-165.09,-72.5],[-165.25,-72.0],[-167.25,-70.11],[-169.07,-69.0],[-177.0,-67.46],[-180.0,-66.52]]}},{"type":"Feature","properties":{"level":968},"geometry":{"type":"LineString","coordinates":[[180.0,-84.51],[179.43,-84.25],[179.5,-84.03],[180.0,-84.04]]}},{"type":"Feature","properties":{"level":968},"geometry":{"type":"LineString","coordinates":[[-180.0,-84.04],[-179.16,-84.5],[-180.0,-84.51]]}},{"type":"Feature","properties":{"level":968},"geometry":{"type":"LineString","coordinates":[[180.0,-83.46],[179.0,-83.0],[178.25,-83.19],[177.75,-83.04],[175.91,-81.5],[176.23,-80.5],[176.84,-80.0],[177.03,-79.25],[178.31,-77.75],[178.67,-77.0],[178.65,-76.0],[178.06,-74.75],[178.83,-73.25],[177.4,-72.0],[176.96,-71.25],[177.99,-70.25],[177.9,-70.0],[176.8,-68.75],[170.64,-63.75],[172.0,-62.81],[173.43,-61.25],[174.79,-60.25],[180.0,-58.79]]}},{"type":"Feature","properties":{"level":968},"geometry":{"type":"LineString","coordinates":[[171.5,-83.07],[171.26,-83.0],[171.81,-83.0],[171.5,-83.07]]}},{"type":"Feature","properties":{"level":968},"geometry":{"type":"LineString","coordinates":[[-26.75,-70.01],[-30.25,-69.52],[-33.08,-68.75],[-35.16,-67.75],[-35.68,-67.25],[-35.77,-66.75],[-34.0,-65.65],[-31.45,-64.5],[-30.0,-64.14],[-26.5,-63.77],[-18.0,-63.5],[-14.75,-63.69],[-11.75,-64.34],[-9.5,-65.31],[-8.73,-66.5],[-8.86,-67.0],[-10.5,-68.17],[-13.5,-69.0],[-20.0,-69.98],[-26.75,-70.01]]}},{"type":"Feature","properties":{"level":968},"geometry":{"type":"LineString","coordinates":[[99.5,-67.41],[99.25,-66.89],[96.25,-67.06],[89.5,-66.78],[83.25,-65.37],[81.41,-64.5],[80.0,-63.09],[79.56,-62.25],[79.72,-60.5],[81.24,-58.5],[84.5,-56.0],[86.5,-54.83],[90.54,-53.25],[92.28,-52.25],[93.05,-51.5],[94.75,-48.03],[100.0,-47.44],[101.5,-47.5],[103.5,-48.02],[104.75,-48.45],[105.75,-49.21],[108.53,-50.5],[108.37,-51.75],[108.7,-53.75],[108.51,-54.25],[108.0,-54.35],[107.56,-54.75],[107.07,-56.0],[107.63,-57.75],[109.75,-61.75],[109.89,-62.75],[109.65,-64.25],[108.89,-65.5],[108.25,-65.82],[103.25,-66.44],[99.5,-67.41]]}},{"type":"Feature","properties":{"level":968},"geometry":{"type":"LineString","coordinates":[[-180.0,-58.79],[-174.75,-57.78],[-163.5,-56.79],[-158.25,-56.84],[-149.5,-57.77],[-147.11,-58.5],[-145.37,-59.75],[-144.87,-60.5],[-144.71,-61.25],[-145.08,-63.25],[-143.75,-63.92],[-140.25,-64.11],[-126.25,-63.6],[-117.5,-64.18],[-113.53,-65.0],[-102.75,-68.13],[-90.5,-69.93],[-88.79,-70.5],[-88.37,-71.0],[-88.57,-71.75],[-90.5,-72.81],[-93.81,-73.5],[-91.95,-74.25],[-95.25,-75.49],[-99.68,-76.25],[-102.5,-77.13],[-110.25,-77.85],[-117.5,-77.99],[-119.25,-78.29],[-119.79,-78.5],[-119.61,-78.75],[-119.75,-78.96],[-122.18,-79.25],[-119.82,-80.0],[-120.67,-80.5],[-120.03,-80.75],[-119.95,-81.0],[-120.42,-81.5],[-119.35,-82.0],[-121.75,-82.48],[-123.25,-83.24],[-124.25,-83.44],[-132.72,-84.5],[-135.25,-85.05],[-139.3,-85.25],[-138.23,-85.5],[-138.5,-85.56],[-145.0,-85.74],[-150.75,-85.22],[-166.75,-85.16],[-178.5,-84.34],[-180.0,-83.46]]}},{"type":"Feature","properties":{"level":972},"geometry":{"type":"LineString","coordinates":[[180.0,-84.89],[176.25,-84.9],[175.25,-84.51],[173.0,-84.43],[172.62,-84.5],[174.95,-85.0],[172.68,-85.0],[171.65,-84.75],[172.0,-84.27],[172.28,-84.25],[171.94,-84.0],[170.25,-83.88],[169.5,-84.28],[165.5,-84.36],[165.05,-84.25],[165.5,-83.97],[167.0,-83.91],[167.88,-83.5],[167.0,-83.37],[166.5,-83.01],[165.5,-83.28],[164.25,-83.18],[162.75,-83.42],[162.75,-82.93],[162.0,-83.1],[161.25,-82.78],[160.76,-83.0],[160.75,-83.32],[159.75,-83.0],[160.25,-82.67],[162.5,-82.56],[162.99,-82.25],[159.0,-81.61],[158.77,-81.5],[158.7,-81.0],[159.0,-80.58],[159.83,-80.25],[160.75,-79.24],[162.5,-79.53],[163.5,-79.26],[167.43,-79.0],[167.7,-78.75],[167.12,-78.5],[167.25,-77.92],[167.62,-78.0],[167.5,-78.33],[169.29,-78.25],[169.25,-77.95],[167.77,-77.75],[168.75,-77.74],[168.75,-77.32],[166.7,-77.0],[167.25,-76.59],[170.28,-75.5],[170.59,-74.75],[171.51,-73.75],[171.15,-72.5],[171.36,-72.0],[170.98,-71.75],[171.34,-71.25],[169.85,-68.75],[168.3,-67.25],[167.77,-66.25],[167.56,-65.25],[168.06,-63.75],[171.73,-60.25],[172.54,-59.75],[176.0,-58.29],[180.0,-57.41]]}},{"type":"Feature","properties":{"level":972},"geometry":{"type":"LineString","coordinates":[[165.75,-78.27],[166.16,-78.25],[166.0,-78.42],[165.75,-78.27]]}},{"type":"Feature","properties":{"level":972},"geometry":{"type":"LineString","coordinates":[[164.25,-78.08],[164.08,-78.0],[164.25,-78.08]]}},{"type":"Feature","properties":{"level":972},"geometry":{"type":"LineString","coordinates":[[165.0,-77.74],[165.0,-77.32],[165.0,-77.74]]}},{"type":"Feature","properties":{"level":972},"geometry":{"type":"LineString","coordinates":[[166.0,-77.59],[166.15,-77.5],[166.0,-77.59]]}},{"type":"Feature","properties":{"level":972},"geometry":{"type":"LineString","coordinates":[[169.39,-77.5],[169.5,-77.69],[169.75,-77.3],[170.12,-77.25],[169.75,-77.16],[169.39,-77.5]]}},{"type":"Feature","properties":{"level":972},"geometry":{"type":"LineString","coordinates":[[-26.5,-71.25],[-30.75,-70.74],[-34.0,-69.89],[-36.78,-68.75],[-37.87,-68.0],[-38.41,-67.25],[-37.38,-66.25],[-33.5,-63.96],[-26.52,-62.5],[-22.25,-62.25],[-16.25,-62.32],[-11.25,-62.98],[-7.25,-64.33],[-5.77,-65.25],[-4.87,-66.25],[-4.9,-67.5],[-5.09,-67.75],[-6.5,-68.58],[-9.77,-69.75],[-18.75,-71.14],[-26.5,-71.25]]}},{"type":"Feature","properties":{"level":972},"geometry":{"type":"LineString","coordinates":[[99.5,-67.77],[98.75,-67.32],[89.5,-67.55],[85.0,-67.29],[83.25,-67.55],[81.75,-67.37],[79.5,-66.58],[78.35,-65.75],[77.14,-64.25],[76.67,-63.0],[76.66,-62.25],[77.73,-60.25],[79.68,-58.25],[84.5,-54.71],[90.22,-51.75],[92.0,-50.08],[93.5,-48.19],[94.5,-47.55],[98.0,-46.73],[100.75,-46.44],[103.75,-46.89],[107.75,-48.36],[109.75,-50.02],[111.24,-53.75],[111.25,-55.75],[110.54,-57.25],[110.9,-58.75],[113.28,-62.5],[114.29,-63.5],[116.19,-64.5],[115.36,-65.25],[112.25,-65.94],[111.71,-66.25],[111.85,-66.75],[105.75,-66.59],[99.5,-67.77]]}},{"type":"Feature","properties":{"level":972},"geometry":{"type":"LineString","coordinates":[[-180.0,-57.41],[-176.25,-56.69],[-171.5,-56.39],[-160.75,-55.21],[-156.25,-55.74],[-150.25,-56.7],[-146.75,-57.73],[-144.24,-59.25],[-142.25,-61.59],[-141.46,-62.25],[-140.5,-62.62],[-137.25,-62.88],[-124.75,-62.78],[-117.0,-63.39],[-111.25,-64.56],[-100.75,-67.4],[-87.5,-68.91],[-85.7,-69.5],[-85.13,-70.0],[-85.02,-70.5],[-85.4,-71.75],[-86.0,-72.25],[-89.7,-73.75],[-88.95,-74.75],[-89.49,-75.25],[-92.95,-76.0],[-94.77,-76.75],[-108.35,-78.75],[-111.5,-79.46],[-113.0,-80.25],[-115.67,-81.0],[-113.75,-82.0],[-116.88,-83.5],[-122.64,-84.5],[-120.93,-84.75],[-125.09,-85.0],[-126.0,-85.52],[-129.75,-85.77],[-135.35,-85.5],[-135.25,-85.83],[-134.34,-86.0],[-135.0,-86.02],[-147.5,-86.08],[-149.0,-85.77],[-153.0,-85.72],[-156.75,-86.12],[-157.41,-86.0],[-157.06,-85.75],[-158.25,-85.65],[-164.25,-85.79],[-172.75,-85.01],[-175.0,-85.33],[-175.35,-85.25],[-174.69,-85.0],[-176.5,-84.71],[-180.0,-84.89]]}},{"type":"Feature","properties":{"level":976},"geometry":{"type":"LineString","coordinates":[[180.0,-85.26],[170.75,-85.13],[169.88,-85.0],[170.21,-84.5],[169.75,-84.42],[164.14,-84.5],[163.8,-84.25],[166.56,-83.75],[164.75,-83.4],[163.5,-83.76],[159.75,-83.76],[160.25,-83.25],[159.38,-83.0],[159.42,-82.75],[160.67,-82.5],[159.75,-82.43],[159.17,-82.0],[158.5,-81.86],[156.55,-81.75],[157.02,-81.0],[157.93,-80.5],[157.07,-80.25],[159.19,-79.75],[158.64,-79.25],[160.5,-79.04],[160.75,-78.7],[162.2,-78.5],[159.84,-77.25],[161.58,-77.0],[160.81,-76.75],[161.2,-76.25],[160.27,-75.5],[162.5,-75.15],[163.15,-74.5],[163.87,-74.25],[162.25,-73.75],[163.0,-73.97],[163.5,-73.38],[164.25,-73.36],[164.37,-73.0],[165.72,-72.5],[165.35,-72.0],[166.4,-71.75],[166.15,-71.25],[165.5,-71.15],[164.75,-71.15],[163.25,-71.67],[162.73,-71.5],[162.5,-71.08],[161.5,-71.0],[159.68,-70.0],[157.75,-69.38],[154.75,-69.07],[153.5,-68.25],[154.03,-67.75],[154.8,-67.5],[159.5,-67.08],[161.75,-66.37],[163.44,-65.5],[165.42,-64.0],[168.68,-61.0],[169.39,-60.0],[170.94,-59.0],[175.25,-56.91],[180.0,-56.03]]}},{"type":"Feature","properties":{"level":976},"geometry":{"type":"LineString","coordinates":[[-177.25,-85.0],[-175.63,-85.0],[-177.25,-85.0]]}},{"type":"Feature","properties":{"level":976},"geometry":{"type":"LineString","coordinates":[[-88.5,-78.79],[-88.9,-78.5],[-85.44,-78.5],[-88.5,-78.79]]}},{"type":"Feature","properties":{"level":976},"geometry":{"type":"LineString","coordinates":[[-29.25,-72.52],[-33.25,-72.0],[-38.24,-70.25],[-40.62,-68.75],[-41.21,-68.0],[-41.2,-67.5],[-40.2,-66.5],[-35.03,-63.25],[-29.5,-61.56],[-26.5,-61.12],[-22.25,-60.95],[-13.75,-61.44],[-8.0,-62.56],[-4.75,-63.81],[-1.9,-65.25],[0.17,-66.75],[0.54,-67.5],[0.55,-68.0],[0.12,-68.75],[-1.05,-69.25],[-9.75,-70.82],[-10.75,-71.25],[-21.5,-72.6],[-25.0,-72.73],[-29.25,-72.52]]}},{"type":"Feature","properties":{"level":976},"geometry":{"type":"LineString","coordinates":[[73.0,-70.09],[72.89,-69.75],[74.1,-68.25],[74.52,-67.25],[73.81,-64.0],[74.28,-62.25],[75.55,-60.5],[77.54,-58.5],[81.5,-55.4],[89.0,-50.97],[93.0,-47.15],[100.25,-45.43],[102.75,-45.64],[107.0,-46.69],[108.75,-47.55],[110.25,-48.85],[111.09,-50.0],[112.99,-54.25],[113.63,-56.5],[113.85,-58.75],[114.51,-59.75],[115.75,-60.77],[118.82,-62.0],[119.36,-62.75],[119.56,-63.5],[119.06,-64.75],[118.02,-65.5],[115.75,-66.19],[113.0,-66.21],[112.25,-67.07],[111.25,-66.94],[106.5,-67.16],[101.5,-68.09],[99.0,-68.1],[98.0,-67.78],[92.0,-68.17],[85.25,-67.8],[81.0,-68.09],[79.5,-68.35],[78.36,-69.0],[75.81,-69.75],[73.0,-70.09]]}},{"type":"Feature","properties":{"level":976},"geometry":{"type":"LineString","coordinates":[[-180.0,-56.03],[-168.25,-54.77],[-166.75,-54.49],[-164.0,-53.54],[-161.03,-53.25],[-154.25,-54.68],[-147.5,-56.6],[-144.44,-58.0],[-140.5,-60.73],[-138.5,-61.37],[-135.0,-61.75],[-122.5,-62.04],[-111.75,-63.21],[-110.0,-63.51],[-103.25,-65.67],[-100.25,-66.31],[-87.25,-67.52],[-84.55,-68.0],[-82.25,-68.75],[-81.6,-69.25],[-81.18,-70.25],[-81.57,-71.25],[-82.59,-72.75],[-85.77,-73.75],[-85.82,-74.5],[-85.28,-75.0],[-88.4,-76.25],[-94.18,-77.0],[-96.13,-77.5],[-98.25,-78.39],[-110.69,-80.75],[-111.21,-81.0],[-109.86,-81.75],[-106.36,-82.75],[-106.56,-83.0],[-109.37,-83.5],[-114.47,-84.0],[-115.46,-84.25],[-115.91,-84.75],[-120.57,-85.0],[-122.75,-85.65],[-122.93,-85.75],[-122.82,-86.0],[-123.5,-86.11],[-133.25,-85.75],[-132.79,-86.0],[-145.5,-86.17],[-147.5,-86.37],[-150.25,-86.0],[-155.0,-86.39],[-158.75,-86.41],[-159.82,-86.25],[-158.18,-86.0],[-167.25,-85.78],[-171.75,-85.32],[-174.5,-85.6],[-180.0,-85.26]]}},{"type":"Feature","properties":{"level":976},"geometry":{"type":"LineString","coordinates":[[90.75,21.9],[90.55,22.0],[90.75,22.14],[90.75,21.9]]}},{"type":"Feature","properties":{"level":980},"geometry":{"type":"LineString","coordinates":[[180.0,-85.42],[172.5,-85.42],[169.25,-85.06],[167.5,-85.34],[164.0,-85.41],[163.4,-85.25],[166.77,-85.0],[166.98,-84.75],[165.0,-84.95],[158.89,-84.25],[161.21,-84.0],[159.16,-83.75],[159.9,-83.25],[159.75,-83.21],[158.75,-83.01],[157.25,-83.25],[156.61,-82.75],[155.5,-82.5],[155.22,-82.25],[156.36,-82.0],[154.79,-81.75],[155.93,-81.0],[157.12,-80.75],[157.0,-80.5],[156.21,-80.5],[156.35,-80.0],[157.39,-79.5],[156.75,-79.13],[155.66,-79.0],[156.5,-78.8],[159.25,-78.94],[160.31,-78.5],[159.52,-78.25],[160.15,-77.75],[159.42,-77.25],[160.56,-77.0],[159.75,-76.5],[160.22,-76.25],[158.75,-75.85],[158.48,-75.5],[160.0,-75.12],[162.12,-75.0],[162.79,-74.25],[161.93,-73.75],[161.76,-73.25],[162.92,-73.0],[163.37,-72.5],[162.75,-71.75],[161.75,-71.91],[159.73,-71.25],[160.1,-70.75],[159.0,-70.0],[154.75,-69.6],[151.0,-68.75],[151.5,-68.38],[151.93,-67.5],[153.0,-66.86],[155.25,-66.08],[159.75,-65.04],[163.0,-63.61],[165.27,-62.0],[168.25,-59.03],[173.0,-56.3],[175.5,-55.48],[180.0,-54.83]]}},{"type":"Feature","properties":{"level":980},"geometry":{"type":"LineString","coordinates":[[162.33,-84.0],[163.0,-84.16],[163.95,-84.0],[162.33,-84.0]]}},{"type":"Feature","properties":{"level":980},"geometry":{"type":"LineString","coordinates":[[164.38,-83.75],[165.83,-83.75],[164.38,-83.75]]}},{"type":"Feature","properties":{"level":980},"geometry":{"type":"LineString","coordinates":[[153.0,-82.0],[152.9,-81.75],[153.25,-81.7],[154.03,-82.0],[153.0,-82.0]]}},{"type":"Feature","properties":{"level":980},"geometry":{"type":"LineString","coordinates":[[152.75,-81.27],[152.01,-81.0],[154.3,-80.75],[153.25,-81.28],[152.75,-81.27]]}},{"type":"Feature","properties":{"level":980},"geometry":{"type":"LineString","coordinates":[[-30.0,-74.5],[-33.5,-74.14],[-36.42,-73.5],[-39.42,-72.5],[-42.0,-71.05],[-43.16,-70.0],[-43.68,-68.75],[-43.51,-67.75],[-42.74,-66.75],[-40.25,-65.04],[-36.5,-62.59],[-33.5,-61.15],[-29.75,-60.22],[-25.25,-59.72],[-17.0,-60.0],[-9.25,-61.02],[-5.75,-62.02],[4.0,-65.49],[4.89,-66.0],[5.44,-67.0],[5.25,-67.73],[4.79,-68.25],[2.28,-69.5],[-0.5,-70.19],[-6.25,-71.07],[-6.73,-71.25],[-6.75,-71.79],[-9.05,-71.5],[-9.71,-72.5],[-10.25,-72.86],[-11.5,-72.7],[-15.0,-73.16],[-16.5,-73.84],[-24.5,-74.39],[-30.0,-74.5]]}},{"type":"Feature","properties":{"level":980},"geometry":{"type":"LineString","coordinates":[[164.46,-72.5],[165.0,-72.25],[163.63,-72.0],[163.75,-72.3],[164.46,-72.5]]}},{"type":"Feature","properties":{"level":980},"geometry":{"type":"LineString","coordinates":[[69.0,-72.3],[68.79,-72.25],[68.75,-71.75],[68.48,-71.5],[68.77,-71.25],[68.15,-70.75],[68.91,-70.0],[68.75,-69.44],[69.57,-68.5],[69.02,-67.5],[69.44,-67.0],[70.0,-64.5],[71.06,-62.5],[73.88,-59.75],[78.5,-55.96],[87.0,-50.85],[92.26,-46.5],[99.5,-44.58],[101.75,-44.54],[105.97,-45.25],[108.75,-46.31],[110.0,-47.11],[111.52,-48.75],[115.11,-55.25],[117.0,-58.15],[118.1,-59.5],[120.85,-61.5],[121.6,-63.0],[121.6,-64.25],[121.07,-65.0],[119.35,-66.0],[116.5,-66.77],[114.0,-66.7],[112.5,-67.46],[111.5,-67.37],[104.75,-67.99],[102.0,-68.61],[96.0,-68.61],[92.75,-68.94],[91.0,-68.54],[86.5,-68.29],[80.99,-68.5],[80.28,-69.0],[77.75,-69.77],[74.0,-70.48],[73.5,-71.04],[70.89,-72.25],[69.0,-72.3]]}},{"type":"Feature","properties":{"level":980},"geometry":{"type":"LineString","coordinates":[[45.25,-64.25],[39.25,-64.13],[38.4,-63.75],[37.68,-63.0],[37.7,-62.75],[38.14,-62.25],[39.0,-61.83],[42.0,-61.27],[46.5,-59.77],[51.75,-59.28],[52.8,-58.5],[52.59,-57.5],[53.03,-56.75],[54.5,-56.46],[55.48,-56.75],[55.98,-58.0],[55.46,-58.75],[55.53,-59.25],[57.08,-61.0],[56.5,-61.62],[54.5,-62.64],[51.43,-63.75],[48.5,-64.19],[45.25,-64.25]]}},{"type":"Feature","properties":{"level":980},"geometry":{"type":"LineString","coordinates":[[-180.0,-54.83],[-177.0,-54.3],[-170.5,-53.72],[-167.75,-53.12],[-165.17,-52.0],[-164.0,-51.75],[-161.0,-51.84],[-157.0,-52.73],[-148.25,-55.52],[-145.18,-56.75],[-139.5,-59.73],[-137.75,-60.22],[-133.75,-60.74],[-123.0,-61.16],[-112.25,-61.98],[-111.0,-61.84],[-110.5,-61.65],[-110.25,-61.21],[-109.75,-61.08],[-107.96,-61.75],[-103.25,-64.21],[-99.75,-65.14],[-85.75,-66.6],[-80.55,-67.5],[-79.07,-68.0],[-78.0,-68.75],[-77.38,-70.75],[-76.72,-71.75],[-75.84,-72.5],[-77.0,-72.95],[-79.75,-73.27],[-80.66,-74.25],[-80.08,-74.5],[-80.21,-75.0],[-80.9,-75.25],[-82.75,-75.19],[-84.87,-75.5],[-85.86,-75.75],[-86.17,-76.25],[-86.87,-76.5],[-90.33,-76.75],[-92.05,-77.25],[-91.66,-77.5],[-90.5,-77.61],[-87.0,-77.56],[-85.19,-78.5],[-88.0,-79.42],[-99.5,-79.68],[-104.51,-80.25],[-105.6,-80.75],[-105.21,-81.25],[-106.29,-81.5],[-103.5,-82.11],[-103.03,-82.5],[-106.0,-83.53],[-111.23,-84.25],[-109.02,-84.5],[-109.09,-84.75],[-115.54,-85.0],[-116.54,-85.25],[-116.52,-85.5],[-117.0,-85.63],[-121.69,-86.25],[-116.73,-86.5],[-122.25,-86.8],[-133.14,-86.75],[-127.75,-86.63],[-126.66,-86.25],[-129.86,-86.0],[-131.5,-86.3],[-139.25,-86.47],[-139.75,-86.75],[-147.5,-86.87],[-151.25,-86.59],[-159.0,-86.57],[-160.0,-86.42],[-160.0,-86.0],[-160.25,-85.99],[-164.75,-86.02],[-171.0,-85.67],[-178.5,-85.81],[-179.21,-85.75],[-178.49,-85.5],[-180.0,-85.42]]}},{"type":"Feature","properties":{"level":980},"geometry":{"type":"LineString","coordinates":[[141.25,13.96],[141.25,14.32],[141.45,14.25],[141.25,13.96]]}},{"type":"Feature","properties":{"level":980},"geometry":{"type":"LineString","coordinates":[[90.75,21.74],[90.41,22.0],[90.75,22.31],[90.97,22.0],[90.75,21.74]]}},{"type":"Feature","properties":{"level":980},"geometry":{"type":"LineString","coordinates":[[124.0,74.71],[121.46,75.5],[120.62,76.5],[120.49,77.0],[120.69,77.5],[122.5,78.59],[126.0,79.36],[131.25,79.81],[139.25,79.98],[147.25,81.29],[153.25,81.94],[162.0,82.1],[165.14,81.75],[165.88,81.25],[163.85,80.25],[160.5,79.62],[151.5,79.23],[143.5,79.22],[142.82,78.5],[141.16,78.0],[133.97,76.75],[127.0,75.1],[124.0,74.71]]}},{"type":"Feature","properties":{"level":980},"geometry":{"type":"LineString","coordinates":[[2.0,76.74],[2.25,77.16],[3.08,77.5],[5.25,77.83],[9.5,77.86],[13.01,77.5],[4.75,76.63],[2.0,76.74]]}},{"type":"Feature","properties":{"level":984},"geometry":{"type":"LineString","coordinates":[[180.0,-86.54],[165.25,-86.09],[158.25,-85.32],[157.4,-85.0],[159.7,-84.75],[155.5,-84.54],[156.53,-84.0],[156.55,-83.75],[153.5,-83.35],[152.61,-82.75],[152.81,-82.5],[150.14,-81.75],[150.36,-81.5],[149.66,-81.25],[151.0,-80.6],[152.75,-80.29],[154.75,-80.42],[155.63,-80.25],[155.72,-79.75],[154.96,-79.5],[155.74,-79.25],[154.78,-79.0],[155.01,-78.75],[158.28,-78.5],[158.67,-77.75],[159.47,-77.5],[159.06,-77.25],[159.17,-77.0],[158.26,-76.75],[158.33,-76.25],[157.06,-75.75],[157.22,-75.5],[158.5,-75.11],[161.49,-74.75],[162.5,-74.26],[161.71,-73.75],[161.48,-73.25],[161.75,-72.98],[162.26,-73.0],[162.23,-72.75],[162.0,-72.52],[161.25,-72.49],[160.68,-72.0],[160.68,-71.75],[157.5,-70.38],[151.5,-69.38],[150.0,-68.93],[146.74,-68.75],[147.37,-68.25],[147.0,-67.75],[149.25,-66.43],[151.5,-65.6],[159.75,-63.34],[162.25,-62.12],[166.77,-58.5],[172.38,-55.25],[175.5,-54.3],[180.0,-53.61]]}},{"type":"Feature","properties":{"level":984},"geometry":{"type":"LineString","coordinates":[[166.2,-85.75],[168.75,-85.85],[171.68,-85.5],[169.25,-85.23],[166.2,-85.75]]}},{"type":"Feature","properties":{"level":984},"geometry":{"type":"LineString","coordinates":[[176.96,-85.5],[179.15,-85.5],[176.96,-85.5]]}},{"type":"Feature","properties":{"level":984},"geometry":{"type":"LineString","coordinates":[[157.25,-84.0],[159.01,-84.0],[158.5,-83.72],[157.25,-84.0]]}},{"type":"Feature","properties":{"level":984},"geometry":{"type":"LineString","coordinates":[[-97.56,-80.5],[-95.61,-80.5],[-97.56,-80.5]]}},{"type":"Feature","properties":{"level":984},"geometry":{"type":"LineString","coordinates":[[13.5,-80.5],[6.25,-80.01],[-18.79,-79.0],[-20.0,-78.15],[-23.86,-78.25],[-25.43,-77.75],[-23.0,-77.21],[-18.75,-76.96],[-18.21,-76.75],[-18.21,-76.5],[-19.5,-76.39],[-27.25,-76.46],[-34.0,-77.5],[-35.0,-77.85],[-35.0,-77.37],[-35.61,-77.0],[-42.5,-74.26],[-44.41,-73.25],[-46.23,-71.5],[-46.65,-69.75],[-46.36,-68.75],[-45.58,-67.5],[-43.48,-65.5],[-36.08,-60.75],[-32.5,-59.37],[-28.75,-58.69],[-21.75,-58.61],[-15.5,-59.0],[-10.5,-59.71],[-5.01,-61.0],[5.5,-64.03],[8.65,-65.5],[9.43,-66.25],[9.86,-67.25],[9.46,-68.0],[8.7,-68.5],[5.25,-69.9],[1.0,-70.95],[-5.0,-71.74],[-6.36,-72.25],[-6.93,-73.0],[-8.25,-73.11],[-10.0,-74.0],[-9.98,-74.25],[-12.25,-74.99],[-12.58,-75.25],[-12.35,-75.5],[-9.75,-75.89],[-3.86,-76.0],[-3.79,-76.25],[-5.87,-76.5],[-5.5,-76.63],[1.5,-76.69],[7.25,-77.25],[11.5,-78.05],[17.25,-79.52],[20.43,-80.0],[19.52,-80.25],[13.5,-80.5]]}},{"type":"Feature","properties":{"level":984},"geometry":{"type":"LineString","coordinates":[[-34.75,-78.5],[-31.94,-78.25],[-33.0,-78.54],[-34.75,-78.5]]}},{"type":"Feature","properties":{"level":984},"geometry":{"type":"LineString","coordinates":[[-81.25,-77.03],[-81.25,-76.88],[-80.25,-76.72],[-78.93,-77.0],[-79.25,-77.24],[-81.25,-77.03]]}},{"type":"Feature","properties":{"level":984},"geometry":{"type":"LineString","coordinates":[[66.75,-73.54],[66.21,-73.25],[66.14,-72.75],[67.15,-71.0],[66.25,-70.75],[65.85,-70.25],[67.31,-69.5],[67.52,-68.75],[67.25,-68.63],[64.25,-68.09],[62.5,-68.41],[58.5,-67.65],[55.97,-67.5],[55.43,-67.0],[55.59,-66.5],[54.0,-66.09],[51.0,-66.44],[50.83,-66.5],[51.04,-67.0],[50.75,-67.19],[49.25,-67.28],[48.25,-67.61],[46.5,-67.37],[44.75,-67.57],[44.52,-67.5],[44.46,-67.0],[43.74,-66.75],[39.0,-65.87],[37.0,-65.14],[35.57,-64.0],[35.22,-63.25],[35.27,-62.5],[37.25,-60.6],[41.74,-58.75],[50.0,-57.54],[52.98,-56.25],[54.25,-56.04],[57.5,-56.51],[58.53,-57.0],[59.52,-58.5],[61.06,-59.75],[61.14,-60.25],[60.61,-61.75],[60.62,-62.25],[61.0,-62.6],[64.0,-62.63],[67.25,-61.91],[70.21,-60.5],[75.75,-56.25],[85.84,-50.25],[91.5,-46.13],[93.5,-45.29],[97.77,-44.0],[97.5,-43.71],[100.25,-43.55],[103.0,-43.69],[107.5,-44.78],[109.25,-45.49],[111.0,-46.67],[113.43,-49.5],[118.65,-57.25],[123.04,-61.5],[123.83,-63.75],[123.38,-65.0],[122.0,-65.88],[119.5,-66.85],[116.25,-67.56],[104.25,-68.82],[101.0,-69.59],[94.5,-69.49],[90.5,-68.87],[86.75,-68.69],[83.0,-69.02],[79.75,-69.73],[78.25,-70.3],[76.74,-70.5],[75.6,-71.25],[73.25,-72.06],[72.03,-72.75],[71.0,-72.94],[70.0,-72.7],[68.25,-73.58],[66.75,-73.54]]}},{"type":"Feature","properties":{"level":984},"geometry":{"type":"LineString","coordinates":[[32.5,-68.27],[31.81,-68.0],[31.76,-67.5],[34.5,-67.07],[35.51,-67.5],[35.84,-68.0],[35.8,-68.25],[35.0,-68.38],[32.5,-68.27]]}},{"type":"Feature","properties":{"level":984},"geometry":{"type":"LineString","coordinates":[[44.5,-67.76],[44.5,-67.51],[44.5,-67.76]]}},{"type":"Feature","properties":{"level":984},"geometry":{"type":"LineString","coordinates":[[146.25,-67.77],[146.99,-67.75],[146.25,-67.77]]}},{"type":"Feature","properties":{"level":984},"geometry":{"type":"LineString","coordinates":[[-180.0,-53.61],[-172.25,-52.67],[-164.5,-50.54],[-160.5,-50.84],[-156.5,-51.87],[-150.25,-54.04],[-145.75,-55.74],[-139.25,-58.61],[-137.5,-59.13],[-133.0,-59.75],[-126.0,-60.01],[-115.5,-60.83],[-112.5,-60.94],[-109.75,-60.37],[-106.5,-61.27],[-101.25,-63.38],[-97.82,-64.25],[-84.5,-65.74],[-78.28,-66.75],[-76.08,-67.5],[-75.0,-68.15],[-72.04,-71.25],[-70.14,-71.75],[-72.25,-73.05],[-75.32,-74.0],[-75.0,-74.25],[-72.5,-74.75],[-68.25,-75.11],[-66.75,-74.98],[-65.1,-74.5],[-63.89,-74.5],[-64.05,-74.75],[-67.0,-75.75],[-69.5,-75.82],[-69.75,-76.01],[-70.28,-75.75],[-78.0,-74.96],[-81.5,-75.62],[-83.75,-76.75],[-86.69,-77.0],[-84.86,-78.5],[-85.25,-78.8],[-86.39,-79.0],[-86.55,-79.25],[-85.93,-79.5],[-86.24,-79.75],[-88.75,-80.31],[-94.5,-80.86],[-98.62,-82.25],[-102.48,-83.0],[-103.57,-83.75],[-106.23,-84.25],[-101.02,-84.75],[-113.23,-85.25],[-113.06,-85.5],[-112.5,-85.57],[-106.18,-85.75],[-106.19,-86.0],[-108.69,-86.5],[-142.25,-87.64],[-165.5,-87.54],[-170.25,-87.33],[-171.83,-87.0],[-171.59,-86.75],[-169.5,-86.58],[-164.54,-86.75],[-165.84,-86.5],[-164.75,-86.47],[-164.0,-86.72],[-162.25,-86.66],[-160.48,-86.25],[-161.5,-86.06],[-171.75,-85.88],[-178.07,-86.25],[-177.23,-86.5],[-180.0,-86.54]]}},{"type":"Feature","properties":{"level":984},"geometry":{"type":"LineString","coordinates":[[-100.25,12.78],[-100.45,13.0],[-100.25,13.11],[-100.25,12.78]]}},{"type":"Feature","properties":{"level":984},"geometry":{"type":"LineString","coordinates":[[141.0,13.72],[140.91,14.25],[141.5,14.53],[141.51,14.0],[141.0,13.72]]}},{"type":"Feature","properties":{"level":984},"geometry":{"type":"LineString","coordinates":[[90.5,21.7],[90.38,22.25],[91.0,22.3],[90.94,21.75],[90.5,21.7]]}},{"type":"Feature","properties":{"level":984},"geometry":{"type":"LineString","coordinates":[[2.5,75.74],[0.0,76.14],[-0.5,76.34],[-1.07,77.0],[0.5,77.8],[8.81,79.5],[10.5,79.66],[13.75,78.46],[15.75,78.34],[16.03,78.0],[17.25,77.52],[20.5,78.48],[24.25,78.47],[31.25,78.05],[34.5,77.25],[35.5,76.75],[32.25,76.23],[25.0,76.14],[20.0,76.36],[17.25,76.99],[16.5,76.6],[14.75,76.34],[2.5,75.74]]}},{"type":"Feature","properties":{"level":984},"geometry":{"type":"LineString","coordinates":[[180.0,81.84],[171.31,79.5],[163.0,77.78],[157.39,77.0],[152.25,76.8],[147.23,76.25],[144.15,75.25],[128.5,72.13],[126.0,72.07],[123.75,72.32],[120.75,72.86],[117.81,73.75],[115.24,75.75],[114.28,77.5],[114.75,78.06],[117.04,79.25],[121.25,80.43],[141.75,83.38],[158.5,84.82],[169.0,85.26],[180.0,85.4]]}},{"type":"Feature","properties":{"level":984},"geometry":{"type":"LineString","coordinates":[[-180.0,85.4],[-168.84,85.25],[-165.07,85.0],[-164.4,84.75],[-166.15,84.25],[-176.25,82.93],[-180.0,81.84]]}},{"type":"Feature","properties":{"level":988},"geometry":{"type":"LineString","coordinates":[[180.0,-88.18],[150.5,-88.03],[146.97,-87.75],[146.0,-87.43],[145.67,-87.25],[145.69,-87.0],[146.6,-86.5],[151.5,-85.82],[152.48,-85.5],[150.41,-84.75],[150.23,-84.5],[150.9,-84.0],[149.75,-83.5],[149.89,-82.75],[149.58,-82.5],[147.97,-82.0],[147.74,-81.75],[148.2,-81.5],[147.93,-81.25],[148.11,-81.0],[149.0,-80.45],[150.0,-80.19],[152.5,-79.84],[154.75,-80.05],[153.4,-79.0],[153.75,-78.53],[155.75,-78.23],[157.5,-78.46],[157.94,-78.25],[157.91,-77.5],[158.53,-77.25],[156.34,-76.75],[156.85,-76.5],[156.55,-76.25],[156.68,-76.0],[155.61,-75.5],[156.5,-75.1],[161.25,-74.48],[162.05,-74.25],[162.06,-74.0],[161.61,-73.75],[160.42,-72.25],[159.9,-72.0],[159.75,-71.47],[158.75,-71.52],[156.5,-70.55],[151.75,-70.17],[148.78,-69.25],[146.25,-68.99],[144.5,-68.46],[143.0,-68.59],[142.63,-68.25],[143.87,-68.0],[143.44,-67.25],[138.21,-66.5],[139.75,-65.95],[147.0,-65.18],[156.0,-62.96],[161.5,-60.55],[165.25,-58.03],[171.95,-54.25],[174.75,-53.4],[180.0,-52.46]]}},{"type":"Feature","properties":{"level":988},"geometry":{"type":"LineString","coordinates":[[-173.72,-86.25],[-171.67,-86.25],[-173.72,-86.25]]}},{"type":"Feature","properties":{"level":988},"geometry":{"type":"LineString","coordinates":[[-164.8,-86.25],[-162.25,-86.46],[-160.87,-86.25],[-164.8,-86.25]]}},{"type":"Feature","properties":{"level":988},"geometry":{"type":"LineString","coordinates":[[-169.22,-86.0],[-168.07,-86.0],[-169.22,-86.0]]}},{"type":"Feature","properties":{"level":988},"geometry":{"type":"LineString","coordinates":[[-57.75,-84.02],[-57.77,-83.75],[-57.25,-83.59],[-55.62,-83.5],[-56.25,-83.69],[-56.43,-84.0],[-57.75,-84.02]]}},{"type":"Feature","properties":{"level":988},"geometry":{"type":"LineString","coordinates":[[-53.25,-82.54],[-51.75,-82.33],[-50.67,-82.5],[-53.25,-82.54]]}},{"type":"Feature","properties":{"level":988},"geometry":{"type":"LineString","coordinates":[[-43.0,-82.52],[-43.23,-82.5],[-42.56,-82.0],[-42.75,-81.81],[-43.26,-81.5],[-45.45,-81.0],[-45.12,-80.75],[-45.46,-80.5],[-49.75,-80.54],[-51.3,-80.75],[-52.44,-81.25],[-61.5,-81.67],[-67.75,-81.31],[-71.25,-81.37],[-71.76,-81.25],[-71.98,-80.75],[-70.74,-80.0],[-68.5,-79.14],[-56.5,-77.1],[-54.25,-76.16],[-54.03,-76.0],[-54.31,-75.0],[-53.09,-74.25],[-52.97,-72.75],[-49.5,-68.5],[-46.8,-66.0],[-38.75,-60.5],[-35.78,-59.0],[-32.99,-58.0],[-30.25,-57.7],[-23.75,-57.52],[-17.0,-57.7],[-13.25,-58.07],[-9.0,-58.86],[4.75,-62.3],[14.27,-65.25],[17.75,-66.93],[19.5,-66.85],[25.0,-65.63],[27.75,-65.58],[29.5,-65.1],[30.75,-64.35],[33.45,-61.75],[35.75,-60.11],[39.75,-58.05],[42.75,-56.91],[46.5,-56.72],[54.5,-55.39],[57.5,-55.53],[60.0,-56.0],[61.52,-57.25],[64.08,-58.0],[65.65,-59.25],[67.0,-59.32],[68.5,-58.92],[70.75,-57.82],[83.25,-50.55],[90.16,-45.75],[95.56,-43.75],[96.5,-42.98],[98.75,-42.71],[101.75,-42.68],[107.5,-43.8],[109.75,-44.68],[111.76,-46.0],[116.53,-50.5],[120.13,-56.25],[124.15,-60.25],[125.4,-62.25],[125.87,-64.25],[125.5,-65.0],[124.23,-66.0],[121.75,-67.22],[119.5,-67.66],[105.25,-69.68],[102.75,-70.24],[98.25,-70.1],[90.25,-69.37],[83.5,-69.63],[80.0,-70.38],[79.5,-70.81],[78.33,-71.0],[76.5,-71.95],[74.91,-72.25],[75.1,-72.75],[74.75,-73.06],[70.25,-74.14],[67.25,-74.31],[65.25,-73.82],[64.66,-73.5],[64.62,-73.25],[65.03,-73.0],[65.75,-71.25],[65.15,-71.0],[64.75,-70.37],[61.25,-69.42],[60.0,-68.7],[56.5,-68.32],[54.5,-67.83],[54.28,-67.75],[54.74,-67.5],[54.64,-67.25],[53.5,-67.1],[52.5,-67.16],[51.83,-67.5],[51.75,-67.76],[50.25,-67.78],[49.65,-68.25],[49.0,-68.36],[47.0,-68.12],[43.25,-68.39],[42.93,-68.5],[43.52,-69.0],[43.34,-69.75],[42.55,-70.25],[39.5,-70.85],[38.5,-70.78],[37.75,-70.24],[35.5,-69.98],[28.25,-71.37],[26.39,-71.5],[26.5,-71.75],[26.25,-71.79],[25.25,-71.39],[17.25,-70.63],[13.25,-70.47],[12.25,-70.77],[8.75,-70.63],[3.92,-71.25],[2.75,-71.69],[-0.51,-72.25],[-5.0,-72.44],[-5.65,-72.75],[-6.02,-73.5],[-7.15,-73.75],[-6.9,-74.0],[-9.25,-74.75],[-8.0,-75.13],[1.0,-75.16],[6.5,-76.01],[12.25,-76.14],[15.5,-76.97],[18.0,-77.2],[27.69,-79.0],[31.58,-80.0],[31.62,-80.25],[31.0,-80.83],[29.5,-81.13],[16.25,-81.17],[-14.75,-79.72],[-18.5,-79.81],[-20.0,-80.18],[-23.0,-80.47],[-24.25,-80.33],[-27.0,-80.81],[-32.0,-80.77],[-34.38,-81.25],[-40.93,-81.75],[-41.66,-82.25],[-43.0,-82.52]]}},{"type":"Feature","properties":{"level":988},"geometry":{"type":"LineString","coordinates":[[-48.75,-82.36],[-48.75,-82.2],[-47.75,-82.04],[-46.99,-82.25],[-48.75,-82.36]]}},{"type":"Feature","properties":{"level":988},"geometry":{"type":"LineString","coordinates":[[-51.5,-81.26],[-51.66,-81.25],[-50.3,-81.25],[-51.5,-81.26]]}},{"type":"Feature","properties":{"level":988},"geometry":{"type":"LineString","coordinates":[[-49.25,-81.27],[-49.05,-81.25],[-49.25,-81.27]]}},{"type":"Feature","properties":{"level":988},"geometry":{"type":"LineString","coordinates":[[-71.06,-81.0],[-70.0,-81.11],[-69.47,-81.0],[-69.43,-80.75],[-70.5,-80.73],[-71.06,-81.0]]}},{"type":"Feature","properties":{"level":988},"geometry":{"type":"LineString","coordinates":[[-70.25,-79.05],[-70.0,-78.69],[-68.19,-78.5],[-68.5,-78.87],[-69.25,-79.12],[-70.25,-79.05]]}},{"type":"Feature","properties":{"level":988},"geometry":{"type":"LineString","coordinates":[[-180.0,-52.46],[-173.5,-51.66],[-166.25,-49.81],[-163.5,-49.65],[-161.0,-49.91],[-157.75,-50.62],[-154.0,-51.81],[-141.25,-56.72],[-137.0,-58.1],[-133.75,-58.61],[-128.75,-58.7],[-116.5,-59.78],[-112.5,-59.93],[-109.75,-59.63],[-105.0,-60.74],[-100.0,-62.37],[-97.0,-63.03],[-76.28,-66.0],[-72.61,-67.25],[-71.71,-68.0],[-71.5,-68.76],[-71.25,-69.0],[-70.49,-69.0],[-70.25,-69.43],[-69.75,-69.58],[-69.25,-70.46],[-67.5,-71.42],[-66.25,-71.56],[-66.08,-71.75],[-67.07,-72.0],[-67.11,-72.25],[-66.21,-72.75],[-67.92,-73.25],[-68.52,-73.75],[-68.27,-74.0],[-67.0,-74.14],[-64.5,-73.59],[-64.37,-73.0],[-63.54,-72.5],[-63.99,-71.75],[-63.23,-71.25],[-63.61,-71.0],[-62.88,-70.5],[-63.32,-70.25],[-63.31,-70.0],[-63.0,-69.86],[-62.75,-69.84],[-62.67,-70.25],[-61.26,-71.25],[-61.4,-71.5],[-61.1,-71.75],[-61.35,-72.0],[-60.87,-72.25],[-61.28,-72.5],[-60.7,-73.0],[-61.6,-73.25],[-61.5,-73.75],[-62.04,-74.25],[-64.92,-75.25],[-65.25,-75.59],[-67.75,-76.18],[-69.8,-76.25],[-75.72,-77.25],[-76.27,-77.5],[-75.25,-77.66],[-75.03,-78.0],[-78.0,-78.54],[-78.75,-78.95],[-81.07,-79.25],[-81.06,-79.5],[-80.75,-79.59],[-77.16,-79.75],[-77.5,-79.89],[-79.5,-79.85],[-80.08,-80.25],[-81.75,-80.32],[-83.25,-79.9],[-84.25,-79.88],[-86.25,-80.36],[-92.31,-81.0],[-93.6,-81.25],[-92.25,-81.65],[-89.26,-81.5],[-91.25,-82.11],[-94.83,-82.75],[-95.75,-83.22],[-98.5,-83.38],[-99.7,-83.75],[-93.0,-84.57],[-90.78,-85.25],[-91.77,-85.5],[-99.25,-84.99],[-108.91,-85.25],[-103.18,-85.75],[-104.25,-86.27],[-106.75,-86.64],[-120.5,-87.27],[-129.75,-87.97],[-180.0,-88.18]]}},{"type":"Feature","properties":{"level":988},"geometry":{"type":"LineString","coordinates":[[122.25,-50.02],[121.0,-49.62],[119.84,-48.5],[119.56,-46.0],[120.0,-45.05],[120.5,-45.15],[122.25,-46.39],[124.22,-48.5],[124.43,-49.5],[124.0,-50.01],[123.5,-50.23],[122.25,-50.02]]}},{"type":"Feature","properties":{"level":988},"geometry":{"type":"LineString","coordinates":[[-100.25,12.69],[-100.55,13.0],[-100.25,13.19],[-100.08,13.0],[-100.25,12.69]]}},{"type":"Feature","properties":{"level":988},"geometry":{"type":"LineString","coordinates":[[140.75,13.67],[140.67,14.25],[141.0,14.6],[141.5,14.67],[141.7,14.0],[141.25,13.67],[140.75,13.67]]}},{"type":"Feature","properties":{"level":988},"geometry":{"type":"LineString","coordinates":[[90.5,21.61],[90.24,22.25],[91.0,22.46],[91.08,21.75],[90.5,21.61]]}},{"type":"Feature","properties":{"level":988},"geometry":{"type":"LineString","coordinates":[[-56.0,63.97],[-55.25,64.38],[-54.88,64.25],[-56.0,63.97]]}},{"type":"Feature","properties":{"level":988},"geometry":{"type":"LineString","coordinates":[[2.0,75.24],[-1.78,75.75],[-2.73,76.25],[-3.46,77.0],[-3.0,77.7],[-2.43,78.0],[1.63,79.25],[6.75,80.03],[12.5,80.34],[16.75,80.01],[17.5,79.7],[17.64,79.5],[17.04,79.25],[17.75,78.91],[20.25,79.33],[22.75,79.37],[33.49,78.75],[38.5,77.61],[39.05,77.25],[39.34,76.5],[38.75,76.03],[37.71,75.75],[33.5,75.35],[20.75,75.56],[6.5,75.16],[2.0,75.24]]}},{"type":"Feature","properties":{"level":988},"geometry":{"type":"LineString","coordinates":[[180.0,79.46],[163.75,76.45],[150.44,74.5],[133.5,71.59],[131.5,71.2],[130.54,70.5],[130.0,70.42],[127.75,70.8],[124.25,70.16],[122.25,70.85],[121.75,71.26],[114.0,72.73],[110.25,73.76],[108.39,74.75],[110.88,75.5],[110.91,75.75],[109.62,76.25],[108.63,77.0],[108.48,78.0],[109.03,78.75],[111.5,80.16],[115.0,81.64],[120.0,83.09],[125.25,84.26],[135.25,85.59],[146.25,86.42],[161.0,86.93],[180.0,87.12]]}},{"type":"Feature","properties":{"level":988},"geometry":{"type":"LineString","coordinates":[[73.25,81.74],[69.25,82.04],[66.58,82.75],[66.67,83.0],[68.0,83.35],[72.5,83.52],[76.0,83.11],[77.44,82.75],[77.54,82.5],[77.46,82.25],[76.0,81.8],[74.25,81.91],[73.25,81.74]]}},{"type":"Feature","properties":{"level":988},"geometry":{"type":"LineString","coordinates":[[-180.0,87.12],[-165.75,87.01],[-149.5,86.57],[-140.5,85.99],[-136.61,85.5],[-136.15,85.25],[-138.15,84.5],[-142.9,83.75],[-167.25,81.28],[-180.0,79.46]]}},{"type":"Feature","properties":{"level":992},"geometry":{"type":"LineString","coordinates":[[180.0,-88.53],[155.0,-88.85],[145.5,-88.4],[139.6,-87.75],[139.44,-87.25],[141.15,-86.5],[146.64,-85.25],[146.94,-84.0],[146.39,-83.5],[147.1,-82.75],[145.26,-82.0],[145.17,-81.75],[145.75,-81.5],[145.49,-81.0],[148.5,-79.89],[151.7,-79.5],[151.72,-78.75],[152.25,-78.25],[155.16,-77.5],[155.3,-77.25],[154.61,-76.75],[154.85,-76.5],[154.72,-76.25],[153.83,-75.75],[153.77,-75.5],[156.0,-74.6],[159.75,-73.99],[160.75,-74.29],[161.89,-74.0],[161.0,-73.24],[160.23,-73.0],[160.3,-72.75],[158.63,-72.5],[157.51,-71.5],[156.24,-71.0],[149.5,-70.46],[145.0,-69.32],[142.5,-69.06],[141.65,-68.75],[140.5,-67.79],[135.22,-66.5],[134.22,-66.0],[136.75,-65.31],[146.75,-63.94],[151.72,-62.75],[156.37,-60.75],[160.63,-59.25],[171.5,-53.5],[175.25,-52.34],[180.0,-51.35]]}},{"type":"Feature","properties":{"level":992},"geometry":{"type":"LineString","coordinates":[[-163.25,-86.25],[-161.32,-86.25],[-163.25,-86.25]]}},{"type":"Feature","properties":{"level":992},"geometry":{"type":"LineString","coordinates":[[-26.19,-81.25],[-23.0,-81.42],[-19.26,-81.25],[-22.5,-80.93],[-26.53,-81.0],[-26.19,-81.25]]}},{"type":"Feature","properties":{"level":992},"geometry":{"type":"LineString","coordinates":[[-15.83,-80.5],[-14.54,-80.5],[-15.83,-80.5]]}},{"type":"Feature","properties":{"level":992},"geometry":{"type":"LineString","coordinates":[[-13.02,-80.5],[-11.07,-80.5],[-12.0,-80.25],[-13.02,-80.5]]}},{"type":"Feature","properties":{"level":992},"geometry":{"type":"LineString","coordinates":[[156.4,-78.0],[157.25,-78.18],[157.64,-78.0],[157.5,-77.72],[157.0,-77.6],[156.44,-77.75],[156.4,-78.0]]}},{"type":"Feature","properties":{"level":992},"geometry":{"type":"LineString","coordinates":[[73.25,-75.51],[72.92,-75.25],[73.5,-74.96],[75.82,-75.0],[75.5,-75.38],[73.25,-75.51]]}},{"type":"Feature","properties":{"level":992},"geometry":{"type":"LineString","coordinates":[[72.25,-75.26],[70.93,-75.0],[72.67,-75.0],[72.25,-75.26]]}},{"type":"Feature","properties":{"level":992},"geometry":{"type":"LineString","coordinates":[[-4.72,-73.5],[-3.5,-73.36],[-3.02,-73.0],[-4.25,-72.87],[-4.75,-73.25],[-4.72,-73.5]]}},{"type":"Feature","properties":{"level":992},"geometry":{"type":"LineString","coordinates":[[-65.99,-70.0],[-65.25,-70.04],[-64.57,-69.75],[-66.25,-69.6],[-66.38,-69.75],[-65.99,-70.0]]}},{"type":"Feature","properties":{"level":992},"geometry":{"type":"LineString","coordinates":[[-67.75,-67.88],[-67.87,-67.75],[-67.75,-67.88]]}},{"type":"Feature","properties":{"level":992},"geometry":{"type":"LineString","coordinates":[[-180.0,-51.35],[-173.0,-50.29],[-167.25,-48.95],[-164.0,-48.83],[-161.25,-49.07],[-155.0,-50.57],[-148.78,-53.0],[-138.0,-56.66],[-133.75,-57.37],[-125.5,-57.46],[-114.5,-58.82],[-110.5,-58.68],[-108.5,-58.98],[-95.25,-62.28],[-85.5,-63.83],[-74.5,-65.26],[-71.86,-66.0],[-69.16,-67.5],[-68.5,-67.52],[-67.65,-68.25],[-67.5,-68.67],[-66.5,-69.22],[-66.28,-69.0],[-66.49,-68.5],[-66.3,-68.0],[-65.83,-67.75],[-65.75,-67.36],[-63.75,-66.56],[-63.08,-66.75],[-62.59,-67.25],[-61.25,-67.49],[-58.5,-67.35],[-54.75,-67.77],[-52.75,-67.12],[-48.75,-64.97],[-39.0,-58.92],[-36.5,-57.72],[-34.25,-57.06],[-31.5,-56.7],[-24.5,-56.58],[-14.25,-56.77],[-3.5,-58.96],[10.5,-62.28],[18.0,-63.29],[23.0,-63.16],[29.0,-61.74],[37.5,-57.66],[43.25,-55.83],[58.0,-54.22],[59.75,-54.54],[62.89,-56.0],[64.5,-56.41],[67.0,-56.84],[69.0,-56.61],[71.75,-55.57],[80.0,-51.2],[84.45,-48.5],[86.75,-46.64],[89.0,-45.22],[96.25,-42.09],[98.75,-41.69],[100.75,-41.74],[106.75,-42.59],[110.09,-43.75],[114.25,-46.32],[115.75,-46.93],[116.75,-46.67],[117.5,-46.09],[119.75,-42.72],[121.0,-42.36],[121.59,-42.5],[123.0,-43.65],[123.21,-44.0],[122.99,-44.25],[123.69,-45.5],[126.75,-48.68],[127.32,-49.75],[127.45,-50.5],[127.2,-51.0],[125.5,-51.68],[122.85,-52.0],[121.68,-53.0],[121.35,-53.75],[122.67,-56.5],[126.11,-60.0],[127.63,-62.0],[128.73,-64.0],[128.85,-64.75],[128.29,-65.75],[127.75,-66.16],[118.25,-68.69],[111.75,-69.77],[110.5,-70.37],[107.0,-70.6],[100.25,-70.55],[91.0,-69.84],[84.0,-70.14],[81.0,-70.9],[79.22,-71.75],[79.0,-72.06],[76.76,-72.5],[76.75,-72.82],[78.54,-72.75],[78.0,-72.81],[77.5,-73.33],[70.75,-74.69],[67.25,-74.8],[65.25,-74.34],[63.23,-73.25],[64.01,-72.5],[64.01,-72.0],[64.48,-71.5],[63.5,-70.43],[58.75,-69.13],[55.0,-68.84],[54.25,-68.4],[53.54,-68.5],[53.0,-69.01],[52.0,-68.94],[50.25,-69.44],[49.5,-69.43],[49.0,-69.16],[48.25,-69.35],[48.52,-69.0],[48.0,-68.79],[45.0,-68.89],[44.47,-69.0],[43.6,-70.0],[42.25,-70.64],[38.5,-71.51],[37.4,-71.5],[35.75,-70.86],[34.75,-70.78],[33.72,-71.0],[33.25,-71.36],[30.75,-71.57],[27.25,-72.29],[22.5,-72.29],[22.0,-72.1],[21.5,-72.42],[20.0,-72.36],[19.25,-72.08],[18.25,-72.08],[18.0,-71.78],[16.25,-72.16],[16.0,-71.75],[14.96,-72.0],[14.0,-71.45],[12.25,-71.82],[10.25,-71.3],[9.8,-71.5],[10.5,-71.72],[10.25,-71.86],[1.5,-72.46],[-2.75,-73.41],[-5.7,-74.5],[-5.51,-74.75],[-4.75,-74.83],[-2.0,-74.65],[0.25,-74.78],[1.5,-74.57],[7.75,-75.17],[15.46,-75.25],[19.13,-76.0],[25.55,-78.0],[32.75,-79.45],[33.39,-79.75],[33.5,-80.5],[31.5,-81.58],[30.25,-81.86],[24.75,-82.09],[11.0,-81.55],[1.75,-81.47],[-8.5,-80.89],[-16.0,-81.04],[-18.0,-81.55],[-20.75,-81.83],[-27.5,-81.75],[-34.91,-82.25],[-37.0,-82.5],[-43.75,-84.04],[-47.25,-83.79],[-47.5,-83.5],[-48.25,-83.32],[-52.5,-83.42],[-54.21,-83.75],[-54.25,-84.17],[-53.68,-84.25],[-55.0,-84.6],[-64.25,-84.85],[-67.25,-85.16],[-72.25,-85.06],[-75.27,-84.75],[-75.65,-84.5],[-74.54,-84.25],[-75.25,-84.01],[-89.5,-83.46],[-89.89,-83.5],[-87.62,-84.0],[-88.09,-84.25],[-88.0,-84.59],[-89.52,-84.75],[-89.46,-85.0],[-88.69,-85.25],[-88.81,-85.5],[-92.75,-85.68],[-97.5,-85.19],[-101.92,-85.25],[-98.93,-86.0],[-98.76,-86.25],[-99.45,-86.5],[-98.73,-86.75],[-98.72,-87.0],[-109.55,-87.5],[-109.48,-88.0],[-131.09,-88.5],[-180.0,-88.53]]}},{"type":"Feature","properties":{"level":992},"geometry":{"type":"LineString","coordinates":[[-100.5,12.72],[-100.63,13.0],[-100.25,13.28],[-100.09,12.75],[-100.5,12.72]]}},{"type":"Feature","properties":{"level":992},"geometry":{"type":"LineString","coordinates":[[141.0,13.46],[140.43,13.75],[140.31,14.25],[141.0,14.95],[141.5,14.96],[141.92,14.5],[141.92,14.0],[141.5,13.56],[141.0,13.46]]}},{"type":"Feature","properties":{"level":992},"geometry":{"type":"LineString","coordinates":[[90.75,21.46],[90.06,22.0],[90.25,22.44],[90.75,22.65],[91.17,22.5],[91.33,22.0],[90.75,21.46]]}},{"type":"Feature","properties":{"level":992},"geometry":{"type":"LineString","coordinates":[[-59.0,63.3],[-59.19,63.5],[-58.92,63.75],[-55.5,66.01],[-55.38,66.75],[-56.36,67.5],[-56.26,68.0],[-55.25,68.57],[-53.0,69.26],[-49.75,69.47],[-48.51,68.25],[-49.37,67.25],[-47.2,66.75],[-46.79,66.5],[-46.75,66.0],[-45.75,65.25],[-45.75,64.98],[-47.25,64.94],[-47.4,65.0],[-47.13,65.25],[-47.23,65.5],[-47.5,65.51],[-49.5,64.95],[-52.25,65.41],[-52.87,65.0],[-53.07,64.5],[-54.25,63.77],[-56.0,63.36],[-59.0,63.3]]}},{"type":"Feature","properties":{"level":992},"geometry":{"type":"LineString","coordinates":[[-40.0,67.45],[-40.75,68.12],[-39.5,68.05],[-38.91,67.75],[-40.0,67.45]]}},{"type":"Feature","properties":{"level":992},"geometry":{"type":"LineString","coordinates":[[-41.0,68.27],[-41.53,68.75],[-41.42,69.0],[-40.5,69.06],[-39.74,68.75],[-41.0,68.27]]}},{"type":"Feature","properties":{"level":992},"geometry":{"type":"LineString","coordinates":[[5.0,74.5],[-0.25,74.76],[-3.75,75.32],[-6.0,76.22],[-6.74,77.0],[-6.84,77.5],[-6.25,78.13],[-4.88,78.75],[0.75,80.07],[8.5,80.83],[16.75,81.03],[30.0,80.13],[38.5,79.17],[42.61,78.25],[43.42,76.5],[42.83,76.0],[41.75,75.62],[38.25,74.95],[35.25,74.68],[29.0,74.55],[22.0,74.75],[11.25,74.44],[5.0,74.5]]}},{"type":"Feature","properties":{"level":992},"geometry":{"type":"LineString","coordinates":[[180.0,77.72],[161.25,74.49],[145.0,72.03],[139.7,71.0],[137.3,70.25],[133.25,69.91],[131.25,68.95],[130.0,69.06],[129.55,69.75],[129.0,69.83],[126.0,69.41],[123.25,68.66],[122.25,68.66],[115.25,70.35],[111.25,70.67],[108.28,71.5],[108.63,71.75],[107.97,72.25],[104.75,73.68],[103.2,74.75],[103.0,75.0],[103.19,75.75],[101.64,77.5],[101.95,78.25],[101.54,78.75],[101.73,79.0],[101.53,79.75],[102.45,80.5],[103.92,80.75],[104.64,82.5],[104.23,83.5],[102.75,84.52],[98.81,85.5],[96.5,85.8],[92.0,86.24],[86.25,86.39],[85.72,86.5],[86.7,86.75],[81.5,87.54],[54.86,88.75],[71.0,89.24],[67.61,89.5],[69.75,89.76],[75.0,89.82],[180.0,89.94]]}},{"type":"Feature","properties":{"level":992},"geometry":{"type":"LineString","coordinates":[[68.25,79.97],[68.22,80.25],[67.79,80.5],[65.39,81.0],[61.97,83.0],[63.25,83.64],[66.75,84.17],[75.25,84.39],[82.25,83.77],[83.45,83.25],[83.9,82.5],[83.62,82.0],[83.25,81.86],[78.0,80.84],[71.5,80.05],[68.25,79.97]]}},{"type":"Feature","properties":{"level":992},"geometry":{"type":"LineString","coordinates":[[-180.0,89.94],[-144.25,89.82],[-116.75,89.15],[-115.04,89.0],[-115.04,88.75],[-119.25,88.29],[-119.77,88.0],[-114.87,87.0],[-111.25,85.62],[-110.79,85.25],[-112.2,84.75],[-115.5,84.3],[-172.0,78.89],[-180.0,77.72]]}},{"type":"Feature","properties":{"level":996},"geometry":{"type":"LineString","coordinates":[[180.0,-89.2],[165.38,-89.5],[147.5,-89.33],[142.39,-89.0],[136.25,-88.16],[134.72,-87.75],[134.88,-87.25],[135.36,-87.0],[141.67,-85.25],[141.38,-85.0],[141.45,-84.75],[142.25,-84.49],[142.8,-84.0],[140.74,-83.25],[142.25,-83.0],[141.25,-82.93],[141.07,-82.5],[142.39,-81.5],[142.1,-81.0],[148.24,-79.25],[151.25,-77.25],[148.05,-75.5],[147.66,-74.5],[148.5,-73.55],[150.0,-73.13],[152.5,-73.96],[154.5,-74.13],[156.75,-74.03],[159.1,-73.25],[158.82,-73.0],[157.32,-72.75],[155.88,-71.75],[155.0,-71.52],[152.5,-71.61],[151.5,-71.37],[151.0,-71.76],[150.75,-71.36],[150.0,-71.88],[150.0,-71.38],[149.25,-71.84],[149.02,-71.75],[149.25,-71.4],[148.25,-71.86],[148.48,-71.5],[147.75,-71.21],[147.25,-71.31],[147.39,-71.0],[146.76,-71.0],[146.75,-70.7],[146.5,-70.81],[145.5,-70.24],[141.75,-69.52],[139.5,-68.38],[137.5,-67.81],[137.0,-67.43],[131.0,-66.73],[130.0,-67.34],[125.5,-67.56],[122.31,-68.75],[118.0,-69.72],[113.87,-70.25],[115.75,-70.76],[108.0,-71.05],[96.25,-70.85],[92.75,-70.22],[90.25,-70.25],[89.0,-70.74],[83.5,-70.86],[81.24,-71.75],[82.49,-72.75],[80.5,-73.4],[79.5,-74.08],[78.0,-74.19],[77.25,-74.52],[77.75,-74.83],[80.0,-75.14],[82.5,-74.39],[86.25,-74.2],[88.75,-75.39],[89.25,-75.27],[89.92,-76.0],[87.5,-76.38],[86.5,-76.01],[86.0,-76.23],[85.5,-75.93],[84.75,-76.12],[84.25,-75.75],[83.75,-76.04],[83.25,-75.51],[82.75,-75.8],[82.25,-75.45],[81.75,-75.7],[80.26,-75.75],[79.7,-76.0],[80.5,-76.08],[80.75,-75.86],[80.95,-76.0],[80.69,-76.25],[82.07,-76.75],[81.52,-77.0],[81.75,-77.46],[82.02,-77.5],[79.75,-77.77],[78.66,-77.75],[78.63,-77.5],[77.5,-76.87],[75.03,-76.75],[75.95,-76.5],[74.0,-76.21],[72.75,-76.38],[72.14,-76.0],[72.25,-75.74],[64.5,-74.81],[63.78,-74.25],[61.63,-73.25],[62.15,-73.0],[61.95,-72.75],[62.34,-72.25],[63.21,-71.75],[62.83,-70.5],[58.0,-69.69],[55.0,-69.73],[48.5,-70.62],[47.72,-70.25],[48.25,-70.0],[48.26,-69.75],[48.0,-69.72],[47.49,-70.0],[47.33,-70.5],[46.96,-70.75],[45.25,-70.85],[42.0,-71.62],[40.25,-71.71],[38.25,-72.4],[36.75,-72.12],[35.5,-72.4],[35.0,-72.07],[32.5,-72.5],[30.73,-72.5],[31.25,-72.76],[29.0,-72.43],[25.25,-72.37],[21.5,-72.67],[19.0,-72.39],[14.25,-72.47],[13.0,-72.05],[11.5,-71.97],[10.25,-72.35],[7.0,-72.23],[4.75,-72.6],[3.94,-72.5],[3.81,-72.75],[4.18,-73.0],[4.0,-73.31],[2.35,-73.25],[2.89,-73.5],[3.1,-74.25],[5.25,-74.7],[8.5,-74.93],[14.75,-74.9],[19.2,-75.5],[27.25,-77.89],[32.75,-79.14],[34.06,-79.75],[34.55,-80.25],[33.43,-82.0],[30.25,-82.51],[27.75,-82.58],[18.0,-82.07],[1.5,-81.84],[-3.5,-81.4],[-11.25,-81.18],[-12.81,-81.25],[-15.0,-82.03],[-17.0,-82.32],[-30.11,-83.0],[-32.02,-83.25],[-36.5,-84.38],[-40.75,-84.87],[-58.5,-85.59],[-65.0,-86.29],[-84.04,-87.5],[-115.0,-88.7],[-171.5,-88.95],[-180.0,-89.2]]}},{"type":"Feature","properties":{"level":996},"geometry":{"type":"LineString","coordinates":[[-2.52,-74.0],[-0.75,-74.12],[-0.27,-74.0],[-0.16,-73.75],[-2.0,-73.7],[-2.52,-74.0]]}},{"type":"Feature","properties":{"level":996},"geometry":{"type":"LineString","coordinates":[[160.1,-74.0],[161.65,-74.0],[160.5,-73.25],[159.5,-73.33],[159.42,-73.5],[160.1,-74.0]]}},{"type":"Feature","properties":{"level":996},"geometry":{"type":"LineString","coordinates":[[148.75,-72.86],[148.57,-72.75],[148.75,-72.58],[149.6,-72.25],[149.5,-72.64],[148.75,-72.86]]}},{"type":"Feature","properties":{"level":996},"geometry":{"type":"LineString","coordinates":[[44.23,-70.5],[45.5,-70.2],[46.97,-69.5],[47.02,-69.25],[45.25,-69.27],[43.44,-70.25],[43.5,-70.46],[44.23,-70.5]]}},{"type":"Feature","properties":{"level":996},"geometry":{"type":"LineString","coordinates":[[-124.09,-55.25],[-123.36,-55.25],[-123.75,-54.45],[-124.18,-54.5],[-124.3,-55.0],[-124.09,-55.25]]}},{"type":"Feature","properties":{"level":996},"geometry":{"type":"LineString","coordinates":[[-180.0,-50.27],[-168.5,-48.14],[-165.25,-47.94],[-162.0,-48.12],[-155.75,-49.47],[-139.38,-55.25],[-134.75,-55.99],[-131.0,-55.86],[-129.0,-55.5],[-128.45,-55.0],[-128.72,-54.5],[-128.46,-54.0],[-128.65,-53.0],[-128.25,-52.71],[-127.5,-52.72],[-122.96,-54.0],[-122.16,-54.5],[-122.5,-54.65],[-122.55,-55.0],[-122.12,-56.0],[-121.75,-56.16],[-120.75,-55.95],[-120.0,-56.42],[-116.0,-57.34],[-112.0,-57.44],[-107.75,-58.19],[-100.25,-60.16],[-92.25,-61.89],[-72.0,-64.74],[-68.75,-65.83],[-67.68,-66.5],[-67.68,-67.0],[-66.75,-67.27],[-60.5,-64.8],[-59.31,-65.0],[-59.5,-64.32],[-58.91,-65.0],[-58.5,-65.04],[-55.5,-64.61],[-52.75,-63.92],[-45.76,-61.0],[-42.25,-58.86],[-38.25,-56.86],[-35.75,-56.16],[-33.25,-55.78],[-25.5,-55.76],[-20.25,-55.47],[-12.5,-55.52],[-8.75,-56.57],[-2.49,-57.75],[8.34,-60.25],[15.0,-61.01],[18.25,-61.08],[22.0,-60.78],[29.75,-59.22],[36.75,-56.53],[42.0,-55.04],[56.75,-53.16],[60.0,-53.59],[64.5,-55.03],[68.0,-55.07],[70.5,-54.58],[73.5,-53.48],[81.5,-49.01],[87.5,-44.84],[93.18,-42.25],[94.25,-41.49],[97.5,-40.84],[103.0,-41.0],[107.25,-41.68],[110.5,-42.77],[113.5,-44.26],[115.25,-44.67],[116.5,-44.37],[119.25,-42.0],[120.5,-41.48],[121.75,-41.43],[123.25,-42.0],[124.32,-43.0],[127.0,-46.64],[129.52,-49.0],[129.67,-50.5],[129.23,-50.75],[129.21,-51.5],[128.3,-52.25],[126.87,-52.75],[125.71,-53.5],[125.2,-55.0],[125.45,-57.0],[129.42,-60.75],[130.44,-62.0],[133.0,-63.8],[134.25,-64.09],[138.25,-63.91],[148.5,-61.83],[153.86,-59.75],[160.18,-58.0],[171.5,-52.6],[175.75,-51.23],[180.0,-50.27]]}},{"type":"Feature","properties":{"level":996},"geometry":{"type":"LineString","coordinates":[[-24.25,-36.81],[-25.0,-36.64],[-25.98,-35.75],[-25.99,-34.5],[-25.25,-34.02],[-23.7,-34.25],[-22.75,-34.76],[-22.55,-36.0],[-22.78,-36.5],[-24.25,-36.81]]}},{"type":"Feature","properties":{"level":996},"geometry":{"type":"LineString","coordinates":[[-100.5,12.61],[-100.71,13.0],[-100.25,13.4],[-99.92,13.0],[-99.99,12.75],[-100.5,12.61]]}},{"type":"Feature","properties":{"level":996},"geometry":{"type":"LineString","coordinates":[[140.75,13.19],[140.0,13.61],[139.9,14.75],[140.5,15.41],[141.5,15.44],[142.27,14.75],[142.27,13.75],[142.0,13.31],[141.5,13.1],[140.75,13.19]]}},{"type":"Feature","properties":{"level":996},"geometry":{"type":"LineString","coordinates":[[90.25,21.49],[89.89,22.0],[90.0,22.54],[90.75,22.79],[91.44,22.5],[91.52,22.0],[91.19,21.5],[90.75,21.31],[90.25,21.49]]}},{"type":"Feature","properties":{"level":996},"geometry":{"type":"LineString","coordinates":[[-62.0,60.99],[-62.19,61.5],[-62.02,62.5],[-59.38,66.0],[-58.67,69.0],[-58.33,69.5],[-56.09,71.0],[-55.75,71.51],[-54.25,71.33],[-53.25,71.75],[-53.5,71.27],[-53.76,71.25],[-53.25,71.18],[-52.5,71.77],[-52.25,71.44],[-50.75,71.55],[-48.24,71.0],[-47.75,70.54],[-45.87,69.75],[-46.19,69.25],[-45.13,68.25],[-46.97,67.5],[-46.98,67.25],[-44.38,66.5],[-44.16,66.0],[-43.25,65.6],[-41.25,65.13],[-40.5,65.29],[-39.75,66.17],[-38.93,66.25],[-42.92,68.75],[-42.93,69.0],[-41.25,69.67],[-37.5,69.77],[-32.5,68.45],[-32.91,69.0],[-32.82,69.25],[-31.41,69.25],[-31.72,69.5],[-31.3,69.75],[-31.25,70.24],[-30.0,71.05],[-29.53,71.0],[-29.25,70.65],[-28.68,70.75],[-29.0,71.26],[-29.04,71.0],[-29.38,71.0],[-29.62,71.5],[-29.25,71.57],[-27.75,71.3],[-26.28,71.5],[-26.81,71.75],[-26.5,71.92],[-25.5,71.9],[-25.15,71.75],[-25.25,71.62],[-26.12,71.5],[-25.5,70.73],[-24.83,71.25],[-24.0,71.32],[-23.0,70.68],[-22.5,70.88],[-21.5,70.72],[-21.0,71.25],[-17.75,72.08],[-12.25,72.26],[-9.82,72.0],[-21.25,68.92],[-28.25,67.88],[-32.0,66.79],[-33.25,66.1],[-33.98,65.0],[-36.25,63.0],[-41.5,61.21],[-42.75,61.34],[-43.97,62.5],[-43.94,62.75],[-43.5,62.8],[-42.5,63.5],[-42.21,64.0],[-43.0,64.55],[-44.0,64.81],[-44.41,64.75],[-43.7,63.75],[-44.0,63.42],[-45.0,63.23],[-47.0,64.34],[-49.25,64.53],[-50.0,63.91],[-51.32,64.0],[-51.45,63.5],[-52.02,63.0],[-54.75,61.73],[-57.75,61.26],[-62.0,60.99]]}},{"type":"Feature","properties":{"level":996},"geometry":{"type":"LineString","coordinates":[[-36.83,67.25],[-35.0,67.0],[-34.38,67.25],[-35.0,67.65],[-36.25,67.74],[-36.99,67.5],[-36.83,67.25]]}},{"type":"Feature","properties":{"level":996},"geometry":{"type":"LineString","coordinates":[[142.5,68.25],[142.9,68.25],[142.5,68.25]]}},{"type":"Feature","properties":{"level":996},"geometry":{"type":"LineString","coordinates":[[-28.91,69.0],[-28.65,69.0],[-28.7,69.5],[-29.83,69.5],[-29.7,69.25],[-28.91,69.0]]}},{"type":"Feature","properties":{"level":996},"geometry":{"type":"LineString","coordinates":[[180.0,76.21],[159.25,72.46],[151.2,71.25],[149.75,70.74],[148.0,70.48],[146.0,69.68],[145.0,69.46],[143.31,69.5],[142.25,69.17],[141.78,68.75],[142.07,68.5],[142.0,68.23],[141.5,68.49],[139.5,68.24],[139.25,67.85],[139.0,68.3],[138.5,68.49],[137.0,68.59],[135.0,68.1],[134.24,67.75],[134.29,67.5],[132.75,66.87],[131.0,66.63],[129.77,67.0],[128.68,68.75],[128.0,68.83],[125.75,68.09],[123.75,66.97],[122.25,66.77],[119.5,67.11],[114.12,68.75],[109.5,69.59],[108.5,70.05],[106.0,70.62],[102.5,71.17],[101.36,72.0],[100.56,73.25],[98.1,75.25],[95.29,76.5],[92.66,78.25],[92.25,78.85],[91.0,79.48],[88.5,80.02],[82.5,79.98],[68.0,78.62],[65.77,78.25],[64.71,77.75],[63.5,77.52],[52.25,77.51],[48.25,76.62],[44.79,75.25],[35.75,74.06],[19.75,73.92],[7.75,73.53],[-2.25,73.77],[-6.25,74.19],[-8.0,74.67],[-10.5,76.24],[-11.62,77.5],[-11.62,78.0],[-9.69,79.25],[-6.75,80.03],[-1.5,80.89],[5.25,81.54],[15.5,81.88],[31.75,81.55],[45.5,80.75],[46.0,80.49],[47.76,80.5],[47.3,80.25],[48.5,80.08],[50.75,80.38],[50.91,80.5],[50.75,80.81],[49.69,81.0],[52.27,82.5],[50.47,83.25],[48.0,83.65],[35.75,84.51],[21.5,84.88],[-34.75,85.52],[-48.5,85.91],[-82.5,84.56],[-101.5,82.65],[-137.75,80.27],[-163.0,78.15],[-172.5,77.23],[-180.0,76.21]]}},{"type":"Feature","properties":{"level":996},"geometry":{"type":"LineString","coordinates":[[94.63,79.25],[97.5,79.45],[97.68,79.75],[97.44,80.0],[96.5,80.17],[96.0,79.95],[95.25,80.22],[94.28,79.5],[94.63,79.25]]}},{"type":"Feature","properties":{"level":996},"geometry":{"type":"LineString","coordinates":[[92.52,79.75],[92.86,79.75],[93.25,80.12],[94.59,80.25],[94.54,80.5],[93.5,80.73],[93.0,80.58],[92.84,80.5],[93.04,80.25],[92.52,79.75]]}},{"type":"Feature","properties":{"level":1000},"geometry":{"type":"LineString","coordinates":[[180.0,-89.88],[133.0,-89.81],[125.34,-89.5],[127.9,-89.25],[126.34,-89.0],[129.5,-88.43],[130.0,-88.25],[129.63,-87.75],[130.57,-87.25],[137.09,-85.5],[136.99,-85.0],[137.84,-84.5],[137.97,-83.75],[136.57,-83.25],[136.47,-83.0],[137.74,-82.25],[137.26,-82.0],[137.23,-81.75],[140.25,-80.2],[145.25,-79.36],[146.33,-78.75],[146.38,-78.5],[145.95,-78.0],[147.43,-77.0],[146.35,-76.5],[146.38,-76.25],[146.02,-76.0],[146.12,-75.75],[145.83,-75.5],[145.96,-75.25],[145.77,-75.0],[146.01,-74.5],[145.5,-73.61],[145.21,-73.5],[145.28,-73.25],[144.9,-73.0],[145.08,-72.75],[144.5,-72.21],[144.57,-71.75],[144.0,-70.89],[141.5,-70.06],[138.36,-68.5],[136.22,-68.25],[135.75,-68.0],[134.75,-68.2],[134.25,-67.91],[131.5,-67.43],[130.5,-67.72],[128.71,-67.75],[127.75,-68.52],[126.64,-68.5],[127.71,-68.25],[127.25,-68.11],[123.54,-68.75],[123.25,-69.19],[121.77,-69.75],[124.68,-70.25],[121.92,-70.75],[108.75,-71.36],[105.5,-71.15],[96.5,-71.27],[93.25,-71.1],[84.09,-71.5],[83.73,-71.75],[84.36,-72.25],[86.5,-72.75],[89.5,-74.32],[96.33,-76.75],[91.25,-77.17],[90.85,-77.5],[90.72,-78.0],[90.25,-78.23],[87.0,-78.59],[84.25,-78.55],[82.5,-78.27],[79.25,-78.32],[78.63,-78.0],[76.0,-77.85],[73.0,-77.98],[72.07,-77.75],[71.49,-77.25],[69.75,-76.66],[68.04,-76.5],[68.34,-76.25],[69.25,-76.22],[69.25,-75.94],[67.0,-75.44],[66.0,-75.55],[63.75,-75.24],[61.17,-74.0],[60.63,-73.0],[59.94,-72.5],[61.97,-71.75],[61.31,-71.5],[61.56,-71.25],[60.99,-71.0],[60.75,-70.61],[59.25,-70.32],[52.5,-70.88],[50.0,-71.55],[49.0,-71.51],[42.5,-72.52],[40.0,-72.6],[39.74,-72.75],[40.0,-73.27],[37.0,-72.67],[31.25,-73.18],[28.5,-73.0],[28.0,-72.68],[25.5,-72.56],[21.5,-72.89],[17.0,-72.64],[9.25,-72.81],[7.0,-72.58],[5.57,-73.0],[4.62,-74.25],[8.5,-74.77],[15.0,-74.69],[20.0,-75.46],[33.0,-78.69],[35.72,-79.75],[36.1,-80.25],[35.86,-81.75],[35.22,-82.25],[29.75,-82.95],[26.5,-83.03],[20.75,-82.34],[1.75,-82.18],[-2.25,-81.71],[-9.75,-81.5],[-11.24,-81.75],[-11.93,-82.0],[-12.03,-82.25],[-9.75,-82.65],[-0.75,-82.38],[1.5,-82.45],[2.23,-82.75],[-13.75,-83.57],[-35.75,-85.78],[-55.75,-86.27],[-69.75,-87.51],[-85.0,-88.19],[-142.75,-89.74],[-180.0,-89.88]]}},{"type":"Feature","properties":{"level":1000},"geometry":{"type":"LineString","coordinates":[[104.0,-79.0],[102.25,-78.12],[101.0,-77.84],[97.75,-77.66],[97.23,-77.5],[97.2,-77.25],[101.0,-77.72],[104.25,-77.6],[107.04,-78.0],[108.09,-78.75],[106.25,-79.18],[104.0,-79.0]]}},{"type":"Feature","properties":{"level":1000},"geometry":{"type":"LineString","coordinates":[[160.09,-73.75],[160.75,-73.98],[161.29,-73.75],[160.5,-73.57],[160.09,-73.75]]}},{"type":"Feature","properties":{"level":1000},"geometry":{"type":"LineString","coordinates":[[151.95,-73.0],[152.81,-73.0],[152.99,-72.75],[151.39,-72.5],[151.41,-72.75],[151.95,-73.0]]}},{"type":"Feature","properties":{"level":1000},"geometry":{"type":"LineString","coordinates":[[-180.0,-49.16],[-170.25,-47.37],[-166.25,-47.01],[-163.5,-47.05],[-157.25,-48.16],[-141.25,-53.52],[-136.5,-54.46],[-135.0,-54.49],[-132.5,-54.1],[-128.75,-52.0],[-126.75,-51.7],[-121.5,-53.21],[-117.25,-54.91],[-114.0,-55.9],[-105.25,-57.82],[-100.5,-59.12],[-88.25,-61.68],[-70.75,-63.93],[-65.75,-65.23],[-65.35,-65.75],[-65.58,-66.0],[-65.0,-66.29],[-63.48,-65.75],[-62.0,-64.82],[-60.11,-64.25],[-60.6,-64.0],[-58.5,-63.03],[-52.75,-61.77],[-48.17,-60.25],[-40.5,-56.1],[-39.0,-55.56],[-36.25,-55.17],[-36.0,-54.44],[-35.5,-54.38],[-26.25,-54.85],[-16.75,-54.2],[-13.25,-53.74],[-10.75,-53.87],[-5.0,-55.78],[2.5,-56.79],[11.0,-58.79],[17.25,-59.33],[21.75,-58.92],[26.5,-58.16],[36.04,-55.25],[41.0,-54.12],[54.75,-52.16],[58.5,-52.26],[65.5,-53.88],[68.75,-53.65],[72.75,-52.42],[77.25,-50.25],[82.25,-47.17],[85.0,-44.92],[87.5,-43.44],[90.83,-42.0],[91.61,-41.25],[92.5,-40.83],[95.75,-39.97],[99.0,-39.68],[102.75,-39.83],[105.75,-40.29],[109.0,-41.11],[113.25,-42.64],[115.0,-42.89],[116.0,-42.72],[119.75,-40.74],[120.75,-40.44],[122.0,-40.39],[123.5,-40.96],[125.13,-42.0],[128.26,-45.0],[128.65,-45.75],[129.59,-46.5],[130.5,-47.81],[130.75,-49.08],[131.34,-49.75],[131.57,-51.0],[131.35,-52.0],[129.41,-53.5],[128.97,-54.25],[128.31,-56.75],[128.75,-57.53],[130.75,-59.14],[131.5,-60.12],[132.75,-60.89],[135.0,-61.67],[138.5,-62.15],[145.25,-61.17],[159.64,-57.0],[162.84,-55.75],[170.75,-51.95],[175.0,-50.36],[180.0,-49.16]]}},{"type":"Feature","properties":{"level":1000},"geometry":{"type":"LineString","coordinates":[[40.25,-40.32],[40.25,-40.03],[40.66,-40.25],[40.25,-40.32]]}},{"type":"Feature","properties":{"level":1000},"geometry":{"type":"LineString","coordinates":[[-24.75,-37.59],[-26.25,-36.39],[-26.6,-35.75],[-26.57,-34.25],[-26.0,-33.6],[-24.75,-33.16],[-23.25,-33.3],[-22.25,-33.66],[-20.69,-34.75],[-20.2,-36.0],[-20.51,-36.75],[-22.5,-37.55],[-24.75,-37.59]]}},{"type":"Feature","properties":{"level":1000},"geometry":{"type":"LineString","coordinates":[[140.0,12.23],[138.67,13.0],[138.77,15.0],[139.26,15.75],[140.0,16.24],[140.75,16.44],[141.75,16.25],[142.65,15.5],[142.98,14.75],[142.97,13.75],[142.3,12.75],[141.75,12.37],[140.0,12.23]]}},{"type":"Feature","properties":{"level":1000},"geometry":{"type":"LineString","coordinates":[[-100.5,12.49],[-100.83,13.0],[-100.25,13.53],[-99.87,13.25],[-99.87,12.75],[-100.5,12.49]]}},{"type":"Feature","properties":{"level":1000},"geometry":{"type":"LineString","coordinates":[[90.0,21.25],[89.56,22.0],[90.0,22.92],[90.5,23.13],[91.25,23.03],[91.59,22.75],[91.83,22.0],[91.5,21.45],[90.75,21.04],[90.0,21.25]]}},{"type":"Feature","properties":{"level":1000},"geometry":{"type":"LineString","coordinates":[[124.0,37.97],[123.59,38.25],[123.64,38.5],[124.0,38.95],[124.5,39.13],[125.45,39.0],[125.24,38.5],[125.77,38.25],[124.75,37.9],[124.0,37.97]]}},{"type":"Feature","properties":{"level":1000},"geometry":{"type":"LineString","coordinates":[[125.75,38.7],[126.0,38.89],[126.36,38.75],[126.25,38.59],[125.75,38.7]]}},{"type":"Feature","properties":{"level":1000},"geometry":{"type":"LineString","coordinates":[[-173.0,50.2],[-173.9,50.75],[-173.75,51.32],[-172.75,51.45],[-171.95,51.0],[-172.0,50.31],[-173.0,50.2]]}},{"type":"Feature","properties":{"level":1000},"geometry":{"type":"LineString","coordinates":[[160.25,53.22],[159.73,53.75],[160.18,54.5],[160.11,54.75],[161.0,54.88],[161.32,55.25],[160.98,55.5],[160.93,56.25],[160.0,56.34],[160.0,56.63],[161.14,58.0],[162.0,59.52],[161.25,59.41],[157.5,57.74],[156.67,57.0],[155.5,54.46],[154.0,53.87],[153.25,54.25],[152.0,54.24],[150.25,55.53],[149.4,57.0],[149.37,57.75],[150.25,58.72],[151.0,59.15],[151.25,58.84],[151.75,58.82],[154.92,59.25],[154.93,59.5],[154.49,59.75],[154.74,60.25],[157.75,61.85],[161.0,62.3],[160.71,61.5],[161.0,61.4],[163.75,62.1],[164.5,61.53],[169.25,60.38],[172.55,58.75],[173.81,56.75],[173.72,56.0],[172.88,55.25],[171.25,54.51],[165.75,54.12],[162.75,53.44],[160.25,53.22]]}},{"type":"Feature","properties":{"level":1000},"geometry":{"type":"LineString","coordinates":[[-92.25,57.72],[-94.5,59.14],[-101.29,62.25],[-102.83,63.75],[-103.97,64.25],[-103.59,65.25],[-100.25,66.0],[-97.05,65.75],[-88.25,62.82],[-86.84,62.0],[-85.96,61.0],[-86.46,59.5],[-87.5,58.52],[-90.0,57.56],[-92.25,57.72]]}},{"type":"Feature","properties":{"level":1000},"geometry":{"type":"LineString","coordinates":[[-42.26,65.75],[-41.5,65.65],[-40.5,66.03],[-40.25,66.75],[-42.25,68.01],[-43.0,68.17],[-44.5,67.63],[-44.95,67.25],[-44.87,67.0],[-42.31,66.0],[-42.26,65.75]]}},{"type":"Feature","properties":{"level":1000},"geometry":{"type":"LineString","coordinates":[[-38.0,72.74],[-37.99,73.0],[-37.75,73.02],[-35.91,72.75],[-36.5,72.5],[-38.0,72.74]]}},{"type":"Feature","properties":{"level":1000},"geometry":{"type":"LineString","coordinates":[[-26.75,73.38],[-27.25,73.75],[-26.0,73.81],[-25.58,73.5],[-26.75,73.38]]}},{"type":"Feature","properties":{"level":1000},"geometry":{"type":"LineString","coordinates":[[-30.25,73.69],[-30.0,74.21],[-29.5,74.39],[-29.34,74.25],[-29.72,74.0],[-29.69,73.75],[-30.25,73.69]]}},{"type":"Feature","properties":{"level":1000},"geometry":{"type":"LineString","coordinates":[[180.0,74.49],[163.0,71.14],[159.25,70.63],[154.75,69.41],[151.04,67.25],[151.41,66.5],[150.91,65.0],[150.5,64.64],[149.0,65.02],[148.0,65.88],[147.0,65.93],[146.25,66.32],[143.75,66.91],[142.5,66.71],[142.29,66.5],[142.89,66.25],[142.0,66.04],[138.75,67.16],[134.39,66.25],[133.75,65.66],[130.25,65.56],[128.44,66.5],[128.16,67.0],[128.28,67.25],[128.0,67.51],[127.74,67.5],[127.71,67.0],[126.25,66.54],[125.0,65.46],[122.75,65.19],[116.25,66.34],[113.25,67.4],[105.63,69.25],[104.75,69.69],[100.75,70.3],[97.95,71.5],[93.31,74.75],[87.5,76.45],[82.0,77.41],[76.75,77.52],[73.61,77.25],[71.0,76.26],[65.75,75.3],[64.0,75.26],[62.5,75.52],[59.25,75.21],[58.97,75.25],[59.24,75.5],[58.79,75.75],[55.5,75.81],[52.0,75.58],[47.46,74.75],[36.0,73.49],[19.75,73.1],[1.25,72.22],[-3.0,71.72],[-10.25,70.37],[-28.25,66.19],[-30.25,65.42],[-32.72,63.5],[-35.75,61.93],[-40.75,60.51],[-43.64,60.25],[-44.15,61.5],[-45.05,62.0],[-45.3,62.25],[-45.31,62.75],[-46.25,63.35],[-46.0,62.72],[-48.25,63.16],[-49.5,63.01],[-50.1,61.75],[-51.85,60.0],[-54.25,58.92],[-55.75,58.7],[-58.75,59.79],[-60.25,59.89],[-62.25,59.56],[-62.75,59.82],[-63.49,61.5],[-63.37,64.0],[-64.32,65.25],[-61.8,67.0],[-62.24,69.0],[-60.95,72.25],[-62.74,73.5],[-66.72,75.0],[-66.5,75.2],[-63.25,75.95],[-60.26,76.0],[-58.25,75.6],[-56.66,74.75],[-55.95,73.75],[-55.17,73.25],[-54.0,72.65],[-52.5,72.29],[-46.0,72.74],[-45.17,72.5],[-45.25,71.48],[-36.25,69.86],[-33.5,69.96],[-31.32,71.0],[-30.65,71.75],[-30.88,72.0],[-30.47,72.5],[-30.54,72.75],[-29.25,73.74],[-28.25,74.11],[-27.49,74.0],[-27.85,73.75],[-27.96,73.25],[-27.69,73.0],[-27.88,72.75],[-27.74,72.5],[-26.75,72.21],[-26.69,72.5],[-25.75,72.81],[-27.25,73.03],[-26.25,73.16],[-25.0,72.48],[-24.97,73.0],[-24.75,73.1],[-23.5,72.79],[-23.25,73.27],[-23.0,73.15],[-21.25,73.54],[-20.25,74.16],[-17.5,74.65],[-16.75,74.58],[-16.57,75.0],[-16.93,75.5],[-16.24,76.25],[-16.92,77.0],[-17.25,78.25],[-16.92,78.75],[-16.1,79.25],[-15.91,79.5],[-16.05,79.75],[-13.5,80.65],[-13.15,81.0],[-13.24,81.25],[-12.0,81.1],[-11.5,81.33],[-9.25,81.49],[-8.33,81.75],[-7.96,82.25],[-9.41,83.0],[-12.49,83.5],[-34.75,84.06],[-47.0,84.07],[-72.0,83.38],[-90.0,82.26],[-99.5,80.82],[-103.5,80.44],[-134.0,78.81],[-165.75,76.32],[-174.75,75.36],[-180.0,74.49]]}},{"type":"Feature","properties":{"level":1000},"geometry":{"type":"LineString","coordinates":[[-20.5,74.97],[-20.7,75.25],[-19.75,75.22],[-19.25,75.64],[-18.79,75.5],[-19.25,74.92],[-20.5,74.97]]}},{"type":"Feature","properties":{"level":1000},"geometry":{"type":"LineString","coordinates":[[-67.0,75.24],[-66.82,75.25],[-67.0,75.24]]}},{"type":"Feature","properties":{"level":1000},"geometry":{"type":"LineString","coordinates":[[-12.25,81.38],[-11.75,81.5],[-12.25,81.38]]}},{"type":"Feature","properties":{"level":1004},"geometry":{"type":"LineString","coordinates":[[-10.14,-89.5],[83.25,-89.58],[109.5,-89.18],[118.75,-88.67],[123.0,-88.14],[125.91,-87.25],[132.42,-86.0],[132.77,-85.75],[132.6,-85.25],[134.22,-84.5],[133.87,-84.0],[134.62,-83.5],[133.32,-83.0],[134.5,-82.5],[134.39,-81.75],[136.1,-81.0],[135.88,-80.5],[135.14,-80.25],[136.99,-80.0],[138.75,-79.35],[140.25,-79.09],[141.75,-79.26],[143.75,-78.82],[144.02,-78.25],[143.59,-77.5],[144.04,-76.25],[143.91,-76.0],[144.27,-75.5],[144.17,-75.0],[142.98,-74.75],[143.06,-74.5],[141.66,-73.75],[141.95,-73.5],[141.64,-73.25],[141.89,-73.0],[141.7,-72.75],[142.09,-72.25],[141.53,-71.5],[141.64,-71.0],[139.25,-70.04],[139.33,-69.75],[138.75,-69.19],[137.0,-68.52],[135.75,-68.58],[134.5,-69.1],[131.25,-68.17],[130.97,-68.25],[131.37,-68.75],[131.25,-69.07],[130.75,-68.71],[130.0,-68.9],[129.5,-68.45],[129.0,-68.7],[127.0,-68.83],[125.41,-69.25],[125.17,-69.5],[126.82,-69.75],[126.91,-70.0],[125.61,-70.5],[119.75,-71.27],[108.75,-71.65],[100.25,-71.42],[91.25,-72.25],[88.25,-72.03],[87.25,-72.25],[90.11,-73.25],[93.88,-75.0],[102.75,-77.0],[107.75,-77.68],[109.31,-78.5],[109.35,-78.75],[109.0,-78.92],[107.75,-79.27],[104.25,-79.66],[102.25,-79.54],[100.83,-79.25],[99.94,-78.75],[97.75,-78.5],[89.25,-79.3],[79.75,-78.68],[76.25,-78.87],[74.0,-78.42],[72.75,-78.57],[70.33,-78.25],[70.15,-78.0],[67.0,-76.8],[67.18,-76.25],[67.0,-76.12],[65.75,-76.2],[64.75,-75.7],[61.75,-75.55],[59.22,-75.0],[60.74,-74.5],[59.76,-74.0],[59.12,-73.25],[59.89,-73.0],[58.75,-72.57],[58.49,-72.25],[58.4,-71.75],[59.0,-71.38],[57.25,-70.85],[53.0,-71.43],[48.19,-72.5],[41.5,-73.18],[41.23,-73.25],[41.51,-73.5],[41.25,-73.76],[38.0,-73.34],[32.25,-73.75],[26.75,-72.91],[19.0,-73.26],[8.0,-73.0],[7.87,-73.25],[8.17,-73.5],[6.25,-73.47],[5.84,-74.0],[6.19,-74.25],[7.75,-74.5],[15.75,-74.57],[20.5,-75.4],[34.5,-78.48],[37.28,-79.75],[37.43,-80.0],[37.26,-80.75],[37.62,-81.0],[37.32,-81.5],[37.8,-81.75],[37.26,-82.25],[35.75,-82.72],[28.75,-83.62],[23.5,-83.3],[22.78,-83.0],[22.67,-82.75],[20.75,-82.51],[7.75,-82.56],[6.64,-82.75],[6.73,-83.0],[4.25,-83.35],[-11.84,-84.5],[-13.64,-84.75],[-16.75,-85.76],[-20.0,-86.14],[-37.21,-86.75],[-55.5,-87.93],[-86.54,-88.75],[-88.02,-89.0],[-57.75,-89.5],[-30.5,-89.33],[-10.14,-89.5]]}},{"type":"Feature","properties":{"level":1004},"geometry":{"type":"LineString","coordinates":[[8.75,-74.06],[8.31,-73.75],[9.28,-73.75],[9.37,-74.0],[8.75,-74.06]]}},{"type":"Feature","properties":{"level":1004},"geometry":{"type":"LineString","coordinates":[[-180.0,-48.08],[-173.05,-46.75],[-168.25,-46.09],[-162.75,-46.16],[-159.25,-46.66],[-155.5,-47.63],[-141.5,-52.13],[-138.5,-52.78],[-136.0,-52.75],[-134.25,-52.45],[-128.25,-50.57],[-126.75,-50.38],[-124.22,-51.0],[-112.25,-55.19],[-91.25,-60.27],[-83.5,-61.52],[-72.0,-62.71],[-64.5,-63.74],[-60.25,-62.77],[-60.0,-62.41],[-55.5,-61.17],[-49.56,-59.0],[-46.0,-57.17],[-42.68,-55.0],[-40.0,-54.43],[-37.25,-54.44],[-36.25,-53.83],[-33.75,-53.51],[-27.5,-53.65],[-23.25,-53.39],[-17.0,-52.77],[-14.25,-52.13],[-12.0,-51.91],[-10.0,-52.05],[-6.0,-53.52],[-2.25,-54.13],[8.25,-53.23],[9.21,-53.5],[9.27,-55.0],[10.5,-56.03],[13.75,-57.07],[17.5,-57.41],[24.75,-56.71],[38.63,-53.25],[53.75,-51.19],[57.5,-51.21],[64.5,-52.59],[67.5,-52.61],[71.79,-51.5],[77.0,-49.12],[81.03,-46.5],[83.5,-44.31],[86.25,-42.64],[88.25,-41.84],[89.75,-40.67],[90.0,-40.21],[93.75,-39.15],[98.0,-38.45],[101.75,-38.6],[106.5,-39.27],[111.75,-40.75],[114.5,-41.2],[116.25,-40.9],[119.5,-39.72],[121.5,-39.43],[123.0,-39.68],[126.0,-41.05],[128.0,-42.22],[128.83,-43.25],[129.34,-43.5],[129.76,-44.5],[130.58,-45.0],[130.65,-45.5],[131.89,-47.0],[133.75,-50.0],[133.58,-51.25],[134.07,-51.75],[133.5,-53.0],[132.02,-54.5],[131.6,-55.75],[131.89,-57.0],[132.9,-58.0],[135.0,-59.37],[137.59,-60.0],[141.0,-60.32],[144.25,-60.05],[154.0,-57.56],[162.0,-54.96],[172.75,-50.05],[175.25,-49.2],[180.0,-48.08]]}},{"type":"Feature","properties":{"level":1004},"geometry":{"type":"LineString","coordinates":[[42.0,-41.29],[40.75,-41.19],[39.0,-40.24],[38.0,-40.15],[36.5,-38.91],[36.29,-38.25],[36.75,-37.97],[37.75,-38.17],[41.25,-39.58],[42.75,-40.61],[42.81,-41.25],[42.0,-41.29]]}},{"type":"Feature","properties":{"level":1004},"geometry":{"type":"LineString","coordinates":[[-24.75,-38.26],[-26.9,-36.75],[-27.49,-35.25],[-27.37,-34.25],[-26.88,-33.5],[-25.5,-32.63],[-23.0,-32.38],[-21.0,-32.87],[-20.0,-33.27],[-17.5,-35.66],[-17.42,-36.0],[-17.68,-36.5],[-19.75,-37.64],[-22.75,-38.44],[-24.75,-38.26]]}},{"type":"Feature","properties":{"level":1004},"geometry":{"type":"LineString","coordinates":[[-126.75,-27.29],[-127.59,-26.5],[-127.61,-25.75],[-127.25,-25.44],[-126.25,-25.54],[-125.54,-26.25],[-125.89,-27.25],[-126.75,-27.29]]}},{"type":"Feature","properties":{"level":1004},"geometry":{"type":"LineString","coordinates":[[-66.0,-23.13],[-66.35,-22.0],[-65.8,-21.25],[-65.88,-20.25],[-65.5,-19.94],[-65.18,-20.75],[-65.25,-21.93],[-65.5,-22.85],[-66.0,-23.13]]}},{"type":"Feature","properties":{"level":1004},"geometry":{"type":"LineString","coordinates":[[22.25,-20.56],[21.93,-19.75],[21.0,-18.83],[20.75,-18.91],[20.5,-18.47],[19.88,-18.5],[19.53,-17.25],[19.67,-17.0],[19.44,-16.75],[20.25,-16.55],[20.25,-16.0],[20.3,-16.25],[20.75,-16.23],[21.0,-16.52],[21.46,-16.0],[21.5,-15.62],[21.75,-15.57],[21.98,-15.75],[21.97,-16.5],[22.5,-17.41],[22.75,-17.08],[23.25,-17.02],[24.0,-17.71],[24.25,-17.3],[24.53,-18.0],[23.85,-18.5],[24.35,-18.75],[24.0,-19.07],[23.75,-18.64],[23.0,-18.68],[22.5,-18.14],[22.22,-18.25],[22.41,-18.75],[23.25,-19.12],[23.51,-19.5],[22.75,-19.62],[22.88,-20.5],[22.25,-20.56]]}},{"type":"Feature","properties":{"level":1004},"geometry":{"type":"LineString","coordinates":[[-70.25,-15.8],[-70.53,-15.0],[-70.87,-14.75],[-70.5,-14.43],[-69.66,-15.0],[-70.25,-15.8]]}},{"type":"Feature","properties":{"level":1004},"geometry":{"type":"LineString","coordinates":[[-42.25,-4.72],[-42.25,-4.13],[-41.88,-4.5],[-42.25,-4.72]]}},{"type":"Feature","properties":{"level":1004},"geometry":{"type":"LineString","coordinates":[[-42.0,-4.08],[-41.51,-4.0],[-42.0,-4.08]]}},{"type":"Feature","properties":{"level":1004},"geometry":{"type":"LineString","coordinates":[[-54.75,-2.3],[-54.62,-2.0],[-55.22,-1.75],[-54.08,-1.5],[-54.41,-2.25],[-54.75,-2.3]]}},{"type":"Feature","properties":{"level":1004},"geometry":{"type":"LineString","coordinates":[[-56.25,-1.59],[-56.0,-1.5],[-56.25,-1.59]]}},{"type":"Feature","properties":{"level":1004},"geometry":{"type":"LineString","coordinates":[[-55.25,-1.02],[-54.9,-1.0],[-55.25,-1.02]]}},{"type":"Feature","properties":{"level":1004},"geometry":{"type":"LineString","coordinates":[[140.5,9.96],[136.88,11.75],[136.24,14.25],[137.0,16.35],[138.0,17.58],[139.5,18.36],[140.75,18.57],[142.0,18.16],[143.07,17.25],[144.09,16.0],[144.47,14.5],[143.75,12.29],[143.25,11.7],[141.75,10.71],[140.5,10.5],[140.88,10.0],[140.5,9.96]]}},{"type":"Feature","properties":{"level":1004},"geometry":{"type":"LineString","coordinates":[[-100.75,12.42],[-100.96,13.25],[-100.5,13.7],[-100.0,13.64],[-99.66,13.0],[-99.91,12.5],[-100.25,12.31],[-100.75,12.42]]}},{"type":"Feature","properties":{"level":1004},"geometry":{"type":"LineString","coordinates":[[90.25,20.37],[88.75,21.09],[88.52,22.25],[89.0,23.06],[89.75,23.66],[90.5,24.03],[91.25,24.05],[92.25,23.3],[92.38,22.25],[92.11,21.5],[91.5,20.77],[90.75,20.32],[90.25,20.37]]}},{"type":"Feature","properties":{"level":1004},"geometry":{"type":"LineString","coordinates":[[122.75,35.73],[121.52,36.5],[121.46,36.75],[123.1,39.25],[124.0,39.86],[126.75,40.45],[126.86,39.25],[127.25,38.93],[128.0,39.33],[129.5,39.0],[129.8,38.5],[129.5,37.34],[128.5,37.6],[126.0,35.91],[124.25,35.53],[122.75,35.73]]}},{"type":"Feature","properties":{"level":1004},"geometry":{"type":"LineString","coordinates":[[158.0,48.36],[157.78,48.5],[158.0,48.85],[159.0,48.75],[158.0,48.36]]}},{"type":"Feature","properties":{"level":1004},"geometry":{"type":"LineString","coordinates":[[-173.5,49.69],[-174.88,50.25],[-175.7,51.0],[-175.88,51.75],[-175.33,52.5],[-174.0,52.89],[-173.0,52.9],[-170.75,52.46],[-170.11,52.0],[-170.07,51.5],[-171.19,50.0],[-172.25,49.64],[-173.5,49.69]]}},{"type":"Feature","properties":{"level":1004},"geometry":{"type":"LineString","coordinates":[[-142.25,52.99],[-143.6,53.5],[-143.46,54.0],[-145.3,55.25],[-144.59,57.0],[-143.75,57.94],[-142.25,58.68],[-140.25,58.9],[-138.25,58.59],[-137.04,57.75],[-138.01,54.75],[-140.78,53.25],[-142.25,52.99]]}},{"type":"Feature","properties":{"level":1004},"geometry":{"type":"LineString","coordinates":[[-92.75,55.97],[-94.0,56.39],[-97.75,58.4],[-99.0,58.74],[-103.0,58.93],[-103.75,58.43],[-105.25,57.98],[-105.58,58.25],[-105.48,58.75],[-106.75,58.35],[-107.25,58.61],[-108.0,58.45],[-109.0,58.79],[-109.36,59.5],[-108.47,60.0],[-108.58,60.5],[-108.01,60.75],[-107.76,61.25],[-107.78,61.5],[-108.86,62.25],[-108.64,63.25],[-108.85,63.5],[-108.59,63.75],[-108.75,64.0],[-108.62,65.25],[-108.02,66.0],[-101.5,67.71],[-97.81,67.75],[-94.75,67.15],[-94.05,66.5],[-92.25,65.59],[-86.65,63.75],[-84.73,62.75],[-83.67,61.75],[-83.2,60.75],[-83.25,59.82],[-83.86,58.75],[-85.0,57.68],[-86.75,56.66],[-89.0,56.01],[-91.5,55.79],[-92.75,55.97]]}},{"type":"Feature","properties":{"level":1004},"geometry":{"type":"LineString","coordinates":[[147.03,60.25],[147.39,60.25],[147.03,60.25]]}},{"type":"Feature","properties":{"level":1004},"geometry":{"type":"LineString","coordinates":[[170.78,61.75],[171.25,61.64],[171.5,62.01],[172.0,62.0],[171.23,63.0],[171.25,63.54],[170.5,63.72],[169.75,63.15],[169.18,62.25],[169.91,62.25],[170.25,61.87],[170.78,61.75]]}},{"type":"Feature","properties":{"level":1004},"geometry":{"type":"LineString","coordinates":[[171.52,64.0],[171.95,64.0],[171.52,64.0]]}},{"type":"Feature","properties":{"level":1004},"geometry":{"type":"LineString","coordinates":[[-42.89,66.5],[-41.75,66.29],[-41.2,67.0],[-43.0,67.54],[-43.48,66.75],[-42.89,66.5]]}},{"type":"Feature","properties":{"level":1004},"geometry":{"type":"LineString","coordinates":[[180.0,68.96],[176.5,69.26],[176.69,69.0],[174.25,68.73],[174.06,68.5],[172.8,68.25],[172.8,68.0],[170.75,66.95],[170.08,67.0],[170.12,67.25],[169.25,67.53],[169.02,67.75],[169.25,68.01],[168.25,68.4],[167.25,68.37],[166.47,68.0],[167.12,67.75],[166.25,67.59],[165.0,66.84],[164.25,67.0],[163.55,66.5],[164.5,66.22],[166.25,66.47],[166.25,67.28],[167.06,67.25],[167.75,66.71],[168.25,67.25],[169.26,67.0],[169.03,66.75],[169.06,66.25],[168.5,66.2],[168.25,65.64],[167.25,65.28],[165.75,65.41],[164.0,65.11],[163.55,64.75],[163.88,64.5],[163.75,63.64],[164.25,63.7],[164.5,63.99],[165.25,63.86],[166.5,64.27],[167.0,64.18],[167.5,64.53],[168.25,64.27],[170.25,64.28],[171.0,65.03],[172.0,65.05],[172.77,64.5],[173.17,64.0],[172.45,63.5],[172.54,63.0],[173.45,62.5],[173.31,62.25],[173.5,62.1],[175.07,61.5],[177.92,58.0],[178.08,57.25],[177.93,56.25],[177.0,54.9],[172.75,53.36],[164.75,52.09],[159.25,49.93],[157.25,49.84],[156.71,50.0],[156.25,50.75],[154.44,51.0],[150.75,52.0],[148.18,53.0],[145.75,54.48],[142.25,57.45],[140.99,58.25],[141.57,58.75],[141.74,59.25],[142.28,59.5],[142.43,60.5],[143.0,60.75],[143.5,60.79],[143.75,60.39],[144.75,60.3],[144.4,60.0],[144.75,59.82],[145.25,59.82],[145.75,60.21],[146.75,60.16],[146.99,60.25],[146.21,60.5],[147.75,60.79],[148.75,60.52],[150.0,60.74],[150.5,60.36],[153.0,60.44],[154.0,61.07],[155.0,60.9],[155.34,61.25],[155.06,61.5],[155.74,61.75],[155.75,61.96],[155.78,61.75],[156.25,61.66],[156.29,62.0],[156.88,62.25],[156.96,62.5],[156.71,62.75],[157.04,63.0],[156.75,63.24],[154.25,63.53],[153.5,63.09],[150.5,62.9],[150.2,63.0],[150.75,63.23],[150.5,63.52],[148.5,64.13],[147.75,64.1],[145.25,65.38],[144.25,65.35],[143.25,65.63],[141.03,65.5],[140.0,66.07],[139.25,65.74],[138.5,66.04],[137.75,66.04],[135.25,64.89],[133.5,64.57],[128.75,65.34],[127.44,64.5],[127.74,63.75],[126.75,63.62],[124.5,63.57],[121.25,63.93],[117.75,64.61],[112.75,66.11],[112.0,66.13],[111.25,66.55],[107.75,67.32],[104.75,67.29],[103.25,67.53],[100.5,67.35],[99.7,68.0],[100.02,68.5],[99.55,68.75],[99.82,69.0],[98.6,69.25],[98.01,69.5],[98.05,69.75],[97.75,69.96],[94.47,71.0],[90.98,72.75],[84.25,74.88],[79.25,75.61],[77.0,75.65],[74.75,75.35],[69.6,74.5],[67.0,73.79],[57.25,74.18],[55.75,74.62],[36.25,72.96],[14.75,72.03],[-0.5,70.52],[-10.25,69.01],[-14.06,68.0],[-21.5,66.68],[-22.0,66.23],[-23.0,66.44],[-26.25,65.6],[-33.25,61.68],[-37.25,60.09],[-39.25,59.64],[-44.0,59.58],[-44.6,60.0],[-45.25,60.95],[-46.25,61.19],[-46.25,61.59],[-47.75,62.02],[-47.95,61.25],[-47.15,60.75],[-47.75,60.16],[-48.25,60.34],[-49.5,59.53],[-53.25,58.35],[-55.5,58.09],[-59.75,58.61],[-63.0,58.58],[-64.4,60.5],[-66.35,62.5],[-66.32,63.75],[-67.52,64.75],[-70.37,66.0],[-70.75,66.4],[-70.69,66.75],[-70.25,67.04],[-69.25,67.37],[-66.25,67.44],[-65.5,67.02],[-65.46,67.25],[-66.25,67.67],[-67.0,67.61],[-66.69,68.0],[-67.09,70.0],[-69.25,71.48],[-70.88,72.25],[-70.92,72.5],[-72.16,73.0],[-75.25,73.79],[-78.31,74.0],[-78.88,74.25],[-78.69,74.75],[-77.99,75.25],[-79.25,75.45],[-80.6,76.0],[-78.25,76.59],[-78.02,76.75],[-78.25,77.09],[-79.08,77.25],[-78.25,77.38],[-78.04,77.5],[-78.15,77.75],[-77.75,77.97],[-76.25,78.09],[-75.25,78.6],[-74.75,78.61],[-74.0,79.22],[-71.5,79.58],[-70.25,80.03],[-69.49,80.0],[-69.36,80.25],[-67.75,80.55],[-67.5,80.85],[-66.75,80.77],[-66.5,81.06],[-65.75,81.07],[-64.76,81.5],[-65.26,81.75],[-63.1,82.0],[-63.19,82.25],[-64.0,82.36],[-82.0,82.25],[-81.68,82.0],[-79.46,81.75],[-84.75,81.59],[-87.75,81.26],[-88.01,81.0],[-89.98,80.5],[-90.16,80.25],[-89.25,80.03],[-89.13,79.75],[-90.25,79.72],[-91.5,80.15],[-93.0,80.22],[-95.71,79.75],[-97.0,78.97],[-99.5,78.73],[-103.25,78.72],[-127.75,77.47],[-146.75,75.69],[-167.12,74.25],[-170.25,73.75],[-171.38,73.25],[-172.14,72.5],[-172.31,72.25],[-172.0,71.93],[-168.1,71.25],[-168.67,70.25],[-170.96,69.25],[-172.95,68.75],[-177.75,68.42],[-180.0,68.96]]}},{"type":"Feature","properties":{"level":1004},"geometry":{"type":"LineString","coordinates":[[-40.07,71.5],[-38.75,71.45],[-37.69,71.75],[-40.0,71.81],[-40.22,71.75],[-40.07,71.5]]}},{"type":"Feature","properties":{"level":1004},"geometry":{"type":"LineString","coordinates":[[-51.66,73.0],[-44.0,73.17],[-37.0,73.9],[-34.75,73.24],[-34.78,73.5],[-34.25,73.42],[-32.61,74.25],[-27.5,75.71],[-26.5,75.79],[-25.93,75.5],[-25.91,75.25],[-26.25,74.87],[-27.01,74.75],[-26.06,74.75],[-25.25,75.19],[-24.25,75.23],[-24.57,75.75],[-23.5,75.69],[-22.81,76.0],[-22.91,76.25],[-23.57,76.5],[-23.59,77.25],[-24.48,77.5],[-22.99,78.5],[-24.92,79.5],[-24.96,79.75],[-24.5,79.93],[-23.25,79.78],[-20.75,80.0],[-19.42,80.75],[-18.0,81.14],[-16.0,81.25],[-19.75,81.26],[-20.61,80.75],[-22.0,80.44],[-22.3,80.5],[-22.19,80.75],[-21.36,81.0],[-23.75,80.95],[-23.75,81.15],[-23.36,81.25],[-27.25,81.67],[-27.73,82.0],[-26.75,82.07],[-25.82,82.5],[-26.0,82.56],[-30.5,82.78],[-30.99,83.0],[-28.39,83.25],[-29.5,83.34],[-36.25,83.19],[-40.5,82.68],[-43.0,82.96],[-44.5,82.82],[-45.0,82.47],[-46.0,82.37],[-46.22,82.25],[-45.41,82.0],[-45.34,81.75],[-45.75,81.5],[-46.0,81.8],[-47.0,81.63],[-48.0,81.89],[-49.5,81.85],[-49.88,81.5],[-50.5,81.39],[-52.5,81.6],[-54.0,81.37],[-55.0,81.67],[-56.0,81.58],[-58.25,81.86],[-60.48,81.75],[-62.25,81.19],[-64.67,81.25],[-64.45,81.0],[-66.69,80.75],[-67.84,80.0],[-66.66,80.0],[-66.94,79.75],[-65.25,79.68],[-65.14,79.5],[-66.25,79.04],[-68.25,78.96],[-71.34,78.25],[-66.14,77.75],[-66.0,77.46],[-67.73,77.5],[-66.75,77.11],[-65.21,77.0],[-65.66,76.75],[-65.5,76.7],[-57.75,75.91],[-56.15,75.25],[-54.25,73.6],[-51.66,73.0]]}},{"type":"Feature","properties":{"level":1004},"geometry":{"type":"LineString","coordinates":[[-75.75,78.97],[-75.16,79.0],[-75.75,78.97]]}},{"type":"Feature","properties":{"level":1004},"geometry":{"type":"LineString","coordinates":[[-75.0,79.15],[-74.55,79.5],[-74.09,79.5],[-74.25,79.26],[-75.0,79.15]]}},{"type":"Feature","properties":{"level":1004},"geometry":{"type":"LineString","coordinates":[[-60.0,81.48],[-59.82,81.5],[-60.0,81.48]]}},{"type":"Feature","properties":{"level":1004},"geometry":{"type":"LineString","coordinates":[[-43.5,82.48],[-41.84,82.5],[-42.0,82.25],[-43.5,82.48]]}},{"type":"Feature","properties":{"level":1008},"geometry":{"type":"LineString","coordinates":[[0.45,-89.25],[91.0,-89.07],[106.25,-88.81],[115.75,-88.28],[126.73,-86.5],[128.56,-86.0],[128.23,-85.5],[128.32,-85.25],[130.98,-84.25],[130.85,-84.0],[131.69,-83.5],[129.72,-82.75],[130.73,-82.5],[130.84,-82.0],[132.68,-81.5],[133.22,-81.0],[130.25,-80.78],[129.53,-80.5],[131.19,-80.0],[132.11,-79.25],[133.86,-78.75],[135.5,-79.04],[137.84,-78.75],[139.5,-77.8],[141.63,-77.0],[140.74,-76.5],[140.5,-75.81],[140.23,-75.75],[140.55,-75.5],[140.19,-75.0],[140.38,-74.75],[139.7,-74.25],[139.2,-73.5],[139.42,-73.25],[139.08,-73.0],[139.57,-72.75],[139.23,-72.5],[139.66,-72.0],[139.0,-72.14],[138.4,-71.75],[138.75,-71.53],[138.43,-71.25],[138.81,-70.75],[138.21,-70.5],[138.25,-69.88],[137.5,-69.34],[136.0,-69.13],[135.0,-69.39],[134.25,-69.91],[133.46,-69.5],[133.5,-69.24],[130.75,-69.88],[128.0,-69.8],[126.25,-70.61],[120.75,-71.49],[109.5,-71.91],[103.5,-71.64],[92.21,-72.75],[92.09,-73.0],[92.28,-73.25],[93.08,-73.75],[97.41,-75.25],[102.25,-76.45],[109.75,-77.55],[110.75,-77.91],[110.98,-78.25],[110.39,-78.75],[107.25,-79.64],[100.25,-80.38],[89.5,-80.2],[87.0,-79.5],[85.25,-79.27],[78.5,-79.45],[70.5,-78.78],[66.12,-77.5],[66.0,-76.5],[64.75,-76.54],[63.71,-76.0],[61.0,-75.82],[57.81,-75.0],[58.12,-74.25],[57.09,-73.5],[57.59,-72.75],[57.12,-72.0],[57.14,-71.5],[56.5,-71.41],[53.75,-71.64],[48.5,-72.99],[43.5,-73.56],[42.5,-74.04],[39.25,-73.82],[32.5,-74.14],[26.75,-73.27],[15.75,-73.88],[13.0,-73.41],[10.75,-73.4],[10.14,-73.5],[12.5,-74.25],[16.0,-74.42],[36.25,-78.45],[38.7,-79.75],[39.77,-82.0],[38.0,-82.94],[32.11,-84.0],[31.35,-84.25],[31.37,-84.5],[30.81,-84.75],[26.75,-84.99],[25.5,-84.99],[23.52,-84.5],[19.5,-84.16],[18.5,-83.88],[18.67,-83.5],[19.74,-83.0],[19.5,-82.95],[11.0,-82.8],[10.61,-83.0],[14.4,-84.0],[2.32,-84.75],[-1.91,-85.25],[-3.38,-85.5],[-5.87,-86.75],[-12.93,-87.5],[-17.52,-88.5],[-16.76,-88.75],[-12.12,-89.0],[0.45,-89.25]]}},{"type":"Feature","properties":{"level":1008},"geometry":{"type":"LineString","coordinates":[[-180.0,-47.0],[-170.25,-45.13],[-164.75,-44.86],[-160.75,-45.2],[-158.0,-45.76],[-152.5,-47.16],[-144.97,-49.75],[-142.25,-50.4],[-139.0,-50.83],[-137.5,-50.88],[-134.0,-50.36],[-129.5,-48.73],[-127.25,-48.91],[-124.5,-49.63],[-114.0,-53.49],[-110.0,-54.74],[-91.5,-59.34],[-80.5,-61.05],[-67.25,-62.22],[-64.0,-62.29],[-58.75,-60.92],[-54.65,-59.5],[-50.75,-57.76],[-47.81,-55.75],[-47.38,-54.5],[-45.25,-53.46],[-28.0,-52.33],[-22.0,-51.72],[-17.0,-50.86],[-11.5,-49.28],[-10.0,-49.39],[-7.75,-50.43],[-5.5,-51.13],[-2.75,-51.6],[1.5,-51.13],[9.75,-49.19],[12.25,-49.13],[16.53,-50.75],[15.92,-51.75],[15.67,-52.75],[15.61,-53.75],[15.89,-54.25],[17.25,-54.82],[19.75,-55.04],[22.5,-54.93],[26.5,-54.37],[35.75,-52.3],[43.5,-51.05],[47.5,-50.78],[52.0,-50.13],[59.25,-50.53],[63.25,-51.33],[66.25,-51.52],[68.0,-51.31],[72.25,-50.04],[76.5,-47.9],[79.14,-46.25],[81.5,-43.79],[86.09,-41.25],[87.5,-40.06],[88.5,-39.56],[91.25,-38.45],[97.0,-37.24],[100.5,-37.18],[103.75,-37.49],[111.75,-39.14],[113.5,-39.3],[121.5,-38.23],[126.75,-39.0],[128.43,-40.25],[129.0,-41.1],[129.75,-41.57],[132.0,-43.89],[132.06,-44.25],[132.5,-44.44],[133.25,-46.1],[135.0,-48.14],[135.74,-49.5],[136.27,-52.0],[134.81,-56.0],[136.5,-57.69],[138.75,-58.46],[142.0,-58.69],[145.5,-58.5],[149.75,-57.62],[155.77,-56.0],[162.0,-53.72],[173.25,-48.71],[180.0,-47.0]]}},{"type":"Feature","properties":{"level":1008},"geometry":{"type":"LineString","coordinates":[[42.25,-42.06],[41.25,-41.72],[40.75,-41.95],[39.5,-41.44],[39.0,-41.62],[38.0,-41.05],[37.0,-40.88],[36.5,-39.84],[35.17,-38.75],[35.44,-37.75],[34.96,-37.0],[35.5,-36.56],[36.5,-36.28],[37.0,-36.52],[37.75,-36.45],[39.0,-36.81],[42.75,-38.67],[43.82,-39.5],[44.56,-40.5],[44.78,-41.25],[44.0,-41.76],[43.0,-41.72],[42.25,-42.06]]}},{"type":"Feature","properties":{"level":1008},"geometry":{"type":"LineString","coordinates":[[-23.25,-39.27],[-24.75,-39.16],[-26.5,-38.31],[-27.63,-37.5],[-28.64,-35.75],[-28.65,-35.0],[-27.82,-33.0],[-26.25,-31.94],[-24.5,-31.32],[-21.5,-31.38],[-19.5,-31.86],[-15.75,-34.48],[-12.5,-35.57],[-12.1,-36.0],[-13.25,-36.87],[-14.25,-36.87],[-15.25,-37.17],[-15.5,-37.51],[-16.75,-37.64],[-19.25,-38.67],[-23.25,-39.27]]}},{"type":"Feature","properties":{"level":1008},"geometry":{"type":"LineString","coordinates":[[127.5,-33.75],[127.5,-33.36],[127.5,-33.75]]}},{"type":"Feature","properties":{"level":1008},"geometry":{"type":"LineString","coordinates":[[128.25,-32.35],[126.75,-30.68],[126.5,-31.15],[125.5,-30.5],[125.1,-29.75],[124.93,-28.5],[124.35,-28.0],[124.58,-27.75],[124.0,-27.44],[123.75,-26.59],[122.92,-25.75],[122.81,-25.0],[121.69,-23.75],[121.59,-22.75],[120.75,-21.38],[120.25,-20.93],[119.84,-21.0],[119.75,-21.27],[119.42,-20.75],[119.5,-20.17],[120.0,-20.6],[121.51,-21.0],[121.5,-20.64],[120.58,-19.75],[120.5,-18.24],[121.25,-17.88],[121.83,-18.0],[121.87,-19.0],[122.5,-19.85],[123.69,-19.0],[123.51,-18.5],[123.75,-18.25],[124.0,-18.2],[124.25,-18.54],[125.25,-18.61],[125.5,-18.43],[126.25,-18.83],[126.5,-18.68],[127.0,-19.0],[127.75,-19.0],[128.11,-19.5],[127.97,-20.0],[128.25,-20.38],[129.27,-20.5],[128.72,-21.0],[129.0,-21.57],[129.07,-22.5],[128.78,-23.0],[129.04,-23.5],[127.75,-24.21],[127.25,-23.95],[126.68,-25.25],[126.63,-26.75],[127.26,-27.25],[126.75,-27.17],[126.67,-27.5],[127.75,-29.0],[127.69,-30.0],[128.16,-31.5],[128.46,-31.75],[128.25,-32.35]]}},{"type":"Feature","properties":{"level":1008},"geometry":{"type":"LineString","coordinates":[[34.0,-29.57],[33.83,-29.5],[34.0,-29.57]]}},{"type":"Feature","properties":{"level":1008},"geometry":{"type":"LineString","coordinates":[[33.75,-29.37],[33.74,-29.0],[32.75,-27.63],[31.75,-27.68],[31.59,-27.5],[31.45,-25.0],[31.77,-24.75],[31.58,-24.25],[30.72,-23.75],[30.96,-22.75],[30.75,-22.6],[28.5,-22.81],[28.32,-23.0],[27.52,-24.5],[28.25,-24.96],[29.0,-24.5],[29.52,-24.5],[29.25,-25.11],[27.75,-25.87],[26.5,-25.73],[26.0,-25.29],[24.25,-25.3],[23.82,-24.75],[24.37,-24.25],[23.75,-23.89],[23.0,-24.17],[21.75,-23.42],[21.5,-23.55],[21.0,-24.8],[18.36,-24.25],[18.86,-21.75],[17.54,-20.75],[17.51,-20.0],[17.87,-19.5],[17.25,-19.62],[16.25,-19.25],[14.99,-18.25],[14.17,-16.5],[14.66,-15.75],[14.44,-14.75],[15.5,-13.48],[15.61,-14.25],[16.25,-14.51],[17.0,-13.93],[18.0,-14.35],[18.25,-13.32],[19.25,-13.61],[19.6,-13.5],[19.75,-13.11],[20.75,-13.39],[20.34,-12.75],[20.46,-12.5],[20.75,-12.17],[21.0,-12.29],[21.75,-11.83],[22.0,-12.53],[22.75,-12.67],[23.25,-13.55],[23.76,-13.5],[24.0,-12.99],[24.5,-13.12],[24.52,-13.5],[24.75,-13.6],[25.5,-13.16],[26.25,-13.39],[26.5,-12.59],[27.0,-13.11],[27.5,-12.85],[28.0,-13.14],[28.25,-12.8],[28.25,-14.08],[29.75,-14.51],[30.5,-13.58],[31.0,-13.47],[31.75,-12.05],[32.0,-12.11],[32.47,-11.5],[32.71,-10.5],[33.0,-10.32],[33.08,-11.25],[32.28,-13.25],[32.0,-13.71],[31.24,-14.0],[30.69,-14.75],[30.62,-15.25],[31.0,-15.56],[32.5,-15.45],[32.71,-15.75],[31.75,-15.97],[31.5,-16.33],[29.48,-16.25],[29.16,-17.0],[29.47,-17.5],[28.53,-18.5],[28.76,-18.75],[28.72,-20.0],[27.62,-20.5],[28.75,-20.69],[29.25,-20.37],[29.75,-20.96],[30.5,-20.62],[31.81,-20.75],[31.83,-21.25],[31.6,-21.5],[31.75,-22.16],[32.38,-22.75],[33.37,-24.75],[33.59,-27.75],[33.91,-28.75],[33.75,-29.37]]}},{"type":"Feature","properties":{"level":1008},"geometry":{"type":"LineString","coordinates":[[-125.75,-28.8],[-127.78,-27.75],[-128.53,-26.5],[-128.15,-25.25],[-126.5,-24.42],[-124.45,-24.75],[-123.48,-25.5],[-123.91,-25.75],[-123.5,-26.34],[-122.75,-26.7],[-122.48,-27.25],[-122.57,-28.25],[-122.86,-28.75],[-125.75,-28.8]]}},{"type":"Feature","properties":{"level":1008},"geometry":{"type":"LineString","coordinates":[[26.0,-28.33],[25.0,-27.59],[24.75,-27.8],[24.67,-26.75],[26.0,-26.99],[27.0,-26.24],[27.75,-26.87],[28.0,-26.75],[28.08,-27.0],[27.0,-27.86],[26.75,-28.36],[26.0,-28.33]]}},{"type":"Feature","properties":{"level":1008},"geometry":{"type":"LineString","coordinates":[[-67.5,-26.78],[-68.0,-26.06],[-67.88,-25.75],[-67.62,-25.75],[-67.0,-26.58],[-66.62,-26.0],[-67.25,-25.29],[-67.5,-25.6],[-67.48,-25.25],[-67.87,-24.75],[-67.5,-24.5],[-67.25,-24.86],[-67.0,-24.59],[-66.75,-24.67],[-66.99,-25.0],[-66.75,-25.2],[-66.25,-24.68],[-65.97,-25.0],[-66.42,-25.5],[-66.25,-26.27],[-67.25,-26.92],[-67.5,-26.78]]}},{"type":"Feature","properties":{"level":1008},"geometry":{"type":"LineString","coordinates":[[32.19,-26.75],[32.42,-26.5],[32.0,-25.74],[31.87,-26.5],[32.19,-26.75]]}},{"type":"Feature","properties":{"level":1008},"geometry":{"type":"LineString","coordinates":[[127.25,-26.58],[127.1,-26.5],[127.25,-26.35],[127.42,-26.5],[127.25,-26.58]]}},{"type":"Feature","properties":{"level":1008},"geometry":{"type":"LineString","coordinates":[[-69.75,-24.58],[-70.1,-24.25],[-69.89,-23.75],[-69.75,-19.57],[-69.37,-20.5],[-69.22,-22.5],[-69.22,-23.5],[-69.75,-24.58]]}},{"type":"Feature","properties":{"level":1008},"geometry":{"type":"LineString","coordinates":[[-66.0,-24.61],[-66.54,-23.75],[-66.45,-22.75],[-66.75,-21.97],[-67.25,-21.91],[-68.14,-21.0],[-68.02,-20.5],[-68.52,-19.75],[-68.89,-17.75],[-69.5,-17.55],[-69.47,-17.25],[-70.25,-16.19],[-70.77,-16.0],[-70.96,-15.75],[-70.82,-15.25],[-71.12,-15.25],[-71.25,-15.67],[-71.83,-15.25],[-72.65,-14.25],[-72.56,-13.5],[-72.0,-13.45],[-71.0,-14.38],[-70.25,-14.22],[-69.25,-14.95],[-69.25,-15.4],[-69.75,-15.32],[-70.0,-15.75],[-69.57,-16.0],[-69.5,-16.32],[-69.0,-16.43],[-68.75,-16.75],[-68.25,-16.48],[-67.86,-17.25],[-67.0,-17.67],[-66.25,-17.35],[-65.75,-17.5],[-65.44,-18.5],[-65.88,-18.75],[-65.59,-19.0],[-65.5,-19.67],[-65.0,-19.64],[-64.94,-20.0],[-65.36,-22.75],[-65.1,-23.25],[-65.65,-23.75],[-66.0,-24.61]]}},{"type":"Feature","properties":{"level":1008},"geometry":{"type":"LineString","coordinates":[[-68.5,-23.85],[-68.72,-23.5],[-68.25,-22.79],[-68.09,-23.5],[-68.5,-23.85]]}},{"type":"Feature","properties":{"level":1008},"geometry":{"type":"LineString","coordinates":[[20.94,-22.75],[21.75,-22.95],[21.92,-22.5],[21.5,-22.11],[21.48,-22.5],[20.94,-22.75]]}},{"type":"Feature","properties":{"level":1008},"geometry":{"type":"LineString","coordinates":[[20.46,-21.75],[20.75,-21.96],[21.75,-21.9],[22.03,-21.5],[21.0,-20.6],[20.81,-20.75],[20.87,-21.5],[20.46,-21.75]]}},{"type":"Feature","properties":{"level":1008},"geometry":{"type":"LineString","coordinates":[[-66.92,-20.75],[-66.25,-20.92],[-66.4,-20.0],[-65.93,-19.75],[-66.75,-17.83],[-67.41,-18.75],[-67.25,-19.22],[-67.75,-19.09],[-68.18,-20.0],[-66.92,-20.75]]}},{"type":"Feature","properties":{"level":1008},"geometry":{"type":"LineString","coordinates":[[120.0,-20.04],[120.24,-20.0],[120.0,-20.04]]}},{"type":"Feature","properties":{"level":1008},"geometry":{"type":"LineString","coordinates":[[123.91,-19.5],[124.0,-19.75],[124.25,-19.25],[124.0,-18.88],[123.76,-19.25],[123.91,-19.5]]}},{"type":"Feature","properties":{"level":1008},"geometry":{"type":"LineString","coordinates":[[122.5,-18.05],[122.3,-18.0],[122.5,-17.88],[122.5,-18.05]]}},{"type":"Feature","properties":{"level":1008},"geometry":{"type":"LineString","coordinates":[[-165.0,-17.76],[-166.0,-17.5],[-167.33,-16.5],[-167.84,-16.0],[-168.0,-15.39],[-170.09,-13.25],[-170.31,-11.75],[-171.55,-9.25],[-171.54,-8.25],[-171.25,-7.98],[-170.5,-8.05],[-168.25,-7.32],[-165.0,-7.71],[-165.0,-8.03],[-164.75,-7.91],[-164.37,-8.5],[-163.38,-9.0],[-162.75,-9.91],[-161.96,-10.5],[-162.01,-10.75],[-160.94,-12.5],[-160.62,-14.25],[-161.17,-17.25],[-162.0,-17.61],[-163.75,-17.86],[-165.0,-17.76]]}},{"type":"Feature","properties":{"level":1008},"geometry":{"type":"LineString","coordinates":[[-44.5,-17.28],[-45.0,-16.84],[-45.25,-16.93],[-46.25,-15.84],[-46.84,-15.75],[-47.0,-15.34],[-48.5,-15.53],[-48.75,-15.22],[-49.21,-15.25],[-49.25,-14.91],[-50.0,-15.14],[-50.75,-15.8],[-52.0,-15.55],[-52.25,-14.86],[-52.75,-14.77],[-53.27,-14.25],[-53.37,-13.5],[-53.75,-13.56],[-54.01,-12.75],[-53.66,-12.25],[-53.85,-11.75],[-52.75,-12.29],[-52.92,-12.0],[-52.75,-11.74],[-52.0,-12.56],[-51.5,-12.69],[-51.08,-12.0],[-51.39,-11.0],[-51.01,-10.5],[-51.5,-9.89],[-52.25,-9.9],[-53.5,-9.49],[-53.75,-8.71],[-54.5,-8.84],[-54.9,-9.25],[-54.94,-9.5],[-53.96,-10.75],[-54.25,-11.44],[-54.75,-11.81],[-55.0,-11.25],[-54.65,-11.0],[-54.89,-10.75],[-54.95,-10.0],[-55.23,-9.75],[-55.06,-9.5],[-55.46,-9.5],[-55.75,-10.51],[-56.0,-9.69],[-56.25,-9.53],[-56.5,-9.94],[-56.79,-9.5],[-58.0,-8.96],[-58.0,-9.34],[-57.25,-9.57],[-56.71,-10.25],[-56.8,-10.5],[-57.25,-10.62],[-58.04,-9.75],[-58.75,-9.61],[-59.0,-9.14],[-59.5,-9.54],[-60.0,-9.13],[-60.17,-9.25],[-60.0,-9.91],[-61.5,-9.17],[-61.59,-10.0],[-62.28,-10.0],[-62.22,-10.5],[-61.46,-11.5],[-61.5,-11.9],[-61.75,-11.98],[-62.09,-11.25],[-63.25,-10.36],[-62.85,-10.0],[-63.0,-9.3],[-63.41,-9.25],[-63.47,-10.0],[-63.69,-10.0],[-63.9,-9.25],[-63.4,-9.0],[-63.5,-8.73],[-63.95,-8.75],[-64.07,-9.5],[-63.59,-10.75],[-62.37,-11.25],[-62.44,-12.0],[-61.86,-12.5],[-62.0,-12.73],[-63.0,-12.64],[-65.16,-11.25],[-66.02,-10.0],[-65.61,-9.5],[-66.47,-7.75],[-66.23,-7.25],[-66.85,-6.5],[-66.72,-6.0],[-67.0,-6.12],[-67.04,-5.75],[-67.75,-5.15],[-68.52,-4.0],[-68.36,-3.75],[-68.68,-3.0],[-68.4,-2.5],[-67.81,-2.25],[-67.81,-2.0],[-68.25,-1.68],[-68.61,-0.75],[-68.25,-0.68],[-68.04,-0.5],[-68.19,-0.25],[-67.57,0.0],[-67.62,0.25],[-67.25,0.27],[-66.75,0.78],[-66.5,2.12],[-65.5,2.27],[-65.0,2.81],[-64.5,2.36],[-63.23,2.25],[-64.11,3.5],[-64.0,4.13],[-63.75,4.3],[-63.5,4.02],[-63.17,4.5],[-63.52,4.75],[-63.5,5.19],[-63.0,4.93],[-62.5,5.18],[-62.08,5.0],[-62.16,4.75],[-61.75,4.41],[-60.5,4.67],[-59.5,4.55],[-59.0,4.94],[-58.5,4.93],[-58.0,6.33],[-57.25,5.91],[-55.25,6.08],[-54.5,5.9],[-52.75,5.01],[-51.5,4.0],[-51.0,2.18],[-50.25,1.5],[-50.65,0.25],[-50.06,-0.25],[-49.06,-0.5],[-48.5,-1.14],[-48.25,-0.82],[-47.75,-0.77],[-46.25,-1.36],[-45.43,-1.75],[-44.5,-2.85],[-43.75,-2.57],[-42.75,-2.81],[-41.0,-2.67],[-39.89,-3.25],[-39.25,-3.83],[-39.0,-4.47],[-37.75,-5.35],[-37.0,-5.64],[-36.61,-5.5],[-36.62,-6.75],[-37.52,-7.5],[-36.86,-8.0],[-36.84,-9.5],[-37.35,-10.25],[-38.18,-10.75],[-38.25,-11.5],[-38.78,-11.25],[-38.82,-12.0],[-39.5,-12.72],[-40.25,-12.81],[-40.7,-13.25],[-40.75,-14.05],[-40.83,-13.0],[-40.52,-12.75],[-40.55,-12.0],[-40.83,-11.25],[-41.44,-11.0],[-40.75,-10.38],[-40.75,-11.17],[-40.5,-11.12],[-40.07,-10.5],[-40.04,-10.0],[-40.5,-9.69],[-42.13,-9.75],[-41.5,-9.76],[-41.41,-10.0],[-41.75,-10.13],[-42.25,-11.35],[-43.0,-10.7],[-43.05,-10.25],[-43.5,-9.85],[-44.0,-9.86],[-44.25,-10.16],[-44.28,-9.75],[-44.75,-9.5],[-44.5,-8.58],[-43.81,-9.0],[-44.22,-9.5],[-44.0,-9.7],[-43.5,-9.34],[-43.25,-9.41],[-43.13,-9.0],[-44.0,-8.23],[-44.75,-8.07],[-45.06,-8.25],[-45.43,-7.0],[-45.81,-7.25],[-46.12,-8.25],[-46.87,-8.25],[-46.5,-8.75],[-46.0,-8.67],[-45.94,-8.25],[-45.5,-7.91],[-45.42,-8.5],[-45.15,-8.75],[-46.17,-9.75],[-46.32,-10.25],[-46.17,-10.75],[-46.94,-11.5],[-46.25,-12.31],[-45.44,-12.5],[-45.6,-11.0],[-45.25,-10.78],[-45.25,-10.41],[-45.0,-10.34],[-43.75,-11.13],[-43.25,-10.9],[-42.92,-11.25],[-42.91,-12.0],[-42.42,-12.25],[-42.2,-13.0],[-42.5,-13.33],[-42.75,-13.15],[-42.75,-13.84],[-40.91,-14.25],[-41.25,-15.0],[-41.5,-14.62],[-42.0,-15.11],[-42.5,-14.94],[-42.76,-15.25],[-42.43,-15.5],[-42.75,-15.57],[-43.5,-16.41],[-44.25,-15.86],[-44.78,-16.75],[-44.35,-17.25],[-44.5,-17.28]]}},{"type":"Feature","properties":{"level":1008},"geometry":{"type":"LineString","coordinates":[[26.63,-17.25],[26.75,-17.43],[27.0,-17.28],[27.5,-16.44],[26.55,-16.75],[26.63,-17.25]]}},{"type":"Feature","properties":{"level":1008},"geometry":{"type":"LineString","coordinates":[[33.25,-16.88],[32.6,-16.25],[33.0,-15.51],[33.75,-15.78],[34.25,-16.43],[34.75,-15.89],[35.31,-16.5],[34.75,-16.94],[33.75,-16.65],[33.25,-16.88]]}},{"type":"Feature","properties":{"level":1008},"geometry":{"type":"LineString","coordinates":[[28.28,-15.5],[29.25,-15.6],[29.88,-15.25],[29.75,-15.06],[29.0,-15.18],[28.5,-14.99],[28.28,-15.5]]}},{"type":"Feature","properties":{"level":1008},"geometry":{"type":"LineString","coordinates":[[-52.91,-13.0],[-52.65,-13.0],[-52.91,-13.0]]}},{"type":"Feature","properties":{"level":1008},"geometry":{"type":"LineString","coordinates":[[-44.62,-13.0],[-44.25,-13.15],[-43.71,-12.75],[-44.0,-12.05],[-44.83,-12.25],[-44.62,-13.0]]}},{"type":"Feature","properties":{"level":1008},"geometry":{"type":"LineString","coordinates":[[-53.49,-12.75],[-53.19,-12.75],[-53.49,-12.75]]}},{"type":"Feature","properties":{"level":1008},"geometry":{"type":"LineString","coordinates":[[28.5,-12.27],[28.03,-11.75],[28.33,-11.25],[28.68,-11.25],[28.75,-11.85],[29.28,-11.5],[29.06,-12.25],[28.5,-12.27]]}},{"type":"Feature","properties":{"level":1008},"geometry":{"type":"LineString","coordinates":[[29.75,-12.1],[29.54,-11.25],[29.75,-10.9],[30.75,-10.76],[30.87,-11.0],[30.0,-12.09],[29.75,-12.1]]}},{"type":"Feature","properties":{"level":1008},"geometry":{"type":"LineString","coordinates":[[-171.5,-10.88],[-171.7,-10.75],[-171.04,-10.75],[-171.5,-10.88]]}},{"type":"Feature","properties":{"level":1008},"geometry":{"type":"LineString","coordinates":[[-50.96,-10.5],[-50.63,-10.5],[-50.5,-9.99],[-50.77,-10.0],[-50.96,-10.5]]}},{"type":"Feature","properties":{"level":1008},"geometry":{"type":"LineString","coordinates":[[-42.6,-10.5],[-42.41,-10.5],[-42.5,-10.26],[-42.6,-10.5]]}},{"type":"Feature","properties":{"level":1008},"geometry":{"type":"LineString","coordinates":[[-48.07,-10.25],[-48.0,-10.43],[-47.85,-10.25],[-48.07,-10.25]]}},{"type":"Feature","properties":{"level":1008},"geometry":{"type":"LineString","coordinates":[[-42.44,-10.25],[-42.25,-10.14],[-42.44,-10.25]]}},{"type":"Feature","properties":{"level":1008},"geometry":{"type":"LineString","coordinates":[[-49.14,-9.75],[-48.89,-9.75],[-49.14,-9.75]]}},{"type":"Feature","properties":{"level":1008},"geometry":{"type":"LineString","coordinates":[[-49.27,-9.5],[-49.0,-9.29],[-48.75,-9.41],[-48.75,-9.06],[-49.26,-9.25],[-49.27,-9.5]]}},{"type":"Feature","properties":{"level":1008},"geometry":{"type":"LineString","coordinates":[[-43.21,-9.5],[-43.0,-9.68],[-42.85,-9.5],[-43.21,-9.5]]}},{"type":"Feature","properties":{"level":1008},"geometry":{"type":"LineString","coordinates":[[-46.8,-9.25],[-46.12,-9.0],[-46.5,-8.75],[-47.01,-9.0],[-46.8,-9.25]]}},{"type":"Feature","properties":{"level":1008},"geometry":{"type":"LineString","coordinates":[[-55.61,-9.0],[-55.5,-9.18],[-55.31,-9.0],[-55.61,-9.0]]}},{"type":"Feature","properties":{"level":1008},"geometry":{"type":"LineString","coordinates":[[-51.82,-9.0],[-51.32,-9.0],[-51.82,-9.0]]}},{"type":"Feature","properties":{"level":1008},"geometry":{"type":"LineString","coordinates":[[-64.76,-8.75],[-64.42,-8.75],[-64.75,-8.39],[-64.76,-8.75]]}},{"type":"Feature","properties":{"level":1008},"geometry":{"type":"LineString","coordinates":[[-58.33,-8.75],[-58.12,-8.75],[-58.33,-8.75]]}},{"type":"Feature","properties":{"level":1008},"geometry":{"type":"LineString","coordinates":[[-45.93,-8.75],[-45.75,-8.92],[-45.55,-8.75],[-45.93,-8.75]]}},{"type":"Feature","properties":{"level":1008},"geometry":{"type":"LineString","coordinates":[[-52.55,-8.0],[-52.5,-8.18],[-51.77,-8.0],[-52.55,-8.0]]}},{"type":"Feature","properties":{"level":1008},"geometry":{"type":"LineString","coordinates":[[-50.61,-7.75],[-50.4,-7.75],[-50.5,-7.32],[-51.0,-7.28],[-51.11,-7.5],[-50.61,-7.75]]}},{"type":"Feature","properties":{"level":1008},"geometry":{"type":"LineString","coordinates":[[-50.8,-7.0],[-50.75,-7.16],[-50.75,-6.7],[-50.8,-7.0]]}},{"type":"Feature","properties":{"level":1008},"geometry":{"type":"LineString","coordinates":[[-52.05,-6.25],[-52.0,-6.44],[-52.05,-6.25]]}},{"type":"Feature","properties":{"level":1008},"geometry":{"type":"LineString","coordinates":[[-66.84,-3.75],[-66.33,-3.5],[-66.25,-3.06],[-66.86,-3.25],[-67.06,-3.5],[-66.84,-3.75]]}},{"type":"Feature","properties":{"level":1008},"geometry":{"type":"LineString","coordinates":[[-69.75,-3.26],[-70.25,-2.77],[-70.75,-2.85],[-71.25,-2.63],[-69.5,-2.61],[-69.35,-2.75],[-69.75,-3.26]]}},{"type":"Feature","properties":{"level":1008},"geometry":{"type":"LineString","coordinates":[[-71.25,-1.52],[-71.75,-0.94],[-70.98,-1.25],[-70.94,-1.5],[-71.25,-1.52]]}},{"type":"Feature","properties":{"level":1008},"geometry":{"type":"LineString","coordinates":[[20.75,-1.51],[21.01,-1.5],[20.75,-1.51]]}},{"type":"Feature","properties":{"level":1008},"geometry":{"type":"LineString","coordinates":[[21.25,-1.36],[21.07,-1.25],[21.14,-0.75],[21.94,-0.5],[21.25,-1.36]]}},{"type":"Feature","properties":{"level":1008},"geometry":{"type":"LineString","coordinates":[[-70.0,-0.81],[-70.16,-0.75],[-70.0,-0.62],[-70.0,-0.81]]}},{"type":"Feature","properties":{"level":1008},"geometry":{"type":"LineString","coordinates":[[-71.0,-0.37],[-71.5,0.5],[-72.6,0.25],[-72.26,1.0],[-70.86,1.0],[-70.91,0.25],[-70.62,-0.25],[-71.0,-0.37]]}},{"type":"Feature","properties":{"level":1008},"geometry":{"type":"LineString","coordinates":[[132.25,-0.27],[132.25,0.19],[133.0,0.7],[133.25,1.16],[133.75,0.93],[134.5,1.22],[134.93,0.5],[134.93,0.25],[134.0,-0.31],[132.25,-0.27]]}},{"type":"Feature","properties":{"level":1008},"geometry":{"type":"LineString","coordinates":[[-68.75,-0.03],[-68.42,0.0],[-68.75,-0.03]]}},{"type":"Feature","properties":{"level":1008},"geometry":{"type":"LineString","coordinates":[[-73.25,0.24],[-73.5,0.62],[-72.98,0.25],[-73.25,0.24]]}},{"type":"Feature","properties":{"level":1008},"geometry":{"type":"LineString","coordinates":[[-69.0,0.16],[-69.24,0.25],[-69.0,0.16]]}},{"type":"Feature","properties":{"level":1008},"geometry":{"type":"LineString","coordinates":[[-70.0,0.7],[-70.49,1.0],[-70.25,1.36],[-69.62,1.0],[-69.63,0.75],[-70.0,0.7]]}},{"type":"Feature","properties":{"level":1008},"geometry":{"type":"LineString","coordinates":[[-67.5,0.66],[-67.69,0.75],[-67.5,0.66]]}},{"type":"Feature","properties":{"level":1008},"geometry":{"type":"LineString","coordinates":[[-66.19,0.75],[-65.84,0.75],[-65.4,1.75],[-65.5,2.21],[-66.19,0.75]]}},{"type":"Feature","properties":{"level":1008},"geometry":{"type":"LineString","coordinates":[[-66.25,2.57],[-66.25,3.0],[-66.25,2.57]]}},{"type":"Feature","properties":{"level":1008},"geometry":{"type":"LineString","coordinates":[[-65.25,3.28],[-65.25,3.67],[-65.0,3.67],[-65.0,3.31],[-65.25,3.28]]}},{"type":"Feature","properties":{"level":1008},"geometry":{"type":"LineString","coordinates":[[167.5,3.5],[165.75,3.71],[165.5,4.14],[164.5,4.21],[164.25,4.73],[163.51,5.0],[163.66,5.25],[163.07,6.0],[163.44,6.75],[163.25,8.8],[163.69,8.75],[163.59,7.75],[163.75,7.63],[163.9,7.75],[163.76,8.25],[164.5,8.75],[166.75,8.71],[167.24,9.0],[167.75,9.94],[168.25,10.14],[168.68,9.75],[168.71,9.25],[169.56,8.5],[170.69,8.0],[170.6,7.25],[170.0,7.28],[170.11,7.0],[169.04,6.25],[169.35,5.75],[169.26,5.0],[168.25,4.88],[168.18,4.5],[167.46,4.0],[167.5,3.5]]}},{"type":"Feature","properties":{"level":1008},"geometry":{"type":"LineString","coordinates":[[135.25,4.48],[133.25,5.62],[132.25,5.53],[131.59,6.25],[129.75,7.25],[129.25,8.23],[127.56,8.75],[127.17,10.0],[126.75,10.5],[127.25,12.44],[128.47,13.75],[128.76,14.25],[128.46,14.5],[129.5,14.97],[129.66,15.25],[129.43,15.5],[131.0,17.27],[133.0,18.88],[136.0,20.67],[139.0,21.5],[142.25,21.19],[143.75,20.65],[145.8,19.0],[147.71,16.5],[147.94,15.0],[147.81,14.5],[148.11,13.75],[147.42,12.0],[147.35,11.0],[146.5,9.17],[145.75,8.35],[145.0,8.05],[144.07,7.0],[143.25,6.63],[142.5,6.53],[140.5,5.56],[140.0,5.63],[139.5,5.12],[138.25,5.31],[137.0,5.09],[136.5,5.5],[136.23,4.5],[135.75,4.25],[135.25,4.48]]}},{"type":"Feature","properties":{"level":1008},"geometry":{"type":"LineString","coordinates":[[-66.0,4.94],[-66.39,5.25],[-66.0,5.5],[-65.56,5.25],[-66.0,4.94]]}},{"type":"Feature","properties":{"level":1008},"geometry":{"type":"LineString","coordinates":[[-63.0,5.69],[-63.59,6.75],[-62.68,7.5],[-63.0,7.67],[-63.75,7.46],[-64.25,7.08],[-64.75,6.17],[-64.98,6.5],[-64.91,7.0],[-64.5,7.51],[-65.25,7.5],[-65.55,7.75],[-62.99,8.75],[-62.75,9.37],[-61.75,9.56],[-61.35,8.75],[-61.75,8.34],[-62.25,8.29],[-62.25,8.09],[-61.25,8.06],[-61.19,8.25],[-60.5,8.31],[-60.62,7.5],[-61.06,6.25],[-62.0,6.23],[-62.5,6.64],[-63.0,5.69]]}},{"type":"Feature","properties":{"level":1008},"geometry":{"type":"LineString","coordinates":[[126.75,5.89],[126.62,6.0],[126.75,5.89]]}},{"type":"Feature","properties":{"level":1008},"geometry":{"type":"LineString","coordinates":[[-58.25,6.36],[-58.25,6.58],[-58.09,6.5],[-58.25,6.36]]}},{"type":"Feature","properties":{"level":1008},"geometry":{"type":"LineString","coordinates":[[-71.25,6.67],[-71.75,7.28],[-71.28,7.0],[-71.25,6.67]]}},{"type":"Feature","properties":{"level":1008},"geometry":{"type":"LineString","coordinates":[[169.06,7.0],[169.25,6.85],[169.46,7.0],[169.06,7.0]]}},{"type":"Feature","properties":{"level":1008},"geometry":{"type":"LineString","coordinates":[[-77.0,7.14],[-77.35,7.5],[-77.04,8.25],[-77.27,8.75],[-76.71,9.25],[-77.06,9.75],[-76.72,10.25],[-76.79,11.0],[-76.25,11.41],[-74.0,11.7],[-73.75,12.1],[-72.25,12.67],[-71.25,12.17],[-71.0,12.34],[-70.0,12.13],[-68.41,11.0],[-68.36,10.5],[-69.5,10.47],[-69.59,10.0],[-70.25,9.83],[-71.25,9.11],[-72.5,7.72],[-73.36,9.0],[-72.63,10.0],[-72.5,10.99],[-73.0,10.63],[-73.25,11.32],[-74.0,11.49],[-74.23,11.25],[-74.0,10.49],[-73.75,10.25],[-73.16,10.5],[-73.75,7.92],[-73.77,8.25],[-74.25,8.58],[-75.0,7.68],[-76.0,8.13],[-76.5,8.1],[-76.75,7.11],[-77.0,7.14]]}},{"type":"Feature","properties":{"level":1008},"geometry":{"type":"LineString","coordinates":[[-66.75,7.13],[-66.75,7.35],[-66.75,7.13]]}},{"type":"Feature","properties":{"level":1008},"geometry":{"type":"LineString","coordinates":[[-65.75,7.17],[-65.75,7.4],[-65.75,7.17]]}},{"type":"Feature","properties":{"level":1008},"geometry":{"type":"LineString","coordinates":[[163.0,7.11],[162.82,7.25],[163.0,7.35],[163.18,7.25],[163.0,7.11]]}},{"type":"Feature","properties":{"level":1008},"geometry":{"type":"LineString","coordinates":[[172.25,7.43],[171.5,7.57],[171.06,8.25],[171.75,8.45],[173.5,8.16],[173.5,7.92],[173.0,7.6],[172.25,7.43]]}},{"type":"Feature","properties":{"level":1008},"geometry":{"type":"LineString","coordinates":[[-66.25,7.72],[-66.5,7.76],[-66.5,8.3],[-66.08,8.0],[-66.25,7.72]]}},{"type":"Feature","properties":{"level":1008},"geometry":{"type":"LineString","coordinates":[[-61.56,7.75],[-60.92,7.75],[-61.5,7.95],[-61.56,7.75]]}},{"type":"Feature","properties":{"level":1008},"geometry":{"type":"LineString","coordinates":[[170.5,8.4],[170.41,9.0],[169.9,9.5],[169.75,10.02],[171.0,9.85],[171.33,9.5],[171.16,9.25],[171.45,9.0],[171.25,8.77],[170.65,9.0],[170.5,8.4]]}},{"type":"Feature","properties":{"level":1008},"geometry":{"type":"LineString","coordinates":[[178.75,8.43],[178.75,8.61],[178.97,8.5],[178.75,8.43]]}},{"type":"Feature","properties":{"level":1008},"geometry":{"type":"LineString","coordinates":[[13.5,8.71],[11.22,9.25],[11.85,9.75],[11.16,10.25],[11.21,10.75],[10.6,11.0],[11.75,11.67],[12.11,11.25],[12.0,10.5],[12.25,10.41],[12.75,11.47],[15.0,12.63],[15.5,13.14],[17.5,13.95],[20.29,13.75],[20.54,13.5],[20.38,13.25],[20.95,12.75],[20.96,12.25],[21.75,12.16],[22.4,11.25],[22.25,9.86],[21.83,9.75],[21.5,9.33],[20.25,9.67],[19.75,9.33],[18.5,9.34],[18.5,10.0],[18.25,10.31],[17.75,9.91],[16.75,9.84],[16.0,9.11],[15.25,9.55],[14.5,8.55],[13.5,8.71]]}},{"type":"Feature","properties":{"level":1008},"geometry":{"type":"LineString","coordinates":[[-65.5,9.15],[-65.5,9.83],[-65.25,9.97],[-64.55,9.75],[-65.0,9.19],[-65.5,9.15]]}},{"type":"Feature","properties":{"level":1008},"geometry":{"type":"LineString","coordinates":[[178.5,9.11],[178.28,9.25],[178.5,9.39],[178.67,9.25],[178.5,9.11]]}},{"type":"Feature","properties":{"level":1008},"geometry":{"type":"LineString","coordinates":[[-75.34,9.5],[-75.08,9.75],[-75.25,9.86],[-75.34,9.5]]}},{"type":"Feature","properties":{"level":1008},"geometry":{"type":"LineString","coordinates":[[12.76,10.0],[13.5,9.81],[14.14,10.75],[14.0,11.02],[13.75,11.18],[12.76,10.0]]}},{"type":"Feature","properties":{"level":1008},"geometry":{"type":"LineString","coordinates":[[-66.25,10.24],[-65.98,10.25],[-66.25,10.24]]}},{"type":"Feature","properties":{"level":1008},"geometry":{"type":"LineString","coordinates":[[10.75,10.19],[10.75,10.64],[10.75,10.19]]}},{"type":"Feature","properties":{"level":1008},"geometry":{"type":"LineString","coordinates":[[-179.75,10.42],[-179.65,10.75],[-179.31,10.75],[-179.75,10.42]]}},{"type":"Feature","properties":{"level":1008},"geometry":{"type":"LineString","coordinates":[[18.71,11.0],[18.94,11.0],[18.71,11.0]]}},{"type":"Feature","properties":{"level":1008},"geometry":{"type":"LineString","coordinates":[[11.25,11.74],[10.47,12.25],[10.32,13.0],[10.91,12.75],[11.62,12.0],[11.25,11.74]]}},{"type":"Feature","properties":{"level":1008},"geometry":{"type":"LineString","coordinates":[[18.69,11.75],[19.0,11.75],[19.0,12.03],[18.69,11.75]]}},{"type":"Feature","properties":{"level":1008},"geometry":{"type":"LineString","coordinates":[[-100.5,11.98],[-101.44,12.5],[-101.42,13.25],[-100.5,13.98],[-100.0,13.93],[-99.53,13.5],[-99.4,12.75],[-99.75,12.22],[-100.5,11.98]]}},{"type":"Feature","properties":{"level":1008},"geometry":{"type":"LineString","coordinates":[[-1.25,11.87],[-2.0,12.69],[-2.5,12.64],[-3.0,12.17],[-4.0,12.9],[-4.01,13.25],[-4.25,13.42],[-4.5,13.27],[-4.84,14.75],[-4.25,15.27],[-4.36,15.75],[-3.68,16.5],[-3.87,17.0],[-3.72,17.5],[-2.75,19.28],[-2.0,19.85],[-1.5,19.77],[-1.0,20.18],[-0.25,20.04],[0.0,19.43],[0.5,20.09],[1.17,18.5],[1.54,18.25],[1.59,17.75],[2.5,17.47],[2.55,16.5],[3.0,16.2],[3.25,16.39],[3.75,15.97],[4.25,16.17],[4.4,16.0],[3.94,15.5],[4.0,15.28],[5.0,14.34],[5.02,14.0],[4.86,13.5],[4.0,13.0],[3.25,11.77],[2.75,11.95],[2.5,12.39],[1.96,12.25],[2.23,12.5],[2.0,13.01],[1.04,13.0],[-0.25,12.38],[-0.74,12.5],[-0.5,12.76],[0.5,13.0],[0.0,13.53],[-0.25,13.25],[-1.0,13.35],[-1.45,13.0],[-1.02,12.75],[-1.41,12.5],[-1.25,12.29],[-1.0,12.45],[-0.8,12.25],[-0.77,12.0],[-1.25,11.87]]}},{"type":"Feature","properties":{"level":1008},"geometry":{"type":"LineString","coordinates":[[31.0,12.48],[30.86,12.75],[31.05,13.5],[31.79,14.75],[32.5,15.53],[33.75,15.6],[34.25,15.87],[34.14,16.25],[34.5,17.21],[34.75,17.52],[35.25,17.61],[35.2,16.75],[35.5,16.7],[35.73,16.0],[36.25,15.69],[36.25,15.26],[35.5,14.93],[34.75,15.41],[34.5,15.29],[34.25,14.21],[33.5,14.54],[33.25,13.99],[32.75,14.26],[32.27,13.5],[31.26,12.5],[31.0,12.48]]}},{"type":"Feature","properties":{"level":1008},"geometry":{"type":"LineString","coordinates":[[-3.62,14.5],[-3.12,14.75],[-3.25,14.98],[-3.7,14.75],[-3.62,14.5]]}},{"type":"Feature","properties":{"level":1008},"geometry":{"type":"LineString","coordinates":[[-10.75,14.97],[-10.75,15.18],[-10.75,14.97]]}},{"type":"Feature","properties":{"level":1008},"geometry":{"type":"LineString","coordinates":[[-10.5,15.24],[-10.88,15.5],[-10.5,15.65],[-10.32,15.5],[-10.5,15.24]]}},{"type":"Feature","properties":{"level":1008},"geometry":{"type":"LineString","coordinates":[[1.75,15.75],[2.0,15.58],[2.22,15.75],[2.0,16.11],[1.75,15.75]]}},{"type":"Feature","properties":{"level":1008},"geometry":{"type":"LineString","coordinates":[[37.5,15.74],[37.5,16.0],[37.5,15.74]]}},{"type":"Feature","properties":{"level":1008},"geometry":{"type":"LineString","coordinates":[[88.25,18.69],[86.88,20.0],[86.48,21.0],[86.93,23.5],[87.75,24.87],[88.9,25.75],[89.75,26.01],[90.25,25.47],[93.03,25.0],[93.26,24.5],[92.83,23.5],[93.0,21.98],[92.38,19.75],[91.5,19.01],[90.75,18.73],[88.25,18.69]]}},{"type":"Feature","properties":{"level":1008},"geometry":{"type":"LineString","coordinates":[[124.25,32.67],[121.32,33.5],[120.0,34.64],[119.41,35.5],[119.71,36.75],[120.75,38.5],[122.42,40.0],[124.0,41.01],[126.0,41.35],[127.25,41.22],[127.66,41.0],[128.0,40.28],[130.5,39.48],[131.96,38.25],[132.22,37.75],[132.17,36.75],[131.25,35.79],[129.49,35.0],[128.18,33.75],[127.0,33.43],[126.5,33.56],[124.75,32.66],[124.25,32.67]]}},{"type":"Feature","properties":{"level":1008},"geometry":{"type":"LineString","coordinates":[[180.0,52.51],[176.25,52.18],[166.75,50.72],[165.0,49.98],[162.0,47.92],[159.32,45.5],[157.25,45.2],[157.0,45.25],[157.16,45.5],[157.0,45.61],[154.46,46.75],[152.0,49.22],[147.44,51.0],[142.0,53.59],[138.13,56.25],[138.4,57.0],[139.87,58.0],[139.0,58.75],[140.0,58.98],[140.62,59.5],[140.5,59.75],[141.26,60.5],[141.13,61.0],[141.78,61.25],[140.63,62.5],[140.75,62.89],[142.42,62.5],[142.01,62.25],[142.25,62.11],[143.0,62.39],[143.71,62.25],[144.0,61.53],[147.75,61.26],[148.4,61.5],[147.75,61.75],[147.95,62.25],[147.56,62.5],[147.25,63.24],[145.25,64.39],[144.75,64.43],[144.5,63.9],[143.25,64.31],[142.75,64.0],[141.5,63.93],[141.5,64.52],[142.37,65.0],[140.25,64.94],[139.93,65.5],[139.5,65.51],[138.48,65.0],[139.0,64.41],[137.75,64.13],[136.75,64.26],[136.75,63.71],[135.0,63.57],[136.0,63.14],[136.1,62.75],[134.5,62.05],[131.5,61.61],[129.25,61.59],[123.0,62.24],[116.25,63.46],[110.0,65.6],[107.75,66.15],[104.0,65.83],[102.0,66.24],[101.0,66.14],[96.5,67.12],[95.75,66.99],[94.0,67.37],[92.05,68.25],[91.59,69.0],[91.75,69.29],[93.29,69.75],[93.0,69.88],[92.25,69.81],[91.05,70.5],[82.92,73.25],[78.25,73.99],[71.5,73.5],[67.25,72.42],[57.0,73.14],[54.75,72.98],[54.0,73.27],[48.25,73.13],[39.25,72.49],[20.5,71.76],[8.75,70.6],[-7.25,67.92],[-9.64,67.75],[-12.5,66.83],[-13.75,66.78],[-16.55,65.75],[-18.0,66.09],[-18.75,65.92],[-19.5,66.09],[-21.5,65.5],[-23.11,65.5],[-26.5,64.21],[-28.5,62.8],[-36.0,59.0],[-38.75,57.83],[-41.0,57.27],[-41.5,57.79],[-43.25,57.9],[-44.5,58.36],[-45.25,58.29],[-46.25,58.6],[-48.0,58.52],[-51.25,57.69],[-55.0,57.24],[-62.0,57.46],[-63.87,58.25],[-65.5,59.62],[-74.63,63.75],[-76.75,65.18],[-79.25,65.56],[-81.75,65.33],[-82.25,64.75],[-84.55,65.25],[-84.5,64.75],[-84.25,64.56],[-83.5,64.5],[-82.0,63.88],[-80.76,62.5],[-80.45,61.75],[-80.71,59.75],[-81.25,58.6],[-82.25,57.38],[-86.03,55.0],[-88.25,54.16],[-91.5,53.89],[-94.5,54.05],[-97.25,55.67],[-99.0,56.4],[-101.25,56.41],[-104.0,55.94],[-108.75,55.7],[-113.5,57.0],[-115.0,57.71],[-115.5,57.52],[-115.75,57.71],[-115.9,58.0],[-115.61,58.25],[-116.21,58.75],[-115.0,59.17],[-113.72,59.25],[-113.46,59.75],[-113.61,60.5],[-114.06,60.75],[-114.18,61.5],[-114.87,62.25],[-115.05,63.0],[-115.5,63.5],[-115.13,65.25],[-113.75,66.45],[-110.0,67.6],[-105.75,68.53],[-102.0,69.08],[-99.75,69.16],[-95.75,69.09],[-92.75,68.67],[-91.45,68.0],[-89.0,67.42],[-87.0,66.15],[-86.25,66.14],[-85.5,66.5],[-84.0,66.1],[-81.98,67.5],[-83.0,68.58],[-83.75,69.0],[-84.75,69.08],[-84.11,68.75],[-86.75,68.55],[-88.68,69.25],[-88.72,69.5],[-88.25,69.94],[-87.25,70.3],[-82.74,70.25],[-83.0,70.8],[-84.25,71.21],[-85.5,71.14],[-86.25,71.65],[-86.54,72.25],[-85.94,73.5],[-87.73,74.25],[-87.5,74.5],[-85.24,74.75],[-84.25,75.26],[-82.47,75.5],[-82.65,75.75],[-86.75,75.69],[-89.25,76.07],[-90.0,76.56],[-93.25,76.64],[-96.25,77.0],[-117.75,76.68],[-136.75,74.88],[-141.0,74.22],[-147.25,72.85],[-151.75,72.97],[-158.01,72.25],[-159.75,71.74],[-160.16,71.5],[-160.26,71.0],[-162.0,70.4],[-164.9,68.75],[-165.76,68.5],[-165.71,68.0],[-166.0,67.57],[-167.75,66.74],[-169.5,66.2],[-172.75,66.26],[-175.86,65.25],[-178.89,62.5],[-179.04,61.5],[-178.5,59.75],[-176.95,58.0],[-176.0,57.33],[-173.5,56.25],[-172.25,56.06],[-171.5,56.11],[-171.24,56.25],[-171.25,56.53],[-167.5,56.79],[-162.25,58.87],[-160.5,57.85],[-159.0,57.92],[-157.0,58.88],[-155.86,59.75],[-155.65,60.25],[-155.0,60.58],[-154.0,60.28],[-154.0,59.88],[-152.96,60.0],[-152.0,61.07],[-150.5,61.5],[-150.0,62.26],[-149.73,62.25],[-149.51,61.75],[-149.0,61.61],[-148.5,61.04],[-148.25,61.32],[-147.0,61.4],[-145.25,60.73],[-143.5,60.61],[-142.75,60.34],[-141.25,60.36],[-140.25,60.12],[-139.75,60.31],[-138.25,59.47],[-137.25,59.49],[-136.75,60.61],[-135.8,60.75],[-136.08,61.0],[-135.25,61.03],[-134.36,61.75],[-134.86,62.25],[-134.21,62.75],[-134.31,63.0],[-135.43,63.25],[-134.92,63.5],[-135.15,63.75],[-135.0,63.89],[-134.25,63.8],[-134.0,63.54],[-130.75,63.87],[-130.25,64.15],[-129.46,64.0],[-129.25,64.25],[-128.5,63.94],[-127.75,64.0],[-127.12,63.5],[-126.76,62.75],[-126.25,62.71],[-126.15,62.5],[-126.44,62.0],[-125.41,61.25],[-124.45,61.0],[-124.5,60.27],[-124.95,60.0],[-124.86,59.25],[-127.75,58.95],[-130.5,59.63],[-131.5,59.42],[-131.72,60.0],[-132.5,60.04],[-132.75,60.4],[-133.18,60.25],[-132.5,59.99],[-132.32,59.25],[-132.5,59.01],[-133.6,59.25],[-133.56,59.0],[-134.41,58.5],[-134.0,58.31],[-133.25,58.61],[-132.57,58.5],[-132.38,58.25],[-132.5,58.04],[-133.25,58.09],[-133.44,58.0],[-133.3,57.75],[-131.39,55.0],[-130.42,54.5],[-130.75,54.25],[-131.18,52.25],[-132.5,50.54],[-134.75,48.93],[-137.75,47.46],[-138.75,47.2],[-140.75,47.68],[-142.25,47.45],[-142.75,48.48],[-143.25,48.39],[-144.0,48.76],[-145.23,50.25],[-148.5,52.13],[-151.0,52.68],[-152.25,52.36],[-153.0,52.46],[-155.0,53.45],[-156.5,53.23],[-158.75,53.33],[-160.92,52.75],[-161.5,51.98],[-164.5,52.39],[-165.24,51.5],[-164.9,50.25],[-164.9,49.25],[-165.25,48.75],[-166.75,48.83],[-168.0,49.45],[-172.0,48.9],[-174.25,49.12],[-176.64,50.25],[-177.47,51.0],[-178.07,52.0],[-179.25,52.56],[-180.0,52.51]]}},{"type":"Feature","properties":{"level":1008},"geometry":{"type":"LineString","coordinates":[[-121.75,57.23],[-122.75,57.42],[-122.75,58.02],[-123.75,58.1],[-124.78,59.0],[-123.75,59.05],[-123.49,59.0],[-123.83,58.75],[-123.25,58.73],[-122.29,59.5],[-120.0,59.15],[-119.5,59.35],[-119.14,59.25],[-119.21,58.75],[-118.5,58.58],[-117.24,57.75],[-117.5,57.6],[-118.5,57.84],[-121.75,57.23]]}},{"type":"Feature","properties":{"level":1008},"geometry":{"type":"LineString","coordinates":[[-154.8,58.5],[-154.5,58.43],[-154.03,58.75],[-154.75,59.3],[-155.11,59.0],[-154.8,58.5]]}},{"type":"Feature","properties":{"level":1008},"geometry":{"type":"LineString","coordinates":[[-128.75,60.0],[-127.68,60.0],[-128.75,60.0]]}},{"type":"Feature","properties":{"level":1008},"geometry":{"type":"LineString","coordinates":[[-129.67,60.25],[-129.0,60.19],[-129.15,60.5],[-128.6,60.75],[-129.25,60.9],[-129.75,60.71],[-129.88,60.5],[-129.67,60.25]]}},{"type":"Feature","properties":{"level":1008},"geometry":{"type":"LineString","coordinates":[[146.75,61.66],[145.91,62.0],[146.75,62.09],[147.06,61.75],[146.75,61.66]]}},{"type":"Feature","properties":{"level":1008},"geometry":{"type":"LineString","coordinates":[[-84.96,69.5],[-84.75,69.28],[-84.45,69.5],[-84.96,69.5]]}},{"type":"Feature","properties":{"level":1008},"geometry":{"type":"LineString","coordinates":[[-71.92,69.5],[-70.75,69.45],[-70.63,69.75],[-71.5,70.41],[-72.25,70.42],[-73.88,71.0],[-73.5,71.25],[-77.5,71.84],[-78.0,72.34],[-79.15,72.0],[-77.58,71.5],[-77.58,71.25],[-77.0,70.89],[-75.88,70.75],[-75.25,70.4],[-74.25,70.54],[-73.5,70.38],[-71.92,69.5]]}},{"type":"Feature","properties":{"level":1008},"geometry":{"type":"LineString","coordinates":[[-83.64,71.25],[-83.13,71.5],[-83.98,71.5],[-83.64,71.25]]}},{"type":"Feature","properties":{"level":1008},"geometry":{"type":"LineString","coordinates":[[-84.56,71.5],[-84.25,71.29],[-83.78,72.0],[-81.17,72.75],[-82.0,73.38],[-83.5,73.49],[-84.75,73.3],[-85.16,72.75],[-84.63,72.5],[-85.03,71.75],[-84.56,71.5]]}},{"type":"Feature","properties":{"level":1008},"geometry":{"type":"LineString","coordinates":[[-81.48,71.75],[-81.0,71.69],[-80.89,72.0],[-81.51,72.0],[-81.48,71.75]]}},{"type":"Feature","properties":{"level":1008},"geometry":{"type":"LineString","coordinates":[[-48.69,73.25],[-43.0,73.44],[-37.0,74.18],[-34.75,73.95],[-28.38,76.0],[-25.5,76.31],[-24.64,77.0],[-26.12,77.5],[-26.75,78.12],[-27.5,78.37],[-27.66,78.5],[-27.23,79.0],[-27.4,79.25],[-28.13,79.5],[-28.72,80.25],[-29.77,80.75],[-39.25,81.63],[-50.5,80.69],[-56.25,80.63],[-56.9,80.5],[-56.93,80.25],[-57.97,79.75],[-62.0,79.38],[-65.33,78.5],[-64.25,77.98],[-63.44,77.25],[-63.5,76.99],[-56.5,76.24],[-55.6,75.75],[-52.75,75.02],[-53.41,74.75],[-53.59,74.25],[-52.69,73.75],[-51.25,73.43],[-50.0,73.58],[-48.69,73.25]]}},{"type":"Feature","properties":{"level":1008},"geometry":{"type":"LineString","coordinates":[[-88.71,76.75],[-87.75,76.65],[-84.77,77.0],[-87.0,77.03],[-88.71,76.75]]}},{"type":"Feature","properties":{"level":1008},"geometry":{"type":"LineString","coordinates":[[-81.03,77.5],[-80.4,77.5],[-80.12,77.75],[-80.3,78.25],[-79.23,78.5],[-80.75,78.71],[-81.75,78.41],[-81.9,78.25],[-81.03,77.5]]}},{"type":"Feature","properties":{"level":1008},"geometry":{"type":"LineString","coordinates":[[-83.94,77.75],[-82.75,77.71],[-81.95,78.0],[-82.5,78.34],[-84.57,78.25],[-84.0,78.08],[-83.94,77.75]]}},{"type":"Feature","properties":{"level":1008},"geometry":{"type":"LineString","coordinates":[[-78.04,78.5],[-77.4,78.75],[-78.42,78.75],[-78.04,78.5]]}},{"type":"Feature","properties":{"level":1008},"geometry":{"type":"LineString","coordinates":[[-76.68,80.25],[-75.32,80.25],[-76.0,80.5],[-76.68,80.25]]}},{"type":"Feature","properties":{"level":1008},"geometry":{"type":"LineString","coordinates":[[-74.64,80.5],[-73.4,80.5],[-73.75,80.69],[-74.64,80.5]]}},{"type":"Feature","properties":{"level":1008},"geometry":{"type":"LineString","coordinates":[[-79.51,81.0],[-73.34,81.25],[-73.75,81.5],[-77.5,81.65],[-78.0,81.34],[-79.27,81.25],[-79.51,81.0]]}},{"type":"Feature","properties":{"level":1012},"geometry":{"type":"LineString","coordinates":[[58.39,-88.75],[71.0,-88.89],[98.25,-88.68],[111.0,-88.21],[117.7,-87.5],[122.51,-86.5],[123.73,-86.0],[124.0,-85.23],[126.83,-83.25],[126.38,-82.75],[126.63,-82.5],[126.21,-82.25],[124.2,-82.0],[123.62,-81.75],[123.65,-81.25],[126.25,-81.05],[128.25,-80.31],[128.75,-79.57],[129.55,-79.25],[129.25,-78.13],[132.09,-76.75],[131.61,-76.25],[131.75,-75.83],[134.0,-75.68],[135.75,-76.35],[136.07,-76.25],[135.82,-76.0],[136.9,-75.5],[135.36,-74.75],[134.67,-74.0],[134.23,-72.0],[134.51,-72.0],[133.75,-71.25],[133.99,-71.0],[132.5,-70.32],[129.75,-70.33],[128.75,-70.6],[128.67,-70.25],[128.25,-70.23],[127.25,-70.67],[123.0,-71.51],[114.25,-72.09],[111.29,-72.5],[109.0,-72.47],[105.0,-71.99],[95.0,-72.82],[94.21,-73.0],[95.0,-73.6],[100.61,-75.75],[103.0,-76.29],[109.8,-77.0],[112.24,-77.75],[112.46,-78.25],[111.25,-78.82],[104.25,-80.75],[92.25,-80.65],[86.0,-80.91],[81.62,-80.5],[82.89,-80.0],[82.5,-79.7],[74.0,-79.65],[67.5,-79.0],[66.71,-78.5],[66.83,-78.25],[66.0,-78.06],[65.0,-77.16],[63.5,-77.19],[62.5,-76.46],[60.45,-76.25],[58.0,-75.58],[52.55,-75.0],[52.47,-74.75],[52.75,-74.36],[54.75,-74.04],[56.36,-73.0],[56.43,-71.75],[56.0,-71.64],[53.5,-71.89],[49.5,-73.12],[45.0,-73.73],[43.5,-74.22],[40.25,-74.08],[34.5,-74.48],[31.75,-74.38],[26.5,-73.75],[22.51,-74.25],[18.0,-74.03],[16.31,-74.25],[28.5,-76.8],[36.3,-78.0],[38.41,-78.75],[40.17,-79.75],[41.78,-82.0],[41.71,-82.5],[40.55,-83.25],[40.57,-83.5],[41.14,-84.25],[43.0,-85.0],[41.08,-85.5],[40.9,-85.75],[45.61,-86.75],[42.88,-87.25],[53.8,-88.5],[58.39,-88.75]]}},{"type":"Feature","properties":{"level":1012},"geometry":{"type":"LineString","coordinates":[[15.22,-88.0],[26.75,-88.14],[27.83,-88.0],[27.25,-87.49],[26.25,-87.25],[29.98,-87.0],[25.25,-86.71],[20.5,-86.86],[19.79,-86.75],[21.0,-86.5],[20.71,-86.25],[18.5,-85.95],[15.8,-86.0],[13.64,-86.5],[15.79,-87.0],[14.32,-87.5],[14.27,-87.75],[15.22,-88.0]]}},{"type":"Feature","properties":{"level":1012},"geometry":{"type":"LineString","coordinates":[[75.25,-81.03],[75.01,-80.75],[75.75,-80.42],[79.84,-80.5],[76.5,-81.09],[75.25,-81.03]]}},{"type":"Feature","properties":{"level":1012},"geometry":{"type":"LineString","coordinates":[[84.9,-80.0],[86.49,-80.0],[86.38,-79.75],[84.34,-79.75],[84.9,-80.0]]}},{"type":"Feature","properties":{"level":1012},"geometry":{"type":"LineString","coordinates":[[-180.0,-45.86],[-171.25,-43.91],[-167.0,-43.57],[-162.5,-43.54],[-155.5,-44.57],[-144.5,-47.97],[-141.75,-48.47],[-137.0,-48.35],[-132.25,-46.99],[-129.25,-47.0],[-124.75,-48.25],[-118.0,-50.95],[-110.75,-53.5],[-91.25,-58.43],[-80.5,-60.1],[-67.25,-60.99],[-62.75,-60.69],[-59.49,-59.75],[-54.6,-57.75],[-52.42,-56.25],[-51.78,-55.25],[-51.81,-54.5],[-52.4,-53.75],[-51.59,-52.25],[-51.25,-52.1],[-48.75,-51.72],[-37.75,-51.63],[-30.5,-51.05],[-21.75,-49.61],[-13.75,-46.96],[-12.0,-47.04],[-7.0,-48.12],[-0.25,-48.94],[2.75,-48.46],[9.75,-46.77],[13.0,-46.49],[15.5,-46.58],[17.39,-47.0],[20.65,-48.5],[20.9,-49.0],[21.11,-50.75],[21.75,-51.73],[24.5,-52.16],[28.25,-51.91],[39.25,-49.94],[44.52,-49.5],[48.25,-48.91],[51.75,-48.93],[58.5,-49.64],[59.5,-49.56],[64.0,-50.33],[67.5,-50.14],[69.25,-49.61],[69.25,-49.1],[69.75,-49.31],[70.75,-49.15],[75.25,-47.16],[76.47,-45.75],[79.25,-43.5],[82.75,-41.41],[86.0,-38.88],[88.76,-37.75],[93.0,-36.44],[96.0,-35.88],[99.75,-35.65],[110.5,-36.99],[116.0,-36.67],[119.5,-35.76],[121.25,-34.51],[122.75,-34.64],[123.28,-33.5],[122.03,-31.0],[121.11,-30.0],[120.25,-28.05],[119.54,-27.25],[118.76,-25.5],[118.86,-24.75],[118.3,-24.25],[118.63,-24.0],[118.57,-23.5],[118.82,-23.25],[118.54,-22.75],[116.96,-21.75],[116.33,-21.0],[116.5,-16.5],[116.14,-14.75],[113.81,-12.25],[112.97,-11.75],[113.25,-10.97],[115.1,-9.5],[115.62,-8.25],[112.5,-7.54],[112.25,-7.76],[111.75,-7.56],[111.5,-7.74],[111.25,-7.4],[111.0,-7.61],[110.25,-7.06],[109.0,-7.11],[107.75,-6.62],[107.25,-6.79],[107.0,-6.59],[106.16,-6.75],[106.5,-7.3],[107.32,-7.5],[107.5,-7.83],[106.75,-8.05],[104.75,-7.93],[104.25,-7.75],[103.25,-6.74],[101.0,-6.91],[100.75,-6.71],[99.75,-6.72],[93.25,-3.68],[91.25,-3.75],[89.0,-2.97],[88.5,-2.37],[87.25,-2.31],[86.95,-2.0],[87.31,-1.5],[87.25,-0.78],[88.13,-0.25],[88.02,0.25],[87.42,0.5],[87.5,0.75],[88.25,1.22],[88.5,1.74],[89.56,1.75],[90.11,2.0],[89.76,2.5],[90.27,2.75],[90.31,3.75],[90.01,4.5],[89.17,5.0],[89.89,6.0],[89.5,6.11],[89.06,6.75],[89.57,6.75],[89.51,7.25],[89.78,7.5],[89.5,8.0],[90.4,8.5],[89.75,8.96],[88.75,8.92],[88.91,9.25],[88.75,9.45],[88.5,9.29],[88.25,9.87],[88.0,9.84],[87.14,9.25],[86.75,8.56],[85.0,8.77],[84.5,8.36],[83.5,8.13],[83.4,7.0],[82.75,6.05],[81.71,5.75],[81.99,5.5],[81.5,5.36],[80.95,5.75],[81.0,6.17],[81.42,6.5],[81.43,7.25],[81.0,7.48],[80.75,7.96],[80.12,7.75],[79.5,7.11],[77.0,7.99],[77.0,8.22],[77.5,8.1],[77.62,8.5],[77.37,9.0],[77.56,10.0],[77.97,10.25],[77.0,10.75],[77.0,11.32],[78.0,12.09],[78.5,11.43],[79.72,13.5],[79.0,14.43],[77.75,14.31],[76.75,13.76],[76.5,13.93],[75.29,15.75],[75.31,16.5],[74.8,17.25],[74.97,17.75],[74.6,18.25],[74.69,18.5],[75.36,18.5],[76.5,17.75],[77.5,17.61],[77.89,16.75],[78.5,16.22],[78.75,15.07],[79.19,16.25],[78.66,16.75],[78.72,17.75],[78.5,17.94],[78.0,17.68],[77.5,17.84],[76.94,18.5],[75.75,18.9],[75.5,19.43],[75.25,19.39],[76.25,20.26],[75.5,20.61],[74.75,20.29],[74.25,21.11],[73.87,21.0],[73.17,20.25],[73.13,20.0],[73.56,19.5],[73.3,18.5],[73.83,16.0],[74.71,13.5],[74.78,12.5],[76.16,10.75],[76.38,9.75],[76.25,9.1],[75.75,8.53],[74.9,10.25],[74.47,10.5],[74.5,11.5],[73.0,11.4],[72.5,11.79],[72.0,11.6],[71.25,11.8],[71.0,12.13],[70.5,11.95],[70.02,12.25],[70.19,13.5],[69.96,14.0],[70.0,16.5],[70.71,18.25],[70.92,19.75],[70.72,20.5],[71.37,21.25],[71.17,21.5],[71.46,22.5],[70.5,22.27],[63.75,22.6],[61.25,21.76],[59.84,20.75],[58.5,20.61],[58.0,20.09],[56.5,19.91],[54.5,18.55],[53.0,18.0],[52.5,18.18],[51.0,17.97],[50.75,18.28],[49.75,17.73],[48.65,18.0],[48.1,18.75],[48.49,19.25],[47.62,19.5],[47.27,20.75],[47.4,21.25],[47.21,22.0],[47.6,22.5],[47.89,23.75],[47.75,24.01],[47.0,23.9],[46.93,24.5],[48.24,24.5],[48.0,25.59],[47.5,26.31],[47.0,26.64],[45.75,26.44],[44.5,25.37],[44.0,25.79],[43.25,25.43],[41.75,25.43],[41.39,26.0],[41.75,26.67],[42.0,26.66],[42.25,26.13],[42.88,26.25],[42.85,26.5],[42.23,26.75],[42.47,27.0],[42.0,27.91],[41.29,28.5],[41.19,29.25],[41.57,30.0],[41.53,31.75],[42.0,32.38],[43.0,32.0],[43.49,34.0],[44.25,34.87],[44.5,34.99],[45.5,34.7],[45.82,33.75],[46.75,32.88],[48.5,32.77],[49.32,32.25],[50.0,30.94],[51.37,29.5],[51.45,28.75],[53.0,28.1],[53.68,27.25],[54.0,27.12],[54.75,27.36],[54.97,27.5],[54.67,27.75],[54.75,27.92],[55.25,28.04],[55.02,27.5],[57.29,27.25],[57.5,26.3],[58.25,26.14],[61.5,26.28],[63.25,26.11],[64.0,25.66],[65.25,26.61],[66.0,26.29],[66.5,26.34],[66.9,26.0],[67.45,29.75],[67.83,30.0],[68.75,29.43],[69.75,29.5],[70.27,30.25],[70.05,32.0],[70.33,32.5],[70.28,33.0],[71.47,33.75],[71.25,34.22],[70.61,34.25],[72.0,34.5],[75.89,32.25],[77.0,30.67],[79.5,29.2],[81.25,28.76],[82.5,28.05],[83.25,27.9],[84.5,28.07],[85.2,27.5],[87.0,27.04],[87.25,27.21],[87.5,26.95],[88.5,27.06],[89.75,26.81],[93.5,27.13],[95.0,27.78],[95.75,27.84],[96.02,27.5],[93.85,25.5],[93.75,24.9],[94.25,24.36],[95.75,26.07],[96.24,25.25],[95.7,25.0],[96.0,24.59],[97.5,25.5],[97.12,23.75],[96.75,23.25],[96.19,23.0],[96.46,21.75],[96.46,19.25],[97.07,17.75],[97.75,17.46],[98.16,16.75],[98.28,16.0],[97.9,15.5],[97.92,14.75],[99.5,11.75],[99.48,13.25],[99.01,14.0],[99.44,15.25],[98.95,17.0],[99.25,17.75],[99.15,18.25],[100.25,18.79],[100.5,18.14],[100.75,18.19],[100.59,17.5],[100.83,16.5],[101.15,16.5],[101.25,17.01],[101.5,16.04],[101.89,16.25],[101.82,17.0],[101.34,17.75],[101.5,18.3],[102.25,18.72],[103.0,18.4],[103.75,18.79],[105.0,17.72],[105.87,17.5],[106.48,16.5],[106.32,16.25],[106.58,15.75],[105.98,15.25],[106.25,14.88],[107.06,15.0],[107.3,14.75],[106.77,14.5],[106.77,14.25],[107.5,14.04],[107.96,13.5],[107.98,12.75],[107.08,12.5],[107.72,11.25],[108.0,11.21],[108.75,11.49],[109.06,12.0],[108.95,12.5],[109.18,12.75],[108.7,13.0],[109.01,13.5],[108.94,14.5],[108.5,15.3],[108.03,15.5],[108.0,16.07],[107.0,16.57],[104.86,19.0],[105.16,19.75],[105.08,20.5],[104.61,21.0],[104.55,21.75],[103.95,22.5],[104.0,22.71],[104.75,22.56],[105.0,22.95],[105.75,23.24],[106.5,22.89],[106.53,23.25],[105.25,24.07],[104.25,24.4],[104.57,25.25],[104.46,25.75],[103.75,25.84],[103.25,26.84],[102.94,26.25],[102.55,27.0],[103.0,27.54],[103.71,27.5],[103.38,28.0],[103.36,29.5],[102.72,30.0],[104.5,31.86],[105.75,32.64],[106.0,32.38],[107.39,32.25],[108.75,31.48],[109.81,31.25],[109.87,31.0],[108.83,30.25],[109.25,30.19],[109.75,30.57],[109.75,29.74],[110.5,29.83],[111.0,30.17],[111.1,30.75],[112.5,31.33],[113.25,31.14],[113.75,31.57],[114.25,31.24],[115.0,31.45],[116.5,30.8],[117.38,31.25],[117.38,33.0],[117.77,34.0],[117.49,35.0],[118.56,36.5],[118.65,37.25],[119.5,39.03],[121.25,40.28],[124.0,41.64],[126.5,42.31],[127.5,42.18],[129.0,41.39],[129.25,40.94],[130.25,41.14],[132.25,40.42],[133.5,39.26],[135.15,38.25],[135.79,37.0],[135.75,36.29],[135.25,35.57],[132.75,35.02],[131.74,34.25],[132.0,33.95],[132.81,34.0],[132.5,33.74],[132.39,32.5],[131.5,31.84],[131.34,32.0],[131.85,32.75],[131.0,33.06],[130.35,32.0],[130.92,30.75],[130.47,30.5],[130.25,30.04],[129.75,30.0],[129.75,29.45],[130.25,29.99],[130.27,29.5],[129.5,28.43],[129.28,28.5],[129.6,29.0],[129.21,29.0],[128.85,28.5],[129.47,28.0],[128.95,27.75],[128.32,27.0],[127.25,27.07],[126.94,27.75],[126.5,28.08],[125.02,27.5],[124.14,26.5],[124.3,25.75],[123.72,25.25],[123.94,25.0],[123.41,24.5],[123.75,24.12],[124.5,24.01],[125.53,24.25],[126.28,25.5],[126.75,25.75],[127.75,25.7],[128.0,25.96],[128.75,25.47],[130.75,25.8],[131.5,25.54],[133.0,26.09],[133.5,26.0],[134.5,26.33],[137.75,25.88],[140.5,25.9],[150.0,23.35],[151.59,22.75],[152.5,22.04],[159.5,20.23],[162.0,20.42],[163.0,20.16],[164.25,20.46],[165.5,20.19],[166.5,19.51],[168.0,19.17],[168.25,18.93],[169.5,19.08],[169.75,18.66],[171.0,18.2],[173.25,18.04],[174.5,17.71],[176.5,17.76],[177.5,17.3],[180.0,16.88]]}},{"type":"Feature","properties":{"level":1012},"geometry":{"type":"LineString","coordinates":[[-67.75,-44.79],[-68.5,-44.04],[-69.28,-44.0],[-69.2,-43.5],[-69.0,-43.32],[-68.75,-43.57],[-68.7,-43.25],[-67.76,-43.0],[-67.25,-42.45],[-65.66,-42.5],[-65.0,-42.98],[-64.87,-43.5],[-65.25,-44.73],[-66.5,-44.38],[-67.25,-44.8],[-67.75,-44.79]]}},{"type":"Feature","properties":{"level":1012},"geometry":{"type":"LineString","coordinates":[[-67.32,-44.25],[-67.25,-44.42],[-67.32,-44.25]]}},{"type":"Feature","properties":{"level":1012},"geometry":{"type":"LineString","coordinates":[[-71.25,-43.77],[-71.91,-43.25],[-71.36,-43.25],[-71.55,-43.0],[-71.0,-42.79],[-70.95,-43.25],[-71.25,-43.77]]}},{"type":"Feature","properties":{"level":1012},"geometry":{"type":"LineString","coordinates":[[-68.5,-43.75],[-68.15,-43.75],[-68.5,-43.75]]}},{"type":"Feature","properties":{"level":1012},"geometry":{"type":"LineString","coordinates":[[-70.5,-43.06],[-70.66,-42.75],[-71.25,-42.51],[-71.75,-42.82],[-72.0,-41.65],[-71.75,-41.94],[-71.5,-41.64],[-71.25,-41.9],[-70.75,-41.66],[-70.0,-41.95],[-70.0,-42.22],[-70.25,-42.08],[-70.32,-43.0],[-70.5,-43.06]]}},{"type":"Feature","properties":{"level":1012},"geometry":{"type":"LineString","coordinates":[[37.75,-43.0],[37.75,-42.72],[37.09,-42.75],[35.24,-40.5],[34.25,-40.11],[34.02,-39.75],[34.07,-39.0],[33.77,-38.0],[33.93,-37.5],[33.4,-37.5],[33.5,-36.99],[34.16,-36.5],[33.25,-35.34],[33.0,-34.46],[32.51,-34.25],[32.0,-32.57],[31.25,-32.46],[31.0,-32.73],[30.81,-32.25],[31.34,-31.75],[32.1,-30.25],[31.98,-29.5],[31.5,-28.72],[31.0,-28.42],[30.5,-28.88],[29.5,-29.23],[28.25,-28.04],[27.77,-28.75],[27.83,-29.75],[28.38,-30.0],[28.0,-30.75],[26.5,-31.15],[25.25,-30.67],[24.25,-30.93],[23.5,-30.39],[22.79,-30.5],[23.16,-30.0],[23.5,-27.89],[23.25,-28.11],[23.0,-28.02],[22.5,-27.45],[22.0,-27.55],[19.75,-26.4],[19.0,-26.83],[18.76,-26.75],[18.48,-26.25],[17.25,-25.57],[16.51,-24.25],[17.43,-22.75],[17.44,-22.25],[17.25,-22.04],[17.0,-22.28],[16.34,-22.25],[16.93,-21.75],[16.47,-21.0],[15.5,-20.56],[15.59,-20.0],[15.25,-19.45],[14.5,-19.17],[14.25,-19.54],[13.5,-19.26],[14.02,-19.0],[14.0,-18.35],[13.25,-18.27],[13.0,-17.65],[12.5,-17.97],[11.75,-17.83],[11.43,-17.5],[11.5,-16.53],[12.25,-15.87],[12.72,-15.75],[12.81,-14.25],[12.51,-14.0],[12.81,-13.5],[13.63,-13.0],[13.5,-12.8],[12.5,-13.38],[12.25,-14.54],[10.5,-14.06],[9.97,-13.5],[10.06,-12.5],[9.65,-11.5],[9.0,-10.85],[8.5,-10.98],[8.0,-10.45],[7.59,-9.5],[7.8,-9.25],[7.42,-9.0],[7.5,-8.06],[7.0,-8.3],[6.5,-7.99],[6.65,-6.25],[6.35,-6.0],[6.25,-5.31],[5.36,-4.75],[5.0,-4.24],[4.5,-4.32],[4.25,-3.75],[3.06,-4.25],[2.75,-3.82],[2.36,-3.75],[2.24,-3.25],[1.5,-2.43],[1.25,-2.87],[0.75,-2.43],[0.5,-2.59],[-1.75,-2.3],[-2.68,-1.25],[-2.65,-0.5],[-3.43,0.25],[-3.36,0.75],[-3.75,1.08],[-4.25,1.2],[-5.75,0.48],[-6.5,0.99],[-7.0,0.32],[-7.5,0.71],[-8.25,0.3],[-9.5,0.2],[-11.0,0.54],[-11.5,0.19],[-14.0,-0.06],[-15.75,-0.88],[-16.75,-0.73],[-17.25,-0.24],[-17.59,-1.0],[-17.42,-1.75],[-17.57,-2.0],[-18.0,-2.08],[-18.5,-1.81],[-19.25,-1.95],[-19.75,-1.42],[-20.0,-1.48],[-20.75,-2.52],[-22.0,-2.99],[-22.5,-2.96],[-22.89,-3.75],[-23.5,-4.08],[-24.75,-4.05],[-25.2,-4.5],[-25.75,-4.65],[-26.0,-5.38],[-26.78,-6.0],[-27.5,-6.28],[-29.0,-6.25],[-29.21,-6.5],[-29.15,-7.0],[-29.5,-7.31],[-30.25,-7.56],[-31.75,-6.96],[-32.54,-7.5],[-33.25,-7.65],[-33.39,-8.5],[-34.75,-9.48],[-34.47,-10.75],[-34.62,-11.5],[-35.62,-12.0],[-36.41,-13.25],[-37.5,-14.01],[-37.81,-15.5],[-38.14,-16.0],[-38.0,-17.03],[-38.75,-16.47],[-40.0,-16.45],[-42.75,-17.7],[-43.34,-18.25],[-43.09,-19.25],[-43.5,-19.17],[-44.11,-20.25],[-44.8,-20.75],[-44.39,-21.0],[-44.58,-21.75],[-45.0,-22.16],[-45.5,-21.93],[-45.75,-22.29],[-46.0,-21.87],[-46.75,-21.68],[-47.0,-22.27],[-47.5,-21.96],[-48.5,-22.06],[-50.5,-21.45],[-51.75,-21.34],[-52.25,-20.34],[-54.0,-19.72],[-54.38,-19.75],[-54.5,-20.02],[-55.0,-19.83],[-55.75,-20.35],[-56.31,-20.25],[-57.25,-20.77],[-59.7,-18.75],[-59.93,-18.5],[-59.63,-18.25],[-60.0,-17.76],[-60.61,-18.0],[-60.56,-18.5],[-60.75,-18.67],[-62.0,-18.86],[-62.1,-18.0],[-62.81,-17.5],[-65.42,-17.0],[-67.25,-15.13],[-67.44,-15.75],[-68.0,-15.61],[-68.11,-15.5],[-67.72,-15.25],[-67.72,-14.75],[-68.0,-13.83],[-68.75,-13.78],[-70.25,-13.08],[-71.0,-12.13],[-71.75,-11.79],[-73.06,-12.0],[-73.21,-11.5],[-73.0,-11.29],[-72.0,-11.7],[-70.76,-11.75],[-71.0,-11.43],[-73.21,-10.5],[-73.0,-10.18],[-71.75,-10.43],[-71.25,-10.11],[-72.01,-9.5],[-71.9,-9.0],[-71.32,-8.5],[-71.43,-8.25],[-71.75,-7.85],[-72.0,-7.98],[-72.33,-7.75],[-72.23,-7.5],[-72.5,-7.41],[-72.75,-8.04],[-73.0,-7.73],[-73.5,-7.74],[-74.0,-7.43],[-75.0,-7.67],[-75.26,-7.5],[-75.88,-6.0],[-75.75,-5.73],[-75.25,-5.96],[-74.95,-5.25],[-75.63,-5.0],[-76.42,-3.75],[-76.32,-2.75],[-76.86,-1.75],[-77.5,-1.69],[-77.76,-1.25],[-77.36,-0.75],[-77.31,0.25],[-76.5,1.2],[-75.15,2.0],[-71.84,6.5],[-72.23,7.0],[-72.2,7.5],[-72.75,7.57],[-73.0,7.97],[-73.11,7.0],[-72.71,6.5],[-73.5,5.92],[-73.88,6.0],[-74.6,4.75],[-74.9,3.25],[-75.25,2.86],[-75.52,3.5],[-74.98,4.5],[-75.03,5.5],[-75.2,6.75],[-75.5,7.05],[-75.79,6.75],[-75.36,5.75],[-75.75,4.55],[-76.0,4.27],[-76.57,4.25],[-76.5,3.91],[-76.25,4.21],[-76.25,3.29],[-77.19,1.5],[-77.75,1.52],[-78.86,0.5],[-79.15,-0.5],[-79.12,-2.25],[-79.59,-2.75],[-79.77,-3.5],[-79.44,-4.25],[-80.03,-4.75],[-80.04,-5.0],[-79.68,-5.25],[-79.58,-6.25],[-79.25,-6.61],[-79.0,-6.13],[-78.86,-6.5],[-79.21,-7.0],[-78.5,-7.15],[-78.17,-7.5],[-78.74,-8.0],[-77.65,-10.5],[-76.72,-12.0],[-77.18,-12.25],[-76.75,-12.85],[-76.15,-13.0],[-76.0,-13.44],[-75.5,-13.35],[-75.41,-14.0],[-74.75,-14.78],[-74.38,-14.75],[-75.17,-13.75],[-75.17,-13.25],[-75.95,-12.5],[-76.72,-10.75],[-76.5,-10.38],[-75.78,-11.5],[-75.13,-12.0],[-75.0,-12.5],[-74.5,-12.59],[-74.0,-13.11],[-73.5,-12.93],[-72.75,-13.41],[-72.0,-13.28],[-71.25,-13.85],[-70.25,-14.09],[-69.25,-14.8],[-68.75,-15.8],[-67.64,-16.75],[-67.5,-17.12],[-67.25,-17.18],[-67.0,-16.69],[-65.5,-17.71],[-64.49,-18.0],[-64.79,-19.0],[-64.81,-21.25],[-65.22,-22.75],[-64.95,-23.25],[-65.5,-23.75],[-66.26,-25.75],[-66.07,-27.0],[-66.5,-27.35],[-67.0,-26.95],[-67.89,-27.75],[-68.08,-29.0],[-67.87,-29.75],[-68.17,-30.0],[-68.25,-30.75],[-68.76,-29.25],[-69.17,-30.75],[-69.25,-32.66],[-69.31,-32.25],[-69.78,-32.0],[-69.25,-29.09],[-68.19,-27.75],[-68.26,-27.25],[-67.91,-26.75],[-68.42,-25.75],[-68.25,-25.49],[-67.85,-25.5],[-68.28,-24.75],[-67.25,-24.2],[-66.94,-23.75],[-67.14,-22.75],[-66.99,-22.5],[-68.0,-21.59],[-68.35,-22.0],[-67.93,-23.0],[-67.95,-23.75],[-69.4,-25.0],[-69.3,-25.5],[-69.75,-26.75],[-69.54,-27.0],[-69.86,-28.0],[-70.47,-28.5],[-70.82,-29.5],[-70.89,-29.75],[-70.63,-30.0],[-70.75,-30.76],[-71.25,-32.08],[-71.74,-30.25],[-72.03,-30.25],[-71.61,-29.25],[-71.98,-28.5],[-71.86,-27.25],[-71.25,-26.63],[-70.75,-26.89],[-70.42,-24.5],[-70.5,-24.19],[-70.75,-24.63],[-71.18,-23.75],[-72.25,-23.13],[-72.87,-22.0],[-72.75,-21.68],[-72.5,-21.97],[-72.5,-21.36],[-73.0,-21.17],[-73.8,-20.25],[-73.75,-19.92],[-73.0,-20.03],[-72.72,-19.5],[-73.75,-19.04],[-73.43,-18.5],[-74.37,-17.5],[-76.0,-16.24],[-76.75,-16.04],[-78.75,-13.61],[-80.46,-12.0],[-80.57,-11.5],[-80.23,-11.25],[-82.11,-9.25],[-83.0,-8.88],[-83.75,-8.08],[-87.0,-6.5],[-87.5,-6.58],[-88.5,-6.21],[-89.75,-6.11],[-90.61,-5.25],[-90.48,-5.0],[-91.0,-3.57],[-92.0,-2.78],[-92.29,-2.75],[-92.75,-3.68],[-93.75,-3.47],[-94.5,-3.93],[-96.75,-3.36],[-97.25,-3.77],[-97.51,-3.25],[-99.54,-2.5],[-99.93,-1.5],[-101.25,-0.51],[-101.89,-0.75],[-102.0,-1.9],[-103.25,-1.45],[-104.75,-1.68],[-106.0,-1.16],[-106.25,-0.63],[-106.5,-0.8],[-106.93,-0.5],[-106.84,0.25],[-107.5,0.73],[-108.0,1.66],[-108.42,1.25],[-108.66,0.5],[-107.42,0.0],[-107.06,-0.5],[-107.25,-0.9],[-107.75,-1.07],[-108.75,-0.56],[-109.0,0.12],[-109.25,0.23],[-109.5,-0.02],[-110.0,0.26],[-110.22,0.0],[-109.46,-1.75],[-110.5,-1.56],[-111.57,0.25],[-111.01,1.5],[-111.75,1.9],[-112.25,1.35],[-112.75,1.27],[-113.68,2.0],[-113.94,2.75],[-114.25,2.53],[-114.49,2.75],[-114.43,3.25],[-113.5,3.54],[-113.25,2.69],[-113.0,2.55],[-112.75,2.92],[-112.5,2.85],[-111.75,2.06],[-111.0,3.16],[-110.31,2.25],[-110.27,2.0],[-110.68,1.75],[-109.75,1.22],[-109.44,1.5],[-109.5,1.9],[-109.25,1.83],[-109.39,2.5],[-109.0,3.12],[-108.25,2.9],[-108.0,3.09],[-107.5,2.59],[-107.29,2.75],[-107.66,3.0],[-107.59,3.25],[-107.25,3.77],[-106.64,3.75],[-106.54,4.0],[-106.86,4.5],[-106.35,4.75],[-106.39,5.25],[-105.75,4.96],[-104.99,5.0],[-104.97,5.25],[-105.87,5.75],[-106.72,7.25],[-107.0,7.2],[-107.5,7.66],[-107.75,7.54],[-108.75,8.19],[-107.75,9.41],[-107.5,9.21],[-107.25,9.33],[-107.11,9.75],[-108.25,11.21],[-108.49,12.75],[-108.83,13.25],[-108.41,17.0],[-108.5,17.28],[-109.0,17.37],[-109.02,18.5],[-110.57,20.5],[-110.25,21.5],[-109.5,22.22],[-106.25,22.27],[-105.75,22.89],[-104.99,22.0],[-105.21,20.25],[-104.86,20.0],[-104.77,19.5],[-103.75,18.99],[-103.25,18.35],[-101.75,18.01],[-101.0,17.34],[-100.25,17.1],[-98.01,16.75],[-97.25,16.04],[-96.5,15.83],[-95.75,15.92],[-95.73,14.75],[-96.38,14.0],[-96.5,13.5],[-97.25,12.7],[-97.99,12.75],[-98.33,12.5],[-97.75,11.04],[-97.0,11.61],[-95.25,10.86],[-94.5,11.23],[-94.26,13.25],[-94.0,13.38],[-93.51,15.5],[-93.25,15.6],[-91.75,14.6],[-89.75,13.98],[-89.5,14.28],[-87.0,13.75],[-86.5,14.0],[-86.26,14.25],[-86.29,14.75],[-85.25,15.08],[-84.96,15.75],[-86.1,16.5],[-86.49,17.25],[-86.3,19.75],[-85.5,21.28],[-84.25,22.48],[-84.0,22.24],[-83.5,22.48],[-82.88,22.0],[-82.81,21.5],[-82.25,20.72],[-82.0,20.85],[-81.5,20.37],[-81.25,20.29],[-80.94,20.75],[-80.99,20.25],[-80.75,20.11],[-80.0,20.6],[-78.75,20.67],[-79.0,21.32],[-79.66,21.75],[-78.08,22.5],[-78.14,23.0],[-77.69,23.5],[-77.75,24.1],[-77.5,23.89],[-77.03,24.0],[-77.07,23.5],[-76.5,23.02],[-75.0,22.6],[-74.5,22.21],[-73.25,21.97],[-70.5,20.73],[-69.25,19.15],[-69.0,19.2],[-68.54,18.75],[-68.5,18.05],[-67.0,18.16],[-66.25,17.49],[-64.0,16.8],[-63.07,16.25],[-62.5,16.13],[-62.0,16.62],[-61.82,16.5],[-61.97,16.25],[-61.39,15.75],[-61.25,15.13],[-60.25,15.59],[-59.5,15.22],[-56.0,14.48],[-55.5,14.94],[-54.0,14.75],[-53.5,15.02],[-52.25,14.67],[-51.5,14.99],[-50.5,14.87],[-50.25,15.15],[-48.75,15.28],[-47.5,15.8],[-46.75,15.63],[-45.83,16.0],[-44.75,16.94],[-44.0,16.98],[-41.75,17.99],[-41.25,18.5],[-40.68,20.0],[-40.25,20.25],[-40.0,20.09],[-39.25,20.82],[-37.75,21.44],[-35.0,21.51],[-32.28,20.5],[-31.47,19.5],[-31.2,18.75],[-29.92,17.5],[-29.59,16.75],[-28.85,16.25],[-28.93,15.5],[-28.75,15.38],[-28.07,15.5],[-27.5,14.57],[-26.75,14.78],[-26.25,14.26],[-26.0,14.49],[-25.5,14.08],[-25.0,14.18],[-24.75,13.98],[-24.5,14.28],[-23.25,13.65],[-22.0,14.16],[-21.75,13.93],[-21.5,14.45],[-20.61,14.5],[-19.95,15.5],[-19.5,15.77],[-17.18,19.25],[-16.96,21.5],[-14.26,24.25],[-14.33,25.0],[-14.0,25.44],[-12.8,26.0],[-12.59,27.0],[-11.97,27.5],[-10.81,28.0],[-9.81,28.75],[-9.93,29.0],[-8.5,29.76],[-7.0,30.16],[-6.5,30.07],[-6.24,30.25],[-6.18,30.75],[-5.5,31.09],[-5.53,31.5],[-4.56,32.25],[-4.0,32.11],[-2.75,32.69],[-2.1,32.5],[-2.08,31.75],[-2.6,31.5],[-2.95,30.75],[-2.44,30.0],[-2.66,29.75],[-2.5,29.19],[-1.8,29.75],[-1.44,29.75],[-1.0,30.5],[-1.0,31.25],[-0.68,31.5],[-0.73,31.75],[-1.7,31.75],[-1.25,32.33],[-0.75,32.37],[-0.57,32.75],[-2.0,33.17],[-3.25,33.14],[-4.0,32.63],[-4.89,32.75],[-3.84,33.5],[-4.0,33.97],[-4.25,34.0],[-4.5,33.62],[-5.25,33.75],[-5.6,32.75],[-7.25,31.69],[-8.0,31.41],[-8.92,31.5],[-8.83,32.75],[-9.17,33.0],[-9.13,34.0],[-9.53,34.75],[-10.2,35.25],[-11.75,34.99],[-12.2,35.25],[-12.98,36.5],[-12.63,37.75],[-10.5,38.84],[-9.5,40.07],[-8.5,40.56],[-7.5,40.14],[-6.5,40.35],[-5.5,40.15],[-3.5,40.85],[-2.08,40.25],[-2.46,39.75],[-2.26,39.0],[-2.8,38.0],[-2.5,37.91],[-2.25,37.32],[-1.75,37.55],[-0.5,37.59],[0.83,38.75],[1.75,38.7],[2.25,39.01],[4.25,38.69],[4.53,38.75],[4.22,39.0],[4.75,39.06],[6.5,38.72],[7.15,38.25],[7.18,37.75],[7.5,37.45],[8.0,37.72],[9.16,37.25],[8.5,36.64],[7.75,36.41],[6.5,36.95],[6.34,36.75],[6.49,36.5],[5.5,36.54],[4.37,36.0],[4.86,35.5],[4.75,35.13],[3.75,35.11],[1.25,33.93],[0.5,33.93],[0.09,33.5],[0.19,33.0],[0.58,32.75],[0.55,32.25],[1.37,32.0],[1.27,31.25],[1.75,30.56],[3.35,30.25],[3.69,29.75],[4.5,29.26],[5.0,28.47],[5.75,28.87],[6.03,29.5],[6.5,29.87],[7.25,29.63],[8.0,30.17],[8.25,29.95],[10.0,30.3],[10.61,30.0],[10.98,29.5],[11.25,29.51],[11.71,28.75],[12.9,28.5],[13.3,27.75],[13.81,27.5],[12.75,26.39],[12.0,26.5],[11.5,26.21],[11.25,24.9],[11.0,25.37],[10.37,25.75],[10.25,26.32],[9.75,25.88],[8.75,25.7],[8.7,26.0],[7.75,26.27],[6.75,26.01],[6.25,26.12],[5.75,26.76],[5.39,26.25],[5.96,26.0],[5.5,25.44],[5.0,25.24],[5.0,26.0],[4.75,26.38],[3.85,25.5],[3.5,24.32],[3.48,24.5],[2.9,24.5],[3.0,24.2],[3.5,24.25],[3.86,24.0],[3.57,23.25],[3.75,23.14],[5.75,22.31],[7.0,22.89],[8.0,22.41],[8.5,22.77],[9.5,22.78],[10.0,22.37],[10.5,22.43],[11.75,21.92],[12.21,21.25],[13.25,20.52],[13.75,20.68],[13.75,21.31],[14.5,22.37],[14.79,22.0],[14.75,21.42],[15.3,21.25],[15.35,20.25],[14.13,18.75],[16.0,19.22],[16.38,18.5],[17.27,18.0],[18.0,17.89],[18.75,18.14],[20.75,17.82],[22.25,16.56],[22.35,16.0],[21.92,15.25],[22.05,14.25],[22.25,14.07],[22.75,14.87],[23.75,14.91],[24.29,14.75],[24.25,13.81],[25.5,14.82],[25.75,14.27],[26.25,14.73],[27.0,14.93],[27.5,14.8],[28.05,16.25],[29.54,18.0],[29.95,19.0],[30.5,19.56],[32.0,20.04],[32.82,20.75],[33.25,21.82],[33.5,21.84],[33.75,21.31],[34.25,21.21],[34.27,22.0],[34.75,22.09],[34.85,20.75],[35.0,20.53],[35.75,20.76],[36.1,20.5],[35.9,19.75],[36.21,19.0],[36.86,18.0],[37.22,18.0],[37.46,18.25],[37.5,19.09],[38.34,20.0],[38.76,21.25],[38.5,22.29],[37.0,23.2],[36.99,24.25],[37.25,24.67],[38.25,24.44],[38.5,24.74],[39.25,22.81],[39.29,21.5],[41.0,19.92],[41.64,19.0],[41.84,18.25],[42.9,17.25],[43.24,16.5],[43.5,12.75],[42.75,12.55],[42.5,12.73],[42.26,12.5],[42.56,12.25],[42.19,11.75],[42.26,11.0],[41.34,10.5],[41.34,10.0],[40.25,9.14],[39.97,9.25],[40.35,10.75],[40.06,12.5],[40.1,14.25],[39.89,15.0],[39.1,15.75],[38.64,17.25],[38.0,18.03],[37.87,17.25],[38.11,17.0],[37.92,16.25],[38.51,15.25],[37.91,14.5],[37.95,13.75],[37.75,13.64],[37.25,14.09],[36.75,13.71],[35.75,12.12],[35.0,12.25],[34.25,11.67],[33.03,11.75],[34.04,10.75],[33.87,9.5],[34.69,8.25],[34.78,6.75],[35.09,6.5],[34.5,6.26],[34.7,5.75],[35.25,5.52],[36.0,6.33],[36.5,4.95],[37.0,5.4],[36.92,4.25],[37.6,3.75],[37.75,3.11],[38.25,3.0],[37.75,2.18],[38.0,2.03],[38.5,2.53],[38.76,2.5],[39.31,1.5],[39.25,0.74],[39.0,0.61],[37.75,1.42],[37.0,2.43],[36.75,2.24],[36.39,1.0],[36.0,0.6],[35.97,1.0],[35.0,2.54],[34.75,2.73],[34.5,2.28],[33.88,2.5],[34.0,3.14],[34.62,3.0],[34.38,3.75],[33.75,4.41],[33.4,4.25],[33.75,3.94],[32.95,3.0],[31.75,3.06],[31.83,2.25],[30.5,1.06],[30.5,1.46],[31.23,2.25],[31.09,3.25],[31.35,3.75],[31.0,4.54],[30.5,4.29],[29.36,5.0],[29.59,5.5],[29.25,5.86],[28.25,5.37],[28.0,6.45],[26.19,5.5],[26.25,5.06],[28.12,3.75],[27.5,3.48],[27.21,2.75],[28.92,1.0],[28.47,0.75],[28.5,0.19],[27.98,-0.75],[28.12,-1.5],[27.28,-1.75],[27.26,-2.0],[27.85,-2.5],[27.41,-3.25],[27.87,-3.5],[27.65,-4.0],[27.75,-4.75],[28.54,-5.5],[28.83,-6.75],[28.63,-7.25],[27.75,-7.74],[27.5,-8.38],[26.88,-8.75],[27.0,-9.14],[27.65,-9.0],[27.75,-10.54],[28.25,-8.43],[28.5,-8.52],[29.0,-8.2],[29.5,-8.32],[30.13,-7.75],[30.08,-7.25],[29.52,-7.0],[29.03,-6.0],[29.34,-5.5],[29.25,-3.96],[29.93,-5.0],[30.08,-5.75],[29.91,-6.25],[30.5,-6.41],[31.3,-5.0],[31.25,-4.35],[31.5,-4.25],[32.0,-4.68],[32.13,-4.5],[31.63,-2.25],[32.0,-1.0],[32.75,-1.19],[32.75,-1.66],[33.38,-1.75],[34.23,-3.25],[35.45,-3.5],[34.91,-4.25],[34.74,-5.0],[35.5,-5.31],[35.63,-6.25],[36.13,-7.0],[34.92,-8.0],[34.5,-8.68],[33.75,-8.83],[33.5,-8.62],[32.96,-9.25],[33.35,-9.75],[33.66,-11.0],[33.51,-12.5],[33.75,-12.74],[34.18,-10.75],[33.59,-9.75],[33.75,-9.37],[34.75,-10.23],[35.25,-10.0],[35.55,-10.25],[34.75,-10.73],[35.0,-11.5],[35.25,-11.55],[35.75,-10.96],[36.75,-11.01],[37.11,-11.75],[36.9,-12.0],[37.39,-12.5],[36.65,-13.75],[37.5,-13.95],[37.75,-14.25],[37.56,-14.75],[36.84,-15.25],[36.96,-15.5],[37.5,-15.62],[37.85,-15.25],[38.74,-17.0],[38.15,-18.5],[36.5,-20.8],[36.24,-21.0],[35.5,-19.95],[34.97,-20.75],[34.49,-21.0],[34.2,-21.75],[35.0,-23.71],[35.88,-25.0],[36.37,-28.75],[37.13,-32.0],[38.0,-33.31],[38.5,-33.39],[38.84,-33.75],[38.99,-34.25],[45.5,-38.91],[47.02,-40.75],[47.0,-41.12],[46.35,-41.75],[44.75,-42.54],[44.25,-42.62],[43.5,-42.31],[42.75,-43.04],[42.42,-42.75],[41.6,-42.75],[41.25,-42.42],[40.5,-43.1],[40.0,-42.73],[37.75,-43.0]]}},{"type":"Feature","properties":{"level":1012},"geometry":{"type":"LineString","coordinates":[[-81.5,-40.81],[-82.57,-40.25],[-82.76,-39.75],[-82.56,-39.5],[-82.0,-39.3],[-80.75,-39.34],[-79.38,-40.0],[-79.75,-40.76],[-81.5,-40.81]]}},{"type":"Feature","properties":{"level":1012},"geometry":{"type":"LineString","coordinates":[[-72.0,-40.57],[-72.28,-39.5],[-72.0,-39.53],[-71.84,-39.25],[-72.1,-38.25],[-72.55,-38.0],[-72.5,-37.5],[-73.01,-37.75],[-72.54,-36.75],[-72.51,-36.0],[-71.31,-33.75],[-71.36,-33.25],[-70.75,-32.52],[-70.61,-34.25],[-70.87,-34.5],[-70.72,-35.0],[-70.98,-35.5],[-70.61,-35.75],[-70.57,-36.75],[-70.25,-36.82],[-70.24,-36.5],[-69.75,-36.18],[-69.25,-36.64],[-68.25,-35.73],[-67.95,-36.0],[-67.77,-37.5],[-68.03,-38.0],[-68.72,-38.5],[-69.0,-38.48],[-69.15,-38.0],[-69.5,-37.89],[-69.71,-38.5],[-70.0,-38.39],[-70.5,-38.62],[-70.75,-38.3],[-70.89,-38.75],[-70.26,-39.25],[-71.25,-39.66],[-71.8,-40.25],[-71.59,-40.5],[-71.75,-40.72],[-72.0,-40.57]]}},{"type":"Feature","properties":{"level":1012},"geometry":{"type":"LineString","coordinates":[[-24.25,-40.3],[-26.25,-39.84],[-28.84,-38.5],[-31.0,-36.0],[-31.16,-33.0],[-30.61,-32.25],[-29.53,-31.5],[-26.71,-30.0],[-22.75,-29.57],[-22.0,-29.21],[-20.5,-29.41],[-14.75,-32.76],[-11.0,-34.37],[-10.47,-34.75],[-10.08,-35.75],[-11.25,-37.0],[-12.0,-37.13],[-12.25,-37.53],[-13.75,-37.81],[-14.75,-38.95],[-15.5,-38.71],[-16.0,-39.19],[-16.5,-39.05],[-18.5,-39.83],[-21.25,-40.29],[-24.25,-40.3]]}},{"type":"Feature","properties":{"level":1012},"geometry":{"type":"LineString","coordinates":[[-72.5,-39.86],[-72.5,-39.64],[-72.5,-39.86]]}},{"type":"Feature","properties":{"level":1012},"geometry":{"type":"LineString","coordinates":[[-72.09,-37.0],[-71.75,-37.03],[-71.95,-36.75],[-71.5,-35.62],[-71.23,-36.25],[-71.25,-35.13],[-72.09,-35.75],[-72.32,-36.25],[-72.37,-36.75],[-72.09,-37.0]]}},{"type":"Feature","properties":{"level":1012},"geometry":{"type":"LineString","coordinates":[[-156.5,-35.78],[-158.04,-34.5],[-159.28,-32.25],[-159.18,-31.5],[-158.62,-30.75],[-157.5,-30.13],[-155.25,-30.36],[-154.15,-31.75],[-154.05,-32.75],[-154.34,-35.25],[-155.25,-35.96],[-156.5,-35.78]]}},{"type":"Feature","properties":{"level":1012},"geometry":{"type":"LineString","coordinates":[[-95.25,-35.07],[-97.12,-34.0],[-97.16,-33.0],[-96.75,-32.39],[-96.09,-32.25],[-96.0,-31.95],[-95.25,-31.9],[-94.75,-31.33],[-94.25,-31.15],[-93.0,-31.73],[-92.25,-32.69],[-91.75,-32.74],[-91.74,-33.75],[-92.0,-34.31],[-92.32,-34.25],[-92.35,-34.75],[-93.0,-34.85],[-93.5,-35.21],[-95.25,-35.07]]}},{"type":"Feature","properties":{"level":1012},"geometry":{"type":"LineString","coordinates":[[-95.33,-32.25],[-95.25,-32.46],[-95.25,-32.04],[-95.33,-32.25]]}},{"type":"Feature","properties":{"level":1012},"geometry":{"type":"LineString","coordinates":[[-125.5,-30.05],[-127.75,-29.53],[-129.32,-28.25],[-130.47,-26.5],[-130.72,-25.0],[-130.59,-24.25],[-131.25,-23.58],[-132.76,-23.25],[-132.76,-22.5],[-132.5,-22.07],[-132.0,-22.31],[-131.61,-21.75],[-130.25,-21.97],[-127.5,-21.47],[-126.93,-21.25],[-127.0,-20.47],[-126.0,-20.55],[-126.0,-20.23],[-125.75,-20.18],[-125.0,-20.65],[-124.03,-20.75],[-123.5,-21.5],[-122.7,-22.0],[-122.75,-22.3],[-122.5,-22.37],[-122.0,-21.95],[-121.25,-22.25],[-121.21,-22.75],[-119.85,-24.75],[-119.89,-25.5],[-119.11,-27.75],[-119.14,-28.5],[-120.0,-29.27],[-120.5,-29.18],[-123.25,-30.04],[-125.5,-30.05]]}},{"type":"Feature","properties":{"level":1012},"geometry":{"type":"LineString","coordinates":[[-71.59,-30.0],[-71.5,-30.13],[-71.5,-29.8],[-71.59,-30.0]]}},{"type":"Feature","properties":{"level":1012},"geometry":{"type":"LineString","coordinates":[[-71.75,-26.43],[-71.75,-26.14],[-71.75,-26.43]]}},{"type":"Feature","properties":{"level":1012},"geometry":{"type":"LineString","coordinates":[[30.13,-26.0],[30.25,-26.21],[30.59,-25.75],[30.87,-25.0],[30.75,-24.68],[29.89,-25.25],[30.13,-26.0]]}},{"type":"Feature","properties":{"level":1012},"geometry":{"type":"LineString","coordinates":[[-132.5,-24.52],[-132.25,-24.21],[-131.82,-24.5],[-132.0,-24.71],[-132.5,-24.52]]}},{"type":"Feature","properties":{"level":1012},"geometry":{"type":"LineString","coordinates":[[-70.31,-22.5],[-70.25,-22.1],[-70.31,-22.5]]}},{"type":"Feature","properties":{"level":1012},"geometry":{"type":"LineString","coordinates":[[-69.0,-22.0],[-68.4,-21.25],[-69.16,-18.0],[-70.5,-16.48],[-71.98,-15.75],[-72.0,-15.46],[-72.75,-15.3],[-72.94,-15.5],[-72.75,-15.89],[-72.02,-15.75],[-72.27,-16.0],[-71.25,-16.7],[-70.8,-16.75],[-70.76,-17.25],[-70.21,-17.5],[-69.32,-19.5],[-69.0,-22.0]]}},{"type":"Feature","properties":{"level":1012},"geometry":{"type":"LineString","coordinates":[[-134.25,-21.66],[-134.65,-21.25],[-134.5,-20.79],[-134.25,-20.72],[-133.75,-20.95],[-133.42,-21.5],[-134.25,-21.66]]}},{"type":"Feature","properties":{"level":1012},"geometry":{"type":"LineString","coordinates":[[-57.0,-20.25],[-57.0,-19.96],[-57.0,-20.25]]}},{"type":"Feature","properties":{"level":1012},"geometry":{"type":"LineString","coordinates":[[32.66,-20.25],[33.07,-20.25],[33.55,-19.25],[33.0,-18.83],[33.02,-17.75],[32.25,-17.81],[32.25,-17.45],[31.25,-17.21],[31.02,-16.75],[30.75,-16.8],[30.37,-17.5],[30.5,-18.12],[31.02,-19.0],[32.5,-18.84],[32.66,-20.25]]}},{"type":"Feature","properties":{"level":1012},"geometry":{"type":"LineString","coordinates":[[-42.5,-19.87],[-42.5,-19.71],[-42.5,-19.87]]}},{"type":"Feature","properties":{"level":1012},"geometry":{"type":"LineString","coordinates":[[-42.0,-19.06],[-42.21,-19.0],[-42.25,-18.54],[-42.75,-18.47],[-42.84,-18.25],[-42.25,-17.9],[-41.55,-18.25],[-41.74,-19.0],[-42.0,-19.06]]}},{"type":"Feature","properties":{"level":1012},"geometry":{"type":"LineString","coordinates":[[-34.75,-19.01],[-34.45,-19.0],[-34.75,-19.01]]}},{"type":"Feature","properties":{"level":1012},"geometry":{"type":"LineString","coordinates":[[137.21,-18.5],[137.37,-18.5],[137.25,-18.24],[137.21,-18.5]]}},{"type":"Feature","properties":{"level":1012},"geometry":{"type":"LineString","coordinates":[[137.68,-18.5],[138.02,-18.5],[137.68,-18.5]]}},{"type":"Feature","properties":{"level":1012},"geometry":{"type":"LineString","coordinates":[[-58.81,-18.25],[-58.34,-18.25],[-58.81,-18.25]]}},{"type":"Feature","properties":{"level":1012},"geometry":{"type":"LineString","coordinates":[[-59.48,-18.0],[-58.92,-18.0],[-59.48,-18.0]]}},{"type":"Feature","properties":{"level":1012},"geometry":{"type":"LineString","coordinates":[[136.44,-17.75],[137.0,-17.5],[136.25,-17.15],[135.44,-17.25],[135.75,-17.53],[136.25,-17.37],[136.44,-17.75]]}},{"type":"Feature","properties":{"level":1012},"geometry":{"type":"LineString","coordinates":[[137.17,-17.75],[137.46,-17.75],[137.17,-17.75]]}},{"type":"Feature","properties":{"level":1012},"geometry":{"type":"LineString","coordinates":[[34.32,-15.25],[34.62,-15.25],[34.74,-14.75],[34.25,-13.94],[33.5,-14.15],[33.66,-15.0],[34.25,-14.98],[34.32,-15.25]]}},{"type":"Feature","properties":{"level":1012},"geometry":{"type":"LineString","coordinates":[[35.47,-14.25],[35.5,-14.46],[35.81,-13.25],[36.75,-12.16],[36.25,-12.47],[35.75,-12.2],[35.0,-12.64],[34.89,-13.0],[35.47,-14.25]]}},{"type":"Feature","properties":{"level":1012},"geometry":{"type":"LineString","coordinates":[[180.0,-14.47],[178.25,-13.53],[176.75,-13.07],[173.25,-13.19],[172.25,-12.86],[170.5,-12.73],[169.75,-12.25],[167.75,-12.07],[167.0,-11.73],[162.75,-11.99],[161.5,-11.81],[160.6,-12.0],[160.0,-12.41],[158.0,-12.22],[157.0,-12.64],[155.25,-12.48],[153.25,-12.88],[151.25,-12.16],[150.25,-12.39],[149.75,-12.22],[148.5,-12.8],[147.25,-12.69],[145.5,-13.13],[143.0,-12.2],[142.5,-12.54],[141.75,-12.45],[141.79,-12.75],[141.25,-13.33],[140.85,-15.25],[140.46,-16.0],[141.02,-16.25],[141.1,-17.25],[140.77,-17.75],[141.07,-18.25],[140.47,-18.25],[140.38,-19.0],[140.0,-19.18],[139.5,-18.86],[138.25,-19.31],[138.0,-19.19],[137.75,-19.5],[137.8,-20.0],[137.5,-20.27],[134.91,-20.75],[134.75,-21.38],[132.75,-21.59],[132.5,-22.07],[132.0,-21.9],[131.8,-22.25],[131.94,-22.75],[131.75,-23.03],[131.5,-22.93],[130.97,-24.0],[131.46,-24.25],[131.46,-24.5],[131.25,-24.78],[129.83,-25.25],[129.52,-26.0],[130.22,-26.75],[130.8,-28.75],[130.41,-30.5],[130.74,-31.75],[130.58,-34.0],[131.13,-37.0],[131.17,-38.75],[131.72,-40.0],[131.67,-40.5],[132.0,-40.77],[132.25,-41.56],[132.74,-41.75],[132.59,-42.0],[133.25,-43.59],[135.84,-46.25],[138.5,-50.27],[138.95,-51.75],[138.23,-53.5],[138.16,-55.0],[138.93,-56.0],[140.25,-56.81],[142.25,-57.19],[144.75,-57.25],[147.5,-56.98],[150.61,-56.25],[157.75,-54.12],[164.5,-51.42],[171.8,-48.0],[175.74,-46.75],[180.0,-45.86]]}},{"type":"Feature","properties":{"level":1012},"geometry":{"type":"LineString","coordinates":[[33.63,-13.75],[34.0,-13.98],[34.1,-13.75],[34.0,-12.78],[33.64,-13.0],[33.63,-13.75]]}},{"type":"Feature","properties":{"level":1012},"geometry":{"type":"LineString","coordinates":[[133.05,-13.5],[133.5,-13.63],[133.79,-13.25],[133.75,-12.84],[133.5,-12.74],[133.0,-13.23],[133.05,-13.5]]}},{"type":"Feature","properties":{"level":1012},"geometry":{"type":"LineString","coordinates":[[13.82,-12.5],[16.25,-12.55],[17.7,-11.0],[16.75,-10.82],[16.82,-10.5],[16.5,-10.15],[15.0,-10.0],[13.76,-10.75],[13.82,-12.5]]}},{"type":"Feature","properties":{"level":1012},"geometry":{"type":"LineString","coordinates":[[24.54,-12.0],[25.25,-12.0],[25.75,-11.31],[26.25,-11.55],[26.5,-11.4],[26.7,-11.0],[26.39,-10.5],[26.5,-9.34],[24.85,-10.25],[25.3,-11.0],[24.5,-11.66],[24.15,-11.5],[24.11,-11.75],[24.54,-12.0]]}},{"type":"Feature","properties":{"level":1012},"geometry":{"type":"LineString","coordinates":[[18.73,-11.5],[19.36,-11.25],[18.99,-10.5],[19.74,-10.25],[19.4,-9.75],[19.89,-9.0],[18.5,-8.24],[18.01,-9.0],[18.75,-9.43],[18.99,-10.0],[17.97,-10.75],[18.73,-11.5]]}},{"type":"Feature","properties":{"level":1012},"geometry":{"type":"LineString","coordinates":[[161.84,-10.75],[162.16,-10.75],[161.75,-10.47],[161.84,-10.75]]}},{"type":"Feature","properties":{"level":1012},"geometry":{"type":"LineString","coordinates":[[150.17,-10.5],[150.42,-10.5],[150.4,-10.25],[150.0,-10.13],[149.25,-9.34],[148.75,-9.32],[147.75,-8.26],[146.98,-6.75],[147.75,-6.62],[147.5,-6.07],[146.25,-5.62],[145.5,-5.77],[144.25,-4.98],[141.25,-4.75],[138.75,-3.44],[137.25,-3.57],[136.5,-3.21],[135.33,-4.0],[135.75,-4.36],[136.5,-4.17],[139.5,-4.68],[140.5,-5.24],[142.0,-5.61],[143.25,-6.66],[144.0,-6.92],[145.0,-6.83],[145.5,-7.13],[145.75,-7.61],[146.5,-7.71],[146.99,-8.75],[148.0,-9.7],[150.17,-10.5]]}},{"type":"Feature","properties":{"level":1012},"geometry":{"type":"LineString","coordinates":[[120.08,-10.0],[120.58,-10.0],[119.89,-9.5],[119.27,-9.5],[120.08,-10.0]]}},{"type":"Feature","properties":{"level":1012},"geometry":{"type":"LineString","coordinates":[[159.87,-9.75],[160.71,-9.75],[160.0,-9.48],[159.87,-9.75]]}},{"type":"Feature","properties":{"level":1012},"geometry":{"type":"LineString","coordinates":[[35.75,-9.57],[35.62,-9.0],[36.5,-8.19],[36.32,-9.0],[35.75,-9.57]]}},{"type":"Feature","properties":{"level":1012},"geometry":{"type":"LineString","coordinates":[[-73.75,-9.36],[-74.58,-8.75],[-74.75,-8.3],[-73.69,-8.75],[-73.48,-9.25],[-73.75,-9.36]]}},{"type":"Feature","properties":{"level":1012},"geometry":{"type":"LineString","coordinates":[[24.69,-9.25],[25.0,-9.3],[25.14,-8.5],[25.52,-8.25],[25.25,-7.87],[24.49,-8.5],[24.89,-8.75],[24.69,-9.25]]}},{"type":"Feature","properties":{"level":1012},"geometry":{"type":"LineString","coordinates":[[31.24,-9.0],[31.5,-9.13],[32.0,-8.5],[31.0,-7.2],[30.94,-7.75],[31.45,-8.75],[31.24,-9.0]]}},{"type":"Feature","properties":{"level":1012},"geometry":{"type":"LineString","coordinates":[[116.81,-9.0],[117.5,-9.15],[117.72,-8.75],[117.25,-8.48],[116.82,-8.75],[116.81,-9.0]]}},{"type":"Feature","properties":{"level":1012},"geometry":{"type":"LineString","coordinates":[[125.15,-9.0],[125.5,-9.14],[126.18,-8.75],[125.5,-8.59],[125.15,-9.0]]}},{"type":"Feature","properties":{"level":1012},"geometry":{"type":"LineString","coordinates":[[-70.61,-8.75],[-70.34,-8.75],[-70.82,-8.5],[-70.61,-8.75]]}},{"type":"Feature","properties":{"level":1012},"geometry":{"type":"LineString","coordinates":[[15.47,-8.75],[16.25,-8.84],[16.33,-8.0],[15.25,-6.75],[15.06,-8.25],[15.47,-8.75]]}},{"type":"Feature","properties":{"level":1012},"geometry":{"type":"LineString","coordinates":[[118.42,-8.75],[118.61,-8.5],[118.32,-8.5],[118.42,-8.75]]}},{"type":"Feature","properties":{"level":1012},"geometry":{"type":"LineString","coordinates":[[120.05,-8.75],[121.0,-8.9],[121.48,-8.75],[120.5,-8.38],[120.05,-8.75]]}},{"type":"Feature","properties":{"level":1012},"geometry":{"type":"LineString","coordinates":[[7.47,-7.25],[7.75,-6.95],[7.44,-7.0],[7.47,-7.25]]}},{"type":"Feature","properties":{"level":1012},"geometry":{"type":"LineString","coordinates":[[55.0,-6.34],[55.25,-6.08],[55.38,-6.25],[55.0,-6.34]]}},{"type":"Feature","properties":{"level":1012},"geometry":{"type":"LineString","coordinates":[[150.88,-5.75],[152.09,-5.25],[151.75,-5.05],[151.25,-5.23],[150.88,-5.75]]}},{"type":"Feature","properties":{"level":1012},"geometry":{"type":"LineString","coordinates":[[104.24,-5.5],[104.5,-5.68],[105.04,-5.5],[104.5,-4.84],[104.0,-4.64],[103.81,-4.0],[103.0,-3.5],[101.97,-1.75],[100.71,-0.75],[100.8,-0.25],[99.54,1.25],[99.62,2.25],[99.08,3.0],[98.21,3.5],[97.5,4.7],[97.0,5.09],[96.0,5.25],[95.75,5.49],[95.25,5.27],[97.25,3.22],[98.0,2.86],[99.2,1.25],[99.23,0.75],[100.03,0.0],[100.5,-1.25],[101.59,-2.75],[104.24,-5.5]]}},{"type":"Feature","properties":{"level":1012},"geometry":{"type":"LineString","coordinates":[[119.8,-5.5],[120.0,-5.57],[120.22,-5.25],[120.0,-4.58],[119.75,-4.46],[119.8,-5.5]]}},{"type":"Feature","properties":{"level":1012},"geometry":{"type":"LineString","coordinates":[[52.75,-4.81],[52.75,-4.56],[53.19,-4.75],[52.75,-4.81]]}},{"type":"Feature","properties":{"level":1012},"geometry":{"type":"LineString","coordinates":[[53.75,-4.97],[53.59,-4.75],[54.25,-4.36],[54.43,-4.75],[53.75,-4.97]]}},{"type":"Feature","properties":{"level":1012},"geometry":{"type":"LineString","coordinates":[[12.12,-4.5],[12.78,-4.5],[11.61,-3.5],[10.75,-3.13],[11.25,-3.92],[12.12,-4.5]]}},{"type":"Feature","properties":{"level":1012},"geometry":{"type":"LineString","coordinates":[[52.0,-4.28],[51.39,-3.75],[51.5,-3.34],[52.94,-4.0],[52.75,-4.47],[52.0,-4.28]]}},{"type":"Feature","properties":{"level":1012},"geometry":{"type":"LineString","coordinates":[[121.71,-4.25],[122.14,-3.75],[122.29,-3.0],[121.28,-2.0],[122.79,-1.0],[122.5,-0.85],[121.5,-1.07],[120.75,-1.57],[120.25,-1.02],[119.75,-1.0],[119.44,-2.5],[119.03,-2.75],[119.0,-3.1],[120.25,-3.71],[120.25,-2.68],[121.0,-2.56],[121.13,-3.0],[120.85,-3.5],[121.71,-4.25]]}},{"type":"Feature","properties":{"level":1012},"geometry":{"type":"LineString","coordinates":[[53.25,-4.08],[53.21,-3.75],[53.5,-3.56],[53.55,-4.0],[53.25,-4.08]]}},{"type":"Feature","properties":{"level":1012},"geometry":{"type":"LineString","coordinates":[[54.25,-3.87],[53.78,-3.25],[54.0,-2.72],[53.33,-2.25],[53.78,-1.5],[53.75,-0.75],[55.0,-0.64],[55.25,-0.4],[56.0,-0.75],[56.12,-1.0],[55.79,-1.25],[56.55,-1.5],[56.28,-2.0],[56.0,-2.09],[55.75,-1.87],[55.36,-2.5],[55.35,-3.0],[54.25,-3.87]]}},{"type":"Feature","properties":{"level":1012},"geometry":{"type":"LineString","coordinates":[[88.75,-3.31],[88.75,-2.98],[89.13,-3.25],[88.75,-3.31]]}},{"type":"Feature","properties":{"level":1012},"geometry":{"type":"LineString","coordinates":[[12.92,-2.75],[13.39,-2.5],[13.18,-2.0],[12.5,-1.69],[11.17,-0.5],[11.4,-1.0],[11.03,-1.25],[11.1,-1.5],[11.75,-2.11],[12.25,-2.11],[12.5,-2.5],[13.1,-2.25],[12.92,-2.75]]}},{"type":"Feature","properties":{"level":1012},"geometry":{"type":"LineString","coordinates":[[35.75,-2.75],[35.73,-2.25],[36.19,-1.5],[36.44,-1.5],[36.25,-2.65],[36.0,-2.86],[35.75,-2.75]]}},{"type":"Feature","properties":{"level":1012},"geometry":{"type":"LineString","coordinates":[[52.5,-2.93],[52.5,-2.71],[52.67,-2.75],[52.5,-2.93]]}},{"type":"Feature","properties":{"level":1012},"geometry":{"type":"LineString","coordinates":[[-106.5,-2.42],[-106.5,-2.17],[-106.34,-2.25],[-106.5,-2.42]]}},{"type":"Feature","properties":{"level":1012},"geometry":{"type":"LineString","coordinates":[[133.43,-1.5],[133.75,-1.63],[134.09,-1.25],[133.0,-0.7],[132.46,-0.75],[132.8,-1.25],[133.43,-1.5]]}},{"type":"Feature","properties":{"level":1012},"geometry":{"type":"LineString","coordinates":[[-118.25,-1.26],[-119.52,-0.25],[-119.25,1.32],[-118.25,0.88],[-118.0,1.14],[-117.79,0.25],[-117.34,-0.25],[-117.58,-1.25],[-118.25,-1.26]]}},{"type":"Feature","properties":{"level":1012},"geometry":{"type":"LineString","coordinates":[[-91.33,-1.0],[-91.18,-1.0],[-91.33,-1.0]]}},{"type":"Feature","properties":{"level":1012},"geometry":{"type":"LineString","coordinates":[[14.14,-1.0],[14.92,-0.75],[14.91,-0.5],[14.34,-0.25],[14.14,-1.0]]}},{"type":"Feature","properties":{"level":1012},"geometry":{"type":"LineString","coordinates":[[6.44,0.25],[6.64,0.25],[6.44,0.25]]}},{"type":"Feature","properties":{"level":1012},"geometry":{"type":"LineString","coordinates":[[10.34,0.5],[10.95,0.5],[10.8,1.0],[11.45,1.25],[10.35,2.0],[10.73,2.25],[10.89,2.75],[10.95,3.25],[10.75,3.37],[10.46,3.25],[10.54,3.0],[10.14,2.5],[9.88,1.5],[10.34,0.5]]}},{"type":"Feature","properties":{"level":1012},"geometry":{"type":"LineString","coordinates":[[87.0,0.41],[87.15,0.5],[87.0,0.41]]}},{"type":"Feature","properties":{"level":1012},"geometry":{"type":"LineString","coordinates":[[89.24,0.5],[89.25,0.76],[89.24,0.5]]}},{"type":"Feature","properties":{"level":1012},"geometry":{"type":"LineString","coordinates":[[-116.75,0.98],[-117.0,1.1],[-117.33,2.0],[-117.25,2.9],[-116.84,3.25],[-116.5,2.85],[-115.0,3.21],[-114.87,3.0],[-115.64,2.25],[-116.0,1.05],[-116.75,0.98]]}},{"type":"Feature","properties":{"level":1012},"geometry":{"type":"LineString","coordinates":[[113.7,1.0],[114.5,1.01],[115.0,1.36],[115.5,0.84],[116.25,1.11],[116.52,1.75],[116.1,3.0],[116.25,4.86],[115.45,4.75],[114.98,4.0],[114.92,3.25],[114.18,3.25],[114.04,2.25],[114.26,2.0],[114.0,1.5],[113.42,1.25],[113.7,1.0]]}},{"type":"Feature","properties":{"level":1012},"geometry":{"type":"LineString","coordinates":[[-117.75,1.15],[-117.95,1.25],[-117.75,1.15]]}},{"type":"Feature","properties":{"level":1012},"geometry":{"type":"LineString","coordinates":[[-119.5,1.66],[-119.5,2.08],[-119.27,1.75],[-119.5,1.66]]}},{"type":"Feature","properties":{"level":1012},"geometry":{"type":"LineString","coordinates":[[-114.0,1.74],[-114.25,1.79],[-114.25,2.07],[-113.86,2.0],[-114.0,1.74]]}},{"type":"Feature","properties":{"level":1012},"geometry":{"type":"LineString","coordinates":[[87.5,1.75],[87.82,1.75],[87.5,1.75]]}},{"type":"Feature","properties":{"level":1012},"geometry":{"type":"LineString","coordinates":[[-118.5,1.96],[-118.25,2.26],[-118.25,1.92],[-118.5,1.96]]}},{"type":"Feature","properties":{"level":1012},"geometry":{"type":"LineString","coordinates":[[88.75,2.14],[88.75,2.44],[88.94,2.25],[88.75,2.14]]}},{"type":"Feature","properties":{"level":1012},"geometry":{"type":"LineString","coordinates":[[-107.17,2.75],[-107.0,2.64],[-107.17,2.75]]}},{"type":"Feature","properties":{"level":1012},"geometry":{"type":"LineString","coordinates":[[-77.07,2.75],[-77.0,2.56],[-76.82,2.75],[-76.75,3.68],[-77.07,2.75]]}},{"type":"Feature","properties":{"level":1012},"geometry":{"type":"LineString","coordinates":[[63.0,3.19],[62.5,3.95],[62.0,4.12],[61.5,3.88],[60.91,4.0],[61.02,4.5],[60.75,4.72],[60.0,3.94],[58.5,4.9],[58.0,4.81],[57.93,4.0],[57.25,3.66],[56.55,4.25],[56.25,4.14],[55.75,4.53],[55.25,4.17],[55.0,4.24],[53.89,5.75],[54.32,6.5],[54.24,6.75],[54.55,7.0],[54.53,7.5],[54.93,7.75],[54.76,8.5],[55.75,9.17],[57.5,9.77],[58.25,9.52],[59.25,9.54],[59.5,10.01],[62.25,11.24],[64.5,11.28],[67.0,12.08],[67.75,12.03],[68.5,11.6],[69.75,11.77],[70.25,11.61],[70.03,11.0],[70.22,10.25],[69.57,9.75],[69.61,8.75],[69.77,8.25],[70.82,7.75],[70.94,7.5],[70.48,7.25],[70.52,7.0],[71.14,5.75],[70.66,5.5],[70.32,4.5],[69.83,4.25],[69.5,3.73],[68.25,3.06],[66.0,3.01],[65.5,3.3],[64.0,3.53],[63.5,3.0],[63.0,3.19]]}},{"type":"Feature","properties":{"level":1012},"geometry":{"type":"LineString","coordinates":[[-108.75,3.72],[-108.94,4.0],[-108.75,4.4],[-108.42,4.0],[-108.75,3.72]]}},{"type":"Feature","properties":{"level":1012},"geometry":{"type":"LineString","coordinates":[[60.5,3.65],[60.3,3.75],[60.61,3.75],[60.5,3.65]]}},{"type":"Feature","properties":{"level":1012},"geometry":{"type":"LineString","coordinates":[[89.25,3.7],[89.87,3.75],[89.25,3.7]]}},{"type":"Feature","properties":{"level":1012},"geometry":{"type":"LineString","coordinates":[[-107.5,3.89],[-107.5,4.09],[-107.5,3.89]]}},{"type":"Feature","properties":{"level":1012},"geometry":{"type":"LineString","coordinates":[[9.02,4.0],[9.25,3.95],[9.44,4.25],[9.25,4.49],[8.82,4.25],[9.02,4.0]]}},{"type":"Feature","properties":{"level":1012},"geometry":{"type":"LineString","coordinates":[[101.46,4.0],[101.73,4.0],[101.95,5.25],[101.5,6.09],[101.15,6.0],[100.96,5.5],[101.46,4.0]]}},{"type":"Feature","properties":{"level":1012},"geometry":{"type":"LineString","coordinates":[[10.34,4.25],[10.75,4.45],[11.0,5.18],[11.5,5.43],[12.0,5.01],[12.5,5.29],[12.75,4.94],[13.08,5.25],[13.0,6.03],[13.75,5.67],[14.75,5.82],[15.0,6.17],[15.42,6.25],[15.45,7.0],[15.0,7.51],[14.0,7.64],[13.0,7.33],[12.75,7.78],[12.5,7.44],[11.75,7.6],[11.5,7.24],[11.0,7.48],[10.75,6.86],[10.0,6.75],[9.75,6.41],[9.24,6.5],[9.77,5.5],[9.5,5.16],[9.0,5.25],[8.87,5.0],[9.25,4.54],[9.5,4.78],[10.7,4.75],[10.34,4.25]]}},{"type":"Feature","properties":{"level":1012},"geometry":{"type":"LineString","coordinates":[[42.0,4.35],[41.84,4.5],[42.0,5.32],[42.16,4.5],[42.0,4.35]]}},{"type":"Feature","properties":{"level":1012},"geometry":{"type":"LineString","coordinates":[[58.25,4.43],[58.25,4.59],[58.25,4.43]]}},{"type":"Feature","properties":{"level":1012},"geometry":{"type":"LineString","coordinates":[[-104.23,4.75],[-103.88,4.75],[-104.23,4.75]]}},{"type":"Feature","properties":{"level":1012},"geometry":{"type":"LineString","coordinates":[[44.0,5.17],[43.75,5.61],[41.87,6.5],[41.65,7.0],[42.0,7.74],[42.85,7.75],[42.88,7.5],[42.46,7.25],[42.5,6.8],[43.0,7.19],[43.75,6.68],[44.61,6.75],[44.97,6.25],[44.72,6.0],[44.97,5.5],[44.5,5.06],[44.0,5.17]]}},{"type":"Feature","properties":{"level":1012},"geometry":{"type":"LineString","coordinates":[[45.75,5.43],[45.07,6.25],[45.21,6.5],[45.75,6.34],[48.75,7.23],[49.79,7.25],[49.74,6.5],[49.25,6.15],[48.75,6.31],[48.25,5.99],[47.0,6.04],[47.06,5.75],[45.75,5.43]]}},{"type":"Feature","properties":{"level":1012},"geometry":{"type":"LineString","coordinates":[[82.25,5.47],[82.02,5.5],[82.25,5.47]]}},{"type":"Feature","properties":{"level":1012},"geometry":{"type":"LineString","coordinates":[[23.79,6.0],[25.0,5.88],[26.25,6.32],[26.69,6.75],[26.54,7.25],[26.75,8.2],[26.5,7.95],[26.07,8.5],[25.5,8.41],[25.25,9.06],[24.32,8.75],[24.0,8.21],[23.25,8.2],[23.0,6.75],[23.79,6.0]]}},{"type":"Feature","properties":{"level":1012},"geometry":{"type":"LineString","coordinates":[[84.5,7.5],[84.51,7.75],[84.91,7.75],[84.75,7.29],[84.5,7.5]]}},{"type":"Feature","properties":{"level":1012},"geometry":{"type":"LineString","coordinates":[[-116.5,7.94],[-117.5,9.07],[-118.25,8.45],[-120.0,8.25],[-122.25,8.98],[-122.38,9.25],[-122.25,9.56],[-121.44,9.75],[-121.7,10.25],[-121.5,10.41],[-120.0,10.24],[-118.88,10.75],[-118.64,11.25],[-118.75,11.47],[-119.25,11.38],[-119.47,11.75],[-119.53,13.25],[-119.27,13.75],[-118.75,13.81],[-118.51,14.75],[-117.75,15.19],[-116.5,15.14],[-115.21,13.75],[-115.25,11.25],[-116.47,9.5],[-116.5,8.74],[-115.92,8.25],[-116.5,7.94]]}},{"type":"Feature","properties":{"level":1012},"geometry":{"type":"LineString","coordinates":[[-72.0,8.0],[-71.0,8.17],[-70.11,9.25],[-70.25,9.4],[-71.0,9.11],[-71.36,8.75],[-71.25,8.43],[-72.0,8.0]]}},{"type":"Feature","properties":{"level":1012},"geometry":{"type":"LineString","coordinates":[[85.25,8.19],[85.07,8.25],[85.25,8.42],[85.25,8.19]]}},{"type":"Feature","properties":{"level":1012},"geometry":{"type":"LineString","coordinates":[[-82.63,8.75],[-82.21,8.75],[-83.25,9.91],[-84.0,10.35],[-84.49,10.25],[-83.94,9.5],[-82.63,8.75]]}},{"type":"Feature","properties":{"level":1012},"geometry":{"type":"LineString","coordinates":[[28.33,8.75],[28.83,8.75],[28.5,9.01],[28.33,8.75]]}},{"type":"Feature","properties":{"level":1012},"geometry":{"type":"LineString","coordinates":[[70.5,8.94],[69.9,9.5],[70.25,9.8],[70.64,9.75],[70.5,8.94]]}},{"type":"Feature","properties":{"level":1012},"geometry":{"type":"LineString","coordinates":[[98.7,9.5],[98.75,9.25],[98.7,9.5]]}},{"type":"Feature","properties":{"level":1012},"geometry":{"type":"LineString","coordinates":[[-141.87,10.25],[-141.7,10.25],[-141.87,10.25]]}},{"type":"Feature","properties":{"level":1012},"geometry":{"type":"LineString","coordinates":[[-12.31,10.5],[-12.0,10.26],[-11.75,10.45],[-11.25,10.31],[-11.15,10.5],[-11.23,11.0],[-11.5,11.01],[-11.28,11.5],[-12.25,12.13],[-12.82,11.25],[-12.31,10.5]]}},{"type":"Feature","properties":{"level":1012},"geometry":{"type":"LineString","coordinates":[[44.25,10.44],[43.98,10.75],[46.75,11.72],[47.59,11.75],[47.49,11.25],[46.75,10.74],[44.25,10.44]]}},{"type":"Feature","properties":{"level":1012},"geometry":{"type":"LineString","coordinates":[[103.17,11.75],[103.75,11.59],[103.96,12.0],[103.0,12.5],[102.74,12.25],[103.17,11.75]]}},{"type":"Feature","properties":{"level":1012},"geometry":{"type":"LineString","coordinates":[[-120.5,12.36],[-120.5,12.6],[-120.5,12.36]]}},{"type":"Feature","properties":{"level":1012},"geometry":{"type":"LineString","coordinates":[[24.13,12.75],[24.5,12.66],[24.68,13.0],[24.5,13.6],[24.25,13.7],[24.13,12.75]]}},{"type":"Feature","properties":{"level":1012},"geometry":{"type":"LineString","coordinates":[[42.21,13.0],[42.5,13.0],[42.21,13.0]]}},{"type":"Feature","properties":{"level":1012},"geometry":{"type":"LineString","coordinates":[[-106.17,13.25],[-105.78,13.5],[-106.0,14.29],[-106.25,14.29],[-106.36,14.0],[-106.17,13.25]]}},{"type":"Feature","properties":{"level":1012},"geometry":{"type":"LineString","coordinates":[[41.58,13.25],[41.75,13.11],[41.98,13.5],[41.5,13.77],[41.25,14.34],[41.0,14.34],[41.58,13.25]]}},{"type":"Feature","properties":{"level":1012},"geometry":{"type":"LineString","coordinates":[[102.05,14.25],[102.31,14.25],[102.05,14.25]]}},{"type":"Feature","properties":{"level":1012},"geometry":{"type":"LineString","coordinates":[[101.2,14.5],[101.5,14.28],[101.68,14.5],[101.2,14.5]]}},{"type":"Feature","properties":{"level":1012},"geometry":{"type":"LineString","coordinates":[[77.65,15.25],[78.03,15.25],[77.65,15.25]]}},{"type":"Feature","properties":{"level":1012},"geometry":{"type":"LineString","coordinates":[[106.75,15.37],[106.75,15.55],[106.75,15.37]]}},{"type":"Feature","properties":{"level":1012},"geometry":{"type":"LineString","coordinates":[[121.1,16.0],[121.5,15.95],[121.73,16.25],[121.25,16.55],[121.34,17.5],[121.0,18.33],[120.53,16.5],[121.1,16.0]]}},{"type":"Feature","properties":{"level":1012},"geometry":{"type":"LineString","coordinates":[[-180.0,16.88],[-172.5,15.84],[-170.5,15.04],[-168.5,15.04],[-166.5,14.35],[-166.25,14.51],[-163.75,14.26],[-162.0,13.17],[-160.75,13.09],[-160.25,12.64],[-159.75,12.73],[-158.25,12.14],[-155.5,12.78],[-155.17,12.5],[-154.5,12.55],[-153.5,11.96],[-152.25,11.94],[-151.25,11.33],[-150.5,11.08],[-150.25,11.21],[-150.0,10.62],[-149.75,10.96],[-149.5,10.63],[-149.34,11.0],[-149.0,11.08],[-148.25,10.24],[-147.75,10.57],[-147.25,10.21],[-146.25,10.55],[-146.0,10.21],[-144.75,10.09],[-142.75,10.9],[-141.25,10.74],[-139.75,11.0],[-137.95,9.25],[-137.14,7.75],[-137.26,7.0],[-134.5,4.53],[-133.17,3.75],[-133.17,3.25],[-133.79,3.0],[-134.02,2.5],[-132.67,1.5],[-132.75,1.24],[-133.25,1.3],[-133.5,1.0],[-134.25,1.01],[-134.78,0.75],[-134.96,0.5],[-134.68,0.0],[-135.33,-0.75],[-136.22,-0.75],[-135.0,-1.67],[-134.9,-2.0],[-135.5,-2.75],[-135.12,-3.0],[-135.25,-3.16],[-135.5,-3.06],[-136.18,-3.5],[-136.49,-4.25],[-136.26,-4.75],[-136.5,-5.15],[-137.0,-4.95],[-137.83,-5.25],[-138.5,-6.2],[-139.33,-6.5],[-139.9,-7.25],[-139.77,-7.5],[-140.5,-7.74],[-140.39,-8.0],[-141.75,-8.31],[-141.47,-9.75],[-140.56,-10.75],[-140.54,-11.25],[-141.0,-11.81],[-141.87,-12.5],[-144.25,-12.8],[-146.75,-13.99],[-148.0,-15.4],[-149.5,-16.09],[-149.88,-17.0],[-150.75,-17.12],[-151.75,-17.87],[-151.91,-18.25],[-151.7,-18.5],[-152.0,-19.0],[-154.1,-20.25],[-155.25,-20.48],[-155.75,-20.94],[-156.75,-21.31],[-157.5,-22.21],[-159.25,-22.29],[-161.5,-21.84],[-163.5,-22.09],[-167.75,-20.58],[-168.75,-19.76],[-171.0,-18.82],[-172.5,-17.67],[-174.75,-17.2],[-178.0,-15.25],[-180.0,-14.47]]}},{"type":"Feature","properties":{"level":1012},"geometry":{"type":"LineString","coordinates":[[8.55,17.5],[9.29,17.5],[9.48,17.75],[9.4,18.25],[9.78,18.5],[9.5,19.07],[8.89,19.5],[9.12,20.0],[8.75,20.39],[8.4,20.0],[8.71,19.5],[8.55,19.0],[8.81,18.5],[8.4,17.75],[8.55,17.5]]}},{"type":"Feature","properties":{"level":1012},"geometry":{"type":"LineString","coordinates":[[81.71,17.75],[82.25,17.67],[83.0,18.19],[83.0,19.39],[81.71,17.75]]}},{"type":"Feature","properties":{"level":1012},"geometry":{"type":"LineString","coordinates":[[-76.57,18.0],[-76.23,18.0],[-76.57,18.0]]}},{"type":"Feature","properties":{"level":1012},"geometry":{"type":"LineString","coordinates":[[-71.44,18.0],[-71.0,17.91],[-70.82,18.25],[-70.5,18.31],[-70.11,18.25],[-70.2,18.0],[-70.0,17.97],[-69.9,18.25],[-70.5,19.04],[-71.25,19.37],[-71.8,19.25],[-71.52,19.0],[-71.88,18.75],[-71.0,18.62],[-71.0,18.38],[-72.25,18.57],[-73.19,18.25],[-71.44,18.0]]}},{"type":"Feature","properties":{"level":1012},"geometry":{"type":"LineString","coordinates":[[-74.22,18.25],[-73.3,18.25],[-74.0,18.68],[-74.44,18.5],[-74.22,18.25]]}},{"type":"Feature","properties":{"level":1012},"geometry":{"type":"LineString","coordinates":[[-66.75,18.45],[-67.04,18.75],[-66.5,18.9],[-65.91,18.5],[-66.25,18.29],[-66.75,18.45]]}},{"type":"Feature","properties":{"level":1012},"geometry":{"type":"LineString","coordinates":[[99.0,18.38],[98.84,18.5],[99.0,18.79],[99.0,18.38]]}},{"type":"Feature","properties":{"level":1012},"geometry":{"type":"LineString","coordinates":[[100.75,18.26],[100.59,18.5],[100.75,18.96],[100.91,18.75],[100.75,18.26]]}},{"type":"Feature","properties":{"level":1012},"geometry":{"type":"LineString","coordinates":[[109.26,18.5],[110.0,18.66],[110.13,19.0],[109.75,19.31],[109.25,19.31],[108.82,18.75],[109.26,18.5]]}},{"type":"Feature","properties":{"level":1012},"geometry":{"type":"LineString","coordinates":[[-72.74,19.0],[-72.26,19.0],[-72.74,19.0]]}},{"type":"Feature","properties":{"level":1012},"geometry":{"type":"LineString","coordinates":[[81.52,19.0],[81.88,19.0],[82.09,19.5],[81.75,20.01],[80.98,19.5],[81.52,19.0]]}},{"type":"Feature","properties":{"level":1012},"geometry":{"type":"LineString","coordinates":[[100.0,19.19],[99.78,19.75],[100.0,20.31],[100.28,19.5],[100.0,19.19]]}},{"type":"Feature","properties":{"level":1012},"geometry":{"type":"LineString","coordinates":[[-72.72,19.5],[-72.29,19.5],[-72.75,19.83],[-72.72,19.5]]}},{"type":"Feature","properties":{"level":1012},"geometry":{"type":"LineString","coordinates":[[74.75,19.66],[74.75,19.91],[75.04,19.75],[74.75,19.66]]}},{"type":"Feature","properties":{"level":1012},"geometry":{"type":"LineString","coordinates":[[-77.22,20.0],[-76.75,19.77],[-75.98,20.0],[-76.5,20.26],[-77.22,20.0]]}},{"type":"Feature","properties":{"level":1012},"geometry":{"type":"LineString","coordinates":[[-74.86,20.25],[-74.43,20.25],[-75.0,20.66],[-75.12,20.5],[-74.86,20.25]]}},{"type":"Feature","properties":{"level":1012},"geometry":{"type":"LineString","coordinates":[[102.5,20.24],[102.75,21.48],[103.0,21.54],[103.21,21.25],[102.87,21.0],[102.75,20.28],[102.5,20.24]]}},{"type":"Feature","properties":{"level":1012},"geometry":{"type":"LineString","coordinates":[[93.74,20.5],[94.0,20.35],[94.16,21.25],[93.86,22.0],[93.75,23.5],[93.44,22.75],[93.38,21.75],[93.74,20.5]]}},{"type":"Feature","properties":{"level":1012},"geometry":{"type":"LineString","coordinates":[[58.45,21.0],[58.5,20.84],[58.75,20.95],[59.44,22.0],[59.38,22.75],[58.5,23.32],[57.33,23.5],[56.0,24.98],[55.8,24.5],[56.08,23.75],[56.75,23.3],[57.0,22.63],[57.5,22.68],[58.5,22.0],[58.65,21.75],[58.45,21.0]]}},{"type":"Feature","properties":{"level":1012},"geometry":{"type":"LineString","coordinates":[[106.92,21.25],[107.25,21.12],[108.12,21.75],[108.12,22.0],[107.0,21.93],[106.0,22.51],[105.75,22.33],[106.92,21.25]]}},{"type":"Feature","properties":{"level":1012},"geometry":{"type":"LineString","coordinates":[[112.29,21.25],[114.5,21.18],[116.96,21.75],[117.15,22.0],[116.62,22.25],[116.32,22.75],[116.73,23.5],[117.61,24.0],[117.72,24.5],[119.24,25.75],[119.52,26.75],[120.02,27.0],[120.15,28.0],[119.5,28.29],[119.52,28.75],[119.0,28.74],[118.25,28.15],[117.15,27.75],[117.19,27.25],[116.39,26.25],[115.75,25.56],[115.25,25.67],[115.0,25.22],[114.5,25.55],[114.0,26.68],[113.25,25.92],[112.25,25.56],[112.02,25.75],[112.25,26.0],[112.0,26.14],[110.75,25.66],[111.07,26.25],[111.0,26.55],[110.75,26.45],[110.5,26.66],[110.0,26.43],[109.51,25.0],[110.08,24.5],[109.99,24.25],[109.64,23.5],[109.0,23.04],[108.61,23.25],[108.5,23.63],[108.48,23.0],[109.13,22.75],[109.59,21.75],[112.29,21.25]]}},{"type":"Feature","properties":{"level":1012},"geometry":{"type":"LineString","coordinates":[[73.87,21.75],[74.67,21.75],[74.5,22.01],[73.87,21.75]]}},{"type":"Feature","properties":{"level":1012},"geometry":{"type":"LineString","coordinates":[[78.12,21.75],[78.85,22.0],[79.13,22.5],[78.25,22.27],[78.12,21.75]]}},{"type":"Feature","properties":{"level":1012},"geometry":{"type":"LineString","coordinates":[[-10.51,22.0],[-10.35,22.5],[-9.75,22.09],[-8.5,22.8],[-7.62,23.5],[-7.25,24.27],[-6.97,24.25],[-6.75,23.53],[-5.75,23.99],[-5.25,23.79],[-2.75,24.42],[-1.56,24.25],[0.0,24.75],[0.29,25.0],[0.43,25.75],[-1.25,26.5],[-3.25,27.93],[-5.5,27.67],[-7.0,26.58],[-8.37,26.5],[-8.25,25.98],[-9.17,25.75],[-9.34,25.25],[-11.11,23.25],[-11.41,22.25],[-10.51,22.0]]}},{"type":"Feature","properties":{"level":1012},"geometry":{"type":"LineString","coordinates":[[120.57,22.25],[120.75,22.04],[121.18,22.5],[121.93,24.25],[121.89,25.0],[121.5,25.25],[119.47,24.0],[120.25,23.98],[120.57,22.25]]}},{"type":"Feature","properties":{"level":1012},"geometry":{"type":"LineString","coordinates":[[75.14,22.5],[75.75,22.42],[76.26,22.75],[75.25,23.33],[74.81,22.75],[75.14,22.5]]}},{"type":"Feature","properties":{"level":1012},"geometry":{"type":"LineString","coordinates":[[-106.25,23.17],[-106.43,23.25],[-106.25,23.17]]}},{"type":"Feature","properties":{"level":1012},"geometry":{"type":"LineString","coordinates":[[110.25,23.46],[110.47,23.5],[110.25,23.46]]}},{"type":"Feature","properties":{"level":1012},"geometry":{"type":"LineString","coordinates":[[108.94,24.25],[109.0,24.05],[108.94,24.25]]}},{"type":"Feature","properties":{"level":1012},"geometry":{"type":"LineString","coordinates":[[110.5,24.61],[110.5,24.86],[110.78,24.75],[110.5,24.61]]}},{"type":"Feature","properties":{"level":1012},"geometry":{"type":"LineString","coordinates":[[110.0,24.95],[109.77,25.25],[110.25,25.51],[110.5,25.39],[110.4,25.0],[110.0,24.95]]}},{"type":"Feature","properties":{"level":1012},"geometry":{"type":"LineString","coordinates":[[124.5,24.99],[124.75,25.34],[125.82,25.25],[125.25,24.93],[124.5,24.99]]}},{"type":"Feature","properties":{"level":1012},"geometry":{"type":"LineString","coordinates":[[111.5,25.31],[111.5,25.58],[111.96,25.5],[111.5,25.31]]}},{"type":"Feature","properties":{"level":1012},"geometry":{"type":"LineString","coordinates":[[101.75,25.57],[101.11,26.5],[101.42,27.0],[102.25,27.26],[102.55,26.25],[101.75,25.57]]}},{"type":"Feature","properties":{"level":1012},"geometry":{"type":"LineString","coordinates":[[128.0,26.07],[128.0,26.27],[128.0,26.07]]}},{"type":"Feature","properties":{"level":1012},"geometry":{"type":"LineString","coordinates":[[117.75,26.52],[117.36,27.25],[118.0,27.64],[118.46,27.5],[118.45,27.0],[117.75,26.52]]}},{"type":"Feature","properties":{"level":1012},"geometry":{"type":"LineString","coordinates":[[60.25,26.99],[57.47,27.5],[58.5,28.09],[60.25,27.84],[60.88,27.25],[60.75,26.99],[60.25,26.99]]}},{"type":"Feature","properties":{"level":1012},"geometry":{"type":"LineString","coordinates":[[63.25,27.49],[62.75,27.74],[62.34,28.5],[62.43,28.75],[63.75,28.97],[64.25,28.44],[65.5,28.73],[65.52,28.25],[65.0,27.74],[63.25,27.49]]}},{"type":"Feature","properties":{"level":1012},"geometry":{"type":"LineString","coordinates":[[59.5,28.22],[58.75,28.63],[57.0,31.63],[56.72,31.75],[56.65,32.0],[57.0,32.36],[57.25,32.2],[57.68,32.5],[56.86,32.75],[56.56,33.5],[56.75,33.89],[57.5,32.84],[58.48,32.25],[58.94,31.0],[59.56,30.5],[59.89,28.5],[59.5,28.22]]}},{"type":"Feature","properties":{"level":1012},"geometry":{"type":"LineString","coordinates":[[64.75,28.92],[64.51,29.0],[64.75,29.31],[65.5,29.47],[65.5,29.19],[64.75,28.92]]}},{"type":"Feature","properties":{"level":1012},"geometry":{"type":"LineString","coordinates":[[61.5,29.73],[61.09,31.25],[61.5,32.25],[61.85,32.5],[62.75,32.78],[62.52,32.5],[62.75,32.35],[64.75,31.91],[64.38,30.75],[64.0,30.47],[63.5,30.39],[62.5,29.64],[61.5,29.73]]}},{"type":"Feature","properties":{"level":1012},"geometry":{"type":"LineString","coordinates":[[2.95,30.0],[3.24,30.0],[3.0,30.24],[2.95,30.0]]}},{"type":"Feature","properties":{"level":1012},"geometry":{"type":"LineString","coordinates":[[4.25,29.97],[4.54,30.0],[4.25,29.97]]}},{"type":"Feature","properties":{"level":1012},"geometry":{"type":"LineString","coordinates":[[15.25,29.95],[14.77,30.25],[14.58,31.0],[15.25,31.09],[15.68,30.75],[15.5,29.85],[15.25,29.95]]}},{"type":"Feature","properties":{"level":1012},"geometry":{"type":"LineString","coordinates":[[-9.0,30.22],[-9.48,30.5],[-9.25,30.71],[-8.39,30.5],[-9.0,30.22]]}},{"type":"Feature","properties":{"level":1012},"geometry":{"type":"LineString","coordinates":[[-7.25,30.55],[-7.5,31.0],[-5.98,31.25],[-7.25,30.55]]}},{"type":"Feature","properties":{"level":1012},"geometry":{"type":"LineString","coordinates":[[117.39,31.0],[117.63,31.0],[117.5,31.18],[117.39,31.0]]}},{"type":"Feature","properties":{"level":1012},"geometry":{"type":"LineString","coordinates":[[88.75,31.44],[88.75,31.83],[89.5,31.9],[90.0,32.27],[90.5,31.75],[90.25,31.4],[89.25,31.27],[88.75,31.44]]}},{"type":"Feature","properties":{"level":1012},"geometry":{"type":"LineString","coordinates":[[132.75,31.46],[132.51,31.75],[132.75,32.07],[132.93,31.75],[132.75,31.46]]}},{"type":"Feature","properties":{"level":1012},"geometry":{"type":"LineString","coordinates":[[14.5,31.58],[14.5,31.8],[15.01,31.75],[14.5,31.58]]}},{"type":"Feature","properties":{"level":1012},"geometry":{"type":"LineString","coordinates":[[56.0,32.92],[55.22,33.25],[55.0,34.08],[54.25,34.01],[54.29,33.75],[54.0,33.57],[52.75,34.14],[51.64,34.0],[50.75,34.71],[50.69,35.0],[51.36,35.5],[52.25,35.25],[53.5,35.44],[54.5,35.13],[56.25,35.53],[56.98,34.5],[56.5,34.21],[56.05,33.5],[56.0,32.92]]}},{"type":"Feature","properties":{"level":1012},"geometry":{"type":"LineString","coordinates":[[134.5,33.87],[134.5,34.31],[134.76,34.0],[134.5,33.87]]}},{"type":"Feature","properties":{"level":1012},"geometry":{"type":"LineString","coordinates":[[40.75,34.47],[40.75,34.83],[40.75,34.47]]}},{"type":"Feature","properties":{"level":1012},"geometry":{"type":"LineString","coordinates":[[8.75,36.43],[8.61,36.5],[8.91,36.5],[8.75,36.43]]}},{"type":"Feature","properties":{"level":1012},"geometry":{"type":"LineString","coordinates":[[-3.59,37.0],[-2.75,36.97],[-2.32,37.25],[-3.25,37.34],[-3.59,37.0]]}},{"type":"Feature","properties":{"level":1012},"geometry":{"type":"LineString","coordinates":[[-63.75,38.9],[-63.75,39.14],[-63.75,38.9]]}},{"type":"Feature","properties":{"level":1012},"geometry":{"type":"LineString","coordinates":[[-63.5,39.33],[-63.23,40.0],[-62.41,40.0],[-63.5,39.33]]}},{"type":"Feature","properties":{"level":1012},"geometry":{"type":"LineString","coordinates":[[-62.25,40.12],[-62.7,40.75],[-61.88,41.5],[-62.68,42.0],[-61.85,42.25],[-62.25,43.2],[-61.61,44.0],[-61.49,45.0],[-61.0,45.55],[-60.0,45.46],[-58.56,46.25],[-58.48,47.0],[-58.66,47.25],[-58.25,47.71],[-57.33,47.5],[-57.41,46.75],[-57.09,46.5],[-58.16,44.5],[-59.48,43.75],[-60.72,41.25],[-61.78,40.25],[-62.25,40.12]]}},{"type":"Feature","properties":{"level":1012},"geometry":{"type":"LineString","coordinates":[[180.0,49.99],[178.0,50.21],[174.75,50.1],[168.5,49.22],[166.75,48.67],[164.5,47.09],[163.62,45.75],[162.25,44.71],[157.5,43.85],[153.71,44.0],[152.17,44.5],[150.0,46.23],[148.3,47.0],[147.91,48.0],[143.75,50.51],[143.0,51.36],[142.0,51.47],[140.25,52.61],[136.63,54.0],[136.62,54.5],[136.1,55.25],[137.21,56.5],[137.33,57.5],[134.75,58.83],[130.75,59.79],[123.5,60.68],[116.0,61.99],[112.5,62.96],[105.5,64.36],[90.5,66.74],[88.94,67.25],[88.69,67.5],[88.93,68.0],[88.8,68.25],[88.14,68.5],[87.81,69.0],[84.5,70.5],[80.5,71.87],[75.25,72.48],[71.0,72.23],[68.0,71.64],[65.5,71.44],[54.0,72.1],[52.75,72.35],[45.25,72.23],[37.75,71.68],[18.75,70.87],[9.25,69.82],[-9.75,66.11],[-11.25,65.41],[-12.25,65.35],[-14.0,64.66],[-14.75,65.24],[-16.75,64.67],[-18.5,65.27],[-19.75,64.86],[-22.25,64.73],[-36.72,57.25],[-42.82,54.75],[-44.75,54.46],[-45.5,54.13],[-45.53,55.5],[-45.01,55.75],[-45.75,56.32],[-48.5,56.66],[-49.5,56.4],[-51.0,56.52],[-56.25,56.21],[-62.0,56.57],[-64.67,58.0],[-69.75,59.76],[-73.46,61.75],[-75.25,62.05],[-76.73,61.25],[-76.73,60.75],[-77.19,60.0],[-80.29,56.75],[-83.5,54.57],[-87.0,53.11],[-91.75,52.18],[-98.0,52.55],[-98.5,52.27],[-99.0,52.44],[-100.0,53.39],[-102.0,53.04],[-102.5,53.54],[-104.25,53.41],[-107.75,53.66],[-111.5,54.38],[-112.26,54.75],[-115.0,54.58],[-116.0,55.19],[-117.0,55.43],[-120.0,55.02],[-121.25,55.16],[-122.06,55.5],[-123.27,56.75],[-124.48,57.25],[-125.0,57.77],[-126.25,57.94],[-126.45,57.75],[-125.9,57.25],[-126.0,56.73],[-130.16,56.75],[-129.58,56.0],[-129.51,55.75],[-130.01,55.5],[-129.65,55.25],[-129.46,53.75],[-129.16,53.5],[-129.55,53.25],[-129.37,52.75],[-129.63,52.0],[-132.12,48.5],[-136.25,45.64],[-138.75,45.11],[-140.5,45.08],[-145.0,46.19],[-152.75,49.44],[-154.5,49.92],[-156.0,49.99],[-159.75,49.34],[-164.23,46.75],[-164.21,46.25],[-164.75,45.8],[-165.34,46.0],[-165.25,46.62],[-166.75,47.25],[-169.0,47.7],[-174.75,48.19],[-180.0,49.99]]}},{"type":"Feature","properties":{"level":1012},"geometry":{"type":"LineString","coordinates":[[-101.0,52.46],[-101.23,52.75],[-101.0,52.85],[-101.0,52.46]]}},{"type":"Feature","properties":{"level":1012},"geometry":{"type":"LineString","coordinates":[[-139.88,60.5],[-139.5,60.31],[-139.25,60.65],[-138.71,60.75],[-139.0,60.93],[-139.75,60.6],[-140.0,60.9],[-140.3,60.75],[-139.88,60.5]]}},{"type":"Feature","properties":{"level":1012},"geometry":{"type":"LineString","coordinates":[[137.55,60.5],[137.96,60.5],[138.5,61.05],[139.25,60.73],[140.09,61.25],[140.43,62.25],[140.0,62.84],[139.41,63.0],[139.59,63.25],[139.04,63.25],[139.11,63.0],[137.93,62.25],[138.29,62.0],[136.93,60.75],[137.55,60.5]]}},{"type":"Feature","properties":{"level":1012},"geometry":{"type":"LineString","coordinates":[[-153.53,62.0],[-153.25,61.79],[-152.68,62.0],[-153.25,62.38],[-153.68,62.25],[-153.53,62.0]]}},{"type":"Feature","properties":{"level":1012},"geometry":{"type":"LineString","coordinates":[[-147.53,62.25],[-146.25,62.46],[-145.0,62.99],[-142.75,62.69],[-142.0,62.95],[-142.0,63.29],[-138.75,63.91],[-138.6,64.0],[-138.75,64.26],[-137.25,64.37],[-135.75,64.86],[-134.75,64.79],[-134.0,64.94],[-133.75,65.21],[-130.06,65.75],[-130.22,66.25],[-129.75,66.66],[-126.58,66.25],[-124.75,65.69],[-125.04,66.25],[-121.5,66.54],[-116.75,67.55],[-116.34,68.0],[-114.75,68.48],[-108.23,69.5],[-104.23,70.5],[-101.5,71.6],[-98.25,72.01],[-97.21,72.5],[-98.06,73.0],[-97.5,73.75],[-98.25,74.01],[-99.25,73.83],[-105.0,74.21],[-109.5,74.24],[-111.5,74.39],[-113.0,74.93],[-115.25,75.29],[-117.25,75.28],[-117.5,74.88],[-119.25,74.59],[-123.5,74.39],[-126.25,73.89],[-134.38,73.25],[-137.42,72.5],[-142.0,70.74],[-150.75,69.91],[-156.98,69.0],[-154.39,68.5],[-155.0,68.28],[-156.0,68.38],[-156.25,68.65],[-157.75,68.43],[-159.5,68.65],[-161.51,68.25],[-161.23,67.75],[-161.86,67.25],[-159.03,65.75],[-159.0,65.28],[-159.84,64.5],[-159.25,63.89],[-158.0,64.14],[-156.0,64.12],[-154.25,63.57],[-152.5,63.94],[-152.0,64.35],[-148.75,64.76],[-148.5,64.46],[-147.22,64.25],[-148.5,64.17],[-149.25,63.68],[-150.5,63.88],[-151.36,63.5],[-150.0,63.39],[-149.5,62.86],[-149.0,62.98],[-148.85,62.75],[-148.25,62.78],[-147.53,62.25]]}},{"type":"Feature","properties":{"level":1012},"geometry":{"type":"LineString","coordinates":[[-131.75,66.87],[-131.94,67.0],[-131.75,67.24],[-131.01,67.0],[-131.75,66.87]]}},{"type":"Feature","properties":{"level":1012},"geometry":{"type":"LineString","coordinates":[[-93.9,73.5],[-93.05,73.5],[-93.05,73.75],[-94.19,73.75],[-93.9,73.5]]}},{"type":"Feature","properties":{"level":1012},"geometry":{"type":"LineString","coordinates":[[-97.5,73.75],[-97.15,73.75],[-97.5,73.75]]}},{"type":"Feature","properties":{"level":1012},"geometry":{"type":"LineString","coordinates":[[-48.01,73.75],[-47.0,73.57],[-43.0,73.68],[-41.5,73.9],[-39.75,74.51],[-34.0,74.7],[-30.0,76.1],[-25.91,76.75],[-28.75,77.81],[-29.46,78.25],[-29.84,79.0],[-33.0,80.58],[-38.75,80.83],[-41.5,81.18],[-53.72,80.0],[-54.69,79.5],[-60.81,78.0],[-60.92,77.75],[-60.75,77.25],[-60.25,77.07],[-55.65,76.75],[-52.75,76.04],[-50.4,75.25],[-49.32,74.25],[-48.01,73.75]]}},{"type":"Feature","properties":{"level":1012},"geometry":{"type":"LineString","coordinates":[[-114.21,75.25],[-114.0,75.06],[-113.55,75.25],[-114.21,75.25]]}},{"type":"Feature","properties":{"level":1012},"geometry":{"type":"LineString","coordinates":[[-62.91,78.5],[-61.87,78.5],[-62.91,78.5]]}},{"type":"Feature","properties":{"level":1016},"geometry":{"type":"LineString","coordinates":[[64.61,-88.5],[89.0,-88.6],[109.75,-88.05],[114.34,-87.5],[116.47,-86.75],[116.71,-86.5],[116.0,-86.22],[115.6,-85.75],[117.02,-84.75],[115.77,-84.25],[116.24,-83.75],[115.75,-83.47],[114.75,-83.24],[109.5,-83.04],[108.0,-82.15],[107.0,-82.01],[105.5,-82.06],[103.0,-82.69],[91.75,-84.01],[90.65,-84.0],[93.5,-83.38],[95.95,-82.5],[87.54,-82.75],[90.75,-82.06],[93.65,-81.75],[93.0,-81.69],[80.5,-82.45],[75.5,-82.48],[72.5,-82.2],[71.79,-82.0],[71.86,-81.5],[68.97,-81.0],[69.37,-80.75],[72.86,-80.5],[69.86,-80.0],[70.74,-79.75],[70.25,-79.62],[66.25,-79.06],[64.29,-78.0],[64.36,-77.75],[64.0,-77.54],[62.0,-77.55],[61.19,-76.75],[57.29,-76.0],[50.78,-75.75],[51.07,-75.25],[50.75,-74.74],[51.41,-74.25],[53.42,-73.75],[53.75,-73.32],[55.44,-72.75],[55.11,-72.25],[55.51,-72.0],[55.25,-71.88],[53.92,-72.0],[49.5,-73.39],[45.5,-74.32],[40.25,-74.31],[33.75,-74.73],[26.5,-74.44],[19.22,-74.5],[28.91,-76.75],[38.69,-78.25],[41.36,-79.5],[43.75,-81.4],[45.26,-82.0],[44.93,-82.5],[45.12,-82.75],[44.96,-83.0],[45.65,-83.75],[48.29,-84.5],[58.09,-85.75],[59.3,-86.25],[63.47,-86.5],[63.79,-86.75],[55.0,-87.09],[53.45,-87.25],[53.23,-87.5],[61.07,-88.0],[64.61,-88.5]]}},{"type":"Feature","properties":{"level":1016},"geometry":{"type":"LineString","coordinates":[[116.03,-82.75],[119.0,-82.75],[120.95,-82.5],[119.83,-82.25],[116.5,-82.17],[115.17,-82.25],[114.9,-82.5],[116.03,-82.75]]}},{"type":"Feature","properties":{"level":1016},"geometry":{"type":"LineString","coordinates":[[103.47,-81.75],[105.35,-81.75],[103.47,-81.75]]}},{"type":"Feature","properties":{"level":1016},"geometry":{"type":"LineString","coordinates":[[81.08,-81.5],[84.23,-81.25],[79.74,-81.25],[81.08,-81.5]]}},{"type":"Feature","properties":{"level":1016},"geometry":{"type":"LineString","coordinates":[[109.02,-80.5],[112.5,-80.64],[113.52,-80.25],[114.25,-79.31],[111.5,-79.68],[109.5,-79.64],[108.43,-80.25],[109.02,-80.5]]}},{"type":"Feature","properties":{"level":1016},"geometry":{"type":"LineString","coordinates":[[118.0,-79.0],[125.92,-79.0],[128.5,-76.48],[128.54,-76.0],[129.25,-75.15],[130.5,-74.87],[131.75,-74.19],[133.75,-74.26],[133.43,-73.0],[131.25,-71.36],[126.25,-71.21],[123.5,-71.67],[111.75,-72.77],[101.25,-72.66],[97.0,-72.96],[96.13,-73.25],[96.5,-73.62],[100.6,-74.75],[103.42,-76.0],[110.44,-76.75],[113.81,-77.75],[115.5,-78.86],[118.0,-79.0]]}},{"type":"Feature","properties":{"level":1016},"geometry":{"type":"LineString","coordinates":[[-51.94,-50.0],[-32.75,-49.21],[-27.15,-48.0],[-19.25,-45.06],[-14.25,-44.89],[-13.25,-44.6],[-12.92,-44.75],[-13.75,-45.0],[-12.5,-45.14],[-11.75,-44.86],[-11.5,-45.15],[-8.75,-45.57],[-0.25,-46.39],[2.75,-46.06],[6.25,-45.2],[7.75,-45.14],[11.0,-44.45],[16.0,-44.02],[16.75,-43.76],[19.0,-44.39],[21.66,-44.75],[23.5,-45.51],[26.0,-45.73],[27.03,-46.25],[27.75,-47.29],[29.75,-47.5],[29.77,-47.25],[29.23,-46.75],[29.29,-46.25],[32.3,-45.5],[32.78,-44.5],[33.25,-44.19],[33.31,-43.75],[34.07,-43.5],[33.31,-43.0],[33.06,-42.5],[33.43,-42.25],[33.19,-42.0],[33.65,-41.75],[33.64,-41.5],[33.0,-41.3],[32.38,-39.25],[30.5,-37.29],[29.48,-35.25],[29.38,-32.0],[30.18,-31.25],[30.0,-30.67],[29.0,-30.36],[26.75,-31.61],[26.5,-31.51],[26.0,-31.8],[25.25,-31.25],[25.0,-31.88],[24.25,-31.57],[23.5,-31.86],[22.75,-31.52],[22.5,-31.77],[21.0,-31.8],[21.35,-31.0],[20.95,-29.75],[20.25,-29.25],[19.25,-28.93],[18.89,-27.5],[17.5,-26.9],[17.25,-27.0],[16.75,-26.45],[15.8,-26.5],[14.84,-25.25],[13.67,-22.5],[13.96,-22.25],[14.5,-22.25],[14.49,-21.75],[13.75,-21.59],[11.75,-20.56],[5.75,-16.59],[1.75,-14.43],[-2.25,-13.57],[-5.5,-12.38],[-7.25,-12.12],[-8.75,-12.77],[-11.25,-12.83],[-13.5,-13.57],[-15.25,-13.3],[-16.5,-13.39],[-18.0,-13.94],[-19.0,-13.59],[-21.0,-13.74],[-22.0,-14.77],[-23.02,-15.0],[-24.75,-16.26],[-26.0,-16.39],[-26.25,-16.84],[-27.0,-16.92],[-27.75,-17.64],[-28.5,-17.9],[-29.35,-20.25],[-29.9,-20.75],[-29.75,-21.13],[-28.75,-21.16],[-27.5,-21.7],[-25.0,-23.92],[-24.0,-24.28],[-20.25,-26.93],[-18.04,-28.0],[-13.75,-30.88],[-12.25,-31.46],[-8.88,-33.75],[-8.69,-35.75],[-9.4,-37.0],[-10.01,-37.25],[-10.29,-37.75],[-12.75,-38.83],[-14.1,-40.0],[-17.5,-41.67],[-21.25,-42.35],[-24.25,-42.3],[-25.5,-42.01],[-31.25,-39.91],[-32.5,-39.78],[-37.0,-40.01],[-39.28,-39.25],[-39.8,-38.0],[-39.7,-37.0],[-37.81,-34.75],[-35.5,-33.23],[-34.32,-31.25],[-33.0,-30.23],[-32.55,-29.5],[-32.52,-28.5],[-32.78,-28.0],[-32.53,-27.25],[-32.64,-26.75],[-33.36,-25.5],[-35.0,-24.55],[-35.5,-24.39],[-37.5,-24.54],[-38.0,-24.36],[-38.5,-24.71],[-39.5,-24.5],[-40.0,-24.87],[-42.25,-24.59],[-43.47,-24.0],[-43.94,-23.25],[-43.84,-23.0],[-44.5,-22.79],[-45.5,-23.41],[-48.0,-23.77],[-50.14,-24.5],[-49.9,-24.75],[-49.25,-24.52],[-49.08,-24.75],[-49.87,-25.75],[-50.0,-26.51],[-51.0,-26.39],[-51.5,-26.96],[-52.0,-26.63],[-52.25,-26.9],[-53.0,-26.86],[-53.25,-26.57],[-53.72,-27.0],[-55.25,-27.03],[-55.54,-26.75],[-55.27,-26.5],[-55.4,-26.25],[-55.75,-26.43],[-56.03,-25.75],[-56.5,-25.48],[-58.5,-25.03],[-58.75,-25.25],[-59.75,-25.33],[-60.67,-24.75],[-59.98,-24.0],[-60.01,-23.5],[-61.2,-22.75],[-62.5,-23.1],[-63.0,-22.79],[-63.42,-22.0],[-63.33,-21.25],[-62.75,-20.8],[-62.22,-20.75],[-63.08,-20.5],[-62.79,-20.0],[-63.2,-19.25],[-63.5,-19.16],[-63.49,-18.5],[-63.85,-18.0],[-64.43,-19.5],[-64.33,-20.0],[-64.65,-21.0],[-64.45,-21.5],[-65.0,-22.25],[-64.83,-23.25],[-65.54,-24.0],[-66.01,-26.0],[-65.67,-26.75],[-66.23,-27.5],[-66.09,-28.5],[-65.75,-28.67],[-65.67,-29.25],[-66.95,-30.75],[-66.25,-31.56],[-65.39,-31.75],[-66.0,-31.97],[-66.39,-32.75],[-66.25,-33.0],[-65.5,-33.02],[-65.25,-33.24],[-64.96,-34.25],[-65.7,-36.0],[-65.17,-38.5],[-65.38,-40.25],[-65.65,-40.5],[-64.5,-42.0],[-63.55,-42.75],[-62.75,-44.52],[-61.5,-46.05],[-57.87,-48.25],[-55.0,-49.63],[-53.75,-49.96],[-51.94,-50.0]]}},{"type":"Feature","properties":{"level":1016},"geometry":{"type":"LineString","coordinates":[[63.73,-49.0],[65.0,-49.07],[68.5,-48.59],[69.25,-47.86],[70.25,-47.91],[72.0,-46.8],[72.75,-46.77],[72.95,-46.25],[75.25,-44.7],[76.25,-43.46],[78.79,-42.0],[82.11,-39.5],[82.73,-38.75],[86.1,-37.0],[90.15,-35.5],[93.75,-34.53],[97.25,-34.01],[100.25,-33.9],[108.0,-34.4],[110.34,-34.0],[111.75,-33.36],[112.62,-31.75],[113.57,-29.0],[114.33,-28.5],[115.0,-28.65],[115.25,-28.12],[115.75,-28.05],[116.0,-27.75],[115.84,-26.0],[114.85,-23.75],[114.19,-23.0],[113.5,-22.68],[111.5,-20.37],[111.0,-20.35],[110.0,-19.5],[106.75,-17.89],[102.75,-16.32],[100.0,-15.84],[98.0,-15.19],[96.25,-15.09],[95.0,-14.76],[94.75,-14.49],[94.0,-14.72],[89.5,-13.82],[86.25,-13.62],[82.25,-12.77],[79.5,-11.71],[77.75,-11.78],[73.5,-11.09],[71.25,-11.08],[70.25,-10.68],[65.5,-10.78],[64.25,-11.17],[59.25,-10.99],[57.25,-10.6],[55.5,-10.84],[54.0,-10.62],[50.0,-9.39],[48.75,-9.87],[48.25,-9.62],[47.5,-9.64],[47.25,-10.07],[46.25,-10.52],[45.5,-10.02],[44.25,-9.95],[43.75,-10.5],[43.11,-10.75],[43.05,-11.75],[44.5,-13.01],[45.75,-12.91],[46.75,-13.25],[46.84,-13.5],[45.0,-16.6],[44.25,-17.1],[43.55,-18.0],[43.75,-18.75],[44.25,-18.71],[44.75,-19.36],[45.9,-20.0],[45.93,-21.0],[45.75,-21.15],[45.25,-20.89],[44.31,-21.5],[44.0,-21.97],[42.75,-22.31],[42.33,-20.75],[42.0,-20.86],[41.74,-21.25],[41.75,-21.99],[42.42,-22.5],[42.2,-23.5],[43.22,-25.0],[42.75,-25.17],[42.0,-24.49],[41.93,-24.75],[42.66,-26.0],[43.0,-26.07],[43.43,-25.75],[43.75,-24.56],[44.75,-24.67],[45.17,-24.0],[45.5,-23.9],[46.76,-25.25],[46.25,-25.8],[45.25,-26.26],[43.75,-26.31],[43.43,-26.75],[42.75,-26.94],[42.51,-27.25],[42.37,-28.75],[41.95,-29.5],[42.54,-31.25],[42.34,-31.75],[42.46,-32.75],[42.24,-33.0],[44.97,-36.5],[48.5,-39.51],[48.84,-40.75],[48.7,-41.25],[47.75,-41.89],[47.5,-42.37],[46.0,-43.35],[45.28,-43.5],[44.75,-44.27],[44.25,-44.11],[44.0,-44.5],[43.5,-43.77],[42.58,-45.0],[42.76,-45.75],[42.47,-46.0],[43.25,-45.9],[43.75,-46.37],[45.75,-46.49],[49.5,-47.57],[52.75,-47.72],[58.5,-48.66],[60.75,-48.64],[63.73,-49.0]]}},{"type":"Feature","properties":{"level":1016},"geometry":{"type":"LineString","coordinates":[[-180.0,-44.52],[-173.25,-42.88],[-164.0,-41.35],[-161.5,-41.16],[-159.0,-41.33],[-158.0,-40.93],[-156.25,-41.21],[-154.0,-40.82],[-152.25,-41.18],[-150.75,-41.19],[-148.5,-40.51],[-143.0,-42.5],[-142.67,-42.75],[-142.79,-43.5],[-142.35,-43.75],[-142.42,-44.0],[-141.75,-44.28],[-138.5,-44.1],[-138.0,-44.31],[-136.5,-44.04],[-132.25,-44.6],[-131.25,-44.49],[-118.09,-49.75],[-111.0,-52.23],[-96.0,-56.23],[-85.75,-58.34],[-76.5,-59.4],[-69.0,-59.72],[-66.5,-59.62],[-63.0,-59.21],[-59.37,-58.0],[-57.07,-56.75],[-56.3,-55.5],[-56.46,-54.25],[-57.07,-53.25],[-58.75,-52.14],[-61.07,-51.25],[-63.3,-49.5],[-65.5,-47.23],[-66.5,-47.28],[-68.5,-46.83],[-70.75,-47.35],[-71.0,-46.99],[-71.75,-46.95],[-72.24,-47.5],[-72.46,-48.5],[-72.89,-49.0],[-73.25,-48.37],[-73.75,-48.44],[-74.11,-48.75],[-74.0,-49.33],[-74.75,-49.77],[-75.45,-49.5],[-75.33,-49.25],[-75.94,-48.5],[-76.14,-47.25],[-79.67,-45.75],[-86.25,-42.11],[-87.5,-41.75],[-94.0,-41.12],[-95.5,-40.53],[-97.75,-39.0],[-98.27,-36.5],[-100.19,-33.75],[-100.25,-31.97],[-98.25,-29.54],[-97.52,-29.25],[-96.67,-28.25],[-95.2,-27.75],[-93.5,-26.69],[-92.75,-27.07],[-92.58,-27.0],[-92.72,-26.75],[-92.25,-26.67],[-91.25,-27.55],[-91.0,-26.97],[-90.92,-27.25],[-90.25,-27.27],[-89.5,-27.98],[-88.5,-27.86],[-88.32,-27.25],[-88.75,-27.05],[-88.76,-26.75],[-88.5,-26.98],[-88.42,-26.75],[-88.75,-26.21],[-89.25,-26.29],[-89.5,-26.03],[-89.32,-25.75],[-89.57,-25.5],[-89.5,-24.89],[-89.25,-24.88],[-89.0,-25.44],[-88.5,-25.32],[-88.0,-25.69],[-87.5,-25.67],[-86.84,-26.0],[-86.75,-26.36],[-86.5,-26.12],[-86.25,-26.22],[-85.5,-27.07],[-85.25,-27.15],[-84.75,-26.45],[-84.25,-26.5],[-83.96,-26.75],[-84.1,-27.5],[-83.55,-27.75],[-83.5,-28.25],[-82.0,-28.76],[-81.5,-28.27],[-81.26,-28.5],[-81.29,-29.25],[-80.9,-30.0],[-80.25,-30.26],[-79.69,-31.0],[-78.75,-31.42],[-78.25,-30.91],[-77.75,-30.9],[-76.75,-30.29],[-76.57,-29.75],[-76.92,-28.25],[-77.75,-26.52],[-78.25,-26.32],[-78.5,-26.51],[-79.0,-25.84],[-79.25,-25.95],[-80.0,-24.87],[-80.75,-24.67],[-81.22,-24.0],[-82.0,-23.44],[-82.75,-23.34],[-83.25,-22.94],[-83.53,-22.5],[-83.18,-22.25],[-83.5,-21.86],[-83.75,-21.71],[-83.87,-22.0],[-84.25,-22.1],[-86.14,-20.75],[-86.13,-20.5],[-85.31,-20.5],[-86.12,-19.75],[-86.25,-18.69],[-86.5,-18.9],[-87.0,-18.41],[-87.5,-19.37],[-87.63,-18.5],[-88.0,-17.87],[-88.5,-18.23],[-89.0,-17.1],[-89.5,-16.53],[-90.0,-16.53],[-91.31,-15.25],[-91.5,-14.75],[-92.0,-14.95],[-92.62,-14.75],[-93.5,-14.0],[-94.16,-14.0],[-95.0,-14.36],[-95.89,-14.25],[-96.73,-13.5],[-97.45,-13.25],[-97.75,-12.65],[-103.5,-11.54],[-105.0,-12.11],[-106.5,-11.88],[-107.25,-12.04],[-108.25,-11.76],[-109.0,-12.2],[-109.75,-12.19],[-110.0,-12.73],[-110.75,-13.12],[-112.0,-13.37],[-112.5,-14.36],[-113.5,-14.1],[-114.23,-14.25],[-114.83,-15.5],[-115.75,-15.64],[-116.07,-16.0],[-115.86,-17.0],[-116.33,-17.5],[-116.39,-19.0],[-116.83,-19.5],[-116.77,-21.5],[-116.19,-22.75],[-116.24,-23.75],[-116.92,-25.5],[-116.99,-26.0],[-116.73,-26.25],[-117.39,-28.5],[-118.26,-29.5],[-119.25,-30.1],[-124.0,-31.28],[-126.25,-31.39],[-129.25,-30.52],[-133.75,-27.82],[-134.75,-27.66],[-139.25,-24.61],[-141.5,-22.46],[-142.75,-21.83],[-144.25,-21.66],[-144.75,-21.84],[-145.5,-21.54],[-146.75,-22.05],[-147.89,-23.5],[-148.75,-23.41],[-148.75,-23.75],[-149.8,-24.5],[-150.79,-25.75],[-151.83,-26.25],[-151.52,-28.75],[-151.66,-29.25],[-150.83,-30.25],[-150.24,-33.5],[-149.9,-34.0],[-150.04,-35.5],[-149.43,-36.25],[-148.89,-38.0],[-149.75,-38.57],[-150.76,-38.75],[-151.25,-39.58],[-151.75,-39.81],[-152.5,-39.81],[-156.44,-38.75],[-156.88,-38.5],[-156.54,-38.25],[-157.3,-38.0],[-159.24,-36.5],[-161.04,-33.0],[-161.24,-29.75],[-160.89,-29.0],[-161.33,-28.75],[-161.33,-28.25],[-162.25,-28.35],[-162.5,-27.8],[-163.0,-27.68],[-164.25,-26.18],[-166.0,-26.16],[-166.75,-25.62],[-167.77,-25.5],[-168.0,-24.95],[-168.25,-25.05],[-169.25,-24.52],[-169.75,-24.75],[-170.0,-24.31],[-170.75,-23.84],[-174.25,-23.25],[-176.75,-22.08],[-178.25,-20.88],[-180.0,-20.3]]}},{"type":"Feature","properties":{"level":1016},"geometry":{"type":"LineString","coordinates":[[34.15,-43.25],[34.5,-43.26],[34.8,-42.75],[33.92,-42.75],[34.15,-43.25]]}},{"type":"Feature","properties":{"level":1016},"geometry":{"type":"LineString","coordinates":[[-69.69,-33.75],[-69.5,-33.92],[-69.4,-33.75],[-69.4,-33.0],[-69.94,-32.25],[-69.82,-30.75],[-69.4,-29.75],[-69.37,-28.75],[-68.41,-27.75],[-68.1,-26.75],[-68.25,-26.22],[-68.75,-26.28],[-68.95,-27.0],[-69.25,-27.1],[-69.42,-27.75],[-70.46,-29.25],[-70.33,-30.0],[-70.76,-31.5],[-69.69,-33.75]]}},{"type":"Feature","properties":{"level":1016},"geometry":{"type":"LineString","coordinates":[[-77.91,-32.25],[-77.64,-32.25],[-77.75,-32.02],[-77.91,-32.25]]}},{"type":"Feature","properties":{"level":1016},"geometry":{"type":"LineString","coordinates":[[-67.51,-31.0],[-67.08,-31.0],[-67.25,-29.99],[-67.68,-30.5],[-67.51,-31.0]]}},{"type":"Feature","properties":{"level":1016},"geometry":{"type":"LineString","coordinates":[[-81.25,-30.5],[-81.25,-30.22],[-81.25,-30.5]]}},{"type":"Feature","properties":{"level":1016},"geometry":{"type":"LineString","coordinates":[[-67.03,-29.5],[-67.0,-29.68],[-66.72,-29.0],[-67.0,-28.68],[-67.37,-29.0],[-67.03,-29.5]]}},{"type":"Feature","properties":{"level":1016},"geometry":{"type":"LineString","coordinates":[[41.92,-26.0],[42.42,-26.0],[41.92,-26.0]]}},{"type":"Feature","properties":{"level":1016},"geometry":{"type":"LineString","coordinates":[[-168.25,-25.82],[-168.48,-25.75],[-168.25,-25.82]]}},{"type":"Feature","properties":{"level":1016},"geometry":{"type":"LineString","coordinates":[[-67.51,-24.0],[-67.19,-23.5],[-67.75,-22.83],[-67.79,-23.75],[-67.51,-24.0]]}},{"type":"Feature","properties":{"level":1016},"geometry":{"type":"LineString","coordinates":[[44.5,-22.03],[44.34,-21.75],[44.8,-21.75],[44.5,-22.03]]}},{"type":"Feature","properties":{"level":1016},"geometry":{"type":"LineString","coordinates":[[-84.53,-21.5],[-84.5,-21.22],[-84.53,-21.5]]}},{"type":"Feature","properties":{"level":1016},"geometry":{"type":"LineString","coordinates":[[180.0,-20.3],[178.0,-19.5],[173.75,-18.46],[169.25,-18.15],[168.5,-17.75],[168.45,-18.0],[168.0,-18.08],[166.0,-17.87],[165.0,-18.12],[160.75,-17.92],[158.25,-18.1],[154.75,-18.76],[153.75,-18.65],[152.0,-19.0],[150.75,-18.86],[150.0,-19.09],[147.75,-19.17],[146.5,-18.59],[145.93,-18.0],[145.75,-17.25],[145.5,-17.22],[145.32,-18.0],[144.75,-18.18],[144.7,-18.75],[144.16,-19.0],[143.95,-19.5],[144.55,-20.5],[144.25,-21.12],[143.0,-22.02],[142.25,-22.28],[142.0,-22.72],[136.25,-26.66],[134.64,-27.25],[134.01,-28.75],[133.42,-29.25],[133.09,-30.5],[132.94,-34.0],[133.98,-39.0],[133.5,-39.43],[133.5,-39.75],[135.75,-43.64],[138.31,-47.0],[141.04,-49.75],[141.61,-51.0],[141.47,-52.25],[141.12,-52.75],[141.15,-53.75],[142.25,-55.0],[143.25,-55.48],[145.75,-55.85],[149.25,-55.32],[153.5,-54.2],[164.11,-50.25],[169.89,-47.5],[170.37,-47.25],[170.26,-47.0],[171.0,-46.7],[180.0,-44.52]]}},{"type":"Feature","properties":{"level":1016},"geometry":{"type":"LineString","coordinates":[[-65.37,-17.5],[-64.7,-17.5],[-65.75,-17.1],[-66.0,-16.77],[-66.5,-16.73],[-65.37,-17.5]]}},{"type":"Feature","properties":{"level":1016},"geometry":{"type":"LineString","coordinates":[[47.0,-17.01],[46.74,-16.75],[47.08,-16.75],[47.0,-17.01]]}},{"type":"Feature","properties":{"level":1016},"geometry":{"type":"LineString","coordinates":[[-69.52,-14.5],[-69.09,-14.5],[-70.0,-13.6],[-71.46,-13.0],[-72.0,-12.36],[-72.3,-13.0],[-71.0,-13.77],[-70.0,-14.03],[-69.52,-14.5]]}},{"type":"Feature","properties":{"level":1016},"geometry":{"type":"LineString","coordinates":[[42.74,-12.75],[42.75,-12.46],[42.74,-12.75]]}},{"type":"Feature","properties":{"level":1016},"geometry":{"type":"LineString","coordinates":[[47.25,-12.26],[47.0,-12.17],[47.0,-11.88],[47.25,-11.87],[47.25,-12.26]]}},{"type":"Feature","properties":{"level":1016},"geometry":{"type":"LineString","coordinates":[[39.61,-11.75],[40.0,-11.98],[40.23,-11.5],[40.15,-11.0],[40.0,-10.5],[39.25,-10.35],[39.25,-10.77],[39.86,-11.0],[39.45,-11.25],[39.61,-11.75]]}},{"type":"Feature","properties":{"level":1016},"geometry":{"type":"LineString","coordinates":[[-75.61,-11.25],[-75.36,-11.25],[-75.46,-10.5],[-75.75,-9.64],[-76.33,-9.25],[-76.83,-8.0],[-77.18,-6.75],[-77.0,-6.32],[-77.62,-5.5],[-78.25,-5.46],[-77.8,-6.25],[-77.52,-8.0],[-76.5,-9.83],[-76.07,-10.0],[-76.0,-10.64],[-75.61,-11.25]]}},{"type":"Feature","properties":{"level":1016},"geometry":{"type":"LineString","coordinates":[[41.44,-11.0],[42.0,-11.02],[42.01,-10.75],[41.5,-10.57],[41.44,-11.0]]}},{"type":"Feature","properties":{"level":1016},"geometry":{"type":"LineString","coordinates":[[143.15,-6.0],[143.5,-5.85],[144.0,-6.21],[144.1,-6.0],[143.75,-5.68],[143.0,-5.56],[142.84,-5.75],[143.15,-6.0]]}},{"type":"Feature","properties":{"level":1016},"geometry":{"type":"LineString","coordinates":[[36.99,-5.75],[38.0,-5.76],[38.26,-5.5],[37.5,-5.13],[36.91,-5.5],[36.99,-5.75]]}},{"type":"Feature","properties":{"level":1016},"geometry":{"type":"LineString","coordinates":[[28.74,-4.0],[28.75,-4.16],[29.04,-3.75],[29.25,-2.91],[29.75,-4.05],[30.18,-2.75],[29.96,-2.25],[30.14,-0.75],[29.25,-1.24],[29.01,-1.0],[29.37,-0.25],[29.25,0.11],[28.86,-0.5],[28.98,-1.0],[28.52,-2.5],[28.74,-4.0]]}},{"type":"Feature","properties":{"level":1016},"geometry":{"type":"LineString","coordinates":[[137.11,-4.0],[138.17,-4.0],[137.11,-4.0]]}},{"type":"Feature","properties":{"level":1016},"geometry":{"type":"LineString","coordinates":[[-79.05,-2.5],[-78.5,-2.7],[-78.31,-2.5],[-78.25,-1.59],[-79.05,-2.5]]}},{"type":"Feature","properties":{"level":1016},"geometry":{"type":"LineString","coordinates":[[-78.31,-1.25],[-78.25,-1.41],[-77.78,-0.5],[-77.75,0.42],[-78.41,-0.5],[-78.31,-1.25]]}},{"type":"Feature","properties":{"level":1016},"geometry":{"type":"LineString","coordinates":[[34.9,-1.0],[36.25,-0.84],[36.75,-1.11],[37.11,-0.5],[37.69,-0.25],[37.71,0.0],[37.25,0.21],[37.0,-0.14],[36.25,0.09],[36.0,-0.2],[35.5,1.36],[35.0,1.09],[34.5,1.38],[34.31,1.0],[34.89,0.5],[35.2,-0.25],[34.73,-0.75],[34.9,-1.0]]}},{"type":"Feature","properties":{"level":1016},"geometry":{"type":"LineString","coordinates":[[-76.22,2.75],[-75.75,2.75],[-75.92,3.25],[-75.75,4.06],[-76.22,2.75]]}},{"type":"Feature","properties":{"level":1016},"geometry":{"type":"LineString","coordinates":[[-74.54,3.75],[-74.25,3.56],[-74.0,3.78],[-73.33,5.25],[-74.0,5.19],[-74.54,3.75]]}},{"type":"Feature","properties":{"level":1016},"geometry":{"type":"LineString","coordinates":[[38.2,5.0],[38.5,5.38],[39.0,5.29],[39.44,5.5],[39.67,6.25],[40.25,6.75],[40.71,6.75],[40.9,7.25],[40.75,7.51],[40.15,7.5],[40.25,8.64],[39.25,8.23],[38.5,7.25],[38.25,7.72],[39.69,9.25],[40.01,10.5],[39.69,12.25],[39.83,14.25],[39.53,15.0],[38.75,15.8],[38.75,14.93],[39.33,14.75],[38.9,14.25],[39.29,14.0],[39.06,13.75],[39.25,13.0],[38.78,12.5],[38.79,12.0],[38.5,11.86],[37.78,12.5],[38.64,13.25],[38.25,13.47],[37.0,12.34],[37.5,12.38],[37.63,11.75],[37.25,11.65],[36.75,12.08],[36.33,10.75],[37.5,10.12],[38.0,10.14],[38.29,10.5],[38.14,11.25],[38.75,11.61],[38.7,10.75],[39.03,10.0],[38.5,9.88],[37.75,9.18],[37.52,9.75],[37.0,10.14],[36.25,10.1],[36.21,9.75],[36.75,9.68],[36.75,9.38],[36.25,8.85],[35.33,9.5],[35.59,8.5],[35.0,8.0],[35.75,6.81],[36.0,7.14],[36.5,6.92],[36.75,7.09],[37.25,6.98],[37.13,7.25],[37.5,7.66],[37.75,6.8],[38.0,6.95],[38.25,6.75],[37.7,5.75],[38.2,5.0]]}},{"type":"Feature","properties":{"level":1016},"geometry":{"type":"LineString","coordinates":[[-73.21,5.5],[-73.0,5.29],[-72.65,5.5],[-71.98,6.5],[-72.17,6.75],[-72.5,6.89],[-72.52,6.25],[-73.21,5.5]]}},{"type":"Feature","properties":{"level":1016},"geometry":{"type":"LineString","coordinates":[[40.41,8.75],[41.75,8.9],[42.5,9.3],[43.25,9.18],[43.52,9.75],[43.0,9.85],[41.5,9.53],[40.41,8.75]]}},{"type":"Feature","properties":{"level":1016},"geometry":{"type":"LineString","coordinates":[[44.19,13.25],[44.5,13.57],[46.97,14.25],[46.0,14.29],[45.0,14.99],[44.71,15.75],[44.12,16.25],[44.25,16.55],[44.91,16.5],[44.07,17.75],[44.0,18.99],[43.25,18.92],[40.5,21.46],[40.25,21.17],[41.75,19.82],[42.31,18.25],[43.24,17.75],[43.43,16.75],[43.88,16.25],[43.59,15.5],[44.04,15.0],[43.91,13.75],[44.19,13.25]]}},{"type":"Feature","properties":{"level":1016},"geometry":{"type":"LineString","coordinates":[[24.5,20.79],[23.72,21.75],[24.25,21.72],[24.5,22.16],[25.14,21.5],[25.0,21.02],[24.5,20.79]]}},{"type":"Feature","properties":{"level":1016},"geometry":{"type":"LineString","coordinates":[[-180.0,22.12],[-175.25,21.29],[-173.5,21.21],[-169.25,20.27],[-165.75,19.78],[-163.75,19.81],[-161.75,19.31],[-160.25,19.42],[-158.5,18.98],[-156.25,20.28],[-156.0,20.2],[-156.08,19.75],[-155.75,19.0],[-155.25,19.01],[-154.5,18.4],[-153.5,18.47],[-153.25,18.83],[-150.75,19.69],[-149.25,19.92],[-146.5,19.89],[-144.75,19.4],[-142.5,19.25],[-141.0,18.8],[-140.0,18.2],[-137.0,17.74],[-135.0,18.45],[-132.5,19.77],[-128.5,20.94],[-127.72,22.0],[-128.03,24.0],[-127.64,26.0],[-127.0,27.03],[-123.75,28.5],[-120.75,29.16],[-118.75,31.8],[-117.25,32.51],[-116.0,31.17],[-115.13,29.75],[-113.05,28.0],[-113.0,27.57],[-112.68,27.75],[-112.9,28.0],[-113.0,30.53],[-112.75,30.51],[-112.98,30.25],[-112.25,29.35],[-112.25,28.9],[-111.75,29.15],[-109.28,28.25],[-108.53,27.5],[-108.0,26.43],[-107.21,26.0],[-107.13,25.5],[-106.34,24.75],[-105.9,23.75],[-105.25,23.15],[-104.5,21.89],[-104.43,21.5],[-104.75,21.25],[-104.83,20.5],[-104.5,19.92],[-104.1,19.5],[-103.5,19.47],[-103.04,18.75],[-102.61,18.75],[-102.9,19.0],[-102.87,19.5],[-102.25,19.17],[-101.9,19.25],[-101.5,18.68],[-101.18,18.75],[-101.37,19.0],[-100.5,19.28],[-100.41,19.0],[-100.7,18.75],[-100.35,18.25],[-100.75,18.13],[-101.25,18.4],[-101.33,18.25],[-100.75,17.59],[-98.0,17.09],[-96.5,16.06],[-95.25,16.26],[-94.75,15.73],[-94.25,16.48],[-94.0,16.45],[-91.75,15.0],[-91.26,15.0],[-91.43,15.25],[-91.25,15.3],[-91.23,15.0],[-90.25,14.56],[-89.47,15.25],[-89.5,15.75],[-90.58,16.25],[-90.46,17.0],[-90.77,17.5],[-90.58,18.0],[-90.98,18.5],[-90.5,19.47],[-89.75,19.61],[-89.0,20.5],[-88.5,20.55],[-86.75,23.08],[-85.0,24.49],[-81.0,25.9],[-79.19,27.25],[-76.75,28.42],[-75.58,29.5],[-74.75,29.76],[-73.0,31.32],[-72.75,31.26],[-72.07,32.25],[-71.75,32.52],[-71.5,32.44],[-70.5,33.38],[-70.68,34.0],[-69.89,34.5],[-69.6,35.75],[-68.97,36.5],[-69.25,37.0],[-69.16,37.5],[-68.75,37.73],[-68.52,38.5],[-68.0,38.92],[-67.5,38.88],[-67.36,39.25],[-65.84,40.5],[-65.58,41.25],[-65.98,42.75],[-65.25,43.07],[-65.0,43.79],[-64.25,44.37],[-63.9,45.25],[-63.5,45.49],[-62.6,45.5],[-61.57,46.75],[-60.5,47.1],[-59.09,48.0],[-58.5,48.86],[-55.75,48.54],[-54.63,48.75],[-53.5,49.31],[-53.0,49.98],[-51.0,50.98],[-50.79,51.5],[-50.22,51.75],[-49.39,53.0],[-49.63,54.0],[-51.0,54.73],[-52.5,55.04],[-53.25,54.89],[-58.25,55.07],[-61.25,55.37],[-67.0,57.59],[-69.75,58.39],[-72.5,58.83],[-74.75,58.38],[-76.75,57.47],[-82.25,53.77],[-86.25,52.0],[-88.5,51.34],[-92.5,50.72],[-93.5,50.34],[-94.25,50.37],[-97.0,49.17],[-97.75,48.24],[-99.0,47.65],[-99.63,48.0],[-100.5,49.13],[-101.5,49.2],[-103.0,50.03],[-104.5,50.36],[-106.73,50.25],[-107.11,50.0],[-106.83,49.5],[-107.46,48.75],[-107.33,48.25],[-106.63,47.75],[-106.56,47.0],[-108.0,46.41],[-109.0,46.55],[-109.25,46.85],[-109.75,46.71],[-111.07,47.25],[-111.54,47.75],[-112.07,47.75],[-111.81,47.5],[-112.42,47.5],[-114.43,49.5],[-114.42,50.0],[-115.35,51.0],[-115.25,51.25],[-116.75,52.35],[-118.17,52.75],[-118.2,53.0],[-118.75,53.38],[-120.25,53.54],[-120.0,53.05],[-119.71,53.0],[-120.75,53.1],[-121.25,52.78],[-122.75,53.28],[-122.82,52.25],[-123.0,52.14],[-123.5,52.66],[-124.35,52.5],[-124.25,52.2],[-123.5,52.15],[-122.37,51.5],[-123.0,51.39],[-123.75,51.41],[-126.0,52.1],[-126.5,52.56],[-127.31,52.75],[-128.44,51.25],[-129.5,48.84],[-130.75,47.46],[-134.79,44.5],[-136.5,43.51],[-139.0,42.81],[-141.75,42.9],[-153.5,46.99],[-155.75,47.13],[-156.75,46.86],[-159.25,46.81],[-163.25,44.51],[-165.25,43.97],[-166.0,44.17],[-167.25,45.09],[-169.75,45.92],[-180.0,47.76]]}},{"type":"Feature","properties":{"level":1016},"geometry":{"type":"LineString","coordinates":[[5.36,23.25],[5.75,23.03],[6.43,23.5],[6.25,23.75],[5.36,23.25]]}},{"type":"Feature","properties":{"level":1016},"geometry":{"type":"LineString","coordinates":[[120.83,23.25],[121.0,23.03],[121.57,24.25],[121.25,24.6],[120.74,23.5],[120.83,23.25]]}},{"type":"Feature","properties":{"level":1016},"geometry":{"type":"LineString","coordinates":[[37.33,27.0],[37.62,27.0],[37.5,27.37],[36.92,27.75],[36.44,27.75],[37.33,27.0]]}},{"type":"Feature","properties":{"level":1016},"geometry":{"type":"LineString","coordinates":[[-112.71,27.5],[-112.46,27.5],[-112.71,27.5]]}},{"type":"Feature","properties":{"level":1016},"geometry":{"type":"LineString","coordinates":[[56.77,28.25],[57.0,28.16],[57.75,28.82],[58.42,28.5],[57.3,30.75],[56.0,31.79],[56.6,30.75],[56.39,30.5],[56.6,30.25],[55.6,30.0],[56.11,29.25],[55.96,28.75],[56.5,28.61],[56.77,28.25]]}},{"type":"Feature","properties":{"level":1016},"geometry":{"type":"LineString","coordinates":[[87.75,28.98],[87.2,29.25],[87.75,29.65],[88.0,29.43],[89.25,29.49],[89.5,29.25],[88.5,28.93],[87.75,28.98]]}},{"type":"Feature","properties":{"level":1016},"geometry":{"type":"LineString","coordinates":[[90.75,28.98],[90.5,29.25],[90.69,30.0],[91.0,30.39],[91.5,30.41],[91.65,29.75],[91.18,29.5],[91.63,29.25],[90.75,28.98]]}},{"type":"Feature","properties":{"level":1016},"geometry":{"type":"LineString","coordinates":[[88.0,30.08],[87.75,30.87],[86.5,30.81],[86.33,31.0],[86.75,31.43],[87.18,31.25],[86.28,32.0],[86.5,32.28],[86.75,32.41],[87.25,32.1],[88.25,32.28],[88.5,32.67],[89.5,32.57],[90.5,33.22],[91.73,33.0],[91.64,32.5],[92.21,32.25],[92.0,31.96],[92.25,31.89],[92.5,32.25],[92.9,32.0],[92.25,30.49],[91.75,31.29],[91.25,31.17],[90.75,30.56],[90.0,30.34],[88.25,30.41],[88.0,30.08]]}},{"type":"Feature","properties":{"level":1016},"geometry":{"type":"LineString","coordinates":[[102.39,30.5],[103.1,30.75],[103.25,31.31],[102.24,31.5],[102.25,31.11],[102.61,31.0],[102.17,30.75],[102.39,30.5]]}},{"type":"Feature","properties":{"level":1016},"geometry":{"type":"LineString","coordinates":[[35.5,31.16],[35.5,31.85],[35.5,31.16]]}},{"type":"Feature","properties":{"level":1016},"geometry":{"type":"LineString","coordinates":[[54.04,31.25],[54.25,31.11],[54.37,31.5],[53.5,32.13],[53.41,31.75],[54.04,31.25]]}},{"type":"Feature","properties":{"level":1016},"geometry":{"type":"LineString","coordinates":[[59.47,32.0],[60.25,31.87],[60.55,32.5],[60.34,32.75],[60.25,33.84],[59.75,34.4],[59.5,34.16],[58.4,34.25],[58.95,33.5],[59.47,32.0]]}},{"type":"Feature","properties":{"level":1016},"geometry":{"type":"LineString","coordinates":[[137.53,35.25],[138.0,35.09],[138.75,35.31],[139.09,35.75],[138.88,36.5],[139.5,36.62],[139.89,37.0],[139.25,37.1],[138.25,36.65],[137.78,36.75],[136.99,36.25],[136.75,35.76],[137.25,35.8],[137.53,35.25]]}},{"type":"Feature","properties":{"level":1016},"geometry":{"type":"LineString","coordinates":[[35.5,35.49],[34.25,35.69],[33.77,36.0],[34.5,36.75],[36.0,37.32],[36.19,37.25],[36.09,36.75],[35.73,36.25],[35.75,35.62],[35.5,35.49]]}},{"type":"Feature","properties":{"level":1016},"geometry":{"type":"LineString","coordinates":[[47.75,35.88],[47.61,36.75],[46.72,37.5],[46.75,37.72],[47.1,37.75],[46.5,37.95],[46.09,37.75],[46.67,36.5],[46.5,36.23],[45.95,36.75],[45.25,36.96],[44.66,38.25],[44.74,38.75],[44.16,39.5],[44.35,39.75],[43.75,39.86],[43.37,40.25],[43.5,40.44],[43.75,40.64],[44.0,40.37],[44.5,40.39],[45.39,39.75],[45.9,39.0],[46.0,38.4],[47.56,38.0],[47.31,37.75],[48.25,37.7],[48.5,37.25],[48.46,36.75],[48.25,36.57],[47.9,36.75],[47.91,36.5],[48.35,36.0],[48.25,35.76],[47.75,35.88]]}},{"type":"Feature","properties":{"level":1016},"geometry":{"type":"LineString","coordinates":[[68.75,36.24],[67.5,36.76],[65.75,36.38],[65.15,36.5],[65.0,37.01],[64.43,37.5],[65.12,38.75],[64.87,39.75],[65.22,40.25],[66.0,40.25],[67.0,39.75],[66.5,39.6],[66.41,39.25],[66.7,39.0],[65.8,38.25],[66.5,37.58],[68.0,38.42],[68.0,37.72],[68.5,37.78],[68.75,38.11],[69.54,37.75],[69.68,37.5],[69.5,37.03],[68.75,36.24]]}},{"type":"Feature","properties":{"level":1016},"geometry":{"type":"LineString","coordinates":[[94.75,36.24],[93.64,36.5],[94.25,36.74],[94.25,37.26],[94.5,37.34],[96.75,36.51],[97.67,36.5],[97.78,36.25],[94.75,36.24]]}},{"type":"Feature","properties":{"level":1016},"geometry":{"type":"LineString","coordinates":[[53.0,36.93],[51.81,37.5],[51.35,38.25],[51.06,40.25],[51.35,40.75],[52.0,41.1],[53.56,40.75],[54.14,40.25],[54.5,39.45],[55.5,39.51],[55.71,39.25],[55.19,39.0],[54.92,38.0],[54.5,37.48],[53.67,37.0],[53.0,36.93]]}},{"type":"Feature","properties":{"level":1016},"geometry":{"type":"LineString","coordinates":[[69.5,40.2],[68.96,40.75],[69.25,41.43],[69.54,41.0],[69.5,40.43],[70.0,40.38],[71.25,40.99],[72.0,41.03],[72.4,40.75],[71.73,40.25],[69.5,40.2]]}},{"type":"Feature","properties":{"level":1016},"geometry":{"type":"LineString","coordinates":[[46.5,40.7],[46.04,41.0],[46.54,41.0],[46.74,40.75],[46.5,40.7]]}},{"type":"Feature","properties":{"level":1016},"geometry":{"type":"LineString","coordinates":[[145.0,44.18],[144.82,44.25],[145.0,44.41],[145.0,44.18]]}},{"type":"Feature","properties":{"level":1016},"geometry":{"type":"LineString","coordinates":[[180.0,47.76],[176.75,48.22],[173.0,48.15],[170.0,47.68],[164.25,44.33],[160.75,43.16],[155.75,42.26],[150.25,42.2],[149.0,42.49],[147.75,41.99],[146.0,42.06],[145.25,41.46],[143.75,41.6],[143.12,42.0],[143.27,42.25],[142.89,43.0],[143.17,43.25],[143.2,43.75],[143.5,43.37],[144.0,43.38],[145.47,44.25],[143.25,45.6],[141.75,46.07],[141.25,46.53],[141.0,46.28],[139.65,46.75],[139.25,47.75],[139.81,48.5],[139.25,50.34],[138.69,50.75],[138.57,50.25],[138.25,50.4],[137.0,50.04],[136.75,49.45],[135.75,49.04],[135.25,49.09],[134.73,49.5],[135.26,50.0],[136.48,50.25],[135.32,51.25],[135.16,54.0],[134.18,54.5],[134.47,55.0],[135.33,55.5],[135.33,56.0],[134.69,56.5],[134.7,57.0],[133.5,57.16],[132.25,57.78],[131.0,57.86],[130.25,58.35],[116.75,60.53],[97.0,64.65],[92.0,65.06],[86.5,66.0],[83.75,66.99],[83.1,68.0],[81.41,69.25],[79.97,70.0],[77.75,70.62],[72.5,71.04],[66.75,70.76],[61.75,70.81],[53.5,71.4],[48.25,71.49],[28.5,70.62],[26.5,70.33],[21.25,70.3],[19.5,70.0],[18.0,70.18],[13.5,69.7],[6.0,68.41],[0.25,67.21],[-8.75,64.88],[-10.16,64.75],[-13.0,63.91],[-16.0,63.55],[-17.78,63.75],[-17.0,63.77],[-16.67,64.0],[-17.63,64.5],[-19.25,64.0],[-20.5,64.16],[-25.5,61.84],[-38.75,55.15],[-48.0,50.94],[-51.25,49.19],[-54.45,47.0],[-59.42,40.75],[-62.96,36.75],[-64.41,34.25],[-65.86,30.5],[-65.6,29.0],[-65.73,28.0],[-64.3,26.25],[-63.25,25.57],[-62.25,25.3],[-62.25,24.97],[-61.75,25.08],[-61.0,24.49],[-57.75,23.65],[-53.75,24.03],[-51.25,23.73],[-46.0,24.86],[-43.0,26.07],[-42.0,26.93],[-41.25,26.78],[-37.0,28.85],[-32.75,30.02],[-29.0,29.98],[-25.75,28.32],[-25.44,27.75],[-24.5,26.98],[-23.5,26.97],[-23.0,27.28],[-22.23,28.5],[-19.89,30.0],[-17.9,33.5],[-17.4,36.25],[-16.14,38.75],[-13.19,40.5],[-11.35,42.0],[-9.25,42.94],[-6.5,42.78],[-6.25,42.45],[-5.43,42.5],[-5.37,42.25],[-4.5,41.74],[-3.5,42.04],[-1.5,41.62],[-1.34,42.5],[-0.75,42.58],[1.25,42.36],[1.75,42.5],[2.5,42.26],[3.07,42.5],[3.05,43.5],[4.75,44.4],[5.75,44.56],[6.5,45.28],[7.25,44.0],[9.25,44.18],[10.01,44.0],[11.97,41.25],[13.24,40.5],[14.5,39.2],[14.7,38.25],[13.5,37.94],[13.28,37.75],[13.42,37.5],[15.04,36.5],[15.75,35.56],[16.75,35.0],[17.19,34.25],[18.87,32.5],[19.84,30.75],[20.14,29.5],[19.07,27.25],[19.25,26.25],[18.98,25.25],[19.3,24.0],[18.85,22.25],[18.0,20.97],[16.5,21.47],[16.36,21.25],[16.5,20.81],[17.0,20.85],[17.5,20.34],[17.75,20.71],[18.0,20.68],[18.5,19.64],[18.89,19.75],[20.25,22.05],[20.5,21.58],[21.0,21.46],[21.61,22.0],[22.75,21.85],[24.0,20.75],[24.42,20.75],[24.75,20.19],[26.25,20.44],[27.0,19.97],[27.25,20.16],[27.25,21.26],[28.25,22.75],[29.94,24.0],[30.5,25.37],[30.75,25.39],[31.25,24.74],[31.7,25.0],[31.77,25.5],[31.41,26.75],[31.5,26.97],[31.75,26.72],[32.25,26.71],[32.75,27.53],[33.0,27.43],[32.84,29.0],[33.25,29.03],[34.0,28.2],[35.0,29.38],[34.96,28.75],[35.5,28.49],[35.77,28.75],[35.83,29.5],[37.09,30.5],[36.78,31.75],[36.92,32.75],[35.96,33.25],[36.5,33.71],[37.75,33.96],[37.87,34.25],[37.44,34.5],[38.22,35.0],[36.5,35.1],[36.6,35.75],[36.21,36.25],[36.33,36.5],[36.75,36.94],[40.5,38.71],[42.33,38.0],[42.25,37.71],[43.25,37.15],[44.5,37.07],[44.66,36.5],[45.35,36.25],[46.02,35.5],[46.15,34.25],[46.5,33.48],[47.0,33.88],[48.46,33.5],[48.25,33.14],[48.75,33.23],[49.75,32.35],[50.25,31.1],[50.5,31.16],[50.98,30.5],[51.5,30.38],[52.24,29.0],[52.75,28.73],[53.03,29.0],[52.57,29.5],[52.47,30.0],[54.0,29.84],[54.04,30.25],[51.02,32.5],[51.25,33.3],[52.75,32.68],[52.97,32.75],[52.88,33.0],[52.0,33.36],[51.0,34.29],[50.69,34.25],[50.81,34.0],[50.45,33.75],[50.09,34.75],[49.6,35.0],[50.0,35.28],[49.31,35.75],[49.25,36.07],[50.25,36.62],[51.0,35.91],[52.75,35.42],[53.75,35.77],[54.25,36.33],[56.25,37.05],[57.25,37.1],[57.97,36.75],[58.25,36.17],[58.76,36.25],[58.68,35.75],[58.08,35.5],[59.5,34.99],[60.0,34.53],[61.0,34.33],[61.5,34.75],[62.5,34.35],[62.67,34.25],[62.23,34.0],[63.0,33.45],[64.0,33.32],[63.73,33.0],[64.0,32.69],[65.0,33.06],[65.25,32.82],[65.75,33.27],[66.02,33.25],[66.25,32.32],[67.05,32.5],[67.17,31.5],[66.65,31.0],[67.1,30.75],[67.13,30.5],[66.25,29.19],[66.25,28.32],[66.91,28.75],[67.06,29.75],[67.5,30.2],[68.29,30.25],[68.14,30.75],[68.97,31.25],[68.99,32.25],[69.82,32.5],[69.63,33.25],[69.94,33.75],[70.84,33.75],[70.74,34.0],[69.55,34.5],[69.54,34.75],[70.25,34.89],[70.75,34.72],[71.75,35.01],[73.0,34.66],[74.5,33.36],[76.0,32.61],[77.02,31.75],[77.5,30.76],[78.5,30.45],[79.01,30.0],[80.36,29.75],[82.75,28.38],[84.5,28.32],[86.5,27.47],[87.25,27.6],[88.0,27.27],[88.5,27.5],[89.75,26.99],[91.25,27.29],[91.75,27.07],[92.25,27.17],[93.5,28.05],[94.5,28.31],[95.0,28.79],[96.5,28.04],[97.0,27.27],[97.25,27.58],[98.0,27.61],[98.41,26.0],[98.0,24.95],[98.65,25.0],[98.75,25.51],[99.25,24.72],[99.27,25.75],[99.7,27.0],[100.15,27.25],[100.25,27.84],[101.0,28.0],[101.88,29.0],[102.04,29.75],[101.76,30.0],[101.75,30.37],[101.7,30.0],[101.05,30.0],[101.03,30.75],[100.75,30.54],[100.31,31.0],[100.25,31.47],[100.0,30.82],[99.5,30.72],[99.3,31.0],[99.7,31.25],[99.58,31.5],[99.0,31.34],[98.64,31.5],[98.9,30.75],[98.75,30.65],[98.0,31.8],[97.18,31.5],[97.9,31.25],[98.0,29.96],[96.71,31.25],[96.64,31.75],[97.18,32.25],[98.0,32.53],[98.5,32.39],[101.0,32.82],[101.5,32.6],[102.0,31.89],[102.25,32.12],[103.0,31.56],[103.35,31.75],[102.48,32.25],[103.0,32.8],[103.75,31.86],[104.39,32.75],[104.16,33.25],[104.54,33.25],[104.75,33.59],[105.25,33.37],[106.0,33.94],[106.75,33.58],[107.0,33.78],[108.5,33.38],[111.5,33.75],[111.5,34.08],[110.5,34.72],[109.75,34.66],[109.0,34.24],[108.05,34.25],[110.25,35.4],[110.5,35.79],[111.0,35.76],[111.75,36.64],[112.0,36.37],[112.25,36.55],[112.5,36.35],[112.47,36.75],[113.0,37.27],[113.32,36.75],[113.36,35.5],[112.66,35.25],[113.16,35.0],[113.25,34.19],[114.21,34.25],[114.78,34.5],[115.25,35.4],[116.97,36.75],[117.5,37.65],[117.58,38.75],[118.25,40.25],[119.75,40.48],[122.75,42.43],[124.5,43.03],[126.75,43.38],[128.0,43.14],[129.0,43.33],[131.25,42.76],[132.5,43.01],[135.75,42.18],[139.76,42.0],[140.0,41.75],[139.76,41.5],[140.05,40.5],[140.71,40.0],[140.63,39.75],[141.0,39.07],[142.0,39.13],[142.72,38.75],[142.89,37.75],[144.13,35.75],[144.11,35.0],[143.43,33.0],[143.74,32.5],[143.49,32.0],[143.55,31.25],[144.09,30.5],[145.75,29.5],[150.5,28.31],[155.75,27.53],[156.75,27.04],[158.0,26.91],[161.0,26.12],[161.5,25.8],[163.0,25.94],[165.25,25.72],[170.75,24.01],[174.5,23.66],[180.0,22.12]]}},{"type":"Feature","properties":{"level":1016},"geometry":{"type":"LineString","coordinates":[[-143.03,64.25],[-142.82,64.5],[-143.0,64.75],[-143.48,64.75],[-142.75,64.8],[-142.75,65.03],[-143.5,65.12],[-144.36,64.75],[-143.03,64.25]]}},{"type":"Feature","properties":{"level":1016},"geometry":{"type":"LineString","coordinates":[[-141.01,65.0],[-140.25,64.85],[-138.89,65.25],[-139.66,65.5],[-139.34,66.0],[-139.67,66.5],[-139.12,66.75],[-140.25,66.85],[-140.75,67.53],[-141.17,67.25],[-140.74,67.0],[-142.3,67.0],[-140.91,66.25],[-141.75,65.5],[-141.75,65.25],[-141.25,65.5],[-141.01,65.0]]}},{"type":"Feature","properties":{"level":1016},"geometry":{"type":"LineString","coordinates":[[-153.64,67.0],[-152.85,67.0],[-153.38,67.25],[-153.25,67.7],[-152.0,67.08],[-151.25,67.27],[-150.0,67.03],[-146.5,67.57],[-143.5,67.55],[-143.0,67.35],[-141.61,67.75],[-141.5,68.04],[-139.51,68.0],[-140.36,69.0],[-142.25,69.15],[-144.0,68.85],[-144.75,69.03],[-145.94,68.5],[-147.5,68.4],[-148.0,68.07],[-152.25,68.02],[-153.25,67.77],[-154.0,68.17],[-154.74,68.0],[-153.72,67.75],[-154.4,67.5],[-153.64,67.0]]}},{"type":"Feature","properties":{"level":1016},"geometry":{"type":"LineString","coordinates":[[-140.35,67.5],[-139.74,67.5],[-140.35,67.5]]}},{"type":"Feature","properties":{"level":1016},"geometry":{"type":"LineString","coordinates":[[-146.02,68.75],[-145.53,69.0],[-146.0,69.17],[-146.64,69.0],[-146.02,68.75]]}},{"type":"Feature","properties":{"level":1016},"geometry":{"type":"LineString","coordinates":[[-45.53,74.0],[-42.5,74.09],[-39.0,74.93],[-36.0,74.92],[-34.47,75.25],[-35.65,75.75],[-35.5,75.9],[-33.25,75.96],[-27.95,76.75],[-28.19,77.0],[-31.65,77.75],[-32.17,78.5],[-34.12,79.25],[-35.36,80.0],[-41.75,80.49],[-50.5,79.6],[-53.93,78.5],[-53.6,78.25],[-50.84,77.75],[-58.5,77.78],[-59.69,77.5],[-58.75,77.28],[-54.75,77.13],[-51.34,76.5],[-48.64,75.5],[-47.37,74.25],[-45.53,74.0]]}},{"type":"Feature","properties":{"level":1016},"geometry":{"type":"LineString","coordinates":[[-36.75,75.95],[-40.14,76.25],[-40.0,76.78],[-39.25,76.93],[-34.4,76.75],[-35.5,76.06],[-36.75,75.95]]}},{"type":"Feature","properties":{"level":1016},"geometry":{"type":"LineString","coordinates":[[-42.75,77.23],[-41.75,77.39],[-40.95,77.25],[-42.75,77.23]]}},{"type":"Feature","properties":{"level":1020},"geometry":{"type":"LineString","coordinates":[[72.01,-88.25],[87.5,-88.4],[107.13,-88.0],[109.9,-87.5],[109.73,-87.0],[110.49,-86.25],[109.0,-85.68],[104.75,-85.66],[89.22,-86.5],[61.37,-87.25],[61.58,-87.5],[72.01,-88.25]]}},{"type":"Feature","properties":{"level":1020},"geometry":{"type":"LineString","coordinates":[[89.73,-84.75],[91.12,-84.75],[89.73,-84.75]]}},{"type":"Feature","properties":{"level":1020},"geometry":{"type":"LineString","coordinates":[[59.41,-83.25],[68.48,-83.0],[69.54,-82.75],[68.47,-82.5],[67.84,-82.0],[66.32,-81.5],[67.5,-81.25],[67.97,-80.5],[67.25,-80.33],[67.1,-80.0],[67.76,-79.75],[65.63,-79.5],[65.5,-79.24],[64.56,-79.0],[63.25,-78.14],[60.5,-78.05],[59.5,-77.05],[57.0,-76.58],[53.75,-76.56],[48.36,-76.0],[48.5,-75.39],[50.0,-75.36],[49.95,-74.75],[51.01,-73.75],[50.75,-73.63],[47.25,-74.16],[46.48,-74.5],[40.59,-74.5],[37.0,-75.02],[29.5,-75.04],[22.9,-74.75],[29.71,-76.75],[39.41,-78.0],[47.5,-81.59],[52.25,-82.45],[59.41,-83.25]]}},{"type":"Feature","properties":{"level":1020},"geometry":{"type":"LineString","coordinates":[[118.18,-77.25],[121.0,-76.97],[124.0,-77.2],[125.75,-77.02],[126.69,-76.5],[127.46,-75.0],[130.0,-73.93],[130.75,-73.84],[131.0,-73.5],[130.46,-72.75],[129.25,-71.81],[126.5,-71.48],[108.75,-73.12],[104.25,-73.25],[100.5,-72.95],[97.06,-73.25],[98.5,-74.01],[103.06,-75.0],[104.0,-75.64],[105.25,-75.96],[110.25,-76.39],[114.75,-77.1],[118.18,-77.25]]}},{"type":"Feature","properties":{"level":1020},"geometry":{"type":"LineString","coordinates":[[-76.83,-58.25],[-70.25,-58.37],[-66.25,-58.0],[-63.5,-57.24],[-62.08,-56.5],[-61.22,-55.75],[-60.74,-54.75],[-61.7,-53.25],[-65.77,-50.5],[-67.25,-48.92],[-68.0,-49.29],[-68.5,-48.99],[-69.25,-48.95],[-71.75,-49.84],[-72.5,-49.89],[-73.0,-50.21],[-73.24,-50.0],[-73.25,-49.2],[-73.51,-49.5],[-73.38,-50.75],[-73.6,-51.0],[-73.22,-51.25],[-74.0,-51.66],[-74.5,-51.36],[-75.5,-51.3],[-79.96,-48.0],[-84.75,-45.5],[-87.5,-44.64],[-95.5,-43.18],[-96.5,-42.73],[-99.25,-40.35],[-102.25,-35.25],[-102.78,-33.5],[-102.96,-31.5],[-102.15,-28.0],[-102.43,-27.25],[-102.13,-26.5],[-102.23,-26.25],[-101.95,-25.25],[-101.4,-24.75],[-101.42,-24.25],[-101.09,-23.75],[-101.95,-23.25],[-102.0,-22.84],[-102.25,-23.16],[-103.25,-23.02],[-103.75,-22.01],[-104.0,-22.39],[-104.25,-22.36],[-104.5,-21.84],[-105.25,-21.87],[-105.75,-21.56],[-106.25,-21.99],[-107.0,-21.72],[-108.5,-21.96],[-109.75,-23.19],[-111.25,-23.7],[-111.75,-24.45],[-113.25,-25.56],[-113.74,-27.0],[-114.0,-26.96],[-114.5,-27.38],[-114.75,-28.07],[-115.5,-28.97],[-115.83,-30.0],[-117.01,-30.75],[-117.75,-31.61],[-119.0,-31.26],[-122.0,-32.15],[-123.75,-32.97],[-126.0,-33.29],[-130.5,-32.79],[-132.5,-32.04],[-133.25,-32.16],[-133.75,-31.62],[-136.5,-30.94],[-137.0,-30.29],[-137.5,-30.57],[-138.25,-30.09],[-139.25,-29.98],[-140.0,-30.18],[-140.75,-29.59],[-141.75,-30.06],[-142.5,-29.68],[-142.55,-30.0],[-143.0,-30.19],[-143.75,-29.44],[-144.25,-30.58],[-144.75,-30.31],[-145.2,-31.0],[-145.06,-32.5],[-144.47,-33.25],[-143.5,-35.42],[-142.75,-36.33],[-140.37,-38.0],[-134.0,-41.32],[-119.0,-48.07],[-110.14,-51.25],[-91.75,-56.1],[-83.75,-57.53],[-76.83,-58.25]]}},{"type":"Feature","properties":{"level":1020},"geometry":{"type":"LineString","coordinates":[[-51.75,-47.75],[-48.0,-47.74],[-44.0,-47.17],[-40.0,-46.01],[-34.41,-45.0],[-33.23,-44.25],[-32.93,-43.75],[-33.1,-43.0],[-33.75,-42.56],[-38.5,-41.21],[-40.5,-39.98],[-41.37,-38.75],[-41.82,-37.5],[-41.54,-34.0],[-42.33,-31.5],[-43.2,-31.0],[-43.47,-30.5],[-44.25,-30.36],[-48.5,-27.5],[-50.0,-28.31],[-50.5,-28.95],[-50.79,-29.0],[-50.61,-29.25],[-51.0,-29.4],[-52.25,-29.31],[-53.25,-29.55],[-57.75,-29.36],[-59.98,-30.5],[-61.0,-30.63],[-61.5,-31.5],[-62.55,-32.5],[-63.1,-34.5],[-63.15,-35.25],[-63.0,-35.42],[-62.75,-35.1],[-62.66,-35.25],[-62.98,-37.0],[-61.74,-39.0],[-62.15,-39.25],[-62.1,-40.75],[-61.0,-42.99],[-59.12,-44.75],[-57.6,-45.75],[-54.75,-47.0],[-51.75,-47.75]]}},{"type":"Feature","properties":{"level":1020},"geometry":{"type":"LineString","coordinates":[[63.58,-47.5],[64.0,-47.64],[67.75,-46.69],[68.25,-46.93],[69.75,-45.87],[70.5,-45.79],[70.75,-45.12],[71.5,-44.7],[71.66,-44.25],[74.0,-42.01],[77.0,-40.66],[79.25,-38.56],[80.86,-37.5],[86.25,-34.7],[90.75,-33.15],[97.0,-31.93],[103.75,-31.31],[105.25,-30.81],[106.72,-29.5],[107.08,-28.75],[106.8,-28.5],[107.43,-27.5],[106.87,-26.0],[106.8,-25.0],[105.75,-24.03],[105.75,-23.73],[105.25,-23.5],[105.48,-22.75],[105.34,-22.5],[104.39,-22.5],[104.0,-21.59],[102.5,-21.42],[102.0,-21.01],[101.25,-20.96],[99.75,-20.21],[95.5,-18.93],[94.5,-19.16],[93.75,-18.68],[93.25,-18.89],[92.5,-18.63],[90.5,-18.61],[88.25,-17.86],[86.25,-17.69],[86.13,-17.5],[83.5,-16.93],[79.0,-16.49],[76.75,-15.64],[75.25,-15.99],[73.75,-15.92],[73.0,-16.13],[71.25,-15.64],[69.0,-15.57],[67.25,-16.01],[62.0,-15.94],[60.75,-16.15],[58.75,-16.03],[57.75,-15.72],[55.75,-15.73],[52.0,-15.11],[50.5,-14.5],[50.03,-13.75],[49.5,-13.5],[49.0,-13.77],[48.5,-14.48],[48.6,-15.75],[47.89,-16.5],[47.75,-17.18],[47.5,-17.02],[47.23,-17.75],[46.7,-18.25],[46.8,-19.5],[46.58,-20.0],[46.73,-20.25],[46.43,-20.5],[46.66,-22.25],[46.5,-22.56],[45.97,-22.5],[46.21,-23.75],[47.0,-24.48],[47.5,-24.56],[47.8,-25.5],[47.44,-27.5],[46.84,-28.5],[46.27,-30.5],[46.23,-31.25],[46.67,-32.75],[46.21,-33.25],[48.22,-36.0],[50.25,-38.01],[51.45,-38.75],[51.91,-39.5],[51.63,-40.75],[50.25,-42.06],[49.25,-42.58],[48.75,-43.59],[48.25,-44.01],[47.75,-44.05],[47.6,-44.75],[48.0,-45.29],[49.0,-45.78],[52.5,-46.11],[54.25,-46.91],[58.0,-47.31],[63.58,-47.5]]}},{"type":"Feature","properties":{"level":1020},"geometry":{"type":"LineString","coordinates":[[-2.89,-44.0],[-1.5,-43.66],[0.25,-43.91],[2.25,-43.41],[4.5,-43.31],[5.5,-42.87],[10.0,-42.17],[14.0,-41.13],[18.5,-41.36],[23.02,-40.75],[25.24,-39.0],[25.24,-37.75],[25.95,-37.25],[25.25,-36.4],[23.75,-35.85],[23.0,-35.29],[23.07,-35.0],[23.5,-34.65],[24.25,-34.69],[26.03,-33.75],[27.29,-32.75],[26.25,-32.46],[24.75,-32.59],[24.37,-32.75],[24.51,-33.0],[23.5,-33.37],[21.25,-33.18],[21.03,-32.75],[20.75,-32.7],[19.75,-33.2],[19.0,-33.02],[18.62,-32.0],[19.61,-31.0],[19.61,-30.5],[19.25,-30.03],[18.25,-29.85],[17.58,-29.25],[17.25,-28.55],[16.85,-28.25],[17.06,-28.0],[16.9,-27.75],[16.25,-27.32],[15.25,-27.38],[13.5,-26.62],[12.01,-25.75],[9.5,-23.68],[6.75,-22.11],[2.75,-20.81],[-3.25,-20.15],[-4.25,-20.55],[-5.5,-20.53],[-6.5,-20.89],[-11.74,-21.25],[-12.49,-22.0],[-13.84,-22.75],[-13.56,-23.5],[-13.83,-24.0],[-13.71,-24.25],[-14.24,-24.5],[-13.82,-25.25],[-9.0,-28.93],[-8.04,-30.75],[-6.86,-32.0],[-6.63,-32.75],[-6.63,-35.75],[-7.36,-37.0],[-8.05,-37.5],[-9.89,-40.0],[-9.5,-41.78],[-8.0,-42.44],[-6.75,-42.39],[-5.5,-42.78],[-4.75,-43.37],[-3.0,-43.45],[-2.89,-44.0]]}},{"type":"Feature","properties":{"level":1020},"geometry":{"type":"LineString","coordinates":[[-180.0,-42.9],[-176.17,-42.0],[-171.75,-40.47],[-168.68,-39.0],[-168.0,-38.25],[-165.75,-37.06],[-165.44,-36.5],[-165.58,-35.75],[-165.88,-35.5],[-165.52,-34.25],[-166.18,-32.75],[-166.0,-31.93],[-168.75,-29.28],[-170.0,-28.85],[-171.0,-28.12],[-172.25,-28.09],[-173.5,-27.5],[-174.25,-27.49],[-179.25,-25.79],[-180.0,-25.28]]}},{"type":"Feature","properties":{"level":1020},"geometry":{"type":"LineString","coordinates":[[-70.15,-31.5],[-70.0,-31.64],[-70.21,-31.0],[-69.74,-30.5],[-69.59,-28.75],[-68.66,-27.75],[-68.33,-27.0],[-68.5,-26.47],[-70.19,-29.25],[-70.27,-29.75],[-70.07,-30.0],[-70.34,-30.5],[-70.35,-31.25],[-70.15,-31.5]]}},{"type":"Feature","properties":{"level":1020},"geometry":{"type":"LineString","coordinates":[[180.0,-25.28],[179.25,-25.26],[178.5,-24.45],[176.75,-24.19],[175.75,-23.68],[174.5,-23.5],[171.25,-22.38],[169.75,-22.14],[168.75,-22.25],[166.5,-21.68],[166.1,-21.75],[166.19,-22.25],[166.0,-22.35],[163.75,-22.69],[157.75,-22.38],[155.25,-23.25],[151.75,-22.94],[151.0,-23.22],[150.39,-22.75],[149.75,-22.88],[149.5,-22.48],[149.25,-22.78],[148.25,-22.43],[147.5,-22.81],[147.0,-23.59],[146.5,-23.57],[146.0,-24.52],[145.0,-24.66],[144.9,-25.0],[143.0,-26.26],[142.5,-26.89],[139.5,-28.66],[136.28,-32.25],[135.7,-33.25],[135.77,-34.25],[136.34,-36.0],[137.21,-37.5],[137.02,-38.0],[137.58,-38.5],[137.16,-39.75],[137.08,-41.0],[137.5,-42.45],[138.51,-44.0],[140.25,-45.98],[144.95,-49.75],[145.17,-50.5],[144.84,-51.25],[145.15,-52.5],[145.5,-53.22],[146.25,-53.59],[148.0,-53.66],[152.0,-53.04],[158.73,-50.75],[166.75,-47.43],[168.0,-46.5],[169.0,-46.25],[169.35,-46.0],[169.23,-45.5],[169.5,-45.76],[169.6,-45.5],[170.5,-45.27],[170.25,-45.0],[171.06,-44.0],[172.5,-43.51],[173.5,-42.69],[174.5,-42.72],[175.0,-43.36],[175.5,-43.48],[180.0,-42.9]]}},{"type":"Feature","properties":{"level":1020},"geometry":{"type":"LineString","coordinates":[[39.02,6.75],[39.75,6.64],[40.1,7.0],[39.75,7.26],[39.02,6.75]]}},{"type":"Feature","properties":{"level":1020},"geometry":{"type":"LineString","coordinates":[[38.45,9.25],[39.0,9.09],[39.5,9.27],[39.78,9.75],[39.7,11.25],[39.25,12.32],[39.0,11.75],[39.39,11.5],[38.91,11.0],[39.44,10.0],[38.45,9.25]]}},{"type":"Feature","properties":{"level":1020},"geometry":{"type":"LineString","coordinates":[[-96.53,16.25],[-96.08,16.25],[-95.5,16.75],[-94.0,16.74],[-93.57,17.0],[-94.01,18.5],[-93.75,19.25],[-90.95,22.25],[-86.5,26.17],[-83.0,27.43],[-81.0,27.85],[-75.91,31.0],[-72.8,34.75],[-71.73,37.25],[-70.91,38.0],[-70.25,39.32],[-69.57,39.75],[-69.25,40.41],[-67.87,41.25],[-67.84,42.5],[-67.0,43.87],[-65.74,45.0],[-65.02,46.0],[-64.0,46.42],[-63.5,47.11],[-62.5,47.79],[-60.5,48.82],[-60.03,49.5],[-58.25,50.15],[-56.75,50.0],[-56.5,50.37],[-56.0,49.89],[-55.75,50.02],[-55.5,50.54],[-54.43,51.25],[-54.25,52.2],[-55.25,52.78],[-56.5,52.9],[-58.29,53.5],[-60.25,53.69],[-63.25,54.75],[-68.5,56.07],[-72.25,56.43],[-75.75,56.06],[-81.75,52.7],[-84.75,51.51],[-86.25,50.66],[-88.27,50.25],[-89.44,49.5],[-91.75,48.91],[-93.79,48.0],[-96.0,46.29],[-96.87,45.0],[-97.75,44.65],[-98.75,42.85],[-100.75,41.47],[-101.6,40.5],[-102.75,39.83],[-104.25,40.93],[-104.75,40.99],[-105.25,40.63],[-104.93,41.5],[-105.26,41.75],[-105.33,42.25],[-106.18,43.0],[-107.0,43.02],[-107.24,43.75],[-107.15,44.5],[-107.65,44.75],[-107.89,44.75],[-107.26,43.75],[-108.75,43.6],[-108.9,43.5],[-108.57,43.25],[-108.75,42.99],[-109.21,43.25],[-109.09,43.75],[-109.44,44.5],[-109.37,45.0],[-110.0,45.45],[-110.75,45.61],[-111.75,45.31],[-112.25,45.87],[-113.0,45.51],[-113.21,45.75],[-112.99,46.0],[-113.25,46.05],[-114.97,45.5],[-114.89,45.25],[-115.75,44.88],[-116.0,45.15],[-116.22,45.0],[-116.02,44.75],[-116.25,44.66],[-116.5,45.08],[-117.38,45.0],[-117.28,44.75],[-117.65,44.5],[-117.75,43.91],[-117.15,43.75],[-116.25,44.32],[-115.98,44.0],[-116.13,43.75],[-115.5,43.01],[-114.46,42.5],[-114.75,42.21],[-116.0,42.18],[-116.75,41.5],[-117.09,41.5],[-117.5,42.12],[-117.71,41.5],[-117.39,41.25],[-117.5,41.0],[-118.5,40.39],[-119.19,40.5],[-118.86,40.25],[-119.0,40.05],[-119.32,40.5],[-119.25,40.91],[-118.82,41.0],[-118.75,41.27],[-118.34,41.25],[-118.75,41.59],[-119.25,41.58],[-119.25,41.13],[-119.75,40.88],[-120.25,41.11],[-120.75,40.38],[-121.52,40.5],[-121.41,40.0],[-120.75,39.52],[-120.34,38.5],[-118.91,36.75],[-118.58,36.0],[-118.59,35.0],[-119.2,34.75],[-118.35,34.75],[-117.75,35.45],[-117.5,35.1],[-117.07,35.0],[-117.19,34.5],[-115.75,31.67],[-115.62,32.0],[-116.14,32.75],[-116.37,33.75],[-115.57,33.75],[-116.71,35.0],[-116.41,35.5],[-117.46,35.75],[-117.0,35.78],[-116.9,36.0],[-117.25,36.82],[-116.52,36.5],[-116.5,35.94],[-116.44,36.5],[-116.21,36.5],[-115.8,35.0],[-115.98,34.75],[-115.25,34.81],[-114.81,35.25],[-114.75,35.73],[-113.92,34.75],[-113.31,34.75],[-113.21,34.25],[-113.41,34.0],[-113.25,33.88],[-113.0,33.75],[-112.25,33.98],[-111.75,33.72],[-110.98,32.5],[-110.99,31.25],[-110.5,30.34],[-110.0,29.96],[-109.5,29.91],[-108.75,30.22],[-108.49,30.0],[-108.48,28.75],[-107.82,28.0],[-107.95,27.5],[-107.26,26.5],[-106.75,26.51],[-106.52,26.25],[-106.36,25.25],[-105.53,23.75],[-104.92,23.5],[-103.75,21.87],[-103.75,21.24],[-102.1,20.25],[-102.21,20.0],[-101.94,19.75],[-101.25,19.55],[-101.0,20.04],[-100.75,19.91],[-100.0,19.24],[-99.75,18.6],[-98.75,19.0],[-98.26,18.75],[-97.97,18.5],[-97.97,17.75],[-98.75,17.71],[-98.83,17.5],[-98.0,17.34],[-97.5,16.95],[-96.75,17.06],[-96.45,16.75],[-96.53,16.25]]}},{"type":"Feature","properties":{"level":1020},"geometry":{"type":"LineString","coordinates":[[-180.0,27.01],[-177.25,26.07],[-172.5,25.57],[-165.5,24.16],[-159.25,23.78],[-154.5,23.83],[-153.0,23.56],[-149.0,23.89],[-147.25,24.7],[-141.5,26.53],[-139.75,26.24],[-137.16,26.5],[-134.0,27.96],[-131.5,29.73],[-127.75,31.77],[-125.9,33.25],[-125.49,34.0],[-124.93,36.25],[-124.74,40.0],[-124.09,40.75],[-124.17,42.75],[-123.6,42.75],[-123.5,42.18],[-123.0,42.19],[-122.68,42.5],[-123.43,42.75],[-123.0,43.0],[-122.25,44.91],[-121.89,45.25],[-121.75,46.22],[-121.49,46.5],[-121.76,47.0],[-121.45,47.25],[-120.79,49.0],[-121.25,49.99],[-122.01,50.0],[-122.0,50.28],[-122.75,50.66],[-123.4,50.5],[-123.11,50.75],[-123.18,51.0],[-124.75,51.12],[-125.5,50.8],[-126.0,50.96],[-126.09,50.25],[-125.5,49.7],[-126.5,49.7],[-126.85,48.0],[-129.75,45.19],[-134.75,42.14],[-138.75,40.84],[-141.0,40.4],[-145.5,41.07],[-150.25,43.08],[-153.0,43.63],[-154.25,44.29],[-155.5,44.44],[-157.97,44.0],[-159.5,43.32],[-161.75,42.94],[-166.25,41.49],[-167.5,41.47],[-168.5,42.76],[-171.5,44.01],[-177.5,45.2],[-180.0,45.38]]}},{"type":"Feature","properties":{"level":1020},"geometry":{"type":"LineString","coordinates":[[87.98,27.5],[88.5,27.64],[89.25,27.37],[89.75,27.82],[90.75,27.44],[91.25,27.76],[92.0,27.41],[92.78,27.75],[93.25,28.38],[94.0,28.53],[95.25,29.37],[95.42,29.25],[95.25,28.97],[96.0,29.07],[96.42,28.5],[96.75,28.39],[96.75,28.75],[97.01,28.75],[97.07,28.0],[97.25,27.92],[97.75,28.15],[98.75,27.81],[99.15,28.25],[98.75,29.04],[98.25,28.67],[96.0,30.66],[95.0,31.1],[94.75,30.94],[94.25,31.14],[92.75,30.41],[92.61,30.25],[92.92,30.0],[92.25,29.71],[92.1,29.0],[90.75,28.74],[90.5,28.47],[90.0,28.71],[88.25,28.76],[88.22,28.25],[88.0,28.22],[87.25,28.63],[86.67,28.5],[86.73,29.0],[86.04,29.25],[86.0,29.91],[83.72,31.25],[83.89,31.75],[83.25,32.21],[82.0,32.29],[81.13,33.0],[82.0,33.2],[83.75,33.09],[85.0,32.49],[85.08,33.0],[85.5,33.12],[86.25,32.75],[86.75,33.25],[87.98,33.5],[88.5,34.05],[89.25,33.57],[90.05,35.25],[91.5,35.53],[92.18,36.25],[91.47,36.75],[91.98,37.0],[91.84,37.5],[91.25,37.94],[90.09,38.0],[90.25,38.39],[91.0,38.25],[91.16,38.75],[91.75,38.81],[91.99,38.75],[92.03,38.25],[92.55,38.25],[92.0,38.75],[92.0,39.05],[90.5,39.11],[90.0,38.81],[89.15,39.0],[93.25,39.57],[94.25,39.36],[94.5,39.61],[95.75,39.86],[96.58,39.75],[96.3,39.25],[96.75,39.05],[96.86,39.75],[97.25,39.81],[98.11,39.5],[98.09,39.0],[97.0,38.92],[96.75,38.6],[95.87,39.0],[95.5,39.49],[94.52,39.25],[95.41,38.75],[94.84,38.5],[95.5,37.76],[99.25,36.94],[100.5,37.23],[100.93,37.0],[101.25,36.39],[101.94,36.25],[101.75,35.65],[100.25,35.24],[99.75,36.0],[99.0,36.45],[98.0,35.87],[97.5,35.79],[97.0,36.06],[96.62,36.0],[96.5,35.73],[96.25,35.99],[95.75,35.66],[95.4,36.0],[95.0,35.69],[94.5,36.1],[93.25,36.41],[92.93,36.25],[92.9,35.5],[94.11,35.25],[93.92,35.0],[94.68,34.75],[93.85,34.0],[94.2,33.5],[93.47,33.25],[94.12,33.0],[94.12,32.75],[93.54,32.5],[93.55,32.25],[93.75,31.78],[94.25,31.5],[94.94,31.75],[95.05,32.25],[95.41,32.5],[94.94,32.75],[95.0,32.91],[96.04,33.25],[96.0,33.6],[95.5,33.61],[94.98,34.0],[95.5,34.41],[96.0,34.1],[96.5,34.25],[97.25,33.97],[99.75,34.28],[99.88,34.0],[100.86,33.75],[100.5,33.7],[100.5,33.43],[101.0,33.53],[101.25,33.33],[102.0,33.87],[101.99,34.5],[102.24,34.75],[101.64,35.25],[102.0,35.54],[103.5,34.42],[104.0,34.51],[104.25,34.21],[105.26,34.5],[105.16,35.0],[105.5,35.7],[105.75,35.9],[106.25,35.46],[106.62,36.0],[105.96,36.25],[106.02,36.5],[107.0,36.47],[107.25,36.84],[108.85,37.5],[108.23,38.0],[108.18,38.5],[108.46,39.0],[109.5,39.51],[109.78,40.0],[109.66,40.5],[109.99,40.75],[111.5,40.5],[112.0,40.3],[112.0,39.92],[112.75,39.69],[113.5,40.27],[114.8,40.5],[114.61,40.75],[114.75,40.82],[115.75,40.78],[117.0,41.21],[117.5,41.06],[119.0,41.38],[121.16,43.0],[123.5,44.13],[127.0,45.19],[128.75,45.48],[129.25,44.94],[130.75,44.77],[131.25,44.38],[133.0,44.41],[134.25,44.09],[135.75,44.77],[137.0,45.87],[137.25,46.6],[137.52,46.5],[137.25,46.77],[137.26,47.5],[136.75,47.81],[135.0,47.45],[132.78,48.25],[132.15,48.75],[132.17,49.0],[132.5,49.73],[132.75,49.75],[132.87,50.5],[133.24,50.75],[132.31,51.0],[132.26,51.5],[131.96,51.75],[131.99,52.25],[130.5,52.13],[129.52,52.5],[128.98,53.25],[128.5,53.52],[128.38,54.0],[127.8,54.25],[127.41,54.75],[127.5,55.22],[131.5,54.52],[131.75,54.88],[132.75,54.92],[132.75,55.53],[133.69,55.75],[132.63,56.75],[131.25,56.61],[130.0,56.89],[129.0,56.5],[127.75,56.67],[127.46,56.75],[129.15,57.0],[128.01,57.25],[127.75,57.51],[127.25,57.23],[126.75,57.63],[125.5,57.62],[122.0,58.36],[118.0,58.85],[116.75,59.26],[116.0,59.25],[115.91,59.5],[114.75,59.85],[105.75,61.25],[103.0,62.05],[95.75,63.53],[93.5,63.64],[88.5,64.68],[86.0,64.6],[81.25,65.37],[78.86,66.25],[77.51,67.75],[76.5,68.47],[75.25,69.03],[73.0,69.54],[51.75,70.59],[31.75,70.12],[23.25,69.35],[18.25,69.67],[13.25,69.0],[7.08,67.75],[-13.5,62.78],[-20.25,62.29],[-23.0,61.51],[-29.5,58.76],[-32.52,57.0],[-36.0,55.44],[-39.25,53.64],[-47.57,49.75],[-52.5,46.58],[-53.96,45.25],[-57.75,40.24],[-59.71,37.0],[-60.41,34.75],[-60.29,33.75],[-59.0,31.64],[-58.25,31.13],[-55.5,30.05],[-54.0,29.72],[-49.75,29.55],[-46.25,29.79],[-44.5,30.16],[-41.75,30.97],[-39.0,32.1],[-33.0,35.21],[-30.5,37.07],[-29.5,37.56],[-27.75,37.84],[-25.75,38.95],[-25.25,38.95],[-24.25,37.84],[-23.0,37.31],[-22.5,37.36],[-21.25,37.93],[-18.65,40.0],[-16.5,41.2],[-10.5,43.75],[-8.25,44.16],[-5.0,43.81],[-4.72,43.75],[-5.12,43.25],[-4.93,43.0],[-2.5,42.8],[-2.0,43.0],[-3.78,43.5],[-3.84,43.75],[-3.0,43.91],[-2.22,44.5],[-1.84,46.0],[-1.4,46.25],[-1.33,47.0],[-1.65,47.5],[-1.35,48.0],[-0.5,48.31],[1.75,47.81],[2.25,48.39],[3.0,48.06],[4.5,48.1],[5.0,47.66],[5.84,47.5],[6.05,47.25],[5.98,46.5],[6.25,46.38],[6.75,46.63],[8.75,46.88],[9.5,46.71],[10.0,47.16],[10.5,47.25],[10.85,47.0],[10.38,46.75],[10.43,46.0],[10.75,45.67],[13.5,45.53],[16.25,43.03],[17.44,41.5],[17.43,41.0],[17.09,40.75],[18.4,39.5],[18.46,39.0],[19.97,36.25],[22.75,33.86],[24.0,32.25],[23.75,31.9],[24.12,31.75],[24.25,32.15],[24.5,32.17],[24.74,32.0],[24.41,31.75],[25.0,31.54],[25.14,31.75],[24.77,32.0],[26.25,32.38],[26.75,32.04],[27.74,32.75],[27.46,34.0],[26.75,34.62],[26.5,34.35],[26.08,34.5],[26.73,34.75],[25.98,36.75],[25.98,37.25],[26.5,38.08],[27.25,38.3],[28.47,37.75],[28.81,37.25],[29.75,36.71],[30.25,36.67],[30.15,37.25],[30.75,37.62],[32.75,36.44],[34.0,36.92],[35.7,38.0],[35.75,38.28],[38.0,38.88],[38.21,39.25],[37.86,40.25],[38.75,40.74],[39.33,40.75],[39.25,41.0],[38.75,40.76],[37.25,42.13],[36.83,43.25],[36.89,44.0],[38.26,45.25],[39.0,45.51],[41.25,45.14],[42.39,44.25],[41.75,43.9],[40.36,44.0],[40.5,43.51],[44.5,42.54],[45.0,42.63],[46.94,41.75],[47.37,41.25],[48.25,40.98],[48.54,41.25],[48.05,41.5],[47.75,42.32],[47.51,42.25],[47.5,41.91],[46.47,42.5],[47.06,42.75],[46.75,43.19],[45.75,43.01],[45.22,43.25],[45.4,43.5],[45.25,43.66],[44.87,43.75],[45.75,43.85],[46.75,43.57],[47.02,43.75],[47.16,44.5],[47.93,45.0],[49.25,45.34],[50.5,45.29],[51.75,44.67],[52.15,44.0],[53.0,43.34],[55.25,42.12],[56.75,41.48],[57.5,41.7],[59.0,41.23],[61.0,41.32],[62.86,42.5],[64.0,42.45],[65.0,42.9],[66.25,43.9],[67.5,43.85],[68.75,43.31],[69.5,43.25],[70.25,42.59],[71.5,42.43],[72.25,42.84],[72.98,42.5],[72.0,41.96],[73.75,41.92],[73.55,42.5],[73.75,42.57],[75.0,42.25],[76.5,42.62],[77.75,42.64],[77.91,42.25],[76.0,42.17],[75.25,41.63],[75.0,41.94],[74.53,41.75],[75.5,41.36],[75.64,41.0],[75.5,40.81],[75.25,41.02],[74.0,41.12],[74.02,40.5],[73.5,40.06],[70.0,39.72],[67.5,39.15],[67.2,38.75],[67.25,38.45],[67.75,38.75],[69.75,38.82],[70.25,39.05],[70.36,37.75],[70.86,37.0],[69.5,36.31],[69.52,36.0],[69.0,35.62],[68.42,35.5],[68.25,35.94],[67.75,36.02],[67.0,35.7],[65.75,35.83],[64.7,35.5],[64.98,35.25],[63.46,34.5],[65.0,34.0],[66.25,34.42],[68.0,34.35],[68.75,34.67],[68.62,35.0],[69.25,35.23],[70.0,35.05],[70.25,35.26],[71.0,35.17],[71.75,35.93],[72.0,35.31],[73.0,35.18],[73.5,34.57],[74.98,34.25],[75.36,33.5],[76.25,32.84],[76.58,32.25],[77.25,31.99],[78.0,31.18],[78.75,30.63],[79.39,30.5],[79.75,30.1],[81.85,29.5],[81.96,29.0],[82.75,29.03],[82.7,28.75],[83.0,28.54],[84.5,28.5],[86.25,27.94],[86.5,27.64],[87.0,27.6],[87.25,27.85],[87.98,27.5]]}},{"type":"Feature","properties":{"level":1020},"geometry":{"type":"LineString","coordinates":[[57.04,29.25],[57.5,29.15],[57.25,29.75],[56.51,29.5],[57.04,29.25]]}},{"type":"Feature","properties":{"level":1020},"geometry":{"type":"LineString","coordinates":[[26.42,30.75],[27.48,30.75],[27.57,31.0],[26.75,31.46],[25.79,31.25],[26.42,30.75]]}},{"type":"Feature","properties":{"level":1020},"geometry":{"type":"LineString","coordinates":[[91.99,32.5],[93.32,32.75],[92.25,33.34],[91.75,33.33],[92.11,33.0],[91.99,32.5]]}},{"type":"Feature","properties":{"level":1020},"geometry":{"type":"LineString","coordinates":[[80.5,32.9],[79.56,33.5],[80.5,33.79],[80.99,33.25],[80.91,33.0],[80.5,32.9]]}},{"type":"Feature","properties":{"level":1020},"geometry":{"type":"LineString","coordinates":[[98.51,33.25],[98.75,33.07],[99.17,33.25],[98.75,33.75],[97.84,33.5],[98.51,33.25]]}},{"type":"Feature","properties":{"level":1020},"geometry":{"type":"LineString","coordinates":[[170.75,33.09],[171.0,33.9],[172.0,34.11],[172.67,33.75],[172.25,33.22],[170.75,33.09]]}},{"type":"Feature","properties":{"level":1020},"geometry":{"type":"LineString","coordinates":[[-105.0,36.19],[-105.0,37.14],[-104.75,37.2],[-104.64,37.0],[-105.0,36.19]]}},{"type":"Feature","properties":{"level":1020},"geometry":{"type":"LineString","coordinates":[[79.75,36.21],[78.5,36.93],[76.75,37.02],[76.5,37.5],[75.75,37.91],[75.5,38.69],[75.0,38.47],[74.5,38.77],[73.99,38.5],[74.05,39.0],[73.84,39.25],[74.12,39.5],[74.0,39.91],[74.25,40.09],[74.75,39.87],[75.86,40.75],[76.75,40.66],[76.98,40.5],[75.0,39.85],[75.05,39.25],[74.61,39.0],[75.0,38.78],[75.75,38.88],[76.75,38.03],[77.75,38.55],[78.5,38.29],[79.75,38.33],[80.75,37.82],[82.25,37.75],[82.22,37.5],[82.75,37.38],[86.0,37.89],[86.25,38.11],[86.68,38.0],[83.75,36.66],[82.5,36.63],[81.75,36.14],[79.75,36.21]]}},{"type":"Feature","properties":{"level":1020},"geometry":{"type":"LineString","coordinates":[[106.0,37.99],[105.9,38.5],[106.25,39.19],[106.5,39.25],[106.0,39.31],[105.25,38.57],[104.5,38.81],[104.25,38.62],[103.6,39.5],[104.05,40.25],[103.72,40.75],[104.04,41.0],[104.25,41.85],[105.5,41.58],[106.75,41.87],[107.0,42.3],[107.21,42.0],[107.0,41.7],[105.5,40.48],[105.66,40.25],[106.75,40.11],[107.0,39.32],[107.45,39.0],[106.25,37.9],[106.0,37.99]]}},{"type":"Feature","properties":{"level":1020},"geometry":{"type":"LineString","coordinates":[[86.75,38.18],[87.73,38.25],[86.75,38.18]]}},{"type":"Feature","properties":{"level":1020},"geometry":{"type":"LineString","coordinates":[[88.0,38.34],[87.78,38.5],[88.25,38.81],[89.08,38.75],[89.13,38.5],[88.0,38.34]]}},{"type":"Feature","properties":{"level":1020},"geometry":{"type":"LineString","coordinates":[[38.95,39.5],[39.75,39.3],[40.07,39.5],[39.75,39.71],[38.95,39.5]]}},{"type":"Feature","properties":{"level":1020},"geometry":{"type":"LineString","coordinates":[[77.25,40.67],[77.11,40.75],[78.13,40.75],[77.25,40.67]]}},{"type":"Feature","properties":{"level":1020},"geometry":{"type":"LineString","coordinates":[[-116.65,42.25],[-116.25,42.26],[-116.12,42.5],[-116.44,42.75],[-116.16,43.0],[-116.5,43.28],[-116.88,42.5],[-116.65,42.25]]}},{"type":"Feature","properties":{"level":1020},"geometry":{"type":"LineString","coordinates":[[103.75,42.31],[103.45,43.0],[102.8,43.5],[103.0,43.78],[104.21,44.0],[104.25,44.31],[103.63,44.5],[103.56,44.75],[103.75,44.85],[105.24,44.25],[105.57,43.75],[103.75,42.31]]}},{"type":"Feature","properties":{"level":1020},"geometry":{"type":"LineString","coordinates":[[44.25,43.23],[44.25,43.54],[44.54,43.25],[44.25,43.23]]}},{"type":"Feature","properties":{"level":1020},"geometry":{"type":"LineString","coordinates":[[3.3,44.75],[3.96,44.75],[3.25,45.05],[2.75,45.95],[2.08,45.75],[3.3,44.75]]}},{"type":"Feature","properties":{"level":1020},"geometry":{"type":"LineString","coordinates":[[180.0,45.38],[177.0,45.88],[175.0,45.93],[173.0,45.76],[170.0,45.13],[163.75,42.06],[158.5,40.92],[156.5,40.27],[154.0,39.83],[153.75,40.04],[152.8,40.0],[149.71,39.25],[149.01,39.0],[148.83,38.25],[147.97,37.5],[150.08,34.0],[151.0,33.45],[152.0,33.32],[152.5,32.93],[155.75,33.03],[158.75,31.97],[162.0,32.07],[163.5,32.59],[165.25,32.41],[166.75,31.84],[167.25,32.04],[167.61,31.75],[167.56,31.0],[169.0,30.52],[170.0,30.51],[170.07,30.25],[171.25,29.45],[173.0,29.07],[175.5,28.02],[179.0,27.45],[180.0,27.01]]}},{"type":"Feature","properties":{"level":1020},"geometry":{"type":"LineString","coordinates":[[13.5,47.95],[12.98,48.25],[12.75,48.7],[12.25,48.65],[11.94,49.0],[12.5,49.21],[12.75,48.82],[14.5,48.69],[14.84,48.25],[14.25,47.88],[13.5,47.95]]}},{"type":"Feature","properties":{"level":1020},"geometry":{"type":"LineString","coordinates":[[-54.18,52.5],[-53.86,52.5],[-54.0,52.68],[-54.18,52.5]]}},{"type":"Feature","properties":{"level":1020},"geometry":{"type":"LineString","coordinates":[[-46.14,74.5],[-43.0,74.32],[-41.34,74.75],[-41.12,75.25],[-44.75,76.38],[-46.5,76.42],[-47.83,76.0],[-46.0,75.0],[-46.14,74.5]]}},{"type":"Feature","properties":{"level":1020},"geometry":{"type":"LineString","coordinates":[[-46.36,79.0],[-40.75,78.82],[-39.94,79.25],[-39.98,79.5],[-40.75,79.65],[-42.75,79.78],[-46.78,79.25],[-46.36,79.0]]}},{"type":"Feature","properties":{"level":1024},"geometry":{"type":"LineString","coordinates":[[95.14,-88.0],[102.5,-87.83],[104.8,-87.5],[103.85,-87.25],[104.19,-87.0],[104.0,-86.59],[101.75,-86.42],[69.67,-87.5],[73.17,-87.75],[95.14,-88.0]]}},{"type":"Feature","properties":{"level":1024},"geometry":{"type":"LineString","coordinates":[[57.92,-82.25],[62.25,-82.32],[63.45,-82.0],[63.45,-81.75],[66.08,-81.25],[66.66,-80.75],[65.75,-80.0],[63.77,-79.75],[63.49,-79.5],[64.06,-79.25],[62.68,-79.0],[62.94,-78.5],[62.5,-78.34],[59.75,-78.56],[54.75,-77.32],[51.0,-77.38],[47.75,-77.1],[45.34,-77.25],[45.59,-77.0],[46.5,-76.84],[46.57,-76.5],[47.31,-76.25],[46.92,-75.75],[47.75,-75.58],[48.25,-75.09],[49.16,-75.0],[48.67,-74.75],[40.25,-75.43],[37.25,-75.2],[26.48,-75.25],[30.71,-76.75],[34.23,-77.25],[38.25,-77.63],[42.5,-77.38],[43.5,-77.64],[44.0,-78.03],[44.55,-78.75],[44.45,-79.5],[44.8,-79.75],[48.5,-80.78],[57.92,-82.25]]}},{"type":"Feature","properties":{"level":1024},"geometry":{"type":"LineString","coordinates":[[114.24,-76.25],[117.0,-76.33],[122.5,-75.68],[125.41,-74.5],[127.75,-73.98],[128.78,-73.25],[128.91,-72.75],[127.5,-71.76],[126.25,-71.7],[103.43,-73.75],[103.94,-74.75],[105.75,-75.6],[114.24,-76.25]]}},{"type":"Feature","properties":{"level":1024},"geometry":{"type":"LineString","coordinates":[[102.22,-74.5],[103.42,-74.5],[102.75,-74.16],[101.81,-74.25],[102.22,-74.5]]}},{"type":"Feature","properties":{"level":1024},"geometry":{"type":"LineString","coordinates":[[-74.28,-56.75],[-71.0,-56.68],[-68.06,-55.5],[-69.5,-55.27],[-69.8,-55.0],[-69.3,-54.75],[-69.5,-54.44],[-70.75,-54.64],[-71.0,-54.22],[-72.0,-54.01],[-72.0,-53.71],[-72.75,-53.64],[-73.0,-53.89],[-76.25,-52.88],[-81.85,-49.75],[-84.75,-48.53],[-87.5,-47.9],[-92.75,-47.15],[-96.29,-45.5],[-98.79,-43.5],[-101.0,-41.05],[-105.23,-35.0],[-106.25,-34.25],[-107.25,-31.84],[-107.61,-31.75],[-107.35,-30.5],[-107.75,-29.5],[-108.5,-29.64],[-109.5,-28.7],[-110.25,-28.8],[-111.25,-29.79],[-111.75,-29.51],[-112.5,-30.15],[-113.25,-30.11],[-116.75,-32.63],[-119.25,-33.77],[-125.0,-35.63],[-128.25,-36.05],[-129.25,-36.64],[-130.25,-36.8],[-130.75,-37.26],[-132.25,-37.25],[-132.5,-37.59],[-132.77,-37.5],[-131.75,-39.0],[-130.08,-40.5],[-125.75,-43.28],[-114.0,-48.61],[-102.75,-51.88],[-94.75,-53.89],[-86.75,-55.56],[-81.0,-56.41],[-74.28,-56.75]]}},{"type":"Feature","properties":{"level":1024},"geometry":{"type":"LineString","coordinates":[[-67.91,-55.25],[-67.75,-55.46],[-67.26,-55.25],[-67.91,-55.25]]}},{"type":"Feature","properties":{"level":1024},"geometry":{"type":"LineString","coordinates":[[-67.22,-55.25],[-66.83,-55.25],[-67.22,-55.25]]}},{"type":"Feature","properties":{"level":1024},"geometry":{"type":"LineString","coordinates":[[-66.83,-55.0],[-66.75,-55.22],[-66.09,-55.0],[-66.83,-55.0]]}},{"type":"Feature","properties":{"level":1024},"geometry":{"type":"LineString","coordinates":[[-69.84,-53.5],[-69.47,-53.5],[-70.09,-53.0],[-69.5,-52.63],[-68.75,-52.64],[-68.25,-53.16],[-68.07,-53.0],[-68.5,-52.05],[-68.75,-51.96],[-68.75,-52.26],[-69.64,-52.25],[-70.25,-52.8],[-70.87,-53.0],[-69.84,-53.5]]}},{"type":"Feature","properties":{"level":1024},"geometry":{"type":"LineString","coordinates":[[59.9,-45.5],[60.75,-45.23],[62.0,-45.45],[63.0,-45.1],[65.5,-45.06],[66.56,-44.75],[67.1,-44.0],[67.75,-44.03],[68.25,-42.94],[70.75,-41.61],[71.74,-40.25],[72.58,-40.25],[73.25,-39.83],[73.49,-39.25],[74.97,-38.75],[77.32,-36.75],[79.78,-35.5],[81.73,-34.0],[86.93,-31.5],[93.0,-29.59],[94.82,-28.75],[95.94,-27.75],[96.32,-26.75],[96.37,-25.5],[96.01,-25.0],[95.3,-24.75],[94.0,-23.69],[89.75,-22.33],[84.25,-21.36],[83.75,-20.94],[79.25,-20.93],[77.5,-20.23],[76.25,-20.06],[75.75,-20.31],[74.5,-19.84],[71.0,-19.8],[67.5,-20.17],[66.75,-20.54],[65.0,-20.29],[63.25,-20.52],[60.25,-21.57],[59.5,-21.54],[56.5,-22.35],[56.0,-22.87],[52.5,-24.54],[51.52,-25.25],[50.67,-27.0],[50.36,-28.25],[50.29,-31.5],[49.98,-32.75],[50.89,-34.5],[53.0,-36.98],[54.58,-38.25],[54.87,-40.0],[55.51,-41.25],[54.67,-42.75],[54.5,-43.82],[54.92,-43.75],[55.25,-43.16],[55.75,-43.64],[56.23,-43.75],[56.17,-44.25],[57.25,-44.95],[58.75,-44.71],[59.9,-45.5]]}},{"type":"Feature","properties":{"level":1024},"geometry":{"type":"LineString","coordinates":[[-51.86,-45.25],[-48.0,-44.86],[-45.72,-43.75],[-44.37,-42.25],[-44.38,-40.75],[-44.75,-39.64],[-46.75,-37.32],[-47.25,-36.19],[-48.8,-35.25],[-51.23,-34.5],[-52.76,-33.5],[-53.0,-33.45],[-55.0,-34.74],[-55.75,-34.54],[-56.25,-34.85],[-57.25,-34.47],[-58.27,-34.5],[-58.28,-34.75],[-57.67,-35.25],[-58.1,-37.0],[-57.86,-38.25],[-58.33,-38.5],[-59.09,-39.75],[-58.99,-40.75],[-57.55,-42.5],[-55.75,-43.89],[-53.75,-44.84],[-51.86,-45.25]]}},{"type":"Feature","properties":{"level":1024},"geometry":{"type":"LineString","coordinates":[[52.61,-44.0],[53.25,-43.99],[53.48,-43.75],[52.93,-43.25],[52.75,-42.67],[52.5,-42.7],[52.25,-43.19],[51.84,-43.25],[52.61,-44.0]]}},{"type":"Feature","properties":{"level":1024},"geometry":{"type":"LineString","coordinates":[[-0.02,-40.25],[0.5,-40.42],[1.0,-40.19],[1.5,-40.39],[1.75,-40.17],[3.0,-40.47],[3.75,-40.21],[4.25,-40.43],[4.75,-40.11],[6.0,-40.07],[6.5,-39.6],[9.25,-39.05],[9.75,-38.69],[11.5,-38.55],[15.6,-37.0],[16.52,-36.25],[16.52,-35.0],[15.88,-33.75],[15.0,-33.03],[14.12,-31.5],[12.57,-30.5],[12.04,-29.5],[8.02,-27.25],[6.75,-26.92],[6.0,-26.98],[4.0,-26.28],[0.5,-26.33],[-1.0,-26.74],[-1.93,-27.5],[-2.75,-27.75],[-3.73,-28.75],[-3.5,-29.25],[-3.76,-29.5],[-3.56,-29.75],[-3.91,-30.25],[-3.77,-31.0],[-4.0,-31.25],[-3.65,-34.25],[-4.12,-35.5],[-4.44,-37.75],[-3.94,-38.25],[-3.98,-38.5],[-3.0,-38.94],[-2.5,-39.53],[-0.02,-40.25]]}},{"type":"Feature","properties":{"level":1024},"geometry":{"type":"LineString","coordinates":[[-180.0,-39.88],[-178.0,-39.39],[-175.5,-37.97],[-174.7,-37.0],[-174.65,-36.0],[-174.22,-34.75],[-174.49,-33.5],[-176.0,-31.5],[-178.5,-30.03],[-180.0,-29.45]]}},{"type":"Feature","properties":{"level":1024},"geometry":{"type":"LineString","coordinates":[[146.25,-30.07],[146.25,-29.87],[146.25,-30.07]]}},{"type":"Feature","properties":{"level":1024},"geometry":{"type":"LineString","coordinates":[[180.0,-29.45],[178.5,-28.37],[176.5,-27.43],[176.0,-27.52],[175.5,-26.91],[174.75,-26.74],[174.5,-26.89],[173.0,-26.44],[172.0,-26.55],[170.75,-26.2],[169.25,-26.27],[168.5,-25.74],[165.0,-25.8],[162.75,-26.16],[158.75,-26.23],[157.75,-26.05],[153.75,-26.4],[152.25,-25.83],[151.0,-26.21],[150.5,-26.72],[149.5,-26.91],[146.75,-29.44],[145.71,-29.25],[142.75,-30.83],[142.58,-31.0],[143.0,-31.75],[143.75,-32.16],[143.79,-33.0],[143.25,-33.27],[143.05,-33.0],[143.18,-32.75],[142.25,-32.79],[142.09,-33.0],[142.25,-33.18],[142.75,-32.85],[142.93,-33.25],[142.0,-33.39],[141.41,-33.75],[142.06,-34.25],[140.7,-34.75],[140.44,-37.25],[140.9,-38.0],[140.59,-40.5],[140.7,-42.5],[141.06,-43.5],[142.25,-44.92],[144.75,-46.76],[150.25,-48.94],[150.14,-49.25],[150.49,-49.5],[151.5,-49.78],[156.19,-49.25],[161.75,-47.5],[161.77,-47.25],[162.5,-46.94],[165.0,-46.21],[166.5,-46.14],[167.26,-45.5],[167.75,-45.61],[168.75,-45.27],[168.97,-45.0],[168.84,-44.75],[169.5,-44.61],[170.39,-43.75],[172.0,-43.17],[172.87,-42.5],[172.97,-42.0],[173.44,-41.5],[172.78,-40.5],[173.12,-40.0],[173.65,-40.0],[174.5,-40.49],[175.0,-41.21],[175.25,-41.21],[177.25,-39.94],[180.0,-39.88]]}},{"type":"Feature","properties":{"level":1024},"geometry":{"type":"LineString","coordinates":[[-96.53,17.25],[-95.66,17.25],[-95.47,18.0],[-95.75,17.9],[-96.5,18.22],[-96.75,18.55],[-96.76,19.5],[-96.5,19.8],[-96.0,19.41],[-95.75,19.59],[-95.29,21.25],[-93.46,23.5],[-89.44,27.0],[-83.5,29.51],[-81.25,29.79],[-76.66,32.75],[-74.43,35.25],[-73.5,37.67],[-71.96,40.25],[-71.27,41.0],[-71.75,41.15],[-71.86,41.5],[-71.0,42.55],[-70.75,42.06],[-70.5,42.29],[-70.5,43.51],[-69.25,45.5],[-67.0,47.53],[-66.0,47.88],[-65.5,48.48],[-63.66,49.25],[-63.54,50.0],[-63.75,50.26],[-63.08,50.75],[-63.12,51.25],[-62.79,51.75],[-63.0,52.17],[-66.25,53.76],[-69.0,54.31],[-72.5,54.62],[-75.0,54.31],[-78.75,53.07],[-85.0,49.94],[-88.0,49.05],[-89.85,48.0],[-90.75,47.75],[-94.0,45.57],[-95.17,44.5],[-95.26,44.0],[-96.25,43.51],[-97.03,42.5],[-99.71,40.25],[-101.5,37.13],[-102.5,36.46],[-104.0,36.05],[-104.12,35.5],[-105.0,34.96],[-105.72,35.75],[-105.23,37.25],[-105.53,38.0],[-106.0,38.3],[-106.36,37.75],[-106.0,36.7],[-107.21,38.0],[-106.35,38.5],[-106.48,39.0],[-105.64,40.0],[-105.75,40.66],[-106.0,40.81],[-106.5,40.5],[-106.75,40.97],[-107.75,40.89],[-107.97,40.75],[-107.25,40.36],[-107.0,40.46],[-106.92,40.25],[-109.25,39.7],[-109.56,39.75],[-107.8,40.25],[-108.25,40.69],[-108.5,40.39],[-109.01,40.75],[-109.0,41.02],[-109.5,40.82],[-110.5,41.03],[-111.19,40.75],[-111.0,40.33],[-110.64,40.25],[-111.0,40.16],[-111.67,38.75],[-112.48,38.25],[-113.03,37.5],[-112.07,37.0],[-112.24,36.5],[-111.25,34.93],[-110.25,34.88],[-109.84,35.75],[-109.25,36.31],[-109.13,36.0],[-109.41,35.5],[-108.5,35.52],[-108.25,35.28],[-108.37,34.75],[-108.19,34.5],[-108.71,34.0],[-108.43,33.5],[-108.75,33.36],[-109.0,33.71],[-109.25,33.67],[-110.25,33.05],[-110.1,32.75],[-110.32,32.5],[-110.0,31.92],[-109.44,32.0],[-108.91,31.25],[-108.9,30.75],[-107.75,29.97],[-107.25,30.13],[-106.81,29.75],[-106.85,29.25],[-107.33,28.75],[-107.29,27.25],[-106.08,26.5],[-105.99,25.25],[-105.5,24.7],[-105.25,24.84],[-105.0,23.8],[-104.25,23.49],[-103.75,22.93],[-102.25,22.93],[-101.51,22.0],[-101.34,21.25],[-100.75,20.98],[-100.0,19.58],[-99.25,19.12],[-98.0,19.22],[-97.35,19.0],[-97.25,17.77],[-96.53,17.25]]}},{"type":"Feature","properties":{"level":1024},"geometry":{"type":"LineString","coordinates":[[-95.48,18.75],[-95.2,18.75],[-95.48,18.75]]}},{"type":"Feature","properties":{"level":1024},"geometry":{"type":"LineString","coordinates":[[86.87,27.75],[87.17,28.0],[87.0,28.31],[85.5,28.67],[85.31,28.5],[85.75,28.12],[86.0,28.22],[86.87,27.75]]}},{"type":"Feature","properties":{"level":1024},"geometry":{"type":"LineString","coordinates":[[87.73,27.75],[88.25,27.59],[89.14,28.0],[87.75,28.11],[87.73,27.75]]}},{"type":"Feature","properties":{"level":1024},"geometry":{"type":"LineString","coordinates":[[90.21,28.0],[90.91,28.0],[90.75,28.37],[89.83,28.25],[90.21,28.0]]}},{"type":"Feature","properties":{"level":1024},"geometry":{"type":"LineString","coordinates":[[-164.17,28.75],[-158.75,28.82],[-157.5,28.53],[-153.75,29.37],[-152.75,29.39],[-151.0,29.83],[-150.25,30.26],[-149.16,30.25],[-149.31,30.75],[-149.0,30.9],[-148.25,30.01],[-145.0,30.51],[-143.25,31.31],[-140.75,31.54],[-137.25,32.82],[-136.5,32.84],[-132.02,34.75],[-130.01,36.5],[-129.55,37.25],[-129.29,38.5],[-129.76,39.5],[-130.5,40.01],[-138.25,37.43],[-139.0,36.96],[-139.25,37.3],[-140.25,37.37],[-142.25,36.68],[-143.0,36.65],[-143.5,36.94],[-147.0,36.46],[-148.78,36.5],[-149.26,37.25],[-150.03,37.0],[-150.09,37.75],[-151.25,37.58],[-152.12,38.25],[-153.5,38.48],[-154.25,38.3],[-154.75,38.71],[-155.25,38.27],[-156.5,38.04],[-159.0,37.71],[-159.25,37.98],[-159.75,37.53],[-160.25,37.58],[-160.75,37.28],[-161.75,37.17],[-162.25,37.45],[-162.75,36.93],[-163.5,36.81],[-164.67,36.0],[-166.5,34.4],[-168.0,34.19],[-171.5,33.14],[-172.39,32.5],[-172.98,31.5],[-172.5,30.6],[-171.87,30.25],[-168.0,29.71],[-164.17,28.75]]}},{"type":"Feature","properties":{"level":1024},"geometry":{"type":"LineString","coordinates":[[83.08,28.75],[84.5,28.58],[85.22,29.0],[84.0,29.09],[83.5,29.44],[83.08,28.75]]}},{"type":"Feature","properties":{"level":1024},"geometry":{"type":"LineString","coordinates":[[93.6,29.0],[93.75,28.84],[94.17,29.25],[94.11,29.5],[94.75,29.4],[95.03,29.75],[94.89,30.0],[95.5,30.0],[95.7,30.25],[95.57,30.5],[95.0,30.8],[94.0,30.54],[94.62,30.25],[94.5,29.85],[93.5,30.34],[93.85,29.75],[93.34,29.5],[93.6,29.0]]}},{"type":"Feature","properties":{"level":1024},"geometry":{"type":"LineString","coordinates":[[82.52,29.75],[83.0,29.57],[83.19,29.75],[82.96,30.25],[84.0,30.5],[80.75,31.61],[81.02,31.0],[81.92,30.75],[81.0,30.4],[80.5,30.86],[80.06,30.75],[79.75,31.17],[78.75,31.69],[78.3,31.25],[78.86,30.75],[79.75,30.54],[79.75,30.24],[81.25,29.81],[81.75,29.97],[82.52,29.75]]}},{"type":"Feature","properties":{"level":1024},"geometry":{"type":"LineString","coordinates":[[77.6,31.75],[78.02,31.75],[77.77,32.75],[77.0,33.28],[76.63,34.0],[75.5,34.46],[75.27,34.25],[75.63,33.75],[76.5,33.15],[76.75,32.5],[77.25,32.29],[77.6,31.75]]}},{"type":"Feature","properties":{"level":1024},"geometry":{"type":"LineString","coordinates":[[-49.81,33.5],[-48.75,33.26],[-44.75,33.56],[-41.0,34.73],[-38.39,36.0],[-36.25,37.83],[-34.86,39.5],[-33.0,40.2],[-31.54,41.5],[-28.5,42.56],[-27.75,43.41],[-26.75,43.6],[-26.28,44.0],[-26.42,44.25],[-26.25,44.42],[-26.15,44.0],[-24.0,42.61],[-23.0,42.32],[-21.5,42.3],[-19.0,42.74],[-11.5,45.25],[-6.94,46.5],[-5.5,47.27],[-3.75,49.58],[-1.03,51.5],[0.25,52.89],[1.0,53.33],[3.5,54.04],[5.75,54.06],[6.06,53.75],[6.25,52.89],[8.75,51.88],[9.5,51.34],[10.0,51.41],[10.75,51.13],[11.5,51.62],[12.5,51.54],[13.75,51.31],[15.52,50.5],[16.27,50.0],[16.32,49.5],[17.21,48.75],[17.23,48.25],[17.85,47.5],[17.75,47.14],[18.75,46.72],[19.75,46.58],[22.0,46.8],[21.74,46.25],[22.14,45.75],[21.7,45.0],[21.63,44.0],[23.2,42.75],[23.11,42.0],[22.45,41.75],[23.05,40.5],[23.75,40.14],[24.0,40.32],[24.25,40.14],[25.25,40.76],[27.25,40.52],[28.75,40.73],[29.23,40.25],[29.09,40.0],[29.25,39.84],[30.25,39.39],[30.5,39.91],[31.26,40.0],[31.0,40.31],[32.08,40.75],[32.02,41.0],[32.47,41.25],[32.66,41.75],[32.41,41.75],[32.25,41.43],[31.12,41.5],[32.01,42.75],[32.14,43.75],[31.66,45.0],[31.22,45.5],[31.25,47.5],[30.97,48.5],[32.45,50.5],[33.75,51.02],[38.0,49.94],[44.5,47.08],[49.5,47.19],[52.0,46.7],[56.0,44.57],[58.0,44.59],[58.5,44.32],[60.0,44.43],[60.5,44.67],[61.25,44.38],[63.75,44.91],[67.0,44.96],[68.75,43.69],[69.75,43.68],[70.25,43.28],[71.5,43.6],[73.0,43.58],[73.75,43.88],[74.75,43.13],[75.66,43.0],[75.75,42.73],[77.0,42.91],[78.0,43.38],[78.36,43.25],[78.75,42.65],[79.5,42.85],[80.5,42.59],[81.83,42.75],[81.78,42.25],[81.0,41.81],[79.75,41.57],[79.42,41.75],[78.68,41.0],[78.76,40.75],[79.75,40.18],[82.75,40.38],[84.5,39.83],[84.59,39.5],[85.25,39.21],[86.25,39.02],[87.75,39.52],[89.75,39.64],[91.5,40.52],[92.37,40.5],[92.25,40.15],[93.25,40.61],[94.0,40.45],[94.5,40.84],[95.75,40.76],[96.25,41.19],[97.0,41.12],[98.0,40.47],[99.25,40.58],[99.75,40.21],[101.0,40.37],[102.35,41.25],[102.33,42.0],[101.75,42.33],[100.75,42.46],[100.55,42.75],[100.94,43.25],[101.75,43.22],[101.73,43.5],[102.7,44.0],[101.5,44.81],[101.13,44.75],[101.5,44.49],[100.77,44.5],[100.98,44.75],[99.99,45.25],[100.75,45.47],[100.75,45.8],[99.75,46.28],[99.25,46.06],[98.75,46.61],[98.04,46.75],[97.95,47.5],[98.25,47.63],[98.53,47.5],[98.5,46.95],[99.25,47.4],[99.25,47.0],[99.5,46.9],[100.0,47.11],[102.06,46.5],[102.5,45.83],[103.75,45.82],[105.25,45.45],[105.75,44.75],[106.75,44.52],[108.25,44.71],[110.42,44.5],[110.37,44.0],[110.75,43.55],[112.0,43.2],[112.5,42.67],[114.0,43.0],[115.82,43.0],[116.6,43.75],[118.75,44.25],[120.5,44.95],[123.25,46.65],[123.8,48.25],[125.02,49.5],[125.0,49.96],[125.35,50.5],[124.92,51.0],[125.06,51.75],[124.43,52.25],[124.25,52.75],[120.49,54.0],[121.75,54.05],[123.5,54.79],[125.75,54.3],[125.98,54.5],[124.0,54.81],[124.0,55.31],[125.4,55.75],[124.25,56.7],[123.5,56.83],[123.0,56.63],[122.25,57.01],[121.73,56.75],[122.17,56.5],[121.36,55.75],[120.13,56.0],[120.56,56.25],[120.45,56.5],[119.55,56.75],[120.75,57.28],[120.91,57.5],[120.75,57.69],[117.5,57.8],[116.75,58.21],[113.0,58.92],[106.25,59.83],[103.75,60.52],[95.0,62.22],[88.5,63.19],[77.75,63.86],[73.73,65.25],[73.43,65.5],[73.4,66.25],[71.33,67.75],[66.0,68.97],[51.75,69.78],[30.5,69.1],[27.25,68.69],[23.5,68.68],[21.75,68.45],[21.0,68.54],[20.0,69.1],[17.75,68.99],[14.5,68.54],[0.75,65.24],[-7.5,62.67],[-9.75,62.07],[-11.05,62.0],[-13.25,61.24],[-14.5,61.27],[-19.75,60.43],[-20.5,60.53],[-23.75,59.58],[-28.53,57.75],[-30.5,56.62],[-37.25,53.53],[-40.25,51.77],[-46.25,49.04],[-50.13,46.5],[-51.5,45.2],[-53.82,42.0],[-55.46,38.5],[-55.59,37.5],[-55.31,37.0],[-55.35,36.25],[-54.5,34.87],[-52.68,34.0],[-49.81,33.5]]}},{"type":"Feature","properties":{"level":1024},"geometry":{"type":"LineString","coordinates":[[82.34,33.5],[82.58,33.5],[82.87,34.0],[82.67,34.25],[83.25,34.31],[83.5,34.79],[84.36,34.5],[83.9,34.25],[84.25,34.05],[84.75,34.43],[85.75,34.02],[86.5,34.29],[86.5,34.6],[85.7,35.25],[86.5,35.26],[87.45,35.75],[87.27,36.0],[88.75,36.34],[88.93,36.5],[88.75,36.64],[88.25,36.61],[88.0,36.93],[87.51,37.0],[88.0,37.27],[88.5,37.1],[88.71,37.25],[88.63,37.75],[88.25,37.98],[87.5,37.99],[87.28,37.75],[87.5,37.45],[87.25,37.29],[86.0,37.43],[83.75,36.41],[83.31,36.5],[83.42,36.25],[83.25,36.2],[82.25,36.4],[82.01,36.25],[82.23,36.0],[82.0,35.94],[80.0,36.05],[78.75,36.52],[78.77,36.25],[78.5,36.24],[78.0,36.87],[76.75,36.9],[76.25,37.38],[74.75,37.98],[74.25,37.81],[72.5,38.05],[71.91,37.75],[71.0,36.53],[70.5,36.62],[69.73,35.75],[71.0,35.52],[71.5,36.06],[72.0,36.13],[72.17,35.5],[72.75,35.31],[73.5,35.71],[74.5,35.85],[74.78,35.75],[74.77,35.5],[74.25,35.19],[73.5,35.33],[73.3,35.0],[73.46,34.75],[74.75,34.73],[75.0,35.08],[75.75,34.86],[75.9,35.0],[75.61,35.25],[76.0,35.28],[77.0,34.31],[77.25,34.43],[78.75,33.92],[79.39,34.5],[78.97,34.75],[78.81,35.5],[79.25,35.79],[81.0,34.81],[82.25,35.07],[82.5,35.49],[83.59,35.75],[83.25,34.83],[82.75,35.16],[80.55,34.5],[81.0,34.13],[81.6,34.25],[82.34,33.5]]}},{"type":"Feature","properties":{"level":1024},"geometry":{"type":"LineString","coordinates":[[-180.0,34.24],[-177.75,34.5],[-177.0,34.99],[-176.5,34.61],[-176.19,34.75],[-176.15,35.0],[-176.71,35.5],[-176.51,35.75],[-177.46,36.0],[-177.14,36.75],[-176.25,37.11],[-175.7,37.0],[-175.5,37.97],[-174.82,38.75],[-173.75,39.08],[-173.07,39.75],[-172.8,40.5],[-173.75,41.18],[-174.5,41.37],[-177.0,41.24],[-179.0,42.41],[-180.0,42.62]]}},{"type":"Feature","properties":{"level":1024},"geometry":{"type":"LineString","coordinates":[[180.0,35.14],[179.72,35.25],[180.0,35.31]]}},{"type":"Feature","properties":{"level":1024},"geometry":{"type":"LineString","coordinates":[[-180.0,35.31],[-180.0,35.14]]}},{"type":"Feature","properties":{"level":1024},"geometry":{"type":"LineString","coordinates":[[90.64,35.75],[90.75,35.63],[91.25,36.1],[91.94,36.25],[91.5,36.33],[91.13,36.75],[91.73,37.25],[90.5,37.81],[90.1,37.5],[90.29,37.0],[90.0,36.72],[89.24,36.75],[89.5,36.41],[90.5,36.06],[90.64,35.75]]}},{"type":"Feature","properties":{"level":1024},"geometry":{"type":"LineString","coordinates":[[-166.26,36.5],[-165.84,36.5],[-166.26,36.5]]}},{"type":"Feature","properties":{"level":1024},"geometry":{"type":"LineString","coordinates":[[166.35,37.75],[166.75,37.71],[167.81,38.25],[168.62,39.25],[168.49,39.5],[167.5,39.5],[166.89,39.25],[166.3,38.75],[166.35,37.75]]}},{"type":"Feature","properties":{"level":1024},"geometry":{"type":"LineString","coordinates":[[96.46,38.0],[96.5,38.34],[95.24,38.25],[96.46,38.0]]}},{"type":"Feature","properties":{"level":1024},"geometry":{"type":"LineString","coordinates":[[98.41,38.0],[99.25,37.8],[99.56,38.25],[99.0,38.5],[99.0,38.78],[98.25,38.38],[97.75,38.71],[97.53,38.5],[98.41,38.0]]}},{"type":"Feature","properties":{"level":1024},"geometry":{"type":"LineString","coordinates":[[72.03,38.5],[72.5,38.32],[73.16,39.25],[73.0,39.44],[72.25,39.04],[71.75,39.15],[71.58,39.0],[72.03,38.5]]}},{"type":"Feature","properties":{"level":1024},"geometry":{"type":"LineString","coordinates":[[21.99,38.75],[22.45,38.75],[22.0,39.03],[21.53,40.0],[21.05,40.0],[21.99,38.75]]}},{"type":"Feature","properties":{"level":1024},"geometry":{"type":"LineString","coordinates":[[22.83,39.5],[23.0,39.33],[23.15,39.5],[22.55,40.25],[22.45,41.25],[21.75,41.28],[21.53,41.0],[21.93,40.25],[21.8,39.75],[22.5,39.75],[22.83,39.5]]}},{"type":"Feature","properties":{"level":1024},"geometry":{"type":"LineString","coordinates":[[26.74,40.25],[27.0,40.04],[27.08,40.25],[26.74,40.25]]}},{"type":"Feature","properties":{"level":1024},"geometry":{"type":"LineString","coordinates":[[76.45,41.0],[77.0,41.08],[77.5,41.55],[78.75,41.39],[78.44,41.75],[78.84,42.0],[78.79,42.25],[76.75,41.9],[76.06,42.0],[76.29,41.75],[76.02,41.5],[76.45,41.0]]}},{"type":"Feature","properties":{"level":1024},"geometry":{"type":"LineString","coordinates":[[116.04,42.5],[116.25,42.31],[117.0,42.67],[117.75,42.42],[118.25,42.62],[118.35,43.0],[117.5,43.3],[116.25,42.81],[116.04,42.5]]}},{"type":"Feature","properties":{"level":1024},"geometry":{"type":"LineString","coordinates":[[180.0,42.62],[179.0,42.76],[177.25,42.42],[175.75,42.94],[174.75,43.01],[172.75,42.77],[171.75,42.41],[171.0,41.67],[170.25,41.59],[168.64,40.0],[168.61,38.75],[168.85,38.25],[168.42,37.5],[169.0,37.21],[169.5,37.34],[169.67,37.0],[169.53,36.5],[170.25,36.11],[172.0,36.45],[173.0,36.11],[173.5,36.4],[174.0,36.22],[174.25,36.49],[176.0,36.51],[177.01,36.0],[177.25,35.54],[179.14,35.25],[180.0,34.24]]}},{"type":"Feature","properties":{"level":1024},"geometry":{"type":"LineString","coordinates":[[-30.75,44.88],[-31.43,45.5],[-31.47,46.0],[-31.25,46.32],[-30.0,46.34],[-28.98,45.75],[-28.98,45.25],[-29.29,45.0],[-30.0,44.76],[-30.75,44.88]]}},{"type":"Feature","properties":{"level":1024},"geometry":{"type":"LineString","coordinates":[[-43.78,75.0],[-42.72,75.0],[-42.83,75.25],[-44.08,75.25],[-43.78,75.0]]}},{"type":"Feature","properties":{"level":1028},"geometry":{"type":"LineString","coordinates":[[59.92,-81.5],[64.75,-81.25],[64.46,-81.0],[64.64,-80.75],[64.21,-80.5],[62.75,-80.12],[61.25,-80.04],[60.6,-79.75],[61.75,-79.02],[61.92,-78.75],[61.75,-78.71],[59.5,-78.84],[54.75,-78.18],[51.25,-77.99],[47.75,-78.21],[46.7,-78.75],[47.0,-79.4],[49.25,-80.53],[54.25,-81.14],[59.23,-81.25],[59.92,-81.5]]}},{"type":"Feature","properties":{"level":1028},"geometry":{"type":"LineString","coordinates":[[35.27,-77.25],[38.0,-77.48],[42.25,-76.88],[43.75,-76.9],[45.05,-76.25],[45.06,-76.0],[46.84,-75.5],[45.25,-75.4],[38.75,-75.85],[35.5,-75.4],[28.86,-75.5],[32.49,-76.25],[33.26,-77.0],[35.27,-77.25]]}},{"type":"Feature","properties":{"level":1028},"geometry":{"type":"LineString","coordinates":[[110.39,-75.5],[117.75,-75.73],[121.74,-75.25],[123.48,-74.5],[124.57,-73.5],[126.4,-72.5],[126.45,-72.25],[126.0,-72.0],[125.0,-71.96],[119.75,-72.6],[110.75,-73.2],[107.75,-73.58],[105.15,-74.5],[105.5,-74.96],[106.55,-75.25],[110.39,-75.5]]}},{"type":"Feature","properties":{"level":1028},"geometry":{"type":"LineString","coordinates":[[-98.16,-50.75],[-97.5,-50.87],[-96.0,-50.64],[-95.25,-50.25],[-95.96,-48.75],[-103.19,-42.25],[-106.07,-38.75],[-107.5,-37.5],[-108.25,-36.3],[-108.75,-36.35],[-110.25,-35.19],[-111.25,-35.51],[-112.0,-34.73],[-112.5,-34.64],[-114.5,-35.04],[-116.75,-36.06],[-118.0,-36.07],[-119.5,-36.61],[-121.5,-37.69],[-122.27,-38.5],[-122.85,-40.0],[-121.98,-42.25],[-115.5,-46.19],[-109.5,-48.38],[-98.16,-50.75]]}},{"type":"Feature","properties":{"level":1028},"geometry":{"type":"LineString","coordinates":[[151.38,-46.25],[154.5,-46.46],[157.25,-46.25],[167.25,-44.0],[170.78,-41.5],[171.9,-39.25],[174.75,-37.3],[175.0,-37.22],[175.17,-37.5],[175.25,-38.23],[176.0,-38.43],[175.75,-37.28],[175.15,-36.75],[175.19,-36.5],[176.5,-34.53],[177.02,-34.25],[177.09,-33.75],[176.08,-32.5],[172.75,-30.26],[172.0,-30.29],[171.75,-29.93],[170.5,-29.65],[168.0,-29.26],[166.75,-29.46],[165.0,-29.19],[160.25,-29.83],[158.25,-29.84],[156.25,-30.23],[153.5,-29.65],[152.75,-28.78],[152.25,-28.76],[151.65,-30.25],[150.5,-30.21],[150.5,-30.75],[150.25,-31.0],[149.14,-31.25],[148.33,-32.25],[148.25,-33.2],[147.75,-32.99],[147.02,-33.5],[145.75,-36.0],[144.19,-37.0],[146.25,-37.93],[147.75,-37.69],[149.0,-38.0],[149.1,-38.5],[148.5,-39.17],[146.5,-39.63],[144.94,-40.5],[144.72,-41.0],[145.05,-42.0],[144.93,-42.5],[145.32,-43.0],[146.5,-43.67],[147.75,-43.48],[148.38,-43.75],[148.53,-44.0],[147.7,-44.5],[147.78,-44.75],[149.07,-45.5],[151.38,-46.25]]}},{"type":"Feature","properties":{"level":1028},"geometry":{"type":"LineString","coordinates":[[62.85,-40.0],[63.21,-40.0],[63.31,-39.75],[61.96,-39.5],[62.1,-39.75],[62.85,-40.0]]}},{"type":"Feature","properties":{"level":1028},"geometry":{"type":"LineString","coordinates":[[64.45,-38.75],[66.0,-38.76],[67.23,-38.5],[67.34,-38.0],[69.0,-37.46],[70.25,-36.54],[73.49,-35.5],[73.89,-35.0],[77.5,-32.84],[80.7,-30.5],[82.2,-29.0],[82.83,-27.5],[82.7,-27.0],[81.81,-26.0],[78.75,-24.84],[76.5,-24.51],[73.75,-24.82],[72.5,-23.84],[71.75,-24.12],[71.25,-23.73],[70.0,-24.29],[66.75,-24.61],[66.0,-25.04],[65.5,-24.99],[64.91,-25.5],[63.5,-26.07],[58.5,-26.81],[57.22,-27.25],[55.68,-28.25],[55.14,-29.0],[54.81,-31.5],[55.64,-33.5],[55.55,-34.25],[55.87,-35.0],[57.99,-36.5],[61.16,-37.5],[61.01,-38.0],[61.25,-38.38],[64.45,-38.75]]}},{"type":"Feature","properties":{"level":1028},"geometry":{"type":"LineString","coordinates":[[2.43,-35.25],[2.21,-34.75],[2.5,-34.57],[4.58,-35.0],[4.45,-34.5],[3.05,-34.25],[3.85,-34.0],[3.5,-33.25],[3.64,-33.0],[1.75,-32.47],[1.47,-33.0],[2.36,-33.5],[2.0,-33.85],[1.35,-34.0],[2.08,-34.25],[1.87,-35.0],[2.43,-35.25]]}},{"type":"Feature","properties":{"level":1028},"geometry":{"type":"LineString","coordinates":[[0.62,-34.0],[0.95,-34.0],[0.62,-34.0]]}},{"type":"Feature","properties":{"level":1028},"geometry":{"type":"LineString","coordinates":[[-97.34,19.5],[-96.86,19.75],[-96.66,20.25],[-97.08,21.75],[-96.74,24.5],[-95.02,26.0],[-88.0,29.67],[-87.0,30.6],[-82.25,32.08],[-79.0,33.57],[-77.44,34.75],[-76.25,36.19],[-76.0,36.11],[-75.33,39.75],[-74.64,42.0],[-73.25,43.21],[-72.14,45.25],[-71.56,47.0],[-71.25,47.3],[-70.5,47.26],[-70.0,48.17],[-69.05,49.0],[-69.54,50.75],[-69.37,51.25],[-70.5,51.86],[-72.25,52.38],[-73.5,52.47],[-75.5,52.21],[-78.25,51.44],[-84.0,48.76],[-86.5,48.26],[-88.5,47.06],[-89.5,46.18],[-91.58,45.25],[-96.5,41.34],[-100.5,36.45],[-103.0,34.69],[-104.25,34.63],[-105.0,34.03],[-105.25,32.65],[-105.75,32.62],[-106.0,33.29],[-106.5,33.39],[-106.68,33.0],[-106.6,32.0],[-106.5,31.75],[-106.11,32.5],[-105.86,32.5],[-106.14,32.0],[-105.55,31.5],[-105.69,30.5],[-105.2,30.0],[-105.53,29.0],[-104.62,28.75],[-104.53,28.5],[-104.79,28.25],[-104.18,27.25],[-104.69,27.0],[-103.87,25.5],[-103.5,25.26],[-103.25,25.61],[-102.5,25.67],[-101.5,25.31],[-100.5,25.41],[-99.95,24.0],[-99.61,23.75],[-99.75,23.27],[-100.42,23.25],[-100.52,21.5],[-99.95,21.25],[-100.05,20.75],[-99.5,19.98],[-97.34,19.5]]}},{"type":"Feature","properties":{"level":1028},"geometry":{"type":"LineString","coordinates":[[82.69,29.75],[82.97,29.75],[82.0,30.62],[81.6,30.25],[82.69,29.75]]}},{"type":"Feature","properties":{"level":1028},"geometry":{"type":"LineString","coordinates":[[79.09,30.75],[79.75,30.75],[79.84,31.0],[79.0,31.11],[78.75,31.51],[78.43,31.25],[79.09,30.75]]}},{"type":"Feature","properties":{"level":1028},"geometry":{"type":"LineString","coordinates":[[77.43,32.25],[77.75,32.01],[77.59,32.5],[76.75,33.31],[76.74,33.0],[77.43,32.25]]}},{"type":"Feature","properties":{"level":1028},"geometry":{"type":"LineString","coordinates":[[78.43,34.25],[78.67,34.5],[78.25,34.69],[78.43,35.25],[78.13,35.5],[78.5,35.74],[78.75,35.64],[79.25,35.98],[81.0,35.0],[82.0,35.14],[82.3,35.5],[83.07,35.75],[82.75,35.96],[82.0,35.73],[80.0,35.93],[79.0,36.3],[78.0,35.88],[77.76,36.0],[78.12,36.25],[77.91,36.5],[78.0,36.76],[76.75,36.8],[75.75,37.44],[74.75,37.64],[73.5,37.47],[73.25,37.8],[72.5,37.41],[72.0,37.57],[72.0,36.96],[71.75,37.11],[71.39,36.5],[70.88,36.25],[71.25,36.09],[72.5,36.68],[73.0,36.36],[73.75,36.53],[75.25,35.57],[76.5,35.28],[76.75,34.85],[77.5,34.78],[78.0,34.32],[78.43,34.25]]}},{"type":"Feature","properties":{"level":1028},"geometry":{"type":"LineString","coordinates":[[85.57,34.25],[86.0,34.11],[86.4,34.5],[85.75,34.89],[84.88,34.75],[85.57,34.25]]}},{"type":"Feature","properties":{"level":1028},"geometry":{"type":"LineString","coordinates":[[82.39,34.5],[83.18,34.5],[82.75,34.92],[82.0,34.75],[82.39,34.5]]}},{"type":"Feature","properties":{"level":1028},"geometry":{"type":"LineString","coordinates":[[84.88,35.5],[85.25,35.37],[86.38,35.75],[85.5,35.97],[84.75,35.75],[84.88,35.5]]}},{"type":"Feature","properties":{"level":1028},"geometry":{"type":"LineString","coordinates":[[72.19,35.75],[73.0,35.69],[73.78,36.0],[72.75,36.15],[72.25,36.03],[72.19,35.75]]}},{"type":"Feature","properties":{"level":1028},"geometry":{"type":"LineString","coordinates":[[87.25,36.25],[87.65,36.25],[87.86,36.75],[87.0,36.91],[86.68,36.5],[87.25,36.25]]}},{"type":"Feature","properties":{"level":1028},"geometry":{"type":"LineString","coordinates":[[90.08,36.5],[90.5,36.25],[91.0,37.23],[91.54,37.25],[91.0,37.57],[90.5,37.56],[90.65,37.25],[90.08,36.5]]}},{"type":"Feature","properties":{"level":1028},"geometry":{"type":"LineString","coordinates":[[-47.77,37.0],[-46.75,36.88],[-44.25,37.23],[-40.57,38.75],[-38.25,40.89],[-36.25,43.37],[-33.75,45.12],[-33.1,46.5],[-31.57,47.75],[-29.25,48.31],[-27.61,47.25],[-21.25,45.51],[-18.75,45.57],[-16.75,45.93],[-13.75,46.79],[-8.75,48.87],[-5.45,51.5],[-4.25,52.13],[-3.43,52.25],[-2.75,52.97],[-0.8,54.25],[2.75,55.95],[5.0,56.03],[7.25,55.74],[10.66,54.5],[12.0,53.76],[14.25,53.38],[19.25,51.76],[20.75,50.75],[23.0,50.28],[23.75,50.48],[24.08,51.0],[23.98,51.5],[24.75,52.11],[26.75,52.62],[32.5,53.35],[39.25,52.82],[41.25,52.33],[43.5,51.09],[45.0,50.77],[47.75,49.55],[52.5,48.84],[58.5,46.92],[66.5,46.5],[69.75,45.65],[72.5,45.45],[74.5,44.81],[78.5,45.0],[78.75,44.44],[80.25,45.15],[80.78,44.75],[80.43,44.5],[81.25,44.08],[84.0,43.73],[84.19,44.0],[84.75,44.11],[85.53,43.75],[85.0,43.25],[84.5,43.54],[83.75,43.24],[82.95,43.25],[82.87,43.0],[83.1,42.75],[82.67,42.5],[82.75,41.86],[83.25,41.77],[84.5,42.15],[87.0,41.65],[87.16,41.75],[86.49,42.25],[87.75,42.3],[88.17,42.0],[87.2,41.5],[89.0,41.45],[89.75,41.21],[91.5,41.68],[92.75,41.75],[91.75,42.0],[91.92,42.5],[91.69,43.0],[92.0,43.28],[94.0,43.02],[94.53,42.75],[94.58,42.25],[96.25,42.13],[96.75,41.67],[97.25,41.72],[98.0,41.27],[98.48,41.75],[99.57,42.25],[99.29,42.5],[100.85,43.5],[99.09,43.75],[99.66,44.25],[99.63,44.5],[98.21,45.25],[98.4,46.25],[97.75,46.72],[97.43,47.75],[98.0,48.21],[98.7,48.25],[98.75,47.48],[99.5,47.62],[100.0,47.25],[102.0,46.8],[104.0,47.0],[104.13,46.75],[104.75,46.58],[105.75,46.72],[105.93,47.5],[106.75,47.84],[106.74,47.0],[108.5,46.65],[111.0,45.75],[114.0,45.34],[114.28,45.0],[113.94,44.5],[115.25,44.27],[116.45,44.5],[116.75,44.82],[117.47,45.0],[117.68,45.25],[117.54,45.5],[120.0,46.75],[121.26,48.25],[120.75,49.08],[119.84,49.25],[118.54,50.0],[118.85,51.0],[118.5,51.46],[118.0,51.69],[116.0,51.49],[115.49,51.75],[115.0,52.75],[114.58,53.0],[114.88,53.5],[114.49,53.75],[114.75,54.16],[115.32,54.25],[115.49,54.5],[114.75,54.38],[114.98,54.75],[114.75,54.98],[113.8,55.0],[114.36,55.25],[113.87,55.5],[114.75,55.84],[115.75,56.08],[116.25,55.71],[117.46,56.25],[117.49,56.75],[118.0,57.27],[116.75,57.36],[115.75,57.05],[113.5,57.27],[103.82,59.0],[99.0,59.6],[90.25,61.37],[80.75,61.93],[77.0,61.83],[73.5,62.14],[70.11,63.75],[67.91,64.25],[65.75,65.62],[64.9,66.5],[66.22,67.25],[66.0,67.98],[65.75,68.09],[62.75,68.02],[57.75,68.42],[46.5,68.69],[39.25,68.17],[30.75,68.25],[29.75,67.9],[25.5,67.64],[21.25,66.91],[20.5,67.25],[18.5,67.35],[18.28,67.5],[18.6,67.75],[18.5,68.06],[17.0,68.23],[-1.52,63.25],[-12.25,59.02],[-16.0,58.49],[-17.25,58.58],[-17.75,58.87],[-19.25,58.46],[-20.25,58.54],[-24.25,57.27],[-25.25,57.19],[-27.25,56.21],[-28.0,56.3],[-29.0,55.97],[-30.75,54.96],[-34.0,53.61],[-42.15,49.25],[-47.0,46.38],[-48.31,45.5],[-49.83,43.75],[-50.65,42.0],[-51.08,40.0],[-51.0,38.71],[-50.63,38.0],[-49.75,37.47],[-47.77,37.0]]}},{"type":"Feature","properties":{"level":1028},"geometry":{"type":"LineString","coordinates":[[77.03,41.75],[78.0,41.62],[78.68,42.0],[78.0,42.09],[77.03,41.75]]}},{"type":"Feature","properties":{"level":1028},"geometry":{"type":"LineString","coordinates":[[80.26,42.75],[81.75,42.95],[82.28,43.25],[81.5,43.53],[81.42,43.25],[80.26,42.75]]}},{"type":"Feature","properties":{"level":1028},"geometry":{"type":"LineString","coordinates":[[89.0,42.74],[89.65,42.75],[89.0,42.74]]}},{"type":"Feature","properties":{"level":1028},"geometry":{"type":"LineString","coordinates":[[95.25,44.43],[95.85,45.0],[96.5,45.18],[97.9,44.5],[97.0,44.59],[96.5,44.3],[95.25,44.43]]}},{"type":"Feature","properties":{"level":1028},"geometry":{"type":"LineString","coordinates":[[25.97,46.75],[26.17,47.25],[25.5,48.16],[23.5,49.39],[22.75,49.62],[22.35,49.5],[22.37,49.25],[23.5,48.7],[25.97,46.75]]}},{"type":"Feature","properties":{"level":1028},"geometry":{"type":"LineString","coordinates":[[107.0,47.89],[106.87,48.0],[107.25,48.34],[107.97,48.25],[107.0,47.89]]}},{"type":"Feature","properties":{"level":1028},"geometry":{"type":"LineString","coordinates":[[115.0,56.24],[114.41,56.5],[115.75,56.72],[116.02,56.5],[115.0,56.24]]}},{"type":"Feature","properties":{"level":1032},"geometry":{"type":"LineString","coordinates":[[54.58,-81.0],[60.75,-81.22],[62.93,-81.0],[62.25,-80.59],[59.2,-80.25],[60.76,-79.25],[60.5,-79.01],[58.0,-78.97],[51.75,-78.25],[51.0,-78.59],[49.75,-78.65],[48.24,-79.25],[49.5,-80.29],[54.58,-81.0]]}},{"type":"Feature","properties":{"level":1032},"geometry":{"type":"LineString","coordinates":[[35.77,-77.0],[39.25,-77.12],[44.18,-76.0],[39.5,-76.12],[36.61,-76.5],[35.89,-76.75],[35.77,-77.0]]}},{"type":"Feature","properties":{"level":1032},"geometry":{"type":"LineString","coordinates":[[110.43,-75.25],[112.0,-75.45],[117.25,-75.44],[120.25,-75.15],[122.0,-74.61],[124.81,-72.75],[123.75,-72.52],[111.75,-73.21],[107.96,-73.75],[107.75,-74.04],[106.19,-74.5],[106.32,-74.75],[107.0,-74.92],[110.43,-75.25]]}},{"type":"Feature","properties":{"level":1032},"geometry":{"type":"LineString","coordinates":[[-109.33,-45.25],[-107.5,-45.27],[-106.87,-44.75],[-107.24,-43.25],[-108.66,-41.75],[-109.42,-41.75],[-109.46,-41.25],[-109.75,-41.16],[-111.55,-42.25],[-111.49,-41.25],[-111.98,-40.0],[-112.75,-39.39],[-115.39,-40.5],[-115.84,-41.5],[-115.84,-42.5],[-112.5,-44.41],[-109.33,-45.25]]}},{"type":"Feature","properties":{"level":1032},"geometry":{"type":"LineString","coordinates":[[155.89,-44.25],[158.25,-44.15],[161.54,-43.5],[164.5,-42.53],[166.39,-41.5],[168.06,-39.75],[169.25,-37.75],[169.41,-36.75],[168.92,-34.5],[166.5,-32.84],[163.75,-32.64],[158.75,-33.33],[156.0,-34.97],[155.0,-35.09],[153.84,-36.25],[153.75,-36.8],[152.75,-38.28],[151.55,-41.5],[152.02,-42.75],[152.75,-43.35],[154.1,-44.0],[155.89,-44.25]]}},{"type":"Feature","properties":{"level":1032},"geometry":{"type":"LineString","coordinates":[[149.07,-36.25],[149.44,-36.25],[149.7,-35.75],[149.0,-35.38],[148.82,-35.5],[149.07,-36.25]]}},{"type":"Feature","properties":{"level":1032},"geometry":{"type":"LineString","coordinates":[[-99.53,24.25],[-98.57,24.75],[-98.18,25.75],[-97.28,27.0],[-96.25,27.82],[-94.01,29.0],[-93.21,30.25],[-91.25,31.47],[-87.51,33.25],[-86.03,34.5],[-85.25,34.63],[-83.75,35.49],[-82.75,35.59],[-81.64,36.5],[-80.44,37.0],[-78.46,39.25],[-77.82,41.25],[-77.25,41.58],[-77.0,42.06],[-76.5,42.19],[-76.1,43.0],[-75.65,45.0],[-75.65,46.75],[-75.9,47.75],[-76.62,48.75],[-77.25,48.96],[-79.0,48.83],[-81.25,47.72],[-84.75,47.1],[-85.03,46.75],[-84.83,46.5],[-86.75,45.92],[-92.25,42.96],[-94.0,41.34],[-95.25,40.52],[-98.0,37.71],[-98.85,36.25],[-100.19,35.0],[-100.75,33.92],[-102.19,32.75],[-102.81,31.75],[-102.57,31.0],[-102.66,30.5],[-103.12,30.0],[-101.73,29.25],[-101.75,28.92],[-102.09,28.75],[-101.91,27.0],[-101.5,26.68],[-101.13,26.75],[-101.0,26.24],[-100.5,26.39],[-100.25,26.04],[-99.91,26.0],[-100.1,25.5],[-99.53,24.25]]}},{"type":"Feature","properties":{"level":1032},"geometry":{"type":"LineString","coordinates":[[85.74,34.25],[86.0,34.19],[86.3,34.5],[85.75,34.75],[85.2,34.5],[85.74,34.25]]}},{"type":"Feature","properties":{"level":1032},"geometry":{"type":"LineString","coordinates":[[77.88,34.5],[78.21,34.5],[78.23,35.0],[77.84,35.5],[77.97,35.75],[77.33,36.25],[77.75,36.52],[75.0,37.4],[72.25,37.24],[72.25,36.79],[73.0,36.56],[73.75,36.7],[77.88,34.5]]}},{"type":"Feature","properties":{"level":1032},"geometry":{"type":"LineString","coordinates":[[80.51,35.25],[81.5,35.12],[82.18,35.5],[81.25,35.83],[79.85,35.75],[80.51,35.25]]}},{"type":"Feature","properties":{"level":1032},"geometry":{"type":"LineString","coordinates":[[84.47,42.5],[84.75,42.37],[84.75,42.79],[85.0,42.84],[86.25,42.48],[86.75,42.95],[87.01,42.75],[87.02,43.0],[86.25,42.96],[86.25,43.28],[85.75,43.64],[85.75,43.09],[84.5,43.37],[83.2,43.0],[83.5,42.56],[84.47,42.5]]}},{"type":"Feature","properties":{"level":1032},"geometry":{"type":"LineString","coordinates":[[-42.85,43.25],[-41.25,43.63],[-40.1,45.0],[-40.0,45.85],[-39.75,45.86],[-39.98,45.25],[-39.75,44.88],[-38.0,45.73],[-37.7,46.25],[-35.7,48.0],[-34.91,49.0],[-35.0,49.15],[-36.0,48.79],[-36.5,49.25],[-38.04,48.25],[-38.5,47.66],[-40.1,47.25],[-40.75,46.31],[-41.86,45.75],[-42.59,45.0],[-43.05,44.0],[-42.85,43.25]]}},{"type":"Feature","properties":{"level":1032},"geometry":{"type":"LineString","coordinates":[[87.36,43.25],[88.68,43.25],[88.64,43.5],[87.75,43.96],[85.21,44.0],[86.25,43.93],[86.5,43.79],[86.37,43.5],[87.36,43.25]]}},{"type":"Feature","properties":{"level":1032},"geometry":{"type":"LineString","coordinates":[[88.84,43.5],[91.0,43.36],[93.0,43.56],[93.75,43.33],[93.84,43.75],[93.12,44.0],[92.48,44.75],[94.0,44.91],[94.5,45.32],[96.25,45.43],[96.72,45.75],[96.94,46.25],[96.45,46.75],[96.5,46.99],[97.0,46.68],[97.46,47.0],[97.0,47.62],[96.5,47.28],[95.5,47.1],[93.43,47.5],[93.0,48.05],[92.5,48.21],[92.0,47.83],[92.0,48.42],[91.46,48.5],[92.24,48.75],[91.77,49.25],[92.25,49.6],[94.25,49.26],[96.25,49.34],[96.37,49.5],[96.0,49.99],[95.46,50.25],[97.29,50.75],[97.95,50.5],[97.96,50.25],[97.25,50.47],[96.51,50.25],[96.47,50.0],[96.91,49.75],[96.85,49.25],[97.25,48.67],[99.02,48.75],[98.97,48.5],[100.25,47.76],[100.15,47.5],[100.75,47.51],[101.0,47.2],[101.5,47.32],[101.69,47.75],[101.0,48.24],[100.85,48.0],[100.37,48.0],[100.47,48.25],[100.24,48.5],[100.5,48.7],[100.96,48.5],[101.0,48.26],[102.75,48.41],[103.75,48.11],[105.75,48.71],[104.67,49.0],[104.75,49.26],[105.75,49.62],[107.25,49.14],[107.75,49.4],[108.75,49.16],[112.09,49.5],[112.67,50.25],[112.0,51.21],[111.62,51.25],[111.87,51.5],[111.67,51.75],[111.79,52.0],[110.5,52.47],[110.15,53.0],[110.61,53.25],[111.75,54.66],[111.7,55.0],[112.0,55.38],[111.42,55.5],[111.58,55.25],[111.25,55.06],[111.23,55.5],[110.75,55.87],[110.25,55.84],[109.74,55.25],[109.25,53.82],[108.0,52.91],[107.65,53.0],[107.99,53.75],[108.96,54.75],[109.5,55.9],[111.0,56.15],[111.63,56.5],[108.75,56.42],[108.5,56.63],[106.75,56.62],[100.75,57.85],[97.51,58.0],[92.0,59.19],[85.25,59.68],[77.25,59.57],[72.5,59.91],[67.75,59.85],[64.75,60.2],[63.75,60.79],[61.75,61.38],[61.0,61.33],[59.52,62.25],[59.07,63.0],[59.07,63.75],[59.34,64.0],[59.27,64.5],[59.5,64.75],[60.82,65.0],[60.85,65.25],[60.31,65.5],[60.32,65.75],[55.25,67.17],[48.25,67.52],[33.0,67.11],[26.75,66.49],[21.0,65.34],[17.75,65.6],[15.5,66.56],[14.25,66.58],[13.6,66.5],[13.5,66.15],[12.99,66.0],[13.11,65.75],[12.0,65.25],[0.07,62.0],[-3.41,60.5],[-7.25,58.28],[-21.5,52.56],[-22.79,51.75],[-21.91,50.5],[-22.61,49.5],[-22.25,49.12],[-18.5,49.03],[-16.74,49.5],[-15.25,49.57],[-13.86,50.0],[-10.5,52.24],[-10.0,52.4],[-9.5,52.15],[-9.0,52.25],[-8.75,52.72],[-6.0,54.08],[-5.25,54.91],[-3.5,55.3],[0.75,56.83],[4.75,57.49],[10.75,57.56],[15.5,56.84],[19.75,56.95],[23.0,56.36],[24.25,56.48],[27.75,56.1],[31.5,56.13],[34.0,55.89],[36.72,56.25],[36.93,56.5],[38.71,56.75],[41.25,57.65],[43.0,57.45],[43.5,56.66],[44.5,56.59],[44.75,56.27],[45.75,56.04],[46.78,55.5],[47.25,54.95],[48.5,54.7],[51.75,52.64],[57.11,49.75],[59.25,49.04],[63.25,49.15],[66.5,48.5],[67.25,48.14],[69.75,48.06],[74.5,46.98],[76.5,46.99],[79.75,47.76],[83.65,46.75],[83.91,46.25],[83.77,46.0],[82.5,46.0],[82.61,45.5],[83.25,45.13],[84.25,45.64],[84.42,46.0],[84.24,46.25],[85.25,46.77],[86.5,46.81],[86.75,47.35],[87.5,47.33],[87.5,47.08],[87.22,47.0],[87.74,46.75],[88.47,46.75],[88.54,47.0],[87.73,47.5],[88.25,47.59],[88.84,47.25],[88.82,46.5],[88.38,46.25],[88.45,45.75],[89.0,45.2],[89.98,44.75],[89.0,44.06],[88.36,44.0],[88.84,43.5]]}},{"type":"Feature","properties":{"level":1032},"geometry":{"type":"LineString","coordinates":[[81.88,44.25],[82.13,44.25],[81.79,44.75],[81.87,45.0],[82.25,45.32],[81.59,45.75],[80.4,45.75],[81.0,45.63],[81.34,45.25],[80.94,45.0],[81.88,44.25]]}},{"type":"Feature","properties":{"level":1032},"geometry":{"type":"LineString","coordinates":[[94.75,45.99],[94.64,46.25],[95.0,46.41],[95.67,46.25],[94.75,45.99]]}},{"type":"Feature","properties":{"level":1032},"geometry":{"type":"LineString","coordinates":[[84.25,47.67],[83.25,47.84],[82.5,48.61],[82.47,49.0],[82.75,49.22],[83.75,49.14],[84.0,48.7],[84.83,48.5],[84.73,47.75],[84.5,47.55],[84.25,47.67]]}},{"type":"Feature","properties":{"level":1032},"geometry":{"type":"LineString","coordinates":[[-75.03,48.5],[-74.87,48.5],[-75.03,48.5]]}},{"type":"Feature","properties":{"level":1032},"geometry":{"type":"LineString","coordinates":[[97.5,49.18],[97.38,49.5],[98.22,50.25],[99.44,49.75],[98.0,49.54],[97.75,49.14],[97.5,49.18]]}},{"type":"Feature","properties":{"level":1032},"geometry":{"type":"LineString","coordinates":[[-34.56,49.75],[-34.25,49.72],[-34.0,50.18],[-34.56,49.75]]}},{"type":"Feature","properties":{"level":1032},"geometry":{"type":"LineString","coordinates":[[-31.84,50.0],[-31.0,50.54],[-29.75,50.73],[-27.85,51.75],[-27.09,52.25],[-27.13,52.75],[-25.91,53.25],[-25.82,53.75],[-28.25,53.13],[-29.0,53.16],[-30.75,52.14],[-32.0,51.75],[-31.9,51.25],[-32.48,50.75],[-31.43,50.75],[-31.84,50.0]]}},{"type":"Feature","properties":{"level":1032},"geometry":{"type":"LineString","coordinates":[[92.25,49.93],[91.92,50.25],[92.39,50.75],[94.25,50.75],[94.76,50.5],[94.5,50.13],[92.25,49.93]]}},{"type":"Feature","properties":{"level":1032},"geometry":{"type":"LineString","coordinates":[[-33.19,50.75],[-32.88,50.75],[-32.94,51.0],[-33.19,50.75]]}},{"type":"Feature","properties":{"level":1032},"geometry":{"type":"LineString","coordinates":[[-25.26,53.25],[-24.5,53.25],[-23.91,53.75],[-25.06,53.5],[-25.26,53.25]]}},{"type":"Feature","properties":{"level":1032},"geometry":{"type":"LineString","coordinates":[[-23.81,54.0],[-23.57,54.0],[-23.81,54.0]]}},{"type":"Feature","properties":{"level":1032},"geometry":{"type":"LineString","coordinates":[[44.27,56.0],[44.83,56.0],[44.27,56.0]]}},{"type":"Feature","properties":{"level":1032},"geometry":{"type":"LineString","coordinates":[[112.55,56.0],[113.18,56.0],[113.75,56.65],[113.41,56.75],[113.0,56.17],[112.55,56.0]]}},{"type":"Feature","properties":{"level":1032},"geometry":{"type":"LineString","coordinates":[[43.17,56.25],[43.28,56.5],[43.17,56.25]]}},{"type":"Feature","properties":{"level":1032},"geometry":{"type":"LineString","coordinates":[[14.0,66.12],[13.84,66.25],[14.0,66.34],[14.79,66.25],[14.0,66.12]]}},{"type":"Feature","properties":{"level":1036},"geometry":{"type":"LineString","coordinates":[[56.36,-81.0],[61.39,-81.0],[60.99,-80.75],[58.0,-80.52],[57.73,-80.25],[59.67,-79.5],[59.5,-79.38],[55.5,-78.82],[52.5,-78.89],[50.83,-79.75],[51.08,-80.25],[51.66,-80.5],[56.36,-81.0]]}},{"type":"Feature","properties":{"level":1036},"geometry":{"type":"LineString","coordinates":[[114.27,-75.25],[117.76,-75.25],[120.5,-74.89],[121.75,-74.42],[123.2,-73.25],[122.5,-72.87],[117.0,-73.24],[112.75,-73.25],[109.0,-73.71],[108.67,-74.25],[108.75,-74.59],[107.65,-74.5],[107.75,-74.75],[114.27,-75.25]]}},{"type":"Feature","properties":{"level":1036},"geometry":{"type":"LineString","coordinates":[[-96.89,33.0],[-96.5,32.94],[-95.0,33.61],[-92.25,33.95],[-89.23,35.75],[-86.75,36.15],[-85.75,36.64],[-84.09,37.75],[-83.5,38.42],[-83.0,38.55],[-82.73,40.5],[-82.42,40.5],[-82.09,40.0],[-81.86,39.0],[-81.3,39.0],[-81.21,39.75],[-81.71,41.25],[-80.48,42.0],[-81.62,42.75],[-81.75,43.57],[-82.5,42.63],[-83.25,43.35],[-85.0,43.04],[-86.0,43.3],[-86.5,42.54],[-87.25,42.76],[-87.75,42.36],[-89.5,41.96],[-91.0,41.02],[-92.25,39.88],[-93.07,39.5],[-94.46,37.75],[-95.75,36.75],[-97.17,34.25],[-97.27,33.25],[-96.89,33.0]]}},{"type":"Feature","properties":{"level":1036},"geometry":{"type":"LineString","coordinates":[[-94.75,34.24],[-95.1,34.5],[-94.97,34.75],[-94.56,34.75],[-94.75,34.24]]}},{"type":"Feature","properties":{"level":1036},"geometry":{"type":"LineString","coordinates":[[76.95,35.0],[77.25,35.11],[77.75,34.79],[78.07,35.0],[77.7,35.5],[77.82,35.75],[77.12,36.25],[77.44,36.5],[75.5,36.96],[75.0,37.34],[74.5,37.1],[74.0,37.38],[73.08,37.0],[73.5,36.63],[73.75,36.82],[74.67,36.5],[74.75,36.16],[75.0,36.6],[75.42,36.25],[75.04,36.0],[76.5,35.46],[76.95,35.0]]}},{"type":"Feature","properties":{"level":1036},"geometry":{"type":"LineString","coordinates":[[-94.25,35.93],[-94.4,36.0],[-94.0,36.21],[-93.53,36.0],[-94.25,35.93]]}},{"type":"Feature","properties":{"level":1036},"geometry":{"type":"LineString","coordinates":[[-82.25,40.9],[-82.25,41.21],[-82.07,41.0],[-82.25,40.9]]}},{"type":"Feature","properties":{"level":1036},"geometry":{"type":"LineString","coordinates":[[83.55,42.75],[84.5,42.6],[84.75,42.97],[85.61,43.0],[84.25,43.16],[83.55,42.75]]}},{"type":"Feature","properties":{"level":1036},"geometry":{"type":"LineString","coordinates":[[-83.76,43.75],[-83.5,43.55],[-83.09,44.0],[-83.76,43.75]]}},{"type":"Feature","properties":{"level":1036},"geometry":{"type":"LineString","coordinates":[[91.15,43.75],[93.01,43.75],[92.0,44.52],[91.5,44.63],[90.72,44.0],[91.15,43.75]]}},{"type":"Feature","properties":{"level":1036},"geometry":{"type":"LineString","coordinates":[[91.93,45.25],[93.75,45.23],[94.16,45.75],[94.2,46.25],[91.75,47.51],[91.25,47.14],[91.0,47.38],[90.75,47.26],[90.0,47.97],[89.25,48.03],[88.85,47.75],[90.25,46.34],[91.11,46.0],[90.5,45.64],[90.0,45.79],[90.0,45.39],[90.25,45.27],[91.25,45.57],[91.93,45.25]]}},{"type":"Feature","properties":{"level":1036},"geometry":{"type":"LineString","coordinates":[[91.5,45.99],[91.23,46.25],[91.5,46.58],[92.27,46.0],[91.5,45.99]]}},{"type":"Feature","properties":{"level":1036},"geometry":{"type":"LineString","coordinates":[[87.62,48.25],[88.41,48.25],[87.73,48.5],[88.0,48.53],[88.24,49.0],[87.63,49.25],[88.5,49.6],[89.5,49.37],[90.0,50.12],[90.8,50.0],[91.0,50.4],[92.34,51.0],[92.25,51.29],[90.5,51.09],[90.5,51.32],[91.75,51.93],[92.75,51.77],[93.75,52.25],[95.75,51.8],[96.25,51.47],[96.75,51.5],[96.75,51.2],[100.0,50.84],[100.09,51.25],[100.75,51.6],[101.25,51.11],[101.5,51.37],[101.7,51.25],[101.85,50.75],[104.0,49.92],[104.54,50.0],[103.75,50.56],[104.5,50.72],[104.39,51.0],[105.0,50.93],[105.98,51.5],[103.95,51.25],[104.01,51.5],[103.57,51.75],[103.56,52.0],[102.25,52.74],[101.0,54.24],[100.0,54.19],[97.25,55.58],[94.75,55.38],[92.5,55.75],[92.0,56.45],[91.0,56.48],[90.8,56.25],[91.11,56.0],[89.94,55.5],[90.75,55.3],[91.0,55.51],[91.63,55.5],[91.65,55.25],[90.25,54.69],[89.32,55.0],[89.25,55.44],[89.5,55.58],[88.0,55.86],[87.5,55.64],[87.41,55.25],[88.28,53.75],[87.86,53.0],[88.0,52.75],[87.51,52.5],[87.82,52.25],[87.72,52.0],[85.0,51.84],[84.0,51.48],[83.48,51.0],[84.0,50.28],[85.0,50.03],[86.0,48.98],[86.75,49.12],[87.62,48.25]]}},{"type":"Feature","properties":{"level":1036},"geometry":{"type":"LineString","coordinates":[[74.67,49.0],[75.25,48.81],[77.0,48.99],[77.39,49.25],[77.05,49.75],[77.37,50.0],[76.69,50.5],[79.66,52.5],[84.5,54.34],[85.25,54.29],[85.43,54.75],[85.09,55.25],[85.11,55.75],[82.5,56.13],[80.0,56.0],[78.25,56.19],[71.5,55.59],[64.5,55.76],[62.26,55.25],[59.54,54.0],[59.38,53.5],[59.42,53.0],[60.0,52.65],[63.25,51.75],[64.75,51.7],[71.75,50.35],[74.72,49.25],[74.67,49.0]]}},{"type":"Feature","properties":{"level":1036},"geometry":{"type":"LineString","coordinates":[[110.1,49.75],[111.06,49.75],[111.26,50.25],[109.75,50.33],[108.95,50.0],[110.1,49.75]]}},{"type":"Feature","properties":{"level":1036},"geometry":{"type":"LineString","coordinates":[[91.5,54.12],[91.22,54.5],[91.65,54.25],[91.5,54.12]]}},{"type":"Feature","properties":{"level":1036},"geometry":{"type":"LineString","coordinates":[[92.0,55.19],[91.77,55.25],[92.0,55.44],[92.0,55.19]]}},{"type":"Feature","properties":{"level":1036},"geometry":{"type":"LineString","coordinates":[[93.74,56.25],[94.59,56.25],[94.25,56.57],[93.74,56.25]]}},{"type":"Feature","properties":{"level":1036},"geometry":{"type":"LineString","coordinates":[[26.16,59.0],[30.25,58.75],[34.0,59.2],[40.0,60.73],[42.3,61.5],[43.5,62.3],[46.2,63.0],[45.59,63.5],[46.0,64.0],[45.63,64.25],[47.28,64.75],[46.75,65.05],[45.75,64.58],[44.22,65.5],[45.0,65.32],[45.62,65.5],[45.25,65.76],[42.25,65.88],[29.25,65.23],[27.0,64.49],[19.5,63.38],[17.62,63.75],[14.0,62.68],[13.73,62.75],[13.75,63.04],[13.0,63.23],[11.5,62.79],[8.5,62.66],[6.52,61.75],[6.18,61.25],[6.86,61.0],[6.66,60.25],[7.0,59.59],[8.25,59.07],[11.5,59.46],[21.75,59.73],[26.16,59.0]]}},{"type":"Feature","properties":{"level":1040},"geometry":{"type":"LineString","coordinates":[[53.25,-80.5],[54.5,-80.51],[55.34,-80.0],[58.11,-79.5],[54.0,-78.96],[52.68,-79.25],[51.98,-79.75],[53.25,-80.5]]}},{"type":"Feature","properties":{"level":1040},"geometry":{"type":"LineString","coordinates":[[113.66,-75.0],[119.05,-75.0],[121.25,-74.42],[122.38,-73.5],[121.25,-73.38],[118.25,-74.02],[114.0,-74.25],[111.64,-74.0],[113.22,-73.5],[112.0,-73.48],[109.59,-73.75],[109.35,-74.25],[109.75,-74.56],[113.66,-75.0]]}},{"type":"Feature","properties":{"level":1040},"geometry":{"type":"LineString","coordinates":[[76.84,35.25],[77.0,35.05],[77.61,35.5],[77.5,35.96],[76.95,36.25],[77.21,36.5],[76.0,36.77],[75.75,36.51],[75.25,36.75],[75.0,37.27],[74.49,36.75],[75.25,36.75],[75.87,35.75],[76.5,35.66],[76.84,35.25]]}},{"type":"Feature","properties":{"level":1040},"geometry":{"type":"LineString","coordinates":[[88.91,50.25],[89.5,50.33],[89.8,50.75],[89.0,51.01],[88.76,51.0],[88.75,50.66],[86.68,51.0],[87.25,50.38],[88.0,50.64],[88.91,50.25]]}},{"type":"Feature","properties":{"level":1040},"geometry":{"type":"LineString","coordinates":[[87.76,51.25],[88.75,51.0],[88.98,51.5],[88.25,51.82],[87.76,51.25]]}},{"type":"Feature","properties":{"level":1040},"geometry":{"type":"LineString","coordinates":[[97.9,51.75],[98.25,51.57],[98.5,51.85],[99.0,51.72],[99.5,52.34],[100.0,51.93],[101.0,51.95],[101.22,52.75],[100.5,53.21],[99.5,52.61],[99.0,52.87],[97.53,52.0],[97.9,51.75]]}},{"type":"Feature","properties":{"level":1040},"geometry":{"type":"LineString","coordinates":[[90.66,52.25],[91.5,52.54],[92.5,52.54],[92.57,52.75],[91.0,52.85],[90.66,52.25]]}},{"type":"Feature","properties":{"level":1044},"geometry":{"type":"LineString","coordinates":[[113.3,-74.75],[116.3,-74.75],[115.0,-74.49],[113.3,-74.75]]}},{"type":"Feature","properties":{"level":1044},"geometry":{"type":"LineString","coordinates":[[116.94,-74.5],[118.57,-74.5],[116.94,-74.5]]}},{"type":"Feature","properties":{"level":1044},"geometry":{"type":"LineString","coordinates":[[119.91,-74.5],[121.0,-74.29],[121.19,-74.0],[119.06,-74.25],[119.91,-74.5]]}},{"type":"Feature","properties":{"level":1044},"geometry":{"type":"LineString","coordinates":[[76.9,35.25],[77.0,35.13],[77.25,35.53],[77.5,35.45],[77.51,35.75],[76.85,36.25],[77.12,36.5],[76.5,36.58],[76.16,36.25],[76.71,36.0],[76.9,35.25]]}}]}