{"type":"FeatureCollection","features":[{"type":"Feature","properties":{"level":952},"geometry":{"type":"LineString","coordinates":[[-164.25,-67.53],[-165.48,-67.25],[-165.96,-66.75],[-165.82,-66.0],[-165.0,-65.43],[-162.5,-65.13],[-161.67,-65.5],[-161.04,-66.25],[-161.03,-66.75],[-161.5,-67.29],[-162.75,-67.58],[-164.25,-67.53]]}},{"type":"Feature","properties":{"level":952},"geometry":{"type":"LineString","coordinates":[[125.5,-66.01],[124.55,-65.75],[124.45,-65.5],[125.0,-65.27],[125.95,-65.5],[126.1,-65.75],[125.5,-66.01]]}},{"type":"Feature","properties":{"level":956},"geometry":{"type":"LineString","coordinates":[[-164.75,-68.77],[-166.5,-68.43],[-167.75,-67.88],[-168.28,-67.25],[-168.22,-66.25],[-167.25,-65.46],[-165.5,-64.59],[-163.75,-64.16],[-162.5,-64.13],[-160.9,-64.5],[-159.35,-65.25],[-158.37,-66.0],[-157.72,-67.0],[-157.7,-67.75],[-159.5,-68.43],[-162.0,-68.81],[-164.75,-68.77]]}},{"type":"Feature","properties":{"level":956},"geometry":{"type":"LineString","coordinates":[[125.0,-66.84],[124.5,-66.54],[117.09,-65.0],[117.27,-64.75],[118.75,-64.32],[122.0,-64.1],[126.0,-64.42],[127.25,-64.8],[127.89,-65.25],[127.95,-66.0],[125.0,-66.84]]}},{"type":"Feature","properties":{"level":960},"geometry":{"type":"LineString","coordinates":[[-165.5,-69.75],[-168.22,-69.5],[-170.25,-69.04],[-171.2,-68.5],[-171.53,-67.75],[-169.55,-66.0],[-167.62,-64.75],[-165.75,-63.95],[-163.5,-63.47],[-161.25,-63.57],[-158.5,-64.24],[-153.38,-66.5],[-153.56,-67.0],[-154.85,-68.0],[-157.51,-69.0],[-161.25,-69.67],[-165.5,-69.75]]}},{"type":"Feature","properties":{"level":960},"geometry":{"type":"LineString","coordinates":[[99.75,-68.51],[99.32,-68.0],[100.12,-67.25],[103.0,-65.88],[109.75,-65.74],[113.25,-64.38],[119.25,-63.33],[123.0,-63.27],[126.0,-63.57],[129.0,-64.34],[130.8,-65.0],[130.99,-65.25],[130.1,-66.0],[130.0,-66.71],[126.5,-66.75],[125.0,-67.26],[121.25,-67.24],[113.75,-66.24],[112.75,-66.38],[112.0,-66.89],[109.75,-67.0],[106.5,-66.77],[105.0,-67.06],[102.5,-68.03],[99.75,-68.51]]}},{"type":"Feature","properties":{"level":960},"geometry":{"type":"LineString","coordinates":[[2.0,-60.54],[2.33,-60.5],[2.0,-60.54]]}},{"type":"Feature","properties":{"level":960},"geometry":{"type":"LineString","coordinates":[[-1.25,-60.01],[-1.42,-59.75],[-1.0,-59.49],[-0.25,-59.68],[-0.05,-60.0],[-0.75,-60.19],[-1.25,-60.01]]}},{"type":"Feature","properties":{"level":960},"geometry":{"type":"LineString","coordinates":[[148.25,56.46],[148.04,56.5],[148.25,56.46]]}},{"type":"Feature","properties":{"level":964},"geometry":{"type":"LineString","coordinates":[[-170.25,-70.76],[-172.25,-70.37],[-173.54,-69.75],[-174.02,-69.0],[-173.85,-68.25],[-172.5,-66.96],[-169.67,-65.0],[-165.95,-63.25],[-163.25,-62.8],[-160.25,-62.88],[-156.75,-63.47],[-153.75,-64.33],[-150.64,-64.5],[-150.02,-65.0],[-149.95,-65.5],[-150.29,-66.25],[-151.82,-67.75],[-153.25,-68.6],[-156.25,-69.62],[-159.25,-70.28],[-162.75,-70.68],[-170.25,-70.76]]}},{"type":"Feature","properties":{"level":964},"geometry":{"type":"LineString","coordinates":[[95.5,-70.28],[96.09,-69.5],[99.0,-67.85],[99.55,-67.25],[99.25,-67.12],[98.75,-67.51],[97.75,-66.94],[96.64,-67.0],[95.81,-66.75],[96.91,-66.5],[96.75,-66.22],[98.0,-66.17],[99.0,-66.54],[99.39,-66.0],[100.75,-65.56],[100.44,-65.25],[102.0,-64.85],[108.5,-64.13],[115.0,-62.81],[120.0,-62.37],[124.5,-62.51],[133.5,-63.89],[134.0,-64.0],[134.27,-64.5],[134.16,-65.0],[133.75,-65.36],[131.27,-66.25],[130.56,-67.0],[130.0,-67.22],[121.0,-67.8],[116.5,-67.64],[113.75,-67.99],[107.75,-67.73],[104.75,-68.31],[102.5,-69.15],[95.5,-70.28]]}},{"type":"Feature","properties":{"level":964},"geometry":{"type":"LineString","coordinates":[[94.75,-67.18],[94.0,-66.69],[93.5,-66.95],[93.05,-66.5],[95.5,-66.04],[96.22,-66.25],[95.45,-66.5],[95.68,-67.0],[94.75,-67.18]]}},{"type":"Feature","properties":{"level":964},"geometry":{"type":"LineString","coordinates":[[2.5,-62.01],[0.25,-61.62],[-1.75,-60.8],[-2.67,-60.0],[-3.43,-58.75],[-3.0,-58.48],[-0.25,-58.19],[2.0,-57.36],[4.5,-57.38],[5.25,-57.13],[6.15,-58.0],[6.5,-58.75],[6.73,-59.75],[6.55,-60.75],[5.25,-61.79],[2.5,-62.01]]}},{"type":"Feature","properties":{"level":964},"geometry":{"type":"LineString","coordinates":[[18.25,-54.53],[17.5,-53.94],[18.25,-54.21],[18.42,-54.5],[18.25,-54.53]]}},{"type":"Feature","properties":{"level":964},"geometry":{"type":"LineString","coordinates":[[148.0,56.19],[147.64,56.75],[148.25,57.13],[149.0,56.94],[149.45,56.25],[148.75,56.02],[148.0,56.19]]}},{"type":"Feature","properties":{"level":968},"geometry":{"type":"LineString","coordinates":[[67.0,-72.77],[66.9,-72.25],[68.31,-71.0],[68.22,-70.75],[72.5,-68.74],[80.75,-67.11],[81.96,-66.5],[84.5,-65.9],[95.5,-63.98],[98.5,-63.77],[99.25,-63.5],[102.5,-63.37],[117.25,-61.21],[122.75,-61.2],[128.25,-61.95],[134.75,-63.4],[135.93,-64.0],[136.43,-64.75],[136.26,-65.75],[134.75,-66.24],[133.57,-66.25],[131.5,-67.42],[129.75,-67.79],[124.5,-68.21],[119.75,-68.17],[115.0,-68.88],[112.5,-68.81],[111.0,-68.41],[108.75,-68.44],[104.75,-69.2],[102.0,-70.2],[93.75,-71.51],[93.25,-71.45],[93.03,-71.0],[95.41,-68.75],[94.5,-68.07],[92.5,-67.72],[87.5,-67.64],[86.75,-67.81],[84.25,-67.68],[81.0,-68.05],[78.75,-68.56],[78.11,-69.0],[76.0,-69.76],[73.5,-70.07],[72.15,-71.0],[71.88,-71.5],[70.93,-72.25],[69.75,-72.34],[68.5,-72.76],[68.25,-72.41],[67.75,-72.33],[67.0,-72.77]]}},{"type":"Feature","properties":{"level":968},"geometry":{"type":"LineString","coordinates":[[-171.0,-72.02],[-173.5,-71.57],[-175.56,-70.75],[-176.23,-70.0],[-176.31,-68.75],[-175.17,-67.5],[-172.25,-65.57],[-167.44,-63.0],[-164.25,-62.22],[-160.0,-62.08],[-152.0,-63.0],[-149.5,-62.91],[-148.0,-63.17],[-147.56,-63.75],[-147.67,-65.25],[-149.0,-67.3],[-150.75,-68.63],[-153.05,-69.75],[-157.45,-71.0],[-161.75,-71.7],[-167.75,-72.15],[-171.0,-72.02]]}},{"type":"Feature","properties":{"level":968},"geometry":{"type":"LineString","coordinates":[[-106.0,-70.53],[-107.46,-69.75],[-107.05,-69.0],[-106.0,-68.25],[-104.5,-69.01],[-103.98,-70.0],[-104.75,-70.56],[-106.0,-70.53]]}},{"type":"Feature","properties":{"level":968},"geometry":{"type":"LineString","coordinates":[[0.75,-66.77],[-0.4,-66.0],[0.0,-65.74],[1.25,-65.66],[2.5,-65.89],[3.05,-66.25],[3.06,-66.5],[2.5,-66.85],[0.75,-66.77]]}},{"type":"Feature","properties":{"level":968},"geometry":{"type":"LineString","coordinates":[[46.75,-65.81],[46.6,-65.75],[46.75,-65.55],[47.13,-65.5],[47.15,-65.75],[46.75,-65.81]]}},{"type":"Feature","properties":{"level":968},"geometry":{"type":"LineString","coordinates":[[52.0,-65.11],[51.25,-64.5],[53.75,-63.89],[55.5,-63.99],[55.74,-64.25],[54.5,-65.12],[52.0,-65.11]]}},{"type":"Feature","properties":{"level":968},"geometry":{"type":"LineString","coordinates":[[2.75,-63.75],[-0.25,-63.08],[-2.75,-61.76],[-4.44,-60.0],[-5.31,-58.25],[-5.19,-58.0],[-4.5,-57.61],[-1.25,-56.77],[0.0,-56.14],[2.0,-55.76],[2.5,-54.82],[4.0,-54.89],[6.28,-56.0],[7.75,-57.26],[8.8,-58.75],[9.34,-60.25],[9.3,-61.5],[8.5,-62.39],[6.0,-63.59],[4.5,-63.83],[2.75,-63.75]]}},{"type":"Feature","properties":{"level":968},"geometry":{"type":"LineString","coordinates":[[19.25,-55.79],[18.0,-55.37],[16.69,-54.5],[16.07,-53.0],[16.5,-51.78],[17.5,-51.78],[19.0,-52.53],[20.87,-54.0],[21.62,-55.25],[21.47,-55.75],[21.0,-55.94],[19.25,-55.79]]}},{"type":"Feature","properties":{"level":968},"geometry":{"type":"LineString","coordinates":[[170.25,49.98],[169.25,50.57],[168.5,51.91],[168.75,51.91],[169.5,52.82],[171.5,52.65],[172.19,52.0],[172.17,50.75],[171.25,50.05],[170.25,49.98]]}},{"type":"Feature","properties":{"level":968},"geometry":{"type":"LineString","coordinates":[[149.5,55.25],[147.5,56.11],[147.27,56.5],[147.38,57.0],[148.0,57.42],[148.75,57.52],[150.0,56.95],[150.37,56.5],[150.36,56.0],[150.0,55.34],[149.5,55.25]]}},{"type":"Feature","properties":{"level":972},"geometry":{"type":"LineString","coordinates":[[67.0,-74.0],[65.19,-73.5],[65.22,-72.75],[65.96,-71.25],[64.93,-70.0],[65.25,-69.67],[68.25,-68.92],[68.56,-68.75],[68.5,-68.5],[65.75,-67.98],[63.25,-68.05],[56.0,-67.48],[54.98,-67.0],[55.49,-66.5],[54.25,-66.18],[52.25,-66.7],[51.65,-67.25],[48.0,-67.77],[46.12,-67.25],[45.34,-66.25],[45.35,-65.75],[45.71,-65.25],[46.75,-64.78],[49.25,-64.64],[52.25,-63.66],[56.75,-63.14],[58.0,-63.31],[59.5,-64.13],[60.75,-64.38],[67.75,-64.43],[71.0,-65.16],[75.5,-65.03],[77.5,-65.35],[80.25,-65.13],[91.0,-62.54],[99.75,-61.2],[101.47,-60.5],[102.0,-60.03],[110.5,-59.54],[119.5,-59.74],[128.0,-60.82],[133.5,-62.02],[136.25,-62.88],[138.68,-64.25],[139.55,-65.5],[139.54,-66.0],[137.25,-66.38],[135.99,-67.0],[131.5,-68.26],[124.75,-68.85],[121.25,-68.95],[119.75,-68.69],[119.25,-69.28],[118.75,-69.45],[115.5,-69.68],[113.5,-69.75],[111.5,-69.24],[110.25,-69.59],[108.25,-69.49],[107.99,-70.0],[108.25,-70.26],[105.25,-70.28],[100.22,-71.5],[93.0,-72.25],[91.35,-72.0],[92.58,-70.25],[92.25,-69.54],[91.61,-69.25],[91.5,-68.95],[88.75,-68.98],[87.0,-68.36],[85.5,-68.76],[81.5,-68.43],[80.75,-69.06],[79.75,-69.06],[78.64,-69.5],[78.0,-70.22],[76.25,-70.17],[74.76,-70.5],[75.41,-70.75],[74.09,-71.75],[74.5,-72.11],[75.25,-72.18],[74.75,-73.07],[73.25,-73.39],[72.25,-73.16],[70.75,-73.42],[70.46,-73.25],[70.5,-72.95],[69.75,-72.85],[68.75,-73.16],[68.52,-73.75],[67.0,-74.0]]}},{"type":"Feature","properties":{"level":972},"geometry":{"type":"LineString","coordinates":[[-110.25,-73.78],[-111.17,-73.5],[-111.52,-73.0],[-110.56,-72.0],[-111.02,-71.25],[-111.08,-70.25],[-110.85,-69.5],[-109.75,-68.01],[-107.67,-66.5],[-106.0,-65.92],[-104.09,-66.0],[-101.5,-67.35],[-100.75,-68.17],[-100.37,-69.0],[-100.34,-69.75],[-100.66,-70.5],[-101.21,-71.0],[-102.25,-71.43],[-107.86,-72.75],[-109.0,-73.66],[-110.25,-73.78]]}},{"type":"Feature","properties":{"level":972},"geometry":{"type":"LineString","coordinates":[[-172.25,-73.26],[-175.75,-72.68],[-178.17,-71.75],[-179.26,-70.75],[-179.36,-69.25],[-178.49,-68.25],[-176.77,-67.0],[-169.25,-62.96],[-164.25,-61.57],[-159.0,-61.13],[-153.0,-61.54],[-147.5,-61.61],[-146.33,-62.0],[-145.88,-62.75],[-145.67,-63.75],[-145.75,-65.24],[-146.41,-66.75],[-148.07,-68.25],[-152.25,-70.64],[-156.0,-71.83],[-162.25,-72.97],[-168.0,-73.4],[-172.25,-73.26]]}},{"type":"Feature","properties":{"level":972},"geometry":{"type":"LineString","coordinates":[[6.0,-68.76],[1.25,-68.36],[-2.82,-67.5],[-4.86,-66.75],[-7.29,-65.5],[-7.62,-65.0],[-7.66,-64.25],[-6.34,-63.5],[-5.74,-62.75],[-6.8,-57.75],[-4.75,-56.47],[-1.4,-55.25],[1.25,-53.5],[2.25,-53.38],[4.0,-53.7],[6.5,-54.64],[8.4,-55.75],[10.33,-57.5],[11.86,-59.5],[12.66,-61.5],[11.63,-64.0],[11.14,-65.5],[11.25,-65.81],[12.75,-66.18],[22.86,-66.5],[21.47,-67.25],[21.53,-67.5],[21.24,-67.75],[20.0,-68.1],[6.0,-68.76]]}},{"type":"Feature","properties":{"level":972},"geometry":{"type":"LineString","coordinates":[[90.75,-58.79],[89.75,-58.57],[89.41,-58.25],[89.82,-57.5],[89.64,-57.25],[89.78,-57.0],[91.5,-56.17],[93.75,-55.85],[94.44,-56.0],[94.38,-56.75],[94.13,-57.0],[94.51,-57.25],[94.18,-58.25],[92.5,-58.69],[91.5,-58.58],[90.75,-58.79]]}},{"type":"Feature","properties":{"level":972},"geometry":{"type":"LineString","coordinates":[[-117.75,-58.29],[-119.25,-57.81],[-119.96,-57.25],[-120.08,-57.0],[-119.64,-56.5],[-119.97,-55.0],[-119.75,-54.67],[-118.5,-54.46],[-116.5,-55.26],[-114.5,-55.09],[-113.57,-55.5],[-113.49,-56.5],[-113.71,-57.0],[-113.34,-57.75],[-115.75,-58.47],[-117.75,-58.29]]}},{"type":"Feature","properties":{"level":972},"geometry":{"type":"LineString","coordinates":[[19.0,-56.52],[16.75,-55.87],[15.27,-54.5],[15.06,-53.75],[15.19,-52.5],[15.59,-51.5],[16.25,-50.75],[17.5,-50.65],[20.21,-52.0],[22.31,-53.75],[23.48,-55.5],[23.37,-56.25],[22.5,-56.61],[19.0,-56.52]]}},{"type":"Feature","properties":{"level":972},"geometry":{"type":"LineString","coordinates":[[170.5,49.42],[168.98,50.25],[166.72,53.25],[164.75,53.7],[163.5,53.72],[161.23,54.5],[161.15,55.0],[161.84,56.25],[161.59,56.5],[162.07,57.0],[161.68,57.5],[162.17,58.25],[163.16,59.0],[165.75,59.25],[167.94,57.75],[169.25,57.2],[170.0,57.23],[170.68,56.75],[171.51,54.75],[172.75,53.5],[172.97,53.0],[172.72,52.75],[173.37,51.75],[172.71,50.0],[171.5,49.38],[170.5,49.42]]}},{"type":"Feature","properties":{"level":972},"geometry":{"type":"LineString","coordinates":[[148.5,54.72],[147.03,55.5],[146.61,56.0],[146.54,56.75],[147.16,57.5],[148.0,57.82],[149.25,57.89],[150.75,57.54],[151.75,56.88],[151.73,56.0],[150.97,55.25],[149.75,54.64],[148.5,54.72]]}},{"type":"Feature","properties":{"level":976},"geometry":{"type":"LineString","coordinates":[[-161.25,-79.52],[-160.85,-79.5],[-161.25,-79.52]]}},{"type":"Feature","properties":{"level":976},"geometry":{"type":"LineString","coordinates":[[-162.5,-79.3],[-162.68,-79.25],[-162.5,-79.07],[-161.48,-79.25],[-162.5,-79.3]]}},{"type":"Feature","properties":{"level":976},"geometry":{"type":"LineString","coordinates":[[-107.25,-76.53],[-110.5,-75.63],[-112.75,-75.61],[-114.75,-75.1],[-118.2,-74.75],[-117.6,-74.5],[-118.01,-73.75],[-117.38,-73.0],[-117.6,-72.5],[-117.15,-71.75],[-114.99,-70.0],[-112.25,-66.25],[-110.95,-64.75],[-110.1,-64.25],[-108.25,-63.93],[-104.0,-64.48],[-100.5,-65.32],[-98.06,-66.75],[-97.44,-68.5],[-97.41,-70.5],[-97.64,-70.75],[-99.29,-72.0],[-99.08,-72.25],[-102.2,-73.75],[-102.02,-74.25],[-101.61,-74.5],[-102.85,-75.25],[-105.55,-76.5],[-107.25,-76.53]]}},{"type":"Feature","properties":{"level":976},"geometry":{"type":"LineString","coordinates":[[67.0,-74.53],[65.44,-74.25],[63.6,-73.5],[64.1,-72.75],[64.6,-71.25],[63.6,-69.75],[63.75,-69.49],[64.56,-69.25],[64.59,-69.0],[63.75,-68.5],[60.25,-68.17],[58.75,-68.37],[57.5,-68.11],[55.25,-68.08],[53.25,-68.71],[52.49,-68.5],[53.5,-68.36],[53.9,-68.0],[53.61,-67.5],[53.0,-67.39],[50.25,-67.87],[48.75,-68.38],[46.0,-68.07],[42.0,-68.41],[40.01,-69.0],[40.0,-70.25],[39.75,-70.41],[37.25,-69.95],[34.25,-69.81],[26.5,-71.03],[24.94,-71.0],[24.93,-70.75],[24.25,-70.65],[23.25,-70.86],[22.25,-70.48],[21.25,-70.69],[19.25,-70.24],[18.25,-70.5],[16.5,-70.29],[12.25,-70.48],[3.0,-70.2],[-3.5,-69.62],[-9.5,-68.14],[-12.0,-67.04],[-12.5,-66.4],[-12.75,-65.5],[-12.2,-63.5],[-11.58,-62.25],[-9.0,-60.23],[-7.93,-57.25],[-5.66,-55.25],[-4.5,-54.74],[-3.27,-53.75],[-1.08,-52.5],[0.0,-52.21],[2.5,-52.27],[7.0,-53.5],[10.75,-55.04],[12.0,-55.28],[12.85,-54.75],[14.01,-52.25],[15.02,-50.75],[16.0,-49.94],[17.0,-49.58],[18.0,-49.75],[21.5,-51.65],[24.0,-53.99],[24.94,-55.25],[25.33,-56.25],[24.99,-56.75],[24.25,-57.11],[21.25,-57.82],[15.75,-58.11],[15.54,-59.0],[15.78,-60.25],[17.14,-63.0],[18.51,-63.75],[21.0,-64.16],[27.25,-64.14],[31.0,-66.25],[33.5,-66.74],[36.25,-67.63],[38.5,-67.4],[41.33,-65.5],[46.25,-64.09],[55.0,-62.54],[58.5,-62.29],[62.5,-63.13],[65.25,-63.32],[69.0,-63.05],[73.0,-63.31],[77.5,-62.97],[79.0,-62.61],[79.5,-62.14],[80.67,-62.0],[80.85,-61.5],[82.1,-61.25],[82.03,-61.0],[82.85,-60.5],[82.79,-60.25],[83.2,-60.0],[83.22,-59.5],[83.6,-59.0],[84.84,-58.25],[86.25,-56.92],[87.0,-56.71],[88.5,-55.71],[90.25,-55.36],[91.0,-54.94],[94.75,-54.34],[97.75,-54.91],[99.75,-56.52],[101.75,-57.1],[106.5,-57.5],[112.5,-57.64],[121.0,-58.39],[129.75,-59.97],[135.0,-61.3],[138.0,-62.33],[140.79,-63.75],[143.55,-65.75],[143.4,-66.0],[141.25,-66.69],[131.0,-68.77],[129.0,-69.45],[123.25,-69.77],[121.0,-69.58],[117.25,-70.61],[113.75,-70.86],[111.25,-70.66],[108.5,-71.29],[105.75,-71.36],[91.5,-73.16],[90.31,-72.75],[90.3,-71.75],[90.69,-71.0],[90.5,-70.62],[89.75,-70.22],[88.75,-70.14],[88.0,-69.69],[84.25,-69.22],[82.44,-69.5],[79.75,-70.41],[79.5,-70.91],[77.93,-71.25],[77.0,-72.22],[76.03,-72.75],[75.26,-74.0],[73.75,-74.63],[71.5,-74.41],[67.0,-74.53]]}},{"type":"Feature","properties":{"level":976},"geometry":{"type":"LineString","coordinates":[[180.0,-73.81],[178.25,-72.87],[177.1,-71.75],[176.91,-71.25],[177.23,-69.75],[177.89,-68.75],[180.0,-67.16]]}},{"type":"Feature","properties":{"level":976},"geometry":{"type":"LineString","coordinates":[[-180.0,-67.16],[-172.58,-63.5],[-169.46,-62.25],[-165.0,-60.94],[-162.0,-60.36],[-157.5,-60.04],[-153.25,-60.15],[-151.25,-59.73],[-148.5,-60.06],[-144.75,-61.05],[-143.89,-62.0],[-143.59,-63.25],[-144.1,-66.25],[-145.13,-68.0],[-146.08,-69.0],[-150.0,-71.3],[-156.32,-73.5],[-160.25,-74.57],[-164.75,-75.28],[-167.25,-75.43],[-173.25,-75.23],[-177.25,-74.69],[-180.0,-73.81]]}},{"type":"Feature","properties":{"level":976},"geometry":{"type":"LineString","coordinates":[[-95.0,-65.56],[-95.74,-65.0],[-94.75,-64.39],[-93.75,-64.53],[-92.95,-65.25],[-92.96,-65.5],[-93.75,-65.72],[-95.0,-65.56]]}},{"type":"Feature","properties":{"level":976},"geometry":{"type":"LineString","coordinates":[[-114.0,-60.26],[-117.25,-59.54],[-120.0,-58.39],[-121.04,-57.25],[-121.42,-55.5],[-121.18,-54.75],[-120.5,-54.23],[-119.25,-53.88],[-116.75,-53.93],[-113.0,-54.69],[-110.41,-56.25],[-110.01,-57.75],[-110.22,-58.25],[-112.99,-60.25],[-114.0,-60.26]]}},{"type":"Feature","properties":{"level":976},"geometry":{"type":"LineString","coordinates":[[171.0,48.69],[169.0,49.54],[165.75,52.45],[163.25,53.07],[160.13,54.25],[160.92,55.25],[160.43,56.0],[161.24,56.75],[160.5,56.78],[160.31,57.0],[161.01,58.0],[161.18,58.75],[160.75,59.03],[159.0,59.1],[158.25,59.59],[157.45,59.75],[157.5,59.94],[166.5,60.12],[168.71,59.5],[172.13,58.0],[172.73,57.25],[173.52,54.25],[174.27,52.75],[174.14,51.0],[173.87,50.25],[173.0,49.3],[171.75,48.75],[171.0,48.69]]}},{"type":"Feature","properties":{"level":976},"geometry":{"type":"LineString","coordinates":[[147.25,54.23],[145.92,55.0],[145.32,56.25],[145.48,57.0],[145.91,57.5],[147.25,58.19],[148.75,58.46],[151.25,58.22],[152.68,57.75],[154.37,56.5],[154.42,56.25],[153.83,55.75],[150.75,54.4],[149.0,54.06],[147.25,54.23]]}},{"type":"Feature","properties":{"level":976},"geometry":{"type":"LineString","coordinates":[[156.25,59.9],[156.01,60.0],[157.4,60.0],[156.25,59.9]]}},{"type":"Feature","properties":{"level":976},"geometry":{"type":"LineString","coordinates":[[50.0,70.49],[48.53,70.75],[48.31,71.0],[49.0,71.31],[50.25,71.42],[51.75,71.3],[52.56,71.0],[52.0,70.67],[50.0,70.49]]}},{"type":"Feature","properties":{"level":980},"geometry":{"type":"LineString","coordinates":[[-157.0,-86.02],[-156.88,-85.75],[-156.0,-85.55],[-151.5,-85.69],[-132.54,-85.25],[-134.07,-85.0],[-125.25,-85.05],[-120.0,-84.82],[-117.25,-84.44],[-114.94,-84.5],[-123.0,-85.16],[-127.5,-85.87],[-132.0,-85.86],[-133.0,-86.18],[-141.0,-85.91],[-147.75,-86.19],[-149.0,-85.89],[-151.0,-85.83],[-157.0,-86.02]]}},{"type":"Feature","properties":{"level":980},"geometry":{"type":"LineString","coordinates":[[-126.0,-86.0],[-123.0,-86.0],[-126.0,-86.0]]}},{"type":"Feature","properties":{"level":980},"geometry":{"type":"LineString","coordinates":[[171.75,-84.82],[171.58,-84.75],[172.0,-84.4],[172.73,-84.75],[171.75,-84.82]]}},{"type":"Feature","properties":{"level":980},"geometry":{"type":"LineString","coordinates":[[180.0,-84.86],[176.25,-84.81],[174.75,-84.28],[172.76,-84.25],[173.0,-83.91],[174.25,-83.89],[176.5,-84.24],[177.25,-84.1],[178.5,-84.53],[180.0,-84.33]]}},{"type":"Feature","properties":{"level":980},"geometry":{"type":"LineString","coordinates":[[-180.0,-84.33],[-176.64,-84.5],[-177.75,-84.84],[-180.0,-84.86]]}},{"type":"Feature","properties":{"level":980},"geometry":{"type":"LineString","coordinates":[[165.25,-84.31],[165.11,-84.25],[165.5,-83.99],[166.53,-84.0],[166.2,-84.25],[165.25,-84.31]]}},{"type":"Feature","properties":{"level":980},"geometry":{"type":"LineString","coordinates":[[-109.75,-84.0],[-107.94,-83.5],[-108.52,-82.75],[-108.25,-82.65],[-103.75,-83.02],[-100.52,-83.0],[-102.83,-83.75],[-109.75,-84.0]]}},{"type":"Feature","properties":{"level":980},"geometry":{"type":"LineString","coordinates":[[169.25,-84.24],[169.0,-83.88],[167.54,-83.75],[169.92,-83.5],[169.5,-84.21],[169.25,-84.24]]}},{"type":"Feature","properties":{"level":980},"geometry":{"type":"LineString","coordinates":[[170.25,-83.51],[170.02,-83.5],[170.91,-83.5],[170.25,-83.51]]}},{"type":"Feature","properties":{"level":980},"geometry":{"type":"LineString","coordinates":[[180.0,-83.57],[175.52,-83.0],[175.36,-82.75],[176.78,-82.75],[176.21,-82.25],[170.5,-82.15],[167.75,-81.78],[165.85,-81.0],[165.74,-80.75],[166.5,-80.39],[169.3,-80.0],[175.03,-79.75],[177.6,-78.75],[177.75,-78.25],[176.75,-77.52],[173.5,-76.55],[172.25,-75.77],[171.33,-73.75],[171.04,-72.5],[174.75,-68.23],[176.17,-67.25],[180.0,-65.51]]}},{"type":"Feature","properties":{"level":980},"geometry":{"type":"LineString","coordinates":[[160.75,-83.32],[159.78,-83.0],[160.25,-82.72],[161.33,-83.0],[160.75,-83.32]]}},{"type":"Feature","properties":{"level":980},"geometry":{"type":"LineString","coordinates":[[165.0,-83.27],[164.82,-83.0],[165.04,-82.75],[165.5,-82.56],[165.82,-82.75],[165.89,-83.25],[165.0,-83.27]]}},{"type":"Feature","properties":{"level":980},"geometry":{"type":"LineString","coordinates":[[171.5,-83.06],[171.29,-83.0],[171.5,-82.73],[172.03,-83.0],[171.5,-83.06]]}},{"type":"Feature","properties":{"level":980},"geometry":{"type":"LineString","coordinates":[[-36.5,-78.54],[-37.45,-78.25],[-37.42,-77.75],[-31.44,-75.0],[-27.25,-72.32],[-20.0,-69.92],[-18.9,-69.25],[-18.0,-68.05],[-16.52,-65.25],[-13.17,-60.75],[-11.0,-58.76],[-7.86,-55.0],[-3.09,-51.75],[-1.0,-51.21],[1.25,-51.18],[8.75,-52.52],[10.75,-52.65],[12.0,-52.09],[14.63,-49.75],[16.5,-48.64],[17.75,-48.77],[19.21,-49.25],[21.5,-50.54],[24.5,-53.09],[26.97,-56.0],[27.0,-56.76],[24.69,-58.5],[23.6,-59.75],[24.0,-60.5],[25.57,-61.25],[30.5,-62.76],[33.59,-64.25],[34.75,-64.56],[39.0,-64.55],[49.5,-62.59],[58.25,-61.32],[65.75,-62.14],[69.0,-61.85],[71.25,-61.29],[75.37,-61.0],[77.25,-60.53],[79.4,-59.5],[84.58,-56.25],[85.75,-55.63],[87.33,-55.25],[87.75,-54.9],[93.5,-53.55],[96.5,-53.06],[98.0,-53.1],[100.75,-53.74],[102.75,-54.77],[106.75,-55.65],[117.25,-55.67],[129.5,-58.49],[137.75,-60.92],[145.5,-64.09],[148.5,-64.78],[152.25,-66.1],[155.75,-66.5],[163.8,-66.5],[163.0,-67.65],[161.0,-68.41],[156.25,-68.82],[154.5,-68.75],[153.75,-69.0],[150.61,-69.0],[152.5,-69.51],[156.5,-69.44],[155.99,-70.0],[157.16,-70.5],[157.25,-70.85],[157.59,-70.75],[157.28,-70.5],[157.75,-70.35],[158.25,-70.61],[159.75,-70.59],[160.16,-71.25],[160.25,-71.92],[160.75,-72.08],[161.0,-72.65],[161.75,-72.96],[163.0,-72.89],[163.75,-72.19],[166.25,-71.77],[166.5,-72.07],[167.25,-72.17],[168.0,-72.61],[169.63,-72.75],[169.0,-73.11],[166.25,-72.92],[166.26,-73.5],[165.75,-73.85],[165.0,-73.34],[163.75,-73.83],[163.36,-73.75],[163.25,-73.48],[163.0,-74.22],[162.5,-74.18],[161.0,-73.32],[160.0,-73.05],[157.5,-72.94],[155.4,-72.5],[154.96,-72.25],[155.19,-72.0],[155.0,-71.59],[154.5,-71.45],[146.5,-70.49],[143.75,-69.83],[143.15,-69.5],[145.66,-69.25],[146.5,-68.62],[147.0,-68.72],[147.46,-68.5],[146.0,-67.87],[143.5,-67.35],[140.67,-67.5],[135.8,-68.5],[134.25,-68.93],[133.32,-69.75],[130.5,-70.47],[127.5,-70.62],[125.0,-70.47],[122.22,-70.75],[124.62,-71.0],[123.79,-71.5],[118.5,-71.95],[113.5,-71.84],[108.5,-72.79],[104.0,-72.56],[99.0,-72.75],[93.0,-73.52],[91.5,-73.92],[90.5,-73.81],[89.37,-73.25],[89.08,-72.75],[89.35,-72.0],[88.79,-71.25],[86.53,-70.5],[84.25,-70.33],[83.0,-70.78],[82.0,-70.78],[79.77,-71.75],[77.52,-73.0],[77.19,-73.5],[75.21,-75.0],[74.25,-75.18],[69.5,-75.1],[64.75,-74.81],[62.64,-73.75],[62.19,-73.25],[63.54,-71.25],[63.5,-70.5],[61.58,-69.5],[60.75,-68.77],[55.25,-68.42],[53.75,-68.96],[49.75,-69.52],[48.5,-69.36],[46.27,-68.5],[43.5,-68.5],[41.77,-68.75],[40.7,-69.25],[41.29,-69.75],[43.98,-70.25],[43.25,-70.55],[41.0,-70.86],[36.75,-70.5],[26.0,-71.63],[24.75,-71.44],[21.75,-71.54],[21.0,-71.23],[18.25,-71.05],[4.5,-71.13],[1.75,-71.47],[-1.0,-72.43],[-4.5,-71.93],[-4.93,-72.25],[-4.32,-72.5],[-4.75,-72.73],[-8.25,-72.48],[-9.5,-72.13],[-10.0,-72.35],[-10.24,-72.75],[-9.5,-72.96],[-8.5,-72.67],[-7.7,-73.25],[-8.03,-73.5],[-10.0,-73.81],[-10.22,-74.25],[-12.25,-74.76],[-13.9,-74.75],[-19.8,-75.75],[-27.75,-76.39],[-31.25,-77.56],[-32.87,-77.75],[-33.25,-78.0],[-32.8,-78.25],[-33.43,-78.5],[-36.5,-78.54]]}},{"type":"Feature","properties":{"level":980},"geometry":{"type":"LineString","coordinates":[[162.75,-78.32],[161.5,-78.04],[160.74,-77.25],[161.75,-77.18],[162.67,-77.5],[162.34,-77.75],[163.0,-77.97],[162.75,-78.32]]}},{"type":"Feature","properties":{"level":980},"geometry":{"type":"LineString","coordinates":[[-104.5,-77.26],[-108.25,-76.92],[-111.0,-76.35],[-112.75,-76.45],[-114.25,-75.98],[-116.5,-76.03],[-120.75,-75.65],[-123.0,-75.18],[-130.76,-75.0],[-129.43,-74.75],[-129.49,-74.5],[-130.78,-74.0],[-127.5,-73.56],[-126.75,-73.84],[-126.17,-73.75],[-126.75,-73.64],[-127.0,-73.29],[-127.61,-73.25],[-127.25,-72.96],[-125.5,-72.55],[-122.5,-71.38],[-119.0,-69.16],[-117.33,-67.25],[-116.81,-66.0],[-116.64,-64.75],[-117.13,-62.75],[-119.23,-60.5],[-122.07,-58.25],[-122.57,-57.25],[-122.7,-55.25],[-121.5,-53.76],[-119.75,-53.02],[-118.0,-52.9],[-114.75,-53.28],[-111.75,-54.02],[-108.47,-56.25],[-108.02,-57.25],[-107.63,-57.5],[-108.09,-59.25],[-107.75,-60.25],[-106.28,-61.5],[-103.75,-62.52],[-99.0,-63.67],[-97.5,-63.69],[-94.0,-62.92],[-91.47,-63.75],[-89.8,-65.0],[-89.71,-65.5],[-89.96,-65.75],[-93.34,-67.25],[-93.69,-68.0],[-93.5,-70.75],[-93.64,-72.0],[-94.11,-72.5],[-96.58,-74.0],[-96.07,-74.25],[-95.5,-75.0],[-97.25,-75.76],[-97.66,-76.25],[-97.5,-76.5],[-98.47,-76.75],[-97.11,-77.25],[-104.5,-77.26]]}},{"type":"Feature","properties":{"level":980},"geometry":{"type":"LineString","coordinates":[[160.75,-76.8],[160.53,-76.75],[161.0,-76.58],[161.68,-76.75],[160.75,-76.8]]}},{"type":"Feature","properties":{"level":980},"geometry":{"type":"LineString","coordinates":[[-132.0,-74.31],[-132.21,-74.25],[-131.5,-74.09],[-130.95,-74.25],[-132.0,-74.31]]}},{"type":"Feature","properties":{"level":980},"geometry":{"type":"LineString","coordinates":[[170.75,-72.64],[170.75,-72.34],[170.97,-72.5],[170.75,-72.64]]}},{"type":"Feature","properties":{"level":980},"geometry":{"type":"LineString","coordinates":[[169.0,-72.31],[168.25,-71.96],[166.25,-71.73],[166.1,-71.5],[166.5,-71.28],[167.75,-71.24],[169.88,-71.75],[169.75,-72.32],[169.0,-72.31]]}},{"type":"Feature","properties":{"level":980},"geometry":{"type":"LineString","coordinates":[[171.0,-71.9],[171.0,-71.72],[171.0,-71.9]]}},{"type":"Feature","properties":{"level":980},"geometry":{"type":"LineString","coordinates":[[50.41,-68.25],[50.5,-68.47],[51.92,-68.25],[50.75,-67.99],[50.41,-68.25]]}},{"type":"Feature","properties":{"level":980},"geometry":{"type":"LineString","coordinates":[[-180.0,-65.51],[-168.75,-61.19],[-165.0,-60.04],[-162.5,-59.56],[-158.5,-59.04],[-154.75,-58.9],[-152.0,-58.13],[-144.5,-59.6],[-143.5,-59.98],[-142.64,-61.0],[-142.15,-62.0],[-141.83,-63.75],[-141.97,-65.5],[-142.65,-68.0],[-145.26,-71.0],[-146.8,-73.25],[-146.5,-73.52],[-144.25,-74.04],[-143.46,-74.75],[-145.47,-75.75],[-143.0,-75.58],[-140.75,-75.86],[-139.5,-75.5],[-138.77,-76.0],[-139.65,-76.5],[-137.33,-77.0],[-137.37,-77.25],[-136.36,-78.25],[-133.5,-79.15],[-131.75,-80.45],[-128.83,-80.75],[-131.61,-81.0],[-129.77,-81.5],[-133.25,-81.88],[-138.43,-83.25],[-143.45,-84.25],[-156.75,-84.51],[-168.5,-84.36],[-170.0,-84.53],[-172.0,-84.28],[-172.4,-84.5],[-170.5,-84.89],[-166.25,-84.88],[-161.0,-85.75],[-161.25,-85.78],[-164.1,-85.75],[-172.75,-84.87],[-175.0,-85.32],[-175.33,-85.25],[-174.52,-85.0],[-175.72,-84.75],[-175.5,-84.5],[-173.5,-84.64],[-172.79,-84.25],[-175.0,-84.31],[-180.0,-83.57]]}},{"type":"Feature","properties":{"level":980},"geometry":{"type":"LineString","coordinates":[[117.75,-54.57],[117.13,-54.0],[116.93,-53.25],[118.25,-53.39],[119.49,-54.25],[119.39,-54.5],[118.5,-54.72],[117.75,-54.57]]}},{"type":"Feature","properties":{"level":980},"geometry":{"type":"LineString","coordinates":[[113.75,-48.82],[114.25,-48.24],[115.0,-48.25],[114.75,-48.57],[113.75,-48.82]]}},{"type":"Feature","properties":{"level":980},"geometry":{"type":"LineString","coordinates":[[171.25,47.96],[169.0,48.97],[165.25,51.75],[159.5,53.52],[159.41,54.0],[159.9,55.0],[159.75,55.36],[159.5,55.56],[159.5,55.25],[158.5,55.21],[158.6,55.5],[158.16,55.75],[159.08,56.0],[159.92,57.5],[159.75,57.7],[156.75,57.01],[156.34,56.5],[156.29,55.75],[154.75,54.82],[149.5,53.57],[147.25,53.61],[145.25,54.28],[144.23,55.5],[144.02,56.25],[144.13,57.0],[144.75,57.85],[146.32,58.75],[148.0,59.29],[151.75,59.47],[152.25,59.82],[153.0,59.89],[153.75,60.43],[155.0,60.74],[164.75,61.09],[165.75,60.71],[167.16,60.75],[171.75,59.49],[173.75,58.31],[174.57,57.25],[174.89,56.25],[174.7,53.75],[175.37,51.75],[174.77,50.25],[173.5,48.86],[172.25,48.17],[171.25,47.96]]}},{"type":"Feature","properties":{"level":980},"geometry":{"type":"LineString","coordinates":[[49.25,70.0],[42.78,71.5],[38.9,73.25],[38.76,73.5],[40.25,74.33],[44.0,73.27],[52.75,72.3],[55.75,71.48],[56.36,71.0],[55.87,70.5],[54.75,70.13],[51.75,69.9],[49.25,70.0]]}},{"type":"Feature","properties":{"level":984},"geometry":{"type":"LineString","coordinates":[[-161.5,-87.26],[-161.73,-87.25],[-159.66,-87.25],[-161.5,-87.26]]}},{"type":"Feature","properties":{"level":984},"geometry":{"type":"LineString","coordinates":[[180.0,-85.28],[172.5,-85.26],[169.53,-85.0],[170.19,-84.5],[170.0,-84.45],[165.0,-84.65],[164.0,-84.42],[163.88,-84.25],[166.52,-83.75],[165.0,-83.42],[162.25,-83.83],[159.58,-83.75],[160.18,-83.25],[159.41,-83.0],[159.55,-82.75],[160.99,-82.5],[158.75,-81.83],[157.17,-81.75],[156.93,-81.5],[157.24,-81.0],[159.56,-80.25],[159.1,-80.0],[159.46,-79.75],[159.41,-79.5],[157.8,-79.25],[158.25,-79.02],[160.0,-79.09],[162.11,-78.5],[160.42,-78.0],[160.47,-77.5],[159.86,-77.25],[160.61,-77.0],[159.47,-76.75],[159.37,-76.5],[160.04,-76.25],[157.27,-75.75],[157.75,-75.3],[160.5,-74.42],[161.5,-74.5],[161.9,-74.0],[161.0,-73.46],[151.5,-72.96],[149.0,-72.4],[144.5,-72.21],[133.75,-70.94],[131.25,-71.1],[123.53,-72.25],[111.25,-73.48],[100.0,-73.37],[91.5,-74.46],[87.91,-73.75],[86.25,-72.74],[83.25,-72.05],[82.0,-72.21],[79.16,-73.25],[76.65,-75.0],[75.5,-75.49],[70.0,-75.55],[63.75,-75.28],[62.82,-75.0],[61.13,-73.5],[61.03,-72.25],[62.47,-71.25],[62.99,-70.5],[60.0,-69.2],[56.75,-68.71],[55.0,-68.85],[51.0,-69.71],[47.75,-69.88],[43.5,-71.02],[37.25,-70.97],[35.25,-71.3],[34.0,-71.22],[28.75,-71.72],[26.5,-72.2],[21.5,-71.95],[20.0,-72.32],[19.57,-72.25],[20.2,-72.0],[20.3,-71.75],[18.0,-71.47],[16.75,-71.81],[16.0,-71.46],[14.0,-71.34],[12.7,-71.5],[12.25,-71.77],[10.5,-71.38],[8.5,-71.47],[4.75,-72.07],[2.0,-71.99],[-0.41,-72.75],[-0.4,-73.0],[-0.75,-73.06],[-1.25,-73.63],[-3.24,-73.5],[-3.21,-73.25],[-3.5,-73.02],[-6.0,-73.12],[-8.5,-74.2],[-11.33,-74.75],[-11.68,-75.25],[-13.0,-75.71],[-12.46,-76.0],[-12.75,-76.05],[-16.0,-75.83],[-24.63,-76.5],[-23.44,-77.0],[-26.5,-77.77],[-29.23,-78.0],[-29.76,-78.25],[-29.76,-78.5],[-29.5,-78.58],[-27.0,-78.8],[-25.98,-79.25],[-29.5,-79.8],[-32.75,-79.84],[-40.75,-79.04],[-44.02,-77.75],[-43.25,-77.0],[-43.5,-76.89],[-46.71,-77.75],[-45.25,-77.79],[-44.25,-78.09],[-44.11,-78.25],[-45.96,-78.75],[-44.18,-79.0],[-44.0,-79.31],[-43.0,-79.5],[-45.25,-80.12],[-49.69,-80.0],[-46.98,-79.25],[-48.0,-78.73],[-49.75,-78.85],[-51.75,-78.42],[-55.5,-78.5],[-56.69,-78.0],[-51.25,-76.25],[-43.0,-76.43],[-36.5,-74.0],[-33.75,-71.93],[-29.75,-69.57],[-24.42,-67.25],[-21.75,-65.74],[-18.69,-63.25],[-9.11,-54.0],[-6.23,-51.75],[-4.5,-50.9],[-2.5,-50.34],[0.0,-50.19],[7.25,-50.98],[10.0,-50.96],[11.0,-50.66],[16.0,-47.58],[17.25,-47.59],[20.76,-49.0],[26.01,-53.25],[28.61,-56.25],[28.59,-57.0],[27.91,-58.75],[28.36,-59.5],[31.5,-61.04],[38.0,-62.99],[40.25,-63.03],[43.25,-62.71],[56.0,-60.77],[57.75,-60.29],[65.25,-60.92],[68.5,-60.66],[78.0,-58.15],[83.25,-55.5],[84.5,-55.3],[86.5,-54.36],[94.55,-52.25],[96.25,-52.03],[100.04,-52.25],[105.5,-53.89],[111.82,-53.75],[113.5,-53.13],[114.11,-52.5],[113.84,-51.5],[112.56,-49.5],[112.59,-48.0],[113.5,-47.06],[115.0,-46.56],[115.97,-46.75],[117.12,-50.0],[118.08,-51.25],[120.61,-53.0],[122.75,-55.01],[138.0,-59.63],[140.75,-60.36],[141.25,-60.2],[144.5,-62.01],[152.5,-64.56],[156.75,-65.28],[161.5,-65.31],[167.5,-65.06],[174.25,-63.99],[175.5,-64.33],[180.0,-63.73]]}},{"type":"Feature","properties":{"level":984},"geometry":{"type":"LineString","coordinates":[[-56.5,-83.56],[-56.77,-83.25],[-55.5,-83.0],[-51.75,-82.49],[-49.0,-82.5],[-51.0,-83.08],[-56.5,-83.56]]}},{"type":"Feature","properties":{"level":984},"geometry":{"type":"LineString","coordinates":[[-38.0,-81.01],[-37.74,-81.0],[-38.0,-81.01]]}},{"type":"Feature","properties":{"level":984},"geometry":{"type":"LineString","coordinates":[[-40.75,-80.77],[-41.55,-80.5],[-41.74,-80.0],[-40.5,-79.83],[-39.62,-80.25],[-39.71,-80.5],[-40.75,-80.77]]}},{"type":"Feature","properties":{"level":984},"geometry":{"type":"LineString","coordinates":[[-28.5,-80.62],[-28.71,-80.5],[-28.0,-80.34],[-26.69,-80.5],[-28.5,-80.62]]}},{"type":"Feature","properties":{"level":984},"geometry":{"type":"LineString","coordinates":[[-47.17,-77.75],[-46.89,-77.75],[-47.17,-77.75]]}},{"type":"Feature","properties":{"level":984},"geometry":{"type":"LineString","coordinates":[[-79.75,-77.27],[-80.0,-77.25],[-78.75,-76.87],[-78.04,-77.0],[-78.41,-77.25],[-79.75,-77.27]]}},{"type":"Feature","properties":{"level":984},"geometry":{"type":"LineString","coordinates":[[3.05,-71.75],[4.25,-71.93],[4.88,-71.75],[4.74,-71.5],[4.25,-71.46],[3.05,-71.75]]}},{"type":"Feature","properties":{"level":984},"geometry":{"type":"LineString","coordinates":[[43.95,-69.75],[45.0,-69.82],[46.98,-69.5],[46.79,-69.25],[44.5,-68.87],[42.76,-69.0],[42.75,-69.31],[42.43,-69.5],[43.95,-69.75]]}},{"type":"Feature","properties":{"level":984},"geometry":{"type":"LineString","coordinates":[[-180.0,-63.73],[-174.81,-62.5],[-165.5,-59.31],[-160.28,-58.25],[-155.75,-57.79],[-154.75,-57.47],[-154.0,-56.88],[-153.0,-56.85],[-144.0,-58.37],[-142.25,-59.06],[-141.25,-60.12],[-140.11,-62.5],[-139.19,-65.5],[-139.29,-66.75],[-139.01,-68.25],[-138.28,-69.0],[-134.0,-70.13],[-130.0,-70.07],[-127.0,-69.63],[-124.5,-68.68],[-123.65,-68.0],[-122.68,-66.5],[-122.68,-65.0],[-122.38,-63.75],[-122.55,-62.0],[-123.77,-60.25],[-124.5,-57.0],[-124.49,-55.75],[-123.86,-54.0],[-123.25,-53.07],[-122.0,-52.12],[-120.0,-51.82],[-117.5,-51.83],[-115.0,-52.17],[-112.0,-52.93],[-109.0,-54.35],[-106.02,-56.5],[-104.86,-59.0],[-102.93,-60.5],[-101.5,-61.17],[-98.5,-61.74],[-94.0,-61.67],[-88.75,-63.54],[-87.64,-64.5],[-87.23,-65.25],[-87.33,-65.75],[-88.27,-66.75],[-88.23,-67.25],[-88.74,-67.75],[-88.81,-68.25],[-86.66,-70.0],[-85.7,-71.75],[-87.25,-73.04],[-87.58,-73.75],[-88.26,-74.25],[-88.21,-74.5],[-87.68,-74.75],[-87.94,-75.25],[-87.5,-75.75],[-88.75,-76.36],[-87.56,-76.75],[-93.75,-77.62],[-102.75,-77.75],[-112.5,-77.1],[-114.25,-77.09],[-115.5,-77.42],[-116.0,-77.09],[-117.25,-76.96],[-119.84,-77.25],[-119.0,-77.51],[-123.25,-77.51],[-124.92,-77.25],[-124.0,-76.91],[-121.5,-76.93],[-119.96,-76.5],[-123.0,-76.03],[-125.5,-76.55],[-125.85,-76.5],[-125.14,-76.25],[-126.25,-75.9],[-128.5,-75.75],[-132.0,-75.74],[-132.5,-76.11],[-133.75,-76.09],[-135.96,-76.5],[-129.86,-76.75],[-128.0,-77.28],[-126.25,-76.92],[-125.24,-77.0],[-125.37,-77.25],[-126.62,-77.5],[-124.5,-78.23],[-124.6,-78.75],[-123.5,-79.99],[-121.75,-80.69],[-120.0,-80.95],[-118.75,-81.04],[-115.31,-80.5],[-117.7,-80.0],[-119.06,-79.25],[-118.25,-78.66],[-116.75,-78.29],[-113.75,-79.38],[-111.94,-79.75],[-111.41,-80.0],[-111.84,-80.25],[-110.99,-81.0],[-110.0,-81.19],[-103.25,-81.97],[-93.25,-81.75],[-94.35,-82.25],[-96.75,-82.68],[-97.92,-83.25],[-100.5,-83.79],[-106.98,-84.25],[-106.5,-84.6],[-105.6,-84.75],[-113.75,-85.08],[-115.61,-85.25],[-116.75,-85.64],[-119.11,-85.75],[-117.25,-86.13],[-112.9,-86.25],[-113.4,-86.5],[-122.25,-86.93],[-150.25,-87.25],[-153.25,-87.18],[-153.76,-87.0],[-153.24,-86.75],[-154.0,-86.64],[-157.75,-86.58],[-159.91,-86.25],[-158.78,-86.0],[-159.25,-85.96],[-164.75,-86.01],[-171.5,-85.21],[-175.25,-85.55],[-176.47,-85.25],[-176.2,-85.0],[-176.5,-84.99],[-177.74,-85.0],[-177.27,-85.25],[-180.0,-85.28]]}},{"type":"Feature","properties":{"level":984},"geometry":{"type":"LineString","coordinates":[[-122.75,21.5],[-122.78,22.25],[-122.16,22.25],[-122.0,21.6],[-122.25,21.4],[-122.75,21.5]]}},{"type":"Feature","properties":{"level":984},"geometry":{"type":"LineString","coordinates":[[171.0,47.48],[169.0,48.32],[163.75,51.51],[159.0,52.9],[158.0,53.86],[157.28,54.0],[157.0,54.52],[155.0,53.77],[150.75,53.08],[147.5,53.06],[145.25,53.59],[144.35,54.0],[143.31,55.0],[142.87,56.0],[142.63,57.75],[144.25,59.62],[145.75,59.52],[148.0,60.35],[152.5,60.5],[154.5,61.06],[155.25,61.8],[160.75,61.91],[162.75,61.7],[163.5,61.76],[164.0,62.05],[165.25,61.6],[167.5,61.46],[168.75,61.09],[169.5,61.2],[170.75,60.42],[172.59,60.0],[174.48,59.0],[175.68,58.0],[176.73,56.25],[176.61,55.25],[175.84,53.5],[176.1,51.5],[175.6,50.25],[174.89,49.25],[173.25,47.88],[172.0,47.39],[171.0,47.48]]}},{"type":"Feature","properties":{"level":984},"geometry":{"type":"LineString","coordinates":[[50.25,69.25],[43.75,70.04],[40.0,71.06],[35.43,73.0],[32.58,75.0],[31.95,76.0],[32.75,76.76],[35.5,77.47],[41.75,77.05],[47.25,75.47],[53.0,74.31],[54.75,73.55],[54.75,72.93],[58.25,71.8],[58.87,71.25],[59.06,70.75],[58.87,70.25],[58.5,70.02],[56.5,69.56],[50.25,69.25]]}},{"type":"Feature","properties":{"level":988},"geometry":{"type":"LineString","coordinates":[[166.75,-88.75],[166.59,-88.75],[173.73,-88.75],[166.75,-88.75]]}},{"type":"Feature","properties":{"level":988},"geometry":{"type":"LineString","coordinates":[[180.0,-88.58],[177.63,-88.5],[180.0,-87.99]]}},{"type":"Feature","properties":{"level":988},"geometry":{"type":"LineString","coordinates":[[-180.0,-87.99],[-173.25,-87.37],[-170.25,-86.67],[-164.75,-86.49],[-162.75,-86.79],[-160.44,-86.25],[-168.0,-85.85],[-174.25,-86.01],[-177.56,-85.5],[-180.0,-85.41]]}},{"type":"Feature","properties":{"level":988},"geometry":{"type":"LineString","coordinates":[[-159.05,-86.75],[-156.16,-86.75],[-159.05,-86.75]]}},{"type":"Feature","properties":{"level":988},"geometry":{"type":"LineString","coordinates":[[-94.5,-85.26],[-92.65,-85.25],[-94.5,-85.26]]}},{"type":"Feature","properties":{"level":988},"geometry":{"type":"LineString","coordinates":[[180.0,-85.41],[172.5,-85.48],[169.25,-85.11],[167.5,-85.41],[164.5,-85.39],[163.61,-85.25],[164.55,-85.0],[162.25,-84.86],[160.0,-84.36],[157.48,-84.25],[163.97,-84.0],[158.35,-83.75],[159.25,-83.61],[159.75,-83.25],[158.75,-82.97],[158.04,-83.25],[157.16,-83.25],[157.32,-82.75],[155.41,-82.25],[156.27,-82.0],[155.27,-81.75],[157.75,-80.5],[157.0,-80.36],[156.6,-80.0],[158.42,-79.75],[155.78,-79.0],[160.36,-78.5],[159.63,-78.25],[159.93,-77.75],[159.89,-77.5],[159.4,-77.25],[159.48,-77.0],[158.22,-76.75],[157.86,-76.25],[156.25,-75.85],[154.25,-75.82],[151.0,-74.68],[138.5,-72.84],[136.0,-72.29],[133.0,-71.99],[129.5,-72.15],[121.25,-72.83],[113.25,-73.89],[107.5,-74.19],[102.75,-74.02],[97.75,-74.25],[91.5,-75.0],[84.5,-74.0],[82.5,-74.07],[78.75,-74.84],[76.5,-75.72],[75.0,-75.98],[66.0,-76.06],[62.29,-75.5],[60.65,-74.75],[60.13,-74.0],[60.13,-73.5],[59.89,-73.25],[60.06,-73.0],[59.38,-72.25],[61.84,-70.75],[62.1,-70.5],[62.0,-70.33],[58.55,-69.25],[57.0,-69.02],[51.25,-69.9],[47.5,-70.21],[46.53,-70.75],[47.07,-71.0],[43.25,-71.31],[37.75,-71.31],[34.75,-71.97],[29.5,-71.96],[24.25,-72.54],[20.0,-72.54],[16.0,-72.34],[15.59,-72.25],[15.5,-71.96],[14.75,-72.11],[14.0,-71.79],[10.75,-71.72],[10.0,-71.96],[7.75,-71.95],[4.5,-72.38],[1.75,-72.37],[0.86,-72.75],[1.25,-73.25],[0.88,-73.75],[-0.25,-74.29],[-3.75,-73.68],[-6.25,-74.39],[-7.5,-74.33],[-10.25,-74.76],[-12.12,-75.5],[-12.26,-75.75],[-11.34,-76.0],[-11.36,-76.25],[-14.25,-76.24],[-15.5,-76.51],[-18.25,-76.27],[-22.0,-76.71],[-21.25,-77.0],[-21.4,-77.25],[-22.92,-77.5],[-22.15,-77.75],[-22.5,-78.03],[-18.25,-78.61],[-17.49,-79.0],[-19.17,-79.25],[-18.38,-79.5],[-18.97,-80.0],[-19.15,-80.5],[-25.5,-80.55],[-33.74,-81.5],[-29.4,-81.75],[-36.75,-82.1],[-40.41,-83.25],[-43.75,-83.88],[-51.25,-84.02],[-68.0,-85.01],[-69.45,-84.75],[-66.87,-84.5],[-67.75,-84.19],[-72.74,-83.75],[-77.25,-83.65],[-77.87,-83.5],[-77.68,-83.25],[-78.12,-83.0],[-81.45,-82.25],[-79.75,-81.74],[-78.41,-81.0],[-78.35,-80.75],[-79.5,-80.16],[-80.37,-80.0],[-79.5,-79.99],[-79.35,-79.75],[-79.57,-79.5],[-78.0,-79.49],[-77.0,-79.07],[-71.25,-79.33],[-68.98,-78.75],[-68.55,-78.25],[-64.28,-77.0],[-64.14,-76.75],[-66.47,-76.5],[-66.59,-76.25],[-64.25,-76.26],[-62.95,-76.0],[-62.89,-75.75],[-63.25,-75.47],[-65.3,-75.5],[-65.19,-75.25],[-64.25,-75.15],[-63.5,-74.7],[-62.5,-74.63],[-62.0,-74.13],[-61.1,-73.75],[-61.09,-73.5],[-60.0,-73.12],[-56.5,-73.75],[-49.75,-73.57],[-46.75,-73.04],[-45.5,-72.37],[-44.18,-72.25],[-43.5,-71.71],[-42.32,-71.5],[-42.11,-71.25],[-42.22,-71.0],[-41.92,-70.5],[-42.26,-70.0],[-42.07,-69.75],[-42.53,-69.5],[-45.25,-69.37],[-48.0,-68.9],[-48.93,-68.5],[-49.59,-67.75],[-51.5,-67.39],[-55.96,-67.25],[-55.32,-67.0],[-55.33,-66.75],[-56.02,-65.75],[-56.78,-65.5],[-56.78,-65.0],[-55.5,-63.41],[-52.5,-63.24],[-48.25,-64.03],[-47.1,-64.5],[-46.4,-65.25],[-44.75,-65.83],[-38.0,-66.08],[-35.25,-66.84],[-33.5,-66.74],[-27.0,-64.24],[-20.25,-60.85],[-17.5,-59.06],[-12.79,-54.75],[-9.5,-52.15],[-6.5,-50.31],[-4.5,-49.65],[-1.75,-49.28],[6.5,-49.63],[9.0,-49.51],[12.0,-48.34],[14.75,-46.59],[16.0,-46.27],[19.0,-47.2],[21.25,-48.36],[25.0,-51.17],[30.25,-56.25],[30.45,-56.75],[30.31,-57.75],[31.25,-58.76],[34.5,-60.12],[40.5,-61.51],[42.25,-61.57],[46.0,-61.19],[58.5,-59.15],[65.5,-59.66],[68.0,-59.45],[76.75,-57.06],[82.25,-54.75],[85.75,-53.67],[95.96,-51.0],[101.0,-50.97],[104.0,-51.83],[105.42,-52.0],[108.75,-51.78],[110.0,-51.39],[110.8,-50.5],[111.37,-47.5],[112.3,-46.0],[113.75,-45.02],[115.25,-44.85],[115.21,-44.25],[115.5,-44.22],[115.75,-44.75],[117.5,-46.31],[121.6,-51.25],[124.54,-53.75],[127.0,-54.48],[129.5,-54.85],[132.67,-56.25],[142.0,-59.17],[148.25,-61.63],[153.25,-63.28],[157.75,-63.95],[165.75,-63.97],[180.0,-62.3]]}},{"type":"Feature","properties":{"level":988},"geometry":{"type":"LineString","coordinates":[[-97.75,-85.01],[-98.21,-84.75],[-96.65,-84.75],[-97.75,-85.01]]}},{"type":"Feature","properties":{"level":988},"geometry":{"type":"LineString","coordinates":[[-71.75,-84.78],[-71.97,-84.75],[-69.96,-84.75],[-71.75,-84.78]]}},{"type":"Feature","properties":{"level":988},"geometry":{"type":"LineString","coordinates":[[-98.86,-81.25],[-92.5,-80.88],[-89.75,-80.36],[-89.25,-79.98],[-85.5,-79.91],[-84.32,-79.75],[-84.13,-79.5],[-86.25,-78.87],[-86.25,-78.39],[-85.93,-78.25],[-86.25,-77.85],[-86.5,-78.22],[-88.0,-77.87],[-96.25,-77.98],[-102.25,-78.17],[-105.5,-78.69],[-109.3,-78.75],[-109.14,-79.0],[-107.25,-79.65],[-105.33,-80.0],[-105.57,-80.25],[-105.03,-80.5],[-98.86,-81.25]]}},{"type":"Feature","properties":{"level":988},"geometry":{"type":"LineString","coordinates":[[13.0,-81.25],[8.21,-81.0],[7.23,-80.75],[7.94,-80.5],[5.65,-79.75],[12.0,-79.65],[14.5,-79.38],[15.71,-79.0],[12.67,-77.75],[13.25,-77.55],[25.0,-78.45],[27.63,-79.25],[27.5,-79.76],[22.5,-80.89],[19.41,-81.25],[13.0,-81.25]]}},{"type":"Feature","properties":{"level":988},"geometry":{"type":"LineString","coordinates":[[-81.5,-78.55],[-81.69,-78.25],[-79.64,-78.5],[-80.25,-78.69],[-81.5,-78.55]]}},{"type":"Feature","properties":{"level":988},"geometry":{"type":"LineString","coordinates":[[8.25,-77.0],[6.25,-76.29],[4.48,-76.25],[5.0,-75.66],[6.21,-75.5],[10.25,-76.31],[11.25,-76.74],[11.33,-77.0],[9.75,-77.19],[8.25,-77.0]]}},{"type":"Feature","properties":{"level":988},"geometry":{"type":"LineString","coordinates":[[-127.84,-76.75],[-127.5,-76.91],[-126.62,-76.75],[-127.25,-76.52],[-127.84,-76.75]]}},{"type":"Feature","properties":{"level":988},"geometry":{"type":"LineString","coordinates":[[-81.99,-76.75],[-80.79,-76.5],[-81.98,-76.5],[-81.99,-76.75]]}},{"type":"Feature","properties":{"level":988},"geometry":{"type":"LineString","coordinates":[[161.03,-74.0],[161.54,-74.0],[161.25,-73.64],[160.18,-73.75],[161.03,-74.0]]}},{"type":"Feature","properties":{"level":988},"geometry":{"type":"LineString","coordinates":[[-5.66,-73.75],[-4.25,-73.7],[-3.86,-73.25],[-5.25,-73.26],[-5.66,-73.75]]}},{"type":"Feature","properties":{"level":988},"geometry":{"type":"LineString","coordinates":[[-67.55,-71.75],[-67.08,-71.25],[-67.49,-70.5],[-68.2,-70.0],[-68.25,-69.63],[-69.75,-69.0],[-70.33,-69.0],[-70.25,-69.42],[-69.75,-69.37],[-68.94,-70.5],[-69.06,-71.0],[-68.81,-71.25],[-69.33,-71.5],[-67.55,-71.75]]}},{"type":"Feature","properties":{"level":988},"geometry":{"type":"LineString","coordinates":[[-64.25,-69.6],[-65.52,-69.25],[-65.0,-68.94],[-64.27,-69.0],[-64.04,-69.5],[-64.25,-69.6]]}},{"type":"Feature","properties":{"level":988},"geometry":{"type":"LineString","coordinates":[[-58.0,-67.54],[-58.19,-67.5],[-57.71,-67.0],[-58.0,-66.75],[-57.75,-66.67],[-57.0,-66.73],[-56.08,-67.25],[-56.47,-67.5],[-58.0,-67.54]]}},{"type":"Feature","properties":{"level":988},"geometry":{"type":"LineString","coordinates":[[-57.25,-66.32],[-56.79,-66.25],[-57.25,-66.32]]}},{"type":"Feature","properties":{"level":988},"geometry":{"type":"LineString","coordinates":[[-180.0,-62.3],[-176.69,-62.0],[-165.75,-58.51],[-162.0,-57.6],[-157.0,-56.89],[-155.25,-56.28],[-154.75,-55.87],[-153.75,-55.8],[-146.75,-56.79],[-145.75,-56.73],[-141.5,-57.55],[-140.75,-58.13],[-138.41,-61.0],[-137.42,-62.75],[-135.25,-64.92],[-133.2,-65.75],[-131.75,-65.89],[-130.75,-65.56],[-130.0,-64.8],[-129.3,-62.25],[-127.67,-60.5],[-127.0,-58.73],[-126.95,-56.75],[-126.25,-54.34],[-123.82,-50.5],[-123.0,-50.74],[-119.5,-50.25],[-115.75,-50.23],[-108.14,-53.5],[-105.25,-55.15],[-102.75,-57.43],[-101.75,-57.99],[-98.0,-59.28],[-96.25,-59.54],[-86.72,-63.0],[-84.42,-64.75],[-84.14,-65.5],[-84.23,-66.25],[-83.0,-67.56],[-79.75,-67.96],[-71.5,-67.78],[-69.5,-67.96],[-68.55,-68.5],[-68.25,-69.34],[-66.38,-69.75],[-66.23,-70.25],[-65.25,-70.49],[-65.1,-70.75],[-66.69,-71.25],[-66.84,-71.5],[-66.5,-71.85],[-66.75,-71.98],[-67.0,-71.7],[-67.23,-72.0],[-66.8,-72.5],[-67.67,-73.0],[-72.5,-73.46],[-74.5,-72.93],[-76.25,-73.11],[-78.25,-72.96],[-79.75,-73.47],[-80.13,-73.75],[-80.25,-74.25],[-77.75,-75.01],[-73.71,-75.5],[-74.25,-75.75],[-73.97,-76.0],[-67.75,-75.75],[-66.5,-75.33],[-65.99,-75.5],[-65.78,-75.75],[-66.0,-75.85],[-71.25,-76.71],[-74.75,-76.69],[-77.75,-76.35],[-77.76,-76.75],[-76.99,-77.25],[-77.25,-77.48],[-84.77,-77.5],[-84.87,-77.75],[-84.5,-78.23],[-83.65,-78.75],[-83.91,-79.0],[-80.85,-80.0],[-82.0,-80.4],[-85.0,-80.72],[-95.94,-82.75],[-96.58,-83.0],[-95.7,-83.25],[-97.63,-83.75],[-97.99,-84.0],[-97.75,-84.25],[-98.0,-84.35],[-99.73,-84.5],[-99.72,-84.75],[-109.2,-85.25],[-104.75,-85.75],[-104.73,-86.0],[-105.24,-86.25],[-106.5,-86.51],[-115.0,-87.14],[-148.5,-88.81],[-180.0,-88.58]]}},{"type":"Feature","properties":{"level":988},"geometry":{"type":"LineString","coordinates":[[-122.75,21.16],[-123.21,21.75],[-123.12,22.25],[-122.75,22.56],[-122.25,22.59],[-121.82,22.25],[-121.76,21.5],[-122.25,21.06],[-122.75,21.16]]}},{"type":"Feature","properties":{"level":988},"geometry":{"type":"LineString","coordinates":[[171.5,46.97],[169.25,47.51],[163.5,50.7],[156.75,52.81],[148.5,52.39],[144.75,53.1],[143.0,54.0],[142.14,54.75],[140.99,57.25],[140.49,57.75],[141.44,59.25],[142.75,60.1],[144.75,60.19],[146.75,60.84],[150.25,60.73],[152.52,61.0],[154.25,61.74],[155.25,62.75],[156.5,63.11],[158.25,63.04],[159.75,62.54],[165.5,62.51],[166.25,62.15],[167.87,62.25],[168.75,62.54],[170.25,61.45],[170.5,61.58],[171.75,60.83],[173.29,60.5],[175.4,59.5],[177.5,57.53],[178.29,56.25],[178.08,54.75],[176.94,53.0],[176.74,51.0],[176.25,49.64],[175.25,48.59],[173.75,47.51],[172.25,46.96],[171.5,46.97]]}},{"type":"Feature","properties":{"level":988},"geometry":{"type":"LineString","coordinates":[[-41.25,59.96],[-41.64,60.25],[-41.51,60.5],[-40.79,60.5],[-40.68,60.25],[-41.25,59.96]]}},{"type":"Feature","properties":{"level":988},"geometry":{"type":"LineString","coordinates":[[49.5,68.49],[40.0,69.4],[35.84,70.75],[31.0,73.41],[28.51,75.25],[27.3,76.75],[27.27,78.75],[31.0,79.56],[39.25,80.16],[44.5,80.09],[49.25,79.46],[55.79,76.75],[57.5,76.41],[58.38,76.0],[58.58,75.75],[57.47,75.25],[57.18,74.75],[57.43,74.0],[60.5,72.88],[61.46,72.0],[61.79,71.25],[61.75,70.5],[61.19,69.75],[59.5,68.88],[56.25,68.51],[49.5,68.49]]}},{"type":"Feature","properties":{"level":992},"geometry":{"type":"LineString","coordinates":[[180.0,-89.47],[139.95,-89.0],[145.76,-88.75],[146.11,-88.5],[143.92,-88.25],[147.5,-88.12],[158.75,-87.78],[174.25,-87.94],[180.0,-87.54]]}},{"type":"Feature","properties":{"level":992},"geometry":{"type":"LineString","coordinates":[[-180.0,-87.54],[-173.88,-87.0],[-176.86,-86.5],[-170.78,-86.25],[-176.0,-86.18],[-180.0,-86.48]]}},{"type":"Feature","properties":{"level":992},"geometry":{"type":"LineString","coordinates":[[157.25,-86.76],[151.11,-86.5],[159.75,-86.33],[162.02,-86.75],[157.25,-86.76]]}},{"type":"Feature","properties":{"level":992},"geometry":{"type":"LineString","coordinates":[[-167.92,-86.25],[-166.85,-86.25],[-167.92,-86.25]]}},{"type":"Feature","properties":{"level":992},"geometry":{"type":"LineString","coordinates":[[-164.57,-86.25],[-162.25,-86.42],[-161.04,-86.25],[-164.57,-86.25]]}},{"type":"Feature","properties":{"level":992},"geometry":{"type":"LineString","coordinates":[[180.0,-86.48],[160.75,-86.31],[156.42,-85.75],[157.37,-85.5],[156.63,-85.25],[157.0,-85.14],[160.98,-85.0],[160.55,-84.75],[158.0,-84.58],[152.72,-84.75],[155.0,-84.23],[158.84,-84.0],[154.4,-83.25],[153.82,-83.0],[154.47,-82.5],[152.0,-82.33],[150.86,-82.0],[150.37,-81.75],[150.48,-81.5],[149.73,-81.25],[152.0,-80.56],[155.75,-80.4],[155.8,-80.0],[156.59,-79.5],[155.0,-79.08],[155.0,-78.84],[158.25,-78.4],[158.52,-78.25],[158.38,-77.75],[158.72,-77.25],[154.81,-77.0],[148.0,-75.4],[146.0,-75.34],[140.75,-74.19],[137.36,-73.75],[134.5,-73.01],[130.75,-72.72],[126.0,-72.89],[122.0,-73.18],[108.5,-74.85],[105.0,-74.7],[96.75,-74.96],[92.0,-75.46],[86.25,-75.39],[84.25,-75.16],[81.75,-75.55],[79.25,-76.3],[65.5,-76.73],[58.5,-74.77],[59.01,-74.25],[58.64,-73.25],[58.85,-72.75],[58.5,-72.0],[60.68,-70.5],[58.25,-69.73],[56.0,-69.49],[51.07,-70.25],[50.49,-70.5],[50.51,-70.75],[49.77,-71.0],[37.75,-71.6],[36.5,-71.76],[34.75,-72.34],[31.0,-72.6],[28.75,-72.28],[27.0,-72.54],[25.25,-72.47],[24.5,-72.82],[14.25,-72.42],[12.5,-72.02],[11.75,-72.4],[11.0,-72.05],[10.0,-72.26],[6.75,-72.22],[2.72,-73.25],[4.61,-74.25],[4.82,-74.75],[5.75,-75.0],[12.75,-76.18],[32.03,-78.5],[33.25,-78.81],[33.93,-79.25],[33.59,-79.5],[28.43,-80.75],[28.35,-81.25],[25.11,-82.0],[6.1,-81.0],[3.94,-80.5],[4.97,-80.25],[5.15,-80.0],[4.11,-79.5],[5.0,-79.32],[11.75,-79.44],[13.75,-79.29],[14.48,-79.0],[13.25,-78.47],[7.0,-78.04],[-4.5,-75.96],[-8.75,-75.81],[-10.25,-75.93],[-10.05,-76.25],[-10.75,-76.43],[-13.19,-76.5],[-13.35,-76.75],[-12.75,-76.9],[-9.81,-77.0],[-9.78,-77.25],[-12.0,-77.75],[-12.75,-77.78],[-13.42,-77.25],[-15.25,-76.79],[-17.5,-76.72],[-19.03,-77.0],[-17.91,-77.25],[-18.32,-77.5],[-18.09,-77.75],[-14.46,-78.0],[-12.87,-78.75],[-15.25,-79.34],[-15.98,-80.0],[-15.18,-80.25],[-17.66,-80.75],[-17.61,-81.0],[-18.0,-81.29],[-20.75,-81.25],[-19.71,-81.5],[-23.5,-81.98],[-26.75,-81.83],[-32.75,-82.35],[-37.5,-83.3],[-41.4,-84.5],[-43.75,-84.74],[-60.75,-85.4],[-68.5,-86.28],[-81.75,-86.98],[-88.0,-87.59],[-103.75,-87.91],[-105.76,-88.25],[-102.7,-89.0],[-107.1,-89.25],[-134.63,-89.5],[-180.0,-89.47]]}},{"type":"Feature","properties":{"level":992},"geometry":{"type":"LineString","coordinates":[[-180.0,-85.91],[-178.63,-85.75],[-180.0,-85.64]]}},{"type":"Feature","properties":{"level":992},"geometry":{"type":"LineString","coordinates":[[164.81,-85.75],[169.0,-85.83],[171.37,-85.5],[169.25,-85.24],[168.0,-85.61],[164.81,-85.75]]}},{"type":"Feature","properties":{"level":992},"geometry":{"type":"LineString","coordinates":[[180.0,-85.64],[175.5,-85.75],[175.03,-86.0],[180.0,-85.91]]}},{"type":"Feature","properties":{"level":992},"geometry":{"type":"LineString","coordinates":[[-94.31,-82.75],[-93.75,-82.94],[-91.25,-82.87],[-87.5,-82.46],[-85.58,-81.75],[-86.0,-81.37],[-87.25,-81.5],[-94.31,-82.75]]}},{"type":"Feature","properties":{"level":992},"geometry":{"type":"LineString","coordinates":[[153.94,-81.25],[154.75,-81.41],[157.13,-80.75],[155.0,-80.59],[154.25,-80.85],[153.94,-81.25]]}},{"type":"Feature","properties":{"level":992},"geometry":{"type":"LineString","coordinates":[[-25.94,-81.0],[-22.5,-81.22],[-21.86,-81.0],[-24.25,-80.84],[-25.94,-81.0]]}},{"type":"Feature","properties":{"level":992},"geometry":{"type":"LineString","coordinates":[[-99.65,-80.25],[-96.0,-79.95],[-92.25,-79.98],[-87.98,-79.25],[-90.0,-78.4],[-96.0,-78.3],[-98.55,-78.5],[-101.5,-79.16],[-101.93,-79.5],[-101.34,-79.75],[-101.25,-80.06],[-99.65,-80.25]]}},{"type":"Feature","properties":{"level":992},"geometry":{"type":"LineString","coordinates":[[1.11,-76.0],[2.0,-76.02],[2.45,-75.75],[2.0,-75.33],[1.0,-75.2],[0.66,-75.75],[1.11,-76.0]]}},{"type":"Feature","properties":{"level":992},"geometry":{"type":"LineString","coordinates":[[-71.16,-75.0],[-67.25,-74.99],[-66.25,-74.71],[-65.05,-74.75],[-65.21,-74.5],[-63.94,-74.0],[-64.0,-73.75],[-63.42,-72.75],[-64.5,-72.58],[-66.75,-73.38],[-72.75,-74.02],[-73.6,-74.5],[-71.16,-75.0]]}},{"type":"Feature","properties":{"level":992},"geometry":{"type":"LineString","coordinates":[[-9.86,-75.0],[-8.66,-75.0],[-9.86,-75.0]]}},{"type":"Feature","properties":{"level":992},"geometry":{"type":"LineString","coordinates":[[-7.95,-75.0],[-6.75,-75.23],[-6.08,-75.0],[-7.0,-74.73],[-7.95,-75.0]]}},{"type":"Feature","properties":{"level":992},"geometry":{"type":"LineString","coordinates":[[-0.26,-75.0],[0.75,-75.15],[0.86,-74.75],[-0.91,-74.75],[-0.26,-75.0]]}},{"type":"Feature","properties":{"level":992},"geometry":{"type":"LineString","coordinates":[[-180.0,-61.34],[-176.75,-61.0],[-173.75,-60.26],[-165.45,-57.5],[-157.75,-55.93],[-155.0,-54.83],[-147.75,-55.51],[-141.25,-55.77],[-140.25,-56.29],[-138.75,-57.79],[-136.0,-59.95],[-134.75,-60.58],[-133.0,-60.71],[-131.5,-59.82],[-130.38,-58.75],[-128.25,-53.89],[-125.83,-50.5],[-123.25,-49.11],[-121.0,-48.46],[-118.5,-47.94],[-117.0,-48.17],[-116.75,-47.5],[-115.5,-47.87],[-111.12,-50.5],[-106.75,-52.72],[-101.5,-56.04],[-90.25,-60.52],[-83.93,-62.75],[-80.88,-64.5],[-80.38,-65.5],[-79.5,-66.02],[-78.24,-66.5],[-76.75,-66.66],[-71.25,-66.74],[-67.0,-66.39],[-66.17,-66.5],[-66.0,-66.86],[-64.52,-66.5],[-64.47,-66.25],[-61.75,-64.86],[-59.25,-64.08],[-58.75,-63.52],[-57.73,-63.0],[-56.25,-62.67],[-52.5,-62.34],[-46.0,-62.56],[-40.5,-63.27],[-33.0,-62.62],[-24.5,-59.64],[-20.0,-57.72],[-16.57,-55.5],[-10.85,-51.0],[-8.02,-49.5],[-5.5,-48.79],[-2.75,-48.4],[5.75,-48.27],[8.25,-48.02],[11.0,-46.97],[13.75,-45.14],[14.5,-44.91],[18.0,-45.65],[22.0,-47.83],[27.25,-51.96],[31.63,-56.0],[32.41,-57.5],[33.5,-58.21],[37.5,-59.33],[42.0,-59.98],[44.5,-60.04],[60.0,-57.98],[63.5,-58.36],[67.25,-58.19],[73.0,-57.05],[83.22,-53.5],[97.0,-49.73],[99.0,-49.62],[103.25,-50.05],[107.0,-49.71],[108.25,-49.26],[109.65,-47.75],[110.39,-45.75],[111.57,-44.25],[113.0,-43.45],[115.0,-42.8],[117.5,-44.36],[125.34,-51.0],[127.25,-52.14],[131.0,-53.3],[135.5,-55.39],[144.5,-58.52],[147.75,-59.35],[155.53,-62.0],[157.25,-62.41],[160.25,-62.64],[168.0,-62.6],[180.0,-61.34]]}},{"type":"Feature","properties":{"level":992},"geometry":{"type":"LineString","coordinates":[[-123.0,21.0],[-123.48,21.75],[-123.29,22.5],[-122.5,22.85],[-122.0,22.7],[-121.48,22.0],[-121.63,21.25],[-122.25,20.79],[-123.0,21.0]]}},{"type":"Feature","properties":{"level":992},"geometry":{"type":"LineString","coordinates":[[170.25,46.72],[167.0,47.81],[162.5,50.11],[160.5,50.76],[157.25,51.28],[156.5,51.69],[149.25,51.7],[146.75,51.91],[144.35,52.5],[141.5,54.07],[139.74,55.75],[139.78,56.0],[138.7,57.25],[140.07,58.0],[140.15,59.25],[140.83,60.5],[141.25,60.8],[141.75,60.6],[143.0,60.98],[146.0,61.32],[148.25,61.22],[149.0,61.51],[151.5,61.65],[153.5,62.33],[153.64,62.75],[155.4,63.75],[155.75,64.31],[156.5,64.59],[158.0,64.62],[158.63,64.5],[158.5,64.24],[164.25,63.32],[167.0,63.25],[168.75,63.47],[170.14,63.25],[172.0,61.46],[175.0,60.64],[177.52,59.0],[179.19,56.75],[179.7,55.25],[179.43,54.25],[177.75,52.26],[177.47,50.75],[176.72,49.25],[175.5,47.9],[173.25,46.72],[172.0,46.52],[170.25,46.72]]}},{"type":"Feature","properties":{"level":992},"geometry":{"type":"LineString","coordinates":[[-47.25,54.73],[-47.74,55.25],[-47.0,55.48],[-46.43,55.25],[-46.46,55.0],[-47.25,54.73]]}},{"type":"Feature","properties":{"level":992},"geometry":{"type":"LineString","coordinates":[[-41.5,58.95],[-42.21,59.75],[-42.31,60.25],[-41.54,61.25],[-40.5,61.72],[-36.75,62.37],[-34.5,62.37],[-33.09,62.0],[-36.75,61.09],[-39.25,59.52],[-41.5,58.95]]}},{"type":"Feature","properties":{"level":992},"geometry":{"type":"LineString","coordinates":[[51.5,67.49],[39.5,68.44],[34.27,69.5],[30.75,71.46],[26.88,73.25],[24.87,74.75],[23.81,75.75],[23.11,77.0],[22.45,77.25],[23.48,78.0],[23.33,78.5],[23.79,79.0],[23.25,79.38],[26.61,80.0],[28.25,80.59],[30.5,80.9],[47.0,81.65],[56.25,81.47],[60.11,81.0],[60.97,80.75],[60.34,80.5],[60.5,80.44],[63.31,80.0],[63.49,79.5],[62.32,78.25],[63.75,77.25],[64.38,76.5],[63.63,76.0],[61.25,75.5],[63.5,74.54],[64.81,73.25],[65.34,71.25],[64.51,69.75],[62.17,68.25],[60.0,67.4],[51.5,67.49]]}},{"type":"Feature","properties":{"level":996},"geometry":{"type":"LineString","coordinates":[[180.0,-89.82],[128.0,-89.45],[124.32,-89.25],[119.25,-88.4],[118.19,-88.0],[118.3,-87.75],[120.86,-87.5],[127.5,-87.25],[137.5,-87.17],[147.5,-87.72],[153.98,-87.5],[157.12,-87.0],[147.52,-86.75],[148.3,-86.5],[151.49,-86.25],[152.0,-86.0],[149.72,-85.75],[149.59,-85.5],[151.23,-85.25],[149.96,-85.0],[149.02,-84.5],[150.48,-84.25],[150.57,-84.0],[149.3,-83.5],[150.03,-83.0],[149.95,-82.75],[147.63,-82.0],[147.62,-81.75],[148.08,-81.5],[147.97,-81.25],[149.5,-80.41],[154.0,-79.7],[154.04,-79.5],[153.44,-79.0],[154.42,-78.0],[154.09,-77.75],[142.75,-76.19],[137.25,-74.63],[133.59,-74.25],[129.5,-73.32],[122.5,-73.41],[112.25,-74.72],[109.75,-75.26],[94.5,-75.52],[89.75,-76.02],[83.5,-76.12],[78.5,-77.03],[73.75,-76.85],[65.75,-77.36],[63.75,-77.13],[61.34,-76.0],[59.5,-75.8],[57.18,-75.0],[56.97,-74.75],[57.75,-72.5],[57.77,-71.75],[58.44,-70.75],[55.75,-70.01],[50.25,-71.09],[37.25,-71.91],[35.0,-72.67],[33.5,-72.55],[31.0,-72.9],[27.75,-72.6],[24.75,-72.98],[21.0,-73.06],[17.0,-72.65],[6.75,-72.47],[6.03,-72.75],[6.02,-73.25],[5.12,-73.75],[6.5,-74.53],[11.25,-75.58],[20.0,-76.49],[26.5,-77.43],[36.5,-78.2],[37.34,-78.5],[36.97,-79.0],[37.1,-79.25],[36.6,-79.75],[32.58,-80.75],[32.63,-81.0],[31.25,-81.56],[26.5,-82.27],[21.75,-82.23],[4.75,-81.11],[1.99,-80.5],[1.73,-80.25],[1.95,-80.0],[1.8,-79.75],[2.09,-79.5],[-0.79,-79.0],[-1.07,-78.75],[-0.22,-78.5],[-0.81,-78.0],[-0.28,-77.75],[-0.5,-77.65],[-3.0,-76.9],[-5.25,-76.71],[-6.0,-76.84],[-6.39,-77.25],[-11.87,-78.0],[-10.5,-78.47],[-4.72,-78.75],[-8.5,-78.76],[-10.63,-79.25],[-6.69,-79.5],[-7.0,-79.68],[-8.25,-79.53],[-12.51,-79.75],[-12.43,-80.0],[-9.59,-80.5],[-15.75,-80.94],[-16.02,-81.0],[-16.22,-81.5],[-15.67,-81.75],[-16.5,-81.92],[-28.54,-83.0],[-29.91,-83.5],[-28.93,-84.0],[-29.41,-84.25],[-37.0,-85.01],[-60.02,-86.0],[-68.75,-87.42],[-72.43,-87.75],[-72.54,-88.0],[-73.74,-88.25],[-71.1,-88.5],[-73.03,-88.75],[-86.25,-89.46],[-99.75,-89.69],[-180.0,-89.82]]}},{"type":"Feature","properties":{"level":996},"geometry":{"type":"LineString","coordinates":[[164.62,-87.5],[171.75,-87.52],[172.25,-87.5],[172.49,-87.25],[171.25,-87.02],[168.75,-87.03],[164.62,-87.5]]}},{"type":"Feature","properties":{"level":996},"geometry":{"type":"LineString","coordinates":[[-180.0,-87.25],[-180.0,-87.23]]}},{"type":"Feature","properties":{"level":996},"geometry":{"type":"LineString","coordinates":[[180.0,-87.23],[176.79,-87.25],[180.0,-87.25]]}},{"type":"Feature","properties":{"level":996},"geometry":{"type":"LineString","coordinates":[[-162.94,-86.25],[-161.73,-86.25],[-162.94,-86.25]]}},{"type":"Feature","properties":{"level":996},"geometry":{"type":"LineString","coordinates":[[154.77,-80.25],[155.37,-80.25],[154.0,-79.79],[153.92,-80.0],[154.77,-80.25]]}},{"type":"Feature","properties":{"level":996},"geometry":{"type":"LineString","coordinates":[[8.35,-79.25],[11.5,-79.3],[12.56,-79.0],[12.08,-78.75],[10.5,-78.63],[3.67,-78.75],[4.25,-79.04],[8.35,-79.25]]}},{"type":"Feature","properties":{"level":996},"geometry":{"type":"LineString","coordinates":[[156.11,-78.0],[157.25,-78.22],[157.72,-78.0],[157.25,-77.78],[156.11,-78.0]]}},{"type":"Feature","properties":{"level":996},"geometry":{"type":"LineString","coordinates":[[-68.23,-74.5],[-66.97,-74.5],[-67.85,-74.25],[-67.26,-74.0],[-69.14,-74.25],[-68.23,-74.5]]}},{"type":"Feature","properties":{"level":996},"geometry":{"type":"LineString","coordinates":[[-65.32,-74.0],[-64.74,-74.0],[-65.75,-73.44],[-66.29,-73.75],[-65.32,-74.0]]}},{"type":"Feature","properties":{"level":996},"geometry":{"type":"LineString","coordinates":[[-180.0,-60.39],[-175.69,-59.75],[-164.75,-56.36],[-158.25,-54.89],[-156.25,-53.9],[-149.0,-54.23],[-141.0,-54.13],[-136.5,-56.52],[-134.75,-57.11],[-133.75,-57.09],[-131.5,-55.44],[-127.49,-50.0],[-123.37,-46.25],[-122.78,-46.0],[-122.73,-45.5],[-121.75,-44.95],[-119.5,-44.77],[-116.5,-45.56],[-113.25,-46.9],[-101.0,-54.65],[-90.5,-59.38],[-81.75,-62.22],[-77.84,-64.0],[-76.25,-65.06],[-72.25,-65.53],[-69.0,-65.39],[-63.75,-64.83],[-63.48,-64.25],[-62.5,-63.71],[-58.0,-61.97],[-52.25,-61.37],[-45.25,-61.15],[-40.5,-61.32],[-36.5,-60.84],[-30.5,-59.32],[-21.5,-55.58],[-12.41,-50.0],[-10.0,-48.89],[-4.75,-47.63],[4.75,-46.86],[7.5,-46.29],[9.75,-45.49],[11.79,-44.0],[12.5,-43.21],[15.5,-43.7],[20.25,-45.91],[23.25,-47.69],[27.55,-51.0],[34.25,-56.98],[35.0,-57.38],[39.25,-58.35],[46.5,-58.48],[55.25,-57.71],[60.75,-56.97],[65.5,-57.17],[70.75,-56.47],[81.0,-53.21],[95.25,-49.06],[98.25,-48.51],[105.0,-47.87],[107.18,-47.0],[109.66,-43.75],[111.5,-42.33],[114.25,-41.32],[118.3,-43.0],[129.39,-50.5],[132.25,-51.96],[133.75,-52.38],[136.75,-53.91],[141.25,-55.14],[142.5,-55.8],[144.0,-56.0],[144.75,-55.65],[146.0,-55.97],[152.75,-58.71],[158.5,-60.62],[161.75,-61.15],[167.75,-61.44],[180.0,-60.39]]}},{"type":"Feature","properties":{"level":996},"geometry":{"type":"LineString","coordinates":[[-122.5,20.5],[-123.49,21.0],[-123.81,22.0],[-123.45,22.75],[-122.5,23.11],[-121.5,22.7],[-121.1,21.75],[-121.67,20.75],[-122.5,20.5]]}},{"type":"Feature","properties":{"level":996},"geometry":{"type":"LineString","coordinates":[[180.0,52.89],[178.78,51.5],[177.5,49.23],[175.6,47.25],[173.5,46.26],[171.25,46.1],[167.75,46.71],[162.75,49.06],[159.25,50.05],[155.75,50.61],[151.0,50.71],[147.25,51.09],[143.0,52.17],[140.0,53.86],[137.3,56.25],[139.09,57.75],[138.61,58.5],[139.18,59.75],[139.23,60.5],[140.5,61.74],[144.25,61.46],[148.0,62.47],[149.25,62.18],[150.35,62.25],[150.88,62.75],[150.85,63.0],[152.93,63.5],[153.19,64.25],[154.0,64.78],[156.75,65.56],[158.5,65.4],[160.0,65.68],[162.0,65.29],[162.5,64.88],[165.0,64.24],[169.75,64.03],[171.75,63.59],[174.25,61.94],[177.75,60.22],[180.0,57.52]]}},{"type":"Feature","properties":{"level":996},"geometry":{"type":"LineString","coordinates":[[-48.25,54.18],[-49.49,55.0],[-51.49,57.0],[-52.26,58.25],[-52.0,59.6],[-48.5,59.05],[-47.25,59.11],[-46.16,59.5],[-46.08,59.75],[-47.72,60.5],[-47.94,61.0],[-46.25,61.2],[-45.0,61.63],[-44.47,61.5],[-44.35,61.0],[-44.67,60.75],[-44.0,60.39],[-42.25,61.65],[-40.5,62.46],[-37.5,63.08],[-34.75,63.12],[-32.25,62.83],[-29.75,62.09],[-29.02,61.5],[-28.96,61.25],[-29.25,60.94],[-32.5,60.19],[-33.89,59.5],[-35.0,59.28],[-37.71,58.0],[-40.13,56.5],[-43.75,55.41],[-45.91,54.25],[-47.0,54.01],[-48.25,54.18]]}},{"type":"Feature","properties":{"level":996},"geometry":{"type":"LineString","coordinates":[[-180.0,57.52],[-179.18,55.5],[-179.06,54.5],[-180.0,52.89]]}},{"type":"Feature","properties":{"level":996},"geometry":{"type":"LineString","coordinates":[[66.0,63.67],[64.5,64.18],[63.5,65.02],[62.25,65.28],[61.5,64.96],[60.0,64.95],[59.5,65.44],[58.5,65.35],[49.5,66.48],[41.25,67.08],[34.44,68.25],[30.5,69.84],[27.75,70.37],[25.75,71.16],[22.0,73.33],[18.5,74.45],[15.92,75.75],[15.15,76.25],[14.76,77.0],[16.75,77.06],[17.56,77.5],[17.57,78.0],[18.21,78.75],[19.33,79.0],[19.16,79.25],[19.75,79.3],[20.17,79.5],[20.1,79.75],[21.64,80.25],[21.47,80.5],[21.61,80.75],[22.18,81.0],[26.5,81.74],[32.75,82.27],[45.0,82.73],[61.0,82.63],[75.5,81.72],[77.5,81.44],[78.98,80.75],[77.9,80.0],[73.25,78.47],[69.97,76.0],[69.37,73.0],[67.94,68.5],[64.21,66.5],[64.25,66.32],[66.2,65.75],[67.0,65.03],[66.91,64.25],[66.5,63.77],[66.0,63.67]]}},{"type":"Feature","properties":{"level":996},"geometry":{"type":"LineString","coordinates":[[63.89,66.25],[64.09,66.25],[63.89,66.25]]}},{"type":"Feature","properties":{"level":1000},"geometry":{"type":"LineString","coordinates":[[-42.25,-89.75],[52.0,-89.73],[90.75,-89.4],[103.9,-89.0],[101.15,-88.25],[116.12,-87.0],[129.0,-87.02],[139.75,-86.52],[142.75,-86.79],[147.19,-86.25],[145.75,-85.98],[142.0,-86.11],[140.97,-86.0],[140.63,-85.75],[143.97,-85.5],[143.79,-85.25],[142.49,-85.0],[145.5,-84.29],[145.64,-84.0],[145.27,-83.75],[145.38,-83.5],[146.7,-82.75],[145.25,-82.2],[144.94,-82.0],[145.06,-81.75],[147.55,-80.25],[151.25,-79.36],[151.56,-78.5],[150.25,-77.97],[140.75,-77.07],[138.29,-76.0],[135.25,-75.12],[131.75,-74.28],[128.25,-73.84],[122.75,-73.89],[118.57,-74.25],[114.58,-74.75],[111.5,-75.6],[107.5,-75.57],[101.75,-75.96],[95.0,-75.89],[90.5,-76.46],[84.75,-76.57],[78.5,-77.44],[74.0,-77.29],[68.75,-77.87],[64.01,-77.75],[62.17,-77.25],[60.75,-76.28],[58.56,-76.0],[55.0,-74.82],[55.43,-73.75],[56.25,-73.24],[56.95,-71.75],[56.8,-71.0],[55.0,-70.52],[49.75,-71.29],[37.75,-72.15],[35.0,-72.9],[31.0,-73.11],[28.25,-73.07],[26.5,-72.77],[25.25,-73.17],[21.25,-73.31],[15.0,-72.83],[10.5,-73.0],[9.75,-73.26],[8.25,-73.17],[7.45,-73.25],[7.2,-74.0],[6.88,-74.25],[9.0,-74.97],[11.25,-75.35],[20.67,-76.25],[26.5,-77.19],[35.75,-77.77],[38.5,-78.25],[38.72,-79.5],[38.24,-80.0],[32.5,-82.01],[25.84,-82.75],[25.46,-83.0],[20.75,-83.04],[20.47,-83.0],[21.23,-82.5],[19.56,-82.25],[11.13,-82.0],[8.25,-81.5],[0.46,-81.25],[-0.09,-81.0],[0.43,-80.75],[-0.5,-79.85],[-3.25,-79.58],[-3.56,-79.5],[-3.52,-79.25],[-4.25,-79.09],[-6.0,-79.15],[-6.52,-79.25],[-5.85,-79.5],[-5.73,-79.75],[-6.0,-79.88],[-9.34,-80.0],[-7.53,-80.5],[-13.4,-81.0],[-10.47,-81.5],[-13.13,-82.5],[-12.25,-83.13],[-12.58,-83.5],[-9.9,-83.75],[-18.25,-84.28],[-24.0,-85.12],[-55.25,-86.44],[-60.29,-87.25],[-57.11,-88.0],[-56.81,-88.25],[-60.46,-88.75],[-59.1,-89.25],[-56.69,-89.5],[-42.25,-89.75]]}},{"type":"Feature","properties":{"level":1000},"geometry":{"type":"LineString","coordinates":[[-9.5,-83.58],[-9.73,-83.5],[-2.5,-82.46],[4.0,-82.4],[4.81,-82.5],[4.9,-82.75],[3.45,-83.0],[-9.5,-83.58]]}},{"type":"Feature","properties":{"level":1000},"geometry":{"type":"LineString","coordinates":[[-7.0,-80.53],[-7.16,-80.5],[-5.04,-80.5],[-5.75,-80.67],[-7.0,-80.53]]}},{"type":"Feature","properties":{"level":1000},"geometry":{"type":"LineString","coordinates":[[-5.94,-78.5],[-3.96,-78.25],[-4.35,-78.0],[-6.25,-77.8],[-10.77,-78.0],[-5.94,-78.5]]}},{"type":"Feature","properties":{"level":1000},"geometry":{"type":"LineString","coordinates":[[-180.0,-59.46],[-174.75,-58.47],[-165.5,-55.56],[-160.0,-54.17],[-158.25,-53.52],[-158.0,-53.13],[-157.5,-52.95],[-150.5,-53.04],[-141.25,-52.56],[-138.0,-53.61],[-135.25,-53.96],[-133.25,-53.07],[-132.0,-51.97],[-128.54,-48.25],[-126.0,-44.65],[-124.82,-43.5],[-124.0,-42.96],[-123.25,-42.96],[-122.89,-42.5],[-122.5,-42.41],[-117.0,-42.91],[-113.75,-44.18],[-111.16,-45.75],[-103.0,-51.78],[-97.7,-55.0],[-91.75,-57.87],[-87.24,-59.5],[-80.0,-61.51],[-77.75,-62.56],[-75.14,-63.25],[-74.25,-63.75],[-71.5,-64.18],[-66.5,-63.9],[-58.0,-61.2],[-54.75,-60.64],[-45.5,-59.9],[-40.25,-59.84],[-34.0,-58.64],[-23.15,-54.0],[-15.53,-49.75],[-12.5,-48.36],[-8.25,-47.13],[4.5,-45.02],[6.64,-44.0],[7.75,-43.8],[8.27,-43.25],[9.0,-42.96],[10.25,-41.71],[12.75,-41.8],[14.75,-42.38],[20.3,-45.0],[24.5,-47.45],[34.0,-55.12],[36.25,-56.49],[38.0,-57.03],[40.75,-57.42],[46.75,-57.4],[55.25,-56.69],[59.0,-56.11],[62.25,-55.88],[66.25,-55.95],[70.75,-55.17],[79.25,-52.66],[88.75,-50.18],[94.5,-48.23],[103.18,-46.5],[105.55,-45.25],[110.58,-41.0],[112.5,-40.19],[113.25,-40.1],[115.5,-40.52],[122.75,-42.86],[124.5,-42.67],[124.63,-43.0],[125.25,-43.1],[125.79,-42.5],[125.26,-40.5],[125.75,-39.92],[126.5,-39.83],[126.34,-39.5],[126.95,-39.25],[127.1,-38.5],[127.5,-38.27],[127.81,-39.0],[128.4,-39.5],[128.25,-40.12],[129.2,-40.75],[129.12,-41.25],[129.61,-42.25],[130.5,-43.25],[131.3,-43.75],[131.18,-44.0],[131.75,-44.5],[132.5,-45.79],[133.51,-46.25],[134.75,-47.51],[136.97,-49.0],[136.99,-49.25],[137.75,-49.56],[140.45,-51.5],[146.25,-54.74],[148.5,-55.73],[156.0,-58.37],[162.5,-59.91],[170.25,-60.27],[180.0,-59.46]]}},{"type":"Feature","properties":{"level":1000},"geometry":{"type":"LineString","coordinates":[[125.5,-39.75],[125.27,-39.5],[125.71,-39.25],[125.78,-39.5],[125.5,-39.75]]}},{"type":"Feature","properties":{"level":1000},"geometry":{"type":"LineString","coordinates":[[126.86,-39.75],[127.0,-39.93],[127.29,-39.75],[127.0,-39.35],[126.86,-39.75]]}},{"type":"Feature","properties":{"level":1000},"geometry":{"type":"LineString","coordinates":[[-61.75,-23.32],[-63.0,-23.04],[-63.5,-23.17],[-63.61,-23.0],[-63.31,-21.75],[-63.5,-21.25],[-62.85,-20.5],[-63.25,-19.31],[-63.71,-19.0],[-63.0,-18.21],[-62.32,-18.5],[-60.37,-21.0],[-60.36,-22.5],[-61.75,-23.32]]}},{"type":"Feature","properties":{"level":1000},"geometry":{"type":"LineString","coordinates":[[-122.75,19.99],[-123.91,20.5],[-124.35,21.25],[-124.39,22.0],[-124.14,22.75],[-123.5,23.36],[-122.0,23.54],[-121.25,23.26],[-120.77,22.75],[-120.46,22.0],[-120.47,21.25],[-120.75,20.6],[-121.25,20.21],[-122.75,19.99]]}},{"type":"Feature","properties":{"level":1000},"geometry":{"type":"LineString","coordinates":[[158.25,28.75],[158.0,29.0],[158.25,29.31],[158.57,29.0],[158.25,28.75]]}},{"type":"Feature","properties":{"level":1000},"geometry":{"type":"LineString","coordinates":[[180.0,51.23],[177.25,47.94],[175.5,46.46],[173.5,45.58],[170.5,45.5],[166.75,46.16],[163.25,47.9],[158.75,49.17],[156.0,49.56],[149.0,49.96],[144.0,50.91],[143.25,50.85],[142.75,51.36],[141.0,51.99],[140.06,52.75],[137.75,53.99],[137.03,54.5],[137.31,55.0],[137.1,55.25],[136.75,55.54],[136.23,55.5],[137.28,56.5],[137.92,57.5],[137.6,58.5],[137.19,58.75],[137.56,59.75],[138.32,60.75],[138.07,61.75],[138.58,62.0],[138.11,62.5],[139.0,62.66],[139.75,62.19],[140.75,62.4],[142.25,62.04],[143.5,62.11],[144.75,62.92],[145.85,62.75],[146.1,63.25],[146.75,63.71],[148.5,63.32],[150.5,63.92],[151.0,63.67],[151.29,64.0],[151.07,64.25],[151.75,65.33],[153.5,66.09],[155.25,66.09],[156.5,66.58],[158.0,66.79],[162.0,66.69],[163.25,67.28],[165.76,67.0],[166.21,66.5],[165.67,66.0],[165.67,65.75],[166.0,65.58],[166.5,65.62],[167.5,65.18],[172.0,64.93],[175.75,62.95],[176.0,62.42],[179.0,60.63],[180.0,59.46]]}},{"type":"Feature","properties":{"level":1000},"geometry":{"type":"LineString","coordinates":[[-78.5,52.25],[-79.84,52.5],[-80.75,53.15],[-80.97,53.75],[-80.68,55.0],[-78.75,55.47],[-76.5,55.3],[-75.17,54.75],[-74.13,53.5],[-74.11,52.75],[-74.75,52.4],[-77.25,52.06],[-78.5,52.25]]}},{"type":"Feature","properties":{"level":1000},"geometry":{"type":"LineString","coordinates":[[-48.5,53.48],[-51.3,54.5],[-55.0,56.75],[-55.9,57.75],[-56.35,59.5],[-56.04,60.25],[-53.71,61.25],[-52.2,62.25],[-52.16,62.5],[-53.0,63.0],[-53.5,63.74],[-54.25,63.68],[-54.09,64.0],[-51.75,63.71],[-51.27,63.75],[-51.66,64.0],[-51.25,64.12],[-51.25,63.75],[-51.0,63.59],[-49.75,63.53],[-49.5,63.08],[-48.92,63.0],[-48.98,62.5],[-46.5,62.25],[-46.0,62.0],[-42.8,62.25],[-42.17,62.75],[-38.0,63.8],[-33.25,63.65],[-30.0,63.15],[-28.21,62.5],[-26.5,61.54],[-25.86,60.5],[-25.93,60.0],[-27.0,59.43],[-31.88,58.25],[-41.0,54.6],[-45.75,53.52],[-48.5,53.48]]}},{"type":"Feature","properties":{"level":1000},"geometry":{"type":"LineString","coordinates":[[69.25,58.48],[64.25,60.42],[60.0,61.61],[58.0,62.58],[49.25,64.22],[47.0,65.33],[39.0,66.07],[33.75,67.05],[33.0,67.53],[28.0,69.12],[25.5,69.69],[25.0,70.03],[24.0,70.07],[22.0,70.85],[17.7,72.0],[15.25,73.34],[12.06,75.5],[10.21,77.25],[9.82,78.0],[9.85,78.5],[10.75,79.17],[13.25,79.13],[15.25,79.5],[15.47,79.75],[14.9,80.5],[16.25,81.42],[18.5,82.09],[22.25,82.69],[35.5,83.61],[54.25,83.9],[73.5,83.52],[92.88,82.5],[100.25,81.59],[106.75,79.88],[114.0,78.95],[116.45,78.25],[116.47,78.0],[115.5,77.79],[112.5,77.71],[104.25,78.14],[101.0,78.84],[99.75,78.62],[89.5,78.58],[83.25,77.94],[80.45,77.5],[78.5,76.87],[77.39,76.25],[74.81,74.0],[72.82,71.25],[71.2,67.5],[72.25,61.0],[71.64,59.75],[70.73,58.75],[70.0,58.43],[69.25,58.48]]}},{"type":"Feature","properties":{"level":1000},"geometry":{"type":"LineString","coordinates":[[-180.0,59.46],[-178.79,57.5],[-177.93,54.75],[-178.07,53.75],[-178.49,53.0],[-180.0,51.23]]}},{"type":"Feature","properties":{"level":1000},"geometry":{"type":"LineString","coordinates":[[-50.25,63.97],[-50.0,64.3],[-49.25,64.35],[-49.13,64.0],[-49.25,63.81],[-50.25,63.97]]}},{"type":"Feature","properties":{"level":1004},"geometry":{"type":"LineString","coordinates":[[-6.75,-89.25],[33.5,-89.33],[88.75,-88.81],[92.16,-88.25],[115.0,-86.74],[124.5,-86.27],[134.75,-86.31],[135.3,-86.25],[133.71,-86.0],[133.49,-85.75],[140.68,-84.0],[140.85,-83.75],[140.44,-83.5],[141.23,-82.75],[141.3,-82.25],[142.5,-81.5],[142.14,-81.25],[142.22,-81.0],[146.05,-80.0],[147.94,-79.25],[148.58,-78.75],[148.0,-78.41],[143.75,-77.93],[137.75,-78.2],[136.5,-77.75],[136.55,-77.0],[136.31,-76.5],[134.58,-75.5],[131.25,-74.71],[128.25,-74.35],[117.25,-75.08],[115.6,-75.5],[115.64,-75.75],[115.25,-75.96],[113.75,-76.11],[108.0,-76.03],[102.75,-76.35],[95.75,-76.16],[81.25,-77.66],[76.25,-77.9],[72.0,-78.55],[66.5,-78.38],[62.87,-78.0],[60.25,-76.62],[57.57,-76.25],[54.5,-75.39],[53.16,-74.5],[54.23,-73.25],[55.0,-72.83],[55.52,-71.75],[53.5,-71.08],[38.0,-72.43],[35.75,-73.13],[32.75,-73.34],[26.75,-73.2],[24.5,-73.55],[18.0,-73.61],[14.0,-73.16],[8.71,-73.75],[9.11,-74.25],[8.89,-74.5],[11.0,-75.03],[22.0,-76.18],[27.25,-77.12],[38.32,-77.75],[39.43,-78.25],[39.53,-79.25],[39.82,-79.75],[39.03,-80.5],[34.87,-82.25],[30.75,-82.89],[29.0,-83.57],[21.0,-83.82],[11.0,-83.66],[-5.75,-83.94],[-9.65,-84.25],[-11.41,-84.5],[-15.05,-85.5],[-20.0,-85.96],[-37.5,-86.28],[-49.25,-86.88],[-51.62,-87.25],[-47.5,-88.0],[-46.32,-88.5],[-40.09,-89.0],[-6.75,-89.25]]}},{"type":"Feature","properties":{"level":1004},"geometry":{"type":"LineString","coordinates":[[12.33,-82.75],[14.52,-82.75],[12.33,-82.75]]}},{"type":"Feature","properties":{"level":1004},"geometry":{"type":"LineString","coordinates":[[-4.91,-81.75],[-2.5,-81.83],[0.0,-81.58],[3.0,-81.75],[3.28,-81.5],[-1.25,-81.28],[-2.62,-81.0],[-1.72,-80.5],[-1.83,-80.25],[-4.5,-79.94],[-4.76,-80.0],[-4.0,-80.5],[-4.75,-80.79],[-11.19,-81.0],[-6.25,-81.19],[-4.93,-81.5],[-4.91,-81.75]]}},{"type":"Feature","properties":{"level":1004},"geometry":{"type":"LineString","coordinates":[[-6.54,-78.25],[-5.28,-78.25],[-6.54,-78.25]]}},{"type":"Feature","properties":{"level":1004},"geometry":{"type":"LineString","coordinates":[[-180.0,-58.52],[-174.25,-57.28],[-167.32,-55.0],[-163.25,-53.92],[-160.25,-52.84],[-159.0,-52.01],[-151.0,-51.82],[-141.75,-50.91],[-138.0,-51.48],[-135.75,-51.15],[-134.25,-50.32],[-131.25,-47.8],[-129.5,-45.35],[-129.05,-44.25],[-126.03,-41.25],[-124.0,-40.67],[-120.25,-40.2],[-119.0,-40.23],[-115.0,-41.06],[-113.0,-41.04],[-112.25,-40.4],[-111.86,-39.5],[-113.05,-38.25],[-113.0,-37.72],[-112.5,-37.35],[-111.97,-37.5],[-111.5,-38.97],[-111.0,-39.13],[-111.0,-39.42],[-111.39,-39.5],[-111.18,-39.75],[-110.25,-39.88],[-109.3,-40.5],[-109.07,-41.75],[-107.91,-44.25],[-106.42,-46.5],[-102.5,-50.3],[-98.0,-53.54],[-93.0,-56.19],[-87.5,-58.3],[-76.25,-61.72],[-70.75,-62.93],[-68.75,-63.03],[-67.25,-62.83],[-62.0,-61.51],[-58.1,-60.25],[-54.5,-59.54],[-46.5,-58.7],[-41.25,-58.58],[-36.25,-57.55],[-28.25,-54.39],[-18.28,-49.25],[-13.75,-47.33],[-10.12,-46.25],[0.25,-44.03],[2.5,-43.15],[3.53,-43.0],[4.24,-42.0],[5.27,-41.25],[5.57,-40.0],[6.0,-39.87],[8.0,-39.84],[11.25,-40.25],[14.25,-41.14],[17.75,-42.69],[24.5,-46.35],[28.75,-49.44],[33.25,-53.15],[35.5,-54.69],[37.75,-55.73],[40.0,-56.27],[42.5,-56.49],[50.75,-56.12],[59.75,-55.02],[65.5,-54.84],[68.5,-54.52],[73.0,-53.33],[73.5,-52.95],[74.25,-52.97],[86.5,-49.92],[91.75,-48.09],[101.25,-45.24],[104.84,-43.25],[109.27,-39.75],[110.75,-39.16],[112.0,-38.94],[120.25,-39.26],[121.0,-38.51],[121.25,-38.61],[121.21,-37.5],[121.52,-37.0],[121.33,-36.75],[122.68,-35.5],[123.25,-35.42],[124.25,-35.81],[124.75,-35.66],[125.06,-35.5],[125.34,-34.5],[127.0,-33.83],[128.25,-34.27],[128.75,-34.82],[129.0,-34.67],[129.5,-34.96],[130.45,-36.25],[131.37,-38.0],[131.17,-38.5],[130.4,-39.0],[131.18,-40.25],[131.39,-41.5],[132.58,-42.5],[134.65,-45.0],[138.25,-48.21],[145.75,-53.19],[148.25,-54.52],[156.0,-57.32],[163.25,-58.89],[171.25,-59.27],[180.0,-58.52]]}},{"type":"Feature","properties":{"level":1004},"geometry":{"type":"LineString","coordinates":[[-111.25,-38.93],[-111.49,-38.5],[-111.25,-38.31],[-110.83,-38.75],[-111.25,-38.93]]}},{"type":"Feature","properties":{"level":1004},"geometry":{"type":"LineString","coordinates":[[-60.5,-28.3],[-60.75,-27.58],[-61.5,-27.87],[-62.33,-27.75],[-62.77,-26.75],[-62.67,-26.5],[-64.43,-25.0],[-64.25,-24.11],[-64.5,-24.04],[-65.0,-24.99],[-65.15,-24.75],[-64.97,-24.0],[-64.58,-23.5],[-64.5,-22.38],[-64.08,-21.75],[-64.43,-20.5],[-64.12,-20.0],[-64.18,-19.0],[-63.62,-18.25],[-63.75,-17.79],[-65.51,-17.0],[-67.0,-15.39],[-67.75,-15.03],[-68.25,-13.88],[-70.0,-13.15],[-70.87,-12.5],[-71.0,-12.2],[-70.5,-11.85],[-70.33,-12.0],[-70.63,-12.25],[-70.25,-12.41],[-69.68,-11.75],[-69.75,-10.89],[-70.0,-10.78],[-70.75,-11.23],[-71.01,-11.0],[-71.03,-10.75],[-70.75,-10.61],[-70.0,-10.7],[-69.76,-10.5],[-70.0,-10.32],[-70.75,-9.88],[-71.75,-10.9],[-71.99,-10.75],[-71.94,-10.0],[-72.15,-9.75],[-72.5,-10.7],[-73.5,-9.92],[-74.0,-10.28],[-74.75,-9.11],[-75.0,-9.96],[-75.52,-9.0],[-75.5,-6.75],[-76.25,-6.16],[-76.75,-5.3],[-77.83,-4.5],[-77.75,-3.89],[-77.46,-4.25],[-77.74,-3.5],[-77.5,-2.81],[-76.67,-3.25],[-76.5,-3.6],[-75.96,-3.5],[-75.9,-4.25],[-75.5,-4.82],[-74.84,-4.75],[-75.15,-4.5],[-75.0,-4.17],[-74.25,-4.43],[-74.13,-4.75],[-74.83,-5.5],[-74.5,-6.45],[-74.25,-6.19],[-74.0,-6.35],[-74.11,-6.75],[-73.75,-7.36],[-72.96,-7.0],[-72.75,-6.66],[-72.57,-7.0],[-72.0,-7.1],[-71.47,-7.75],[-71.63,-8.0],[-71.11,-8.5],[-70.75,-9.4],[-70.49,-9.5],[-70.8,-9.0],[-70.75,-8.63],[-69.0,-9.88],[-68.74,-9.5],[-69.13,-9.5],[-69.0,-8.82],[-68.54,-9.0],[-68.5,-9.32],[-68.45,-9.0],[-68.0,-8.84],[-67.77,-9.0],[-68.0,-9.77],[-67.5,-9.28],[-67.17,-9.5],[-67.0,-10.19],[-66.75,-9.98],[-66.25,-10.4],[-65.5,-10.6],[-65.38,-11.25],[-64.66,-12.25],[-64.0,-12.62],[-63.75,-12.51],[-63.0,-13.8],[-62.19,-14.5],[-62.57,-16.25],[-61.5,-16.94],[-60.75,-16.97],[-60.25,-17.7],[-59.75,-17.74],[-58.5,-18.55],[-57.41,-18.5],[-57.08,-19.5],[-57.51,-22.5],[-57.12,-23.5],[-57.54,-24.25],[-57.94,-26.25],[-59.04,-26.75],[-59.37,-27.5],[-59.75,-27.57],[-60.5,-28.3]]}},{"type":"Feature","properties":{"level":1004},"geometry":{"type":"LineString","coordinates":[[-57.68,-19.25],[-57.32,-19.25],[-57.5,-18.97],[-57.68,-19.25]]}},{"type":"Feature","properties":{"level":1004},"geometry":{"type":"LineString","coordinates":[[-59.94,-18.25],[-59.59,-18.25],[-60.25,-17.77],[-60.58,-18.0],[-59.94,-18.25]]}},{"type":"Feature","properties":{"level":1004},"geometry":{"type":"LineString","coordinates":[[-59.0,-17.5],[-59.49,-16.5],[-59.25,-16.24],[-58.24,-17.0],[-59.0,-17.5]]}},{"type":"Feature","properties":{"level":1004},"geometry":{"type":"LineString","coordinates":[[-61.75,-16.02],[-61.48,-16.0],[-61.75,-16.02]]}},{"type":"Feature","properties":{"level":1004},"geometry":{"type":"LineString","coordinates":[[-61.75,-14.09],[-61.75,-13.88],[-61.75,-14.09]]}},{"type":"Feature","properties":{"level":1004},"geometry":{"type":"LineString","coordinates":[[-69.1,-10.25],[-68.8,-10.25],[-69.1,-10.25]]}},{"type":"Feature","properties":{"level":1004},"geometry":{"type":"LineString","coordinates":[[-66.75,-8.75],[-66.92,-8.5],[-66.75,-8.27],[-66.54,-8.5],[-66.75,-8.75]]}},{"type":"Feature","properties":{"level":1004},"geometry":{"type":"LineString","coordinates":[[-70.0,-8.62],[-70.27,-8.25],[-70.0,-7.87],[-69.6,-8.0],[-70.0,-8.62]]}},{"type":"Feature","properties":{"level":1004},"geometry":{"type":"LineString","coordinates":[[-66.25,-8.64],[-66.43,-8.5],[-66.25,-8.43],[-66.25,-8.64]]}},{"type":"Feature","properties":{"level":1004},"geometry":{"type":"LineString","coordinates":[[-68.25,-8.37],[-68.25,-7.81],[-67.5,-7.4],[-66.72,-8.0],[-66.75,-8.19],[-67.5,-7.89],[-68.25,-8.37]]}},{"type":"Feature","properties":{"level":1004},"geometry":{"type":"LineString","coordinates":[[-69.25,-8.06],[-69.43,-8.0],[-69.25,-8.06]]}},{"type":"Feature","properties":{"level":1004},"geometry":{"type":"LineString","coordinates":[[-69.5,-7.94],[-69.5,-7.72],[-69.5,-7.94]]}},{"type":"Feature","properties":{"level":1004},"geometry":{"type":"LineString","coordinates":[[-65.25,-7.67],[-65.25,-7.35],[-65.25,-7.67]]}},{"type":"Feature","properties":{"level":1004},"geometry":{"type":"LineString","coordinates":[[-66.5,-7.39],[-66.5,-7.04],[-66.25,-6.96],[-66.5,-7.39]]}},{"type":"Feature","properties":{"level":1004},"geometry":{"type":"LineString","coordinates":[[-72.0,-6.87],[-72.15,-6.75],[-72.0,-6.87]]}},{"type":"Feature","properties":{"level":1004},"geometry":{"type":"LineString","coordinates":[[-67.25,-6.73],[-67.25,-6.17],[-67.0,-5.91],[-67.25,-6.73]]}},{"type":"Feature","properties":{"level":1004},"geometry":{"type":"LineString","coordinates":[[-59.5,-6.07],[-59.5,-5.6],[-59.2,-6.0],[-59.5,-6.07]]}},{"type":"Feature","properties":{"level":1004},"geometry":{"type":"LineString","coordinates":[[-67.25,-5.76],[-67.35,-5.25],[-67.0,-5.0],[-66.89,-5.5],[-67.25,-5.76]]}},{"type":"Feature","properties":{"level":1004},"geometry":{"type":"LineString","coordinates":[[-66.0,-5.8],[-65.75,-5.75],[-66.0,-5.8]]}},{"type":"Feature","properties":{"level":1004},"geometry":{"type":"LineString","coordinates":[[-58.0,-5.66],[-58.25,-5.19],[-58.75,-5.38],[-59.1,-5.25],[-59.0,-4.46],[-59.36,-4.5],[-59.68,-5.0],[-60.25,-5.24],[-60.68,-5.0],[-60.5,-4.75],[-61.25,-4.06],[-61.5,-4.39],[-61.79,-4.25],[-61.25,-3.97],[-60.56,-2.75],[-60.0,-2.91],[-59.83,-2.5],[-59.4,-2.25],[-60.17,-1.5],[-60.0,-1.16],[-59.58,-1.25],[-59.34,-2.0],[-59.0,-1.87],[-58.5,-2.19],[-58.25,-1.65],[-57.75,-2.33],[-56.91,-2.5],[-56.96,-3.25],[-56.72,-3.75],[-56.98,-4.25],[-56.64,-4.5],[-57.25,-4.7],[-57.48,-5.25],[-57.75,-5.19],[-58.0,-5.66]]}},{"type":"Feature","properties":{"level":1004},"geometry":{"type":"LineString","coordinates":[[-57.0,-5.6],[-57.0,-5.39],[-57.0,-5.6]]}},{"type":"Feature","properties":{"level":1004},"geometry":{"type":"LineString","coordinates":[[-56.25,-4.59],[-56.25,-4.41],[-56.25,-4.59]]}},{"type":"Feature","properties":{"level":1004},"geometry":{"type":"LineString","coordinates":[[-71.5,-3.86],[-71.5,-3.68],[-71.5,-3.86]]}},{"type":"Feature","properties":{"level":1004},"geometry":{"type":"LineString","coordinates":[[-72.75,-3.61],[-72.96,-3.5],[-72.75,-3.26],[-72.58,-3.5],[-72.75,-3.61]]}},{"type":"Feature","properties":{"level":1004},"geometry":{"type":"LineString","coordinates":[[-74.0,-2.97],[-74.0,-2.69],[-74.0,-2.97]]}},{"type":"Feature","properties":{"level":1004},"geometry":{"type":"LineString","coordinates":[[-58.62,-2.5],[-58.5,-2.74],[-58.5,-2.38],[-58.62,-2.5]]}},{"type":"Feature","properties":{"level":1004},"geometry":{"type":"LineString","coordinates":[[-59.0,-1.68],[-59.19,-1.5],[-59.0,-1.34],[-58.45,-1.5],[-59.0,-1.68]]}},{"type":"Feature","properties":{"level":1004},"geometry":{"type":"LineString","coordinates":[[-58.75,-1.05],[-58.45,-0.75],[-58.41,-1.0],[-58.75,-1.05]]}},{"type":"Feature","properties":{"level":1004},"geometry":{"type":"LineString","coordinates":[[-123.0,18.15],[-124.5,18.75],[-125.43,20.0],[-125.81,21.0],[-125.72,22.5],[-125.09,23.5],[-124.25,24.17],[-122.75,24.62],[-121.25,24.55],[-120.1,24.0],[-119.35,23.25],[-118.92,21.75],[-118.95,20.5],[-120.0,18.97],[-120.68,18.5],[-123.0,18.15]]}},{"type":"Feature","properties":{"level":1004},"geometry":{"type":"LineString","coordinates":[[157.75,28.4],[157.26,29.0],[157.25,29.51],[157.75,30.01],[158.5,29.92],[159.0,29.44],[159.03,28.75],[158.5,28.35],[157.75,28.4]]}},{"type":"Feature","properties":{"level":1004},"geometry":{"type":"LineString","coordinates":[[-163.25,29.68],[-163.32,30.0],[-162.54,30.25],[-162.91,30.75],[-162.15,31.25],[-162.0,31.73],[-161.75,31.69],[-161.38,32.25],[-161.52,32.75],[-160.97,33.25],[-160.99,34.25],[-160.25,34.93],[-159.84,34.5],[-159.7,33.75],[-159.72,33.0],[-160.1,32.25],[-160.76,31.5],[-161.0,30.8],[-163.0,29.57],[-163.25,29.68]]}},{"type":"Feature","properties":{"level":1004},"geometry":{"type":"LineString","coordinates":[[-73.5,48.95],[-74.75,49.41],[-76.25,49.39],[-78.6,49.75],[-82.25,51.37],[-83.75,52.21],[-84.5,52.91],[-86.04,53.5],[-87.5,54.81],[-88.5,54.97],[-92.5,56.99],[-93.39,58.25],[-92.0,58.65],[-90.0,58.58],[-88.25,58.17],[-85.75,57.12],[-85.25,57.3],[-83.25,57.17],[-79.0,57.54],[-77.5,57.46],[-71.75,55.33],[-70.73,54.5],[-70.24,53.5],[-70.43,53.0],[-70.31,52.5],[-71.55,51.75],[-73.5,49.44],[-73.86,49.5],[-73.5,48.95]]}},{"type":"Feature","properties":{"level":1004},"geometry":{"type":"LineString","coordinates":[[180.0,49.87],[177.0,46.74],[174.25,45.01],[172.75,44.58],[169.0,44.7],[166.25,45.33],[162.0,47.24],[159.75,47.96],[156.0,48.56],[152.0,48.59],[145.75,49.34],[144.25,49.79],[143.5,49.78],[141.75,50.74],[140.0,50.73],[139.5,51.61],[138.5,51.86],[136.5,53.13],[135.75,53.12],[135.33,54.0],[135.5,54.31],[136.09,54.25],[135.35,55.25],[135.62,55.75],[136.54,56.5],[136.49,57.5],[136.0,57.79],[135.8,58.25],[136.54,60.0],[135.85,60.75],[136.25,61.27],[136.5,61.12],[136.99,61.5],[136.76,62.0],[137.0,62.45],[136.5,63.02],[138.25,63.25],[138.5,63.55],[139.5,63.46],[140.0,63.77],[142.25,63.99],[143.0,64.35],[144.25,64.21],[145.5,65.07],[147.83,64.25],[148.1,64.5],[147.81,64.75],[148.0,64.9],[148.75,64.76],[152.0,66.69],[161.2,69.25],[163.0,68.82],[164.75,68.89],[165.53,68.5],[168.0,68.04],[168.75,68.14],[169.75,67.8],[170.94,67.75],[170.62,67.25],[171.75,66.62],[171.89,66.25],[172.75,66.03],[174.25,66.29],[174.5,65.41],[175.83,65.25],[176.75,64.83],[178.33,63.5],[178.45,63.25],[178.07,63.0],[178.23,62.75],[180.0,61.43]]}},{"type":"Feature","properties":{"level":1004},"geometry":{"type":"LineString","coordinates":[[-48.5,52.72],[-51.0,53.3],[-55.25,55.33],[-57.22,56.75],[-58.68,58.5],[-58.9,59.25],[-58.8,60.5],[-57.79,62.25],[-57.29,64.0],[-55.93,67.0],[-56.41,69.5],[-55.98,70.25],[-55.25,70.81],[-54.25,70.75],[-54.05,70.5],[-54.25,70.28],[-54.8,70.25],[-54.0,69.85],[-53.25,70.39],[-52.75,70.15],[-50.62,70.25],[-50.42,70.5],[-51.27,71.25],[-50.36,71.5],[-49.06,71.25],[-47.75,70.63],[-47.2,69.0],[-47.91,67.5],[-47.42,66.75],[-47.69,66.0],[-47.53,64.75],[-45.94,64.25],[-44.39,63.0],[-44.37,62.75],[-38.75,64.46],[-36.0,64.77],[-33.0,64.63],[-29.72,64.0],[-25.75,62.38],[-23.75,60.85],[-23.05,59.5],[-23.25,58.86],[-23.79,58.5],[-26.75,57.36],[-28.0,57.21],[-29.5,56.54],[-30.5,56.55],[-32.75,56.01],[-41.25,53.13],[-46.25,52.63],[-48.5,52.72]]}},{"type":"Feature","properties":{"level":1004},"geometry":{"type":"LineString","coordinates":[[135.75,52.57],[135.6,52.75],[136.0,52.89],[135.75,52.57]]}},{"type":"Feature","properties":{"level":1004},"geometry":{"type":"LineString","coordinates":[[69.75,55.49],[63.5,58.37],[55.75,60.68],[51.43,61.5],[44.75,63.86],[42.0,64.44],[34.5,65.35],[30.75,66.24],[29.25,66.98],[25.75,67.98],[20.38,69.0],[20.02,69.25],[20.17,69.75],[18.25,70.15],[15.25,71.24],[12.08,72.75],[7.25,76.33],[5.75,77.75],[5.43,78.75],[5.89,79.25],[7.35,80.0],[9.19,81.75],[11.0,82.59],[15.34,83.5],[21.25,84.12],[34.0,84.8],[49.0,85.11],[65.0,85.07],[80.75,84.62],[91.5,84.13],[102.25,83.3],[112.25,82.15],[120.67,80.75],[126.62,79.25],[131.5,77.33],[134.11,76.75],[136.88,75.75],[139.22,74.5],[140.24,73.0],[140.04,72.5],[139.0,72.0],[135.5,71.72],[128.25,73.44],[124.25,74.08],[118.75,75.31],[111.5,75.97],[108.75,76.52],[105.0,76.76],[93.5,76.82],[88.5,76.4],[85.0,75.74],[81.5,74.4],[79.0,73.12],[77.0,71.29],[75.72,69.25],[75.25,67.64],[75.27,65.75],[75.95,63.75],[76.02,62.0],[75.95,61.0],[74.97,58.5],[73.25,56.66],[70.75,55.56],[69.75,55.49]]}},{"type":"Feature","properties":{"level":1004},"geometry":{"type":"LineString","coordinates":[[-180.0,61.43],[-178.83,60.25],[-177.8,58.25],[-176.85,54.75],[-177.24,52.75],[-178.18,51.75],[-178.25,51.37],[-179.0,50.93],[-180.0,49.87]]}},{"type":"Feature","properties":{"level":1004},"geometry":{"type":"LineString","coordinates":[[-53.05,67.0],[-50.25,67.32],[-50.05,67.5],[-49.94,68.5],[-50.75,68.54],[-50.77,67.75],[-52.75,67.53],[-53.32,67.25],[-53.05,67.0]]}},{"type":"Feature","properties":{"level":1004},"geometry":{"type":"LineString","coordinates":[[-52.5,70.73],[-52.52,71.25],[-52.25,71.29],[-51.32,70.75],[-52.5,70.73]]}},{"type":"Feature","properties":{"level":1004},"geometry":{"type":"LineString","coordinates":[[-54.25,70.76],[-54.31,71.0],[-54.07,71.0],[-54.25,70.76]]}},{"type":"Feature","properties":{"level":1004},"geometry":{"type":"LineString","coordinates":[[-53.25,70.99],[-52.83,71.0],[-53.25,70.99]]}},{"type":"Feature","properties":{"level":1008},"geometry":{"type":"LineString","coordinates":[[12.75,-89.0],[74.75,-88.57],[89.5,-88.04],[119.24,-86.25],[125.0,-85.74],[134.05,-84.25],[135.57,-83.75],[135.04,-83.0],[136.26,-82.5],[136.42,-82.25],[136.06,-81.75],[137.77,-81.0],[142.25,-79.83],[143.21,-79.0],[136.75,-79.15],[134.5,-78.73],[133.76,-78.25],[133.55,-77.75],[133.96,-77.5],[133.95,-77.25],[133.71,-76.75],[133.0,-76.18],[129.25,-75.11],[126.0,-75.24],[125.55,-75.5],[125.58,-76.0],[124.75,-76.1],[123.25,-76.17],[122.5,-75.74],[119.9,-76.0],[122.12,-76.25],[114.75,-76.64],[96.75,-76.38],[84.5,-77.77],[77.58,-78.25],[75.0,-78.9],[72.25,-78.97],[66.5,-78.77],[61.75,-78.08],[59.5,-76.89],[57.25,-76.61],[54.25,-75.88],[51.62,-74.25],[51.91,-73.75],[51.63,-73.5],[52.29,-72.5],[50.75,-72.25],[49.5,-72.4],[48.5,-72.14],[47.0,-72.37],[46.5,-72.15],[39.75,-73.04],[38.0,-73.64],[32.5,-74.06],[30.25,-73.75],[27.0,-73.69],[22.25,-74.16],[19.5,-74.12],[13.75,-73.5],[9.57,-74.0],[10.0,-74.39],[11.0,-74.59],[21.0,-75.6],[24.54,-75.75],[23.81,-76.25],[27.5,-77.02],[39.25,-77.65],[40.29,-78.25],[40.58,-78.75],[40.4,-79.25],[40.77,-80.0],[39.91,-80.75],[38.24,-81.5],[38.05,-82.0],[37.0,-82.43],[33.5,-83.42],[28.5,-84.45],[10.5,-84.42],[0.25,-84.67],[-3.96,-85.0],[-9.75,-86.06],[-24.16,-86.75],[-26.17,-87.0],[-25.98,-87.25],[-40.53,-87.5],[-40.3,-87.75],[-36.03,-88.5],[-33.0,-88.62],[12.75,-89.0]]}},{"type":"Feature","properties":{"level":1008},"geometry":{"type":"LineString","coordinates":[[-4.46,-81.25],[-2.78,-81.25],[-4.46,-81.25]]}},{"type":"Feature","properties":{"level":1008},"geometry":{"type":"LineString","coordinates":[[-9.71,-81.0],[-8.54,-81.0],[-9.71,-81.0]]}},{"type":"Feature","properties":{"level":1008},"geometry":{"type":"LineString","coordinates":[[-180.0,-57.49],[-175.44,-56.5],[-166.25,-53.59],[-162.0,-51.86],[-161.25,-51.04],[-151.75,-50.56],[-142.5,-49.27],[-139.0,-49.28],[-137.25,-48.86],[-134.75,-47.23],[-133.0,-45.35],[-130.61,-42.0],[-129.43,-40.75],[-127.75,-39.67],[-126.5,-39.05],[-123.0,-38.0],[-118.5,-37.86],[-117.0,-37.28],[-116.07,-36.25],[-115.25,-34.25],[-113.4,-33.0],[-113.21,-32.0],[-112.75,-31.36],[-112.0,-31.58],[-111.65,-32.0],[-111.74,-32.75],[-110.75,-33.11],[-110.89,-34.0],[-110.75,-34.16],[-110.5,-33.82],[-110.11,-34.0],[-109.91,-34.25],[-109.93,-35.0],[-109.31,-35.25],[-108.59,-37.0],[-108.25,-37.22],[-106.34,-43.0],[-105.32,-45.25],[-102.25,-48.65],[-99.75,-50.75],[-94.25,-54.17],[-89.0,-56.58],[-80.25,-59.51],[-75.75,-60.75],[-72.25,-61.37],[-69.0,-61.68],[-66.0,-61.31],[-63.5,-60.85],[-55.0,-58.38],[-50.0,-57.63],[-42.25,-57.26],[-37.25,-56.3],[-35.5,-55.74],[-34.25,-54.85],[-29.5,-52.95],[-22.75,-49.37],[-16.75,-46.81],[-6.75,-43.49],[-1.5,-42.11],[-0.1,-41.25],[0.0,-40.68],[0.55,-40.25],[0.78,-38.75],[1.11,-38.25],[2.5,-38.02],[7.0,-38.21],[10.0,-38.66],[14.5,-40.2],[21.0,-43.01],[24.75,-45.1],[35.06,-53.0],[38.61,-54.75],[41.0,-55.3],[43.75,-55.5],[51.75,-55.04],[59.75,-53.94],[67.01,-53.5],[75.0,-51.53],[83.25,-49.86],[92.48,-47.0],[95.7,-45.5],[100.25,-43.84],[103.25,-42.09],[107.25,-39.02],[108.41,-38.5],[110.0,-37.94],[115.75,-37.31],[117.75,-36.69],[120.0,-33.15],[119.92,-32.5],[122.12,-32.5],[122.75,-31.17],[123.56,-30.5],[123.51,-30.0],[124.03,-29.5],[124.2,-28.0],[124.5,-27.55],[125.0,-28.01],[125.25,-27.53],[125.5,-27.52],[126.05,-27.75],[126.25,-28.38],[127.75,-28.94],[128.25,-29.71],[129.75,-30.5],[129.57,-30.75],[130.75,-31.7],[131.99,-35.0],[132.75,-36.25],[132.8,-37.0],[133.53,-38.25],[133.43,-39.5],[134.28,-40.25],[135.25,-43.17],[136.25,-44.11],[137.1,-45.5],[142.25,-49.51],[147.5,-52.84],[154.36,-55.75],[158.75,-57.03],[163.25,-57.89],[167.25,-58.29],[171.5,-58.33],[176.25,-58.02],[180.0,-57.49]]}},{"type":"Feature","properties":{"level":1008},"geometry":{"type":"LineString","coordinates":[[-109.0,-33.87],[-109.17,-33.75],[-109.0,-33.43],[-108.85,-33.5],[-109.0,-33.87]]}},{"type":"Feature","properties":{"level":1008},"geometry":{"type":"LineString","coordinates":[[-57.0,-33.3],[-58.0,-32.84],[-58.75,-31.28],[-59.25,-31.52],[-59.55,-31.0],[-60.25,-31.06],[-60.5,-30.7],[-61.76,-30.25],[-62.25,-29.49],[-63.75,-29.33],[-64.5,-29.66],[-64.8,-28.75],[-64.75,-28.03],[-65.29,-28.0],[-65.57,-27.5],[-64.88,-27.0],[-64.72,-26.5],[-65.0,-26.17],[-65.25,-26.38],[-65.25,-25.54],[-65.66,-25.5],[-65.32,-24.0],[-64.81,-23.5],[-64.73,-22.0],[-65.0,-21.26],[-65.5,-22.37],[-65.97,-21.75],[-65.43,-21.25],[-65.8,-20.75],[-65.43,-19.5],[-65.6,-18.75],[-66.0,-18.49],[-66.36,-17.5],[-65.5,-17.91],[-64.28,-17.75],[-65.71,-17.0],[-66.5,-16.23],[-67.75,-15.84],[-68.1,-15.5],[-68.14,-14.5],[-68.5,-14.37],[-68.6,-14.0],[-71.28,-13.0],[-72.0,-12.03],[-72.5,-11.95],[-72.75,-12.25],[-73.0,-12.21],[-73.86,-11.25],[-74.25,-10.18],[-74.5,-10.17],[-74.75,-10.63],[-75.0,-10.58],[-75.75,-9.07],[-76.0,-9.06],[-76.0,-7.93],[-76.29,-8.0],[-76.1,-8.75],[-76.25,-8.93],[-77.09,-7.25],[-76.65,-6.25],[-76.74,-5.75],[-77.75,-5.2],[-78.25,-5.29],[-78.5,-5.09],[-78.55,-4.5],[-78.06,-3.25],[-78.25,-2.99],[-77.77,-2.25],[-77.77,-1.0],[-77.35,-0.5],[-77.35,0.25],[-76.5,1.1],[-75.25,1.7],[-74.75,2.25],[-74.25,2.2],[-74.25,2.52],[-73.75,2.55],[-73.1,4.25],[-71.5,4.89],[-70.78,5.5],[-70.5,6.19],[-69.75,5.73],[-69.0,6.62],[-68.5,5.99],[-67.75,5.8],[-67.63,5.0],[-67.0,4.33],[-66.64,4.5],[-66.01,5.5],[-65.72,5.25],[-65.61,5.0],[-66.29,3.75],[-66.0,3.56],[-65.94,3.0],[-65.2,2.5],[-65.25,2.14],[-66.01,2.0],[-66.15,0.75],[-65.5,0.4],[-63.2,2.25],[-63.25,3.33],[-62.69,3.5],[-62.5,3.94],[-61.0,4.39],[-59.25,4.21],[-59.33,4.5],[-59.0,4.96],[-58.5,5.0],[-57.0,4.25],[-56.5,4.5],[-55.5,4.44],[-54.1,3.5],[-53.63,1.5],[-54.01,0.75],[-53.9,0.25],[-53.11,0.25],[-52.89,-0.25],[-53.23,-0.75],[-52.5,-0.69],[-52.5,-1.35],[-50.75,-2.05],[-49.0,-3.31],[-48.0,-3.13],[-47.25,-3.78],[-47.0,-4.31],[-46.5,-4.15],[-46.25,-4.55],[-46.0,-4.46],[-44.25,-5.05],[-43.75,-4.86],[-42.5,-4.98],[-42.22,-4.75],[-42.0,-6.0],[-42.69,-6.0],[-42.67,-6.5],[-43.25,-7.16],[-43.75,-7.33],[-44.0,-7.16],[-45.25,-7.85],[-45.75,-9.44],[-46.38,-10.0],[-46.85,-11.0],[-46.47,-12.5],[-46.5,-12.7],[-46.9,-12.75],[-46.93,-13.25],[-48.0,-13.14],[-48.25,-13.56],[-48.5,-13.27],[-49.03,-14.0],[-48.77,-14.25],[-50.0,-14.66],[-51.0,-15.74],[-52.25,-15.59],[-52.06,-15.25],[-52.5,-14.84],[-52.75,-15.02],[-53.12,-14.75],[-52.5,-14.54],[-52.75,-14.27],[-53.0,-14.47],[-54.0,-14.17],[-54.5,-14.32],[-55.5,-15.21],[-55.94,-15.25],[-55.39,-16.25],[-54.83,-16.5],[-54.68,-17.75],[-53.93,-18.5],[-54.0,-19.26],[-54.75,-19.06],[-54.79,-19.25],[-54.58,-19.75],[-54.81,-21.0],[-54.5,-21.57],[-55.25,-22.28],[-55.5,-21.71],[-55.82,-22.25],[-55.09,-25.25],[-55.33,-25.75],[-55.26,-26.25],[-54.75,-26.5],[-54.91,-27.25],[-54.34,-27.5],[-54.88,-29.25],[-53.19,-29.75],[-54.0,-30.13],[-54.5,-30.73],[-55.5,-31.17],[-56.5,-31.06],[-56.85,-31.75],[-57.0,-33.3]]}},{"type":"Feature","properties":{"level":1008},"geometry":{"type":"LineString","coordinates":[[-54.5,-33.3],[-54.83,-33.0],[-54.75,-32.74],[-54.4,-33.0],[-54.5,-33.3]]}},{"type":"Feature","properties":{"level":1008},"geometry":{"type":"LineString","coordinates":[[127.0,-28.39],[126.9,-28.25],[127.0,-28.39]]}},{"type":"Feature","properties":{"level":1008},"geometry":{"type":"LineString","coordinates":[[125.5,-27.49],[125.27,-27.0],[125.5,-26.79],[125.5,-27.49]]}},{"type":"Feature","properties":{"level":1008},"geometry":{"type":"LineString","coordinates":[[125.0,-26.96],[125.0,-26.52],[125.0,-26.96]]}},{"type":"Feature","properties":{"level":1008},"geometry":{"type":"LineString","coordinates":[[124.75,-26.26],[124.48,-25.75],[124.75,-25.36],[124.75,-26.26]]}},{"type":"Feature","properties":{"level":1008},"geometry":{"type":"LineString","coordinates":[[-54.75,-16.36],[-54.75,-16.2],[-54.39,-16.25],[-54.5,-16.45],[-54.75,-16.36]]}},{"type":"Feature","properties":{"level":1008},"geometry":{"type":"LineString","coordinates":[[-52.75,-15.81],[-52.75,-15.64],[-52.75,-15.81]]}},{"type":"Feature","properties":{"level":1008},"geometry":{"type":"LineString","coordinates":[[-59.26,-14.5],[-58.25,-14.73],[-58.0,-14.29],[-57.25,-14.0],[-56.75,-14.4],[-55.35,-14.0],[-55.75,-13.76],[-56.25,-13.87],[-56.5,-13.57],[-57.25,-13.99],[-57.5,-13.8],[-58.0,-14.17],[-58.25,-14.05],[-58.61,-13.5],[-58.45,-13.25],[-57.55,-13.0],[-58.0,-12.36],[-58.67,-12.0],[-58.75,-11.44],[-59.71,-11.5],[-59.57,-11.0],[-59.75,-10.78],[-60.12,-11.25],[-59.82,-11.75],[-60.0,-12.64],[-59.7,-12.75],[-59.76,-13.5],[-59.26,-14.5]]}},{"type":"Feature","properties":{"level":1008},"geometry":{"type":"LineString","coordinates":[[-59.5,-12.55],[-59.66,-12.25],[-59.25,-12.24],[-59.5,-12.55]]}},{"type":"Feature","properties":{"level":1008},"geometry":{"type":"LineString","coordinates":[[-46.6,-9.0],[-46.27,-9.0],[-46.6,-9.0]]}},{"type":"Feature","properties":{"level":1008},"geometry":{"type":"LineString","coordinates":[[-50.84,-7.0],[-50.65,-7.0],[-50.84,-7.0]]}},{"type":"Feature","properties":{"level":1008},"geometry":{"type":"LineString","coordinates":[[-45.99,-6.75],[-45.25,-6.82],[-44.55,-6.5],[-45.0,-6.32],[-45.99,-6.75]]}},{"type":"Feature","properties":{"level":1008},"geometry":{"type":"LineString","coordinates":[[-43.77,-6.5],[-42.84,-6.5],[-43.5,-6.23],[-43.77,-6.5]]}},{"type":"Feature","properties":{"level":1008},"geometry":{"type":"LineString","coordinates":[[-50.53,-6.25],[-50.16,-6.25],[-50.5,-5.92],[-50.53,-6.25]]}},{"type":"Feature","properties":{"level":1008},"geometry":{"type":"LineString","coordinates":[[-133.0,-4.27],[-134.0,-3.85],[-134.5,-3.21],[-135.0,-3.61],[-135.35,-3.5],[-135.75,-3.97],[-136.75,-3.24],[-138.75,-3.66],[-140.13,-2.5],[-139.5,-2.03],[-138.53,-2.75],[-137.25,-3.13],[-136.75,-2.59],[-136.22,-2.5],[-136.5,-2.17],[-137.0,-2.12],[-137.25,-2.51],[-137.32,-2.25],[-136.75,-0.76],[-136.5,-0.9],[-136.23,-0.75],[-136.5,-0.2],[-137.5,-0.87],[-137.86,-0.75],[-138.0,-1.41],[-138.25,-1.62],[-138.51,-1.5],[-138.16,-1.0],[-138.09,-0.25],[-137.24,1.0],[-137.5,1.24],[-137.75,0.99],[-137.72,2.0],[-137.25,2.4],[-137.02,2.25],[-137.0,1.64],[-136.52,2.5],[-137.25,2.88],[-138.25,7.07],[-138.5,7.19],[-138.64,7.0],[-138.78,6.5],[-138.5,6.0],[-138.9,5.75],[-139.75,6.43],[-140.5,6.4],[-141.22,5.5],[-141.25,4.91],[-142.07,5.25],[-142.5,5.81],[-143.25,5.68],[-145.5,6.26],[-146.5,6.04],[-147.5,4.94],[-148.0,4.94],[-148.5,5.38],[-149.0,6.45],[-149.25,5.92],[-149.5,6.09],[-149.75,7.25],[-150.0,7.5],[-150.66,7.5],[-149.75,7.58],[-149.81,8.25],[-149.57,8.75],[-149.71,9.25],[-148.5,10.25],[-148.48,10.5],[-148.85,10.75],[-147.75,12.04],[-147.0,11.94],[-145.5,12.49],[-144.91,12.0],[-144.5,11.08],[-143.75,11.51],[-143.23,10.5],[-142.25,10.44],[-141.5,10.07],[-141.0,11.25],[-140.49,11.25],[-140.64,11.75],[-140.46,12.5],[-138.75,13.71],[-136.25,14.14],[-134.75,14.16],[-133.25,13.71],[-132.75,13.82],[-131.75,13.57],[-131.25,13.27],[-130.5,13.56],[-130.0,13.5],[-129.75,13.89],[-128.75,13.91],[-128.54,14.25],[-128.75,14.69],[-129.25,14.53],[-129.5,14.75],[-129.11,15.5],[-129.17,16.75],[-129.77,17.25],[-129.98,17.75],[-129.39,19.0],[-129.37,20.25],[-128.61,22.75],[-126.75,25.12],[-124.75,26.29],[-121.75,26.85],[-119.06,26.5],[-115.75,24.64],[-114.9,23.5],[-114.12,23.25],[-113.33,22.5],[-112.75,22.27],[-112.22,22.5],[-111.95,23.25],[-112.11,23.75],[-113.85,25.0],[-114.71,26.5],[-114.84,27.25],[-114.5,27.09],[-114.43,27.25],[-115.23,28.0],[-115.21,28.5],[-114.3,29.25],[-116.31,33.0],[-116.5,33.82],[-115.83,34.0],[-116.5,34.91],[-116.84,35.0],[-116.4,35.5],[-116.97,35.75],[-116.86,36.25],[-117.25,36.85],[-116.25,36.6],[-115.92,36.0],[-115.75,34.72],[-115.0,35.0],[-114.83,35.5],[-115.09,36.25],[-114.75,36.19],[-114.75,36.77],[-114.25,36.84],[-113.94,36.25],[-114.25,36.39],[-114.38,36.25],[-114.16,36.0],[-114.5,35.75],[-114.0,34.81],[-113.0,34.51],[-112.56,34.0],[-111.75,34.03],[-111.38,33.75],[-110.7,32.0],[-111.0,31.81],[-111.5,31.94],[-111.5,31.56],[-110.35,30.5],[-110.0,29.85],[-109.75,30.11],[-109.56,29.75],[-108.84,29.5],[-109.2,28.75],[-109.12,28.0],[-108.5,28.01],[-108.69,27.75],[-108.44,27.5],[-108.66,27.25],[-107.72,27.0],[-107.75,26.7],[-108.0,26.98],[-108.04,26.25],[-106.89,25.0],[-106.61,24.25],[-104.74,21.75],[-105.13,21.5],[-105.37,20.25],[-104.25,19.21],[-103.5,19.06],[-103.49,18.5],[-103.0,18.22],[-102.25,18.25],[-102.23,18.5],[-103.06,19.25],[-102.75,19.6],[-101.75,19.0],[-100.5,19.25],[-100.0,18.12],[-99.42,18.5],[-99.39,18.75],[-99.0,18.78],[-97.93,18.25],[-98.0,17.95],[-98.5,17.72],[-99.5,17.8],[-100.69,18.0],[-101.25,18.33],[-101.59,18.25],[-101.65,18.0],[-101.0,17.42],[-98.15,16.75],[-97.5,16.18],[-96.5,15.81],[-95.5,16.06],[-95.36,16.5],[-95.0,16.64],[-94.5,16.51],[-91.75,14.37],[-90.68,14.0],[-90.25,13.06],[-90.0,13.29],[-88.0,13.07],[-87.75,13.58],[-86.77,13.0],[-86.75,12.74],[-87.29,12.75],[-87.0,12.16],[-87.81,11.5],[-87.55,11.0],[-87.75,10.56],[-88.25,10.63],[-89.0,10.16],[-90.5,10.78],[-91.25,9.74],[-92.25,10.21],[-93.25,10.19],[-94.32,9.25],[-94.5,8.58],[-95.25,8.75],[-95.5,8.57],[-96.0,8.85],[-97.25,8.06],[-97.5,7.56],[-97.75,7.73],[-98.75,7.41],[-99.0,7.82],[-99.3,7.25],[-100.0,6.67],[-101.0,6.58],[-101.5,7.01],[-102.0,6.61],[-102.34,6.75],[-102.57,7.25],[-102.15,8.0],[-102.5,8.22],[-104.5,7.98],[-104.5,8.5],[-105.0,8.93],[-105.25,8.82],[-106.29,9.75],[-105.9,10.25],[-106.0,10.72],[-106.25,10.56],[-106.75,10.85],[-106.31,10.25],[-106.5,9.97],[-107.75,10.75],[-108.64,11.0],[-108.75,11.26],[-109.0,10.96],[-109.16,11.75],[-109.5,11.95],[-110.0,11.39],[-110.25,11.8],[-111.0,10.78],[-112.5,10.7],[-112.72,11.25],[-112.5,11.86],[-113.25,12.69],[-113.29,11.5],[-113.0,10.41],[-113.75,10.35],[-114.5,9.41],[-115.0,9.57],[-115.75,9.39],[-115.94,9.25],[-115.52,9.0],[-115.75,8.78],[-116.0,9.17],[-117.17,8.5],[-117.19,7.75],[-117.0,7.7],[-116.75,8.08],[-116.25,7.88],[-116.0,8.04],[-115.66,7.5],[-115.9,7.25],[-115.8,6.75],[-116.0,6.66],[-116.25,7.32],[-116.64,7.0],[-116.73,6.75],[-116.33,6.25],[-117.25,4.26],[-117.75,3.68],[-118.25,3.61],[-119.75,2.38],[-120.25,2.41],[-120.5,1.95],[-120.83,2.25],[-120.0,3.5],[-120.75,3.71],[-121.75,3.21],[-122.04,1.75],[-122.75,0.5],[-122.45,0.0],[-122.79,-0.5],[-122.68,-1.0],[-123.75,-2.22],[-124.0,-2.08],[-124.19,-2.25],[-124.5,-3.03],[-125.5,-3.0],[-126.75,-3.46],[-128.5,-3.24],[-129.5,-4.07],[-129.75,-3.87],[-131.5,-3.76],[-132.0,-4.1],[-133.0,-4.27]]}},{"type":"Feature","properties":{"level":1008},"geometry":{"type":"LineString","coordinates":[[-45.75,-4.3],[-45.75,-4.14],[-45.75,-4.3]]}},{"type":"Feature","properties":{"level":1008},"geometry":{"type":"LineString","coordinates":[[-159.75,-3.27],[-160.25,-2.75],[-160.0,-2.43],[-159.5,-2.9],[-159.32,-2.75],[-159.25,-2.0],[-159.5,-1.89],[-159.69,-1.0],[-159.25,-0.29],[-158.75,-0.31],[-158.08,-1.25],[-158.94,-3.0],[-159.75,-3.27]]}},{"type":"Feature","properties":{"level":1008},"geometry":{"type":"LineString","coordinates":[[-156.5,-3.37],[-156.5,-3.07],[-155.99,-3.25],[-156.5,-3.37]]}},{"type":"Feature","properties":{"level":1008},"geometry":{"type":"LineString","coordinates":[[-156.0,-2.92],[-156.32,-2.25],[-156.0,-2.0],[-155.63,-2.75],[-156.0,-2.92]]}},{"type":"Feature","properties":{"level":1008},"geometry":{"type":"LineString","coordinates":[[-159.25,-0.75],[-158.99,-0.75],[-159.25,-0.75]]}},{"type":"Feature","properties":{"level":1008},"geometry":{"type":"LineString","coordinates":[[-153.75,-0.55],[-153.72,0.0],[-153.5,0.08],[-153.45,-0.5],[-153.75,-0.55]]}},{"type":"Feature","properties":{"level":1008},"geometry":{"type":"LineString","coordinates":[[-158.25,-0.25],[-158.0,0.66],[-157.5,0.93],[-157.42,0.75],[-158.25,-0.25]]}},{"type":"Feature","properties":{"level":1008},"geometry":{"type":"LineString","coordinates":[[-159.25,-0.2],[-159.5,0.58],[-159.75,0.63],[-160.5,0.06],[-160.75,0.84],[-161.25,0.95],[-161.43,1.25],[-160.5,1.87],[-160.25,1.54],[-159.75,1.85],[-159.5,1.11],[-159.25,1.08],[-159.07,1.5],[-158.75,1.59],[-158.75,1.08],[-158.5,1.13],[-158.35,1.5],[-158.52,1.75],[-158.0,2.16],[-157.81,1.75],[-159.11,0.25],[-159.25,-0.2]]}},{"type":"Feature","properties":{"level":1008},"geometry":{"type":"LineString","coordinates":[[-157.0,-0.05],[-156.87,1.5],[-156.65,1.5],[-156.5,1.08],[-156.0,1.36],[-155.82,1.25],[-156.19,0.75],[-156.22,0.25],[-156.5,0.69],[-157.0,-0.05]]}},{"type":"Feature","properties":{"level":1008},"geometry":{"type":"LineString","coordinates":[[-161.75,1.65],[-161.75,2.0],[-161.75,1.65]]}},{"type":"Feature","properties":{"level":1008},"geometry":{"type":"LineString","coordinates":[[-55.66,2.25],[-55.38,2.25],[-55.66,2.25]]}},{"type":"Feature","properties":{"level":1008},"geometry":{"type":"LineString","coordinates":[[-54.87,2.25],[-54.63,2.25],[-55.0,2.76],[-55.09,2.5],[-54.87,2.25]]}},{"type":"Feature","properties":{"level":1008},"geometry":{"type":"LineString","coordinates":[[-157.75,2.43],[-158.22,2.75],[-158.23,3.25],[-158.0,3.4],[-157.59,2.75],[-157.75,2.43]]}},{"type":"Feature","properties":{"level":1008},"geometry":{"type":"LineString","coordinates":[[-135.59,2.75],[-135.5,2.58],[-135.25,2.83],[-135.25,3.18],[-135.5,3.19],[-135.59,2.75]]}},{"type":"Feature","properties":{"level":1008},"geometry":{"type":"LineString","coordinates":[[-136.63,3.0],[-136.5,2.88],[-136.5,3.23],[-136.63,3.0]]}},{"type":"Feature","properties":{"level":1008},"geometry":{"type":"LineString","coordinates":[[-75.25,3.54],[-75.25,3.92],[-74.75,4.61],[-74.78,4.0],[-75.0,3.54],[-75.25,3.54]]}},{"type":"Feature","properties":{"level":1008},"geometry":{"type":"LineString","coordinates":[[-147.81,5.25],[-147.75,5.06],[-147.62,5.25],[-147.81,5.25]]}},{"type":"Feature","properties":{"level":1008},"geometry":{"type":"LineString","coordinates":[[-154.0,5.68],[-154.19,5.75],[-154.1,6.25],[-153.86,6.75],[-153.5,6.92],[-153.25,6.75],[-153.48,6.0],[-154.0,5.68]]}},{"type":"Feature","properties":{"level":1008},"geometry":{"type":"LineString","coordinates":[[-120.57,6.0],[-119.62,6.75],[-120.0,7.14],[-120.3,7.0],[-120.57,6.0]]}},{"type":"Feature","properties":{"level":1008},"geometry":{"type":"LineString","coordinates":[[-67.5,5.92],[-67.63,6.5],[-67.25,6.81],[-67.5,5.92]]}},{"type":"Feature","properties":{"level":1008},"geometry":{"type":"LineString","coordinates":[[-64.75,6.13],[-65.16,7.0],[-65.0,7.24],[-64.54,7.25],[-64.75,7.45],[-65.0,7.26],[-65.25,7.75],[-64.5,8.19],[-64.0,8.19],[-63.5,7.7],[-63.89,7.25],[-64.45,7.25],[-64.56,6.25],[-64.75,6.13]]}},{"type":"Feature","properties":{"level":1008},"geometry":{"type":"LineString","coordinates":[[-152.75,6.99],[-153.2,7.25],[-152.75,7.29],[-152.75,6.99]]}},{"type":"Feature","properties":{"level":1008},"geometry":{"type":"LineString","coordinates":[[-149.64,7.0],[-149.0,7.61],[-149.0,8.26],[-149.68,7.5],[-149.64,7.0]]}},{"type":"Feature","properties":{"level":1008},"geometry":{"type":"LineString","coordinates":[[-118.01,7.0],[-117.75,6.82],[-117.58,7.25],[-117.83,7.5],[-117.61,8.5],[-118.0,8.82],[-118.5,8.05],[-118.91,8.25],[-118.75,7.75],[-118.25,7.5],[-118.01,7.0]]}},{"type":"Feature","properties":{"level":1008},"geometry":{"type":"LineString","coordinates":[[-115.0,7.29],[-115.18,7.5],[-115.0,7.59],[-115.0,7.29]]}},{"type":"Feature","properties":{"level":1008},"geometry":{"type":"LineString","coordinates":[[-66.5,7.62],[-66.5,8.0],[-66.25,8.0],[-66.18,7.75],[-66.5,7.62]]}},{"type":"Feature","properties":{"level":1008},"geometry":{"type":"LineString","coordinates":[[-139.04,8.0],[-139.0,7.79],[-138.38,8.25],[-138.5,8.97],[-139.15,8.75],[-139.04,8.0]]}},{"type":"Feature","properties":{"level":1008},"geometry":{"type":"LineString","coordinates":[[-75.75,8.59],[-75.75,8.86],[-75.4,8.75],[-75.75,8.59]]}},{"type":"Feature","properties":{"level":1008},"geometry":{"type":"LineString","coordinates":[[-162.0,9.77],[-162.1,10.25],[-161.78,10.75],[-162.25,10.75],[-162.5,11.03],[-163.0,10.71],[-163.75,11.06],[-164.25,10.78],[-165.03,11.5],[-164.57,11.75],[-164.57,12.25],[-165.0,12.5],[-165.46,12.25],[-165.02,12.0],[-165.25,11.81],[-165.67,12.0],[-165.75,12.28],[-166.25,11.56],[-166.73,12.0],[-166.89,13.5],[-166.5,14.2],[-165.5,14.36],[-165.34,15.0],[-164.62,15.75],[-164.82,16.25],[-164.64,16.5],[-164.0,16.57],[-163.25,17.08],[-162.25,16.8],[-161.95,16.25],[-161.17,15.75],[-160.15,14.25],[-160.29,14.0],[-160.07,13.0],[-160.52,12.0],[-160.36,11.75],[-161.17,11.25],[-161.46,10.75],[-161.04,10.5],[-162.0,9.77]]}},{"type":"Feature","properties":{"level":1008},"geometry":{"type":"LineString","coordinates":[[-151.75,10.23],[-151.75,10.77],[-151.24,10.5],[-151.5,10.11],[-151.75,10.23]]}},{"type":"Feature","properties":{"level":1008},"geometry":{"type":"LineString","coordinates":[[-164.0,10.5],[-163.75,10.66],[-163.42,10.5],[-163.75,10.32],[-164.0,10.5]]}},{"type":"Feature","properties":{"level":1008},"geometry":{"type":"LineString","coordinates":[[-135.28,10.5],[-134.86,10.5],[-134.75,11.05],[-135.28,10.5]]}},{"type":"Feature","properties":{"level":1008},"geometry":{"type":"LineString","coordinates":[[-114.5,11.0],[-114.25,10.93],[-114.0,11.32],[-114.25,11.52],[-114.5,11.38],[-114.5,11.0]]}},{"type":"Feature","properties":{"level":1008},"geometry":{"type":"LineString","coordinates":[[146.0,11.42],[145.25,11.54],[144.76,12.0],[144.85,12.5],[145.5,13.13],[146.38,12.5],[146.33,11.75],[146.0,11.42]]}},{"type":"Feature","properties":{"level":1008},"geometry":{"type":"LineString","coordinates":[[165.5,11.46],[163.5,12.17],[162.01,13.5],[162.09,13.75],[161.5,14.45],[161.5,14.79],[161.75,14.67],[162.0,15.29],[162.5,15.28],[162.77,16.0],[161.93,16.25],[162.03,16.75],[161.7,17.5],[161.68,18.25],[162.25,18.99],[163.25,19.72],[166.0,20.15],[167.75,19.59],[168.76,18.75],[169.25,17.75],[169.46,16.25],[169.3,15.75],[169.95,14.0],[169.97,13.25],[169.0,12.21],[167.5,11.48],[165.5,11.46]]}},{"type":"Feature","properties":{"level":1008},"geometry":{"type":"LineString","coordinates":[[32.75,11.7],[32.18,13.75],[33.0,14.31],[33.42,14.0],[33.88,12.5],[33.0,11.56],[32.75,11.7]]}},{"type":"Feature","properties":{"level":1008},"geometry":{"type":"LineString","coordinates":[[16.75,12.18],[16.09,13.0],[16.75,13.44],[18.25,13.31],[19.25,13.49],[19.72,13.25],[18.75,13.08],[16.75,12.18]]}},{"type":"Feature","properties":{"level":1008},"geometry":{"type":"LineString","coordinates":[[-112.44,12.75],[-112.0,12.55],[-112.0,12.79],[-112.44,12.75]]}},{"type":"Feature","properties":{"level":1008},"geometry":{"type":"LineString","coordinates":[[-164.33,13.0],[-164.0,12.91],[-164.0,13.25],[-164.33,13.0]]}},{"type":"Feature","properties":{"level":1008},"geometry":{"type":"LineString","coordinates":[[-112.75,13.0],[-112.5,12.81],[-112.42,13.0],[-112.75,13.0]]}},{"type":"Feature","properties":{"level":1008},"geometry":{"type":"LineString","coordinates":[[-87.61,13.0],[-87.41,13.0],[-87.61,13.0]]}},{"type":"Feature","properties":{"level":1008},"geometry":{"type":"LineString","coordinates":[[30.0,12.99],[29.29,13.5],[29.3,14.0],[30.0,14.58],[30.25,14.36],[31.0,14.71],[31.26,14.0],[30.78,13.75],[30.5,13.04],[30.0,12.99]]}},{"type":"Feature","properties":{"level":1008},"geometry":{"type":"LineString","coordinates":[[171.75,12.95],[171.4,13.75],[171.75,13.86],[172.0,14.66],[172.25,14.61],[172.52,14.25],[172.43,13.75],[171.75,12.95]]}},{"type":"Feature","properties":{"level":1008},"geometry":{"type":"LineString","coordinates":[[148.25,13.16],[146.56,14.5],[146.61,15.25],[147.0,15.64],[147.88,15.75],[149.25,15.03],[149.46,13.75],[149.0,13.29],[148.25,13.16]]}},{"type":"Feature","properties":{"level":1008},"geometry":{"type":"LineString","coordinates":[[-168.75,13.73],[-168.75,13.89],[-168.75,13.73]]}},{"type":"Feature","properties":{"level":1008},"geometry":{"type":"LineString","coordinates":[[-165.59,13.75],[-165.5,13.55],[-165.02,13.75],[-165.25,14.0],[-165.59,13.75]]}},{"type":"Feature","properties":{"level":1008},"geometry":{"type":"LineString","coordinates":[[19.25,13.51],[19.12,14.0],[19.5,14.1],[19.63,14.0],[19.25,13.51]]}},{"type":"Feature","properties":{"level":1008},"geometry":{"type":"LineString","coordinates":[[-168.25,13.86],[-168.54,14.25],[-167.23,15.0],[-167.14,14.75],[-167.77,14.0],[-168.25,13.86]]}},{"type":"Feature","properties":{"level":1008},"geometry":{"type":"LineString","coordinates":[[-128.36,14.75],[-128.18,14.75],[-128.25,15.13],[-128.36,14.75]]}},{"type":"Feature","properties":{"level":1008},"geometry":{"type":"LineString","coordinates":[[31.25,14.72],[31.08,14.75],[31.25,15.59],[32.12,15.75],[31.58,16.0],[31.85,16.5],[32.75,16.76],[34.0,18.01],[34.94,17.75],[35.27,17.25],[35.24,16.25],[34.5,15.72],[34.18,15.0],[33.83,15.0],[33.39,15.5],[33.93,15.75],[33.75,16.44],[33.5,16.52],[33.13,16.25],[33.24,15.75],[32.75,15.35],[31.25,14.72]]}},{"type":"Feature","properties":{"level":1008},"geometry":{"type":"LineString","coordinates":[[-87.75,14.96],[-88.75,15.28],[-89.25,15.11],[-90.0,15.72],[-90.8,15.75],[-91.28,16.25],[-91.02,16.5],[-91.25,17.2],[-92.0,17.58],[-92.5,17.7],[-93.5,17.4],[-95.0,17.39],[-96.5,18.96],[-96.75,21.56],[-96.25,22.01],[-95.25,22.24],[-94.75,22.16],[-94.25,21.73],[-93.5,21.67],[-92.0,22.05],[-90.0,20.99],[-89.0,21.34],[-88.48,21.0],[-88.25,20.75],[-88.0,18.94],[-85.5,17.63],[-84.57,16.0],[-85.5,15.6],[-86.75,15.81],[-87.25,15.65],[-87.56,15.5],[-87.75,14.96]]}},{"type":"Feature","properties":{"level":1008},"geometry":{"type":"LineString","coordinates":[[-169.0,16.17],[-168.64,16.75],[-168.75,17.01],[-167.4,16.75],[-167.75,16.41],[-169.0,16.17]]}},{"type":"Feature","properties":{"level":1008},"geometry":{"type":"LineString","coordinates":[[31.99,16.25],[32.25,16.07],[32.33,16.25],[31.99,16.25]]}},{"type":"Feature","properties":{"level":1008},"geometry":{"type":"LineString","coordinates":[[-95.15,18.25],[-95.0,18.07],[-94.74,18.25],[-95.25,18.63],[-95.15,18.25]]}},{"type":"Feature","properties":{"level":1008},"geometry":{"type":"LineString","coordinates":[[-103.25,20.21],[-104.14,21.0],[-103.75,22.02],[-103.77,21.25],[-103.5,21.22],[-103.0,21.66],[-102.75,21.35],[-102.5,21.59],[-101.46,21.0],[-101.05,20.5],[-101.5,20.36],[-102.25,21.12],[-102.84,20.75],[-102.12,20.5],[-102.25,20.15],[-103.25,20.21]]}},{"type":"Feature","properties":{"level":1008},"geometry":{"type":"LineString","coordinates":[[-165.5,23.37],[-165.85,24.0],[-165.52,24.75],[-166.66,25.25],[-167.15,26.0],[-167.45,27.25],[-167.37,28.0],[-166.81,28.75],[-166.75,29.71],[-165.5,32.23],[-164.71,33.25],[-164.0,33.71],[-163.0,33.87],[-163.0,34.35],[-162.5,34.4],[-162.04,34.75],[-162.0,35.07],[-161.21,35.25],[-160.75,35.81],[-158.5,36.42],[-157.0,35.88],[-156.5,35.47],[-156.2,34.0],[-156.43,30.5],[-157.22,28.0],[-159.56,24.75],[-159.48,24.5],[-160.5,24.41],[-160.82,24.0],[-161.5,23.71],[-162.25,23.92],[-163.75,23.42],[-165.5,23.37]]}},{"type":"Feature","properties":{"level":1008},"geometry":{"type":"LineString","coordinates":[[-103.0,25.45],[-104.12,26.25],[-104.26,26.75],[-103.43,27.0],[-103.79,26.5],[-103.5,26.12],[-102.92,26.0],[-102.84,25.5],[-103.0,25.45]]}},{"type":"Feature","properties":{"level":1008},"geometry":{"type":"LineString","coordinates":[[-111.89,26.0],[-111.66,26.0],[-111.89,26.0]]}},{"type":"Feature","properties":{"level":1008},"geometry":{"type":"LineString","coordinates":[[157.5,27.89],[156.83,28.25],[156.64,28.75],[156.62,30.25],[157.0,30.56],[157.75,30.64],[158.75,30.43],[159.45,29.75],[159.55,28.75],[159.25,28.28],[158.5,27.89],[157.5,27.89]]}},{"type":"Feature","properties":{"level":1008},"geometry":{"type":"LineString","coordinates":[[-115.25,29.4],[-115.41,29.5],[-115.01,29.5],[-115.25,29.4]]}},{"type":"Feature","properties":{"level":1008},"geometry":{"type":"LineString","coordinates":[[-116.5,30.97],[-116.84,31.25],[-116.5,31.56],[-115.99,31.0],[-116.5,30.97]]}},{"type":"Feature","properties":{"level":1008},"geometry":{"type":"LineString","coordinates":[[-118.25,32.49],[-118.54,33.0],[-118.6,34.25],[-117.25,34.07],[-117.0,33.63],[-118.25,32.49]]}},{"type":"Feature","properties":{"level":1008},"geometry":{"type":"LineString","coordinates":[[-117.57,33.5],[-117.5,33.32],[-117.5,33.83],[-117.57,33.5]]}},{"type":"Feature","properties":{"level":1008},"geometry":{"type":"LineString","coordinates":[[-119.5,35.2],[-120.18,35.75],[-120.45,36.5],[-121.05,37.0],[-121.39,38.0],[-122.25,39.1],[-122.52,40.25],[-122.25,40.67],[-121.46,39.25],[-121.31,38.5],[-119.0,36.4],[-118.75,35.25],[-119.0,35.07],[-119.5,35.2]]}},{"type":"Feature","properties":{"level":1008},"geometry":{"type":"LineString","coordinates":[[-120.5,35.49],[-121.0,35.67],[-121.23,36.25],[-121.0,36.32],[-120.43,35.75],[-120.5,35.49]]}},{"type":"Feature","properties":{"level":1008},"geometry":{"type":"LineString","coordinates":[[-75.5,44.96],[-78.0,45.7],[-78.5,46.17],[-80.75,46.07],[-82.5,46.42],[-83.94,47.5],[-84.64,47.5],[-85.0,46.95],[-87.19,47.75],[-87.57,48.5],[-87.56,48.75],[-87.13,49.0],[-87.24,49.25],[-88.0,49.74],[-88.25,49.54],[-88.5,49.71],[-89.07,50.5],[-90.17,50.75],[-89.8,51.0],[-91.0,51.48],[-92.0,52.88],[-95.12,54.0],[-94.83,54.5],[-95.54,55.0],[-95.41,56.0],[-96.23,58.75],[-96.21,59.5],[-95.75,60.49],[-94.25,60.94],[-91.25,61.12],[-82.25,60.15],[-78.25,60.14],[-74.75,58.85],[-67.53,55.0],[-67.06,54.0],[-67.01,51.75],[-70.0,48.9],[-70.81,48.75],[-70.78,48.25],[-71.0,48.0],[-72.75,47.25],[-72.87,46.75],[-72.53,46.25],[-72.75,45.96],[-74.0,45.28],[-75.5,44.96]]}},{"type":"Feature","properties":{"level":1008},"geometry":{"type":"LineString","coordinates":[[180.0,48.43],[176.5,45.48],[174.25,44.14],[170.75,42.69],[170.5,43.1],[166.75,43.58],[162.0,45.85],[158.07,47.25],[155.75,47.56],[151.25,47.4],[147.5,47.77],[143.0,47.79],[142.33,49.0],[141.35,49.5],[140.75,49.32],[140.1,48.5],[139.75,48.49],[139.77,49.25],[138.5,50.98],[137.0,51.06],[136.5,50.86],[136.25,51.06],[135.75,50.79],[135.71,51.5],[135.0,52.15],[135.13,53.0],[134.79,54.5],[133.93,54.75],[133.79,55.0],[134.01,55.25],[133.84,55.5],[134.57,56.0],[134.55,56.75],[134.11,57.0],[134.1,58.0],[133.62,58.75],[133.5,59.5],[132.66,60.0],[132.0,60.94],[130.75,61.8],[129.55,62.25],[128.0,63.5],[127.74,63.75],[127.95,64.5],[128.75,64.54],[129.5,64.28],[131.5,64.38],[134.25,63.93],[135.0,64.17],[135.5,63.69],[137.25,63.6],[140.75,64.5],[140.32,65.25],[141.25,65.58],[144.75,65.14],[146.25,65.62],[146.48,66.0],[148.75,65.98],[149.06,66.25],[148.96,67.0],[151.25,68.14],[156.0,69.86],[157.31,70.75],[156.38,71.75],[155.0,72.2],[154.5,72.73],[152.25,73.44],[148.75,73.31],[145.75,72.25],[139.75,70.66],[133.5,70.35],[131.5,69.9],[130.75,70.2],[130.25,70.77],[129.25,70.89],[128.25,71.34],[127.25,71.31],[125.5,70.81],[123.5,71.76],[118.5,72.79],[103.5,75.01],[100.75,75.19],[98.0,75.06],[92.25,74.72],[90.5,74.34],[86.31,73.25],[84.0,72.28],[81.45,70.5],[80.62,69.5],[80.58,67.5],[80.75,67.29],[81.25,66.93],[83.25,66.28],[83.77,65.75],[83.7,65.0],[84.3,63.5],[83.89,63.0],[83.72,62.0],[81.0,61.56],[79.93,60.75],[76.67,56.5],[75.33,55.5],[71.75,54.18],[69.5,53.93],[65.84,54.75],[61.45,57.0],[59.0,57.84],[50.5,59.88],[43.5,62.25],[30.0,64.37],[26.5,64.58],[24.0,64.44],[21.09,65.0],[20.25,65.55],[18.76,66.0],[18.28,66.75],[17.82,67.0],[18.71,68.0],[18.5,68.2],[16.75,68.35],[15.25,67.96],[15.02,68.0],[15.19,68.25],[15.0,68.34],[13.5,68.52],[12.14,69.25],[10.41,71.0],[7.49,72.5],[1.68,77.25],[0.88,78.25],[-0.56,81.25],[-0.2,82.0],[0.5,82.65],[3.25,83.87],[8.25,84.73],[15.75,85.42],[26.5,85.99],[39.75,86.33],[56.75,86.46],[72.75,86.29],[97.0,85.36],[117.0,83.58],[126.41,82.25],[135.25,80.6],[148.0,77.15],[150.75,76.6],[152.5,76.85],[157.0,78.75],[159.5,79.46],[165.25,80.08],[174.75,79.69],[177.75,79.27],[178.17,79.0],[177.58,78.5],[177.91,78.0],[180.0,77.23]]}},{"type":"Feature","properties":{"level":1008},"geometry":{"type":"LineString","coordinates":[[-45.75,51.48],[-49.5,51.95],[-53.0,52.93],[-56.5,54.54],[-60.02,57.0],[-61.75,59.25],[-62.16,60.5],[-60.04,65.0],[-59.58,67.5],[-59.82,69.25],[-59.37,72.5],[-59.84,73.25],[-60.5,73.57],[-66.75,75.49],[-67.23,75.75],[-67.23,76.0],[-66.0,76.34],[-64.0,76.36],[-59.5,76.03],[-58.32,75.75],[-56.62,74.75],[-56.0,73.75],[-54.5,72.85],[-54.05,72.25],[-51.75,71.82],[-50.25,72.47],[-48.5,72.13],[-46.5,72.28],[-44.33,71.75],[-43.31,71.0],[-43.18,70.25],[-44.67,68.75],[-44.83,68.0],[-45.49,67.25],[-45.95,66.0],[-44.25,64.38],[-42.25,63.99],[-40.5,64.57],[-39.5,65.17],[-37.5,65.5],[-32.25,65.6],[-28.75,65.04],[-27.87,64.5],[-25.5,63.7],[-24.5,62.89],[-22.31,61.75],[-21.01,60.5],[-19.58,58.5],[-19.8,58.0],[-20.75,57.5],[-29.0,55.04],[-31.54,53.75],[-33.25,53.86],[-35.5,53.48],[-39.75,52.16],[-45.75,51.48]]}},{"type":"Feature","properties":{"level":1008},"geometry":{"type":"LineString","coordinates":[[10.5,58.93],[10.35,59.0],[10.72,59.25],[11.0,59.08],[10.5,58.93]]}},{"type":"Feature","properties":{"level":1008},"geometry":{"type":"LineString","coordinates":[[89.5,62.99],[88.75,63.2],[88.55,63.5],[88.75,63.75],[89.5,63.84],[90.75,63.75],[92.5,63.25],[90.25,62.79],[89.5,62.99]]}},{"type":"Feature","properties":{"level":1008},"geometry":{"type":"LineString","coordinates":[[-180.0,64.37],[-177.75,61.46],[-176.22,58.5],[-175.94,57.25],[-175.77,53.75],[-176.12,52.5],[-177.0,51.36],[-180.0,48.43]]}},{"type":"Feature","properties":{"level":1008},"geometry":{"type":"LineString","coordinates":[[180.0,68.59],[178.0,68.37],[176.86,67.5],[176.67,66.75],[178.15,66.25],[178.89,65.75],[178.97,65.25],[180.0,64.37]]}},{"type":"Feature","properties":{"level":1008},"geometry":{"type":"LineString","coordinates":[[-180.0,70.21],[-179.19,69.75],[-179.1,69.0],[-179.25,68.74],[-180.0,68.59]]}},{"type":"Feature","properties":{"level":1008},"geometry":{"type":"LineString","coordinates":[[180.0,75.08],[176.75,74.24],[174.75,73.15],[172.15,72.5],[172.45,72.25],[172.18,71.75],[172.48,71.5],[177.75,70.75],[180.0,70.21]]}},{"type":"Feature","properties":{"level":1008},"geometry":{"type":"LineString","coordinates":[[-180.0,77.23],[-178.03,76.25],[-178.25,75.85],[-180.0,75.08]]}},{"type":"Feature","properties":{"level":1008},"geometry":{"type":"LineString","coordinates":[[-113.5,77.75],[-115.7,78.25],[-116.05,78.5],[-116.09,79.0],[-115.1,79.5],[-113.75,79.78],[-108.5,80.01],[-108.13,80.0],[-109.0,79.75],[-107.81,79.25],[-107.37,78.75],[-107.74,78.25],[-108.79,78.0],[-113.5,77.75]]}},{"type":"Feature","properties":{"level":1012},"geometry":{"type":"LineString","coordinates":[[10.46,-88.75],[25.75,-88.67],[37.75,-88.34],[74.0,-88.33],[83.75,-88.02],[112.26,-86.5],[120.37,-85.75],[130.02,-84.25],[131.98,-83.5],[130.77,-83.0],[130.69,-82.75],[134.81,-81.0],[134.68,-80.75],[132.57,-80.25],[132.25,-79.88],[132.35,-79.5],[131.86,-79.0],[130.32,-78.0],[130.52,-77.75],[130.26,-77.5],[130.97,-77.0],[131.1,-76.25],[128.25,-75.45],[127.68,-75.5],[127.25,-76.07],[124.75,-76.46],[114.5,-76.94],[97.5,-76.62],[80.5,-78.45],[77.46,-79.0],[72.25,-79.22],[66.25,-79.03],[61.0,-78.35],[58.79,-77.75],[58.5,-77.22],[53.5,-76.26],[48.75,-73.5],[47.75,-73.25],[42.1,-73.5],[39.17,-74.25],[36.75,-74.56],[29.75,-74.81],[25.75,-74.45],[19.5,-74.54],[13.5,-73.76],[11.0,-73.94],[10.66,-74.0],[10.57,-74.25],[18.75,-75.11],[24.0,-75.41],[25.96,-76.0],[25.63,-76.5],[28.65,-77.0],[38.25,-77.4],[42.0,-76.84],[42.96,-77.0],[43.18,-77.25],[42.5,-77.7],[41.31,-78.0],[42.34,-78.5],[42.39,-78.75],[41.24,-79.25],[41.62,-80.0],[41.5,-80.2],[39.74,-81.5],[39.5,-82.25],[38.03,-83.0],[37.84,-83.25],[38.47,-83.75],[35.5,-84.61],[28.25,-85.5],[19.0,-85.27],[6.25,-85.72],[2.75,-86.0],[-2.25,-86.99],[-20.21,-88.25],[10.46,-88.75]]}},{"type":"Feature","properties":{"level":1012},"geometry":{"type":"LineString","coordinates":[[-180.0,-56.41],[-175.5,-55.37],[-167.41,-52.5],[-164.43,-51.0],[-163.94,-50.25],[-163.5,-49.99],[-152.25,-49.18],[-143.5,-47.42],[-141.75,-47.25],[-139.0,-46.36],[-136.4,-44.5],[-135.38,-43.25],[-135.04,-42.25],[-134.29,-41.25],[-133.12,-40.0],[-130.29,-37.75],[-127.0,-36.05],[-122.5,-35.46],[-121.0,-34.96],[-119.75,-34.1],[-118.68,-32.25],[-118.12,-30.0],[-117.5,-29.41],[-116.59,-29.0],[-116.56,-28.5],[-116.25,-28.27],[-115.62,-26.75],[-115.25,-26.5],[-113.0,-27.02],[-111.75,-27.67],[-111.25,-27.6],[-110.5,-28.23],[-108.5,-29.02],[-107.75,-29.62],[-107.33,-30.5],[-106.89,-30.75],[-105.81,-33.5],[-106.22,-36.25],[-105.68,-39.25],[-104.32,-43.25],[-103.5,-44.76],[-101.77,-47.0],[-99.0,-49.62],[-94.75,-52.5],[-88.5,-55.52],[-79.5,-58.64],[-72.5,-60.11],[-68.25,-60.31],[-65.5,-60.06],[-61.75,-59.15],[-57.75,-57.75],[-52.5,-56.52],[-50.25,-56.17],[-44.0,-55.94],[-38.25,-54.57],[-36.5,-54.62],[-37.66,-54.0],[-37.69,-53.75],[-36.25,-52.57],[-31.01,-50.75],[-13.04,-43.25],[-12.0,-43.0],[-8.0,-40.98],[-7.25,-40.95],[-5.0,-39.88],[-4.75,-39.34],[-4.27,-39.25],[-4.34,-38.75],[-3.71,-37.0],[-3.84,-36.5],[-1.25,-36.02],[-0.5,-36.22],[0.25,-35.97],[2.0,-36.15],[4.0,-35.96],[6.5,-36.43],[12.0,-37.88],[19.23,-40.5],[22.75,-42.17],[26.5,-44.61],[35.5,-51.82],[38.75,-53.44],[40.25,-53.88],[43.75,-54.41],[47.0,-54.4],[53.5,-53.81],[58.25,-52.95],[64.5,-52.58],[67.5,-52.08],[72.5,-50.84],[81.25,-49.34],[89.5,-47.03],[97.81,-43.25],[106.38,-37.75],[108.31,-37.0],[114.5,-35.31],[116.25,-34.49],[117.5,-33.22],[117.67,-32.75],[117.4,-32.25],[117.97,-31.75],[118.0,-30.95],[120.0,-30.07],[121.15,-29.25],[121.31,-27.0],[120.99,-25.0],[121.69,-22.75],[121.29,-22.25],[121.28,-21.75],[122.0,-20.63],[123.5,-20.78],[124.25,-20.4],[124.78,-19.5],[125.25,-19.36],[125.75,-19.95],[126.25,-19.8],[126.75,-20.08],[127.08,-19.75],[127.45,-19.75],[128.06,-20.75],[128.18,-23.25],[128.64,-24.25],[128.39,-25.0],[129.1,-25.5],[129.08,-26.0],[130.09,-26.75],[131.79,-29.0],[132.08,-30.25],[133.31,-32.0],[134.0,-34.36],[138.59,-44.5],[140.25,-46.33],[145.5,-50.23],[147.92,-51.75],[152.0,-53.67],[156.75,-55.32],[162.75,-56.75],[167.0,-57.26],[171.5,-57.32],[176.5,-56.97],[180.0,-56.41]]}},{"type":"Feature","properties":{"level":1012},"geometry":{"type":"LineString","coordinates":[[163.75,-39.58],[163.07,-39.25],[162.73,-38.75],[162.92,-38.25],[163.5,-37.85],[165.5,-37.51],[166.83,-38.0],[166.89,-38.25],[165.84,-39.5],[165.0,-39.74],[163.75,-39.58]]}},{"type":"Feature","properties":{"level":1012},"geometry":{"type":"LineString","coordinates":[[169.25,-35.55],[168.75,-35.37],[168.59,-35.0],[168.75,-34.06],[169.25,-34.43],[170.0,-34.53],[170.31,-35.0],[170.0,-35.48],[169.25,-35.55]]}},{"type":"Feature","properties":{"level":1012},"geometry":{"type":"LineString","coordinates":[[-65.5,-32.05],[-65.5,-31.59],[-64.98,-32.0],[-65.5,-32.05]]}},{"type":"Feature","properties":{"level":1012},"geometry":{"type":"LineString","coordinates":[[20.25,-26.25],[19.69,-26.0],[19.75,-25.85],[21.0,-26.25],[20.25,-26.25]]}},{"type":"Feature","properties":{"level":1012},"geometry":{"type":"LineString","coordinates":[[19.0,-25.53],[18.87,-24.75],[18.5,-24.25],[18.5,-23.41],[19.54,-24.5],[19.14,-25.0],[19.19,-25.5],[19.0,-25.53]]}},{"type":"Feature","properties":{"level":1012},"geometry":{"type":"LineString","coordinates":[[-69.5,-22.41],[-69.85,-21.5],[-69.5,-20.33],[-69.34,-21.5],[-69.5,-22.41]]}},{"type":"Feature","properties":{"level":1012},"geometry":{"type":"LineString","coordinates":[[16.25,-19.54],[15.86,-19.25],[15.75,-18.61],[15.0,-18.01],[14.25,-18.4],[14.19,-17.75],[13.45,-17.25],[14.0,-16.99],[14.65,-15.75],[16.5,-15.29],[16.63,-14.75],[17.94,-14.25],[17.75,-14.0],[18.08,-14.0],[17.93,-14.5],[18.25,-14.64],[18.75,-14.26],[19.0,-14.46],[19.25,-14.33],[19.5,-13.82],[20.25,-14.04],[21.5,-13.61],[22.11,-13.75],[21.94,-15.0],[21.5,-15.21],[21.0,-15.02],[20.5,-15.2],[20.39,-15.5],[20.75,-15.32],[21.29,-15.75],[21.25,-16.88],[21.73,-16.75],[21.95,-16.25],[22.25,-16.13],[22.85,-16.5],[22.37,-17.25],[22.35,-18.0],[21.75,-19.24],[21.0,-19.07],[20.5,-19.6],[19.5,-18.99],[19.0,-19.07],[18.25,-19.63],[17.75,-19.41],[17.25,-19.74],[16.25,-19.54]]}},{"type":"Feature","properties":{"level":1012},"geometry":{"type":"LineString","coordinates":[[30.5,-16.29],[30.07,-15.5],[30.2,-14.0],[31.36,-13.0],[31.43,-12.5],[32.12,-11.5],[32.0,-10.81],[31.23,-11.25],[30.97,-12.0],[29.5,-12.38],[29.25,-11.68],[28.75,-11.45],[28.5,-11.8],[27.75,-11.21],[27.25,-11.14],[26.75,-10.49],[26.5,-10.52],[26.42,-10.0],[26.7,-9.5],[26.52,-9.25],[26.0,-9.85],[25.5,-9.93],[25.17,-9.5],[25.59,-8.5],[25.5,-8.26],[24.0,-8.22],[23.55,-7.25],[23.25,-7.07],[22.5,-7.4],[21.5,-7.37],[20.99,-8.25],[21.46,-9.0],[20.75,-9.74],[20.47,-9.5],[20.25,-8.6],[19.29,-8.75],[19.82,-9.25],[19.29,-11.0],[19.0,-10.92],[18.75,-11.28],[18.5,-11.14],[17.91,-10.0],[17.75,-10.25],[17.97,-11.25],[17.75,-11.51],[17.1,-10.75],[17.04,-9.75],[16.26,-9.25],[16.19,-8.25],[16.48,-8.0],[16.26,-7.5],[16.64,-6.5],[16.06,-6.0],[16.46,-5.5],[16.52,-4.5],[16.33,-4.0],[15.79,-3.75],[16.08,-3.5],[15.67,-2.75],[15.88,-2.5],[15.5,-2.24],[15.25,-2.34],[14.93,-2.5],[15.69,-3.0],[14.75,-3.15],[14.5,-2.78],[14.39,-3.25],[15.7,-4.25],[15.5,-4.91],[14.63,-4.75],[14.5,-4.38],[13.25,-4.4],[12.73,-4.0],[12.65,-3.75],[13.26,-3.75],[14.17,-2.5],[14.26,-0.75],[14.75,-0.01],[15.29,-0.25],[15.49,1.25],[16.08,2.25],[16.0,3.11],[16.25,2.89],[16.25,2.38],[17.25,2.57],[18.0,2.03],[18.22,1.25],[18.96,0.25],[18.81,0.0],[19.0,-0.75],[19.75,-1.5],[20.0,-1.69],[20.25,-1.01],[20.5,-1.28],[21.0,-1.01],[21.15,-1.25],[21.0,-1.52],[20.75,-1.44],[20.49,-1.75],[21.0,-2.31],[21.5,-2.33],[22.0,-1.82],[22.25,-1.84],[22.25,-1.52],[21.93,-1.5],[22.25,-1.49],[22.25,-0.99],[22.87,-0.25],[22.54,0.75],[23.13,1.5],[22.9,2.0],[24.0,1.83],[24.59,1.25],[24.71,0.75],[24.24,0.25],[24.5,-0.22],[24.75,-0.24],[25.2,1.0],[24.77,1.75],[25.5,2.37],[25.57,3.0],[25.25,3.2],[25.12,3.0],[25.38,2.5],[25.0,2.27],[24.75,2.25],[24.5,2.84],[23.81,2.75],[23.75,3.2],[23.5,3.31],[23.21,3.0],[22.0,2.71],[21.75,3.08],[22.25,3.17],[22.25,3.34],[21.75,3.3],[21.66,3.5],[21.75,3.91],[22.12,4.0],[21.65,4.25],[22.2,4.5],[22.21,4.75],[21.5,5.07],[21.49,5.75],[21.0,6.13],[21.0,6.78],[20.25,6.82],[19.5,7.28],[18.25,6.32],[17.25,6.14],[17.0,5.81],[16.72,6.75],[16.0,7.62],[15.5,7.51],[15.1,7.75],[15.0,8.12],[13.75,8.16],[13.25,8.43],[12.75,8.22],[12.5,8.62],[11.36,9.25],[11.78,9.75],[11.2,10.0],[11.0,10.49],[10.5,9.51],[10.25,9.55],[9.06,11.0],[7.5,11.7],[6.5,11.56],[6.1,11.25],[6.21,11.0],[6.0,10.77],[5.07,10.75],[5.07,10.0],[4.5,9.67],[4.0,10.95],[3.0,11.49],[1.75,11.18],[1.5,11.41],[0.75,9.88],[0.25,9.65],[0.0,10.11],[-1.33,10.25],[-1.25,11.2],[-1.74,11.5],[-2.0,12.04],[-3.25,11.33],[-3.75,11.3],[-4.5,11.47],[-4.75,11.76],[-6.5,11.8],[-7.5,12.19],[-8.0,12.48],[-7.93,13.0],[-8.25,13.24],[-9.25,13.33],[-10.25,12.94],[-10.99,13.25],[-11.5,13.99],[-12.5,13.58],[-13.5,13.88],[-13.97,15.25],[-13.87,16.5],[-13.0,17.14],[-12.5,18.11],[-12.0,17.16],[-10.75,18.32],[-8.75,18.72],[-5.23,20.0],[-2.5,20.67],[-1.25,21.36],[-0.05,21.25],[1.87,22.0],[0.86,20.25],[1.28,18.5],[2.5,18.27],[6.0,19.12],[7.5,19.02],[7.79,18.75],[8.02,17.25],[9.25,16.31],[9.8,16.5],[11.5,18.01],[12.5,18.33],[13.0,18.21],[15.75,18.79],[16.25,18.45],[17.75,18.58],[20.0,18.06],[21.0,18.25],[21.14,17.75],[21.75,17.54],[22.53,16.25],[21.93,15.25],[21.96,14.25],[22.5,13.86],[23.0,14.67],[23.87,14.5],[23.45,14.0],[23.54,13.25],[24.03,12.75],[23.59,12.5],[23.75,12.37],[24.74,12.75],[24.81,13.75],[26.0,14.59],[26.25,15.11],[27.09,15.25],[27.17,15.75],[27.51,16.0],[27.28,17.0],[26.86,17.5],[27.0,17.86],[27.5,17.76],[28.5,18.18],[28.52,18.5],[29.98,20.0],[31.0,20.6],[32.25,20.78],[33.0,21.38],[33.0,21.91],[33.25,22.15],[33.5,22.13],[34.0,21.34],[34.25,21.33],[34.5,21.75],[34.75,21.67],[34.75,21.35],[34.3,21.25],[35.25,20.38],[35.75,20.65],[35.9,20.5],[35.92,20.0],[35.68,19.75],[36.0,19.72],[36.86,18.0],[37.0,17.88],[37.46,18.25],[37.67,19.5],[37.43,22.0],[37.7,22.75],[37.1,24.25],[36.61,24.75],[37.25,25.19],[37.4,24.5],[38.38,24.25],[38.96,23.25],[39.25,23.17],[40.14,20.75],[41.0,20.2],[41.75,19.18],[41.94,18.25],[43.02,17.25],[43.75,12.82],[44.25,12.55],[45.5,12.88],[46.0,12.48],[46.75,12.64],[47.7,12.5],[49.0,11.74],[49.5,12.05],[49.77,11.75],[49.07,11.25],[47.5,11.15],[46.75,10.67],[46.0,10.73],[45.5,10.37],[44.01,10.5],[43.46,11.25],[43.65,12.0],[43.35,12.5],[42.25,12.97],[41.75,12.44],[40.5,12.75],[40.25,12.5],[40.34,13.0],[39.91,15.0],[39.16,15.75],[38.75,17.25],[38.25,17.95],[38.0,17.98],[37.84,17.5],[38.08,16.75],[37.87,16.25],[38.36,15.5],[37.89,14.75],[38.06,14.0],[37.23,14.0],[37.18,13.25],[36.33,11.75],[35.25,10.54],[34.5,10.62],[34.14,9.5],[34.82,8.25],[34.88,6.75],[35.35,6.5],[35.13,5.75],[35.25,5.61],[35.75,5.95],[36.0,6.37],[36.5,4.82],[36.89,4.75],[37.0,4.14],[37.6,4.0],[37.67,3.25],[38.25,3.34],[39.11,3.0],[39.75,1.5],[39.25,1.11],[38.75,1.12],[37.75,1.66],[37.0,2.47],[36.0,0.68],[34.9,2.75],[35.09,3.25],[34.75,3.1],[33.75,4.39],[33.37,4.25],[33.66,4.0],[33.35,3.75],[34.47,2.75],[34.89,2.0],[34.7,1.5],[34.1,1.0],[34.61,0.5],[34.34,0.25],[34.44,0.0],[34.88,-0.25],[34.27,-1.25],[34.61,-1.5],[34.51,-2.0],[34.79,-2.25],[34.47,-2.5],[34.47,-3.25],[35.21,-3.75],[34.4,-4.25],[34.4,-5.25],[33.4,-6.0],[33.41,-7.0],[32.5,-7.42],[32.0,-7.19],[33.25,-8.6],[32.5,-8.92],[31.25,-7.33],[31.0,-7.42],[31.45,-8.5],[31.06,-9.0],[31.25,-9.58],[32.5,-9.14],[32.6,-9.5],[33.12,-9.75],[33.57,-11.0],[32.54,-13.5],[31.0,-14.64],[30.54,-14.75],[30.75,-15.44],[31.84,-15.75],[31.59,-16.25],[30.5,-16.29]]}},{"type":"Feature","properties":{"level":1012},"geometry":{"type":"LineString","coordinates":[[29.75,-15.93],[29.52,-15.75],[29.75,-15.62],[29.95,-15.75],[29.75,-15.93]]}},{"type":"Feature","properties":{"level":1012},"geometry":{"type":"LineString","coordinates":[[-71.5,-14.97],[-71.66,-14.75],[-71.5,-14.57],[-70.48,-14.75],[-71.5,-14.97]]}},{"type":"Feature","properties":{"level":1012},"geometry":{"type":"LineString","coordinates":[[34.75,-14.23],[34.19,-13.25],[34.06,-12.25],[34.39,-11.0],[33.77,-10.0],[33.75,-9.44],[34.61,-10.25],[34.81,-13.0],[35.07,-13.75],[35.0,-14.24],[34.75,-14.23]]}},{"type":"Feature","properties":{"level":1012},"geometry":{"type":"LineString","coordinates":[[22.5,-13.67],[22.36,-13.0],[22.75,-12.6],[23.23,-13.0],[22.95,-13.5],[22.5,-13.67]]}},{"type":"Feature","properties":{"level":1012},"geometry":{"type":"LineString","coordinates":[[21.25,-12.59],[20.67,-12.0],[20.88,-11.0],[22.25,-11.07],[22.96,-11.5],[23.0,-12.36],[21.25,-12.59]]}},{"type":"Feature","properties":{"level":1012},"geometry":{"type":"LineString","coordinates":[[180.0,-12.39],[179.0,-12.31],[178.75,-11.99],[177.75,-11.75],[177.0,-11.85],[176.5,-11.62],[175.75,-11.8],[175.0,-11.35],[174.75,-11.57],[171.25,-11.61],[169.25,-11.11],[168.0,-10.45],[165.75,-10.38],[163.25,-9.62],[161.06,-7.0],[160.9,-6.25],[160.5,-5.75],[160.75,-5.45],[160.25,-5.03],[159.55,-3.75],[159.45,-3.0],[158.95,-2.75],[158.99,-2.25],[158.5,-0.71],[157.31,0.0],[156.75,0.75],[156.25,0.8],[155.78,1.25],[155.7,1.5],[156.01,1.75],[155.75,2.3],[154.09,2.5],[154.0,2.9],[153.25,2.77],[151.42,3.0],[151.17,3.25],[151.19,3.75],[150.0,4.69],[150.23,5.25],[149.75,5.36],[148.8,6.5],[147.75,6.71],[148.17,7.25],[147.25,7.02],[146.75,7.21],[145.58,6.25],[144.25,5.63],[142.25,6.33],[141.25,5.98],[140.0,6.25],[139.5,5.82],[138.25,6.11],[137.25,5.56],[135.5,5.27],[134.5,5.7],[133.75,5.74],[132.75,6.38],[131.5,6.48],[131.0,7.14],[130.0,7.22],[129.5,7.64],[128.25,7.81],[127.5,7.73],[127.0,7.4],[126.75,7.52],[126.17,9.0],[125.75,9.64],[125.31,9.75],[125.18,10.5],[124.85,10.75],[124.92,11.0],[124.5,11.64],[124.45,11.0],[124.64,10.25],[125.06,10.0],[124.92,9.75],[125.15,9.5],[125.09,9.0],[124.75,9.48],[123.75,9.12],[123.53,9.5],[124.18,10.75],[124.0,10.97],[123.75,10.71],[123.18,11.0],[123.19,11.5],[122.34,12.0],[122.07,13.0],[122.25,13.29],[122.58,13.25],[122.75,13.77],[123.75,13.1],[123.66,13.5],[123.89,13.75],[123.36,14.0],[123.32,14.25],[124.02,15.25],[129.75,18.97],[130.25,19.86],[132.29,21.5],[134.0,23.55],[135.75,23.82],[138.5,23.79],[140.0,24.31],[140.75,24.84],[142.5,25.13],[146.5,25.25],[147.75,26.12],[147.85,26.75],[151.4,29.25],[152.77,30.75],[155.25,32.26],[156.12,32.25],[156.0,31.74],[156.75,32.02],[158.25,32.09],[159.25,31.63],[160.7,30.25],[161.04,29.5],[161.15,28.25],[160.17,25.5],[160.5,25.15],[161.25,25.57],[161.75,25.16],[162.5,25.19],[165.0,23.53],[166.0,23.42],[166.75,23.0],[168.0,22.85],[170.0,22.13],[170.93,21.5],[171.0,21.23],[174.75,19.88],[177.75,19.57],[178.5,19.96],[178.5,20.26],[179.25,20.36],[180.0,21.08]]}},{"type":"Feature","properties":{"level":1012},"geometry":{"type":"LineString","coordinates":[[27.6,-10.5],[27.75,-10.7],[28.06,-10.5],[27.75,-9.16],[27.45,-9.5],[27.6,-10.5]]}},{"type":"Feature","properties":{"level":1012},"geometry":{"type":"LineString","coordinates":[[23.25,-10.33],[22.75,-9.86],[22.0,-9.69],[21.73,-9.25],[23.75,-9.62],[23.75,-10.38],[23.25,-10.33]]}},{"type":"Feature","properties":{"level":1012},"geometry":{"type":"LineString","coordinates":[[26.98,-9.25],[27.69,-8.75],[27.75,-8.21],[27.0,-8.52],[26.98,-9.25]]}},{"type":"Feature","properties":{"level":1012},"geometry":{"type":"LineString","coordinates":[[18.97,-8.75],[19.25,-8.69],[19.21,-8.25],[19.5,-8.05],[20.25,-8.39],[20.51,-8.25],[19.9,-7.5],[19.25,-6.07],[18.25,-5.15],[17.5,-5.46],[17.0,-5.42],[16.75,-5.11],[16.53,-5.5],[17.0,-6.75],[17.5,-6.8],[18.3,-7.5],[18.5,-7.75],[18.47,-8.5],[18.97,-8.75]]}},{"type":"Feature","properties":{"level":1012},"geometry":{"type":"LineString","coordinates":[[29.48,-8.0],[30.0,-7.95],[30.06,-7.25],[29.5,-7.21],[29.25,-6.9],[28.93,-7.25],[29.48,-8.0]]}},{"type":"Feature","properties":{"level":1012},"geometry":{"type":"LineString","coordinates":[[-77.75,-7.76],[-78.14,-7.5],[-78.0,-6.66],[-77.75,-7.76]]}},{"type":"Feature","properties":{"level":1012},"geometry":{"type":"LineString","coordinates":[[-40.51,-7.75],[-39.75,-7.64],[-39.25,-7.85],[-39.07,-7.5],[-39.5,-7.11],[-40.5,-7.18],[-40.51,-7.75]]}},{"type":"Feature","properties":{"level":1012},"geometry":{"type":"LineString","coordinates":[[-40.83,-4.5],[-40.61,-4.0],[-41.0,-3.39],[-41.25,-3.5],[-40.83,-4.5]]}},{"type":"Feature","properties":{"level":1012},"geometry":{"type":"LineString","coordinates":[[28.75,-4.5],[29.25,-2.91],[29.4,-3.75],[30.03,-4.25],[30.0,-4.61],[30.75,-4.4],[30.66,-4.0],[31.43,-2.75],[31.21,-1.75],[31.5,-1.81],[31.75,-1.31],[31.52,-0.75],[31.61,-0.25],[33.14,0.5],[33.18,1.0],[32.48,1.5],[32.75,1.86],[33.25,1.69],[33.38,2.0],[33.3,2.75],[33.0,3.14],[32.75,3.0],[31.75,3.35],[31.44,3.0],[31.78,2.25],[31.61,1.75],[30.5,0.99],[30.15,1.0],[31.17,2.25],[31.16,3.75],[29.0,4.47],[28.67,3.75],[29.75,3.77],[29.6,3.25],[29.0,3.0],[28.75,3.18],[27.55,1.0],[26.75,1.04],[26.62,0.75],[27.12,-0.75],[27.66,-1.0],[27.88,-1.5],[27.22,-1.75],[27.89,-2.75],[28.06,-3.25],[27.91,-3.75],[28.75,-4.5]]}},{"type":"Feature","properties":{"level":1012},"geometry":{"type":"LineString","coordinates":[[13.5,-1.54],[13.5,-1.3],[13.5,-1.54]]}},{"type":"Feature","properties":{"level":1012},"geometry":{"type":"LineString","coordinates":[[42.5,-0.03],[42.44,0.25],[42.8,0.25],[42.87,0.0],[42.5,-0.03]]}},{"type":"Feature","properties":{"level":1012},"geometry":{"type":"LineString","coordinates":[[21.0,0.4],[21.0,0.58],[21.0,0.4]]}},{"type":"Feature","properties":{"level":1012},"geometry":{"type":"LineString","coordinates":[[7.25,1.08],[7.25,1.27],[7.25,1.08]]}},{"type":"Feature","properties":{"level":1012},"geometry":{"type":"LineString","coordinates":[[6.25,1.66],[6.25,1.87],[6.25,1.66]]}},{"type":"Feature","properties":{"level":1012},"geometry":{"type":"LineString","coordinates":[[18.75,1.61],[18.63,1.75],[19.0,2.01],[19.0,1.5],[18.75,1.61]]}},{"type":"Feature","properties":{"level":1012},"geometry":{"type":"LineString","coordinates":[[-75.68,2.0],[-75.25,2.09],[-74.66,2.75],[-74.63,3.25],[-74.0,3.56],[-73.25,4.83],[-72.26,5.75],[-71.82,6.5],[-72.16,7.5],[-71.0,8.05],[-69.39,9.75],[-70.22,9.75],[-71.46,8.75],[-71.5,8.47],[-72.09,8.25],[-72.33,7.75],[-73.25,8.19],[-73.0,6.55],[-73.95,6.0],[-74.5,4.8],[-74.45,4.25],[-74.8,3.25],[-75.68,2.0]]}},{"type":"Feature","properties":{"level":1012},"geometry":{"type":"LineString","coordinates":[[17.25,2.93],[16.92,3.25],[17.25,3.46],[17.52,3.25],[17.25,2.93]]}},{"type":"Feature","properties":{"level":1012},"geometry":{"type":"LineString","coordinates":[[20.75,3.1],[20.57,3.5],[20.75,3.83],[20.94,3.5],[20.75,3.1]]}},{"type":"Feature","properties":{"level":1012},"geometry":{"type":"LineString","coordinates":[[23.79,3.5],[24.5,3.41],[25.0,3.83],[26.07,3.5],[25.63,4.75],[24.75,5.2],[24.25,4.99],[23.25,5.06],[22.27,4.5],[22.48,4.0],[23.0,3.72],[23.03,4.25],[24.11,4.5],[23.79,3.5]]}},{"type":"Feature","properties":{"level":1012},"geometry":{"type":"LineString","coordinates":[[15.5,3.69],[15.01,4.0],[14.94,4.75],[15.75,4.67],[16.0,4.96],[16.42,4.5],[16.3,4.0],[15.75,3.55],[15.5,3.69]]}},{"type":"Feature","properties":{"level":1012},"geometry":{"type":"LineString","coordinates":[[42.5,3.75],[41.62,4.0],[41.47,5.0],[41.75,5.75],[42.77,5.0],[42.48,4.5],[42.78,4.0],[42.5,3.75]]}},{"type":"Feature","properties":{"level":1012},"geometry":{"type":"LineString","coordinates":[[17.0,3.91],[16.58,4.5],[16.75,5.08],[17.56,4.25],[17.0,3.91]]}},{"type":"Feature","properties":{"level":1012},"geometry":{"type":"LineString","coordinates":[[18.25,4.19],[17.76,4.5],[18.0,4.82],[18.3,4.75],[18.25,4.19]]}},{"type":"Feature","properties":{"level":1012},"geometry":{"type":"LineString","coordinates":[[20.75,4.13],[20.75,4.52],[20.75,4.13]]}},{"type":"Feature","properties":{"level":1012},"geometry":{"type":"LineString","coordinates":[[-62.38,5.25],[-62.0,5.12],[-61.75,5.6],[-61.5,5.45],[-61.11,5.75],[-61.75,5.95],[-62.38,5.25]]}},{"type":"Feature","properties":{"level":1012},"geometry":{"type":"LineString","coordinates":[[41.25,5.25],[41.25,5.5],[41.25,5.25]]}},{"type":"Feature","properties":{"level":1012},"geometry":{"type":"LineString","coordinates":[[44.25,5.21],[43.75,5.57],[42.75,5.59],[41.67,6.5],[41.81,7.0],[42.25,7.37],[42.5,6.82],[43.0,7.02],[43.68,6.75],[43.91,6.0],[44.56,5.25],[44.25,5.21]]}},{"type":"Feature","properties":{"level":1012},"geometry":{"type":"LineString","coordinates":[[140.25,5.23],[140.62,5.25],[140.25,5.23]]}},{"type":"Feature","properties":{"level":1012},"geometry":{"type":"LineString","coordinates":[[23.71,6.25],[23.75,6.09],[24.25,7.2],[24.86,7.25],[24.5,8.78],[23.75,8.47],[23.5,8.7],[23.18,8.25],[23.43,7.75],[23.11,7.25],[23.71,6.25]]}},{"type":"Feature","properties":{"level":1012},"geometry":{"type":"LineString","coordinates":[[129.0,6.18],[128.81,6.25],[129.0,6.4],[129.16,6.25],[129.0,6.18]]}},{"type":"Feature","properties":{"level":1012},"geometry":{"type":"LineString","coordinates":[[141.98,7.25],[142.75,7.25],[142.93,7.5],[142.25,7.38],[142.0,7.57],[141.98,7.25]]}},{"type":"Feature","properties":{"level":1012},"geometry":{"type":"LineString","coordinates":[[10.0,8.19],[10.26,8.25],[10.0,8.19]]}},{"type":"Feature","properties":{"level":1012},"geometry":{"type":"LineString","coordinates":[[15.14,8.5],[15.39,8.5],[15.14,8.5]]}},{"type":"Feature","properties":{"level":1012},"geometry":{"type":"LineString","coordinates":[[-82.51,8.75],[-82.75,9.29],[-83.75,10.02],[-84.17,10.0],[-83.94,9.5],[-82.51,8.75]]}},{"type":"Feature","properties":{"level":1012},"geometry":{"type":"LineString","coordinates":[[5.25,8.7],[4.67,9.25],[5.0,9.61],[5.66,9.75],[5.28,10.25],[6.0,10.7],[6.26,10.0],[6.29,8.75],[5.75,8.54],[5.25,8.7]]}},{"type":"Feature","properties":{"level":1012},"geometry":{"type":"LineString","coordinates":[[123.82,9.75],[124.25,9.51],[124.71,9.75],[124.25,10.12],[123.82,9.75]]}},{"type":"Feature","properties":{"level":1012},"geometry":{"type":"LineString","coordinates":[[112.0,9.8],[111.65,10.25],[111.58,11.0],[111.0,11.5],[111.1,12.0],[110.72,12.5],[110.75,14.0],[110.01,14.5],[109.71,15.5],[109.86,16.5],[109.25,16.47],[108.84,17.0],[109.25,17.65],[109.5,17.38],[110.0,18.22],[110.75,18.58],[111.25,18.62],[111.86,18.25],[111.75,17.87],[113.06,17.5],[114.25,16.54],[115.5,16.01],[116.16,14.75],[115.73,14.25],[115.61,12.75],[114.91,11.75],[115.27,11.25],[114.54,10.5],[114.25,10.56],[114.0,10.32],[113.5,10.5],[113.25,10.21],[112.25,10.14],[112.0,9.8]]}},{"type":"Feature","properties":{"level":1012},"geometry":{"type":"LineString","coordinates":[[-0.54,10.5],[0.0,10.35],[0.52,10.75],[0.25,10.85],[-0.54,10.5]]}},{"type":"Feature","properties":{"level":1012},"geometry":{"type":"LineString","coordinates":[[125.23,11.25],[125.31,11.75],[125.0,12.15],[124.87,12.0],[125.23,11.25]]}},{"type":"Feature","properties":{"level":1012},"geometry":{"type":"LineString","coordinates":[[41.25,11.68],[40.95,12.0],[41.25,11.95],[41.25,11.68]]}},{"type":"Feature","properties":{"level":1012},"geometry":{"type":"LineString","coordinates":[[50.0,11.98],[50.25,12.12],[50.0,11.98]]}},{"type":"Feature","properties":{"level":1012},"geometry":{"type":"LineString","coordinates":[[122.31,12.5],[122.5,12.29],[122.67,12.5],[122.31,12.5]]}},{"type":"Feature","properties":{"level":1012},"geometry":{"type":"LineString","coordinates":[[-58.5,13.07],[-58.5,13.39],[-58.5,13.07]]}},{"type":"Feature","properties":{"level":1012},"geometry":{"type":"LineString","coordinates":[[124.1,13.75],[124.38,13.75],[124.25,14.06],[124.1,13.75]]}},{"type":"Feature","properties":{"level":1012},"geometry":{"type":"LineString","coordinates":[[-91.0,14.5],[-90.64,14.5],[-91.43,15.25],[-91.01,15.5],[-91.25,15.68],[-92.25,15.42],[-92.3,15.25],[-91.65,14.75],[-91.0,14.5]]}},{"type":"Feature","properties":{"level":1012},"geometry":{"type":"LineString","coordinates":[[110.07,16.75],[110.25,16.71],[110.35,17.0],[110.17,17.25],[110.5,17.05],[110.51,17.5],[109.69,17.25],[110.08,17.0],[110.07,16.75]]}},{"type":"Feature","properties":{"level":1012},"geometry":{"type":"LineString","coordinates":[[-76.69,18.0],[-76.41,18.0],[-76.69,18.0]]}},{"type":"Feature","properties":{"level":1012},"geometry":{"type":"LineString","coordinates":[[-71.63,18.0],[-71.12,18.0],[-71.25,18.53],[-70.5,18.32],[-70.08,18.5],[-70.52,19.25],[-70.17,19.5],[-71.84,19.25],[-71.56,19.0],[-73.1,18.25],[-71.63,18.0]]}},{"type":"Feature","properties":{"level":1012},"geometry":{"type":"LineString","coordinates":[[111.24,18.0],[111.25,17.85],[111.24,18.0]]}},{"type":"Feature","properties":{"level":1012},"geometry":{"type":"LineString","coordinates":[[-74.15,18.25],[-73.8,18.25],[-73.77,18.5],[-74.25,18.58],[-74.15,18.25]]}},{"type":"Feature","properties":{"level":1012},"geometry":{"type":"LineString","coordinates":[[-66.98,18.25],[-66.25,18.01],[-65.71,18.25],[-66.98,18.25]]}},{"type":"Feature","properties":{"level":1012},"geometry":{"type":"LineString","coordinates":[[-97.15,18.5],[-97.0,18.27],[-96.87,19.75],[-97.75,20.11],[-99.23,21.5],[-99.5,21.18],[-99.75,21.47],[-100.0,21.25],[-98.77,19.75],[-98.81,19.0],[-98.48,19.0],[-98.25,19.39],[-97.5,19.11],[-97.15,18.5]]}},{"type":"Feature","properties":{"level":1012},"geometry":{"type":"LineString","coordinates":[[-99.9,19.0],[-99.19,19.25],[-99.5,20.35],[-100.34,19.75],[-99.9,19.0]]}},{"type":"Feature","properties":{"level":1012},"geometry":{"type":"LineString","coordinates":[[-72.58,19.0],[-72.25,18.88],[-71.98,19.5],[-72.75,19.77],[-72.27,19.25],[-72.58,19.0]]}},{"type":"Feature","properties":{"level":1012},"geometry":{"type":"LineString","coordinates":[[50.25,18.99],[49.5,19.34],[49.0,19.08],[48.22,19.25],[48.46,19.75],[48.75,19.68],[49.67,20.5],[49.62,21.0],[50.0,21.48],[50.25,21.49],[50.63,21.0],[50.75,20.28],[53.08,21.0],[51.97,19.75],[51.78,19.0],[50.75,18.76],[50.25,18.99]]}},{"type":"Feature","properties":{"level":1012},"geometry":{"type":"LineString","coordinates":[[49.47,19.75],[49.82,19.75],[49.5,20.11],[49.47,19.75]]}},{"type":"Feature","properties":{"level":1012},"geometry":{"type":"LineString","coordinates":[[-76.93,20.0],[-76.37,20.0],[-76.5,20.26],[-76.93,20.0]]}},{"type":"Feature","properties":{"level":1012},"geometry":{"type":"LineString","coordinates":[[-75.13,20.25],[-74.54,20.25],[-75.0,20.55],[-75.13,20.25]]}},{"type":"Feature","properties":{"level":1012},"geometry":{"type":"LineString","coordinates":[[-180.0,21.08],[-174.67,23.25],[-172.25,24.97],[-172.3,25.25],[-170.75,28.0],[-170.56,28.75],[-169.35,30.0],[-169.18,30.75],[-166.25,34.52],[-163.0,36.55],[-157.5,38.33],[-155.5,39.39],[-154.25,39.48],[-153.47,38.75],[-153.14,37.75],[-152.87,29.75],[-153.04,27.5],[-152.74,25.25],[-152.1,23.75],[-150.0,21.95],[-149.5,22.05],[-145.5,20.29],[-143.75,20.08],[-137.5,20.95],[-136.5,21.25],[-134.9,22.25],[-132.77,24.5],[-126.35,30.0],[-125.32,31.5],[-124.41,35.5],[-124.38,37.25],[-124.97,39.5],[-124.93,40.25],[-124.55,41.0],[-124.91,42.25],[-124.5,42.68],[-123.75,42.53],[-122.5,42.79],[-122.67,42.25],[-122.25,42.14],[-121.7,42.5],[-121.75,43.11],[-120.5,41.88],[-119.87,41.75],[-119.75,40.84],[-120.25,41.41],[-120.34,41.25],[-120.0,40.68],[-119.5,40.8],[-118.67,41.5],[-118.75,41.69],[-119.04,41.75],[-119.25,42.19],[-119.75,41.95],[-120.25,42.42],[-120.5,42.14],[-120.66,42.75],[-121.54,43.5],[-120.77,43.5],[-119.75,42.95],[-119.0,42.95],[-118.75,42.35],[-117.98,43.25],[-118.69,43.75],[-118.62,44.0],[-117.75,44.19],[-117.25,44.67],[-117.0,44.44],[-116.5,44.66],[-116.15,43.75],[-115.5,43.22],[-114.75,43.21],[-113.5,43.63],[-112.26,43.25],[-113.25,42.34],[-114.25,42.46],[-115.5,42.2],[-116.75,43.36],[-117.25,43.3],[-117.25,42.35],[-118.25,42.26],[-118.71,41.75],[-117.98,41.75],[-117.75,42.21],[-117.75,41.29],[-117.24,41.5],[-117.28,41.25],[-116.83,40.75],[-117.25,40.29],[-117.5,40.96],[-117.78,40.75],[-117.6,40.25],[-117.02,40.0],[-118.22,39.5],[-117.94,39.0],[-118.05,38.5],[-117.36,38.5],[-117.25,38.16],[-116.75,38.06],[-116.29,37.5],[-116.48,37.25],[-116.25,37.15],[-115.77,37.5],[-116.0,37.93],[-115.5,37.6],[-115.36,37.75],[-115.25,38.62],[-114.16,37.75],[-114.19,37.5],[-112.5,37.21],[-112.21,37.0],[-112.46,36.5],[-112.18,36.0],[-112.33,35.25],[-111.75,34.98],[-111.0,33.94],[-110.5,33.8],[-109.0,32.44],[-107.75,32.84],[-107.11,34.0],[-107.47,35.0],[-107.0,35.62],[-106.25,35.64],[-106.5,34.75],[-105.89,33.75],[-106.69,33.25],[-106.51,32.75],[-105.0,32.43],[-104.5,31.51],[-104.54,32.25],[-105.11,32.75],[-104.86,35.0],[-104.25,35.67],[-102.89,36.25],[-102.97,37.0],[-102.61,37.5],[-103.99,37.5],[-104.96,38.25],[-104.5,38.7],[-104.0,38.5],[-103.46,38.75],[-104.5,39.43],[-105.0,39.38],[-105.25,39.74],[-105.33,40.75],[-105.0,41.14],[-104.56,41.25],[-105.1,41.75],[-105.25,42.75],[-103.25,42.16],[-102.0,42.93],[-99.75,43.3],[-99.29,42.75],[-99.45,42.5],[-99.29,42.0],[-100.08,41.25],[-100.0,40.86],[-98.25,41.01],[-98.25,40.75],[-97.25,40.26],[-97.12,39.5],[-97.48,38.75],[-98.21,38.5],[-98.91,37.75],[-98.97,37.25],[-98.64,37.0],[-98.62,36.5],[-99.67,36.25],[-100.05,35.5],[-99.52,34.5],[-99.48,33.75],[-100.32,32.25],[-99.52,31.5],[-100.61,30.75],[-100.5,30.45],[-99.5,29.95],[-98.75,30.14],[-98.56,30.25],[-99.02,30.75],[-98.2,30.75],[-97.25,31.71],[-96.25,31.73],[-95.0,32.22],[-94.98,32.5],[-94.25,33.11],[-93.75,33.07],[-93.0,32.48],[-91.75,32.42],[-91.65,31.25],[-91.0,30.44],[-86.5,29.55],[-83.25,29.9],[-82.75,30.56],[-82.25,30.33],[-80.25,31.63],[-78.5,31.83],[-77.75,32.27],[-76.25,32.12],[-75.0,32.61],[-74.13,32.25],[-74.55,32.0],[-74.31,31.5],[-74.0,31.5],[-73.5,30.98],[-72.45,31.0],[-71.94,30.5],[-72.15,30.0],[-72.98,29.25],[-73.0,28.91],[-73.25,28.93],[-73.83,28.25],[-74.02,27.75],[-74.0,26.14],[-73.65,25.25],[-72.28,23.25],[-68.2,20.5],[-66.75,20.12],[-66.0,19.56],[-62.23,15.75],[-61.68,15.75],[-61.5,14.75],[-61.24,14.5],[-60.32,14.0],[-60.09,13.5],[-59.61,13.5],[-59.55,13.0],[-58.25,12.54],[-58.6,12.25],[-57.86,11.5],[-57.25,11.47],[-53.75,9.86],[-52.5,9.55],[-51.97,9.0],[-51.5,8.87],[-51.25,8.42],[-50.25,8.52],[-50.63,8.25],[-50.58,8.0],[-50.16,8.0],[-50.53,7.0],[-49.66,4.75],[-50.14,4.5],[-49.85,2.75],[-49.25,2.8],[-48.25,2.45],[-46.75,1.45],[-45.75,1.7],[-44.5,1.67],[-43.5,1.31],[-43.0,0.58],[-42.25,0.2],[-40.16,-1.75],[-39.9,-3.0],[-40.53,-3.5],[-40.25,-3.59],[-40.0,-3.28],[-39.94,-4.5],[-40.14,-4.75],[-39.9,-5.5],[-39.75,-5.63],[-39.25,-5.31],[-38.75,-5.56],[-38.53,-5.75],[-38.71,-6.0],[-38.5,-6.48],[-38.0,-6.63],[-37.5,-6.51],[-37.01,-5.75],[-36.75,-5.6],[-36.68,-5.75],[-37.63,-7.25],[-38.25,-7.49],[-38.55,-7.25],[-38.3,-7.5],[-38.94,-7.75],[-39.81,-9.25],[-41.68,-10.0],[-41.97,-10.75],[-42.51,-10.75],[-42.77,-11.5],[-42.44,-12.5],[-42.5,-12.79],[-42.75,-12.53],[-42.95,-13.0],[-42.99,-13.5],[-42.66,-14.25],[-43.09,-15.0],[-43.0,-15.63],[-43.75,-16.93],[-44.0,-16.13],[-44.25,-16.09],[-44.46,-16.75],[-44.09,-17.25],[-44.5,-17.49],[-44.73,-18.0],[-44.21,-18.25],[-44.19,-18.75],[-44.53,-18.75],[-44.75,-18.08],[-45.05,-18.25],[-44.82,-18.75],[-45.25,-18.89],[-45.75,-18.5],[-45.76,-18.0],[-46.95,-18.0],[-47.25,-17.28],[-48.01,-17.5],[-47.77,-18.0],[-48.75,-18.75],[-48.48,-19.25],[-48.62,-19.5],[-48.1,-20.25],[-48.25,-20.9],[-49.0,-21.9],[-50.5,-22.49],[-50.56,-23.0],[-51.5,-23.08],[-51.72,-23.5],[-51.54,-24.0],[-52.0,-24.32],[-52.33,-24.25],[-52.29,-24.75],[-52.65,-25.25],[-52.36,-27.0],[-51.89,-27.5],[-52.11,-28.0],[-51.0,-29.43],[-50.37,-29.75],[-50.34,-30.5],[-51.0,-31.47],[-51.25,-31.56],[-51.5,-31.22],[-52.0,-31.7],[-52.34,-32.5],[-53.04,-33.0],[-53.0,-33.5],[-53.28,-33.5],[-53.25,-33.75],[-54.25,-35.25],[-54.75,-35.48],[-55.5,-35.22],[-55.75,-36.26],[-56.0,-36.06],[-56.75,-36.44],[-57.5,-35.85],[-58.0,-36.02],[-58.5,-35.87],[-59.75,-34.88],[-60.5,-34.68],[-61.25,-33.83],[-62.12,-33.75],[-62.68,-32.5],[-64.25,-31.05],[-64.75,-31.17],[-65.0,-31.67],[-65.25,-31.34],[-65.5,-31.38],[-65.97,-30.75],[-66.86,-30.25],[-66.99,-30.0],[-66.78,-29.0],[-67.0,-28.64],[-67.5,-28.76],[-67.74,-28.5],[-67.77,-27.0],[-67.38,-27.25],[-67.45,-27.75],[-67.25,-27.91],[-67.06,-26.75],[-66.75,-26.37],[-66.5,-26.53],[-66.21,-26.25],[-66.54,-25.75],[-66.45,-25.25],[-66.0,-24.49],[-65.75,-25.06],[-65.46,-24.25],[-65.61,-23.75],[-65.2,-23.5],[-65.75,-23.19],[-66.0,-23.63],[-66.5,-22.0],[-65.97,-21.0],[-66.3,-20.0],[-65.72,-19.75],[-65.99,-19.0],[-66.44,-18.75],[-66.75,-18.12],[-66.86,-18.5],[-66.58,-18.75],[-66.75,-19.3],[-67.5,-19.44],[-68.25,-19.03],[-68.37,-18.5],[-67.91,-18.0],[-68.5,-17.8],[-69.3,-16.75],[-69.0,-16.41],[-68.47,-17.25],[-66.75,-17.76],[-66.25,-17.31],[-65.5,-17.66],[-65.06,-17.5],[-66.5,-16.52],[-67.5,-16.41],[-68.36,-15.5],[-68.95,-14.25],[-71.5,-13.05],[-72.0,-12.21],[-72.42,-12.25],[-72.75,-12.68],[-73.5,-13.04],[-73.75,-12.75],[-73.28,-12.5],[-73.5,-11.73],[-73.84,-11.5],[-73.68,-12.0],[-74.0,-12.48],[-74.53,-11.5],[-75.3,-11.0],[-75.27,-10.5],[-75.75,-9.48],[-76.35,-9.25],[-76.42,-8.75],[-77.5,-6.75],[-77.23,-6.5],[-77.33,-6.0],[-77.75,-5.56],[-78.25,-5.48],[-78.25,-6.28],[-79.08,-6.25],[-79.2,-5.0],[-78.9,-4.5],[-78.92,-3.75],[-78.13,-2.25],[-77.98,-1.0],[-77.56,-0.5],[-77.57,0.25],[-76.5,1.44],[-76.07,1.5],[-75.86,2.5],[-75.61,2.75],[-75.55,3.75],[-75.03,4.75],[-75.09,6.75],[-75.75,7.38],[-76.31,7.25],[-76.35,6.0],[-76.15,5.5],[-76.31,4.5],[-76.65,4.0],[-76.5,3.84],[-76.37,4.0],[-75.75,5.25],[-75.77,4.5],[-76.2,4.0],[-76.5,2.95],[-76.75,3.72],[-77.11,2.75],[-77.5,2.49],[-77.5,2.04],[-77.0,2.4],[-76.86,2.25],[-77.25,1.5],[-77.75,1.59],[-78.82,0.5],[-79.13,-0.75],[-79.09,-2.25],[-79.56,-2.75],[-79.72,-3.5],[-79.47,-4.25],[-80.01,-4.75],[-80.02,-5.0],[-79.65,-5.25],[-79.55,-6.25],[-79.16,-6.75],[-77.99,-10.0],[-78.25,-10.57],[-79.0,-10.35],[-84.0,-10.94],[-87.25,-9.9],[-89.75,-9.67],[-91.75,-8.95],[-96.5,-9.25],[-101.75,-10.68],[-103.0,-10.8],[-105.25,-10.47],[-106.75,-11.33],[-114.5,-12.84],[-117.5,-14.14],[-118.75,-14.12],[-120.0,-13.78],[-120.5,-14.28],[-121.25,-14.36],[-121.5,-14.92],[-122.75,-15.03],[-123.75,-14.81],[-125.75,-15.06],[-126.5,-14.65],[-127.0,-14.9],[-127.75,-14.86],[-128.13,-15.5],[-129.25,-16.16],[-142.75,-14.93],[-145.25,-14.81],[-148.0,-15.06],[-150.75,-14.44],[-152.0,-14.39],[-157.0,-13.19],[-160.75,-12.81],[-162.0,-13.1],[-166.25,-13.33],[-169.25,-12.78],[-172.75,-12.82],[-175.25,-12.33],[-177.0,-12.62],[-180.0,-12.39]]}},{"type":"Feature","properties":{"level":1012},"geometry":{"type":"LineString","coordinates":[[-100.34,21.25],[-100.02,21.25],[-100.28,21.5],[-100.1,21.75],[-100.5,22.16],[-100.77,21.5],[-100.34,21.25]]}},{"type":"Feature","properties":{"level":1012},"geometry":{"type":"LineString","coordinates":[[51.0,21.2],[51.07,22.0],[52.09,23.0],[51.88,23.5],[52.0,24.29],[53.01,25.25],[52.75,26.0],[51.97,26.75],[51.86,27.5],[52.28,27.5],[54.0,26.64],[55.5,26.76],[56.0,26.49],[56.16,26.25],[55.14,24.5],[54.75,23.08],[54.43,23.25],[54.25,23.85],[52.5,24.12],[52.03,23.75],[52.76,23.0],[53.47,22.75],[53.27,22.25],[51.5,21.19],[51.0,21.2]]}},{"type":"Feature","properties":{"level":1012},"geometry":{"type":"LineString","coordinates":[[33.25,22.47],[33.64,22.5],[33.25,22.47]]}},{"type":"Feature","properties":{"level":1012},"geometry":{"type":"LineString","coordinates":[[-99.69,23.0],[-99.5,22.85],[-99.25,23.08],[-99.26,23.75],[-100.14,25.5],[-100.75,25.69],[-101.75,25.28],[-100.73,25.0],[-99.69,23.0]]}},{"type":"Feature","properties":{"level":1012},"geometry":{"type":"LineString","coordinates":[[155.06,24.25],[156.25,24.17],[157.33,24.5],[156.5,25.09],[155.62,25.0],[155.75,25.38],[156.0,25.29],[156.52,25.75],[156.25,25.85],[154.25,25.64],[153.75,25.19],[153.88,25.75],[153.5,25.72],[153.42,25.25],[153.97,24.5],[154.75,24.56],[155.06,24.25]]}},{"type":"Feature","properties":{"level":1012},"geometry":{"type":"LineString","coordinates":[[68.0,25.55],[67.18,26.75],[67.5,29.54],[68.0,29.83],[69.0,28.91],[69.75,29.12],[70.28,30.25],[70.1,32.0],[70.35,33.0],[70.75,33.17],[71.25,33.03],[72.0,33.64],[73.75,33.27],[75.73,32.25],[76.47,31.0],[76.14,30.0],[77.61,29.0],[77.94,28.25],[77.75,27.93],[75.5,29.8],[75.0,29.82],[74.92,29.0],[73.0,28.86],[71.0,28.04],[70.18,27.5],[69.0,25.82],[68.0,25.55]]}},{"type":"Feature","properties":{"level":1012},"geometry":{"type":"LineString","coordinates":[[-107.01,26.0],[-106.0,25.86],[-105.95,26.5],[-106.25,26.32],[-106.5,26.63],[-107.01,26.0]]}},{"type":"Feature","properties":{"level":1012},"geometry":{"type":"LineString","coordinates":[[79.0,26.43],[77.72,27.5],[78.0,27.92],[79.16,27.25],[79.28,26.75],[79.63,26.5],[79.5,26.33],[79.0,26.43]]}},{"type":"Feature","properties":{"level":1012},"geometry":{"type":"LineString","coordinates":[[-102.07,27.25],[-101.87,27.25],[-101.79,27.75],[-102.04,28.5],[-101.62,28.75],[-102.0,29.3],[-102.5,29.24],[-102.61,29.0],[-102.42,28.0],[-102.57,27.5],[-102.5,27.34],[-102.25,27.56],[-102.07,27.25]]}},{"type":"Feature","properties":{"level":1012},"geometry":{"type":"LineString","coordinates":[[-108.02,28.0],[-107.75,28.23],[-107.2,28.0],[-107.5,28.45],[-108.21,28.25],[-108.02,28.0]]}},{"type":"Feature","properties":{"level":1012},"geometry":{"type":"LineString","coordinates":[[-104.62,28.25],[-102.98,28.25],[-104.0,28.84],[-104.62,28.25]]}},{"type":"Feature","properties":{"level":1012},"geometry":{"type":"LineString","coordinates":[[-106.94,29.0],[-106.5,28.82],[-106.56,29.5],[-108.24,30.25],[-108.31,30.75],[-108.71,31.0],[-108.75,31.71],[-109.25,31.93],[-109.58,31.75],[-108.64,30.5],[-108.93,30.0],[-108.5,29.41],[-107.75,29.02],[-107.25,29.47],[-106.81,29.25],[-106.94,29.0]]}},{"type":"Feature","properties":{"level":1012},"geometry":{"type":"LineString","coordinates":[[-104.33,30.0],[-103.5,29.85],[-102.59,30.25],[-102.52,30.5],[-104.25,31.0],[-104.33,30.0]]}},{"type":"Feature","properties":{"level":1012},"geometry":{"type":"LineString","coordinates":[[-102.92,32.0],[-102.53,32.0],[-102.25,32.75],[-101.96,32.5],[-101.93,32.0],[-101.16,34.0],[-101.5,34.93],[-101.82,35.0],[-101.75,35.19],[-101.0,35.04],[-100.69,35.25],[-100.75,35.54],[-101.75,35.27],[-102.75,35.32],[-104.03,34.75],[-103.83,34.25],[-104.01,33.0],[-103.64,32.25],[-103.0,32.19],[-102.92,32.0]]}},{"type":"Feature","properties":{"level":1012},"geometry":{"type":"LineString","coordinates":[[-110.25,34.41],[-111.3,35.25],[-112.06,37.25],[-110.54,38.0],[-110.91,38.5],[-110.5,38.65],[-110.25,39.22],[-109.75,38.81],[-109.25,39.27],[-108.75,39.35],[-108.52,39.25],[-109.0,39.08],[-109.75,38.18],[-110.0,38.19],[-110.1,38.5],[-110.48,38.5],[-110.08,37.5],[-109.25,37.56],[-108.5,36.89],[-107.5,36.83],[-107.23,36.5],[-107.75,36.48],[-107.97,36.25],[-107.8,36.0],[-108.5,35.88],[-108.8,36.75],[-109.25,37.0],[-109.5,36.48],[-110.75,37.12],[-111.25,36.75],[-111.68,36.75],[-111.5,36.32],[-110.75,36.37],[-110.14,35.75],[-110.08,35.0],[-109.64,34.5],[-110.25,34.41]]}},{"type":"Feature","properties":{"level":1012},"geometry":{"type":"LineString","coordinates":[[-118.6,36.0],[-118.5,35.83],[-118.0,35.98],[-117.98,37.25],[-117.44,37.5],[-117.75,37.81],[-118.0,37.74],[-118.75,38.73],[-119.27,38.75],[-119.5,39.19],[-119.75,38.83],[-120.0,39.64],[-120.52,39.75],[-120.25,40.02],[-121.18,40.0],[-120.82,40.75],[-121.75,40.82],[-121.58,40.0],[-120.91,39.5],[-120.47,38.5],[-118.97,36.75],[-118.6,36.0]]}},{"type":"Feature","properties":{"level":1012},"geometry":{"type":"LineString","coordinates":[[-113.75,40.45],[-114.01,40.75],[-113.87,41.25],[-113.5,41.5],[-113.16,41.25],[-113.5,40.38],[-113.75,40.45]]}},{"type":"Feature","properties":{"level":1012},"geometry":{"type":"LineString","coordinates":[[-108.25,42.41],[-109.12,43.25],[-109.07,43.5],[-108.6,43.5],[-108.58,43.75],[-109.13,44.5],[-109.0,45.09],[-108.25,45.03],[-107.35,44.0],[-107.33,43.75],[-107.73,43.5],[-107.49,43.25],[-107.58,43.0],[-108.25,42.41]]}},{"type":"Feature","properties":{"level":1012},"geometry":{"type":"LineString","coordinates":[[-77.0,42.7],[-78.5,43.02],[-82.25,42.89],[-83.0,43.55],[-85.5,44.26],[-87.0,44.23],[-89.19,45.25],[-90.39,45.5],[-89.78,45.75],[-91.69,47.0],[-91.6,47.5],[-93.25,48.75],[-93.46,49.5],[-94.5,49.41],[-95.5,50.48],[-96.5,50.46],[-97.81,51.0],[-97.96,51.25],[-97.6,51.75],[-98.95,52.75],[-99.55,53.5],[-98.34,54.0],[-98.56,56.0],[-99.71,57.75],[-100.04,59.5],[-101.5,60.73],[-102.25,60.6],[-103.04,61.25],[-103.0,61.68],[-104.16,63.5],[-104.68,63.75],[-104.99,64.25],[-104.91,65.25],[-102.75,66.53],[-99.16,66.75],[-97.5,66.47],[-94.5,64.92],[-91.85,64.0],[-82.0,63.0],[-77.75,63.17],[-75.25,63.56],[-73.06,64.75],[-73.24,66.0],[-72.89,66.75],[-70.73,67.5],[-70.22,67.5],[-68.0,66.59],[-67.0,66.59],[-65.0,66.08],[-64.75,65.82],[-63.25,65.98],[-62.5,66.5],[-64.91,68.5],[-65.11,69.25],[-66.18,70.25],[-66.43,71.0],[-68.49,73.0],[-72.25,74.72],[-72.73,75.25],[-74.65,76.0],[-73.32,77.25],[-73.59,77.75],[-72.75,78.07],[-71.15,77.75],[-71.37,77.5],[-69.25,76.9],[-60.25,76.52],[-58.0,76.21],[-56.34,75.75],[-56.35,75.5],[-54.79,74.5],[-54.49,73.75],[-53.5,73.29],[-50.0,73.13],[-47.25,73.76],[-47.0,72.93],[-43.75,72.97],[-42.25,72.67],[-41.44,72.25],[-41.26,72.0],[-41.41,71.5],[-40.86,71.25],[-40.85,70.75],[-39.55,69.75],[-39.04,69.0],[-39.35,68.75],[-39.31,68.25],[-39.5,68.14],[-40.25,68.52],[-42.0,67.9],[-42.31,67.5],[-42.0,66.97],[-39.84,66.5],[-39.46,66.75],[-39.62,67.5],[-39.25,67.95],[-38.75,67.86],[-38.0,68.17],[-37.25,68.0],[-36.74,67.0],[-36.72,66.75],[-37.06,66.5],[-36.52,66.25],[-30.25,66.46],[-26.25,65.92],[-22.94,64.25],[-21.23,63.0],[-20.14,62.5],[-18.8,61.25],[-16.95,57.75],[-16.95,57.25],[-17.25,56.99],[-27.0,54.18],[-32.25,51.82],[-35.25,51.65],[-42.25,50.15],[-47.25,49.8],[-48.75,50.35],[-56.25,52.1],[-57.5,52.12],[-58.75,52.74],[-60.75,52.62],[-61.75,52.06],[-61.7,51.5],[-62.25,51.0],[-63.67,50.5],[-64.2,49.5],[-63.85,49.25],[-64.0,49.07],[-66.12,48.75],[-66.35,48.25],[-66.07,47.75],[-68.0,46.27],[-69.96,45.25],[-70.75,44.03],[-71.5,44.26],[-72.5,43.71],[-74.25,43.38],[-74.75,42.94],[-77.0,42.7]]}},{"type":"Feature","properties":{"level":1012},"geometry":{"type":"LineString","coordinates":[[-104.5,42.99],[-105.27,43.25],[-104.25,43.74],[-104.11,43.25],[-104.5,42.99]]}},{"type":"Feature","properties":{"level":1012},"geometry":{"type":"LineString","coordinates":[[-110.5,45.71],[-110.0,45.91],[-109.56,45.75],[-110.5,45.71]]}},{"type":"Feature","properties":{"level":1012},"geometry":{"type":"LineString","coordinates":[[180.0,47.21],[176.25,44.23],[171.45,41.75],[168.0,40.47],[167.72,40.5],[167.75,40.77],[167.0,40.86],[164.25,42.0],[162.75,43.42],[161.25,44.4],[156.0,46.3],[152.5,46.47],[150.25,46.16],[145.75,46.2],[142.5,46.78],[142.0,47.34],[141.5,47.22],[140.25,47.66],[139.0,47.71],[138.73,48.0],[138.49,49.5],[138.25,49.74],[137.5,49.94],[135.5,49.78],[134.59,50.25],[135.17,51.0],[134.52,51.25],[134.75,51.75],[134.48,52.5],[134.71,52.75],[134.42,53.5],[134.58,53.75],[132.75,53.89],[132.03,54.25],[132.09,55.0],[133.33,56.0],[132.81,56.75],[132.36,57.0],[131.27,58.75],[128.64,60.5],[126.0,62.84],[125.19,63.75],[124.67,65.0],[125.75,65.19],[127.5,64.96],[130.5,65.14],[131.5,64.73],[134.25,64.62],[135.25,64.9],[136.0,64.33],[136.5,64.64],[137.5,64.42],[138.5,64.87],[139.75,64.67],[139.83,65.25],[139.0,65.4],[138.14,66.0],[139.25,66.03],[139.51,66.5],[139.19,66.75],[139.41,67.25],[139.25,67.39],[136.0,68.13],[134.79,67.75],[135.06,67.5],[135.0,67.22],[136.4,67.0],[136.5,66.23],[136.0,65.93],[134.5,66.02],[135.25,65.96],[135.33,65.75],[134.75,65.36],[133.0,65.73],[132.5,65.45],[132.0,65.78],[128.0,65.39],[127.75,65.5],[129.34,65.75],[128.5,65.91],[127.0,65.73],[127.05,66.0],[128.5,66.09],[128.75,66.39],[125.93,66.5],[126.75,66.7],[128.75,66.59],[130.25,66.24],[130.83,67.0],[130.5,67.2],[129.75,66.68],[129.0,66.61],[128.5,67.1],[127.53,67.25],[127.75,67.53],[128.95,67.75],[127.91,68.5],[128.64,68.75],[128.46,69.0],[127.01,69.0],[126.62,68.75],[127.56,68.5],[126.75,68.22],[125.25,68.38],[123.0,67.37],[122.5,67.57],[121.65,69.0],[120.41,70.25],[119.75,70.53],[112.5,72.03],[105.25,72.5],[94.0,72.17],[91.25,71.75],[88.67,70.75],[88.49,70.5],[88.66,70.0],[87.87,69.5],[88.01,69.0],[87.48,68.5],[88.5,68.25],[88.67,68.0],[88.34,67.25],[89.34,66.75],[90.0,65.91],[94.32,64.75],[95.96,63.5],[96.22,63.0],[96.18,62.5],[93.88,61.5],[93.51,60.75],[91.5,59.96],[88.25,59.54],[84.75,59.45],[83.0,59.06],[81.12,57.75],[77.82,54.75],[75.75,53.73],[73.25,52.97],[68.25,52.55],[64.25,53.2],[62.88,53.75],[61.25,54.79],[60.0,55.16],[59.26,55.75],[49.5,58.14],[44.0,60.16],[39.5,61.08],[36.25,61.32],[33.75,61.77],[27.25,61.58],[25.0,61.45],[23.75,61.07],[23.0,59.88],[21.38,58.75],[19.68,57.0],[19.75,56.7],[20.6,56.0],[20.78,55.25],[20.01,53.25],[20.08,52.75],[19.5,52.23],[17.62,51.75],[16.75,50.87],[14.5,50.95],[11.0,50.27],[10.75,49.91],[9.5,49.75],[8.31,50.0],[8.45,50.25],[8.14,51.0],[8.41,51.25],[8.0,51.66],[7.89,52.25],[8.29,53.0],[10.86,55.0],[11.5,55.03],[12.71,55.75],[12.84,56.0],[12.67,56.25],[13.22,56.5],[13.0,56.69],[11.75,56.24],[9.75,56.91],[8.25,57.14],[4.5,58.22],[3.64,59.0],[5.0,60.79],[5.5,60.44],[6.5,60.57],[6.56,60.25],[6.25,60.47],[5.94,60.0],[6.75,59.86],[7.04,60.0],[6.85,60.25],[7.06,60.75],[7.76,61.25],[8.48,62.25],[9.5,62.64],[10.0,62.55],[10.25,62.8],[12.75,63.13],[13.96,63.75],[11.75,64.37],[9.25,63.8],[8.25,63.94],[8.0,64.58],[4.5,65.5],[4.31,66.0],[4.83,66.75],[4.5,67.75],[4.8,69.25],[3.97,70.0],[3.68,70.75],[2.21,72.5],[-0.25,74.75],[-3.5,77.26],[-7.54,80.0],[-9.86,82.0],[-12.75,83.5],[-12.86,83.75],[-12.82,84.5],[-12.5,84.88],[-9.75,85.59],[-1.25,86.61],[7.5,87.19],[35.5,87.85],[69.5,87.8],[87.75,87.42],[104.25,86.73],[119.5,85.54],[141.75,83.03],[169.75,82.45],[180.0,81.39]]}},{"type":"Feature","properties":{"level":1012},"geometry":{"type":"LineString","coordinates":[[12.93,55.75],[13.35,55.75],[13.25,55.98],[12.93,55.75]]}},{"type":"Feature","properties":{"level":1012},"geometry":{"type":"LineString","coordinates":[[13.65,56.5],[14.28,56.5],[14.0,56.79],[13.69,56.75],[13.65,56.5]]}},{"type":"Feature","properties":{"level":1012},"geometry":{"type":"LineString","coordinates":[[-74.03,61.75],[-73.3,61.75],[-73.5,62.1],[-74.34,62.0],[-74.03,61.75]]}},{"type":"Feature","properties":{"level":1012},"geometry":{"type":"LineString","coordinates":[[-66.91,62.25],[-66.28,62.25],[-67.0,62.9],[-67.75,62.9],[-69.17,63.75],[-69.12,64.0],[-66.75,63.15],[-65.25,63.0],[-64.94,63.5],[-65.41,64.5],[-67.5,65.4],[-69.29,65.5],[-69.5,64.25],[-70.27,63.75],[-68.79,63.0],[-67.5,62.7],[-66.91,62.25]]}},{"type":"Feature","properties":{"level":1012},"geometry":{"type":"LineString","coordinates":[[137.0,68.25],[137.25,68.06],[138.11,68.25],[137.75,68.58],[136.75,68.65],[137.0,68.25]]}},{"type":"Feature","properties":{"level":1012},"geometry":{"type":"LineString","coordinates":[[139.2,68.5],[139.63,69.0],[139.0,69.49],[137.25,69.55],[136.34,69.25],[135.95,68.75],[138.25,68.91],[139.2,68.5]]}},{"type":"Feature","properties":{"level":1012},"geometry":{"type":"LineString","coordinates":[[-97.75,74.68],[-98.1,75.0],[-98.05,75.5],[-97.41,76.25],[-98.25,76.68],[-108.5,76.5],[-113.75,76.64],[-117.09,77.0],[-119.5,77.61],[-120.94,78.25],[-121.39,79.0],[-120.68,79.75],[-118.0,80.56],[-113.75,81.07],[-108.5,81.35],[-93.75,81.34],[-93.26,81.25],[-93.49,80.75],[-90.01,79.75],[-90.5,79.5],[-89.79,79.0],[-91.46,78.75],[-91.44,78.25],[-89.36,77.5],[-89.67,77.0],[-92.2,76.25],[-92.39,75.75],[-93.04,75.5],[-95.5,74.8],[-97.75,74.68]]}},{"type":"Feature","properties":{"level":1012},"geometry":{"type":"LineString","coordinates":[[-180.0,81.39],[-170.73,79.75],[-167.08,78.5],[-165.98,77.5],[-166.15,76.25],[-166.64,75.75],[-170.5,75.04],[-171.45,74.5],[-171.89,74.0],[-171.48,73.5],[-172.03,73.0],[-172.29,72.25],[-171.69,70.5],[-171.83,70.0],[-175.74,67.25],[-177.44,66.5],[-177.27,66.25],[-177.43,65.5],[-174.3,59.0],[-174.18,56.25],[-175.1,52.5],[-176.32,50.75],[-180.0,47.21]]}},{"type":"Feature","properties":{"level":1016},"geometry":{"type":"LineString","coordinates":[[12.48,-88.5],[27.98,-88.25],[31.37,-87.75],[31.14,-87.5],[17.25,-86.66],[16.24,-86.75],[18.2,-87.0],[18.09,-87.25],[10.91,-88.25],[12.48,-88.5]]}},{"type":"Feature","properties":{"level":1016},"geometry":{"type":"LineString","coordinates":[[44.71,-88.0],[78.0,-88.03],[112.29,-86.25],[121.25,-85.11],[125.94,-84.25],[127.71,-83.5],[127.86,-83.25],[127.22,-82.75],[128.43,-82.0],[131.42,-81.25],[128.46,-80.75],[128.3,-80.5],[129.07,-79.25],[127.63,-78.5],[127.48,-78.25],[127.96,-77.75],[127.75,-77.39],[126.67,-77.25],[125.75,-76.67],[121.25,-76.69],[114.75,-77.1],[98.0,-76.95],[91.75,-77.8],[87.54,-78.0],[77.75,-79.28],[71.25,-79.53],[68.0,-79.2],[64.5,-79.18],[58.75,-78.43],[56.91,-78.0],[54.5,-77.0],[50.46,-75.75],[49.75,-75.08],[47.0,-74.53],[42.25,-74.66],[40.25,-75.19],[37.25,-75.48],[30.5,-75.33],[25.75,-75.01],[24.0,-74.68],[21.25,-74.71],[19.16,-75.0],[25.25,-75.38],[27.1,-76.25],[27.12,-76.5],[27.63,-76.75],[37.0,-77.23],[38.5,-77.15],[41.27,-76.25],[40.0,-75.81],[38.29,-75.75],[42.25,-75.43],[43.5,-75.72],[43.21,-76.0],[43.35,-76.25],[43.17,-76.5],[43.75,-76.7],[44.19,-77.25],[42.79,-78.0],[43.22,-78.5],[43.13,-78.75],[42.01,-79.25],[42.22,-80.25],[41.27,-81.25],[41.26,-82.0],[40.98,-82.5],[40.12,-83.25],[40.37,-84.0],[39.74,-84.5],[40.87,-85.0],[39.24,-85.75],[39.75,-86.12],[42.4,-86.75],[38.02,-87.5],[44.71,-88.0]]}},{"type":"Feature","properties":{"level":1016},"geometry":{"type":"LineString","coordinates":[[16.75,-74.75],[18.76,-74.75],[15.5,-74.23],[12.18,-74.25],[16.75,-74.75]]}},{"type":"Feature","properties":{"level":1016},"geometry":{"type":"LineString","coordinates":[[-72.46,-58.75],[-68.75,-58.92],[-64.5,-58.35],[-53.25,-55.18],[-45.75,-54.35],[-42.5,-53.55],[-38.0,-51.12],[-31.84,-48.25],[-29.31,-46.75],[-28.62,-46.0],[-28.85,-45.75],[-31.41,-45.5],[-31.96,-45.25],[-32.44,-44.0],[-31.75,-43.38],[-28.25,-42.16],[-27.48,-42.5],[-26.75,-43.42],[-26.0,-43.7],[-25.5,-43.74],[-24.75,-43.37],[-24.57,-42.75],[-25.37,-41.5],[-25.71,-40.5],[-25.72,-40.0],[-25.25,-39.58],[-22.75,-39.21],[-22.12,-39.75],[-20.75,-42.3],[-20.0,-42.46],[-18.59,-42.25],[-14.75,-40.73],[-12.0,-39.28],[-11.0,-38.51],[-10.14,-37.25],[-10.25,-36.63],[-9.5,-36.39],[-9.95,-35.25],[-9.63,-35.0],[-9.51,-34.5],[-7.25,-33.78],[-6.0,-33.53],[-5.25,-33.66],[-4.0,-33.26],[-4.21,-33.0],[-4.0,-32.64],[3.0,-33.71],[16.25,-37.27],[19.0,-38.35],[19.5,-38.15],[21.25,-38.53],[22.35,-39.25],[25.99,-42.5],[30.5,-45.89],[35.12,-50.0],[38.0,-51.67],[41.75,-52.89],[46.5,-53.29],[53.25,-52.72],[57.75,-51.9],[63.75,-51.23],[69.25,-50.03],[75.5,-49.34],[83.5,-47.93],[87.29,-46.75],[92.7,-44.25],[97.04,-41.75],[102.58,-38.0],[105.0,-36.7],[112.25,-33.54],[113.91,-32.0],[115.03,-30.25],[114.97,-28.0],[117.48,-26.25],[117.69,-25.75],[116.45,-23.25],[116.52,-22.75],[116.24,-22.5],[116.07,-21.75],[116.26,-20.75],[115.97,-20.25],[116.1,-19.75],[115.92,-19.25],[116.42,-18.5],[116.16,-15.75],[116.52,-13.5],[115.85,-12.0],[115.5,-11.7],[114.29,-11.75],[113.25,-10.99],[112.5,-10.78],[111.75,-10.96],[110.5,-10.16],[110.2,-10.25],[110.5,-10.82],[109.25,-10.71],[109.0,-11.03],[108.74,-11.0],[108.85,-11.25],[108.51,-11.5],[107.75,-11.65],[106.5,-10.94],[104.25,-10.52],[102.25,-10.73],[101.0,-10.56],[100.25,-10.83],[99.0,-10.41],[97.0,-10.48],[96.25,-10.3],[95.5,-9.66],[94.5,-10.27],[91.25,-10.45],[90.25,-10.86],[88.0,-11.03],[87.25,-11.37],[85.25,-11.14],[84.71,-10.75],[85.0,-10.41],[81.25,-11.03],[80.0,-10.98],[78.0,-11.73],[75.75,-11.6],[72.25,-12.08],[71.25,-12.0],[69.0,-12.48],[68.5,-12.28],[66.75,-12.34],[65.75,-11.95],[62.0,-12.84],[60.75,-12.89],[60.0,-12.7],[56.0,-12.64],[55.0,-12.43],[51.75,-11.04],[50.0,-11.09],[49.5,-11.27],[49.09,-11.75],[49.07,-12.25],[48.5,-12.84],[48.41,-13.25],[47.94,-13.5],[47.54,-14.5],[45.0,-14.63],[43.79,-15.75],[42.89,-18.0],[43.5,-18.72],[44.0,-18.87],[45.06,-19.75],[44.7,-20.0],[44.75,-20.7],[44.25,-20.93],[43.25,-20.21],[42.68,-20.25],[42.44,-19.75],[42.0,-19.5],[41.25,-20.24],[38.5,-20.42],[37.25,-19.79],[36.0,-19.55],[35.64,-19.0],[35.54,-18.25],[34.75,-17.58],[34.0,-17.27],[32.5,-17.71],[31.0,-16.75],[29.75,-18.1],[29.0,-18.13],[27.25,-18.75],[26.68,-20.0],[25.06,-21.25],[24.83,-22.0],[25.1,-23.25],[24.8,-23.75],[24.87,-24.75],[25.53,-26.0],[25.52,-26.75],[25.96,-27.25],[25.74,-28.0],[25.95,-28.5],[25.59,-29.25],[25.94,-30.0],[26.45,-30.25],[26.38,-30.5],[24.25,-31.5],[23.88,-32.0],[24.46,-32.0],[24.0,-32.34],[23.5,-32.18],[22.75,-32.34],[22.07,-33.25],[22.75,-33.76],[24.5,-34.06],[24.88,-34.5],[23.0,-35.56],[20.25,-35.05],[19.5,-35.17],[18.15,-34.0],[18.05,-33.25],[18.25,-32.86],[18.62,-33.0],[18.03,-32.25],[18.39,-31.0],[17.08,-29.75],[17.33,-29.25],[16.92,-28.25],[16.0,-27.59],[15.0,-27.39],[14.02,-26.25],[13.37,-24.0],[13.91,-22.75],[12.4,-20.5],[10.72,-19.25],[8.67,-16.75],[8.0,-15.34],[6.75,-14.34],[6.25,-13.52],[5.62,-13.25],[5.0,-12.39],[3.0,-11.93],[2.44,-11.5],[1.5,-11.23],[0.0,-9.99],[-2.75,-9.4],[-3.75,-9.42],[-5.0,-9.0],[-5.5,-9.24],[-6.75,-9.29],[-8.0,-8.99],[-9.0,-9.34],[-10.5,-9.03],[-13.75,-9.15],[-14.5,-8.78],[-15.5,-8.95],[-15.75,-8.8],[-17.25,-9.03],[-18.0,-9.59],[-19.0,-9.31],[-19.75,-10.05],[-20.75,-10.06],[-21.5,-9.6],[-22.25,-9.46],[-23.25,-10.06],[-25.25,-10.07],[-26.25,-10.36],[-27.5,-9.74],[-29.5,-10.63],[-30.25,-11.59],[-33.0,-11.71],[-34.75,-11.19],[-37.25,-11.71],[-37.5,-10.59],[-37.97,-10.75],[-38.0,-11.5],[-38.75,-11.62],[-40.44,-13.5],[-40.38,-14.0],[-41.15,-15.75],[-40.77,-16.75],[-40.16,-17.25],[-40.22,-17.75],[-40.5,-17.99],[-41.25,-17.96],[-41.07,-18.25],[-41.18,-19.75],[-41.75,-20.0],[-42.0,-19.73],[-42.51,-20.5],[-42.52,-21.0],[-42.25,-21.04],[-42.02,-21.75],[-42.5,-21.83],[-43.25,-21.42],[-43.51,-20.75],[-43.12,-20.0],[-43.25,-19.75],[-43.67,-20.0],[-43.88,-20.75],[-44.5,-20.95],[-45.0,-20.67],[-46.25,-20.85],[-46.5,-20.36],[-47.08,-21.0],[-46.58,-22.5],[-46.79,-23.0],[-47.75,-23.87],[-49.04,-24.25],[-48.79,-24.75],[-49.38,-25.25],[-49.5,-25.87],[-49.9,-26.25],[-49.49,-27.0],[-49.49,-27.5],[-50.0,-27.29],[-50.05,-27.75],[-49.75,-28.11],[-49.0,-27.89],[-48.5,-28.05],[-48.25,-28.5],[-48.17,-29.75],[-48.5,-30.22],[-48.91,-32.0],[-50.5,-34.45],[-52.62,-36.0],[-56.25,-37.71],[-59.5,-37.32],[-62.5,-36.19],[-64.25,-35.0],[-65.75,-33.13],[-66.25,-33.2],[-66.75,-32.93],[-67.33,-32.0],[-67.5,-31.02],[-68.5,-31.58],[-68.75,-30.93],[-69.0,-30.84],[-69.25,-32.58],[-69.27,-32.25],[-69.79,-32.0],[-69.25,-29.22],[-68.3,-28.0],[-67.8,-26.75],[-68.17,-25.75],[-67.65,-25.25],[-68.07,-24.75],[-67.75,-24.39],[-67.4,-24.5],[-66.81,-25.5],[-67.13,-25.75],[-67.0,-26.1],[-66.21,-24.5],[-66.49,-22.75],[-66.81,-22.0],[-67.25,-21.96],[-68.17,-21.0],[-67.99,-20.25],[-68.49,-19.75],[-68.91,-18.0],[-69.5,-17.59],[-69.54,-17.0],[-70.2,-16.25],[-70.75,-15.97],[-70.89,-15.75],[-70.72,-15.25],[-71.0,-15.19],[-71.5,-15.54],[-72.5,-14.62],[-73.25,-14.66],[-74.16,-14.25],[-74.5,-13.84],[-74.25,-13.5],[-74.42,-13.0],[-74.21,-12.5],[-74.5,-12.17],[-74.85,-12.25],[-74.71,-11.5],[-75.0,-11.23],[-75.38,-11.25],[-76.0,-9.9],[-76.25,-10.37],[-76.47,-10.25],[-76.21,-9.5],[-76.63,-9.25],[-76.79,-8.5],[-77.75,-6.81],[-77.5,-7.84],[-76.85,-9.0],[-77.0,-9.24],[-77.5,-9.18],[-78.0,-8.28],[-78.04,-9.25],[-77.22,-10.5],[-77.25,-10.88],[-74.63,-14.75],[-74.0,-15.2],[-73.5,-14.87],[-72.75,-15.89],[-72.5,-15.84],[-71.0,-16.69],[-70.75,-17.24],[-70.25,-17.48],[-69.25,-19.92],[-68.94,-21.25],[-69.02,-22.25],[-68.59,-22.25],[-68.68,-22.75],[-69.01,-22.75],[-69.07,-23.25],[-68.75,-23.41],[-68.25,-22.8],[-67.97,-23.25],[-68.25,-24.04],[-68.75,-23.91],[-69.0,-24.08],[-69.48,-25.0],[-69.36,-26.0],[-68.99,-26.25],[-69.5,-26.29],[-69.77,-26.75],[-69.76,-28.0],[-70.26,-28.5],[-70.24,-29.0],[-70.68,-29.25],[-70.5,-30.0],[-70.95,-31.25],[-70.54,-33.5],[-70.75,-33.95],[-71.0,-33.8],[-71.25,-34.11],[-71.5,-33.84],[-71.79,-34.0],[-71.29,-35.25],[-71.5,-36.0],[-72.02,-37.5],[-72.5,-38.26],[-73.0,-38.55],[-73.25,-39.27],[-73.64,-39.25],[-75.0,-39.91],[-77.5,-39.97],[-78.93,-38.25],[-78.91,-35.75],[-78.0,-33.0],[-77.68,-30.25],[-77.77,-29.0],[-77.41,-28.0],[-77.94,-27.0],[-77.38,-26.25],[-77.55,-25.5],[-78.09,-25.0],[-78.29,-24.25],[-78.78,-24.0],[-78.75,-23.22],[-79.25,-23.43],[-80.75,-21.93],[-82.25,-21.29],[-82.75,-21.34],[-83.5,-20.94],[-84.5,-20.79],[-84.97,-20.5],[-84.75,-20.25],[-86.5,-19.72],[-88.25,-19.77],[-88.71,-19.5],[-88.5,-19.22],[-90.5,-18.49],[-92.0,-18.85],[-94.0,-18.24],[-96.75,-18.32],[-98.0,-18.07],[-99.44,-18.5],[-99.5,-18.75],[-99.14,-19.0],[-100.02,-19.5],[-100.25,-20.33],[-100.6,-20.0],[-100.5,-19.73],[-101.5,-19.91],[-103.5,-19.67],[-105.75,-21.2],[-106.71,-21.5],[-106.63,-23.0],[-106.97,-23.75],[-107.0,-24.75],[-105.98,-27.25],[-104.85,-28.75],[-104.6,-29.5],[-104.61,-30.25],[-104.18,-31.75],[-104.25,-32.75],[-103.95,-33.5],[-103.96,-34.75],[-103.5,-35.25],[-103.96,-36.5],[-103.69,-37.0],[-103.25,-40.25],[-101.88,-43.5],[-100.5,-45.76],[-99.0,-47.53],[-97.0,-49.31],[-94.52,-51.0],[-89.0,-53.92],[-84.5,-55.76],[-79.75,-57.3],[-77.24,-58.0],[-72.46,-58.75]]}},{"type":"Feature","properties":{"level":1016},"geometry":{"type":"LineString","coordinates":[[-180.0,-55.22],[-174.53,-53.75],[-170.4,-52.0],[-168.0,-50.75],[-166.75,-49.58],[-166.5,-49.05],[-165.8,-48.75],[-155.5,-48.04],[-152.75,-47.64],[-148.55,-46.5],[-144.0,-44.83],[-142.75,-43.94],[-141.87,-42.75],[-141.69,-42.0],[-141.87,-41.0],[-139.5,-38.78],[-138.2,-38.5],[-136.5,-37.17],[-134.25,-35.93],[-131.5,-34.0],[-126.75,-32.74],[-125.25,-31.7],[-124.74,-30.0],[-125.2,-28.75],[-125.18,-27.75],[-126.75,-25.61],[-128.75,-24.79],[-130.25,-23.56],[-131.75,-22.94],[-133.0,-22.02],[-137.25,-20.44],[-142.47,-19.5],[-144.25,-19.51],[-152.5,-18.48],[-154.0,-18.62],[-156.75,-18.17],[-158.0,-18.28],[-161.5,-17.85],[-165.25,-18.02],[-169.25,-17.56],[-172.75,-17.52],[-175.5,-17.8],[-176.75,-18.15],[-180.0,-17.96]]}},{"type":"Feature","properties":{"level":1016},"geometry":{"type":"LineString","coordinates":[[164.25,-41.27],[163.25,-41.03],[162.21,-40.25],[161.75,-39.0],[161.91,-38.0],[163.61,-35.75],[164.12,-35.5],[165.34,-32.75],[166.18,-31.75],[169.0,-30.55],[169.75,-30.82],[170.87,-31.75],[172.14,-33.75],[172.3,-35.75],[171.48,-38.5],[170.25,-39.92],[168.5,-40.89],[166.0,-41.46],[164.25,-41.27]]}},{"type":"Feature","properties":{"level":1016},"geometry":{"type":"LineString","coordinates":[[19.4,-34.25],[19.75,-34.43],[20.5,-34.25],[20.0,-33.88],[19.4,-34.25]]}},{"type":"Feature","properties":{"level":1016},"geometry":{"type":"LineString","coordinates":[[18.68,-33.5],[19.0,-33.1],[18.75,-33.17],[18.68,-33.5]]}},{"type":"Feature","properties":{"level":1016},"geometry":{"type":"LineString","coordinates":[[133.19,-22.5],[133.88,-22.25],[133.0,-22.04],[132.88,-22.25],[133.19,-22.5]]}},{"type":"Feature","properties":{"level":1016},"geometry":{"type":"LineString","coordinates":[[-41.0,-21.37],[-41.0,-20.98],[-40.75,-20.81],[-40.5,-21.0],[-41.0,-21.37]]}},{"type":"Feature","properties":{"level":1016},"geometry":{"type":"LineString","coordinates":[[42.5,-21.0],[42.13,-20.75],[42.25,-20.34],[42.5,-20.35],[42.5,-21.0]]}},{"type":"Feature","properties":{"level":1016},"geometry":{"type":"LineString","coordinates":[[45.25,-20.61],[45.13,-20.5],[45.44,-20.5],[45.25,-20.61]]}},{"type":"Feature","properties":{"level":1016},"geometry":{"type":"LineString","coordinates":[[-99.25,-20.29],[-99.25,-20.1],[-99.25,-20.29]]}},{"type":"Feature","properties":{"level":1016},"geometry":{"type":"LineString","coordinates":[[-98.0,-20.34],[-98.0,-20.14],[-97.76,-20.25],[-98.0,-20.34]]}},{"type":"Feature","properties":{"level":1016},"geometry":{"type":"LineString","coordinates":[[45.5,-20.35],[45.5,-20.19],[45.5,-20.35]]}},{"type":"Feature","properties":{"level":1016},"geometry":{"type":"LineString","coordinates":[[180.0,-17.96],[178.25,-17.62],[177.96,-17.75],[178.17,-18.25],[178.0,-18.41],[176.75,-18.75],[170.25,-18.08],[169.25,-18.31],[169.0,-18.93],[168.75,-18.99],[166.5,-18.53],[164.75,-17.73],[163.5,-17.89],[162.25,-17.52],[161.0,-17.55],[160.0,-17.39],[159.0,-16.92],[157.25,-17.15],[155.75,-16.69],[155.0,-16.78],[153.75,-16.44],[150.25,-14.86],[148.15,-13.25],[146.25,-12.47],[143.65,-12.0],[143.0,-12.49],[142.53,-12.5],[143.1,-13.75],[142.86,-15.0],[141.75,-15.87],[141.5,-15.99],[141.48,-15.25],[140.75,-14.67],[139.0,-15.23],[138.5,-15.72],[138.0,-15.17],[136.49,-15.5],[136.75,-15.99],[138.0,-16.56],[138.32,-16.5],[138.75,-15.88],[139.07,-16.25],[139.5,-16.32],[140.5,-17.68],[140.97,-17.5],[141.25,-16.89],[141.73,-18.0],[142.5,-18.5],[142.93,-19.5],[144.0,-20.17],[144.02,-20.75],[143.5,-20.77],[143.28,-21.0],[143.3,-22.0],[142.61,-22.75],[142.31,-24.25],[140.5,-24.9],[139.5,-24.84],[137.0,-23.99],[136.25,-24.33],[136.1,-24.0],[136.58,-23.75],[136.0,-23.78],[135.88,-23.25],[135.1,-22.5],[135.0,-22.03],[134.5,-21.95],[134.02,-22.25],[133.97,-23.0],[134.17,-23.5],[134.65,-23.75],[134.33,-24.0],[134.09,-25.0],[133.25,-25.75],[133.85,-26.25],[133.83,-27.0],[135.2,-30.0],[135.81,-32.5],[136.5,-33.49],[136.94,-33.75],[136.89,-34.5],[137.25,-35.25],[137.03,-35.75],[137.55,-36.0],[139.23,-40.25],[140.86,-43.5],[142.73,-46.0],[143.97,-47.25],[148.0,-50.31],[151.2,-52.0],[155.0,-53.54],[159.85,-55.0],[163.29,-55.75],[167.0,-56.15],[171.25,-56.24],[176.5,-55.85],[180.0,-55.22]]}},{"type":"Feature","properties":{"level":1016},"geometry":{"type":"LineString","coordinates":[[136.74,-17.5],[137.0,-17.5],[136.74,-17.5]]}},{"type":"Feature","properties":{"level":1016},"geometry":{"type":"LineString","coordinates":[[136.94,-16.75],[137.38,-16.75],[136.94,-16.75]]}},{"type":"Feature","properties":{"level":1016},"geometry":{"type":"LineString","coordinates":[[141.5,-16.87],[141.5,-16.04],[141.5,-16.87]]}},{"type":"Feature","properties":{"level":1016},"geometry":{"type":"LineString","coordinates":[[-68.1,-16.5],[-67.68,-16.5],[-68.25,-15.7],[-69.0,-15.66],[-68.1,-16.5]]}},{"type":"Feature","properties":{"level":1016},"geometry":{"type":"LineString","coordinates":[[135.69,-16.5],[135.85,-16.5],[135.75,-16.12],[135.69,-16.5]]}},{"type":"Feature","properties":{"level":1016},"geometry":{"type":"LineString","coordinates":[[136.72,-16.25],[136.75,-16.41],[136.75,-16.08],[136.72,-16.25]]}},{"type":"Feature","properties":{"level":1016},"geometry":{"type":"LineString","coordinates":[[-69.32,-15.25],[-69.0,-15.43],[-68.77,-15.0],[-70.0,-13.74],[-71.5,-13.21],[-72.0,-12.75],[-72.5,-13.07],[-73.19,-13.0],[-73.0,-13.33],[-71.75,-13.44],[-71.25,-14.15],[-70.25,-14.44],[-69.32,-15.25]]}},{"type":"Feature","properties":{"level":1016},"geometry":{"type":"LineString","coordinates":[[46.74,-13.75],[47.0,-13.9],[47.34,-13.75],[47.0,-13.59],[46.74,-13.75]]}},{"type":"Feature","properties":{"level":1016},"geometry":{"type":"LineString","coordinates":[[43.23,-11.75],[43.65,-11.75],[43.5,-11.6],[43.23,-11.75]]}},{"type":"Feature","properties":{"level":1016},"geometry":{"type":"LineString","coordinates":[[91.44,-10.0],[91.68,-10.0],[91.44,-10.0]]}},{"type":"Feature","properties":{"level":1016},"geometry":{"type":"LineString","coordinates":[[34.49,-9.75],[34.75,-9.91],[35.23,-9.75],[35.25,-9.15],[35.0,-8.93],[34.75,-9.1],[33.73,-9.0],[34.49,-9.75]]}},{"type":"Feature","properties":{"level":1016},"geometry":{"type":"LineString","coordinates":[[119.7,-9.75],[120.03,-9.75],[119.7,-9.75]]}},{"type":"Feature","properties":{"level":1016},"geometry":{"type":"LineString","coordinates":[[-36.49,-9.5],[-36.25,-9.64],[-35.75,-9.23],[-35.34,-8.25],[-35.5,-8.11],[-36.59,-8.25],[-36.49,-9.5]]}},{"type":"Feature","properties":{"level":1016},"geometry":{"type":"LineString","coordinates":[[125.1,-9.25],[126.0,-9.13],[126.68,-8.75],[126.5,-8.49],[126.25,-8.67],[125.5,-8.56],[125.1,-9.25]]}},{"type":"Feature","properties":{"level":1016},"geometry":{"type":"LineString","coordinates":[[116.98,-9.0],[117.62,-9.0],[117.25,-8.66],[116.98,-9.0]]}},{"type":"Feature","properties":{"level":1016},"geometry":{"type":"LineString","coordinates":[[147.42,-9.0],[147.67,-9.0],[147.5,-8.17],[146.75,-7.75],[146.75,-8.17],[147.42,-9.0]]}},{"type":"Feature","properties":{"level":1016},"geometry":{"type":"LineString","coordinates":[[113.8,-8.5],[114.25,-8.46],[114.39,-8.0],[113.25,-7.98],[112.5,-7.63],[112.13,-8.0],[113.0,-8.43],[113.25,-8.07],[113.73,-8.25],[113.8,-8.5]]}},{"type":"Feature","properties":{"level":1016},"geometry":{"type":"LineString","coordinates":[[114.96,-8.5],[115.5,-8.63],[115.59,-8.25],[114.64,-8.25],[114.96,-8.5]]}},{"type":"Feature","properties":{"level":1016},"geometry":{"type":"LineString","coordinates":[[126.87,-8.5],[127.27,-8.5],[126.87,-8.5]]}},{"type":"Feature","properties":{"level":1016},"geometry":{"type":"LineString","coordinates":[[111.29,-8.25],[111.96,-8.25],[111.84,-7.75],[111.5,-7.95],[111.25,-7.58],[111.09,-8.0],[111.29,-8.25]]}},{"type":"Feature","properties":{"level":1016},"geometry":{"type":"LineString","coordinates":[[110.3,-8.0],[110.7,-8.0],[110.66,-7.5],[110.25,-7.14],[109.0,-7.21],[107.75,-6.74],[107.25,-6.96],[107.0,-6.67],[106.38,-6.75],[108.0,-7.75],[109.0,-7.53],[110.3,-8.0]]}},{"type":"Feature","properties":{"level":1016},"geometry":{"type":"LineString","coordinates":[[126.12,-7.75],[126.63,-7.75],[126.12,-7.75]]}},{"type":"Feature","properties":{"level":1016},"geometry":{"type":"LineString","coordinates":[[146.91,-6.5],[147.62,-6.5],[147.5,-6.19],[146.75,-6.0],[146.5,-5.69],[145.88,-5.75],[146.91,-6.5]]}},{"type":"Feature","properties":{"level":1016},"geometry":{"type":"LineString","coordinates":[[143.42,-6.25],[144.0,-6.43],[144.17,-6.0],[143.75,-5.14],[143.03,-5.0],[143.17,-5.25],[142.75,-5.72],[142.2,-5.5],[142.5,-5.91],[142.75,-5.81],[143.42,-6.25]]}},{"type":"Feature","properties":{"level":1016},"geometry":{"type":"LineString","coordinates":[[144.34,-6.0],[145.56,-6.0],[145.0,-5.6],[144.75,-6.0],[144.34,-6.0]]}},{"type":"Feature","properties":{"level":1016},"geometry":{"type":"LineString","coordinates":[[104.15,-5.25],[104.5,-5.45],[104.63,-5.25],[104.5,-4.96],[103.9,-4.75],[103.75,-4.21],[103.25,-3.92],[102.78,-4.0],[104.15,-5.25]]}},{"type":"Feature","properties":{"level":1016},"geometry":{"type":"LineString","coordinates":[[141.19,-5.25],[141.98,-5.25],[140.5,-4.31],[139.5,-4.01],[138.75,-3.38],[137.5,-3.65],[136.25,-3.45],[136.41,-3.75],[136.25,-3.87],[135.75,-3.76],[135.46,-4.0],[135.75,-4.32],[136.5,-4.13],[137.25,-4.43],[139.25,-4.54],[141.19,-5.25]]}},{"type":"Feature","properties":{"level":1016},"geometry":{"type":"LineString","coordinates":[[102.45,-3.5],[102.61,-3.5],[102.51,-3.0],[101.82,-2.25],[101.73,-1.75],[101.25,-1.47],[101.0,-0.88],[100.59,-0.75],[100.5,0.0],[99.93,0.75],[99.5,0.91],[99.39,0.75],[100.13,0.0],[100.6,-1.25],[102.45,-3.5]]}},{"type":"Feature","properties":{"level":1016},"geometry":{"type":"LineString","coordinates":[[-79.34,-3.0],[-78.5,-2.57],[-78.42,-1.5],[-77.86,-0.5],[-77.86,0.25],[-78.07,0.25],[-78.75,-0.75],[-78.97,-1.25],[-78.7,-2.0],[-79.34,-3.0]]}},{"type":"Feature","properties":{"level":1016},"geometry":{"type":"LineString","coordinates":[[119.4,-3.0],[119.5,-3.23],[120.0,-2.96],[120.25,-2.42],[121.08,-2.25],[120.73,-2.0],[121.23,-1.5],[121.0,-1.43],[120.75,-1.71],[120.25,-1.09],[119.75,-1.23],[119.64,-2.5],[119.18,-2.75],[119.4,-3.0]]}},{"type":"Feature","properties":{"level":1016},"geometry":{"type":"LineString","coordinates":[[35.7,-1.0],[36.0,-1.1],[36.5,-0.74],[36.75,-1.08],[37.0,-0.58],[37.5,-0.45],[37.68,0.0],[37.25,0.29],[36.75,-0.01],[36.5,0.18],[36.0,-0.26],[35.5,0.58],[35.29,-0.75],[35.7,-1.0]]}},{"type":"Feature","properties":{"level":1016},"geometry":{"type":"LineString","coordinates":[[-77.81,0.5],[-77.75,0.35],[-76.97,1.0],[-77.0,1.39],[-77.5,0.92],[-78.0,0.84],[-77.81,0.5]]}},{"type":"Feature","properties":{"level":1016},"geometry":{"type":"LineString","coordinates":[[114.25,1.25],[114.5,1.11],[115.25,1.51],[116.27,1.25],[116.02,2.0],[116.22,2.25],[115.62,2.5],[116.06,4.25],[115.75,4.73],[115.43,4.5],[115.21,3.5],[115.34,3.25],[114.69,2.5],[115.02,2.0],[114.25,1.25]]}},{"type":"Feature","properties":{"level":1016},"geometry":{"type":"LineString","coordinates":[[98.98,1.75],[99.25,1.54],[99.52,1.75],[99.27,2.5],[98.04,3.5],[97.5,4.47],[96.25,5.08],[95.58,5.0],[96.25,4.66],[97.25,3.33],[97.75,3.08],[98.0,3.23],[98.26,2.5],[98.98,1.75]]}},{"type":"Feature","properties":{"level":1016},"geometry":{"type":"LineString","coordinates":[[-76.61,2.0],[-76.5,1.86],[-75.75,2.99],[-75.91,3.25],[-75.61,4.0],[-75.75,4.15],[-76.61,2.0]]}},{"type":"Feature","properties":{"level":1016},"geometry":{"type":"LineString","coordinates":[[-74.52,3.75],[-74.11,3.75],[-73.61,5.0],[-72.75,5.4],[-71.96,6.5],[-72.59,7.25],[-72.82,7.25],[-72.5,6.5],[-72.75,6.02],[-73.8,5.25],[-74.52,3.75]]}},{"type":"Feature","properties":{"level":1016},"geometry":{"type":"LineString","coordinates":[[38.11,5.25],[39.25,5.54],[39.97,6.5],[40.75,6.87],[41.04,7.75],[40.39,7.75],[40.25,8.29],[41.75,8.42],[42.27,8.75],[42.4,9.25],[43.25,9.05],[43.4,9.25],[43.0,9.65],[42.25,9.59],[41.0,9.32],[39.5,8.57],[40.06,10.75],[39.71,12.25],[39.89,14.0],[39.55,15.0],[38.75,15.88],[38.71,14.75],[39.13,14.75],[38.52,14.0],[38.87,13.75],[39.06,13.0],[38.25,12.41],[37.96,12.75],[38.68,13.25],[38.5,13.53],[38.0,13.34],[37.44,12.75],[37.66,12.0],[37.25,11.6],[37.0,11.68],[36.66,11.0],[37.0,10.44],[38.1,10.0],[38.03,9.75],[36.85,10.0],[36.9,9.25],[36.5,9.04],[36.43,8.75],[35.79,8.5],[35.25,7.75],[35.5,7.41],[36.5,7.05],[36.75,7.19],[37.0,6.9],[37.25,6.88],[37.5,7.23],[37.5,6.51],[38.0,6.74],[38.12,6.5],[37.8,5.75],[38.11,5.25]]}},{"type":"Feature","properties":{"level":1016},"geometry":{"type":"LineString","coordinates":[[77.21,9.25],[77.4,10.0],[77.73,10.25],[77.0,10.47],[76.84,10.25],[77.21,9.25]]}},{"type":"Feature","properties":{"level":1016},"geometry":{"type":"LineString","coordinates":[[47.12,10.25],[47.25,10.13],[48.33,10.75],[47.25,10.77],[47.12,10.25]]}},{"type":"Feature","properties":{"level":1016},"geometry":{"type":"LineString","coordinates":[[76.36,11.25],[76.75,11.03],[77.53,11.75],[77.41,12.0],[77.25,12.13],[76.75,11.78],[76.25,11.81],[76.36,11.25]]}},{"type":"Feature","properties":{"level":1016},"geometry":{"type":"LineString","coordinates":[[77.58,12.5],[78.0,12.35],[78.57,12.75],[78.86,13.5],[78.0,13.8],[77.5,13.46],[77.16,13.5],[77.07,13.0],[77.58,12.5]]}},{"type":"Feature","properties":{"level":1016},"geometry":{"type":"LineString","coordinates":[[75.95,12.75],[76.0,12.52],[76.25,12.81],[76.83,12.75],[76.5,13.16],[76.0,13.15],[75.75,13.51],[75.47,13.25],[75.95,12.75]]}},{"type":"Feature","properties":{"level":1016},"geometry":{"type":"LineString","coordinates":[[43.95,13.75],[44.0,13.55],[45.25,13.7],[46.77,14.25],[46.0,14.38],[45.0,15.13],[44.21,16.25],[44.25,16.53],[44.96,16.5],[44.42,17.5],[44.2,19.25],[43.25,19.46],[43.0,19.99],[42.67,20.0],[42.24,20.75],[42.25,21.52],[42.0,21.34],[41.75,21.69],[40.5,21.68],[40.25,21.19],[41.76,19.75],[42.29,18.25],[43.17,17.75],[43.42,16.75],[43.77,16.5],[43.58,15.5],[44.03,14.25],[43.95,13.75]]}},{"type":"Feature","properties":{"level":1016},"geometry":{"type":"LineString","coordinates":[[47.2,14.75],[47.75,14.95],[48.75,14.55],[49.31,15.0],[47.25,15.04],[47.2,14.75]]}},{"type":"Feature","properties":{"level":1016},"geometry":{"type":"LineString","coordinates":[[98.74,15.0],[99.15,15.5],[99.0,16.6],[98.7,16.0],[98.74,15.0]]}},{"type":"Feature","properties":{"level":1016},"geometry":{"type":"LineString","coordinates":[[121.1,16.25],[121.51,16.25],[121.16,16.5],[121.31,17.5],[121.0,18.33],[120.7,16.75],[120.75,16.45],[121.1,16.25]]}},{"type":"Feature","properties":{"level":1016},"geometry":{"type":"LineString","coordinates":[[52.02,16.75],[53.19,16.75],[52.02,16.75]]}},{"type":"Feature","properties":{"level":1016},"geometry":{"type":"LineString","coordinates":[[73.94,17.5],[74.0,17.28],[74.59,17.75],[74.15,18.0],[74.2,18.25],[73.75,18.38],[73.71,17.75],[73.94,17.5]]}},{"type":"Feature","properties":{"level":1016},"geometry":{"type":"LineString","coordinates":[[98.18,17.5],[98.5,17.29],[98.63,17.5],[98.51,18.25],[99.0,19.21],[99.25,18.87],[99.7,19.0],[99.68,19.75],[100.0,20.43],[100.67,20.25],[100.43,19.5],[101.0,19.14],[101.25,18.47],[101.75,18.98],[102.5,18.9],[103.0,18.48],[103.75,18.7],[104.93,17.75],[106.25,17.3],[106.0,19.25],[106.63,20.25],[107.75,20.82],[108.75,20.85],[109.25,20.53],[112.25,21.12],[117.75,20.94],[119.75,21.18],[121.75,20.83],[122.75,21.11],[123.25,21.64],[125.5,22.62],[127.0,24.01],[128.25,24.51],[130.75,26.4],[133.25,26.86],[134.75,27.47],[136.26,28.75],[137.75,29.3],[138.75,29.97],[139.25,30.04],[142.25,29.35],[143.5,28.77],[144.54,29.0],[146.75,30.38],[148.64,31.25],[151.2,33.75],[157.69,37.25],[159.27,39.0],[158.9,39.5],[159.13,40.25],[158.78,40.5],[158.98,42.25],[158.2,43.25],[156.0,44.2],[151.25,44.96],[146.25,44.62],[143.25,44.99],[142.5,44.75],[141.61,45.5],[139.01,46.75],[138.0,46.66],[137.59,47.25],[137.79,47.5],[137.63,48.5],[137.25,48.94],[136.0,48.92],[134.25,49.35],[133.97,49.75],[134.02,50.25],[134.3,50.5],[133.87,51.0],[134.0,51.47],[133.0,51.95],[132.79,52.75],[130.25,53.4],[129.87,53.75],[130.0,54.04],[129.19,54.75],[129.54,55.25],[129.15,55.5],[129.71,56.75],[128.9,57.5],[129.49,58.25],[126.65,59.75],[122.65,62.5],[122.25,63.0],[119.2,64.75],[116.36,67.25],[116.43,67.75],[114.25,68.85],[112.25,68.77],[112.25,69.01],[113.5,69.26],[111.25,69.76],[110.5,69.57],[110.33,69.75],[110.95,70.25],[110.25,70.71],[107.25,71.04],[104.0,71.06],[102.75,70.64],[101.25,70.68],[98.5,70.07],[96.0,70.26],[95.75,69.94],[95.25,70.19],[93.25,70.14],[91.83,69.5],[92.0,69.25],[91.7,69.0],[92.26,68.25],[95.62,67.0],[95.37,66.75],[95.75,66.45],[99.64,65.25],[99.82,64.75],[99.26,64.25],[99.31,64.0],[99.99,62.5],[100.81,62.0],[100.0,60.7],[97.5,60.18],[94.41,59.0],[92.19,58.5],[86.26,57.75],[82.42,55.75],[80.97,54.5],[78.5,53.1],[74.0,51.87],[69.0,50.98],[64.41,51.25],[58.5,53.25],[57.0,54.34],[55.25,54.52],[49.0,56.52],[45.25,57.25],[42.25,58.11],[39.5,58.53],[38.5,58.39],[35.25,58.71],[35.03,58.5],[35.21,58.25],[34.8,58.0],[35.13,57.75],[35.25,58.12],[35.5,58.17],[35.92,57.75],[34.98,57.25],[28.75,56.36],[25.86,55.25],[25.05,54.25],[25.26,52.0],[24.78,51.25],[23.75,50.49],[23.25,50.46],[22.75,49.68],[20.75,49.51],[19.5,49.01],[19.38,47.25],[18.75,46.64],[16.25,46.01],[15.3,46.25],[14.86,47.25],[13.25,47.55],[12.91,47.25],[11.25,47.15],[10.37,46.75],[10.5,46.48],[9.87,46.5],[9.75,46.25],[10.71,45.75],[13.25,45.17],[13.46,44.75],[13.06,44.0],[10.25,44.19],[10.06,43.75],[10.35,43.25],[10.32,42.0],[9.5,41.65],[9.5,42.77],[8.25,42.59],[6.0,40.46],[1.0,38.41],[0.9,37.75],[0.0,37.66],[-0.18,37.5],[0.0,37.05],[-0.75,36.91],[-2.0,36.04],[-2.22,35.75],[-1.93,35.25],[-2.5,34.93],[-2.83,34.25],[-3.5,33.91],[-3.65,34.25],[-3.4,34.5],[-3.39,35.0],[-5.06,35.5],[-5.28,35.75],[-5.25,36.37],[-4.5,36.82],[-2.75,36.64],[-2.25,36.8],[-1.97,37.25],[-1.43,37.5],[-1.25,38.11],[-0.25,38.34],[0.25,38.16],[1.0,38.78],[1.5,38.85],[1.65,39.0],[0.75,40.75],[1.25,41.36],[2.5,41.62],[3.25,42.29],[3.66,42.0],[3.5,41.44],[4.25,41.29],[4.49,41.5],[3.8,43.5],[3.96,44.0],[4.75,44.46],[6.25,43.64],[7.95,44.0],[9.25,44.65],[9.5,45.08],[9.87,45.0],[9.5,45.37],[9.0,45.16],[8.6,45.75],[9.0,45.8],[9.58,46.5],[8.5,47.1],[6.5,46.29],[6.0,46.29],[4.25,45.25],[4.0,45.23],[3.75,45.58],[3.25,45.36],[2.8,46.0],[2.25,46.29],[2.07,45.75],[1.25,45.18],[-0.02,45.75],[0.02,46.25],[0.75,46.74],[2.75,47.9],[3.87,48.25],[3.67,48.75],[4.52,50.25],[4.48,50.75],[5.26,52.25],[4.87,55.0],[4.03,55.75],[3.06,56.0],[0.62,57.5],[-0.82,58.75],[-0.55,59.75],[0.51,61.25],[1.02,62.75],[0.8,63.25],[-2.45,65.5],[-2.83,66.0],[-3.12,67.25],[-3.05,70.5],[-3.27,71.0],[-6.75,73.9],[-10.35,76.0],[-12.5,76.64],[-16.75,77.39],[-18.0,77.89],[-18.75,77.74],[-18.5,78.0],[-19.0,78.13],[-21.0,78.18],[-20.86,78.5],[-21.25,79.16],[-20.48,79.5],[-20.61,79.75],[-20.24,80.25],[-19.75,80.53],[-18.75,80.47],[-18.93,80.75],[-16.75,81.27],[-21.25,81.81],[-21.72,81.75],[-21.59,81.5],[-22.0,81.49],[-23.0,81.97],[-25.25,82.15],[-25.66,82.25],[-24.79,82.5],[-26.25,82.97],[-27.89,83.0],[-26.87,83.25],[-27.51,83.5],[-33.25,83.72],[-41.0,83.71],[-48.25,83.37],[-51.07,83.0],[-52.03,82.5],[-53.25,82.43],[-54.0,82.06],[-55.25,82.3],[-61.0,81.96],[-61.29,82.0],[-61.5,82.4],[-63.25,82.7],[-67.0,82.74],[-68.5,82.98],[-76.25,82.71],[-85.89,82.0],[-85.5,81.62],[-84.5,81.66],[-84.34,81.5],[-84.95,81.25],[-84.75,80.98],[-79.0,80.79],[-77.0,80.37],[-76.5,80.0],[-79.4,79.75],[-78.75,79.52],[-78.0,79.6],[-79.13,79.25],[-78.49,79.0],[-78.7,78.5],[-77.5,78.24],[-74.95,78.75],[-75.91,79.0],[-75.0,79.45],[-71.0,79.88],[-70.5,80.2],[-65.5,81.3],[-64.25,81.25],[-64.17,81.0],[-64.5,80.84],[-66.1,80.5],[-62.4,79.75],[-67.09,78.75],[-68.15,78.25],[-65.25,77.97],[-64.53,77.75],[-64.38,77.25],[-63.75,77.1],[-61.75,77.07],[-54.93,76.25],[-54.48,76.0],[-54.09,75.25],[-52.0,75.04],[-51.84,74.75],[-52.02,74.25],[-50.0,73.83],[-48.5,73.84],[-46.05,74.5],[-46.03,74.75],[-46.25,74.8],[-48.0,74.79],[-49.94,75.25],[-49.69,76.0],[-47.94,76.25],[-38.75,76.15],[-32.37,75.75],[-42.0,75.07],[-43.5,74.81],[-43.3,74.5],[-43.96,74.25],[-44.01,73.75],[-42.25,73.74],[-39.0,73.25],[-39.12,72.5],[-38.05,72.0],[-38.81,71.75],[-39.19,71.25],[-39.12,71.0],[-36.26,68.75],[-35.44,68.5],[-35.94,67.75],[-35.68,67.25],[-34.25,66.91],[-30.75,67.55],[-27.0,67.68],[-23.25,67.21],[-22.05,66.75],[-20.75,66.57],[-19.51,66.0],[-19.96,65.75],[-19.83,65.25],[-20.46,64.5],[-19.25,64.15],[-18.82,63.5],[-17.5,63.44],[-15.97,63.0],[-15.65,61.75],[-15.76,61.0],[-15.11,60.0],[-15.23,59.5],[-14.74,58.0],[-14.76,56.5],[-15.5,55.8],[-20.75,54.7],[-26.75,52.91],[-32.99,49.75],[-37.25,46.98],[-37.52,47.25],[-37.2,47.75],[-38.0,48.21],[-39.25,48.01],[-40.5,48.23],[-43.25,48.04],[-50.0,47.13],[-50.56,47.25],[-50.71,47.75],[-51.5,48.1],[-53.75,47.95],[-55.17,49.0],[-57.75,49.29],[-58.34,49.0],[-59.01,48.25],[-60.61,47.75],[-62.34,46.25],[-65.25,45.3],[-67.79,43.25],[-69.5,42.27],[-72.5,41.52],[-73.0,40.93],[-74.75,40.32],[-76.0,39.26],[-77.5,37.34],[-78.75,36.5],[-80.0,36.07],[-80.75,35.22],[-81.43,35.75],[-80.07,36.75],[-79.87,37.75],[-79.12,38.5],[-78.91,40.0],[-79.42,40.0],[-81.5,37.96],[-81.66,37.5],[-83.14,37.0],[-83.15,36.75],[-82.5,36.71],[-82.39,36.5],[-83.75,35.77],[-84.25,35.0],[-84.51,35.0],[-84.41,34.5],[-83.75,34.48],[-82.5,34.86],[-82.0,35.42],[-81.5,35.46],[-81.25,34.53],[-80.25,34.31],[-80.0,35.04],[-78.27,34.75],[-78.95,34.5],[-78.0,34.46],[-77.93,34.75],[-76.5,34.94],[-76.25,35.19],[-75.25,35.15],[-73.5,35.6],[-71.0,35.14],[-70.75,34.8],[-70.0,34.85],[-69.5,34.51],[-68.75,34.55],[-66.45,33.0],[-64.76,30.25],[-64.62,28.75],[-63.25,26.53],[-62.25,26.03],[-60.03,25.75],[-60.25,25.0],[-58.0,23.83],[-56.5,23.9],[-53.75,25.03],[-51.75,25.35],[-48.5,24.9],[-47.75,24.19],[-47.25,24.35],[-46.5,23.86],[-45.5,23.59],[-45.64,23.25],[-45.29,22.5],[-44.0,21.52],[-43.75,20.67],[-43.0,20.51],[-42.75,19.71],[-42.25,19.8],[-41.25,19.24],[-40.5,18.46],[-40.0,18.77],[-39.5,18.35],[-38.75,18.5],[-38.5,18.8],[-37.75,18.32],[-37.0,18.6],[-36.5,18.13],[-34.75,18.47],[-33.5,17.98],[-33.0,18.3],[-32.25,18.03],[-31.25,18.99],[-30.5,19.28],[-27.25,19.86],[-26.25,20.51],[-25.5,20.61],[-24.5,20.37],[-23.75,20.67],[-21.25,20.96],[-17.25,22.36],[-16.0,23.12],[-15.82,23.0],[-16.03,22.5],[-15.75,21.79],[-13.25,20.71],[-12.7,20.25],[-9.81,21.75],[-10.09,22.0],[-9.99,22.75],[-10.5,23.7],[-13.0,23.73],[-13.57,24.75],[-13.43,25.0],[-12.25,24.96],[-10.61,25.5],[-10.15,26.25],[-10.7,27.25],[-9.75,27.63],[-9.95,28.25],[-9.25,28.99],[-8.25,29.7],[-6.75,30.33],[-6.25,30.17],[-5.0,31.87],[-3.0,32.28],[-1.36,31.75],[-1.41,31.5],[-1.0,31.1],[2.04,30.25],[2.17,29.5],[2.59,29.5],[2.71,29.25],[2.45,29.0],[2.53,28.25],[3.75,27.73],[3.83,28.0],[3.35,28.25],[2.89,29.25],[2.8,30.25],[3.0,30.47],[3.5,30.38],[4.75,30.77],[5.5,30.67],[6.75,29.88],[8.0,27.91],[9.41,27.0],[9.59,26.0],[9.25,25.7],[9.0,26.03],[8.0,25.6],[7.75,25.85],[7.25,25.82],[6.8,25.5],[7.12,24.5],[6.68,24.0],[5.62,24.0],[5.5,24.81],[5.45,23.75],[5.1,23.25],[5.25,22.4],[6.0,22.29],[7.0,22.69],[8.75,22.41],[9.25,22.12],[11.0,22.53],[12.25,21.87],[14.0,22.26],[14.75,22.72],[15.25,22.11],[16.0,21.74],[16.5,20.8],[17.0,20.78],[17.5,20.34],[18.0,20.58],[18.35,19.75],[18.75,19.62],[20.75,21.02],[21.25,21.06],[22.0,21.57],[23.0,21.17],[23.16,21.75],[24.25,22.31],[24.75,22.08],[25.05,21.5],[24.75,21.22],[24.0,21.09],[24.75,20.34],[25.25,20.26],[25.5,20.52],[25.96,20.5],[26.25,20.89],[26.75,20.88],[27.25,21.82],[30.0,24.25],[30.5,25.29],[31.25,24.96],[31.75,25.35],[31.88,25.5],[31.56,26.25],[31.75,26.68],[32.5,26.91],[32.75,27.4],[33.5,26.83],[33.6,27.0],[33.1,27.5],[33.18,28.75],[34.0,28.11],[34.5,28.62],[35.0,28.66],[36.5,27.6],[37.5,26.19],[37.75,26.04],[38.0,26.48],[39.0,26.07],[39.5,26.12],[40.0,25.29],[40.5,26.82],[40.75,26.39],[41.0,26.57],[42.0,26.51],[43.0,26.06],[44.0,26.44],[44.42,27.5],[45.5,28.05],[46.27,29.5],[45.62,31.25],[45.5,33.57],[47.25,32.73],[48.5,32.75],[49.3,32.25],[50.0,30.94],[51.47,29.5],[51.65,28.75],[53.0,28.25],[53.95,27.25],[54.79,27.5],[54.71,27.75],[55.0,28.03],[55.75,28.13],[56.0,27.77],[56.75,27.87],[57.75,28.78],[58.25,28.28],[60.25,27.83],[61.0,27.42],[60.96,27.0],[59.93,26.5],[60.25,26.44],[63.09,26.75],[63.25,27.41],[62.75,27.57],[62.01,28.5],[62.07,28.75],[63.0,29.2],[64.25,29.19],[64.62,29.5],[64.25,30.11],[63.5,30.2],[62.75,29.72],[61.75,29.49],[61.0,29.94],[60.91,31.0],[61.76,32.25],[63.25,32.38],[65.0,32.26],[65.25,31.87],[66.08,32.0],[66.48,31.25],[65.75,28.34],[65.0,27.57],[64.03,27.25],[64.5,26.98],[65.5,27.14],[66.75,28.06],[67.5,30.12],[68.25,30.16],[69.14,30.75],[69.31,31.5],[69.16,32.0],[69.94,32.75],[69.74,33.0],[69.81,33.5],[70.07,33.75],[70.98,33.75],[70.94,34.0],[69.93,34.5],[70.25,34.79],[70.75,34.64],[71.75,34.87],[72.75,34.65],[73.5,33.88],[76.0,32.5],[76.87,31.75],[77.42,30.75],[78.75,30.09],[79.73,29.25],[81.25,29.03],[82.5,28.12],[83.5,27.94],[84.25,28.18],[84.81,28.0],[85.11,27.5],[86.7,27.0],[89.75,26.78],[93.5,27.05],[95.25,28.02],[95.97,28.0],[96.25,27.5],[94.5,26.45],[93.19,25.25],[93.47,24.75],[92.74,23.5],[92.93,22.25],[93.75,20.65],[94.0,20.8],[94.13,21.25],[93.85,22.25],[94.13,24.25],[95.66,26.25],[96.25,26.78],[96.87,26.75],[97.08,26.25],[96.87,25.75],[97.0,25.62],[97.5,25.91],[97.77,25.5],[97.28,23.75],[96.75,23.04],[96.47,23.0],[96.48,22.0],[96.69,21.75],[96.42,20.5],[97.0,18.37],[97.33,18.25],[97.18,19.0],[97.5,19.41],[97.93,19.25],[97.78,18.75],[98.18,17.5]]}},{"type":"Feature","properties":{"level":1016},"geometry":{"type":"LineString","coordinates":[[76.97,17.75],[77.62,17.75],[76.27,18.75],[75.33,18.75],[76.25,17.99],[76.97,17.75]]}},{"type":"Feature","properties":{"level":1016},"geometry":{"type":"LineString","coordinates":[[81.68,17.75],[82.25,17.65],[83.0,18.15],[83.34,19.25],[83.25,19.6],[82.75,19.34],[81.75,20.06],[80.96,19.75],[80.95,19.25],[81.42,19.0],[81.25,18.65],[82.0,18.72],[82.21,18.5],[81.68,17.75]]}},{"type":"Feature","properties":{"level":1016},"geometry":{"type":"LineString","coordinates":[[74.69,18.75],[75.35,19.0],[74.5,19.18],[73.86,19.75],[73.95,19.25],[73.75,19.2],[73.75,18.8],[74.0,19.21],[74.69,18.75]]}},{"type":"Feature","properties":{"level":1016},"geometry":{"type":"LineString","coordinates":[[17.75,21.44],[17.36,22.0],[17.44,22.5],[17.81,22.75],[18.5,22.64],[18.61,22.25],[18.0,21.44],[17.75,21.44]]}},{"type":"Feature","properties":{"level":1016},"geometry":{"type":"LineString","coordinates":[[77.23,21.5],[77.5,21.39],[79.07,22.0],[79.34,22.5],[78.25,22.54],[78.0,21.94],[77.23,21.5]]}},{"type":"Feature","properties":{"level":1016},"geometry":{"type":"LineString","coordinates":[[-15.0,21.59],[-15.0,21.77],[-15.0,21.59]]}},{"type":"Feature","properties":{"level":1016},"geometry":{"type":"LineString","coordinates":[[43.72,21.75],[44.25,21.6],[44.43,22.0],[43.87,22.5],[43.46,23.75],[44.75,23.75],[45.07,24.25],[44.5,25.07],[44.0,24.22],[43.7,24.25],[43.92,24.75],[43.5,25.26],[43.42,25.0],[42.79,24.75],[42.75,24.14],[42.0,24.05],[41.95,23.25],[42.93,23.25],[43.83,22.25],[43.72,21.75]]}},{"type":"Feature","properties":{"level":1016},"geometry":{"type":"LineString","coordinates":[[80.7,22.0],[81.67,22.75],[80.85,23.0],[80.7,22.0]]}},{"type":"Feature","properties":{"level":1016},"geometry":{"type":"LineString","coordinates":[[75.45,22.5],[76.31,22.75],[75.16,22.75],[75.45,22.5]]}},{"type":"Feature","properties":{"level":1016},"geometry":{"type":"LineString","coordinates":[[57.4,23.0],[57.93,23.0],[57.75,23.3],[57.0,23.41],[57.0,23.11],[57.4,23.0]]}},{"type":"Feature","properties":{"level":1016},"geometry":{"type":"LineString","coordinates":[[120.0,23.0],[119.84,23.25],[120.0,23.32],[120.0,23.0]]}},{"type":"Feature","properties":{"level":1016},"geometry":{"type":"LineString","coordinates":[[-8.62,23.25],[-8.22,23.5],[-8.25,23.75],[-8.5,23.61],[-9.0,23.97],[-9.13,23.75],[-8.62,23.25]]}},{"type":"Feature","properties":{"level":1016},"geometry":{"type":"LineString","coordinates":[[-46.52,23.5],[-46.25,23.33],[-46.17,23.5],[-46.25,23.72],[-46.52,23.5]]}},{"type":"Feature","properties":{"level":1016},"geometry":{"type":"LineString","coordinates":[[-7.35,23.5],[-6.8,23.5],[-7.25,23.69],[-7.35,23.5]]}},{"type":"Feature","properties":{"level":1016},"geometry":{"type":"LineString","coordinates":[[-8.25,23.75],[-8.0,23.65],[-7.5,24.19],[-7.0,24.06],[-5.75,24.56],[-5.47,25.0],[-5.9,25.5],[-4.25,25.48],[-3.83,26.0],[-3.88,26.25],[-4.5,26.88],[-6.0,25.93],[-6.5,26.04],[-7.5,25.79],[-8.0,25.28],[-8.38,25.25],[-8.57,24.25],[-8.25,23.75]]}},{"type":"Feature","properties":{"level":1016},"geometry":{"type":"LineString","coordinates":[[-15.25,23.92],[-15.25,24.14],[-15.25,23.92]]}},{"type":"Feature","properties":{"level":1016},"geometry":{"type":"LineString","coordinates":[[2.88,24.5],[3.39,24.5],[3.15,24.75],[3.25,25.24],[4.0,24.89],[5.0,25.58],[5.56,25.5],[5.61,26.0],[5.98,26.25],[6.0,27.08],[5.25,27.44],[4.0,27.25],[3.16,25.75],[3.24,25.25],[2.67,25.0],[2.88,24.5]]}},{"type":"Feature","properties":{"level":1016},"geometry":{"type":"LineString","coordinates":[[-7.25,24.84],[-7.25,25.37],[-6.92,25.0],[-7.25,24.84]]}},{"type":"Feature","properties":{"level":1016},"geometry":{"type":"LineString","coordinates":[[92.17,25.25],[92.96,25.25],[92.25,25.86],[91.25,25.74],[91.05,25.5],[92.17,25.25]]}},{"type":"Feature","properties":{"level":1016},"geometry":{"type":"LineString","coordinates":[[-180.0,25.4],[-178.25,25.87],[-175.21,27.5],[-174.14,28.5],[-173.77,29.25],[-172.61,30.0],[-171.12,31.5],[-170.75,32.33],[-169.01,34.5],[-166.61,36.5],[-163.53,38.25],[-161.37,39.0],[-161.25,39.56],[-159.75,39.91],[-158.93,40.5],[-158.75,41.17],[-158.0,40.9],[-157.0,41.34],[-156.31,42.5],[-155.5,42.6],[-153.75,44.77],[-151.75,45.46],[-149.75,45.91],[-148.45,45.25],[-148.5,44.5],[-149.79,41.5],[-150.05,38.75],[-149.9,36.5],[-149.47,35.0],[-148.27,32.5],[-146.56,31.0],[-145.85,30.0],[-143.75,28.82],[-143.25,28.97],[-142.25,28.43],[-140.25,28.26],[-135.0,29.7],[-133.03,31.25],[-129.25,36.31],[-128.62,37.5],[-127.53,40.75],[-126.7,42.25],[-124.11,44.5],[-123.5,45.46],[-122.81,46.0],[-121.47,46.25],[-121.44,46.75],[-121.08,47.0],[-120.5,48.74],[-120.16,49.0],[-120.64,49.25],[-120.75,49.89],[-119.25,49.62],[-118.0,50.33],[-118.0,49.7],[-117.25,50.12],[-117.25,50.63],[-117.0,50.61],[-116.5,49.91],[-116.34,50.5],[-117.57,51.5],[-117.5,51.76],[-116.25,51.14],[-116.14,51.75],[-116.81,52.0],[-116.5,52.45],[-115.25,51.82],[-114.75,51.88],[-114.75,51.59],[-115.27,51.5],[-114.5,50.86],[-114.0,50.95],[-110.75,50.27],[-109.25,49.57],[-106.75,48.93],[-106.0,48.32],[-105.25,48.2],[-104.5,47.7],[-104.0,47.71],[-103.5,47.45],[-103.0,46.7],[-102.0,46.34],[-101.25,46.56],[-101.03,47.0],[-101.35,47.5],[-100.67,47.75],[-101.47,49.5],[-104.09,51.5],[-107.25,52.31],[-109.5,53.81],[-110.25,53.97],[-110.75,54.95],[-111.84,55.25],[-111.34,55.5],[-112.25,55.76],[-112.75,55.51],[-114.06,56.0],[-114.58,56.5],[-115.5,56.62],[-116.0,57.08],[-116.62,57.0],[-117.0,56.47],[-119.0,56.34],[-119.23,56.25],[-119.04,56.0],[-119.75,55.79],[-121.25,55.98],[-122.71,56.5],[-124.5,58.7],[-125.43,59.25],[-125.46,59.75],[-125.92,60.25],[-127.64,61.0],[-127.22,61.25],[-127.24,61.75],[-127.59,62.0],[-127.5,62.23],[-126.92,62.25],[-127.55,63.0],[-127.42,63.25],[-129.53,63.5],[-129.75,64.14],[-127.5,64.0],[-126.75,63.25],[-125.0,62.57],[-123.0,61.18],[-120.75,61.14],[-118.29,60.25],[-115.75,59.88],[-111.59,59.75],[-111.01,60.0],[-110.88,60.75],[-109.84,61.75],[-109.45,62.75],[-109.05,63.0],[-108.73,63.75],[-108.91,64.5],[-108.73,65.0],[-106.78,67.5],[-106.36,68.5],[-105.75,69.12],[-103.75,69.97],[-103.22,70.5],[-103.09,71.5],[-103.37,72.25],[-104.75,73.52],[-111.54,74.75],[-112.34,75.0],[-112.08,75.25],[-113.5,75.62],[-119.5,76.16],[-123.0,76.86],[-126.32,78.0],[-127.57,78.75],[-127.95,79.25],[-127.71,80.0],[-126.6,80.75],[-122.25,81.68],[-110.75,82.81],[-75.5,84.38],[-64.75,85.08],[-42.5,87.43],[-29.0,88.51],[-10.75,89.14],[13.75,89.43],[77.75,89.45],[114.25,88.92],[127.75,88.14],[151.5,85.5],[180.0,83.57]]}},{"type":"Feature","properties":{"level":1016},"geometry":{"type":"LineString","coordinates":[[45.45,25.5],[46.32,26.0],[46.03,26.5],[46.13,27.0],[45.25,27.51],[44.63,26.75],[45.45,25.5]]}},{"type":"Feature","properties":{"level":1016},"geometry":{"type":"LineString","coordinates":[[57.65,26.75],[57.75,26.53],[58.65,26.75],[57.75,27.1],[57.65,26.75]]}},{"type":"Feature","properties":{"level":1016},"geometry":{"type":"LineString","coordinates":[[59.0,28.39],[57.18,31.25],[57.25,31.88],[58.0,32.04],[58.5,31.82],[58.92,31.0],[59.48,30.5],[59.91,28.5],[59.75,28.29],[59.0,28.39]]}},{"type":"Feature","properties":{"level":1016},"geometry":{"type":"LineString","coordinates":[[-3.92,30.5],[-3.25,30.88],[-3.5,31.64],[-3.83,31.5],[-3.66,31.0],[-3.92,30.5]]}},{"type":"Feature","properties":{"level":1016},"geometry":{"type":"LineString","coordinates":[[86.0,30.59],[85.3,31.0],[86.0,31.25],[86.25,30.78],[86.5,30.95],[86.75,30.8],[87.25,31.1],[88.0,31.02],[88.5,31.44],[88.5,31.88],[87.71,32.0],[88.0,32.27],[88.48,32.25],[88.3,32.5],[88.75,32.8],[88.75,33.16],[87.72,33.0],[87.75,32.51],[87.5,32.66],[87.06,32.5],[87.07,31.75],[85.5,31.88],[84.25,31.04],[83.86,31.25],[84.02,31.75],[83.49,32.25],[83.51,32.5],[84.0,32.78],[85.25,32.45],[86.5,32.9],[87.0,33.63],[88.0,33.83],[88.25,34.4],[89.75,35.4],[91.75,35.59],[92.25,35.45],[92.75,35.76],[94.3,35.5],[94.25,34.75],[92.75,34.52],[93.25,33.92],[92.75,33.85],[92.5,33.5],[91.0,33.64],[89.5,32.64],[89.35,32.5],[89.52,32.0],[90.03,31.5],[89.38,31.25],[89.5,31.0],[89.0,31.1],[88.25,30.74],[86.0,30.59]]}},{"type":"Feature","properties":{"level":1016},"geometry":{"type":"LineString","coordinates":[[-105.8,35.75],[-105.5,35.66],[-105.12,36.25],[-104.87,37.25],[-105.25,37.64],[-105.5,37.65],[-105.52,36.5],[-105.8,35.75]]}},{"type":"Feature","properties":{"level":1016},"geometry":{"type":"LineString","coordinates":[[0.0,35.68],[-0.18,35.75],[0.0,35.86],[0.0,35.68]]}},{"type":"Feature","properties":{"level":1016},"geometry":{"type":"LineString","coordinates":[[-118.6,36.5],[-118.25,36.32],[-118.19,36.5],[-118.75,37.56],[-119.0,37.54],[-118.6,36.5]]}},{"type":"Feature","properties":{"level":1016},"geometry":{"type":"LineString","coordinates":[[-106.38,36.5],[-106.13,36.5],[-106.13,37.0],[-106.54,37.75],[-106.5,38.23],[-107.5,38.45],[-108.79,37.75],[-108.0,37.18],[-107.0,37.38],[-106.36,36.75],[-106.38,36.5]]}},{"type":"Feature","properties":{"level":1016},"geometry":{"type":"LineString","coordinates":[[-7.5,36.43],[-8.07,37.0],[-7.75,37.09],[-7.5,37.66],[-5.74,37.5],[-6.5,36.7],[-7.5,36.43]]}},{"type":"Feature","properties":{"level":1016},"geometry":{"type":"LineString","coordinates":[[1.0,36.68],[0.78,36.75],[0.87,37.0],[2.47,37.75],[3.17,37.25],[3.12,37.0],[2.64,36.75],[1.0,36.68]]}},{"type":"Feature","properties":{"level":1016},"geometry":{"type":"LineString","coordinates":[[96.75,36.87],[95.5,37.35],[95.3,37.5],[95.4,37.75],[96.25,37.9],[97.67,37.25],[97.72,37.0],[96.75,36.87]]}},{"type":"Feature","properties":{"level":1016},"geometry":{"type":"LineString","coordinates":[[79.5,37.18],[78.75,37.69],[77.75,37.73],[77.0,38.11],[77.75,38.84],[78.6,38.5],[78.75,39.05],[78.86,38.5],[79.75,38.5],[79.96,38.25],[79.75,37.28],[79.5,37.18]]}},{"type":"Feature","properties":{"level":1016},"geometry":{"type":"LineString","coordinates":[[4.5,37.63],[4.5,37.86],[4.77,37.75],[4.5,37.63]]}},{"type":"Feature","properties":{"level":1016},"geometry":{"type":"LineString","coordinates":[[-106.47,38.25],[-106.14,38.25],[-106.09,39.0],[-105.49,39.25],[-105.46,40.5],[-105.75,40.76],[-106.06,40.5],[-105.88,40.0],[-107.52,39.25],[-107.25,39.19],[-107.38,38.75],[-106.75,38.73],[-106.38,38.5],[-106.47,38.25]]}},{"type":"Feature","properties":{"level":1016},"geometry":{"type":"LineString","coordinates":[[-6.25,38.47],[-6.44,39.0],[-5.75,39.18],[-5.51,39.0],[-6.25,38.47]]}},{"type":"Feature","properties":{"level":1016},"geometry":{"type":"LineString","coordinates":[[-111.54,38.75],[-111.15,39.5],[-111.25,39.71],[-111.54,38.75]]}},{"type":"Feature","properties":{"level":1016},"geometry":{"type":"LineString","coordinates":[[0.0,39.45],[0.0,40.04],[0.71,39.75],[0.25,39.31],[0.0,39.45]]}},{"type":"Feature","properties":{"level":1016},"geometry":{"type":"LineString","coordinates":[[2.94,39.5],[3.08,39.75],[2.75,39.95],[2.54,39.75],[2.94,39.5]]}},{"type":"Feature","properties":{"level":1016},"geometry":{"type":"LineString","coordinates":[[-111.12,40.5],[-109.46,40.75],[-110.5,41.12],[-111.0,40.91],[-111.12,40.5]]}},{"type":"Feature","properties":{"level":1016},"geometry":{"type":"LineString","coordinates":[[0.25,40.36],[0.25,40.63],[0.42,40.5],[0.25,40.36]]}},{"type":"Feature","properties":{"level":1016},"geometry":{"type":"LineString","coordinates":[[-107.28,40.75],[-106.75,40.52],[-106.5,41.17],[-106.25,41.05],[-106.16,41.5],[-106.5,41.5],[-106.75,41.14],[-107.16,41.25],[-107.28,40.75]]}},{"type":"Feature","properties":{"level":1016},"geometry":{"type":"LineString","coordinates":[[107.5,40.64],[107.34,40.75],[107.5,40.85],[108.34,40.75],[108.25,40.58],[107.5,40.64]]}},{"type":"Feature","properties":{"level":1016},"geometry":{"type":"LineString","coordinates":[[0.25,41.71],[0.42,41.75],[0.25,41.71]]}},{"type":"Feature","properties":{"level":1016},"geometry":{"type":"LineString","coordinates":[[119.0,41.7],[118.38,42.5],[116.75,42.9],[116.0,42.57],[112.5,41.98],[111.96,42.5],[110.5,42.49],[109.25,43.0],[108.25,42.64],[107.25,42.83],[106.25,42.15],[104.65,42.0],[105.29,42.25],[105.0,42.78],[106.25,43.16],[107.25,43.97],[110.0,44.98],[110.6,45.5],[111.75,45.19],[112.25,45.5],[112.75,45.45],[113.0,45.82],[113.75,45.69],[114.0,45.0],[115.26,45.25],[116.75,46.77],[118.0,47.48],[119.0,47.74],[119.5,48.18],[119.97,47.75],[119.09,47.0],[118.99,46.0],[119.49,45.75],[120.25,44.29],[120.75,44.15],[121.75,44.82],[123.0,45.22],[123.75,45.18],[124.85,44.75],[124.73,43.5],[122.3,42.0],[120.5,41.62],[119.5,42.0],[119.0,41.7]]}},{"type":"Feature","properties":{"level":1016},"geometry":{"type":"LineString","coordinates":[[-109.42,42.75],[-108.97,42.75],[-109.96,43.5],[-109.75,43.76],[-109.16,43.75],[-109.32,44.0],[-110.0,44.56],[-110.75,44.35],[-110.75,43.88],[-110.5,44.18],[-110.13,43.75],[-110.5,43.43],[-110.0,43.42],[-109.42,42.75]]}},{"type":"Feature","properties":{"level":1016},"geometry":{"type":"LineString","coordinates":[[180.0,45.99],[178.55,44.75],[173.48,41.25],[168.84,39.0],[166.5,37.46],[164.92,36.75],[163.5,35.62],[163.32,34.75],[162.81,34.0],[163.25,32.09],[163.75,31.15],[166.5,27.93],[168.25,27.0],[172.5,25.66],[178.5,25.25],[180.0,25.4]]}},{"type":"Feature","properties":{"level":1016},"geometry":{"type":"LineString","coordinates":[[105.25,48.94],[104.63,49.25],[104.87,49.75],[104.57,50.0],[105.15,50.5],[104.75,51.12],[103.93,51.25],[105.76,51.5],[106.21,51.75],[105.92,52.0],[106.46,52.5],[107.01,52.5],[107.75,53.01],[108.5,52.71],[109.0,52.84],[111.75,52.39],[111.86,52.0],[112.29,51.75],[111.91,51.25],[112.5,51.27],[112.7,51.0],[112.71,50.25],[111.5,49.38],[110.25,49.43],[110.0,49.75],[109.25,49.55],[109.0,49.94],[108.25,49.3],[107.25,49.42],[107.05,49.25],[107.25,48.91],[106.5,49.21],[105.25,48.94]]}},{"type":"Feature","properties":{"level":1016},"geometry":{"type":"LineString","coordinates":[[-109.4,58.75],[-109.19,58.75],[-109.4,58.75]]}},{"type":"Feature","properties":{"level":1016},"geometry":{"type":"LineString","coordinates":[[-65.8,67.0],[-65.5,66.83],[-64.69,67.0],[-65.75,67.44],[-66.21,67.25],[-65.8,67.0]]}},{"type":"Feature","properties":{"level":1016},"geometry":{"type":"LineString","coordinates":[[100.5,67.44],[100.31,67.5],[100.7,67.75],[100.44,68.0],[101.5,68.3],[102.0,68.17],[102.74,68.5],[101.07,69.5],[103.25,70.34],[103.69,70.0],[103.5,69.71],[105.23,68.75],[105.11,68.5],[104.25,68.18],[103.14,68.25],[103.35,67.75],[102.75,67.32],[100.5,67.44]]}},{"type":"Feature","properties":{"level":1016},"geometry":{"type":"LineString","coordinates":[[113.25,68.48],[113.5,68.65],[113.69,68.5],[113.25,68.48]]}},{"type":"Feature","properties":{"level":1016},"geometry":{"type":"LineString","coordinates":[[109.0,68.99],[107.25,69.27],[107.19,69.5],[110.24,69.5],[109.0,68.99]]}},{"type":"Feature","properties":{"level":1016},"geometry":{"type":"LineString","coordinates":[[-72.23,69.5],[-70.75,69.4],[-69.44,69.75],[-71.0,70.24],[-70.45,70.5],[-70.94,70.75],[-71.75,70.43],[-72.25,70.65],[-71.75,70.9],[-71.75,71.12],[-75.67,71.75],[-75.39,72.0],[-76.25,72.15],[-77.0,72.79],[-78.0,72.17],[-78.84,72.0],[-77.5,71.59],[-77.38,71.5],[-77.69,71.25],[-76.75,70.84],[-75.78,70.75],[-75.25,70.4],[-73.5,70.29],[-72.74,70.0],[-72.85,69.75],[-72.23,69.5]]}},{"type":"Feature","properties":{"level":1016},"geometry":{"type":"LineString","coordinates":[[-73.5,70.95],[-72.75,71.18],[-72.52,71.0],[-73.5,70.95]]}},{"type":"Feature","properties":{"level":1016},"geometry":{"type":"LineString","coordinates":[[-22.25,71.49],[-22.25,71.66],[-22.25,71.49]]}},{"type":"Feature","properties":{"level":1016},"geometry":{"type":"LineString","coordinates":[[-77.5,71.87],[-77.73,72.0],[-76.61,72.0],[-76.75,71.82],[-77.5,71.87]]}},{"type":"Feature","properties":{"level":1016},"geometry":{"type":"LineString","coordinates":[[-22.5,71.81],[-22.61,72.0],[-22.2,72.5],[-22.36,72.75],[-21.97,73.0],[-22.25,73.25],[-20.77,73.5],[-20.75,73.83],[-21.13,73.75],[-19.82,74.5],[-20.67,75.25],[-19.55,75.5],[-19.57,75.75],[-20.0,76.0],[-19.75,76.12],[-18.04,75.5],[-18.61,75.25],[-17.75,75.36],[-15.39,74.25],[-14.94,73.75],[-20.75,71.86],[-22.5,71.81]]}},{"type":"Feature","properties":{"level":1016},"geometry":{"type":"LineString","coordinates":[[-83.65,72.5],[-83.18,72.5],[-83.5,72.65],[-83.65,72.5]]}},{"type":"Feature","properties":{"level":1016},"geometry":{"type":"LineString","coordinates":[[-82.41,72.75],[-81.5,72.65],[-81.23,72.75],[-81.23,73.0],[-82.25,73.16],[-82.41,72.75]]}},{"type":"Feature","properties":{"level":1016},"geometry":{"type":"LineString","coordinates":[[-31.25,73.46],[-32.7,73.75],[-32.83,74.0],[-30.72,73.75],[-31.0,73.26],[-31.25,73.46]]}},{"type":"Feature","properties":{"level":1016},"geometry":{"type":"LineString","coordinates":[[-19.75,76.71],[-19.9,76.75],[-19.37,76.75],[-19.75,76.71]]}},{"type":"Feature","properties":{"level":1016},"geometry":{"type":"LineString","coordinates":[[-80.62,79.25],[-79.55,79.25],[-80.62,79.25]]}},{"type":"Feature","properties":{"level":1016},"geometry":{"type":"LineString","coordinates":[[-76.75,80.71],[-75.13,80.75],[-76.75,80.71]]}},{"type":"Feature","properties":{"level":1016},"geometry":{"type":"LineString","coordinates":[[-59.75,80.7],[-58.08,80.75],[-59.75,80.7]]}},{"type":"Feature","properties":{"level":1016},"geometry":{"type":"LineString","coordinates":[[-86.84,81.0],[-85.95,81.0],[-86.0,81.2],[-87.06,81.25],[-86.84,81.0]]}},{"type":"Feature","properties":{"level":1016},"geometry":{"type":"LineString","coordinates":[[-64.0,81.22],[-64.31,81.5],[-63.93,81.75],[-62.25,81.78],[-61.04,81.5],[-61.75,81.46],[-62.0,81.18],[-62.75,81.52],[-64.0,81.22]]}},{"type":"Feature","properties":{"level":1016},"geometry":{"type":"LineString","coordinates":[[-81.75,81.48],[-81.7,81.75],[-79.35,81.75],[-80.25,81.38],[-81.75,81.48]]}},{"type":"Feature","properties":{"level":1016},"geometry":{"type":"LineString","coordinates":[[-180.0,83.57],[-173.75,82.73],[-164.75,80.93],[-161.31,79.5],[-160.5,78.7],[-160.22,78.0],[-160.32,77.5],[-161.19,76.25],[-164.44,74.0],[-164.98,73.25],[-164.75,72.42],[-163.0,71.49],[-162.83,71.25],[-163.0,71.0],[-164.74,70.75],[-168.3,68.75],[-170.78,66.75],[-172.5,66.38],[-173.22,65.75],[-173.42,65.0],[-173.99,64.5],[-172.72,61.75],[-172.47,60.0],[-172.11,59.25],[-172.3,58.0],[-172.16,57.0],[-172.68,54.75],[-173.7,52.5],[-174.81,51.0],[-177.5,48.04],[-180.0,45.99]]}},{"type":"Feature","properties":{"level":1020},"geometry":{"type":"LineString","coordinates":[[50.05,-87.75],[76.0,-87.87],[101.32,-86.75],[113.45,-85.75],[120.15,-84.5],[119.1,-83.25],[123.44,-82.5],[123.69,-82.25],[122.89,-81.75],[122.89,-81.25],[123.18,-81.0],[121.8,-80.5],[126.53,-79.5],[125.75,-79.17],[125.5,-78.75],[126.51,-78.0],[125.25,-77.64],[124.12,-77.0],[121.75,-76.87],[116.25,-77.24],[107.25,-77.15],[105.75,-77.6],[101.5,-77.22],[94.89,-77.5],[92.75,-78.13],[89.25,-78.49],[87.5,-78.37],[75.75,-79.79],[71.25,-79.77],[67.5,-79.47],[61.75,-79.44],[54.87,-78.25],[50.25,-76.44],[47.5,-75.83],[46.5,-75.89],[45.75,-76.36],[45.5,-77.0],[45.0,-77.41],[43.56,-78.0],[43.67,-78.75],[42.85,-79.25],[42.76,-79.75],[42.74,-81.25],[43.36,-82.0],[43.0,-82.7],[42.31,-83.25],[43.6,-84.5],[47.3,-85.25],[47.74,-85.75],[47.01,-86.0],[49.11,-86.5],[49.32,-86.75],[48.85,-87.25],[50.05,-87.75]]}},{"type":"Feature","properties":{"level":1020},"geometry":{"type":"LineString","coordinates":[[32.38,-76.75],[37.5,-76.99],[38.18,-76.75],[38.0,-76.46],[39.48,-76.25],[27.75,-75.36],[26.82,-75.75],[28.75,-76.4],[32.38,-76.75]]}},{"type":"Feature","properties":{"level":1020},"geometry":{"type":"LineString","coordinates":[[-71.68,-57.25],[-68.75,-57.32],[-64.75,-56.84],[-56.25,-54.45],[-49.39,-53.0],[-46.5,-52.04],[-45.74,-51.25],[-45.92,-48.25],[-45.45,-47.75],[-45.82,-46.5],[-45.7,-46.0],[-45.25,-45.52],[-41.75,-44.3],[-39.92,-44.25],[-39.51,-44.0],[-39.79,-43.75],[-39.0,-43.81],[-37.5,-42.79],[-36.25,-42.33],[-35.75,-41.84],[-31.25,-40.14],[-29.5,-38.94],[-25.5,-37.13],[-22.0,-36.71],[-20.0,-36.93],[-18.86,-36.75],[-18.7,-36.5],[-17.82,-36.25],[-16.77,-34.75],[-17.1,-34.0],[-16.39,-33.0],[-16.43,-32.75],[-15.75,-32.5],[-15.5,-31.93],[-14.63,-31.75],[-14.5,-31.05],[-13.99,-31.0],[-13.84,-30.25],[-13.48,-30.0],[-14.05,-29.5],[-7.0,-29.78],[-0.5,-30.75],[9.0,-33.2],[13.5,-32.93],[13.85,-32.75],[13.85,-32.5],[12.27,-29.25],[11.21,-27.75],[7.5,-23.66],[6.51,-22.75],[3.73,-21.0],[2.0,-20.33],[0.64,-19.5],[-1.0,-19.04],[-3.25,-19.07],[-6.5,-18.71],[-7.0,-18.87],[-8.0,-18.62],[-13.0,-18.73],[-15.0,-18.29],[-17.0,-17.48],[-21.0,-17.79],[-25.75,-19.37],[-29.0,-19.67],[-31.5,-20.46],[-31.9,-21.0],[-33.75,-22.08],[-34.23,-22.75],[-34.39,-24.25],[-34.94,-24.75],[-34.69,-25.25],[-34.81,-26.25],[-34.3,-26.5],[-34.51,-27.0],[-34.29,-27.5],[-34.91,-29.25],[-37.0,-29.78],[-42.0,-29.64],[-44.88,-30.75],[-46.81,-33.0],[-47.76,-35.0],[-50.04,-37.25],[-51.25,-37.9],[-54.5,-38.72],[-56.5,-38.85],[-60.75,-38.35],[-63.5,-37.77],[-64.0,-37.19],[-66.5,-36.1],[-67.0,-35.42],[-67.75,-35.13],[-68.5,-35.74],[-69.25,-35.95],[-69.25,-36.6],[-69.75,-36.32],[-71.48,-37.75],[-73.39,-45.25],[-73.75,-45.86],[-74.86,-46.0],[-75.0,-46.28],[-75.5,-46.38],[-76.02,-45.5],[-76.0,-44.76],[-77.0,-44.38],[-77.78,-43.75],[-81.38,-38.5],[-82.14,-36.25],[-82.74,-32.25],[-83.3,-30.5],[-83.75,-29.94],[-85.4,-29.0],[-86.25,-28.17],[-87.25,-28.11],[-88.5,-26.59],[-89.0,-26.64],[-90.25,-25.83],[-91.0,-25.9],[-91.75,-25.63],[-92.25,-25.99],[-93.0,-25.49],[-92.9,-26.0],[-93.5,-26.1],[-94.25,-26.68],[-95.0,-26.23],[-95.5,-27.03],[-97.0,-26.78],[-98.0,-27.55],[-98.75,-28.41],[-98.75,-28.75],[-99.5,-28.92],[-99.7,-31.75],[-100.85,-34.0],[-100.31,-36.25],[-100.75,-38.7],[-100.69,-40.5],[-99.92,-42.5],[-96.74,-47.0],[-94.5,-49.02],[-91.75,-50.84],[-85.72,-53.75],[-78.5,-56.18],[-71.68,-57.25]]}},{"type":"Feature","properties":{"level":1020},"geometry":{"type":"LineString","coordinates":[[-180.0,-53.93],[-176.5,-52.84],[-172.25,-50.62],[-171.02,-49.75],[-170.52,-49.0],[-170.28,-48.0],[-169.47,-47.5],[-167.75,-47.14],[-156.25,-46.45],[-153.75,-45.83],[-149.14,-44.0],[-147.4,-42.75],[-143.26,-37.0],[-141.75,-36.02],[-140.0,-34.25],[-137.5,-32.39],[-134.22,-30.5],[-133.98,-29.0],[-133.61,-28.5],[-137.0,-25.85],[-141.0,-24.28],[-141.5,-24.31],[-142.5,-23.59],[-143.5,-23.6],[-149.25,-22.25],[-152.0,-22.01],[-153.75,-22.26],[-156.75,-22.13],[-157.5,-22.41],[-158.75,-22.27],[-159.25,-22.5],[-160.0,-22.19],[-161.5,-22.12],[-170.75,-22.58],[-171.25,-22.37],[-172.25,-22.45],[-172.48,-22.75],[-173.5,-22.66],[-174.0,-23.11],[-175.75,-23.55],[-176.5,-24.25],[-177.75,-24.52],[-178.0,-25.02],[-178.75,-24.7],[-180.0,-24.66]]}},{"type":"Feature","properties":{"level":1020},"geometry":{"type":"LineString","coordinates":[[45.29,-52.0],[51.75,-51.65],[61.5,-50.05],[65.75,-49.08],[68.75,-49.06],[69.25,-48.72],[72.5,-48.58],[79.5,-47.79],[83.75,-46.88],[87.11,-45.5],[94.0,-41.47],[101.34,-36.5],[106.91,-33.5],[109.5,-31.5],[110.31,-29.0],[109.73,-27.25],[108.5,-25.25],[108.39,-23.75],[108.09,-22.75],[107.68,-22.5],[107.86,-22.0],[107.64,-21.5],[107.25,-20.87],[106.74,-20.75],[105.0,-19.16],[100.75,-17.65],[99.0,-17.25],[95.25,-17.27],[90.75,-16.68],[89.5,-17.38],[87.0,-16.82],[84.75,-16.8],[77.0,-18.03],[76.25,-17.82],[73.5,-18.28],[71.75,-19.13],[70.0,-18.77],[69.5,-19.14],[69.25,-18.92],[68.75,-19.16],[68.0,-18.97],[67.5,-19.37],[66.25,-19.19],[65.75,-19.85],[65.0,-19.54],[64.5,-20.06],[63.0,-20.48],[62.0,-21.07],[59.0,-21.31],[56.75,-21.87],[56.0,-21.5],[55.0,-21.91],[53.5,-21.22],[52.75,-21.52],[51.75,-21.38],[50.86,-21.75],[50.5,-22.57],[50.0,-22.76],[49.5,-24.5],[48.16,-26.5],[44.47,-30.25],[43.84,-31.25],[42.36,-32.75],[42.12,-33.5],[42.17,-35.5],[43.19,-37.5],[42.75,-37.82],[42.25,-37.78],[41.5,-37.08],[41.0,-37.08],[40.75,-36.71],[40.25,-36.75],[39.5,-35.84],[38.21,-35.25],[36.5,-31.61],[33.64,-28.5],[33.32,-27.5],[33.14,-25.0],[32.67,-23.5],[32.16,-22.75],[32.44,-21.0],[31.8,-20.0],[31.0,-19.29],[30.57,-19.5],[30.51,-20.25],[30.25,-20.36],[29.92,-20.0],[30.36,-19.75],[29.99,-19.5],[29.47,-20.0],[29.5,-21.12],[28.51,-21.75],[28.35,-23.0],[27.73,-24.25],[28.25,-24.59],[28.75,-24.38],[29.43,-24.5],[29.0,-24.75],[28.35,-25.75],[27.66,-28.75],[28.0,-29.65],[28.25,-29.53],[28.5,-29.8],[28.82,-29.25],[29.11,-29.25],[29.0,-30.0],[28.43,-30.25],[29.0,-30.75],[29.0,-31.1],[30.24,-31.5],[29.51,-32.5],[28.5,-34.88],[27.57,-36.0],[27.5,-36.57],[26.28,-37.5],[26.55,-39.25],[26.17,-39.5],[26.25,-39.67],[27.5,-40.74],[29.66,-43.5],[37.25,-49.58],[40.5,-51.11],[45.29,-52.0]]}},{"type":"Feature","properties":{"level":1020},"geometry":{"type":"LineString","coordinates":[[180.0,-37.28],[179.71,-36.5],[180.0,-36.3]]}},{"type":"Feature","properties":{"level":1020},"geometry":{"type":"LineString","coordinates":[[-180.0,-36.3],[-178.25,-34.83],[-176.5,-34.4],[-174.75,-34.78],[-174.32,-35.25],[-174.14,-36.0],[-174.63,-37.0],[-175.75,-37.97],[-177.5,-38.42],[-179.25,-38.11],[-179.79,-37.75],[-180.0,-37.28]]}},{"type":"Feature","properties":{"level":1020},"geometry":{"type":"LineString","coordinates":[[-70.33,-35.5],[-70.0,-35.42],[-69.28,-34.0],[-69.3,-33.0],[-69.93,-32.0],[-69.82,-30.75],[-69.26,-28.75],[-68.38,-27.75],[-68.12,-27.0],[-68.18,-26.25],[-68.5,-26.05],[-68.75,-26.16],[-68.93,-27.0],[-70.07,-28.5],[-70.08,-29.0],[-70.47,-29.5],[-70.32,-30.0],[-70.73,-31.25],[-69.87,-34.5],[-70.43,-35.0],[-70.33,-35.5]]}},{"type":"Feature","properties":{"level":1020},"geometry":{"type":"LineString","coordinates":[[-100.27,-31.0],[-100.0,-31.23],[-99.86,-31.0],[-100.0,-30.8],[-100.27,-31.0]]}},{"type":"Feature","properties":{"level":1020},"geometry":{"type":"LineString","coordinates":[[-35.65,-26.25],[-35.44,-26.25],[-35.65,-26.25]]}},{"type":"Feature","properties":{"level":1020},"geometry":{"type":"LineString","coordinates":[[-35.83,-26.0],[-35.75,-26.13],[-35.75,-25.81],[-35.83,-26.0]]}},{"type":"Feature","properties":{"level":1020},"geometry":{"type":"LineString","coordinates":[[180.0,-24.66],[179.5,-24.68],[179.0,-25.12],[178.06,-25.25],[176.5,-26.55],[176.07,-27.5],[175.09,-28.25],[174.6,-29.0],[174.74,-31.25],[175.4,-35.0],[175.28,-36.5],[175.91,-37.0],[176.0,-37.61],[176.35,-37.75],[177.5,-38.04],[178.25,-37.57],[178.39,-37.75],[178.0,-38.49],[176.5,-39.05],[175.75,-40.0],[174.39,-39.5],[174.25,-38.34],[173.5,-38.44],[172.16,-39.75],[172.36,-41.5],[171.25,-42.3],[169.25,-42.24],[165.75,-43.29],[164.5,-43.27],[162.61,-42.25],[161.3,-41.0],[160.41,-39.25],[160.43,-37.25],[160.84,-35.5],[161.19,-35.0],[161.69,-32.25],[163.51,-29.25],[163.77,-28.0],[163.51,-27.0],[162.95,-26.25],[163.52,-25.5],[163.0,-24.53],[162.5,-23.96],[162.0,-23.95],[161.25,-23.35],[160.0,-22.95],[159.75,-22.62],[156.75,-21.69],[151.0,-20.83],[148.75,-20.25],[148.46,-21.25],[148.79,-22.0],[148.0,-22.06],[147.1,-22.5],[146.55,-23.5],[146.51,-24.25],[147.0,-24.94],[147.71,-25.25],[147.75,-25.5],[147.4,-26.0],[147.32,-27.0],[146.75,-27.84],[144.5,-29.46],[143.0,-29.75],[141.75,-29.55],[141.37,-30.25],[140.75,-30.4],[139.5,-29.94],[139.03,-30.75],[138.92,-31.75],[140.06,-32.75],[140.09,-34.75],[140.67,-36.0],[140.87,-37.25],[141.76,-38.25],[141.76,-39.75],[142.18,-41.25],[144.12,-44.75],[146.97,-47.75],[150.25,-50.0],[154.25,-51.92],[157.19,-53.0],[161.0,-54.07],[164.75,-54.78],[168.5,-55.08],[173.0,-55.03],[176.75,-54.6],[180.0,-53.93]]}},{"type":"Feature","properties":{"level":1020},"geometry":{"type":"LineString","coordinates":[[-67.8,-24.0],[-67.45,-24.0],[-67.14,-23.5],[-67.54,-22.25],[-68.0,-21.86],[-68.25,-22.0],[-67.8,-24.0]]}},{"type":"Feature","properties":{"level":1020},"geometry":{"type":"LineString","coordinates":[[47.38,-21.75],[47.81,-21.5],[47.88,-21.0],[48.25,-20.69],[48.82,-18.75],[49.29,-18.0],[49.22,-16.75],[48.75,-16.29],[48.25,-16.61],[48.0,-16.44],[47.5,-17.07],[47.5,-18.17],[47.2,-18.0],[46.61,-20.0],[46.93,-20.25],[46.69,-20.75],[46.98,-21.5],[47.38,-21.75]]}},{"type":"Feature","properties":{"level":1020},"geometry":{"type":"LineString","coordinates":[[32.44,-20.5],[32.5,-20.74],[32.75,-20.61],[33.0,-19.66],[32.75,-19.77],[32.44,-20.5]]}},{"type":"Feature","properties":{"level":1020},"geometry":{"type":"LineString","coordinates":[[49.1,-15.5],[49.25,-15.68],[49.65,-15.0],[49.25,-14.04],[49.0,-13.94],[49.32,-14.75],[49.1,-15.5]]}},{"type":"Feature","properties":{"level":1020},"geometry":{"type":"LineString","coordinates":[[-75.1,-13.0],[-74.75,-13.2],[-74.67,-13.0],[-75.11,-12.5],[-75.0,-11.85],[-76.5,-10.78],[-76.62,-11.0],[-76.13,-12.0],[-75.1,-13.0]]}},{"type":"Feature","properties":{"level":1020},"geometry":{"type":"LineString","coordinates":[[38.51,6.5],[38.75,6.31],[39.75,6.59],[40.21,7.0],[39.75,7.33],[39.5,7.25],[39.5,8.08],[38.51,6.5]]}},{"type":"Feature","properties":{"level":1020},"geometry":{"type":"LineString","coordinates":[[38.84,9.25],[39.5,9.31],[39.83,10.25],[39.56,12.0],[39.25,12.35],[38.89,11.75],[39.05,11.25],[38.81,11.0],[39.39,10.0],[38.84,9.25]]}},{"type":"Feature","properties":{"level":1020},"geometry":{"type":"LineString","coordinates":[[104.19,23.0],[105.29,23.5],[105.22,24.0],[105.54,24.5],[105.15,25.0],[105.36,25.25],[104.93,25.5],[104.0,25.43],[103.0,25.02],[102.86,24.75],[102.91,24.0],[103.37,23.75],[103.25,23.1],[104.19,23.0]]}},{"type":"Feature","properties":{"level":1020},"geometry":{"type":"LineString","coordinates":[[120.91,23.0],[121.0,22.77],[121.86,24.5],[121.5,24.85],[120.91,23.0]]}},{"type":"Feature","properties":{"level":1020},"geometry":{"type":"LineString","coordinates":[[116.94,24.25],[117.5,24.22],[118.05,24.75],[120.5,26.15],[123.75,27.23],[124.75,28.01],[126.0,28.54],[126.75,29.47],[128.0,30.44],[130.25,30.37],[130.5,30.13],[132.5,31.25],[133.0,31.1],[134.25,32.36],[135.5,32.84],[136.0,33.51],[137.0,34.01],[141.5,33.23],[142.25,33.82],[143.25,33.23],[146.5,34.75],[147.75,35.0],[149.72,36.5],[151.63,39.25],[152.57,40.0],[152.37,40.25],[152.56,41.0],[152.29,41.75],[152.0,41.9],[149.25,42.11],[148.81,42.0],[148.75,41.65],[148.0,41.96],[147.0,40.27],[146.25,40.07],[146.0,40.1],[145.5,40.89],[143.0,41.49],[142.14,42.25],[142.04,43.25],[141.25,42.83],[140.5,43.38],[139.08,43.75],[138.54,44.25],[136.97,45.0],[136.41,45.75],[136.88,46.5],[136.57,46.75],[136.85,47.5],[136.69,47.75],[134.0,48.08],[132.75,48.63],[131.96,49.25],[132.1,49.75],[130.75,50.71],[130.75,51.33],[128.25,52.29],[127.5,52.93],[126.76,54.0],[127.06,54.25],[126.37,55.5],[127.84,56.5],[127.61,57.0],[127.77,57.5],[127.5,57.7],[126.0,58.43],[123.97,59.0],[122.47,60.25],[118.25,62.36],[115.0,63.31],[113.5,64.02],[110.5,64.43],[109.25,64.38],[108.5,63.95],[108.25,64.67],[108.0,64.75],[107.9,64.5],[106.5,64.6],[105.58,64.25],[106.25,63.83],[106.78,64.0],[107.45,63.0],[106.48,62.5],[105.7,61.5],[106.5,59.75],[106.0,59.71],[105.46,58.75],[104.75,58.8],[104.27,58.25],[104.5,57.8],[105.5,57.93],[106.0,57.34],[107.25,56.91],[107.49,55.5],[107.3,55.0],[108.2,55.25],[108.25,55.73],[108.75,55.2],[109.22,56.0],[109.5,56.06],[110.27,56.0],[110.45,55.75],[110.17,55.5],[110.25,55.09],[110.75,55.09],[111.0,55.74],[115.0,55.52],[114.5,55.46],[114.25,54.93],[113.7,54.75],[113.48,54.0],[114.25,53.72],[115.25,53.91],[114.78,52.5],[115.75,51.87],[116.75,51.88],[117.5,51.5],[117.81,51.25],[117.45,51.0],[117.57,50.75],[117.37,50.5],[117.75,50.17],[119.0,49.88],[120.5,49.92],[121.5,49.35],[121.75,49.0],[121.26,48.25],[121.56,47.5],[121.5,47.0],[121.74,46.75],[123.5,46.97],[125.5,46.64],[127.25,46.19],[127.83,45.75],[127.68,45.25],[128.21,45.0],[128.69,45.0],[129.25,45.42],[129.31,45.25],[128.51,44.0],[127.25,43.84],[127.25,43.47],[127.75,43.73],[128.15,43.5],[127.5,43.16],[126.69,43.25],[126.9,42.75],[126.5,42.38],[124.75,41.88],[120.75,39.22],[117.83,38.25],[116.5,37.49],[114.25,35.67],[113.75,35.94],[113.91,37.5],[113.44,38.5],[114.04,39.25],[113.98,39.5],[113.75,39.72],[112.5,39.19],[112.34,39.25],[112.59,39.75],[112.25,40.06],[111.09,38.25],[111.03,37.25],[110.61,36.75],[110.65,35.75],[111.25,35.46],[111.25,35.08],[110.64,34.75],[110.7,34.5],[110.0,34.59],[109.25,34.0],[108.5,33.94],[107.0,34.4],[106.5,36.26],[105.28,36.75],[104.73,38.0],[103.25,38.98],[102.88,39.5],[103.57,40.0],[103.5,40.19],[102.75,40.39],[101.86,41.0],[101.0,41.17],[100.25,41.72],[99.25,41.93],[99.28,42.25],[98.64,42.75],[98.88,43.0],[98.3,43.5],[98.21,44.0],[97.35,44.5],[98.0,44.89],[98.5,44.58],[99.77,44.5],[99.61,44.75],[99.75,44.92],[100.38,45.0],[99.75,45.2],[99.09,46.0],[99.49,46.5],[99.75,46.27],[100.5,46.24],[102.66,47.0],[102.19,47.5],[102.75,47.49],[103.09,47.75],[102.75,48.02],[102.01,48.0],[102.08,48.25],[101.35,49.0],[101.56,49.5],[99.84,50.75],[100.15,51.0],[100.42,52.0],[101.25,52.27],[102.25,52.04],[103.27,52.25],[103.07,53.0],[103.29,53.75],[103.81,54.0],[103.79,54.25],[104.68,55.0],[105.13,56.25],[104.75,56.59],[103.75,55.91],[102.91,56.5],[102.62,57.25],[101.75,57.72],[98.25,58.1],[96.5,57.63],[91.0,56.97],[89.5,56.56],[88.36,56.0],[87.75,55.43],[84.27,54.25],[83.5,53.41],[80.23,52.0],[79.64,51.5],[77.4,51.0],[73.0,50.62],[68.25,49.45],[63.25,49.62],[57.75,50.6],[54.75,50.76],[49.25,52.39],[48.25,52.37],[47.75,53.05],[46.75,53.61],[44.25,54.26],[40.5,54.92],[37.0,54.78],[36.5,54.31],[34.62,53.75],[34.0,53.01],[33.0,53.06],[31.85,52.5],[31.37,50.25],[31.51,50.0],[30.98,49.75],[30.99,49.5],[29.25,47.7],[27.36,45.0],[27.16,44.0],[25.98,43.0],[24.11,43.0],[23.24,43.25],[22.25,43.91],[21.25,43.25],[20.75,43.63],[18.75,44.19],[16.12,44.25],[16.5,43.52],[17.28,43.0],[18.01,42.0],[17.81,39.25],[17.25,38.38],[15.75,37.48],[15.25,37.4],[15.48,38.0],[15.25,38.15],[12.72,38.0],[13.25,37.0],[14.11,36.25],[14.36,33.0],[13.31,32.25],[11.13,31.5],[12.0,29.36],[12.27,29.5],[12.75,28.72],[13.5,28.65],[14.0,27.91],[15.75,27.56],[15.78,27.25],[15.39,26.75],[16.93,26.5],[16.6,26.0],[17.5,25.79],[19.75,27.03],[21.25,26.94],[22.5,27.4],[23.0,27.0],[23.5,27.3],[24.25,27.15],[24.75,27.54],[25.5,27.59],[26.25,28.31],[26.95,28.5],[27.0,28.82],[28.25,28.9],[29.91,29.5],[31.18,30.75],[31.43,31.75],[32.37,33.0],[32.74,34.5],[33.5,34.6],[35.75,36.37],[36.01,35.0],[36.28,34.75],[35.65,34.0],[35.75,33.26],[36.5,33.55],[38.25,33.54],[40.25,32.63],[40.61,33.0],[40.25,33.27],[41.25,33.58],[41.42,33.25],[41.29,32.5],[40.75,32.23],[40.65,31.75],[41.0,31.56],[41.7,32.0],[42.09,33.25],[42.0,33.74],[41.5,33.68],[41.49,34.0],[40.75,34.62],[39.35,34.75],[41.25,35.32],[41.72,35.25],[41.57,34.75],[42.5,34.71],[42.75,35.24],[45.0,35.5],[45.25,35.24],[45.77,35.25],[45.87,34.25],[46.5,33.49],[46.85,33.5],[47.0,33.8],[48.0,33.53],[48.22,33.0],[48.75,33.07],[49.75,32.29],[50.25,31.04],[51.5,30.3],[52.23,29.0],[52.75,28.68],[53.75,29.01],[55.0,28.57],[56.0,28.88],[57.0,28.39],[57.25,28.8],[57.75,28.95],[58.25,28.45],[58.51,28.5],[57.33,30.75],[56.25,31.84],[55.71,31.75],[56.08,31.25],[56.2,30.5],[55.75,30.35],[53.37,32.5],[53.25,33.28],[53.76,33.25],[53.52,33.75],[52.25,34.37],[51.5,34.0],[50.69,34.75],[50.71,35.0],[51.11,35.25],[50.97,35.5],[51.5,35.58],[52.25,35.25],[53.5,35.27],[54.0,35.06],[56.25,35.6],[56.82,35.25],[57.25,34.52],[58.0,34.84],[58.05,34.25],[58.95,32.5],[59.28,32.0],[60.0,31.6],[60.61,32.25],[60.75,33.01],[61.26,33.0],[61.06,33.5],[61.25,33.62],[63.25,33.23],[64.0,32.61],[65.25,32.8],[65.5,33.09],[66.24,32.75],[66.11,32.5],[66.5,32.46],[68.55,33.5],[69.0,33.55],[69.25,33.15],[69.75,33.94],[70.29,34.0],[69.75,34.1],[69.5,34.43],[69.0,33.91],[69.25,35.01],[69.75,34.88],[71.0,35.08],[71.75,35.5],[72.25,35.11],[73.0,35.14],[74.5,33.45],[75.25,33.3],[75.75,32.8],[76.1,32.75],[76.42,32.25],[78.75,30.59],[80.75,29.85],[83.0,28.42],[84.5,28.34],[86.5,27.5],[87.25,27.59],[88.0,27.13],[88.5,27.51],[88.75,27.23],[89.75,26.96],[90.0,27.29],[90.5,27.11],[91.5,27.32],[91.75,26.98],[92.52,27.25],[93.5,28.09],[95.0,28.71],[96.47,28.0],[97.0,27.19],[97.25,27.71],[98.0,27.65],[98.37,26.0],[98.03,25.25],[98.25,25.03],[99.5,25.02],[99.67,25.5],[100.3,26.0],[100.5,26.66],[101.0,26.65],[101.75,27.28],[102.77,27.25],[102.93,28.0],[103.25,27.87],[103.41,28.5],[103.07,29.25],[103.29,29.5],[102.81,30.0],[104.71,32.25],[105.01,32.25],[105.27,32.75],[106.0,33.09],[106.24,32.5],[108.5,31.57],[109.24,31.0],[107.71,29.5],[107.75,29.25],[108.35,29.25],[108.25,28.79],[107.97,28.75],[108.33,28.25],[107.75,28.36],[107.5,28.12],[107.33,27.25],[106.01,26.25],[106.34,26.0],[106.25,25.7],[107.75,25.36],[109.17,25.5],[109.75,25.79],[111.25,24.8],[112.25,24.53],[112.75,24.84],[113.5,24.4],[114.25,24.5],[115.0,24.29],[116.25,24.58],[116.75,24.53],[116.94,24.25]]}},{"type":"Feature","properties":{"level":1020},"geometry":{"type":"LineString","coordinates":[[-30.79,27.0],[-26.75,27.08],[-25.75,26.88],[-24.75,27.06],[-24.0,26.82],[-22.75,26.83],[-21.5,27.52],[-19.0,28.4],[-18.25,28.92],[-17.75,28.42],[-17.0,28.96],[-16.9,28.25],[-16.5,28.09],[-16.24,28.5],[-16.69,28.75],[-16.48,29.5],[-15.25,30.5],[-14.27,31.75],[-13.72,33.0],[-11.73,34.75],[-10.22,39.25],[-9.0,41.27],[-8.5,41.38],[-7.75,40.91],[-7.0,41.11],[-5.0,40.4],[-3.0,41.07],[-1.5,40.17],[-1.0,40.17],[-0.52,40.5],[-1.25,41.47],[-1.82,41.25],[-1.26,42.5],[-0.75,42.75],[0.75,42.68],[1.15,43.0],[-1.5,44.03],[-1.95,44.75],[-2.0,45.5],[-1.68,46.5],[-1.0,47.45],[1.5,49.88],[2.0,50.75],[2.15,52.0],[1.43,53.5],[-2.76,57.5],[-3.75,57.94],[-3.95,58.25],[-6.25,58.91],[-8.25,59.1],[-10.0,58.35],[-11.08,57.5],[-12.21,57.0],[-13.65,55.25],[-14.5,54.62],[-16.75,54.05],[-21.25,53.39],[-25.25,52.08],[-29.59,50.0],[-33.25,47.54],[-35.72,45.0],[-39.0,42.73],[-41.95,40.0],[-42.5,39.01],[-42.55,38.0],[-42.92,37.0],[-42.74,36.0],[-42.98,34.5],[-42.5,33.21],[-41.25,33.07],[-40.25,32.12],[-37.5,31.18],[-36.75,30.69],[-34.85,28.75],[-34.25,27.7],[-33.0,27.24],[-30.79,27.0]]}},{"type":"Feature","properties":{"level":1020},"geometry":{"type":"LineString","coordinates":[[-15.6,28.0],[-15.44,28.0],[-15.6,28.0]]}},{"type":"Feature","properties":{"level":1020},"geometry":{"type":"LineString","coordinates":[[60.89,28.5],[61.25,28.66],[61.04,29.25],[60.25,29.74],[60.11,29.5],[60.89,28.5]]}},{"type":"Feature","properties":{"level":1020},"geometry":{"type":"LineString","coordinates":[[87.75,28.95],[86.78,29.25],[87.48,29.5],[87.25,29.75],[82.75,31.07],[81.69,31.75],[81.5,32.37],[81.0,31.93],[80.79,32.25],[81.2,32.75],[79.75,33.21],[79.46,33.75],[80.5,33.89],[81.0,33.47],[83.0,33.29],[84.25,33.48],[85.0,33.14],[85.5,33.38],[85.88,34.0],[87.5,34.18],[87.39,34.5],[87.63,35.0],[89.25,35.59],[89.75,36.01],[92.25,35.8],[93.25,36.0],[95.0,35.68],[95.18,36.0],[95.0,36.19],[94.08,36.25],[93.53,36.5],[93.5,36.89],[92.03,37.25],[92.0,37.53],[92.61,37.75],[92.0,37.92],[92.02,38.25],[91.75,38.17],[91.65,38.5],[93.25,39.02],[95.25,39.07],[96.5,38.45],[97.0,38.45],[97.25,38.77],[97.75,38.47],[98.5,38.54],[98.72,38.25],[98.5,38.1],[98.25,38.26],[98.1,38.0],[98.25,37.34],[99.5,36.72],[99.75,36.72],[99.75,37.07],[100.25,37.16],[100.65,36.75],[100.59,36.5],[101.07,36.25],[100.75,35.91],[99.5,35.71],[99.0,36.07],[98.5,35.56],[97.59,35.25],[97.98,35.0],[97.75,34.78],[96.25,34.77],[95.75,34.43],[95.5,34.64],[95.45,34.25],[94.75,33.78],[94.0,34.01],[93.94,33.5],[93.5,33.25],[93.55,32.75],[91.75,32.7],[91.42,31.75],[91.92,31.25],[91.75,31.13],[91.0,31.06],[91.07,30.75],[90.5,30.47],[89.0,30.33],[88.75,29.96],[88.5,30.1],[87.89,29.75],[88.0,29.46],[89.25,29.59],[89.6,29.25],[89.51,29.0],[87.75,28.95]]}},{"type":"Feature","properties":{"level":1020},"geometry":{"type":"LineString","coordinates":[[-180.0,29.17],[-178.25,29.83],[-174.6,31.75],[-172.3,33.75],[-171.84,34.5],[-170.09,36.25],[-164.5,40.22],[-163.0,41.56],[-160.75,42.99],[-159.3,43.5],[-158.14,44.75],[-154.75,46.43],[-154.0,46.58],[-153.5,47.01],[-152.25,46.95],[-150.25,47.79],[-147.75,47.44],[-144.5,47.44],[-142.5,47.69],[-142.16,47.5],[-145.0,43.9],[-145.73,42.25],[-145.63,40.25],[-144.5,38.85],[-141.75,37.81],[-137.75,36.86],[-136.0,36.97],[-132.32,38.75],[-130.5,40.54],[-125.68,46.25],[-125.3,48.25],[-126.25,48.91],[-126.53,49.75],[-127.1,50.25],[-125.9,50.25],[-125.06,51.0],[-124.95,51.25],[-125.3,51.5],[-124.17,52.0],[-124.25,52.33],[-122.75,52.34],[-122.16,52.5],[-121.75,53.05],[-121.25,52.71],[-119.0,53.33],[-119.75,53.51],[-120.0,54.0],[-121.75,54.77],[-124.25,54.16],[-125.5,54.65],[-126.73,54.75],[-127.11,56.0],[-126.55,56.5],[-127.2,57.25],[-126.78,57.75],[-126.87,58.0],[-130.5,59.79],[-131.5,59.8],[-131.75,59.59],[-131.17,58.75],[-131.75,58.7],[-132.04,59.25],[-132.87,59.75],[-134.25,59.77],[-134.75,60.11],[-137.0,60.08],[-137.35,60.5],[-138.75,60.41],[-139.0,60.5],[-139.0,60.81],[-140.5,61.18],[-140.8,61.0],[-140.66,60.75],[-141.5,60.66],[-142.0,60.35],[-142.5,61.06],[-143.11,61.0],[-142.73,60.75],[-143.5,60.61],[-144.21,60.75],[-143.76,61.0],[-144.5,61.17],[-145.25,61.22],[-145.32,61.0],[-144.75,60.53],[-144.25,60.67],[-143.5,60.16],[-140.2,59.5],[-139.66,58.75],[-139.71,58.25],[-140.0,58.03],[-141.5,57.71],[-141.79,58.0],[-143.0,58.3],[-146.75,57.81],[-148.28,57.0],[-149.0,56.34],[-151.25,55.42],[-151.89,54.75],[-152.5,54.54],[-156.75,54.21],[-156.75,54.5],[-155.75,54.75],[-155.7,55.5],[-156.24,56.0],[-157.25,56.41],[-157.56,57.0],[-158.47,57.25],[-158.44,57.5],[-157.14,58.5],[-156.75,59.43],[-155.51,60.0],[-154.33,61.0],[-154.01,62.25],[-153.0,62.22],[-152.82,62.5],[-151.48,62.75],[-151.5,63.06],[-150.75,63.02],[-150.0,63.51],[-148.0,63.89],[-144.25,63.57],[-144.17,64.0],[-145.02,64.75],[-144.77,65.0],[-140.75,64.69],[-140.7,65.25],[-139.75,66.39],[-135.25,65.11],[-132.0,65.4],[-128.25,64.96],[-125.25,64.16],[-123.77,64.75],[-124.2,65.0],[-122.75,66.06],[-122.0,65.8],[-117.75,66.49],[-116.5,66.15],[-115.75,66.28],[-115.55,67.0],[-114.57,67.5],[-116.14,69.0],[-116.16,69.5],[-114.0,69.91],[-113.25,70.52],[-110.75,71.42],[-109.78,72.25],[-113.75,73.03],[-117.75,74.25],[-121.55,74.75],[-129.75,76.7],[-137.75,79.67],[-139.76,80.75],[-140.04,81.25],[-138.83,82.5],[-136.75,83.42],[-117.56,86.5],[-116.44,87.0],[-117.5,87.3],[-124.5,87.67],[-148.5,87.83],[-165.56,87.5],[-167.7,87.25],[-169.36,86.75],[-169.69,86.5],[-169.68,86.0],[-169.27,85.75],[-160.0,83.45],[-155.75,82.12],[-154.12,81.25],[-152.75,79.71],[-152.39,78.75],[-153.1,77.5],[-156.77,74.75],[-157.48,73.25],[-158.13,72.5],[-157.72,72.0],[-158.02,71.5],[-158.13,70.5],[-158.55,70.0],[-159.47,69.5],[-162.65,69.0],[-165.02,68.25],[-164.81,67.5],[-165.75,66.25],[-167.5,65.32],[-168.33,64.5],[-168.78,63.0],[-168.63,61.25],[-169.25,60.57],[-169.44,59.75],[-169.22,57.5],[-169.81,56.75],[-170.8,54.0],[-173.61,50.0],[-177.12,46.75],[-180.0,44.47]]}},{"type":"Feature","properties":{"level":1020},"geometry":{"type":"LineString","coordinates":[[27.75,29.17],[28.19,29.25],[27.75,29.17]]}},{"type":"Feature","properties":{"level":1020},"geometry":{"type":"LineString","coordinates":[[54.5,29.94],[54.0,30.56],[53.23,31.0],[53.25,31.53],[53.5,31.54],[54.38,30.75],[54.79,30.0],[54.5,29.94]]}},{"type":"Feature","properties":{"level":1020},"geometry":{"type":"LineString","coordinates":[[-6.73,31.5],[-5.66,31.75],[-5.55,32.25],[-5.75,32.47],[-6.0,32.32],[-6.73,31.5]]}},{"type":"Feature","properties":{"level":1020},"geometry":{"type":"LineString","coordinates":[[41.8,32.0],[42.1,32.0],[41.8,32.0]]}},{"type":"Feature","properties":{"level":1020},"geometry":{"type":"LineString","coordinates":[[79.75,32.46],[79.55,32.75],[79.75,32.91],[80.68,32.5],[79.75,32.46]]}},{"type":"Feature","properties":{"level":1020},"geometry":{"type":"LineString","coordinates":[[7.07,35.0],[7.75,35.14],[8.0,34.97],[8.15,35.25],[7.0,35.34],[6.25,35.67],[5.79,35.5],[6.25,35.01],[7.07,35.0]]}},{"type":"Feature","properties":{"level":1020},"geometry":{"type":"LineString","coordinates":[[108.44,35.0],[108.75,34.92],[109.5,35.49],[110.5,35.47],[110.42,36.25],[109.5,36.61],[108.5,36.47],[108.33,36.25],[108.62,35.75],[108.32,35.5],[108.44,35.0]]}},{"type":"Feature","properties":{"level":1020},"geometry":{"type":"LineString","coordinates":[[103.5,35.47],[103.0,35.65],[102.68,36.25],[103.0,36.64],[104.0,36.63],[104.25,36.99],[105.0,36.5],[104.37,36.25],[103.84,35.75],[103.89,35.5],[103.5,35.47]]}},{"type":"Feature","properties":{"level":1020},"geometry":{"type":"LineString","coordinates":[[-60.92,36.25],[-60.5,36.12],[-60.06,36.5],[-60.0,36.92],[-59.83,36.5],[-59.5,36.65],[-59.25,36.1],[-59.0,36.18],[-58.75,36.99],[-57.25,36.95],[-56.75,37.59],[-55.75,38.18],[-55.25,37.94],[-54.75,38.64],[-54.5,38.41],[-53.75,38.75],[-53.37,39.25],[-52.25,38.76],[-51.86,39.25],[-52.38,40.0],[-52.32,40.25],[-50.5,40.11],[-50.27,40.25],[-50.59,40.75],[-50.31,41.0],[-49.0,40.88],[-48.5,40.31],[-48.35,41.0],[-48.93,41.5],[-48.75,41.64],[-47.75,40.89],[-47.25,40.83],[-46.86,41.5],[-46.0,42.03],[-45.75,41.74],[-45.25,42.04],[-45.0,42.58],[-43.25,43.1],[-43.17,43.75],[-43.5,43.91],[-46.25,43.6],[-48.25,43.7],[-50.75,44.29],[-52.5,44.42],[-55.5,44.14],[-56.0,44.37],[-57.5,44.31],[-59.25,43.3],[-63.5,42.15],[-64.1,41.75],[-64.25,41.18],[-65.29,40.75],[-67.72,39.0],[-67.75,38.43],[-67.0,38.19],[-66.5,37.57],[-66.25,38.02],[-65.75,38.07],[-65.25,36.77],[-64.75,37.09],[-63.75,36.42],[-63.25,36.7],[-62.5,36.43],[-61.98,36.5],[-61.5,36.97],[-61.25,36.93],[-60.92,36.25]]}},{"type":"Feature","properties":{"level":1020},"geometry":{"type":"LineString","coordinates":[[80.75,36.2],[80.5,36.58],[80.0,36.43],[78.25,37.03],[76.75,37.25],[76.12,38.0],[76.44,38.25],[76.28,38.5],[74.96,39.5],[77.5,40.53],[79.5,40.83],[79.62,41.0],[79.16,41.25],[79.5,41.55],[84.5,42.02],[85.88,41.75],[86.68,41.25],[86.75,40.95],[85.95,40.75],[86.99,40.25],[86.7,39.75],[88.25,39.55],[88.63,39.25],[85.5,37.51],[81.75,36.31],[80.75,36.2]]}},{"type":"Feature","properties":{"level":1020},"geometry":{"type":"LineString","coordinates":[[-56.32,37.25],[-56.16,37.25],[-56.32,37.25]]}},{"type":"Feature","properties":{"level":1020},"geometry":{"type":"LineString","coordinates":[[-108.32,37.5],[-107.5,37.43],[-107.25,37.99],[-106.9,38.0],[-108.25,37.91],[-108.32,37.5]]}},{"type":"Feature","properties":{"level":1020},"geometry":{"type":"LineString","coordinates":[[-55.87,37.75],[-55.67,37.75],[-55.87,37.75]]}},{"type":"Feature","properties":{"level":1020},"geometry":{"type":"LineString","coordinates":[[-56.75,37.83],[-56.75,38.11],[-56.75,37.83]]}},{"type":"Feature","properties":{"level":1020},"geometry":{"type":"LineString","coordinates":[[15.52,38.0],[16.0,37.77],[16.87,39.0],[16.84,39.5],[16.32,39.75],[16.46,40.0],[16.0,40.74],[15.0,41.26],[14.75,41.13],[14.36,41.75],[13.18,42.75],[12.98,42.0],[13.25,41.63],[14.35,41.25],[14.63,41.0],[14.5,40.66],[15.75,39.77],[16.04,38.75],[15.52,38.0]]}},{"type":"Feature","properties":{"level":1020},"geometry":{"type":"LineString","coordinates":[[-53.75,39.46],[-53.75,39.65],[-53.75,39.46]]}},{"type":"Feature","properties":{"level":1020},"geometry":{"type":"LineString","coordinates":[[93.0,39.74],[91.25,40.08],[90.94,40.25],[91.0,40.5],[91.75,40.39],[92.5,40.84],[93.0,40.83],[94.25,40.33],[94.41,40.0],[94.25,39.73],[93.0,39.74]]}},{"type":"Feature","properties":{"level":1020},"geometry":{"type":"LineString","coordinates":[[92.25,42.45],[92.09,42.75],[92.25,42.83],[92.63,42.5],[92.25,42.45]]}},{"type":"Feature","properties":{"level":1020},"geometry":{"type":"LineString","coordinates":[[89.0,42.72],[89.42,42.75],[89.0,42.72]]}},{"type":"Feature","properties":{"level":1020},"geometry":{"type":"LineString","coordinates":[[22.07,44.5],[24.25,44.7],[25.75,45.09],[26.5,45.37],[26.61,45.75],[25.92,47.0],[25.5,47.19],[25.15,47.0],[25.42,46.5],[25.06,46.0],[25.23,45.75],[23.5,45.82],[22.0,45.05],[22.07,44.5]]}},{"type":"Feature","properties":{"level":1020},"geometry":{"type":"LineString","coordinates":[[180.0,44.47],[170.7,37.25],[169.18,35.0],[169.28,34.25],[168.75,33.87],[168.68,33.5],[168.79,32.75],[169.44,31.5],[170.75,30.88],[176.0,29.06],[179.0,28.97],[180.0,29.17]]}},{"type":"Feature","properties":{"level":1020},"geometry":{"type":"LineString","coordinates":[[-124.53,50.75],[-124.25,50.6],[-123.62,50.75],[-124.75,51.11],[-124.53,50.75]]}},{"type":"Feature","properties":{"level":1020},"geometry":{"type":"LineString","coordinates":[[-129.5,51.02],[-129.88,51.75],[-129.25,51.97],[-128.89,51.75],[-129.04,51.25],[-129.5,51.02]]}},{"type":"Feature","properties":{"level":1020},"geometry":{"type":"LineString","coordinates":[[-146.75,56.24],[-147.0,56.5],[-146.75,56.89],[-146.0,56.98],[-145.65,56.75],[-146.12,56.25],[-146.75,56.24]]}},{"type":"Feature","properties":{"level":1020},"geometry":{"type":"LineString","coordinates":[[-11.78,63.75],[-10.5,63.64],[-9.36,64.25],[-12.0,65.28],[-13.25,65.04],[-13.75,65.33],[-14.25,65.08],[-14.5,65.2],[-14.25,64.66],[-13.5,64.64],[-11.78,63.75]]}},{"type":"Feature","properties":{"level":1020},"geometry":{"type":"LineString","coordinates":[[-9.26,64.0],[-9.0,63.75],[-8.6,64.0],[-9.26,64.0]]}},{"type":"Feature","properties":{"level":1020},"geometry":{"type":"LineString","coordinates":[[-17.44,64.25],[-15.72,64.25],[-17.0,64.66],[-17.7,64.5],[-17.44,64.25]]}},{"type":"Feature","properties":{"level":1020},"geometry":{"type":"LineString","coordinates":[[-15.6,64.5],[-15.0,64.6],[-14.96,65.0],[-14.52,65.25],[-14.71,65.5],[-15.25,65.21],[-16.78,65.0],[-16.25,64.7],[-15.39,64.75],[-15.6,64.5]]}},{"type":"Feature","properties":{"level":1020},"geometry":{"type":"LineString","coordinates":[[-14.87,64.5],[-14.58,64.5],[-14.87,64.5]]}},{"type":"Feature","properties":{"level":1020},"geometry":{"type":"LineString","coordinates":[[109.49,65.5],[111.91,65.5],[111.66,66.0],[111.25,66.08],[110.0,65.84],[109.49,65.5]]}},{"type":"Feature","properties":{"level":1020},"geometry":{"type":"LineString","coordinates":[[-33.7,68.25],[-32.5,68.26],[-32.25,68.73],[-31.7,68.75],[-31.73,69.0],[-32.5,69.02],[-32.6,69.25],[-31.75,69.43],[-30.97,69.25],[-30.75,68.87],[-31.11,68.75],[-30.5,68.65],[-29.75,69.09],[-28.5,68.72],[-27.98,69.0],[-29.0,69.67],[-30.5,70.0],[-31.5,69.92],[-32.28,70.25],[-31.75,70.62],[-30.75,70.59],[-30.25,70.12],[-27.75,70.33],[-27.57,70.25],[-27.96,70.0],[-27.75,69.97],[-27.49,70.0],[-27.25,70.48],[-25.75,70.99],[-27.15,71.25],[-25.67,71.5],[-26.55,71.75],[-26.68,72.0],[-26.0,71.98],[-25.79,72.25],[-26.96,73.0],[-26.5,73.23],[-25.5,73.07],[-25.25,73.25],[-26.25,73.29],[-26.43,73.5],[-26.0,73.81],[-24.83,74.0],[-25.23,74.25],[-25.0,74.48],[-23.76,74.5],[-23.86,75.0],[-23.29,75.25],[-23.58,76.0],[-23.37,76.25],[-24.75,76.5],[-24.02,77.0],[-24.1,77.25],[-24.76,77.5],[-24.69,77.75],[-23.01,78.5],[-24.25,79.05],[-26.61,79.5],[-26.94,80.0],[-28.75,80.84],[-34.97,81.5],[-34.0,82.07],[-32.74,82.25],[-35.25,82.33],[-36.9,82.25],[-35.72,82.0],[-36.25,81.77],[-41.5,81.81],[-48.5,80.76],[-48.69,80.5],[-54.25,80.05],[-60.5,79.03],[-61.9,79.25],[-64.91,78.5],[-59.75,77.32],[-55.75,76.99],[-51.0,76.13],[-45.0,76.67],[-27.25,75.79],[-26.09,75.25],[-29.0,74.53],[-30.0,74.6],[-30.55,75.0],[-31.5,75.1],[-33.0,75.18],[-34.5,74.82],[-35.5,75.05],[-36.74,75.0],[-36.5,74.73],[-33.25,74.67],[-30.25,74.0],[-30.45,73.5],[-29.56,72.75],[-30.5,72.53],[-31.25,73.01],[-34.0,73.36],[-34.37,73.0],[-34.25,72.75],[-34.83,72.5],[-33.88,71.75],[-33.95,71.5],[-35.25,71.63],[-37.6,71.25],[-37.83,70.75],[-36.0,69.09],[-33.7,68.25]]}},{"type":"Feature","properties":{"level":1020},"geometry":{"type":"LineString","coordinates":[[96.62,69.0],[97.0,68.82],[97.57,69.0],[96.46,69.25],[96.62,69.0]]}},{"type":"Feature","properties":{"level":1020},"geometry":{"type":"LineString","coordinates":[[-27.61,69.5],[-25.25,69.32],[-24.09,69.75],[-24.5,70.03],[-25.5,69.7],[-26.5,69.95],[-27.61,69.5]]}},{"type":"Feature","properties":{"level":1020},"geometry":{"type":"LineString","coordinates":[[-41.18,82.25],[-39.32,82.25],[-41.18,82.25]]}},{"type":"Feature","properties":{"level":1024},"geometry":{"type":"LineString","coordinates":[[58.13,-87.75],[74.75,-87.7],[86.25,-87.33],[101.52,-86.5],[111.74,-85.5],[112.69,-85.25],[112.41,-84.75],[109.58,-84.0],[112.98,-83.5],[112.69,-83.25],[110.12,-83.0],[109.91,-82.75],[110.5,-82.43],[111.75,-82.26],[115.75,-82.62],[118.14,-82.5],[118.56,-82.25],[117.0,-81.9],[116.79,-81.75],[117.14,-81.25],[116.35,-80.75],[117.33,-80.0],[121.63,-78.75],[120.71,-78.25],[121.6,-78.0],[121.76,-77.75],[120.5,-77.5],[120.5,-77.23],[109.0,-77.33],[107.5,-77.42],[106.25,-78.05],[104.5,-77.53],[102.5,-77.41],[96.0,-77.89],[93.25,-78.55],[91.0,-78.82],[79.82,-79.5],[75.0,-80.28],[71.5,-80.02],[61.75,-79.93],[53.25,-78.58],[48.0,-76.81],[46.75,-76.92],[45.5,-77.83],[44.21,-78.0],[44.07,-79.0],[43.26,-79.75],[44.13,-81.0],[46.61,-82.0],[46.6,-82.25],[51.96,-83.0],[51.65,-83.25],[52.32,-83.5],[48.27,-83.75],[48.85,-84.0],[47.75,-84.21],[47.44,-84.5],[61.09,-86.25],[60.82,-86.5],[54.03,-87.0],[54.96,-87.5],[58.13,-87.75]]}},{"type":"Feature","properties":{"level":1024},"geometry":{"type":"LineString","coordinates":[[88.0,-84.26],[89.75,-84.25],[88.0,-84.26]]}},{"type":"Feature","properties":{"level":1024},"geometry":{"type":"LineString","coordinates":[[67.75,-84.0],[64.19,-83.75],[64.01,-83.5],[67.59,-83.5],[72.78,-84.0],[67.75,-84.0]]}},{"type":"Feature","properties":{"level":1024},"geometry":{"type":"LineString","coordinates":[[90.25,-84.0],[97.0,-83.46],[104.5,-83.29],[106.03,-83.5],[104.0,-83.74],[90.25,-84.0]]}},{"type":"Feature","properties":{"level":1024},"geometry":{"type":"LineString","coordinates":[[35.38,-76.75],[36.81,-76.5],[31.0,-75.88],[28.5,-75.79],[28.29,-76.0],[31.75,-76.52],[35.38,-76.75]]}},{"type":"Feature","properties":{"level":1024},"geometry":{"type":"LineString","coordinates":[[-71.49,-55.5],[-69.4,-55.5],[-68.22,-54.5],[-69.04,-54.0],[-68.0,-53.43],[-65.84,-53.5],[-65.6,-53.75],[-65.89,-54.25],[-66.68,-54.5],[-67.0,-54.92],[-67.5,-54.75],[-67.75,-55.0],[-67.25,-55.22],[-65.75,-55.16],[-62.25,-54.46],[-55.67,-52.5],[-52.47,-51.0],[-51.0,-49.75],[-50.89,-49.0],[-51.83,-47.25],[-52.91,-46.5],[-53.18,-45.5],[-52.92,-45.0],[-53.08,-44.75],[-52.0,-44.14],[-51.0,-43.09],[-48.85,-41.75],[-50.0,-40.9],[-51.25,-41.38],[-52.0,-41.25],[-51.86,-41.0],[-52.75,-40.64],[-54.25,-40.96],[-57.5,-40.7],[-59.0,-40.28],[-61.16,-40.25],[-64.5,-39.13],[-65.25,-39.12],[-67.75,-37.59],[-68.25,-37.83],[-68.5,-37.44],[-69.0,-37.88],[-69.5,-37.41],[-70.13,-38.5],[-70.68,-38.5],[-70.56,-39.5],[-71.5,-39.89],[-71.72,-41.25],[-71.4,-41.75],[-71.5,-42.02],[-72.07,-42.0],[-71.84,-42.5],[-72.16,-43.25],[-72.0,-43.47],[-71.75,-43.38],[-71.5,-42.91],[-71.25,-43.5],[-72.25,-44.33],[-71.75,-44.34],[-70.52,-43.75],[-70.25,-43.33],[-70.15,-43.5],[-70.41,-45.5],[-71.19,-46.0],[-70.82,-46.5],[-71.75,-46.64],[-71.75,-45.79],[-72.75,-45.72],[-73.13,-46.5],[-73.5,-46.6],[-73.68,-47.0],[-73.5,-47.46],[-73.21,-47.5],[-72.59,-47.0],[-72.9,-46.5],[-72.75,-46.4],[-72.41,-46.5],[-72.0,-47.11],[-70.86,-47.25],[-70.39,-47.75],[-70.25,-48.33],[-69.8,-48.75],[-70.27,-49.5],[-71.37,-50.0],[-70.43,-50.25],[-70.3,-50.75],[-71.0,-51.56],[-71.4,-51.25],[-72.27,-51.25],[-72.48,-51.0],[-71.75,-50.91],[-71.59,-50.5],[-72.75,-50.01],[-72.5,-49.75],[-72.06,-49.75],[-72.75,-49.31],[-72.71,-48.75],[-73.25,-48.35],[-73.96,-48.75],[-74.09,-50.5],[-75.0,-51.05],[-76.3,-50.0],[-77.89,-48.25],[-87.5,-35.15],[-89.25,-34.05],[-91.25,-33.55],[-92.5,-33.86],[-93.0,-33.75],[-94.0,-34.35],[-94.75,-35.3],[-95.07,-35.25],[-95.25,-34.26],[-95.68,-35.25],[-96.5,-36.18],[-97.09,-37.75],[-96.92,-41.0],[-96.12,-43.0],[-94.78,-45.0],[-91.75,-48.05],[-89.75,-49.62],[-87.79,-50.75],[-81.5,-53.26],[-76.25,-54.71],[-71.49,-55.5]]}},{"type":"Feature","properties":{"level":1024},"geometry":{"type":"LineString","coordinates":[[-180.0,-52.21],[-177.39,-51.0],[-175.34,-49.0],[-175.74,-47.75],[-177.48,-46.0],[-180.0,-44.78]]}},{"type":"Feature","properties":{"level":1024},"geometry":{"type":"LineString","coordinates":[[44.14,-50.25],[47.25,-50.44],[50.0,-50.25],[57.75,-48.83],[62.25,-47.74],[70.25,-47.64],[76.5,-47.18],[80.25,-46.58],[83.25,-45.61],[87.0,-43.7],[97.5,-36.39],[102.75,-33.06],[104.47,-30.75],[104.8,-29.75],[104.75,-28.2],[103.0,-26.52],[101.25,-25.82],[100.75,-25.88],[100.26,-25.5],[99.75,-25.5],[97.75,-24.31],[94.75,-23.73],[92.75,-22.76],[92.25,-22.86],[91.25,-22.43],[90.0,-22.24],[88.75,-22.52],[88.25,-22.38],[87.25,-22.8],[83.11,-23.0],[80.05,-24.25],[78.25,-24.3],[76.33,-25.5],[75.25,-25.77],[74.0,-26.63],[73.25,-26.66],[70.75,-27.76],[67.5,-28.56],[66.0,-28.77],[64.5,-28.66],[63.25,-29.07],[61.25,-29.16],[57.25,-28.73],[55.75,-28.23],[52.0,-28.79],[50.5,-29.36],[48.29,-31.0],[46.81,-32.75],[45.8,-35.0],[45.92,-37.0],[46.95,-39.5],[48.5,-40.85],[49.8,-42.5],[49.25,-42.89],[47.75,-42.52],[40.0,-39.05],[38.75,-38.78],[37.5,-37.95],[36.5,-37.68],[35.75,-37.04],[34.25,-37.03],[33.25,-36.73],[32.75,-36.88],[31.2,-38.5],[31.25,-39.28],[30.75,-39.97],[30.49,-40.0],[30.67,-41.25],[31.53,-42.5],[32.75,-43.77],[38.0,-47.83],[41.0,-49.39],[44.14,-50.25]]}},{"type":"Feature","properties":{"level":1024},"geometry":{"type":"LineString","coordinates":[[-169.34,-45.0],[-164.25,-45.1],[-159.75,-44.79],[-156.75,-44.12],[-153.0,-42.31],[-150.29,-40.0],[-148.75,-37.94],[-147.4,-35.25],[-145.49,-32.25],[-145.0,-30.97],[-144.66,-30.75],[-144.75,-29.27],[-146.23,-27.75],[-148.25,-26.67],[-149.75,-26.15],[-153.5,-25.6],[-158.25,-25.48],[-161.25,-26.12],[-162.5,-26.04],[-163.75,-26.68],[-166.5,-26.71],[-167.25,-27.11],[-168.75,-28.74],[-169.42,-30.25],[-169.54,-32.25],[-170.05,-34.5],[-170.89,-36.0],[-172.42,-38.25],[-176.04,-41.5],[-176.69,-42.5],[-176.24,-43.5],[-175.77,-43.75],[-173.25,-44.43],[-169.34,-45.0]]}},{"type":"Feature","properties":{"level":1024},"geometry":{"type":"LineString","coordinates":[[180.0,-44.78],[176.5,-43.76],[175.66,-43.25],[175.07,-42.0],[175.38,-41.5],[175.25,-41.23],[173.75,-41.96],[172.75,-41.96],[169.5,-44.08],[169.0,-44.12],[168.0,-44.82],[167.5,-44.88],[166.75,-46.25],[165.54,-46.0],[161.97,-43.5],[159.64,-41.25],[158.71,-39.25],[158.32,-37.5],[158.09,-33.5],[158.58,-30.5],[157.92,-29.0],[157.5,-28.23],[156.0,-26.82],[153.25,-25.43],[152.5,-25.43],[152.0,-25.74],[152.07,-26.5],[151.75,-26.59],[151.61,-27.25],[151.04,-27.5],[151.08,-28.0],[151.65,-28.75],[151.56,-30.25],[151.19,-30.25],[150.94,-29.5],[151.06,-28.75],[150.5,-28.48],[150.25,-28.58],[146.62,-31.75],[145.87,-33.0],[144.68,-33.75],[143.83,-35.0],[143.4,-37.0],[143.75,-37.35],[144.53,-37.5],[144.85,-39.5],[144.54,-40.75],[145.5,-41.76],[146.75,-41.9],[147.33,-42.25],[147.59,-42.75],[146.94,-44.0],[147.5,-45.07],[151.5,-48.67],[154.03,-50.25],[156.96,-51.5],[160.5,-52.58],[167.5,-53.74],[173.75,-53.6],[177.25,-53.03],[180.0,-52.21]]}},{"type":"Feature","properties":{"level":1024},"geometry":{"type":"LineString","coordinates":[[-42.58,-38.75],[-41.25,-38.71],[-40.5,-38.31],[-40.5,-37.92],[-39.25,-37.25],[-37.29,-37.25],[-37.0,-36.82],[-35.05,-36.25],[-31.21,-34.5],[-30.75,-34.1],[-29.96,-34.0],[-29.65,-33.5],[-30.02,-33.0],[-29.48,-32.5],[-30.09,-32.25],[-30.25,-31.94],[-30.75,-32.01],[-31.0,-31.76],[-32.0,-31.94],[-33.0,-31.67],[-33.5,-32.12],[-35.25,-32.32],[-35.75,-32.58],[-36.75,-32.53],[-39.25,-33.28],[-40.06,-34.0],[-42.25,-34.86],[-42.5,-35.4],[-42.75,-35.29],[-43.16,-35.75],[-42.66,-36.5],[-42.53,-38.0],[-42.15,-38.25],[-42.58,-38.75]]}},{"type":"Feature","properties":{"level":1024},"geometry":{"type":"LineString","coordinates":[[-43.37,-38.5],[-43.0,-38.66],[-42.56,-38.5],[-43.25,-38.15],[-43.37,-38.5]]}},{"type":"Feature","properties":{"level":1024},"geometry":{"type":"LineString","coordinates":[[-95.05,-34.0],[-95.0,-34.21],[-95.05,-34.0]]}},{"type":"Feature","properties":{"level":1024},"geometry":{"type":"LineString","coordinates":[[-69.79,-34.0],[-69.5,-34.16],[-69.4,-34.0],[-69.74,-33.75],[-69.44,-33.0],[-69.75,-32.36],[-70.25,-32.07],[-69.79,-34.0]]}},{"type":"Feature","properties":{"level":1024},"geometry":{"type":"LineString","coordinates":[[-70.36,-31.75],[-70.25,-31.94],[-69.95,-31.75],[-69.93,-30.75],[-69.67,-30.5],[-69.34,-28.75],[-69.11,-28.5],[-69.25,-28.25],[-69.89,-28.5],[-69.92,-29.0],[-70.36,-29.5],[-70.14,-30.0],[-70.59,-31.25],[-70.36,-31.75]]}},{"type":"Feature","properties":{"level":1024},"geometry":{"type":"LineString","coordinates":[[98.72,27.25],[99.23,27.25],[99.25,27.54],[99.5,27.37],[100.5,28.29],[101.25,28.28],[101.96,29.0],[102.09,30.0],[103.19,31.25],[102.55,32.25],[102.75,32.87],[103.61,34.0],[103.0,34.1],[102.62,34.5],[103.16,34.75],[103.0,34.89],[102.0,34.71],[101.25,35.21],[101.0,34.86],[100.47,34.75],[100.84,34.5],[100.75,34.33],[98.91,34.25],[99.41,33.5],[99.0,33.23],[97.75,33.76],[97.52,33.25],[98.07,33.0],[97.5,32.4],[96.75,32.6],[96.57,33.25],[96.25,33.33],[95.93,33.0],[96.0,32.61],[96.81,31.5],[97.5,31.43],[97.47,31.0],[97.73,30.75],[97.18,30.75],[96.47,31.25],[96.64,31.5],[95.0,32.1],[94.5,31.75],[94.85,31.5],[94.5,31.18],[92.45,31.0],[92.38,30.5],[91.85,30.25],[92.18,30.0],[92.5,28.99],[89.75,28.56],[89.25,27.9],[89.0,27.85],[88.75,28.17],[87.5,28.1],[87.0,28.41],[86.0,28.42],[85.25,28.68],[85.0,29.1],[84.75,28.85],[84.5,29.15],[83.75,29.32],[83.36,29.25],[83.18,28.75],[83.52,28.75],[84.0,29.22],[83.94,28.5],[84.75,28.65],[86.5,27.7],[87.0,27.63],[87.5,27.88],[88.25,27.43],[88.5,27.72],[89.5,27.66],[89.75,27.96],[90.5,27.68],[91.0,27.98],[92.0,27.42],[92.81,27.75],[93.25,28.47],[95.5,29.44],[96.63,28.5],[97.0,27.82],[98.0,28.07],[98.72,27.25]]}},{"type":"Feature","properties":{"level":1024},"geometry":{"type":"LineString","coordinates":[[57.11,29.25],[57.57,29.25],[57.5,30.04],[57.0,29.67],[56.12,29.75],[56.5,29.36],[57.11,29.25]]}},{"type":"Feature","properties":{"level":1024},"geometry":{"type":"LineString","coordinates":[[80.88,30.0],[81.5,29.85],[82.0,30.1],[82.25,29.87],[82.48,30.25],[82.0,30.69],[81.75,30.11],[80.75,30.33],[80.25,30.75],[79.84,30.5],[79.76,30.25],[80.75,30.22],[80.88,30.0]]}},{"type":"Feature","properties":{"level":1024},"geometry":{"type":"LineString","coordinates":[[51.92,30.25],[52.75,30.24],[53.29,30.5],[50.85,32.5],[51.0,33.36],[51.75,33.33],[51.82,33.5],[51.25,33.81],[50.5,33.37],[49.75,33.84],[49.4,33.75],[49.64,33.5],[49.14,33.25],[50.25,31.97],[50.75,31.86],[51.0,30.75],[51.5,30.69],[51.92,30.25]]}},{"type":"Feature","properties":{"level":1024},"geometry":{"type":"LineString","coordinates":[[79.1,30.75],[79.5,30.63],[79.93,31.0],[78.9,31.75],[79.38,32.5],[78.75,32.79],[78.37,34.0],[78.92,34.0],[78.74,34.25],[79.19,34.5],[78.79,34.75],[79.03,35.25],[76.96,36.25],[77.25,36.57],[78.25,35.97],[78.5,36.25],[78.75,35.83],[79.25,35.77],[79.76,35.25],[79.11,35.0],[79.59,34.75],[80.5,34.61],[81.0,34.21],[81.64,34.5],[81.11,34.75],[81.5,34.83],[81.8,34.5],[81.73,34.25],[82.0,34.18],[82.25,34.5],[82.95,34.0],[82.9,33.75],[83.5,33.63],[85.0,34.35],[86.0,34.14],[86.36,34.5],[85.92,34.75],[85.73,35.5],[86.41,35.5],[86.35,36.0],[87.0,36.41],[87.75,36.16],[88.54,36.75],[87.38,37.0],[87.65,37.25],[88.25,37.39],[88.75,37.16],[88.65,37.5],[89.02,37.75],[88.89,38.0],[89.71,38.25],[89.75,38.58],[90.0,38.72],[90.31,38.5],[92.0,39.0],[90.5,39.11],[88.75,38.83],[87.5,38.16],[86.65,38.0],[83.75,36.45],[82.5,36.48],[81.75,36.01],[80.5,35.95],[78.75,36.49],[78.25,36.28],[78.0,36.85],[76.5,37.03],[76.0,36.64],[75.75,37.02],[75.18,37.0],[75.0,37.42],[73.75,36.95],[73.55,36.75],[74.25,36.38],[74.5,36.36],[75.0,36.88],[75.27,36.5],[74.66,36.0],[74.96,35.5],[74.25,35.17],[73.5,35.27],[73.5,34.84],[75.0,34.45],[75.5,33.58],[76.1,33.25],[76.75,32.3],[77.25,32.23],[77.5,31.74],[78.25,31.56],[78.32,31.25],[79.1,30.75]]}},{"type":"Feature","properties":{"level":1024},"geometry":{"type":"LineString","coordinates":[[-29.96,31.25],[-24.75,31.58],[-19.25,33.69],[-16.95,35.0],[-13.61,38.0],[-13.09,39.0],[-12.01,40.25],[-10.11,42.0],[-8.75,42.54],[-8.0,42.37],[-6.5,42.74],[-4.0,42.86],[-3.6,43.25],[-4.8,44.0],[-4.69,44.75],[-3.75,47.0],[-1.67,49.75],[-1.04,51.0],[-1.05,51.75],[-1.65,52.75],[-5.0,54.83],[-6.25,55.3],[-7.75,55.47],[-9.5,55.34],[-11.25,54.86],[-14.91,53.0],[-19.75,52.34],[-23.5,51.31],[-27.25,49.69],[-30.39,47.75],[-33.1,45.25],[-36.0,41.75],[-37.12,40.0],[-37.4,38.0],[-37.31,37.25],[-36.89,36.5],[-34.5,33.77],[-31.75,31.91],[-29.96,31.25]]}},{"type":"Feature","properties":{"level":1024},"geometry":{"type":"LineString","coordinates":[[-180.0,32.98],[-177.75,33.54],[-176.25,34.85],[-175.75,34.91],[-173.25,36.43],[-171.87,37.75],[-168.89,39.75],[-164.25,43.58],[-163.94,44.5],[-163.31,45.0],[-163.57,45.25],[-162.91,46.0],[-161.35,46.5],[-161.2,46.75],[-161.75,47.0],[-160.7,48.0],[-161.27,48.0],[-161.43,48.25],[-161.64,48.75],[-161.19,49.0],[-161.17,49.75],[-161.83,49.75],[-161.88,50.0],[-161.55,50.25],[-162.27,50.5],[-162.33,51.0],[-161.65,51.25],[-161.54,51.5],[-162.42,51.75],[-163.0,52.35],[-163.86,52.75],[-163.0,52.78],[-162.51,53.25],[-163.0,53.39],[-163.75,53.08],[-164.25,53.39],[-164.75,53.27],[-165.5,53.56],[-165.82,53.5],[-165.8,53.0],[-167.25,52.96],[-169.41,51.5],[-173.5,47.41],[-176.1,45.75],[-180.0,41.96]]}},{"type":"Feature","properties":{"level":1024},"geometry":{"type":"LineString","coordinates":[[64.04,33.0],[66.75,33.76],[66.51,33.25],[67.0,32.97],[68.0,33.5],[68.93,34.75],[68.88,35.0],[71.0,35.35],[71.56,36.0],[72.5,36.62],[73.25,36.76],[73.74,37.25],[73.93,37.75],[73.39,38.25],[74.0,39.15],[74.5,39.17],[75.35,38.25],[75.2,39.0],[74.55,39.5],[74.66,39.75],[77.04,40.5],[78.5,41.78],[79.0,41.57],[79.26,41.75],[78.97,42.0],[79.0,42.34],[79.81,42.5],[79.4,42.0],[80.0,41.71],[82.18,42.25],[81.29,42.5],[82.08,43.0],[81.75,43.72],[81.0,44.07],[84.0,43.71],[84.23,43.5],[84.16,43.25],[83.25,43.13],[83.22,42.75],[82.53,42.5],[83.75,42.14],[85.25,42.27],[86.25,42.83],[87.0,42.63],[87.75,43.22],[88.75,43.59],[89.75,43.33],[91.75,43.62],[94.63,43.0],[94.83,43.25],[93.62,44.0],[93.24,44.5],[93.35,44.75],[94.5,44.65],[94.56,45.25],[94.25,46.11],[93.25,46.89],[92.19,47.25],[91.25,48.38],[92.15,49.25],[91.83,49.5],[91.62,50.25],[93.0,50.75],[93.12,50.5],[94.07,50.25],[93.05,49.75],[93.13,49.5],[95.24,48.5],[94.27,48.0],[95.0,47.59],[96.28,47.5],[96.35,47.0],[95.83,46.75],[97.75,46.48],[97.5,46.89],[98.0,46.84],[98.5,47.36],[99.25,47.68],[100.0,47.61],[100.14,47.75],[99.96,48.0],[100.4,48.25],[99.75,48.63],[100.01,49.0],[99.28,49.25],[99.43,49.5],[99.28,50.0],[99.5,50.25],[98.13,51.0],[99.25,51.75],[99.01,52.75],[99.25,53.18],[99.75,53.3],[101.75,52.96],[101.79,54.25],[100.54,55.0],[98.25,55.85],[92.75,55.52],[91.5,54.79],[91.29,54.25],[89.75,54.29],[89.25,53.95],[88.25,54.13],[86.01,52.25],[83.75,51.71],[82.5,51.13],[82.11,50.25],[82.39,49.75],[81.5,49.16],[77.75,48.98],[77.59,48.75],[78.09,48.25],[77.5,48.09],[76.5,48.02],[75.75,48.31],[75.38,48.75],[75.64,49.25],[75.25,49.36],[73.5,48.93],[72.5,48.95],[69.75,48.05],[67.5,47.72],[66.5,47.84],[64.5,47.43],[62.5,47.46],[60.14,48.25],[58.25,48.53],[55.25,48.3],[48.75,46.55],[46.75,46.44],[45.0,45.75],[44.5,45.32],[43.25,45.4],[42.75,44.87],[41.75,44.89],[41.63,44.5],[41.97,44.25],[39.63,44.0],[40.5,43.31],[43.3,42.25],[43.23,42.0],[42.1,41.75],[41.75,41.26],[39.56,40.5],[39.71,40.25],[39.0,40.05],[39.12,39.75],[38.78,39.25],[40.76,39.0],[40.74,38.75],[42.25,38.14],[42.41,37.75],[43.0,37.38],[44.5,37.18],[45.0,36.43],[45.23,36.5],[44.64,38.0],[44.54,39.0],[43.26,40.25],[43.5,40.38],[44.5,40.37],[45.45,39.75],[45.99,38.5],[46.75,37.94],[46.86,38.25],[47.25,38.32],[48.5,37.77],[48.98,37.0],[49.0,36.75],[48.75,36.86],[48.39,36.5],[48.75,36.11],[49.0,36.12],[49.25,36.59],[49.5,36.42],[50.0,36.81],[51.0,35.98],[52.75,35.42],[53.75,35.85],[53.75,36.1],[53.0,35.96],[52.9,36.25],[51.14,36.75],[50.5,37.15],[49.5,37.23],[49.0,37.76],[48.75,39.38],[50.75,39.77],[50.95,40.0],[50.65,40.5],[50.75,40.72],[51.52,41.25],[51.24,42.5],[52.0,42.62],[52.3,42.25],[52.09,41.75],[54.25,40.37],[54.75,39.57],[55.75,39.78],[57.0,39.28],[57.56,38.75],[57.5,38.5],[56.73,38.5],[56.77,38.0],[57.25,37.75],[56.0,37.51],[55.72,37.0],[56.75,37.41],[57.5,37.12],[58.18,36.5],[58.39,35.5],[59.25,35.5],[60.5,34.71],[61.0,35.2],[63.25,34.3],[62.77,34.0],[62.86,33.75],[64.0,33.46],[64.21,33.25],[64.04,33.0]]}},{"type":"Feature","properties":{"level":1024},"geometry":{"type":"LineString","coordinates":[[101.25,32.96],[101.01,33.25],[101.38,33.75],[101.25,34.12],[100.86,34.25],[101.0,34.31],[101.63,34.0],[101.79,33.5],[101.25,32.96]]}},{"type":"Feature","properties":{"level":1024},"geometry":{"type":"LineString","coordinates":[[77.75,33.7],[76.72,34.25],[77.75,34.2],[77.75,33.7]]}},{"type":"Feature","properties":{"level":1024},"geometry":{"type":"LineString","coordinates":[[63.0,34.97],[62.64,35.25],[63.03,35.75],[63.88,35.75],[63.5,35.0],[63.0,34.97]]}},{"type":"Feature","properties":{"level":1024},"geometry":{"type":"LineString","coordinates":[[127.95,35.0],[128.75,35.21],[129.25,35.71],[129.27,36.5],[127.75,38.67],[126.4,39.0],[126.25,39.76],[125.48,39.0],[125.49,38.25],[125.24,37.75],[125.5,37.54],[126.25,37.55],[126.37,37.0],[125.49,36.0],[126.75,35.17],[127.25,35.07],[127.75,35.29],[127.95,35.0]]}},{"type":"Feature","properties":{"level":1024},"geometry":{"type":"LineString","coordinates":[[46.69,35.25],[47.16,35.75],[47.03,36.0],[47.4,36.25],[47.47,36.75],[47.25,36.92],[46.75,36.81],[46.92,36.25],[46.05,36.0],[46.69,35.25]]}},{"type":"Feature","properties":{"level":1024},"geometry":{"type":"LineString","coordinates":[[72.48,35.5],[73.77,36.0],[72.75,36.2],[72.25,36.07],[72.11,35.75],[72.48,35.5]]}},{"type":"Feature","properties":{"level":1024},"geometry":{"type":"LineString","coordinates":[[68.75,35.69],[68.25,36.17],[67.75,36.19],[67.25,36.55],[67.0,36.03],[66.75,35.98],[65.09,36.25],[64.03,37.25],[64.02,38.0],[64.5,38.55],[66.25,39.4],[66.81,39.25],[66.92,39.0],[66.4,38.25],[66.75,37.91],[68.0,38.55],[69.75,38.4],[69.99,38.25],[69.94,37.0],[68.75,35.69]]}},{"type":"Feature","properties":{"level":1024},"geometry":{"type":"LineString","coordinates":[[54.0,36.25],[55.29,36.75],[54.5,36.82],[54.0,36.63],[54.0,36.25]]}},{"type":"Feature","properties":{"level":1024},"geometry":{"type":"LineString","coordinates":[[91.46,36.25],[93.13,36.25],[92.75,36.65],[91.5,36.46],[91.46,36.25]]}},{"type":"Feature","properties":{"level":1024},"geometry":{"type":"LineString","coordinates":[[89.16,36.5],[90.05,36.5],[89.75,36.85],[88.95,36.75],[89.16,36.5]]}},{"type":"Feature","properties":{"level":1024},"geometry":{"type":"LineString","coordinates":[[100.89,37.75],[102.15,37.75],[101.25,38.55],[100.75,38.43],[98.25,39.62],[97.41,39.75],[97.39,39.5],[99.0,39.05],[100.0,38.18],[100.48,38.25],[100.45,38.0],[100.89,37.75]]}},{"type":"Feature","properties":{"level":1024},"geometry":{"type":"LineString","coordinates":[[42.5,38.46],[42.75,38.88],[43.62,39.0],[43.25,38.38],[42.5,38.46]]}},{"type":"Feature","properties":{"level":1024},"geometry":{"type":"LineString","coordinates":[[125.5,39.75],[125.75,39.65],[126.37,40.25],[125.51,40.0],[125.5,39.75]]}},{"type":"Feature","properties":{"level":1024},"geometry":{"type":"LineString","coordinates":[[49.5,40.58],[49.25,41.31],[49.9,41.0],[49.96,40.75],[49.5,40.58]]}},{"type":"Feature","properties":{"level":1024},"geometry":{"type":"LineString","coordinates":[[95.73,41.5],[96.75,41.31],[97.12,41.75],[96.52,42.5],[96.0,42.63],[95.49,42.0],[95.73,41.5]]}},{"type":"Feature","properties":{"level":1024},"geometry":{"type":"LineString","coordinates":[[180.0,41.96],[177.75,40.11],[175.29,37.5],[174.68,36.5],[175.02,35.75],[174.98,35.25],[176.0,33.78],[178.25,32.97],[179.25,33.24],[180.0,32.98]]}},{"type":"Feature","properties":{"level":1024},"geometry":{"type":"LineString","coordinates":[[48.25,42.17],[46.75,43.09],[44.74,43.5],[45.25,43.76],[47.5,43.61],[48.44,42.75],[48.58,42.25],[48.25,42.17]]}},{"type":"Feature","properties":{"level":1024},"geometry":{"type":"LineString","coordinates":[[76.75,42.16],[76.39,42.5],[77.5,42.75],[78.5,42.5],[77.75,42.09],[76.75,42.16]]}},{"type":"Feature","properties":{"level":1024},"geometry":{"type":"LineString","coordinates":[[-137.4,42.5],[-135.25,42.39],[-133.42,43.25],[-132.54,44.0],[-131.5,45.5],[-131.31,46.0],[-131.44,46.25],[-132.0,46.54],[-134.5,46.54],[-136.02,46.0],[-136.31,45.75],[-136.18,45.5],[-137.71,43.75],[-137.87,43.0],[-137.4,42.5]]}},{"type":"Feature","properties":{"level":1024},"geometry":{"type":"LineString","coordinates":[[85.5,43.62],[85.33,44.0],[84.75,43.8],[84.4,44.0],[84.12,44.5],[86.5,45.57],[87.98,45.5],[88.09,45.0],[88.7,44.5],[88.75,44.25],[87.5,43.62],[86.5,43.78],[85.5,43.62]]}},{"type":"Feature","properties":{"level":1024},"geometry":{"type":"LineString","coordinates":[[42.75,44.19],[43.03,44.25],[42.75,44.19]]}},{"type":"Feature","properties":{"level":1024},"geometry":{"type":"LineString","coordinates":[[94.84,45.5],[95.25,45.25],[96.22,45.5],[94.84,45.5]]}},{"type":"Feature","properties":{"level":1024},"geometry":{"type":"LineString","coordinates":[[97.17,46.0],[97.59,46.0],[97.0,46.39],[96.59,46.25],[97.17,46.0]]}},{"type":"Feature","properties":{"level":1024},"geometry":{"type":"LineString","coordinates":[[-164.75,52.98],[-164.92,53.0],[-164.75,53.16],[-164.49,53.0],[-164.75,52.98]]}},{"type":"Feature","properties":{"level":1024},"geometry":{"type":"LineString","coordinates":[[122.24,55.75],[122.5,55.54],[123.17,55.75],[122.0,56.61],[121.5,56.68],[121.5,56.88],[122.19,57.0],[122.0,57.35],[120.59,57.0],[121.31,56.25],[122.0,56.12],[122.24,55.75]]}},{"type":"Feature","properties":{"level":1024},"geometry":{"type":"LineString","coordinates":[[118.65,56.5],[119.25,56.42],[119.5,56.79],[119.52,56.5],[120.05,56.5],[119.96,57.0],[121.11,57.5],[121.12,58.0],[120.5,58.3],[119.75,58.17],[119.0,58.65],[117.0,59.18],[116.0,60.01],[114.75,59.82],[113.27,59.0],[113.23,58.5],[113.49,58.25],[114.25,58.18],[114.66,57.75],[114.5,56.97],[115.0,57.3],[115.5,56.81],[116.99,56.75],[116.82,57.0],[118.0,57.06],[118.75,56.83],[118.65,56.5]]}},{"type":"Feature","properties":{"level":1024},"geometry":{"type":"LineString","coordinates":[[112.86,57.0],[113.75,57.0],[113.25,57.5],[112.65,57.25],[112.86,57.0]]}},{"type":"Feature","properties":{"level":1024},"geometry":{"type":"LineString","coordinates":[[-154.96,67.75],[-154.75,67.64],[-154.6,68.0],[-156.36,68.0],[-154.96,67.75]]}},{"type":"Feature","properties":{"level":1024},"geometry":{"type":"LineString","coordinates":[[-152.52,67.75],[-151.26,68.0],[-152.5,68.08],[-152.73,68.0],[-152.52,67.75]]}},{"type":"Feature","properties":{"level":1024},"geometry":{"type":"LineString","coordinates":[[-150.23,68.0],[-149.25,67.83],[-147.56,68.25],[-150.23,68.0]]}},{"type":"Feature","properties":{"level":1024},"geometry":{"type":"LineString","coordinates":[[-144.16,68.0],[-143.69,68.25],[-143.75,68.53],[-142.75,68.18],[-140.83,68.75],[-142.5,69.19],[-145.0,69.13],[-145.85,68.75],[-145.0,68.54],[-145.0,68.25],[-144.16,68.0]]}},{"type":"Feature","properties":{"level":1024},"geometry":{"type":"LineString","coordinates":[[-140.05,69.0],[-139.62,69.0],[-139.48,69.25],[-140.79,69.25],[-140.05,69.0]]}},{"type":"Feature","properties":{"level":1024},"geometry":{"type":"LineString","coordinates":[[-35.77,69.25],[-35.0,69.09],[-33.5,69.25],[-32.04,69.75],[-33.89,70.0],[-34.24,70.25],[-34.0,70.53],[-36.0,70.62],[-36.34,70.25],[-35.29,70.0],[-35.75,69.61],[-35.77,69.25]]}},{"type":"Feature","properties":{"level":1024},"geometry":{"type":"LineString","coordinates":[[-132.6,69.5],[-129.0,69.3],[-127.0,69.65],[-125.59,70.5],[-125.69,71.75],[-125.5,71.87],[-123.0,71.07],[-120.93,71.75],[-121.07,72.0],[-123.25,72.38],[-125.75,72.12],[-127.21,73.25],[-128.75,73.72],[-133.46,74.75],[-139.0,75.46],[-142.25,75.59],[-145.0,75.36],[-148.01,74.5],[-149.05,73.75],[-148.91,73.25],[-149.12,72.75],[-148.83,72.25],[-147.75,71.59],[-146.0,71.07],[-139.0,69.71],[-132.6,69.5]]}},{"type":"Feature","properties":{"level":1024},"geometry":{"type":"LineString","coordinates":[[-27.83,73.25],[-27.0,73.36],[-26.66,73.75],[-27.25,74.12],[-28.28,73.75],[-27.59,73.5],[-27.83,73.25]]}},{"type":"Feature","properties":{"level":1024},"geometry":{"type":"LineString","coordinates":[[-25.5,74.75],[-24.2,74.75],[-24.75,75.2],[-25.67,75.0],[-25.5,74.75]]}},{"type":"Feature","properties":{"level":1024},"geometry":{"type":"LineString","coordinates":[[-33.49,76.25],[-26.5,76.32],[-25.11,77.0],[-26.25,77.12],[-27.0,77.98],[-29.25,78.47],[-29.76,79.0],[-30.93,79.5],[-31.54,80.25],[-32.54,80.75],[-38.75,80.83],[-40.75,81.07],[-59.86,78.0],[-59.25,77.71],[-55.0,77.56],[-49.5,76.7],[-43.75,76.85],[-33.49,76.25]]}},{"type":"Feature","properties":{"level":1028},"geometry":{"type":"LineString","coordinates":[[59.66,-87.5],[71.25,-87.63],[84.88,-87.25],[97.18,-86.5],[101.07,-86.0],[101.72,-85.5],[100.0,-85.09],[96.74,-84.75],[96.43,-84.5],[96.56,-84.25],[96.0,-84.22],[77.75,-85.06],[77.44,-85.0],[78.03,-84.75],[68.0,-84.28],[57.14,-84.75],[76.76,-85.5],[73.44,-86.0],[73.01,-86.5],[58.66,-87.0],[59.66,-87.5]]}},{"type":"Feature","properties":{"level":1028},"geometry":{"type":"LineString","coordinates":[[82.32,-84.0],[85.12,-84.0],[98.25,-82.8],[106.5,-82.59],[108.5,-81.95],[112.15,-81.25],[113.59,-80.75],[114.95,-79.75],[116.73,-79.25],[111.37,-79.25],[112.75,-79.16],[113.5,-78.72],[115.81,-78.25],[115.95,-78.0],[114.78,-77.5],[107.75,-77.6],[106.5,-78.27],[104.5,-77.67],[102.0,-77.62],[99.5,-77.9],[93.01,-79.25],[83.75,-79.47],[77.5,-80.0],[73.11,-81.25],[72.61,-81.75],[72.75,-82.25],[72.0,-82.28],[70.51,-82.0],[71.16,-81.75],[71.24,-81.5],[70.75,-81.16],[67.0,-80.62],[63.25,-80.74],[58.14,-80.25],[53.82,-79.5],[47.5,-77.52],[46.75,-77.63],[45.75,-78.16],[44.63,-78.25],[44.63,-79.0],[43.72,-79.75],[44.25,-80.29],[45.42,-80.75],[46.25,-81.38],[52.5,-82.37],[72.5,-83.52],[80.75,-83.75],[82.32,-84.0]]}},{"type":"Feature","properties":{"level":1028},"geometry":{"type":"LineString","coordinates":[[167.16,-52.0],[171.0,-52.14],[175.15,-51.5],[178.14,-50.0],[178.8,-49.25],[178.98,-48.0],[178.26,-47.0],[175.5,-45.75],[173.98,-44.75],[173.25,-43.81],[172.65,-43.5],[173.24,-42.5],[173.0,-42.45],[170.11,-44.0],[169.82,-44.5],[170.04,-45.0],[168.93,-46.5],[167.38,-47.0],[166.0,-47.14],[164.75,-46.93],[163.09,-46.25],[160.25,-44.47],[157.18,-41.5],[155.63,-38.75],[155.0,-36.97],[154.0,-35.22],[153.55,-35.0],[153.52,-33.75],[153.0,-32.49],[152.5,-32.19],[151.25,-33.3],[150.75,-33.43],[150.62,-34.0],[150.81,-34.25],[150.17,-36.0],[150.5,-38.0],[149.39,-39.75],[149.12,-41.0],[151.14,-45.0],[152.49,-46.75],[154.47,-48.25],[158.25,-50.22],[162.93,-51.5],[167.16,-52.0]]}},{"type":"Feature","properties":{"level":1028},"geometry":{"type":"LineString","coordinates":[[-64.11,-51.0],[-62.5,-51.16],[-60.54,-50.75],[-59.24,-49.75],[-59.28,-48.5],[-60.0,-47.25],[-60.07,-46.5],[-60.75,-46.25],[-60.62,-45.75],[-60.99,-45.25],[-60.7,-44.75],[-61.16,-43.75],[-61.75,-43.58],[-62.25,-43.73],[-62.75,-43.14],[-63.61,-42.75],[-65.5,-42.44],[-66.47,-43.25],[-66.4,-44.5],[-67.53,-45.5],[-67.9,-46.5],[-66.89,-48.0],[-67.04,-48.75],[-66.5,-49.84],[-65.5,-50.58],[-64.11,-51.0]]}},{"type":"Feature","properties":{"level":1028},"geometry":{"type":"LineString","coordinates":[[-73.57,-50.0],[-73.5,-50.25],[-73.19,-49.75],[-73.25,-49.21],[-73.54,-49.5],[-73.57,-50.0]]}},{"type":"Feature","properties":{"level":1028},"geometry":{"type":"LineString","coordinates":[[43.46,-47.0],[44.0,-47.18],[44.5,-46.68],[46.5,-47.0],[46.75,-46.72],[48.0,-47.11],[49.3,-46.5],[48.17,-45.5],[48.25,-45.16],[47.25,-45.21],[46.75,-44.27],[45.25,-43.94],[43.0,-42.88],[39.0,-41.64],[37.75,-41.37],[36.75,-41.44],[37.04,-43.0],[38.75,-44.26],[40.75,-46.27],[43.46,-47.0]]}},{"type":"Feature","properties":{"level":1028},"geometry":{"type":"LineString","coordinates":[[68.87,-46.5],[73.25,-46.45],[77.89,-45.75],[81.5,-44.53],[84.25,-43.26],[86.54,-41.75],[96.41,-34.0],[97.53,-32.75],[98.17,-31.25],[97.95,-29.5],[96.4,-28.0],[94.75,-27.2],[93.75,-27.26],[92.75,-26.97],[92.25,-27.14],[91.75,-26.85],[91.0,-26.99],[88.5,-26.53],[84.75,-26.74],[79.75,-28.07],[77.5,-28.38],[76.25,-28.87],[72.75,-29.42],[69.0,-30.64],[68.0,-30.6],[67.0,-30.93],[65.5,-31.05],[63.0,-31.79],[60.75,-32.21],[57.0,-32.18],[53.75,-32.52],[52.75,-32.86],[50.89,-34.5],[50.1,-37.25],[50.59,-39.0],[51.0,-40.0],[52.55,-42.25],[54.35,-43.75],[56.75,-44.82],[59.5,-45.57],[63.75,-46.22],[68.87,-46.5]]}},{"type":"Feature","properties":{"level":1028},"geometry":{"type":"LineString","coordinates":[[-166.44,-42.0],[-163.75,-42.17],[-160.5,-41.81],[-157.75,-40.58],[-155.72,-39.0],[-154.46,-37.75],[-153.07,-35.25],[-152.69,-33.75],[-152.65,-32.25],[-153.25,-30.84],[-155.25,-29.72],[-156.75,-29.47],[-160.25,-29.94],[-161.83,-31.0],[-162.5,-31.11],[-164.4,-33.0],[-165.58,-34.75],[-168.31,-40.25],[-168.11,-41.5],[-166.44,-42.0]]}},{"type":"Feature","properties":{"level":1028},"geometry":{"type":"LineString","coordinates":[[-69.87,-30.0],[-69.75,-30.12],[-69.46,-29.5],[-69.5,-28.52],[-70.25,-29.5],[-69.87,-30.0]]}},{"type":"Feature","properties":{"level":1028},"geometry":{"type":"LineString","coordinates":[[92.31,27.75],[92.89,28.0],[91.75,28.39],[91.39,28.0],[92.31,27.75]]}},{"type":"Feature","properties":{"level":1028},"geometry":{"type":"LineString","coordinates":[[100.65,29.0],[101.44,29.5],[101.8,30.5],[100.75,30.8],[100.5,31.18],[99.5,31.23],[98.88,30.25],[99.0,30.03],[99.28,30.25],[99.11,29.75],[99.5,29.2],[100.0,29.44],[100.25,29.02],[100.65,29.0]]}},{"type":"Feature","properties":{"level":1028},"geometry":{"type":"LineString","coordinates":[[96.29,29.25],[97.0,29.02],[97.45,29.25],[97.04,30.5],[96.75,30.15],[96.42,30.25],[96.25,29.54],[95.9,29.75],[95.85,29.5],[96.29,29.25]]}},{"type":"Feature","properties":{"level":1028},"geometry":{"type":"LineString","coordinates":[[94.43,29.5],[94.75,29.34],[94.99,29.75],[94.75,29.94],[93.95,29.75],[94.43,29.5]]}},{"type":"Feature","properties":{"level":1028},"geometry":{"type":"LineString","coordinates":[[65.72,34.25],[68.25,34.48],[68.45,35.0],[69.07,35.25],[68.75,35.42],[67.75,35.06],[67.5,35.21],[67.5,35.52],[66.25,35.56],[65.83,35.25],[65.67,34.75],[65.98,34.5],[65.72,34.25]]}},{"type":"Feature","properties":{"level":1028},"geometry":{"type":"LineString","coordinates":[[77.66,34.75],[78.0,34.54],[78.18,34.75],[77.94,35.0],[78.03,35.25],[77.25,35.99],[76.25,35.98],[76.0,36.32],[75.49,36.0],[76.0,35.83],[77.0,34.84],[77.66,34.75]]}},{"type":"Feature","properties":{"level":1028},"geometry":{"type":"LineString","coordinates":[[69.7,35.25],[71.0,35.66],[72.43,36.75],[72.94,37.5],[72.93,38.0],[72.05,38.25],[72.75,38.48],[73.0,39.33],[72.5,39.12],[71.75,39.26],[70.4,38.5],[70.47,37.5],[70.82,37.0],[69.53,36.25],[69.61,36.0],[69.14,35.5],[69.7,35.25]]}},{"type":"Feature","properties":{"level":1028},"geometry":{"type":"LineString","coordinates":[[80.41,35.25],[82.0,35.08],[82.5,35.22],[82.5,35.53],[83.04,35.75],[82.75,35.92],[81.5,35.64],[80.0,35.85],[79.5,36.15],[79.33,36.0],[80.41,35.25]]}},{"type":"Feature","properties":{"level":1028},"geometry":{"type":"LineString","coordinates":[[-28.85,35.5],[-28.0,35.4],[-25.0,35.85],[-20.25,37.13],[-19.21,38.0],[-16.57,39.25],[-11.25,43.42],[-8.5,44.96],[-7.66,45.75],[-7.43,46.5],[-6.7,47.25],[-6.84,47.75],[-5.94,49.5],[-6.24,50.0],[-6.12,50.5],[-7.47,52.0],[-7.04,52.5],[-8.5,52.78],[-20.25,50.67],[-24.25,49.23],[-27.75,47.25],[-30.12,45.25],[-32.09,42.5],[-32.82,41.0],[-32.98,39.75],[-32.91,38.5],[-32.24,37.25],[-31.0,36.17],[-28.85,35.5]]}},{"type":"Feature","properties":{"level":1028},"geometry":{"type":"LineString","coordinates":[[67.12,38.75],[67.5,38.54],[67.75,38.78],[69.75,38.95],[71.0,39.63],[71.5,39.52],[71.75,39.84],[72.75,39.96],[73.5,39.75],[73.75,40.06],[74.86,40.25],[74.08,41.0],[74.0,41.39],[73.41,41.25],[73.74,40.75],[73.5,40.53],[70.35,39.75],[70.77,40.0],[70.13,40.5],[70.48,41.0],[70.4,41.25],[71.41,41.75],[71.35,42.25],[72.18,42.5],[72.03,42.75],[72.25,42.94],[73.0,42.48],[73.5,42.71],[74.0,42.48],[75.5,42.65],[75.75,42.47],[76.25,42.84],[77.83,43.25],[76.5,43.5],[76.21,43.25],[75.0,43.17],[74.35,43.5],[75.01,44.0],[74.25,44.43],[73.75,44.27],[73.68,45.0],[73.28,45.5],[72.5,45.76],[71.73,45.5],[70.91,44.5],[71.14,44.25],[70.83,44.0],[70.0,43.69],[68.5,43.9],[68.28,43.75],[68.75,43.34],[69.5,43.2],[70.0,42.57],[70.55,42.75],[70.0,41.96],[69.5,41.73],[69.0,42.15],[67.75,42.18],[66.87,41.75],[67.25,41.47],[68.25,41.31],[67.5,41.11],[67.37,40.75],[67.64,40.25],[68.58,39.75],[67.5,39.23],[67.12,38.75]]}},{"type":"Feature","properties":{"level":1028},"geometry":{"type":"LineString","coordinates":[[-175.81,40.5],[-175.47,40.5],[-174.39,42.5],[-175.05,42.5],[-175.81,40.5]]}},{"type":"Feature","properties":{"level":1028},"geometry":{"type":"LineString","coordinates":[[-173.08,42.0],[-171.5,42.69],[-171.22,43.25],[-171.29,44.0],[-172.25,44.01],[-172.56,43.75],[-173.25,42.5],[-173.08,42.0]]}},{"type":"Feature","properties":{"level":1028},"geometry":{"type":"LineString","coordinates":[[71.75,43.23],[72.63,43.75],[73.48,43.75],[73.25,43.14],[71.75,43.23]]}},{"type":"Feature","properties":{"level":1028},"geometry":{"type":"LineString","coordinates":[[78.66,44.25],[79.5,44.47],[80.12,45.0],[78.75,44.8],[78.66,44.25]]}},{"type":"Feature","properties":{"level":1028},"geometry":{"type":"LineString","coordinates":[[91.57,46.75],[91.93,46.75],[90.75,48.55],[90.07,48.75],[90.0,49.33],[88.71,49.75],[88.79,50.0],[89.36,50.25],[88.89,50.5],[89.61,51.0],[89.06,51.25],[91.0,51.6],[91.51,52.0],[91.25,52.14],[89.25,51.73],[89.21,52.0],[89.56,52.25],[88.5,52.28],[87.5,51.45],[86.5,51.32],[86.33,50.75],[86.75,50.35],[87.25,50.63],[88.31,50.5],[86.75,49.91],[86.21,50.0],[86.48,50.25],[86.0,50.61],[85.25,50.61],[85.0,51.05],[84.5,50.89],[84.43,51.25],[83.4,50.75],[84.0,49.86],[85.0,50.0],[84.92,49.5],[85.46,49.25],[84.68,49.0],[85.0,48.78],[85.5,48.64],[85.75,48.87],[86.5,48.26],[86.75,48.42],[87.25,48.09],[87.5,48.25],[88.75,47.56],[90.0,47.39],[90.75,46.9],[91.57,46.75]]}},{"type":"Feature","properties":{"level":1028},"geometry":{"type":"LineString","coordinates":[[96.3,51.5],[97.0,51.34],[98.28,51.75],[97.81,52.75],[96.26,53.5],[96.61,54.0],[96.25,54.33],[94.75,53.91],[92.02,52.0],[92.75,51.71],[94.0,52.1],[95.0,51.74],[95.75,51.82],[96.3,51.5]]}},{"type":"Feature","properties":{"level":1028},"geometry":{"type":"LineString","coordinates":[[-34.49,76.5],[-28.8,76.75],[-28.82,77.0],[-29.5,77.34],[-35.5,79.15],[-39.25,79.86],[-44.07,79.75],[-46.48,79.25],[-49.35,78.0],[-48.5,77.35],[-46.25,77.05],[-34.49,76.5]]}},{"type":"Feature","properties":{"level":1032},"geometry":{"type":"LineString","coordinates":[[64.06,-87.5],[78.5,-87.35],[89.34,-86.75],[85.75,-86.61],[66.06,-87.0],[62.77,-87.25],[64.06,-87.5]]}},{"type":"Feature","properties":{"level":1032},"geometry":{"type":"LineString","coordinates":[[79.06,-83.25],[87.25,-83.29],[92.47,-83.0],[101.0,-81.8],[104.75,-81.77],[105.21,-81.5],[104.75,-81.23],[107.75,-80.71],[110.87,-80.75],[112.25,-80.35],[112.61,-80.0],[109.19,-79.5],[109.18,-79.25],[109.94,-78.75],[109.93,-78.5],[109.84,-78.25],[109.0,-78.01],[108.0,-77.87],[106.5,-78.45],[104.25,-77.79],[102.25,-77.77],[100.0,-77.95],[97.67,-78.5],[96.8,-79.0],[94.75,-79.31],[89.0,-79.72],[83.25,-79.8],[77.25,-80.37],[74.06,-81.5],[73.92,-81.75],[74.21,-82.0],[75.5,-82.25],[75.54,-82.5],[74.5,-82.72],[67.5,-82.49],[65.64,-82.75],[68.75,-83.07],[79.06,-83.25]]}},{"type":"Feature","properties":{"level":1032},"geometry":{"type":"LineString","coordinates":[[53.89,-82.0],[56.75,-82.17],[60.55,-82.0],[59.5,-81.48],[57.52,-81.25],[57.67,-81.0],[57.41,-80.75],[49.41,-79.0],[49.0,-78.64],[47.5,-78.13],[45.12,-78.5],[45.01,-79.5],[44.39,-79.75],[44.4,-80.0],[44.81,-80.25],[46.5,-80.83],[51.6,-81.25],[50.49,-81.5],[53.89,-82.0]]}},{"type":"Feature","properties":{"level":1032},"geometry":{"type":"LineString","coordinates":[[66.48,-45.0],[70.25,-45.24],[74.0,-45.0],[80.0,-43.17],[82.61,-41.75],[86.57,-38.5],[90.73,-34.25],[91.56,-32.75],[91.5,-32.25],[91.13,-32.0],[90.98,-31.5],[89.0,-30.14],[85.25,-29.57],[83.25,-29.72],[73.98,-31.5],[64.5,-34.03],[57.31,-35.25],[54.76,-37.25],[54.51,-38.25],[54.89,-39.75],[56.25,-41.5],[57.5,-42.43],[60.5,-43.84],[66.48,-45.0]]}},{"type":"Feature","properties":{"level":1032},"geometry":{"type":"LineString","coordinates":[[76.91,35.25],[77.0,35.07],[77.25,35.31],[77.5,35.09],[77.65,35.25],[77.25,35.83],[76.42,35.75],[76.91,35.25]]}},{"type":"Feature","properties":{"level":1032},"geometry":{"type":"LineString","coordinates":[[80.63,35.25],[82.0,35.23],[82.34,35.5],[81.88,35.5],[81.75,35.26],[80.5,35.72],[80.26,35.5],[80.63,35.25]]}},{"type":"Feature","properties":{"level":1032},"geometry":{"type":"LineString","coordinates":[[-24.53,40.75],[-24.0,40.56],[-22.3,40.75],[-19.5,41.46],[-14.39,44.5],[-13.74,45.25],[-12.81,45.75],[-12.7,46.5],[-12.17,47.0],[-12.09,48.0],[-12.5,49.01],[-13.15,49.5],[-14.75,49.59],[-18.0,49.21],[-20.93,48.25],[-24.05,46.5],[-26.25,44.51],[-26.93,42.75],[-26.53,41.75],[-26.02,41.25],[-24.53,40.75]]}},{"type":"Feature","properties":{"level":1032},"geometry":{"type":"LineString","coordinates":[[-40.91,77.0],[-37.75,76.8],[-33.81,77.0],[-35.57,77.75],[-40.5,78.91],[-42.75,78.6],[-44.67,77.75],[-44.19,77.25],[-40.91,77.0]]}},{"type":"Feature","properties":{"level":1036},"geometry":{"type":"LineString","coordinates":[[68.39,-87.25],[77.1,-87.25],[76.25,-87.07],[68.39,-87.25]]}},{"type":"Feature","properties":{"level":1036},"geometry":{"type":"LineString","coordinates":[[77.35,-87.0],[79.58,-87.0],[77.35,-87.0]]}},{"type":"Feature","properties":{"level":1036},"geometry":{"type":"LineString","coordinates":[[78.75,-82.75],[82.75,-82.9],[90.5,-82.66],[100.25,-81.3],[103.0,-81.21],[104.9,-80.5],[103.31,-80.25],[103.5,-80.03],[105.5,-79.56],[106.34,-79.0],[106.23,-78.75],[104.25,-78.01],[102.75,-78.26],[100.5,-78.0],[98.25,-78.55],[97.25,-79.09],[95.0,-79.44],[78.5,-80.38],[77.0,-80.66],[74.91,-81.5],[75.0,-81.79],[78.25,-82.25],[78.12,-82.5],[78.75,-82.75]]}},{"type":"Feature","properties":{"level":1036},"geometry":{"type":"LineString","coordinates":[[52.18,-81.5],[55.75,-81.74],[57.6,-81.5],[52.18,-81.5]]}},{"type":"Feature","properties":{"level":1036},"geometry":{"type":"LineString","coordinates":[[50.3,-80.75],[53.25,-80.96],[54.54,-80.75],[54.54,-80.5],[54.0,-80.21],[48.36,-79.0],[48.0,-78.64],[47.0,-78.41],[45.69,-78.75],[45.73,-79.5],[45.07,-80.0],[46.75,-80.62],[50.3,-80.75]]}},{"type":"Feature","properties":{"level":1036},"geometry":{"type":"LineString","coordinates":[[105.1,-80.5],[109.38,-80.25],[107.0,-80.05],[105.1,-80.5]]}},{"type":"Feature","properties":{"level":1036},"geometry":{"type":"LineString","coordinates":[[66.78,-43.0],[70.25,-43.11],[73.0,-42.79],[77.48,-41.25],[79.5,-40.21],[81.28,-38.75],[82.05,-37.75],[82.75,-36.21],[83.0,-34.84],[82.0,-34.07],[80.0,-33.7],[74.0,-34.2],[65.25,-36.5],[61.1,-38.0],[60.46,-39.25],[60.45,-39.75],[60.9,-40.75],[61.75,-41.65],[63.75,-42.49],[66.78,-43.0]]}},{"type":"Feature","properties":{"level":1040},"geometry":{"type":"LineString","coordinates":[[82.96,-82.5],[90.75,-82.29],[100.4,-81.0],[101.43,-80.75],[97.62,-80.5],[99.75,-79.68],[102.46,-79.25],[102.54,-78.75],[99.0,-78.63],[98.27,-78.75],[97.66,-79.25],[95.25,-79.56],[78.75,-80.49],[77.48,-80.75],[75.85,-81.5],[82.96,-82.5]]}},{"type":"Feature","properties":{"level":1040},"geometry":{"type":"LineString","coordinates":[[47.49,-80.5],[51.25,-80.52],[51.54,-80.25],[47.25,-78.73],[46.25,-78.88],[46.08,-80.0],[46.28,-80.25],[47.49,-80.5]]}},{"type":"Feature","properties":{"level":1044},"geometry":{"type":"LineString","coordinates":[[84.59,-82.0],[87.0,-82.21],[90.75,-82.07],[96.73,-81.25],[95.5,-81.06],[88.23,-81.0],[95.25,-80.36],[96.75,-80.0],[97.38,-79.5],[90.5,-80.08],[84.0,-80.18],[79.0,-80.59],[76.84,-81.25],[77.25,-81.51],[78.5,-81.64],[86.7,-81.5],[84.59,-82.0]]}},{"type":"Feature","properties":{"level":1044},"geometry":{"type":"LineString","coordinates":[[48.3,-80.25],[50.24,-80.25],[48.05,-79.25],[46.75,-79.14],[47.0,-79.56],[48.3,-80.25]]}},{"type":"Feature","properties":{"level":1048},"geometry":{"type":"LineString","coordinates":[[88.07,-81.75],[91.5,-81.81],[93.98,-81.5],[91.25,-81.33],[88.07,-81.75]]}},{"type":"Feature","properties":{"level":1048},"geometry":{"type":"LineString","coordinates":[[78.5,-81.5],[83.0,-81.36],[86.0,-80.76],[92.31,-80.25],[84.25,-80.26],[78.75,-80.74],[77.36,-81.25],[78.5,-81.5]]}},{"type":"Feature","properties":{"level":1052},"geometry":{"type":"LineString","coordinates":[[77.92,-81.25],[80.36,-81.25],[81.35,-81.0],[79.0,-80.93],[77.92,-81.25]]}},{"type":"Feature","properties":{"level":1052},"geometry":{"type":"LineString","coordinates":[[81.68,-80.75],[82.0,-80.95],[82.95,-80.75],[81.68,-80.75]]}}]}