{"type":"FeatureCollection","features":[{"type":"Feature","properties":{"level":948},"geometry":{"type":"LineString","coordinates":[[-127.25,-60.78],[-128.75,-60.16],[-129.55,-59.5],[-129.61,-58.5],[-129.0,-57.36],[-126.5,-58.69],[-125.94,-59.25],[-126.35,-60.5],[-127.25,-60.78]]}},{"type":"Feature","properties":{"level":952},"geometry":{"type":"LineString","coordinates":[[-166.5,-83.75],[-167.73,-83.5],[-167.45,-82.75],[-165.25,-82.06],[-157.5,-81.25],[-153.75,-80.35],[-149.0,-80.25],[-143.5,-80.53],[-139.75,-80.35],[-136.25,-80.57],[-134.3,-81.0],[-136.25,-81.72],[-138.75,-82.02],[-143.75,-83.09],[-149.0,-83.62],[-156.75,-83.98],[-166.5,-83.75]]}},{"type":"Feature","properties":{"level":952},"geometry":{"type":"LineString","coordinates":[[-149.0,-79.51],[-149.03,-79.25],[-149.56,-79.0],[-152.5,-78.71],[-153.88,-78.0],[-157.25,-77.75],[-156.5,-77.05],[-155.25,-76.69],[-148.0,-76.12],[-146.75,-76.26],[-145.0,-75.99],[-143.3,-77.0],[-143.7,-77.5],[-143.27,-78.25],[-143.88,-78.5],[-140.87,-79.5],[-146.75,-79.68],[-149.0,-79.51]]}},{"type":"Feature","properties":{"level":952},"geometry":{"type":"LineString","coordinates":[[-130.0,-68.79],[-130.19,-68.5],[-129.75,-67.98],[-128.0,-67.78],[-127.11,-68.0],[-127.25,-68.39],[-128.0,-68.74],[-129.25,-68.95],[-130.0,-68.79]]}},{"type":"Feature","properties":{"level":952},"geometry":{"type":"LineString","coordinates":[[-130.75,-66.66],[-131.0,-66.2],[-129.76,-64.75],[-128.25,-65.0],[-128.14,-65.25],[-129.0,-65.75],[-129.5,-66.46],[-130.75,-66.66]]}},{"type":"Feature","properties":{"level":952},"geometry":{"type":"LineString","coordinates":[[-127.75,-61.51],[-129.5,-61.19],[-130.44,-60.75],[-130.96,-60.25],[-131.35,-59.25],[-131.25,-58.6],[-130.27,-57.25],[-129.41,-56.5],[-128.5,-56.13],[-127.75,-56.16],[-127.03,-56.5],[-124.75,-58.58],[-124.47,-59.25],[-124.72,-60.5],[-125.46,-61.5],[-127.75,-61.51]]}},{"type":"Feature","properties":{"level":952},"geometry":{"type":"LineString","coordinates":[[-6.25,-56.0],[-10.5,-54.6],[-12.5,-53.55],[-12.99,-53.0],[-13.22,-52.25],[-12.88,-51.25],[-11.93,-50.75],[-10.17,-51.0],[-7.0,-54.36],[-4.45,-56.0],[-6.25,-56.0]]}},{"type":"Feature","properties":{"level":956},"geometry":{"type":"LineString","coordinates":[[180.0,-84.52],[178.0,-84.09],[177.25,-84.31],[174.96,-83.75],[175.75,-83.47],[175.98,-83.25],[175.87,-83.0],[180.0,-81.51]]}},{"type":"Feature","properties":{"level":956},"geometry":{"type":"LineString","coordinates":[[-180.0,-84.05],[-178.34,-84.5],[-180.0,-84.52]]}},{"type":"Feature","properties":{"level":956},"geometry":{"type":"LineString","coordinates":[[180.0,-83.42],[179.44,-84.0],[180.0,-84.05]]}},{"type":"Feature","properties":{"level":956},"geometry":{"type":"LineString","coordinates":[[-180.0,-81.51],[-175.56,-80.25],[-165.75,-78.87],[-163.64,-77.75],[-159.0,-76.19],[-144.25,-72.73],[-141.75,-73.05],[-140.75,-73.7],[-140.7,-74.25],[-141.11,-75.5],[-140.83,-75.75],[-141.28,-76.25],[-141.0,-76.6],[-138.25,-77.42],[-135.0,-78.96],[-129.55,-80.75],[-129.11,-81.25],[-129.11,-81.5],[-129.53,-81.75],[-130.5,-82.04],[-142.5,-84.06],[-152.22,-84.75],[-162.75,-84.6],[-172.25,-84.82],[-177.5,-84.19],[-178.26,-84.0],[-178.08,-83.75],[-179.05,-83.25],[-180.0,-83.42]]}},{"type":"Feature","properties":{"level":956},"geometry":{"type":"LineString","coordinates":[[-130.75,-70.01],[-136.25,-69.72],[-137.21,-69.0],[-137.28,-68.25],[-133.01,-62.25],[-133.7,-59.25],[-133.06,-57.75],[-132.25,-57.11],[-129.5,-55.9],[-127.75,-55.68],[-126.75,-55.79],[-124.05,-57.25],[-123.29,-58.75],[-123.34,-60.25],[-123.75,-61.9],[-124.0,-62.25],[-125.03,-62.75],[-125.21,-63.25],[-123.68,-65.5],[-123.54,-66.25],[-123.78,-66.75],[-124.72,-67.25],[-124.45,-68.25],[-125.35,-69.0],[-128.25,-70.03],[-130.75,-70.01]]}},{"type":"Feature","properties":{"level":956},"geometry":{"type":"LineString","coordinates":[[-5.75,-56.77],[-10.0,-55.77],[-13.0,-54.27],[-13.81,-53.5],[-14.25,-52.56],[-14.22,-51.75],[-13.75,-50.75],[-12.66,-49.75],[-11.75,-49.44],[-9.0,-49.67],[-7.75,-50.15],[-5.24,-53.25],[-2.58,-55.75],[-2.88,-56.25],[-3.5,-56.56],[-5.75,-56.77]]}},{"type":"Feature","properties":{"level":960},"geometry":{"type":"LineString","coordinates":[[180.0,-84.71],[176.4,-84.75],[176.38,-84.5],[171.5,-83.68],[170.0,-83.64],[169.25,-84.04],[168.84,-83.75],[169.0,-83.46],[167.0,-83.31],[165.95,-82.75],[166.5,-82.24],[172.75,-81.02],[180.0,-79.1]]}},{"type":"Feature","properties":{"level":960},"geometry":{"type":"LineString","coordinates":[[-180.0,-79.1],[-168.0,-76.59],[-155.5,-73.42],[-145.25,-69.06],[-139.4,-65.25],[-138.25,-64.24],[-136.25,-61.33],[-135.02,-57.25],[-134.25,-56.56],[-132.75,-55.9],[-128.75,-55.05],[-126.5,-55.07],[-123.5,-56.37],[-122.89,-57.0],[-122.4,-58.0],[-121.89,-60.25],[-121.72,-63.5],[-120.75,-65.0],[-120.55,-65.75],[-120.49,-67.25],[-120.91,-68.0],[-124.75,-70.33],[-127.25,-71.3],[-132.75,-72.06],[-137.0,-74.75],[-138.0,-75.05],[-138.85,-75.75],[-138.75,-76.02],[-138.0,-76.39],[-135.75,-76.86],[-135.25,-77.33],[-133.25,-77.78],[-130.92,-79.0],[-126.75,-80.19],[-123.94,-81.5],[-123.94,-81.75],[-125.96,-82.25],[-127.74,-83.0],[-137.0,-84.67],[-144.25,-85.16],[-148.75,-85.39],[-161.5,-85.27],[-163.75,-85.53],[-170.25,-84.99],[-174.25,-85.11],[-176.5,-84.62],[-180.0,-84.71]]}},{"type":"Feature","properties":{"level":960},"geometry":{"type":"LineString","coordinates":[[107.25,-65.27],[104.82,-64.5],[104.19,-64.0],[105.0,-63.46],[108.0,-63.19],[110.5,-63.55],[111.64,-64.25],[111.22,-64.75],[110.25,-65.11],[107.25,-65.27]]}},{"type":"Feature","properties":{"level":960},"geometry":{"type":"LineString","coordinates":[[-168.5,-64.03],[-170.16,-63.75],[-170.27,-63.5],[-168.25,-62.66],[-161.0,-60.79],[-160.5,-60.94],[-160.33,-61.25],[-161.25,-62.46],[-163.0,-63.45],[-165.75,-64.09],[-168.5,-64.03]]}},{"type":"Feature","properties":{"level":960},"geometry":{"type":"LineString","coordinates":[[-6.5,-57.28],[-9.0,-56.84],[-11.0,-56.2],[-12.75,-55.38],[-14.25,-54.28],[-15.03,-53.25],[-15.23,-52.25],[-14.99,-51.25],[-14.34,-50.25],[-13.24,-49.25],[-11.5,-48.37],[-9.75,-48.57],[-7.75,-49.14],[-5.75,-50.31],[-0.96,-55.0],[-0.86,-55.5],[-1.09,-56.0],[-2.25,-56.76],[-4.25,-57.27],[-6.5,-57.28]]}},{"type":"Feature","properties":{"level":960},"geometry":{"type":"LineString","coordinates":[[146.75,20.9],[146.75,21.12],[146.75,20.9]]}},{"type":"Feature","properties":{"level":964},"geometry":{"type":"LineString","coordinates":[[173.25,-85.0],[174.73,-85.0],[173.25,-85.0]]}},{"type":"Feature","properties":{"level":964},"geometry":{"type":"LineString","coordinates":[[180.0,-84.93],[176.0,-84.89],[174.99,-84.5],[173.25,-84.44],[171.75,-84.04],[167.75,-84.31],[167.45,-84.25],[167.44,-83.75],[168.15,-83.5],[164.25,-83.1],[163.0,-83.18],[162.75,-82.9],[161.25,-82.8],[161.06,-82.75],[163.49,-82.5],[163.59,-82.25],[160.0,-81.56],[159.44,-81.25],[160.26,-80.75],[161.75,-80.48],[165.75,-80.34],[170.75,-79.64],[180.0,-77.47]]}},{"type":"Feature","properties":{"level":964},"geometry":{"type":"LineString","coordinates":[[-180.0,-77.47],[-173.33,-75.75],[-166.5,-74.32],[-160.42,-72.25],[-158.72,-71.25],[-157.97,-70.5],[-158.17,-69.75],[-159.79,-68.5],[-159.5,-68.09],[-156.59,-67.75],[-156.0,-67.2],[-150.75,-66.28],[-146.21,-64.5],[-144.75,-64.81],[-143.23,-64.5],[-141.25,-63.5],[-139.52,-61.75],[-137.48,-58.25],[-135.5,-55.86],[-133.5,-54.87],[-131.0,-54.24],[-127.0,-53.87],[-125.0,-54.46],[-123.0,-55.57],[-121.28,-57.75],[-119.17,-62.5],[-117.35,-65.25],[-117.11,-66.0],[-118.25,-68.1],[-120.25,-69.65],[-123.0,-71.27],[-125.35,-72.25],[-129.75,-73.21],[-134.75,-74.76],[-135.35,-75.25],[-134.89,-75.5],[-135.52,-75.75],[-135.45,-76.0],[-134.18,-76.25],[-133.83,-76.75],[-128.71,-78.0],[-128.9,-78.25],[-128.74,-78.5],[-120.53,-81.25],[-119.74,-81.75],[-122.4,-82.75],[-123.25,-83.35],[-128.92,-84.75],[-138.25,-85.41],[-138.91,-85.5],[-139.25,-85.81],[-142.25,-86.04],[-147.5,-86.01],[-148.5,-85.7],[-152.25,-85.58],[-157.0,-86.06],[-157.35,-86.0],[-157.23,-85.75],[-159.0,-85.61],[-165.25,-85.78],[-171.0,-85.3],[-175.25,-85.32],[-175.78,-85.25],[-175.24,-85.0],[-176.5,-84.84],[-178.75,-85.06],[-180.0,-84.93]]}},{"type":"Feature","properties":{"level":964},"geometry":{"type":"LineString","coordinates":[[-113.0,-67.17],[-113.07,-66.75],[-112.5,-66.75],[-112.75,-67.24],[-113.0,-67.17]]}},{"type":"Feature","properties":{"level":964},"geometry":{"type":"LineString","coordinates":[[110.75,-66.55],[109.75,-66.29],[104.5,-66.16],[104.0,-65.82],[103.25,-65.76],[101.5,-66.13],[101.6,-65.75],[101.25,-65.4],[97.5,-64.99],[96.55,-64.5],[96.86,-63.75],[98.47,-63.0],[106.0,-61.66],[110.0,-61.84],[112.25,-62.38],[113.94,-63.25],[114.39,-64.25],[113.75,-65.38],[112.9,-66.0],[110.75,-66.55]]}},{"type":"Feature","properties":{"level":964},"geometry":{"type":"LineString","coordinates":[[101.25,-66.28],[101.07,-66.25],[101.41,-66.25],[101.25,-66.28]]}},{"type":"Feature","properties":{"level":964},"geometry":{"type":"LineString","coordinates":[[-177.25,-65.29],[-177.74,-65.0],[-170.0,-62.19],[-165.75,-61.33],[-160.5,-59.74],[-159.5,-59.99],[-158.79,-60.5],[-157.25,-62.78],[-155.23,-63.25],[-155.13,-63.5],[-156.5,-64.65],[-158.25,-65.02],[-166.5,-65.41],[-170.0,-65.19],[-177.25,-65.29]]}},{"type":"Feature","properties":{"level":964},"geometry":{"type":"LineString","coordinates":[[-154.0,-62.36],[-154.2,-62.0],[-153.75,-61.75],[-152.58,-62.0],[-153.0,-62.39],[-154.0,-62.36]]}},{"type":"Feature","properties":{"level":964},"geometry":{"type":"LineString","coordinates":[[-7.75,-57.78],[-10.0,-57.33],[-12.5,-56.45],[-14.5,-55.3],[-15.57,-54.25],[-16.24,-52.75],[-16.09,-51.5],[-15.15,-50.0],[-13.7,-48.75],[-12.0,-47.9],[-10.75,-47.64],[-9.25,-47.65],[-6.91,-48.5],[-4.4,-50.0],[0.75,-54.5],[0.76,-55.0],[0.22,-56.0],[-1.71,-57.25],[-5.0,-57.9],[-7.75,-57.78]]}},{"type":"Feature","properties":{"level":964},"geometry":{"type":"LineString","coordinates":[[146.5,20.64],[146.45,21.25],[147.0,21.46],[147.08,20.75],[146.5,20.64]]}},{"type":"Feature","properties":{"level":968},"geometry":{"type":"LineString","coordinates":[[-126.25,-86.0],[-126.0,-85.76],[-123.34,-86.0],[-126.25,-86.0]]}},{"type":"Feature","properties":{"level":968},"geometry":{"type":"LineString","coordinates":[[180.0,-85.2],[170.75,-85.07],[170.25,-85.0],[170.75,-84.64],[171.59,-84.75],[170.5,-84.34],[168.0,-84.49],[165.25,-84.32],[164.87,-84.25],[165.5,-83.91],[166.62,-83.75],[164.75,-83.39],[163.5,-83.75],[160.75,-83.41],[160.56,-83.25],[161.52,-83.0],[159.88,-83.0],[159.99,-82.75],[161.26,-82.5],[158.75,-81.74],[158.32,-81.25],[160.2,-80.25],[160.5,-79.48],[160.53,-79.75],[161.0,-79.81],[163.4,-79.5],[164.74,-79.0],[167.27,-78.75],[167.56,-78.25],[168.75,-77.94],[169.0,-77.58],[169.5,-77.94],[171.5,-77.94],[180.0,-75.95]]}},{"type":"Feature","properties":{"level":968},"geometry":{"type":"LineString","coordinates":[[163.75,-78.85],[163.94,-78.75],[163.75,-78.85]]}},{"type":"Feature","properties":{"level":968},"geometry":{"type":"LineString","coordinates":[[165.25,-78.56],[165.07,-78.5],[166.11,-78.5],[165.25,-78.56]]}},{"type":"Feature","properties":{"level":968},"geometry":{"type":"LineString","coordinates":[[168.89,-78.25],[169.19,-78.25],[168.89,-78.25]]}},{"type":"Feature","properties":{"level":968},"geometry":{"type":"LineString","coordinates":[[-180.0,-75.95],[-169.0,-72.75],[-166.49,-71.5],[-165.58,-70.5],[-166.12,-68.75],[-166.68,-68.0],[-167.44,-67.5],[-171.75,-66.47],[-173.5,-66.52],[-180.0,-65.91]]}},{"type":"Feature","properties":{"level":968},"geometry":{"type":"LineString","coordinates":[[-23.75,-73.78],[-23.85,-73.25],[-22.88,-71.75],[-22.44,-70.0],[-20.55,-68.5],[-18.25,-69.14],[-17.31,-69.75],[-16.75,-70.5],[-16.53,-71.75],[-17.34,-72.75],[-20.0,-73.51],[-23.75,-73.78]]}},{"type":"Feature","properties":{"level":968},"geometry":{"type":"LineString","coordinates":[[99.75,-67.0],[98.5,-66.68],[91.26,-66.5],[91.55,-65.5],[92.18,-64.5],[95.03,-61.25],[96.96,-60.25],[97.15,-59.75],[98.7,-59.5],[98.5,-59.35],[96.75,-58.88],[95.61,-59.0],[92.74,-58.5],[92.59,-58.25],[91.52,-58.25],[89.25,-57.5],[85.75,-57.82],[85.22,-57.25],[84.0,-56.89],[84.2,-56.25],[86.15,-55.0],[89.01,-53.75],[92.89,-52.5],[94.0,-52.43],[95.25,-52.77],[96.2,-54.25],[95.91,-55.25],[96.21,-56.0],[95.95,-56.75],[95.58,-57.0],[95.47,-57.75],[96.0,-58.08],[99.5,-58.62],[105.75,-58.1],[110.25,-58.34],[112.75,-58.75],[115.0,-59.3],[118.5,-60.64],[119.58,-61.5],[120.15,-63.25],[119.83,-65.25],[118.0,-66.51],[116.0,-66.77],[113.0,-66.72],[110.0,-67.15],[103.25,-66.58],[99.75,-67.0]]}},{"type":"Feature","properties":{"level":968},"geometry":{"type":"LineString","coordinates":[[180.0,-65.91],[178.44,-65.5],[180.0,-64.48]]}},{"type":"Feature","properties":{"level":968},"geometry":{"type":"LineString","coordinates":[[-180.0,-64.48],[-174.41,-62.5],[-169.89,-61.25],[-165.5,-60.41],[-160.75,-58.89],[-159.75,-58.98],[-155.25,-60.33],[-152.0,-60.4],[-149.99,-61.25],[-149.25,-61.9],[-144.63,-61.75],[-142.5,-60.93],[-138.7,-56.75],[-136.5,-54.87],[-134.02,-53.5],[-130.5,-52.35],[-125.25,-52.92],[-123.21,-54.25],[-120.79,-56.5],[-117.5,-61.07],[-115.75,-62.71],[-113.5,-63.3],[-111.75,-63.25],[-109.23,-62.0],[-108.0,-61.93],[-107.8,-62.25],[-109.34,-65.0],[-110.0,-67.88],[-110.52,-68.75],[-111.25,-68.97],[-115.5,-69.14],[-122.0,-72.61],[-124.5,-73.24],[-126.02,-73.25],[-126.32,-73.5],[-126.02,-73.75],[-126.75,-74.07],[-131.25,-74.78],[-132.5,-75.5],[-132.69,-76.0],[-132.25,-76.18],[-131.0,-76.29],[-130.01,-76.75],[-128.25,-77.1],[-125.77,-77.25],[-125.75,-77.6],[-123.92,-78.25],[-124.94,-78.5],[-124.45,-78.75],[-122.5,-79.59],[-116.44,-81.5],[-116.27,-81.75],[-116.43,-82.0],[-117.58,-83.0],[-117.26,-83.5],[-118.75,-84.42],[-121.75,-85.18],[-125.75,-85.72],[-134.25,-85.61],[-135.42,-85.75],[-133.87,-86.0],[-142.5,-86.23],[-147.75,-86.18],[-150.75,-85.8],[-154.53,-86.0],[-154.36,-86.25],[-154.75,-86.3],[-158.75,-86.4],[-159.84,-86.25],[-158.3,-86.0],[-159.5,-85.8],[-165.25,-85.88],[-172.25,-85.41],[-177.25,-85.52],[-180.0,-85.2]]}},{"type":"Feature","properties":{"level":968},"geometry":{"type":"LineString","coordinates":[[126.75,-60.03],[125.51,-59.75],[125.27,-59.25],[126.25,-59.02],[128.15,-60.0],[126.75,-60.03]]}},{"type":"Feature","properties":{"level":968},"geometry":{"type":"LineString","coordinates":[[-7.5,-58.51],[-10.5,-58.08],[-12.75,-57.36],[-15.25,-56.16],[-16.52,-55.0],[-17.39,-53.5],[-17.44,-52.0],[-16.55,-50.25],[-14.95,-48.75],[-12.0,-47.3],[-8.75,-46.83],[-4.0,-49.0],[1.73,-53.5],[2.22,-54.25],[2.15,-55.0],[1.5,-56.0],[-0.5,-57.4],[-3.5,-58.37],[-7.5,-58.51]]}},{"type":"Feature","properties":{"level":968},"geometry":{"type":"LineString","coordinates":[[146.75,20.2],[146.25,20.59],[146.18,21.25],[146.35,21.5],[147.0,21.66],[147.34,21.0],[146.75,20.2]]}},{"type":"Feature","properties":{"level":968},"geometry":{"type":"LineString","coordinates":[[174.5,52.24],[174.5,52.54],[174.5,52.24]]}},{"type":"Feature","properties":{"level":972},"geometry":{"type":"LineString","coordinates":[[-167.75,-86.51],[-167.99,-86.5],[-166.95,-86.5],[-167.75,-86.51]]}},{"type":"Feature","properties":{"level":972},"geometry":{"type":"LineString","coordinates":[[-127.75,-86.53],[-127.94,-86.5],[-126.55,-86.5],[-127.75,-86.53]]}},{"type":"Feature","properties":{"level":972},"geometry":{"type":"LineString","coordinates":[[180.0,-85.95],[179.57,-86.0],[179.61,-86.25],[179.0,-86.29],[170.32,-86.0],[170.58,-85.75],[174.0,-85.49],[179.31,-85.5],[177.0,-85.12],[170.0,-85.1],[168.75,-84.69],[163.55,-84.25],[166.04,-83.75],[165.0,-83.54],[163.5,-83.87],[160.0,-83.71],[159.48,-83.5],[160.18,-83.25],[159.0,-82.84],[156.93,-82.75],[158.81,-82.25],[157.08,-81.75],[157.1,-81.5],[158.52,-80.75],[158.8,-80.25],[159.5,-79.84],[159.68,-79.25],[163.29,-78.5],[163.25,-78.08],[162.85,-77.75],[163.09,-77.5],[163.0,-77.27],[162.5,-76.94],[162.52,-76.5],[162.24,-76.25],[162.5,-75.68],[170.75,-75.95],[174.75,-75.47],[180.0,-74.37]]}},{"type":"Feature","properties":{"level":972},"geometry":{"type":"LineString","coordinates":[[164.25,-85.29],[165.38,-85.25],[164.25,-85.29]]}},{"type":"Feature","properties":{"level":972},"geometry":{"type":"LineString","coordinates":[[-20.5,-75.79],[-21.25,-75.43],[-26.58,-74.75],[-27.5,-74.42],[-28.36,-73.75],[-28.0,-72.96],[-23.81,-68.25],[-23.47,-67.25],[-22.5,-67.08],[-20.5,-67.2],[-16.11,-68.25],[-13.25,-69.58],[-11.5,-71.0],[-10.5,-71.5],[-10.5,-72.26],[-11.76,-73.25],[-11.53,-73.75],[-13.8,-74.5],[-14.25,-75.0],[-20.5,-75.79]]}},{"type":"Feature","properties":{"level":972},"geometry":{"type":"LineString","coordinates":[[-180.0,-74.37],[-178.03,-73.75],[-174.11,-72.0],[-173.14,-71.25],[-172.24,-70.0],[-173.0,-68.91],[-173.74,-68.5],[-177.25,-67.5],[-180.0,-67.06]]}},{"type":"Feature","properties":{"level":972},"geometry":{"type":"LineString","coordinates":[[75.25,-69.75],[74.7,-69.5],[74.65,-69.25],[75.44,-67.75],[76.63,-66.75],[80.25,-65.06],[81.5,-64.94],[83.5,-64.27],[84.75,-63.27],[85.02,-62.75],[84.44,-62.0],[81.76,-60.75],[81.46,-60.25],[81.43,-59.5],[81.0,-58.93],[77.49,-57.75],[76.88,-57.25],[90.25,-52.39],[94.01,-51.25],[95.25,-51.18],[96.75,-51.63],[99.5,-53.86],[101.0,-53.97],[104.11,-55.0],[107.25,-55.58],[110.5,-55.43],[112.25,-56.14],[115.25,-56.37],[115.75,-56.1],[119.75,-57.43],[125.25,-57.64],[127.25,-58.29],[130.07,-60.0],[129.85,-60.5],[126.8,-61.5],[125.94,-62.0],[123.07,-66.0],[119.25,-67.15],[113.5,-67.93],[105.14,-67.25],[101.0,-67.24],[99.5,-67.59],[99.0,-67.1],[97.5,-67.32],[93.0,-67.19],[81.0,-69.31],[79.5,-69.34],[78.75,-69.07],[75.25,-69.75]]}},{"type":"Feature","properties":{"level":972},"geometry":{"type":"LineString","coordinates":[[180.0,-67.06],[175.34,-65.75],[176.71,-64.75],[180.0,-63.4]]}},{"type":"Feature","properties":{"level":972},"geometry":{"type":"LineString","coordinates":[[-180.0,-63.4],[-177.09,-62.25],[-166.25,-59.78],[-161.0,-58.1],[-156.5,-58.93],[-152.58,-58.75],[-150.25,-59.62],[-149.25,-59.72],[-145.75,-59.02],[-142.5,-57.32],[-136.75,-52.88],[-134.25,-51.79],[-133.25,-51.11],[-132.75,-51.07],[-126.25,-51.43],[-124.5,-52.24],[-120.51,-55.25],[-116.65,-59.25],[-114.5,-61.01],[-111.25,-61.74],[-108.75,-61.28],[-106.25,-61.19],[-105.5,-61.37],[-105.11,-61.75],[-105.23,-62.5],[-106.03,-63.25],[-107.34,-65.25],[-107.9,-68.5],[-108.5,-69.38],[-113.54,-70.5],[-119.68,-73.25],[-122.25,-74.1],[-126.0,-74.8],[-128.75,-75.75],[-128.0,-76.17],[-121.0,-78.02],[-120.62,-78.25],[-121.01,-78.75],[-120.31,-79.25],[-116.08,-80.25],[-113.5,-81.44],[-112.26,-82.25],[-111.91,-83.0],[-110.84,-83.5],[-110.94,-84.0],[-108.05,-84.75],[-108.19,-85.0],[-118.0,-85.41],[-120.53,-85.75],[-120.7,-86.0],[-125.75,-86.43],[-128.25,-85.96],[-132.0,-85.85],[-132.55,-86.0],[-132.02,-86.25],[-132.75,-86.34],[-138.25,-86.21],[-148.25,-86.73],[-151.25,-86.21],[-158.5,-86.54],[-160.0,-86.47],[-160.21,-86.25],[-159.88,-86.0],[-164.5,-86.0],[-172.5,-85.55],[-180.0,-85.95]]}},{"type":"Feature","properties":{"level":972},"geometry":{"type":"LineString","coordinates":[[-9.25,-59.25],[-13.0,-58.59],[-16.25,-57.33],[-17.75,-56.2],[-18.87,-54.5],[-19.22,-52.75],[-18.58,-51.0],[-17.04,-49.25],[-14.5,-47.6],[-11.25,-46.46],[-8.5,-46.03],[-7.75,-46.24],[-5.5,-47.06],[-3.25,-48.21],[1.0,-51.19],[3.0,-53.16],[3.33,-54.0],[3.27,-55.0],[2.5,-56.25],[0.72,-57.75],[-3.25,-59.08],[-6.25,-59.34],[-9.25,-59.25]]}},{"type":"Feature","properties":{"level":972},"geometry":{"type":"LineString","coordinates":[[103.25,-53.83],[103.09,-53.75],[103.25,-53.83]]}},{"type":"Feature","properties":{"level":972},"geometry":{"type":"LineString","coordinates":[[101.5,-53.58],[100.99,-53.25],[102.31,-53.5],[101.5,-53.58]]}},{"type":"Feature","properties":{"level":972},"geometry":{"type":"LineString","coordinates":[[146.5,20.12],[146.09,20.5],[145.98,21.25],[146.25,21.68],[147.0,21.84],[147.42,21.5],[147.47,20.75],[147.0,20.13],[146.5,20.12]]}},{"type":"Feature","properties":{"level":972},"geometry":{"type":"LineString","coordinates":[[173.75,51.93],[173.01,52.75],[173.5,53.41],[174.75,53.66],[175.75,53.25],[175.89,52.5],[175.39,52.0],[174.5,51.79],[173.75,51.93]]}},{"type":"Feature","properties":{"level":976},"geometry":{"type":"LineString","coordinates":[[-163.67,-86.5],[-162.0,-86.55],[-160.68,-86.25],[-165.5,-86.17],[-169.75,-85.69],[-173.45,-86.0],[-163.67,-86.5]]}},{"type":"Feature","properties":{"level":976},"geometry":{"type":"LineString","coordinates":[[180.0,-86.68],[162.5,-86.35],[161.05,-86.0],[161.25,-85.75],[161.02,-85.5],[158.35,-85.25],[162.75,-85.03],[163.6,-84.75],[160.5,-84.63],[157.63,-84.25],[158.15,-84.0],[155.0,-83.73],[153.8,-83.25],[153.87,-83.0],[155.23,-82.5],[153.25,-82.0],[153.44,-81.75],[156.75,-81.34],[157.92,-80.75],[158.05,-80.5],[157.32,-80.25],[159.1,-79.75],[158.83,-79.5],[158.93,-79.25],[158.55,-79.0],[158.75,-78.92],[160.5,-78.89],[162.6,-78.5],[162.5,-78.16],[160.74,-77.25],[161.52,-76.5],[161.23,-75.75],[160.31,-75.5],[164.48,-74.25],[163.82,-73.75],[164.0,-73.55],[165.5,-73.67],[166.0,-72.94],[166.5,-73.22],[167.5,-72.72],[168.5,-72.73],[169.5,-73.1],[170.25,-72.64],[171.0,-73.08],[172.5,-73.44],[177.5,-72.64],[180.0,-71.99]]}},{"type":"Feature","properties":{"level":976},"geometry":{"type":"LineString","coordinates":[[-129.72,-86.25],[-127.09,-86.25],[-130.07,-86.0],[-129.72,-86.25]]}},{"type":"Feature","properties":{"level":976},"geometry":{"type":"LineString","coordinates":[[169.3,-85.5],[171.86,-85.5],[168.58,-85.25],[169.3,-85.5]]}},{"type":"Feature","properties":{"level":976},"geometry":{"type":"LineString","coordinates":[[173.55,-85.25],[174.62,-85.25],[173.55,-85.25]]}},{"type":"Feature","properties":{"level":976},"geometry":{"type":"LineString","coordinates":[[176.0,-85.25],[177.37,-85.25],[176.0,-85.25]]}},{"type":"Feature","properties":{"level":976},"geometry":{"type":"LineString","coordinates":[[163.78,-85.0],[165.67,-85.0],[163.78,-85.0]]}},{"type":"Feature","properties":{"level":976},"geometry":{"type":"LineString","coordinates":[[158.27,-84.0],[160.86,-84.0],[158.27,-84.0]]}},{"type":"Feature","properties":{"level":976},"geometry":{"type":"LineString","coordinates":[[162.51,-84.0],[163.62,-84.0],[162.51,-84.0]]}},{"type":"Feature","properties":{"level":976},"geometry":{"type":"LineString","coordinates":[[154.91,-82.0],[156.49,-82.0],[154.91,-82.0]]}},{"type":"Feature","properties":{"level":976},"geometry":{"type":"LineString","coordinates":[[-31.25,-76.79],[-31.52,-76.5],[-31.39,-75.5],[-31.69,-74.5],[-31.37,-72.75],[-30.77,-71.75],[-26.96,-67.5],[-26.96,-67.0],[-26.57,-66.5],[-26.25,-66.38],[-23.0,-65.98],[-19.0,-66.3],[-9.0,-68.23],[-4.25,-68.28],[-2.25,-67.92],[-1.9,-68.0],[-1.46,-69.0],[-1.45,-69.75],[-1.72,-70.0],[-6.06,-71.25],[-6.17,-71.5],[-5.98,-71.75],[-6.81,-72.25],[-6.55,-73.25],[-9.06,-74.5],[-9.75,-75.28],[-11.75,-75.63],[-13.0,-75.47],[-13.28,-75.75],[-13.0,-76.0],[-13.75,-76.32],[-18.75,-76.84],[-26.75,-76.41],[-31.25,-76.79]]}},{"type":"Feature","properties":{"level":976},"geometry":{"type":"LineString","coordinates":[[68.75,-72.44],[68.33,-71.75],[68.95,-71.25],[68.68,-70.75],[69.83,-69.75],[70.12,-69.0],[69.75,-68.25],[70.57,-67.5],[71.25,-65.72],[72.5,-64.6],[74.6,-63.25],[75.03,-62.5],[74.67,-60.75],[74.13,-60.0],[72.3,-58.75],[69.7,-57.5],[69.89,-57.0],[71.0,-56.58],[76.0,-55.92],[78.75,-55.28],[83.5,-53.9],[90.75,-51.36],[95.25,-50.16],[108.5,-53.27],[110.75,-53.56],[113.5,-53.47],[114.5,-53.11],[116.5,-53.81],[120.25,-54.38],[123.5,-55.56],[126.75,-56.22],[127.5,-56.57],[130.75,-59.05],[131.65,-60.0],[131.56,-60.5],[130.27,-62.0],[129.24,-63.75],[127.14,-65.5],[126.38,-66.0],[125.34,-66.25],[124.85,-66.75],[124.25,-66.75],[120.5,-67.91],[116.25,-68.4],[112.75,-68.51],[105.5,-67.81],[100.75,-67.66],[99.25,-67.9],[98.75,-67.55],[94.25,-67.78],[93.0,-67.64],[90.25,-68.53],[79.75,-70.97],[77.75,-70.99],[76.1,-70.25],[74.78,-70.25],[70.9,-72.25],[68.75,-72.44]]}},{"type":"Feature","properties":{"level":976},"geometry":{"type":"LineString","coordinates":[[169.0,-72.04],[168.16,-71.75],[169.0,-71.64],[169.75,-72.0],[169.0,-72.04]]}},{"type":"Feature","properties":{"level":976},"geometry":{"type":"LineString","coordinates":[[-180.0,-71.99],[-179.07,-71.25],[-178.77,-70.0],[-179.16,-69.5],[-180.0,-69.09]]}},{"type":"Feature","properties":{"level":976},"geometry":{"type":"LineString","coordinates":[[180.0,-69.09],[175.0,-67.3],[172.63,-65.75],[172.61,-65.5],[173.34,-64.75],[180.0,-62.25]]}},{"type":"Feature","properties":{"level":976},"geometry":{"type":"LineString","coordinates":[[44.75,-63.31],[44.0,-63.18],[43.5,-62.78],[43.47,-62.5],[44.51,-62.25],[45.86,-63.0],[44.75,-63.31]]}},{"type":"Feature","properties":{"level":976},"geometry":{"type":"LineString","coordinates":[[-180.0,-62.25],[-176.47,-61.25],[-167.0,-59.15],[-162.0,-57.4],[-156.25,-58.04],[-152.75,-57.91],[-150.0,-58.23],[-148.5,-58.04],[-145.06,-56.5],[-141.75,-53.72],[-140.25,-52.16],[-136.31,-50.25],[-131.75,-49.84],[-127.5,-49.95],[-125.5,-50.68],[-123.25,-51.93],[-120.03,-54.25],[-113.63,-59.5],[-110.25,-60.56],[-105.25,-60.97],[-104.5,-61.32],[-104.04,-62.0],[-104.07,-62.75],[-105.78,-66.25],[-106.31,-69.25],[-106.95,-70.0],[-111.0,-71.23],[-117.25,-74.0],[-125.23,-76.0],[-119.0,-77.18],[-118.83,-77.25],[-118.95,-77.75],[-118.5,-78.01],[-112.25,-79.98],[-111.1,-81.0],[-106.25,-82.79],[-99.24,-83.5],[-97.65,-84.0],[-98.43,-84.25],[-97.96,-84.5],[-98.19,-84.75],[-116.15,-85.5],[-117.83,-86.0],[-116.33,-86.25],[-124.08,-86.75],[-138.25,-86.68],[-147.5,-87.18],[-157.5,-86.7],[-163.75,-87.18],[-169.0,-87.07],[-173.75,-86.65],[-180.0,-86.68]]}},{"type":"Feature","properties":{"level":976},"geometry":{"type":"LineString","coordinates":[[-11.25,-60.76],[-13.96,-60.0],[-17.84,-58.25],[-19.67,-56.75],[-21.3,-54.5],[-21.52,-52.75],[-20.82,-51.0],[-19.03,-49.25],[-17.12,-48.0],[-12.5,-46.04],[-9.0,-45.37],[-7.5,-45.45],[-5.0,-46.21],[-2.25,-47.62],[2.0,-50.51],[3.76,-52.25],[4.38,-53.75],[4.21,-55.25],[3.65,-56.5],[1.5,-58.13],[-0.75,-59.23],[-2.75,-59.82],[-9.0,-60.86],[-11.25,-60.76]]}},{"type":"Feature","properties":{"level":976},"geometry":{"type":"LineString","coordinates":[[-112.25,19.55],[-112.25,19.82],[-111.91,19.75],[-112.0,19.51],[-112.25,19.55]]}},{"type":"Feature","properties":{"level":976},"geometry":{"type":"LineString","coordinates":[[146.5,19.94],[145.84,20.5],[145.75,21.25],[146.25,21.9],[147.0,22.01],[147.64,21.5],[147.67,20.75],[147.25,20.1],[146.5,19.94]]}},{"type":"Feature","properties":{"level":976},"geometry":{"type":"LineString","coordinates":[[-172.0,22.84],[-172.2,23.0],[-172.0,23.26],[-172.0,22.84]]}},{"type":"Feature","properties":{"level":976},"geometry":{"type":"LineString","coordinates":[[174.0,51.47],[173.09,51.75],[172.55,52.25],[172.15,53.0],[172.15,53.75],[172.75,54.38],[173.75,54.76],[175.78,54.75],[176.95,53.5],[177.07,53.0],[176.85,52.5],[175.75,51.61],[174.0,51.47]]}},{"type":"Feature","properties":{"level":980},"geometry":{"type":"LineString","coordinates":[[180.0,-86.95],[161.75,-86.76],[159.0,-86.21],[154.5,-85.75],[153.04,-85.0],[151.46,-84.75],[150.75,-84.25],[151.86,-83.5],[151.9,-83.0],[152.4,-82.5],[152.0,-81.93],[153.24,-81.5],[152.07,-81.0],[153.65,-80.75],[153.92,-81.0],[153.84,-81.25],[154.24,-81.5],[155.5,-81.39],[157.38,-80.75],[156.87,-80.25],[157.25,-79.85],[158.5,-79.75],[157.86,-79.5],[157.92,-79.25],[157.5,-79.07],[156.18,-79.0],[157.75,-78.68],[160.36,-78.75],[161.62,-78.5],[161.47,-78.0],[160.39,-77.75],[160.47,-77.5],[160.0,-77.25],[159.91,-77.0],[160.76,-76.75],[159.41,-75.75],[159.76,-75.5],[159.59,-75.25],[162.0,-74.85],[163.2,-74.25],[162.86,-73.75],[164.5,-73.44],[166.0,-72.68],[166.5,-72.64],[166.62,-72.5],[166.33,-72.25],[167.14,-72.0],[166.74,-71.0],[167.0,-70.78],[172.0,-70.09],[172.75,-69.76],[172.91,-69.0],[171.0,-66.64],[170.62,-65.5],[171.0,-64.87],[177.25,-62.29],[180.0,-61.4]]}},{"type":"Feature","properties":{"level":980},"geometry":{"type":"LineString","coordinates":[[-163.0,-86.25],[-161.36,-86.25],[-163.0,-86.25]]}},{"type":"Feature","properties":{"level":980},"geometry":{"type":"LineString","coordinates":[[-169.11,-86.0],[-167.79,-86.0],[-169.11,-86.0]]}},{"type":"Feature","properties":{"level":980},"geometry":{"type":"LineString","coordinates":[[-14.75,-78.78],[-14.91,-78.75],[-14.42,-78.25],[-15.25,-78.51],[-16.5,-78.18],[-19.5,-78.05],[-21.29,-78.5],[-22.5,-77.87],[-24.8,-77.75],[-21.89,-77.5],[-22.5,-77.19],[-24.5,-77.01],[-25.51,-77.25],[-25.5,-77.51],[-28.25,-77.46],[-32.5,-77.79],[-34.25,-78.51],[-35.5,-78.65],[-37.98,-78.0],[-38.51,-76.75],[-36.31,-73.75],[-34.06,-71.5],[-31.72,-68.25],[-29.82,-66.25],[-28.84,-65.75],[-26.0,-64.99],[-22.75,-64.82],[-13.75,-65.13],[-8.5,-64.95],[-2.5,-65.55],[6.25,-65.68],[9.5,-66.58],[10.91,-67.25],[12.0,-68.35],[14.33,-68.75],[14.27,-69.25],[13.75,-69.7],[11.78,-70.5],[4.5,-71.15],[-1.25,-72.58],[-3.0,-72.22],[-4.75,-72.66],[-5.4,-73.25],[-4.49,-73.75],[-5.56,-75.25],[-4.75,-75.87],[-3.5,-75.91],[-3.08,-76.25],[-5.5,-76.51],[-6.75,-76.29],[-7.12,-75.75],[-7.75,-75.6],[-8.26,-76.0],[-7.2,-76.5],[-9.25,-77.08],[-10.25,-76.95],[-11.5,-77.19],[-11.64,-77.25],[-10.75,-77.37],[-10.19,-77.75],[-11.5,-78.14],[-14.08,-78.25],[-13.34,-78.75],[-13.5,-78.91],[-14.75,-78.78]]}},{"type":"Feature","properties":{"level":980},"geometry":{"type":"LineString","coordinates":[[-117.51,-76.5],[-116.75,-76.68],[-116.08,-76.25],[-117.0,-76.17],[-117.51,-76.5]]}},{"type":"Feature","properties":{"level":980},"geometry":{"type":"LineString","coordinates":[[66.5,-73.77],[65.5,-73.54],[65.38,-73.25],[66.93,-71.0],[66.25,-70.75],[66.06,-70.25],[67.11,-69.5],[67.82,-68.5],[66.5,-68.42],[63.75,-67.75],[56.75,-67.21],[56.05,-67.0],[56.19,-66.5],[54.0,-65.91],[52.0,-66.1],[50.25,-67.15],[47.95,-67.75],[45.5,-67.85],[44.32,-68.5],[43.0,-68.32],[41.5,-68.6],[40.0,-69.1],[39.5,-70.05],[37.06,-70.0],[38.11,-69.75],[37.5,-69.56],[37.0,-69.79],[36.91,-69.5],[34.73,-69.25],[34.33,-69.5],[34.75,-69.9],[36.25,-69.59],[36.95,-70.0],[34.25,-70.55],[33.25,-70.42],[31.46,-70.75],[29.97,-71.5],[27.75,-71.86],[23.75,-72.07],[23.52,-72.0],[25.19,-71.75],[20.25,-71.13],[19.53,-71.25],[19.5,-71.53],[18.84,-71.5],[18.13,-70.75],[16.66,-70.25],[17.0,-69.75],[16.82,-69.5],[17.31,-69.25],[21.25,-67.94],[23.25,-67.56],[30.0,-66.99],[31.69,-66.5],[32.07,-66.25],[32.27,-65.0],[30.96,-63.5],[31.84,-63.0],[31.47,-62.5],[31.75,-62.38],[32.24,-62.5],[32.65,-63.0],[34.5,-63.09],[42.25,-61.45],[47.5,-61.22],[51.25,-60.75],[52.33,-61.0],[52.18,-62.25],[53.25,-63.34],[56.25,-64.21],[57.5,-63.98],[59.0,-64.13],[59.35,-63.75],[60.97,-63.75],[63.0,-63.16],[67.0,-63.24],[68.08,-62.75],[69.26,-61.5],[69.42,-60.75],[69.07,-59.25],[68.08,-57.25],[68.25,-56.74],[68.98,-56.25],[70.5,-55.75],[75.75,-55.0],[80.5,-53.86],[86.5,-52.04],[89.25,-50.98],[95.25,-49.31],[97.25,-49.34],[105.75,-50.87],[111.75,-51.2],[114.5,-51.72],[121.25,-53.31],[127.25,-55.55],[130.25,-57.21],[132.98,-59.5],[133.34,-60.25],[133.02,-60.75],[132.91,-64.0],[133.25,-64.51],[134.8,-64.75],[134.82,-65.0],[134.5,-65.11],[133.0,-64.67],[131.25,-65.12],[129.65,-66.0],[130.29,-66.25],[130.25,-66.69],[130.0,-66.86],[129.0,-67.05],[126.75,-66.81],[121.6,-68.25],[118.25,-68.85],[110.75,-68.95],[107.0,-68.24],[99.25,-68.2],[98.0,-67.86],[94.0,-68.6],[92.5,-68.39],[89.5,-69.5],[88.25,-69.65],[81.5,-71.56],[79.0,-71.58],[71.0,-73.1],[69.75,-72.77],[68.64,-73.25],[68.68,-73.75],[66.5,-73.77]]}},{"type":"Feature","properties":{"level":980},"geometry":{"type":"LineString","coordinates":[[40.0,-69.53],[39.76,-69.5],[40.0,-69.53]]}},{"type":"Feature","properties":{"level":980},"geometry":{"type":"LineString","coordinates":[[46.72,-67.5],[46.75,-67.65],[46.92,-67.5],[46.72,-67.5]]}},{"type":"Feature","properties":{"level":980},"geometry":{"type":"LineString","coordinates":[[-6.25,-62.77],[-9.75,-62.39],[-13.0,-61.65],[-17.25,-59.92],[-19.9,-58.5],[-22.51,-56.0],[-23.97,-53.5],[-24.11,-51.75],[-23.5,-50.48],[-21.75,-49.05],[-17.22,-46.75],[-13.0,-45.37],[-8.75,-44.6],[-6.75,-44.71],[-4.8,-45.25],[-1.99,-46.5],[0.5,-47.96],[3.5,-50.23],[4.56,-51.5],[5.56,-54.25],[5.11,-55.75],[3.75,-57.5],[0.75,-59.61],[-3.81,-61.75],[-4.25,-62.63],[-6.25,-62.77]]}},{"type":"Feature","properties":{"level":980},"geometry":{"type":"LineString","coordinates":[[-180.0,-61.4],[-170.25,-59.25],[-166.5,-58.21],[-162.75,-56.68],[-160.25,-56.72],[-155.75,-57.26],[-150.5,-56.91],[-147.25,-55.53],[-146.3,-54.75],[-143.8,-51.0],[-143.97,-49.75],[-143.75,-49.42],[-133.75,-48.55],[-133.25,-48.31],[-131.5,-48.4],[-131.08,-48.0],[-129.75,-48.24],[-126.75,-49.13],[-123.75,-50.53],[-116.25,-55.38],[-115.25,-55.81],[-112.0,-58.32],[-108.6,-59.75],[-104.75,-60.69],[-103.74,-61.25],[-103.06,-62.0],[-102.98,-63.5],[-104.03,-66.25],[-104.4,-69.5],[-104.9,-70.25],[-110.92,-73.25],[-117.41,-75.5],[-117.41,-75.75],[-114.59,-76.0],[-114.97,-76.25],[-113.5,-76.8],[-113.25,-77.3],[-112.26,-77.75],[-112.03,-78.25],[-108.57,-79.5],[-106.25,-80.94],[-102.63,-82.0],[-89.17,-82.75],[-90.5,-82.79],[-97.23,-84.25],[-96.59,-84.75],[-96.75,-84.77],[-108.75,-85.15],[-112.94,-85.5],[-110.61,-85.75],[-110.63,-86.0],[-114.5,-86.5],[-122.25,-86.84],[-138.5,-87.0],[-145.0,-87.45],[-155.5,-87.24],[-166.75,-87.37],[-180.0,-86.95]]}},{"type":"Feature","properties":{"level":980},"geometry":{"type":"LineString","coordinates":[[-112.25,19.39],[-112.45,19.75],[-112.0,20.04],[-111.75,19.7],[-112.25,19.39]]}},{"type":"Feature","properties":{"level":980},"geometry":{"type":"LineString","coordinates":[[146.5,19.73],[145.64,20.25],[145.44,21.25],[146.0,22.04],[147.0,22.26],[147.97,21.5],[147.93,20.75],[147.25,19.83],[146.5,19.73]]}},{"type":"Feature","properties":{"level":980},"geometry":{"type":"LineString","coordinates":[[-172.0,22.69],[-172.34,23.0],[-172.0,23.38],[-171.72,23.0],[-172.0,22.69]]}},{"type":"Feature","properties":{"level":980},"geometry":{"type":"LineString","coordinates":[[180.0,55.54],[179.24,54.75],[178.4,53.0],[177.56,52.0],[176.25,51.28],[175.0,51.03],[173.5,51.15],[172.25,51.62],[171.04,52.5],[170.0,53.85],[168.75,53.92],[168.25,54.32],[168.11,54.75],[168.5,55.3],[171.5,56.98],[177.0,57.46],[180.0,57.13]]}},{"type":"Feature","properties":{"level":980},"geometry":{"type":"LineString","coordinates":[[-180.0,57.13],[-178.18,56.75],[-177.39,56.25],[-180.0,55.54]]}},{"type":"Feature","properties":{"level":980},"geometry":{"type":"LineString","coordinates":[[-28.5,62.61],[-28.85,63.0],[-29.05,64.0],[-28.78,64.5],[-28.25,64.79],[-26.75,65.25],[-24.75,65.44],[-23.02,65.0],[-23.36,64.75],[-23.2,64.25],[-26.25,62.87],[-27.5,62.53],[-28.5,62.61]]}},{"type":"Feature","properties":{"level":980},"geometry":{"type":"LineString","coordinates":[[118.0,72.94],[117.59,73.25],[118.05,73.5],[118.92,73.5],[119.28,73.25],[119.0,73.0],[118.0,72.94]]}},{"type":"Feature","properties":{"level":984},"geometry":{"type":"LineString","coordinates":[[180.0,-87.55],[166.0,-87.27],[156.0,-86.5],[150.25,-86.85],[148.56,-86.5],[149.71,-86.0],[149.88,-85.5],[148.94,-84.75],[148.99,-84.25],[149.84,-83.75],[149.73,-83.5],[150.98,-82.75],[151.19,-82.25],[150.47,-81.75],[150.74,-81.5],[150.6,-81.0],[151.5,-80.55],[153.0,-80.31],[154.75,-80.54],[154.69,-81.25],[155.0,-81.33],[156.0,-80.86],[156.88,-80.75],[154.86,-80.5],[156.3,-80.25],[156.33,-79.75],[157.09,-79.5],[157.0,-79.32],[155.75,-79.44],[155.2,-79.0],[155.4,-78.75],[159.0,-78.49],[159.5,-78.07],[160.06,-78.0],[159.28,-77.75],[159.97,-77.5],[159.14,-77.0],[160.11,-76.75],[159.01,-76.5],[159.29,-76.25],[158.66,-76.0],[158.33,-75.5],[159.5,-74.94],[162.25,-74.58],[162.77,-74.25],[162.53,-73.75],[162.75,-73.6],[164.4,-73.25],[165.41,-72.75],[164.77,-72.5],[165.0,-72.31],[165.75,-72.41],[165.75,-72.19],[164.75,-72.1],[164.75,-71.76],[166.29,-71.75],[165.25,-71.21],[164.0,-71.52],[162.75,-70.72],[162.0,-71.15],[160.5,-70.56],[160.37,-71.25],[160.0,-71.29],[159.7,-71.0],[159.75,-70.66],[158.44,-70.25],[158.66,-69.75],[158.41,-69.5],[158.55,-69.25],[160.25,-69.03],[163.25,-69.2],[165.31,-68.75],[166.9,-68.0],[169.28,-65.25],[170.5,-64.23],[176.0,-61.82],[180.0,-60.77]]}},{"type":"Feature","properties":{"level":984},"geometry":{"type":"LineString","coordinates":[[-37.0,-81.26],[-33.28,-80.5],[-35.16,-80.0],[-41.5,-79.29],[-42.5,-78.71],[-43.75,-78.44],[-44.89,-78.75],[-43.75,-79.15],[-42.75,-79.21],[-42.31,-79.5],[-45.5,-79.42],[-46.8,-79.0],[-45.52,-78.75],[-45.41,-78.5],[-47.71,-78.0],[-45.25,-76.81],[-41.12,-73.75],[-38.55,-71.25],[-36.24,-68.5],[-30.25,-64.5],[-27.25,-63.8],[-20.0,-63.13],[-19.01,-62.75],[-18.65,-62.25],[-18.85,-61.25],[-22.0,-58.56],[-23.95,-56.5],[-26.22,-52.75],[-26.24,-50.25],[-25.12,-48.5],[-25.09,-48.0],[-24.26,-47.0],[-25.0,-46.5],[-25.0,-45.6],[-23.9,-45.75],[-22.94,-46.75],[-21.75,-46.85],[-13.75,-44.64],[-9.0,-43.8],[-7.0,-43.79],[-5.25,-44.09],[-0.5,-45.85],[1.5,-47.29],[5.09,-50.5],[6.37,-53.0],[6.49,-54.25],[6.21,-55.5],[5.54,-56.75],[3.4,-59.25],[0.39,-61.75],[0.54,-62.25],[1.63,-63.25],[1.42,-63.5],[1.63,-63.75],[4.75,-64.47],[9.0,-64.83],[15.25,-65.94],[19.25,-66.07],[21.5,-65.78],[26.75,-64.48],[27.75,-63.93],[29.75,-62.25],[30.91,-61.75],[35.5,-61.52],[42.25,-60.2],[48.75,-59.84],[53.0,-59.86],[54.5,-60.19],[57.0,-61.3],[59.75,-61.38],[61.25,-61.17],[64.25,-60.29],[66.0,-59.37],[67.41,-56.75],[68.25,-56.0],[69.25,-55.53],[80.25,-53.1],[93.25,-48.88],[95.75,-48.27],[106.25,-49.38],[111.5,-48.97],[112.75,-49.09],[113.75,-49.33],[116.68,-50.75],[123.4,-52.75],[129.75,-55.87],[133.29,-58.25],[134.55,-59.5],[135.19,-61.75],[135.85,-62.75],[137.13,-63.75],[140.01,-65.0],[138.5,-65.58],[135.0,-66.18],[133.75,-65.93],[130.0,-67.57],[125.0,-67.89],[120.5,-69.06],[118.0,-69.37],[110.5,-69.5],[106.5,-68.68],[100.25,-68.71],[98.0,-68.27],[97.6,-68.75],[94.25,-69.21],[92.25,-69.19],[90.25,-70.13],[88.75,-70.31],[83.05,-72.0],[80.0,-72.06],[77.0,-72.43],[76.0,-72.66],[74.5,-73.52],[73.0,-73.55],[71.0,-74.06],[67.25,-74.41],[65.9,-74.25],[63.91,-73.5],[65.56,-71.25],[64.23,-69.5],[64.63,-69.25],[63.94,-68.5],[61.75,-68.03],[57.0,-67.82],[55.75,-67.59],[55.0,-67.08],[53.5,-67.09],[50.25,-67.92],[49.69,-68.25],[47.75,-68.42],[45.5,-69.15],[44.0,-69.21],[43.25,-69.76],[42.0,-69.78],[40.25,-70.59],[37.0,-70.72],[36.0,-71.17],[35.65,-71.75],[35.25,-71.91],[34.0,-71.82],[31.5,-72.32],[25.5,-72.37],[24.5,-72.62],[19.0,-72.77],[18.25,-72.53],[18.44,-72.0],[17.74,-71.75],[13.5,-71.48],[12.5,-71.79],[10.75,-71.63],[1.05,-72.5],[-0.25,-73.22],[-2.75,-73.47],[-3.5,-73.75],[-3.55,-74.0],[-3.25,-74.49],[-2.45,-74.75],[-1.2,-75.75],[-1.12,-76.0],[-1.44,-76.25],[-1.25,-76.44],[0.0,-77.0],[-0.13,-77.25],[0.07,-77.5],[1.4,-77.75],[1.31,-78.0],[-3.5,-79.23],[-6.25,-79.48],[-7.5,-79.88],[-17.0,-79.98],[-18.04,-80.25],[-18.5,-80.76],[-19.5,-80.96],[-21.25,-80.94],[-23.0,-80.53],[-26.25,-80.47],[-27.25,-80.84],[-31.5,-80.64],[-32.76,-81.0],[-37.0,-81.26]]}},{"type":"Feature","properties":{"level":984},"geometry":{"type":"LineString","coordinates":[[-25.4,-79.75],[-24.25,-79.98],[-22.25,-79.95],[-20.09,-79.5],[-21.25,-79.25],[-23.5,-79.22],[-23.96,-79.25],[-23.74,-79.5],[-25.4,-79.75]]}},{"type":"Feature","properties":{"level":984},"geometry":{"type":"LineString","coordinates":[[-180.0,-60.77],[-167.8,-57.75],[-164.0,-56.11],[-161.5,-55.94],[-156.0,-56.4],[-152.0,-55.8],[-149.0,-54.39],[-147.68,-52.75],[-146.57,-50.0],[-147.32,-48.0],[-146.5,-47.35],[-144.5,-47.63],[-140.25,-47.63],[-134.5,-46.95],[-134.0,-46.57],[-130.25,-47.14],[-125.5,-48.59],[-116.75,-53.27],[-114.54,-54.0],[-110.5,-57.38],[-107.86,-58.75],[-105.0,-59.78],[-102.16,-61.5],[-101.61,-62.25],[-101.49,-63.0],[-102.26,-67.5],[-102.24,-69.0],[-102.59,-70.25],[-109.27,-75.25],[-107.15,-76.25],[-106.29,-77.25],[-106.19,-77.75],[-103.43,-79.25],[-103.6,-79.75],[-100.86,-80.5],[-97.67,-80.75],[-96.0,-81.19],[-85.75,-80.76],[-82.94,-81.25],[-83.63,-81.75],[-85.25,-82.25],[-95.29,-84.0],[-96.02,-84.25],[-95.27,-84.75],[-95.75,-84.86],[-109.0,-85.25],[-106.93,-85.75],[-111.5,-86.52],[-138.0,-87.67],[-172.25,-87.76],[-180.0,-87.55]]}},{"type":"Feature","properties":{"level":984},"geometry":{"type":"LineString","coordinates":[[-112.5,19.44],[-112.44,20.0],[-112.0,20.15],[-111.72,20.0],[-111.75,19.43],[-112.25,19.27],[-112.5,19.44]]}},{"type":"Feature","properties":{"level":984},"geometry":{"type":"LineString","coordinates":[[146.25,19.47],[145.35,19.75],[145.02,20.75],[145.1,21.5],[145.75,22.31],[147.0,22.58],[147.72,22.25],[148.14,21.75],[148.28,20.75],[147.25,19.43],[146.25,19.47]]}},{"type":"Feature","properties":{"level":984},"geometry":{"type":"LineString","coordinates":[[-172.25,22.67],[-172.42,23.25],[-172.0,23.5],[-171.63,23.0],[-171.75,22.71],[-172.25,22.67]]}},{"type":"Feature","properties":{"level":984},"geometry":{"type":"LineString","coordinates":[[180.0,52.72],[178.17,51.5],[176.5,50.78],[174.75,50.54],[173.25,50.61],[171.0,51.2],[168.0,52.6],[166.76,53.75],[166.46,54.75],[167.73,56.25],[170.5,57.57],[175.75,58.14],[180.0,57.86]]}},{"type":"Feature","properties":{"level":984},"geometry":{"type":"LineString","coordinates":[[-180.0,57.86],[-176.35,57.0],[-174.88,55.75],[-175.25,55.37],[-178.25,54.25],[-180.0,52.72]]}},{"type":"Feature","properties":{"level":984},"geometry":{"type":"LineString","coordinates":[[-27.75,61.45],[-29.63,62.25],[-30.63,63.5],[-30.68,64.5],[-29.25,65.54],[-27.0,66.35],[-24.75,66.73],[-20.5,65.95],[-19.4,65.0],[-20.5,64.11],[-24.42,61.75],[-25.75,61.4],[-27.75,61.45]]}},{"type":"Feature","properties":{"level":984},"geometry":{"type":"LineString","coordinates":[[115.75,71.74],[115.79,72.0],[114.93,72.25],[114.77,72.75],[113.94,73.5],[115.01,74.0],[117.5,74.37],[120.75,74.0],[121.32,73.75],[121.69,73.25],[120.85,72.5],[119.75,72.1],[115.75,71.74]]}},{"type":"Feature","properties":{"level":988},"geometry":{"type":"LineString","coordinates":[[180.0,-87.96],[158.0,-87.09],[149.5,-87.37],[146.75,-87.14],[145.07,-86.75],[145.08,-86.5],[147.25,-85.66],[147.49,-84.25],[148.11,-84.0],[148.32,-83.5],[149.95,-82.75],[149.94,-82.25],[148.69,-81.75],[149.02,-81.5],[149.0,-80.96],[150.44,-80.25],[154.0,-79.67],[154.4,-79.25],[154.17,-79.0],[154.27,-78.75],[154.91,-78.5],[158.56,-78.25],[159.19,-77.5],[158.16,-76.75],[158.4,-76.25],[157.31,-75.75],[157.27,-75.5],[159.75,-74.58],[162.25,-74.43],[162.56,-74.25],[162.25,-73.48],[163.0,-73.44],[163.97,-73.0],[163.6,-72.75],[163.8,-72.5],[162.75,-72.02],[162.0,-72.0],[161.25,-72.28],[161.0,-71.9],[160.25,-71.83],[158.75,-70.91],[155.53,-70.25],[155.49,-70.0],[156.26,-69.75],[154.0,-69.56],[153.0,-68.84],[151.59,-68.5],[151.75,-68.35],[153.25,-68.4],[153.25,-68.79],[154.5,-68.29],[157.5,-68.26],[161.75,-67.47],[164.25,-66.5],[172.75,-62.06],[180.0,-60.02]]}},{"type":"Feature","properties":{"level":988},"geometry":{"type":"LineString","coordinates":[[-62.0,-83.78],[-63.25,-83.35],[-64.45,-83.25],[-64.52,-83.0],[-60.5,-81.48],[-57.5,-81.14],[-51.0,-81.23],[-49.75,-81.0],[-49.89,-80.75],[-47.5,-80.6],[-46.28,-80.25],[-47.0,-80.04],[-50.56,-80.0],[-49.5,-79.68],[-48.96,-79.25],[-49.25,-79.0],[-49.06,-78.5],[-50.01,-77.75],[-50.1,-76.5],[-49.72,-76.0],[-47.85,-75.0],[-44.63,-72.5],[-43.61,-71.5],[-43.29,-70.5],[-42.75,-70.03],[-32.5,-63.71],[-29.75,-62.83],[-26.0,-62.18],[-23.9,-61.5],[-23.41,-60.25],[-27.26,-54.25],[-27.84,-53.0],[-28.5,-50.5],[-27.86,-50.0],[-26.53,-46.25],[-25.63,-44.75],[-25.0,-44.42],[-23.0,-44.15],[-22.25,-43.83],[-21.25,-44.62],[-20.0,-44.76],[-12.25,-43.35],[-8.25,-42.91],[-6.5,-42.95],[-3.5,-43.51],[0.56,-45.25],[1.75,-46.06],[5.0,-49.04],[6.5,-51.04],[7.33,-53.0],[7.37,-54.5],[7.11,-55.75],[4.16,-61.5],[5.33,-62.5],[7.25,-63.1],[13.5,-64.11],[18.5,-64.4],[22.5,-63.86],[24.75,-63.21],[29.75,-61.18],[34.61,-60.25],[36.97,-59.25],[38.0,-58.44],[42.5,-58.62],[52.0,-58.46],[58.0,-59.6],[61.25,-59.44],[63.75,-58.44],[67.25,-55.95],[69.25,-54.95],[72.0,-54.1],[74.43,-53.75],[82.25,-51.68],[93.5,-47.9],[95.75,-47.55],[101.5,-47.79],[105.75,-47.71],[111.25,-47.23],[113.19,-47.5],[117.75,-49.29],[127.99,-54.0],[131.0,-55.64],[134.19,-57.75],[135.61,-59.0],[137.25,-60.94],[139.5,-62.56],[142.5,-63.66],[145.21,-64.0],[146.36,-64.75],[146.24,-65.0],[145.75,-65.13],[140.0,-66.2],[138.75,-66.64],[133.25,-67.19],[130.0,-68.07],[125.5,-68.27],[120.5,-69.59],[118.25,-69.87],[112.75,-70.08],[108.75,-69.7],[107.25,-69.24],[105.25,-69.43],[104.0,-68.94],[100.5,-69.08],[99.0,-68.64],[97.5,-69.37],[95.75,-69.41],[92.25,-70.07],[91.25,-70.57],[89.25,-70.78],[85.5,-72.09],[77.0,-72.93],[76.14,-73.5],[75.75,-74.08],[73.75,-74.73],[72.25,-74.53],[67.0,-74.84],[64.5,-74.44],[62.91,-73.75],[62.41,-73.25],[64.41,-71.25],[64.0,-70.5],[62.54,-69.75],[61.81,-68.75],[59.0,-68.33],[58.5,-68.47],[56.26,-68.25],[55.0,-67.88],[49.5,-69.19],[48.75,-68.89],[46.5,-69.16],[41.0,-70.84],[37.75,-71.14],[35.0,-72.43],[31.0,-73.04],[26.25,-72.68],[24.5,-72.92],[19.5,-73.01],[18.0,-72.81],[17.0,-72.31],[13.0,-71.93],[5.0,-72.24],[4.75,-72.43],[3.23,-72.5],[2.25,-73.05],[0.0,-73.62],[-1.75,-73.72],[-2.13,-74.0],[-0.25,-74.65],[0.87,-75.5],[3.75,-76.32],[4.76,-77.25],[5.33,-78.5],[4.21,-79.0],[3.5,-79.71],[2.03,-80.5],[-0.01,-81.0],[-6.25,-81.3],[-14.75,-80.96],[-15.36,-81.0],[-14.81,-81.25],[-22.25,-81.74],[-27.0,-81.62],[-37.5,-82.05],[-38.99,-82.25],[-40.0,-82.73],[-43.75,-82.86],[-46.75,-82.55],[-50.0,-82.55],[-50.75,-82.77],[-56.25,-83.08],[-59.25,-83.8],[-62.0,-83.78]]}},{"type":"Feature","properties":{"level":988},"geometry":{"type":"LineString","coordinates":[[-52.08,-82.0],[-49.25,-82.14],[-48.76,-81.75],[-50.0,-81.6],[-52.08,-82.0]]}},{"type":"Feature","properties":{"level":988},"geometry":{"type":"LineString","coordinates":[[154.33,-80.25],[155.25,-80.31],[155.61,-80.0],[154.75,-79.78],[153.75,-79.81],[153.55,-80.0],[154.33,-80.25]]}},{"type":"Feature","properties":{"level":988},"geometry":{"type":"LineString","coordinates":[[-81.5,-78.55],[-82.25,-77.95],[-84.63,-77.5],[-80.75,-77.59],[-78.83,-77.25],[-78.25,-76.89],[-77.3,-77.25],[-77.5,-77.84],[-79.73,-78.25],[-79.6,-78.5],[-80.0,-78.64],[-81.5,-78.55]]}},{"type":"Feature","properties":{"level":988},"geometry":{"type":"LineString","coordinates":[[-75.25,-78.0],[-73.83,-78.0],[-75.25,-78.0]]}},{"type":"Feature","properties":{"level":988},"geometry":{"type":"LineString","coordinates":[[-180.0,-60.02],[-171.5,-58.0],[-168.5,-57.06],[-166.25,-55.92],[-164.25,-55.3],[-157.0,-55.44],[-154.0,-54.86],[-151.72,-53.75],[-150.56,-52.75],[-149.22,-50.25],[-148.91,-47.75],[-148.08,-47.0],[-147.25,-46.66],[-136.5,-45.76],[-136.0,-45.29],[-129.75,-46.23],[-126.5,-47.13],[-116.25,-51.74],[-113.0,-52.55],[-111.03,-54.5],[-108.4,-56.5],[-101.25,-60.27],[-100.26,-61.5],[-99.88,-62.75],[-99.74,-64.25],[-100.08,-66.75],[-100.02,-70.0],[-100.21,-70.75],[-101.53,-71.75],[-101.63,-72.0],[-101.25,-72.25],[-102.19,-73.0],[-102.16,-73.25],[-102.48,-73.5],[-102.4,-74.0],[-103.51,-75.0],[-102.57,-75.75],[-101.4,-76.25],[-101.25,-76.64],[-100.0,-77.69],[-99.0,-78.05],[-98.8,-78.25],[-99.08,-78.5],[-99.0,-78.75],[-96.37,-79.25],[-93.5,-79.47],[-92.88,-80.0],[-92.25,-80.14],[-89.25,-80.09],[-86.36,-79.5],[-86.82,-79.0],[-85.46,-78.5],[-85.65,-78.0],[-85.0,-77.65],[-85.11,-78.0],[-84.25,-78.68],[-84.43,-79.0],[-84.25,-79.08],[-82.57,-79.5],[-82.41,-79.75],[-78.4,-80.5],[-81.85,-81.25],[-82.75,-81.82],[-84.5,-82.39],[-90.5,-83.28],[-92.5,-83.85],[-92.81,-84.0],[-92.5,-84.32],[-91.5,-84.5],[-94.31,-85.0],[-92.65,-85.25],[-93.75,-85.52],[-95.95,-85.5],[-97.5,-85.13],[-105.09,-85.25],[-104.49,-85.5],[-104.55,-85.75],[-109.75,-86.62],[-132.75,-87.86],[-180.0,-87.96]]}},{"type":"Feature","properties":{"level":988},"geometry":{"type":"LineString","coordinates":[[146.25,19.0],[144.75,19.84],[144.49,21.25],[145.4,22.75],[147.0,23.38],[148.39,22.5],[148.74,21.0],[148.55,20.25],[148.0,19.49],[147.25,19.05],[146.25,19.0]]}},{"type":"Feature","properties":{"level":988},"geometry":{"type":"LineString","coordinates":[[-112.25,19.13],[-112.71,19.75],[-112.5,20.12],[-112.0,20.28],[-111.5,19.75],[-111.75,19.27],[-112.25,19.13]]}},{"type":"Feature","properties":{"level":988},"geometry":{"type":"LineString","coordinates":[[-172.0,22.48],[-172.57,23.0],[-172.25,23.62],[-171.57,23.25],[-171.61,22.75],[-172.0,22.48]]}},{"type":"Feature","properties":{"level":988},"geometry":{"type":"LineString","coordinates":[[180.0,51.39],[177.5,50.43],[175.25,49.99],[170.75,50.37],[168.5,51.01],[166.55,52.0],[165.25,53.3],[164.81,54.5],[165.04,55.5],[165.88,56.5],[167.25,57.31],[169.5,58.2],[174.75,58.86],[180.0,58.63]]}},{"type":"Feature","properties":{"level":988},"geometry":{"type":"LineString","coordinates":[[-180.0,58.63],[-177.5,58.14],[-174.95,57.25],[-173.26,56.0],[-172.83,55.0],[-173.0,54.47],[-175.42,53.75],[-180.0,51.39]]}},{"type":"Feature","properties":{"level":988},"geometry":{"type":"LineString","coordinates":[[-28.0,60.98],[-30.75,61.98],[-32.04,63.0],[-32.51,63.75],[-32.62,64.5],[-31.5,65.82],[-28.25,67.12],[-24.5,67.6],[-21.5,67.52],[-18.5,67.02],[-17.55,66.5],[-17.0,65.66],[-17.14,65.0],[-16.67,64.5],[-17.64,64.25],[-18.31,63.5],[-22.0,61.73],[-25.25,60.76],[-28.0,60.98]]}},{"type":"Feature","properties":{"level":988},"geometry":{"type":"LineString","coordinates":[[114.5,70.99],[110.75,71.36],[108.48,72.0],[108.33,72.25],[109.21,72.5],[109.76,74.0],[110.5,74.34],[113.1,75.0],[116.75,75.19],[120.75,74.99],[124.57,74.5],[125.35,74.25],[126.25,73.31],[127.49,72.5],[127.1,71.75],[126.68,71.5],[124.5,70.75],[123.25,70.86],[122.75,71.26],[119.75,70.81],[114.5,70.99]]}},{"type":"Feature","properties":{"level":992},"geometry":{"type":"LineString","coordinates":[[180.0,-88.11],[159.75,-87.5],[147.5,-87.75],[143.61,-87.5],[141.23,-87.0],[141.13,-86.75],[141.61,-86.5],[145.16,-85.5],[144.99,-84.75],[148.64,-82.75],[148.55,-82.5],[146.83,-81.75],[147.56,-81.5],[147.24,-81.0],[147.87,-80.5],[149.0,-80.0],[151.82,-79.5],[153.36,-78.5],[154.21,-78.25],[156.0,-77.98],[158.0,-78.19],[158.29,-78.0],[158.1,-77.5],[158.28,-77.25],[156.75,-76.78],[157.3,-76.0],[155.83,-75.75],[155.99,-75.5],[156.75,-75.0],[159.25,-74.27],[161.25,-74.43],[162.25,-74.28],[161.75,-73.15],[162.75,-73.28],[163.6,-73.0],[162.75,-72.37],[161.75,-72.74],[161.0,-72.59],[157.75,-71.16],[151.75,-70.09],[149.81,-69.0],[146.75,-68.75],[146.18,-68.5],[146.59,-68.25],[146.5,-68.0],[144.75,-67.65],[144.52,-67.75],[144.77,-68.0],[144.5,-68.03],[144.44,-67.5],[144.11,-67.25],[142.0,-67.11],[134.0,-67.69],[131.5,-68.52],[125.6,-68.75],[121.5,-69.97],[117.75,-70.37],[115.5,-70.32],[114.75,-70.65],[108.25,-70.07],[106.5,-70.12],[103.0,-69.33],[99.5,-69.22],[98.73,-69.5],[100.0,-69.73],[100.74,-70.25],[92.75,-70.35],[91.75,-71.04],[90.07,-71.25],[86.0,-72.63],[78.12,-73.25],[75.31,-75.0],[74.5,-75.18],[72.5,-74.99],[70.5,-75.2],[63.5,-74.97],[61.75,-74.07],[61.21,-73.25],[61.65,-72.25],[63.11,-71.5],[63.43,-70.5],[59.25,-68.97],[55.5,-68.72],[54.5,-68.21],[51.5,-69.35],[46.42,-69.5],[43.0,-70.88],[38.0,-71.58],[36.62,-72.0],[35.25,-72.82],[31.5,-73.31],[26.0,-73.07],[21.25,-73.48],[12.75,-72.07],[11.75,-72.35],[11.0,-72.17],[9.5,-72.42],[6.5,-72.43],[5.5,-72.87],[4.25,-72.9],[2.75,-73.64],[0.31,-74.25],[2.0,-75.16],[5.42,-76.25],[6.92,-77.0],[8.74,-78.25],[9.01,-78.75],[8.88,-79.0],[7.3,-80.25],[-0.5,-81.38],[-10.5,-81.41],[-23.75,-82.14],[-28.5,-81.99],[-36.25,-82.52],[-42.25,-83.61],[-49.0,-82.98],[-54.75,-83.33],[-57.25,-84.09],[-61.5,-84.3],[-69.75,-83.44],[-74.83,-83.5],[-75.25,-83.21],[-77.25,-82.99],[-82.25,-83.06],[-87.5,-83.75],[-87.66,-84.0],[-88.63,-84.25],[-88.4,-84.5],[-90.74,-85.0],[-92.25,-85.59],[-96.0,-85.63],[-97.75,-85.21],[-101.94,-85.25],[-103.5,-86.01],[-106.75,-86.74],[-127.14,-88.0],[-180.0,-88.11]]}},{"type":"Feature","properties":{"level":992},"geometry":{"type":"LineString","coordinates":[[-66.75,-76.1],[-67.0,-76.0],[-65.76,-75.75],[-66.75,-76.1]]}},{"type":"Feature","properties":{"level":992},"geometry":{"type":"LineString","coordinates":[[-180.0,-59.22],[-173.25,-57.65],[-169.7,-56.5],[-165.9,-54.75],[-158.0,-54.39],[-156.5,-54.06],[-153.19,-52.25],[-151.3,-49.75],[-150.29,-47.75],[-149.66,-47.0],[-147.25,-45.84],[-138.75,-44.44],[-138.25,-44.61],[-137.75,-44.12],[-130.0,-45.13],[-126.75,-45.96],[-116.25,-49.83],[-112.5,-50.6],[-107.21,-53.75],[-105.0,-55.63],[-103.55,-56.5],[-100.75,-57.52],[-99.0,-59.75],[-97.66,-62.75],[-97.86,-67.0],[-97.11,-71.0],[-97.88,-72.0],[-97.85,-72.25],[-97.24,-72.5],[-98.32,-73.0],[-98.45,-73.5],[-97.1,-74.25],[-96.98,-75.25],[-96.14,-76.0],[-94.25,-76.39],[-91.02,-77.5],[-91.67,-78.0],[-91.15,-78.75],[-90.5,-78.91],[-87.0,-78.5],[-86.25,-78.0],[-86.1,-77.25],[-85.75,-77.06],[-82.5,-76.88],[-81.0,-77.12],[-79.75,-76.88],[-79.25,-76.52],[-72.0,-76.81],[-67.5,-76.25],[-68.55,-76.75],[-66.5,-77.05],[-65.25,-77.82],[-63.5,-77.91],[-60.13,-77.5],[-57.2,-76.5],[-55.63,-75.25],[-53.62,-74.25],[-53.0,-73.49],[-39.12,-65.75],[-35.68,-63.5],[-33.78,-62.5],[-27.56,-60.5],[-26.99,-59.75],[-26.83,-59.0],[-28.86,-54.75],[-29.68,-52.25],[-29.62,-50.75],[-29.04,-48.75],[-29.04,-47.0],[-26.22,-44.25],[-22.25,-42.89],[-20.25,-43.17],[-18.5,-43.11],[-11.0,-42.15],[-7.25,-41.96],[-3.25,-42.46],[0.73,-44.0],[2.23,-45.0],[6.04,-48.75],[7.92,-51.75],[8.36,-54.75],[7.21,-59.75],[7.34,-60.75],[9.25,-61.95],[11.0,-62.42],[15.0,-62.92],[19.5,-62.83],[24.75,-61.86],[33.25,-59.21],[35.75,-57.78],[39.25,-57.09],[44.0,-57.25],[50.0,-56.93],[56.5,-58.12],[60.25,-58.07],[63.75,-57.02],[69.75,-54.03],[73.25,-53.22],[73.75,-52.91],[74.75,-52.95],[81.5,-51.09],[93.25,-47.06],[96.75,-46.71],[99.75,-46.82],[109.0,-45.92],[111.75,-46.2],[113.75,-46.76],[125.35,-51.75],[131.5,-54.95],[136.24,-58.0],[138.82,-60.0],[142.5,-61.8],[149.38,-63.75],[153.75,-64.3],[156.0,-65.47],[158.25,-65.59],[160.75,-65.31],[163.5,-64.68],[166.34,-63.75],[169.47,-62.0],[180.0,-59.22]]}},{"type":"Feature","properties":{"level":992},"geometry":{"type":"LineString","coordinates":[[-106.75,-47.64],[-107.0,-47.15],[-105.75,-46.22],[-105.0,-46.36],[-104.47,-47.0],[-104.75,-47.44],[-105.25,-47.56],[-106.25,-47.12],[-106.75,-47.64]]}},{"type":"Feature","properties":{"level":992},"geometry":{"type":"LineString","coordinates":[[145.75,18.73],[144.75,19.33],[144.17,20.0],[143.9,20.75],[143.95,21.75],[145.0,23.1],[146.5,23.7],[147.25,23.67],[148.5,22.97],[149.32,22.0],[149.37,20.75],[148.6,19.5],[147.75,18.8],[146.5,18.57],[145.75,18.73]]}},{"type":"Feature","properties":{"level":992},"geometry":{"type":"LineString","coordinates":[[-112.5,19.07],[-112.87,19.5],[-112.8,20.0],[-112.25,20.43],[-111.75,20.37],[-111.38,20.0],[-111.4,19.5],[-111.75,19.08],[-112.5,19.07]]}},{"type":"Feature","properties":{"level":992},"geometry":{"type":"LineString","coordinates":[[-172.25,22.41],[-172.63,22.75],[-172.68,23.25],[-172.29,23.75],[-172.0,23.76],[-171.4,23.0],[-171.75,22.44],[-172.25,22.41]]}},{"type":"Feature","properties":{"level":992},"geometry":{"type":"LineString","coordinates":[[180.0,50.3],[177.0,49.55],[174.5,49.34],[171.5,49.54],[168.75,50.12],[166.25,51.07],[164.85,52.0],[163.47,53.75],[163.03,55.25],[163.07,56.0],[164.75,57.52],[166.5,58.4],[168.43,59.0],[174.0,59.68],[180.0,59.45]]}},{"type":"Feature","properties":{"level":992},"geometry":{"type":"LineString","coordinates":[[-180.0,59.45],[-176.0,58.59],[-172.75,57.15],[-171.55,56.0],[-170.79,53.5],[-171.0,52.99],[-171.75,52.55],[-174.5,52.33],[-177.0,51.19],[-180.0,50.3]]}},{"type":"Feature","properties":{"level":992},"geometry":{"type":"LineString","coordinates":[[-26.75,60.23],[-30.6,61.0],[-33.82,62.5],[-34.88,63.75],[-35.22,65.25],[-34.75,66.16],[-33.29,67.5],[-32.0,68.31],[-31.25,68.15],[-26.25,68.8],[-23.0,68.84],[-19.75,68.57],[-17.5,68.08],[-14.77,67.0],[-13.7,66.0],[-13.75,65.57],[-15.28,64.25],[-15.25,64.0],[-15.89,63.25],[-17.12,62.5],[-23.04,60.5],[-25.0,60.14],[-26.75,60.23]]}},{"type":"Feature","properties":{"level":992},"geometry":{"type":"LineString","coordinates":[[-66.25,61.93],[-67.5,62.25],[-68.5,62.87],[-68.5,63.12],[-66.99,63.25],[-69.75,64.68],[-70.59,65.75],[-70.69,66.0],[-70.5,66.15],[-69.3,66.5],[-69.1,67.25],[-65.75,67.36],[-64.97,66.5],[-65.25,66.2],[-66.0,66.05],[-66.25,66.34],[-67.07,66.25],[-65.5,65.78],[-64.0,66.35],[-63.25,66.06],[-61.5,66.75],[-61.38,67.5],[-60.75,68.07],[-59.5,68.55],[-58.0,68.77],[-55.36,68.5],[-54.25,66.91],[-51.99,66.5],[-53.5,66.21],[-53.65,65.75],[-53.25,64.75],[-55.0,64.08],[-60.0,64.52],[-64.75,64.34],[-64.39,63.75],[-65.25,63.25],[-65.1,62.75],[-63.6,63.0],[-64.25,62.32],[-66.25,61.93]]}},{"type":"Feature","properties":{"level":992},"geometry":{"type":"LineString","coordinates":[[-64.0,61.92],[-64.0,62.1],[-63.74,62.0],[-64.0,61.92]]}},{"type":"Feature","properties":{"level":992},"geometry":{"type":"LineString","coordinates":[[-67.06,62.75],[-66.78,62.75],[-67.0,62.93],[-67.06,62.75]]}},{"type":"Feature","properties":{"level":992},"geometry":{"type":"LineString","coordinates":[[-64.5,64.75],[-63.0,64.59],[-62.09,65.0],[-61.75,65.5],[-63.25,65.66],[-64.5,65.17],[-64.72,65.0],[-64.5,64.75]]}},{"type":"Feature","properties":{"level":992},"geometry":{"type":"LineString","coordinates":[[116.5,69.2],[106.72,71.75],[105.41,72.5],[105.03,73.0],[105.75,73.84],[110.0,75.41],[112.75,75.93],[115.75,76.12],[119.5,76.05],[126.25,75.26],[129.25,74.41],[130.44,73.75],[130.81,73.25],[130.77,72.5],[129.5,71.39],[129.25,70.84],[128.25,70.71],[126.25,69.93],[121.5,69.11],[116.5,69.2]]}},{"type":"Feature","properties":{"level":996},"geometry":{"type":"LineString","coordinates":[[180.0,-88.24],[145.0,-87.98],[139.44,-87.75],[137.69,-87.25],[137.7,-87.0],[138.51,-86.5],[142.14,-85.5],[142.26,-85.25],[141.54,-85.0],[142.06,-84.75],[145.23,-84.0],[145.34,-83.75],[144.66,-83.5],[146.32,-83.0],[146.45,-82.75],[144.51,-81.75],[144.78,-81.5],[144.51,-81.0],[152.61,-78.25],[156.48,-77.5],[155.55,-76.75],[155.61,-76.5],[154.53,-75.75],[154.45,-75.5],[154.75,-75.21],[156.25,-74.51],[159.25,-73.72],[160.5,-74.24],[161.91,-74.25],[161.97,-74.0],[161.3,-73.25],[159.0,-72.62],[157.75,-71.77],[151.75,-70.83],[147.43,-69.25],[144.75,-68.49],[143.25,-68.38],[142.92,-68.25],[142.94,-67.75],[141.25,-67.45],[134.0,-68.08],[132.25,-68.77],[126.25,-69.36],[119.0,-71.0],[117.5,-71.1],[113.75,-71.05],[111.25,-70.74],[108.75,-71.1],[104.75,-70.01],[101.44,-69.75],[101.47,-70.5],[101.0,-70.87],[93.25,-70.87],[92.9,-71.0],[92.76,-71.5],[92.5,-71.62],[86.75,-73.14],[79.75,-73.43],[77.5,-74.22],[76.5,-75.0],[75.25,-75.55],[73.75,-75.38],[65.75,-75.62],[61.25,-75.07],[60.61,-74.75],[60.13,-73.25],[60.3,-73.0],[59.7,-72.25],[61.68,-71.5],[62.81,-70.5],[58.5,-69.2],[54.25,-68.94],[50.25,-70.13],[49.25,-70.14],[48.5,-69.69],[47.75,-69.75],[43.25,-71.33],[38.0,-71.94],[35.5,-73.07],[32.25,-73.52],[26.5,-73.5],[22.75,-73.84],[15.0,-72.69],[6.75,-72.63],[6.43,-72.75],[6.45,-73.0],[5.02,-73.25],[4.0,-73.89],[2.42,-74.25],[2.33,-74.5],[3.38,-75.25],[6.16,-76.0],[11.46,-78.0],[12.28,-78.5],[12.26,-78.75],[11.44,-79.5],[8.83,-80.25],[3.81,-81.25],[0.25,-81.57],[-11.25,-81.74],[-16.5,-82.3],[-32.25,-83.01],[-37.75,-83.44],[-43.25,-84.26],[-47.03,-84.0],[-47.69,-83.5],[-50.5,-83.34],[-53.98,-83.5],[-56.28,-84.25],[-56.47,-84.5],[-66.25,-84.94],[-71.5,-84.87],[-75.98,-84.25],[-79.75,-84.17],[-84.5,-84.46],[-84.75,-84.75],[-87.45,-85.0],[-87.76,-85.25],[-87.35,-85.5],[-87.5,-85.56],[-89.75,-85.89],[-97.25,-86.0],[-97.12,-86.25],[-97.42,-86.5],[-98.77,-86.75],[-117.25,-88.0],[-136.0,-88.32],[-180.0,-88.24]]}},{"type":"Feature","properties":{"level":996},"geometry":{"type":"LineString","coordinates":[[162.08,-73.0],[163.22,-73.0],[162.75,-72.59],[162.2,-72.75],[162.08,-73.0]]}},{"type":"Feature","properties":{"level":996},"geometry":{"type":"LineString","coordinates":[[-180.0,-58.47],[-172.25,-56.41],[-167.5,-54.23],[-160.0,-53.5],[-157.75,-52.85],[-155.81,-51.75],[-153.97,-49.75],[-152.33,-47.5],[-149.5,-45.58],[-147.0,-44.68],[-140.25,-43.31],[-140.0,-43.05],[-136.0,-43.19],[-131.75,-43.69],[-127.5,-44.56],[-121.0,-46.62],[-117.75,-47.28],[-116.75,-47.3],[-115.25,-46.55],[-113.0,-47.78],[-110.75,-48.42],[-109.5,-47.78],[-107.25,-45.12],[-106.25,-44.46],[-105.75,-44.41],[-105.0,-44.76],[-103.29,-46.5],[-103.11,-47.25],[-103.79,-48.75],[-103.27,-50.25],[-102.79,-50.75],[-102.35,-51.75],[-96.0,-59.53],[-95.53,-61.0],[-95.56,-66.75],[-94.61,-69.0],[-93.74,-70.25],[-92.32,-71.75],[-91.52,-72.25],[-91.7,-72.5],[-91.32,-73.0],[-91.55,-73.5],[-91.98,-73.75],[-91.0,-74.25],[-91.13,-74.75],[-89.5,-75.49],[-85.75,-75.25],[-82.5,-75.77],[-79.25,-75.41],[-76.92,-76.0],[-73.25,-76.25],[-67.5,-75.78],[-61.44,-73.75],[-61.37,-73.25],[-60.95,-73.0],[-61.49,-72.5],[-61.25,-72.31],[-60.93,-72.25],[-60.75,-72.53],[-59.25,-72.39],[-50.5,-69.08],[-43.0,-65.77],[-36.75,-62.39],[-31.03,-60.0],[-30.0,-59.02],[-29.95,-57.75],[-30.86,-55.0],[-31.16,-53.25],[-31.03,-49.0],[-31.48,-47.5],[-29.07,-45.25],[-27.25,-43.87],[-23.0,-41.96],[-17.75,-41.86],[-10.5,-41.03],[-6.75,-40.96],[-4.0,-41.21],[-2.0,-41.65],[1.25,-42.94],[5.75,-47.07],[7.99,-50.0],[8.62,-51.25],[9.36,-54.25],[9.52,-59.5],[10.62,-60.5],[12.26,-61.25],[17.5,-61.83],[19.75,-61.59],[27.25,-59.9],[37.29,-56.25],[44.75,-55.8],[46.0,-55.18],[46.25,-54.57],[46.75,-54.37],[52.31,-56.25],[54.5,-56.75],[58.0,-57.1],[61.0,-56.74],[64.5,-55.54],[69.25,-53.5],[81.37,-50.25],[91.5,-46.59],[95.5,-45.96],[100.75,-45.64],[107.25,-44.88],[112.0,-45.34],[117.25,-47.16],[130.5,-53.33],[139.03,-58.5],[141.25,-59.59],[144.25,-60.77],[151.5,-62.58],[154.25,-62.85],[156.5,-62.76],[165.25,-61.72],[180.0,-58.47]]}},{"type":"Feature","properties":{"level":996},"geometry":{"type":"LineString","coordinates":[[-82.5,-50.0],[-85.24,-49.0],[-86.06,-47.75],[-85.99,-47.25],[-83.51,-45.25],[-81.25,-44.49],[-79.0,-44.46],[-76.5,-45.1],[-75.28,-46.0],[-74.98,-46.75],[-75.21,-47.75],[-76.5,-48.64],[-79.75,-49.97],[-82.5,-50.0]]}},{"type":"Feature","properties":{"level":996},"geometry":{"type":"LineString","coordinates":[[-75.25,-49.89],[-75.67,-48.75],[-75.0,-48.28],[-73.95,-48.25],[-74.13,-48.75],[-73.89,-49.25],[-74.75,-49.97],[-75.25,-49.89]]}},{"type":"Feature","properties":{"level":996},"geometry":{"type":"LineString","coordinates":[[-67.0,-49.26],[-67.52,-48.75],[-66.78,-47.75],[-66.77,-47.5],[-67.25,-47.16],[-67.75,-47.14],[-69.0,-47.96],[-69.75,-47.87],[-71.75,-48.22],[-71.89,-48.0],[-71.21,-47.5],[-71.49,-47.25],[-70.7,-46.75],[-70.86,-46.5],[-70.5,-46.22],[-67.5,-46.58],[-66.75,-47.12],[-65.75,-47.14],[-65.15,-47.5],[-65.09,-48.0],[-65.34,-48.25],[-66.59,-48.5],[-67.0,-49.26]]}},{"type":"Feature","properties":{"level":996},"geometry":{"type":"LineString","coordinates":[[-62.75,-24.67],[-62.75,-24.4],[-62.75,-24.67]]}},{"type":"Feature","properties":{"level":996},"geometry":{"type":"LineString","coordinates":[[-63.25,-22.8],[-63.74,-22.25],[-63.5,-22.01],[-62.75,-22.72],[-62.75,-22.99],[-63.25,-22.8]]}},{"type":"Feature","properties":{"level":996},"geometry":{"type":"LineString","coordinates":[[-63.25,-18.84],[-63.25,-18.5],[-63.25,-18.84]]}},{"type":"Feature","properties":{"level":996},"geometry":{"type":"LineString","coordinates":[[146.75,17.98],[145.12,18.25],[143.86,19.25],[143.16,20.5],[143.23,22.0],[143.75,23.17],[144.5,23.73],[147.0,24.27],[148.0,24.18],[148.5,23.69],[148.81,23.75],[148.7,23.5],[149.14,23.25],[149.85,22.25],[150.01,20.5],[149.0,18.83],[147.75,18.17],[146.75,17.98]]}},{"type":"Feature","properties":{"level":996},"geometry":{"type":"LineString","coordinates":[[-112.75,18.97],[-113.12,19.5],[-112.93,20.25],[-112.25,20.66],[-111.5,20.45],[-111.14,19.75],[-111.5,19.01],[-112.0,18.76],[-112.75,18.97]]}},{"type":"Feature","properties":{"level":996},"geometry":{"type":"LineString","coordinates":[[-172.0,22.23],[-172.7,22.5],[-172.88,23.0],[-172.51,23.75],[-172.0,23.92],[-171.5,23.63],[-171.24,23.0],[-171.49,22.5],[-172.0,22.23]]}},{"type":"Feature","properties":{"level":996},"geometry":{"type":"LineString","coordinates":[[180.0,49.32],[174.75,48.57],[170.0,48.93],[167.25,49.57],[162.0,51.26],[159.0,53.0],[159.92,54.25],[161.22,55.25],[162.3,57.75],[163.0,58.46],[164.17,59.0],[166.75,59.85],[170.0,60.42],[175.5,60.79],[180.0,60.52]]}},{"type":"Feature","properties":{"level":996},"geometry":{"type":"LineString","coordinates":[[-153.0,53.73],[-154.0,54.1],[-154.56,54.75],[-154.25,56.75],[-153.0,57.1],[-151.22,58.0],[-150.08,58.0],[-149.27,57.25],[-149.08,56.75],[-149.08,55.75],[-149.5,54.97],[-150.5,54.08],[-152.0,53.67],[-153.0,53.73]]}},{"type":"Feature","properties":{"level":996},"geometry":{"type":"LineString","coordinates":[[-63.5,58.74],[-64.0,59.2],[-68.0,60.33],[-72.25,63.16],[-76.32,64.25],[-77.2,65.25],[-79.37,66.5],[-80.12,67.25],[-80.56,68.25],[-80.44,69.5],[-80.13,70.0],[-79.0,70.57],[-74.45,70.25],[-71.75,69.45],[-71.0,69.77],[-68.38,69.75],[-68.28,70.5],[-68.5,70.69],[-71.08,71.25],[-71.08,71.5],[-72.61,72.25],[-74.0,72.6],[-77.25,74.38],[-77.48,74.75],[-77.42,75.25],[-76.63,76.25],[-74.25,77.47],[-73.5,77.61],[-70.75,77.38],[-70.65,77.25],[-70.97,77.0],[-70.75,76.89],[-68.5,76.59],[-68.0,76.2],[-62.5,76.25],[-60.2,76.0],[-58.25,75.6],[-57.75,75.13],[-56.57,74.75],[-55.75,74.05],[-54.5,74.36],[-53.45,74.0],[-49.0,75.28],[-47.91,74.5],[-47.64,74.0],[-48.24,73.25],[-47.48,72.25],[-48.1,70.75],[-45.75,68.5],[-45.58,68.25],[-45.86,68.0],[-45.39,67.5],[-44.26,67.0],[-43.31,66.25],[-44.0,66.07],[-44.93,66.5],[-45.5,67.07],[-46.5,67.31],[-46.66,67.5],[-46.32,67.75],[-47.5,68.55],[-49.49,68.5],[-49.6,68.25],[-48.98,68.0],[-49.39,67.25],[-49.11,66.5],[-49.69,66.0],[-49.65,65.5],[-50.07,64.5],[-51.25,64.86],[-51.58,64.25],[-54.0,62.91],[-58.0,61.54],[-59.45,60.25],[-60.75,59.53],[-62.25,58.9],[-63.5,58.74]]}},{"type":"Feature","properties":{"level":996},"geometry":{"type":"LineString","coordinates":[[-28.75,59.73],[-33.25,60.84],[-38.25,63.0],[-43.04,62.75],[-42.5,62.06],[-42.25,62.5],[-41.75,62.56],[-41.18,61.75],[-41.75,61.25],[-42.5,61.02],[-43.44,61.75],[-43.59,62.5],[-43.31,63.25],[-42.05,65.0],[-40.82,65.5],[-39.06,66.75],[-37.89,66.75],[-35.5,67.33],[-34.27,68.0],[-34.39,68.25],[-33.76,68.5],[-33.5,68.97],[-30.25,69.01],[-29.25,69.16],[-29.0,69.4],[-25.56,69.5],[-25.85,70.0],[-26.63,70.5],[-25.61,71.0],[-25.75,71.21],[-26.37,71.25],[-25.75,71.28],[-25.57,71.5],[-26.5,71.75],[-25.0,72.08],[-24.75,72.74],[-23.24,73.0],[-23.5,73.59],[-23.0,73.31],[-22.44,73.75],[-21.25,73.68],[-20.75,74.09],[-19.07,74.5],[-18.77,75.25],[-18.2,75.75],[-17.0,76.19],[-16.49,76.75],[-17.29,78.25],[-16.75,78.93],[-15.5,79.59],[-12.0,80.44],[-9.17,81.5],[-9.09,81.75],[-10.0,82.25],[-9.77,82.5],[-6.6,83.25],[-3.5,84.3],[-0.25,84.65],[5.0,84.8],[7.2,84.75],[8.62,84.25],[5.64,83.25],[6.25,83.05],[13.01,82.25],[13.08,82.0],[11.68,81.25],[11.08,80.5],[9.38,79.5],[8.04,77.5],[5.8,76.5],[-1.0,74.49],[-3.75,74.2],[-7.0,74.18],[-9.43,73.75],[-10.77,73.0],[-14.63,71.75],[-15.44,70.75],[-15.57,70.0],[-14.55,69.0],[-12.0,67.38],[-11.3,66.25],[-11.75,65.17],[-15.25,62.2],[-18.08,61.0],[-22.25,59.84],[-25.25,59.53],[-28.75,59.73]]}},{"type":"Feature","properties":{"level":996},"geometry":{"type":"LineString","coordinates":[[-180.0,60.52],[-175.75,59.63],[-172.55,58.5],[-170.44,57.0],[-169.56,56.0],[-169.08,54.0],[-169.57,51.75],[-170.65,50.75],[-173.25,50.87],[-180.0,49.32]]}},{"type":"Feature","properties":{"level":996},"geometry":{"type":"LineString","coordinates":[[148.5,64.47],[148.06,64.75],[148.18,65.0],[149.25,65.11],[150.02,66.0],[149.36,67.0],[150.72,67.75],[149.89,68.75],[150.1,69.25],[150.88,69.5],[152.95,69.5],[154.25,69.15],[155.38,68.5],[155.51,67.75],[155.3,67.5],[153.5,66.88],[153.25,66.45],[152.08,66.25],[151.96,65.5],[151.0,64.64],[150.0,64.71],[149.0,64.26],[148.5,64.47]]}},{"type":"Feature","properties":{"level":996},"geometry":{"type":"LineString","coordinates":[[117.75,67.99],[114.5,68.24],[112.75,68.61],[108.75,70.24],[105.25,71.29],[102.71,72.5],[101.69,73.25],[101.16,74.0],[101.23,74.75],[108.8,76.0],[109.0,76.25],[106.63,76.5],[108.5,76.84],[114.0,77.33],[118.75,77.31],[125.25,76.81],[129.25,76.12],[133.0,74.75],[134.0,74.02],[134.28,73.5],[133.91,72.5],[132.21,70.75],[130.5,70.01],[130.0,69.55],[129.37,69.5],[129.5,69.75],[129.0,69.8],[125.5,68.68],[123.0,68.22],[117.75,67.99]]}},{"type":"Feature","properties":{"level":996},"geometry":{"type":"LineString","coordinates":[[-27.0,70.15],[-27.0,70.33],[-27.0,70.15]]}},{"type":"Feature","properties":{"level":996},"geometry":{"type":"LineString","coordinates":[[-24.56,71.5],[-24.06,71.5],[-24.56,71.5]]}},{"type":"Feature","properties":{"level":996},"geometry":{"type":"LineString","coordinates":[[150.25,71.43],[149.7,71.75],[148.5,73.17],[144.75,74.81],[144.34,75.5],[142.41,76.75],[144.53,76.75],[149.07,75.0],[150.22,74.0],[150.92,72.75],[150.97,72.25],[150.25,71.43]]}},{"type":"Feature","properties":{"level":996},"geometry":{"type":"LineString","coordinates":[[-19.75,75.97],[-19.5,76.0],[-19.75,75.97]]}},{"type":"Feature","properties":{"level":996},"geometry":{"type":"LineString","coordinates":[[142.0,76.98],[142.32,77.0],[142.0,76.98]]}},{"type":"Feature","properties":{"level":996},"geometry":{"type":"LineString","coordinates":[[139.25,77.47],[138.54,77.75],[139.5,77.8],[140.42,77.5],[139.25,77.47]]}},{"type":"Feature","properties":{"level":1000},"geometry":{"type":"LineString","coordinates":[[180.0,-88.35],[146.13,-88.25],[138.52,-88.0],[135.0,-87.5],[134.75,-87.25],[135.46,-86.75],[138.47,-85.75],[139.67,-84.75],[142.89,-84.0],[141.38,-83.5],[142.93,-83.0],[141.26,-82.25],[142.34,-81.5],[142.18,-81.0],[150.75,-78.33],[154.93,-77.5],[155.03,-77.25],[154.35,-76.5],[153.07,-75.5],[153.23,-75.25],[155.0,-74.02],[157.34,-73.75],[157.59,-73.5],[157.25,-73.14],[155.25,-73.07],[154.66,-72.75],[157.75,-72.89],[158.02,-73.0],[157.58,-73.25],[158.0,-73.36],[159.15,-73.25],[159.08,-73.0],[156.77,-72.0],[151.76,-71.5],[147.47,-70.0],[144.5,-69.15],[142.25,-68.82],[140.25,-68.02],[134.5,-68.3],[133.25,-68.89],[126.68,-69.75],[121.56,-71.25],[116.5,-71.78],[111.52,-72.0],[109.0,-71.56],[106.5,-70.75],[105.79,-70.75],[105.75,-71.04],[104.74,-71.0],[102.25,-70.25],[102.6,-70.75],[101.5,-71.35],[99.75,-71.1],[97.25,-71.32],[95.5,-71.66],[95.59,-72.0],[94.87,-72.25],[87.25,-73.46],[82.75,-73.64],[79.5,-74.06],[78.25,-74.45],[75.75,-75.75],[67.0,-76.18],[60.75,-75.57],[58.75,-74.95],[58.56,-74.75],[59.17,-74.0],[58.8,-73.25],[58.92,-72.75],[58.58,-72.25],[58.7,-72.0],[60.71,-71.25],[61.85,-70.5],[61.41,-70.25],[58.25,-70.01],[57.75,-69.74],[52.75,-69.98],[43.0,-71.81],[38.54,-72.25],[35.5,-73.4],[28.25,-74.12],[22.5,-74.02],[13.75,-72.91],[7.25,-73.13],[3.78,-74.5],[3.88,-75.0],[13.5,-77.71],[14.75,-78.21],[14.8,-78.5],[13.25,-79.31],[5.25,-81.39],[0.25,-81.86],[-6.0,-81.87],[-13.5,-82.63],[-16.06,-83.25],[-21.25,-83.79],[-27.25,-83.81],[-32.19,-84.25],[-43.75,-84.78],[-50.75,-84.82],[-58.25,-85.36],[-60.05,-85.25],[-59.26,-85.0],[-61.5,-84.93],[-74.25,-85.31],[-75.79,-85.5],[-75.58,-85.75],[-75.78,-86.25],[-71.0,-86.26],[-65.0,-85.61],[-60.8,-85.5],[-66.0,-86.32],[-86.84,-87.5],[-101.5,-87.68],[-110.75,-88.16],[-126.0,-88.38],[-180.0,-88.35]]}},{"type":"Feature","properties":{"level":1000},"geometry":{"type":"LineString","coordinates":[[-53.44,-84.0],[-51.8,-84.0],[-53.44,-84.0]]}},{"type":"Feature","properties":{"level":1000},"geometry":{"type":"LineString","coordinates":[[160.15,-74.0],[161.64,-74.0],[161.0,-73.34],[159.58,-73.25],[160.15,-74.0]]}},{"type":"Feature","properties":{"level":1000},"geometry":{"type":"LineString","coordinates":[[-180.0,-57.52],[-174.33,-56.0],[-169.0,-53.66],[-162.36,-52.75],[-160.0,-52.12],[-158.65,-51.5],[-156.8,-50.0],[-155.78,-49.0],[-154.33,-46.75],[-152.75,-45.23],[-142.75,-41.94],[-138.0,-41.91],[-133.25,-42.24],[-129.25,-42.84],[-120.5,-44.87],[-118.35,-44.75],[-117.25,-44.41],[-116.75,-43.9],[-113.25,-45.02],[-111.75,-45.13],[-110.5,-44.91],[-108.0,-43.65],[-105.25,-42.8],[-104.0,-43.28],[-102.2,-45.25],[-101.77,-46.0],[-101.25,-48.5],[-100.37,-50.25],[-97.33,-54.0],[-96.25,-54.77],[-95.0,-55.08],[-94.0,-54.82],[-92.5,-55.31],[-92.12,-57.25],[-92.35,-60.0],[-93.06,-62.0],[-93.27,-63.5],[-93.13,-66.25],[-92.27,-67.75],[-90.5,-69.57],[-88.75,-70.66],[-84.74,-72.25],[-84.05,-73.0],[-84.41,-73.25],[-86.23,-73.5],[-86.43,-73.75],[-86.2,-74.0],[-84.5,-74.61],[-79.25,-74.47],[-75.5,-75.27],[-69.5,-75.52],[-66.9,-75.0],[-65.25,-74.15],[-64.25,-74.0],[-62.62,-73.0],[-62.65,-72.5],[-63.08,-72.25],[-62.09,-71.5],[-62.43,-71.0],[-63.0,-70.75],[-62.65,-70.25],[-62.93,-69.5],[-64.54,-68.75],[-64.5,-68.16],[-62.73,-68.0],[-61.57,-67.5],[-59.25,-67.06],[-50.5,-66.26],[-39.09,-61.75],[-35.87,-60.25],[-33.9,-59.0],[-33.25,-58.29],[-33.0,-57.5],[-32.92,-55.25],[-33.11,-53.75],[-32.64,-48.5],[-32.82,-47.0],[-29.5,-44.09],[-27.0,-42.6],[-23.75,-41.08],[-13.0,-40.02],[-7.75,-39.84],[-4.0,-40.01],[-0.25,-40.98],[1.5,-41.92],[4.69,-44.75],[8.84,-49.75],[10.02,-52.25],[11.31,-57.75],[12.42,-59.25],[14.0,-59.82],[17.75,-60.44],[20.0,-60.36],[22.25,-59.87],[25.75,-58.76],[28.5,-58.2],[31.75,-56.95],[37.5,-55.18],[43.75,-54.63],[46.5,-53.51],[48.25,-53.73],[54.75,-55.68],[57.5,-56.01],[60.25,-55.76],[71.25,-52.16],[79.86,-49.75],[89.25,-46.24],[94.25,-45.22],[100.0,-44.43],[106.5,-43.86],[111.75,-44.38],[117.5,-46.23],[129.0,-51.35],[141.5,-58.17],[146.25,-59.81],[152.25,-61.19],[155.0,-61.51],[160.3,-61.25],[166.25,-60.31],[180.0,-57.52]]}},{"type":"Feature","properties":{"level":1000},"geometry":{"type":"LineString","coordinates":[[-74.25,-53.05],[-74.25,-52.86],[-74.25,-53.05]]}},{"type":"Feature","properties":{"level":1000},"geometry":{"type":"LineString","coordinates":[[-74.75,-52.77],[-79.5,-52.5],[-83.5,-52.66],[-86.75,-52.09],[-88.25,-51.33],[-88.73,-50.75],[-89.09,-48.5],[-88.25,-46.75],[-86.46,-45.25],[-84.54,-44.25],[-81.5,-43.4],[-78.75,-43.2],[-76.0,-43.5],[-73.75,-44.29],[-73.42,-44.75],[-73.25,-45.66],[-73.0,-45.68],[-72.0,-45.05],[-71.41,-44.25],[-71.25,-43.0],[-71.0,-42.65],[-70.34,-42.5],[-70.18,-42.25],[-70.44,-42.0],[-70.25,-41.92],[-69.0,-42.22],[-67.25,-42.14],[-66.75,-42.43],[-65.75,-42.38],[-65.5,-42.5],[-65.85,-42.75],[-65.74,-43.0],[-64.75,-43.01],[-64.66,-43.5],[-63.5,-44.16],[-60.0,-44.63],[-59.22,-45.75],[-59.16,-47.0],[-59.85,-48.0],[-65.04,-51.25],[-67.25,-51.87],[-71.25,-51.72],[-71.95,-51.25],[-71.67,-51.0],[-71.73,-50.75],[-72.75,-50.73],[-73.39,-51.0],[-73.71,-52.75],[-74.75,-52.77]]}},{"type":"Feature","properties":{"level":1000},"geometry":{"type":"LineString","coordinates":[[-66.75,-28.53],[-67.52,-28.0],[-67.25,-28.19],[-67.0,-27.71],[-66.75,-27.9],[-66.5,-27.78],[-66.47,-28.5],[-66.75,-28.53]]}},{"type":"Feature","properties":{"level":1000},"geometry":{"type":"LineString","coordinates":[[-63.0,-28.02],[-63.82,-27.25],[-64.5,-26.99],[-64.45,-25.75],[-65.0,-25.75],[-64.85,-25.25],[-65.68,-25.5],[-65.37,-24.0],[-64.74,-23.25],[-65.0,-22.75],[-64.81,-21.5],[-64.5,-21.25],[-64.74,-20.5],[-64.43,-19.5],[-64.75,-18.8],[-65.25,-18.8],[-65.58,-18.25],[-65.25,-17.94],[-64.73,-18.0],[-64.67,-18.25],[-64.0,-18.64],[-63.5,-18.07],[-63.0,-18.08],[-61.75,-18.74],[-59.42,-19.5],[-58.99,-20.0],[-58.9,-21.0],[-59.26,-21.75],[-59.41,-23.5],[-59.22,-24.25],[-59.66,-24.75],[-59.44,-25.25],[-59.75,-25.32],[-60.0,-25.85],[-61.5,-26.1],[-61.4,-27.0],[-63.0,-28.02]]}},{"type":"Feature","properties":{"level":1000},"geometry":{"type":"LineString","coordinates":[[-65.5,-27.79],[-65.23,-27.75],[-65.5,-27.79]]}},{"type":"Feature","properties":{"level":1000},"geometry":{"type":"LineString","coordinates":[[-59.25,-26.35],[-59.25,-26.07],[-59.25,-26.35]]}},{"type":"Feature","properties":{"level":1000},"geometry":{"type":"LineString","coordinates":[[146.75,16.97],[144.5,17.19],[143.5,17.59],[142.04,19.25],[141.64,20.5],[141.53,21.75],[142.08,23.0],[143.0,24.04],[145.25,25.1],[146.75,25.13],[149.25,24.44],[150.55,23.25],[150.27,23.0],[150.96,21.75],[150.83,20.0],[149.59,18.0],[148.5,17.2],[146.75,16.97]]}},{"type":"Feature","properties":{"level":1000},"geometry":{"type":"LineString","coordinates":[[-112.75,18.43],[-113.52,19.25],[-113.59,20.0],[-113.35,20.5],[-112.5,21.05],[-111.25,20.82],[-110.75,20.0],[-111.0,18.85],[-111.75,18.38],[-112.75,18.43]]}},{"type":"Feature","properties":{"level":1000},"geometry":{"type":"LineString","coordinates":[[-172.5,22.12],[-172.99,22.5],[-173.13,23.25],[-172.5,23.98],[-171.75,24.05],[-171.12,23.5],[-170.97,22.75],[-171.75,22.07],[-172.5,22.12]]}},{"type":"Feature","properties":{"level":1000},"geometry":{"type":"LineString","coordinates":[[180.0,48.22],[175.0,47.64],[172.25,47.61],[164.5,48.75],[160.37,50.0],[158.17,51.25],[157.78,51.75],[158.13,52.5],[157.75,53.5],[158.27,54.0],[157.91,54.25],[157.96,55.25],[158.44,55.5],[157.75,56.44],[155.75,56.56],[153.0,58.49],[151.0,58.49],[148.25,57.75],[146.0,57.51],[143.5,58.03],[142.0,58.79],[141.74,59.0],[142.16,59.5],[141.8,60.25],[142.2,61.25],[143.09,62.0],[143.5,62.06],[144.0,61.68],[145.15,62.5],[144.89,63.0],[145.05,63.25],[144.75,63.3],[144.41,64.0],[142.25,65.23],[141.9,65.75],[143.25,65.87],[143.48,66.0],[143.27,66.25],[143.75,66.61],[146.25,66.75],[145.52,68.5],[145.5,69.5],[143.75,70.69],[141.0,71.19],[137.5,71.18],[136.08,70.5],[133.5,69.85],[132.96,69.25],[130.75,68.23],[129.0,68.79],[122.5,67.01],[119.25,66.76],[115.0,66.96],[110.75,67.68],[108.92,68.25],[107.3,69.0],[106.3,69.75],[100.81,72.0],[97.25,74.25],[97.56,74.5],[97.25,75.14],[96.7,75.5],[96.77,76.5],[97.05,77.0],[98.08,77.75],[101.25,78.56],[103.5,78.5],[106.75,79.09],[118.5,80.06],[129.75,79.85],[137.0,79.25],[143.25,78.41],[148.5,77.35],[152.88,76.0],[155.34,74.75],[157.25,72.89],[158.5,72.05],[164.4,70.25],[165.27,69.75],[162.25,69.26],[162.55,68.5],[163.5,68.01],[163.58,67.5],[163.0,67.1],[161.43,67.0],[160.91,66.75],[160.77,66.25],[160.25,65.9],[159.25,65.84],[157.5,65.17],[157.3,65.0],[157.55,64.75],[156.75,64.17],[155.62,64.0],[155.3,63.0],[154.75,62.79],[154.14,62.0],[154.9,61.5],[154.75,61.1],[154.5,61.31],[153.75,61.29],[153.25,61.72],[153.0,61.3],[152.5,61.11],[152.0,61.29],[152.11,60.75],[151.65,60.5],[152.11,60.25],[151.56,60.0],[152.1,59.25],[151.25,59.13],[151.1,59.0],[151.25,58.8],[153.0,58.81],[153.5,59.28],[154.14,59.25],[154.3,60.0],[154.03,60.5],[154.75,60.41],[154.94,60.75],[156.0,61.0],[156.75,61.59],[157.5,61.75],[160.0,61.72],[161.5,61.32],[164.0,62.31],[164.25,61.65],[165.22,61.5],[165.5,61.17],[166.09,61.25],[167.25,61.89],[168.5,62.07],[168.75,61.81],[172.0,61.56],[176.5,62.01],[180.0,61.71]]}},{"type":"Feature","properties":{"level":1000},"geometry":{"type":"LineString","coordinates":[[-153.5,52.21],[-154.75,52.78],[-156.21,54.0],[-156.51,54.5],[-156.54,55.75],[-155.25,57.06],[-154.5,57.43],[-153.25,57.48],[-151.75,58.66],[-149.75,58.86],[-147.75,58.74],[-146.6,58.25],[-145.83,57.5],[-145.83,56.75],[-146.29,56.0],[-146.14,55.75],[-147.82,54.0],[-147.74,53.75],[-151.0,52.4],[-153.5,52.21]]}},{"type":"Feature","properties":{"level":1000},"geometry":{"type":"LineString","coordinates":[[-63.25,57.75],[-65.5,58.37],[-68.5,58.82],[-70.25,59.44],[-74.25,61.51],[-76.75,62.14],[-77.5,62.62],[-81.32,63.75],[-82.48,64.5],[-82.44,64.75],[-82.75,65.05],[-84.69,66.25],[-86.25,67.99],[-87.5,68.8],[-88.99,70.25],[-89.55,71.5],[-89.58,73.25],[-90.35,73.75],[-90.72,74.5],[-88.75,74.86],[-87.25,74.72],[-86.7,75.0],[-87.0,75.39],[-88.91,76.0],[-88.44,76.5],[-85.5,76.9],[-82.75,76.47],[-79.25,76.93],[-78.9,78.0],[-80.25,78.17],[-81.0,77.77],[-81.2,78.0],[-80.5,79.05],[-79.0,78.96],[-78.76,78.75],[-79.49,78.5],[-78.25,78.38],[-77.75,78.46],[-77.5,78.77],[-75.75,78.51],[-71.0,78.78],[-70.56,78.5],[-71.5,78.68],[-71.69,78.5],[-71.26,78.25],[-69.75,78.09],[-64.25,78.6],[-63.64,78.5],[-64.9,78.0],[-62.5,76.77],[-54.75,76.12],[-53.0,76.16],[-51.25,75.81],[-46.25,76.01],[-44.23,75.5],[-44.67,75.0],[-44.62,74.5],[-45.67,73.5],[-44.93,72.75],[-44.92,72.25],[-45.42,71.25],[-45.47,70.25],[-44.44,69.25],[-43.17,66.75],[-42.5,66.14],[-41.75,65.9],[-40.5,66.9],[-36.2,67.5],[-34.52,68.5],[-34.77,68.75],[-34.35,69.0],[-34.49,69.25],[-34.25,69.38],[-33.0,69.6],[-31.16,69.5],[-30.75,70.08],[-30.2,70.25],[-30.4,70.75],[-29.89,71.25],[-29.85,72.0],[-28.25,72.63],[-26.75,72.15],[-26.3,72.25],[-26.86,72.75],[-26.7,73.25],[-26.17,73.5],[-26.0,73.94],[-25.0,74.42],[-23.94,74.5],[-23.9,74.75],[-23.17,75.0],[-22.5,75.71],[-21.58,75.75],[-24.32,76.5],[-23.91,77.0],[-24.5,77.75],[-23.81,78.0],[-25.75,78.75],[-27.44,79.75],[-28.12,80.5],[-25.0,80.6],[-23.0,81.34],[-22.67,81.75],[-23.5,82.12],[-23.79,82.5],[-23.02,82.75],[-23.06,83.0],[-22.18,83.5],[-20.47,84.0],[-15.63,84.75],[-9.0,85.27],[9.0,85.67],[18.25,85.46],[26.07,85.0],[29.8,84.5],[31.73,84.0],[32.71,83.5],[29.81,82.75],[29.4,82.25],[29.31,82.0],[29.84,81.0],[30.51,80.75],[30.59,80.5],[30.0,80.06],[23.5,78.25],[21.25,78.26],[18.5,77.36],[16.75,77.61],[15.96,77.5],[16.0,77.23],[15.0,77.27],[15.24,77.0],[14.78,76.5],[8.75,74.05],[5.0,72.12],[-4.39,70.25],[-6.75,69.4],[-7.29,69.0],[-9.18,65.25],[-13.04,62.25],[-16.25,60.68],[-20.25,59.42],[-23.0,58.86],[-29.25,58.82],[-38.0,60.44],[-42.75,59.32],[-44.09,59.75],[-44.33,60.0],[-44.24,61.0],[-45.42,61.75],[-44.3,62.0],[-43.96,63.5],[-45.25,64.13],[-46.0,64.03],[-47.25,64.72],[-47.83,64.25],[-47.87,63.75],[-48.5,62.99],[-49.75,62.83],[-50.25,63.0],[-50.51,62.0],[-51.73,61.0],[-52.31,60.0],[-53.75,59.2],[-60.5,57.91],[-63.25,57.75]]}},{"type":"Feature","properties":{"level":1000},"geometry":{"type":"LineString","coordinates":[[-180.0,61.71],[-173.87,60.5],[-169.25,58.45],[-168.11,57.75],[-166.48,56.25],[-165.97,54.25],[-166.26,53.75],[-166.75,53.5],[-166.67,52.25],[-167.86,50.75],[-169.75,49.27],[-171.0,49.04],[-174.0,49.14],[-180.0,48.22]]}},{"type":"Feature","properties":{"level":1000},"geometry":{"type":"LineString","coordinates":[[161.75,66.45],[161.55,66.5],[162.4,66.5],[161.75,66.45]]}},{"type":"Feature","properties":{"level":1000},"geometry":{"type":"LineString","coordinates":[[7.75,69.43],[6.75,69.95],[6.04,70.75],[5.99,71.25],[6.25,71.53],[6.75,71.84],[8.75,72.11],[10.5,71.5],[10.49,70.75],[9.91,69.75],[7.75,69.43]]}},{"type":"Feature","properties":{"level":1000},"geometry":{"type":"LineString","coordinates":[[-86.45,75.0],[-85.0,74.96],[-84.89,75.25],[-85.75,75.31],[-86.45,75.0]]}},{"type":"Feature","properties":{"level":1000},"geometry":{"type":"LineString","coordinates":[[17.25,77.15],[17.01,77.25],[17.25,77.34],[17.25,77.15]]}},{"type":"Feature","properties":{"level":1000},"geometry":{"type":"LineString","coordinates":[[67.75,78.49],[54.75,80.87],[52.5,81.09],[49.77,81.75],[49.85,82.0],[51.75,82.05],[56.5,81.65],[60.0,80.75],[65.75,79.89],[69.08,78.5],[67.75,78.49]]}},{"type":"Feature","properties":{"level":1000},"geometry":{"type":"LineString","coordinates":[[-72.0,79.17],[-70.81,79.5],[-72.0,79.17]]}},{"type":"Feature","properties":{"level":1000},"geometry":{"type":"LineString","coordinates":[[-68.75,79.1],[-69.77,79.5],[-67.75,80.02],[-66.76,80.0],[-68.47,79.5],[-67.62,79.25],[-68.75,79.1]]}},{"type":"Feature","properties":{"level":1000},"geometry":{"type":"LineString","coordinates":[[-67.0,79.47],[-67.23,79.5],[-67.0,79.47]]}},{"type":"Feature","properties":{"level":1000},"geometry":{"type":"LineString","coordinates":[[-20.67,81.0],[-18.0,81.0],[-19.75,81.21],[-20.67,81.0]]}},{"type":"Feature","properties":{"level":1004},"geometry":{"type":"LineString","coordinates":[[180.0,-88.46],[148.0,-88.42],[137.75,-88.15],[133.09,-87.75],[132.63,-87.5],[133.05,-87.0],[135.57,-86.0],[136.87,-85.25],[137.26,-84.75],[139.67,-84.0],[139.62,-83.75],[138.85,-83.5],[136.09,-83.0],[136.21,-82.75],[137.74,-82.25],[137.91,-82.0],[137.67,-81.75],[140.79,-80.5],[145.0,-79.57],[153.33,-77.25],[153.18,-76.75],[152.27,-76.25],[151.66,-75.5],[152.04,-74.75],[153.68,-73.25],[152.2,-72.25],[148.0,-71.21],[144.0,-69.63],[141.25,-69.12],[139.64,-68.5],[137.0,-68.39],[134.75,-68.48],[133.5,-69.12],[129.5,-69.94],[127.75,-70.01],[124.2,-71.25],[121.0,-71.87],[118.25,-71.99],[118.76,-72.25],[118.0,-72.34],[113.25,-72.5],[110.5,-72.93],[109.86,-73.5],[110.54,-73.75],[110.5,-73.91],[109.54,-74.25],[109.55,-74.5],[110.36,-74.75],[110.0,-74.82],[109.0,-74.75],[107.16,-73.75],[108.01,-73.5],[104.74,-72.75],[95.5,-72.63],[93.0,-72.8],[88.0,-73.7],[80.0,-74.29],[78.5,-74.88],[77.75,-75.44],[76.05,-76.0],[66.0,-76.85],[64.75,-76.75],[63.97,-76.25],[62.8,-76.0],[59.5,-75.89],[57.9,-75.25],[57.56,-74.75],[57.77,-74.25],[57.7,-73.75],[57.42,-73.5],[57.61,-72.5],[57.43,-72.0],[58.46,-70.75],[57.5,-70.56],[53.0,-70.69],[50.5,-71.4],[46.25,-71.69],[38.96,-72.75],[37.82,-73.25],[35.0,-73.85],[29.0,-74.38],[22.0,-74.11],[13.75,-73.12],[8.5,-73.29],[7.25,-73.55],[5.25,-74.56],[4.98,-75.0],[6.03,-75.5],[15.13,-77.5],[16.0,-77.83],[16.1,-78.25],[15.25,-78.82],[11.87,-80.0],[10.56,-80.75],[10.88,-81.0],[10.5,-81.11],[-2.0,-82.9],[-20.5,-84.33],[-36.75,-85.24],[-53.25,-85.56],[-58.5,-85.9],[-71.75,-87.34],[-94.5,-88.09],[-127.5,-88.52],[-180.0,-88.46]]}},{"type":"Feature","properties":{"level":1004},"geometry":{"type":"LineString","coordinates":[[105.95,-72.25],[107.5,-72.45],[107.88,-72.25],[105.25,-71.16],[103.25,-70.98],[102.04,-71.5],[105.95,-72.25]]}},{"type":"Feature","properties":{"level":1004},"geometry":{"type":"LineString","coordinates":[[108.1,-71.75],[108.96,-71.75],[107.0,-71.13],[106.84,-71.25],[108.1,-71.75]]}},{"type":"Feature","properties":{"level":1004},"geometry":{"type":"LineString","coordinates":[[-180.0,-56.36],[-176.16,-55.25],[-170.5,-53.06],[-165.64,-52.25],[-161.5,-51.15],[-159.63,-50.0],[-157.87,-48.25],[-155.41,-44.5],[-153.0,-43.36],[-146.0,-41.11],[-145.5,-40.78],[-140.0,-40.6],[-134.5,-40.83],[-129.75,-41.3],[-122.0,-42.51],[-120.5,-42.32],[-119.0,-41.45],[-118.25,-41.28],[-116.75,-41.26],[-113.75,-42.12],[-111.0,-42.13],[-106.25,-40.67],[-105.0,-40.51],[-103.75,-41.04],[-102.38,-42.0],[-99.87,-45.75],[-99.28,-47.0],[-97.75,-48.91],[-96.49,-50.0],[-95.0,-50.28],[-93.5,-49.55],[-90.99,-47.0],[-88.89,-45.25],[-86.25,-43.7],[-83.25,-42.58],[-80.25,-42.01],[-76.5,-41.91],[-73.75,-42.31],[-72.75,-42.91],[-72.5,-43.31],[-71.26,-42.25],[-71.32,-41.25],[-70.83,-41.0],[-71.0,-40.43],[-70.75,-40.63],[-69.75,-40.54],[-67.5,-41.12],[-67.04,-41.0],[-67.36,-40.75],[-66.5,-40.55],[-62.25,-40.59],[-62.11,-41.5],[-61.62,-41.75],[-59.5,-41.62],[-58.75,-41.84],[-57.75,-42.81],[-57.19,-43.75],[-56.78,-44.75],[-56.87,-46.5],[-57.19,-47.25],[-58.25,-48.4],[-62.68,-51.5],[-64.25,-52.34],[-66.5,-53.17],[-70.85,-54.0],[-71.0,-54.32],[-69.0,-54.87],[-68.42,-55.5],[-68.75,-55.97],[-70.0,-56.79],[-72.75,-57.28],[-75.5,-56.78],[-78.5,-56.79],[-81.5,-56.39],[-82.75,-56.58],[-85.75,-57.81],[-87.25,-58.64],[-88.25,-59.56],[-90.06,-62.25],[-90.55,-63.5],[-90.56,-65.25],[-90.19,-66.25],[-89.35,-67.25],[-85.53,-69.75],[-79.96,-72.25],[-79.47,-72.75],[-80.28,-73.25],[-79.38,-74.0],[-77.5,-74.44],[-69.0,-74.95],[-67.25,-74.6],[-65.75,-73.87],[-64.5,-73.71],[-63.3,-72.5],[-63.69,-72.0],[-63.1,-71.25],[-63.82,-70.5],[-63.76,-70.0],[-65.5,-68.75],[-65.83,-68.0],[-65.61,-67.0],[-63.09,-65.75],[-62.25,-64.95],[-57.26,-63.0],[-51.75,-62.85],[-44.0,-60.86],[-38.5,-58.79],[-36.75,-57.54],[-35.27,-55.5],[-35.24,-55.0],[-36.22,-54.25],[-36.24,-54.0],[-35.81,-53.25],[-34.8,-49.25],[-33.9,-47.0],[-31.5,-44.16],[-29.25,-42.41],[-24.75,-40.21],[-13.25,-38.76],[-5.25,-38.56],[-2.5,-39.14],[-2.0,-39.04],[0.25,-40.17],[3.57,-42.5],[9.66,-49.25],[10.61,-51.0],[11.75,-54.4],[13.41,-57.25],[15.28,-58.5],[17.75,-58.76],[18.5,-59.07],[20.25,-59.01],[24.5,-58.17],[26.84,-57.25],[30.0,-56.27],[31.0,-56.18],[36.0,-54.48],[39.5,-53.86],[43.25,-53.57],[46.5,-52.64],[48.0,-52.77],[55.25,-54.67],[60.25,-54.62],[74.0,-50.57],[87.5,-45.83],[92.0,-44.63],[98.25,-43.61],[105.25,-42.92],[109.75,-43.03],[114.0,-43.9],[117.5,-45.07],[129.0,-49.93],[138.14,-55.0],[142.0,-56.85],[147.25,-58.62],[150.75,-59.52],[156.5,-60.08],[161.25,-59.75],[165.5,-59.16],[180.0,-56.36]]}},{"type":"Feature","properties":{"level":1004},"geometry":{"type":"LineString","coordinates":[[-66.75,-33.01],[-67.12,-32.75],[-66.87,-32.0],[-67.67,-30.25],[-67.45,-29.75],[-67.72,-29.5],[-67.57,-29.0],[-67.79,-28.0],[-66.75,-27.14],[-66.59,-27.25],[-66.77,-27.5],[-66.05,-27.75],[-66.16,-28.5],[-65.86,-28.5],[-65.78,-27.25],[-65.35,-26.75],[-65.44,-26.0],[-65.5,-25.77],[-65.87,-26.75],[-66.5,-27.14],[-66.6,-27.0],[-66.04,-26.25],[-66.47,-25.25],[-65.75,-24.62],[-65.5,-23.9],[-64.91,-23.25],[-65.21,-22.75],[-65.12,-22.0],[-65.5,-22.09],[-65.84,-21.75],[-65.25,-20.82],[-64.91,-20.75],[-64.96,-20.25],[-65.52,-18.75],[-66.47,-17.5],[-65.94,-17.5],[-65.75,-17.85],[-64.25,-17.92],[-64.02,-17.75],[-64.25,-17.45],[-65.59,-17.0],[-66.97,-15.25],[-67.75,-15.06],[-68.0,-14.5],[-67.81,-13.75],[-67.5,-13.6],[-67.0,-13.83],[-66.07,-14.75],[-65.25,-15.0],[-64.5,-15.83],[-64.25,-15.91],[-64.0,-15.68],[-62.25,-16.84],[-60.12,-17.25],[-60.37,-16.5],[-61.5,-15.44],[-61.77,-14.75],[-62.5,-14.48],[-62.75,-14.12],[-62.95,-13.5],[-63.84,-12.5],[-63.5,-12.24],[-62.42,-13.75],[-62.0,-13.84],[-61.75,-13.45],[-61.0,-13.5],[-61.37,-13.75],[-60.75,-14.63],[-60.25,-14.81],[-60.0,-14.45],[-59.5,-15.0],[-59.5,-16.09],[-59.0,-15.78],[-58.75,-15.95],[-57.75,-17.42],[-57.3,-17.5],[-56.86,-18.25],[-56.76,-18.75],[-57.09,-19.5],[-56.73,-19.75],[-57.08,-20.0],[-56.97,-21.0],[-57.19,-21.5],[-57.04,-22.0],[-56.68,-22.25],[-56.8,-23.25],[-56.5,-23.43],[-56.0,-23.12],[-55.75,-23.22],[-55.44,-24.25],[-55.89,-25.75],[-55.28,-26.75],[-55.25,-27.25],[-54.5,-27.73],[-54.37,-28.5],[-54.46,-28.75],[-55.0,-28.95],[-55.75,-28.92],[-56.5,-28.24],[-56.75,-28.62],[-57.25,-28.38],[-57.5,-28.6],[-57.5,-27.79],[-57.25,-28.18],[-57.08,-28.0],[-57.25,-27.66],[-57.75,-27.46],[-58.08,-27.5],[-57.84,-27.75],[-58.0,-27.82],[-58.5,-27.54],[-59.25,-28.04],[-60.0,-27.9],[-60.32,-28.25],[-60.39,-29.5],[-60.75,-30.29],[-61.25,-30.62],[-61.75,-30.6],[-62.0,-30.23],[-62.5,-30.07],[-63.25,-30.19],[-63.75,-29.52],[-64.46,-30.75],[-65.25,-31.1],[-65.25,-32.09],[-65.75,-31.63],[-66.4,-31.75],[-66.75,-33.01]]}},{"type":"Feature","properties":{"level":1004},"geometry":{"type":"LineString","coordinates":[[-55.25,-29.42],[-55.43,-29.25],[-55.25,-29.14],[-55.06,-29.25],[-55.25,-29.42]]}},{"type":"Feature","properties":{"level":1004},"geometry":{"type":"LineString","coordinates":[[-55.96,-28.5],[-55.72,-28.5],[-55.96,-28.5]]}},{"type":"Feature","properties":{"level":1004},"geometry":{"type":"LineString","coordinates":[[-59.8,-27.5],[-59.75,-27.66],[-59.44,-27.5],[-59.5,-27.32],[-59.8,-27.5]]}},{"type":"Feature","properties":{"level":1004},"geometry":{"type":"LineString","coordinates":[[-59.16,-27.25],[-58.92,-27.25],[-59.16,-27.25]]}},{"type":"Feature","properties":{"level":1004},"geometry":{"type":"LineString","coordinates":[[-57.83,-18.25],[-57.5,-17.94],[-57.75,-17.96],[-57.83,-18.25]]}},{"type":"Feature","properties":{"level":1004},"geometry":{"type":"LineString","coordinates":[[-59.4,-18.0],[-59.0,-18.21],[-58.88,-18.0],[-59.25,-17.33],[-59.4,-18.0]]}},{"type":"Feature","properties":{"level":1004},"geometry":{"type":"LineString","coordinates":[[-65.0,-14.55],[-65.35,-14.25],[-65.25,-14.08],[-64.89,-14.25],[-65.0,-14.55]]}},{"type":"Feature","properties":{"level":1004},"geometry":{"type":"LineString","coordinates":[[-66.0,-14.06],[-66.0,-13.71],[-66.0,-14.06]]}},{"type":"Feature","properties":{"level":1004},"geometry":{"type":"LineString","coordinates":[[-64.0,-13.26],[-64.24,-13.0],[-64.0,-12.88],[-64.0,-13.26]]}},{"type":"Feature","properties":{"level":1004},"geometry":{"type":"LineString","coordinates":[[-64.0,-12.31],[-64.28,-12.0],[-63.96,-12.0],[-64.0,-12.31]]}},{"type":"Feature","properties":{"level":1004},"geometry":{"type":"LineString","coordinates":[[142.75,15.21],[140.5,16.26],[139.52,17.25],[138.73,18.75],[138.52,20.0],[138.74,21.5],[140.22,24.5],[142.3,26.0],[145.0,27.02],[146.5,26.99],[147.0,26.55],[149.5,25.87],[150.81,25.0],[151.54,24.25],[151.47,24.0],[152.25,22.99],[152.47,21.25],[151.98,19.25],[150.99,17.5],[149.24,16.0],[147.5,15.28],[146.0,15.07],[142.75,15.21]]}},{"type":"Feature","properties":{"level":1004},"geometry":{"type":"LineString","coordinates":[[-112.75,17.22],[-114.0,17.85],[-114.63,18.75],[-114.74,19.75],[-114.46,20.75],[-113.75,21.63],[-112.75,22.01],[-111.5,21.96],[-110.5,21.65],[-109.73,20.75],[-109.56,19.0],[-110.75,17.59],[-111.75,17.21],[-112.75,17.22]]}},{"type":"Feature","properties":{"level":1004},"geometry":{"type":"LineString","coordinates":[[-172.0,21.45],[-173.0,21.85],[-173.66,22.75],[-173.48,23.75],[-172.5,24.38],[-171.25,24.17],[-170.71,23.75],[-170.35,23.0],[-170.45,22.25],[-170.75,21.87],[-172.0,21.45]]}},{"type":"Feature","properties":{"level":1004},"geometry":{"type":"LineString","coordinates":[[180.0,47.07],[171.75,46.59],[165.5,47.26],[163.25,47.75],[160.75,48.6],[157.0,50.62],[156.55,51.25],[156.75,51.8],[156.02,52.25],[155.24,53.25],[153.75,54.16],[150.25,55.15],[144.89,56.0],[141.75,57.02],[140.26,57.75],[139.93,59.0],[139.16,60.0],[139.64,60.5],[140.0,60.51],[140.39,61.5],[140.89,61.75],[140.68,62.0],[141.25,61.66],[141.82,62.0],[141.12,63.0],[142.25,63.49],[142.42,64.0],[141.53,64.5],[141.2,65.75],[140.64,66.25],[140.8,66.5],[139.98,67.25],[140.11,67.75],[139.93,68.0],[140.5,67.99],[140.75,68.34],[140.25,68.61],[139.25,68.49],[138.3,68.75],[139.25,69.11],[139.2,69.5],[137.25,69.61],[136.0,69.28],[135.0,68.31],[132.94,67.75],[131.0,66.84],[129.75,66.9],[128.95,67.75],[128.5,67.87],[127.75,67.34],[125.75,66.79],[125.25,66.32],[124.25,66.0],[116.25,65.18],[114.75,65.22],[111.5,65.96],[105.26,68.0],[102.75,69.5],[100.75,70.36],[100.5,70.8],[95.09,73.0],[94.0,73.65],[94.0,74.01],[91.25,75.26],[88.75,75.18],[86.75,74.85],[85.5,74.11],[82.86,73.5],[78.25,73.24],[70.25,74.54],[64.12,76.0],[65.93,76.5],[65.59,76.75],[52.0,78.63],[46.0,79.06],[41.0,78.86],[34.0,78.15],[25.0,76.59],[21.75,75.51],[20.28,74.5],[16.25,73.21],[14.09,71.0],[14.16,70.0],[13.85,69.0],[12.5,68.25],[9.5,67.99],[4.25,68.73],[2.75,68.72],[0.25,68.36],[-3.75,67.08],[-5.5,66.05],[-7.66,64.25],[-13.5,60.79],[-16.5,59.51],[-20.75,58.37],[-23.5,57.85],[-28.25,57.6],[-30.5,57.55],[-33.75,58.01],[-36.0,57.88],[-38.25,57.65],[-40.25,56.89],[-42.0,56.88],[-42.75,56.6],[-43.75,56.81],[-44.06,56.75],[-43.57,56.5],[-44.0,56.41],[-45.5,56.54],[-47.0,57.11],[-51.5,56.93],[-56.25,57.07],[-62.25,56.42],[-65.25,57.22],[-68.5,57.51],[-73.21,58.75],[-82.0,61.62],[-85.25,63.22],[-86.87,64.75],[-89.75,66.5],[-90.56,67.75],[-91.54,68.25],[-93.75,70.07],[-94.55,71.25],[-96.23,72.5],[-96.33,73.5],[-97.21,75.5],[-97.81,76.0],[-97.03,77.0],[-97.96,78.25],[-97.9,78.5],[-97.25,78.75],[-97.73,79.25],[-97.62,79.5],[-96.25,79.88],[-94.5,80.07],[-90.0,80.0],[-88.5,79.48],[-87.5,79.65],[-86.58,80.0],[-86.75,80.24],[-87.5,80.17],[-88.68,80.75],[-87.5,80.92],[-87.14,81.25],[-86.0,81.52],[-79.25,81.62],[-77.75,81.45],[-77.25,81.79],[-75.07,81.75],[-77.0,81.54],[-77.35,81.25],[-76.0,81.19],[-75.0,80.81],[-72.4,81.5],[-73.42,81.75],[-65.75,82.27],[-61.25,82.1],[-58.75,81.26],[-55.75,81.31],[-54.75,81.06],[-44.75,81.41],[-44.26,81.5],[-44.16,81.75],[-46.5,81.99],[-47.0,81.7],[-48.75,81.7],[-50.0,82.04],[-51.25,81.32],[-52.5,81.35],[-53.09,81.75],[-57.5,82.01],[-58.17,82.25],[-58.24,82.5],[-56.75,83.03],[-52.0,83.68],[-30.0,85.6],[-18.25,86.21],[-2.25,86.61],[23.75,86.44],[33.25,86.03],[41.25,85.38],[62.0,82.63],[68.75,81.39],[79.0,78.79],[84.0,77.89],[85.25,77.95],[89.0,79.3],[94.5,79.96],[98.0,79.87],[101.75,80.5],[108.0,81.08],[117.75,81.49],[129.5,81.3],[136.0,80.84],[142.75,80.04],[152.75,78.52],[158.0,77.28],[159.61,76.25],[161.75,75.45],[163.33,74.0],[164.5,73.42],[168.0,72.45],[174.75,71.22],[178.27,69.75],[178.11,69.5],[176.25,69.45],[173.5,68.8],[173.42,68.5],[172.06,67.5],[171.65,66.75],[171.76,66.5],[170.95,65.75],[171.25,65.48],[172.79,65.5],[173.25,64.96],[174.0,65.33],[174.5,64.85],[175.51,64.75],[175.18,64.5],[175.25,64.16],[176.75,64.4],[180.0,63.54]]}},{"type":"Feature","properties":{"level":1004},"geometry":{"type":"LineString","coordinates":[[-48.25,50.47],[-48.15,51.25],[-47.64,51.5],[-47.5,51.88],[-46.5,52.37],[-44.75,52.5],[-43.75,53.06],[-43.25,52.89],[-43.01,53.0],[-43.0,53.6],[-42.55,53.25],[-42.5,52.96],[-43.0,52.95],[-43.5,51.59],[-44.25,51.19],[-45.25,51.26],[-46.08,50.75],[-47.75,50.72],[-48.25,50.47]]}},{"type":"Feature","properties":{"level":1004},"geometry":{"type":"LineString","coordinates":[[-44.09,52.25],[-43.91,52.25],[-44.09,52.25]]}},{"type":"Feature","properties":{"level":1004},"geometry":{"type":"LineString","coordinates":[[-180.0,63.54],[-169.75,60.95],[-166.45,59.75],[-164.16,58.5],[-162.75,58.19],[-159.25,58.05],[-156.5,59.02],[-154.75,58.3],[-151.0,59.47],[-146.25,59.34],[-143.18,58.25],[-142.56,56.75],[-142.32,54.25],[-142.51,53.25],[-143.24,52.25],[-144.31,51.25],[-146.25,50.33],[-146.94,50.25],[-146.7,49.75],[-147.25,49.38],[-148.5,49.72],[-151.25,48.93],[-153.0,48.9],[-154.0,49.21],[-155.5,48.95],[-155.81,49.0],[-155.52,49.25],[-157.25,49.34],[-158.75,49.82],[-163.25,50.11],[-165.5,49.66],[-170.25,47.21],[-174.25,47.66],[-180.0,47.07]]}},{"type":"Feature","properties":{"level":1004},"geometry":{"type":"LineString","coordinates":[[-42.79,67.0],[-42.25,66.85],[-41.0,67.85],[-40.0,67.78],[-39.0,68.07],[-37.5,67.88],[-36.25,68.1],[-35.44,68.5],[-35.71,68.75],[-35.36,69.5],[-32.25,70.09],[-31.24,70.5],[-30.58,71.25],[-30.91,72.0],[-29.98,72.75],[-28.75,73.22],[-28.48,73.75],[-28.75,74.09],[-29.75,73.65],[-30.43,73.75],[-28.06,74.75],[-26.12,75.25],[-26.58,75.5],[-27.09,76.25],[-26.5,76.57],[-25.75,76.45],[-25.62,76.75],[-26.5,76.81],[-27.75,77.88],[-30.75,78.65],[-30.89,79.0],[-32.12,79.75],[-32.35,80.25],[-40.0,81.07],[-40.78,81.0],[-40.69,80.75],[-41.01,80.5],[-32.87,79.0],[-33.5,78.83],[-35.5,78.97],[-40.25,79.91],[-44.25,80.4],[-47.75,80.43],[-51.25,79.83],[-52.5,79.3],[-57.12,79.0],[-58.0,78.25],[-59.75,77.64],[-59.82,77.5],[-58.5,77.27],[-45.25,76.46],[-42.5,75.74],[-38.71,76.0],[-38.62,75.5],[-39.75,74.89],[-43.0,74.69],[-43.75,74.25],[-43.87,73.75],[-42.97,73.25],[-42.66,72.75],[-43.67,70.5],[-43.24,69.75],[-43.42,69.25],[-43.25,67.74],[-42.79,67.0]]}},{"type":"Feature","properties":{"level":1004},"geometry":{"type":"LineString","coordinates":[[-76.9,80.25],[-75.03,80.5],[-76.0,80.57],[-76.9,80.25]]}},{"type":"Feature","properties":{"level":1004},"geometry":{"type":"LineString","coordinates":[[-54.43,80.75],[-51.75,80.55],[-50.02,80.75],[-54.43,80.75]]}},{"type":"Feature","properties":{"level":1004},"geometry":{"type":"LineString","coordinates":[[-86.68,81.0],[-86.02,81.0],[-86.68,81.0]]}},{"type":"Feature","properties":{"level":1004},"geometry":{"type":"LineString","coordinates":[[-47.6,82.25],[-46.97,82.25],[-47.6,82.25]]}},{"type":"Feature","properties":{"level":1004},"geometry":{"type":"LineString","coordinates":[[-45.55,82.25],[-44.89,82.25],[-45.55,82.25]]}},{"type":"Feature","properties":{"level":1008},"geometry":{"type":"LineString","coordinates":[[180.0,-88.59],[161.5,-88.71],[144.57,-88.5],[135.74,-88.25],[130.9,-87.75],[130.7,-87.5],[131.16,-87.0],[133.91,-85.75],[134.11,-85.5],[133.59,-85.0],[135.19,-84.5],[135.33,-84.25],[133.75,-83.86],[133.63,-83.75],[134.21,-83.5],[134.08,-83.25],[133.27,-83.0],[133.33,-82.75],[135.16,-82.25],[135.12,-81.75],[135.58,-81.5],[138.5,-80.42],[142.75,-79.66],[147.25,-78.25],[151.49,-77.25],[151.57,-77.0],[149.84,-75.5],[150.94,-74.0],[150.0,-73.34],[147.75,-72.76],[147.93,-72.5],[147.25,-72.19],[146.1,-72.0],[145.42,-71.0],[143.0,-69.96],[138.64,-68.75],[137.0,-68.54],[135.0,-68.64],[133.25,-69.47],[132.0,-69.63],[130.94,-70.25],[126.25,-70.92],[125.25,-71.43],[123.24,-71.75],[122.87,-72.25],[123.19,-72.5],[122.5,-72.73],[118.5,-72.59],[115.5,-72.86],[114.52,-73.25],[114.3,-73.5],[114.59,-74.0],[113.9,-74.5],[113.8,-75.0],[113.18,-75.25],[109.5,-75.05],[105.7,-73.75],[102.0,-72.97],[96.25,-72.87],[93.0,-73.11],[89.55,-73.75],[82.0,-74.4],[80.41,-74.75],[77.0,-76.16],[65.5,-77.35],[64.25,-77.17],[63.08,-76.5],[59.2,-76.25],[55.54,-74.75],[55.95,-74.25],[55.38,-74.0],[56.27,-73.25],[56.2,-72.25],[56.37,-72.0],[56.0,-71.54],[55.25,-71.35],[40.07,-73.25],[36.75,-73.93],[29.25,-74.56],[23.25,-74.42],[13.75,-73.4],[9.0,-73.67],[7.25,-74.22],[5.97,-75.0],[6.93,-75.5],[12.52,-76.5],[16.5,-77.5],[17.02,-78.0],[16.56,-78.5],[14.17,-79.75],[13.8,-80.25],[16.25,-80.4],[16.51,-80.5],[16.24,-80.75],[16.75,-80.93],[19.62,-81.25],[19.98,-81.5],[19.05,-81.75],[12.0,-81.72],[7.5,-81.96],[5.75,-82.64],[2.75,-83.12],[-22.25,-85.32],[-28.0,-85.32],[-54.5,-86.6],[-67.25,-87.68],[-88.75,-88.25],[-127.75,-88.63],[-180.0,-88.59]]}},{"type":"Feature","properties":{"level":1008},"geometry":{"type":"LineString","coordinates":[[-71.3,-74.5],[-69.5,-74.53],[-68.66,-74.25],[-69.25,-73.98],[-72.09,-74.25],[-71.3,-74.5]]}},{"type":"Feature","properties":{"level":1008},"geometry":{"type":"LineString","coordinates":[[126.5,-73.0],[123.42,-72.5],[127.0,-72.14],[128.0,-71.57],[130.24,-71.75],[131.43,-72.5],[129.5,-72.93],[126.5,-73.0]]}},{"type":"Feature","properties":{"level":1008},"geometry":{"type":"LineString","coordinates":[[105.46,-71.75],[106.33,-71.75],[105.0,-71.24],[103.62,-71.25],[103.29,-71.5],[105.46,-71.75]]}},{"type":"Feature","properties":{"level":1008},"geometry":{"type":"LineString","coordinates":[[-180.0,-54.97],[-173.0,-52.67],[-166.0,-51.19],[-163.25,-50.05],[-161.27,-48.75],[-159.43,-46.75],[-157.98,-44.0],[-157.5,-43.55],[-151.25,-40.57],[-149.75,-39.93],[-149.2,-40.0],[-149.5,-39.73],[-143.0,-39.28],[-134.5,-39.3],[-127.5,-39.72],[-125.25,-40.17],[-123.25,-40.29],[-121.5,-40.03],[-118.25,-38.75],[-115.25,-39.07],[-113.0,-38.95],[-110.5,-38.43],[-108.75,-37.61],[-106.75,-35.66],[-106.0,-35.58],[-105.5,-34.7],[-105.0,-34.63],[-103.6,-33.0],[-102.5,-32.53],[-101.0,-32.82],[-100.39,-33.75],[-100.62,-34.75],[-101.65,-35.75],[-101.87,-36.5],[-101.53,-37.5],[-101.66,-38.0],[-101.47,-39.0],[-100.75,-41.16],[-97.75,-44.45],[-96.5,-45.33],[-95.0,-45.84],[-93.25,-45.44],[-86.75,-42.35],[-81.75,-40.84],[-76.5,-40.51],[-74.0,-40.97],[-73.5,-40.87],[-72.75,-41.33],[-72.5,-41.26],[-72.13,-41.75],[-72.21,-41.5],[-70.39,-38.25],[-70.04,-36.75],[-69.08,-36.25],[-69.76,-35.25],[-69.09,-33.75],[-69.27,-33.5],[-69.08,-33.0],[-69.73,-32.0],[-69.45,-30.25],[-69.25,-29.83],[-68.93,-29.75],[-68.9,-29.25],[-68.53,-29.0],[-68.62,-28.75],[-68.0,-27.89],[-67.83,-27.0],[-67.3,-27.25],[-67.25,-27.51],[-66.79,-26.5],[-66.5,-26.56],[-66.21,-26.25],[-67.32,-25.25],[-67.25,-24.99],[-67.0,-25.21],[-66.5,-25.01],[-66.12,-24.5],[-66.17,-24.25],[-65.75,-24.14],[-65.75,-23.76],[-66.27,-23.75],[-66.0,-23.29],[-65.67,-23.25],[-66.0,-23.19],[-66.34,-21.75],[-65.79,-20.5],[-66.03,-20.0],[-65.65,-19.75],[-65.91,-18.75],[-67.25,-16.79],[-67.5,-16.67],[-67.75,-17.16],[-68.08,-16.75],[-67.63,-16.5],[-68.11,-15.75],[-68.5,-15.45],[-68.75,-15.7],[-68.87,-15.5],[-68.64,-15.25],[-68.95,-14.5],[-68.66,-14.0],[-69.0,-14.11],[-69.25,-13.67],[-71.5,-12.89],[-72.0,-12.02],[-72.5,-11.9],[-72.75,-12.27],[-73.0,-12.2],[-73.5,-11.4],[-73.97,-11.25],[-73.85,-11.0],[-74.15,-10.0],[-74.75,-9.06],[-74.93,-9.25],[-74.75,-10.17],[-75.25,-10.11],[-75.54,-8.75],[-75.2,-8.25],[-75.5,-8.28],[-75.6,-7.25],[-75.0,-6.48],[-74.58,-7.0],[-74.71,-7.25],[-73.75,-7.69],[-73.25,-8.62],[-73.02,-8.5],[-73.39,-7.5],[-73.28,-7.25],[-72.75,-7.62],[-72.88,-7.25],[-72.0,-6.93],[-71.5,-7.28],[-71.25,-7.16],[-70.25,-7.94],[-70.0,-7.59],[-69.5,-7.46],[-69.29,-7.0],[-69.99,-6.75],[-69.8,-6.0],[-69.5,-5.77],[-69.55,-6.5],[-69.2,-6.5],[-68.71,-7.5],[-68.58,-7.25],[-68.9,-6.5],[-68.45,-6.25],[-69.23,-5.0],[-68.77,-4.25],[-69.15,-3.75],[-69.56,-3.75],[-69.5,-3.02],[-68.75,-2.64],[-68.0,-2.62],[-67.36,-1.75],[-67.12,-0.75],[-66.25,-0.27],[-65.75,0.33],[-65.25,0.47],[-65.4,0.75],[-65.0,1.24],[-64.23,1.5],[-64.25,1.78],[-65.25,1.51],[-65.84,3.0],[-64.64,3.0],[-64.41,2.75],[-64.69,2.5],[-64.25,2.57],[-63.5,2.06],[-63.1,2.25],[-62.75,2.85],[-62.5,2.8],[-62.75,3.93],[-63.25,3.58],[-64.0,3.63],[-63.75,4.15],[-63.32,4.0],[-63.2,4.5],[-63.75,5.2],[-64.0,5.06],[-64.05,5.25],[-63.75,5.46],[-63.0,5.42],[-61.5,4.41],[-60.0,4.67],[-59.72,4.5],[-59.86,4.25],[-59.5,4.11],[-59.15,4.25],[-59.28,4.5],[-59.0,4.88],[-58.48,5.0],[-58.5,5.26],[-58.75,5.09],[-59.18,5.5],[-57.5,5.68],[-56.75,5.33],[-55.5,5.6],[-55.0,5.09],[-54.25,5.34],[-52.5,4.76],[-52.45,4.5],[-51.5,4.17],[-51.39,2.5],[-50.31,1.5],[-50.77,0.75],[-50.75,0.19],[-49.1,-0.5],[-48.5,-1.31],[-47.75,-0.73],[-45.31,-2.0],[-45.3,-3.25],[-46.0,-3.69],[-46.25,-3.5],[-46.41,-4.25],[-46.84,-4.5],[-46.89,-4.75],[-46.02,-6.0],[-46.91,-6.5],[-46.67,-7.0],[-47.08,-7.25],[-46.75,-7.49],[-45.75,-7.09],[-45.37,-7.25],[-46.0,-7.58],[-46.25,-8.03],[-46.75,-8.17],[-47.5,-9.34],[-46.5,-9.54],[-46.25,-8.61],[-46.0,-8.69],[-45.75,-9.34],[-44.75,-9.49],[-44.46,-8.75],[-44.96,-8.5],[-44.25,-8.34],[-44.0,-7.76],[-43.75,-7.76],[-43.5,-8.36],[-42.88,-8.75],[-42.75,-7.95],[-42.31,-8.0],[-42.75,-7.5],[-42.32,-7.25],[-42.25,-6.78],[-41.71,-7.0],[-41.63,-6.75],[-42.25,-6.46],[-42.5,-5.93],[-42.83,-6.5],[-42.62,-6.75],[-43.0,-6.74],[-43.26,-6.25],[-43.11,-5.75],[-43.5,-5.18],[-44.25,-4.72],[-44.5,-4.91],[-44.92,-4.75],[-44.8,-3.75],[-44.14,-3.75],[-44.66,-3.25],[-44.5,-3.05],[-44.0,-3.18],[-43.75,-2.71],[-42.75,-3.08],[-40.58,-3.0],[-40.0,-3.58],[-39.75,-4.25],[-40.23,-4.75],[-40.2,-5.75],[-39.75,-6.16],[-39.13,-5.75],[-38.75,-5.82],[-38.88,-6.5],[-38.53,-7.5],[-39.0,-7.75],[-39.75,-6.52],[-40.43,-6.25],[-41.0,-5.46],[-40.96,-6.0],[-41.24,-6.5],[-40.75,-7.79],[-39.5,-7.68],[-39.15,-8.0],[-40.23,-8.5],[-40.5,-8.86],[-41.5,-8.94],[-42.8,-9.75],[-43.17,-10.25],[-42.91,-10.75],[-43.15,-11.0],[-42.93,-11.75],[-42.23,-12.75],[-42.5,-13.35],[-42.75,-12.89],[-43.15,-13.5],[-42.9,-14.0],[-43.3,-14.5],[-43.0,-15.55],[-43.75,-15.92],[-44.25,-15.31],[-44.25,-14.73],[-45.25,-14.68],[-45.0,-13.92],[-44.5,-14.35],[-44.38,-14.0],[-43.89,-13.75],[-44.1,-13.25],[-43.76,-12.25],[-44.0,-12.01],[-45.08,-12.25],[-44.67,-10.75],[-45.25,-10.6],[-45.5,-10.02],[-46.25,-10.03],[-46.82,-10.5],[-47.05,-11.5],[-46.42,-12.0],[-46.25,-14.57],[-47.0,-14.91],[-47.05,-13.75],[-47.5,-13.32],[-49.0,-13.57],[-49.25,-13.16],[-49.33,-13.5],[-48.82,-14.25],[-50.7,-15.0],[-50.22,-15.75],[-50.47,-16.5],[-51.0,-16.59],[-51.25,-16.21],[-51.75,-16.6],[-52.25,-15.87],[-52.47,-17.0],[-53.07,-17.25],[-52.95,-17.5],[-53.24,-17.75],[-52.5,-17.87],[-52.11,-18.25],[-52.25,-18.49],[-52.71,-18.5],[-52.75,-18.81],[-52.25,-18.53],[-51.79,-19.75],[-50.75,-19.58],[-50.06,-19.75],[-50.53,-20.25],[-50.4,-20.5],[-51.25,-20.68],[-51.5,-21.13],[-52.0,-21.39],[-52.32,-20.75],[-53.34,-20.75],[-53.0,-21.02],[-53.07,-21.75],[-52.82,-22.0],[-53.0,-22.34],[-53.32,-22.0],[-53.32,-22.75],[-53.71,-23.75],[-53.58,-24.25],[-53.88,-25.0],[-52.94,-25.5],[-52.95,-26.0],[-53.25,-25.99],[-53.25,-26.26],[-51.47,-27.25],[-51.75,-27.8],[-52.25,-27.49],[-52.77,-27.5],[-52.15,-28.5],[-52.25,-28.87],[-52.0,-28.8],[-51.5,-29.37],[-50.74,-29.5],[-50.84,-30.0],[-52.5,-32.07],[-53.5,-32.39],[-54.29,-31.75],[-56.0,-30.97],[-55.93,-31.5],[-56.75,-32.0],[-58.5,-31.57],[-58.75,-32.04],[-59.91,-32.5],[-59.77,-33.25],[-60.42,-33.5],[-60.2,-34.0],[-60.33,-34.75],[-61.75,-36.26],[-62.03,-35.25],[-61.71,-34.25],[-62.25,-34.73],[-63.25,-34.54],[-64.46,-33.0],[-64.75,-31.99],[-64.81,-32.75],[-65.57,-33.25],[-65.47,-33.5],[-66.0,-33.58],[-67.0,-34.24],[-67.5,-34.12],[-68.05,-35.0],[-67.14,-35.75],[-66.5,-37.2],[-65.75,-37.02],[-64.75,-37.43],[-63.25,-36.69],[-62.5,-36.65],[-61.75,-36.91],[-61.25,-36.55],[-60.5,-36.47],[-58.5,-38.26],[-58.0,-39.02],[-57.0,-39.71],[-55.9,-41.5],[-54.95,-44.5],[-55.27,-46.5],[-56.04,-47.75],[-58.0,-49.7],[-61.0,-52.09],[-65.33,-54.75],[-66.65,-56.75],[-67.82,-57.75],[-69.75,-58.56],[-72.5,-59.09],[-81.25,-59.3],[-83.0,-59.77],[-84.25,-60.39],[-86.67,-62.5],[-87.37,-64.25],[-87.24,-65.25],[-86.67,-66.25],[-84.0,-67.74],[-80.25,-69.22],[-76.75,-71.34],[-75.45,-71.25],[-74.5,-71.81],[-72.25,-72.28],[-68.75,-72.24],[-68.25,-72.88],[-67.0,-72.57],[-66.25,-72.65],[-65.25,-72.28],[-65.16,-71.75],[-65.7,-71.5],[-64.75,-71.38],[-64.12,-71.0],[-64.75,-70.71],[-65.0,-70.2],[-66.5,-70.15],[-67.0,-70.03],[-67.16,-69.75],[-65.19,-69.5],[-65.4,-69.25],[-66.0,-69.16],[-66.43,-68.5],[-66.29,-68.25],[-66.56,-68.0],[-66.32,-67.75],[-66.32,-67.0],[-65.25,-66.25],[-63.83,-65.75],[-62.83,-65.0],[-64.25,-64.56],[-64.25,-64.14],[-62.75,-63.31],[-60.0,-62.36],[-58.89,-62.25],[-58.0,-61.85],[-54.25,-61.37],[-53.5,-60.9],[-52.25,-60.8],[-48.79,-59.75],[-46.25,-58.63],[-43.25,-57.8],[-39.75,-56.13],[-38.34,-54.75],[-38.56,-53.75],[-38.27,-52.75],[-35.14,-46.5],[-34.09,-45.0],[-32.5,-43.4],[-29.55,-41.25],[-27.25,-39.87],[-25.0,-39.1],[-15.75,-37.47],[-11.25,-37.13],[-6.25,-37.0],[-3.0,-37.41],[-1.61,-38.0],[1.75,-40.08],[4.12,-42.0],[9.58,-47.75],[10.75,-49.25],[12.25,-52.37],[14.0,-55.26],[15.75,-56.59],[18.0,-57.34],[21.25,-57.55],[23.5,-57.22],[31.0,-54.67],[32.0,-54.63],[36.0,-53.39],[39.0,-52.85],[43.25,-52.45],[46.0,-51.65],[47.75,-51.79],[54.0,-53.35],[56.25,-53.65],[60.73,-53.25],[71.75,-50.21],[80.57,-47.25],[85.74,-45.25],[89.75,-44.16],[96.75,-42.69],[106.25,-41.7],[112.5,-42.4],[117.25,-43.68],[130.5,-49.25],[139.3,-54.0],[143.5,-55.92],[148.25,-57.3],[152.0,-58.11],[158.25,-58.47],[161.5,-58.11],[169.75,-56.68],[173.75,-56.21],[180.0,-54.97]]}},{"type":"Feature","properties":{"level":1008},"geometry":{"type":"LineString","coordinates":[[-36.81,-54.5],[-36.65,-54.5],[-36.81,-54.5]]}},{"type":"Feature","properties":{"level":1008},"geometry":{"type":"LineString","coordinates":[[-54.27,-22.5],[-53.97,-22.5],[-54.27,-22.5]]}},{"type":"Feature","properties":{"level":1008},"geometry":{"type":"LineString","coordinates":[[-53.88,-20.75],[-53.75,-20.94],[-53.61,-20.75],[-53.75,-20.5],[-53.88,-20.75]]}},{"type":"Feature","properties":{"level":1008},"geometry":{"type":"LineString","coordinates":[[-49.75,-20.18],[-49.75,-19.91],[-49.57,-20.0],[-49.75,-20.18]]}},{"type":"Feature","properties":{"level":1008},"geometry":{"type":"LineString","coordinates":[[-51.5,-18.81],[-51.93,-18.5],[-51.23,-18.75],[-51.5,-18.81]]}},{"type":"Feature","properties":{"level":1008},"geometry":{"type":"LineString","coordinates":[[-65.59,-17.5],[-65.02,-17.5],[-66.0,-16.78],[-66.66,-16.75],[-66.5,-17.31],[-65.59,-17.5]]}},{"type":"Feature","properties":{"level":1008},"geometry":{"type":"LineString","coordinates":[[-45.25,-16.05],[-45.0,-15.3],[-44.44,-15.75],[-45.0,-16.18],[-45.25,-16.05]]}},{"type":"Feature","properties":{"level":1008},"geometry":{"type":"LineString","coordinates":[[-55.39,-15.75],[-55.25,-15.91],[-54.25,-15.56],[-53.75,-16.0],[-53.66,-15.5],[-53.25,-15.22],[-53.0,-15.13],[-52.5,-15.51],[-52.36,-15.25],[-53.0,-14.9],[-53.71,-14.0],[-54.5,-13.74],[-55.25,-14.47],[-54.92,-14.75],[-55.42,-15.25],[-55.39,-15.75]]}},{"type":"Feature","properties":{"level":1008},"geometry":{"type":"LineString","coordinates":[[-72.0,-14.18],[-72.5,-13.9],[-72.63,-13.5],[-72.0,-13.39],[-71.5,-13.69],[-71.5,-14.22],[-72.0,-14.18]]}},{"type":"Feature","properties":{"level":1008},"geometry":{"type":"LineString","coordinates":[[-48.25,-14.1],[-48.25,-13.91],[-47.88,-14.0],[-48.25,-14.1]]}},{"type":"Feature","properties":{"level":1008},"geometry":{"type":"LineString","coordinates":[[-52.84,-13.75],[-52.67,-13.75],[-52.84,-13.75]]}},{"type":"Feature","properties":{"level":1008},"geometry":{"type":"LineString","coordinates":[[-53.54,-13.5],[-53.5,-13.23],[-53.54,-13.5]]}},{"type":"Feature","properties":{"level":1008},"geometry":{"type":"LineString","coordinates":[[-52.27,-13.25],[-52.0,-13.4],[-52.0,-12.99],[-52.27,-13.25]]}},{"type":"Feature","properties":{"level":1008},"geometry":{"type":"LineString","coordinates":[[-49.7,-13.0],[-49.44,-13.0],[-49.5,-12.85],[-49.7,-13.0]]}},{"type":"Feature","properties":{"level":1008},"geometry":{"type":"LineString","coordinates":[[-48.87,-13.0],[-48.5,-13.18],[-48.47,-12.75],[-48.87,-13.0]]}},{"type":"Feature","properties":{"level":1008},"geometry":{"type":"LineString","coordinates":[[-52.39,-12.75],[-52.2,-12.75],[-52.39,-12.75]]}},{"type":"Feature","properties":{"level":1008},"geometry":{"type":"LineString","coordinates":[[-49.34,-12.5],[-49.25,-12.63],[-48.75,-12.25],[-49.2,-11.5],[-48.9,-11.25],[-50.25,-10.59],[-50.51,-10.75],[-50.14,-12.0],[-49.34,-12.5]]}},{"type":"Feature","properties":{"level":1008},"geometry":{"type":"LineString","coordinates":[[-74.0,-12.36],[-74.75,-10.9],[-74.03,-11.25],[-73.79,-12.0],[-74.0,-12.36]]}},{"type":"Feature","properties":{"level":1008},"geometry":{"type":"LineString","coordinates":[[-42.25,-11.35],[-42.45,-10.75],[-42.0,-10.06],[-41.69,-10.25],[-41.7,-10.75],[-42.25,-11.35]]}},{"type":"Feature","properties":{"level":1008},"geometry":{"type":"LineString","coordinates":[[-59.01,-10.5],[-58.73,-10.5],[-59.01,-10.5]]}},{"type":"Feature","properties":{"level":1008},"geometry":{"type":"LineString","coordinates":[[-55.32,-9.0],[-55.25,-8.66],[-55.5,-8.7],[-56.25,-8.09],[-56.41,-8.25],[-55.32,-9.0]]}},{"type":"Feature","properties":{"level":1008},"geometry":{"type":"LineString","coordinates":[[-45.25,-9.07],[-45.0,-8.57],[-44.92,-9.0],[-45.25,-9.07]]}},{"type":"Feature","properties":{"level":1008},"geometry":{"type":"LineString","coordinates":[[-72.35,-8.5],[-72.17,-8.5],[-72.35,-8.5]]}},{"type":"Feature","properties":{"level":1008},"geometry":{"type":"LineString","coordinates":[[-47.87,-8.5],[-47.75,-8.74],[-47.51,-8.5],[-47.87,-8.5]]}},{"type":"Feature","properties":{"level":1008},"geometry":{"type":"LineString","coordinates":[[-56.87,-8.25],[-56.75,-8.42],[-56.75,-7.86],[-56.87,-8.25]]}},{"type":"Feature","properties":{"level":1008},"geometry":{"type":"LineString","coordinates":[[-48.54,-7.75],[-48.5,-7.53],[-48.54,-7.75]]}},{"type":"Feature","properties":{"level":1008},"geometry":{"type":"LineString","coordinates":[[-46.8,-7.75],[-46.75,-7.57],[-46.8,-7.75]]}},{"type":"Feature","properties":{"level":1008},"geometry":{"type":"LineString","coordinates":[[-72.1,-7.5],[-71.89,-7.5],[-72.1,-7.5]]}},{"type":"Feature","properties":{"level":1008},"geometry":{"type":"LineString","coordinates":[[-38.25,-7.54],[-38.4,-7.5],[-38.25,-7.54]]}},{"type":"Feature","properties":{"level":1008},"geometry":{"type":"LineString","coordinates":[[-43.25,-7.3],[-43.59,-6.75],[-42.93,-7.25],[-43.25,-7.3]]}},{"type":"Feature","properties":{"level":1008},"geometry":{"type":"LineString","coordinates":[[-37.75,-7.02],[-37.76,-6.75],[-37.52,-6.75],[-37.75,-7.02]]}},{"type":"Feature","properties":{"level":1008},"geometry":{"type":"LineString","coordinates":[[-72.5,-6.77],[-72.22,-6.75],[-72.5,-6.77]]}},{"type":"Feature","properties":{"level":1008},"geometry":{"type":"LineString","coordinates":[[-50.32,-6.25],[-50.25,-6.49],[-50.26,-6.0],[-50.66,-6.0],[-50.32,-6.25]]}},{"type":"Feature","properties":{"level":1008},"geometry":{"type":"LineString","coordinates":[[-44.0,-5.54],[-44.22,-5.5],[-44.0,-5.54]]}},{"type":"Feature","properties":{"level":1008},"geometry":{"type":"LineString","coordinates":[[-41.09,-4.75],[-40.7,-4.25],[-41.0,-3.6],[-41.17,-3.75],[-41.09,-4.75]]}},{"type":"Feature","properties":{"level":1008},"geometry":{"type":"LineString","coordinates":[[-41.59,-4.5],[-41.37,-4.5],[-41.59,-4.5]]}},{"type":"Feature","properties":{"level":1008},"geometry":{"type":"LineString","coordinates":[[-70.5,-4.27],[-70.98,-3.75],[-70.75,-3.55],[-70.25,-3.65],[-70.08,-4.0],[-70.25,-4.33],[-70.5,-4.27]]}},{"type":"Feature","properties":{"level":1008},"geometry":{"type":"LineString","coordinates":[[-69.75,-2.84],[-69.5,-2.75],[-69.75,-2.84]]}},{"type":"Feature","properties":{"level":1008},"geometry":{"type":"LineString","coordinates":[[-65.25,3.17],[-65.25,3.62],[-65.25,3.17]]}},{"type":"Feature","properties":{"level":1008},"geometry":{"type":"LineString","coordinates":[[-75.25,3.73],[-75.0,4.16],[-75.0,3.66],[-75.25,3.73]]}},{"type":"Feature","properties":{"level":1008},"geometry":{"type":"LineString","coordinates":[[-66.5,4.2],[-66.33,5.25],[-66.0,5.52],[-65.42,5.0],[-66.13,4.25],[-66.5,4.2]]}},{"type":"Feature","properties":{"level":1008},"geometry":{"type":"LineString","coordinates":[[-61.5,6.24],[-62.0,6.76],[-61.25,6.78],[-61.59,6.5],[-61.5,6.24]]}},{"type":"Feature","properties":{"level":1008},"geometry":{"type":"LineString","coordinates":[[167.0,7.47],[166.56,7.75],[166.65,8.0],[166.39,8.25],[167.25,9.4],[168.5,10.29],[169.25,10.13],[169.88,9.0],[169.17,7.75],[168.75,7.45],[167.0,7.47]]}},{"type":"Feature","properties":{"level":1008},"geometry":{"type":"LineString","coordinates":[[-72.5,7.88],[-73.07,9.0],[-72.27,10.75],[-72.5,11.21],[-73.03,11.25],[-72.99,11.75],[-71.82,12.25],[-72.22,11.75],[-72.16,11.5],[-72.0,11.24],[-71.25,11.05],[-70.68,11.25],[-70.57,11.75],[-70.25,11.83],[-69.77,11.5],[-69.75,10.0],[-70.44,10.0],[-70.3,10.5],[-70.75,10.68],[-70.94,10.5],[-70.89,10.0],[-70.5,9.92],[-70.5,9.53],[-71.0,9.46],[-72.5,7.88]]}},{"type":"Feature","properties":{"level":1008},"geometry":{"type":"LineString","coordinates":[[-63.0,7.99],[-63.0,8.26],[-62.5,8.57],[-63.0,7.99]]}},{"type":"Feature","properties":{"level":1008},"geometry":{"type":"LineString","coordinates":[[-71.54,10.0],[-71.3,10.25],[-71.5,10.41],[-71.54,10.0]]}},{"type":"Feature","properties":{"level":1008},"geometry":{"type":"LineString","coordinates":[[169.75,9.92],[169.75,10.26],[170.13,10.0],[169.75,9.92]]}},{"type":"Feature","properties":{"level":1008},"geometry":{"type":"LineString","coordinates":[[-69.0,10.67],[-69.49,11.25],[-68.98,11.25],[-68.73,10.75],[-69.0,10.67]]}},{"type":"Feature","properties":{"level":1008},"geometry":{"type":"LineString","coordinates":[[-70.55,11.0],[-70.5,10.84],[-70.55,11.0]]}},{"type":"Feature","properties":{"level":1008},"geometry":{"type":"LineString","coordinates":[[137.25,10.92],[136.25,11.77],[134.0,12.12],[133.84,12.5],[132.75,12.98],[132.5,13.5],[131.5,13.61],[130.75,14.23],[130.0,14.2],[130.07,14.5],[129.33,16.0],[129.25,16.64],[129.0,16.41],[128.71,16.75],[129.06,17.75],[130.19,17.75],[130.35,18.25],[130.93,18.75],[131.87,21.0],[137.33,26.25],[139.54,27.75],[143.0,28.92],[145.25,29.21],[147.84,29.0],[150.25,28.07],[152.5,26.7],[153.91,25.25],[154.55,23.75],[154.48,22.25],[154.75,22.44],[155.13,22.25],[155.1,21.25],[154.5,20.94],[153.85,18.75],[152.99,17.0],[150.75,14.33],[150.0,14.19],[147.5,12.54],[146.5,12.27],[144.25,11.73],[140.5,11.65],[138.5,11.0],[137.25,10.92]]}},{"type":"Feature","properties":{"level":1008},"geometry":{"type":"LineString","coordinates":[[-112.5,14.16],[-114.0,14.49],[-116.25,15.62],[-117.66,17.5],[-117.77,18.25],[-118.31,19.0],[-117.51,22.0],[-114.53,26.75],[-114.64,27.25],[-114.25,27.25],[-114.11,27.5],[-114.21,28.0],[-114.0,28.27],[-113.41,28.0],[-113.21,27.5],[-112.8,27.25],[-112.7,26.75],[-111.0,24.74],[-110.75,24.56],[-110.5,25.08],[-110.25,25.05],[-108.42,24.0],[-108.29,23.25],[-107.75,22.86],[-106.76,21.25],[-106.75,20.45],[-107.15,19.75],[-106.91,19.25],[-107.05,18.75],[-106.86,17.5],[-107.25,16.32],[-107.75,16.12],[-109.25,14.64],[-110.75,14.15],[-112.5,14.16]]}},{"type":"Feature","properties":{"level":1008},"geometry":{"type":"LineString","coordinates":[[18.0,14.84],[17.75,15.02],[17.76,15.5],[18.25,15.91],[18.5,15.83],[18.39,15.25],[18.0,14.84]]}},{"type":"Feature","properties":{"level":1008},"geometry":{"type":"LineString","coordinates":[[-86.0,15.72],[-85.5,15.75],[-86.0,15.72]]}},{"type":"Feature","properties":{"level":1008},"geometry":{"type":"LineString","coordinates":[[-173.75,18.69],[-175.15,20.5],[-175.2,21.75],[-174.49,24.0],[-173.84,24.75],[-172.75,25.27],[-171.5,25.18],[-170.52,24.75],[-169.75,24.09],[-169.27,23.25],[-169.43,20.5],[-169.75,19.99],[-171.14,19.0],[-173.25,18.54],[-173.75,18.69]]}},{"type":"Feature","properties":{"level":1008},"geometry":{"type":"LineString","coordinates":[[-110.02,23.25],[-109.75,23.06],[-109.45,23.25],[-110.0,23.89],[-110.02,23.25]]}},{"type":"Feature","properties":{"level":1008},"geometry":{"type":"LineString","coordinates":[[-114.5,28.48],[-114.96,29.25],[-114.03,28.75],[-114.25,28.4],[-114.5,28.48]]}},{"type":"Feature","properties":{"level":1008},"geometry":{"type":"LineString","coordinates":[[-111.75,28.64],[-111.97,28.75],[-111.75,28.98],[-111.45,28.75],[-111.75,28.64]]}},{"type":"Feature","properties":{"level":1008},"geometry":{"type":"LineString","coordinates":[[70.75,30.49],[70.75,31.09],[70.91,30.75],[70.75,30.49]]}},{"type":"Feature","properties":{"level":1008},"geometry":{"type":"LineString","coordinates":[[180.0,45.78],[168.5,45.55],[162.6,46.5],[159.5,47.61],[155.61,49.75],[155.25,50.5],[151.25,52.59],[148.25,53.44],[143.0,54.35],[139.62,55.25],[138.19,56.25],[138.0,56.64],[138.42,57.75],[137.37,58.75],[137.16,59.5],[137.09,60.75],[137.5,60.86],[137.65,61.25],[137.01,61.75],[137.17,62.25],[135.0,62.49],[132.47,63.25],[132.5,63.5],[133.25,63.55],[137.75,62.98],[140.0,63.45],[140.0,64.5],[140.25,64.5],[140.64,65.0],[140.14,65.25],[140.5,65.29],[140.66,65.75],[140.11,66.25],[140.31,66.5],[139.5,67.01],[138.25,66.52],[137.5,66.63],[136.5,66.37],[135.87,66.75],[135.25,66.79],[134.37,66.25],[134.5,65.96],[132.5,65.53],[127.83,66.25],[128.5,66.27],[128.7,66.5],[128.5,66.62],[127.5,66.5],[127.25,66.23],[126.55,66.25],[127.0,66.21],[127.06,66.0],[126.35,65.5],[126.61,65.25],[126.25,64.8],[125.75,64.62],[123.0,64.26],[115.0,62.45],[109.75,62.26],[108.27,62.5],[109.92,63.0],[109.0,63.21],[108.14,63.75],[108.0,64.45],[107.5,64.9],[105.53,66.0],[100.2,68.25],[100.0,68.66],[98.0,69.49],[98.17,69.75],[98.0,69.93],[97.02,70.5],[94.0,71.31],[91.5,71.78],[87.0,72.06],[81.5,71.76],[75.5,72.04],[65.5,73.37],[58.0,73.96],[58.48,74.75],[58.27,75.0],[58.44,75.5],[58.25,75.56],[53.25,75.51],[45.75,76.54],[41.75,76.76],[37.0,76.54],[32.75,76.03],[26.75,74.64],[22.12,72.75],[21.99,72.25],[22.19,72.0],[23.43,71.5],[23.75,71.0],[23.0,70.52],[17.51,68.75],[16.25,68.87],[15.57,68.5],[15.5,68.13],[14.75,68.28],[12.5,67.38],[4.25,67.08],[-1.25,65.81],[-11.75,60.55],[-16.25,58.72],[-19.25,57.71],[-22.5,56.97],[-28.5,56.16],[-33.0,55.08],[-38.0,52.26],[-42.5,50.22],[-46.75,48.84],[-49.25,48.52],[-50.25,48.8],[-51.71,50.25],[-52.17,51.0],[-52.4,52.0],[-52.0,52.41],[-52.1,52.75],[-55.25,54.65],[-57.25,54.99],[-57.75,54.87],[-58.0,54.54],[-71.5,56.76],[-82.5,59.69],[-87.0,61.56],[-90.25,63.84],[-94.37,67.25],[-96.72,68.5],[-99.76,70.75],[-100.32,72.0],[-101.26,73.0],[-102.02,74.75],[-102.25,75.5],[-102.2,76.25],[-101.93,76.5],[-102.34,77.25],[-102.46,78.25],[-100.71,79.5],[-98.0,80.3],[-92.7,80.5],[-92.22,80.75],[-94.16,81.5],[-92.75,81.94],[-84.5,83.02],[-75.5,83.43],[-72.15,84.25],[-64.93,85.25],[-46.75,86.85],[-9.75,87.8],[27.0,87.67],[42.25,87.19],[52.09,86.5],[60.75,85.44],[76.11,83.0],[85.75,82.06],[93.5,82.04],[119.0,83.03],[128.5,82.98],[136.75,82.51],[152.75,80.7],[158.25,79.65],[163.16,78.25],[172.0,74.34],[174.75,73.68],[178.0,73.36],[180.0,72.73]]}},{"type":"Feature","properties":{"level":1008},"geometry":{"type":"LineString","coordinates":[[68.0,49.16],[66.96,49.5],[67.05,50.25],[67.75,50.76],[68.03,50.75],[68.54,49.75],[68.0,49.16]]}},{"type":"Feature","properties":{"level":1008},"geometry":{"type":"LineString","coordinates":[[61.75,57.0],[60.25,57.2],[60.16,57.5],[61.75,58.13],[63.78,58.0],[63.86,57.75],[63.25,57.18],[61.75,57.0]]}},{"type":"Feature","properties":{"level":1008},"geometry":{"type":"LineString","coordinates":[[-180.0,67.99],[-180.0,68.0]]}},{"type":"Feature","properties":{"level":1008},"geometry":{"type":"LineString","coordinates":[[-42.83,68.0],[-41.75,68.37],[-40.25,68.48],[-38.25,69.49],[-36.5,69.95],[-32.18,70.75],[-31.44,71.25],[-31.75,72.0],[-31.62,73.25],[-28.98,75.0],[-28.96,75.5],[-28.05,76.75],[-35.6,78.75],[-42.25,79.79],[-46.5,79.37],[-48.09,78.75],[-48.27,78.0],[-47.31,77.75],[-47.23,77.5],[-38.25,76.54],[-35.0,76.64],[-34.14,76.25],[-35.0,75.66],[-37.0,75.32],[-37.0,75.08],[-36.45,74.75],[-36.73,74.25],[-38.69,73.75],[-40.25,73.0],[-42.34,71.25],[-42.06,70.5],[-42.37,69.5],[-42.28,69.0],[-42.83,68.0]]}},{"type":"Feature","properties":{"level":1008},"geometry":{"type":"LineString","coordinates":[[15.25,67.98],[15.25,68.13],[15.25,67.98]]}},{"type":"Feature","properties":{"level":1008},"geometry":{"type":"LineString","coordinates":[[180.0,68.0],[179.24,68.0],[180.0,67.99]]}},{"type":"Feature","properties":{"level":1008},"geometry":{"type":"LineString","coordinates":[[-180.0,72.73],[-174.75,70.72],[-172.98,69.75],[-172.97,69.0],[-174.51,67.75],[-177.0,66.69],[-178.17,66.5],[-178.25,66.25],[-177.64,65.75],[-175.78,64.75],[-172.71,63.75],[-166.25,62.3],[-165.15,61.75],[-162.25,61.75],[-160.0,61.39],[-159.41,60.25],[-158.75,59.96],[-155.5,60.79],[-154.0,60.85],[-154.21,60.5],[-153.0,59.94],[-150.25,60.34],[-149.75,60.05],[-146.0,60.02],[-142.15,59.0],[-141.19,58.5],[-140.57,57.5],[-140.4,56.25],[-139.01,53.75],[-138.73,52.75],[-140.25,50.18],[-141.0,49.75],[-141.5,49.83],[-142.25,49.47],[-142.5,49.02],[-143.75,48.5],[-144.78,47.25],[-147.25,45.37],[-151.75,45.36],[-153.5,45.72],[-155.5,45.71],[-162.75,47.47],[-165.75,47.34],[-166.5,46.7],[-167.25,46.87],[-168.75,46.03],[-171.0,45.28],[-175.0,45.92],[-180.0,45.78]]}},{"type":"Feature","properties":{"level":1008},"geometry":{"type":"LineString","coordinates":[[-35.97,80.0],[-34.97,80.0],[-36.0,80.27],[-37.43,80.25],[-35.97,80.0]]}},{"type":"Feature","properties":{"level":1008},"geometry":{"type":"LineString","coordinates":[[-86.77,82.0],[-86.25,82.0],[-86.77,82.0]]}},{"type":"Feature","properties":{"level":1008},"geometry":{"type":"LineString","coordinates":[[-83.12,82.0],[-79.93,82.0],[-81.5,82.11],[-82.25,82.43],[-83.12,82.0]]}},{"type":"Feature","properties":{"level":1008},"geometry":{"type":"LineString","coordinates":[[-77.34,82.25],[-76.3,82.25],[-77.34,82.25]]}},{"type":"Feature","properties":{"level":1012},"geometry":{"type":"LineString","coordinates":[[180.0,-88.74],[161.25,-88.81],[139.39,-88.5],[131.75,-88.21],[128.98,-87.75],[129.12,-87.0],[131.55,-86.0],[131.34,-85.75],[129.25,-85.27],[128.96,-85.0],[129.03,-84.75],[130.63,-84.5],[130.93,-84.25],[130.49,-83.75],[131.34,-83.5],[131.42,-83.25],[130.48,-82.75],[131.75,-82.46],[132.97,-81.75],[135.25,-81.0],[135.22,-80.75],[134.68,-80.5],[135.11,-80.25],[141.75,-79.23],[149.07,-77.25],[149.02,-77.0],[147.64,-76.25],[147.67,-75.5],[148.31,-74.75],[148.21,-74.5],[148.65,-74.0],[148.5,-73.86],[145.36,-73.0],[145.24,-72.75],[143.5,-71.91],[143.27,-71.75],[143.45,-71.0],[143.23,-70.75],[140.75,-69.81],[139.25,-69.7],[137.53,-68.75],[136.75,-68.69],[135.0,-68.81],[131.66,-70.25],[128.42,-71.0],[132.25,-71.63],[133.29,-72.0],[133.06,-72.5],[132.41,-72.75],[129.25,-73.16],[119.75,-72.79],[116.25,-72.93],[115.06,-73.5],[115.54,-74.0],[115.53,-74.75],[115.8,-75.0],[115.0,-75.33],[110.75,-75.38],[101.75,-73.28],[96.25,-73.07],[84.0,-74.46],[81.25,-75.11],[79.25,-76.37],[65.25,-77.72],[64.0,-77.61],[62.5,-76.96],[58.0,-76.39],[55.75,-75.35],[53.25,-74.62],[53.1,-74.5],[53.83,-73.75],[53.69,-73.25],[54.02,-72.75],[53.98,-72.5],[53.5,-72.33],[41.0,-73.62],[37.0,-74.25],[31.0,-74.68],[27.25,-74.67],[26.59,-74.75],[26.7,-75.0],[26.25,-75.14],[23.0,-75.3],[13.38,-74.75],[14.5,-74.56],[17.25,-74.84],[19.46,-74.5],[18.25,-74.07],[13.75,-73.69],[10.25,-73.92],[7.75,-74.53],[7.05,-75.0],[7.97,-75.5],[9.09,-75.75],[17.5,-77.1],[19.12,-77.75],[18.17,-78.0],[18.06,-78.5],[18.68,-79.0],[18.19,-79.5],[18.31,-80.0],[20.37,-80.5],[23.52,-80.75],[27.45,-82.0],[27.18,-82.25],[25.25,-82.36],[11.0,-82.11],[9.5,-82.33],[9.16,-82.5],[9.47,-82.75],[8.75,-83.09],[5.0,-83.64],[-17.25,-85.81],[-23.75,-86.09],[-32.0,-86.08],[-53.46,-87.25],[-55.5,-87.66],[-59.0,-87.86],[-77.21,-88.25],[-115.0,-88.68],[-180.0,-88.74]]}},{"type":"Feature","properties":{"level":1012},"geometry":{"type":"LineString","coordinates":[[27.75,-78.0],[26.5,-77.69],[25.5,-77.9],[19.39,-77.75],[19.93,-77.5],[19.82,-77.25],[20.57,-77.25],[21.0,-77.58],[21.43,-77.5],[21.5,-77.24],[26.25,-77.19],[27.88,-77.25],[28.79,-77.75],[28.4,-78.0],[27.75,-78.0]]}},{"type":"Feature","properties":{"level":1012},"geometry":{"type":"LineString","coordinates":[[-180.0,-53.57],[-174.8,-52.0],[-168.75,-50.65],[-165.0,-49.11],[-162.44,-46.5],[-161.94,-45.25],[-161.07,-44.5],[-159.98,-43.0],[-153.25,-38.78],[-150.25,-38.27],[-142.0,-37.68],[-136.0,-37.49],[-124.5,-37.73],[-114.97,-35.75],[-112.25,-34.42],[-112.0,-33.74],[-110.5,-33.69],[-109.75,-32.62],[-108.25,-32.66],[-107.75,-32.15],[-105.75,-32.05],[-104.75,-31.48],[-103.5,-31.25],[-103.25,-31.39],[-102.75,-30.98],[-102.0,-31.24],[-101.25,-31.02],[-100.5,-31.22],[-98.26,-32.75],[-98.42,-33.0],[-98.18,-35.0],[-98.66,-36.25],[-97.66,-40.25],[-96.25,-41.38],[-93.85,-42.25],[-92.0,-42.19],[-85.5,-40.04],[-81.75,-39.17],[-76.5,-38.86],[-73.0,-39.43],[-72.25,-39.75],[-71.75,-39.43],[-70.95,-37.25],[-70.16,-36.25],[-70.09,-35.0],[-69.55,-34.0],[-69.59,-33.25],[-69.4,-33.0],[-69.9,-32.0],[-69.81,-30.75],[-69.25,-28.93],[-68.25,-27.75],[-68.28,-27.25],[-67.87,-26.75],[-68.18,-26.0],[-67.82,-25.5],[-68.1,-24.75],[-67.75,-24.29],[-67.09,-24.0],[-66.49,-22.75],[-66.75,-21.96],[-67.5,-21.8],[-68.13,-21.0],[-68.09,-20.5],[-68.52,-19.75],[-68.91,-17.75],[-69.5,-17.51],[-69.5,-16.95],[-70.73,-15.75],[-70.7,-15.25],[-71.25,-15.12],[-71.5,-15.35],[-72.5,-14.46],[-74.09,-14.25],[-74.58,-13.25],[-75.75,-12.2],[-76.79,-10.5],[-77.52,-9.75],[-77.76,-9.25],[-77.44,-9.0],[-77.75,-8.13],[-78.14,-8.25],[-78.54,-7.75],[-78.0,-6.68],[-77.61,-7.5],[-77.62,-8.0],[-76.72,-9.5],[-76.08,-10.0],[-76.01,-10.75],[-75.45,-10.25],[-75.75,-9.49],[-76.0,-9.73],[-76.38,-9.0],[-77.27,-7.0],[-76.94,-6.5],[-77.75,-5.36],[-78.25,-5.29],[-78.31,-5.75],[-79.18,-6.75],[-79.0,-7.21],[-78.58,-7.25],[-78.89,-7.75],[-78.75,-8.64],[-80.25,-8.36],[-81.84,-7.25],[-83.01,-5.5],[-83.16,-4.5],[-85.0,-2.55],[-86.0,-2.72],[-86.75,-2.51],[-87.5,-2.08],[-87.71,-1.5],[-88.25,-0.98],[-89.5,-1.15],[-92.0,-2.03],[-95.5,-2.42],[-97.0,-2.41],[-97.75,-2.11],[-99.75,-1.94],[-101.5,-1.05],[-102.5,-1.03],[-103.5,-0.46],[-106.5,0.22],[-108.22,1.0],[-109.37,2.0],[-109.48,2.75],[-108.73,3.0],[-109.0,3.88],[-110.25,3.52],[-110.75,3.97],[-111.75,3.85],[-113.25,3.15],[-113.47,3.25],[-113.5,3.67],[-114.5,2.88],[-114.75,3.78],[-115.37,3.5],[-115.03,3.25],[-115.5,2.91],[-116.5,2.55],[-117.75,2.75],[-119.0,1.99],[-120.0,2.7],[-120.75,2.77],[-121.8,1.75],[-121.98,1.0],[-122.5,0.97],[-122.69,0.5],[-123.25,0.37],[-126.0,-2.33],[-129.0,-2.31],[-130.0,-2.9],[-130.5,-2.77],[-130.75,-3.0],[-130.54,-3.5],[-130.75,-3.94],[-131.75,-3.39],[-132.75,-4.06],[-134.0,-3.97],[-134.5,-4.21],[-135.08,-3.75],[-136.0,-3.55],[-138.12,-4.5],[-137.82,-5.0],[-138.0,-5.2],[-138.5,-4.76],[-139.5,-4.87],[-139.88,-5.25],[-139.31,-6.0],[-140.5,-5.93],[-141.0,-6.64],[-142.5,-7.38],[-143.0,-7.31],[-143.75,-6.28],[-144.44,-6.25],[-144.5,-5.87],[-146.25,-6.45],[-147.5,-6.1],[-147.75,-6.43],[-148.25,-6.55],[-148.5,-7.21],[-149.0,-7.53],[-150.25,-7.97],[-151.0,-7.71],[-151.75,-7.86],[-153.0,-8.63],[-154.0,-8.39],[-154.65,-8.75],[-155.5,-8.83],[-156.25,-8.0],[-158.75,-8.77],[-160.25,-8.73],[-163.75,-9.17],[-166.25,-10.06],[-166.61,-9.75],[-166.28,-9.5],[-166.25,-9.25],[-166.5,-9.21],[-167.55,-9.5],[-167.32,-9.75],[-168.0,-10.28],[-169.75,-9.9],[-170.5,-10.21],[-171.75,-10.15],[-172.0,-10.52],[-172.75,-10.85],[-175.0,-10.5],[-176.25,-10.6],[-177.25,-11.02],[-178.0,-10.62],[-178.5,-10.94],[-180.0,-11.28]]}},{"type":"Feature","properties":{"level":1012},"geometry":{"type":"LineString","coordinates":[[17.5,-25.28],[17.75,-24.23],[18.09,-24.5],[17.5,-25.28]]}},{"type":"Feature","properties":{"level":1012},"geometry":{"type":"LineString","coordinates":[[-68.5,-23.76],[-68.58,-23.25],[-68.25,-22.82],[-68.0,-23.5],[-68.25,-23.84],[-68.5,-23.76]]}},{"type":"Feature","properties":{"level":1012},"geometry":{"type":"LineString","coordinates":[[-69.75,-23.41],[-69.97,-22.25],[-69.78,-19.25],[-70.0,-18.93],[-69.75,-18.98],[-69.42,-20.0],[-69.17,-22.5],[-69.25,-23.12],[-69.75,-23.41]]}},{"type":"Feature","properties":{"level":1012},"geometry":{"type":"LineString","coordinates":[[-66.91,-20.25],[-66.54,-20.25],[-66.19,-19.5],[-66.24,-19.0],[-66.5,-18.83],[-66.91,-20.25]]}},{"type":"Feature","properties":{"level":1012},"geometry":{"type":"LineString","coordinates":[[18.5,-19.55],[17.25,-19.21],[16.75,-19.47],[16.09,-19.0],[16.25,-18.05],[16.75,-17.78],[16.81,-17.25],[16.25,-16.48],[15.5,-16.1],[15.0,-15.5],[15.38,-14.25],[15.62,-14.25],[15.75,-14.86],[16.25,-14.88],[16.5,-14.33],[16.8,-14.25],[16.75,-14.54],[17.35,-14.75],[17.33,-15.5],[17.07,-15.75],[17.5,-15.77],[17.99,-16.25],[17.82,-16.75],[18.0,-16.95],[18.25,-16.84],[18.5,-17.3],[18.75,-16.87],[19.27,-17.25],[18.99,-17.5],[19.76,-17.75],[19.46,-18.25],[19.71,-18.5],[19.57,-19.5],[19.25,-19.71],[18.5,-19.55]]}},{"type":"Feature","properties":{"level":1012},"geometry":{"type":"LineString","coordinates":[[-42.25,-18.1],[-42.4,-18.0],[-42.06,-18.0],[-42.25,-18.1]]}},{"type":"Feature","properties":{"level":1012},"geometry":{"type":"LineString","coordinates":[[128.25,-17.83],[128.75,-17.18],[129.0,-17.2],[128.5,-17.98],[128.25,-17.83]]}},{"type":"Feature","properties":{"level":1012},"geometry":{"type":"LineString","coordinates":[[-69.36,-16.25],[-67.98,-16.25],[-68.25,-15.75],[-68.75,-15.9],[-69.25,-15.19],[-69.75,-15.29],[-69.86,-15.75],[-69.36,-16.25]]}},{"type":"Feature","properties":{"level":1012},"geometry":{"type":"LineString","coordinates":[[-74.75,-15.27],[-76.09,-14.25],[-76.04,-13.75],[-74.34,-15.25],[-74.75,-15.27]]}},{"type":"Feature","properties":{"level":1012},"geometry":{"type":"LineString","coordinates":[[-69.45,-14.75],[-69.08,-14.75],[-69.46,-14.0],[-70.0,-13.64],[-71.5,-13.12],[-71.75,-12.83],[-72.35,-13.0],[-71.26,-13.5],[-71.0,-14.01],[-70.07,-14.0],[-69.45,-14.75]]}},{"type":"Feature","properties":{"level":1012},"geometry":{"type":"LineString","coordinates":[[171.75,-12.76],[171.66,-12.5],[171.99,-12.5],[171.75,-12.76]]}},{"type":"Feature","properties":{"level":1012},"geometry":{"type":"LineString","coordinates":[[180.0,-11.28],[179.0,-11.58],[178.75,-12.1],[178.25,-11.67],[177.25,-12.31],[177.0,-12.06],[177.0,-12.79],[176.5,-13.28],[176.25,-13.22],[175.75,-12.19],[174.75,-12.74],[173.5,-12.65],[173.25,-13.09],[173.0,-13.05],[172.75,-12.66],[172.0,-12.49],[171.75,-11.6],[171.5,-12.17],[171.0,-12.03],[170.9,-12.25],[171.3,-13.25],[171.08,-13.5],[170.25,-13.85],[170.0,-13.72],[168.5,-14.64],[166.75,-14.53],[166.41,-14.75],[166.5,-15.37],[165.75,-15.38],[165.25,-15.69],[164.9,-15.5],[165.04,-15.25],[164.75,-14.89],[163.75,-14.56],[161.5,-12.78],[157.42,-10.5],[155.43,-8.75],[154.88,-8.0],[154.54,-6.5],[153.71,-5.75],[153.75,-4.55],[153.25,-4.35],[153.23,-4.0],[152.52,-3.25],[151.75,-3.07],[151.25,-2.44],[150.56,-2.25],[150.75,-1.49],[151.92,-1.0],[151.29,-0.75],[152.25,-0.45],[152.92,0.25],[152.75,0.32],[150.0,-1.18],[147.5,-1.63],[147.0,-1.21],[146.63,-1.25],[146.25,-2.5],[146.51,-3.0],[145.5,-2.98],[145.54,-4.25],[144.5,-4.37],[143.25,-3.39],[141.12,-3.0],[141.16,-2.75],[140.75,-3.02],[140.32,-2.5],[139.5,-2.64],[138.75,-2.26],[137.0,-2.36],[136.0,-3.22],[135.25,-3.52],[134.13,-2.25],[134.22,-1.25],[134.0,-0.96],[133.0,-0.38],[131.75,-0.6],[131.0,-0.13],[130.41,-0.25],[130.75,-0.32],[130.75,-0.75],[129.5,-1.35],[128.75,-0.84],[128.64,-2.0],[129.29,-2.25],[129.33,-2.5],[129.0,-2.26],[128.66,-2.75],[128.19,-2.75],[127.98,-2.0],[128.47,-1.5],[128.12,-1.0],[128.44,-0.75],[128.24,0.25],[128.63,0.5],[128.43,0.75],[128.72,1.25],[128.5,1.58],[128.04,1.5],[127.75,1.99],[127.25,1.24],[126.02,1.75],[125.0,1.69],[123.75,0.98],[121.5,1.12],[121.0,1.37],[120.75,0.94],[120.25,0.81],[120.04,0.5],[119.31,-2.25],[118.84,-2.75],[118.96,-3.5],[119.55,-4.0],[119.5,-5.61],[119.0,-5.69],[117.5,-5.31],[117.0,-4.95],[116.5,-5.07],[115.25,-4.54],[114.91,-5.0],[113.25,-5.58],[111.75,-5.55],[111.25,-5.26],[110.0,-5.14],[108.37,-4.25],[108.5,-3.85],[107.59,-3.25],[108.0,-3.12],[108.17,-2.75],[107.75,-2.17],[107.36,-2.25],[107.25,-2.75],[107.0,-2.72],[105.5,-1.43],[105.0,-1.43],[104.5,-0.93],[103.9,-1.0],[104.25,-0.57],[104.5,-0.73],[104.75,-0.13],[104.5,0.1],[104.25,-0.16],[103.12,0.75],[103.0,1.11],[102.0,1.75],[102.0,2.02],[102.5,2.03],[103.33,1.75],[103.23,1.5],[103.5,1.39],[104.0,1.89],[104.01,2.25],[103.49,2.75],[103.57,4.75],[101.5,6.66],[100.25,7.22],[99.93,7.75],[99.75,9.11],[99.4,9.0],[99.25,8.3],[99.14,8.5],[99.14,10.75],[99.67,12.25],[99.52,13.25],[99.07,14.0],[99.42,15.25],[98.7,18.5],[99.0,19.17],[99.25,18.78],[99.67,19.0],[99.4,19.75],[100.0,20.76],[100.5,20.92],[100.85,20.25],[100.75,19.84],[100.48,19.75],[100.5,19.01],[100.75,19.31],[101.25,18.35],[101.75,19.58],[101.91,19.0],[102.5,18.88],[102.75,18.58],[103.25,18.52],[103.75,18.83],[105.08,17.75],[105.75,17.63],[104.37,19.25],[104.37,19.5],[104.81,19.75],[104.36,20.5],[103.25,21.22],[102.85,21.0],[102.5,20.36],[101.95,21.75],[102.34,22.25],[102.25,22.58],[103.0,22.34],[103.25,22.57],[104.25,21.33],[104.5,21.37],[104.31,22.0],[103.7,22.75],[104.75,22.72],[105.0,23.15],[105.65,23.25],[106.25,24.31],[107.75,24.08],[108.5,24.49],[108.54,24.25],[109.0,24.14],[109.75,24.67],[110.25,23.82],[110.75,23.98],[111.25,23.76],[112.13,24.0],[112.31,23.75],[111.9,23.5],[112.5,23.14],[113.0,23.54],[114.25,22.09],[117.25,22.62],[117.71,23.5],[119.0,24.01],[119.75,24.84],[121.0,25.53],[121.34,25.25],[120.75,24.5],[120.45,23.25],[120.75,22.15],[121.71,23.5],[122.02,25.25],[122.75,25.67],[123.75,25.86],[125.0,26.82],[131.0,27.43],[132.25,28.76],[134.5,30.0],[144.75,31.44],[146.75,31.52],[150.25,30.95],[151.84,30.25],[154.75,28.0],[156.08,26.5],[158.1,23.25],[158.96,20.75],[158.48,19.0],[158.75,18.72],[159.25,18.7],[160.0,17.93],[160.75,18.08],[161.75,18.87],[163.0,18.46],[163.15,18.75],[163.47,18.75],[164.0,17.83],[164.75,18.01],[166.0,19.02],[166.5,18.81],[167.0,19.36],[167.25,19.1],[167.5,19.24],[168.0,18.98],[168.66,19.5],[168.75,19.89],[169.25,19.12],[170.0,19.26],[170.5,19.63],[171.5,19.72],[171.5,20.04],[173.5,19.65],[174.5,19.85],[178.5,21.6],[180.0,22.76]]}},{"type":"Feature","properties":{"level":1012},"geometry":{"type":"LineString","coordinates":[[26.75,-11.02],[26.3,-10.5],[26.34,-10.0],[27.25,-9.25],[27.54,-10.75],[27.0,-11.23],[26.75,-11.02]]}},{"type":"Feature","properties":{"level":1012},"geometry":{"type":"LineString","coordinates":[[159.88,-9.75],[160.57,-9.75],[160.0,-9.57],[159.88,-9.75]]}},{"type":"Feature","properties":{"level":1012},"geometry":{"type":"LineString","coordinates":[[15.99,-9.25],[16.25,-9.37],[16.53,-9.0],[16.18,-8.5],[16.23,-8.0],[15.69,-7.0],[15.06,-6.25],[14.75,-6.19],[14.83,-7.5],[14.55,-8.0],[15.0,-8.11],[15.25,-8.88],[15.99,-9.25]]}},{"type":"Feature","properties":{"level":1012},"geometry":{"type":"LineString","coordinates":[[-78.5,-9.04],[-78.66,-8.75],[-78.5,-8.64],[-78.5,-9.04]]}},{"type":"Feature","properties":{"level":1012},"geometry":{"type":"LineString","coordinates":[[-147.25,-7.54],[-147.5,-6.85],[-147.03,-7.25],[-147.0,-7.5],[-147.25,-7.54]]}},{"type":"Feature","properties":{"level":1012},"geometry":{"type":"LineString","coordinates":[[-35.83,-7.0],[-35.59,-6.75],[-36.0,-5.86],[-36.25,-6.0],[-36.26,-6.75],[-35.83,-7.0]]}},{"type":"Feature","properties":{"level":1012},"geometry":{"type":"LineString","coordinates":[[155.3,-6.75],[155.75,-6.84],[155.93,-6.5],[155.0,-5.55],[154.62,-5.75],[155.3,-6.75]]}},{"type":"Feature","properties":{"level":1012},"geometry":{"type":"LineString","coordinates":[[-79.31,-6.5],[-79.25,-6.65],[-79.1,-6.25],[-79.26,-6.0],[-78.94,-5.75],[-79.02,-5.0],[-78.5,-5.07],[-78.21,-4.75],[-78.2,-3.75],[-77.96,-3.25],[-78.2,-3.0],[-77.45,-2.25],[-77.33,-1.5],[-77.59,-1.0],[-77.28,-0.5],[-77.37,0.25],[-76.5,1.26],[-75.25,1.89],[-73.27,4.75],[-72.38,5.5],[-71.79,6.5],[-72.1,7.0],[-72.0,7.65],[-71.0,8.07],[-69.5,9.62],[-70.0,9.62],[-71.0,9.14],[-71.41,8.75],[-71.39,8.5],[-72.0,8.21],[-72.12,7.75],[-72.5,7.58],[-72.75,7.61],[-73.1,8.25],[-73.41,8.25],[-73.0,6.5],[-73.5,6.03],[-73.75,6.2],[-74.03,6.0],[-74.82,3.25],[-76.0,1.81],[-75.54,3.0],[-75.65,3.5],[-75.04,4.75],[-75.21,6.5],[-75.0,7.0],[-76.5,7.99],[-77.0,7.92],[-77.5,8.49],[-77.75,8.09],[-80.0,7.35],[-80.79,7.75],[-80.91,7.25],[-80.75,7.03],[-80.25,7.25],[-80.11,7.0],[-80.53,6.0],[-80.0,5.72],[-79.75,6.09],[-78.75,5.42],[-78.28,5.75],[-77.5,5.65],[-77.25,4.89],[-76.75,4.95],[-76.71,4.75],[-77.24,2.75],[-77.68,2.25],[-77.5,1.81],[-77.0,2.32],[-76.96,2.0],[-77.25,1.56],[-77.75,1.78],[-78.9,0.5],[-79.14,-0.5],[-79.37,-1.5],[-79.22,-2.25],[-79.64,-2.75],[-79.79,-3.5],[-79.28,-4.0],[-79.5,-4.57],[-80.0,-4.72],[-80.06,-5.0],[-79.72,-5.25],[-79.56,-6.25],[-79.31,-6.5]]}},{"type":"Feature","properties":{"level":1012},"geometry":{"type":"LineString","coordinates":[[30.49,-6.5],[30.81,-6.0],[30.75,-5.57],[30.25,-5.17],[30.38,-5.75],[29.96,-6.25],[30.49,-6.5]]}},{"type":"Feature","properties":{"level":1012},"geometry":{"type":"LineString","coordinates":[[-143.85,-6.0],[-143.75,-6.23],[-143.6,-6.0],[-143.85,-6.0]]}},{"type":"Feature","properties":{"level":1012},"geometry":{"type":"LineString","coordinates":[[28.5,-5.5],[29.0,-5.71],[29.28,-5.5],[28.98,-4.25],[29.22,-3.0],[29.33,-3.75],[29.83,-4.5],[30.0,-4.71],[30.39,-4.5],[29.84,-4.25],[30.25,-3.54],[31.61,-2.75],[31.39,-1.5],[31.83,-1.25],[31.66,-0.75],[32.5,0.13],[33.0,0.1],[33.17,0.5],[32.5,0.3],[31.72,1.0],[31.5,1.51],[30.5,0.98],[30.12,1.0],[31.16,2.25],[30.75,3.57],[29.55,2.75],[29.59,1.75],[27.75,2.81],[27.73,2.5],[27.0,1.68],[26.75,1.75],[27.01,2.5],[26.89,2.75],[27.32,3.0],[27.0,3.04],[26.5,3.47],[26.53,3.75],[26.25,3.77],[25.91,2.5],[26.36,2.0],[25.63,1.25],[26.51,0.5],[26.67,0.0],[26.47,-0.5],[27.32,-1.5],[27.02,-2.25],[27.79,-2.75],[27.16,-3.75],[27.75,-4.19],[28.25,-4.22],[28.78,-4.75],[28.75,-5.49],[28.5,-5.5]]}},{"type":"Feature","properties":{"level":1012},"geometry":{"type":"LineString","coordinates":[[141.75,-4.51],[141.5,-4.0],[141.0,-4.44],[140.88,-4.25],[140.82,-4.0],[141.25,-3.49],[143.65,-4.0],[143.25,-4.43],[141.75,-4.51]]}},{"type":"Feature","properties":{"level":1012},"geometry":{"type":"LineString","coordinates":[[146.5,-4.25],[147.25,-3.77],[147.44,-4.0],[147.25,-4.41],[146.5,-4.25]]}},{"type":"Feature","properties":{"level":1012},"geometry":{"type":"LineString","coordinates":[[-135.75,-4.1],[-135.9,-4.0],[-135.75,-4.1]]}},{"type":"Feature","properties":{"level":1012},"geometry":{"type":"LineString","coordinates":[[115.13,-4.0],[115.5,-4.15],[115.75,-3.77],[116.25,-3.85],[116.3,-3.0],[116.0,-2.37],[115.75,-2.34],[114.9,-3.75],[115.13,-4.0]]}},{"type":"Feature","properties":{"level":1012},"geometry":{"type":"LineString","coordinates":[[150.0,-4.11],[150.28,-4.0],[150.0,-4.11]]}},{"type":"Feature","properties":{"level":1012},"geometry":{"type":"LineString","coordinates":[[153.36,-4.0],[153.78,-4.0],[153.5,-3.79],[153.36,-4.0]]}},{"type":"Feature","properties":{"level":1012},"geometry":{"type":"LineString","coordinates":[[139.5,-3.53],[138.75,-3.17],[137.47,-3.25],[137.19,-3.0],[138.25,-2.66],[138.75,-2.91],[139.5,-2.88],[139.83,-3.5],[139.5,-3.53]]}},{"type":"Feature","properties":{"level":1012},"geometry":{"type":"LineString","coordinates":[[151.0,-3.54],[151.0,-3.14],[151.0,-3.54]]}},{"type":"Feature","properties":{"level":1012},"geometry":{"type":"LineString","coordinates":[[13.25,-3.15],[13.13,-3.0],[13.32,-3.0],[13.25,-3.15]]}},{"type":"Feature","properties":{"level":1012},"geometry":{"type":"LineString","coordinates":[[148.5,-2.76],[148.25,-2.74],[148.25,-2.36],[149.75,-2.5],[149.74,-2.75],[149.25,-2.95],[148.5,-2.76]]}},{"type":"Feature","properties":{"level":1012},"geometry":{"type":"LineString","coordinates":[[111.46,-2.5],[113.0,-1.51],[113.5,-0.73],[114.25,-0.34],[115.5,-0.28],[115.03,0.25],[115.12,0.5],[115.75,0.45],[116.75,1.33],[117.54,1.0],[117.63,1.75],[117.0,1.84],[116.84,2.25],[116.98,3.0],[116.48,3.5],[117.5,4.57],[118.09,4.5],[117.89,5.0],[117.35,5.25],[117.0,6.51],[116.5,6.44],[115.25,4.89],[114.14,4.5],[113.5,3.3],[113.25,3.32],[112.34,2.5],[112.32,2.0],[111.83,1.75],[112.0,1.32],[112.75,1.28],[113.38,0.75],[112.4,0.25],[112.2,0.0],[112.53,-0.25],[111.75,-0.96],[111.5,-0.99],[111.25,-0.37],[110.8,-0.5],[110.92,-1.75],[111.46,-2.5]]}},{"type":"Feature","properties":{"level":1012},"geometry":{"type":"LineString","coordinates":[[115.96,-1.75],[116.0,-1.36],[115.82,-1.5],[115.96,-1.75]]}},{"type":"Feature","properties":{"level":1012},"geometry":{"type":"LineString","coordinates":[[135.95,-1.75],[136.44,-1.75],[135.95,-1.75]]}},{"type":"Feature","properties":{"level":1012},"geometry":{"type":"LineString","coordinates":[[10.75,-1.63],[10.5,-1.13],[9.75,-0.89],[9.75,-0.54],[10.08,-0.25],[10.75,-0.25],[10.75,-1.63]]}},{"type":"Feature","properties":{"level":1012},"geometry":{"type":"LineString","coordinates":[[112.0,-1.3],[111.94,-1.0],[112.0,-1.3]]}},{"type":"Feature","properties":{"level":1012},"geometry":{"type":"LineString","coordinates":[[-91.41,-1.0],[-91.25,-1.18],[-91.04,-1.0],[-91.41,-1.0]]}},{"type":"Feature","properties":{"level":1012},"geometry":{"type":"LineString","coordinates":[[-90.31,-0.75],[-90.25,-0.9],[-90.31,-0.75]]}},{"type":"Feature","properties":{"level":1012},"geometry":{"type":"LineString","coordinates":[[-165.5,0.0],[-164.91,0.25],[-165.25,1.71],[-164.25,1.44],[-163.61,2.25],[-163.8,3.5],[-164.25,3.95],[-165.25,4.11],[-166.38,3.75],[-167.5,2.79],[-167.85,2.0],[-167.55,1.5],[-166.75,1.11],[-166.4,0.5],[-165.5,0.0]]}},{"type":"Feature","properties":{"level":1012},"geometry":{"type":"LineString","coordinates":[[28.5,0.23],[28.25,0.57],[27.92,0.5],[28.75,1.59],[29.0,1.54],[28.5,0.23]]}},{"type":"Feature","properties":{"level":1012},"geometry":{"type":"LineString","coordinates":[[-142.51,0.75],[-142.0,1.26],[-141.73,1.25],[-141.5,0.83],[-140.25,0.94],[-137.2,3.0],[-136.5,4.58],[-136.0,4.31],[-135.98,5.0],[-135.75,5.24],[-135.41,5.0],[-135.63,4.75],[-135.5,4.46],[-135.13,4.75],[-135.29,5.5],[-135.95,5.75],[-135.76,6.0],[-136.57,6.75],[-136.6,7.25],[-137.5,7.75],[-137.75,7.47],[-137.78,7.75],[-138.5,7.91],[-139.5,7.39],[-140.0,7.58],[-140.5,7.36],[-140.7,6.75],[-140.51,6.0],[-141.0,5.28],[-141.78,4.75],[-142.53,3.5],[-142.47,2.75],[-142.69,2.5],[-142.79,1.5],[-142.51,0.75]]}},{"type":"Feature","properties":{"level":1012},"geometry":{"type":"LineString","coordinates":[[109.15,0.75],[110.0,0.61],[110.27,1.25],[110.0,1.4],[109.15,0.75]]}},{"type":"Feature","properties":{"level":1012},"geometry":{"type":"LineString","coordinates":[[128.0,1.22],[128.0,1.42],[128.0,1.22]]}},{"type":"Feature","properties":{"level":1012},"geometry":{"type":"LineString","coordinates":[[-140.5,1.48],[-140.25,1.75],[-140.45,2.75],[-140.0,2.96],[-139.66,2.75],[-140.25,1.75],[-140.04,1.5],[-140.25,1.29],[-140.5,1.48]]}},{"type":"Feature","properties":{"level":1012},"geometry":{"type":"LineString","coordinates":[[13.25,1.37],[13.09,1.5],[13.37,1.75],[14.02,1.5],[13.25,1.37]]}},{"type":"Feature","properties":{"level":1012},"geometry":{"type":"LineString","coordinates":[[38.25,1.51],[38.25,1.99],[38.69,2.0],[38.25,1.51]]}},{"type":"Feature","properties":{"level":1012},"geometry":{"type":"LineString","coordinates":[[-164.75,2.07],[-164.75,2.39],[-164.75,2.07]]}},{"type":"Feature","properties":{"level":1012},"geometry":{"type":"LineString","coordinates":[[128.34,2.25],[128.59,2.25],[128.5,2.54],[128.34,2.25]]}},{"type":"Feature","properties":{"level":1012},"geometry":{"type":"LineString","coordinates":[[-139.5,2.87],[-139.66,3.25],[-139.5,3.41],[-139.29,3.25],[-139.5,2.87]]}},{"type":"Feature","properties":{"level":1012},"geometry":{"type":"LineString","coordinates":[[25.23,4.0],[25.48,4.5],[25.25,4.69],[24.0,4.39],[24.25,4.13],[25.0,4.71],[25.23,4.0]]}},{"type":"Feature","properties":{"level":1012},"geometry":{"type":"LineString","coordinates":[[-29.88,4.5],[-29.55,4.5],[-29.88,4.5]]}},{"type":"Feature","properties":{"level":1012},"geometry":{"type":"LineString","coordinates":[[-29.39,4.75],[-29.22,4.75],[-29.39,4.75]]}},{"type":"Feature","properties":{"level":1012},"geometry":{"type":"LineString","coordinates":[[-26.75,4.86],[-26.75,5.17],[-26.5,5.08],[-26.75,4.86]]}},{"type":"Feature","properties":{"level":1012},"geometry":{"type":"LineString","coordinates":[[-1.34,5.25],[-1.25,5.01],[-0.57,5.5],[-1.34,5.25]]}},{"type":"Feature","properties":{"level":1012},"geometry":{"type":"LineString","coordinates":[[-80.68,5.5],[-80.49,5.5],[-80.68,5.5]]}},{"type":"Feature","properties":{"level":1012},"geometry":{"type":"LineString","coordinates":[[6.75,5.49],[6.35,5.75],[6.65,6.25],[6.02,7.0],[6.56,7.25],[6.47,7.75],[6.75,7.92],[7.24,6.25],[6.82,6.0],[6.75,5.49]]}},{"type":"Feature","properties":{"level":1012},"geometry":{"type":"LineString","coordinates":[[-137.75,5.55],[-137.96,6.0],[-137.77,6.25],[-138.08,6.5],[-137.25,6.96],[-137.04,6.0],[-137.25,5.62],[-137.75,5.55]]}},{"type":"Feature","properties":{"level":1012},"geometry":{"type":"LineString","coordinates":[[-0.61,6.0],[-0.5,5.83],[-0.25,5.98],[-0.22,6.25],[-0.61,6.0]]}},{"type":"Feature","properties":{"level":1012},"geometry":{"type":"LineString","coordinates":[[124.61,6.0],[125.03,6.0],[125.19,6.5],[125.0,6.66],[124.75,6.4],[124.25,6.99],[124.07,6.5],[124.61,6.0]]}},{"type":"Feature","properties":{"level":1012},"geometry":{"type":"LineString","coordinates":[[24.99,6.25],[26.0,6.56],[26.0,7.51],[25.75,6.9],[25.5,7.27],[25.06,7.0],[24.99,6.25]]}},{"type":"Feature","properties":{"level":1012},"geometry":{"type":"LineString","coordinates":[[42.0,6.48],[42.0,6.8],[42.38,6.5],[42.0,6.48]]}},{"type":"Feature","properties":{"level":1012},"geometry":{"type":"LineString","coordinates":[[23.18,6.75],[24.06,7.25],[23.75,7.41],[22.9,7.0],[23.18,6.75]]}},{"type":"Feature","properties":{"level":1012},"geometry":{"type":"LineString","coordinates":[[125.05,7.0],[125.25,6.82],[125.42,7.0],[125.44,8.25],[125.0,8.83],[124.75,8.36],[123.92,8.0],[123.91,7.75],[124.5,7.36],[125.0,7.74],[125.05,7.0]]}},{"type":"Feature","properties":{"level":1012},"geometry":{"type":"LineString","coordinates":[[-79.25,7.21],[-79.25,7.37],[-78.98,7.25],[-79.25,7.21]]}},{"type":"Feature","properties":{"level":1012},"geometry":{"type":"LineString","coordinates":[[0.6,7.25],[0.75,7.1],[0.99,7.5],[0.75,8.48],[0.6,7.25]]}},{"type":"Feature","properties":{"level":1012},"geometry":{"type":"LineString","coordinates":[[20.21,7.25],[21.5,7.12],[22.27,8.0],[21.25,8.63],[20.5,8.63],[20.45,8.0],[20.11,7.5],[20.21,7.25]]}},{"type":"Feature","properties":{"level":1012},"geometry":{"type":"LineString","coordinates":[[99.25,7.41],[99.25,7.57],[99.25,7.41]]}},{"type":"Feature","properties":{"level":1012},"geometry":{"type":"LineString","coordinates":[[-11.0,7.99],[-11.0,8.15],[-11.0,7.99]]}},{"type":"Feature","properties":{"level":1012},"geometry":{"type":"LineString","coordinates":[[98.75,7.92],[98.75,8.09],[99.1,8.0],[99.0,7.78],[98.75,7.92]]}},{"type":"Feature","properties":{"level":1012},"geometry":{"type":"LineString","coordinates":[[122.96,8.0],[123.79,8.25],[123.5,8.35],[122.96,8.0]]}},{"type":"Feature","properties":{"level":1012},"geometry":{"type":"LineString","coordinates":[[-81.57,8.25],[-80.52,8.5],[-82.25,8.89],[-83.25,9.84],[-84.25,10.33],[-84.64,10.25],[-84.25,10.01],[-84.12,9.5],[-83.07,8.75],[-81.57,8.25]]}},{"type":"Feature","properties":{"level":1012},"geometry":{"type":"LineString","coordinates":[[-10.75,8.15],[-10.95,8.25],[-10.75,8.15]]}},{"type":"Feature","properties":{"level":1012},"geometry":{"type":"LineString","coordinates":[[8.34,8.25],[8.59,8.25],[8.34,8.25]]}},{"type":"Feature","properties":{"level":1012},"geometry":{"type":"LineString","coordinates":[[-78.6,8.75],[-78.42,8.75],[-78.6,8.75]]}},{"type":"Feature","properties":{"level":1012},"geometry":{"type":"LineString","coordinates":[[-13.0,8.74],[-13.0,9.01],[-13.0,8.74]]}},{"type":"Feature","properties":{"level":1012},"geometry":{"type":"LineString","coordinates":[[-12.25,8.75],[-12.66,9.0],[-12.5,10.02],[-11.93,9.25],[-12.0,8.58],[-12.25,8.75]]}},{"type":"Feature","properties":{"level":1012},"geometry":{"type":"LineString","coordinates":[[-4.02,10.25],[-3.75,10.09],[-3.61,10.75],[-4.5,12.7],[-4.84,12.5],[-4.57,11.5],[-4.69,11.25],[-5.6,11.0],[-5.25,10.67],[-4.5,10.87],[-4.02,10.5],[-4.02,10.25]]}},{"type":"Feature","properties":{"level":1012},"geometry":{"type":"LineString","coordinates":[[1.49,10.25],[1.5,10.53],[1.49,10.25]]}},{"type":"Feature","properties":{"level":1012},"geometry":{"type":"LineString","coordinates":[[103.89,10.75],[104.09,10.75],[103.96,11.75],[104.27,12.0],[102.75,12.6],[102.79,12.0],[103.75,11.42],[103.89,10.75]]}},{"type":"Feature","properties":{"level":1012},"geometry":{"type":"LineString","coordinates":[[107.53,11.25],[107.75,11.02],[108.75,11.35],[109.07,11.75],[109.3,12.75],[109.01,13.0],[108.91,14.5],[108.46,15.25],[107.96,15.5],[107.89,16.0],[106.75,16.55],[106.34,16.25],[106.48,15.75],[105.92,15.25],[106.5,14.72],[106.62,14.25],[107.44,14.0],[107.97,13.5],[107.75,12.87],[107.25,12.86],[106.89,12.5],[107.08,11.75],[107.53,11.25]]}},{"type":"Feature","properties":{"level":1012},"geometry":{"type":"LineString","coordinates":[[11.2,11.5],[11.25,11.84],[10.95,11.75],[11.2,11.5]]}},{"type":"Feature","properties":{"level":1012},"geometry":{"type":"LineString","coordinates":[[98.5,11.28],[97.5,12.39],[97.0,12.12],[96.25,12.47],[96.13,13.75],[94.94,15.5],[95.22,15.75],[95.16,16.0],[94.27,17.0],[94.31,17.5],[94.5,17.67],[94.75,17.48],[95.07,18.25],[94.25,20.5],[94.25,21.54],[94.57,22.25],[94.2,23.25],[94.72,24.5],[95.75,25.66],[96.0,25.25],[95.5,25.12],[95.49,24.75],[94.61,23.75],[94.75,23.22],[95.25,23.87],[95.95,24.0],[96.0,24.51],[96.25,24.33],[96.75,24.79],[97.0,24.36],[97.22,24.5],[96.85,25.25],[97.5,25.26],[97.25,24.2],[96.06,23.0],[96.35,21.75],[96.17,20.5],[96.35,19.25],[97.0,17.86],[97.25,17.42],[97.5,17.55],[97.75,17.29],[97.93,16.75],[97.75,15.0],[98.82,12.5],[98.5,11.28]]}},{"type":"Feature","properties":{"level":1012},"geometry":{"type":"LineString","coordinates":[[-10.01,11.75],[-9.75,11.71],[-9.7,12.0],[-10.01,11.75]]}},{"type":"Feature","properties":{"level":1012},"geometry":{"type":"LineString","coordinates":[[41.0,11.73],[40.88,12.0],[41.2,12.0],[41.31,11.75],[41.0,11.73]]}},{"type":"Feature","properties":{"level":1012},"geometry":{"type":"LineString","coordinates":[[-8.88,12.25],[-8.25,12.36],[-8.2,12.75],[-9.0,12.56],[-8.88,12.25]]}},{"type":"Feature","properties":{"level":1012},"geometry":{"type":"LineString","coordinates":[[24.06,12.75],[24.5,12.71],[24.67,13.0],[24.25,13.96],[24.06,12.75]]}},{"type":"Feature","properties":{"level":1012},"geometry":{"type":"LineString","coordinates":[[41.0,12.69],[40.44,13.25],[40.5,14.06],[41.78,12.75],[41.75,12.52],[41.0,12.69]]}},{"type":"Feature","properties":{"level":1012},"geometry":{"type":"LineString","coordinates":[[102.36,12.75],[102.62,12.75],[102.36,12.75]]}},{"type":"Feature","properties":{"level":1012},"geometry":{"type":"LineString","coordinates":[[-86.27,13.0],[-85.72,13.25],[-86.22,14.0],[-86.5,14.01],[-86.12,13.5],[-86.27,13.0]]}},{"type":"Feature","properties":{"level":1012},"geometry":{"type":"LineString","coordinates":[[21.72,13.5],[22.5,14.0],[22.0,14.76],[21.67,14.5],[21.72,13.5]]}},{"type":"Feature","properties":{"level":1012},"geometry":{"type":"LineString","coordinates":[[-88.22,14.0],[-87.25,13.83],[-87.05,14.0],[-87.5,14.57],[-88.0,14.6],[-88.5,14.98],[-89.25,15.03],[-90.5,14.6],[-91.32,15.25],[-90.81,15.5],[-91.5,16.15],[-92.0,15.59],[-92.72,15.5],[-91.5,14.58],[-88.22,14.0]]}},{"type":"Feature","properties":{"level":1012},"geometry":{"type":"LineString","coordinates":[[-28.25,14.13],[-28.25,14.29],[-28.25,14.13]]}},{"type":"Feature","properties":{"level":1012},"geometry":{"type":"LineString","coordinates":[[101.39,14.25],[102.42,14.25],[101.5,14.7],[101.16,14.5],[101.39,14.25]]}},{"type":"Feature","properties":{"level":1012},"geometry":{"type":"LineString","coordinates":[[-24.6,15.0],[-24.25,14.75],[-24.05,15.0],[-24.25,15.22],[-24.6,15.0]]}},{"type":"Feature","properties":{"level":1012},"geometry":{"type":"LineString","coordinates":[[25.17,15.0],[26.49,16.0],[26.5,16.65],[26.23,16.75],[25.97,16.0],[25.25,15.89],[25.17,15.0]]}},{"type":"Feature","properties":{"level":1012},"geometry":{"type":"LineString","coordinates":[[-2.75,15.31],[-2.75,15.63],[-2.54,15.5],[-2.75,15.31]]}},{"type":"Feature","properties":{"level":1012},"geometry":{"type":"LineString","coordinates":[[121.12,16.0],[121.5,15.97],[121.7,16.25],[121.27,16.5],[121.35,17.5],[121.0,18.39],[120.52,16.5],[121.12,16.0]]}},{"type":"Feature","properties":{"level":1012},"geometry":{"type":"LineString","coordinates":[[-92.25,16.25],[-91.77,16.5],[-92.75,16.9],[-92.85,16.75],[-92.25,16.25]]}},{"type":"Feature","properties":{"level":1012},"geometry":{"type":"LineString","coordinates":[[101.34,16.25],[101.5,16.07],[101.85,16.25],[101.8,16.75],[101.5,17.49],[101.0,17.92],[100.68,17.5],[100.82,16.75],[101.0,16.42],[101.25,17.09],[101.34,16.25]]}},{"type":"Feature","properties":{"level":1012},"geometry":{"type":"LineString","coordinates":[[37.5,17.19],[37.18,17.5],[37.5,17.83],[37.5,17.19]]}},{"type":"Feature","properties":{"level":1012},"geometry":{"type":"LineString","coordinates":[[-100.73,17.5],[-100.0,17.26],[-99.3,17.5],[-101.05,18.0],[-101.1,17.75],[-100.73,17.5]]}},{"type":"Feature","properties":{"level":1012},"geometry":{"type":"LineString","coordinates":[[-71.75,17.73],[-72.11,18.0],[-71.81,18.0],[-71.75,17.73]]}},{"type":"Feature","properties":{"level":1012},"geometry":{"type":"LineString","coordinates":[[-77.0,17.82],[-77.0,18.11],[-76.75,18.1],[-76.75,17.75],[-77.0,17.82]]}},{"type":"Feature","properties":{"level":1012},"geometry":{"type":"LineString","coordinates":[[-77.0,18.42],[-76.86,18.5],[-77.0,18.42]]}},{"type":"Feature","properties":{"level":1012},"geometry":{"type":"LineString","coordinates":[[-71.75,18.47],[-71.33,18.5],[-71.75,18.47]]}},{"type":"Feature","properties":{"level":1012},"geometry":{"type":"LineString","coordinates":[[95.96,18.5],[96.0,19.05],[95.96,18.5]]}},{"type":"Feature","properties":{"level":1012},"geometry":{"type":"LineString","coordinates":[[109.25,18.5],[109.5,18.36],[110.0,18.61],[110.07,19.0],[109.25,19.19],[108.92,18.75],[109.25,18.5]]}},{"type":"Feature","properties":{"level":1012},"geometry":{"type":"LineString","coordinates":[[-78.0,18.71],[-77.76,18.75],[-78.0,18.71]]}},{"type":"Feature","properties":{"level":1012},"geometry":{"type":"LineString","coordinates":[[-77.5,18.74],[-77.73,18.75],[-77.5,18.74]]}},{"type":"Feature","properties":{"level":1012},"geometry":{"type":"LineString","coordinates":[[-72.25,18.7],[-72.42,18.75],[-71.99,18.75],[-72.25,18.7]]}},{"type":"Feature","properties":{"level":1012},"geometry":{"type":"LineString","coordinates":[[-11.29,18.75],[-11.14,18.75],[-11.29,18.75]]}},{"type":"Feature","properties":{"level":1012},"geometry":{"type":"LineString","coordinates":[[-71.5,19.48],[-71.71,19.75],[-71.5,19.83],[-70.71,19.5],[-71.5,19.48]]}},{"type":"Feature","properties":{"level":1012},"geometry":{"type":"LineString","coordinates":[[-101.0,19.81],[-101.25,20.15],[-101.75,20.01],[-102.62,20.25],[-102.5,20.6],[-101.89,20.75],[-102.5,21.13],[-102.75,21.59],[-103.0,21.54],[-103.18,22.25],[-103.0,22.52],[-102.5,21.94],[-102.25,22.46],[-101.87,22.0],[-101.72,21.25],[-101.0,20.85],[-100.75,21.16],[-100.44,20.75],[-100.26,20.0],[-101.0,19.81]]}},{"type":"Feature","properties":{"level":1012},"geometry":{"type":"LineString","coordinates":[[-77.0,20.47],[-77.25,21.07],[-76.65,21.0],[-76.52,20.5],[-77.0,20.47]]}},{"type":"Feature","properties":{"level":1012},"geometry":{"type":"LineString","coordinates":[[87.25,20.68],[86.19,21.0],[86.98,22.25],[86.8,23.75],[87.25,24.53],[86.0,24.83],[84.75,24.68],[83.25,25.11],[82.0,24.97],[79.25,25.25],[77.75,26.14],[76.51,26.5],[76.42,27.5],[75.75,27.91],[75.25,27.94],[74.0,27.3],[71.48,26.75],[69.5,25.42],[68.0,25.48],[67.1,26.5],[67.44,29.75],[68.0,29.98],[69.25,29.2],[70.0,29.78],[70.13,31.5],[69.85,32.0],[70.23,32.5],[70.18,33.0],[71.35,33.75],[71.25,34.08],[70.14,34.5],[71.0,34.37],[72.0,34.56],[72.5,34.31],[73.04,33.75],[75.89,32.25],[77.0,30.59],[79.5,29.09],[81.25,28.66],[82.5,27.8],[84.5,27.5],[87.5,26.63],[88.75,26.78],[89.75,26.55],[91.75,26.68],[92.57,26.5],[92.38,26.25],[90.16,25.75],[90.25,25.29],[91.08,25.0],[91.18,24.75],[90.96,23.5],[91.24,23.0],[91.0,22.38],[90.66,22.5],[90.0,21.92],[89.77,22.25],[90.03,22.5],[89.75,22.54],[89.44,21.75],[88.25,20.94],[87.25,20.68]]}},{"type":"Feature","properties":{"level":1012},"geometry":{"type":"LineString","coordinates":[[111.22,21.75],[111.5,21.66],[111.75,22.02],[113.0,21.91],[113.24,22.25],[112.75,22.85],[112.0,22.88],[111.75,22.53],[111.25,22.8],[110.75,22.76],[110.5,22.35],[111.22,21.75]]}},{"type":"Feature","properties":{"level":1012},"geometry":{"type":"LineString","coordinates":[[38.0,22.27],[37.24,23.25],[37.75,24.5],[38.5,24.44],[39.0,23.36],[39.27,23.5],[39.0,22.54],[38.0,22.27]]}},{"type":"Feature","properties":{"level":1012},"geometry":{"type":"LineString","coordinates":[[-180.0,22.76],[-177.5,24.14],[-175.02,26.0],[-174.0,26.37],[-172.0,26.66],[-169.5,26.06],[-167.41,24.25],[-165.01,18.0],[-164.12,16.25],[-162.31,14.5],[-160.75,13.79],[-160.0,12.92],[-156.75,12.04],[-155.25,12.0],[-153.75,13.06],[-153.25,12.78],[-152.75,12.81],[-151.25,13.44],[-149.5,15.32],[-148.5,15.93],[-147.07,15.75],[-145.5,14.39],[-145.25,14.61],[-144.75,14.18],[-144.0,14.46],[-141.75,14.67],[-140.5,15.24],[-137.75,15.35],[-136.75,15.69],[-134.0,15.96],[-131.74,17.75],[-130.5,18.03],[-128.5,17.55],[-125.5,19.92],[-125.02,20.75],[-124.5,22.81],[-121.84,28.5],[-121.84,29.0],[-122.34,29.75],[-122.47,30.5],[-121.98,32.5],[-122.76,34.75],[-122.66,35.5],[-122.88,36.0],[-122.88,37.25],[-122.25,37.95],[-121.21,37.0],[-121.11,36.5],[-120.34,35.75],[-119.75,34.64],[-118.5,34.55],[-117.75,34.12],[-117.25,34.18],[-116.11,31.75],[-115.25,30.56],[-115.24,31.5],[-116.0,33.0],[-116.0,33.54],[-115.0,33.19],[-114.97,33.5],[-114.5,33.93],[-114.25,33.19],[-112.75,33.37],[-112.44,33.25],[-112.5,32.49],[-111.59,32.75],[-111.76,32.5],[-111.64,31.5],[-110.5,29.92],[-110.0,29.49],[-109.5,29.54],[-109.05,29.25],[-109.0,28.06],[-108.5,28.18],[-108.37,27.25],[-107.7,27.0],[-107.69,26.75],[-108.0,26.8],[-108.0,26.36],[-107.5,26.28],[-107.17,25.5],[-106.3,24.75],[-106.29,24.25],[-105.86,23.5],[-105.25,23.12],[-104.75,22.13],[-104.5,22.4],[-104.25,21.47],[-103.72,21.75],[-103.83,21.25],[-103.35,21.0],[-103.93,20.75],[-103.25,19.85],[-101.75,19.05],[-100.5,19.34],[-100.22,18.75],[-99.75,18.45],[-99.25,18.87],[-98.5,18.89],[-98.25,19.27],[-98.05,19.0],[-97.75,19.04],[-97.54,17.75],[-97.75,17.46],[-99.18,17.5],[-98.75,17.04],[-98.0,17.14],[-97.09,16.5],[-97.26,16.25],[-96.5,15.94],[-95.86,16.25],[-96.0,16.45],[-96.88,16.5],[-96.75,16.99],[-96.5,16.68],[-95.75,16.78],[-95.63,17.0],[-96.84,18.5],[-96.65,19.75],[-97.61,20.25],[-98.01,20.75],[-98.0,21.36],[-98.35,21.25],[-97.75,21.77],[-98.75,21.81],[-98.82,22.0],[-98.62,22.75],[-97.75,22.86],[-97.24,23.5],[-98.01,24.25],[-98.38,26.25],[-97.97,27.25],[-97.25,28.01],[-96.75,27.86],[-96.0,28.49],[-95.0,28.77],[-93.5,28.65],[-92.5,28.28],[-91.25,27.24],[-89.13,24.0],[-88.8,23.0],[-88.31,22.75],[-86.75,21.01],[-84.86,20.25],[-82.0,18.37],[-80.0,18.13],[-79.0,17.67],[-78.67,17.75],[-78.75,18.07],[-77.75,18.22],[-77.69,17.75],[-77.25,17.37],[-76.75,17.45],[-76.25,17.13],[-74.75,17.44],[-73.5,17.27],[-72.0,16.78],[-71.12,16.0],[-69.11,15.25],[-67.75,14.16],[-65.75,13.73],[-65.25,13.83],[-64.75,13.39],[-63.25,13.3],[-62.25,12.87],[-62.0,13.06],[-61.5,12.5],[-61.0,12.83],[-60.25,12.74],[-59.75,13.06],[-58.0,13.23],[-57.5,13.55],[-56.0,13.62],[-54.5,13.33],[-53.5,12.78],[-52.5,13.81],[-51.25,14.42],[-50.0,14.35],[-49.0,13.93],[-48.25,14.12],[-45.25,13.67],[-43.5,13.09],[-43.25,12.74],[-43.0,12.87],[-41.25,12.36],[-38.5,11.23],[-37.75,11.45],[-37.25,11.2],[-36.5,11.65],[-35.5,11.56],[-34.25,11.91],[-33.25,11.73],[-32.25,11.96],[-31.25,11.53],[-30.95,11.75],[-31.25,12.54],[-30.25,12.68],[-29.76,13.0],[-29.75,13.27],[-28.25,13.86],[-27.92,13.75],[-28.08,14.0],[-27.5,14.46],[-26.75,14.48],[-25.91,15.0],[-25.5,15.75],[-24.75,16.34],[-22.5,16.59],[-21.75,17.49],[-21.0,17.78],[-20.28,17.5],[-20.25,17.12],[-20.0,17.19],[-19.51,18.0],[-19.93,18.5],[-18.96,19.75],[-18.38,22.75],[-14.5,25.43],[-13.47,25.75],[-13.0,26.53],[-12.5,26.81],[-12.39,26.0],[-11.75,25.74],[-11.5,25.36],[-10.0,25.22],[-8.1,24.5],[-7.5,23.86],[-7.25,24.14],[-7.04,24.0],[-7.35,23.75],[-7.09,23.5],[-7.31,23.0],[-7.75,22.7],[-8.75,22.57],[-10.0,21.61],[-10.5,21.6],[-11.0,21.0],[-11.05,20.5],[-10.75,20.05],[-9.7,19.75],[-9.54,19.25],[-9.71,19.0],[-9.0,18.87],[-8.75,18.43],[-8.25,18.4],[-8.12,18.25],[-8.4,17.75],[-8.23,17.5],[-7.75,17.45],[-7.5,17.67],[-7.29,17.5],[-7.08,17.25],[-7.16,16.75],[-6.37,15.25],[-4.75,14.24],[-4.0,14.58],[-3.5,14.42],[-2.96,14.75],[-2.75,15.19],[-1.75,15.31],[-0.95,16.75],[0.5,17.63],[7.25,19.29],[7.89,18.5],[8.02,17.25],[8.75,16.81],[9.75,16.73],[11.0,17.56],[12.5,18.05],[13.75,17.98],[15.28,19.0],[16.25,19.28],[17.5,18.37],[19.0,18.79],[21.75,18.93],[23.17,18.0],[21.88,17.5],[22.75,16.24],[24.5,17.95],[25.75,18.14],[26.5,17.68],[27.0,17.87],[27.7,17.5],[27.75,16.5],[28.27,17.0],[28.71,18.25],[28.42,18.5],[29.0,19.46],[30.82,20.25],[31.5,20.22],[32.0,19.92],[32.46,20.25],[33.0,20.24],[33.25,20.71],[33.5,20.71],[34.0,20.61],[34.05,20.0],[35.0,19.48],[35.5,18.91],[35.57,18.25],[36.25,17.29],[37.0,16.6],[37.75,16.84],[37.66,16.25],[38.06,15.5],[37.25,14.92],[37.0,15.02],[36.91,14.5],[37.11,14.25],[34.75,11.31],[34.0,11.53],[33.85,11.25],[34.21,10.0],[33.97,9.5],[34.4,8.5],[34.77,8.25],[34.95,7.25],[34.81,6.75],[35.19,6.5],[34.74,6.25],[34.8,6.0],[35.25,5.56],[36.0,6.42],[36.5,5.03],[36.75,5.04],[37.0,5.53],[36.87,4.25],[37.38,3.75],[37.81,2.75],[37.5,2.22],[37.0,2.93],[36.25,0.81],[36.0,0.87],[36.01,1.5],[35.73,1.5],[35.82,2.0],[35.5,1.89],[34.84,2.75],[35.09,3.25],[34.75,3.08],[33.75,4.43],[33.4,4.25],[33.74,4.0],[33.62,3.5],[34.5,2.64],[34.61,1.75],[34.04,1.0],[34.5,-0.23],[34.94,-0.25],[34.24,-0.5],[33.41,-2.25],[33.75,-2.9],[34.25,-2.9],[34.58,-3.5],[35.02,-3.75],[34.31,-4.25],[34.36,-5.25],[33.5,-5.85],[33.63,-7.0],[32.8,-7.5],[33.2,-8.5],[32.75,-8.7],[32.25,-8.56],[31.0,-7.17],[30.84,-7.75],[31.17,-8.5],[29.73,-8.75],[29.75,-8.28],[30.25,-8.43],[30.36,-8.25],[30.12,-7.25],[29.56,-7.0],[29.0,-6.03],[28.73,-7.25],[28.25,-7.7],[27.47,-7.75],[26.75,-9.14],[25.65,-10.0],[25.03,-11.0],[24.07,-10.75],[23.75,-11.71],[23.22,-12.0],[22.66,-12.75],[23.15,-13.25],[22.75,-13.66],[22.5,-13.68],[21.96,-13.0],[21.0,-12.62],[19.97,-11.75],[19.87,-11.0],[19.5,-10.53],[18.96,-11.25],[19.3,-12.0],[19.15,-12.5],[18.5,-12.82],[17.5,-13.86],[16.92,-13.25],[17.33,-11.75],[17.25,-11.19],[16.5,-11.04],[16.0,-10.17],[15.5,-10.31],[15.0,-9.88],[14.5,-10.2],[14.0,-10.1],[13.46,-9.25],[13.31,-8.75],[13.93,-8.5],[14.0,-8.09],[13.44,-7.5],[13.43,-6.75],[13.0,-6.58],[12.63,-6.0],[12.75,-5.72],[13.42,-5.5],[13.62,-5.0],[12.0,-2.94],[11.75,-2.95],[11.41,-2.5],[11.5,-2.27],[13.25,-3.62],[13.75,-3.52],[14.39,-2.5],[14.25,-2.24],[13.5,-2.11],[13.0,-1.07],[12.5,-1.14],[11.8,-0.75],[11.5,-0.14],[11.13,0.0],[11.5,0.17],[12.25,0.02],[13.25,-0.53],[14.0,-0.1],[14.77,1.0],[14.5,2.25],[14.85,2.5],[14.83,3.0],[14.33,3.25],[15.17,3.75],[14.8,4.25],[15.2,4.75],[15.16,5.5],[15.25,5.67],[16.0,5.26],[16.35,5.5],[16.47,6.0],[15.96,7.0],[15.96,7.5],[15.5,7.41],[14.79,7.75],[15.0,8.05],[12.25,7.91],[11.75,8.83],[11.59,8.25],[11.77,7.75],[11.5,7.6],[10.75,7.74],[10.5,7.08],[9.25,7.11],[8.72,6.25],[8.75,6.01],[9.25,5.91],[8.25,6.09],[7.75,5.89],[7.7,6.75],[8.45,7.5],[7.82,8.0],[7.84,8.25],[8.49,8.75],[8.5,9.14],[9.0,8.84],[9.7,9.25],[9.0,11.08],[8.75,11.13],[8.43,10.75],[8.68,10.25],[8.5,10.11],[7.6,10.5],[7.25,11.19],[6.75,11.2],[6.7,10.5],[7.53,9.75],[6.86,9.5],[7.08,9.0],[6.75,8.1],[6.25,8.28],[5.5,8.09],[5.0,8.56],[4.5,8.44],[4.2,8.75],[4.25,9.36],[3.78,8.75],[3.95,8.0],[3.25,6.91],[2.62,6.75],[2.84,6.25],[2.5,5.85],[-0.25,4.59],[-2.25,5.26],[-6.26,5.5],[-6.78,6.25],[-6.84,7.25],[-5.65,8.0],[-5.4,8.5],[-5.33,8.75],[-5.87,9.75],[-7.25,10.06],[-7.5,9.72],[-8.0,10.54],[-8.5,10.0],[-9.24,10.0],[-10.25,10.68],[-11.0,10.8],[-11.19,11.75],[-11.75,11.78],[-12.5,12.28],[-12.49,11.75],[-13.25,11.22],[-13.5,11.42],[-14.5,11.28],[-15.0,10.24],[-17.75,9.58],[-21.0,7.87],[-23.5,7.22],[-24.69,6.25],[-25.0,6.23],[-25.25,5.47],[-26.5,5.42],[-26.39,6.0],[-26.56,6.25],[-26.75,5.72],[-27.75,5.12],[-28.0,4.61],[-28.77,4.5],[-29.5,4.08],[-29.54,3.0],[-29.01,2.75],[-29.25,2.55],[-29.5,2.46],[-29.75,2.9],[-30.0,2.88],[-31.5,2.14],[-31.98,1.0],[-31.65,0.5],[-31.85,-0.75],[-32.5,-1.32],[-32.87,-0.75],[-33.5,-2.1],[-34.75,-2.91],[-35.76,-3.25],[-36.12,-4.0],[-35.79,-5.5],[-35.5,-5.77],[-35.28,-7.25],[-35.33,-7.75],[-36.02,-8.75],[-35.95,-9.25],[-36.62,-10.25],[-37.29,-10.75],[-38.27,-12.5],[-38.94,-12.75],[-39.5,-13.54],[-39.72,-13.0],[-40.02,-13.0],[-40.0,-13.96],[-39.5,-13.99],[-39.54,-14.25],[-40.0,-14.02],[-40.49,-14.25],[-41.21,-15.75],[-41.17,-16.5],[-41.89,-17.5],[-43.5,-18.02],[-43.5,-17.72],[-44.25,-17.52],[-44.82,-17.75],[-45.5,-17.28],[-46.25,-17.83],[-46.5,-17.78],[-46.49,-17.25],[-47.0,-16.64],[-47.84,-15.75],[-48.33,-15.75],[-47.9,-16.25],[-48.51,-16.75],[-47.75,-16.77],[-47.41,-17.0],[-47.68,-17.5],[-47.62,-18.75],[-47.25,-18.74],[-46.86,-19.25],[-47.0,-19.75],[-47.36,-19.25],[-47.25,-20.93],[-47.5,-21.4],[-47.91,-21.5],[-47.1,-22.0],[-47.14,-22.75],[-47.38,-23.0],[-47.19,-23.25],[-49.25,-24.05],[-50.25,-24.05],[-49.92,-25.0],[-50.29,-25.5],[-49.99,-25.75],[-51.03,-26.5],[-50.3,-27.0],[-50.25,-28.03],[-49.75,-28.16],[-49.25,-27.91],[-48.65,-28.25],[-48.75,-30.77],[-50.67,-34.25],[-51.25,-34.77],[-53.75,-34.89],[-55.25,-35.39],[-55.4,-35.75],[-54.93,-37.5],[-53.62,-39.5],[-52.97,-42.25],[-52.94,-44.5],[-53.7,-46.75],[-54.55,-48.25],[-61.52,-55.0],[-64.19,-58.25],[-65.25,-58.87],[-66.49,-59.5],[-69.25,-60.32],[-79.5,-61.66],[-81.35,-62.5],[-82.63,-64.0],[-82.73,-65.0],[-81.25,-66.25],[-78.75,-66.96],[-75.25,-67.41],[-73.25,-67.09],[-71.25,-65.95],[-70.2,-64.75],[-69.25,-64.09],[-66.14,-62.5],[-63.0,-61.5],[-52.75,-59.04],[-43.5,-55.11],[-41.9,-53.75],[-40.08,-51.5],[-37.29,-46.75],[-35.23,-44.0],[-32.5,-41.53],[-29.5,-39.39],[-27.75,-38.48],[-21.5,-36.89],[-13.25,-35.39],[-9.5,-35.11],[-7.25,-35.11],[-5.5,-35.58],[-5.18,-35.5],[-5.25,-35.24],[-4.5,-35.39],[-1.75,-36.67],[1.5,-38.83],[5.31,-42.0],[10.0,-46.76],[11.51,-48.5],[13.75,-52.15],[14.99,-53.75],[17.42,-55.25],[20.25,-55.88],[23.0,-55.91],[25.11,-55.5],[32.0,-53.21],[37.75,-51.93],[42.75,-51.31],[45.0,-50.47],[47.5,-50.71],[52.25,-51.81],[56.25,-52.35],[59.0,-52.22],[62.25,-51.74],[68.77,-50.0],[69.32,-49.75],[69.08,-49.25],[69.25,-49.06],[70.0,-49.51],[70.25,-49.22],[70.98,-49.25],[77.25,-47.12],[81.25,-45.43],[87.75,-43.5],[95.0,-41.68],[103.5,-40.51],[113.5,-41.27],[119.0,-42.61],[130.5,-47.85],[141.25,-53.3],[144.79,-54.75],[149.75,-55.83],[152.75,-56.27],[159.5,-56.26],[164.25,-55.94],[173.75,-54.84],[180.0,-53.57]]}},{"type":"Feature","properties":{"level":1012},"geometry":{"type":"LineString","coordinates":[[-8.03,23.25],[-7.69,23.25],[-7.61,23.5],[-8.0,23.59],[-8.03,23.25]]}},{"type":"Feature","properties":{"level":1012},"geometry":{"type":"LineString","coordinates":[[2.0,24.93],[1.07,25.5],[0.93,26.25],[1.21,26.5],[2.76,26.5],[3.5,26.08],[3.5,25.63],[3.12,25.5],[3.24,25.25],[2.0,24.93]]}},{"type":"Feature","properties":{"level":1012},"geometry":{"type":"LineString","coordinates":[[-11.5,26.35],[-11.75,26.79],[-11.49,26.75],[-11.5,26.35]]}},{"type":"Feature","properties":{"level":1012},"geometry":{"type":"LineString","coordinates":[[59.0,29.19],[58.2,29.75],[57.25,31.6],[57.5,31.73],[57.75,31.44],[58.25,31.48],[59.0,30.66],[59.65,29.25],[59.25,29.05],[59.0,29.19]]}},{"type":"Feature","properties":{"level":1012},"geometry":{"type":"LineString","coordinates":[[-119.0,35.0],[-119.5,35.11],[-120.11,35.75],[-120.37,36.5],[-121.75,38.22],[-122.5,38.21],[-122.75,37.83],[-123.08,38.25],[-123.25,38.79],[-122.25,38.27],[-121.77,38.5],[-122.17,39.5],[-122.0,39.87],[-121.0,38.95],[-120.72,38.0],[-119.0,36.37],[-118.68,35.25],[-119.0,35.0]]}},{"type":"Feature","properties":{"level":1012},"geometry":{"type":"LineString","coordinates":[[68.75,44.41],[68.39,45.5],[67.75,46.15],[66.5,46.6],[65.25,47.79],[64.25,47.88],[62.96,48.75],[62.56,49.25],[62.58,50.75],[61.94,51.25],[61.88,52.0],[61.0,52.46],[59.0,52.83],[58.57,53.5],[58.25,54.73],[56.67,53.75],[56.47,53.25],[56.65,52.25],[56.03,51.5],[53.75,51.42],[52.75,51.62],[52.0,52.4],[51.96,53.0],[51.35,54.25],[51.72,55.25],[52.5,56.03],[54.0,56.87],[60.5,58.77],[62.5,59.09],[65.25,59.11],[67.94,58.5],[69.33,57.0],[68.75,56.74],[68.23,55.75],[69.69,54.0],[69.81,53.5],[70.37,53.25],[70.16,53.0],[70.99,50.25],[70.74,50.0],[70.63,49.0],[70.78,48.25],[70.0,47.69],[69.5,46.38],[68.79,46.0],[68.8,45.0],[69.72,44.75],[69.0,44.29],[68.75,44.41]]}},{"type":"Feature","properties":{"level":1012},"geometry":{"type":"LineString","coordinates":[[180.0,44.28],[167.25,44.4],[164.25,44.71],[160.44,45.75],[156.0,47.97],[148.5,51.07],[145.75,51.86],[141.5,52.67],[140.88,53.25],[139.75,53.75],[138.75,53.94],[138.0,53.8],[136.45,54.5],[135.75,54.56],[135.35,55.0],[136.79,56.25],[136.71,56.75],[133.29,58.75],[132.81,59.5],[132.9,60.25],[132.34,61.0],[129.25,62.04],[127.25,62.23],[126.0,62.1],[124.03,61.5],[124.35,61.25],[124.25,61.08],[121.75,61.09],[116.0,60.46],[112.0,60.59],[106.75,59.93],[104.75,60.12],[102.0,60.88],[101.69,61.5],[100.94,62.0],[101.75,62.25],[102.04,62.75],[102.96,63.25],[103.02,63.75],[102.25,64.53],[100.75,65.44],[100.45,65.75],[100.67,66.0],[100.47,66.25],[99.5,66.89],[96.75,68.01],[96.19,68.75],[94.75,69.42],[87.5,70.57],[77.75,70.67],[68.75,71.73],[57.0,72.49],[55.6,72.75],[54.75,73.66],[50.75,73.6],[42.0,74.69],[36.0,74.17],[30.75,72.94],[29.37,72.25],[29.06,71.75],[29.34,71.25],[29.25,70.95],[26.25,69.68],[25.01,68.5],[19.5,66.5],[17.5,66.61],[16.75,66.23],[15.75,66.47],[15.0,66.19],[14.25,66.61],[13.25,66.76],[11.75,66.41],[7.0,65.99],[1.25,64.75],[-17.5,57.11],[-20.75,56.17],[-30.5,54.05],[-32.5,53.32],[-39.76,49.75],[-44.75,47.97],[-49.75,46.69],[-52.25,46.67],[-54.75,47.4],[-56.0,48.03],[-56.22,48.25],[-56.17,48.75],[-57.07,49.75],[-57.17,50.75],[-58.7,51.25],[-60.87,53.0],[-61.62,53.25],[-62.0,53.73],[-81.5,57.58],[-86.0,58.82],[-89.75,60.44],[-94.25,63.76],[-102.47,69.0],[-104.72,71.5],[-105.67,73.25],[-105.59,73.75],[-106.78,75.0],[-106.43,75.75],[-105.92,76.0],[-106.51,76.5],[-106.75,77.25],[-106.73,78.5],[-106.46,79.0],[-105.09,80.5],[-102.4,82.0],[-100.5,82.8],[-91.5,85.5],[-79.32,88.0],[-70.25,88.6],[-48.75,89.14],[1.5,89.4],[39.0,89.23],[61.5,88.71],[74.5,87.77],[90.32,85.75],[97.75,85.28],[108.5,85.13],[137.75,85.41],[147.0,85.22],[152.15,84.5],[155.17,83.75],[161.75,83.13],[162.75,82.72],[165.24,81.0],[172.7,77.25],[176.4,75.75],[180.0,74.94]]}},{"type":"Feature","properties":{"level":1012},"geometry":{"type":"LineString","coordinates":[[-98.0,47.48],[-99.12,48.5],[-99.39,50.25],[-99.0,50.75],[-97.35,51.75],[-97.0,51.76],[-95.89,51.0],[-95.75,50.46],[-95.14,50.25],[-94.8,49.5],[-94.87,49.0],[-94.29,48.25],[-95.5,47.36],[-96.5,47.7],[-97.25,47.37],[-98.0,47.48]]}},{"type":"Feature","properties":{"level":1012},"geometry":{"type":"LineString","coordinates":[[133.61,64.0],[136.5,64.08],[137.75,63.86],[138.25,64.31],[138.52,65.0],[137.25,65.28],[135.5,64.84],[134.0,65.01],[133.0,64.6],[132.0,64.84],[130.52,64.75],[131.0,64.53],[131.75,64.66],[132.0,64.36],[133.61,64.0]]}},{"type":"Feature","properties":{"level":1012},"geometry":{"type":"LineString","coordinates":[[129.0,64.25],[129.77,64.5],[129.5,65.54],[128.37,65.25],[128.25,64.55],[129.0,64.25]]}},{"type":"Feature","properties":{"level":1012},"geometry":{"type":"LineString","coordinates":[[-40.38,69.75],[-38.25,70.0],[-36.5,70.69],[-33.36,71.5],[-33.12,72.0],[-35.08,72.75],[-33.64,73.5],[-33.45,74.0],[-34.5,74.15],[-37.5,73.39],[-40.25,72.31],[-41.37,71.25],[-41.0,70.08],[-40.38,69.75]]}},{"type":"Feature","properties":{"level":1012},"geometry":{"type":"LineString","coordinates":[[-155.5,73.47],[-159.0,74.07],[-160.02,74.5],[-160.33,75.0],[-159.95,75.5],[-158.75,75.99],[-155.0,76.45],[-149.0,75.8],[-147.94,75.25],[-147.69,74.75],[-148.97,73.75],[-150.0,73.42],[-152.25,73.26],[-155.5,73.47]]}},{"type":"Feature","properties":{"level":1012},"geometry":{"type":"LineString","coordinates":[[-180.0,74.94],[-171.42,73.0],[-163.35,70.5],[-165.22,69.5],[-165.47,69.0],[-166.41,68.5],[-168.48,66.5],[-168.56,66.25],[-167.99,65.5],[-166.75,64.79],[-161.3,63.5],[-161.32,63.0],[-161.0,62.83],[-159.0,62.69],[-157.5,62.94],[-157.0,62.6],[-156.0,62.49],[-153.0,62.85],[-152.72,62.75],[-154.1,62.0],[-153.99,61.5],[-153.41,61.25],[-153.0,60.7],[-152.39,61.0],[-153.04,61.25],[-152.25,61.28],[-150.0,62.41],[-148.0,61.18],[-147.0,61.51],[-146.5,61.06],[-145.5,60.71],[-143.75,60.57],[-142.5,60.13],[-140.18,59.0],[-139.44,58.5],[-138.53,57.25],[-138.05,55.5],[-137.51,54.5],[-137.59,54.0],[-136.73,53.0],[-137.17,51.5],[-141.5,45.02],[-144.25,43.62],[-146.0,42.22],[-147.7,41.5],[-148.25,40.9],[-148.5,41.28],[-149.25,41.59],[-152.0,41.79],[-154.0,42.45],[-157.25,43.05],[-161.75,44.9],[-164.25,45.39],[-168.75,44.29],[-170.75,43.44],[-172.5,43.14],[-174.0,43.23],[-174.75,43.63],[-177.5,44.19],[-180.0,44.28]]}},{"type":"Feature","properties":{"level":1016},"geometry":{"type":"LineString","coordinates":[[53.75,-89.25],[52.27,-89.0],[70.58,-89.25],[53.75,-89.25]]}},{"type":"Feature","properties":{"level":1016},"geometry":{"type":"LineString","coordinates":[[180.0,-88.88],[161.0,-88.89],[133.52,-88.5],[127.58,-88.0],[127.15,-87.75],[126.82,-87.0],[128.11,-86.25],[128.18,-86.0],[126.31,-85.5],[125.91,-85.0],[126.72,-84.5],[127.74,-84.25],[128.76,-83.5],[129.04,-83.25],[128.53,-82.75],[130.1,-82.25],[130.88,-81.75],[132.92,-81.25],[133.15,-81.0],[132.55,-80.75],[132.47,-80.5],[133.63,-80.0],[142.75,-78.52],[145.62,-77.75],[146.1,-77.25],[144.01,-76.0],[144.8,-75.5],[145.54,-74.5],[144.5,-74.09],[140.75,-73.77],[140.24,-73.25],[140.56,-72.25],[140.99,-71.75],[141.02,-71.0],[140.0,-70.99],[139.64,-70.5],[138.5,-70.41],[138.0,-69.83],[136.75,-69.08],[135.5,-68.88],[130.85,-70.75],[130.84,-71.0],[131.25,-71.05],[134.0,-70.69],[135.49,-71.5],[133.41,-72.75],[129.25,-73.33],[120.25,-72.96],[117.5,-73.05],[115.98,-73.5],[116.06,-74.0],[116.78,-74.75],[116.96,-75.25],[116.02,-75.5],[111.25,-75.59],[106.53,-74.75],[101.5,-73.53],[96.25,-73.24],[84.0,-74.74],[81.82,-75.5],[80.25,-76.64],[78.75,-77.06],[76.5,-76.87],[65.0,-78.16],[62.38,-78.0],[62.0,-77.72],[62.02,-78.0],[61.75,-78.02],[59.75,-77.81],[56.5,-76.11],[54.25,-75.65],[52.0,-74.72],[47.5,-74.09],[40.25,-74.16],[33.25,-74.79],[28.5,-74.88],[27.97,-75.0],[28.25,-75.28],[24.75,-75.62],[10.5,-74.96],[9.75,-75.24],[9.65,-75.5],[14.86,-76.5],[19.0,-76.86],[27.25,-76.87],[32.25,-77.19],[33.82,-77.5],[33.25,-78.07],[32.72,-78.25],[32.78,-78.5],[26.75,-79.37],[25.71,-80.0],[26.5,-80.33],[30.75,-81.05],[33.01,-82.0],[30.26,-82.5],[29.88,-82.75],[30.92,-83.5],[28.0,-84.28],[21.5,-83.95],[14.0,-83.13],[13.02,-83.25],[12.71,-83.75],[12.0,-83.92],[7.25,-84.58],[-10.0,-86.35],[-20.74,-86.75],[-22.34,-87.0],[-20.17,-87.25],[-22.3,-87.5],[-29.25,-87.68],[-39.0,-87.55],[-53.12,-88.25],[-97.0,-88.65],[-180.0,-88.88]]}},{"type":"Feature","properties":{"level":1016},"geometry":{"type":"LineString","coordinates":[[17.56,-82.75],[19.5,-82.8],[21.25,-82.5],[16.25,-82.31],[13.09,-82.5],[17.56,-82.75]]}},{"type":"Feature","properties":{"level":1016},"geometry":{"type":"LineString","coordinates":[[-180.0,-52.13],[-171.5,-50.14],[-168.62,-49.0],[-167.74,-48.0],[-166.6,-47.5],[-165.44,-45.5],[-162.63,-42.25],[-159.77,-40.0],[-158.28,-38.5],[-157.01,-37.75],[-151.51,-36.75],[-140.0,-35.54],[-135.5,-35.32],[-130.5,-35.4],[-124.75,-34.7],[-122.77,-34.0],[-122.0,-33.35],[-120.25,-32.7],[-119.96,-32.25],[-119.0,-31.9],[-118.75,-31.31],[-118.25,-31.3],[-117.25,-30.75],[-116.75,-29.5],[-116.4,-29.25],[-116.95,-28.5],[-116.45,-27.75],[-116.77,-27.5],[-116.75,-26.82],[-117.5,-27.32],[-117.82,-26.25],[-118.25,-26.1],[-118.75,-26.92],[-119.15,-26.75],[-118.0,-25.25],[-119.75,-25.33],[-119.88,-24.75],[-120.25,-24.44],[-120.42,-25.0],[-120.75,-25.13],[-120.82,-24.5],[-120.48,-24.25],[-120.69,-24.0],[-121.5,-23.96],[-122.25,-22.74],[-122.78,-23.0],[-123.5,-21.92],[-125.25,-20.88],[-126.5,-20.33],[-127.25,-20.31],[-127.5,-20.58],[-127.75,-20.2],[-128.5,-20.61],[-129.75,-19.79],[-131.0,-19.39],[-131.31,-19.0],[-133.25,-18.17],[-139.25,-17.16],[-140.25,-16.78],[-141.47,-16.75],[-142.75,-16.19],[-143.5,-16.39],[-144.75,-16.09],[-149.0,-15.89],[-150.5,-15.61],[-151.75,-15.69],[-152.25,-15.95],[-154.75,-16.01],[-158.75,-15.08],[-160.5,-15.27],[-163.0,-16.01],[-163.75,-15.88],[-165.5,-16.19],[-165.75,-16.45],[-169.25,-16.64],[-170.75,-17.1],[-172.5,-16.91],[-173.5,-17.43],[-174.75,-17.07],[-175.25,-17.35],[-175.5,-17.23],[-175.75,-17.73],[-176.25,-17.67],[-176.61,-18.25],[-177.85,-18.5],[-177.86,-19.0],[-178.25,-19.48],[-178.64,-19.5],[-178.75,-20.06],[-179.1,-19.75],[-179.22,-18.5],[-179.75,-17.98],[-180.0,-19.03]]}},{"type":"Feature","properties":{"level":1016},"geometry":{"type":"LineString","coordinates":[[151.75,-43.26],[151.0,-43.16],[150.43,-42.75],[150.55,-41.25],[150.75,-41.07],[151.0,-41.0],[151.41,-41.75],[151.75,-43.26]]}},{"type":"Feature","properties":{"level":1016},"geometry":{"type":"LineString","coordinates":[[150.25,-40.28],[149.75,-40.14],[149.06,-39.5],[148.8,-38.75],[149.25,-38.19],[151.0,-38.26],[151.25,-38.0],[150.66,-37.5],[151.03,-37.25],[151.14,-36.75],[150.4,-36.5],[150.25,-36.0],[150.75,-35.24],[151.75,-35.27],[152.25,-35.56],[152.84,-36.5],[152.1,-37.5],[151.98,-39.0],[150.65,-40.25],[150.25,-40.28]]}},{"type":"Feature","properties":{"level":1016},"geometry":{"type":"LineString","coordinates":[[-92.58,-39.0],[-91.75,-38.89],[-91.22,-38.5],[-89.5,-38.25],[-89.0,-37.9],[-87.75,-38.06],[-84.75,-37.13],[-80.25,-36.48],[-77.0,-36.57],[-73.25,-37.31],[-72.5,-36.9],[-71.71,-37.5],[-71.02,-36.5],[-71.0,-36.1],[-70.73,-36.25],[-70.47,-34.75],[-70.1,-34.5],[-69.73,-33.5],[-70.17,-32.25],[-70.11,-30.75],[-69.74,-30.5],[-69.66,-29.0],[-69.25,-28.29],[-68.75,-28.06],[-68.35,-27.0],[-68.37,-26.5],[-68.97,-25.75],[-68.84,-25.5],[-69.03,-25.25],[-68.75,-24.97],[-68.5,-25.36],[-68.28,-24.5],[-68.5,-24.28],[-69.0,-24.97],[-69.25,-24.85],[-69.32,-26.0],[-69.0,-26.18],[-69.0,-26.44],[-69.25,-26.31],[-69.45,-26.5],[-69.4,-27.0],[-69.68,-27.5],[-69.5,-27.75],[-69.75,-28.2],[-70.34,-28.5],[-70.08,-29.0],[-70.58,-29.25],[-70.64,-29.5],[-70.24,-30.0],[-70.62,-30.25],[-70.66,-31.0],[-70.9,-31.25],[-70.58,-32.75],[-70.75,-33.74],[-71.37,-33.25],[-71.17,-32.25],[-71.61,-30.5],[-71.58,-30.25],[-71.08,-30.0],[-71.4,-28.75],[-70.59,-27.5],[-70.56,-25.75],[-70.35,-25.25],[-70.5,-24.37],[-70.75,-24.67],[-71.25,-24.52],[-71.75,-25.2],[-72.24,-24.75],[-71.77,-24.5],[-73.37,-23.75],[-73.32,-22.75],[-73.7,-22.25],[-75.23,-21.25],[-75.39,-20.5],[-77.0,-20.05],[-78.0,-19.24],[-81.75,-17.72],[-82.39,-17.0],[-84.01,-16.25],[-84.92,-15.0],[-88.16,-13.5],[-88.75,-12.61],[-90.25,-12.19],[-94.5,-12.05],[-96.5,-11.73],[-99.0,-11.92],[-102.25,-11.58],[-106.25,-12.14],[-106.75,-11.85],[-107.5,-11.94],[-109.25,-11.53],[-110.0,-11.65],[-112.25,-11.39],[-113.0,-11.64],[-114.25,-11.5],[-115.5,-12.37],[-116.86,-12.75],[-116.69,-13.25],[-117.14,-13.5],[-117.02,-13.75],[-117.25,-13.89],[-118.5,-13.7],[-117.61,-17.25],[-115.55,-20.75],[-113.25,-22.63],[-110.78,-25.25],[-109.25,-26.08],[-107.75,-26.5],[-107.06,-27.0],[-107.75,-27.25],[-107.55,-27.5],[-107.0,-27.67],[-105.0,-27.57],[-100.75,-28.52],[-97.48,-30.25],[-96.35,-31.75],[-95.8,-33.5],[-95.99,-34.0],[-95.65,-34.75],[-94.82,-35.5],[-94.31,-36.75],[-93.75,-37.37],[-94.06,-38.25],[-92.62,-38.75],[-92.58,-39.0]]}},{"type":"Feature","properties":{"level":1016},"geometry":{"type":"LineString","coordinates":[[-92.5,-38.62],[-92.5,-38.46],[-92.5,-38.62]]}},{"type":"Feature","properties":{"level":1016},"geometry":{"type":"LineString","coordinates":[[150.0,-37.04],[150.27,-37.0],[150.0,-37.04]]}},{"type":"Feature","properties":{"level":1016},"geometry":{"type":"LineString","coordinates":[[-115.83,-27.75],[-115.73,-27.25],[-116.0,-27.12],[-116.16,-27.5],[-115.83,-27.75]]}},{"type":"Feature","properties":{"level":1016},"geometry":{"type":"LineString","coordinates":[[-111.05,-27.5],[-110.77,-27.0],[-111.0,-26.8],[-111.28,-27.25],[-111.05,-27.5]]}},{"type":"Feature","properties":{"level":1016},"geometry":{"type":"LineString","coordinates":[[-110.25,-27.25],[-109.94,-27.0],[-110.25,-26.88],[-110.25,-27.25]]}},{"type":"Feature","properties":{"level":1016},"geometry":{"type":"LineString","coordinates":[[-111.51,-26.75],[-111.5,-26.48],[-111.51,-26.75]]}},{"type":"Feature","properties":{"level":1016},"geometry":{"type":"LineString","coordinates":[[-119.25,-26.26],[-119.32,-26.0],[-119.0,-25.7],[-118.92,-26.0],[-119.25,-26.26]]}},{"type":"Feature","properties":{"level":1016},"geometry":{"type":"LineString","coordinates":[[-114.54,-25.75],[-114.5,-25.99],[-114.54,-25.75]]}},{"type":"Feature","properties":{"level":1016},"geometry":{"type":"LineString","coordinates":[[-122.75,-25.1],[-122.91,-25.0],[-122.25,-24.6],[-122.39,-25.0],[-122.75,-25.1]]}},{"type":"Feature","properties":{"level":1016},"geometry":{"type":"LineString","coordinates":[[-67.88,-23.75],[-67.75,-23.99],[-67.5,-23.87],[-66.99,-23.0],[-68.25,-21.68],[-68.48,-21.75],[-68.06,-22.25],[-67.88,-23.75]]}},{"type":"Feature","properties":{"level":1016},"geometry":{"type":"LineString","coordinates":[[-124.5,-23.38],[-124.5,-23.13],[-124.5,-23.38]]}},{"type":"Feature","properties":{"level":1016},"geometry":{"type":"LineString","coordinates":[[-69.03,-21.75],[-68.5,-21.73],[-68.4,-21.25],[-68.85,-19.0],[-69.75,-17.32],[-70.5,-16.58],[-70.75,-17.02],[-70.06,-17.5],[-69.21,-19.5],[-69.03,-21.75]]}},{"type":"Feature","properties":{"level":1016},"geometry":{"type":"LineString","coordinates":[[134.92,-20.75],[135.22,-20.75],[134.92,-20.75]]}},{"type":"Feature","properties":{"level":1016},"geometry":{"type":"LineString","coordinates":[[135.3,-20.75],[135.54,-20.75],[135.3,-20.75]]}},{"type":"Feature","properties":{"level":1016},"geometry":{"type":"LineString","coordinates":[[-128.68,-20.0],[-128.25,-20.0],[-128.68,-20.0]]}},{"type":"Feature","properties":{"level":1016},"geometry":{"type":"LineString","coordinates":[[180.0,-19.03],[179.5,-18.44],[178.5,-19.02],[178.25,-18.5],[177.5,-19.17],[176.16,-19.25],[176.17,-19.75],[175.75,-20.0],[174.5,-19.36],[173.96,-19.75],[174.0,-20.25],[173.61,-20.25],[173.81,-20.0],[173.5,-19.98],[173.0,-20.75],[172.5,-20.49],[172.25,-20.93],[170.5,-21.18],[170.0,-21.49],[169.41,-21.5],[169.0,-21.14],[167.25,-20.76],[165.75,-20.85],[164.5,-20.35],[164.25,-20.79],[163.25,-20.59],[161.5,-20.92],[160.25,-20.07],[159.5,-20.44],[159.25,-20.14],[159.0,-20.29],[157.75,-20.07],[156.25,-18.81],[156.45,-18.0],[155.61,-17.25],[153.45,-15.75],[151.75,-15.17],[151.29,-14.75],[150.0,-14.54],[147.75,-14.67],[147.25,-14.28],[146.64,-14.25],[145.75,-13.46],[144.5,-13.73],[143.5,-13.22],[143.0,-13.88],[142.0,-13.6],[141.36,-13.75],[141.2,-14.0],[141.51,-14.75],[141.04,-17.25],[141.51,-18.0],[141.38,-18.25],[141.69,-19.25],[141.02,-20.5],[140.5,-20.65],[140.0,-20.44],[139.51,-21.0],[139.5,-21.74],[140.0,-22.09],[140.0,-22.35],[138.5,-22.4],[137.93,-22.25],[137.97,-22.0],[137.5,-21.7],[136.0,-21.64],[135.5,-21.89],[134.25,-21.45],[133.75,-21.87],[131.5,-22.24],[131.5,-22.81],[130.75,-22.58],[130.0,-21.95],[129.25,-22.26],[128.5,-22.07],[127.87,-22.25],[128.04,-23.0],[127.5,-23.05],[127.25,-23.59],[126.25,-23.97],[126.0,-23.83],[125.75,-24.31],[125.5,-24.11],[125.0,-24.4],[124.5,-24.35],[123.0,-24.08],[122.0,-23.46],[120.0,-23.42],[118.74,-22.5],[117.0,-21.94],[116.0,-22.28],[115.31,-21.5],[115.2,-20.75],[115.94,-20.0],[115.91,-19.5],[116.34,-19.0],[116.52,-18.25],[116.12,-17.5],[116.21,-17.0],[115.86,-16.5],[116.12,-16.25],[113.05,-14.25],[110.75,-13.32],[109.75,-13.36],[103.0,-11.94],[99.25,-12.44],[97.5,-12.3],[94.75,-12.65],[91.25,-12.61],[89.5,-12.21],[88.75,-12.26],[85.96,-11.0],[85.25,-10.39],[84.75,-10.37],[84.58,-10.25],[84.75,-9.52],[84.25,-9.63],[83.75,-9.39],[82.5,-9.53],[80.5,-9.34],[77.5,-10.39],[75.75,-10.25],[75.25,-9.98],[74.0,-10.17],[73.0,-9.97],[72.5,-10.19],[71.5,-10.07],[71.0,-10.32],[70.25,-9.92],[69.5,-9.99],[68.25,-9.21],[67.75,-9.19],[66.25,-7.38],[65.5,-7.15],[64.5,-7.2],[63.25,-6.67],[62.25,-7.04],[61.72,-6.5],[62.09,-6.0],[61.75,-5.62],[61.44,-6.25],[61.0,-6.39],[60.5,-6.18],[59.75,-7.14],[59.0,-7.26],[58.0,-6.96],[57.5,-6.37],[56.75,-6.56],[56.0,-6.23],[54.8,-5.0],[55.06,-4.5],[54.75,-4.24],[53.5,-5.28],[52.96,-5.0],[52.96,-5.75],[52.5,-5.98],[51.75,-5.67],[51.16,-5.75],[51.08,-5.5],[50.5,-5.31],[50.25,-5.61],[49.75,-5.22],[49.0,-5.56],[48.25,-5.08],[47.5,-5.0],[47.25,-5.6],[45.75,-5.54],[45.5,-5.87],[44.75,-5.83],[44.25,-5.44],[44.0,-5.61],[43.0,-5.5],[42.5,-6.09],[40.06,-5.25],[39.75,-3.02],[38.25,-3.12],[37.62,-3.75],[37.75,-4.51],[37.25,-3.92],[37.0,-4.03],[36.72,-4.25],[36.75,-4.88],[36.24,-5.25],[36.63,-6.5],[36.25,-6.67],[36.25,-7.29],[35.11,-8.0],[34.75,-8.85],[33.5,-8.83],[33.07,-9.25],[33.39,-9.75],[33.54,-10.75],[33.87,-11.0],[32.5,-13.32],[31.25,-13.86],[30.5,-14.52],[30.11,-14.25],[30.5,-13.63],[31.0,-13.63],[31.35,-13.0],[32.06,-11.25],[31.75,-11.0],[30.47,-12.5],[30.48,-12.75],[29.73,-13.0],[28.9,-14.5],[29.9,-14.75],[29.25,-15.06],[28.75,-14.87],[27.97,-15.75],[26.75,-16.37],[26.2,-17.0],[26.25,-17.38],[26.75,-17.81],[28.75,-15.84],[29.76,-15.75],[29.68,-16.0],[29.08,-16.25],[28.98,-16.75],[28.47,-17.0],[28.85,-17.25],[28.75,-17.51],[28.5,-17.71],[28.0,-17.31],[26.4,-18.75],[26.75,-19.14],[27.7,-19.25],[27.47,-19.75],[26.73,-20.25],[26.45,-21.25],[25.95,-21.5],[25.8,-22.75],[24.65,-24.75],[24.94,-25.5],[25.29,-25.75],[24.53,-26.5],[24.93,-26.75],[25.07,-27.5],[25.65,-27.5],[25.72,-27.75],[25.23,-28.25],[25.25,-28.61],[24.25,-28.73],[24.36,-27.5],[24.25,-27.2],[24.0,-27.2],[23.5,-27.53],[23.0,-28.72],[22.25,-28.66],[21.41,-29.0],[21.2,-28.25],[21.39,-27.5],[20.89,-26.75],[21.5,-25.87],[22.32,-25.5],[22.5,-25.0],[21.9,-23.25],[21.5,-22.75],[20.91,-22.75],[20.9,-22.25],[20.5,-21.55],[20.21,-21.5],[19.75,-20.23],[19.0,-20.42],[18.5,-20.95],[17.67,-20.75],[17.59,-21.75],[18.25,-21.72],[19.25,-22.12],[18.75,-23.28],[20.75,-23.59],[21.02,-24.0],[20.65,-24.25],[20.94,-24.75],[20.5,-24.51],[20.09,-25.0],[20.47,-26.25],[20.27,-26.75],[19.0,-26.92],[18.78,-27.25],[18.75,-27.5],[20.1,-28.25],[20.18,-28.75],[19.86,-29.5],[19.5,-29.45],[19.25,-29.79],[18.0,-30.09],[17.43,-29.5],[17.58,-29.25],[16.82,-27.25],[16.25,-27.03],[15.5,-27.18],[13.99,-25.75],[13.35,-24.0],[13.39,-23.25],[12.59,-22.5],[13.0,-22.31],[14.15,-22.5],[14.36,-22.25],[13.25,-21.95],[13.54,-21.25],[12.53,-20.75],[13.05,-20.0],[12.0,-20.15],[11.79,-20.0],[12.22,-19.75],[11.42,-19.75],[11.06,-19.25],[9.45,-18.5],[9.01,-16.75],[7.7,-15.25],[6.75,-14.67],[6.5,-14.19],[4.75,-13.14],[4.0,-12.27],[2.75,-11.42],[1.98,-11.25],[1.75,-10.78],[-1.25,-10.34],[-2.0,-9.8],[-4.75,-9.67],[-6.0,-9.15],[-10.0,-8.53],[-11.0,-8.81],[-12.5,-9.78],[-13.5,-9.94],[-14.25,-9.35],[-15.0,-9.65],[-17.25,-9.79],[-18.25,-10.02],[-19.0,-10.59],[-20.75,-10.53],[-22.0,-11.32],[-28.25,-12.9],[-29.0,-13.34],[-29.25,-13.76],[-30.63,-14.5],[-31.25,-15.31],[-31.75,-15.29],[-32.25,-15.65],[-33.25,-15.1],[-33.3,-16.25],[-34.75,-17.53],[-35.26,-19.5],[-35.75,-19.85],[-36.5,-19.66],[-38.25,-20.12],[-39.5,-20.07],[-40.5,-19.71],[-42.0,-19.84],[-43.0,-20.4],[-43.5,-19.79],[-43.8,-20.0],[-44.44,-20.75],[-44.91,-22.25],[-44.74,-22.75],[-43.77,-23.0],[-44.07,-24.0],[-44.75,-24.96],[-47.2,-27.0],[-46.76,-29.25],[-46.91,-31.75],[-49.72,-39.25],[-50.25,-40.0],[-50.27,-43.0],[-51.2,-46.25],[-52.25,-48.49],[-53.83,-50.0],[-56.4,-53.25],[-57.14,-54.75],[-57.34,-56.0],[-57.15,-56.5],[-56.25,-56.88],[-55.0,-57.05],[-53.75,-56.88],[-47.25,-54.22],[-43.5,-52.05],[-42.3,-50.75],[-38.89,-45.75],[-36.73,-43.0],[-31.5,-38.28],[-27.75,-36.75],[-19.26,-34.5],[-18.75,-34.13],[-17.25,-33.86],[-16.25,-33.39],[-11.25,-32.56],[-10.5,-32.84],[-10.0,-32.71],[-9.0,-32.95],[-9.0,-32.49],[-2.25,-35.08],[1.75,-37.72],[6.62,-41.75],[9.75,-44.73],[12.25,-47.55],[15.25,-51.74],[16.5,-52.98],[19.75,-54.1],[25.75,-53.91],[36.25,-51.06],[41.5,-50.21],[43.0,-49.66],[43.5,-49.25],[46.0,-49.4],[52.0,-50.57],[54.75,-50.81],[58.75,-50.82],[62.25,-50.3],[67.75,-48.93],[69.0,-48.29],[74.5,-46.61],[78.21,-45.0],[83.19,-43.75],[90.0,-41.4],[93.25,-40.54],[97.5,-39.7],[101.78,-39.25],[105.75,-39.18],[111.25,-39.29],[116.75,-40.16],[122.5,-42.47],[132.1,-47.25],[140.84,-51.25],[147.0,-53.42],[151.0,-54.14],[157.0,-54.64],[163.5,-54.57],[173.0,-53.61],[180.0,-52.13]]}},{"type":"Feature","properties":{"level":1016},"geometry":{"type":"LineString","coordinates":[[37.0,-13.3],[36.57,-12.75],[36.63,-12.5],[35.75,-12.24],[35.0,-12.23],[34.75,-13.01],[34.5,-12.93],[34.21,-12.5],[34.3,-11.0],[33.7,-9.5],[34.01,-9.5],[34.75,-10.3],[35.5,-9.93],[35.68,-9.75],[35.46,-9.0],[36.25,-8.09],[36.92,-7.75],[36.93,-7.0],[37.25,-6.41],[37.55,-6.5],[37.41,-7.0],[37.75,-7.47],[38.5,-7.29],[38.62,-7.75],[38.5,-8.2],[38.0,-8.24],[37.82,-9.25],[37.19,-10.25],[37.5,-10.44],[38.25,-10.28],[38.35,-10.75],[38.87,-11.0],[38.89,-11.25],[38.38,-13.0],[37.0,-13.3]]}},{"type":"Feature","properties":{"level":1016},"geometry":{"type":"LineString","coordinates":[[34.88,-11.75],[35.0,-11.95],[35.19,-11.5],[35.0,-10.69],[34.67,-11.0],[34.88,-11.75]]}},{"type":"Feature","properties":{"level":1016},"geometry":{"type":"LineString","coordinates":[[149.4,-10.25],[150.0,-10.43],[150.22,-10.25],[149.0,-9.4],[148.53,-9.5],[148.3,-9.0],[147.75,-8.7],[147.0,-7.18],[146.25,-6.75],[145.84,-6.0],[145.0,-5.6],[144.25,-5.63],[143.25,-4.96],[142.75,-5.33],[142.25,-5.34],[142.15,-5.5],[142.5,-5.9],[144.0,-6.72],[144.28,-6.25],[144.66,-6.25],[145.5,-6.96],[145.75,-7.47],[146.5,-7.68],[147.59,-9.5],[148.25,-9.94],[149.4,-10.25]]}},{"type":"Feature","properties":{"level":1016},"geometry":{"type":"LineString","coordinates":[[146.98,-6.5],[147.5,-6.53],[147.59,-6.25],[146.25,-5.69],[145.89,-5.75],[146.98,-6.5]]}},{"type":"Feature","properties":{"level":1016},"geometry":{"type":"LineString","coordinates":[[62.85,-6.25],[63.44,-6.25],[62.85,-6.25]]}},{"type":"Feature","properties":{"level":1016},"geometry":{"type":"LineString","coordinates":[[53.25,-6.05],[53.06,-6.0],[53.25,-5.88],[53.25,-6.05]]}},{"type":"Feature","properties":{"level":1016},"geometry":{"type":"LineString","coordinates":[[64.99,-6.0],[66.0,-6.0],[66.25,-5.8],[65.86,-5.5],[65.75,-4.97],[65.19,-4.75],[65.9,-4.25],[65.5,-3.88],[64.75,-4.22],[64.63,-4.75],[63.91,-5.5],[64.02,-5.75],[64.99,-6.0]]}},{"type":"Feature","properties":{"level":1016},"geometry":{"type":"LineString","coordinates":[[141.26,-5.25],[142.07,-5.25],[139.5,-4.07],[138.75,-3.48],[137.5,-3.61],[136.5,-3.34],[135.44,-4.0],[135.75,-4.26],[136.5,-4.11],[137.25,-4.37],[139.25,-4.48],[141.26,-5.25]]}},{"type":"Feature","properties":{"level":1016},"geometry":{"type":"LineString","coordinates":[[65.92,-4.75],[66.0,-4.52],[65.92,-4.75]]}},{"type":"Feature","properties":{"level":1016},"geometry":{"type":"LineString","coordinates":[[28.57,-3.75],[28.75,-3.93],[29.09,-3.5],[28.75,-2.82],[28.57,-3.75]]}},{"type":"Feature","properties":{"level":1016},"geometry":{"type":"LineString","coordinates":[[-79.18,-3.5],[-79.0,-3.59],[-78.65,-3.25],[-78.19,-2.25],[-78.02,-1.0],[-77.57,-0.5],[-77.71,0.25],[-77.4,0.5],[-77.75,1.11],[-78.0,0.9],[-77.82,0.5],[-78.92,-0.75],[-78.94,-2.25],[-79.43,-3.0],[-79.11,-3.25],[-79.18,-3.5]]}},{"type":"Feature","properties":{"level":1016},"geometry":{"type":"LineString","coordinates":[[36.45,-3.25],[37.5,-3.45],[38.23,-2.75],[38.0,-2.39],[37.75,-2.4],[37.0,-3.07],[36.45,-3.25]]}},{"type":"Feature","properties":{"level":1016},"geometry":{"type":"LineString","coordinates":[[64.22,-3.0],[64.87,-1.5],[64.75,-1.15],[64.0,-0.73],[63.39,-1.0],[63.75,-1.01],[63.84,-1.25],[63.19,-2.0],[63.8,-2.25],[63.75,-2.99],[64.0,-2.78],[64.22,-3.0]]}},{"type":"Feature","properties":{"level":1016},"geometry":{"type":"LineString","coordinates":[[119.41,-3.0],[119.75,-3.05],[120.25,-2.4],[121.0,-2.25],[120.56,-2.0],[120.55,-1.5],[120.25,-1.24],[119.65,-2.5],[119.32,-2.75],[119.41,-3.0]]}},{"type":"Feature","properties":{"level":1016},"geometry":{"type":"LineString","coordinates":[[36.66,-2.5],[37.5,-2.17],[38.0,-1.49],[38.0,-1.06],[37.5,-1.12],[37.31,-0.75],[37.7,-0.5],[38.0,0.39],[37.0,0.69],[36.75,1.4],[36.0,-0.27],[35.52,0.75],[35.5,1.42],[35.0,1.05],[34.5,1.4],[34.33,1.0],[34.5,0.83],[35.0,0.97],[35.41,0.75],[35.19,0.25],[35.6,-1.5],[35.5,-2.1],[36.0,-1.78],[35.98,-1.25],[36.5,-1.13],[36.7,-1.5],[36.66,-2.5]]}},{"type":"Feature","properties":{"level":1016},"geometry":{"type":"LineString","coordinates":[[28.57,-2.25],[28.75,-2.49],[28.96,-1.75],[29.25,-1.58],[29.5,-1.78],[29.66,-1.5],[29.0,-1.17],[28.75,-1.37],[28.57,-2.25]]}},{"type":"Feature","properties":{"level":1016},"geometry":{"type":"LineString","coordinates":[[62.48,-2.25],[62.64,-1.75],[61.0,-0.71],[60.57,-0.75],[60.75,-1.11],[61.13,-1.25],[61.25,-1.83],[62.48,-2.25]]}},{"type":"Feature","properties":{"level":1016},"geometry":{"type":"LineString","coordinates":[[-76.78,1.5],[-76.17,2.25],[-76.25,2.59],[-76.75,1.97],[-76.78,1.5]]}},{"type":"Feature","properties":{"level":1016},"geometry":{"type":"LineString","coordinates":[[99.16,1.75],[99.34,2.25],[98.62,2.75],[98.5,3.14],[98.33,2.5],[99.16,1.75]]}},{"type":"Feature","properties":{"level":1016},"geometry":{"type":"LineString","coordinates":[[-76.26,3.0],[-76.0,2.82],[-75.84,3.0],[-75.75,4.18],[-76.0,3.99],[-76.26,3.0]]}},{"type":"Feature","properties":{"level":1016},"geometry":{"type":"LineString","coordinates":[[97.39,3.25],[97.84,3.25],[97.85,3.75],[97.5,4.33],[97.0,4.8],[95.65,5.0],[96.0,4.96],[97.39,3.25]]}},{"type":"Feature","properties":{"level":1016},"geometry":{"type":"LineString","coordinates":[[38.58,3.75],[39.0,3.74],[39.17,4.0],[38.58,4.5],[38.89,5.0],[39.25,5.27],[39.75,4.95],[40.04,5.25],[40.26,5.75],[39.88,6.0],[41.06,7.25],[40.43,8.0],[41.25,8.64],[42.0,8.81],[43.25,8.53],[44.5,9.53],[45.75,9.91],[46.75,9.84],[48.0,10.34],[48.25,10.32],[48.75,9.59],[50.0,9.26],[50.79,9.75],[50.74,10.5],[51.29,11.75],[49.75,11.49],[49.25,11.08],[47.75,11.1],[47.03,10.75],[46.75,10.09],[44.5,10.02],[43.0,10.6],[42.78,10.0],[40.75,9.33],[39.75,8.51],[39.48,8.75],[39.89,9.5],[40.15,10.75],[39.82,12.25],[40.06,13.0],[39.97,14.25],[39.67,15.0],[38.88,15.75],[38.5,17.03],[38.25,16.89],[38.13,16.0],[38.56,15.5],[38.48,14.5],[38.15,14.25],[38.39,13.75],[37.75,13.33],[37.25,13.71],[37.53,13.0],[37.0,12.74],[36.5,11.48],[36.19,11.5],[36.38,11.25],[36.26,10.75],[36.65,10.5],[36.1,10.0],[36.41,9.5],[36.25,9.14],[34.75,10.08],[34.45,9.5],[34.74,8.5],[35.25,8.51],[35.02,7.75],[35.75,6.72],[36.0,7.08],[37.25,6.93],[37.5,7.6],[37.62,7.0],[37.1,6.0],[37.25,5.82],[37.75,6.21],[37.65,5.75],[38.13,4.75],[38.08,4.25],[38.58,3.75]]}},{"type":"Feature","properties":{"level":1016},"geometry":{"type":"LineString","coordinates":[[77.14,9.25],[77.38,9.5],[77.34,10.0],[77.71,10.25],[77.0,10.46],[76.79,10.25],[77.14,9.25]]}},{"type":"Feature","properties":{"level":1016},"geometry":{"type":"LineString","coordinates":[[49.5,10.45],[49.89,10.5],[49.75,10.29],[49.5,10.45]]}},{"type":"Feature","properties":{"level":1016},"geometry":{"type":"LineString","coordinates":[[57.86,10.75],[58.5,10.89],[58.85,11.25],[59.1,12.25],[60.43,14.5],[60.75,15.94],[62.25,15.95],[62.41,17.0],[64.25,19.33],[64.43,19.75],[63.25,20.77],[62.25,21.2],[60.75,21.04],[59.5,21.26],[59.36,21.5],[59.55,22.0],[59.25,22.89],[58.5,23.34],[57.0,23.69],[56.0,24.8],[55.93,24.25],[56.46,23.0],[56.36,22.75],[56.98,22.0],[56.45,20.75],[54.5,19.88],[53.5,18.75],[53.5,18.2],[52.25,18.19],[48.91,17.0],[48.45,16.5],[49.16,16.0],[49.0,15.81],[48.5,15.43],[47.25,15.36],[46.75,14.59],[46.0,14.46],[44.36,16.25],[45.0,16.25],[45.33,16.5],[44.91,17.5],[45.0,18.46],[45.25,18.58],[45.51,18.25],[45.75,18.99],[46.0,18.73],[46.75,18.7],[46.26,19.75],[46.0,19.8],[45.75,19.43],[45.25,19.7],[45.0,18.56],[44.99,19.25],[44.5,20.19],[44.25,20.38],[43.75,20.2],[43.0,21.11],[42.57,21.25],[42.5,21.77],[41.75,21.24],[41.5,21.76],[41.25,21.56],[40.5,22.01],[40.25,21.72],[40.18,21.0],[41.75,19.57],[42.09,18.25],[42.86,17.75],[43.09,17.25],[44.0,13.06],[46.25,13.41],[48.0,14.03],[50.25,13.6],[51.5,13.64],[52.75,13.11],[53.75,13.31],[54.21,12.75],[53.75,12.65],[53.5,12.85],[53.26,12.5],[54.0,11.88],[54.5,11.57],[55.0,11.71],[56.0,11.03],[57.25,11.05],[57.86,10.75]]}},{"type":"Feature","properties":{"level":1016},"geometry":{"type":"LineString","coordinates":[[-155.91,19.25],[-155.5,19.05],[-154.94,19.5],[-155.25,20.16],[-155.75,20.1],[-155.91,19.25]]}},{"type":"Feature","properties":{"level":1016},"geometry":{"type":"LineString","coordinates":[[55.5,19.75],[55.5,20.08],[55.5,19.75]]}},{"type":"Feature","properties":{"level":1016},"geometry":{"type":"LineString","coordinates":[[45.39,20.75],[46.25,20.69],[46.92,21.25],[46.94,22.0],[47.88,23.75],[47.84,24.0],[47.25,23.99],[47.14,24.25],[48.0,24.5],[48.05,24.75],[47.75,25.35],[47.25,25.25],[46.75,25.87],[46.25,25.4],[45.83,25.5],[45.82,26.0],[45.5,26.15],[45.16,26.0],[44.75,24.83],[44.5,25.03],[44.0,24.72],[43.5,25.33],[43.36,25.0],[42.75,24.83],[42.87,24.0],[42.41,23.5],[43.58,21.5],[44.25,20.82],[45.25,21.21],[45.39,20.75]]}},{"type":"Feature","properties":{"level":1016},"geometry":{"type":"LineString","coordinates":[[93.67,21.25],[93.97,21.25],[93.61,22.0],[93.75,24.05],[93.25,23.78],[93.19,23.5],[93.26,22.25],[93.67,21.25]]}},{"type":"Feature","properties":{"level":1016},"geometry":{"type":"LineString","coordinates":[[35.22,22.0],[35.5,21.8],[35.73,22.25],[35.25,22.81],[35.06,22.5],[35.22,22.0]]}},{"type":"Feature","properties":{"level":1016},"geometry":{"type":"LineString","coordinates":[[40.13,22.25],[40.25,22.07],[40.36,22.25],[40.0,23.12],[40.13,22.25]]}},{"type":"Feature","properties":{"level":1016},"geometry":{"type":"LineString","coordinates":[[120.85,23.25],[121.0,23.04],[121.58,24.25],[121.25,24.59],[120.85,23.25]]}},{"type":"Feature","properties":{"level":1016},"geometry":{"type":"LineString","coordinates":[[93.65,25.0],[94.25,24.95],[94.75,25.18],[95.33,26.0],[95.25,26.56],[94.47,26.0],[94.58,25.5],[94.25,25.76],[93.48,25.25],[93.65,25.0]]}},{"type":"Feature","properties":{"level":1016},"geometry":{"type":"LineString","coordinates":[[91.18,25.5],[92.26,25.5],[91.75,25.65],[91.18,25.5]]}},{"type":"Feature","properties":{"level":1016},"geometry":{"type":"LineString","coordinates":[[32.75,26.11],[32.75,26.37],[32.75,26.11]]}},{"type":"Feature","properties":{"level":1016},"geometry":{"type":"LineString","coordinates":[[58.22,26.25],[58.77,26.75],[57.75,27.27],[57.51,27.0],[57.53,26.5],[58.22,26.25]]}},{"type":"Feature","properties":{"level":1016},"geometry":{"type":"LineString","coordinates":[[59.07,26.5],[61.0,26.37],[63.12,26.75],[62.88,27.0],[63.14,27.25],[61.71,28.5],[61.41,29.0],[61.55,29.25],[60.94,29.75],[60.53,30.75],[60.25,30.89],[60.0,30.83],[59.84,30.25],[60.12,28.5],[59.7,28.0],[60.25,27.9],[61.04,27.25],[60.75,26.91],[59.45,26.75],[59.07,26.5]]}},{"type":"Feature","properties":{"level":1016},"geometry":{"type":"LineString","coordinates":[[-180.0,27.33],[-177.25,28.26],[-173.25,29.04],[-170.25,29.15],[-168.25,28.74],[-165.3,27.25],[-163.69,25.75],[-163.5,25.06],[-159.5,22.87],[-159.27,22.5],[-159.6,22.25],[-159.5,21.84],[-158.5,22.06],[-157.82,21.75],[-158.0,21.42],[-157.5,21.69],[-156.0,21.28],[-154.75,21.27],[-153.0,20.52],[-152.0,20.52],[-150.5,21.03],[-148.75,20.96],[-147.5,21.39],[-145.75,21.21],[-145.0,21.65],[-142.75,21.98],[-140.5,23.2],[-139.75,23.27],[-138.75,23.82],[-136.0,24.58],[-135.25,25.42],[-135.0,25.31],[-132.9,27.5],[-132.24,29.25],[-131.25,30.79],[-130.38,33.75],[-129.33,35.0],[-129.1,36.0],[-128.05,37.5],[-125.61,42.75],[-123.75,44.99],[-123.25,44.07],[-122.25,45.67],[-122.04,45.5],[-122.16,45.0],[-121.81,44.25],[-122.2,42.5],[-122.0,41.96],[-121.43,42.0],[-121.61,42.25],[-121.25,42.66],[-121.0,42.71],[-120.75,42.31],[-120.25,42.59],[-120.1,42.5],[-120.76,42.0],[-120.74,41.75],[-120.31,41.5],[-120.64,40.5],[-120.25,40.21],[-119.75,40.61],[-119.0,40.66],[-118.75,40.9],[-118.5,40.47],[-118.0,40.62],[-117.05,40.0],[-117.91,39.5],[-117.82,38.75],[-118.25,38.4],[-119.0,38.88],[-119.41,38.75],[-119.5,39.13],[-119.75,38.75],[-120.0,39.47],[-120.24,39.25],[-120.15,38.5],[-118.45,36.0],[-118.0,35.9],[-117.74,36.25],[-118.02,36.75],[-117.83,37.25],[-117.25,37.29],[-117.0,37.72],[-116.29,37.0],[-115.25,37.41],[-113.46,37.0],[-113.89,36.75],[-113.91,35.75],[-112.25,34.26],[-112.0,34.81],[-111.04,34.25],[-110.84,33.25],[-110.5,33.25],[-110.37,32.75],[-110.53,32.25],[-110.15,31.75],[-110.38,31.5],[-110.26,31.25],[-109.75,30.86],[-109.5,31.36],[-109.16,31.25],[-109.09,30.75],[-108.74,30.5],[-108.33,29.5],[-108.0,27.67],[-107.32,27.0],[-107.0,26.17],[-106.75,26.34],[-106.75,25.74],[-106.37,25.75],[-106.35,25.25],[-105.53,23.75],[-104.75,23.39],[-104.28,23.5],[-104.5,24.0],[-104.25,24.22],[-103.75,24.05],[-103.0,24.21],[-102.8,24.75],[-102.25,25.21],[-101.25,24.9],[-100.5,25.08],[-100.0,24.58],[-99.89,24.75],[-100.78,27.5],[-100.42,28.0],[-100.36,29.0],[-99.75,29.56],[-98.5,29.79],[-97.0,31.4],[-96.06,31.5],[-94.5,32.26],[-94.25,31.96],[-92.36,33.25],[-89.25,33.32],[-88.25,33.73],[-87.4,33.5],[-87.3,33.0],[-86.69,32.25],[-86.68,31.75],[-87.0,31.5],[-84.68,31.75],[-84.42,30.5],[-85.05,30.5],[-84.94,29.75],[-83.25,29.1],[-82.75,29.46],[-82.25,29.33],[-81.84,29.5],[-81.85,29.75],[-81.5,29.76],[-81.01,28.75],[-81.32,28.5],[-81.18,27.25],[-81.0,27.05],[-80.5,27.31],[-79.75,26.24],[-79.5,26.5],[-78.75,25.93],[-77.75,26.19],[-75.25,24.71],[-74.25,25.09],[-73.25,24.42],[-72.5,24.31],[-70.0,24.51],[-69.5,24.21],[-68.25,24.17],[-66.5,24.52],[-66.25,23.87],[-65.75,23.54],[-64.25,23.3],[-63.14,22.75],[-61.75,22.44],[-61.25,21.84],[-60.75,22.1],[-58.5,21.61],[-55.0,21.79],[-52.0,20.83],[-47.75,20.61],[-44.25,20.77],[-43.0,20.32],[-41.0,20.15],[-39.0,20.41],[-35.75,21.45],[-34.5,21.42],[-32.75,22.1],[-31.0,22.15],[-30.0,22.65],[-28.0,22.69],[-25.24,23.25],[-18.21,26.25],[-16.75,27.15],[-16.25,27.83],[-15.0,27.84],[-12.02,29.75],[-10.75,30.12],[-10.0,30.67],[-8.63,30.5],[-10.04,29.75],[-9.56,28.75],[-7.5,29.45],[-7.5,29.15],[-8.11,28.75],[-8.25,28.27],[-7.25,28.33],[-3.0,27.64],[-1.0,28.46],[0.0,28.63],[1.75,27.94],[3.25,27.89],[6.0,27.07],[6.25,27.19],[6.83,26.5],[6.25,26.03],[6.0,26.97],[5.5,26.83],[5.35,26.5],[6.25,25.97],[6.03,25.25],[6.53,24.5],[6.0,24.58],[5.75,24.16],[5.5,24.78],[5.3,24.5],[5.48,23.75],[4.94,22.75],[5.25,22.38],[6.75,22.73],[7.0,23.06],[7.25,23.0],[7.16,22.25],[7.5,22.43],[9.0,21.46],[9.5,22.15],[9.75,22.16],[11.75,21.9],[12.25,21.5],[12.75,21.67],[13.0,21.44],[13.13,22.0],[14.75,22.54],[16.0,21.86],[16.5,20.8],[17.0,20.76],[17.75,19.96],[18.0,20.37],[18.33,19.75],[18.75,19.58],[19.25,20.09],[20.25,20.56],[20.75,20.48],[21.75,21.21],[23.75,20.88],[24.5,20.22],[25.75,20.29],[26.75,20.54],[30.75,23.49],[32.25,23.61],[33.0,24.58],[33.5,24.7],[33.75,24.39],[35.12,24.0],[34.74,25.75],[35.08,26.5],[34.75,26.43],[34.5,26.03],[33.73,27.75],[33.75,28.03],[34.25,27.9],[34.75,28.54],[35.68,27.5],[36.5,27.12],[37.5,26.1],[37.77,26.0],[38.0,26.57],[38.75,26.14],[39.5,26.13],[39.75,25.28],[41.0,25.09],[41.62,25.5],[41.5,25.8],[40.75,25.82],[40.49,26.25],[40.8,26.5],[41.25,26.58],[41.49,26.25],[42.0,26.15],[42.5,26.35],[43.0,26.18],[44.98,28.25],[46.31,29.0],[46.57,30.0],[46.11,30.75],[46.29,31.25],[46.06,31.75],[46.5,32.76],[49.01,32.25],[50.0,30.47],[51.21,29.5],[51.34,28.75],[52.23,27.75],[53.07,27.25],[54.5,27.19],[54.95,27.5],[54.68,27.75],[54.75,28.0],[55.75,28.2],[55.83,28.0],[55.4,27.75],[55.5,27.64],[56.25,27.47],[57.25,27.75],[57.5,27.61],[57.44,28.25],[57.75,28.77],[58.25,28.27],[58.69,28.25],[57.45,30.75],[56.25,32.0],[55.47,32.25],[55.8,31.25],[55.5,30.8],[55.0,31.59],[54.5,31.69],[54.91,32.0],[54.87,32.5],[54.15,33.0],[54.97,33.5],[54.75,33.75],[54.94,34.0],[54.5,34.09],[53.75,33.72],[51.75,34.11],[51.12,34.5],[51.05,34.75],[51.4,35.25],[51.25,35.5],[53.0,35.36],[53.75,35.56],[54.5,36.37],[55.5,36.36],[55.76,36.75],[56.25,36.93],[57.5,37.04],[59.19,36.0],[59.04,35.75],[58.01,35.5],[59.19,35.25],[60.25,34.63],[60.4,35.25],[60.2,35.5],[61.02,35.5],[61.04,36.0],[60.32,37.75],[60.94,38.5],[60.87,38.75],[61.25,39.11],[61.75,38.83],[62.25,39.16],[62.53,39.75],[62.36,40.5],[63.25,41.14],[63.66,41.0],[63.75,40.71],[64.1,40.75],[64.24,41.25],[64.5,41.09],[64.85,41.5],[64.56,42.0],[64.75,42.14],[65.25,41.9],[65.75,42.83],[64.56,44.25],[63.83,44.5],[63.25,45.34],[60.08,47.25],[58.49,48.5],[56.75,48.8],[53.25,48.48],[52.06,48.75],[50.0,49.9],[48.99,50.75],[48.42,53.75],[49.88,56.25],[52.05,57.75],[58.25,59.47],[59.5,59.35],[64.0,59.92],[67.25,59.74],[70.25,59.08],[73.5,57.93],[75.25,56.98],[75.65,56.25],[75.47,55.75],[74.25,54.4],[73.5,54.06],[73.48,53.75],[75.22,53.0],[76.16,52.0],[75.96,51.25],[76.33,51.0],[74.0,48.4],[73.0,47.78],[72.1,47.75],[72.25,47.15],[73.46,46.25],[73.18,44.75],[73.63,44.75],[73.52,45.5],[73.75,45.56],[74.5,45.02],[74.56,44.75],[73.8,44.25],[73.75,43.69],[72.75,43.57],[71.86,43.0],[71.0,42.78],[70.25,43.0],[70.04,42.75],[70.21,42.5],[69.54,42.0],[69.58,41.0],[69.28,40.25],[68.78,40.0],[67.5,39.97],[67.43,40.25],[66.5,40.63],[65.79,40.5],[67.14,40.0],[67.15,39.75],[66.56,39.5],[66.79,39.0],[66.23,38.25],[66.3,37.75],[66.75,37.55],[67.75,38.01],[68.0,37.34],[68.75,37.49],[69.03,37.25],[68.88,36.75],[66.5,36.6],[63.75,35.63],[63.33,35.0],[61.82,34.75],[62.51,34.25],[61.84,33.75],[62.0,33.44],[62.25,33.52],[63.75,32.56],[64.25,32.47],[64.75,32.82],[65.25,32.71],[65.5,33.12],[66.1,32.75],[65.5,32.23],[66.75,32.25],[66.74,31.5],[66.41,30.75],[66.5,30.52],[66.75,30.67],[66.96,30.5],[66.25,29.79],[65.96,29.0],[65.79,28.0],[66.0,27.82],[67.0,28.59],[67.35,30.0],[68.34,30.25],[68.45,30.5],[68.23,30.75],[68.75,31.01],[69.06,31.5],[69.0,32.43],[69.79,32.5],[69.9,32.75],[69.62,33.25],[69.94,33.75],[70.84,33.75],[70.73,34.0],[69.59,34.5],[69.66,34.75],[70.25,34.9],[70.75,34.72],[71.25,35.02],[73.28,34.5],[73.56,34.0],[76.66,32.0],[77.33,30.75],[79.04,30.25],[79.0,29.98],[80.46,29.75],[80.75,29.32],[81.25,29.3],[83.0,28.18],[84.25,28.27],[86.5,27.33],[87.0,27.23],[87.25,27.44],[88.0,26.96],[88.5,27.33],[89.75,26.9],[90.0,27.11],[91.25,27.19],[91.75,26.93],[93.0,27.57],[93.14,27.25],[93.5,27.21],[93.71,27.5],[93.45,28.0],[94.0,27.94],[94.75,28.44],[95.75,28.33],[96.3,28.0],[96.66,27.0],[97.25,26.83],[97.25,27.58],[98.0,27.62],[98.29,26.0],[97.75,24.68],[98.25,24.68],[99.25,25.17],[99.43,25.5],[100.0,25.56],[100.35,27.75],[101.0,28.08],[101.5,27.16],[102.25,27.48],[103.0,25.9],[103.25,26.04],[103.5,25.75],[104.25,25.86],[105.0,25.61],[105.25,25.99],[105.7,26.0],[106.0,26.35],[106.25,26.05],[106.5,26.15],[106.75,26.63],[107.5,26.14],[108.25,26.54],[109.0,26.19],[110.5,26.12],[111.0,25.66],[111.75,25.88],[112.5,25.47],[113.0,25.61],[113.8,26.5],[113.68,27.0],[113.96,27.25],[114.09,28.25],[115.31,29.25],[116.0,30.26],[117.5,30.5],[118.75,31.48],[121.5,32.13],[123.25,32.07],[123.75,32.26],[124.0,31.91],[124.4,32.25],[124.5,32.82],[124.75,32.9],[125.0,32.48],[125.75,32.68],[125.5,33.27],[127.5,33.06],[128.09,33.25],[128.0,33.5],[129.5,33.46],[130.0,32.97],[130.5,33.48],[130.83,32.75],[130.46,32.0],[131.25,31.61],[132.25,32.83],[133.5,32.69],[135.0,33.12],[138.25,32.65],[140.0,32.66],[149.0,33.6],[155.5,33.01],[156.0,32.74],[156.25,31.92],[158.0,30.78],[158.75,29.44],[159.28,29.25],[159.61,28.0],[163.0,25.72],[164.5,25.15],[164.75,25.29],[166.0,24.96],[170.5,24.74],[173.5,24.93],[176.0,25.66],[180.0,27.33]]}},{"type":"Feature","properties":{"level":1016},"geometry":{"type":"LineString","coordinates":[[52.5,27.94],[52.5,28.1],[52.5,27.94]]}},{"type":"Feature","properties":{"level":1016},"geometry":{"type":"LineString","coordinates":[[52.25,28.2],[52.07,28.25],[52.25,28.2]]}},{"type":"Feature","properties":{"level":1016},"geometry":{"type":"LineString","coordinates":[[87.75,28.9],[87.28,29.25],[87.75,29.55],[89.25,29.42],[89.62,29.0],[87.75,28.9]]}},{"type":"Feature","properties":{"level":1016},"geometry":{"type":"LineString","coordinates":[[63.64,29.25],[64.51,29.5],[64.0,29.8],[63.5,29.77],[63.22,29.5],[63.64,29.25]]}},{"type":"Feature","properties":{"level":1016},"geometry":{"type":"LineString","coordinates":[[-86.78,29.75],[-86.15,30.0],[-86.5,30.54],[-86.78,29.75]]}},{"type":"Feature","properties":{"level":1016},"geometry":{"type":"LineString","coordinates":[[-83.0,29.62],[-83.0,29.93],[-82.81,29.75],[-83.0,29.62]]}},{"type":"Feature","properties":{"level":1016},"geometry":{"type":"LineString","coordinates":[[-82.5,29.94],[-82.23,30.0],[-82.5,29.94]]}},{"type":"Feature","properties":{"level":1016},"geometry":{"type":"LineString","coordinates":[[-83.5,30.1],[-83.5,30.32],[-83.5,30.1]]}},{"type":"Feature","properties":{"level":1016},"geometry":{"type":"LineString","coordinates":[[35.25,30.5],[35.25,30.9],[35.25,30.5]]}},{"type":"Feature","properties":{"level":1016},"geometry":{"type":"LineString","coordinates":[[-84.25,30.73],[-84.4,30.75],[-84.25,30.73]]}},{"type":"Feature","properties":{"level":1016},"geometry":{"type":"LineString","coordinates":[[-87.44,31.25],[-87.12,31.25],[-87.44,31.25]]}},{"type":"Feature","properties":{"level":1016},"geometry":{"type":"LineString","coordinates":[[-84.0,31.14],[-84.1,31.25],[-83.86,31.25],[-84.0,31.14]]}},{"type":"Feature","properties":{"level":1016},"geometry":{"type":"LineString","coordinates":[[35.5,31.07],[35.5,31.68],[35.5,31.07]]}},{"type":"Feature","properties":{"level":1016},"geometry":{"type":"LineString","coordinates":[[59.91,31.25],[60.0,31.08],[60.44,31.75],[60.55,32.5],[60.35,33.25],[60.0,33.65],[58.25,34.41],[58.23,33.75],[58.72,33.5],[58.56,33.0],[59.09,31.75],[59.89,31.5],[59.91,31.25]]}},{"type":"Feature","properties":{"level":1016},"geometry":{"type":"LineString","coordinates":[[54.25,31.94],[53.5,33.03],[54.0,32.74],[54.39,32.0],[54.25,31.94]]}},{"type":"Feature","properties":{"level":1016},"geometry":{"type":"LineString","coordinates":[[52.25,33.49],[52.0,33.82],[53.12,33.5],[52.25,33.49]]}},{"type":"Feature","properties":{"level":1016},"geometry":{"type":"LineString","coordinates":[[130.25,33.68],[130.31,34.0],[130.9,34.0],[130.5,33.55],[130.25,33.68]]}},{"type":"Feature","properties":{"level":1016},"geometry":{"type":"LineString","coordinates":[[-31.25,34.97],[-31.44,35.25],[-31.15,35.25],[-31.08,35.0],[-31.25,34.97]]}},{"type":"Feature","properties":{"level":1016},"geometry":{"type":"LineString","coordinates":[[120.25,38.11],[118.89,39.25],[118.66,40.25],[120.25,41.83],[121.0,41.93],[122.5,41.24],[122.82,40.75],[122.22,40.0],[122.21,39.0],[122.0,38.75],[120.75,38.02],[120.25,38.11]]}},{"type":"Feature","properties":{"level":1016},"geometry":{"type":"LineString","coordinates":[[60.5,38.38],[60.5,38.63],[60.5,38.38]]}},{"type":"Feature","properties":{"level":1016},"geometry":{"type":"LineString","coordinates":[[63.11,39.5],[63.25,39.3],[63.5,39.76],[63.5,40.54],[63.18,40.25],[63.11,39.5]]}},{"type":"Feature","properties":{"level":1016},"geometry":{"type":"LineString","coordinates":[[63.75,41.98],[64.13,42.0],[63.75,41.98]]}},{"type":"Feature","properties":{"level":1016},"geometry":{"type":"LineString","coordinates":[[180.0,41.84],[172.5,42.21],[170.75,42.56],[164.25,43.06],[161.25,43.6],[153.0,47.15],[149.75,47.85],[147.0,49.11],[144.5,49.15],[143.0,50.84],[142.66,50.75],[142.0,49.68],[140.75,49.75],[140.28,51.0],[139.0,51.36],[138.25,52.24],[137.0,52.45],[136.5,51.85],[136.0,51.92],[135.27,53.0],[134.93,54.0],[133.0,54.27],[133.0,54.87],[132.61,55.25],[132.87,55.5],[131.78,55.75],[131.99,56.0],[131.75,56.34],[131.55,56.25],[131.7,55.5],[131.0,55.49],[131.12,55.75],[130.44,56.0],[131.46,56.25],[131.19,56.75],[130.25,56.87],[129.59,57.25],[128.92,57.75],[128.75,58.33],[127.0,58.45],[125.24,59.0],[122.75,59.32],[118.5,59.05],[114.0,59.38],[111.0,58.9],[102.5,58.54],[96.25,59.17],[94.25,60.25],[94.44,60.5],[94.16,61.0],[97.72,62.25],[98.1,63.5],[97.86,64.5],[93.18,67.5],[90.75,68.54],[86.5,69.29],[78.75,69.66],[68.0,70.71],[57.0,71.38],[45.25,70.73],[39.75,70.85],[37.5,70.61],[35.0,69.32],[31.11,68.0],[28.25,66.0],[24.09,64.75],[21.0,63.22],[19.5,62.82],[15.37,62.75],[15.3,63.0],[15.66,63.5],[15.5,63.83],[14.71,64.25],[14.33,64.75],[12.5,65.4],[4.82,64.0],[0.01,62.25],[-4.74,61.0],[-12.5,57.96],[-17.5,55.67],[-26.5,53.5],[-31.19,52.0],[-34.75,50.37],[-38.75,47.98],[-42.75,46.99],[-51.0,44.28],[-53.5,43.77],[-54.25,43.75],[-54.36,44.75],[-56.61,46.5],[-58.69,47.75],[-58.43,48.25],[-58.75,48.72],[-63.57,50.5],[-64.23,51.5],[-64.25,51.9],[-64.75,52.36],[-74.0,54.8],[-87.25,56.35],[-87.25,55.99],[-86.77,55.75],[-87.64,55.25],[-87.68,54.5],[-88.15,53.5],[-91.0,53.37],[-92.62,52.75],[-92.69,52.0],[-92.31,50.5],[-91.71,50.0],[-91.98,48.0],[-93.0,46.28],[-94.25,45.41],[-97.25,44.06],[-97.47,43.75],[-97.33,43.25],[-98.07,42.25],[-100.0,41.08],[-101.0,39.8],[-102.75,39.18],[-104.25,39.81],[-105.0,39.71],[-105.26,40.0],[-105.21,40.75],[-104.0,40.89],[-103.4,41.5],[-103.5,41.86],[-102.5,41.82],[-101.25,42.43],[-100.05,44.0],[-100.13,44.75],[-100.84,45.0],[-100.76,46.0],[-101.18,48.0],[-101.75,49.25],[-102.03,50.75],[-102.83,52.0],[-102.86,53.0],[-102.55,53.5],[-103.07,54.0],[-103.34,56.25],[-103.19,56.75],[-104.58,59.25],[-104.15,59.75],[-104.29,60.25],[-104.0,60.2],[-103.5,60.7],[-100.0,60.84],[-97.75,59.77],[-97.24,60.0],[-97.9,60.5],[-97.44,60.75],[-100.27,61.25],[-100.5,61.5],[-100.36,61.75],[-99.17,62.25],[-99.8,63.5],[-101.51,65.0],[-104.25,66.45],[-106.76,67.25],[-108.3,68.25],[-108.88,69.0],[-109.91,71.0],[-109.76,71.25],[-110.18,71.75],[-109.77,72.25],[-109.8,72.75],[-111.23,73.5],[-112.07,74.5],[-111.74,75.0],[-111.99,75.5],[-111.24,76.0],[-111.27,76.25],[-111.92,77.0],[-112.05,77.75],[-112.97,78.75],[-114.21,81.25],[-115.5,82.18],[-118.25,83.42],[-125.28,85.25],[-139.0,86.55],[-154.75,87.34],[-169.5,87.25],[-172.13,87.0],[-173.07,86.75],[-171.12,86.0],[-171.02,85.75],[-178.5,83.94],[-180.0,83.23]]}},{"type":"Feature","properties":{"level":1016},"geometry":{"type":"LineString","coordinates":[[-93.53,56.75],[-91.75,56.63],[-90.83,57.25],[-90.92,57.5],[-92.0,58.0],[-93.3,58.25],[-93.68,58.5],[-93.5,58.83],[-94.5,59.21],[-95.11,58.5],[-94.97,57.75],[-94.59,57.25],[-93.53,56.75]]}},{"type":"Feature","properties":{"level":1016},"geometry":{"type":"LineString","coordinates":[[-102.38,57.0],[-101.93,57.0],[-102.25,57.34],[-102.38,57.0]]}},{"type":"Feature","properties":{"level":1016},"geometry":{"type":"LineString","coordinates":[[-103.21,58.25],[-102.97,58.25],[-103.21,58.25]]}},{"type":"Feature","properties":{"level":1016},"geometry":{"type":"LineString","coordinates":[[95.0,59.2],[95.16,59.25],[95.0,59.2]]}},{"type":"Feature","properties":{"level":1016},"geometry":{"type":"LineString","coordinates":[[-40.21,70.5],[-39.5,70.45],[-38.5,71.34],[-36.98,71.0],[-36.59,71.25],[-36.61,71.75],[-38.25,72.25],[-40.0,72.01],[-40.62,71.5],[-40.21,70.5]]}},{"type":"Feature","properties":{"level":1016},"geometry":{"type":"LineString","coordinates":[[-180.0,78.13],[-175.5,76.6],[-172.0,76.18],[-168.75,76.43],[-161.25,77.79],[-154.75,78.24],[-148.0,77.86],[-145.0,77.37],[-143.25,76.81],[-142.31,76.0],[-141.93,75.0],[-144.5,72.95],[-147.75,71.8],[-155.27,70.75],[-156.25,69.99],[-158.02,69.5],[-160.13,69.25],[-160.9,68.75],[-162.03,68.5],[-161.71,67.75],[-162.22,67.25],[-161.61,66.75],[-160.17,66.25],[-159.45,65.5],[-159.55,64.75],[-159.25,64.42],[-148.25,64.02],[-149.0,63.88],[-150.09,63.25],[-149.25,63.27],[-148.75,62.86],[-148.16,62.75],[-148.8,62.5],[-148.75,61.99],[-148.0,61.83],[-147.25,62.21],[-146.25,61.46],[-144.88,61.75],[-145.12,62.25],[-144.5,62.67],[-143.75,62.37],[-143.5,62.03],[-142.66,62.0],[-142.75,61.75],[-142.5,61.62],[-141.0,61.63],[-139.9,61.25],[-140.85,60.25],[-138.0,59.03],[-136.64,57.75],[-135.11,52.0],[-135.65,50.5],[-139.63,44.0],[-143.0,39.43],[-144.0,38.51],[-147.75,37.29],[-148.5,36.73],[-149.5,36.43],[-149.75,36.59],[-151.0,36.23],[-153.25,36.21],[-153.56,37.0],[-156.43,39.5],[-158.75,40.38],[-159.63,41.0],[-162.25,42.13],[-164.0,42.51],[-166.5,42.49],[-171.0,41.48],[-176.0,40.73],[-178.0,40.85],[-178.61,41.5],[-180.0,41.84]]}},{"type":"Feature","properties":{"level":1016},"geometry":{"type":"LineString","coordinates":[[180.0,83.23],[178.74,82.5],[176.97,80.75],[177.51,79.5],[180.0,78.13]]}},{"type":"Feature","properties":{"level":1020},"geometry":{"type":"LineString","coordinates":[[46.5,-89.25],[39.77,-88.75],[49.25,-88.69],[88.67,-89.25],[59.5,-89.45],[46.5,-89.25]]}},{"type":"Feature","properties":{"level":1020},"geometry":{"type":"LineString","coordinates":[[180.0,-89.05],[128.5,-88.55],[125.75,-88.11],[124.93,-87.5],[122.33,-86.75],[123.26,-86.25],[122.31,-85.5],[125.31,-83.75],[125.85,-83.0],[127.16,-82.0],[131.04,-81.25],[130.0,-80.75],[130.25,-80.5],[133.25,-79.65],[138.23,-78.75],[140.51,-77.75],[140.98,-76.75],[140.67,-76.25],[141.43,-75.5],[141.25,-75.28],[139.78,-75.25],[138.48,-73.25],[137.75,-73.12],[137.0,-73.57],[136.0,-73.46],[135.25,-73.89],[133.5,-73.01],[129.5,-73.48],[118.44,-73.25],[116.75,-73.65],[116.56,-74.0],[118.41,-75.25],[117.75,-75.51],[113.0,-75.89],[109.11,-75.5],[101.75,-73.82],[98.25,-73.43],[95.25,-73.48],[84.75,-74.93],[82.62,-75.75],[80.75,-77.0],[79.0,-77.38],[74.5,-77.45],[69.75,-78.23],[67.5,-78.19],[66.78,-78.5],[68.07,-78.75],[67.0,-79.05],[64.0,-79.05],[61.5,-78.76],[59.96,-79.0],[60.25,-79.37],[61.34,-79.5],[61.67,-79.75],[61.23,-80.0],[61.71,-80.75],[62.23,-81.0],[61.5,-81.27],[60.25,-81.12],[57.99,-80.25],[57.97,-78.5],[57.74,-78.0],[57.93,-77.75],[56.25,-76.54],[52.5,-75.5],[50.75,-75.6],[50.0,-75.2],[48.5,-75.53],[44.75,-74.58],[40.25,-74.42],[34.5,-75.02],[29.5,-75.12],[29.1,-75.25],[29.5,-75.5],[28.81,-75.75],[28.33,-76.25],[27.75,-76.31],[15.25,-75.47],[13.0,-75.46],[12.53,-75.75],[18.75,-76.39],[25.25,-76.34],[32.5,-76.98],[35.47,-77.75],[36.34,-78.5],[31.47,-80.0],[31.6,-80.25],[34.26,-81.0],[36.48,-82.0],[37.91,-83.0],[40.69,-84.0],[40.25,-84.57],[38.12,-85.5],[37.36,-86.5],[35.75,-86.66],[28.0,-86.62],[18.25,-86.07],[9.0,-86.75],[9.12,-87.0],[10.35,-87.25],[8.95,-87.5],[-8.25,-87.85],[-17.5,-88.51],[-128.75,-88.89],[-162.25,-88.77],[-180.0,-89.05]]}},{"type":"Feature","properties":{"level":1020},"geometry":{"type":"LineString","coordinates":[[134.67,-70.75],[136.59,-70.75],[137.21,-70.25],[136.96,-70.0],[136.05,-70.0],[136.71,-69.5],[135.25,-69.01],[134.57,-69.25],[133.2,-70.25],[134.0,-70.32],[134.67,-70.75]]}},{"type":"Feature","properties":{"level":1020},"geometry":{"type":"LineString","coordinates":[[-48.76,-51.0],[-47.21,-50.75],[-45.46,-49.25],[-44.53,-47.5],[-40.12,-42.25],[-40.05,-40.75],[-39.37,-40.0],[-36.03,-37.75],[-33.5,-36.4],[-31.42,-35.75],[-29.5,-34.63],[-26.25,-33.71],[-24.5,-32.88],[-23.75,-32.06],[-23.0,-31.93],[-22.81,-31.5],[-22.5,-31.64],[-21.76,-31.0],[-22.08,-29.5],[-21.03,-29.0],[-21.33,-28.25],[-20.75,-28.04],[-20.75,-27.62],[-20.25,-27.19],[-22.73,-25.5],[-23.75,-25.63],[-24.0,-25.39],[-27.0,-24.89],[-28.25,-24.45],[-28.75,-24.6],[-29.25,-24.43],[-29.5,-24.76],[-32.0,-24.1],[-33.75,-23.97],[-34.75,-24.69],[-35.0,-24.58],[-35.25,-25.15],[-35.5,-25.1],[-35.89,-24.75],[-35.85,-24.5],[-35.32,-24.25],[-36.5,-23.71],[-36.57,-24.0],[-36.2,-24.75],[-37.25,-24.35],[-37.34,-24.5],[-37.0,-25.21],[-36.53,-25.25],[-36.75,-25.43],[-37.27,-25.5],[-37.5,-24.96],[-37.75,-25.62],[-38.75,-25.77],[-41.7,-27.75],[-42.25,-27.85],[-42.61,-28.25],[-43.45,-31.0],[-44.11,-32.0],[-44.76,-34.0],[-44.97,-36.0],[-45.74,-37.25],[-44.83,-38.75],[-45.29,-39.75],[-45.32,-41.25],[-45.79,-42.25],[-45.59,-42.75],[-46.34,-44.25],[-46.24,-44.75],[-46.62,-45.25],[-46.39,-46.0],[-47.0,-46.52],[-47.35,-47.25],[-48.5,-48.25],[-48.22,-48.75],[-49.26,-50.5],[-48.76,-51.0]]}},{"type":"Feature","properties":{"level":1020},"geometry":{"type":"LineString","coordinates":[[-180.0,-50.66],[-173.75,-49.3],[-172.0,-48.56],[-170.13,-47.25],[-169.11,-46.25],[-168.85,-44.5],[-165.62,-41.25],[-164.41,-38.75],[-163.52,-37.75],[-163.24,-37.0],[-162.79,-36.75],[-157.5,-35.44],[-153.75,-34.99],[-150.5,-33.98],[-141.5,-32.73],[-138.75,-32.64],[-134.75,-31.79],[-134.25,-31.5],[-132.57,-29.25],[-132.79,-29.0],[-132.74,-27.75],[-133.25,-27.51],[-133.25,-26.98],[-134.1,-26.25],[-134.16,-26.0],[-133.67,-25.75],[-134.25,-25.23],[-135.25,-24.97],[-135.5,-24.34],[-136.75,-23.43],[-138.25,-23.33],[-139.5,-22.66],[-140.25,-22.83],[-141.75,-21.97],[-143.0,-22.01],[-145.75,-20.95],[-147.0,-21.24],[-149.75,-20.85],[-151.5,-21.3],[-153.5,-20.83],[-155.0,-21.03],[-157.5,-20.74],[-158.0,-21.02],[-159.5,-20.79],[-160.5,-20.99],[-163.5,-20.64],[-164.5,-20.8],[-166.0,-21.58],[-167.0,-21.32],[-170.0,-22.44],[-171.25,-22.4],[-173.25,-22.97],[-173.75,-23.37],[-175.5,-23.48],[-176.0,-23.81],[-176.5,-23.71],[-177.0,-24.15],[-177.5,-23.71],[-178.75,-24.29],[-180.0,-25.27]]}},{"type":"Feature","properties":{"level":1020},"geometry":{"type":"LineString","coordinates":[[147.1,-36.25],[147.25,-36.16],[147.1,-36.25]]}},{"type":"Feature","properties":{"level":1020},"geometry":{"type":"LineString","coordinates":[[147.65,-36.25],[147.97,-36.25],[147.75,-35.61],[147.32,-36.0],[147.65,-36.25]]}},{"type":"Feature","properties":{"level":1020},"geometry":{"type":"LineString","coordinates":[[147.75,-34.75],[149.25,-34.73],[150.17,-33.5],[149.5,-32.81],[149.0,-33.04],[148.75,-32.8],[147.31,-34.25],[147.75,-34.75]]}},{"type":"Feature","properties":{"level":1020},"geometry":{"type":"LineString","coordinates":[[-87.45,-33.0],[-87.16,-33.0],[-87.23,-32.25],[-86.5,-31.54],[-85.5,-32.23],[-84.0,-32.53],[-83.72,-32.25],[-84.19,-32.0],[-84.21,-31.75],[-83.5,-31.73],[-83.02,-32.0],[-83.24,-32.5],[-82.25,-33.08],[-81.58,-32.5],[-81.95,-32.25],[-81.75,-32.13],[-80.5,-32.1],[-79.5,-31.65],[-78.75,-32.02],[-78.0,-31.87],[-76.75,-32.02],[-76.6,-31.5],[-76.0,-31.53],[-75.59,-30.75],[-75.76,-30.25],[-75.43,-30.0],[-75.69,-29.25],[-75.45,-28.75],[-76.48,-27.75],[-77.06,-27.5],[-77.38,-27.0],[-78.0,-26.68],[-78.75,-26.77],[-79.28,-26.5],[-79.04,-26.25],[-79.49,-26.0],[-80.0,-26.11],[-81.0,-25.63],[-81.5,-25.78],[-83.25,-25.16],[-83.75,-25.44],[-84.25,-25.33],[-85.75,-24.6],[-86.25,-24.83],[-87.0,-24.51],[-89.75,-24.33],[-90.5,-24.81],[-92.02,-25.0],[-92.07,-25.25],[-92.82,-25.5],[-93.67,-26.5],[-93.35,-27.0],[-93.61,-27.75],[-93.14,-28.0],[-93.83,-28.25],[-93.09,-29.0],[-92.97,-30.5],[-90.75,-31.99],[-89.75,-32.24],[-89.0,-32.12],[-88.25,-32.86],[-87.5,-32.72],[-87.45,-33.0]]}},{"type":"Feature","properties":{"level":1020},"geometry":{"type":"LineString","coordinates":[[-85.88,-33.0],[-85.42,-33.0],[-86.0,-32.56],[-86.19,-32.75],[-85.88,-33.0]]}},{"type":"Feature","properties":{"level":1020},"geometry":{"type":"LineString","coordinates":[[-84.59,-32.75],[-84.42,-32.75],[-84.5,-32.55],[-84.59,-32.75]]}},{"type":"Feature","properties":{"level":1020},"geometry":{"type":"LineString","coordinates":[[147.0,-32.57],[146.0,-32.18],[145.61,-31.75],[146.0,-31.57],[146.99,-31.75],[147.28,-32.5],[147.0,-32.57]]}},{"type":"Feature","properties":{"level":1020},"geometry":{"type":"LineString","coordinates":[[148.97,-31.75],[149.0,-31.9],[149.31,-31.75],[148.97,-31.75]]}},{"type":"Feature","properties":{"level":1020},"geometry":{"type":"LineString","coordinates":[[144.75,-31.53],[144.75,-31.37],[144.75,-31.53]]}},{"type":"Feature","properties":{"level":1020},"geometry":{"type":"LineString","coordinates":[[67.5,-30.07],[66.95,-29.5],[67.09,-28.75],[68.0,-28.13],[68.75,-28.27],[69.21,-29.0],[68.94,-29.75],[68.25,-30.2],[67.5,-30.07]]}},{"type":"Feature","properties":{"level":1020},"geometry":{"type":"LineString","coordinates":[[143.0,-29.83],[142.8,-29.75],[143.0,-29.4],[143.67,-29.5],[143.0,-29.83]]}},{"type":"Feature","properties":{"level":1020},"geometry":{"type":"LineString","coordinates":[[145.74,-29.5],[146.05,-29.5],[145.74,-29.5]]}},{"type":"Feature","properties":{"level":1020},"geometry":{"type":"LineString","coordinates":[[132.69,-28.5],[133.0,-28.26],[133.5,-28.34],[133.74,-28.0],[133.56,-27.25],[133.25,-26.99],[132.73,-27.75],[132.75,-27.97],[133.03,-28.0],[133.0,-28.17],[132.75,-28.01],[132.69,-28.5]]}},{"type":"Feature","properties":{"level":1020},"geometry":{"type":"LineString","coordinates":[[-94.09,-27.25],[-93.77,-27.25],[-94.09,-27.25]]}},{"type":"Feature","properties":{"level":1020},"geometry":{"type":"LineString","coordinates":[[180.0,-25.27],[179.55,-25.0],[179.59,-24.75],[179.25,-24.73],[179.4,-25.0],[178.5,-25.84],[178.0,-24.84],[177.75,-24.88],[176.5,-26.12],[175.25,-26.72],[173.0,-26.33],[170.5,-26.39],[167.75,-25.71],[165.75,-25.68],[164.5,-25.3],[161.5,-25.03],[160.0,-24.58],[159.5,-24.87],[158.0,-24.69],[157.75,-24.83],[156.75,-24.36],[156.5,-24.86],[156.0,-24.02],[155.5,-24.74],[153.75,-23.73],[152.25,-23.61],[150.79,-23.0],[149.5,-22.01],[148.5,-20.62],[147.5,-20.94],[147.54,-21.25],[148.0,-21.43],[148.01,-21.75],[147.0,-21.82],[146.38,-22.75],[146.1,-23.75],[146.21,-24.25],[146.53,-24.5],[146.56,-25.25],[147.0,-25.53],[147.5,-25.3],[148.5,-25.89],[149.42,-27.25],[150.13,-27.75],[150.03,-28.5],[150.5,-29.25],[150.58,-30.25],[151.0,-30.65],[151.25,-30.29],[151.29,-30.75],[152.0,-31.28],[152.5,-30.8],[153.26,-30.75],[153.65,-31.25],[153.92,-32.5],[154.47,-33.5],[154.3,-35.75],[154.65,-37.5],[154.31,-38.5],[154.21,-42.25],[154.38,-43.25],[154.0,-43.99],[153.5,-44.24],[151.75,-44.46],[150.75,-44.25],[149.35,-43.25],[148.64,-42.5],[148.53,-41.75],[148.0,-41.03],[147.25,-41.19],[146.85,-41.0],[146.73,-40.25],[147.52,-39.75],[147.55,-38.5],[147.93,-37.5],[147.5,-37.04],[146.5,-37.13],[146.0,-36.66],[145.36,-36.5],[144.72,-35.75],[145.05,-35.0],[144.6,-34.25],[145.12,-33.0],[145.5,-33.0],[145.75,-33.44],[146.12,-33.25],[145.75,-32.39],[146.0,-32.28],[146.5,-32.59],[146.75,-33.18],[147.5,-32.67],[148.0,-32.63],[148.0,-32.31],[147.0,-30.97],[146.26,-31.0],[145.5,-30.01],[145.0,-29.96],[144.25,-28.82],[142.5,-28.82],[142.25,-28.63],[142.0,-28.81],[141.25,-28.56],[140.75,-29.04],[140.19,-28.5],[140.56,-28.0],[140.25,-27.68],[139.5,-28.33],[139.25,-28.08],[139.0,-28.73],[138.54,-29.0],[138.5,-29.84],[137.97,-29.75],[138.25,-29.72],[138.49,-29.25],[138.0,-28.95],[137.5,-29.32],[137.25,-28.48],[135.75,-29.07],[134.75,-28.94],[134.25,-29.3],[133.25,-29.26],[132.53,-29.5],[132.77,-30.75],[132.38,-31.25],[130.75,-31.43],[130.5,-31.09],[129.5,-30.71],[128.75,-29.71],[128.0,-29.64],[125.25,-27.41],[124.0,-27.77],[122.25,-27.4],[120.75,-27.54],[120.0,-28.05],[119.9,-27.75],[119.25,-27.76],[118.5,-28.28],[117.5,-27.64],[117.0,-27.75],[116.25,-27.31],[114.5,-25.65],[114.0,-25.47],[111.3,-21.75],[108.0,-19.25],[105.75,-18.17],[102.5,-17.3],[101.75,-17.43],[100.75,-17.25],[100.0,-17.57],[99.0,-17.19],[97.25,-17.26],[94.0,-18.35],[92.25,-17.59],[90.5,-17.46],[90.0,-17.62],[87.75,-17.05],[84.0,-17.53],[82.25,-16.77],[75.75,-17.11],[73.25,-17.75],[72.5,-18.65],[71.26,-19.5],[71.09,-20.0],[70.0,-21.03],[69.25,-20.93],[68.25,-20.06],[67.0,-19.79],[64.08,-17.5],[62.5,-16.8],[61.75,-16.9],[60.75,-15.99],[58.25,-15.15],[57.25,-15.18],[56.25,-14.82],[54.5,-14.89],[53.5,-14.39],[51.5,-14.07],[49.75,-13.21],[48.5,-14.03],[48.5,-15.42],[46.25,-18.72],[46.25,-19.52],[45.93,-19.5],[45.92,-19.0],[45.5,-18.45],[45.81,-20.75],[46.15,-21.0],[45.75,-21.21],[45.5,-20.83],[45.25,-20.89],[44.44,-21.25],[44.0,-21.87],[43.5,-21.61],[43.25,-21.98],[42.75,-21.09],[42.39,-21.25],[42.81,-21.75],[43.18,-23.5],[43.69,-23.75],[42.66,-24.75],[42.37,-25.75],[41.75,-26.5],[41.0,-27.02],[40.75,-26.91],[40.06,-27.5],[39.71,-28.25],[39.0,-28.94],[37.25,-29.02],[36.75,-29.25],[36.0,-29.16],[34.75,-28.52],[33.5,-27.79],[32.13,-26.5],[31.75,-26.67],[31.4,-25.75],[31.0,-25.75],[30.99,-25.0],[30.75,-24.64],[30.03,-25.25],[29.67,-27.0],[27.88,-29.5],[27.75,-30.52],[26.25,-30.81],[25.51,-30.25],[25.0,-30.21],[23.75,-30.36],[23.5,-30.77],[22.75,-30.84],[22.75,-30.14],[21.36,-31.25],[20.0,-31.47],[20.0,-32.26],[19.25,-31.86],[18.92,-32.5],[18.97,-33.0],[18.0,-33.4],[17.0,-32.96],[16.61,-32.25],[15.26,-31.0],[14.0,-28.59],[11.14,-25.25],[9.52,-24.0],[8.75,-23.01],[2.5,-18.89],[-2.25,-17.23],[-5.0,-16.69],[-7.25,-16.54],[-8.75,-17.01],[-12.5,-17.33],[-14.25,-17.13],[-16.5,-17.55],[-18.0,-18.15],[-18.75,-19.01],[-21.0,-19.85],[-21.25,-20.29],[-22.77,-21.25],[-23.34,-22.0],[-23.15,-22.5],[-23.63,-23.0],[-23.0,-24.12],[-21.83,-24.75],[-19.75,-25.45],[-7.25,-31.01],[-1.0,-34.39],[2.0,-36.27],[7.0,-40.36],[11.75,-44.9],[14.86,-49.0],[16.87,-50.75],[18.63,-52.0],[21.25,-52.58],[24.25,-52.56],[26.75,-52.26],[31.75,-50.73],[33.0,-50.7],[36.25,-49.69],[39.79,-49.0],[42.0,-47.86],[44.25,-47.89],[55.25,-49.15],[56.5,-48.84],[58.75,-48.99],[63.0,-48.4],[73.14,-45.5],[75.75,-44.48],[80.12,-43.5],[87.25,-40.6],[93.0,-38.82],[98.25,-37.96],[105.25,-37.5],[107.5,-37.05],[113.0,-37.21],[118.0,-38.6],[122.0,-40.24],[132.11,-45.5],[137.27,-47.75],[145.0,-50.75],[149.58,-52.0],[157.75,-53.12],[164.25,-53.07],[172.25,-52.28],[177.0,-51.44],[180.0,-50.66]]}},{"type":"Feature","properties":{"level":1020},"geometry":{"type":"LineString","coordinates":[[-83.81,-25.0],[-83.49,-25.0],[-83.81,-25.0]]}},{"type":"Feature","properties":{"level":1020},"geometry":{"type":"LineString","coordinates":[[43.5,-22.52],[43.32,-22.25],[43.5,-22.12],[43.72,-22.25],[43.5,-22.52]]}},{"type":"Feature","properties":{"level":1020},"geometry":{"type":"LineString","coordinates":[[32.64,-20.25],[33.21,-19.75],[32.87,-19.0],[33.0,-17.91],[32.4,-18.5],[32.65,-19.0],[32.64,-20.25]]}},{"type":"Feature","properties":{"level":1020},"geometry":{"type":"LineString","coordinates":[[145.21,-20.25],[145.25,-19.85],[144.56,-19.25],[144.25,-19.39],[144.16,-19.75],[144.37,-20.0],[145.21,-20.25]]}},{"type":"Feature","properties":{"level":1020},"geometry":{"type":"LineString","coordinates":[[37.45,-18.5],[37.6,-18.25],[37.38,-17.75],[37.75,-17.25],[37.65,-16.75],[38.21,-16.0],[38.0,-15.6],[37.0,-15.31],[35.5,-15.8],[35.25,-15.47],[34.86,-16.0],[36.0,-16.64],[35.68,-17.25],[37.09,-17.5],[36.75,-17.53],[36.32,-18.25],[37.45,-18.5]]}},{"type":"Feature","properties":{"level":1020},"geometry":{"type":"LineString","coordinates":[[136.68,-4.0],[137.73,-4.0],[136.75,-3.71],[136.68,-4.0]]}},{"type":"Feature","properties":{"level":1020},"geometry":{"type":"LineString","coordinates":[[38.22,6.0],[38.5,5.76],[40.4,7.0],[40.46,7.25],[39.67,7.5],[40.0,7.55],[40.0,8.37],[39.19,8.0],[38.22,6.0]]}},{"type":"Feature","properties":{"level":1020},"geometry":{"type":"LineString","coordinates":[[37.99,7.75],[38.61,8.5],[38.35,8.75],[39.25,8.92],[39.83,9.75],[39.85,11.25],[39.51,12.25],[39.83,14.0],[39.5,14.78],[39.28,14.25],[39.48,13.25],[39.25,12.7],[38.9,12.5],[38.88,12.0],[38.25,11.96],[37.92,11.5],[38.74,11.5],[38.66,10.75],[39.11,10.0],[38.5,9.91],[37.5,8.97],[37.5,8.71],[38.15,8.5],[37.99,7.75]]}},{"type":"Feature","properties":{"level":1020},"geometry":{"type":"LineString","coordinates":[[37.79,10.25],[38.25,10.5],[38.0,10.99],[37.25,11.24],[36.83,11.0],[37.5,10.8],[37.47,10.5],[37.79,10.25]]}},{"type":"Feature","properties":{"level":1020},"geometry":{"type":"LineString","coordinates":[[44.14,14.0],[44.67,14.0],[44.79,14.5],[44.5,15.65],[44.0,16.04],[43.75,15.5],[44.37,15.0],[44.14,14.0]]}},{"type":"Feature","properties":{"level":1020},"geometry":{"type":"LineString","coordinates":[[43.47,17.5],[43.75,18.25],[43.5,18.15],[43.0,18.47],[42.84,18.25],[43.47,17.5]]}},{"type":"Feature","properties":{"level":1020},"geometry":{"type":"LineString","coordinates":[[18.43,20.0],[18.5,19.84],[18.75,19.96],[18.68,20.5],[19.21,21.0],[19.06,21.5],[19.37,22.0],[19.25,22.45],[18.09,21.0],[18.43,20.0]]}},{"type":"Feature","properties":{"level":1020},"geometry":{"type":"LineString","coordinates":[[25.98,23.5],[26.25,23.32],[26.49,23.5],[26.5,24.47],[26.63,24.0],[27.0,24.03],[27.75,26.37],[28.0,26.14],[28.32,26.25],[27.69,26.75],[28.0,27.4],[28.25,27.67],[28.9,27.5],[28.5,27.87],[25.25,28.82],[25.14,29.75],[25.85,30.5],[25.93,31.0],[25.25,31.49],[24.33,32.75],[24.76,33.75],[24.64,34.75],[25.73,35.25],[25.31,36.0],[25.45,36.75],[26.5,37.82],[26.77,37.75],[26.75,38.03],[27.75,38.06],[28.7,37.75],[28.39,37.5],[28.42,37.25],[29.4,36.75],[29.75,36.32],[30.46,36.5],[31.0,37.1],[32.75,36.15],[33.5,36.63],[33.75,36.34],[35.75,37.41],[36.28,37.25],[36.25,36.5],[36.75,36.91],[37.26,37.0],[37.55,37.75],[39.75,38.32],[40.5,38.29],[41.07,37.75],[40.25,37.57],[39.75,37.88],[39.5,37.75],[39.63,37.5],[41.5,37.22],[42.25,37.45],[43.25,36.92],[44.45,36.75],[44.5,36.25],[45.12,36.25],[44.77,35.5],[44.94,35.0],[45.5,34.75],[45.82,33.75],[46.75,33.12],[47.25,33.02],[47.75,33.3],[49.54,32.25],[50.22,31.0],[50.5,31.05],[50.83,30.5],[51.53,30.25],[52.25,28.88],[52.75,28.65],[53.25,29.14],[53.88,29.25],[53.75,29.55],[53.11,29.75],[54.0,29.74],[54.01,30.25],[51.31,32.5],[51.5,33.21],[52.75,32.67],[52.81,33.0],[52.0,33.31],[51.15,34.25],[50.38,34.25],[49.9,35.0],[50.15,35.25],[50.06,35.5],[49.4,36.0],[50.25,36.53],[50.31,36.25],[50.77,36.0],[52.25,35.64],[53.4,36.0],[51.0,36.75],[50.74,37.0],[50.68,37.75],[52.97,38.75],[54.0,39.82],[55.25,39.22],[55.7,39.25],[56.0,39.83],[56.36,40.0],[56.25,40.53],[57.25,40.94],[58.25,41.84],[57.75,42.25],[57.64,42.75],[56.96,43.0],[56.74,43.75],[56.13,44.0],[55.75,45.29],[54.0,46.16],[51.75,46.31],[51.0,46.93],[48.25,48.12],[47.0,49.11],[45.7,50.5],[45.33,52.5],[45.99,55.0],[47.5,56.97],[48.6,57.75],[52.5,59.35],[57.25,60.45],[58.75,60.51],[59.5,60.2],[61.5,60.64],[64.25,60.85],[69.75,60.42],[77.11,58.5],[80.75,56.92],[81.84,56.0],[82.06,55.75],[81.8,55.5],[82.37,55.0],[82.39,54.5],[81.5,54.02],[81.54,53.75],[80.0,52.0],[79.83,50.5],[79.5,49.97],[78.75,49.22],[77.25,49.06],[77.04,48.75],[77.17,48.0],[78.56,47.0],[79.5,46.96],[80.0,46.51],[81.25,46.38],[82.0,46.0],[81.0,46.02],[80.23,45.5],[78.75,45.03],[78.19,44.5],[78.17,44.0],[79.28,43.75],[78.5,43.49],[75.75,43.07],[75.58,43.0],[75.75,42.75],[75.5,42.69],[72.25,42.83],[71.95,42.75],[72.21,42.5],[70.5,42.4],[70.01,42.0],[69.89,41.25],[70.15,41.0],[70.0,40.67],[72.25,41.45],[73.0,41.03],[73.11,40.75],[72.0,40.2],[68.0,39.61],[67.31,39.25],[66.78,38.25],[67.25,38.2],[68.0,38.59],[69.25,38.54],[69.88,38.25],[70.06,37.5],[69.91,37.25],[70.13,37.0],[68.75,35.7],[68.25,36.18],[67.25,36.52],[67.0,35.94],[65.75,36.02],[65.25,35.71],[63.98,35.5],[64.2,35.0],[63.0,34.68],[62.82,34.5],[63.24,34.25],[62.6,34.0],[62.6,33.75],[63.0,33.45],[64.0,33.27],[63.75,33.0],[64.0,32.82],[65.25,33.23],[65.5,33.56],[66.75,33.81],[66.52,33.25],[66.75,32.71],[68.1,33.5],[69.25,35.1],[71.0,35.12],[71.75,35.79],[72.1,35.25],[72.75,35.12],[73.5,35.65],[74.25,35.57],[74.5,35.77],[74.52,35.5],[74.25,35.4],[73.5,35.41],[73.12,35.0],[73.19,34.75],[74.0,34.17],[74.25,34.63],[74.97,34.25],[75.5,33.3],[75.81,33.25],[75.72,33.0],[76.25,32.79],[76.46,32.25],[77.25,31.93],[77.78,31.25],[81.0,29.67],[81.5,29.54],[82.0,29.77],[81.92,29.0],[82.65,29.0],[83.0,28.52],[84.5,28.41],[86.5,27.58],[87.25,27.7],[88.0,27.36],[88.5,27.62],[89.0,27.23],[89.5,27.41],[89.75,27.82],[90.25,27.58],[91.25,27.89],[92.0,27.35],[92.73,27.75],[93.25,28.46],[95.5,29.67],[95.63,29.5],[95.25,29.0],[95.5,28.8],[95.75,29.04],[96.75,29.02],[97.16,28.5],[97.0,28.36],[96.25,28.94],[96.23,28.25],[96.5,28.34],[96.75,27.64],[97.75,28.11],[99.0,27.54],[99.25,27.59],[99.3,28.0],[99.0,28.51],[98.75,28.39],[98.56,28.75],[97.83,29.0],[97.38,29.5],[97.43,29.75],[98.75,29.05],[99.0,29.37],[100.0,29.64],[100.5,29.42],[101.0,30.28],[101.55,29.75],[101.19,29.0],[101.5,28.45],[102.25,28.58],[102.5,28.23],[103.0,28.3],[102.99,28.0],[103.25,27.87],[103.3,29.5],[102.87,30.0],[103.5,31.0],[105.2,32.5],[107.0,32.48],[108.75,31.57],[111.0,31.27],[111.64,31.75],[111.33,32.5],[111.38,33.25],[112.5,33.75],[112.67,34.25],[114.75,35.73],[117.4,36.5],[117.42,37.0],[115.82,39.75],[116.31,40.5],[116.25,40.8],[116.88,41.5],[117.0,42.44],[119.5,43.2],[123.0,43.47],[125.02,43.0],[125.25,42.37],[126.46,42.5],[126.46,41.25],[125.75,40.16],[127.45,37.75],[128.0,37.57],[128.25,36.99],[129.0,36.83],[129.36,37.25],[128.64,38.0],[128.53,39.0],[128.0,39.23],[127.97,39.5],[129.07,39.5],[128.88,40.0],[129.75,40.4],[129.91,40.25],[129.65,39.25],[129.89,39.0],[130.03,38.0],[130.5,37.35],[132.0,37.32],[132.75,36.96],[135.0,36.74],[135.75,37.26],[136.5,37.33],[137.0,37.07],[137.57,37.25],[137.5,36.87],[136.75,36.33],[136.63,36.0],[138.0,34.96],[138.75,35.0],[139.0,34.69],[141.25,35.55],[142.5,34.97],[145.25,35.72],[148.25,35.66],[149.25,35.95],[152.0,35.92],[154.25,36.42],[155.75,36.49],[156.75,37.11],[157.54,37.25],[158.25,37.84],[159.5,38.12],[160.84,38.0],[161.25,38.45],[161.23,38.75],[160.49,39.0],[161.32,39.75],[160.75,40.26],[159.75,40.63],[159.0,40.37],[158.57,41.25],[157.5,41.64],[157.0,42.14],[156.0,42.33],[154.22,43.5],[151.75,44.49],[149.93,44.75],[146.25,46.27],[143.5,46.52],[142.5,46.23],[142.25,46.81],[141.75,45.98],[140.75,45.88],[138.94,47.0],[139.58,48.75],[139.0,49.34],[138.0,49.32],[135.5,48.45],[134.05,48.75],[133.79,49.0],[134.39,50.0],[134.25,50.26],[135.19,50.75],[134.42,51.25],[134.93,51.75],[134.08,52.75],[134.51,53.25],[133.75,53.43],[131.25,53.11],[130.0,52.46],[128.59,52.75],[128.75,53.02],[127.31,53.25],[126.95,53.75],[127.39,54.0],[126.97,54.75],[127.1,55.25],[126.93,55.5],[127.35,55.75],[125.76,56.75],[126.51,56.75],[126.77,57.25],[126.5,57.61],[126.0,57.25],[125.01,57.25],[124.25,57.6],[123.94,57.5],[124.0,57.13],[122.0,57.38],[121.5,57.06],[120.75,57.69],[118.5,57.7],[117.75,57.81],[117.0,58.28],[116.0,58.13],[114.75,58.48],[113.0,58.51],[109.75,57.66],[108.25,57.67],[103.0,57.02],[102.5,57.21],[99.25,57.0],[95.25,56.34],[93.75,56.9],[93.46,56.75],[93.5,56.49],[92.75,56.49],[89.3,57.5],[88.4,58.75],[90.87,61.75],[92.25,62.36],[94.12,62.75],[93.44,63.5],[93.01,64.5],[88.25,67.29],[84.25,68.02],[74.0,69.16],[67.25,69.81],[58.75,70.23],[51.25,69.66],[38.0,67.52],[28.31,63.25],[26.0,62.57],[24.25,62.44],[20.75,61.26],[16.0,60.74],[10.5,59.19],[9.75,59.36],[9.27,59.75],[9.22,60.25],[8.5,60.59],[8.2,61.0],[8.44,61.25],[8.29,61.75],[7.0,62.38],[5.5,62.44],[0.0,60.54],[-7.25,58.66],[-12.0,56.75],[-16.5,54.36],[-19.75,53.25],[-29.25,50.69],[-35.08,47.75],[-40.25,43.67],[-42.6,44.0],[-45.5,42.97],[-46.25,42.97],[-48.25,42.2],[-49.75,41.24],[-55.75,39.36],[-56.5,38.87],[-57.19,38.75],[-57.31,38.5],[-57.31,37.75],[-56.76,36.5],[-56.64,35.0],[-57.5,32.83],[-55.67,32.25],[-55.0,31.25],[-54.48,31.0],[-53.98,29.75],[-51.25,28.21],[-50.0,27.96],[-49.0,28.31],[-48.25,27.95],[-47.5,28.17],[-46.5,28.9],[-45.0,28.57],[-42.5,28.74],[-35.36,32.0],[-34.78,33.25],[-34.85,36.25],[-34.25,38.18],[-33.5,39.03],[-32.5,39.05],[-29.25,37.89],[-28.0,38.12],[-27.26,38.0],[-26.18,37.0],[-27.57,35.5],[-27.87,34.5],[-29.1,32.75],[-29.75,31.25],[-29.25,29.87],[-26.5,29.18],[-24.0,30.18],[-21.5,30.33],[-20.5,31.0],[-19.5,30.97],[-18.77,31.25],[-18.75,31.79],[-18.5,31.84],[-18.25,31.52],[-17.5,31.57],[-16.91,32.0],[-17.5,32.14],[-17.5,32.66],[-17.01,32.5],[-16.75,32.08],[-16.06,32.5],[-15.41,33.25],[-15.0,34.52],[-14.47,34.75],[-14.45,35.5],[-14.0,35.84],[-13.9,36.5],[-12.61,37.25],[-10.8,40.25],[-9.96,42.25],[-9.0,42.79],[-8.25,42.38],[-8.0,41.68],[-7.75,41.55],[-7.25,41.8],[-6.25,41.09],[-5.75,41.0],[-5.46,40.75],[-5.98,40.5],[-5.75,40.1],[-3.5,40.3],[-2.25,39.07],[-2.0,39.13],[-1.88,39.0],[-2.25,38.98],[-2.83,38.0],[-2.45,37.75],[-2.6,37.5],[-3.5,37.19],[-3.71,37.0],[-3.5,36.85],[-2.05,37.25],[-1.5,37.86],[-1.69,38.25],[-1.5,38.48],[-1.0,38.11],[-0.47,38.5],[2.25,39.2],[4.33,38.75],[5.5,37.57],[6.74,37.25],[5.75,37.12],[5.25,36.72],[4.5,36.93],[3.75,36.62],[1.75,36.37],[0.53,35.0],[-0.5,34.64],[-1.25,34.81],[-2.0,34.59],[-2.75,34.93],[-3.0,34.63],[-4.0,34.78],[-4.03,34.25],[-5.64,33.5],[-5.9,33.25],[-5.91,32.75],[-6.88,31.75],[-9.05,31.0],[-7.88,30.75],[-7.77,30.5],[-8.14,30.25],[-8.0,30.06],[-7.25,30.25],[-7.29,31.0],[-7.0,31.1],[-5.5,30.88],[-4.25,31.69],[-3.47,31.25],[-3.37,32.0],[-3.0,32.17],[-2.5,32.1],[-2.0,31.68],[-1.25,31.97],[-1.0,31.6],[-0.5,31.62],[0.5,31.0],[1.25,31.27],[2.0,30.85],[3.0,30.71],[5.25,31.42],[7.0,30.86],[8.0,30.27],[8.92,29.25],[9.08,28.0],[11.25,26.56],[11.75,26.46],[11.42,25.75],[11.5,24.97],[12.5,25.16],[14.0,25.88],[15.5,25.71],[16.15,26.75],[16.5,26.8],[16.64,26.5],[15.93,25.75],[16.5,25.2],[18.25,25.28],[20.5,24.54],[22.25,24.61],[24.25,25.21],[25.25,24.65],[25.75,24.65],[25.98,23.5]]}},{"type":"Feature","properties":{"level":1020},"geometry":{"type":"LineString","coordinates":[[9.94,24.25],[10.18,24.25],[9.75,24.99],[9.25,25.24],[9.1,25.0],[9.94,24.25]]}},{"type":"Feature","properties":{"level":1020},"geometry":{"type":"LineString","coordinates":[[88.0,28.2],[87.4,28.5],[87.5,28.81],[87.18,28.5],[86.76,28.5],[86.56,28.75],[87.1,29.0],[86.5,29.14],[86.29,29.5],[87.5,30.22],[88.14,30.0],[88.25,29.67],[89.0,29.87],[89.75,29.54],[90.5,29.68],[90.45,30.0],[91.0,30.08],[91.25,30.55],[91.87,30.5],[92.25,30.2],[92.94,30.25],[92.84,30.0],[92.0,29.83],[91.73,29.5],[92.21,29.25],[91.75,28.85],[91.25,29.05],[90.5,28.42],[89.75,28.45],[89.25,28.16],[88.75,28.45],[88.0,28.2]]}},{"type":"Feature","properties":{"level":1020},"geometry":{"type":"LineString","coordinates":[[92.25,28.17],[91.84,28.5],[92.0,28.69],[92.85,28.5],[92.73,28.25],[92.25,28.17]]}},{"type":"Feature","properties":{"level":1020},"geometry":{"type":"LineString","coordinates":[[56.92,28.5],[57.07,28.75],[56.73,29.0],[57.0,29.1],[57.75,28.97],[58.36,28.5],[57.5,30.24],[56.75,29.83],[56.0,30.13],[55.61,30.0],[56.08,29.0],[56.92,28.5]]}},{"type":"Feature","properties":{"level":1020},"geometry":{"type":"LineString","coordinates":[[-104.26,28.75],[-103.5,28.63],[-103.84,29.25],[-103.56,29.5],[-103.75,29.65],[-104.0,29.64],[-104.39,29.0],[-104.26,28.75]]}},{"type":"Feature","properties":{"level":1020},"geometry":{"type":"LineString","coordinates":[[54.71,28.75],[55.09,28.75],[54.59,29.25],[54.77,29.5],[54.25,29.61],[53.97,29.0],[54.71,28.75]]}},{"type":"Feature","properties":{"level":1020},"geometry":{"type":"LineString","coordinates":[[40.7,29.75],[41.5,29.89],[42.03,30.75],[41.61,31.5],[41.86,32.0],[41.75,32.54],[41.29,32.5],[41.0,32.1],[40.5,32.28],[40.25,32.0],[41.0,31.7],[41.3,31.25],[41.25,30.91],[40.42,30.5],[40.7,29.75]]}},{"type":"Feature","properties":{"level":1020},"geometry":{"type":"LineString","coordinates":[[-103.53,30.25],[-102.49,30.25],[-102.5,30.51],[-103.75,31.2],[-103.82,31.5],[-103.66,32.25],[-102.74,32.25],[-102.43,33.25],[-103.0,33.48],[-103.5,32.97],[-104.25,32.83],[-105.5,33.48],[-105.9,32.75],[-104.95,32.25],[-105.01,31.0],[-104.5,31.08],[-103.57,30.5],[-103.53,30.25]]}},{"type":"Feature","properties":{"level":1020},"geometry":{"type":"LineString","coordinates":[[86.0,30.21],[85.4,30.5],[85.54,30.75],[85.12,31.0],[85.5,31.21],[85.92,31.0],[86.23,30.5],[86.0,30.21]]}},{"type":"Feature","properties":{"level":1020},"geometry":{"type":"LineString","coordinates":[[86.75,30.22],[86.34,30.75],[86.5,31.02],[86.75,30.78],[87.0,31.08],[88.0,30.89],[88.25,31.2],[88.6,31.0],[87.0,30.54],[86.75,30.22]]}},{"type":"Feature","properties":{"level":1020},"geometry":{"type":"LineString","coordinates":[[-69.29,31.5],[-67.75,31.48],[-66.25,32.04],[-64.5,31.68],[-62.5,31.77],[-60.0,33.14],[-59.72,33.5],[-59.69,34.75],[-59.83,35.5],[-60.28,36.0],[-59.98,36.75],[-60.05,37.25],[-61.25,37.12],[-62.0,37.3],[-63.25,36.8],[-64.75,36.79],[-65.53,36.5],[-66.0,35.93],[-67.0,35.71],[-67.25,35.88],[-67.65,35.5],[-67.76,34.75],[-68.5,34.25],[-69.33,33.0],[-69.65,32.0],[-69.29,31.5]]}},{"type":"Feature","properties":{"level":1020},"geometry":{"type":"LineString","coordinates":[[53.76,31.5],[54.31,31.5],[53.5,32.24],[53.25,32.16],[53.25,31.87],[53.76,31.5]]}},{"type":"Feature","properties":{"level":1020},"geometry":{"type":"LineString","coordinates":[[-180.0,31.66],[-177.5,32.68],[-169.0,33.84],[-165.8,36.0],[-165.73,36.5],[-166.79,37.5],[-167.5,37.59],[-168.75,38.38],[-171.25,38.65],[-172.75,38.67],[-175.5,38.26],[-180.0,37.1]]}},{"type":"Feature","properties":{"level":1020},"geometry":{"type":"LineString","coordinates":[[-107.86,33.0],[-107.75,32.76],[-106.88,34.0],[-107.0,35.07],[-107.75,34.95],[-107.83,34.75],[-107.86,34.25],[-107.5,33.75],[-107.87,33.75],[-108.0,34.07],[-108.31,34.0],[-108.25,33.59],[-108.0,33.68],[-107.92,33.5],[-107.86,33.0]]}},{"type":"Feature","properties":{"level":1020},"geometry":{"type":"LineString","coordinates":[[35.71,33.25],[36.93,34.0],[37.14,34.25],[37.0,34.45],[36.25,34.62],[36.0,34.43],[35.69,34.0],[35.71,33.25]]}},{"type":"Feature","properties":{"level":1020},"geometry":{"type":"LineString","coordinates":[[-139.61,34.5],[-137.75,34.48],[-137.2,34.75],[-136.0,35.68],[-135.5,36.66],[-134.25,36.92],[-130.88,40.5],[-128.94,43.75],[-128.67,46.5],[-129.02,48.25],[-128.67,49.75],[-128.74,50.75],[-128.5,50.94],[-128.0,50.9],[-127.75,50.45],[-126.01,50.25],[-124.5,49.34],[-124.31,49.5],[-124.42,49.75],[-124.96,50.25],[-124.75,50.59],[-124.0,50.56],[-123.25,50.08],[-122.75,50.04],[-122.25,50.57],[-122.0,50.5],[-121.59,49.75],[-120.9,49.75],[-120.75,49.46],[-120.44,49.5],[-120.66,49.75],[-120.25,49.9],[-119.91,49.0],[-120.25,47.7],[-119.34,47.75],[-119.25,48.61],[-118.69,48.5],[-118.74,47.75],[-118.5,47.66],[-117.0,47.54],[-116.5,47.77],[-116.32,47.5],[-116.0,47.51],[-115.75,47.06],[-114.67,46.5],[-114.64,46.0],[-114.26,45.75],[-114.77,45.5],[-114.5,45.15],[-114.25,45.37],[-113.93,45.0],[-114.34,44.75],[-114.27,44.25],[-113.5,44.37],[-113.35,44.25],[-113.61,44.0],[-113.0,43.46],[-112.25,44.4],[-111.25,44.42],[-110.86,44.0],[-111.1,43.5],[-110.66,43.0],[-110.75,42.15],[-109.5,42.3],[-108.5,41.38],[-107.68,41.75],[-108.0,42.07],[-106.75,41.95],[-105.36,42.25],[-104.82,43.0],[-104.8,43.75],[-104.5,44.06],[-104.0,43.99],[-103.58,44.25],[-103.92,44.75],[-103.82,47.75],[-104.38,49.0],[-104.32,49.5],[-106.82,54.0],[-106.54,54.5],[-107.36,55.25],[-107.73,56.25],[-108.5,56.65],[-110.5,57.11],[-111.0,57.61],[-111.75,57.09],[-113.5,57.25],[-113.65,57.5],[-113.19,57.75],[-113.25,58.08],[-114.25,58.13],[-116.07,58.75],[-116.75,58.83],[-117.25,58.43],[-118.25,58.21],[-119.13,58.5],[-118.5,58.77],[-120.82,59.0],[-120.25,59.19],[-119.75,59.04],[-119.36,59.5],[-117.75,60.08],[-117.0,59.77],[-116.25,59.85],[-115.0,60.53],[-112.75,61.27],[-111.25,62.17],[-110.23,62.5],[-110.02,63.0],[-108.75,63.71],[-108.85,64.25],[-112.16,66.5],[-113.3,67.0],[-113.74,67.5],[-118.5,68.73],[-119.25,69.28],[-121.24,69.75],[-123.1,70.75],[-123.32,71.0],[-120.61,71.75],[-120.25,72.5],[-120.43,72.75],[-120.28,73.25],[-119.77,73.75],[-119.88,74.25],[-120.47,74.5],[-120.76,75.0],[-120.57,76.0],[-119.86,76.25],[-119.75,76.72],[-120.5,76.86],[-122.3,78.25],[-127.5,80.42],[-137.5,82.21],[-147.0,82.62],[-157.0,82.3],[-165.24,81.0],[-165.42,80.75],[-165.14,80.5],[-164.25,80.17],[-149.0,79.8],[-142.0,79.09],[-136.75,78.08],[-133.91,77.0],[-132.21,75.75],[-131.25,74.5],[-131.17,73.5],[-130.69,72.5],[-129.31,71.0],[-129.5,70.36],[-130.25,70.29],[-131.81,71.25],[-131.99,72.25],[-132.25,72.5],[-134.0,72.99],[-136.25,72.55],[-138.92,71.5],[-138.99,71.0],[-136.37,69.75],[-136.36,69.25],[-137.25,68.91],[-138.75,68.9],[-141.5,69.41],[-144.0,69.31],[-146.0,69.53],[-147.5,69.17],[-148.5,68.58],[-151.0,68.35],[-151.5,68.58],[-156.38,68.0],[-156.43,67.5],[-155.95,67.0],[-156.11,66.5],[-155.75,66.36],[-155.25,66.52],[-153.5,66.2],[-151.25,66.3],[-151.08,66.25],[-151.33,66.0],[-150.5,65.72],[-148.0,65.99],[-146.25,65.75],[-145.25,65.87],[-144.64,65.75],[-144.91,65.5],[-144.75,65.44],[-143.75,65.77],[-141.0,65.71],[-140.75,65.95],[-139.75,64.85],[-139.25,65.14],[-139.0,65.03],[-139.47,64.75],[-139.25,64.39],[-138.0,64.1],[-135.0,64.11],[-133.52,64.5],[-134.0,64.92],[-136.0,64.89],[-135.75,65.26],[-135.0,65.12],[-134.0,65.37],[-130.5,65.32],[-128.14,65.0],[-127.04,64.5],[-127.1,64.25],[-126.74,64.0],[-127.5,64.11],[-128.0,63.68],[-130.75,64.92],[-131.25,64.52],[-132.25,64.92],[-132.75,64.56],[-132.63,64.25],[-133.04,63.75],[-134.68,63.25],[-134.8,63.0],[-134.25,63.09],[-133.87,62.75],[-134.25,62.63],[-134.32,62.25],[-133.26,62.0],[-133.78,61.5],[-133.06,60.75],[-133.14,60.25],[-132.51,60.0],[-132.48,59.75],[-132.75,59.51],[-133.5,59.73],[-134.25,58.89],[-134.77,59.0],[-134.91,58.5],[-134.66,58.25],[-134.58,57.5],[-134.84,57.0],[-134.64,56.5],[-133.26,55.75],[-132.77,54.25],[-132.02,53.0],[-132.4,52.5],[-132.33,51.75],[-132.89,51.0],[-133.25,49.38],[-136.25,43.79],[-138.25,41.21],[-139.96,38.0],[-139.92,35.25],[-139.61,34.5]]}},{"type":"Feature","properties":{"level":1020},"geometry":{"type":"LineString","coordinates":[[112.75,34.72],[112.62,35.0],[112.93,35.0],[112.75,34.72]]}},{"type":"Feature","properties":{"level":1020},"geometry":{"type":"LineString","coordinates":[[-97.1,36.0],[-96.84,36.0],[-97.1,36.0]]}},{"type":"Feature","properties":{"level":1020},"geometry":{"type":"LineString","coordinates":[[-93.49,36.0],[-92.95,36.0],[-93.22,36.25],[-93.24,36.75],[-94.17,37.25],[-94.0,37.48],[-92.47,36.75],[-92.75,36.18],[-92.25,36.41],[-91.25,35.98],[-90.0,36.48],[-89.37,36.5],[-89.25,36.81],[-88.0,36.75],[-85.25,37.59],[-84.68,37.0],[-84.98,36.75],[-84.75,36.24],[-81.75,36.87],[-81.5,36.6],[-81.0,36.89],[-80.93,36.25],[-80.28,36.0],[-77.0,36.22],[-75.75,35.98],[-73.8,37.25],[-73.0,38.27],[-72.25,38.71],[-67.25,39.47],[-62.0,41.25],[-61.0,42.0],[-60.25,42.24],[-60.14,42.75],[-59.57,43.25],[-59.52,44.0],[-61.12,45.5],[-61.25,46.73],[-63.0,47.83],[-65.25,48.25],[-65.57,48.75],[-64.59,49.25],[-66.25,49.81],[-66.71,50.25],[-66.84,50.75],[-67.48,51.25],[-69.09,51.5],[-69.18,51.75],[-70.75,52.47],[-73.48,53.0],[-79.75,53.29],[-81.75,52.03],[-88.25,50.91],[-89.17,50.25],[-89.44,49.75],[-90.09,49.5],[-90.19,48.25],[-90.58,47.75],[-89.39,46.75],[-90.76,46.0],[-91.75,44.53],[-97.3,39.75],[-98.39,37.5],[-98.25,37.2],[-97.5,37.57],[-97.0,37.55],[-96.89,37.25],[-96.5,37.13],[-95.5,37.38],[-95.12,37.25],[-95.2,36.75],[-93.75,36.42],[-93.49,36.0]]}},{"type":"Feature","properties":{"level":1020},"geometry":{"type":"LineString","coordinates":[[-118.44,36.5],[-118.2,36.5],[-118.75,37.48],[-118.86,37.25],[-118.44,36.5]]}},{"type":"Feature","properties":{"level":1020},"geometry":{"type":"LineString","coordinates":[[53.82,36.5],[55.15,36.75],[54.5,36.86],[53.82,36.5]]}},{"type":"Feature","properties":{"level":1020},"geometry":{"type":"LineString","coordinates":[[-98.84,36.75],[-98.6,36.75],[-98.75,37.0],[-98.84,36.75]]}},{"type":"Feature","properties":{"level":1020},"geometry":{"type":"LineString","coordinates":[[7.5,36.66],[6.76,37.25],[7.5,37.66],[8.25,37.54],[8.51,37.0],[8.29,36.75],[7.5,36.66]]}},{"type":"Feature","properties":{"level":1020},"geometry":{"type":"LineString","coordinates":[[47.75,36.7],[46.6,37.25],[46.69,37.75],[46.5,37.85],[46.1,37.75],[46.25,36.79],[45.35,37.0],[44.7,38.0],[44.83,38.75],[44.33,39.5],[44.42,39.75],[43.65,40.0],[43.74,40.25],[44.5,40.33],[45.72,39.25],[45.99,38.5],[47.0,38.74],[48.0,37.86],[48.49,37.75],[48.59,37.25],[48.25,36.75],[47.75,36.7]]}},{"type":"Feature","properties":{"level":1020},"geometry":{"type":"LineString","coordinates":[[59.73,36.75],[59.75,37.01],[58.38,37.5],[58.93,37.0],[59.73,36.75]]}},{"type":"Feature","properties":{"level":1020},"geometry":{"type":"LineString","coordinates":[[180.0,37.1],[176.25,36.55],[174.0,35.76],[171.0,35.37],[170.0,34.95],[168.69,34.0],[168.77,33.5],[168.0,32.45],[167.72,31.5],[167.8,31.25],[169.0,30.59],[171.5,30.15],[174.0,30.49],[176.0,31.13],[176.75,30.71],[177.5,30.73],[180.0,31.66]]}},{"type":"Feature","properties":{"level":1020},"geometry":{"type":"LineString","coordinates":[[33.5,37.44],[34.0,38.04],[34.47,37.75],[33.5,37.44]]}},{"type":"Feature","properties":{"level":1020},"geometry":{"type":"LineString","coordinates":[[-107.72,37.75],[-106.65,38.0],[-106.63,38.5],[-107.14,38.75],[-106.25,38.73],[-105.52,39.5],[-105.75,40.85],[-106.0,40.91],[-106.5,40.5],[-106.5,39.93],[-106.57,41.0],[-107.5,41.62],[-107.65,41.5],[-107.21,41.0],[-107.47,40.75],[-107.0,40.82],[-106.84,40.5],[-106.86,40.25],[-107.25,40.29],[-107.7,39.75],[-107.33,39.5],[-107.47,39.25],[-107.21,39.0],[-107.46,38.5],[-107.35,38.25],[-107.86,38.0],[-107.72,37.75]]}},{"type":"Feature","properties":{"level":1020},"geometry":{"type":"LineString","coordinates":[[-110.96,40.5],[-110.5,40.43],[-109.61,40.75],[-110.5,40.99],[-111.02,40.75],[-110.96,40.5]]}},{"type":"Feature","properties":{"level":1020},"geometry":{"type":"LineString","coordinates":[[-61.5,45.15],[-61.37,45.25],[-61.5,45.15]]}},{"type":"Feature","properties":{"level":1020},"geometry":{"type":"LineString","coordinates":[[142.7,46.75],[142.88,46.75],[142.81,47.0],[142.52,47.0],[142.7,46.75]]}},{"type":"Feature","properties":{"level":1020},"geometry":{"type":"LineString","coordinates":[[-123.75,51.0],[-124.0,51.57],[-123.0,51.58],[-122.58,51.25],[-123.75,51.0]]}},{"type":"Feature","properties":{"level":1020},"geometry":{"type":"LineString","coordinates":[[-127.25,51.2],[-127.75,51.75],[-127.25,52.15],[-126.9,52.0],[-127.15,51.75],[-126.5,51.67],[-126.29,51.25],[-126.75,51.07],[-127.25,51.2]]}},{"type":"Feature","properties":{"level":1020},"geometry":{"type":"LineString","coordinates":[[-115.75,57.68],[-116.21,58.0],[-115.75,58.13],[-115.12,57.75],[-115.5,57.55],[-115.75,57.68]]}},{"type":"Feature","properties":{"level":1020},"geometry":{"type":"LineString","coordinates":[[-124.0,57.98],[-125.01,58.75],[-123.94,58.5],[-123.68,58.0],[-124.0,57.98]]}},{"type":"Feature","properties":{"level":1020},"geometry":{"type":"LineString","coordinates":[[-132.0,60.49],[-132.76,60.75],[-131.46,60.5],[-131.75,60.28],[-132.0,60.49]]}},{"type":"Feature","properties":{"level":1020},"geometry":{"type":"LineString","coordinates":[[-126.75,62.42],[-127.29,63.0],[-126.5,63.07],[-125.87,62.75],[-126.0,62.44],[-126.75,62.42]]}},{"type":"Feature","properties":{"level":1020},"geometry":{"type":"LineString","coordinates":[[-119.67,73.75],[-119.47,73.75],[-119.67,73.75]]}},{"type":"Feature","properties":{"level":1024},"geometry":{"type":"LineString","coordinates":[[180.0,-89.28],[127.25,-88.75],[124.25,-88.41],[122.75,-87.67],[117.79,-87.0],[117.8,-86.75],[118.56,-86.25],[118.04,-85.75],[118.29,-85.5],[120.75,-84.5],[120.71,-83.75],[119.45,-83.25],[119.65,-83.0],[124.24,-82.25],[124.75,-81.73],[131.28,-79.75],[131.69,-79.5],[132.25,-78.07],[133.5,-77.68],[135.5,-77.58],[135.62,-77.25],[136.44,-76.75],[136.7,-76.0],[134.75,-75.41],[127.25,-75.08],[123.09,-74.5],[128.49,-73.75],[128.24,-73.5],[125.25,-73.38],[120.5,-73.45],[118.41,-73.75],[117.9,-74.0],[117.84,-74.25],[120.17,-75.0],[120.19,-75.25],[119.5,-75.55],[113.75,-76.22],[107.74,-75.5],[102.25,-74.07],[98.0,-73.62],[95.25,-73.63],[85.78,-75.0],[84.48,-75.5],[82.47,-77.0],[81.25,-77.37],[76.25,-77.85],[75.25,-78.34],[73.25,-78.13],[72.53,-78.5],[73.8,-78.75],[73.54,-79.0],[66.0,-79.41],[64.01,-80.0],[63.81,-80.25],[64.66,-81.0],[64.42,-81.25],[62.0,-81.63],[58.32,-81.25],[58.36,-81.0],[57.36,-80.0],[57.49,-78.5],[57.3,-78.0],[57.51,-77.75],[54.75,-76.75],[51.31,-76.25],[49.0,-76.33],[45.5,-75.94],[44.98,-75.75],[45.55,-75.5],[45.5,-75.24],[43.25,-74.8],[40.75,-74.62],[36.5,-75.21],[30.97,-75.25],[30.54,-75.5],[30.82,-75.75],[30.35,-76.0],[30.89,-76.25],[30.51,-76.5],[30.9,-76.75],[33.25,-76.95],[36.25,-77.67],[39.78,-78.0],[35.94,-79.5],[35.25,-80.0],[35.29,-80.25],[37.49,-81.0],[37.75,-81.3],[41.5,-82.24],[42.6,-83.25],[44.29,-84.0],[44.65,-84.75],[46.43,-85.25],[43.71,-86.0],[43.76,-86.25],[45.45,-86.75],[42.58,-87.5],[43.77,-87.75],[48.32,-88.25],[63.37,-88.75],[95.49,-89.0],[101.16,-89.25],[73.25,-89.64],[47.25,-89.66],[35.29,-89.5],[32.88,-89.25],[-25.5,-89.16],[-60.5,-88.72],[-161.75,-88.96],[-180.0,-89.28]]}},{"type":"Feature","properties":{"level":1024},"geometry":{"type":"LineString","coordinates":[[22.47,-88.25],[28.73,-88.0],[24.25,-87.84],[18.37,-88.0],[22.47,-88.25]]}},{"type":"Feature","properties":{"level":1024},"geometry":{"type":"LineString","coordinates":[[134.82,-69.75],[135.66,-69.75],[135.76,-69.5],[134.85,-69.25],[134.49,-69.5],[134.82,-69.75]]}},{"type":"Feature","properties":{"level":1024},"geometry":{"type":"LineString","coordinates":[[23.82,-51.0],[26.75,-50.68],[33.25,-49.15],[35.5,-48.23],[37.5,-47.75],[38.78,-46.75],[38.55,-46.5],[39.0,-46.11],[42.5,-46.07],[43.75,-45.8],[45.75,-46.07],[46.6,-45.75],[46.25,-45.48],[45.47,-45.5],[45.42,-45.0],[45.99,-44.75],[45.9,-44.5],[45.0,-44.73],[44.84,-44.5],[45.32,-43.75],[44.76,-42.75],[48.25,-43.48],[53.5,-45.18],[57.0,-45.9],[61.5,-46.04],[65.5,-45.5],[74.75,-43.51],[77.35,-42.75],[85.25,-39.16],[92.75,-36.73],[99.0,-35.44],[101.0,-34.77],[107.0,-34.59],[110.25,-33.77],[112.0,-33.87],[113.0,-32.93],[113.08,-32.0],[111.75,-30.09],[111.0,-28.41],[110.25,-27.94],[109.25,-26.72],[106.37,-25.0],[105.75,-24.25],[104.0,-24.03],[103.25,-23.5],[102.0,-23.13],[101.0,-23.63],[99.5,-22.95],[99.0,-23.03],[98.25,-22.57],[97.5,-22.49],[96.0,-23.04],[95.0,-23.05],[93.5,-22.93],[91.5,-22.28],[90.75,-22.42],[88.75,-21.97],[88.25,-22.24],[87.5,-21.84],[86.5,-21.78],[86.0,-22.11],[84.75,-21.99],[83.75,-22.49],[83.0,-22.54],[82.25,-22.93],[82.0,-23.31],[80.75,-23.38],[80.5,-23.68],[79.25,-23.32],[77.5,-23.23],[77.25,-23.68],[76.25,-24.16],[75.77,-24.75],[75.95,-25.25],[75.75,-25.49],[75.0,-25.51],[74.17,-27.75],[73.42,-28.75],[73.02,-29.75],[72.64,-30.0],[72.5,-30.56],[70.5,-31.23],[69.0,-31.42],[67.0,-30.97],[65.85,-30.0],[65.32,-28.75],[65.25,-26.92],[64.79,-26.0],[63.25,-24.37],[62.5,-24.22],[61.16,-23.25],[59.75,-22.72],[57.75,-22.62],[56.0,-22.08],[54.5,-22.12],[53.75,-21.81],[52.75,-21.76],[51.25,-22.14],[50.5,-22.92],[48.93,-23.5],[48.09,-24.5],[47.0,-26.56],[45.25,-28.0],[44.25,-28.39],[43.25,-29.55],[42.25,-29.93],[40.75,-31.19],[38.25,-31.77],[36.5,-32.85],[32.0,-32.63],[30.25,-33.56],[29.0,-33.36],[28.76,-32.75],[29.95,-31.25],[30.52,-30.0],[30.25,-29.38],[29.75,-29.44],[29.0,-29.1],[28.89,-30.0],[29.32,-30.25],[28.75,-30.67],[28.5,-30.74],[28.25,-30.24],[28.0,-31.0],[26.25,-31.56],[25.2,-31.25],[23.75,-32.35],[22.75,-31.98],[22.49,-32.25],[23.07,-32.5],[22.5,-32.65],[21.75,-32.14],[20.25,-33.15],[19.75,-33.0],[18.75,-34.39],[17.25,-34.71],[13.0,-31.54],[12.5,-30.77],[12.0,-30.79],[10.86,-30.0],[9.0,-28.06],[8.25,-27.76],[7.0,-26.6],[5.0,-25.53],[0.0,-23.94],[-2.0,-23.9],[-3.25,-23.45],[-5.75,-23.4],[-7.41,-24.75],[-7.83,-25.75],[-7.79,-26.5],[-7.03,-28.0],[-2.5,-31.5],[0.5,-33.55],[1.75,-34.14],[8.74,-39.5],[10.5,-41.55],[12.21,-42.75],[14.99,-46.75],[16.5,-48.24],[19.75,-50.34],[21.25,-50.75],[23.82,-51.0]]}},{"type":"Feature","properties":{"level":1024},"geometry":{"type":"LineString","coordinates":[[-180.0,-49.2],[-176.25,-48.38],[-174.0,-47.19],[-172.78,-45.5],[-172.84,-44.0],[-172.02,-43.0],[-172.13,-42.25],[-171.42,-41.25],[-172.25,-39.57],[-174.5,-37.35],[-177.49,-35.25],[-180.0,-34.52]]}},{"type":"Feature","properties":{"level":1024},"geometry":{"type":"LineString","coordinates":[[180.0,-34.52],[178.81,-33.75],[178.92,-33.0],[178.27,-32.75],[179.72,-32.5],[179.0,-32.4],[178.4,-31.75],[173.0,-29.95],[171.25,-29.91],[167.75,-29.19],[164.75,-29.08],[164.0,-29.35],[163.25,-29.14],[162.0,-29.54],[161.5,-29.42],[157.75,-30.59],[157.5,-30.25],[157.25,-30.34],[157.08,-30.75],[157.5,-30.7],[157.67,-31.0],[157.26,-32.0],[157.33,-36.0],[155.96,-43.75],[155.47,-44.5],[154.75,-45.0],[151.75,-45.66],[148.0,-45.35],[145.25,-44.66],[144.5,-44.23],[143.71,-43.25],[143.36,-41.0],[143.6,-39.0],[144.11,-38.0],[144.0,-37.84],[143.25,-37.34],[142.25,-37.21],[141.75,-36.85],[141.04,-37.0],[140.77,-36.75],[140.75,-35.84],[139.82,-35.75],[139.25,-34.7],[138.5,-35.25],[137.75,-34.98],[137.24,-35.25],[136.96,-35.0],[136.5,-33.58],[136.0,-33.22],[135.62,-33.5],[135.25,-34.44],[134.25,-35.09],[133.5,-35.09],[132.75,-34.29],[131.5,-34.67],[131.0,-34.37],[130.75,-33.79],[130.25,-33.72],[129.41,-34.5],[129.28,-35.0],[128.56,-35.25],[128.25,-35.86],[127.33,-36.0],[127.25,-36.5],[126.85,-36.75],[126.41,-37.75],[127.28,-39.5],[128.5,-40.7],[134.75,-44.1],[138.0,-45.45],[143.5,-47.23],[149.5,-49.81],[152.75,-50.68],[156.25,-51.27],[160.5,-51.6],[165.25,-51.52],[170.0,-51.08],[180.0,-49.2]]}},{"type":"Feature","properties":{"level":1024},"geometry":{"type":"LineString","coordinates":[[-165.45,-34.25],[-163.5,-34.1],[-160.25,-33.0],[-159.6,-32.5],[-159.75,-31.83],[-159.0,-32.04],[-157.75,-30.97],[-157.31,-30.25],[-157.54,-29.5],[-157.25,-29.14],[-156.95,-29.5],[-157.09,-30.25],[-156.25,-30.03],[-155.75,-30.49],[-155.25,-30.11],[-154.75,-30.44],[-154.5,-30.21],[-153.75,-30.27],[-153.85,-29.25],[-154.56,-28.75],[-154.25,-28.09],[-153.5,-28.14],[-153.45,-27.75],[-154.75,-26.82],[-155.25,-27.07],[-156.25,-26.76],[-156.7,-27.0],[-156.75,-27.51],[-156.95,-26.75],[-157.75,-27.24],[-158.25,-26.96],[-159.25,-26.89],[-159.5,-26.62],[-160.75,-27.05],[-161.5,-26.64],[-161.75,-27.05],[-162.5,-26.38],[-162.75,-26.7],[-163.75,-26.09],[-164.75,-26.36],[-165.75,-26.14],[-166.5,-26.45],[-167.0,-26.29],[-167.5,-26.9],[-168.0,-26.69],[-168.5,-27.25],[-169.0,-27.29],[-170.57,-29.0],[-170.96,-30.0],[-170.59,-30.5],[-170.86,-31.5],[-171.75,-32.52],[-171.25,-32.83],[-170.75,-32.62],[-169.5,-33.05],[-167.75,-33.92],[-165.45,-34.25]]}},{"type":"Feature","properties":{"level":1024},"geometry":{"type":"LineString","coordinates":[[176.25,-34.26],[176.5,-33.91],[176.91,-34.0],[176.5,-34.35],[176.25,-34.26]]}},{"type":"Feature","properties":{"level":1024},"geometry":{"type":"LineString","coordinates":[[-177.21,-32.0],[-176.75,-31.91],[-176.41,-31.0],[-176.91,-31.0],[-177.0,-30.39],[-177.21,-32.0]]}},{"type":"Feature","properties":{"level":1024},"geometry":{"type":"LineString","coordinates":[[-175.09,-31.75],[-174.9,-31.75],[-174.73,-31.0],[-174.72,-30.5],[-175.0,-30.38],[-175.32,-30.75],[-175.09,-31.75]]}},{"type":"Feature","properties":{"level":1024},"geometry":{"type":"LineString","coordinates":[[-176.73,-30.25],[-176.25,-30.39],[-175.75,-29.88],[-176.53,-29.5],[-176.97,-30.0],[-176.73,-30.25]]}},{"type":"Feature","properties":{"level":1024},"geometry":{"type":"LineString","coordinates":[[-155.0,-30.09],[-154.94,-29.5],[-154.5,-29.06],[-154.46,-29.5],[-155.0,-30.09]]}},{"type":"Feature","properties":{"level":1024},"geometry":{"type":"LineString","coordinates":[[-153.46,-29.0],[-153.25,-29.24],[-153.16,-29.0],[-153.5,-28.44],[-154.0,-28.33],[-154.16,-28.5],[-153.46,-29.0]]}},{"type":"Feature","properties":{"level":1024},"geometry":{"type":"LineString","coordinates":[[-152.46,-29.0],[-152.25,-29.09],[-152.25,-28.79],[-152.75,-27.99],[-153.0,-28.1],[-153.15,-28.25],[-153.0,-28.68],[-152.46,-29.0]]}},{"type":"Feature","properties":{"level":1024},"geometry":{"type":"LineString","coordinates":[[-155.0,-28.54],[-155.0,-28.24],[-155.0,-28.54]]}},{"type":"Feature","properties":{"level":1024},"geometry":{"type":"LineString","coordinates":[[-159.75,-27.92],[-159.5,-27.35],[-159.75,-27.92]]}},{"type":"Feature","properties":{"level":1024},"geometry":{"type":"LineString","coordinates":[[75.2,-25.25],[75.25,-24.91],[75.2,-25.25]]}},{"type":"Feature","properties":{"level":1024},"geometry":{"type":"LineString","coordinates":[[46.75,-24.75],[47.25,-24.39],[47.44,-23.75],[47.25,-23.19],[46.25,-22.9],[46.05,-23.0],[46.16,-23.5],[46.81,-24.25],[46.75,-24.75]]}},{"type":"Feature","properties":{"level":1024},"geometry":{"type":"LineString","coordinates":[[46.94,-22.25],[47.32,-22.0],[47.5,-21.0],[46.94,-22.25]]}},{"type":"Feature","properties":{"level":1024},"geometry":{"type":"LineString","coordinates":[[47.73,-20.25],[48.0,-19.22],[47.69,-19.25],[47.38,-20.0],[47.73,-20.25]]}},{"type":"Feature","properties":{"level":1024},"geometry":{"type":"LineString","coordinates":[[86.77,27.75],[87.11,27.75],[87.21,28.25],[86.0,28.62],[85.51,28.5],[85.75,28.11],[86.77,27.75]]}},{"type":"Feature","properties":{"level":1024},"geometry":{"type":"LineString","coordinates":[[87.7,27.75],[88.25,27.56],[88.83,28.0],[87.75,28.08],[87.58,28.0],[87.7,27.75]]}},{"type":"Feature","properties":{"level":1024},"geometry":{"type":"LineString","coordinates":[[83.16,28.75],[84.75,28.6],[85.24,29.0],[84.25,29.23],[84.0,28.89],[83.75,29.55],[83.5,29.54],[83.16,28.75]]}},{"type":"Feature","properties":{"level":1024},"geometry":{"type":"LineString","coordinates":[[16.39,29.5],[16.75,29.44],[17.25,29.71],[18.25,29.37],[18.82,29.5],[18.94,29.75],[18.66,30.25],[19.09,30.75],[19.0,31.1],[19.7,31.5],[20.0,32.21],[20.25,31.6],[20.75,31.61],[21.05,31.75],[21.38,32.5],[22.04,32.75],[21.22,33.0],[22.25,35.5],[23.19,36.25],[24.36,38.0],[26.0,39.16],[28.25,39.32],[30.0,38.94],[32.0,39.59],[32.5,39.15],[35.5,39.3],[36.5,39.01],[38.25,39.58],[40.75,39.34],[41.25,39.67],[40.81,40.0],[42.5,40.37],[43.89,41.25],[44.28,41.75],[43.94,42.0],[43.77,42.5],[44.0,42.57],[44.5,42.57],[44.75,42.2],[46.5,42.34],[47.5,41.91],[47.6,41.5],[48.16,41.25],[48.5,40.78],[49.75,40.54],[50.71,41.75],[51.15,42.75],[49.28,43.5],[48.4,45.0],[44.7,47.5],[43.23,49.5],[42.96,50.5],[42.01,52.0],[42.97,55.0],[43.68,56.25],[45.0,57.58],[47.25,59.0],[51.75,60.65],[55.0,61.39],[58.75,61.82],[59.75,61.33],[62.5,61.89],[67.5,61.87],[72.25,61.35],[79.0,60.2],[84.0,60.34],[86.1,61.25],[87.73,62.5],[87.21,63.75],[85.5,65.21],[82.25,66.47],[78.25,67.29],[72.25,68.15],[61.5,69.19],[50.5,68.25],[44.0,67.0],[39.36,65.5],[38.25,64.79],[37.25,64.62],[36.5,64.02],[32.5,62.33],[31.0,60.82],[27.75,59.17],[24.25,59.47],[17.39,59.0],[14.25,58.52],[10.75,57.6],[7.46,58.0],[6.63,59.0],[6.8,59.25],[6.34,59.75],[6.57,60.25],[6.25,60.4],[5.81,60.25],[5.75,60.52],[5.46,60.0],[5.0,59.83],[3.0,59.53],[-0.25,58.6],[-6.25,57.66],[-9.77,56.25],[-15.0,53.27],[-19.75,51.23],[-21.98,49.5],[-23.28,49.0],[-24.25,48.31],[-27.07,47.0],[-27.75,46.38],[-28.75,46.11],[-29.25,45.57],[-30.67,45.0],[-30.34,44.5],[-30.56,44.0],[-29.92,42.75],[-25.5,39.31],[-23.5,37.04],[-23.0,36.9],[-22.0,36.08],[-21.5,36.02],[-19.75,36.21],[-18.53,36.75],[-17.75,37.73],[-16.75,38.23],[-11.95,42.5],[-10.0,43.65],[-7.25,44.37],[-5.75,44.4],[-1.25,45.95],[0.25,45.86],[2.48,43.75],[2.49,43.0],[1.25,42.8],[-0.56,43.0],[-0.75,42.75],[-0.25,42.24],[0.5,42.25],[1.5,41.5],[1.75,41.87],[2.5,41.71],[3.5,42.39],[7.25,40.99],[8.0,41.2],[8.73,41.0],[8.28,40.25],[8.47,39.25],[10.28,37.75],[10.34,36.0],[10.0,35.64],[9.5,35.97],[7.25,35.34],[6.0,35.69],[5.75,35.56],[5.84,35.25],[6.25,34.95],[8.0,34.52],[8.75,34.59],[9.0,34.21],[9.57,34.0],[10.25,32.67],[11.0,32.84],[12.5,32.34],[12.17,31.5],[12.5,30.6],[13.75,29.97],[15.5,30.45],[16.39,29.5]]}},{"type":"Feature","properties":{"level":1024},"geometry":{"type":"LineString","coordinates":[[82.54,29.75],[83.0,29.58],[83.47,30.0],[83.22,30.25],[83.5,30.38],[84.75,29.85],[85.19,30.0],[84.75,30.45],[84.5,30.17],[83.57,31.25],[83.83,31.75],[83.25,32.45],[82.5,32.34],[82.29,32.0],[82.5,31.58],[83.25,31.61],[83.4,31.25],[83.25,31.18],[80.5,32.12],[80.0,32.05],[79.75,32.31],[79.6,32.25],[80.21,31.25],[79.75,31.2],[78.75,31.73],[78.33,31.25],[79.25,30.64],[79.75,30.64],[80.0,30.19],[80.75,30.2],[81.25,29.81],[82.0,30.01],[82.54,29.75]]}},{"type":"Feature","properties":{"level":1024},"geometry":{"type":"LineString","coordinates":[[51.93,30.25],[52.25,30.65],[52.75,30.56],[52.97,30.75],[51.5,31.09],[51.93,30.25]]}},{"type":"Feature","properties":{"level":1024},"geometry":{"type":"LineString","coordinates":[[91.35,30.75],[92.5,31.18],[93.0,31.1],[93.1,31.25],[92.81,31.5],[93.0,31.62],[94.0,31.63],[95.0,31.97],[95.75,31.72],[95.75,32.21],[96.75,32.26],[98.0,32.09],[98.25,32.32],[99.0,31.59],[99.44,31.5],[99.25,31.19],[99.75,31.18],[100.51,31.75],[100.05,32.25],[100.22,32.5],[101.0,32.84],[102.25,32.25],[103.0,32.93],[103.26,32.0],[102.78,31.25],[103.0,30.73],[103.32,31.25],[103.2,31.5],[103.5,31.53],[104.07,32.5],[104.57,32.75],[104.5,33.14],[105.25,33.28],[105.75,33.68],[106.75,33.45],[108.5,33.52],[110.5,34.45],[110.64,35.0],[110.41,35.25],[111.75,36.64],[112.5,36.14],[113.76,37.0],[114.04,37.5],[113.75,38.25],[114.1,39.0],[115.23,40.25],[114.5,41.0],[115.47,41.5],[116.5,43.51],[120.75,45.0],[120.73,45.5],[122.67,47.0],[123.0,48.24],[124.29,49.25],[124.24,50.0],[124.75,50.65],[124.97,51.75],[123.27,52.75],[119.89,53.25],[120.0,53.58],[119.5,53.65],[119.11,54.25],[119.41,54.5],[119.33,54.75],[118.48,54.75],[118.79,55.0],[118.25,55.89],[118.0,55.43],[117.25,55.44],[117.25,55.62],[117.97,55.75],[117.75,56.0],[117.25,55.87],[116.28,56.5],[117.23,56.75],[117.0,56.85],[115.0,56.65],[114.75,56.31],[113.25,56.98],[112.25,57.02],[111.5,56.73],[111.0,56.98],[109.5,57.07],[108.25,56.46],[107.5,56.61],[104.25,56.15],[100.25,54.99],[98.75,54.93],[97.5,55.32],[97.0,54.76],[96.5,55.04],[96.0,54.74],[95.25,54.95],[92.0,54.91],[91.0,54.53],[91.25,54.21],[90.0,53.9],[89.25,54.14],[88.5,55.07],[87.82,54.75],[87.35,53.75],[86.5,53.54],[86.25,53.11],[85.52,52.75],[85.86,52.5],[85.67,52.25],[83.55,51.75],[82.5,51.14],[82.16,50.5],[82.35,49.75],[81.14,48.75],[82.0,47.72],[83.5,48.21],[84.25,47.86],[83.75,47.23],[82.5,47.48],[82.05,47.25],[83.95,46.75],[83.75,46.13],[82.75,45.92],[82.25,45.39],[81.25,45.65],[79.14,45.0],[79.01,44.75],[79.25,44.44],[80.75,44.44],[83.53,43.5],[82.25,43.18],[81.25,43.42],[79.75,43.32],[79.07,43.0],[79.1,42.75],[78.7,42.5],[77.5,42.14],[75.5,42.19],[75.55,42.5],[74.75,42.61],[73.75,42.43],[73.25,42.58],[72.0,42.25],[70.75,42.33],[70.51,42.0],[71.5,41.63],[72.5,42.01],[73.75,41.85],[74.75,42.09],[74.92,42.0],[74.51,41.75],[75.75,41.62],[76.02,41.25],[74.0,41.1],[73.5,40.15],[68.75,39.55],[67.5,39.11],[67.29,38.75],[67.5,38.56],[67.75,38.8],[70.42,39.0],[70.44,37.75],[71.0,36.88],[70.5,36.85],[69.52,36.25],[69.62,36.0],[69.0,35.55],[68.0,35.2],[67.68,35.25],[68.25,35.62],[68.25,35.84],[65.75,35.63],[65.16,35.25],[65.49,35.0],[65.25,34.82],[65.0,34.91],[64.2,34.5],[64.39,34.25],[64.16,34.0],[65.0,33.67],[66.25,34.3],[67.75,34.27],[68.5,34.49],[68.78,34.75],[68.59,35.0],[69.25,35.27],[70.0,35.13],[70.25,35.37],[71.0,35.33],[71.57,36.0],[72.5,36.58],[72.67,36.25],[72.16,36.0],[72.25,35.59],[73.79,36.0],[73.39,36.25],[73.75,36.43],[74.5,36.18],[74.95,35.5],[74.25,35.09],[73.51,35.0],[73.75,34.77],[75.25,34.89],[75.55,34.0],[77.25,32.44],[77.75,31.66],[78.11,31.75],[78.0,32.3],[78.5,32.3],[78.56,32.5],[78.04,32.75],[78.5,33.05],[77.5,32.91],[76.61,33.75],[76.66,34.0],[75.52,34.5],[75.9,35.0],[75.5,35.16],[75.33,35.5],[75.5,35.6],[76.35,35.25],[76.48,34.75],[77.0,34.4],[77.94,34.25],[78.25,33.28],[78.66,33.5],[78.75,33.82],[80.75,33.93],[81.0,33.46],[83.25,33.06],[83.5,32.7],[84.0,32.96],[84.5,32.48],[86.25,32.5],[88.5,32.06],[90.25,32.76],[91.0,32.7],[91.18,32.25],[90.73,31.75],[91.15,31.5],[91.35,30.75]]}},{"type":"Feature","properties":{"level":1024},"geometry":{"type":"LineString","coordinates":[[-6.83,31.5],[-5.75,31.53],[-4.25,32.17],[-3.83,32.5],[-4.11,33.0],[-3.74,33.5],[-4.25,33.78],[-5.25,33.31],[-6.12,32.0],[-6.83,31.5]]}},{"type":"Feature","properties":{"level":1024},"geometry":{"type":"LineString","coordinates":[[85.13,31.5],[85.5,31.74],[86.25,31.28],[86.87,31.5],[86.0,31.92],[84.83,31.75],[85.13,31.5]]}},{"type":"Feature","properties":{"level":1024},"geometry":{"type":"LineString","coordinates":[[49.94,32.25],[50.5,32.15],[50.43,32.75],[51.0,33.56],[49.38,33.75],[49.01,33.0],[49.94,32.25]]}},{"type":"Feature","properties":{"level":1024},"geometry":{"type":"LineString","coordinates":[[108.0,34.23],[108.14,34.5],[109.75,35.07],[110.24,35.0],[110.39,34.75],[109.25,34.16],[108.0,34.23]]}},{"type":"Feature","properties":{"level":1024},"geometry":{"type":"LineString","coordinates":[[100.75,35.45],[98.5,36.78],[97.96,36.75],[98.06,36.5],[97.75,36.0],[97.5,35.99],[95.83,37.0],[96.5,36.97],[96.75,37.51],[99.0,37.08],[99.5,36.7],[100.0,37.07],[100.54,36.75],[100.43,36.5],[100.8,36.25],[100.93,35.75],[100.75,35.45]]}},{"type":"Feature","properties":{"level":1024},"geometry":{"type":"LineString","coordinates":[[80.75,36.44],[80.25,36.81],[77.25,37.43],[76.75,37.73],[76.68,38.25],[75.43,39.25],[75.5,39.41],[76.75,39.99],[78.5,39.98],[79.11,40.5],[79.75,40.65],[80.25,41.18],[84.75,41.92],[85.34,41.75],[85.25,41.45],[84.75,41.45],[83.96,41.0],[86.5,40.53],[87.69,40.0],[87.33,39.5],[88.25,39.67],[89.08,39.25],[85.91,37.75],[83.73,37.0],[81.5,36.42],[80.75,36.44]]}},{"type":"Feature","properties":{"level":1024},"geometry":{"type":"LineString","coordinates":[[43.09,37.75],[43.8,37.75],[42.8,38.0],[43.09,37.75]]}},{"type":"Feature","properties":{"level":1024},"geometry":{"type":"LineString","coordinates":[[-78.64,38.0],[-78.5,37.77],[-78.0,38.41],[-77.48,38.5],[-77.75,38.71],[-78.0,38.58],[-78.5,39.17],[-79.25,39.07],[-79.55,38.5],[-79.25,38.64],[-78.64,38.0]]}},{"type":"Feature","properties":{"level":1024},"geometry":{"type":"LineString","coordinates":[[140.71,39.5],[141.5,39.3],[141.71,40.0],[141.25,40.26],[140.75,40.18],[140.51,39.75],[140.71,39.5]]}},{"type":"Feature","properties":{"level":1024},"geometry":{"type":"LineString","coordinates":[[-84.65,39.75],[-83.5,39.9],[-80.25,41.05],[-79.0,41.13],[-77.25,40.84],[-74.75,42.19],[-74.25,42.08],[-74.25,41.67],[-74.0,41.72],[-73.0,42.78],[-72.5,42.67],[-71.73,43.0],[-71.58,43.75],[-71.25,44.15],[-70.19,44.0],[-70.19,44.75],[-69.82,44.75],[-69.5,44.19],[-69.11,45.25],[-69.32,46.5],[-68.75,47.13],[-68.24,47.25],[-68.84,48.0],[-69.75,48.31],[-69.94,49.0],[-70.8,49.75],[-70.76,50.25],[-72.25,50.65],[-74.5,50.35],[-76.25,50.47],[-81.0,49.64],[-82.5,49.12],[-83.5,47.84],[-84.0,48.1],[-86.0,48.06],[-86.16,47.5],[-85.58,46.75],[-87.0,45.76],[-87.58,45.0],[-88.56,43.25],[-87.92,42.0],[-88.0,41.82],[-88.5,42.09],[-88.81,41.5],[-88.63,41.0],[-88.19,40.75],[-88.5,40.5],[-88.12,40.25],[-86.75,40.37],[-84.65,39.75]]}},{"type":"Feature","properties":{"level":1024},"geometry":{"type":"LineString","coordinates":[[-70.47,41.75],[-70.0,41.76],[-68.44,42.75],[-68.63,43.0],[-68.37,43.5],[-68.63,44.0],[-69.75,43.86],[-70.75,43.0],[-71.09,42.25],[-70.47,41.75]]}},{"type":"Feature","properties":{"level":1024},"geometry":{"type":"LineString","coordinates":[[89.25,42.45],[88.18,42.75],[88.37,43.0],[89.5,43.02],[90.17,42.5],[89.25,42.45]]}},{"type":"Feature","properties":{"level":1024},"geometry":{"type":"LineString","coordinates":[[43.25,42.66],[42.5,42.79],[41.9,43.25],[43.0,43.29],[43.44,43.0],[43.25,42.66]]}},{"type":"Feature","properties":{"level":1024},"geometry":{"type":"LineString","coordinates":[[76.26,42.75],[78.47,42.75],[77.75,43.21],[76.26,42.75]]}},{"type":"Feature","properties":{"level":1024},"geometry":{"type":"LineString","coordinates":[[92.25,42.66],[92.25,42.87],[92.8,42.75],[92.25,42.66]]}},{"type":"Feature","properties":{"level":1024},"geometry":{"type":"LineString","coordinates":[[40.5,42.95],[40.26,43.0],[40.72,43.0],[40.5,42.95]]}},{"type":"Feature","properties":{"level":1024},"geometry":{"type":"LineString","coordinates":[[133.15,43.0],[134.0,43.12],[135.05,43.75],[136.25,45.3],[136.25,45.75],[137.0,46.0],[136.9,46.25],[136.5,46.41],[135.48,46.25],[135.48,45.75],[134.52,45.25],[133.23,44.0],[132.88,43.25],[133.15,43.0]]}},{"type":"Feature","properties":{"level":1024},"geometry":{"type":"LineString","coordinates":[[40.0,43.15],[40.0,43.34],[40.0,43.15]]}},{"type":"Feature","properties":{"level":1024},"geometry":{"type":"LineString","coordinates":[[128.63,47.0],[129.5,46.99],[129.75,47.3],[129.94,48.25],[129.75,48.55],[128.06,48.5],[127.65,47.75],[129.0,47.43],[129.0,47.18],[128.63,47.0]]}},{"type":"Feature","properties":{"level":1024},"geometry":{"type":"LineString","coordinates":[[-108.77,48.0],[-108.58,48.0],[-109.0,48.85],[-110.25,49.13],[-110.73,49.5],[-109.5,49.54],[-108.78,50.0],[-110.0,50.72],[-111.25,50.43],[-111.28,49.5],[-110.75,48.48],[-110.25,48.13],[-109.0,48.23],[-108.77,48.0]]}},{"type":"Feature","properties":{"level":1024},"geometry":{"type":"LineString","coordinates":[[115.0,55.1],[114.8,55.25],[115.0,55.5],[114.5,55.9],[114.25,55.67],[114.25,55.98],[114.75,56.24],[115.5,56.22],[115.67,56.0],[115.38,55.75],[115.67,55.25],[115.0,55.1]]}},{"type":"Feature","properties":{"level":1024},"geometry":{"type":"LineString","coordinates":[[-124.01,55.75],[-123.75,56.5],[-124.75,57.25],[-125.0,57.18],[-125.3,56.75],[-124.01,55.75]]}},{"type":"Feature","properties":{"level":1024},"geometry":{"type":"LineString","coordinates":[[-129.8,56.0],[-129.0,55.99],[-129.0,56.29],[-128.0,56.41],[-127.43,56.75],[-128.0,57.18],[-129.5,57.22],[-130.17,57.0],[-129.71,56.25],[-129.8,56.0]]}},{"type":"Feature","properties":{"level":1024},"geometry":{"type":"LineString","coordinates":[[117.01,56.25],[117.75,56.0],[118.3,56.25],[117.25,56.48],[117.01,56.25]]}},{"type":"Feature","properties":{"level":1024},"geometry":{"type":"LineString","coordinates":[[118.45,56.5],[119.47,56.5],[119.25,56.72],[118.45,56.5]]}},{"type":"Feature","properties":{"level":1024},"geometry":{"type":"LineString","coordinates":[[-150.02,67.75],[-149.25,67.66],[-148.62,68.0],[-148.75,68.16],[-151.67,68.0],[-150.02,67.75]]}},{"type":"Feature","properties":{"level":1024},"geometry":{"type":"LineString","coordinates":[[-145.14,68.5],[-143.22,68.75],[-144.75,69.08],[-145.73,68.75],[-145.14,68.5]]}},{"type":"Feature","properties":{"level":1028},"geometry":{"type":"LineString","coordinates":[[-152.36,-89.75],[-62.72,-89.75],[-118.5,-89.18],[-152.36,-89.75]]}},{"type":"Feature","properties":{"level":1028},"geometry":{"type":"LineString","coordinates":[[96.14,-89.5],[122.5,-89.68],[159.68,-89.5],[151.5,-89.11],[136.75,-88.91],[96.14,-89.5]]}},{"type":"Feature","properties":{"level":1028},"geometry":{"type":"LineString","coordinates":[[71.13,-88.75],[110.0,-88.88],[121.66,-88.5],[120.75,-87.95],[115.17,-87.5],[114.09,-87.0],[115.29,-86.25],[115.33,-85.75],[117.38,-84.5],[116.68,-84.0],[116.99,-83.25],[117.35,-83.0],[121.86,-82.25],[123.34,-81.25],[127.75,-80.33],[129.76,-79.5],[129.96,-79.25],[129.07,-78.75],[128.59,-77.75],[128.71,-77.5],[129.87,-77.25],[129.86,-76.75],[129.71,-76.5],[127.5,-75.67],[122.25,-75.14],[121.5,-75.23],[121.61,-75.5],[121.32,-75.75],[117.73,-76.5],[112.75,-76.37],[107.93,-75.75],[102.25,-74.2],[96.0,-73.73],[87.5,-75.01],[86.04,-75.5],[82.75,-77.64],[77.25,-78.06],[75.85,-78.5],[77.03,-79.0],[66.75,-79.63],[65.41,-80.0],[66.1,-81.0],[65.91,-81.5],[64.5,-81.83],[61.0,-81.91],[55.99,-81.25],[57.47,-80.75],[57.0,-80.25],[56.83,-79.5],[57.0,-78.3],[56.0,-77.7],[52.25,-76.88],[47.25,-76.89],[44.0,-77.58],[42.75,-78.22],[41.25,-78.17],[39.5,-78.5],[37.39,-79.75],[38.99,-80.0],[39.0,-80.52],[40.74,-81.25],[55.25,-82.74],[56.93,-83.0],[56.9,-83.25],[57.65,-83.5],[56.36,-84.0],[51.25,-84.17],[49.1,-84.5],[48.93,-84.75],[49.74,-85.0],[53.67,-85.75],[53.76,-86.0],[50.73,-86.5],[50.88,-86.75],[50.52,-87.25],[50.94,-87.5],[53.25,-87.82],[71.13,-88.75]]}},{"type":"Feature","properties":{"level":1028},"geometry":{"type":"LineString","coordinates":[[67.5,-84.0],[61.96,-83.75],[66.0,-83.36],[72.84,-83.75],[72.25,-84.01],[67.5,-84.0]]}},{"type":"Feature","properties":{"level":1028},"geometry":{"type":"LineString","coordinates":[[74.0,-82.04],[74.16,-81.75],[74.5,-81.74],[76.0,-81.92],[77.79,-81.75],[77.88,-82.0],[74.0,-82.04]]}},{"type":"Feature","properties":{"level":1028},"geometry":{"type":"LineString","coordinates":[[76.75,-80.31],[76.56,-80.25],[77.78,-80.25],[76.75,-80.31]]}},{"type":"Feature","properties":{"level":1028},"geometry":{"type":"LineString","coordinates":[[36.25,-77.5],[39.0,-77.68],[41.5,-77.01],[42.46,-76.25],[41.77,-76.0],[41.85,-75.75],[43.61,-75.25],[40.75,-74.94],[32.5,-75.53],[31.88,-75.75],[32.98,-76.75],[36.25,-77.5]]}},{"type":"Feature","properties":{"level":1028},"geometry":{"type":"LineString","coordinates":[[43.05,-76.75],[43.75,-76.96],[44.05,-76.75],[43.25,-76.43],[42.97,-76.5],[43.05,-76.75]]}},{"type":"Feature","properties":{"level":1028},"geometry":{"type":"LineString","coordinates":[[120.56,-74.5],[121.25,-74.65],[123.25,-74.13],[125.25,-74.04],[126.72,-73.5],[124.25,-73.56],[121.25,-74.04],[120.25,-73.93],[119.69,-74.25],[120.56,-74.5]]}},{"type":"Feature","properties":{"level":1028},"geometry":{"type":"LineString","coordinates":[[22.43,-48.75],[24.0,-48.92],[27.0,-48.73],[30.48,-48.0],[33.25,-46.86],[35.1,-46.0],[36.12,-45.0],[36.25,-44.35],[37.0,-43.83],[38.37,-43.75],[39.09,-42.75],[39.1,-42.25],[38.78,-42.0],[39.06,-41.75],[38.0,-41.05],[37.75,-40.45],[37.24,-40.25],[37.08,-39.5],[35.75,-38.44],[34.75,-38.18],[32.75,-36.69],[32.0,-36.78],[30.48,-36.25],[29.5,-36.35],[27.25,-35.86],[21.5,-35.15],[21.09,-35.5],[20.69,-35.5],[20.0,-36.14],[19.0,-36.14],[18.0,-36.73],[14.75,-35.77],[14.25,-35.43],[12.75,-35.6],[10.75,-34.71],[9.43,-34.75],[9.5,-35.75],[10.13,-37.0],[10.33,-38.0],[14.69,-42.5],[16.25,-45.14],[21.0,-48.49],[22.43,-48.75]]}},{"type":"Feature","properties":{"level":1028},"geometry":{"type":"LineString","coordinates":[[-180.0,-47.42],[-178.45,-47.0],[-177.0,-46.25],[-176.63,-45.75],[-176.27,-43.0],[-180.0,-37.58]]}},{"type":"Feature","properties":{"level":1028},"geometry":{"type":"LineString","coordinates":[[57.7,-43.75],[60.0,-43.89],[65.75,-43.53],[68.75,-43.19],[71.57,-42.5],[77.9,-39.75],[80.75,-38.19],[85.43,-36.25],[86.0,-35.71],[88.1,-35.0],[89.15,-33.75],[89.16,-33.0],[87.5,-30.6],[85.5,-29.44],[85.0,-29.48],[84.75,-29.15],[83.0,-28.44],[79.25,-28.81],[73.75,-31.65],[70.5,-32.89],[67.5,-32.77],[66.0,-32.37],[64.5,-31.47],[62.8,-30.25],[62.25,-29.47],[61.25,-29.05],[59.25,-27.51],[58.5,-27.67],[56.75,-26.87],[55.25,-26.72],[53.75,-27.07],[53.25,-26.77],[51.75,-27.54],[50.5,-27.47],[50.0,-27.96],[49.75,-27.83],[49.0,-28.77],[48.5,-28.83],[45.25,-30.91],[42.85,-33.5],[40.5,-34.63],[39.79,-34.75],[38.88,-36.25],[38.9,-36.75],[39.83,-37.75],[44.25,-40.28],[51.42,-42.5],[57.7,-43.75]]}},{"type":"Feature","properties":{"level":1028},"geometry":{"type":"LineString","coordinates":[[180.0,-37.58],[179.0,-36.98],[178.0,-36.89],[177.25,-37.12],[176.0,-36.7],[175.5,-36.99],[174.25,-37.13],[171.75,-37.14],[168.25,-35.68],[166.5,-35.25],[166.25,-34.75],[165.25,-34.08],[164.0,-34.18],[161.75,-35.55],[161.0,-36.43],[160.84,-38.5],[160.15,-40.5],[158.12,-44.5],[157.25,-45.69],[155.5,-46.88],[155.06,-47.5],[155.86,-48.5],[157.25,-49.1],[162.75,-49.7],[168.0,-49.35],[170.25,-48.88],[174.37,-48.5],[180.0,-47.42]]}},{"type":"Feature","properties":{"level":1028},"geometry":{"type":"LineString","coordinates":[[81.64,30.25],[82.5,30.05],[82.71,30.25],[82.45,30.5],[82.68,30.75],[82.55,31.0],[82.0,31.21],[81.25,31.11],[81.8,30.75],[81.64,30.25]]}},{"type":"Feature","properties":{"level":1028},"geometry":{"type":"LineString","coordinates":[[95.26,33.25],[96.25,33.03],[96.75,33.73],[97.0,33.46],[98.25,33.09],[99.44,33.75],[98.79,34.25],[98.75,34.54],[99.81,34.25],[99.68,35.5],[99.25,35.86],[99.0,35.66],[98.75,36.27],[98.7,35.75],[98.0,35.4],[97.75,35.82],[96.5,36.01],[96.0,36.32],[93.71,36.5],[93.55,36.75],[93.87,37.0],[94.0,37.74],[95.0,37.46],[95.25,37.86],[95.5,37.74],[96.0,37.95],[98.02,37.75],[97.96,38.0],[97.4,38.25],[97.5,38.5],[97.75,38.35],[97.98,38.5],[97.75,38.85],[97.15,39.0],[98.0,39.37],[98.8,39.0],[99.16,38.25],[98.5,38.14],[98.35,38.0],[98.5,37.85],[99.25,37.95],[100.0,37.41],[100.5,37.39],[100.87,36.5],[101.75,35.93],[102.0,36.22],[102.25,36.14],[102.75,35.35],[102.79,36.5],[103.35,37.25],[102.19,37.75],[102.34,38.0],[102.06,38.25],[102.5,38.77],[103.75,38.48],[105.25,37.75],[105.54,37.5],[105.12,37.25],[105.22,37.0],[105.0,36.85],[104.25,37.45],[103.99,36.75],[104.75,36.49],[105.0,36.64],[105.75,36.14],[105.89,36.5],[105.54,37.0],[105.89,37.5],[106.08,37.5],[106.03,37.25],[106.75,36.22],[108.0,36.55],[108.25,36.23],[109.29,36.5],[109.26,37.0],[110.73,38.0],[111.5,37.53],[112.75,38.81],[113.5,38.91],[113.75,39.88],[112.94,39.75],[113.04,40.25],[113.5,40.58],[113.34,41.0],[113.5,41.51],[113.95,42.0],[113.43,43.5],[114.0,43.91],[113.95,44.25],[116.18,45.25],[116.25,46.0],[116.88,46.5],[116.33,48.5],[116.64,49.25],[115.0,49.94],[114.96,50.5],[114.68,50.75],[114.77,51.75],[114.34,53.0],[114.62,53.25],[114.15,53.25],[114.0,52.92],[113.25,53.68],[112.5,53.15],[111.61,53.0],[111.38,53.25],[111.6,53.5],[111.5,53.72],[111.25,53.57],[111.0,53.76],[111.5,54.05],[111.75,53.76],[112.25,53.82],[112.84,54.25],[112.5,54.63],[111.96,54.5],[111.5,55.62],[111.0,55.15],[110.92,55.5],[110.51,55.75],[110.73,56.0],[110.5,56.09],[110.0,55.83],[109.48,54.25],[108.49,53.25],[107.83,52.75],[106.38,52.25],[105.94,51.75],[105.0,51.46],[104.25,51.42],[103.75,51.93],[103.25,52.02],[102.75,52.05],[102.5,51.81],[102.25,52.35],[102.0,51.63],[101.0,51.81],[100.9,52.25],[100.56,52.5],[101.28,52.5],[100.94,53.25],[100.0,53.45],[99.0,54.15],[97.5,54.11],[96.5,54.36],[96.0,53.96],[95.5,54.07],[95.22,53.75],[94.25,53.59],[93.25,52.94],[91.25,52.8],[90.25,52.23],[90.0,52.46],[88.77,52.25],[88.75,51.88],[89.25,52.13],[89.88,51.75],[89.5,51.33],[88.5,51.62],[88.25,52.01],[87.3,51.5],[87.25,50.99],[87.0,51.18],[84.75,51.29],[84.77,50.75],[84.25,51.05],[83.9,50.5],[85.6,49.75],[85.32,49.5],[85.54,49.25],[84.99,49.0],[85.03,48.75],[85.5,48.67],[85.75,48.93],[86.5,48.37],[87.0,48.96],[87.23,48.75],[87.01,48.5],[87.5,48.39],[87.72,48.0],[88.25,47.86],[90.04,46.5],[90.13,46.0],[89.59,45.25],[92.0,44.81],[94.5,44.96],[95.25,44.58],[96.75,45.35],[98.11,44.75],[98.5,44.11],[100.1,43.75],[99.25,42.89],[98.36,42.75],[98.96,42.5],[99.0,42.25],[98.0,42.05],[97.77,41.75],[98.78,41.5],[98.74,40.5],[99.75,40.04],[99.89,39.5],[99.5,39.23],[98.5,39.7],[95.5,39.81],[94.75,39.51],[93.5,39.55],[92.25,39.18],[90.5,39.19],[88.75,38.87],[83.73,36.75],[81.0,36.14],[80.37,36.25],[80.25,36.58],[79.83,36.25],[78.12,37.0],[76.75,37.05],[76.5,37.54],[76.0,37.04],[75.94,37.25],[76.24,37.5],[76.01,38.0],[76.32,38.25],[74.75,39.71],[74.05,39.75],[75.0,39.79],[77.5,40.62],[78.73,40.75],[78.4,41.0],[79.5,41.7],[80.25,41.59],[82.75,42.34],[85.5,42.16],[86.25,42.67],[87.25,42.46],[87.58,42.75],[87.25,43.24],[86.25,43.69],[83.5,44.19],[83.19,44.0],[84.0,43.7],[84.2,43.25],[81.0,42.61],[79.25,42.52],[77.25,41.76],[76.5,40.95],[75.92,41.0],[74.53,40.5],[74.5,40.13],[74.0,40.21],[73.25,39.49],[72.75,39.67],[71.25,39.1],[70.94,38.75],[71.99,38.0],[71.69,37.75],[72.22,37.25],[71.5,37.0],[71.74,36.75],[71.5,36.66],[71.25,36.92],[71.11,36.5],[70.75,36.32],[70.5,36.5],[69.67,35.75],[70.0,35.48],[70.25,35.64],[70.75,35.51],[72.5,36.71],[74.5,36.35],[74.75,36.75],[75.03,36.5],[74.65,36.0],[76.25,35.46],[77.0,34.8],[77.5,34.81],[78.5,34.22],[79.0,34.35],[79.75,33.99],[80.5,34.29],[81.5,34.14],[81.95,34.0],[82.07,33.5],[83.5,33.28],[84.25,33.84],[84.49,33.75],[84.33,33.5],[84.5,33.3],[85.5,33.34],[85.75,33.84],[87.0,34.17],[86.92,34.5],[87.4,34.75],[88.0,35.57],[89.0,35.86],[89.75,35.42],[90.25,35.82],[90.75,35.38],[91.38,35.25],[90.96,35.0],[90.97,34.75],[91.25,34.69],[91.75,35.1],[92.5,34.84],[94.27,35.25],[93.97,35.0],[94.88,34.75],[94.25,34.42],[94.25,33.96],[95.26,33.25]]}},{"type":"Feature","properties":{"level":1028},"geometry":{"type":"LineString","coordinates":[[98.0,34.45],[97.0,34.63],[96.63,35.0],[96.73,35.25],[97.5,34.98],[97.75,35.16],[98.25,35.02],[98.32,34.75],[98.0,34.45]]}},{"type":"Feature","properties":{"level":1028},"geometry":{"type":"LineString","coordinates":[[74.75,37.49],[73.58,37.75],[74.25,39.04],[74.53,39.0],[74.36,38.75],[74.89,38.0],[74.75,37.49]]}},{"type":"Feature","properties":{"level":1028},"geometry":{"type":"LineString","coordinates":[[93.75,37.86],[93.6,38.0],[93.75,38.1],[94.5,38.3],[95.09,38.0],[93.75,37.86]]}},{"type":"Feature","properties":{"level":1028},"geometry":{"type":"LineString","coordinates":[[91.75,38.17],[91.06,38.5],[92.1,38.5],[92.0,38.06],[91.75,38.17]]}},{"type":"Feature","properties":{"level":1028},"geometry":{"type":"LineString","coordinates":[[21.95,38.5],[22.75,38.4],[23.0,39.13],[24.25,40.33],[26.75,40.41],[28.25,40.92],[29.75,41.03],[32.0,41.95],[32.85,42.0],[32.54,41.75],[32.75,41.38],[34.5,40.92],[35.0,40.47],[36.5,40.02],[38.06,40.0],[38.0,40.25],[38.25,40.3],[39.5,40.19],[39.75,40.44],[41.0,40.62],[42.25,41.16],[42.45,41.5],[42.0,41.83],[41.25,41.5],[40.0,41.56],[38.75,42.04],[37.62,43.0],[37.0,44.0],[35.74,44.75],[35.17,45.5],[35.02,46.5],[35.8,48.0],[36.12,49.25],[35.55,50.75],[35.78,51.5],[35.65,52.0],[34.74,53.0],[35.46,53.75],[35.0,54.47],[34.5,54.25],[33.5,54.91],[32.5,54.9],[32.0,55.33],[31.0,55.03],[26.0,55.22],[24.0,54.99],[23.0,55.33],[22.59,56.0],[21.75,56.47],[15.5,56.5],[13.5,56.08],[12.75,55.6],[10.75,54.99],[8.25,54.6],[6.5,55.57],[2.5,56.31],[0.0,56.14],[-1.5,55.78],[-5.0,55.89],[-10.25,53.57],[-11.02,53.0],[-11.51,52.0],[-12.55,51.0],[-15.5,50.17],[-19.36,48.0],[-21.99,46.0],[-23.0,44.5],[-22.85,43.25],[-22.11,42.0],[-21.0,41.42],[-20.0,41.28],[-17.5,42.21],[-12.75,44.97],[-10.25,45.97],[-6.25,47.13],[-4.67,48.0],[-3.3,48.0],[-1.5,48.51],[0.75,48.52],[3.25,49.58],[5.5,49.66],[7.07,49.25],[7.5,48.93],[8.25,49.1],[7.89,47.75],[9.75,47.73],[9.88,47.5],[8.0,47.06],[6.62,46.25],[6.34,45.75],[6.43,45.5],[5.92,45.25],[5.68,44.75],[6.19,44.5],[6.59,43.75],[7.75,43.92],[8.62,44.5],[8.25,44.68],[7.75,44.52],[7.48,45.0],[8.75,45.68],[11.0,45.33],[13.24,45.75],[13.5,45.62],[13.35,45.25],[13.75,44.85],[14.75,44.95],[15.25,44.33],[17.75,43.35],[18.5,42.61],[19.29,42.5],[20.01,41.75],[20.54,40.0],[21.95,38.5]]}},{"type":"Feature","properties":{"level":1028},"geometry":{"type":"LineString","coordinates":[[69.47,39.25],[70.97,39.5],[69.75,39.52],[69.47,39.25]]}},{"type":"Feature","properties":{"level":1028},"geometry":{"type":"LineString","coordinates":[[15.95,39.75],[16.41,40.0],[16.01,40.75],[14.0,42.5],[13.0,43.75],[9.75,44.91],[8.98,44.75],[9.03,44.5],[10.5,44.04],[11.25,44.1],[12.75,43.25],[13.25,42.28],[13.16,42.0],[13.5,42.11],[13.48,41.75],[15.0,41.34],[14.98,40.75],[15.38,40.75],[15.45,40.25],[15.75,40.21],[15.95,39.75]]}},{"type":"Feature","properties":{"level":1028},"geometry":{"type":"LineString","coordinates":[[45.12,42.75],[46.0,42.68],[46.59,43.0],[43.25,43.96],[42.53,43.75],[43.75,42.97],[45.12,42.75]]}},{"type":"Feature","properties":{"level":1028},"geometry":{"type":"LineString","coordinates":[[94.09,43.0],[94.75,42.83],[95.14,43.0],[93.5,44.19],[92.0,44.63],[90.0,43.67],[88.5,44.02],[88.0,43.75],[89.75,43.26],[91.75,43.59],[94.09,43.0]]}},{"type":"Feature","properties":{"level":1028},"geometry":{"type":"LineString","coordinates":[[41.0,43.75],[42.43,43.75],[41.76,44.0],[42.23,44.25],[41.5,44.43],[40.0,44.46],[39.47,44.25],[40.0,43.85],[41.0,43.75]]}},{"type":"Feature","properties":{"level":1028},"geometry":{"type":"LineString","coordinates":[[34.0,43.94],[34.27,44.0],[34.0,43.94]]}},{"type":"Feature","properties":{"level":1028},"geometry":{"type":"LineString","coordinates":[[99.0,44.95],[98.0,45.36],[97.25,45.36],[96.61,46.0],[97.5,45.97],[98.0,46.31],[98.5,46.03],[99.25,46.1],[100.2,45.75],[100.37,45.25],[99.0,44.95]]}},{"type":"Feature","properties":{"level":1028},"geometry":{"type":"LineString","coordinates":[[84.65,46.75],[86.06,47.0],[85.04,47.0],[84.65,46.75]]}},{"type":"Feature","properties":{"level":1028},"geometry":{"type":"LineString","coordinates":[[104.58,52.0],[105.25,51.92],[107.25,53.46],[107.5,53.25],[107.91,54.0],[108.62,54.5],[108.83,55.25],[108.5,55.02],[108.0,55.18],[107.5,55.02],[106.75,54.42],[104.91,53.75],[104.73,53.25],[105.05,53.0],[104.75,52.84],[104.58,52.0]]}},{"type":"Feature","properties":{"level":1028},"geometry":{"type":"LineString","coordinates":[[36.71,57.25],[37.25,57.09],[38.75,57.25],[47.25,61.45],[52.75,62.84],[57.0,63.47],[58.5,63.33],[59.75,62.75],[61.5,63.23],[65.5,63.56],[76.25,62.87],[77.25,62.95],[77.83,63.25],[78.0,64.25],[76.17,65.5],[74.52,66.0],[71.25,66.31],[67.25,66.23],[65.25,66.45],[65.24,66.75],[66.13,67.25],[65.88,67.75],[65.5,67.91],[62.75,67.42],[55.5,67.24],[48.5,66.11],[42.93,64.5],[38.19,61.75],[37.37,60.75],[37.3,60.5],[37.75,60.18],[37.05,60.0],[36.78,59.5],[36.86,59.25],[36.41,58.25],[36.71,57.25]]}},{"type":"Feature","properties":{"level":1028},"geometry":{"type":"LineString","coordinates":[[37.75,58.18],[37.59,58.5],[37.75,58.61],[38.25,58.58],[38.6,58.25],[38.25,58.07],[37.75,58.18]]}},{"type":"Feature","properties":{"level":1032},"geometry":{"type":"LineString","coordinates":[[116.87,-89.5],[134.81,-89.5],[135.03,-89.25],[116.87,-89.5]]}},{"type":"Feature","properties":{"level":1032},"geometry":{"type":"LineString","coordinates":[[72.11,-88.5],[101.25,-88.6],[113.85,-88.25],[111.3,-87.75],[110.98,-87.25],[112.93,-86.25],[113.25,-85.75],[114.06,-85.25],[112.73,-84.25],[114.42,-83.25],[114.26,-83.0],[112.11,-82.75],[111.78,-82.5],[115.25,-82.72],[118.0,-82.48],[119.15,-82.25],[118.89,-81.75],[121.1,-81.0],[121.42,-80.75],[121.35,-80.5],[126.5,-79.88],[127.05,-79.5],[125.44,-78.5],[125.49,-78.0],[126.72,-77.25],[127.14,-76.5],[126.25,-75.91],[122.5,-75.64],[117.75,-76.87],[113.75,-76.83],[107.14,-75.75],[102.25,-74.33],[97.5,-73.88],[94.5,-73.93],[88.18,-75.25],[86.33,-76.75],[86.25,-77.36],[85.25,-77.75],[77.14,-78.5],[77.41,-78.75],[79.4,-79.25],[79.0,-79.43],[75.5,-79.29],[67.5,-79.9],[66.94,-80.25],[67.36,-81.0],[66.97,-81.25],[67.04,-81.75],[66.52,-82.0],[70.25,-82.2],[74.5,-81.48],[83.0,-81.41],[85.95,-81.0],[86.75,-80.65],[89.75,-80.57],[92.59,-81.0],[90.25,-81.6],[84.05,-82.0],[83.57,-82.25],[83.62,-82.5],[92.33,-82.25],[88.5,-83.56],[85.25,-83.69],[83.05,-84.25],[87.25,-84.01],[89.25,-83.53],[96.55,-82.75],[96.21,-83.0],[92.9,-83.75],[88.94,-84.25],[64.25,-85.66],[62.06,-86.0],[61.36,-86.25],[61.3,-86.5],[54.79,-87.0],[57.0,-87.4],[72.11,-88.5]]}},{"type":"Feature","properties":{"level":1032},"geometry":{"type":"LineString","coordinates":[[114.7,-88.25],[118.41,-88.25],[114.7,-88.25]]}},{"type":"Feature","properties":{"level":1032},"geometry":{"type":"LineString","coordinates":[[95.5,-81.77],[96.5,-81.39],[97.8,-81.5],[95.5,-81.77]]}},{"type":"Feature","properties":{"level":1032},"geometry":{"type":"LineString","coordinates":[[48.83,-81.5],[53.0,-81.54],[53.26,-81.5],[52.95,-81.25],[56.75,-80.79],[56.2,-79.25],[56.72,-78.5],[55.75,-78.07],[51.75,-77.4],[48.25,-77.14],[47.2,-77.25],[45.5,-77.85],[44.25,-77.88],[43.0,-78.41],[40.69,-78.5],[38.9,-79.25],[39.06,-79.5],[40.0,-79.77],[40.83,-80.5],[48.83,-81.5]]}},{"type":"Feature","properties":{"level":1032},"geometry":{"type":"LineString","coordinates":[[75.5,-80.52],[76.0,-80.15],[77.42,-79.75],[79.0,-79.55],[79.81,-79.75],[77.5,-80.52],[75.5,-80.52]]}},{"type":"Feature","properties":{"level":1032},"geometry":{"type":"LineString","coordinates":[[37.76,-77.5],[38.97,-77.5],[37.92,-77.25],[38.75,-77.22],[41.0,-76.39],[41.26,-76.25],[40.65,-76.0],[41.75,-75.5],[39.5,-75.27],[33.56,-75.75],[34.75,-76.67],[34.85,-77.0],[37.76,-77.5]]}},{"type":"Feature","properties":{"level":1032},"geometry":{"type":"LineString","coordinates":[[166.74,-46.0],[167.0,-46.12],[167.75,-45.81],[168.25,-45.36],[168.75,-45.49],[169.0,-45.09],[169.5,-45.46],[170.19,-45.5],[170.25,-45.78],[171.0,-45.22],[172.25,-46.06],[175.25,-46.01],[177.13,-45.5],[178.25,-44.85],[178.61,-44.25],[178.64,-43.5],[178.36,-42.75],[177.36,-42.0],[177.37,-41.0],[176.97,-40.25],[176.93,-39.25],[176.75,-39.01],[175.53,-39.0],[175.34,-39.5],[175.0,-39.59],[174.25,-39.21],[174.0,-39.44],[174.05,-39.75],[173.25,-40.07],[172.75,-39.86],[172.25,-40.02],[170.0,-39.87],[169.65,-40.5],[169.8,-41.25],[169.26,-43.0],[166.69,-45.5],[166.74,-46.0]]}},{"type":"Feature","properties":{"level":1032},"geometry":{"type":"LineString","coordinates":[[24.92,-45.75],[26.5,-45.7],[28.75,-45.23],[30.81,-44.0],[31.64,-42.75],[31.58,-42.0],[30.36,-40.75],[28.25,-40.1],[27.25,-39.52],[24.5,-39.42],[22.25,-38.79],[21.84,-39.25],[21.98,-39.5],[20.91,-39.75],[21.42,-40.25],[21.55,-41.25],[21.21,-41.5],[21.49,-41.75],[21.65,-43.0],[22.68,-44.75],[23.5,-44.91],[24.92,-45.75]]}},{"type":"Feature","properties":{"level":1032},"geometry":{"type":"LineString","coordinates":[[169.38,-45.75],[169.5,-45.93],[169.5,-45.63],[169.38,-45.75]]}},{"type":"Feature","properties":{"level":1032},"geometry":{"type":"LineString","coordinates":[[21.62,-45.25],[21.8,-45.25],[21.86,-44.75],[21.18,-43.75],[21.05,-43.0],[20.68,-42.75],[20.47,-43.0],[20.77,-44.0],[21.62,-45.25]]}},{"type":"Feature","properties":{"level":1032},"geometry":{"type":"LineString","coordinates":[[57.47,-41.5],[61.5,-41.61],[65.5,-40.95],[66.74,-40.25],[67.38,-39.5],[68.5,-38.8],[70.69,-38.0],[71.2,-37.0],[70.5,-36.56],[64.0,-35.11],[59.36,-32.25],[57.75,-31.55],[55.25,-31.11],[53.75,-31.59],[52.25,-31.41],[51.25,-31.68],[50.75,-32.08],[50.0,-31.84],[49.75,-32.45],[48.38,-33.5],[48.13,-34.25],[47.11,-35.5],[46.89,-37.5],[48.16,-38.75],[50.0,-39.74],[53.5,-40.77],[57.47,-41.5]]}},{"type":"Feature","properties":{"level":1032},"geometry":{"type":"LineString","coordinates":[[85.61,34.25],[86.0,34.09],[86.25,34.35],[86.51,34.25],[86.5,34.5],[85.36,34.75],[85.5,35.19],[86.13,35.75],[86.06,36.0],[87.71,36.5],[86.47,36.75],[88.0,37.47],[88.75,37.44],[88.04,38.25],[87.06,38.0],[87.4,37.5],[87.25,37.32],[87.0,37.64],[86.75,37.43],[86.25,37.53],[83.75,36.59],[82.49,36.5],[81.75,36.06],[80.0,36.02],[79.5,36.29],[78.25,36.35],[78.12,36.75],[77.75,36.89],[77.09,36.75],[77.0,36.23],[76.0,36.47],[75.5,37.03],[74.28,37.25],[73.54,36.75],[74.5,36.47],[74.51,36.75],[75.0,36.96],[75.34,36.5],[74.79,36.0],[75.92,35.75],[77.0,34.89],[77.25,35.07],[78.0,34.58],[78.2,34.75],[77.75,35.2],[77.5,36.13],[78.19,35.75],[79.5,35.54],[81.0,34.8],[81.85,35.0],[82.25,34.52],[83.5,34.26],[84.0,34.63],[84.5,34.46],[84.75,34.79],[85.61,34.25]]}},{"type":"Feature","properties":{"level":1032},"geometry":{"type":"LineString","coordinates":[[93.74,35.75],[94.59,36.0],[94.0,36.28],[92.64,36.25],[93.74,35.75]]}},{"type":"Feature","properties":{"level":1032},"geometry":{"type":"LineString","coordinates":[[94.67,35.75],[95.87,36.0],[95.0,36.07],[94.67,35.75]]}},{"type":"Feature","properties":{"level":1032},"geometry":{"type":"LineString","coordinates":[[90.8,37.25],[91.25,37.09],[91.42,37.25],[90.5,37.82],[90.16,37.75],[90.8,37.25]]}},{"type":"Feature","properties":{"level":1032},"geometry":{"type":"LineString","coordinates":[[88.58,38.25],[89.67,38.25],[88.58,38.25]]}},{"type":"Feature","properties":{"level":1032},"geometry":{"type":"LineString","coordinates":[[71.72,38.5],[72.5,38.31],[73.2,39.25],[72.75,39.4],[71.39,39.0],[71.72,38.5]]}},{"type":"Feature","properties":{"level":1032},"geometry":{"type":"LineString","coordinates":[[24.15,41.5],[24.75,41.45],[25.12,41.75],[24.04,42.25],[24.22,42.5],[25.25,42.48],[26.24,42.75],[26.43,43.0],[24.5,43.22],[23.75,43.1],[22.5,43.62],[22.5,43.03],[22.78,43.0],[22.25,42.78],[22.25,42.42],[22.55,42.25],[22.8,42.75],[23.25,42.84],[23.42,42.75],[23.17,42.5],[23.41,41.75],[24.15,41.5]]}},{"type":"Feature","properties":{"level":1032},"geometry":{"type":"LineString","coordinates":[[79.91,41.75],[81.71,42.25],[81.5,42.45],[79.75,42.36],[79.48,42.0],[79.91,41.75]]}},{"type":"Feature","properties":{"level":1032},"geometry":{"type":"LineString","coordinates":[[22.03,44.75],[22.25,44.61],[23.25,45.04],[25.75,44.99],[26.75,45.44],[26.88,45.75],[26.2,47.25],[25.56,48.0],[24.0,48.76],[22.75,49.04],[24.55,47.25],[25.22,46.0],[24.75,45.81],[23.5,45.94],[22.5,45.61],[21.97,45.0],[22.03,44.75]]}},{"type":"Feature","properties":{"level":1032},"geometry":{"type":"LineString","coordinates":[[106.34,45.75],[106.5,45.53],[107.75,46.0],[107.95,46.5],[107.6,47.5],[108.25,47.87],[108.5,47.77],[110.28,48.75],[111.5,49.76],[112.25,49.96],[112.56,50.25],[112.25,50.71],[111.23,51.0],[111.5,51.25],[111.25,51.38],[110.75,51.1],[109.0,51.27],[108.7,51.0],[108.82,50.75],[108.0,50.25],[107.44,50.25],[106.11,48.25],[106.97,47.5],[106.88,46.75],[106.25,46.23],[106.0,46.32],[106.34,45.75]]}},{"type":"Feature","properties":{"level":1032},"geometry":{"type":"LineString","coordinates":[[22.79,46.25],[23.25,46.06],[23.58,46.5],[22.75,46.91],[22.57,46.5],[22.79,46.25]]}},{"type":"Feature","properties":{"level":1032},"geometry":{"type":"LineString","coordinates":[[98.24,47.5],[98.5,47.88],[99.14,48.0],[99.09,48.25],[98.0,48.12],[97.88,48.0],[98.24,47.5]]}},{"type":"Feature","properties":{"level":1032},"geometry":{"type":"LineString","coordinates":[[97.12,49.5],[97.5,49.27],[97.96,49.5],[96.87,49.75],[97.12,49.5]]}},{"type":"Feature","properties":{"level":1032},"geometry":{"type":"LineString","coordinates":[[98.44,49.5],[98.75,49.37],[99.4,49.75],[100.15,50.75],[100.0,51.14],[99.0,50.63],[99.0,51.43],[98.24,51.25],[99.24,51.75],[99.0,52.67],[98.33,52.75],[98.25,53.06],[97.25,52.86],[97.63,52.5],[96.61,52.25],[96.77,52.0],[97.25,51.93],[97.5,51.47],[97.0,51.45],[96.25,51.82],[95.5,51.73],[95.18,51.0],[95.25,50.38],[96.25,49.94],[96.5,50.09],[96.75,49.92],[97.25,50.26],[97.75,49.88],[98.25,50.65],[98.62,50.25],[98.14,50.0],[98.44,49.5]]}},{"type":"Feature","properties":{"level":1032},"geometry":{"type":"LineString","coordinates":[[103.71,51.0],[105.09,51.0],[103.71,51.0]]}},{"type":"Feature","properties":{"level":1036},"geometry":{"type":"LineString","coordinates":[[73.34,-88.25],[82.25,-88.49],[97.0,-88.4],[103.75,-88.2],[107.0,-87.86],[110.75,-86.38],[111.72,-85.5],[111.63,-85.25],[109.75,-84.5],[109.82,-84.25],[111.78,-83.5],[111.76,-83.25],[110.09,-82.75],[109.77,-82.25],[111.0,-81.79],[115.82,-81.25],[114.52,-80.75],[115.95,-80.25],[116.2,-80.0],[115.82,-79.75],[115.91,-79.5],[117.5,-79.04],[117.77,-78.5],[118.73,-78.0],[118.0,-77.57],[111.75,-76.8],[107.75,-76.04],[102.0,-74.41],[97.0,-73.96],[93.75,-74.11],[91.32,-74.75],[89.69,-75.5],[89.78,-76.0],[88.75,-76.36],[88.39,-77.0],[87.08,-77.75],[80.61,-78.75],[80.3,-79.0],[80.4,-79.75],[79.25,-80.32],[76.5,-80.87],[74.44,-80.75],[76.46,-79.5],[75.5,-79.42],[68.5,-79.97],[67.93,-80.25],[67.83,-80.5],[68.26,-80.75],[68.25,-81.0],[67.78,-81.5],[68.75,-81.9],[70.75,-81.93],[74.5,-81.31],[81.5,-80.97],[82.5,-80.63],[82.75,-80.07],[83.25,-79.82],[92.5,-80.37],[95.42,-79.75],[95.47,-79.5],[94.89,-79.25],[95.15,-79.0],[97.74,-78.25],[100.5,-77.96],[105.61,-78.75],[105.93,-79.25],[104.2,-79.75],[110.08,-81.0],[107.5,-81.4],[102.75,-81.24],[102.84,-81.5],[104.07,-82.0],[103.25,-82.34],[92.5,-84.07],[72.42,-86.0],[69.68,-86.5],[59.04,-87.0],[60.03,-87.25],[73.34,-88.25]]}},{"type":"Feature","properties":{"level":1036},"geometry":{"type":"LineString","coordinates":[[114.67,-82.25],[115.87,-82.25],[114.67,-82.25]]}},{"type":"Feature","properties":{"level":1036},"geometry":{"type":"LineString","coordinates":[[49.02,-81.0],[53.25,-81.03],[55.75,-80.59],[55.92,-80.5],[55.43,-79.25],[55.88,-78.5],[48.25,-77.44],[43.0,-78.67],[41.25,-78.74],[40.63,-79.5],[41.08,-80.0],[41.75,-80.22],[49.02,-81.0]]}},{"type":"Feature","properties":{"level":1036},"geometry":{"type":"LineString","coordinates":[[37.68,-76.75],[39.0,-76.77],[39.5,-76.44],[40.52,-76.25],[39.5,-76.03],[36.88,-76.5],[37.68,-76.75]]}},{"type":"Feature","properties":{"level":1036},"geometry":{"type":"LineString","coordinates":[[120.55,-76.75],[123.5,-76.86],[125.3,-76.25],[122.0,-75.94],[120.28,-76.5],[120.55,-76.75]]}},{"type":"Feature","properties":{"level":1036},"geometry":{"type":"LineString","coordinates":[[76.98,35.0],[77.25,35.29],[77.5,35.01],[77.5,35.84],[75.75,36.58],[75.19,36.25],[76.5,35.59],[76.98,35.0]]}},{"type":"Feature","properties":{"level":1036},"geometry":{"type":"LineString","coordinates":[[80.4,35.25],[82.0,35.11],[83.05,35.75],[82.75,35.94],[81.75,35.64],[80.0,35.82],[79.5,36.16],[79.29,36.0],[80.4,35.25]]}},{"type":"Feature","properties":{"level":1036},"geometry":{"type":"LineString","coordinates":[[109.43,49.5],[110.39,49.5],[110.62,49.75],[109.75,50.06],[110.0,49.75],[109.43,49.5]]}},{"type":"Feature","properties":{"level":1040},"geometry":{"type":"LineString","coordinates":[[79.18,-88.25],[101.25,-87.94],[105.5,-87.39],[108.79,-86.5],[109.51,-86.0],[109.25,-85.47],[106.37,-85.0],[105.25,-84.46],[102.5,-83.91],[101.3,-83.25],[100.75,-83.22],[97.86,-83.75],[79.87,-85.75],[78.66,-86.0],[78.46,-86.25],[76.54,-86.5],[63.01,-87.0],[74.25,-88.03],[79.18,-88.25]]}},{"type":"Feature","properties":{"level":1040},"geometry":{"type":"LineString","coordinates":[[107.75,-83.25],[108.51,-83.0],[107.73,-82.5],[106.5,-82.32],[105.0,-82.42],[104.0,-82.75],[107.75,-83.25]]}},{"type":"Feature","properties":{"level":1040},"geometry":{"type":"LineString","coordinates":[[69.21,-81.75],[71.0,-81.81],[73.03,-81.5],[73.74,-81.25],[73.02,-81.0],[73.16,-80.75],[75.34,-79.75],[73.75,-79.69],[68.97,-80.25],[68.61,-80.5],[68.97,-81.0],[68.34,-81.5],[69.21,-81.75]]}},{"type":"Feature","properties":{"level":1040},"geometry":{"type":"LineString","coordinates":[[47.97,-80.75],[54.0,-80.75],[54.7,-80.5],[52.21,-79.5],[54.5,-78.89],[54.97,-78.5],[47.75,-77.75],[42.5,-78.98],[41.57,-79.5],[42.0,-79.87],[43.25,-80.15],[47.97,-80.75]]}},{"type":"Feature","properties":{"level":1040},"geometry":{"type":"LineString","coordinates":[[79.25,-80.75],[80.5,-80.81],[81.69,-80.5],[81.79,-80.0],[83.0,-79.59],[88.25,-80.13],[91.25,-79.98],[93.5,-79.41],[96.25,-78.2],[101.66,-77.5],[106.0,-78.45],[107.0,-78.33],[108.0,-77.81],[111.0,-77.81],[112.62,-77.5],[111.81,-77.0],[107.25,-76.11],[101.86,-74.5],[97.25,-74.06],[94.25,-74.11],[91.94,-74.75],[91.73,-75.0],[92.02,-75.5],[91.6,-76.25],[91.25,-76.54],[90.0,-76.81],[89.5,-77.33],[86.5,-78.13],[81.75,-78.83],[81.34,-79.0],[81.93,-79.25],[81.24,-79.5],[81.71,-80.0],[79.25,-80.75]]}},{"type":"Feature","properties":{"level":1040},"geometry":{"type":"LineString","coordinates":[[109.67,-80.25],[110.99,-80.0],[109.75,-79.69],[108.91,-80.0],[109.67,-80.25]]}},{"type":"Feature","properties":{"level":1040},"geometry":{"type":"LineString","coordinates":[[80.63,35.25],[82.0,35.23],[82.32,35.5],[81.75,35.34],[81.25,35.63],[80.16,35.75],[80.13,35.5],[80.63,35.25]]}},{"type":"Feature","properties":{"level":1044},"geometry":{"type":"LineString","coordinates":[[74.21,-87.75],[78.25,-87.96],[85.25,-87.84],[103.25,-87.12],[106.25,-86.75],[107.55,-86.25],[107.53,-86.0],[106.75,-85.77],[100.25,-85.06],[89.75,-85.04],[87.08,-85.5],[87.12,-85.75],[89.48,-86.0],[87.54,-86.25],[69.23,-87.0],[68.47,-87.25],[74.21,-87.75]]}},{"type":"Feature","properties":{"level":1044},"geometry":{"type":"LineString","coordinates":[[69.04,-81.5],[70.5,-81.72],[72.55,-81.5],[72.62,-81.25],[72.02,-81.0],[73.23,-80.5],[73.43,-80.0],[69.5,-80.38],[69.24,-80.5],[69.85,-81.25],[69.04,-81.5]]}},{"type":"Feature","properties":{"level":1044},"geometry":{"type":"LineString","coordinates":[[46.98,-80.5],[51.5,-80.73],[53.25,-80.5],[49.97,-79.75],[50.14,-79.5],[51.89,-79.0],[52.24,-78.5],[50.75,-78.54],[48.5,-78.05],[45.16,-78.5],[42.14,-79.5],[43.5,-79.97],[46.98,-80.5]]}},{"type":"Feature","properties":{"level":1044},"geometry":{"type":"LineString","coordinates":[[88.32,-80.0],[91.75,-79.64],[94.5,-78.76],[95.75,-78.0],[101.0,-77.17],[102.77,-77.25],[106.0,-78.28],[107.75,-77.34],[109.76,-77.25],[110.43,-77.0],[106.75,-76.18],[101.15,-74.5],[97.0,-74.13],[94.25,-74.17],[92.35,-74.75],[92.71,-75.75],[91.5,-76.9],[90.5,-76.9],[89.25,-77.73],[82.63,-79.0],[82.79,-79.25],[83.75,-79.5],[88.32,-80.0]]}},{"type":"Feature","properties":{"level":1048},"geometry":{"type":"LineString","coordinates":[[75.29,-87.5],[82.34,-87.5],[103.0,-86.7],[105.17,-86.5],[105.43,-86.25],[104.0,-85.98],[100.25,-85.99],[73.45,-87.25],[75.29,-87.5]]}},{"type":"Feature","properties":{"level":1048},"geometry":{"type":"LineString","coordinates":[[70.1,-81.5],[71.88,-81.5],[71.25,-81.26],[70.1,-81.5]]}},{"type":"Feature","properties":{"level":1048},"geometry":{"type":"LineString","coordinates":[[70.53,-80.75],[70.75,-80.87],[71.44,-80.5],[70.09,-80.5],[70.53,-80.75]]}},{"type":"Feature","properties":{"level":1048},"geometry":{"type":"LineString","coordinates":[[48.22,-80.5],[51.54,-80.5],[46.0,-79.77],[43.47,-79.75],[48.22,-80.5]]}},{"type":"Feature","properties":{"level":1048},"geometry":{"type":"LineString","coordinates":[[86.52,-79.75],[88.5,-79.88],[91.0,-79.64],[94.16,-78.75],[94.63,-78.25],[93.5,-78.22],[93.23,-78.0],[94.93,-76.75],[95.0,-76.07],[95.25,-75.97],[96.2,-76.25],[95.87,-77.25],[95.51,-77.5],[95.75,-77.65],[97.5,-77.53],[98.25,-77.19],[99.75,-77.27],[100.0,-76.89],[101.0,-76.81],[103.48,-77.25],[105.75,-78.07],[106.78,-77.5],[107.0,-76.88],[107.75,-76.95],[107.97,-76.75],[103.05,-75.5],[101.57,-74.75],[100.47,-74.5],[96.75,-74.2],[94.11,-74.25],[92.68,-74.75],[93.16,-75.75],[92.0,-77.07],[90.75,-77.08],[89.5,-77.93],[88.25,-77.9],[84.25,-78.78],[83.46,-79.25],[86.52,-79.75]]}},{"type":"Feature","properties":{"level":1048},"geometry":{"type":"LineString","coordinates":[[46.76,-79.0],[49.5,-79.21],[50.55,-79.0],[50.67,-78.75],[47.5,-78.37],[46.47,-78.5],[46.16,-78.75],[46.76,-79.0]]}},{"type":"Feature","properties":{"level":1052},"geometry":{"type":"LineString","coordinates":[[88.04,-79.75],[91.0,-79.54],[93.76,-78.75],[93.5,-78.58],[89.0,-79.17],[87.55,-79.0],[92.25,-78.02],[94.07,-76.75],[94.31,-76.0],[94.75,-75.67],[96.52,-76.0],[97.25,-77.1],[98.75,-76.92],[99.75,-76.46],[101.75,-76.73],[105.25,-77.68],[106.0,-77.62],[106.39,-77.25],[106.12,-76.75],[105.5,-76.41],[101.43,-75.5],[99.65,-74.5],[96.5,-74.28],[94.0,-74.39],[92.98,-74.75],[93.41,-75.5],[93.41,-76.0],[92.25,-77.23],[90.75,-77.26],[89.75,-78.09],[88.25,-78.02],[84.2,-79.0],[84.39,-79.25],[88.04,-79.75]]}},{"type":"Feature","properties":{"level":1056},"geometry":{"type":"LineString","coordinates":[[89.05,-79.5],[90.37,-79.5],[89.05,-79.5]]}},{"type":"Feature","properties":{"level":1056},"geometry":{"type":"LineString","coordinates":[[85.01,-79.0],[86.07,-79.0],[85.01,-79.0]]}},{"type":"Feature","properties":{"level":1056},"geometry":{"type":"LineString","coordinates":[[86.21,-78.75],[88.0,-78.65],[89.38,-78.25],[88.25,-78.14],[86.21,-78.75]]}},{"type":"Feature","properties":{"level":1056},"geometry":{"type":"LineString","coordinates":[[90.51,-78.0],[91.55,-77.75],[90.75,-77.5],[90.36,-77.75],[90.51,-78.0]]}},{"type":"Feature","properties":{"level":1056},"geometry":{"type":"LineString","coordinates":[[104.27,-77.25],[105.25,-77.47],[105.9,-77.25],[105.92,-77.0],[105.0,-76.45],[100.6,-75.5],[98.74,-74.5],[95.0,-74.46],[93.32,-74.75],[94.0,-75.58],[94.24,-75.0],[94.7,-75.0],[94.33,-75.25],[96.87,-75.75],[98.0,-76.44],[100.5,-76.08],[101.5,-76.57],[104.27,-77.25]]}},{"type":"Feature","properties":{"level":1060},"geometry":{"type":"LineString","coordinates":[[103.48,-77.0],[105.0,-77.19],[105.36,-77.0],[105.25,-76.73],[101.25,-75.93],[101.66,-76.5],[103.48,-77.0]]}},{"type":"Feature","properties":{"level":1060},"geometry":{"type":"LineString","coordinates":[[98.17,-75.75],[99.17,-75.5],[98.61,-74.75],[97.75,-74.52],[95.34,-74.75],[98.17,-75.75]]}},{"type":"Feature","properties":{"level":1064},"geometry":{"type":"LineString","coordinates":[[102.95,-76.75],[103.56,-76.75],[102.5,-76.29],[102.04,-76.5],[102.95,-76.75]]}}]}