{"type":"FeatureCollection","features":[{"type":"Feature","properties":{"level":952},"geometry":{"type":"LineString","coordinates":[[114.25,-64.53],[113.63,-64.25],[113.25,-63.72],[113.75,-63.43],[114.5,-63.45],[115.41,-63.75],[115.86,-64.25],[115.85,-64.5],[115.5,-64.62],[114.25,-64.53]]}},{"type":"Feature","properties":{"level":956},"geometry":{"type":"LineString","coordinates":[[116.25,-65.5],[113.25,-65.14],[110.75,-64.48],[109.67,-63.25],[109.59,-62.75],[110.48,-62.25],[112.25,-62.0],[116.01,-62.75],[117.38,-63.5],[118.31,-64.5],[118.0,-65.13],[116.25,-65.5]]}},{"type":"Feature","properties":{"level":956},"geometry":{"type":"LineString","coordinates":[[-103.25,-63.52],[-103.98,-63.25],[-103.5,-63.05],[-102.72,-63.5],[-103.25,-63.52]]}},{"type":"Feature","properties":{"level":956},"geometry":{"type":"LineString","coordinates":[[-10.5,68.66],[-10.64,68.75],[-10.0,68.89],[-8.97,68.75],[-10.5,68.66]]}},{"type":"Feature","properties":{"level":960},"geometry":{"type":"LineString","coordinates":[[111.5,-66.1],[111.25,-66.0],[111.5,-65.72],[107.8,-63.75],[107.53,-63.0],[107.74,-62.5],[108.75,-61.94],[110.75,-61.52],[114.5,-61.65],[117.88,-62.75],[119.38,-63.75],[120.09,-64.75],[119.82,-65.5],[118.5,-65.96],[116.75,-66.07],[114.0,-65.83],[111.5,-66.1]]}},{"type":"Feature","properties":{"level":960},"geometry":{"type":"LineString","coordinates":[[-175.25,-65.77],[-176.5,-65.5],[-177.03,-65.0],[-176.5,-64.43],[-173.75,-63.05],[-171.75,-63.09],[-170.14,-64.75],[-171.75,-65.44],[-175.25,-65.77]]}},{"type":"Feature","properties":{"level":960},"geometry":{"type":"LineString","coordinates":[[-107.5,-64.26],[-109.55,-63.5],[-109.84,-63.25],[-109.79,-63.0],[-107.25,-62.09],[-104.25,-61.89],[-101.25,-62.26],[-100.15,-63.25],[-99.85,-64.0],[-102.5,-64.44],[-107.5,-64.26]]}},{"type":"Feature","properties":{"level":960},"geometry":{"type":"LineString","coordinates":[[99.25,-52.51],[99.02,-52.25],[99.4,-52.25],[99.25,-52.51]]}},{"type":"Feature","properties":{"level":960},"geometry":{"type":"LineString","coordinates":[[-11.0,67.96],[-13.08,68.75],[-13.49,69.25],[-13.53,69.75],[-12.25,70.45],[-9.75,70.66],[-7.5,69.91],[-6.93,69.5],[-6.5,68.75],[-7.5,68.26],[-8.78,68.0],[-11.0,67.96]]}},{"type":"Feature","properties":{"level":964},"geometry":{"type":"LineString","coordinates":[[-106.5,-75.25],[-107.69,-75.0],[-105.91,-75.0],[-106.5,-75.25]]}},{"type":"Feature","properties":{"level":964},"geometry":{"type":"LineString","coordinates":[[111.75,-66.76],[106.51,-64.25],[105.7,-63.25],[105.76,-62.5],[107.0,-61.62],[109.0,-61.06],[111.5,-60.79],[114.25,-60.94],[116.75,-61.51],[119.07,-62.5],[121.0,-63.78],[121.9,-65.0],[121.78,-65.75],[119.5,-66.43],[116.5,-66.55],[113.75,-66.2],[111.75,-66.76]]}},{"type":"Feature","properties":{"level":964},"geometry":{"type":"LineString","coordinates":[[-178.0,-66.28],[-178.83,-66.0],[-177.5,-64.3],[-176.0,-63.42],[-174.0,-62.65],[-171.0,-62.29],[-167.49,-64.0],[-168.02,-64.75],[-168.73,-65.25],[-171.25,-66.02],[-175.0,-66.49],[-178.0,-66.28]]}},{"type":"Feature","properties":{"level":964},"geometry":{"type":"LineString","coordinates":[[-127.25,-65.27],[-128.22,-65.0],[-128.38,-64.5],[-127.75,-64.11],[-127.0,-64.01],[-126.0,-64.14],[-125.48,-64.5],[-125.48,-64.75],[-126.0,-65.16],[-127.25,-65.27]]}},{"type":"Feature","properties":{"level":964},"geometry":{"type":"LineString","coordinates":[[-109.0,-65.25],[-118.75,-64.76],[-122.0,-64.38],[-122.22,-64.25],[-122.0,-63.97],[-122.52,-64.0],[-122.5,-63.62],[-122.82,-63.75],[-122.0,-63.19],[-117.0,-62.08],[-105.0,-61.25],[-102.25,-61.45],[-100.25,-61.93],[-98.2,-63.0],[-97.71,-63.75],[-98.22,-64.25],[-99.25,-64.63],[-103.0,-65.34],[-105.5,-65.47],[-109.0,-65.25]]}},{"type":"Feature","properties":{"level":964},"geometry":{"type":"LineString","coordinates":[[6.0,-63.52],[5.65,-62.75],[5.57,-61.75],[6.08,-59.5],[6.5,-59.03],[7.25,-58.85],[8.5,-59.06],[9.75,-59.75],[10.81,-60.75],[10.95,-61.75],[9.97,-62.75],[8.25,-63.37],[6.0,-63.52]]}},{"type":"Feature","properties":{"level":964},"geometry":{"type":"LineString","coordinates":[[38.75,-57.51],[37.15,-56.75],[37.25,-56.04],[37.75,-55.86],[38.43,-56.0],[39.5,-56.56],[40.08,-57.25],[39.78,-57.5],[38.75,-57.51]]}},{"type":"Feature","properties":{"level":964},"geometry":{"type":"LineString","coordinates":[[98.75,-53.32],[97.75,-52.53],[97.64,-52.0],[98.0,-51.61],[98.75,-51.38],[100.0,-51.42],[101.04,-52.25],[101.05,-52.75],[100.5,-53.26],[99.75,-53.44],[98.75,-53.32]]}},{"type":"Feature","properties":{"level":964},"geometry":{"type":"LineString","coordinates":[[-12.0,67.47],[-13.8,68.0],[-15.0,68.74],[-15.33,69.25],[-15.29,70.0],[-15.0,70.49],[-12.75,71.46],[-8.75,71.42],[-6.28,70.5],[-5.5,69.84],[-5.18,69.25],[-5.48,68.5],[-7.0,67.73],[-9.25,67.38],[-12.0,67.47]]}},{"type":"Feature","properties":{"level":968},"geometry":{"type":"LineString","coordinates":[[-109.75,-76.06],[-115.25,-75.04],[-117.0,-75.28],[-119.5,-74.94],[-126.5,-74.8],[-128.75,-75.04],[-132.25,-74.88],[-133.25,-75.09],[-133.75,-74.78],[-135.25,-74.56],[-136.25,-74.83],[-136.64,-74.5],[-130.75,-73.69],[-126.5,-73.78],[-126.81,-73.5],[-126.75,-73.19],[-126.37,-73.25],[-126.45,-73.0],[-124.5,-72.75],[-112.5,-72.57],[-109.24,-73.0],[-107.25,-73.75],[-104.0,-74.5],[-103.31,-74.75],[-103.2,-75.0],[-103.75,-75.38],[-106.0,-76.02],[-109.75,-76.06]]}},{"type":"Feature","properties":{"level":968},"geometry":{"type":"LineString","coordinates":[[-131.75,-67.77],[-133.39,-67.25],[-134.2,-66.75],[-132.97,-65.25],[-132.76,-63.75],[-132.43,-63.25],[-129.03,-61.25],[-125.0,-60.31],[-122.5,-60.23],[-121.0,-60.43],[-120.0,-60.26],[-118.25,-60.45],[-114.0,-60.22],[-111.0,-60.52],[-102.5,-60.69],[-98.63,-61.5],[-95.78,-62.75],[-95.42,-63.25],[-95.91,-64.0],[-97.25,-64.73],[-100.73,-66.0],[-102.75,-66.33],[-112.5,-67.09],[-123.75,-67.34],[-128.75,-67.9],[-131.75,-67.77]]}},{"type":"Feature","properties":{"level":968},"geometry":{"type":"LineString","coordinates":[[111.5,-67.03],[107.25,-65.88],[105.03,-64.75],[103.86,-63.25],[103.82,-62.5],[104.22,-61.75],[106.0,-60.71],[109.0,-60.02],[112.0,-59.98],[115.25,-60.37],[118.0,-61.12],[120.52,-62.25],[122.78,-63.75],[123.72,-64.75],[123.97,-65.5],[123.96,-65.75],[121.64,-66.75],[121.75,-67.03],[116.5,-67.08],[114.0,-66.59],[111.5,-67.03]]}},{"type":"Feature","properties":{"level":968},"geometry":{"type":"LineString","coordinates":[[180.0,-66.75],[179.62,-66.25],[180.0,-65.58]]}},{"type":"Feature","properties":{"level":968},"geometry":{"type":"LineString","coordinates":[[-180.0,-65.58],[-178.7,-64.25],[-177.0,-63.15],[-175.0,-62.34],[-172.25,-61.71],[-169.5,-61.76],[-166.25,-62.85],[-165.57,-63.5],[-165.99,-64.5],[-166.75,-65.05],[-168.5,-65.89],[-171.0,-66.61],[-176.25,-67.26],[-178.0,-67.21],[-180.0,-66.75]]}},{"type":"Feature","properties":{"level":968},"geometry":{"type":"LineString","coordinates":[[5.25,-64.78],[3.64,-63.5],[3.0,-62.03],[2.92,-60.75],[3.83,-58.25],[5.17,-57.0],[6.5,-56.66],[11.5,-56.29],[12.8,-58.25],[15.78,-59.75],[16.13,-61.25],[16.71,-62.5],[15.25,-63.42],[14.0,-63.8],[8.0,-64.84],[5.25,-64.78]]}},{"type":"Feature","properties":{"level":968},"geometry":{"type":"LineString","coordinates":[[39.75,-58.26],[38.0,-57.94],[36.5,-57.27],[36.17,-56.25],[36.47,-55.5],[37.75,-54.81],[39.5,-55.05],[42.0,-56.28],[43.0,-57.25],[42.78,-57.75],[42.25,-57.93],[39.75,-58.26]]}},{"type":"Feature","properties":{"level":968},"geometry":{"type":"LineString","coordinates":[[99.75,-54.76],[98.0,-54.37],[96.98,-53.75],[96.53,-53.0],[96.41,-52.25],[96.97,-51.25],[98.25,-50.65],[100.25,-50.57],[101.75,-51.04],[102.93,-52.0],[103.19,-53.0],[102.55,-54.0],[101.25,-54.64],[99.75,-54.76]]}},{"type":"Feature","properties":{"level":968},"geometry":{"type":"LineString","coordinates":[[109.5,-49.52],[108.78,-49.0],[108.64,-48.5],[109.0,-47.92],[109.5,-47.64],[110.63,-48.25],[110.7,-49.25],[110.25,-49.6],[109.5,-49.52]]}},{"type":"Feature","properties":{"level":968},"geometry":{"type":"LineString","coordinates":[[147.0,55.2],[146.57,55.75],[147.12,56.25],[148.25,56.22],[148.8,55.75],[148.25,55.14],[147.0,55.2]]}},{"type":"Feature","properties":{"level":968},"geometry":{"type":"LineString","coordinates":[[-12.0,66.97],[-14.12,67.5],[-15.94,68.5],[-16.43,69.75],[-16.18,70.5],[-14.89,71.5],[-13.0,72.17],[-9.5,72.35],[-7.38,72.0],[-5.25,71.2],[-4.5,70.67],[-3.8,69.75],[-3.85,69.0],[-4.41,68.25],[-6.5,67.28],[-9.0,66.82],[-12.0,66.97]]}},{"type":"Feature","properties":{"level":972},"geometry":{"type":"LineString","coordinates":[[-141.25,-81.78],[-139.16,-81.0],[-140.58,-80.5],[-135.75,-80.06],[-133.0,-80.48],[-131.5,-79.98],[-130.5,-79.93],[-127.75,-80.21],[-127.45,-80.75],[-127.75,-81.11],[-129.0,-81.57],[-131.5,-81.58],[-133.5,-81.18],[-140.0,-81.95],[-141.25,-81.78]]}},{"type":"Feature","properties":{"level":972},"geometry":{"type":"LineString","coordinates":[[-149.5,-81.26],[-150.25,-80.92],[-153.5,-80.78],[-153.87,-80.5],[-153.82,-80.25],[-152.5,-79.87],[-150.45,-79.75],[-150.75,-79.67],[-162.75,-80.13],[-170.71,-79.5],[-171.69,-79.25],[-171.12,-78.75],[-174.93,-77.75],[-175.82,-77.25],[-176.12,-76.75],[-176.06,-76.5],[-174.55,-75.5],[-173.0,-74.95],[-171.25,-74.83],[-167.0,-75.07],[-161.5,-76.12],[-156.75,-75.93],[-139.5,-72.22],[-138.04,-71.5],[-137.59,-70.0],[-138.49,-67.0],[-138.35,-65.25],[-138.03,-64.75],[-134.0,-61.4],[-129.0,-59.57],[-126.77,-59.0],[-123.75,-58.76],[-119.0,-58.78],[-117.75,-58.42],[-110.25,-59.34],[-103.0,-59.78],[-99.25,-60.25],[-95.78,-61.0],[-94.25,-61.72],[-93.73,-62.5],[-93.7,-63.25],[-93.94,-63.75],[-97.0,-65.84],[-103.25,-68.2],[-106.11,-69.0],[-108.02,-70.0],[-107.21,-70.75],[-103.32,-72.5],[-103.11,-73.0],[-102.1,-73.75],[-100.17,-74.5],[-99.84,-75.0],[-100.93,-75.25],[-102.25,-76.0],[-101.46,-76.5],[-106.0,-77.0],[-112.25,-76.95],[-114.0,-76.7],[-114.72,-76.25],[-114.19,-76.0],[-115.25,-75.84],[-122.25,-76.09],[-124.75,-75.4],[-126.0,-75.36],[-129.5,-75.94],[-131.0,-75.62],[-132.75,-75.98],[-133.75,-75.75],[-135.5,-76.16],[-136.5,-76.0],[-135.53,-75.75],[-136.75,-75.49],[-137.28,-75.75],[-141.5,-76.33],[-144.11,-76.25],[-144.48,-76.75],[-143.25,-77.0],[-144.5,-77.25],[-143.25,-77.46],[-143.09,-77.75],[-144.0,-78.03],[-145.25,-77.86],[-146.5,-78.08],[-149.75,-78.06],[-153.75,-77.63],[-154.5,-77.32],[-156.79,-77.75],[-154.5,-78.11],[-153.25,-78.72],[-150.48,-79.25],[-149.75,-79.6],[-144.5,-79.15],[-142.71,-79.25],[-142.38,-79.5],[-145.61,-80.0],[-144.13,-80.25],[-145.64,-80.5],[-147.5,-81.28],[-149.5,-81.26]]}},{"type":"Feature","properties":{"level":972},"geometry":{"type":"LineString","coordinates":[[180.0,-67.9],[178.0,-67.46],[177.12,-66.75],[180.0,-64.03]]}},{"type":"Feature","properties":{"level":972},"geometry":{"type":"LineString","coordinates":[[115.75,-67.52],[113.75,-67.17],[110.75,-67.28],[104.25,-66.11],[101.73,-64.0],[100.92,-63.0],[100.38,-61.75],[99.94,-61.5],[99.84,-61.0],[102.25,-59.76],[104.75,-59.01],[110.25,-58.79],[114.75,-59.31],[118.32,-60.25],[122.0,-61.91],[124.14,-63.25],[126.96,-65.75],[122.25,-67.43],[115.75,-67.52]]}},{"type":"Feature","properties":{"level":972},"geometry":{"type":"LineString","coordinates":[[6.75,-66.5],[5.0,-66.2],[2.92,-65.25],[1.5,-64.1],[0.65,-62.5],[0.51,-60.75],[1.11,-58.5],[2.36,-56.5],[3.75,-55.41],[5.5,-54.93],[7.25,-54.76],[12.0,-55.23],[19.14,-58.5],[21.5,-60.45],[21.72,-61.75],[21.36,-63.25],[20.19,-64.5],[18.78,-65.25],[15.25,-65.82],[6.75,-66.5]]}},{"type":"Feature","properties":{"level":972},"geometry":{"type":"LineString","coordinates":[[-180.0,-64.03],[-178.0,-62.75],[-176.0,-61.91],[-170.25,-60.6],[-165.5,-61.75],[-164.25,-62.71],[-163.94,-63.5],[-164.27,-64.25],[-165.63,-65.5],[-167.25,-66.33],[-169.5,-67.07],[-174.5,-67.89],[-180.0,-67.9]]}},{"type":"Feature","properties":{"level":972},"geometry":{"type":"LineString","coordinates":[[97.5,-60.66],[97.35,-60.25],[97.75,-59.69],[98.25,-59.32],[98.77,-59.5],[99.0,-60.3],[98.25,-60.69],[97.5,-60.66]]}},{"type":"Feature","properties":{"level":972},"geometry":{"type":"LineString","coordinates":[[39.0,-58.77],[36.75,-58.27],[35.37,-57.25],[35.31,-55.75],[36.5,-54.5],[38.5,-54.01],[40.5,-54.37],[44.45,-56.25],[45.45,-57.25],[44.97,-58.0],[44.25,-58.29],[40.75,-58.92],[39.0,-58.77]]}},{"type":"Feature","properties":{"level":972},"geometry":{"type":"LineString","coordinates":[[99.75,-56.29],[97.25,-55.33],[95.5,-53.68],[95.17,-52.75],[95.22,-52.0],[96.28,-50.5],[98.0,-49.7],[99.75,-49.44],[101.75,-49.56],[105.75,-50.3],[106.25,-49.93],[107.0,-48.24],[108.84,-47.25],[109.75,-46.9],[110.75,-46.88],[111.77,-47.5],[112.37,-48.5],[112.15,-49.75],[111.5,-50.25],[109.59,-51.0],[108.9,-53.25],[108.19,-54.0],[107.3,-54.25],[105.25,-55.59],[103.75,-56.12],[101.25,-56.47],[99.75,-56.29]]}},{"type":"Feature","properties":{"level":972},"geometry":{"type":"LineString","coordinates":[[-158.0,48.99],[-158.85,49.25],[-159.22,50.0],[-158.5,50.59],[-157.5,50.64],[-156.9,50.25],[-156.79,49.5],[-157.25,49.11],[-158.0,48.99]]}},{"type":"Feature","properties":{"level":972},"geometry":{"type":"LineString","coordinates":[[146.75,54.74],[145.94,55.25],[145.74,55.75],[145.91,56.25],[146.5,56.68],[148.5,56.86],[149.25,56.62],[150.0,56.0],[149.85,55.25],[149.0,54.71],[147.75,54.55],[146.75,54.74]]}},{"type":"Feature","properties":{"level":972},"geometry":{"type":"LineString","coordinates":[[-12.0,66.5],[-14.25,66.99],[-16.42,68.0],[-17.53,69.25],[-17.09,70.75],[-15.78,71.75],[-14.0,72.47],[-12.0,73.08],[-9.5,73.18],[-7.25,72.87],[-5.0,72.21],[-3.5,71.39],[-2.46,70.0],[-2.42,69.25],[-2.75,68.6],[-5.0,67.2],[-8.25,66.38],[-12.0,66.5]]}},{"type":"Feature","properties":{"level":976},"geometry":{"type":"LineString","coordinates":[[180.0,-81.16],[176.75,-80.56],[175.25,-80.02],[174.39,-79.5],[174.03,-78.5],[174.5,-77.58],[176.76,-75.0],[180.0,-74.17]]}},{"type":"Feature","properties":{"level":976},"geometry":{"type":"LineString","coordinates":[[-129.59,-78.75],[-127.5,-78.65],[-125.5,-77.44],[-123.3,-77.0],[-123.58,-76.5],[-123.41,-76.25],[-125.0,-75.79],[-130.25,-76.35],[-131.5,-76.03],[-133.75,-76.04],[-136.0,-76.48],[-138.0,-76.16],[-139.38,-76.75],[-138.93,-77.0],[-139.4,-77.25],[-138.25,-77.4],[-136.5,-77.14],[-136.5,-76.94],[-137.32,-76.75],[-136.25,-76.59],[-133.4,-76.75],[-133.25,-77.0],[-133.48,-77.25],[-132.83,-78.0],[-131.25,-78.57],[-129.59,-78.75]]}},{"type":"Feature","properties":{"level":976},"geometry":{"type":"LineString","coordinates":[[-135.58,-78.0],[-135.09,-78.0],[-135.38,-77.5],[-136.25,-77.28],[-136.5,-77.49],[-135.58,-78.0]]}},{"type":"Feature","properties":{"level":976},"geometry":{"type":"LineString","coordinates":[[-119.35,-77.25],[-117.01,-77.0],[-118.5,-76.55],[-119.35,-77.25]]}},{"type":"Feature","properties":{"level":976},"geometry":{"type":"LineString","coordinates":[[-180.0,-74.17],[-172.0,-73.07],[-157.25,-72.42],[-153.25,-71.79],[-150.25,-71.01],[-148.75,-70.36],[-147.25,-69.28],[-145.72,-67.0],[-144.75,-66.12],[-138.75,-62.42],[-136.87,-61.0],[-131.75,-58.85],[-127.25,-57.84],[-115.75,-57.37],[-109.5,-58.19],[-96.5,-59.33],[-95.75,-59.21],[-93.25,-60.56],[-92.5,-61.5],[-92.12,-62.5],[-92.2,-63.25],[-93.13,-64.75],[-96.0,-67.33],[-97.6,-69.75],[-97.54,-70.5],[-96.57,-71.25],[-96.54,-71.75],[-97.68,-72.25],[-96.05,-72.75],[-96.39,-73.25],[-96.28,-73.5],[-94.55,-74.25],[-94.01,-75.75],[-100.88,-76.75],[-101.66,-77.25],[-112.93,-78.5],[-113.53,-78.75],[-113.46,-79.0],[-114.27,-79.25],[-114.24,-79.5],[-115.08,-79.75],[-118.75,-79.88],[-119.36,-79.5],[-119.5,-79.0],[-120.5,-78.71],[-121.5,-78.75],[-122.25,-79.0],[-122.39,-79.5],[-122.01,-80.0],[-122.32,-80.25],[-121.99,-80.75],[-122.16,-81.25],[-121.33,-81.5],[-121.25,-81.75],[-124.25,-82.14],[-128.5,-83.14],[-134.75,-83.55],[-142.0,-83.7],[-165.31,-82.75],[-173.0,-82.13],[-180.0,-81.16]]}},{"type":"Feature","properties":{"level":976},"geometry":{"type":"LineString","coordinates":[[-87.75,-71.04],[-88.75,-70.6],[-89.04,-70.0],[-87.98,-69.25],[-86.29,-68.75],[-83.5,-68.54],[-81.25,-69.05],[-80.75,-69.5],[-83.25,-70.79],[-87.75,-71.04]]}},{"type":"Feature","properties":{"level":976},"geometry":{"type":"LineString","coordinates":[[180.0,-68.85],[175.5,-68.2],[173.04,-67.5],[172.42,-67.0],[172.93,-66.5],[176.5,-64.93],[180.0,-62.7]]}},{"type":"Feature","properties":{"level":976},"geometry":{"type":"LineString","coordinates":[[7.75,-68.01],[4.0,-67.56],[1.5,-66.75],[-0.5,-65.5],[-1.29,-64.25],[-1.64,-61.0],[-1.0,-58.5],[0.74,-55.5],[1.75,-54.61],[3.0,-53.99],[5.0,-53.49],[8.75,-53.58],[12.5,-54.12],[17.5,-55.41],[22.29,-57.0],[23.5,-57.64],[26.07,-59.25],[27.26,-60.75],[27.36,-61.25],[27.0,-62.52],[25.56,-64.25],[24.0,-65.42],[21.62,-66.5],[15.25,-67.82],[7.75,-68.01]]}},{"type":"Feature","properties":{"level":976},"geometry":{"type":"LineString","coordinates":[[119.25,-68.01],[110.75,-67.6],[103.25,-66.3],[100.75,-66.35],[100.55,-66.25],[101.14,-65.75],[100.9,-65.5],[97.0,-63.69],[94.75,-63.21],[94.54,-63.0],[94.89,-61.5],[94.78,-60.5],[95.29,-57.0],[94.01,-54.5],[93.61,-52.75],[93.83,-51.5],[94.5,-50.26],[95.59,-49.0],[96.5,-48.56],[98.5,-48.13],[103.62,-48.0],[105.75,-47.43],[107.25,-46.33],[111.25,-46.38],[112.13,-46.75],[113.25,-47.75],[113.8,-48.75],[113.37,-50.0],[112.35,-51.25],[111.53,-52.75],[111.11,-55.0],[111.33,-56.5],[113.25,-57.41],[120.25,-59.78],[126.5,-63.32],[130.7,-65.25],[129.02,-66.0],[130.0,-66.34],[130.17,-66.5],[130.0,-66.91],[128.5,-66.4],[126.5,-66.37],[125.5,-67.07],[122.25,-67.76],[119.25,-68.01]]}},{"type":"Feature","properties":{"level":976},"geometry":{"type":"LineString","coordinates":[[-180.0,-62.7],[-177.75,-61.6],[-174.19,-60.5],[-172.25,-60.01],[-169.75,-59.81],[-166.5,-60.35],[-164.75,-60.98],[-162.79,-62.25],[-162.31,-63.0],[-162.27,-63.5],[-162.74,-64.75],[-164.25,-66.16],[-165.75,-67.11],[-167.75,-67.91],[-172.25,-68.76],[-180.0,-68.85]]}},{"type":"Feature","properties":{"level":976},"geometry":{"type":"LineString","coordinates":[[37.75,-59.52],[36.0,-59.12],[34.5,-58.35],[33.86,-57.5],[33.76,-56.75],[34.14,-55.5],[34.74,-54.75],[36.0,-53.95],[37.5,-53.42],[39.25,-53.26],[42.0,-53.88],[46.65,-56.0],[47.68,-57.0],[47.25,-57.73],[44.25,-59.12],[40.75,-59.63],[37.75,-59.52]]}},{"type":"Feature","properties":{"level":976},"geometry":{"type":"LineString","coordinates":[[-158.25,48.48],[-159.41,48.75],[-160.13,49.25],[-160.34,50.0],[-160.0,50.78],[-159.18,51.25],[-158.0,51.39],[-156.75,51.13],[-155.79,50.5],[-155.59,48.75],[-156.75,48.45],[-158.25,48.48]]}},{"type":"Feature","properties":{"level":976},"geometry":{"type":"LineString","coordinates":[[147.5,53.99],[146.04,54.25],[144.92,55.0],[144.86,56.0],[145.57,56.75],[146.75,57.23],[148.25,57.34],[149.72,57.0],[150.64,56.25],[150.75,55.25],[150.01,54.5],[148.98,54.0],[147.5,53.99]]}},{"type":"Feature","properties":{"level":976},"geometry":{"type":"LineString","coordinates":[[-12.0,66.0],[-15.07,66.75],[-17.96,68.25],[-18.76,69.75],[-18.02,71.0],[-17.0,71.83],[-15.5,72.57],[-9.25,74.31],[-5.75,73.83],[-4.25,73.36],[-2.25,72.24],[-1.16,71.0],[-0.99,69.75],[-1.35,68.75],[-2.25,67.86],[-4.21,66.75],[-8.25,65.93],[-12.0,66.0]]}},{"type":"Feature","properties":{"level":980},"geometry":{"type":"LineString","coordinates":[[180.0,-82.8],[174.38,-82.0],[170.13,-81.0],[167.52,-79.75],[168.04,-78.75],[167.01,-78.5],[166.82,-78.0],[168.0,-77.94],[168.28,-77.5],[166.5,-77.44],[166.0,-77.71],[165.5,-77.48],[165.0,-77.66],[163.99,-77.0],[164.93,-76.0],[170.75,-75.04],[173.5,-74.05],[178.5,-72.68],[180.0,-71.92]]}},{"type":"Feature","properties":{"level":980},"geometry":{"type":"LineString","coordinates":[[165.25,-78.28],[165.88,-78.25],[165.25,-78.28]]}},{"type":"Feature","properties":{"level":980},"geometry":{"type":"LineString","coordinates":[[-130.94,-77.5],[-130.0,-77.71],[-128.75,-77.51],[-127.0,-77.7],[-126.42,-77.5],[-126.99,-77.25],[-126.95,-77.0],[-124.75,-76.9],[-123.92,-76.25],[-125.0,-76.11],[-126.0,-76.5],[-127.25,-76.21],[-131.5,-76.91],[-131.94,-77.25],[-130.94,-77.5]]}},{"type":"Feature","properties":{"level":980},"geometry":{"type":"LineString","coordinates":[[-134.18,-76.25],[-133.75,-76.41],[-133.18,-76.25],[-134.18,-76.25]]}},{"type":"Feature","properties":{"level":980},"geometry":{"type":"LineString","coordinates":[[-180.0,-71.92],[-179.21,-71.0],[-180.0,-70.58]]}},{"type":"Feature","properties":{"level":980},"geometry":{"type":"LineString","coordinates":[[180.0,-70.58],[173.25,-68.96],[171.5,-68.06],[170.92,-67.25],[171.19,-66.5],[172.0,-65.82],[180.0,-61.34]]}},{"type":"Feature","properties":{"level":980},"geometry":{"type":"LineString","coordinates":[[7.0,-69.26],[1.0,-68.68],[-3.75,-67.52],[-4.3,-66.75],[-4.39,-65.5],[-3.78,-60.75],[-2.69,-57.5],[-1.68,-55.5],[-0.75,-54.38],[0.75,-53.28],[2.0,-52.72],[4.5,-52.25],[7.25,-52.15],[11.25,-52.28],[15.5,-52.72],[19.25,-53.61],[24.25,-55.44],[27.5,-56.24],[29.0,-55.79],[31.25,-55.73],[35.75,-53.13],[38.25,-52.5],[39.75,-52.49],[41.75,-52.86],[44.0,-53.62],[48.39,-55.5],[49.59,-56.5],[49.4,-57.25],[48.25,-58.41],[45.75,-59.5],[43.75,-60.16],[35.75,-61.6],[34.5,-62.07],[32.83,-63.25],[31.58,-65.25],[30.09,-67.0],[25.5,-68.13],[21.5,-68.77],[15.25,-69.15],[7.0,-69.26]]}},{"type":"Feature","properties":{"level":980},"geometry":{"type":"LineString","coordinates":[[114.5,-68.26],[108.0,-67.55],[104.5,-66.91],[101.75,-66.67],[100.0,-66.88],[99.39,-66.25],[95.25,-65.35],[92.02,-64.25],[91.77,-63.5],[91.96,-61.75],[91.15,-59.0],[92.3,-56.5],[91.48,-52.5],[91.98,-48.75],[94.88,-47.25],[101.25,-45.88],[105.25,-45.84],[107.75,-45.25],[112.25,-46.12],[113.91,-47.0],[114.84,-48.25],[114.8,-50.0],[113.97,-52.75],[114.32,-54.25],[115.25,-55.16],[119.54,-58.0],[126.16,-61.75],[128.5,-62.81],[132.25,-63.89],[137.19,-64.5],[137.18,-64.75],[136.56,-65.0],[132.75,-65.66],[131.75,-66.16],[131.0,-66.17],[130.55,-67.0],[130.0,-67.28],[128.5,-66.93],[127.0,-66.95],[123.25,-67.9],[120.5,-68.29],[114.5,-68.26]]}},{"type":"Feature","properties":{"level":980},"geometry":{"type":"LineString","coordinates":[[-180.0,-61.34],[-173.0,-59.15],[-169.75,-58.95],[-166.0,-59.55],[-162.95,-60.75],[-160.61,-62.25],[-160.0,-63.75],[-160.46,-67.25],[-159.85,-68.0],[-158.0,-68.4],[-156.0,-68.38],[-153.27,-68.0],[-149.75,-66.58],[-144.75,-63.87],[-140.14,-61.0],[-136.71,-59.25],[-133.0,-57.89],[-129.0,-56.9],[-125.5,-56.41],[-116.75,-55.94],[-104.5,-57.4],[-99.0,-57.63],[-97.75,-57.38],[-95.25,-57.98],[-93.75,-58.72],[-92.0,-60.0],[-91.14,-61.0],[-90.57,-62.5],[-90.79,-64.5],[-91.59,-66.75],[-91.07,-67.5],[-89.25,-67.97],[-83.75,-67.9],[-81.25,-68.1],[-79.09,-68.75],[-78.53,-69.5],[-78.57,-70.75],[-79.49,-71.25],[-83.75,-72.57],[-89.82,-73.5],[-89.76,-74.75],[-90.15,-75.25],[-96.93,-76.5],[-99.59,-77.5],[-103.85,-78.5],[-103.87,-78.75],[-102.57,-79.25],[-103.14,-79.5],[-113.75,-80.63],[-114.14,-80.75],[-113.99,-81.0],[-112.7,-81.5],[-115.0,-82.22],[-122.75,-83.42],[-139.75,-84.51],[-152.5,-84.35],[-166.0,-83.86],[-180.0,-82.8]]}},{"type":"Feature","properties":{"level":980},"geometry":{"type":"LineString","coordinates":[[19.5,-51.26],[18.21,-50.0],[18.5,-48.89],[19.25,-48.82],[20.94,-50.25],[20.75,-50.67],[19.5,-51.26]]}},{"type":"Feature","properties":{"level":980},"geometry":{"type":"LineString","coordinates":[[-158.25,48.0],[-159.75,48.34],[-160.95,49.0],[-161.81,50.0],[-161.98,50.75],[-161.79,51.0],[-159.75,51.96],[-158.0,52.12],[-156.0,51.67],[-154.44,50.5],[-154.23,49.75],[-155.18,48.25],[-156.25,47.95],[-158.25,48.0]]}},{"type":"Feature","properties":{"level":980},"geometry":{"type":"LineString","coordinates":[[-56.75,51.64],[-56.47,51.75],[-56.75,51.64]]}},{"type":"Feature","properties":{"level":980},"geometry":{"type":"LineString","coordinates":[[-55.0,53.35],[-55.14,53.75],[-54.72,54.0],[-54.5,53.65],[-55.0,53.35]]}},{"type":"Feature","properties":{"level":980},"geometry":{"type":"LineString","coordinates":[[146.25,53.74],[144.75,54.28],[143.71,55.25],[143.6,56.0],[144.5,56.99],[146.25,57.63],[148.5,57.72],[150.25,57.25],[151.38,56.25],[151.49,55.75],[151.26,55.0],[149.97,54.0],[148.25,53.59],[146.25,53.74]]}},{"type":"Feature","properties":{"level":980},"geometry":{"type":"LineString","coordinates":[[-10.75,65.48],[-13.5,65.75],[-16.54,66.75],[-19.43,68.5],[-19.88,69.0],[-19.93,70.0],[-18.5,71.79],[-15.75,73.12],[-6.75,75.97],[-3.75,76.36],[-2.39,76.25],[-2.17,75.75],[-1.54,75.25],[-1.23,74.25],[-0.19,73.25],[0.75,71.5],[0.71,70.25],[0.06,68.75],[-1.66,67.25],[-5.0,65.85],[-8.5,65.39],[-10.75,65.48]]}},{"type":"Feature","properties":{"level":984},"geometry":{"type":"LineString","coordinates":[[180.0,-84.51],[179.5,-84.21],[178.25,-84.25],[178.26,-84.0],[178.0,-83.97],[177.48,-84.0],[177.25,-84.3],[176.5,-84.03],[174.25,-84.04],[169.29,-83.5],[163.0,-81.31],[162.5,-80.67],[160.0,-80.14],[159.77,-80.0],[160.0,-79.63],[162.85,-78.75],[163.21,-78.5],[163.19,-78.25],[161.85,-77.75],[162.05,-77.5],[161.83,-77.25],[161.0,-77.35],[160.68,-76.75],[159.06,-76.0],[158.99,-75.5],[160.75,-74.97],[162.25,-74.9],[163.25,-74.42],[164.5,-74.35],[164.77,-74.25],[164.6,-74.0],[164.75,-73.88],[166.0,-73.75],[168.0,-73.14],[169.5,-73.06],[170.46,-72.5],[170.16,-72.25],[170.25,-72.01],[170.88,-71.75],[170.52,-71.25],[170.46,-70.5],[168.75,-68.91],[168.37,-68.25],[168.41,-67.5],[168.92,-66.5],[170.5,-65.12],[176.4,-61.75],[180.0,-60.12]]}},{"type":"Feature","properties":{"level":984},"geometry":{"type":"LineString","coordinates":[[-127.93,-76.75],[-127.75,-76.99],[-126.38,-76.75],[-127.25,-76.38],[-127.93,-76.75]]}},{"type":"Feature","properties":{"level":984},"geometry":{"type":"LineString","coordinates":[[-48.25,-74.77],[-49.68,-74.5],[-50.26,-74.0],[-49.25,-73.19],[-47.5,-73.02],[-44.5,-73.44],[-43.8,-73.75],[-43.71,-74.0],[-44.08,-74.5],[-45.0,-74.73],[-48.25,-74.77]]}},{"type":"Feature","properties":{"level":984},"geometry":{"type":"LineString","coordinates":[[-13.5,-70.75],[-15.24,-70.25],[-14.25,-69.94],[-14.28,-69.0],[-12.6,-68.75],[-11.52,-67.75],[-11.34,-67.0],[-10.25,-66.6],[-8.02,-64.5],[-6.7,-62.0],[-4.74,-57.25],[-3.07,-54.25],[-0.86,-52.25],[1.75,-51.28],[5.5,-50.74],[14.0,-50.47],[15.75,-49.89],[17.75,-48.34],[19.5,-48.0],[20.75,-48.69],[22.1,-50.0],[22.36,-50.5],[22.32,-51.75],[22.75,-52.36],[25.75,-53.98],[29.25,-54.3],[31.0,-53.94],[36.75,-51.87],[39.75,-51.49],[42.0,-51.95],[46.5,-53.5],[50.0,-55.04],[51.23,-56.0],[50.81,-57.25],[49.0,-58.97],[43.36,-62.0],[41.5,-63.25],[41.06,-63.75],[40.82,-65.0],[41.07,-65.25],[40.78,-65.5],[36.59,-67.0],[30.89,-68.5],[22.75,-69.81],[16.5,-70.02],[15.5,-70.28],[11.75,-70.33],[9.0,-70.66],[-4.5,-70.17],[-12.0,-70.91],[-13.5,-70.75]]}},{"type":"Feature","properties":{"level":984},"geometry":{"type":"LineString","coordinates":[[-11.12,-70.5],[-10.37,-70.5],[-11.12,-70.5]]}},{"type":"Feature","properties":{"level":984},"geometry":{"type":"LineString","coordinates":[[-15.5,-69.82],[-15.08,-69.75],[-15.25,-69.95],[-15.5,-69.82]]}},{"type":"Feature","properties":{"level":984},"geometry":{"type":"LineString","coordinates":[[117.0,-68.75],[112.75,-68.43],[104.5,-67.24],[101.25,-67.01],[100.0,-67.21],[99.0,-66.88],[95.5,-66.78],[90.0,-65.99],[89.16,-65.0],[88.65,-62.25],[87.71,-60.5],[87.56,-58.75],[89.17,-55.0],[89.36,-53.5],[88.83,-51.25],[88.91,-49.75],[89.28,-49.0],[95.5,-44.78],[96.5,-42.4],[98.25,-42.14],[100.25,-42.29],[111.0,-44.82],[114.0,-45.98],[115.25,-46.96],[115.88,-48.25],[116.99,-52.75],[119.0,-54.55],[120.28,-56.25],[122.84,-58.25],[127.15,-60.75],[130.03,-62.0],[134.0,-62.9],[140.0,-63.7],[141.24,-64.25],[141.32,-64.5],[139.25,-65.14],[135.0,-65.98],[134.75,-66.54],[134.5,-66.14],[133.67,-66.0],[131.51,-67.25],[130.25,-67.58],[128.25,-67.47],[121.25,-68.55],[117.0,-68.75]]}},{"type":"Feature","properties":{"level":984},"geometry":{"type":"LineString","coordinates":[[-180.0,-60.12],[-174.0,-58.15],[-171.5,-57.87],[-168.75,-58.02],[-165.25,-58.93],[-161.62,-60.25],[-158.77,-61.5],[-156.98,-62.75],[-156.71,-63.5],[-156.01,-64.0],[-154.25,-64.59],[-152.75,-64.7],[-150.25,-64.26],[-146.5,-62.84],[-140.0,-59.19],[-136.0,-57.39],[-131.75,-56.06],[-128.5,-55.44],[-118.25,-54.57],[-108.75,-55.68],[-103.5,-55.98],[-97.25,-55.94],[-93.5,-57.62],[-90.5,-59.83],[-89.34,-61.5],[-88.04,-65.5],[-87.4,-66.25],[-86.25,-66.71],[-80.5,-67.56],[-78.25,-68.13],[-77.12,-68.75],[-76.23,-69.75],[-75.64,-70.0],[-75.72,-70.75],[-75.24,-71.0],[-78.06,-72.5],[-78.25,-72.86],[-81.75,-74.37],[-85.75,-74.58],[-94.5,-76.41],[-96.79,-77.25],[-98.1,-78.0],[-98.17,-78.25],[-96.82,-78.75],[-96.73,-79.0],[-96.25,-79.02],[-89.25,-78.1],[-87.28,-78.25],[-87.45,-78.5],[-88.38,-78.75],[-95.5,-79.09],[-103.5,-80.15],[-106.74,-81.0],[-110.69,-81.5],[-110.74,-82.0],[-113.0,-82.67],[-122.89,-84.0],[-124.4,-84.25],[-124.32,-84.5],[-129.41,-85.0],[-129.19,-85.25],[-136.75,-85.13],[-139.0,-85.41],[-150.75,-85.17],[-153.99,-85.5],[-163.0,-85.52],[-170.25,-84.82],[-177.5,-84.4],[-180.0,-84.51]]}},{"type":"Feature","properties":{"level":984},"geometry":{"type":"LineString","coordinates":[[-157.75,47.48],[-160.5,48.14],[-162.85,49.75],[-163.88,51.0],[-163.75,51.88],[-163.26,52.5],[-162.75,52.82],[-160.5,53.34],[-158.75,53.03],[-157.75,53.11],[-155.25,52.31],[-153.5,51.15],[-152.99,50.0],[-153.53,48.75],[-155.5,47.61],[-157.75,47.48]]}},{"type":"Feature","properties":{"level":984},"geometry":{"type":"LineString","coordinates":[[-56.5,50.24],[-58.0,50.95],[-58.41,51.5],[-57.09,53.25],[-56.65,54.25],[-56.08,54.75],[-55.0,55.24],[-53.75,55.29],[-52.66,55.0],[-51.47,54.0],[-51.19,53.5],[-51.1,52.0],[-51.75,50.58],[-56.5,50.24]]}},{"type":"Feature","properties":{"level":984},"geometry":{"type":"LineString","coordinates":[[147.5,53.24],[145.25,53.62],[143.75,54.36],[142.88,55.5],[142.83,56.25],[143.09,56.75],[144.5,57.78],[146.25,58.22],[147.75,58.28],[150.0,57.87],[151.82,56.75],[152.12,56.25],[152.13,55.5],[151.25,54.27],[149.5,53.45],[147.5,53.24]]}},{"type":"Feature","properties":{"level":984},"geometry":{"type":"LineString","coordinates":[[-35.5,64.66],[-36.39,65.25],[-35.75,65.75],[-31.61,65.75],[-31.13,66.0],[-31.31,66.75],[-30.75,67.03],[-28.42,66.5],[-28.24,66.0],[-28.35,65.75],[-29.19,65.5],[-32.97,64.75],[-35.5,64.66]]}},{"type":"Feature","properties":{"level":984},"geometry":{"type":"LineString","coordinates":[[-12.0,64.95],[-13.75,65.06],[-14.0,65.41],[-14.75,65.44],[-18.25,66.87],[-21.26,69.0],[-21.8,70.0],[-20.98,70.0],[-21.25,70.47],[-21.58,70.5],[-20.76,70.75],[-20.0,71.84],[-17.25,73.51],[-7.25,76.63],[0.5,77.8],[7.25,77.78],[9.63,77.5],[9.23,77.0],[6.92,76.5],[3.87,74.5],[3.46,73.75],[3.36,72.0],[2.62,70.0],[1.66,68.75],[-0.75,66.84],[-5.75,65.02],[-9.5,64.77],[-12.0,64.95]]}},{"type":"Feature","properties":{"level":988},"geometry":{"type":"LineString","coordinates":[[180.0,-84.66],[177.75,-84.72],[172.75,-84.34],[172.0,-84.51],[171.25,-84.04],[170.25,-83.94],[169.25,-84.38],[168.67,-84.25],[168.98,-84.0],[168.75,-83.8],[165.75,-84.32],[164.0,-84.27],[166.75,-83.88],[167.2,-83.5],[165.81,-83.5],[163.0,-82.82],[162.25,-83.18],[160.95,-83.25],[161.75,-83.39],[163.0,-83.18],[163.47,-83.5],[162.25,-83.83],[160.91,-83.5],[160.5,-83.18],[159.55,-83.0],[159.75,-82.63],[161.19,-82.5],[160.52,-82.25],[160.88,-82.0],[157.93,-81.75],[157.13,-81.5],[157.79,-81.25],[156.8,-81.0],[157.5,-80.75],[156.85,-80.5],[157.27,-80.0],[158.58,-79.75],[157.69,-79.5],[157.77,-79.0],[157.34,-78.75],[158.41,-78.25],[157.99,-77.5],[158.23,-77.25],[156.22,-76.75],[154.68,-75.75],[154.71,-75.5],[155.5,-75.09],[158.96,-75.0],[158.64,-74.75],[159.14,-74.0],[159.75,-74.0],[161.0,-74.61],[162.0,-74.55],[162.64,-74.25],[162.25,-73.6],[163.25,-73.64],[165.25,-73.3],[165.75,-72.95],[166.5,-73.12],[167.41,-72.75],[169.32,-72.5],[169.5,-71.93],[168.25,-71.48],[167.49,-71.5],[166.5,-70.94],[165.0,-70.73],[163.5,-70.97],[162.75,-70.52],[162.0,-70.56],[161.75,-70.27],[161.25,-70.54],[161.0,-70.13],[159.63,-69.5],[162.06,-68.75],[162.22,-68.5],[161.58,-68.0],[161.54,-67.5],[161.75,-67.36],[162.75,-67.35],[163.3,-66.75],[165.06,-66.25],[173.19,-61.75],[177.75,-59.71],[180.0,-58.97]]}},{"type":"Feature","properties":{"level":988},"geometry":{"type":"LineString","coordinates":[[158.94,-77.75],[159.5,-77.9],[160.37,-77.5],[158.76,-77.5],[158.94,-77.75]]}},{"type":"Feature","properties":{"level":988},"geometry":{"type":"LineString","coordinates":[[-30.75,-76.76],[-31.0,-76.5],[-31.8,-76.5],[-31.5,-76.2],[-31.0,-76.49],[-30.75,-76.38],[-30.75,-76.76]]}},{"type":"Feature","properties":{"level":988},"geometry":{"type":"LineString","coordinates":[[-47.5,-76.27],[-53.23,-75.5],[-54.25,-74.89],[-54.71,-74.0],[-54.12,-72.75],[-52.91,-71.75],[-49.75,-71.13],[-47.0,-70.98],[-43.75,-71.12],[-37.75,-71.94],[-35.76,-72.5],[-34.22,-73.25],[-35.24,-75.25],[-35.09,-75.5],[-36.0,-76.05],[-41.5,-76.43],[-47.5,-76.27]]}},{"type":"Feature","properties":{"level":988},"geometry":{"type":"LineString","coordinates":[[-30.5,-76.31],[-30.66,-76.25],[-30.5,-76.31]]}},{"type":"Feature","properties":{"level":988},"geometry":{"type":"LineString","coordinates":[[-22.25,-76.0],[-20.5,-75.55],[-17.97,-75.5],[-20.24,-76.0],[-22.25,-76.0]]}},{"type":"Feature","properties":{"level":988},"geometry":{"type":"LineString","coordinates":[[-25.75,-75.77],[-25.98,-75.75],[-25.5,-75.5],[-25.42,-75.0],[-26.0,-75.01],[-26.39,-74.5],[-26.03,-73.75],[-24.0,-72.32],[-21.51,-70.0],[-17.0,-66.52],[-15.99,-66.0],[-14.24,-64.5],[-12.98,-64.0],[-12.75,-63.37],[-10.0,-61.74],[-8.29,-59.5],[-6.11,-55.5],[-4.5,-53.07],[-2.25,-51.13],[0.25,-50.05],[5.25,-49.05],[13.0,-48.73],[19.0,-46.91],[20.75,-47.61],[22.17,-48.5],[25.25,-51.49],[26.0,-51.94],[28.25,-52.58],[30.5,-52.45],[38.25,-50.31],[39.75,-50.29],[42.0,-50.79],[45.25,-51.9],[51.25,-54.49],[52.1,-55.0],[52.56,-55.75],[52.39,-56.5],[51.15,-58.75],[48.19,-62.25],[48.41,-63.5],[49.6,-64.75],[49.38,-65.0],[47.75,-65.59],[42.25,-66.73],[37.49,-68.25],[33.75,-68.83],[33.34,-69.0],[33.68,-69.75],[33.5,-70.01],[32.25,-69.73],[29.25,-70.49],[21.5,-70.93],[19.0,-70.84],[16.75,-71.3],[13.0,-71.36],[11.25,-71.93],[6.25,-71.9],[0.25,-72.54],[-1.25,-72.25],[-1.24,-71.75],[-1.5,-71.69],[-4.5,-71.68],[-7.75,-73.03],[-11.75,-73.58],[-15.5,-74.91],[-23.75,-75.61],[-24.5,-75.92],[-25.75,-75.77]]}},{"type":"Feature","properties":{"level":988},"geometry":{"type":"LineString","coordinates":[[-71.5,-71.02],[-71.0,-70.64],[-70.66,-70.75],[-71.5,-71.02]]}},{"type":"Feature","properties":{"level":988},"geometry":{"type":"LineString","coordinates":[[155.5,-69.26],[154.49,-69.0],[154.4,-68.75],[156.22,-67.5],[159.8,-67.5],[159.25,-67.96],[158.21,-68.25],[158.71,-68.75],[158.31,-69.0],[157.02,-69.0],[156.75,-68.48],[156.06,-69.0],[156.58,-69.25],[155.5,-69.26]]}},{"type":"Feature","properties":{"level":988},"geometry":{"type":"LineString","coordinates":[[115.5,-69.01],[105.0,-67.58],[101.0,-67.34],[99.75,-67.47],[97.25,-67.06],[86.25,-67.19],[84.57,-66.25],[83.17,-63.75],[83.46,-62.0],[83.12,-60.0],[83.69,-58.0],[84.36,-56.25],[86.36,-53.5],[86.67,-51.0],[87.47,-49.25],[92.5,-44.06],[93.02,-42.75],[94.0,-41.41],[98.0,-40.61],[99.25,-40.74],[107.0,-42.43],[113.25,-44.39],[114.92,-45.25],[116.0,-46.19],[119.0,-51.7],[120.35,-53.0],[122.96,-56.25],[125.7,-58.25],[128.74,-60.0],[130.5,-60.69],[133.5,-61.46],[143.0,-63.18],[144.25,-63.55],[144.9,-64.0],[144.42,-64.5],[143.25,-65.02],[138.4,-66.0],[137.0,-66.5],[135.5,-66.61],[134.75,-66.98],[133.25,-66.93],[132.44,-67.5],[131.5,-67.79],[126.0,-68.14],[120.75,-68.95],[115.5,-69.01]]}},{"type":"Feature","properties":{"level":988},"geometry":{"type":"LineString","coordinates":[[160.75,-67.28],[160.54,-67.25],[161.39,-67.0],[161.25,-67.25],[160.75,-67.28]]}},{"type":"Feature","properties":{"level":988},"geometry":{"type":"LineString","coordinates":[[-180.0,-58.97],[-174.31,-57.0],[-172.75,-56.73],[-170.5,-56.84],[-166.0,-57.89],[-155.75,-61.08],[-151.5,-62.14],[-149.0,-61.8],[-147.26,-61.25],[-137.39,-56.25],[-133.43,-54.75],[-129.5,-53.7],[-120.25,-53.24],[-111.0,-54.25],[-98.5,-54.55],[-97.0,-54.86],[-94.25,-56.1],[-90.75,-58.22],[-88.95,-59.75],[-86.13,-63.5],[-84.24,-65.5],[-77.25,-67.48],[-73.1,-69.75],[-72.82,-70.5],[-72.18,-71.25],[-72.13,-71.75],[-72.91,-72.25],[-73.03,-72.75],[-74.05,-73.75],[-72.9,-74.5],[-70.75,-74.97],[-69.09,-75.0],[-74.0,-75.01],[-78.75,-74.36],[-81.75,-74.85],[-85.75,-74.86],[-88.75,-75.24],[-89.59,-75.75],[-93.81,-76.75],[-94.75,-77.34],[-93.75,-77.67],[-88.0,-77.84],[-86.75,-78.11],[-86.75,-78.5],[-88.5,-78.88],[-93.91,-79.25],[-103.0,-80.99],[-108.05,-81.5],[-108.11,-81.75],[-107.85,-82.0],[-108.01,-82.25],[-112.0,-83.21],[-116.12,-83.75],[-117.09,-84.25],[-116.99,-84.5],[-126.25,-85.52],[-129.75,-85.65],[-134.5,-85.46],[-140.75,-85.79],[-162.25,-85.78],[-170.5,-85.02],[-174.25,-85.05],[-176.25,-84.7],[-180.0,-84.66]]}},{"type":"Feature","properties":{"level":988},"geometry":{"type":"LineString","coordinates":[[-158.0,46.98],[-161.0,47.77],[-163.34,49.25],[-164.71,50.75],[-164.73,52.25],[-164.0,52.98],[-163.0,53.49],[-159.75,54.04],[-155.5,53.79],[-153.25,52.75],[-151.8,51.0],[-151.25,49.84],[-151.87,48.5],[-153.02,47.75],[-154.75,47.17],[-156.5,46.91],[-158.0,46.98]]}},{"type":"Feature","properties":{"level":988},"geometry":{"type":"LineString","coordinates":[[-52.5,47.5],[-53.75,48.24],[-55.0,48.64],[-58.0,49.25],[-59.25,49.86],[-59.97,50.5],[-60.09,51.5],[-59.13,53.25],[-58.47,53.75],[-58.03,54.5],[-56.75,55.5],[-54.25,56.09],[-52.25,55.88],[-50.58,55.0],[-48.84,53.0],[-49.22,51.0],[-50.0,49.77],[-50.5,48.13],[-51.25,47.59],[-52.5,47.5]]}},{"type":"Feature","properties":{"level":988},"geometry":{"type":"LineString","coordinates":[[146.0,52.99],[143.75,53.76],[143.0,54.23],[142.22,55.25],[142.03,56.0],[142.2,56.75],[143.75,58.05],[146.25,58.71],[149.25,58.69],[150.25,58.46],[151.5,57.82],[152.89,56.5],[153.01,55.75],[152.67,55.0],[152.06,54.25],[151.0,53.56],[148.5,52.87],[146.0,52.99]]}},{"type":"Feature","properties":{"level":988},"geometry":{"type":"LineString","coordinates":[[-35.75,63.73],[-37.75,63.92],[-40.42,65.25],[-39.56,65.75],[-37.91,66.0],[-38.2,66.5],[-38.0,66.56],[-37.0,66.57],[-36.25,66.25],[-36.12,66.5],[-34.5,66.92],[-32.0,68.26],[-30.75,68.31],[-30.0,68.77],[-28.5,68.62],[-27.9,69.0],[-28.49,69.25],[-28.56,69.75],[-27.5,69.91],[-27.38,70.0],[-27.72,70.25],[-26.5,70.9],[-25.69,71.0],[-26.5,71.17],[-26.89,71.0],[-26.86,71.25],[-25.4,71.5],[-26.13,71.75],[-24.25,71.98],[-23.81,71.5],[-23.0,71.25],[-21.5,72.53],[-19.5,73.52],[-10.0,76.82],[-3.25,78.16],[5.0,78.74],[11.25,78.63],[12.69,78.25],[12.74,78.0],[14.05,77.5],[14.19,77.25],[14.11,76.5],[13.43,76.0],[10.33,75.0],[9.95,74.5],[9.04,74.25],[7.5,73.18],[4.98,70.25],[1.98,67.5],[-1.0,65.87],[-3.75,64.92],[-6.25,64.36],[-9.25,64.03],[-15.0,64.38],[-15.5,64.84],[-18.24,65.5],[-18.0,66.07],[-20.47,66.75],[-21.25,67.43],[-22.5,67.66],[-23.25,67.51],[-23.79,67.0],[-22.53,66.0],[-22.7,65.5],[-23.25,65.14],[-30.75,63.84],[-35.75,63.73]]}},{"type":"Feature","properties":{"level":988},"geometry":{"type":"LineString","coordinates":[[-37.66,66.25],[-37.31,66.25],[-37.66,66.25]]}},{"type":"Feature","properties":{"level":988},"geometry":{"type":"LineString","coordinates":[[-26.46,69.75],[-25.73,70.0],[-26.75,70.32],[-27.05,70.0],[-26.46,69.75]]}},{"type":"Feature","properties":{"level":988},"geometry":{"type":"LineString","coordinates":[[83.25,81.99],[69.25,82.86],[53.25,82.29],[51.2,83.0],[52.48,83.5],[55.0,83.77],[83.5,84.65],[92.25,84.46],[99.25,84.02],[105.25,83.25],[107.87,82.5],[107.7,82.25],[106.0,82.1],[83.25,81.99]]}},{"type":"Feature","properties":{"level":988},"geometry":{"type":"LineString","coordinates":[[180.0,82.27],[169.5,82.52],[167.94,82.75],[167.42,83.25],[168.49,84.0],[171.0,84.66],[180.0,85.83]]}},{"type":"Feature","properties":{"level":988},"geometry":{"type":"LineString","coordinates":[[-180.0,85.83],[-162.75,86.64],[-136.75,86.69],[-118.38,86.0],[-112.5,85.38],[-110.08,84.75],[-110.67,84.5],[-115.0,84.32],[-153.75,83.71],[-165.0,83.12],[-174.25,82.16],[-180.0,82.27]]}},{"type":"Feature","properties":{"level":992},"geometry":{"type":"LineString","coordinates":[[180.0,-84.83],[171.25,-84.59],[167.75,-85.02],[167.5,-85.0],[167.87,-84.75],[166.75,-84.48],[158.02,-84.25],[161.74,-84.0],[160.25,-83.65],[160.0,-83.5],[160.24,-83.25],[158.75,-82.87],[157.75,-83.03],[156.5,-82.54],[157.7,-82.0],[155.75,-81.4],[155.5,-81.0],[154.0,-81.23],[152.38,-81.0],[152.26,-80.75],[152.75,-80.62],[156.53,-80.25],[156.33,-80.0],[157.04,-79.75],[157.1,-79.5],[156.75,-79.22],[155.25,-79.19],[154.88,-79.0],[154.75,-78.63],[154.08,-78.5],[154.22,-78.25],[155.46,-78.0],[154.25,-77.08],[152.75,-76.86],[150.0,-75.75],[152.28,-75.0],[157.02,-74.75],[156.5,-74.34],[155.01,-74.0],[154.86,-73.75],[155.16,-73.5],[154.2,-73.25],[154.75,-72.85],[157.0,-72.37],[158.25,-71.85],[159.87,-72.0],[160.16,-72.5],[159.9,-72.75],[160.19,-73.0],[159.43,-73.25],[160.25,-74.08],[161.25,-74.38],[162.18,-74.0],[161.74,-73.75],[161.75,-73.14],[164.3,-73.25],[164.25,-72.81],[163.23,-72.75],[163.5,-72.3],[164.5,-72.41],[165.25,-72.77],[165.75,-72.63],[166.5,-72.84],[168.02,-71.75],[166.02,-71.5],[166.42,-71.25],[165.75,-71.1],[165.0,-71.16],[164.5,-71.59],[163.5,-71.68],[163.25,-71.95],[162.57,-71.75],[160.98,-73.0],[160.82,-72.75],[161.22,-72.5],[159.71,-71.25],[159.66,-71.0],[160.0,-70.75],[159.2,-70.0],[158.25,-69.67],[156.25,-70.02],[152.0,-69.2],[150.5,-68.67],[147.06,-68.5],[149.5,-67.49],[150.0,-67.75],[152.75,-66.71],[162.75,-64.63],[170.93,-61.0],[180.0,-57.65]]}},{"type":"Feature","properties":{"level":992},"geometry":{"type":"LineString","coordinates":[[162.13,-84.0],[163.0,-84.16],[166.14,-83.75],[164.5,-83.62],[162.13,-84.0]]}},{"type":"Feature","properties":{"level":992},"geometry":{"type":"LineString","coordinates":[[165.75,-72.28],[164.24,-72.0],[166.0,-71.94],[166.62,-72.25],[165.75,-72.28]]}},{"type":"Feature","properties":{"level":992},"geometry":{"type":"LineString","coordinates":[[73.75,-70.38],[73.52,-69.75],[74.58,-68.75],[75.21,-67.25],[74.9,-65.5],[75.51,-63.5],[76.82,-61.5],[80.78,-57.0],[83.16,-53.75],[86.0,-48.44],[89.96,-43.75],[90.99,-41.5],[91.0,-40.94],[91.56,-40.5],[93.25,-39.85],[97.25,-39.3],[101.5,-39.81],[109.5,-41.78],[112.75,-42.82],[114.75,-43.75],[116.51,-45.25],[120.25,-50.06],[122.65,-51.75],[123.96,-53.0],[125.51,-55.25],[129.27,-58.0],[132.25,-59.51],[137.75,-61.06],[144.25,-62.27],[148.0,-63.4],[148.45,-64.0],[148.25,-64.32],[146.75,-65.02],[141.25,-66.83],[137.75,-66.92],[133.75,-67.59],[131.5,-68.21],[126.75,-68.47],[120.75,-69.33],[114.5,-69.24],[105.25,-67.86],[99.5,-67.7],[96.75,-67.35],[89.75,-67.86],[87.25,-67.78],[81.75,-68.27],[77.5,-69.79],[73.75,-70.38]]}},{"type":"Feature","properties":{"level":992},"geometry":{"type":"LineString","coordinates":[[48.75,-68.76],[48.08,-68.5],[50.44,-68.0],[49.8,-67.75],[50.0,-67.64],[51.34,-68.25],[51.4,-68.5],[50.75,-68.95],[48.75,-68.76]]}},{"type":"Feature","properties":{"level":992},"geometry":{"type":"LineString","coordinates":[[-180.0,-57.65],[-175.75,-55.88],[-172.5,-55.56],[-167.5,-56.61],[-156.5,-59.48],[-152.75,-59.85],[-148.0,-59.57],[-146.0,-59.03],[-142.5,-57.43],[-133.75,-52.34],[-131.5,-51.53],[-130.75,-51.53],[-130.42,-51.25],[-130.6,-50.5],[-131.75,-50.42],[-132.5,-49.99],[-129.03,-50.5],[-129.31,-50.75],[-128.75,-51.0],[-127.0,-50.88],[-123.0,-51.2],[-121.0,-51.77],[-111.25,-52.88],[-101.25,-52.96],[-97.75,-53.64],[-92.75,-55.81],[-87.5,-59.25],[-85.25,-61.49],[-80.75,-64.94],[-72.25,-68.29],[-71.89,-68.5],[-71.84,-69.0],[-70.18,-69.25],[-70.61,-69.5],[-69.75,-69.49],[-69.5,-69.84],[-69.25,-69.62],[-69.0,-69.98],[-68.5,-69.9],[-67.55,-70.25],[-67.13,-70.75],[-67.36,-71.0],[-67.21,-71.25],[-65.82,-71.5],[-67.1,-72.25],[-67.47,-73.0],[-67.25,-73.12],[-64.5,-73.09],[-63.11,-72.75],[-62.7,-71.75],[-61.77,-71.25],[-62.26,-70.25],[-62.0,-70.09],[-60.99,-70.0],[-59.75,-70.35],[-56.75,-70.22],[-51.25,-69.19],[-46.25,-69.09],[-38.0,-70.02],[-34.75,-70.08],[-29.0,-69.61],[-26.25,-68.85],[-23.5,-67.69],[-20.75,-66.07],[-15.97,-62.5],[-14.58,-61.75],[-14.25,-61.18],[-11.46,-59.5],[-6.87,-53.0],[-5.39,-51.25],[-3.25,-49.44],[-0.75,-48.32],[1.74,-46.75],[1.59,-46.25],[0.72,-45.75],[-1.08,-43.5],[-0.25,-42.96],[2.0,-42.72],[4.2,-44.25],[3.99,-45.5],[3.46,-46.25],[4.0,-46.48],[8.75,-47.1],[13.5,-46.68],[17.25,-45.49],[19.0,-45.62],[21.25,-46.5],[25.75,-49.58],[28.25,-50.65],[30.25,-50.74],[35.5,-49.55],[37.25,-48.89],[41.75,-49.25],[50.0,-53.05],[51.75,-53.63],[54.0,-55.13],[54.3,-56.0],[53.45,-57.0],[53.13,-59.75],[53.96,-62.0],[55.26,-62.75],[54.2,-64.0],[50.46,-66.0],[50.25,-66.32],[46.75,-67.31],[46.54,-67.5],[47.19,-68.25],[45.0,-69.62],[43.25,-70.29],[40.0,-70.56],[37.25,-70.16],[31.75,-71.43],[26.75,-71.5],[25.88,-71.75],[26.11,-72.25],[24.5,-72.87],[17.75,-72.04],[16.0,-72.26],[15.0,-71.93],[12.5,-71.95],[11.26,-72.5],[11.8,-72.75],[11.86,-73.0],[11.5,-73.06],[9.94,-73.0],[7.0,-72.37],[5.75,-72.55],[5.31,-73.0],[3.75,-73.54],[0.5,-73.64],[-1.0,-73.11],[-2.96,-73.0],[-2.61,-72.75],[-2.67,-72.5],[-3.0,-72.47],[-4.86,-72.75],[-8.18,-73.75],[-9.65,-74.5],[-10.75,-74.62],[-11.75,-75.17],[-13.75,-75.79],[-22.25,-76.43],[-27.25,-77.11],[-29.09,-77.75],[-31.5,-78.12],[-31.74,-78.25],[-31.52,-78.75],[-33.25,-79.11],[-37.5,-79.13],[-44.25,-78.14],[-47.5,-78.47],[-48.33,-78.75],[-46.97,-79.25],[-47.75,-79.55],[-50.25,-79.77],[-52.25,-79.41],[-55.55,-79.5],[-56.28,-79.25],[-56.05,-79.0],[-56.25,-78.96],[-59.0,-78.88],[-61.09,-78.5],[-62.85,-77.25],[-62.82,-76.75],[-62.23,-76.25],[-60.34,-75.5],[-60.73,-75.0],[-60.55,-74.5],[-61.0,-74.4],[-63.25,-74.62],[-65.0,-75.35],[-67.75,-76.03],[-70.75,-76.13],[-73.38,-76.0],[-72.25,-75.75],[-71.98,-75.5],[-72.25,-75.41],[-78.75,-74.55],[-80.25,-74.69],[-81.0,-75.03],[-85.25,-74.96],[-87.44,-75.25],[-88.14,-75.75],[-91.26,-76.5],[-92.31,-77.0],[-87.25,-77.63],[-85.53,-78.5],[-92.75,-79.36],[-101.92,-81.25],[-105.48,-81.5],[-106.47,-82.5],[-107.87,-83.0],[-112.22,-83.75],[-112.53,-84.25],[-113.33,-84.5],[-119.18,-85.0],[-118.81,-85.25],[-119.25,-85.3],[-128.0,-85.81],[-133.0,-85.68],[-157.25,-86.06],[-163.25,-85.83],[-170.75,-85.15],[-174.25,-85.22],[-175.75,-84.89],[-180.0,-84.83]]}},{"type":"Feature","properties":{"level":992},"geometry":{"type":"LineString","coordinates":[[-174.75,-49.55],[-176.25,-49.01],[-177.75,-48.08],[-178.21,-47.25],[-177.5,-47.04],[-176.25,-47.33],[-173.25,-48.34],[-172.21,-49.0],[-172.26,-49.25],[-173.5,-49.65],[-174.75,-49.55]]}},{"type":"Feature","properties":{"level":992},"geometry":{"type":"LineString","coordinates":[[-51.75,45.99],[-54.25,47.0],[-58.25,48.08],[-59.72,48.75],[-61.0,49.61],[-61.9,50.75],[-61.85,51.5],[-60.42,54.0],[-58.5,56.0],[-57.0,56.66],[-55.75,56.89],[-52.75,56.87],[-51.25,56.53],[-49.75,55.81],[-48.85,55.25],[-48.23,54.5],[-47.68,53.5],[-47.6,52.25],[-48.02,48.75],[-47.48,48.25],[-47.37,47.75],[-47.75,47.37],[-49.25,46.83],[-50.61,46.0],[-51.75,45.99]]}},{"type":"Feature","properties":{"level":992},"geometry":{"type":"LineString","coordinates":[[-156.75,46.25],[-160.5,46.93],[-162.0,47.53],[-163.5,48.51],[-164.67,49.5],[-165.53,50.75],[-165.67,51.75],[-165.36,52.75],[-164.0,53.93],[-162.0,54.48],[-158.25,54.71],[-154.75,54.48],[-152.75,54.0],[-150.75,53.06],[-149.7,52.0],[-149.67,51.5],[-148.92,51.0],[-148.85,50.5],[-149.58,49.75],[-149.56,48.75],[-151.0,46.91],[-153.25,46.45],[-156.75,46.25]]}},{"type":"Feature","properties":{"level":992},"geometry":{"type":"LineString","coordinates":[[-148.25,50.72],[-147.95,50.75],[-148.25,50.72]]}},{"type":"Feature","properties":{"level":992},"geometry":{"type":"LineString","coordinates":[[146.0,52.48],[143.25,53.35],[142.24,54.0],[141.36,55.0],[141.04,55.75],[141.11,56.75],[141.54,57.5],[142.5,58.22],[145.03,59.25],[149.75,59.23],[151.25,58.98],[152.75,57.92],[153.84,56.75],[154.04,56.0],[153.8,55.25],[152.78,54.0],[151.75,53.31],[149.0,52.47],[146.0,52.48]]}},{"type":"Feature","properties":{"level":992},"geometry":{"type":"LineString","coordinates":[[-39.75,60.95],[-42.17,61.5],[-42.28,62.75],[-40.8,63.75],[-41.44,64.5],[-41.07,65.25],[-38.92,66.0],[-38.64,66.25],[-38.73,66.5],[-37.9,67.0],[-36.5,66.95],[-35.0,67.25],[-34.5,67.68],[-33.25,67.99],[-32.4,68.5],[-32.99,69.0],[-31.5,69.15],[-30.06,69.75],[-29.94,70.0],[-30.25,70.04],[-30.43,70.5],[-30.16,71.25],[-30.71,71.75],[-30.5,72.08],[-29.25,72.49],[-26.75,71.89],[-25.52,72.0],[-26.43,72.5],[-26.32,72.75],[-25.75,73.1],[-25.25,73.06],[-25.12,73.25],[-25.68,73.5],[-25.25,73.81],[-24.0,74.1],[-23.5,74.54],[-22.0,74.41],[-21.73,74.25],[-21.87,74.0],[-21.5,73.97],[-16.75,75.27],[-12.5,77.03],[-9.25,77.93],[-3.25,78.86],[2.25,79.36],[11.0,79.82],[11.38,79.5],[14.0,78.58],[16.5,78.6],[16.68,78.5],[16.15,78.0],[16.55,77.75],[16.14,77.5],[16.29,77.25],[17.5,77.09],[18.5,77.51],[20.04,77.5],[20.11,77.25],[16.5,75.03],[9.3,71.5],[8.96,71.0],[6.75,69.7],[3.05,67.0],[0.05,65.5],[-2.75,64.46],[-7.25,63.57],[-11.0,63.27],[-16.5,63.47],[-17.96,64.0],[-17.58,64.5],[-18.0,64.63],[-18.23,64.5],[-18.04,64.0],[-18.5,63.74],[-19.25,63.69],[-19.75,64.02],[-25.5,63.44],[-29.75,62.56],[-33.5,61.29],[-39.75,60.95]]}},{"type":"Feature","properties":{"level":992},"geometry":{"type":"LineString","coordinates":[[-59.75,67.99],[-60.33,68.25],[-60.5,68.64],[-58.75,68.5],[-58.22,68.0],[-59.75,67.99]]}},{"type":"Feature","properties":{"level":992},"geometry":{"type":"LineString","coordinates":[[119.0,80.0],[105.0,80.84],[98.5,80.82],[96.75,80.47],[93.0,80.95],[68.75,80.88],[51.25,81.21],[42.86,82.0],[41.93,82.25],[41.58,82.75],[41.86,83.25],[42.5,83.55],[46.25,84.31],[58.25,85.22],[77.25,85.65],[95.25,85.42],[109.0,84.68],[117.25,83.57],[125.25,81.62],[127.2,80.5],[127.24,80.25],[123.5,79.76],[119.0,80.0]]}},{"type":"Feature","properties":{"level":992},"geometry":{"type":"LineString","coordinates":[[180.0,81.15],[171.25,81.25],[162.07,82.0],[156.5,83.25],[153.05,84.75],[151.81,85.75],[152.25,86.13],[154.32,86.75],[160.5,87.52],[168.25,88.04],[180.0,88.37]]}},{"type":"Feature","properties":{"level":992},"geometry":{"type":"LineString","coordinates":[[-180.0,88.37],[-142.0,88.5],[-112.5,88.02],[-104.25,87.6],[-98.03,87.0],[-94.53,86.25],[-94.0,86.0],[-93.69,85.5],[-94.43,84.75],[-96.93,83.75],[-101.5,82.66],[-103.25,82.49],[-148.5,82.55],[-161.25,82.1],[-175.5,80.99],[-180.0,81.15]]}},{"type":"Feature","properties":{"level":996},"geometry":{"type":"LineString","coordinates":[[172.25,-85.78],[172.05,-85.75],[176.33,-85.5],[175.0,-85.89],[172.25,-85.78]]}},{"type":"Feature","properties":{"level":996},"geometry":{"type":"LineString","coordinates":[[163.9,-85.0],[165.19,-85.0],[164.25,-84.84],[163.9,-85.0]]}},{"type":"Feature","properties":{"level":996},"geometry":{"type":"LineString","coordinates":[[180.0,-85.07],[172.25,-84.73],[171.86,-84.75],[172.07,-85.0],[171.5,-85.05],[164.5,-85.32],[156.75,-84.66],[151.74,-84.5],[152.15,-84.25],[156.0,-83.94],[159.7,-84.0],[159.23,-83.75],[159.86,-83.25],[159.5,-83.18],[158.75,-83.2],[157.75,-83.58],[153.3,-83.25],[153.3,-83.0],[155.22,-82.75],[154.75,-82.36],[151.06,-81.75],[151.82,-81.5],[150.76,-81.25],[150.32,-80.75],[152.02,-80.0],[152.12,-79.5],[153.66,-79.0],[149.75,-78.38],[149.5,-78.25],[149.74,-78.0],[149.38,-77.75],[150.91,-77.5],[148.38,-77.0],[148.86,-75.75],[152.5,-73.81],[152.49,-73.25],[153.25,-72.61],[157.7,-71.75],[158.0,-71.05],[157.5,-70.94],[156.75,-71.34],[156.45,-71.25],[156.78,-71.0],[156.0,-70.67],[151.38,-70.25],[149.8,-69.0],[146.75,-68.87],[145.5,-68.5],[146.22,-68.25],[146.0,-67.99],[144.0,-68.22],[143.76,-68.0],[144.08,-67.75],[143.75,-67.45],[138.0,-67.48],[133.75,-68.05],[131.75,-68.59],[127.75,-68.76],[119.5,-69.76],[114.5,-69.52],[105.25,-68.1],[102.25,-68.17],[98.0,-67.66],[86.25,-68.35],[82.0,-69.11],[80.25,-69.73],[79.37,-70.25],[77.75,-71.87],[76.5,-72.11],[75.5,-72.64],[75.0,-73.79],[74.0,-73.96],[73.5,-74.33],[73.16,-74.25],[73.0,-73.85],[72.45,-73.75],[73.12,-73.25],[73.0,-72.86],[71.75,-73.03],[69.88,-72.25],[70.75,-72.03],[71.3,-71.5],[70.73,-71.25],[70.05,-70.5],[70.29,-69.0],[69.99,-68.5],[68.0,-67.76],[67.45,-67.75],[68.3,-67.5],[68.47,-67.25],[68.29,-67.0],[65.5,-66.49],[56.5,-65.92],[54.83,-66.0],[54.65,-66.25],[55.18,-66.75],[54.75,-67.11],[53.33,-67.5],[54.64,-68.0],[54.05,-68.25],[53.93,-68.75],[53.5,-69.06],[51.0,-69.62],[47.97,-69.25],[46.8,-69.75],[46.25,-70.32],[44.7,-70.75],[41.0,-71.0],[37.5,-70.88],[36.32,-71.25],[35.86,-71.75],[35.0,-72.1],[31.25,-72.25],[28.0,-71.98],[26.75,-72.2],[25.34,-73.0],[24.5,-73.14],[14.75,-72.47],[12.5,-73.32],[7.25,-72.93],[5.5,-73.74],[1.5,-74.44],[0.25,-74.27],[-1.19,-73.5],[-2.0,-73.47],[-3.25,-73.68],[-4.75,-74.32],[-8.03,-74.5],[-9.0,-75.25],[-15.0,-76.53],[-20.25,-76.73],[-24.0,-77.3],[-24.4,-77.5],[-23.99,-77.75],[-24.34,-78.0],[-26.83,-78.5],[-26.5,-78.86],[-25.93,-79.0],[-25.94,-79.25],[-29.0,-79.61],[-38.75,-79.99],[-43.0,-79.42],[-45.56,-79.75],[-47.75,-80.42],[-51.25,-80.51],[-53.5,-80.86],[-66.75,-80.7],[-70.66,-80.0],[-70.88,-79.75],[-70.66,-79.25],[-72.19,-77.5],[-72.21,-77.0],[-71.72,-76.75],[-71.95,-76.5],[-76.25,-76.06],[-76.84,-75.75],[-76.98,-75.0],[-78.0,-74.73],[-81.5,-75.42],[-84.25,-75.25],[-89.58,-76.75],[-86.5,-77.39],[-86.29,-77.5],[-86.47,-77.75],[-85.12,-78.5],[-85.25,-78.6],[-86.75,-78.71],[-88.25,-79.21],[-92.1,-79.5],[-96.25,-80.56],[-103.55,-81.75],[-108.26,-84.0],[-107.36,-84.5],[-114.24,-84.75],[-115.24,-85.0],[-115.37,-85.25],[-116.87,-85.5],[-127.5,-85.92],[-145.0,-85.92],[-159.5,-86.35],[-160.46,-86.0],[-171.0,-85.27],[-178.25,-85.43],[-180.0,-85.07]]}},{"type":"Feature","properties":{"level":996},"geometry":{"type":"LineString","coordinates":[[-80.0,-77.0],[-82.3,-76.5],[-80.25,-76.39],[-78.61,-76.75],[-80.0,-77.0]]}},{"type":"Feature","properties":{"level":996},"geometry":{"type":"LineString","coordinates":[[152.86,-74.5],[153.94,-74.5],[152.86,-74.5]]}},{"type":"Feature","properties":{"level":996},"geometry":{"type":"LineString","coordinates":[[160.5,-74.0],[161.79,-74.0],[161.0,-73.21],[160.09,-73.5],[160.06,-73.75],[160.5,-74.0]]}},{"type":"Feature","properties":{"level":996},"geometry":{"type":"LineString","coordinates":[[-4.88,-73.25],[-4.25,-73.3],[-3.75,-73.0],[-4.88,-73.25]]}},{"type":"Feature","properties":{"level":996},"geometry":{"type":"LineString","coordinates":[[68.5,-72.75],[68.47,-72.25],[68.75,-72.04],[69.5,-71.83],[69.77,-72.0],[69.63,-72.5],[69.0,-72.42],[68.5,-72.75]]}},{"type":"Feature","properties":{"level":996},"geometry":{"type":"LineString","coordinates":[[-63.75,-66.38],[-63.86,-66.25],[-63.62,-66.25],[-63.75,-66.38]]}},{"type":"Feature","properties":{"level":996},"geometry":{"type":"LineString","coordinates":[[-180.0,-55.98],[-178.75,-55.19],[-177.75,-54.21],[-176.75,-53.92],[-176.25,-53.53],[-156.25,-58.35],[-152.5,-58.51],[-148.0,-58.02],[-146.0,-57.49],[-143.0,-56.2],[-137.75,-52.44],[-136.1,-50.75],[-135.64,-49.5],[-136.07,-49.0],[-136.0,-48.81],[-133.5,-48.84],[-111.76,-51.5],[-102.25,-51.66],[-98.0,-52.54],[-94.25,-53.99],[-90.34,-56.0],[-84.0,-60.27],[-78.63,-63.0],[-77.66,-64.0],[-76.0,-65.0],[-69.5,-67.61],[-68.5,-67.6],[-68.25,-67.85],[-65.75,-68.4],[-65.58,-68.5],[-65.89,-68.75],[-65.75,-68.81],[-65.5,-68.62],[-65.51,-68.25],[-65.0,-67.91],[-53.75,-67.97],[-44.75,-66.02],[-41.0,-66.82],[-40.0,-67.34],[-38.36,-67.75],[-36.25,-67.92],[-33.0,-67.74],[-28.25,-66.77],[-23.75,-65.1],[-19.98,-62.5],[-16.35,-59.5],[-16.33,-59.25],[-14.03,-58.0],[-7.62,-50.75],[-3.15,-46.75],[-2.73,-45.75],[-3.13,-43.5],[-2.75,-42.19],[-2.0,-41.83],[1.25,-41.18],[2.75,-41.7],[8.75,-44.77],[12.25,-44.71],[14.25,-44.14],[15.0,-43.52],[18.63,-44.0],[22.5,-45.52],[25.5,-47.37],[28.5,-48.7],[29.75,-48.73],[32.73,-48.25],[34.55,-47.5],[36.0,-47.28],[37.75,-47.34],[43.75,-48.41],[48.0,-50.93],[54.0,-53.66],[55.36,-55.25],[56.0,-58.0],[56.75,-59.09],[58.25,-60.12],[60.5,-60.42],[62.0,-61.41],[65.0,-61.63],[71.75,-60.38],[75.64,-57.75],[80.5,-52.81],[82.74,-49.5],[86.01,-45.5],[87.65,-43.0],[88.69,-40.25],[92.25,-38.66],[94.5,-38.07],[97.5,-37.81],[102.5,-38.57],[109.25,-40.12],[114.25,-42.04],[116.25,-43.46],[120.75,-47.77],[122.75,-48.97],[124.45,-50.5],[128.21,-54.75],[132.5,-57.86],[137.75,-59.91],[150.25,-62.58],[150.99,-63.0],[151.75,-64.17],[152.5,-64.53],[157.0,-64.28],[163.25,-62.75],[177.25,-57.41],[180.0,-55.98]]}},{"type":"Feature","properties":{"level":996},"geometry":{"type":"LineString","coordinates":[[180.0,-47.16],[179.69,-47.0],[179.64,-45.75],[179.37,-45.25],[179.5,-44.58],[180.0,-44.34]]}},{"type":"Feature","properties":{"level":996},"geometry":{"type":"LineString","coordinates":[[-180.0,-44.34],[-177.5,-44.59],[-175.25,-45.3],[-171.25,-47.87],[-170.88,-48.25],[-170.44,-49.5],[-171.75,-50.17],[-175.75,-50.24],[-178.88,-48.75],[-179.25,-47.88],[-180.0,-47.16]]}},{"type":"Feature","properties":{"level":996},"geometry":{"type":"LineString","coordinates":[[-52.25,44.24],[-61.25,48.24],[-63.26,50.5],[-63.48,51.0],[-62.8,53.5],[-62.36,54.25],[-62.45,54.75],[-62.0,55.07],[-61.15,56.5],[-59.0,58.47],[-57.5,58.83],[-54.75,58.77],[-50.5,57.54],[-48.35,56.25],[-46.58,54.0],[-46.09,52.25],[-46.28,50.25],[-45.93,49.5],[-46.1,49.0],[-45.57,48.5],[-45.16,47.25],[-45.49,46.25],[-46.25,45.57],[-47.5,45.13],[-49.0,45.05],[-50.75,44.26],[-52.25,44.24]]}},{"type":"Feature","properties":{"level":996},"geometry":{"type":"LineString","coordinates":[[171.25,44.98],[170.86,45.25],[170.99,45.5],[171.67,45.5],[171.75,45.15],[171.25,44.98]]}},{"type":"Feature","properties":{"level":996},"geometry":{"type":"LineString","coordinates":[[-155.0,45.24],[-158.0,45.49],[-160.29,46.0],[-162.75,47.07],[-164.5,48.32],[-166.25,50.28],[-166.56,51.75],[-166.0,53.23],[-165.0,54.56],[-162.25,55.28],[-160.75,55.37],[-155.75,55.22],[-152.86,54.75],[-149.68,53.75],[-146.84,52.25],[-146.5,52.0],[-146.63,51.75],[-145.93,51.25],[-145.17,50.25],[-145.82,49.5],[-145.87,48.75],[-145.5,48.18],[-146.0,47.79],[-147.25,47.66],[-147.5,47.15],[-150.5,45.25],[-155.0,45.24]]}},{"type":"Feature","properties":{"level":996},"geometry":{"type":"LineString","coordinates":[[147.0,51.74],[143.0,52.5],[141.22,53.5],[139.58,55.25],[139.2,56.75],[139.35,57.25],[143.25,59.85],[145.25,59.69],[146.0,60.0],[149.25,60.2],[151.5,59.65],[154.37,58.0],[155.09,57.0],[155.25,56.0],[154.63,54.75],[153.5,53.56],[152.25,52.74],[150.5,52.11],[147.0,51.74]]}},{"type":"Feature","properties":{"level":996},"geometry":{"type":"LineString","coordinates":[[-145.25,51.96],[-145.26,52.25],[-144.88,52.5],[-144.02,52.5],[-144.02,52.25],[-144.42,52.0],[-145.25,51.96]]}},{"type":"Feature","properties":{"level":996},"geometry":{"type":"LineString","coordinates":[[-43.5,59.7],[-43.91,60.0],[-43.65,60.25],[-43.9,61.25],[-43.53,62.0],[-43.58,63.0],[-42.66,63.5],[-41.59,64.75],[-41.48,65.25],[-39.12,66.25],[-39.0,66.59],[-38.25,67.05],[-35.5,67.46],[-35.11,68.0],[-34.09,68.5],[-34.23,68.75],[-34.0,69.15],[-31.85,69.5],[-31.8,70.0],[-31.09,70.5],[-31.03,71.25],[-31.44,71.75],[-31.25,72.08],[-30.0,72.76],[-27.5,73.19],[-27.4,73.5],[-26.67,74.0],[-27.38,74.25],[-26.81,74.5],[-18.0,75.94],[-17.1,76.25],[-16.0,77.07],[-12.25,78.34],[-7.0,79.34],[-0.5,80.1],[5.5,80.44],[13.25,80.5],[17.5,80.11],[17.72,80.0],[17.03,79.5],[18.5,78.57],[20.75,78.7],[23.25,78.43],[24.25,78.14],[25.22,77.5],[25.24,77.25],[24.78,77.0],[22.0,76.04],[14.25,72.05],[13.25,71.31],[8.5,69.26],[7.75,68.5],[2.5,65.62],[-2.53,63.75],[-7.0,62.83],[-9.75,62.56],[-15.25,62.34],[-20.25,62.52],[-24.0,62.17],[-32.5,60.1],[-42.0,59.51],[-43.5,59.7]]}},{"type":"Feature","properties":{"level":996},"geometry":{"type":"LineString","coordinates":[[-64.0,62.99],[-64.31,63.25],[-63.84,64.0],[-64.09,64.5],[-67.1,66.0],[-67.75,66.78],[-69.25,67.22],[-72.25,67.62],[-77.75,69.23],[-78.96,69.75],[-79.16,70.25],[-78.75,70.44],[-76.0,70.57],[-75.48,70.5],[-76.15,70.25],[-75.96,70.0],[-75.0,70.1],[-73.5,69.68],[-72.0,69.76],[-71.25,70.19],[-70.25,70.14],[-69.75,70.5],[-70.31,71.0],[-69.5,71.47],[-63.25,72.21],[-62.84,72.0],[-63.15,71.75],[-62.75,71.32],[-61.55,70.75],[-56.5,69.7],[-55.09,69.0],[-54.25,68.25],[-54.16,67.5],[-54.75,66.46],[-56.25,65.19],[-59.75,63.54],[-63.0,62.76],[-64.0,62.99]]}},{"type":"Feature","properties":{"level":996},"geometry":{"type":"LineString","coordinates":[[-64.16,66.0],[-64.0,65.85],[-63.25,66.07],[-62.79,66.5],[-66.31,67.25],[-65.36,66.75],[-65.34,66.5],[-64.75,66.52],[-64.16,66.0]]}},{"type":"Feature","properties":{"level":996},"geometry":{"type":"LineString","coordinates":[[180.0,79.98],[176.5,80.26],[164.25,80.57],[150.5,81.91],[142.5,82.14],[140.5,81.95],[139.44,81.25],[139.52,80.25],[140.42,79.75],[140.66,79.25],[140.42,79.0],[132.76,77.75],[125.25,77.46],[110.75,79.27],[101.75,79.8],[99.5,79.56],[93.0,80.1],[67.5,79.7],[52.5,80.31],[48.84,80.25],[48.0,80.5],[38.05,81.25],[36.5,81.71],[34.23,82.0],[31.32,83.0],[33.22,84.25],[34.01,84.5],[42.0,85.65],[56.5,86.57],[90.96,88.0],[95.11,88.5],[87.5,89.13],[75.0,89.51],[18.0,89.76],[-37.75,89.63],[-60.0,89.18],[-70.11,88.25],[-72.0,87.7],[-72.54,87.25],[-72.46,86.75],[-76.25,85.83],[-102.75,80.82],[-107.75,80.75],[-125.0,81.35],[-148.0,81.55],[-159.5,81.2],[-177.75,79.88],[-180.0,79.98]]}},{"type":"Feature","properties":{"level":1000},"geometry":{"type":"LineString","coordinates":[[-163.76,-86.5],[-160.75,-86.48],[-160.67,-86.25],[-167.25,-85.62],[-174.1,-85.5],[-173.0,-86.03],[-163.76,-86.5]]}},{"type":"Feature","properties":{"level":1000},"geometry":{"type":"LineString","coordinates":[[180.0,-86.5],[161.5,-86.0],[158.87,-85.75],[159.57,-85.5],[159.5,-85.25],[149.53,-84.5],[149.43,-84.25],[150.38,-84.0],[149.08,-83.75],[148.8,-83.5],[150.5,-83.2],[151.1,-82.75],[148.68,-82.0],[148.69,-81.75],[149.08,-81.5],[148.64,-81.25],[148.56,-80.75],[148.95,-80.0],[150.45,-79.5],[150.33,-79.25],[147.5,-79.05],[146.39,-78.75],[146.76,-78.25],[145.96,-77.75],[146.15,-77.0],[146.46,-76.75],[146.11,-76.5],[147.0,-75.61],[149.25,-74.98],[151.12,-74.0],[151.47,-73.5],[151.19,-73.25],[152.01,-72.75],[152.33,-72.0],[151.89,-72.0],[152.0,-71.46],[151.58,-71.5],[151.75,-70.97],[151.25,-71.02],[149.5,-70.38],[148.54,-69.75],[145.25,-68.85],[139.5,-68.02],[134.25,-68.37],[131.75,-68.91],[119.25,-70.04],[114.0,-69.73],[105.25,-68.39],[101.75,-68.44],[97.75,-67.99],[86.25,-68.93],[84.0,-69.26],[82.0,-69.89],[80.83,-70.75],[78.9,-73.25],[78.47,-75.5],[78.13,-76.0],[76.5,-76.73],[74.75,-77.01],[73.0,-76.97],[72.85,-76.75],[73.4,-76.25],[73.25,-75.58],[72.25,-75.38],[66.0,-74.86],[65.5,-74.91],[64.88,-75.5],[64.25,-75.68],[61.5,-75.49],[61.16,-75.25],[62.64,-73.75],[62.32,-73.25],[64.03,-72.25],[64.81,-71.25],[63.18,-70.0],[63.65,-69.75],[63.5,-69.66],[59.5,-68.99],[55.25,-69.29],[53.75,-69.85],[48.0,-70.21],[47.0,-70.79],[45.75,-71.09],[37.75,-71.62],[36.5,-71.96],[35.25,-72.63],[34.5,-72.7],[30.5,-72.83],[28.5,-72.23],[27.25,-72.4],[25.5,-73.2],[24.5,-73.36],[18.5,-73.38],[16.25,-73.03],[12.5,-73.54],[9.0,-73.45],[3.87,-74.75],[1.75,-74.93],[0.25,-74.85],[-1.5,-74.06],[-2.5,-73.94],[-5.25,-75.1],[-11.46,-76.5],[-12.25,-77.13],[-17.0,-77.41],[-17.46,-77.75],[-17.3,-78.0],[-17.45,-78.25],[-18.25,-78.52],[-18.49,-79.25],[-20.5,-79.75],[-28.25,-80.79],[-31.75,-80.72],[-43.0,-82.29],[-43.75,-81.96],[-47.25,-82.02],[-52.19,-83.0],[-57.71,-83.5],[-59.35,-84.0],[-62.62,-84.0],[-62.41,-83.75],[-64.0,-83.33],[-73.25,-82.17],[-76.0,-81.55],[-78.0,-80.71],[-82.59,-79.75],[-83.21,-79.25],[-82.74,-79.0],[-82.8,-78.75],[-84.28,-78.0],[-83.58,-77.5],[-84.75,-77.39],[-85.76,-77.75],[-84.61,-78.5],[-85.25,-78.95],[-86.5,-78.88],[-86.75,-79.0],[-86.65,-79.5],[-90.5,-79.58],[-91.75,-80.14],[-93.08,-80.25],[-93.6,-80.75],[-100.64,-81.75],[-104.1,-82.75],[-104.41,-83.75],[-102.69,-84.25],[-102.84,-84.5],[-104.14,-84.75],[-111.49,-85.0],[-112.58,-85.5],[-114.75,-85.77],[-123.79,-86.0],[-122.36,-86.25],[-123.0,-86.27],[-139.5,-86.17],[-140.5,-86.25],[-139.93,-86.5],[-140.75,-86.67],[-143.0,-86.84],[-149.25,-86.42],[-152.0,-86.64],[-157.25,-86.35],[-160.5,-86.46],[-160.72,-86.5],[-159.45,-86.75],[-163.0,-87.1],[-180.0,-86.5]]}},{"type":"Feature","properties":{"level":1000},"geometry":{"type":"LineString","coordinates":[[-147.17,-86.25],[-143.12,-86.25],[-144.75,-86.04],[-147.17,-86.25]]}},{"type":"Feature","properties":{"level":1000},"geometry":{"type":"LineString","coordinates":[[169.61,-85.5],[176.55,-85.25],[174.0,-85.07],[172.25,-85.4],[170.44,-85.25],[169.61,-85.5]]}},{"type":"Feature","properties":{"level":1000},"geometry":{"type":"LineString","coordinates":[[-83.75,-78.9],[-83.75,-78.62],[-83.5,-78.64],[-83.75,-78.9]]}},{"type":"Feature","properties":{"level":1000},"geometry":{"type":"LineString","coordinates":[[-82.89,-78.25],[-82.34,-78.25],[-83.47,-77.75],[-83.48,-78.0],[-82.89,-78.25]]}},{"type":"Feature","properties":{"level":1000},"geometry":{"type":"LineString","coordinates":[[-180.0,-41.49],[-179.43,-41.25],[-179.36,-41.0],[-179.79,-40.5],[-179.63,-40.25],[-179.0,-39.93],[-177.77,-41.5],[-176.0,-42.98],[-170.0,-46.88],[-169.36,-47.5],[-168.72,-48.5],[-169.17,-50.5],[-169.61,-50.75],[-170.0,-51.45],[-171.07,-52.0],[-169.98,-53.25],[-169.0,-53.88],[-160.83,-56.25],[-155.75,-57.17],[-153.5,-57.33],[-149.0,-56.81],[-146.0,-55.91],[-143.75,-54.91],[-140.28,-52.25],[-138.88,-50.75],[-138.44,-49.75],[-137.96,-49.25],[-137.72,-48.25],[-137.85,-48.0],[-137.5,-47.89],[-134.75,-47.82],[-113.5,-49.94],[-102.5,-50.49],[-98.5,-51.33],[-93.0,-53.37],[-87.23,-56.5],[-81.57,-60.0],[-72.5,-64.43],[-67.75,-66.48],[-67.44,-66.75],[-67.49,-67.0],[-66.5,-67.13],[-64.75,-66.58],[-63.0,-65.69],[-61.0,-65.46],[-59.25,-66.01],[-54.75,-66.26],[-52.75,-66.02],[-47.86,-64.75],[-44.5,-64.45],[-35.5,-65.44],[-32.75,-65.45],[-30.0,-65.09],[-26.5,-64.0],[-24.5,-63.04],[-22.25,-61.52],[-18.99,-58.0],[-15.65,-55.75],[-11.39,-51.75],[-9.75,-49.91],[-6.18,-46.75],[-4.87,-45.0],[-4.29,-42.0],[-3.81,-41.5],[-1.25,-40.14],[0.25,-39.77],[2.5,-39.89],[6.0,-40.98],[8.0,-41.19],[8.75,-41.63],[9.5,-41.53],[10.5,-40.87],[15.0,-41.49],[22.75,-43.62],[26.25,-45.6],[28.0,-46.21],[31.0,-46.36],[33.75,-45.25],[43.75,-47.06],[47.25,-48.39],[48.65,-50.0],[49.39,-50.5],[55.0,-52.96],[55.68,-53.5],[58.0,-56.85],[59.5,-57.83],[61.75,-58.26],[64.5,-57.96],[66.5,-58.13],[69.0,-57.62],[70.5,-57.03],[73.25,-55.5],[75.25,-54.0],[83.26,-45.75],[85.31,-42.5],[85.31,-40.5],[86.25,-39.63],[90.25,-37.75],[93.75,-36.65],[96.5,-36.34],[99.5,-36.51],[104.0,-37.22],[108.44,-38.25],[111.75,-39.42],[114.5,-40.73],[120.0,-44.95],[123.75,-46.31],[124.75,-47.41],[127.12,-51.25],[129.25,-53.73],[132.25,-56.11],[135.5,-57.89],[141.25,-59.82],[145.25,-60.67],[150.75,-61.42],[153.25,-62.19],[156.25,-62.48],[159.75,-62.09],[166.25,-60.38],[173.84,-57.5],[178.06,-55.25],[178.84,-54.0],[178.8,-52.25],[179.05,-51.5],[178.75,-51.0],[179.42,-50.75],[179.66,-50.25],[179.39,-48.75],[178.3,-47.75],[178.1,-47.25],[178.16,-46.5],[177.68,-44.5],[177.77,-43.5],[178.22,-43.0],[178.5,-42.08],[179.25,-41.47],[180.0,-41.49]]}},{"type":"Feature","properties":{"level":1000},"geometry":{"type":"LineString","coordinates":[[-153.25,43.74],[-158.0,44.33],[-160.5,44.93],[-163.75,46.61],[-166.25,48.87],[-167.18,50.25],[-167.48,51.5],[-167.18,53.5],[-166.25,53.95],[-165.79,55.0],[-164.79,55.75],[-162.75,56.14],[-159.5,56.3],[-159.0,56.03],[-155.5,55.84],[-153.0,55.42],[-149.0,54.4],[-146.75,53.49],[-143.25,53.19],[-142.5,52.79],[-142.58,52.0],[-143.25,51.0],[-143.3,49.75],[-143.74,48.5],[-144.01,46.5],[-144.93,45.0],[-147.0,44.91],[-150.25,43.65],[-153.25,43.74]]}},{"type":"Feature","properties":{"level":1000},"geometry":{"type":"LineString","coordinates":[[171.0,44.23],[169.65,44.75],[169.07,45.25],[169.0,45.58],[169.75,46.27],[171.0,46.59],[172.67,46.0],[172.99,45.5],[172.98,45.0],[172.0,44.35],[171.0,44.23]]}},{"type":"Feature","properties":{"level":1000},"geometry":{"type":"LineString","coordinates":[[145.25,50.97],[143.5,51.26],[140.75,52.48],[140.25,53.04],[139.25,53.47],[138.92,54.0],[138.25,54.28],[137.5,55.21],[137.24,55.25],[137.25,55.55],[136.96,55.5],[137.98,56.75],[139.96,58.0],[141.94,60.25],[148.0,60.8],[150.25,60.39],[152.0,60.41],[153.0,59.72],[155.75,59.39],[157.56,58.5],[157.27,58.25],[157.75,57.53],[158.06,57.5],[158.06,56.75],[157.38,55.75],[156.25,55.04],[155.17,53.75],[153.34,52.25],[151.75,51.54],[149.25,50.94],[145.25,50.97]]}},{"type":"Feature","properties":{"level":1000},"geometry":{"type":"LineString","coordinates":[[-21.25,76.62],[-21.37,76.75],[-20.94,76.75],[-21.25,76.62]]}},{"type":"Feature","properties":{"level":1000},"geometry":{"type":"LineString","coordinates":[[180.0,78.86],[176.0,78.67],[171.0,79.28],[153.25,79.86],[150.0,79.43],[145.75,78.08],[136.25,76.56],[131.79,76.0],[126.25,75.68],[122.75,76.01],[116.75,77.15],[111.5,77.85],[103.5,78.49],[101.25,78.95],[99.25,78.84],[94.5,79.25],[63.25,78.61],[39.0,79.58],[32.5,79.58],[31.83,79.25],[32.43,78.75],[30.0,76.93],[23.25,74.81],[12.5,69.52],[10.0,67.99],[9.0,67.75],[2.0,64.33],[-1.75,62.99],[-6.75,61.85],[-14.0,60.92],[-21.75,60.81],[-33.5,59.12],[-41.25,58.71],[-46.75,59.23],[-47.09,59.0],[-47.13,58.25],[-45.73,56.0],[-45.24,54.75],[-44.81,52.5],[-44.78,50.0],[-44.07,47.75],[-43.73,47.5],[-43.98,47.25],[-43.73,46.75],[-44.14,45.75],[-44.07,44.5],[-44.5,43.84],[-45.25,43.81],[-45.75,43.45],[-49.0,43.04],[-50.5,42.5],[-52.25,42.25],[-54.0,42.62],[-56.0,44.17],[-60.66,46.5],[-60.75,46.76],[-63.34,48.5],[-64.95,50.75],[-64.45,51.75],[-64.58,54.0],[-64.21,55.5],[-64.31,56.5],[-63.92,57.75],[-64.08,58.25],[-63.58,58.5],[-63.6,58.75],[-64.26,59.75],[-65.5,60.01],[-68.18,61.75],[-68.38,62.25],[-67.53,63.0],[-67.74,63.5],[-67.28,63.75],[-67.7,64.5],[-68.75,65.08],[-70.5,65.58],[-76.25,66.43],[-77.75,66.5],[-79.75,66.23],[-80.75,66.64],[-83.09,68.25],[-84.0,68.52],[-85.25,68.3],[-85.84,67.75],[-85.72,67.25],[-86.75,66.7],[-88.25,66.7],[-89.15,67.0],[-89.15,67.25],[-88.04,68.25],[-88.04,69.0],[-86.5,70.09],[-83.98,70.25],[-84.0,71.25],[-81.75,71.84],[-80.25,72.51],[-77.76,72.75],[-79.0,72.16],[-79.75,72.34],[-80.15,72.0],[-79.25,71.72],[-74.72,72.0],[-74.2,72.5],[-71.68,73.25],[-69.75,74.34],[-67.25,74.83],[-66.49,75.5],[-64.75,75.53],[-63.0,75.11],[-57.01,74.75],[-54.6,73.0],[-55.1,72.5],[-54.85,71.75],[-54.25,71.48],[-53.5,71.63],[-53.0,71.15],[-52.75,71.47],[-52.5,71.11],[-51.96,71.0],[-51.86,70.75],[-52.5,70.62],[-53.0,69.97],[-52.75,69.88],[-52.25,70.29],[-50.25,69.85],[-50.0,69.37],[-49.32,69.0],[-49.35,68.75],[-48.56,68.25],[-49.5,66.57],[-51.25,66.07],[-52.01,66.25],[-52.4,66.0],[-51.26,65.5],[-51.56,65.25],[-51.6,64.75],[-51.02,64.25],[-51.14,63.75],[-50.78,63.25],[-50.25,62.96],[-50.0,62.48],[-47.5,61.12],[-45.0,61.26],[-44.5,60.98],[-44.13,61.5],[-43.93,63.0],[-42.75,63.75],[-42.0,64.85],[-41.94,65.5],[-38.5,67.12],[-36.15,67.5],[-34.72,68.5],[-35.0,69.28],[-33.0,69.78],[-31.92,70.5],[-32.2,71.75],[-32.0,72.1],[-30.5,72.96],[-29.0,73.37],[-28.94,74.0],[-27.5,74.66],[-22.75,75.72],[-21.25,75.81],[-20.38,76.25],[-20.73,76.75],[-20.5,76.89],[-18.68,77.25],[-18.43,77.75],[-16.49,78.75],[-13.25,79.62],[-3.75,81.16],[14.65,83.25],[18.55,84.75],[20.0,85.75],[20.13,86.5],[18.33,87.0],[15.75,87.21],[2.5,87.56],[-18.5,87.63],[-39.5,87.16],[-50.75,86.58],[-62.25,85.54],[-70.86,84.25],[-72.98,83.75],[-74.25,83.14],[-77.5,82.71],[-79.75,82.71],[-83.75,82.2],[-91.75,81.67],[-93.32,81.25],[-93.84,80.75],[-98.14,80.25],[-100.5,79.36],[-101.75,79.17],[-109.56,79.25],[-127.5,80.31],[-147.75,80.6],[-161.75,80.18],[-180.0,78.86]]}},{"type":"Feature","properties":{"level":1004},"geometry":{"type":"LineString","coordinates":[[180.0,-87.03],[161.0,-86.34],[154.87,-85.75],[155.35,-85.5],[154.68,-85.25],[149.5,-84.94],[146.2,-84.25],[146.33,-84.0],[144.73,-83.5],[147.96,-82.75],[146.18,-82.0],[146.26,-81.75],[147.3,-81.5],[146.55,-81.0],[147.74,-79.75],[146.5,-79.43],[143.52,-79.25],[143.91,-79.0],[144.01,-78.5],[143.42,-78.0],[145.43,-75.25],[149.75,-73.92],[150.0,-73.5],[149.64,-72.75],[150.54,-72.5],[150.0,-71.7],[149.71,-71.75],[149.78,-71.25],[148.25,-70.88],[146.82,-70.0],[144.09,-69.25],[139.5,-68.66],[135.0,-68.64],[131.25,-69.33],[123.5,-70.13],[118.75,-70.3],[114.5,-70.04],[105.25,-68.71],[101.0,-68.75],[97.25,-68.36],[84.49,-69.75],[83.5,-70.06],[82.14,-71.0],[80.99,-73.5],[81.01,-75.25],[80.82,-76.0],[80.35,-76.5],[77.45,-77.5],[73.57,-78.0],[62.93,-77.75],[60.0,-77.28],[56.5,-76.09],[55.77,-75.5],[59.34,-74.0],[59.65,-73.75],[59.36,-73.25],[59.73,-73.0],[59.89,-72.5],[62.01,-71.25],[62.41,-70.75],[62.44,-70.5],[61.96,-70.25],[59.75,-70.02],[57.25,-70.33],[51.75,-70.51],[49.86,-71.0],[50.03,-71.25],[49.75,-71.38],[38.0,-72.31],[34.75,-73.3],[31.0,-73.3],[28.0,-72.65],[26.75,-72.84],[25.75,-73.36],[23.0,-73.77],[13.75,-73.67],[7.64,-74.5],[4.25,-75.37],[0.0,-75.71],[-1.25,-76.08],[-3.5,-75.96],[-8.19,-77.25],[-12.04,-77.75],[-13.29,-78.25],[-13.16,-78.75],[-13.5,-78.98],[-15.5,-79.3],[-16.34,-79.75],[-17.79,-80.0],[-19.0,-80.67],[-26.5,-80.66],[-30.56,-81.25],[-29.54,-81.5],[-30.5,-81.74],[-37.25,-82.06],[-41.75,-83.26],[-45.16,-83.25],[-47.5,-82.84],[-49.0,-82.83],[-54.77,-83.5],[-56.5,-84.18],[-58.25,-84.46],[-64.5,-84.64],[-68.0,-85.02],[-73.5,-84.91],[-75.08,-84.75],[-75.34,-84.5],[-75.08,-84.25],[-76.01,-84.0],[-85.54,-83.0],[-90.32,-82.0],[-90.08,-81.75],[-91.75,-81.57],[-96.75,-82.01],[-100.2,-82.75],[-100.46,-83.0],[-99.77,-83.5],[-96.5,-83.75],[-94.99,-84.25],[-97.42,-84.75],[-96.0,-85.1],[-99.75,-84.85],[-105.82,-85.0],[-105.7,-85.25],[-106.04,-85.5],[-112.5,-86.26],[-124.75,-86.73],[-132.75,-86.72],[-146.25,-87.47],[-167.75,-87.42],[-180.0,-87.03]]}},{"type":"Feature","properties":{"level":1004},"geometry":{"type":"LineString","coordinates":[[-157.33,-86.5],[-156.11,-86.5],[-157.33,-86.5]]}},{"type":"Feature","properties":{"level":1004},"geometry":{"type":"LineString","coordinates":[[-163.47,-86.25],[-161.38,-86.25],[-163.47,-86.25]]}},{"type":"Feature","properties":{"level":1004},"geometry":{"type":"LineString","coordinates":[[-133.7,-86.25],[-132.25,-86.4],[-131.05,-86.25],[-133.7,-86.25]]}},{"type":"Feature","properties":{"level":1004},"geometry":{"type":"LineString","coordinates":[[-168.96,-86.0],[-166.5,-86.16],[-165.26,-86.0],[-167.25,-85.69],[-171.48,-85.75],[-168.96,-86.0]]}},{"type":"Feature","properties":{"level":1004},"geometry":{"type":"LineString","coordinates":[[173.28,-85.25],[175.67,-85.25],[173.28,-85.25]]}},{"type":"Feature","properties":{"level":1004},"geometry":{"type":"LineString","coordinates":[[-180.0,-38.46],[-179.5,-38.41],[-178.72,-38.75],[-174.01,-42.75],[-168.0,-46.26],[-167.09,-47.75],[-166.56,-50.25],[-165.65,-52.75],[-163.5,-54.08],[-159.5,-55.29],[-156.0,-55.85],[-153.0,-56.02],[-149.0,-55.38],[-146.5,-54.63],[-145.0,-53.87],[-142.1,-51.25],[-140.47,-49.25],[-139.5,-47.56],[-139.71,-47.25],[-139.5,-47.04],[-136.0,-46.85],[-105.0,-48.93],[-98.0,-50.27],[-92.75,-52.1],[-88.0,-54.57],[-79.0,-59.81],[-67.0,-64.86],[-65.62,-65.75],[-65.44,-66.25],[-65.0,-66.31],[-62.15,-65.0],[-57.5,-63.47],[-55.0,-63.32],[-50.25,-63.77],[-46.0,-63.04],[-40.5,-63.2],[-36.75,-63.58],[-33.5,-63.44],[-30.5,-63.06],[-26.75,-61.79],[-24.96,-60.75],[-22.82,-59.0],[-8.43,-46.0],[-7.09,-44.25],[-5.52,-41.25],[-4.77,-40.5],[-1.86,-38.5],[0.0,-37.92],[1.5,-37.06],[4.25,-37.06],[6.5,-37.61],[8.5,-37.73],[9.25,-38.14],[17.25,-40.26],[21.25,-40.74],[22.32,-41.25],[23.0,-41.16],[25.0,-42.11],[25.28,-42.5],[26.75,-43.27],[28.75,-43.78],[29.75,-43.74],[30.5,-43.14],[32.25,-42.94],[41.0,-45.04],[42.25,-45.62],[46.75,-46.95],[50.5,-50.02],[55.75,-52.16],[58.75,-55.12],[60.25,-55.88],[62.75,-56.18],[65.25,-55.87],[69.0,-54.61],[71.75,-53.5],[73.2,-52.5],[76.0,-50.18],[78.03,-48.0],[79.67,-46.75],[80.85,-45.5],[82.52,-42.75],[82.69,-42.25],[82.6,-40.25],[83.34,-39.5],[85.5,-38.17],[90.75,-35.65],[93.5,-34.94],[97.25,-34.7],[101.5,-35.13],[106.75,-36.17],[111.0,-37.55],[114.25,-39.12],[120.75,-43.05],[123.75,-43.93],[125.5,-45.63],[126.27,-46.75],[126.94,-48.5],[130.0,-52.68],[132.84,-55.0],[136.25,-57.02],[142.25,-59.09],[151.75,-60.6],[156.25,-61.07],[160.75,-60.67],[167.66,-58.75],[171.9,-57.0],[174.17,-55.75],[175.85,-54.5],[176.26,-53.25],[175.71,-51.0],[175.69,-49.0],[176.33,-47.75],[175.92,-43.0],[176.16,-41.75],[176.65,-41.0],[176.5,-40.25],[176.78,-40.0],[176.48,-39.75],[177.25,-39.02],[179.0,-38.82],[179.5,-38.45],[180.0,-38.46]]}},{"type":"Feature","properties":{"level":1004},"geometry":{"type":"LineString","coordinates":[[169.5,-38.33],[169.27,-38.0],[169.5,-37.84],[170.23,-38.0],[170.33,-38.25],[169.5,-38.33]]}},{"type":"Feature","properties":{"level":1004},"geometry":{"type":"LineString","coordinates":[[-103.5,-37.52],[-104.0,-37.3],[-104.01,-37.0],[-103.75,-36.7],[-103.25,-36.65],[-102.92,-37.0],[-102.99,-37.25],[-103.5,-37.52]]}},{"type":"Feature","properties":{"level":1004},"geometry":{"type":"LineString","coordinates":[[-169.75,-12.63],[-170.18,-12.25],[-170.16,-11.75],[-169.75,-11.36],[-169.25,-11.32],[-168.77,-11.75],[-168.79,-12.0],[-169.25,-12.65],[-169.75,-12.63]]}},{"type":"Feature","properties":{"level":1004},"geometry":{"type":"LineString","coordinates":[[-98.25,9.68],[-99.25,10.29],[-99.24,11.25],[-98.25,12.04],[-97.25,12.02],[-96.72,11.5],[-97.0,11.36],[-97.31,10.25],[-98.25,9.68]]}},{"type":"Feature","properties":{"level":1004},"geometry":{"type":"LineString","coordinates":[[32.25,12.44],[32.05,12.5],[32.25,12.44]]}},{"type":"Feature","properties":{"level":1004},"geometry":{"type":"LineString","coordinates":[[32.75,13.45],[32.14,14.0],[32.5,15.01],[33.0,15.25],[33.75,14.71],[34.0,14.8],[34.25,14.5],[34.16,14.0],[33.75,14.15],[33.5,13.75],[32.75,13.45]]}},{"type":"Feature","properties":{"level":1004},"geometry":{"type":"LineString","coordinates":[[37.5,17.15],[37.5,17.41],[37.5,17.15]]}},{"type":"Feature","properties":{"level":1004},"geometry":{"type":"LineString","coordinates":[[37.5,17.52],[37.5,17.87],[37.65,17.75],[37.5,17.52]]}},{"type":"Feature","properties":{"level":1004},"geometry":{"type":"LineString","coordinates":[[68.25,25.89],[67.42,26.5],[67.49,28.75],[67.75,29.58],[68.05,29.5],[68.25,28.61],[69.25,28.39],[69.89,28.75],[70.25,29.37],[71.75,29.84],[72.75,31.09],[74.0,31.04],[74.82,30.75],[74.75,30.41],[74.0,30.5],[73.88,30.25],[74.45,29.25],[74.11,28.75],[73.0,28.54],[71.0,27.25],[70.33,27.25],[69.84,26.25],[68.25,25.89]]}},{"type":"Feature","properties":{"level":1004},"geometry":{"type":"LineString","coordinates":[[71.46,28.75],[71.75,28.76],[71.75,29.1],[71.39,29.0],[71.46,28.75]]}},{"type":"Feature","properties":{"level":1004},"geometry":{"type":"LineString","coordinates":[[76.5,29.47],[76.43,29.75],[76.75,29.93],[76.91,29.75],[76.5,29.47]]}},{"type":"Feature","properties":{"level":1004},"geometry":{"type":"LineString","coordinates":[[-153.0,42.19],[-156.75,42.94],[-158.25,42.98],[-161.59,44.0],[-164.06,45.5],[-165.26,46.5],[-167.75,49.33],[-168.56,51.5],[-168.17,53.25],[-166.25,55.75],[-164.75,56.65],[-163.75,56.93],[-158.25,56.9],[-151.75,55.89],[-141.74,53.25],[-141.3,52.5],[-140.98,50.75],[-141.68,47.5],[-142.12,46.75],[-141.98,46.0],[-142.33,45.25],[-141.87,44.75],[-141.94,44.25],[-142.25,43.95],[-142.68,44.0],[-142.41,43.75],[-142.75,42.93],[-143.25,43.41],[-144.25,42.52],[-145.25,42.94],[-149.5,42.23],[-151.0,42.13],[-151.5,42.36],[-153.0,42.19]]}},{"type":"Feature","properties":{"level":1004},"geometry":{"type":"LineString","coordinates":[[-143.25,42.15],[-143.25,42.59],[-143.25,42.15]]}},{"type":"Feature","properties":{"level":1004},"geometry":{"type":"LineString","coordinates":[[170.25,43.49],[168.75,43.98],[168.0,44.49],[167.54,45.0],[167.4,45.75],[168.5,46.67],[170.25,47.23],[171.75,47.03],[172.99,46.5],[174.4,45.25],[174.12,44.5],[172.75,43.66],[171.5,43.41],[170.25,43.49]]}},{"type":"Feature","properties":{"level":1004},"geometry":{"type":"LineString","coordinates":[[145.0,49.71],[144.0,49.77],[142.25,50.44],[140.5,50.5],[138.41,51.75],[138.35,52.0],[138.63,52.25],[138.0,52.46],[137.53,53.25],[136.15,53.75],[136.39,54.5],[135.73,55.25],[138.64,57.5],[138.99,58.75],[140.0,59.45],[141.25,60.99],[142.25,60.79],[143.0,61.37],[143.5,61.12],[148.25,61.38],[153.25,60.87],[155.25,60.37],[159.75,61.0],[160.5,60.63],[162.22,60.5],[161.5,60.15],[160.43,58.75],[160.44,58.25],[159.65,56.75],[158.58,55.5],[158.54,55.25],[159.0,55.0],[159.37,55.0],[159.5,55.37],[159.75,55.26],[159.5,54.75],[160.35,53.5],[160.19,52.75],[159.5,51.87],[158.75,51.49],[158.25,51.75],[158.19,53.25],[159.0,53.91],[158.75,54.14],[158.25,53.8],[156.75,53.57],[155.75,52.16],[154.0,51.11],[151.88,50.25],[148.5,49.54],[145.0,49.71]]}},{"type":"Feature","properties":{"level":1004},"geometry":{"type":"LineString","coordinates":[[160.0,55.56],[160.0,55.8],[160.0,55.56]]}},{"type":"Feature","properties":{"level":1004},"geometry":{"type":"LineString","coordinates":[[-71.45,63.75],[-70.97,63.75],[-71.5,64.08],[-71.87,64.0],[-71.45,63.75]]}},{"type":"Feature","properties":{"level":1004},"geometry":{"type":"LineString","coordinates":[[-79.24,73.25],[-77.71,73.25],[-78.75,73.45],[-79.24,73.25]]}},{"type":"Feature","properties":{"level":1004},"geometry":{"type":"LineString","coordinates":[[180.0,77.97],[168.5,77.1],[164.75,77.91],[156.1,78.0],[132.5,74.94],[123.75,74.37],[119.75,74.91],[115.03,76.0],[108.0,77.15],[99.25,77.98],[90.25,78.13],[59.5,77.5],[44.5,77.86],[40.75,77.74],[37.25,77.28],[28.5,75.13],[25.3,74.0],[23.06,73.0],[22.3,72.25],[21.0,71.49],[15.75,69.47],[15.25,69.05],[13.0,68.32],[9.95,66.5],[6.0,64.97],[2.0,63.06],[-3.75,61.23],[-8.0,60.23],[-13.0,59.55],[-25.0,58.95],[-39.5,57.66],[-42.0,57.11],[-42.57,56.75],[-43.12,55.75],[-43.39,52.5],[-43.35,49.0],[-42.75,48.07],[-42.76,47.25],[-42.26,47.0],[-42.64,46.0],[-42.49,45.5],[-43.72,43.5],[-43.77,43.0],[-44.45,42.25],[-46.75,40.62],[-48.0,40.55],[-48.25,40.8],[-50.75,40.41],[-53.25,40.35],[-54.34,40.5],[-56.0,41.36],[-59.25,44.19],[-63.5,46.99],[-64.95,48.25],[-65.21,49.25],[-66.46,50.25],[-66.41,52.25],[-67.25,56.03],[-68.31,59.25],[-71.88,63.25],[-73.0,63.83],[-75.25,64.43],[-77.0,64.42],[-81.0,63.74],[-82.0,63.83],[-82.94,64.25],[-83.0,64.83],[-84.75,65.5],[-90.0,66.28],[-90.79,67.0],[-91.01,68.75],[-90.74,70.25],[-90.06,71.75],[-87.75,73.23],[-86.0,73.48],[-85.12,74.25],[-82.75,74.54],[-81.5,74.43],[-79.88,74.75],[-79.56,75.5],[-80.73,76.0],[-79.54,76.0],[-78.75,75.68],[-77.25,75.88],[-76.0,76.45],[-74.75,77.94],[-73.25,78.3],[-72.25,78.27],[-71.75,78.0],[-71.0,78.25],[-70.5,77.84],[-69.0,77.44],[-68.53,77.5],[-68.87,77.75],[-68.48,77.75],[-67.98,77.5],[-68.5,77.48],[-68.54,77.0],[-67.0,76.67],[-61.5,76.38],[-58.5,75.92],[-51.96,74.25],[-51.92,74.0],[-53.01,73.25],[-53.0,72.06],[-50.44,71.25],[-50.45,71.0],[-48.66,69.5],[-47.15,68.75],[-46.3,68.0],[-46.6,67.0],[-48.2,66.25],[-48.94,65.25],[-49.12,64.5],[-48.99,64.0],[-48.35,63.25],[-47.5,63.0],[-47.98,62.5],[-47.22,62.0],[-45.12,61.75],[-44.34,63.0],[-43.0,63.9],[-42.69,65.0],[-42.75,65.81],[-39.5,67.12],[-36.96,67.5],[-35.6,68.25],[-35.31,68.5],[-35.67,68.75],[-35.57,69.5],[-33.0,70.5],[-32.76,71.25],[-32.94,71.75],[-32.47,72.5],[-26.25,75.64],[-26.3,76.0],[-24.39,77.0],[-24.28,77.25],[-24.98,77.5],[-24.75,77.63],[-22.57,78.0],[-22.18,78.5],[-22.5,79.04],[-21.21,79.25],[-20.83,79.5],[-21.27,79.75],[-20.5,79.89],[-19.75,80.38],[-18.75,80.41],[-18.37,80.75],[-11.72,81.75],[-11.15,82.0],[-11.15,82.5],[-10.89,82.75],[-8.77,83.5],[-8.31,83.75],[-8.32,84.0],[-16.5,84.92],[-23.25,85.13],[-32.0,85.12],[-44.0,84.62],[-50.0,83.83],[-52.45,83.0],[-51.75,82.53],[-50.85,82.5],[-53.25,82.41],[-54.0,82.16],[-61.0,82.01],[-64.25,82.39],[-68.5,82.39],[-74.75,81.94],[-75.75,82.16],[-78.0,82.06],[-79.0,81.95],[-79.25,81.63],[-80.0,81.44],[-87.75,81.26],[-87.89,81.0],[-90.16,80.25],[-88.25,79.66],[-87.71,79.25],[-93.25,79.91],[-95.26,79.25],[-95.54,78.5],[-96.35,78.0],[-99.75,77.43],[-104.25,77.52],[-129.0,79.28],[-144.25,79.64],[-161.0,79.28],[-180.0,77.97]]}},{"type":"Feature","properties":{"level":1004},"geometry":{"type":"LineString","coordinates":[[-19.6,80.0],[-18.99,80.0],[-19.6,80.0]]}},{"type":"Feature","properties":{"level":1004},"geometry":{"type":"LineString","coordinates":[[-85.5,80.97],[-85.68,81.0],[-85.5,80.97]]}},{"type":"Feature","properties":{"level":1004},"geometry":{"type":"LineString","coordinates":[[-80.07,82.0],[-79.05,82.0],[-80.07,82.0]]}},{"type":"Feature","properties":{"level":1008},"geometry":{"type":"LineString","coordinates":[[180.0,-87.54],[159.5,-86.76],[155.81,-86.25],[148.75,-85.77],[143.01,-84.75],[142.75,-84.0],[141.82,-83.5],[143.76,-83.0],[143.69,-82.25],[144.29,-81.25],[144.08,-81.0],[146.09,-80.0],[141.67,-79.25],[141.44,-79.0],[141.93,-78.5],[141.19,-77.5],[141.25,-77.25],[142.99,-75.25],[147.36,-74.0],[147.8,-73.5],[147.47,-73.25],[147.85,-72.25],[147.36,-72.0],[148.07,-71.5],[146.83,-71.25],[143.0,-69.6],[139.5,-68.97],[134.75,-69.01],[129.5,-69.88],[123.0,-70.48],[119.0,-70.56],[115.0,-70.34],[105.75,-69.11],[101.0,-69.06],[97.25,-68.75],[84.18,-70.5],[83.53,-71.0],[82.76,-73.5],[82.75,-74.0],[83.34,-75.25],[83.03,-76.25],[81.92,-77.0],[79.82,-77.75],[75.25,-78.31],[66.0,-78.44],[58.5,-77.82],[57.0,-77.49],[55.25,-76.74],[54.45,-76.0],[54.18,-75.0],[54.72,-74.25],[57.09,-73.0],[57.55,-71.75],[56.75,-71.4],[54.25,-71.35],[48.5,-72.4],[39.0,-73.22],[37.62,-73.75],[35.5,-74.04],[32.0,-74.05],[28.0,-73.27],[27.0,-73.28],[24.75,-73.95],[23.0,-74.16],[15.0,-73.92],[14.48,-74.0],[14.02,-74.5],[13.98,-74.75],[14.74,-75.5],[14.55,-75.75],[8.75,-76.66],[6.75,-77.31],[-4.5,-78.28],[-5.19,-78.75],[-7.3,-79.25],[-7.23,-79.5],[-7.81,-79.75],[-11.5,-80.14],[-13.5,-80.67],[-16.75,-80.76],[-18.0,-81.22],[-22.75,-81.66],[-27.25,-81.68],[-36.78,-82.5],[-44.5,-84.24],[-48.75,-84.07],[-56.75,-84.96],[-64.5,-84.92],[-70.0,-85.61],[-78.75,-85.38],[-83.2,-84.75],[-83.4,-84.5],[-88.25,-84.43],[-91.72,-84.75],[-92.5,-85.25],[-94.25,-85.55],[-100.75,-85.36],[-109.5,-86.54],[-117.71,-86.75],[-136.38,-87.75],[-165.0,-87.84],[-180.0,-87.54]]}},{"type":"Feature","properties":{"level":1008},"geometry":{"type":"LineString","coordinates":[[-52.75,-83.75],[-51.5,-83.81],[-49.42,-83.5],[-51.72,-83.5],[-52.75,-83.75]]}},{"type":"Feature","properties":{"level":1008},"geometry":{"type":"LineString","coordinates":[[-103.75,-38.28],[-104.91,-37.5],[-104.83,-36.75],[-104.0,-36.11],[-102.75,-36.17],[-102.19,-36.75],[-102.08,-38.0],[-102.75,-38.31],[-103.75,-38.28]]}},{"type":"Feature","properties":{"level":1008},"geometry":{"type":"LineString","coordinates":[[-180.0,-36.35],[-177.82,-37.75],[-173.5,-41.13],[-169.25,-43.58],[-167.25,-44.31],[-165.54,-45.5],[-165.23,-46.5],[-164.42,-47.5],[-164.78,-48.25],[-163.83,-50.75],[-162.5,-52.5],[-160.0,-53.55],[-156.25,-54.3],[-152.75,-54.48],[-148.5,-53.32],[-145.75,-51.63],[-143.77,-49.75],[-142.51,-48.25],[-141.7,-46.75],[-141.98,-46.25],[-140.0,-45.92],[-137.0,-45.85],[-125.25,-46.5],[-112.75,-46.67],[-106.5,-47.18],[-98.5,-48.59],[-95.25,-49.57],[-92.89,-50.5],[-88.75,-52.6],[-77.75,-58.84],[-70.25,-61.77],[-64.0,-63.8],[-63.63,-64.0],[-63.87,-64.5],[-63.25,-64.22],[-62.5,-64.46],[-62.25,-64.01],[-61.75,-63.97],[-61.37,-64.25],[-62.0,-64.01],[-62.29,-64.5],[-61.75,-64.26],[-61.5,-64.55],[-59.23,-63.75],[-58.75,-63.3],[-56.0,-62.61],[-50.25,-62.3],[-44.75,-61.41],[-37.5,-61.81],[-34.25,-61.74],[-29.25,-60.49],[-26.25,-58.86],[-25.86,-58.5],[-26.0,-58.25],[-23.49,-56.75],[-20.15,-53.75],[-18.1,-51.5],[-14.75,-48.96],[-10.92,-45.5],[-6.75,-39.88],[-4.0,-37.18],[-3.03,-36.75],[0.25,-34.22],[2.75,-34.2],[3.75,-33.74],[5.5,-34.27],[7.0,-34.25],[8.0,-34.93],[10.0,-35.62],[12.25,-36.01],[16.25,-37.76],[19.25,-37.83],[28.75,-40.12],[33.25,-41.59],[36.75,-41.93],[42.75,-43.74],[46.5,-45.61],[50.0,-48.39],[52.0,-49.55],[56.75,-51.54],[59.25,-53.43],[61.5,-54.18],[63.0,-54.31],[64.75,-54.17],[67.5,-53.12],[69.5,-51.9],[71.25,-50.45],[74.25,-48.79],[77.54,-45.75],[79.53,-43.0],[80.38,-41.0],[80.8,-39.25],[83.75,-37.0],[87.25,-34.9],[90.5,-33.61],[93.0,-33.08],[97.5,-32.93],[103.0,-33.61],[106.75,-34.47],[111.0,-35.88],[118.5,-39.55],[120.5,-40.17],[121.75,-40.32],[123.0,-40.17],[123.75,-40.49],[125.0,-42.03],[128.35,-48.25],[130.61,-51.5],[133.75,-54.24],[136.63,-56.0],[141.0,-57.68],[145.0,-58.5],[150.25,-59.37],[156.5,-59.77],[160.0,-59.61],[164.75,-58.54],[169.5,-56.69],[173.08,-54.25],[173.59,-53.25],[173.37,-47.5],[174.06,-46.25],[174.33,-42.5],[174.13,-42.0],[173.0,-41.81],[171.5,-42.23],[171.1,-42.75],[169.0,-43.7],[168.46,-43.25],[168.31,-42.75],[169.16,-41.5],[169.2,-41.0],[167.95,-39.0],[167.76,-38.5],[167.96,-37.75],[169.25,-36.6],[172.5,-35.94],[175.5,-37.02],[180.0,-36.35]]}},{"type":"Feature","properties":{"level":1008},"geometry":{"type":"LineString","coordinates":[[128.75,-29.39],[128.5,-28.7],[128.0,-28.65],[127.25,-27.91],[126.0,-27.18],[124.9,-26.0],[125.44,-24.5],[126.25,-23.9],[126.75,-24.37],[127.0,-24.13],[127.43,-24.25],[127.5,-23.7],[128.25,-24.33],[129.06,-24.25],[128.41,-25.0],[129.32,-25.75],[129.65,-26.5],[129.23,-27.0],[129.37,-28.5],[128.75,-29.39]]}},{"type":"Feature","properties":{"level":1008},"geometry":{"type":"LineString","coordinates":[[31.75,-28.42],[31.6,-28.25],[31.97,-28.25],[31.75,-28.42]]}},{"type":"Feature","properties":{"level":1008},"geometry":{"type":"LineString","coordinates":[[24.0,-22.29],[23.5,-21.79],[21.25,-21.92],[19.0,-20.7],[18.0,-20.59],[18.15,-19.5],[17.75,-19.3],[16.5,-19.73],[16.0,-19.66],[15.43,-18.5],[15.25,-17.5],[15.0,-17.08],[14.64,-17.0],[14.87,-16.5],[14.75,-16.31],[14.5,-16.52],[13.75,-15.85],[12.5,-16.85],[12.26,-16.75],[12.27,-15.75],[12.87,-14.0],[14.25,-12.61],[14.36,-13.0],[13.76,-13.25],[13.77,-13.75],[14.15,-14.25],[13.07,-15.0],[13.75,-15.46],[14.26,-15.25],[14.5,-14.44],[15.5,-14.15],[16.0,-14.49],[16.36,-14.25],[16.07,-14.0],[16.25,-13.91],[16.75,-14.19],[17.0,-13.79],[17.25,-13.9],[17.75,-13.52],[18.25,-13.73],[18.45,-13.5],[18.25,-12.89],[18.0,-13.23],[17.25,-13.35],[17.0,-13.69],[16.87,-12.75],[17.24,-11.5],[16.5,-11.31],[16.25,-10.7],[15.25,-10.18],[15.38,-9.5],[16.0,-8.99],[17.12,-9.5],[17.15,-9.25],[16.31,-8.25],[16.58,-7.5],[16.19,-7.5],[16.18,-7.0],[17.25,-7.48],[17.25,-7.95],[18.0,-7.43],[18.25,-7.6],[18.29,-8.75],[18.0,-9.02],[18.5,-8.98],[18.75,-8.58],[19.25,-8.86],[19.41,-8.25],[19.0,-7.92],[18.95,-7.5],[19.5,-7.68],[19.5,-6.25],[20.0,-5.8],[20.25,-6.39],[20.58,-6.0],[20.58,-5.5],[20.0,-5.42],[19.5,-4.78],[18.73,-4.75],[21.08,-3.75],[20.51,-3.25],[20.5,-2.98],[21.02,-2.75],[20.5,-2.41],[20.37,-2.0],[20.75,-1.71],[21.0,-2.29],[22.0,-2.32],[22.24,-2.25],[22.25,-1.93],[23.25,-2.69],[23.42,-2.25],[22.5,-1.53],[22.0,-1.78],[21.5,-1.64],[20.94,-1.25],[20.75,-0.65],[20.25,-0.38],[19.5,-0.35],[19.75,0.05],[20.34,0.25],[20.0,0.46],[19.25,0.14],[19.25,0.68],[20.0,0.63],[20.0,0.85],[19.75,1.35],[19.5,1.11],[18.83,1.25],[19.0,1.67],[19.69,1.75],[17.29,2.25],[17.83,3.0],[17.77,3.25],[18.25,3.29],[18.34,3.5],[17.84,3.75],[18.25,4.08],[20.5,3.49],[21.34,3.75],[21.1,4.0],[21.25,4.11],[21.65,4.0],[21.65,3.75],[22.25,3.7],[21.98,4.0],[22.5,4.18],[22.59,4.5],[21.95,4.5],[22.25,4.81],[22.8,4.75],[22.77,5.5],[22.52,5.75],[24.0,6.18],[24.6,6.0],[25.5,6.44],[25.75,6.29],[26.27,7.0],[25.75,7.43],[25.25,6.62],[24.25,6.43],[24.14,6.75],[24.5,6.66],[24.5,6.9],[23.86,7.25],[23.5,8.14],[23.25,7.78],[22.85,8.0],[23.0,8.98],[21.25,8.42],[21.0,8.48],[20.75,9.09],[20.28,8.5],[20.25,7.68],[19.75,7.53],[19.46,7.75],[19.5,8.37],[18.5,8.11],[18.0,8.4],[17.55,8.25],[17.29,8.5],[17.47,8.75],[17.75,8.68],[17.93,9.25],[17.75,9.55],[17.31,9.5],[17.35,9.75],[17.75,10.75],[18.25,10.14],[18.56,10.25],[18.72,11.0],[18.32,11.5],[17.94,11.25],[17.75,10.76],[17.0,11.0],[16.0,10.27],[15.5,10.36],[15.0,9.63],[14.89,10.25],[14.26,10.5],[14.35,10.75],[14.0,11.16],[13.75,11.25],[13.25,10.77],[12.75,11.16],[11.75,11.11],[11.6,11.0],[11.75,10.74],[11.19,11.0],[11.78,11.5],[12.25,13.43],[13.25,12.61],[14.0,12.32],[15.14,13.0],[15.21,13.5],[15.75,13.46],[18.0,14.12],[18.64,14.0],[19.25,14.64],[20.75,15.01],[21.21,14.75],[21.13,14.25],[21.8,13.75],[22.25,12.83],[22.96,13.5],[23.5,13.63],[23.96,12.75],[23.25,12.85],[22.8,12.5],[23.5,12.09],[24.25,12.5],[24.75,12.44],[25.25,13.6],[27.0,13.87],[27.25,14.2],[27.81,14.25],[28.25,15.0],[28.25,15.88],[28.95,17.25],[29.74,18.0],[30.5,19.36],[31.25,19.66],[31.75,20.16],[32.97,20.5],[33.26,21.5],[33.5,21.73],[34.0,21.66],[34.1,22.25],[34.75,22.23],[34.91,21.75],[34.75,21.0],[35.0,20.48],[35.5,21.25],[36.0,21.68],[36.11,21.5],[36.31,20.5],[35.85,19.75],[36.78,18.0],[37.12,18.0],[37.5,18.7],[38.25,18.66],[40.04,16.5],[42.75,15.2],[42.68,16.0],[42.04,16.75],[42.0,17.5],[42.25,17.77],[43.0,17.27],[43.28,16.5],[43.14,15.25],[43.7,13.25],[43.5,12.84],[43.25,12.89],[42.75,12.48],[42.22,12.5],[42.63,12.25],[42.34,11.75],[42.47,11.25],[42.25,10.5],[42.68,10.0],[41.0,9.46],[40.0,8.69],[39.3,8.5],[40.23,10.25],[40.32,11.25],[39.97,12.25],[40.18,13.0],[39.83,15.0],[39.08,15.75],[38.71,17.25],[38.25,17.84],[38.0,17.79],[37.9,17.25],[38.21,17.0],[38.0,16.05],[38.5,15.69],[38.64,14.75],[39.09,14.5],[38.15,14.25],[38.25,13.97],[39.0,13.82],[39.13,13.0],[38.68,12.25],[38.83,12.0],[38.5,11.96],[37.86,12.5],[38.69,13.25],[38.5,13.68],[37.75,13.34],[37.25,13.77],[37.55,13.0],[37.0,12.75],[36.5,11.57],[36.03,11.5],[36.31,11.25],[36.2,11.0],[35.42,10.75],[35.54,10.25],[36.0,9.93],[35.75,9.8],[34.5,10.64],[34.25,9.77],[33.77,9.5],[34.06,9.25],[34.2,8.5],[34.94,8.25],[34.81,7.75],[35.08,7.25],[34.8,7.0],[35.0,6.61],[35.38,6.5],[35.0,6.15],[34.5,6.2],[34.31,6.0],[35.09,4.25],[34.9,3.75],[35.28,3.75],[35.73,4.25],[35.59,4.5],[35.99,5.75],[36.25,5.64],[36.15,4.75],[36.5,4.42],[36.75,4.53],[36.75,4.1],[37.13,4.0],[36.84,3.75],[37.27,3.75],[37.8,2.75],[37.75,2.24],[38.0,2.08],[38.5,2.31],[39.0,2.03],[39.73,0.5],[39.25,-0.44],[38.0,-0.35],[38.36,0.5],[38.0,0.65],[37.5,0.44],[37.0,0.73],[37.0,1.06],[37.25,0.9],[37.4,1.25],[36.9,1.5],[37.3,1.75],[37.0,2.14],[36.75,2.1],[36.68,1.5],[36.4,1.25],[36.43,0.5],[36.0,-0.19],[35.5,0.71],[35.5,1.45],[34.25,1.37],[34.12,1.0],[34.75,0.66],[34.63,0.25],[34.92,-0.25],[34.5,-0.84],[34.25,-0.84],[33.86,0.25],[33.25,0.4],[32.04,0.0],[31.5,-0.5],[31.5,-0.9],[31.06,-0.75],[31.0,-1.2],[30.49,-0.5],[30.75,-0.13],[30.0,-0.23],[29.66,0.0],[30.0,0.06],[30.25,0.45],[30.5,0.12],[31.25,0.43],[31.5,0.01],[31.99,0.5],[31.25,0.85],[31.0,1.43],[29.57,0.5],[29.5,0.2],[29.25,0.42],[28.5,0.4],[28.41,-0.5],[27.89,-0.75],[28.31,-1.0],[28.16,-1.5],[27.25,-1.85],[27.25,-2.04],[27.86,-2.25],[28.07,-2.75],[27.5,-2.96],[27.43,-3.25],[28.17,-3.25],[27.35,-4.25],[28.0,-3.94],[28.25,-4.11],[29.25,-5.64],[29.52,-4.75],[29.25,-4.75],[29.01,-4.25],[29.25,-3.7],[29.63,-4.5],[29.83,-4.5],[29.89,-4.0],[30.46,-3.25],[30.47,-2.75],[30.25,-2.61],[30.0,-2.9],[29.91,-2.75],[30.25,-2.06],[30.7,-2.25],[30.57,-2.75],[30.75,-2.9],[31.0,-2.61],[31.25,-2.76],[30.99,-2.25],[31.46,-1.75],[31.23,-1.5],[31.5,-1.28],[31.56,-2.25],[32.25,-2.61],[33.09,-2.25],[33.5,-1.57],[33.75,-1.71],[34.0,-1.35],[35.0,-0.96],[35.65,-1.25],[35.21,-1.5],[35.06,-2.0],[35.38,-3.0],[35.0,-3.07],[34.85,-3.5],[35.39,-3.5],[35.01,-4.75],[35.75,-5.03],[36.06,-5.5],[35.65,-6.25],[36.2,-7.0],[35.01,-8.0],[34.5,-9.03],[33.5,-8.78],[32.99,-9.0],[32.91,-9.5],[33.48,-10.75],[32.44,-13.0],[32.5,-13.6],[31.5,-14.25],[31.22,-14.75],[31.43,-15.0],[31.27,-15.25],[30.56,-15.75],[31.0,-16.03],[31.65,-16.0],[31.54,-16.25],[30.0,-16.55],[29.75,-16.15],[29.35,-16.25],[29.28,-17.0],[29.75,-17.29],[29.94,-17.75],[29.5,-18.45],[29.0,-18.06],[28.5,-17.99],[28.25,-18.25],[28.0,-18.12],[28.17,-17.75],[28.0,-17.6],[27.5,-17.65],[27.34,-18.25],[27.56,-18.5],[27.49,-19.0],[27.87,-19.25],[27.0,-19.96],[26.5,-21.06],[26.25,-21.19],[25.75,-20.49],[24.96,-20.75],[24.09,-21.5],[24.0,-22.29]]}},{"type":"Feature","properties":{"level":1008},"geometry":{"type":"LineString","coordinates":[[26.51,-17.75],[26.75,-17.9],[26.95,-17.75],[27.78,-16.5],[29.76,-15.25],[28.35,-15.5],[27.61,-16.25],[26.58,-16.75],[26.51,-17.75]]}},{"type":"Feature","properties":{"level":1008},"geometry":{"type":"LineString","coordinates":[[13.75,-17.43],[13.25,-16.99],[13.75,-16.88],[14.26,-17.25],[13.75,-17.43]]}},{"type":"Feature","properties":{"level":1008},"geometry":{"type":"LineString","coordinates":[[35.0,-16.53],[34.46,-16.0],[34.75,-15.87],[35.3,-16.5],[35.0,-16.53]]}},{"type":"Feature","properties":{"level":1008},"geometry":{"type":"LineString","coordinates":[[33.75,-16.3],[32.5,-15.45],[32.28,-14.5],[32.5,-14.31],[33.0,-14.49],[33.75,-15.72],[34.05,-15.75],[33.75,-16.3]]}},{"type":"Feature","properties":{"level":1008},"geometry":{"type":"LineString","coordinates":[[33.47,-15.75],[33.73,-15.75],[33.47,-15.75]]}},{"type":"Feature","properties":{"level":1008},"geometry":{"type":"LineString","coordinates":[[-169.5,-15.09],[-170.0,-14.43],[-170.75,-14.3],[-171.5,-13.64],[-171.76,-13.75],[-172.66,-12.0],[-173.41,-9.5],[-172.74,-9.0],[-171.95,-7.5],[-172.08,-7.25],[-172.5,-7.26],[-172.57,-7.0],[-172.25,-6.91],[-172.0,-7.23],[-170.5,-7.24],[-169.75,-7.02],[-169.25,-6.55],[-168.75,-6.96],[-168.25,-6.28],[-167.75,-6.44],[-167.5,-6.15],[-167.2,-6.25],[-166.5,-7.27],[-166.0,-6.88],[-165.3,-6.75],[-164.75,-6.16],[-163.0,-6.38],[-162.32,-7.0],[-162.43,-8.0],[-162.75,-8.44],[-163.21,-8.0],[-162.87,-7.5],[-163.0,-7.35],[-163.85,-7.25],[-163.75,-7.58],[-163.26,-7.75],[-163.36,-8.25],[-162.98,-8.75],[-163.26,-10.0],[-163.05,-11.0],[-163.32,-11.5],[-163.12,-11.75],[-163.25,-11.99],[-163.5,-11.81],[-164.0,-11.92],[-164.0,-12.5],[-164.53,-13.0],[-165.54,-13.75],[-166.45,-14.0],[-168.0,-15.15],[-169.5,-15.09]]}},{"type":"Feature","properties":{"level":1008},"geometry":{"type":"LineString","coordinates":[[17.62,-15.0],[18.22,-15.0],[18.24,-14.25],[18.75,-14.38],[18.71,-14.0],[18.25,-13.8],[17.5,-14.07],[17.62,-15.0]]}},{"type":"Feature","properties":{"level":1008},"geometry":{"type":"LineString","coordinates":[[28.78,-14.5],[29.75,-14.41],[30.5,-13.57],[31.0,-13.47],[32.22,-11.0],[31.67,-11.0],[30.47,-12.75],[29.52,-13.25],[29.11,-14.25],[28.78,-14.5]]}},{"type":"Feature","properties":{"level":1008},"geometry":{"type":"LineString","coordinates":[[-66.75,-12.55],[-69.25,-12.09],[-69.48,-11.75],[-69.2,-11.0],[-68.51,-10.25],[-67.75,-10.07],[-67.0,-10.65],[-65.75,-11.07],[-65.41,-12.0],[-66.75,-12.55]]}},{"type":"Feature","properties":{"level":1008},"geometry":{"type":"LineString","coordinates":[[19.5,-12.25],[19.75,-11.98],[18.75,-11.53],[18.55,-11.75],[19.5,-12.25]]}},{"type":"Feature","properties":{"level":1008},"geometry":{"type":"LineString","coordinates":[[-70.25,-12.2],[-70.43,-12.0],[-70.25,-11.88],[-70.0,-12.0],[-70.25,-12.2]]}},{"type":"Feature","properties":{"level":1008},"geometry":{"type":"LineString","coordinates":[[-69.75,-12.01],[-69.98,-12.0],[-69.75,-12.01]]}},{"type":"Feature","properties":{"level":1008},"geometry":{"type":"LineString","coordinates":[[31.25,-8.25],[31.5,-8.4],[31.87,-8.0],[31.0,-7.36],[30.85,-7.75],[31.25,-8.25]]}},{"type":"Feature","properties":{"level":1008},"geometry":{"type":"LineString","coordinates":[[24.75,-7.5],[25.25,-7.45],[25.63,-7.0],[25.5,-6.56],[25.0,-6.16],[24.59,-6.5],[25.08,-7.25],[24.75,-7.5]]}},{"type":"Feature","properties":{"level":1008},"geometry":{"type":"LineString","coordinates":[[33.78,-6.75],[34.0,-6.94],[34.23,-6.75],[34.16,-6.25],[34.75,-6.14],[34.94,-5.5],[34.75,-5.41],[33.8,-6.0],[33.78,-6.75]]}},{"type":"Feature","properties":{"level":1008},"geometry":{"type":"LineString","coordinates":[[29.51,-6.25],[29.75,-6.44],[30.25,-6.35],[30.75,-6.0],[29.75,-5.53],[29.49,-5.75],[29.51,-6.25]]}},{"type":"Feature","properties":{"level":1008},"geometry":{"type":"LineString","coordinates":[[104.0,-3.76],[103.5,-3.74],[103.0,-3.34],[102.75,-2.31],[103.5,-2.42],[103.96,-2.75],[104.16,-3.5],[104.0,-3.76]]}},{"type":"Feature","properties":{"level":1008},"geometry":{"type":"LineString","coordinates":[[35.75,-2.7],[35.65,-2.5],[36.25,-1.2],[36.56,-1.5],[36.57,-2.0],[36.25,-2.68],[35.75,-2.7]]}},{"type":"Feature","properties":{"level":1008},"geometry":{"type":"LineString","coordinates":[[23.14,-1.25],[23.6,-1.0],[22.86,-0.75],[23.5,-0.55],[24.0,-0.78],[24.85,-0.25],[23.17,0.75],[22.5,0.54],[21.5,0.71],[21.14,0.5],[21.55,0.25],[21.38,0.0],[21.72,-0.5],[21.13,-1.0],[21.25,-1.13],[22.25,-0.81],[22.75,-0.87],[23.14,-1.25]]}},{"type":"Feature","properties":{"level":1008},"geometry":{"type":"LineString","coordinates":[[25.25,-0.75],[25.73,-0.75],[25.77,-0.5],[25.25,-0.19],[25.06,-0.5],[25.25,-0.75]]}},{"type":"Feature","properties":{"level":1008},"geometry":{"type":"LineString","coordinates":[[22.0,-0.69],[21.83,-0.25],[21.93,0.0],[22.25,-0.0],[22.43,-0.25],[22.0,-0.69]]}},{"type":"Feature","properties":{"level":1008},"geometry":{"type":"LineString","coordinates":[[29.8,1.25],[30.0,1.14],[31.23,2.0],[30.83,3.0],[31.0,3.26],[30.75,3.4],[30.63,2.75],[30.14,2.5],[30.0,2.04],[29.75,2.5],[30.13,2.75],[30.04,3.25],[29.5,3.33],[28.75,2.01],[28.46,2.0],[29.25,1.95],[29.5,2.22],[30.15,1.5],[29.8,1.25]]}},{"type":"Feature","properties":{"level":1008},"geometry":{"type":"LineString","coordinates":[[24.08,1.5],[24.25,1.33],[25.03,2.25],[24.09,2.75],[24.23,3.0],[24.0,3.22],[23.7,2.5],[24.23,1.75],[24.08,1.5]]}},{"type":"Feature","properties":{"level":1008},"geometry":{"type":"LineString","coordinates":[[17.0,1.87],[17.0,2.24],[17.22,2.0],[17.0,1.87]]}},{"type":"Feature","properties":{"level":1008},"geometry":{"type":"LineString","coordinates":[[25.47,2.0],[26.0,2.13],[26.09,2.75],[25.25,3.04],[25.13,2.5],[25.47,2.0]]}},{"type":"Feature","properties":{"level":1008},"geometry":{"type":"LineString","coordinates":[[34.17,3.0],[34.62,3.0],[34.49,4.0],[34.0,4.49],[33.5,4.44],[33.4,4.25],[33.71,4.0],[33.5,3.64],[34.17,3.0]]}},{"type":"Feature","properties":{"level":1008},"geometry":{"type":"LineString","coordinates":[[22.35,3.25],[22.9,3.25],[22.91,3.5],[22.35,3.25]]}},{"type":"Feature","properties":{"level":1008},"geometry":{"type":"LineString","coordinates":[[23.08,3.75],[24.5,3.87],[24.75,4.13],[25.65,4.25],[25.67,4.5],[25.25,4.59],[24.0,4.14],[23.5,4.3],[23.08,3.75]]}},{"type":"Feature","properties":{"level":1008},"geometry":{"type":"LineString","coordinates":[[26.2,4.0],[26.4,4.25],[26.06,4.5],[27.45,5.25],[27.52,5.5],[27.16,5.75],[28.02,5.75],[28.0,6.56],[27.0,6.73],[25.75,5.73],[25.5,5.84],[25.0,5.45],[24.25,5.52],[23.57,5.25],[23.75,4.92],[26.05,5.0],[25.76,4.25],[26.2,4.0]]}},{"type":"Feature","properties":{"level":1008},"geometry":{"type":"LineString","coordinates":[[26.61,4.0],[27.0,3.87],[27.5,4.17],[27.75,3.89],[28.09,4.0],[27.0,4.4],[26.6,4.25],[26.61,4.0]]}},{"type":"Feature","properties":{"level":1008},"geometry":{"type":"LineString","coordinates":[[48.75,6.7],[48.75,6.94],[48.75,6.7]]}},{"type":"Feature","properties":{"level":1008},"geometry":{"type":"LineString","coordinates":[[28.69,7.0],[29.02,7.0],[28.69,7.0]]}},{"type":"Feature","properties":{"level":1008},"geometry":{"type":"LineString","coordinates":[[-98.25,7.65],[-100.25,8.54],[-101.38,9.75],[-101.54,10.5],[-101.3,12.0],[-100.91,12.75],[-99.75,13.82],[-98.75,14.23],[-97.5,13.74],[-96.1,12.75],[-95.75,10.36],[-95.29,9.5],[-95.75,8.63],[-96.5,8.07],[-97.5,7.52],[-98.25,7.65]]}},{"type":"Feature","properties":{"level":1008},"geometry":{"type":"LineString","coordinates":[[77.75,8.32],[77.75,8.91],[78.12,8.5],[77.75,8.32]]}},{"type":"Feature","properties":{"level":1008},"geometry":{"type":"LineString","coordinates":[[13.75,8.71],[12.87,9.25],[13.0,9.46],[13.5,9.49],[14.25,10.49],[14.12,10.0],[14.33,9.5],[14.02,9.25],[14.04,8.75],[13.75,8.71]]}},{"type":"Feature","properties":{"level":1008},"geometry":{"type":"LineString","coordinates":[[12.25,9.14],[12.25,9.54],[12.25,9.14]]}},{"type":"Feature","properties":{"level":1008},"geometry":{"type":"LineString","coordinates":[[22.17,9.25],[22.75,9.12],[23.03,9.75],[22.25,10.11],[22.17,9.25]]}},{"type":"Feature","properties":{"level":1008},"geometry":{"type":"LineString","coordinates":[[77.75,9.27],[78.0,9.99],[78.41,10.25],[78.05,10.75],[77.37,11.0],[77.25,11.4],[78.0,12.15],[78.24,11.25],[78.63,11.25],[78.92,12.0],[78.11,12.25],[78.25,12.52],[79.0,12.43],[79.03,12.75],[78.62,12.75],[78.75,13.44],[78.25,13.57],[78.0,14.03],[77.7,14.0],[77.5,13.64],[77.25,13.86],[76.25,13.47],[76.25,14.77],[75.75,13.84],[75.16,14.25],[74.67,15.0],[74.74,16.0],[74.24,16.5],[74.18,17.25],[74.56,17.75],[74.1,18.0],[73.96,18.75],[74.25,19.06],[75.25,18.8],[76.25,17.62],[79.0,15.82],[79.18,16.25],[78.72,16.75],[79.25,17.22],[80.62,17.5],[80.5,18.42],[80.75,18.32],[81.0,18.57],[81.25,18.3],[81.79,18.5],[81.89,18.25],[81.34,17.5],[81.5,17.33],[82.5,17.52],[83.07,18.0],[83.75,19.31],[83.8,19.0],[84.25,18.72],[84.57,19.0],[84.5,19.79],[84.75,19.96],[85.0,19.75],[85.37,20.0],[85.18,20.25],[86.25,20.54],[87.5,21.25],[88.75,21.09],[88.75,20.74],[90.2,20.25],[89.49,18.75],[90.28,17.5],[91.5,17.22],[91.13,16.0],[91.24,15.0],[91.0,14.68],[90.33,14.5],[90.59,14.25],[90.02,13.75],[90.0,13.4],[88.25,12.97],[87.75,12.58],[87.59,11.75],[86.8,11.0],[87.0,10.66],[86.75,10.95],[84.5,10.1],[83.25,9.9],[80.25,10.69],[79.5,10.47],[78.75,9.74],[77.75,9.27]]}},{"type":"Feature","properties":{"level":1008},"geometry":{"type":"LineString","coordinates":[[-94.0,9.67],[-94.0,10.04],[-93.38,9.75],[-94.0,9.67]]}},{"type":"Feature","properties":{"level":1008},"geometry":{"type":"LineString","coordinates":[[38.5,9.98],[38.31,11.25],[38.75,11.54],[38.54,10.75],[38.93,10.5],[39.05,10.0],[38.5,9.98]]}},{"type":"Feature","properties":{"level":1008},"geometry":{"type":"LineString","coordinates":[[-94.25,10.15],[-94.25,10.38],[-94.25,10.15]]}},{"type":"Feature","properties":{"level":1008},"geometry":{"type":"LineString","coordinates":[[49.75,10.24],[49.53,10.5],[50.53,10.5],[50.25,10.16],[49.75,10.24]]}},{"type":"Feature","properties":{"level":1008},"geometry":{"type":"LineString","coordinates":[[18.93,10.5],[19.14,10.5],[18.93,10.5]]}},{"type":"Feature","properties":{"level":1008},"geometry":{"type":"LineString","coordinates":[[88.75,10.43],[88.75,10.77],[88.75,10.43]]}},{"type":"Feature","properties":{"level":1008},"geometry":{"type":"LineString","coordinates":[[154.75,10.44],[153.75,10.82],[153.3,11.25],[153.0,11.11],[152.5,11.28],[152.34,12.25],[152.72,13.0],[154.42,14.75],[155.5,14.84],[156.75,14.6],[157.35,14.25],[157.66,13.75],[157.9,13.0],[157.75,12.5],[157.0,11.3],[156.25,10.63],[154.75,10.44]]}},{"type":"Feature","properties":{"level":1008},"geometry":{"type":"LineString","coordinates":[[89.5,11.65],[89.33,11.75],[89.5,11.85],[89.5,11.65]]}},{"type":"Feature","properties":{"level":1008},"geometry":{"type":"LineString","coordinates":[[11.5,12.35],[11.34,12.5],[11.5,12.76],[11.69,12.5],[11.5,12.35]]}},{"type":"Feature","properties":{"level":1008},"geometry":{"type":"LineString","coordinates":[[74.25,13.2],[72.79,14.5],[72.3,16.0],[72.24,18.75],[72.5,19.71],[73.0,19.87],[73.51,19.25],[72.92,18.5],[72.88,18.0],[73.46,16.25],[73.97,15.5],[73.96,13.75],[74.35,13.5],[74.25,13.2]]}},{"type":"Feature","properties":{"level":1008},"geometry":{"type":"LineString","coordinates":[[80.72,17.25],[81.07,17.25],[81.0,17.48],[80.72,17.25]]}},{"type":"Feature","properties":{"level":1008},"geometry":{"type":"LineString","coordinates":[[41.75,18.84],[41.36,19.25],[41.75,19.22],[41.75,18.84]]}},{"type":"Feature","properties":{"level":1008},"geometry":{"type":"LineString","coordinates":[[74.5,19.13],[74.47,19.75],[74.75,19.81],[75.79,19.25],[74.5,19.13]]}},{"type":"Feature","properties":{"level":1008},"geometry":{"type":"LineString","coordinates":[[72.75,20.4],[72.03,21.25],[70.34,21.75],[70.5,22.05],[71.25,22.04],[71.25,22.75],[70.75,23.08],[70.25,23.07],[69.25,23.74],[69.45,24.0],[68.0,24.15],[67.25,24.67],[64.25,24.55],[62.5,25.38],[61.5,25.12],[60.75,25.45],[60.5,25.14],[58.5,25.21],[57.72,25.75],[58.0,26.11],[58.75,25.81],[59.0,26.28],[60.75,26.09],[62.25,26.46],[63.5,26.27],[64.0,25.76],[64.25,25.78],[65.25,26.53],[66.75,26.69],[67.14,27.5],[67.13,28.5],[67.5,30.03],[68.39,30.0],[69.0,30.6],[69.39,30.25],[69.26,30.0],[70.0,29.93],[70.25,30.75],[70.01,32.0],[70.5,32.81],[71.5,32.82],[72.25,32.48],[72.72,32.75],[72.3,33.0],[72.44,33.25],[73.0,33.53],[73.0,33.18],[73.75,33.44],[74.25,33.1],[74.5,32.36],[74.75,32.45],[75.74,31.75],[75.0,31.74],[74.57,31.25],[75.75,30.77],[76.25,31.28],[76.48,31.0],[76.05,30.5],[77.37,30.5],[79.26,29.0],[80.24,27.75],[80.31,27.25],[79.82,26.5],[79.91,25.75],[78.5,25.31],[77.5,25.75],[77.0,25.31],[76.75,24.59],[76.25,24.31],[75.4,25.0],[74.5,24.74],[74.25,24.89],[74.25,25.8],[71.74,24.5],[71.42,24.0],[72.25,24.1],[72.51,23.75],[72.12,23.25],[72.25,23.07],[72.75,23.41],[73.5,23.11],[74.0,24.23],[74.44,24.0],[74.25,23.28],[73.42,22.75],[73.31,22.5],[73.85,22.25],[73.24,21.5],[73.5,21.34],[74.5,21.66],[75.85,21.0],[75.0,20.58],[74.27,21.25],[74.0,21.22],[73.0,20.29],[72.75,20.4]]}},{"type":"Feature","properties":{"level":1008},"geometry":{"type":"LineString","coordinates":[[39.75,21.17],[39.75,21.37],[39.75,21.17]]}},{"type":"Feature","properties":{"level":1008},"geometry":{"type":"LineString","coordinates":[[89.25,21.18],[89.52,21.25],[89.25,21.18]]}},{"type":"Feature","properties":{"level":1008},"geometry":{"type":"LineString","coordinates":[[74.75,21.93],[74.44,22.25],[74.75,22.51],[75.7,22.0],[74.75,21.93]]}},{"type":"Feature","properties":{"level":1008},"geometry":{"type":"LineString","coordinates":[[87.75,22.39],[87.56,22.5],[87.69,22.75],[88.25,23.27],[88.25,22.71],[87.75,22.39]]}},{"type":"Feature","properties":{"level":1008},"geometry":{"type":"LineString","coordinates":[[39.25,23.12],[39.25,23.59],[39.52,23.25],[39.25,23.12]]}},{"type":"Feature","properties":{"level":1008},"geometry":{"type":"LineString","coordinates":[[70.42,23.5],[70.59,23.5],[70.42,23.5]]}},{"type":"Feature","properties":{"level":1008},"geometry":{"type":"LineString","coordinates":[[90.75,24.24],[90.32,24.5],[90.71,25.0],[91.94,25.0],[91.25,24.31],[90.75,24.24]]}},{"type":"Feature","properties":{"level":1008},"geometry":{"type":"LineString","coordinates":[[92.5,24.62],[92.38,24.75],[92.86,24.75],[92.5,24.62]]}},{"type":"Feature","properties":{"level":1008},"geometry":{"type":"LineString","coordinates":[[38.25,25.23],[38.25,25.88],[38.95,25.5],[38.86,25.25],[38.25,25.23]]}},{"type":"Feature","properties":{"level":1008},"geometry":{"type":"LineString","coordinates":[[56.25,26.96],[56.43,27.0],[56.25,26.96]]}},{"type":"Feature","properties":{"level":1008},"geometry":{"type":"LineString","coordinates":[[56.75,26.89],[56.5,27.28],[56.95,27.25],[57.0,27.0],[56.75,26.89]]}},{"type":"Feature","properties":{"level":1008},"geometry":{"type":"LineString","coordinates":[[87.75,28.95],[87.26,29.25],[89.25,29.59],[89.55,29.25],[88.75,28.94],[87.75,28.95]]}},{"type":"Feature","properties":{"level":1008},"geometry":{"type":"LineString","coordinates":[[90.75,29.04],[90.52,29.25],[91.11,30.0],[91.79,30.0],[91.21,29.5],[92.13,29.25],[90.75,29.04]]}},{"type":"Feature","properties":{"level":1008},"geometry":{"type":"LineString","coordinates":[[42.0,29.82],[41.79,30.0],[41.89,30.5],[41.59,31.25],[41.86,32.25],[42.38,32.75],[42.09,34.25],[42.34,34.75],[41.97,35.5],[42.25,35.94],[42.75,35.79],[43.15,36.25],[43.47,36.25],[43.43,36.0],[44.07,35.5],[45.0,33.95],[44.91,31.5],[44.5,31.19],[43.5,31.15],[43.16,30.75],[43.28,30.25],[43.0,29.89],[42.0,29.82]]}},{"type":"Feature","properties":{"level":1008},"geometry":{"type":"LineString","coordinates":[[42.65,30.25],[42.75,30.39],[42.65,30.25]]}},{"type":"Feature","properties":{"level":1008},"geometry":{"type":"LineString","coordinates":[[88.75,30.42],[88.5,30.64],[87.0,30.79],[85.75,30.65],[85.09,31.0],[85.99,31.5],[85.82,32.0],[86.13,32.25],[85.91,32.5],[86.34,32.75],[86.18,33.0],[86.5,32.93],[86.87,33.25],[87.0,33.73],[87.04,33.5],[87.5,33.3],[88.43,33.25],[88.5,32.86],[89.0,32.62],[89.61,33.0],[89.5,33.2],[89.0,33.15],[89.0,33.35],[89.75,33.26],[90.5,32.81],[90.07,32.5],[89.88,32.0],[90.85,31.25],[89.25,30.81],[88.75,30.42]]}},{"type":"Feature","properties":{"level":1008},"geometry":{"type":"LineString","coordinates":[[97.75,30.45],[96.65,31.25],[96.75,31.4],[97.75,30.84],[97.75,30.45]]}},{"type":"Feature","properties":{"level":1008},"geometry":{"type":"LineString","coordinates":[[84.0,31.17],[83.8,31.5],[83.93,31.75],[83.25,32.34],[82.0,32.58],[81.61,33.0],[83.5,33.22],[84.03,33.75],[84.75,33.95],[84.93,33.75],[84.66,33.25],[85.5,33.08],[85.75,32.75],[85.0,32.73],[84.78,32.5],[85.55,32.25],[85.25,31.88],[84.15,31.75],[84.85,31.25],[84.0,31.17]]}},{"type":"Feature","properties":{"level":1008},"geometry":{"type":"LineString","coordinates":[[86.64,31.25],[87.0,31.1],[87.24,31.25],[87.0,31.51],[86.03,31.5],[86.64,31.25]]}},{"type":"Feature","properties":{"level":1008},"geometry":{"type":"LineString","coordinates":[[70.98,32.5],[71.26,32.5],[70.98,32.5]]}},{"type":"Feature","properties":{"level":1008},"geometry":{"type":"LineString","coordinates":[[80.5,33.11],[79.54,33.5],[80.5,33.83],[80.93,33.25],[80.5,33.11]]}},{"type":"Feature","properties":{"level":1008},"geometry":{"type":"LineString","coordinates":[[-144.75,39.18],[-144.74,39.75],[-145.25,39.71],[-145.75,40.35],[-146.5,40.71],[-148.0,40.27],[-149.0,40.47],[-152.75,40.19],[-153.5,40.6],[-155.0,40.58],[-157.0,41.09],[-157.5,40.96],[-158.81,41.5],[-160.25,41.67],[-163.25,43.29],[-165.14,44.75],[-166.63,46.25],[-169.17,50.0],[-169.52,51.0],[-169.65,52.5],[-168.6,54.75],[-166.64,56.5],[-164.25,57.75],[-160.75,57.89],[-154.25,57.26],[-142.0,54.22],[-140.75,53.57],[-139.5,52.15],[-139.17,51.25],[-139.84,47.0],[-140.62,44.75],[-141.72,42.75],[-143.25,40.59],[-144.75,39.18]]}},{"type":"Feature","properties":{"level":1008},"geometry":{"type":"LineString","coordinates":[[-43.75,40.33],[-43.94,40.5],[-43.75,40.7],[-43.75,40.33]]}},{"type":"Feature","properties":{"level":1008},"geometry":{"type":"LineString","coordinates":[[40.0,40.98],[39.5,41.61],[38.5,41.92],[37.13,42.75],[37.08,43.0],[38.25,43.87],[38.75,43.9],[39.05,43.75],[39.0,43.5],[41.34,43.0],[42.85,42.25],[41.95,41.75],[41.75,41.22],[41.25,41.36],[40.77,41.0],[40.0,40.98]]}},{"type":"Feature","properties":{"level":1008},"geometry":{"type":"LineString","coordinates":[[37.5,41.93],[37.5,42.13],[37.65,42.0],[37.5,41.93]]}},{"type":"Feature","properties":{"level":1008},"geometry":{"type":"LineString","coordinates":[[169.5,42.72],[167.75,43.37],[166.0,44.37],[164.5,45.64],[163.25,47.15],[163.0,47.15],[162.5,46.55],[161.0,47.29],[159.5,49.09],[156.75,49.84],[155.0,49.63],[150.25,48.17],[144.5,47.88],[142.5,48.23],[142.0,48.13],[140.75,48.61],[139.75,48.48],[138.5,49.82],[137.75,49.86],[136.25,49.41],[135.25,49.5],[134.92,49.75],[136.31,50.75],[136.0,50.62],[134.91,51.5],[134.87,53.0],[135.17,54.0],[134.67,55.0],[135.24,55.25],[135.33,55.75],[136.58,56.5],[136.46,56.75],[136.94,57.25],[136.13,58.25],[137.0,58.51],[137.99,59.25],[138.5,60.08],[139.0,59.88],[139.31,60.25],[139.19,60.5],[141.0,61.66],[142.0,61.46],[143.0,61.83],[143.84,61.5],[145.5,61.66],[146.0,62.09],[147.0,62.3],[147.5,63.03],[148.35,62.5],[150.75,61.92],[151.0,62.14],[152.25,62.23],[153.09,62.75],[154.75,63.05],[155.5,62.6],[158.5,61.89],[161.0,62.08],[161.35,61.5],[162.5,61.43],[163.43,60.75],[163.5,60.25],[161.98,59.25],[161.16,58.25],[161.5,58.03],[162.25,58.11],[162.97,57.0],[162.75,56.7],[162.03,56.5],[162.3,56.25],[161.93,54.75],[162.42,54.0],[162.7,52.0],[163.46,50.25],[163.96,47.75],[164.25,47.57],[164.62,47.75],[164.75,48.27],[165.25,48.21],[165.5,48.9],[166.0,48.17],[167.25,47.57],[168.0,48.04],[169.5,48.1],[171.5,47.83],[173.5,47.0],[175.51,45.25],[175.5,43.78],[173.81,42.75],[172.25,42.51],[169.5,42.72]]}},{"type":"Feature","properties":{"level":1008},"geometry":{"type":"LineString","coordinates":[[38.2,43.25],[38.82,43.25],[38.5,43.62],[38.17,43.5],[38.2,43.25]]}},{"type":"Feature","properties":{"level":1008},"geometry":{"type":"LineString","coordinates":[[36.5,43.48],[36.75,43.68],[36.98,43.5],[36.5,43.48]]}},{"type":"Feature","properties":{"level":1008},"geometry":{"type":"LineString","coordinates":[[37.0,43.92],[37.25,44.79],[38.94,44.25],[37.75,43.83],[37.0,43.92]]}},{"type":"Feature","properties":{"level":1008},"geometry":{"type":"LineString","coordinates":[[102.0,44.68],[101.5,44.89],[100.75,44.77],[100.25,45.12],[99.25,45.22],[98.75,45.59],[97.89,45.75],[97.25,46.41],[96.39,46.5],[96.0,46.83],[95.38,46.75],[95.89,46.0],[94.75,45.93],[94.07,46.5],[94.5,46.51],[95.02,47.25],[95.0,47.62],[96.08,48.0],[97.0,47.89],[97.5,46.51],[98.75,46.14],[99.25,46.37],[99.75,45.98],[100.5,46.01],[101.75,45.35],[102.97,45.25],[103.0,44.64],[102.0,44.68]]}},{"type":"Feature","properties":{"level":1008},"geometry":{"type":"LineString","coordinates":[[-100.75,51.93],[-101.5,52.93],[-102.33,53.25],[-102.5,53.69],[-103.47,53.75],[-104.05,55.25],[-102.12,56.25],[-99.5,56.69],[-98.0,56.43],[-97.05,55.75],[-96.6,54.5],[-97.25,53.39],[-98.25,52.46],[-100.0,51.85],[-100.75,51.93]]}},{"type":"Feature","properties":{"level":1008},"geometry":{"type":"LineString","coordinates":[[-46.38,62.25],[-45.0,62.42],[-44.89,63.0],[-43.7,63.75],[-43.51,64.0],[-43.82,65.75],[-43.25,66.39],[-38.75,67.95],[-36.25,69.66],[-33.75,70.56],[-33.4,72.5],[-27.75,75.55],[-26.74,76.75],[-26.65,77.0],[-27.03,77.5],[-26.48,78.25],[-28.5,78.5],[-27.6,79.25],[-29.25,79.66],[-30.25,80.75],[-30.75,80.89],[-40.75,81.63],[-45.5,81.13],[-49.0,81.04],[-49.5,80.74],[-56.5,80.79],[-58.07,80.25],[-57.73,80.0],[-58.0,79.82],[-61.75,79.05],[-62.5,78.5],[-64.28,78.0],[-62.75,76.95],[-62.07,76.75],[-59.0,76.4],[-56.1,75.75],[-54.08,75.75],[-52.25,75.4],[-48.61,74.0],[-51.13,73.5],[-51.55,73.0],[-50.43,72.0],[-50.59,71.75],[-49.51,71.5],[-49.51,71.25],[-47.52,69.5],[-45.52,68.25],[-45.1,67.75],[-45.27,67.0],[-45.75,66.41],[-47.75,65.25],[-47.4,64.5],[-47.63,64.25],[-46.97,64.0],[-46.46,63.25],[-47.08,62.5],[-46.38,62.25]]}},{"type":"Feature","properties":{"level":1008},"geometry":{"type":"LineString","coordinates":[[-95.33,76.5],[-95.18,76.5],[-95.33,76.5]]}},{"type":"Feature","properties":{"level":1008},"geometry":{"type":"LineString","coordinates":[[-83.41,76.75],[-82.0,76.66],[-79.79,77.25],[-81.5,77.63],[-82.25,78.45],[-85.32,78.25],[-85.08,78.0],[-85.22,77.5],[-84.59,77.25],[-85.27,77.0],[-84.25,77.21],[-83.41,76.75]]}},{"type":"Feature","properties":{"level":1008},"geometry":{"type":"LineString","coordinates":[[180.0,76.93],[148.5,73.0],[148.49,73.5],[147.67,74.25],[146.74,74.75],[145.25,74.97],[130.25,73.69],[122.75,73.34],[118.75,73.44],[110.5,75.02],[109.0,75.74],[107.0,76.18],[101.25,76.87],[95.5,77.07],[87.5,77.01],[76.0,76.14],[66.0,76.59],[55.0,76.33],[47.25,76.53],[41.0,76.12],[34.25,75.15],[31.45,74.5],[27.44,73.0],[26.0,72.28],[24.08,70.75],[22.5,70.51],[22.34,70.25],[21.0,69.71],[18.25,69.3],[17.39,68.5],[15.25,67.75],[13.0,66.32],[12.25,66.25],[10.0,64.47],[9.0,64.24],[8.29,63.25],[7.75,62.94],[5.75,62.34],[5.25,61.92],[5.02,62.0],[5.15,62.25],[6.0,62.76],[5.5,62.95],[0.5,60.98],[-8.25,58.34],[-10.25,57.93],[-13.75,57.93],[-18.25,57.47],[-25.0,57.42],[-33.75,56.89],[-36.75,56.5],[-39.25,55.84],[-40.35,55.0],[-41.33,53.0],[-41.64,51.25],[-41.74,48.0],[-41.29,47.25],[-41.41,45.5],[-43.25,41.45],[-44.32,40.75],[-44.41,40.5],[-44.18,40.25],[-44.93,40.0],[-45.06,39.25],[-45.61,38.75],[-46.25,38.89],[-48.25,38.26],[-51.0,38.09],[-52.75,38.54],[-56.75,38.66],[-57.5,38.88],[-58.22,39.5],[-59.25,40.75],[-59.42,41.5],[-60.75,42.78],[-62.05,44.5],[-65.49,47.25],[-66.31,48.25],[-66.5,49.25],[-67.47,49.75],[-67.95,51.0],[-67.74,51.75],[-68.13,52.25],[-68.46,54.25],[-70.11,58.25],[-71.04,59.75],[-73.0,61.44],[-75.25,62.37],[-77.0,62.56],[-82.25,61.94],[-83.91,62.0],[-85.5,62.72],[-86.17,63.75],[-87.25,64.58],[-91.5,65.92],[-92.25,66.35],[-92.92,67.5],[-92.78,68.0],[-92.96,68.75],[-92.67,69.75],[-93.21,70.25],[-92.69,70.5],[-92.86,71.5],[-92.34,72.75],[-90.96,73.75],[-91.42,74.5],[-88.75,74.93],[-86.25,74.81],[-85.0,75.16],[-85.0,75.41],[-89.0,75.54],[-91.25,76.38],[-92.5,76.28],[-92.75,75.84],[-93.0,75.81],[-94.75,75.99],[-102.75,75.85],[-118.25,77.41],[-137.25,78.53],[-157.25,78.44],[-167.25,78.02],[-180.0,76.93]]}},{"type":"Feature","properties":{"level":1008},"geometry":{"type":"LineString","coordinates":[[-87.02,77.25],[-86.86,77.25],[-87.02,77.25]]}},{"type":"Feature","properties":{"level":1008},"geometry":{"type":"LineString","coordinates":[[-78.32,78.5],[-77.48,78.5],[-77.51,78.75],[-78.58,78.75],[-78.32,78.5]]}},{"type":"Feature","properties":{"level":1008},"geometry":{"type":"LineString","coordinates":[[-63.69,80.25],[-62.75,80.11],[-59.06,80.5],[-61.0,80.92],[-63.69,80.25]]}},{"type":"Feature","properties":{"level":1008},"geometry":{"type":"LineString","coordinates":[[-24.34,80.25],[-23.96,80.25],[-24.34,80.25]]}},{"type":"Feature","properties":{"level":1008},"geometry":{"type":"LineString","coordinates":[[-25.55,80.5],[-25.0,80.41],[-24.85,81.0],[-27.55,81.0],[-25.55,80.5]]}},{"type":"Feature","properties":{"level":1008},"geometry":{"type":"LineString","coordinates":[[-77.97,81.25],[-77.0,81.05],[-75.25,81.41],[-74.5,81.18],[-71.79,81.25],[-76.5,81.6],[-77.5,81.55],[-77.97,81.25]]}},{"type":"Feature","properties":{"level":1008},"geometry":{"type":"LineString","coordinates":[[-70.67,81.25],[-69.0,81.36],[-68.42,81.5],[-68.35,81.75],[-68.5,81.96],[-69.75,81.54],[-71.12,81.5],[-70.67,81.25]]}},{"type":"Feature","properties":{"level":1008},"geometry":{"type":"LineString","coordinates":[[-29.2,81.25],[-28.11,81.25],[-29.2,81.25]]}},{"type":"Feature","properties":{"level":1008},"geometry":{"type":"LineString","coordinates":[[-35.17,81.75],[-34.0,81.72],[-29.78,82.5],[-32.5,82.54],[-36.0,83.1],[-37.1,83.0],[-35.01,82.75],[-38.01,82.25],[-35.17,81.75]]}},{"type":"Feature","properties":{"level":1008},"geometry":{"type":"LineString","coordinates":[[-41.27,82.25],[-39.02,82.25],[-40.5,82.5],[-41.27,82.25]]}},{"type":"Feature","properties":{"level":1008},"geometry":{"type":"LineString","coordinates":[[-30.37,83.25],[-29.07,83.25],[-30.37,83.25]]}},{"type":"Feature","properties":{"level":1012},"geometry":{"type":"LineString","coordinates":[[136.25,-87.76],[135.07,-87.5],[135.67,-87.25],[138.5,-87.08],[140.5,-87.16],[141.16,-87.5],[139.75,-87.77],[136.25,-87.76]]}},{"type":"Feature","properties":{"level":1012},"geometry":{"type":"LineString","coordinates":[[180.0,-87.87],[147.5,-86.82],[139.42,-85.0],[139.01,-84.75],[139.98,-84.0],[139.19,-83.0],[142.06,-81.5],[141.89,-81.0],[143.26,-80.25],[143.33,-80.0],[138.31,-79.25],[139.49,-78.5],[138.06,-78.0],[137.69,-77.75],[137.72,-77.5],[140.04,-75.75],[143.9,-74.5],[145.75,-73.53],[146.07,-72.5],[145.56,-72.0],[145.75,-71.69],[143.25,-70.36],[141.25,-69.76],[134.75,-69.36],[130.25,-70.23],[120.0,-70.84],[114.75,-70.56],[106.25,-69.49],[97.25,-69.2],[88.0,-70.33],[85.1,-71.0],[84.69,-71.5],[84.92,-73.0],[84.71,-74.0],[85.52,-75.25],[85.46,-76.0],[84.75,-76.84],[82.75,-77.81],[79.0,-78.49],[66.29,-79.0],[63.0,-79.91],[57.56,-79.5],[54.0,-78.39],[52.89,-77.5],[52.86,-76.5],[52.43,-76.0],[52.37,-75.0],[52.04,-74.5],[50.5,-73.33],[49.5,-73.22],[41.75,-73.83],[36.25,-74.63],[31.75,-74.61],[27.75,-74.28],[25.75,-74.41],[22.95,-75.0],[22.27,-75.25],[21.75,-75.84],[20.69,-76.25],[17.0,-76.96],[14.0,-77.17],[8.83,-78.5],[-1.25,-79.71],[-5.0,-80.3],[-6.5,-80.78],[-14.2,-81.0],[-17.25,-81.78],[-32.75,-82.9],[-41.08,-84.75],[-43.5,-84.97],[-59.75,-85.58],[-69.5,-86.4],[-86.75,-86.92],[-103.75,-87.06],[-127.0,-87.96],[-142.0,-88.16],[-180.0,-87.87]]}},{"type":"Feature","properties":{"level":1012},"geometry":{"type":"LineString","coordinates":[[-95.87,-36.75],[-95.75,-36.9],[-95.66,-36.75],[-95.87,-36.75]]}},{"type":"Feature","properties":{"level":1012},"geometry":{"type":"LineString","coordinates":[[-96.0,-34.84],[-96.0,-34.66],[-96.0,-34.84]]}},{"type":"Feature","properties":{"level":1012},"geometry":{"type":"LineString","coordinates":[[-180.0,-34.51],[-174.0,-38.84],[-170.25,-41.15],[-166.0,-43.05],[-159.75,-44.23],[-158.69,-44.75],[-158.38,-45.0],[-158.56,-45.25],[-159.93,-46.25],[-159.87,-47.0],[-160.5,-47.16],[-161.39,-46.75],[-160.75,-50.11],[-159.14,-51.5],[-158.0,-51.69],[-156.5,-52.31],[-152.75,-52.29],[-148.25,-50.26],[-146.75,-49.13],[-145.23,-47.25],[-145.01,-46.25],[-144.6,-45.75],[-145.21,-45.5],[-145.03,-45.25],[-144.25,-45.08],[-141.0,-44.73],[-122.0,-45.03],[-118.0,-44.63],[-111.75,-44.42],[-109.5,-44.37],[-106.0,-44.7],[-104.75,-44.57],[-103.88,-43.75],[-105.58,-42.0],[-106.49,-40.0],[-106.7,-37.75],[-106.16,-36.25],[-104.5,-34.92],[-103.25,-34.45],[-101.5,-34.23],[-97.75,-32.11],[-96.75,-31.85],[-96.5,-33.0],[-96.25,-33.25],[-96.76,-34.0],[-96.34,-34.5],[-96.29,-35.0],[-95.94,-35.25],[-95.99,-36.0],[-95.75,-36.36],[-95.25,-35.4],[-95.07,-36.0],[-95.11,-36.5],[-95.47,-37.0],[-95.41,-37.5],[-95.75,-37.63],[-96.0,-37.04],[-96.25,-37.12],[-98.35,-40.75],[-99.5,-41.65],[-100.0,-41.78],[-101.0,-42.83],[-101.46,-43.5],[-101.22,-44.0],[-101.35,-44.5],[-101.07,-44.75],[-81.75,-54.36],[-76.29,-57.75],[-66.5,-61.24],[-64.0,-61.85],[-61.75,-62.08],[-58.75,-62.1],[-58.0,-61.8],[-54.06,-61.5],[-53.75,-61.23],[-52.0,-61.19],[-45.75,-59.78],[-42.0,-59.59],[-39.5,-59.81],[-36.0,-59.73],[-33.0,-59.17],[-29.5,-57.98],[-23.75,-54.19],[-20.13,-50.25],[-16.72,-47.75],[-13.25,-44.67],[-9.26,-39.25],[-8.22,-38.25],[-7.28,-36.25],[-6.44,-35.75],[-6.21,-35.25],[-5.59,-34.75],[-5.38,-34.0],[-5.0,-33.89],[-4.56,-33.25],[-4.74,-33.0],[-4.5,-32.94],[-3.92,-31.75],[-2.75,-31.68],[-2.04,-30.75],[-2.81,-30.0],[-2.75,-29.74],[1.75,-30.19],[5.75,-30.96],[10.0,-32.39],[16.75,-35.17],[21.75,-36.68],[29.0,-37.71],[29.75,-37.56],[30.19,-36.5],[30.81,-36.5],[29.89,-34.5],[29.86,-33.0],[29.27,-32.75],[29.96,-31.75],[30.0,-31.49],[29.75,-31.39],[29.0,-31.61],[27.75,-32.51],[27.25,-32.5],[26.5,-33.09],[25.75,-32.95],[24.25,-33.75],[23.5,-33.48],[23.0,-33.77],[22.0,-33.66],[21.48,-34.25],[20.5,-34.34],[20.0,-34.64],[19.67,-34.5],[19.55,-34.25],[20.46,-34.0],[20.2,-33.75],[21.0,-33.2],[21.39,-33.5],[21.05,-32.75],[21.25,-32.38],[22.0,-32.11],[22.5,-32.24],[22.72,-32.0],[22.54,-31.5],[22.93,-31.0],[22.88,-30.25],[21.84,-28.75],[22.25,-28.66],[22.75,-29.3],[23.02,-29.0],[22.59,-28.75],[22.75,-28.0],[22.5,-27.64],[22.25,-27.93],[21.06,-27.25],[20.68,-26.75],[21.25,-26.62],[21.25,-26.42],[20.75,-26.38],[20.5,-26.61],[19.87,-26.25],[20.39,-26.0],[20.36,-25.5],[20.0,-25.24],[19.5,-25.87],[19.0,-25.58],[18.08,-25.75],[18.0,-26.59],[18.75,-26.34],[19.27,-26.5],[19.63,-27.0],[19.67,-27.5],[19.25,-27.9],[18.89,-27.75],[19.32,-27.0],[19.0,-26.59],[18.0,-26.85],[17.25,-27.4],[17.0,-27.26],[16.71,-25.75],[17.32,-25.25],[16.38,-24.25],[16.66,-23.25],[16.5,-23.07],[16.18,-23.25],[15.94,-24.25],[16.18,-24.5],[15.88,-25.0],[16.25,-25.04],[16.53,-25.5],[16.0,-25.97],[15.25,-25.22],[14.7,-23.75],[14.72,-22.5],[14.5,-21.93],[13.13,-20.5],[12.5,-19.22],[11.0,-18.25],[10.43,-17.25],[9.75,-16.82],[8.7,-15.25],[9.03,-15.0],[8.5,-14.64],[8.25,-14.0],[8.5,-13.56],[9.0,-13.33],[9.37,-12.0],[9.16,-11.25],[9.38,-10.0],[8.98,-9.0],[9.13,-8.25],[9.72,-7.5],[9.69,-4.75],[9.5,-4.5],[9.0,-5.21],[8.13,-5.0],[7.75,-4.01],[7.25,-3.99],[6.42,-3.5],[6.25,-2.69],[5.67,-2.0],[6.02,-1.5],[5.65,-0.5],[5.86,0.0],[5.5,0.46],[5.0,0.55],[5.0,0.1],[4.5,-0.06],[3.4,0.5],[4.76,1.25],[4.83,2.0],[3.35,4.25],[3.53,5.25],[3.26,5.75],[2.0,5.91],[1.0,5.33],[-2.0,4.8],[-4.5,5.33],[-6.46,5.25],[-6.5,4.99],[-7.25,5.17],[-8.0,4.7],[-8.84,5.0],[-8.75,5.35],[-8.25,5.07],[-7.75,5.1],[-6.25,6.34],[-6.0,6.41],[-5.75,6.05],[-5.49,6.25],[-5.5,6.79],[-5.39,6.5],[-5.0,6.4],[-4.94,6.75],[-5.24,7.25],[-4.5,7.27],[-4.0,6.73],[-3.45,7.5],[-2.75,7.45],[-2.56,7.75],[-3.25,8.77],[-3.86,8.5],[-4.0,7.9],[-4.5,8.24],[-5.0,8.17],[-5.2,8.75],[-5.5,8.68],[-5.75,9.2],[-6.5,9.32],[-6.64,9.75],[-7.38,10.0],[-7.25,10.41],[-5.0,10.25],[-5.05,10.5],[-4.75,10.57],[-4.25,10.06],[-3.75,9.99],[-3.25,10.07],[-2.73,10.5],[-2.8,10.75],[-3.25,11.39],[-3.75,11.31],[-4.5,11.59],[-5.0,11.35],[-5.5,11.73],[-5.94,11.5],[-6.25,10.58],[-6.75,10.9],[-7.25,10.68],[-8.25,11.38],[-8.46,12.0],[-8.33,12.5],[-8.75,13.0],[-9.11,12.5],[-8.73,12.0],[-9.25,11.72],[-9.75,12.43],[-10.25,12.22],[-10.5,12.59],[-10.83,12.5],[-11.0,12.13],[-12.0,12.13],[-12.25,12.48],[-13.0,12.58],[-13.5,12.26],[-13.75,12.38],[-15.0,12.01],[-16.0,11.92],[-16.49,12.25],[-16.74,12.5],[-16.7,13.0],[-16.16,13.75],[-16.5,13.66],[-16.78,14.25],[-16.26,15.75],[-16.35,16.75],[-15.74,17.75],[-16.4,19.25],[-16.5,21.0],[-13.33,21.25],[-12.75,19.9],[-12.25,19.75],[-11.5,20.01],[-10.76,19.5],[-10.78,19.0],[-10.5,18.99],[-9.81,19.5],[-7.63,20.25],[-7.5,20.71],[-6.16,22.0],[-6.22,22.25],[-5.61,23.0],[-5.56,23.5],[-4.5,24.32],[-3.5,24.32],[-2.5,24.98],[-0.25,25.56],[0.75,24.86],[1.16,25.25],[1.13,25.75],[1.75,26.38],[2.5,26.39],[2.83,26.0],[2.52,25.5],[2.75,24.76],[2.5,24.85],[1.95,24.5],[2.5,23.75],[2.19,23.5],[1.83,21.0],[1.44,21.0],[1.43,20.75],[2.0,20.36],[2.5,21.4],[3.0,21.66],[3.25,21.56],[4.5,23.41],[4.68,23.25],[4.51,22.5],[4.89,22.0],[7.25,21.48],[7.96,21.0],[8.17,20.0],[8.52,19.5],[8.41,17.75],[8.75,17.49],[9.5,17.71],[9.91,18.5],[9.85,19.0],[10.26,19.25],[11.75,19.82],[13.0,19.64],[13.5,19.88],[14.0,19.7],[14.5,19.92],[15.5,19.31],[16.75,19.35],[16.96,18.75],[18.0,18.44],[21.75,18.99],[22.75,18.73],[23.65,18.25],[21.92,17.5],[23.0,16.73],[23.25,16.79],[25.0,18.76],[26.5,19.45],[27.11,19.25],[27.35,19.75],[28.37,20.5],[30.0,23.06],[32.25,24.57],[32.47,25.75],[32.28,26.0],[32.75,26.96],[33.0,27.06],[33.5,26.75],[33.08,27.75],[33.41,28.25],[33.75,28.31],[34.0,28.08],[34.25,29.03],[35.0,29.66],[35.12,29.25],[35.5,29.16],[36.0,30.37],[36.65,30.75],[37.03,31.5],[37.93,31.75],[37.75,32.3],[37.25,32.53],[37.0,33.49],[36.35,33.5],[36.7,34.0],[36.34,34.5],[36.47,35.5],[36.25,35.61],[35.97,35.5],[35.98,34.5],[35.5,34.23],[35.25,34.37],[34.0,33.49],[32.5,33.4],[30.5,33.86],[28.75,34.7],[27.99,35.25],[27.44,36.5],[27.71,37.25],[29.75,36.93],[30.7,37.75],[30.3,38.25],[30.95,38.75],[30.45,39.75],[30.73,40.0],[30.65,40.5],[30.91,40.75],[30.75,40.95],[30.25,40.91],[29.99,41.25],[31.64,43.25],[33.09,44.5],[33.75,44.83],[34.99,45.0],[35.75,45.79],[36.25,45.95],[38.5,46.23],[41.99,45.5],[42.01,45.0],[42.5,44.78],[42.89,44.25],[42.0,43.58],[40.79,43.75],[41.27,43.25],[43.25,42.49],[43.93,42.0],[43.25,41.68],[42.6,41.75],[42.2,41.0],[42.39,40.75],[42.0,40.36],[41.5,40.26],[41.3,40.75],[41.5,41.04],[40.79,40.75],[41.16,40.5],[40.89,40.25],[41.38,40.0],[41.25,39.91],[40.25,40.06],[40.73,39.75],[40.5,39.52],[40.0,39.59],[39.75,39.29],[39.29,39.5],[40.0,39.15],[40.25,38.74],[40.5,39.32],[40.85,39.0],[40.78,38.75],[42.38,38.0],[42.28,37.75],[43.0,37.14],[44.38,36.75],[44.5,36.3],[45.04,36.25],[45.01,35.75],[45.5,35.32],[45.96,35.25],[45.82,34.0],[46.3,33.25],[47.25,32.68],[48.5,32.78],[49.39,32.25],[50.0,30.98],[50.5,30.79],[50.75,30.3],[51.38,30.25],[51.07,30.0],[52.75,28.42],[53.25,28.55],[53.75,28.22],[54.25,28.75],[55.5,28.27],[56.0,28.64],[57.0,28.12],[57.41,28.75],[57.75,28.85],[58.25,28.34],[58.75,28.42],[58.33,29.5],[56.89,31.75],[56.89,32.0],[57.7,32.5],[57.49,32.75],[58.5,32.3],[59.25,31.59],[60.75,31.52],[61.12,32.25],[61.75,32.81],[62.36,33.0],[62.25,33.25],[62.65,33.5],[63.0,33.13],[63.25,33.34],[63.81,33.25],[63.42,32.75],[64.0,32.44],[64.75,32.92],[65.0,32.62],[65.25,32.75],[65.43,33.5],[65.7,33.5],[65.99,33.25],[66.25,32.28],[67.33,33.0],[68.0,33.15],[69.0,34.29],[69.08,34.0],[68.79,33.75],[69.07,33.5],[68.61,32.75],[68.75,32.66],[69.11,32.75],[69.75,33.75],[70.25,33.85],[70.75,33.59],[71.08,33.75],[70.92,34.0],[69.75,34.37],[69.5,34.72],[69.25,34.46],[69.25,34.88],[70.75,34.66],[72.0,34.97],[74.11,33.75],[76.25,32.03],[77.24,31.75],[77.15,31.5],[77.63,31.25],[77.0,30.96],[77.5,30.73],[77.9,31.0],[77.95,30.75],[79.27,30.25],[79.0,30.19],[79.0,29.87],[80.43,29.75],[80.39,29.25],[80.69,29.0],[81.25,29.07],[82.5,28.13],[84.75,28.03],[85.05,27.5],[87.0,26.97],[87.25,27.26],[87.35,27.0],[88.0,26.85],[88.5,27.1],[89.75,26.79],[93.5,27.15],[94.11,27.5],[94.22,28.0],[94.75,28.36],[96.16,28.0],[96.52,27.0],[97.25,26.5],[97.41,27.0],[97.25,27.5],[97.81,27.5],[98.0,25.75],[97.35,23.75],[96.75,22.9],[96.5,22.93],[96.5,22.66],[97.0,22.57],[97.5,23.28],[97.8,23.25],[97.93,22.5],[99.1,21.0],[99.34,20.5],[99.04,20.25],[99.25,20.13],[100.59,21.5],[100.75,22.29],[101.25,22.23],[101.75,21.65],[102.25,21.89],[103.0,21.67],[103.13,21.75],[102.75,21.78],[102.61,22.25],[103.0,22.14],[103.25,22.55],[103.83,22.0],[104.32,20.75],[103.89,20.75],[103.75,21.25],[103.25,21.22],[103.43,20.0],[103.0,19.67],[102.03,19.5],[101.89,19.25],[103.0,18.58],[103.25,18.58],[103.5,18.99],[104.25,18.77],[105.77,17.5],[106.9,15.25],[107.49,14.75],[108.0,13.76],[108.54,13.5],[108.21,13.25],[108.0,12.24],[107.5,12.49],[107.25,12.38],[107.75,11.41],[108.0,11.33],[108.64,11.5],[109.11,12.0],[109.08,12.5],[109.32,12.75],[109.25,14.63],[109.75,15.21],[113.0,16.54],[115.25,16.83],[116.0,17.43],[117.5,17.41],[118.25,16.99],[119.0,16.92],[119.22,17.0],[119.44,18.25],[119.75,18.46],[120.5,18.32],[120.25,16.12],[119.8,16.0],[119.81,15.5],[120.9,13.75],[120.57,13.25],[121.25,12.38],[121.75,13.38],[122.0,13.06],[122.25,13.41],[122.5,13.31],[122.75,13.56],[124.0,12.65],[124.25,12.75],[124.25,13.08],[125.75,13.83],[125.94,14.5],[126.42,15.0],[128.0,15.42],[128.25,15.79],[129.75,15.81],[132.75,16.56],[134.5,16.13],[137.25,16.26],[137.75,15.63],[138.75,15.06],[140.0,13.69],[143.25,13.34],[144.19,14.75],[145.0,14.91],[145.62,15.75],[146.5,15.85],[147.0,16.32],[147.75,16.26],[149.25,17.33],[154.0,18.25],[158.0,18.09],[161.5,17.28],[163.5,16.35],[166.5,15.64],[168.5,15.42],[170.5,15.78],[171.0,15.52],[172.5,15.65],[172.9,15.25],[174.5,15.02],[174.82,15.25],[174.46,15.75],[174.75,15.85],[175.5,15.69],[175.75,16.07],[176.0,15.43],[176.33,15.75],[176.25,16.01],[180.0,16.24]]}},{"type":"Feature","properties":{"level":1012},"geometry":{"type":"LineString","coordinates":[[-95.75,-34.58],[-95.55,-34.5],[-95.75,-34.58]]}},{"type":"Feature","properties":{"level":1012},"geometry":{"type":"LineString","coordinates":[[128.25,-31.59],[127.93,-31.25],[127.81,-29.75],[127.5,-29.26],[127.13,-29.25],[127.0,-28.61],[126.74,-28.75],[126.54,-30.25],[126.25,-30.11],[126.0,-30.36],[124.75,-28.81],[123.5,-28.79],[122.75,-27.53],[121.55,-26.5],[120.25,-24.09],[119.5,-23.71],[119.5,-23.17],[118.25,-22.26],[117.04,-21.75],[117.19,-20.75],[118.25,-19.75],[121.5,-18.88],[121.75,-19.14],[122.25,-19.07],[122.5,-18.81],[122.01,-18.0],[122.56,-17.5],[122.11,-17.0],[122.67,-16.0],[122.55,-13.5],[123.0,-12.27],[124.0,-11.49],[125.5,-11.29],[126.5,-10.88],[127.25,-11.02],[128.0,-11.99],[128.41,-12.0],[128.75,-12.35],[129.25,-11.73],[129.5,-11.8],[129.77,-12.5],[129.73,-13.25],[130.5,-13.07],[130.88,-13.5],[130.64,-14.0],[130.08,-14.25],[130.19,-15.0],[131.0,-15.72],[131.5,-15.86],[132.05,-16.5],[132.0,-16.65],[131.5,-16.39],[131.17,-16.5],[131.61,-16.75],[131.61,-17.25],[132.0,-17.48],[132.25,-16.83],[132.75,-16.81],[133.07,-17.0],[133.38,-17.75],[132.97,-18.5],[133.0,-18.82],[133.35,-18.75],[133.13,-20.0],[133.0,-20.2],[132.5,-20.0],[132.2,-20.25],[132.16,-21.0],[131.11,-22.0],[131.25,-22.49],[132.07,-22.75],[131.43,-23.25],[131.45,-24.0],[131.92,-24.75],[130.91,-26.0],[131.76,-26.5],[131.46,-26.75],[131.57,-28.0],[131.15,-29.0],[131.25,-29.4],[130.64,-30.75],[129.77,-31.5],[128.25,-31.59]]}},{"type":"Feature","properties":{"level":1012},"geometry":{"type":"LineString","coordinates":[[126.25,-31.37],[126.06,-31.25],[126.25,-30.79],[126.25,-31.37]]}},{"type":"Feature","properties":{"level":1012},"geometry":{"type":"LineString","coordinates":[[27.48,-31.0],[28.0,-31.16],[28.5,-30.24],[29.25,-30.06],[29.67,-29.5],[29.71,-29.25],[29.09,-28.5],[29.53,-28.25],[29.94,-27.5],[30.4,-27.5],[30.25,-26.72],[31.26,-26.25],[30.32,-26.0],[30.53,-25.75],[30.44,-25.5],[31.0,-25.1],[30.94,-24.5],[30.5,-24.44],[30.0,-25.07],[29.75,-24.72],[29.75,-25.33],[28.25,-25.57],[28.0,-25.86],[27.5,-25.66],[27.25,-25.86],[26.22,-25.75],[26.5,-26.17],[27.75,-26.78],[28.01,-27.25],[27.03,-29.0],[27.17,-30.0],[27.49,-30.5],[27.21,-30.75],[27.48,-31.0]]}},{"type":"Feature","properties":{"level":1012},"geometry":{"type":"LineString","coordinates":[[-53.25,-28.26],[-54.7,-27.75],[-55.56,-26.75],[-55.56,-26.0],[-56.04,-26.0],[-56.0,-24.5],[-56.46,-23.5],[-57.52,-22.75],[-58.01,-21.75],[-58.26,-20.75],[-57.59,-19.75],[-57.63,-19.25],[-58.01,-19.0],[-58.01,-18.25],[-59.5,-17.56],[-60.25,-16.62],[-62.0,-15.91],[-62.75,-16.09],[-63.25,-15.91],[-64.75,-16.37],[-65.5,-15.76],[-66.0,-15.95],[-66.75,-15.7],[-68.0,-15.76],[-69.03,-14.0],[-71.5,-13.01],[-72.0,-12.21],[-72.25,-12.14],[-73.0,-12.56],[-73.75,-11.39],[-74.15,-11.5],[-73.94,-11.75],[-74.0,-12.28],[-74.47,-11.25],[-74.31,-10.75],[-75.0,-10.73],[-75.5,-9.94],[-76.0,-8.09],[-76.75,-7.93],[-77.0,-7.25],[-76.75,-5.78],[-77.75,-5.08],[-78.28,-5.0],[-77.7,-2.0],[-77.75,-1.17],[-77.28,-0.5],[-77.21,0.25],[-76.5,1.06],[-75.25,1.82],[-74.25,3.02],[-73.83,3.0],[-73.25,4.37],[-71.86,6.0],[-71.76,7.5],[-71.0,7.87],[-69.03,9.5],[-68.18,9.5],[-67.99,9.25],[-68.05,8.75],[-67.75,8.45],[-67.32,8.5],[-67.27,8.75],[-67.61,9.0],[-67.25,9.24],[-66.75,9.05],[-66.5,8.5],[-66.0,8.23],[-64.5,8.25],[-63.91,8.0],[-64.75,7.46],[-65.0,6.98],[-65.29,7.0],[-65.06,7.25],[-65.5,7.49],[-65.75,6.71],[-66.25,7.03],[-66.99,5.25],[-67.32,5.0],[-67.0,4.47],[-66.55,4.75],[-66.67,5.25],[-66.25,5.53],[-65.79,5.5],[-65.3,4.75],[-65.74,4.5],[-65.59,4.0],[-65.88,3.5],[-65.75,3.28],[-65.25,3.66],[-65.0,3.57],[-64.0,2.32],[-63.5,2.2],[-63.25,2.42],[-63.41,2.75],[-63.25,3.71],[-62.75,3.64],[-62.5,3.97],[-61.0,4.47],[-59.75,4.5],[-59.5,4.17],[-58.8,4.0],[-58.5,3.46],[-58.0,3.72],[-57.94,5.75],[-58.62,7.25],[-59.18,7.75],[-58.5,8.47],[-57.75,7.87],[-57.96,7.5],[-56.77,7.25],[-57.25,6.42],[-57.0,6.29],[-56.0,6.7],[-55.67,6.5],[-56.39,6.0],[-56.29,5.5],[-55.86,5.25],[-55.83,4.5],[-56.63,3.75],[-55.97,3.0],[-56.21,2.75],[-56.11,2.5],[-55.39,1.75],[-55.03,1.0],[-55.11,0.5],[-54.75,0.11],[-54.49,0.0],[-54.5,0.65],[-53.75,0.09],[-52.75,0.36],[-52.25,-0.12],[-51.38,0.5],[-51.0,1.16],[-50.5,1.15],[-50.27,0.25],[-49.93,0.0],[-50.12,-0.25],[-48.5,-0.35],[-47.75,-0.05],[-46.5,-1.7],[-45.75,-2.15],[-45.25,-2.16],[-44.75,-3.1],[-44.0,-2.9],[-43.25,-3.11],[-42.5,-2.9],[-41.4,-3.0],[-41.14,-4.75],[-41.5,-6.35],[-42.0,-6.42],[-42.25,-5.42],[-42.84,-5.25],[-42.18,-5.0],[-42.25,-4.13],[-42.75,-4.21],[-43.5,-3.86],[-44.33,-4.25],[-44.37,-4.5],[-44.22,-5.0],[-43.4,-5.75],[-43.9,-6.0],[-44.0,-6.46],[-43.22,-6.5],[-43.0,-5.44],[-42.87,-6.0],[-41.97,-6.75],[-42.0,-7.09],[-42.47,-7.0],[-42.42,-7.5],[-43.27,-9.0],[-42.43,-9.0],[-43.05,-11.0],[-42.66,-11.0],[-41.97,-13.5],[-41.54,-13.75],[-42.25,-13.69],[-42.5,-13.93],[-43.0,-15.97],[-43.9,-16.5],[-43.75,-17.05],[-44.25,-16.88],[-44.5,-17.81],[-45.0,-17.89],[-45.25,-17.48],[-46.25,-18.11],[-47.0,-18.04],[-47.25,-17.17],[-48.25,-17.52],[-48.75,-17.01],[-49.0,-17.17],[-49.15,-17.75],[-49.53,-18.0],[-49.0,-18.43],[-49.17,-19.0],[-48.62,-19.5],[-48.33,-20.25],[-48.98,-20.75],[-49.0,-21.2],[-47.75,-21.68],[-47.4,-22.0],[-47.47,-22.25],[-48.25,-22.27],[-49.75,-21.75],[-50.19,-22.0],[-50.25,-22.33],[-50.75,-21.77],[-51.0,-21.98],[-51.11,-22.25],[-50.79,-22.75],[-51.38,-23.75],[-51.38,-24.25],[-52.09,-24.75],[-51.65,-25.5],[-51.96,-26.25],[-51.78,-27.5],[-52.5,-28.08],[-53.25,-28.26]]}},{"type":"Feature","properties":{"level":1012},"geometry":{"type":"LineString","coordinates":[[-28.5,-27.31],[-28.5,-27.09],[-28.35,-27.25],[-28.5,-27.31]]}},{"type":"Feature","properties":{"level":1012},"geometry":{"type":"LineString","coordinates":[[-28.0,-27.31],[-28.0,-27.15],[-27.62,-27.25],[-28.0,-27.31]]}},{"type":"Feature","properties":{"level":1012},"geometry":{"type":"LineString","coordinates":[[-42.0,-25.83],[-42.21,-25.75],[-42.0,-25.58],[-42.0,-25.83]]}},{"type":"Feature","properties":{"level":1012},"geometry":{"type":"LineString","coordinates":[[-45.5,-24.82],[-45.71,-24.75],[-45.5,-24.62],[-45.5,-24.82]]}},{"type":"Feature","properties":{"level":1012},"geometry":{"type":"LineString","coordinates":[[-44.5,-24.52],[-44.5,-23.95],[-44.25,-23.83],[-44.5,-24.52]]}},{"type":"Feature","properties":{"level":1012},"geometry":{"type":"LineString","coordinates":[[30.16,-24.25],[30.31,-24.25],[30.2,-23.25],[30.5,-22.69],[29.06,-23.5],[29.25,-24.2],[30.16,-24.25]]}},{"type":"Feature","properties":{"level":1012},"geometry":{"type":"LineString","coordinates":[[-45.75,-24.13],[-45.43,-24.0],[-45.75,-24.13]]}},{"type":"Feature","properties":{"level":1012},"geometry":{"type":"LineString","coordinates":[[117.75,-23.78],[116.25,-22.96],[115.79,-22.25],[116.25,-22.22],[116.5,-22.88],[118.25,-23.44],[118.12,-23.75],[117.75,-23.78]]}},{"type":"Feature","properties":{"level":1012},"geometry":{"type":"LineString","coordinates":[[-44.75,-23.66],[-44.86,-23.5],[-44.33,-23.25],[-44.5,-23.65],[-44.75,-23.66]]}},{"type":"Feature","properties":{"level":1012},"geometry":{"type":"LineString","coordinates":[[-44.0,-23.75],[-44.13,-23.0],[-43.75,-22.98],[-44.0,-23.75]]}},{"type":"Feature","properties":{"level":1012},"geometry":{"type":"LineString","coordinates":[[44.25,-23.58],[44.59,-23.5],[44.25,-23.58]]}},{"type":"Feature","properties":{"level":1012},"geometry":{"type":"LineString","coordinates":[[-39.25,-22.57],[-39.1,-22.5],[-39.25,-22.57]]}},{"type":"Feature","properties":{"level":1012},"geometry":{"type":"LineString","coordinates":[[43.75,-22.31],[43.63,-22.0],[44.25,-21.39],[44.5,-21.24],[44.78,-21.5],[44.89,-21.75],[44.25,-21.86],[43.75,-22.31]]}},{"type":"Feature","properties":{"level":1012},"geometry":{"type":"LineString","coordinates":[[44.75,-21.09],[44.75,-20.86],[44.91,-21.0],[44.75,-21.09]]}},{"type":"Feature","properties":{"level":1012},"geometry":{"type":"LineString","coordinates":[[45.0,-20.77],[45.0,-20.57],[45.0,-20.77]]}},{"type":"Feature","properties":{"level":1012},"geometry":{"type":"LineString","coordinates":[[133.25,-20.78],[133.25,-20.59],[133.52,-20.75],[133.25,-20.78]]}},{"type":"Feature","properties":{"level":1012},"geometry":{"type":"LineString","coordinates":[[32.7,-20.5],[33.28,-19.75],[32.9,-19.0],[33.08,-18.0],[32.75,-17.78],[32.21,-18.5],[32.53,-18.75],[32.7,-20.5]]}},{"type":"Feature","properties":{"level":1012},"geometry":{"type":"LineString","coordinates":[[45.25,-20.34],[44.79,-19.75],[45.02,-18.75],[44.75,-19.03],[44.84,-18.25],[44.37,-17.75],[44.75,-16.58],[45.5,-16.08],[45.6,-15.75],[46.08,-15.75],[46.5,-15.02],[47.0,-15.27],[47.75,-14.86],[48.0,-14.44],[48.25,-14.56],[48.33,-15.0],[47.61,-15.5],[47.75,-16.06],[47.0,-17.38],[46.18,-17.75],[46.0,-18.2],[45.76,-17.5],[46.25,-16.97],[45.5,-16.64],[45.0,-17.26],[45.0,-17.59],[45.5,-17.52],[45.72,-17.75],[45.29,-18.25],[45.59,-20.0],[45.58,-20.25],[45.25,-20.34]]}},{"type":"Feature","properties":{"level":1012},"geometry":{"type":"LineString","coordinates":[[129.66,-18.75],[129.85,-18.75],[129.66,-18.75]]}},{"type":"Feature","properties":{"level":1012},"geometry":{"type":"LineString","coordinates":[[-64.0,-17.52],[-64.86,-16.75],[-64.75,-16.53],[-63.44,-17.25],[-63.5,-17.5],[-64.0,-17.52]]}},{"type":"Feature","properties":{"level":1012},"geometry":{"type":"LineString","coordinates":[[128.43,-17.5],[128.5,-17.15],[127.56,-17.25],[128.43,-17.5]]}},{"type":"Feature","properties":{"level":1012},"geometry":{"type":"LineString","coordinates":[[-59.3,-16.0],[-59.15,-16.0],[-59.3,-16.0]]}},{"type":"Feature","properties":{"level":1012},"geometry":{"type":"LineString","coordinates":[[132.25,-16.02],[132.03,-15.0],[131.21,-14.25],[131.25,-13.98],[132.61,-14.75],[132.83,-15.75],[132.25,-16.02]]}},{"type":"Feature","properties":{"level":1012},"geometry":{"type":"LineString","coordinates":[[133.25,-15.23],[133.25,-14.98],[133.25,-15.23]]}},{"type":"Feature","properties":{"level":1012},"geometry":{"type":"LineString","coordinates":[[180.0,-13.53],[176.25,-12.37],[171.0,-11.46],[169.5,-10.58],[166.13,-9.25],[165.25,-8.51],[164.75,-8.49],[163.75,-7.94],[162.8,-8.0],[162.49,-7.5],[161.19,-6.75],[160.6,-6.0],[160.5,-5.5],[159.25,-4.81],[158.75,-5.24],[158.21,-5.0],[158.25,-5.53],[157.0,-5.06],[156.5,-4.42],[155.75,-4.16],[155.36,-4.5],[156.04,-5.0],[155.5,-5.19],[155.04,-4.0],[154.0,-3.65],[153.25,-3.98],[152.41,-3.5],[152.5,-2.96],[152.75,-2.85],[154.25,-2.75],[153.62,-2.25],[153.67,-1.75],[153.17,-0.75],[152.42,0.0],[151.67,0.0],[151.75,-0.49],[150.25,0.11],[149.75,-0.31],[148.37,0.5],[148.25,0.9],[148.0,0.49],[147.45,1.0],[147.45,1.5],[147.0,2.09],[146.75,1.62],[146.25,2.01],[146.0,1.94],[145.06,2.75],[145.25,2.9],[145.5,2.73],[145.56,3.0],[145.0,3.3],[144.25,2.94],[143.75,3.17],[143.23,3.0],[142.89,2.25],[143.13,1.0],[143.0,0.49],[141.0,1.04],[140.75,0.22],[140.25,0.41],[139.25,0.0],[139.47,-0.75],[140.25,-1.2],[140.99,-2.25],[139.5,-2.36],[138.5,-1.85],[138.0,-1.89],[136.75,-2.33],[136.29,-3.0],[135.25,-3.44],[134.0,-2.26],[133.51,-2.75],[133.86,-3.0],[133.75,-3.12],[133.43,-3.0],[133.44,-2.75],[133.0,-2.99],[132.25,-2.63],[132.0,-3.11],[131.0,-3.37],[130.5,-3.02],[129.5,-2.82],[128.25,-2.84],[127.25,-3.28],[127.0,-3.07],[126.0,-3.08],[125.8,-3.25],[126.0,-3.77],[125.35,-4.0],[125.15,-5.0],[123.75,-6.0],[123.69,-7.25],[124.5,-8.0],[124.25,-8.04],[124.07,-8.5],[124.58,-8.5],[124.64,-9.0],[123.0,-10.36],[122.53,-10.0],[123.08,-9.0],[123.94,-8.25],[123.75,-8.04],[123.5,-8.27],[123.0,-8.08],[122.25,-8.54],[122.0,-8.31],[121.5,-8.52],[120.25,-8.31],[119.75,-8.87],[119.0,-8.33],[118.0,-8.06],[117.0,-8.35],[116.75,-8.79],[116.5,-8.07],[116.0,-8.48],[115.5,-8.09],[114.5,-8.09],[114.25,-7.8],[113.25,-7.85],[112.5,-7.56],[112.25,-7.82],[111.75,-7.59],[111.5,-7.78],[111.25,-7.4],[111.03,-8.25],[111.44,-9.0],[111.3,-9.5],[110.5,-10.0],[108.25,-9.56],[106.25,-9.91],[103.75,-9.4],[102.91,-9.5],[102.0,-10.08],[100.0,-10.37],[98.0,-10.06],[97.5,-10.52],[94.5,-9.66],[92.5,-9.93],[91.25,-10.55],[91.0,-10.35],[90.73,-10.5],[90.5,-9.97],[90.25,-10.38],[88.9,-10.5],[88.75,-11.29],[87.24,-11.0],[87.0,-12.0],[86.25,-12.21],[83.0,-11.75],[80.75,-11.13],[78.0,-11.3],[74.75,-10.94],[71.0,-10.99],[65.75,-10.21],[64.25,-10.51],[63.75,-10.21],[58.0,-9.88],[57.0,-9.45],[56.5,-9.57],[54.5,-8.97],[54.0,-8.57],[53.5,-8.7],[52.5,-8.24],[49.75,-7.76],[48.5,-7.09],[46.75,-7.03],[45.25,-6.53],[44.0,-6.62],[40.5,-4.64],[40.0,-4.8],[39.75,-5.28],[39.25,-5.1],[39.02,-5.25],[38.68,-6.0],[39.18,-6.75],[38.89,-8.25],[39.21,-9.5],[39.18,-10.75],[39.42,-11.0],[39.14,-11.5],[40.01,-12.0],[39.72,-13.0],[39.78,-14.5],[40.07,-15.0],[39.96,-15.75],[39.25,-16.62],[36.86,-17.75],[33.98,-20.25],[34.0,-21.75],[34.84,-23.25],[34.71,-24.5],[34.5,-24.78],[33.75,-24.85],[33.16,-25.5],[32.96,-26.5],[33.27,-27.5],[33.32,-30.0],[32.86,-31.25],[32.95,-32.0],[32.06,-32.25],[31.97,-33.5],[33.25,-36.93],[33.96,-37.75],[37.12,-39.5],[43.5,-42.43],[47.0,-44.57],[50.0,-46.87],[53.25,-48.81],[56.75,-50.16],[60.0,-51.94],[62.75,-52.52],[65.25,-52.1],[67.5,-51.07],[69.3,-49.75],[69.5,-49.24],[73.5,-46.62],[77.0,-42.88],[79.0,-38.83],[80.03,-37.5],[83.75,-34.25],[87.06,-32.0],[90.0,-31.28],[93.0,-30.92],[96.25,-30.85],[100.0,-31.1],[105.92,-32.25],[115.0,-35.27],[116.5,-35.48],[117.75,-35.2],[119.0,-35.27],[119.75,-35.73],[120.68,-35.0],[120.7,-34.75],[120.4,-34.25],[120.3,-33.25],[119.0,-33.01],[118.88,-32.75],[118.84,-32.5],[119.59,-31.5],[119.36,-31.25],[119.75,-31.02],[120.0,-31.34],[120.35,-31.25],[120.25,-31.55],[121.0,-31.54],[121.11,-30.5],[122.0,-30.34],[121.82,-31.25],[121.94,-32.25],[123.16,-34.25],[123.04,-36.0],[125.5,-38.75],[127.2,-43.0],[129.61,-47.75],[132.3,-51.25],[134.25,-53.06],[139.0,-55.67],[144.25,-57.31],[149.0,-58.18],[157.0,-58.54],[161.75,-58.12],[164.93,-57.25],[167.8,-55.75],[170.26,-53.75],[170.84,-53.0],[171.2,-50.25],[171.05,-46.75],[171.72,-45.5],[172.56,-43.0],[170.75,-43.24],[167.5,-44.7],[167.0,-44.61],[166.3,-44.0],[166.0,-43.25],[165.96,-40.75],[166.16,-40.25],[166.0,-38.75],[167.01,-36.25],[170.0,-34.96],[173.0,-34.47],[176.0,-34.44],[178.25,-33.67],[178.75,-33.73],[180.0,-34.51]]}},{"type":"Feature","properties":{"level":1012},"geometry":{"type":"LineString","coordinates":[[-41.75,-10.81],[-42.25,-10.6],[-42.25,-10.25],[-41.75,-10.27],[-41.75,-10.81]]}},{"type":"Feature","properties":{"level":1012},"geometry":{"type":"LineString","coordinates":[[133.0,-10.32],[132.0,-10.14],[131.51,-9.75],[131.75,-9.6],[133.0,-9.87],[133.59,-10.25],[133.5,-10.46],[133.0,-10.32]]}},{"type":"Feature","properties":{"level":1012},"geometry":{"type":"LineString","coordinates":[[-115.0,-9.91],[-115.14,-9.75],[-114.68,-9.75],[-115.0,-9.91]]}},{"type":"Feature","properties":{"level":1012},"geometry":{"type":"LineString","coordinates":[[-113.75,-9.65],[-113.99,-9.5],[-113.75,-9.38],[-113.75,-9.65]]}},{"type":"Feature","properties":{"level":1012},"geometry":{"type":"LineString","coordinates":[[110.34,-8.5],[110.9,-8.5],[110.5,-7.14],[109.75,-6.93],[108.75,-7.12],[107.75,-6.67],[106.32,-6.75],[106.75,-6.96],[106.75,-7.32],[107.5,-7.49],[108.0,-7.93],[108.75,-8.03],[109.25,-7.73],[110.34,-8.5]]}},{"type":"Feature","properties":{"level":1012},"geometry":{"type":"LineString","coordinates":[[126.0,-8.26],[126.25,-8.02],[126.91,-8.25],[126.0,-8.26]]}},{"type":"Feature","properties":{"level":1012},"geometry":{"type":"LineString","coordinates":[[140.25,-7.82],[140.28,-7.25],[140.87,-7.0],[140.75,-7.68],[140.25,-7.82]]}},{"type":"Feature","properties":{"level":1012},"geometry":{"type":"LineString","coordinates":[[-41.25,-7.12],[-41.25,-6.79],[-41.25,-7.12]]}},{"type":"Feature","properties":{"level":1012},"geometry":{"type":"LineString","coordinates":[[141.0,-6.87],[140.74,-6.25],[140.09,-6.0],[140.25,-5.49],[141.68,-6.0],[141.05,-6.25],[141.31,-6.75],[141.0,-6.87]]}},{"type":"Feature","properties":{"level":1012},"geometry":{"type":"LineString","coordinates":[[38.05,-6.5],[38.34,-6.5],[38.05,-6.5]]}},{"type":"Feature","properties":{"level":1012},"geometry":{"type":"LineString","coordinates":[[39.0,-6.07],[39.0,-5.91],[39.0,-6.07]]}},{"type":"Feature","properties":{"level":1012},"geometry":{"type":"LineString","coordinates":[[139.5,-5.88],[139.33,-5.5],[139.5,-5.44],[139.96,-5.75],[139.5,-5.88]]}},{"type":"Feature","properties":{"level":1012},"geometry":{"type":"LineString","coordinates":[[147.25,-5.76],[147.51,-5.75],[147.25,-5.76]]}},{"type":"Feature","properties":{"level":1012},"geometry":{"type":"LineString","coordinates":[[155.5,-5.89],[155.5,-5.29],[155.78,-5.75],[155.5,-5.89]]}},{"type":"Feature","properties":{"level":1012},"geometry":{"type":"LineString","coordinates":[[122.65,-5.5],[122.75,-5.66],[123.2,-5.25],[123.0,-5.01],[122.65,-5.5]]}},{"type":"Feature","properties":{"level":1012},"geometry":{"type":"LineString","coordinates":[[137.75,-5.33],[137.95,-5.25],[137.75,-5.33]]}},{"type":"Feature","properties":{"level":1012},"geometry":{"type":"LineString","coordinates":[[139.0,-5.33],[138.0,-5.19],[137.99,-4.75],[139.5,-4.75],[139.5,-5.09],[139.0,-5.33]]}},{"type":"Feature","properties":{"level":1012},"geometry":{"type":"LineString","coordinates":[[147.5,-5.33],[147.5,-5.11],[147.73,-5.25],[147.5,-5.33]]}},{"type":"Feature","properties":{"level":1012},"geometry":{"type":"LineString","coordinates":[[149.0,-5.27],[148.25,-5.11],[147.75,-4.6],[147.5,-4.94],[146.83,-4.75],[146.95,-4.25],[147.85,-3.5],[146.5,-2.25],[146.0,-3.14],[145.5,-3.38],[145.03,-3.25],[145.16,-4.25],[144.75,-4.5],[144.75,-4.89],[144.25,-4.35],[142.0,-4.59],[141.25,-4.16],[141.0,-4.47],[140.78,-4.0],[141.5,-3.46],[143.75,-3.95],[144.12,-3.75],[143.81,-3.5],[144.01,-3.0],[143.56,-2.75],[143.13,-2.75],[143.0,-3.04],[142.25,-3.01],[141.5,-2.53],[141.0,-2.5],[141.26,-1.5],[141.0,-0.68],[141.5,-0.45],[142.75,-0.6],[143.25,-0.89],[144.0,-0.6],[144.0,-0.23],[144.25,-0.18],[145.0,-0.43],[146.0,-1.29],[147.17,-1.75],[146.75,-1.85],[146.75,-2.18],[148.5,-1.76],[149.0,-2.05],[149.5,-1.87],[150.0,-2.07],[150.13,-2.25],[149.85,-3.0],[150.25,-3.45],[150.68,-3.5],[150.5,-3.81],[150.25,-3.54],[149.75,-3.54],[148.84,-4.0],[149.8,-5.25],[149.5,-5.46],[149.0,-5.27]]}},{"type":"Feature","properties":{"level":1012},"geometry":{"type":"LineString","coordinates":[[-47.27,-5.0],[-47.0,-4.68],[-46.5,-4.61],[-46.25,-4.88],[-45.33,-4.5],[-46.02,-3.5],[-46.05,-2.5],[-46.5,-2.26],[-47.0,-2.34],[-47.99,-3.5],[-47.75,-4.45],[-47.39,-4.5],[-47.27,-5.0]]}},{"type":"Feature","properties":{"level":1012},"geometry":{"type":"LineString","coordinates":[[122.98,-4.75],[123.0,-4.91],[123.19,-4.5],[123.02,-4.25],[122.6,-4.25],[122.98,-4.75]]}},{"type":"Feature","properties":{"level":1012},"geometry":{"type":"LineString","coordinates":[[154.5,-4.88],[154.5,-4.36],[154.86,-4.5],[154.87,-4.75],[154.5,-4.88]]}},{"type":"Feature","properties":{"level":1012},"geometry":{"type":"LineString","coordinates":[[-44.0,-4.57],[-44.0,-4.33],[-43.76,-4.5],[-44.0,-4.57]]}},{"type":"Feature","properties":{"level":1012},"geometry":{"type":"LineString","coordinates":[[150.75,-4.54],[150.75,-4.2],[150.75,-4.54]]}},{"type":"Feature","properties":{"level":1012},"geometry":{"type":"LineString","coordinates":[[8.19,-4.25],[8.5,-4.33],[8.91,-3.75],[8.5,-3.59],[8.19,-4.25]]}},{"type":"Feature","properties":{"level":1012},"geometry":{"type":"LineString","coordinates":[[121.69,-4.25],[121.75,-4.43],[122.25,-3.96],[122.42,-3.0],[121.53,-2.0],[122.57,-1.25],[123.0,-1.43],[122.9,-1.0],[123.32,-0.75],[121.5,-0.91],[120.75,-1.38],[120.0,-0.32],[119.6,-1.0],[119.41,-2.25],[118.95,-2.75],[118.93,-3.25],[120.0,-3.84],[120.25,-3.75],[120.25,-2.68],[121.0,-2.54],[121.13,-3.0],[120.87,-3.5],[121.69,-4.25]]}},{"type":"Feature","properties":{"level":1012},"geometry":{"type":"LineString","coordinates":[[151.25,-4.12],[150.77,-3.5],[151.0,-3.05],[152.31,-3.75],[152.25,-4.14],[151.25,-4.12]]}},{"type":"Feature","properties":{"level":1012},"geometry":{"type":"LineString","coordinates":[[7.97,-3.5],[8.0,-3.69],[7.97,-3.5]]}},{"type":"Feature","properties":{"level":1012},"geometry":{"type":"LineString","coordinates":[[139.5,-3.52],[138.5,-3.1],[137.2,-3.25],[137.11,-3.0],[138.25,-2.73],[139.25,-2.86],[139.5,-2.92],[139.76,-3.5],[139.5,-3.52]]}},{"type":"Feature","properties":{"level":1012},"geometry":{"type":"LineString","coordinates":[[102.23,-3.25],[102.5,-3.46],[101.67,-1.75],[100.75,-0.85],[100.64,-1.25],[102.23,-3.25]]}},{"type":"Feature","properties":{"level":1012},"geometry":{"type":"LineString","coordinates":[[133.88,-2.0],[134.0,-2.23],[134.21,-1.5],[134.0,-0.81],[132.5,-0.28],[131.48,-0.75],[131.5,-1.08],[132.25,-1.72],[132.75,-1.64],[133.88,-2.0]]}},{"type":"Feature","properties":{"level":1012},"geometry":{"type":"LineString","coordinates":[[29.97,-1.75],[29.75,-0.96],[29.5,-1.28],[29.0,-1.14],[28.76,-1.5],[29.5,-1.71],[29.75,-1.52],[29.97,-1.75]]}},{"type":"Feature","properties":{"level":1012},"geometry":{"type":"LineString","coordinates":[[124.44,-1.75],[124.75,-1.94],[124.92,-1.75],[124.44,-1.75]]}},{"type":"Feature","properties":{"level":1012},"geometry":{"type":"LineString","coordinates":[[135.88,-1.75],[136.7,-1.75],[136.25,-1.59],[135.88,-1.75]]}},{"type":"Feature","properties":{"level":1012},"geometry":{"type":"LineString","coordinates":[[127.45,-1.5],[127.75,-1.71],[127.96,-1.5],[127.75,-1.33],[127.45,-1.5]]}},{"type":"Feature","properties":{"level":1012},"geometry":{"type":"LineString","coordinates":[[130.7,-1.0],[130.86,-1.0],[130.7,-1.0]]}},{"type":"Feature","properties":{"level":1012},"geometry":{"type":"LineString","coordinates":[[-69.36,-0.75],[-69.25,-0.91],[-69.16,-0.75],[-69.25,-0.6],[-69.36,-0.75]]}},{"type":"Feature","properties":{"level":1012},"geometry":{"type":"LineString","coordinates":[[127.37,-0.75],[127.75,-0.75],[127.5,-0.44],[127.37,-0.75]]}},{"type":"Feature","properties":{"level":1012},"geometry":{"type":"LineString","coordinates":[[150.75,-0.77],[151.02,-0.75],[150.75,-0.77]]}},{"type":"Feature","properties":{"level":1012},"geometry":{"type":"LineString","coordinates":[[-69.66,-0.25],[-69.5,-0.45],[-69.5,-0.01],[-69.66,-0.25]]}},{"type":"Feature","properties":{"level":1012},"geometry":{"type":"LineString","coordinates":[[113.23,-0.25],[113.5,0.14],[114.62,0.5],[114.13,0.75],[114.75,1.09],[115.0,1.19],[115.5,0.68],[116.25,1.01],[116.53,1.5],[116.5,2.63],[116.12,3.0],[116.41,4.0],[116.24,4.5],[117.0,4.38],[117.24,5.0],[116.5,5.22],[116.25,5.04],[116.05,5.25],[116.92,5.5],[117.0,6.47],[116.5,6.34],[115.97,5.25],[115.38,4.75],[114.92,4.0],[114.89,3.25],[114.06,3.25],[114.14,2.0],[113.83,1.5],[113.16,1.25],[113.64,0.75],[112.73,0.25],[113.19,0.0],[113.23,-0.25]]}},{"type":"Feature","properties":{"level":1012},"geometry":{"type":"LineString","coordinates":[[130.85,-0.25],[131.21,-0.25],[130.85,-0.25]]}},{"type":"Feature","properties":{"level":1012},"geometry":{"type":"LineString","coordinates":[[-69.57,0.25],[-69.5,0.02],[-69.25,0.1],[-69.25,0.62],[-69.57,0.25]]}},{"type":"Feature","properties":{"level":1012},"geometry":{"type":"LineString","coordinates":[[6.36,0.25],[6.75,0.25],[6.36,0.25]]}},{"type":"Feature","properties":{"level":1012},"geometry":{"type":"LineString","coordinates":[[119.98,0.25],[120.75,0.6],[122.25,0.54],[122.71,0.75],[122.0,1.12],[121.5,0.93],[121.0,1.35],[119.98,0.25]]}},{"type":"Feature","properties":{"level":1012},"geometry":{"type":"LineString","coordinates":[[123.7,0.25],[124.5,0.45],[125.13,1.25],[125.04,1.5],[124.25,0.96],[122.79,0.75],[123.7,0.25]]}},{"type":"Feature","properties":{"level":1012},"geometry":{"type":"LineString","coordinates":[[127.67,0.25],[127.75,0.06],[128.0,0.41],[128.52,0.5],[128.32,0.75],[128.71,1.25],[128.5,1.58],[127.75,0.88],[127.58,1.0],[127.97,1.75],[127.75,1.91],[127.37,1.25],[127.67,0.25]]}},{"type":"Feature","properties":{"level":1012},"geometry":{"type":"LineString","coordinates":[[-66.17,0.75],[-66.0,0.64],[-65.18,1.5],[-65.5,1.89],[-66.17,0.75]]}},{"type":"Feature","properties":{"level":1012},"geometry":{"type":"LineString","coordinates":[[-44.5,0.72],[-44.97,1.5],[-44.75,1.69],[-43.84,1.5],[-44.5,0.72]]}},{"type":"Feature","properties":{"level":1012},"geometry":{"type":"LineString","coordinates":[[34.33,1.0],[35.0,0.9],[35.52,1.25],[34.5,1.33],[34.33,1.0]]}},{"type":"Feature","properties":{"level":1012},"geometry":{"type":"LineString","coordinates":[[147.69,1.25],[148.5,1.16],[148.5,1.71],[148.25,1.37],[148.23,2.0],[148.0,2.12],[147.58,1.5],[147.69,1.25]]}},{"type":"Feature","properties":{"level":1012},"geometry":{"type":"LineString","coordinates":[[112.07,1.5],[112.36,1.5],[112.07,1.5]]}},{"type":"Feature","properties":{"level":1012},"geometry":{"type":"LineString","coordinates":[[112.88,1.5],[113.05,1.5],[112.88,1.5]]}},{"type":"Feature","properties":{"level":1012},"geometry":{"type":"LineString","coordinates":[[142.15,1.5],[142.25,1.34],[142.39,1.5],[142.25,1.82],[142.05,1.75],[142.15,1.5]]}},{"type":"Feature","properties":{"level":1012},"geometry":{"type":"LineString","coordinates":[[-52.5,1.64],[-52.25,2.4],[-51.98,2.0],[-52.5,1.64]]}},{"type":"Feature","properties":{"level":1012},"geometry":{"type":"LineString","coordinates":[[-46.25,1.75],[-45.82,1.75],[-46.25,1.75]]}},{"type":"Feature","properties":{"level":1012},"geometry":{"type":"LineString","coordinates":[[99.22,1.75],[99.54,1.75],[99.4,2.25],[99.0,2.75],[98.53,2.75],[98.75,3.0],[98.5,3.22],[98.38,2.5],[99.22,1.75]]}},{"type":"Feature","properties":{"level":1012},"geometry":{"type":"LineString","coordinates":[[-47.5,2.25],[-47.5,2.52],[-47.25,2.59],[-46.84,2.25],[-47.5,2.25]]}},{"type":"Feature","properties":{"level":1012},"geometry":{"type":"LineString","coordinates":[[128.29,2.25],[128.5,2.07],[128.67,2.5],[128.5,2.64],[128.29,2.25]]}},{"type":"Feature","properties":{"level":1012},"geometry":{"type":"LineString","coordinates":[[146.09,2.5],[146.25,2.32],[146.38,2.5],[146.09,2.5]]}},{"type":"Feature","properties":{"level":1012},"geometry":{"type":"LineString","coordinates":[[-52.25,2.66],[-52.54,3.5],[-53.0,3.75],[-53.25,4.83],[-53.73,4.75],[-53.39,4.25],[-53.5,3.92],[-54.09,4.25],[-53.76,4.75],[-54.0,5.08],[-55.19,5.75],[-55.25,6.49],[-55.0,6.72],[-54.25,6.46],[-54.0,6.58],[-53.65,7.5],[-53.75,7.77],[-54.25,7.95],[-54.75,7.81],[-55.25,6.88],[-55.75,7.33],[-56.25,7.03],[-56.54,7.25],[-56.31,7.5],[-56.83,7.75],[-55.68,8.75],[-56.0,9.31],[-55.5,9.52],[-55.0,9.11],[-54.25,9.18],[-54.0,8.78],[-53.0,8.6],[-51.75,6.65],[-51.25,6.62],[-50.5,6.12],[-50.0,6.22],[-49.32,5.75],[-49.78,5.25],[-50.25,4.05],[-51.0,3.82],[-51.75,2.61],[-52.0,2.85],[-52.25,2.66]]}},{"type":"Feature","properties":{"level":1012},"geometry":{"type":"LineString","coordinates":[[-48.0,2.68],[-48.75,4.0],[-48.0,4.61],[-47.5,4.42],[-47.26,3.5],[-47.5,2.86],[-48.0,2.68]]}},{"type":"Feature","properties":{"level":1012},"geometry":{"type":"LineString","coordinates":[[142.48,2.75],[142.5,3.04],[142.48,2.75]]}},{"type":"Feature","properties":{"level":1012},"geometry":{"type":"LineString","coordinates":[[-59.24,3.25],[-58.76,3.25],[-59.0,3.42],[-59.24,3.25]]}},{"type":"Feature","properties":{"level":1012},"geometry":{"type":"LineString","coordinates":[[-58.35,3.25],[-57.99,3.25],[-58.35,3.25]]}},{"type":"Feature","properties":{"level":1012},"geometry":{"type":"LineString","coordinates":[[97.18,3.5],[97.5,3.25],[97.89,3.75],[97.0,4.81],[96.5,4.8],[97.18,3.5]]}},{"type":"Feature","properties":{"level":1012},"geometry":{"type":"LineString","coordinates":[[142.19,4.0],[142.5,3.81],[142.57,4.0],[142.25,4.76],[142.03,4.5],[142.19,4.0]]}},{"type":"Feature","properties":{"level":1012},"geometry":{"type":"LineString","coordinates":[[-56.89,4.25],[-56.52,4.5],[-56.75,4.89],[-56.89,4.25]]}},{"type":"Feature","properties":{"level":1012},"geometry":{"type":"LineString","coordinates":[[8.9,4.25],[9.25,4.01],[9.4,4.25],[9.25,4.4],[8.9,4.25]]}},{"type":"Feature","properties":{"level":1012},"geometry":{"type":"LineString","coordinates":[[101.49,4.25],[101.5,5.33],[101.49,4.25]]}},{"type":"Feature","properties":{"level":1012},"geometry":{"type":"LineString","coordinates":[[-46.25,4.4],[-46.31,5.0],[-46.75,5.4],[-47.25,5.64],[-47.78,5.5],[-47.8,6.0],[-48.0,6.08],[-48.25,5.74],[-48.75,6.34],[-48.75,6.78],[-48.19,6.75],[-48.17,7.25],[-48.48,7.5],[-47.89,7.5],[-47.0,6.96],[-46.43,7.0],[-45.3,5.75],[-45.77,4.5],[-46.0,4.28],[-46.25,4.4]]}},{"type":"Feature","properties":{"level":1012},"geometry":{"type":"LineString","coordinates":[[117.32,4.75],[117.83,4.75],[117.94,5.0],[117.25,5.0],[117.32,4.75]]}},{"type":"Feature","properties":{"level":1012},"geometry":{"type":"LineString","coordinates":[[9.62,5.0],[10.69,5.0],[11.19,6.5],[9.92,6.5],[10.07,6.25],[9.66,6.0],[9.91,5.5],[9.62,5.0]]}},{"type":"Feature","properties":{"level":1012},"geometry":{"type":"LineString","coordinates":[[37.87,5.5],[38.0,5.29],[38.5,5.59],[39.14,5.5],[39.33,5.75],[39.0,6.03],[40.67,7.0],[40.5,7.33],[39.75,7.33],[39.25,6.91],[38.98,7.0],[40.0,8.12],[40.0,8.42],[39.13,8.0],[37.87,5.5]]}},{"type":"Feature","properties":{"level":1012},"geometry":{"type":"LineString","coordinates":[[125.11,5.75],[125.5,5.57],[125.66,5.75],[125.45,6.75],[125.69,7.0],[125.75,7.84],[126.0,6.87],[126.25,6.82],[126.6,7.25],[126.25,8.17],[126.0,7.93],[125.75,8.13],[125.75,8.67],[126.0,8.56],[126.14,8.75],[125.75,9.62],[125.56,8.75],[125.0,8.96],[124.0,8.18],[123.5,8.6],[122.64,8.0],[123.25,7.6],[123.47,8.0],[123.75,8.03],[124.25,7.28],[124.6,7.25],[123.92,7.0],[124.06,6.25],[125.11,5.75]]}},{"type":"Feature","properties":{"level":1012},"geometry":{"type":"LineString","coordinates":[[-54.09,6.0],[-54.0,6.13],[-54.09,6.0]]}},{"type":"Feature","properties":{"level":1012},"geometry":{"type":"LineString","coordinates":[[-8.0,6.18],[-8.21,6.25],[-8.0,6.35],[-8.0,6.18]]}},{"type":"Feature","properties":{"level":1012},"geometry":{"type":"LineString","coordinates":[[125.25,6.08],[125.25,6.38],[125.25,6.08]]}},{"type":"Feature","properties":{"level":1012},"geometry":{"type":"LineString","coordinates":[[-3.12,6.5],[-2.79,6.75],[-3.0,6.85],[-3.12,6.5]]}},{"type":"Feature","properties":{"level":1012},"geometry":{"type":"LineString","coordinates":[[-45.5,6.58],[-45.5,6.81],[-45.5,6.58]]}},{"type":"Feature","properties":{"level":1012},"geometry":{"type":"LineString","coordinates":[[-10.25,6.74],[-10.43,7.0],[-10.13,7.0],[-10.25,6.74]]}},{"type":"Feature","properties":{"level":1012},"geometry":{"type":"LineString","coordinates":[[-9.25,6.72],[-10.01,7.25],[-9.5,7.26],[-9.09,6.75],[-9.25,6.72]]}},{"type":"Feature","properties":{"level":1012},"geometry":{"type":"LineString","coordinates":[[12.92,6.75],[13.25,6.67],[13.95,7.25],[13.0,7.06],[12.92,6.75]]}},{"type":"Feature","properties":{"level":1012},"geometry":{"type":"LineString","coordinates":[[124.75,6.69],[124.75,6.84],[124.75,6.69]]}},{"type":"Feature","properties":{"level":1012},"geometry":{"type":"LineString","coordinates":[[121.97,7.0],[122.0,7.3],[121.97,7.0]]}},{"type":"Feature","properties":{"level":1012},"geometry":{"type":"LineString","coordinates":[[-80.77,7.25],[-80.48,7.5],[-80.75,7.84],[-80.77,7.25]]}},{"type":"Feature","properties":{"level":1012},"geometry":{"type":"LineString","coordinates":[[-77.0,7.16],[-77.0,7.52],[-76.75,7.57],[-76.75,7.2],[-77.0,7.16]]}},{"type":"Feature","properties":{"level":1012},"geometry":{"type":"LineString","coordinates":[[-7.25,7.42],[-7.0,7.63],[-6.65,7.5],[-7.25,7.42]]}},{"type":"Feature","properties":{"level":1012},"geometry":{"type":"LineString","coordinates":[[35.37,7.5],[35.75,7.42],[36.38,7.75],[35.75,8.12],[35.0,8.04],[35.37,7.5]]}},{"type":"Feature","properties":{"level":1012},"geometry":{"type":"LineString","coordinates":[[122.25,7.5],[122.43,7.75],[122.25,7.86],[122.25,7.5]]}},{"type":"Feature","properties":{"level":1012},"geometry":{"type":"LineString","coordinates":[[3.85,7.75],[4.06,7.75],[4.0,8.12],[2.69,8.75],[2.96,9.0],[1.97,8.75],[1.88,8.5],[3.25,8.14],[3.85,7.75]]}},{"type":"Feature","properties":{"level":1012},"geometry":{"type":"LineString","coordinates":[[-81.53,8.25],[-80.58,8.5],[-82.0,8.85],[-83.25,9.87],[-84.78,10.5],[-84.85,10.25],[-84.0,9.44],[-82.75,8.6],[-81.53,8.25]]}},{"type":"Feature","properties":{"level":1012},"geometry":{"type":"LineString","coordinates":[[-7.5,8.43],[-7.75,9.06],[-7.25,9.56],[-6.91,9.25],[-6.95,8.75],[-7.25,8.3],[-7.5,8.43]]}},{"type":"Feature","properties":{"level":1012},"geometry":{"type":"LineString","coordinates":[[-6.75,8.4],[-6.89,8.5],[-6.5,8.65],[-6.36,8.5],[-6.5,8.3],[-6.75,8.4]]}},{"type":"Feature","properties":{"level":1012},"geometry":{"type":"LineString","coordinates":[[-4.79,8.5],[-4.5,8.29],[-3.92,8.75],[-4.75,8.84],[-4.79,8.5]]}},{"type":"Feature","properties":{"level":1012},"geometry":{"type":"LineString","coordinates":[[-57.25,8.63],[-57.33,9.0],[-56.9,9.25],[-56.7,9.0],[-57.25,8.63]]}},{"type":"Feature","properties":{"level":1012},"geometry":{"type":"LineString","coordinates":[[37.99,8.75],[38.25,9.08],[39.5,9.2],[39.84,9.75],[39.88,11.25],[39.65,11.5],[39.59,12.25],[39.85,14.0],[39.5,14.97],[39.56,13.75],[39.36,12.5],[38.98,11.75],[39.39,11.5],[38.78,11.0],[39.31,10.5],[39.43,10.0],[38.0,9.31],[37.99,8.75]]}},{"type":"Feature","properties":{"level":1012},"geometry":{"type":"LineString","coordinates":[[-8.0,9.21],[-8.75,10.01],[-8.0,9.88],[-7.75,9.6],[-7.5,9.91],[-7.4,9.75],[-8.0,9.21]]}},{"type":"Feature","properties":{"level":1012},"geometry":{"type":"LineString","coordinates":[[2.97,9.25],[3.25,9.04],[3.52,9.25],[2.97,9.25]]}},{"type":"Feature","properties":{"level":1012},"geometry":{"type":"LineString","coordinates":[[118.24,9.25],[118.39,9.5],[118.24,9.25]]}},{"type":"Feature","properties":{"level":1012},"geometry":{"type":"LineString","coordinates":[[122.92,9.25],[123.31,9.25],[123.05,9.5],[123.0,10.14],[122.92,9.25]]}},{"type":"Feature","properties":{"level":1012},"geometry":{"type":"LineString","coordinates":[[-61.5,9.42],[-61.8,9.75],[-61.5,10.0],[-61.21,9.5],[-61.5,9.42]]}},{"type":"Feature","properties":{"level":1012},"geometry":{"type":"LineString","coordinates":[[-71.5,9.59],[-71.92,10.0],[-71.5,10.42],[-71.22,9.75],[-71.5,9.59]]}},{"type":"Feature","properties":{"level":1012},"geometry":{"type":"LineString","coordinates":[[124.1,9.75],[124.36,9.75],[124.1,9.75]]}},{"type":"Feature","properties":{"level":1012},"geometry":{"type":"LineString","coordinates":[[37.65,10.25],[38.15,10.75],[37.5,11.2],[36.75,11.23],[36.54,10.75],[37.25,10.72],[37.65,10.25]]}},{"type":"Feature","properties":{"level":1012},"geometry":{"type":"LineString","coordinates":[[124.84,10.5],[125.0,10.29],[125.17,10.5],[124.75,11.33],[124.62,11.0],[124.99,10.75],[124.84,10.5]]}},{"type":"Feature","properties":{"level":1012},"geometry":{"type":"LineString","coordinates":[[-71.5,10.9],[-71.5,11.14],[-71.0,11.46],[-70.75,11.53],[-70.5,11.25],[-71.5,10.9]]}},{"type":"Feature","properties":{"level":1012},"geometry":{"type":"LineString","coordinates":[[125.1,11.25],[125.5,11.25],[125.43,12.25],[125.25,12.56],[124.5,12.68],[124.37,12.25],[124.75,12.06],[125.1,11.25]]}},{"type":"Feature","properties":{"level":1012},"geometry":{"type":"LineString","coordinates":[[-7.96,11.75],[-7.42,11.75],[-7.37,12.25],[-7.75,12.18],[-7.96,11.75]]}},{"type":"Feature","properties":{"level":1012},"geometry":{"type":"LineString","coordinates":[[-2.5,11.75],[-1.98,11.75],[-2.25,12.41],[-2.5,11.75]]}},{"type":"Feature","properties":{"level":1012},"geometry":{"type":"LineString","coordinates":[[-2.5,12.5],[-2.5,12.69],[-2.5,12.5]]}},{"type":"Feature","properties":{"level":1012},"geometry":{"type":"LineString","coordinates":[[-9.35,13.25],[-9.19,13.25],[-9.25,13.63],[-9.59,13.5],[-9.35,13.25]]}},{"type":"Feature","properties":{"level":1012},"geometry":{"type":"LineString","coordinates":[[-31.75,14.47],[-32.5,14.69],[-33.01,15.25],[-33.28,16.0],[-33.03,17.0],[-32.5,17.68],[-31.75,18.05],[-30.5,17.93],[-29.76,17.25],[-29.66,16.25],[-30.34,15.0],[-31.75,14.47]]}},{"type":"Feature","properties":{"level":1012},"geometry":{"type":"LineString","coordinates":[[120.75,14.36],[120.75,14.93],[121.06,14.5],[120.75,14.36]]}},{"type":"Feature","properties":{"level":1012},"geometry":{"type":"LineString","coordinates":[[43.87,15.25],[44.17,15.25],[44.25,15.56],[44.5,15.1],[44.73,15.5],[44.0,16.13],[43.61,15.5],[43.87,15.25]]}},{"type":"Feature","properties":{"level":1012},"geometry":{"type":"LineString","coordinates":[[-15.86,15.75],[-15.44,15.75],[-15.75,15.92],[-15.86,15.75]]}},{"type":"Feature","properties":{"level":1012},"geometry":{"type":"LineString","coordinates":[[-90.5,15.99],[-90.91,16.25],[-91.06,17.0],[-91.75,17.33],[-93.0,17.5],[-93.5,17.21],[-95.0,17.16],[-95.75,17.72],[-96.27,18.25],[-96.32,19.75],[-97.37,21.0],[-97.64,21.75],[-97.5,22.08],[-95.75,21.31],[-95.25,21.55],[-94.5,21.31],[-93.0,21.36],[-91.0,20.34],[-89.98,18.75],[-90.02,17.5],[-89.53,16.0],[-90.5,15.99]]}},{"type":"Feature","properties":{"level":1012},"geometry":{"type":"LineString","coordinates":[[-180.0,16.24],[-179.0,15.99],[-177.0,16.15],[-174.75,15.91],[-171.5,16.4],[-170.09,15.25],[-169.58,15.25],[-169.58,15.5],[-170.18,15.75],[-169.5,16.03],[-168.45,15.25],[-167.5,14.92],[-167.45,15.25],[-167.95,15.75],[-167.5,16.05],[-166.5,16.07],[-165.0,15.51],[-162.5,15.74],[-161.0,15.55],[-160.0,15.77],[-157.0,15.55],[-156.75,15.78],[-155.75,15.58],[-155.0,15.88],[-151.25,14.92],[-150.0,15.09],[-148.0,14.38],[-146.5,14.79],[-145.75,14.64],[-141.75,15.4],[-140.0,14.77],[-135.25,14.09],[-132.25,14.76],[-128.5,14.68],[-127.0,15.61],[-125.5,15.43],[-123.5,15.8],[-122.25,15.71],[-114.5,17.79],[-113.75,18.21],[-113.02,19.0],[-112.31,21.5],[-112.16,23.0],[-113.0,24.75],[-113.83,25.5],[-113.82,26.75],[-113.0,26.96],[-111.5,25.59],[-111.42,25.75],[-113.31,29.0],[-113.13,29.25],[-113.38,30.25],[-112.75,30.94],[-112.12,30.75],[-112.09,30.5],[-112.71,30.25],[-112.48,30.0],[-111.75,29.72],[-111.0,29.86],[-110.28,29.5],[-108.75,27.22],[-108.25,26.88],[-108.05,26.25],[-106.53,24.75],[-105.88,23.5],[-105.25,22.99],[-104.75,22.1],[-104.5,22.34],[-104.41,21.5],[-104.75,21.3],[-104.61,21.0],[-105.13,20.5],[-104.25,19.38],[-103.41,19.25],[-103.25,18.46],[-102.24,18.5],[-102.9,19.0],[-102.75,19.48],[-101.5,18.82],[-100.75,19.13],[-100.25,18.18],[-100.75,18.13],[-101.25,18.4],[-101.49,18.25],[-100.75,17.45],[-98.25,16.93],[-97.46,16.25],[-96.5,15.87],[-95.58,16.25],[-95.0,16.93],[-94.0,16.41],[-91.75,14.59],[-89.5,13.71],[-88.5,13.92],[-87.48,13.75],[-86.0,12.73],[-85.53,13.25],[-85.59,14.5],[-85.24,15.5],[-86.75,15.76],[-87.75,15.5],[-89.24,15.5],[-89.12,15.75],[-89.44,16.0],[-88.73,16.5],[-88.47,17.0],[-89.23,17.25],[-89.36,17.75],[-88.5,19.05],[-86.75,20.27],[-83.25,19.75],[-81.0,18.5],[-80.75,17.91],[-80.25,17.8],[-79.0,16.77],[-78.92,16.0],[-78.0,14.83],[-77.5,14.76],[-77.25,14.18],[-76.6,13.75],[-75.25,11.84],[-75.0,11.78],[-74.25,12.35],[-73.9,12.25],[-73.76,11.75],[-75.13,10.75],[-75.5,9.74],[-77.0,8.31],[-78.0,9.14],[-78.71,9.25],[-78.5,8.73],[-77.75,8.28],[-78.34,7.75],[-77.36,6.5],[-77.35,6.0],[-77.08,5.75],[-77.36,5.5],[-77.25,5.26],[-76.87,5.5],[-76.75,6.32],[-76.58,5.5],[-76.74,4.5],[-77.25,2.87],[-77.68,2.5],[-78.0,1.64],[-79.15,0.5],[-79.38,-0.5],[-79.28,-2.25],[-79.71,-2.75],[-80.0,-3.69],[-81.25,-4.56],[-83.5,-5.03],[-84.5,-4.85],[-85.5,-4.22],[-87.75,-3.75],[-88.25,-3.36],[-90.0,-3.47],[-90.5,-3.18],[-91.5,-3.46],[-92.25,-4.37],[-93.25,-4.53],[-94.75,-4.1],[-95.5,-4.24],[-98.75,-3.53],[-99.75,-4.02],[-101.75,-4.17],[-104.25,-4.95],[-107.0,-4.32],[-107.38,-4.5],[-107.75,-5.65],[-108.54,-6.0],[-108.54,-6.5],[-109.25,-7.71],[-109.75,-7.49],[-110.25,-7.94],[-111.0,-7.57],[-111.5,-7.81],[-112.25,-7.36],[-112.5,-7.83],[-114.06,-8.25],[-114.29,-8.5],[-114.25,-9.46],[-115.25,-8.73],[-115.5,-9.2],[-116.5,-9.5],[-116.76,-9.75],[-116.51,-10.25],[-116.79,-11.25],[-119.75,-11.19],[-120.11,-11.75],[-120.75,-12.09],[-121.75,-11.65],[-122.16,-11.75],[-122.0,-12.11],[-123.25,-11.95],[-123.27,-12.25],[-123.75,-12.3],[-124.27,-12.75],[-124.92,-13.75],[-125.75,-13.54],[-125.97,-13.75],[-125.75,-14.08],[-126.75,-14.49],[-127.75,-14.67],[-128.5,-14.49],[-128.75,-14.82],[-130.76,-15.0],[-130.75,-15.28],[-131.75,-14.86],[-132.0,-15.24],[-133.0,-14.94],[-135.75,-15.6],[-137.5,-15.47],[-139.5,-15.85],[-144.0,-16.13],[-146.0,-16.97],[-146.87,-17.0],[-148.0,-17.74],[-149.0,-17.93],[-149.5,-17.44],[-149.47,-17.75],[-149.09,-18.0],[-151.0,-18.32],[-154.0,-18.3],[-156.5,-17.83],[-157.0,-18.0],[-158.75,-17.49],[-162.25,-17.73],[-164.5,-17.49],[-167.25,-17.74],[-171.0,-17.22],[-173.0,-16.47],[-175.0,-16.15],[-177.25,-15.45],[-178.52,-14.75],[-179.25,-13.71],[-180.0,-13.53]]}},{"type":"Feature","properties":{"level":1012},"geometry":{"type":"LineString","coordinates":[[43.47,16.75],[43.75,17.34],[44.3,17.0],[43.91,17.75],[44.0,19.21],[43.75,18.65],[43.5,18.77],[42.75,18.47],[42.0,19.87],[42.31,18.25],[43.36,17.75],[43.47,16.75]]}},{"type":"Feature","properties":{"level":1012},"geometry":{"type":"LineString","coordinates":[[52.37,16.75],[53.25,16.65],[53.84,17.0],[52.37,16.75]]}},{"type":"Feature","properties":{"level":1012},"geometry":{"type":"LineString","coordinates":[[-95.16,18.25],[-94.77,18.25],[-95.0,18.59],[-95.32,18.5],[-95.16,18.25]]}},{"type":"Feature","properties":{"level":1012},"geometry":{"type":"LineString","coordinates":[[105.75,18.19],[105.16,19.0],[105.86,19.5],[105.34,20.0],[105.62,20.5],[104.74,21.0],[104.72,21.5],[104.17,22.25],[104.25,22.49],[104.85,22.5],[105.0,22.82],[105.62,22.5],[105.61,22.25],[106.46,21.5],[106.01,19.75],[107.06,19.0],[106.45,18.25],[105.75,18.19]]}},{"type":"Feature","properties":{"level":1012},"geometry":{"type":"LineString","coordinates":[[101.22,18.5],[101.48,19.5],[101.25,19.63],[101.03,19.25],[101.22,18.5]]}},{"type":"Feature","properties":{"level":1012},"geometry":{"type":"LineString","coordinates":[[96.69,19.5],[97.0,19.26],[97.11,19.5],[97.0,20.61],[97.5,20.23],[97.75,20.5],[97.72,21.5],[98.0,21.46],[98.14,21.75],[97.75,22.18],[97.0,21.05],[96.75,21.47],[96.43,21.25],[96.69,19.5]]}},{"type":"Feature","properties":{"level":1012},"geometry":{"type":"LineString","coordinates":[[93.64,21.0],[93.75,20.76],[94.0,20.83],[94.14,21.25],[93.85,22.0],[94.0,24.23],[93.25,23.86],[93.05,23.5],[93.09,22.25],[93.64,21.0]]}},{"type":"Feature","properties":{"level":1012},"geometry":{"type":"LineString","coordinates":[[2.75,21.67],[2.89,21.75],[2.75,21.67]]}},{"type":"Feature","properties":{"level":1012},"geometry":{"type":"LineString","coordinates":[[106.75,22.2],[106.42,22.5],[107.25,22.9],[107.83,22.5],[107.0,22.1],[106.75,22.2]]}},{"type":"Feature","properties":{"level":1012},"geometry":{"type":"LineString","coordinates":[[104.0,22.45],[104.0,22.66],[104.23,22.5],[104.0,22.45]]}},{"type":"Feature","properties":{"level":1012},"geometry":{"type":"LineString","coordinates":[[107.75,22.97],[107.0,23.24],[106.75,23.57],[106.0,23.52],[104.75,24.2],[104.0,24.15],[103.77,24.0],[103.96,23.75],[103.02,23.75],[103.03,24.75],[102.75,24.67],[102.48,25.0],[103.14,25.25],[103.44,26.25],[102.4,26.0],[102.71,25.5],[102.5,25.39],[102.48,25.75],[101.99,25.5],[101.9,25.25],[102.28,25.25],[101.92,24.0],[102.25,23.47],[101.75,23.77],[101.36,24.5],[101.84,24.75],[101.48,25.5],[101.0,25.54],[100.75,25.21],[100.18,25.75],[100.19,26.5],[100.5,26.97],[101.0,26.68],[101.89,27.5],[101.82,28.5],[102.75,28.69],[103.28,28.0],[103.58,29.0],[102.9,30.0],[104.44,31.5],[105.5,32.02],[106.48,31.75],[106.75,31.21],[107.5,31.22],[107.69,31.0],[107.0,30.68],[107.0,30.3],[107.5,30.72],[108.04,30.5],[107.89,30.0],[106.52,28.5],[106.46,28.0],[105.68,27.25],[106.92,26.75],[106.85,26.25],[107.25,25.78],[107.31,25.0],[106.75,24.57],[106.5,24.81],[106.31,24.5],[106.5,24.24],[107.45,24.0],[107.5,23.39],[107.94,23.0],[107.75,22.97]]}},{"type":"Feature","properties":{"level":1012},"geometry":{"type":"LineString","coordinates":[[103.22,24.5],[103.75,24.39],[104.21,24.75],[104.56,25.25],[104.41,25.75],[104.25,25.87],[103.37,25.25],[103.6,25.0],[103.22,24.5]]}},{"type":"Feature","properties":{"level":1012},"geometry":{"type":"LineString","coordinates":[[94.24,24.75],[94.75,25.01],[95.33,25.75],[95.5,26.45],[96.03,26.75],[96.0,27.09],[95.5,27.0],[93.78,25.5],[93.72,25.0],[94.24,24.75]]}},{"type":"Feature","properties":{"level":1012},"geometry":{"type":"LineString","coordinates":[[-99.5,24.95],[-99.9,25.5],[-99.56,26.25],[-100.13,26.5],[-100.25,26.86],[-100.91,26.5],[-100.75,27.05],[-101.5,26.85],[-101.75,27.0],[-101.34,28.0],[-101.0,28.1],[-100.75,27.81],[-100.25,27.8],[-99.5,26.75],[-98.81,26.25],[-98.76,25.0],[-99.25,24.76],[-99.5,24.95]]}},{"type":"Feature","properties":{"level":1012},"geometry":{"type":"LineString","coordinates":[[-103.5,25.21],[-105.0,26.68],[-105.39,26.75],[-105.67,27.5],[-105.57,28.0],[-105.82,28.25],[-105.83,29.25],[-105.19,29.5],[-104.75,30.4],[-104.25,29.9],[-103.5,29.78],[-102.36,30.25],[-102.5,30.65],[-103.75,30.91],[-104.17,31.75],[-103.75,32.2],[-102.5,32.19],[-101.66,31.25],[-100.97,29.25],[-101.25,29.07],[-102.25,29.35],[-102.75,29.06],[-102.75,28.35],[-103.08,28.25],[-103.04,28.0],[-102.5,26.79],[-101.78,27.0],[-102.37,26.25],[-101.8,25.75],[-102.75,25.03],[-103.5,25.21]]}},{"type":"Feature","properties":{"level":1012},"geometry":{"type":"LineString","coordinates":[[91.17,25.5],[92.29,25.5],[91.5,25.7],[91.17,25.5]]}},{"type":"Feature","properties":{"level":1012},"geometry":{"type":"LineString","coordinates":[[62.23,27.5],[62.66,27.5],[61.26,29.0],[61.69,29.25],[60.73,30.25],[60.65,30.75],[60.25,30.96],[59.81,30.25],[60.12,28.5],[59.65,28.0],[60.5,27.84],[60.82,28.0],[60.81,28.25],[61.25,28.31],[62.23,27.5]]}},{"type":"Feature","properties":{"level":1012},"geometry":{"type":"LineString","coordinates":[[65.9,28.0],[66.25,27.99],[66.9,28.75],[67.13,30.0],[68.05,30.5],[67.9,31.0],[68.24,31.25],[67.84,31.75],[68.25,32.19],[68.67,32.25],[68.5,32.41],[67.5,32.4],[66.91,32.0],[65.92,29.0],[65.9,28.0]]}},{"type":"Feature","properties":{"level":1012},"geometry":{"type":"LineString","coordinates":[[87.75,28.47],[87.74,28.75],[87.25,29.02],[85.39,29.25],[86.0,29.34],[86.25,29.74],[86.94,29.75],[86.32,30.0],[86.25,30.34],[86.0,30.11],[84.25,30.66],[83.53,31.25],[83.5,31.8],[83.39,31.25],[82.79,31.25],[82.5,31.8],[81.0,31.72],[80.25,32.26],[80.0,32.09],[79.25,32.78],[78.75,32.83],[78.49,33.25],[78.72,33.75],[80.0,33.95],[80.19,34.25],[79.03,34.75],[79.0,35.18],[78.56,35.5],[79.25,35.72],[81.0,34.98],[84.5,35.43],[84.75,35.0],[84.25,34.97],[84.15,34.75],[85.0,34.57],[85.75,34.05],[86.75,34.5],[85.97,34.75],[86.25,35.06],[88.25,35.72],[88.5,35.57],[89.25,35.85],[89.29,35.5],[89.75,35.26],[90.25,35.44],[91.0,35.32],[91.4,35.75],[92.0,35.76],[92.62,35.5],[92.4,35.0],[92.96,34.5],[93.0,34.11],[93.53,34.5],[92.69,35.0],[92.97,35.25],[94.0,34.99],[94.5,35.3],[94.88,35.25],[94.72,35.0],[95.08,34.75],[95.0,34.57],[94.25,34.52],[94.19,33.75],[93.75,33.47],[92.32,33.25],[92.93,33.75],[92.25,34.09],[92.03,33.75],[92.25,33.66],[92.25,33.36],[92.0,33.37],[91.5,34.01],[91.41,33.75],[90.75,33.75],[90.57,33.5],[90.75,33.11],[91.66,33.0],[91.72,32.5],[92.25,31.85],[92.75,32.12],[93.14,31.75],[93.03,31.25],[93.25,30.96],[92.0,31.25],[91.5,30.91],[91.18,31.0],[91.25,30.66],[92.87,30.75],[92.23,30.25],[92.97,30.0],[92.5,29.68],[92.5,29.18],[90.5,28.74],[90.25,29.09],[89.75,28.74],[88.25,28.84],[88.01,28.75],[88.18,28.5],[87.75,28.47]]}},{"type":"Feature","properties":{"level":1012},"geometry":{"type":"LineString","coordinates":[[62.66,29.0],[64.0,29.21],[64.48,29.5],[63.5,29.97],[62.05,29.25],[62.66,29.0]]}},{"type":"Feature","properties":{"level":1012},"geometry":{"type":"LineString","coordinates":[[90.48,29.5],[90.48,30.0],[90.93,30.5],[89.51,30.25],[89.5,29.95],[90.48,29.5]]}},{"type":"Feature","properties":{"level":1012},"geometry":{"type":"LineString","coordinates":[[97.5,29.64],[97.06,30.0],[96.94,30.25],[97.2,30.5],[97.0,30.68],[96.75,30.73],[96.5,30.38],[94.79,31.25],[94.97,31.5],[96.04,31.75],[95.83,32.0],[96.14,32.5],[95.67,33.0],[96.0,33.22],[96.95,32.5],[97.5,31.66],[98.5,31.31],[98.97,31.5],[98.84,31.25],[99.15,31.0],[99.0,30.66],[98.5,30.94],[98.11,30.25],[98.39,29.75],[98.25,29.63],[97.5,30.27],[97.5,29.64]]}},{"type":"Feature","properties":{"level":1012},"geometry":{"type":"LineString","coordinates":[[101.0,29.87],[99.92,30.75],[100.09,31.0],[100.45,31.0],[100.5,30.56],[100.57,31.0],[101.0,31.04],[101.27,30.75],[101.08,30.5],[101.72,30.5],[101.5,29.81],[101.0,29.87]]}},{"type":"Feature","properties":{"level":1012},"geometry":{"type":"LineString","coordinates":[[35.5,31.2],[35.5,31.79],[35.5,31.2]]}},{"type":"Feature","properties":{"level":1012},"geometry":{"type":"LineString","coordinates":[[79.75,31.24],[79.09,31.75],[79.25,32.04],[79.5,32.14],[80.11,31.5],[80.17,31.25],[79.75,31.24]]}},{"type":"Feature","properties":{"level":1012},"geometry":{"type":"LineString","coordinates":[[-100.25,32.47],[-100.66,32.75],[-100.75,33.46],[-101.36,34.25],[-101.56,35.25],[-101.84,35.5],[-101.34,36.25],[-100.98,37.5],[-101.09,38.0],[-101.55,38.25],[-100.75,41.07],[-100.72,40.5],[-100.25,40.05],[-99.25,40.46],[-98.75,40.37],[-97.8,39.5],[-97.3,38.5],[-97.52,37.0],[-97.1,36.0],[-97.25,35.5],[-97.89,35.25],[-98.31,34.75],[-98.08,34.25],[-98.41,33.75],[-99.86,32.5],[-100.25,32.47]]}},{"type":"Feature","properties":{"level":1012},"geometry":{"type":"LineString","coordinates":[[96.0,33.29],[95.05,34.5],[95.75,34.61],[97.08,34.0],[96.5,33.3],[96.25,33.58],[96.0,33.29]]}},{"type":"Feature","properties":{"level":1012},"geometry":{"type":"LineString","coordinates":[[77.75,33.63],[77.11,34.0],[77.22,34.25],[78.2,34.25],[77.75,33.63]]}},{"type":"Feature","properties":{"level":1012},"geometry":{"type":"LineString","coordinates":[[82.27,33.75],[82.5,33.54],[82.78,34.0],[82.5,34.2],[82.25,34.04],[82.0,34.43],[81.75,34.29],[81.5,34.61],[80.59,34.5],[81.75,34.24],[82.24,34.0],[82.27,33.75]]}},{"type":"Feature","properties":{"level":1012},"geometry":{"type":"LineString","coordinates":[[108.5,34.23],[108.57,34.5],[109.0,34.71],[109.5,34.61],[109.15,34.25],[108.5,34.23]]}},{"type":"Feature","properties":{"level":1012},"geometry":{"type":"LineString","coordinates":[[82.32,34.5],[83.0,34.3],[83.33,34.5],[83.31,34.75],[82.25,34.89],[82.03,34.75],[82.32,34.5]]}},{"type":"Feature","properties":{"level":1012},"geometry":{"type":"LineString","coordinates":[[98.0,34.41],[96.45,34.75],[95.62,35.25],[95.9,35.5],[95.18,35.75],[96.0,35.93],[96.75,35.16],[97.75,35.08],[98.49,34.5],[98.0,34.41]]}},{"type":"Feature","properties":{"level":1012},"geometry":{"type":"LineString","coordinates":[[97.5,35.9],[96.0,36.27],[94.75,36.07],[92.5,37.22],[92.34,37.75],[93.5,37.81],[94.0,38.26],[94.74,38.0],[95.0,37.47],[96.0,37.63],[96.25,37.39],[96.75,37.59],[98.5,37.0],[98.0,35.92],[97.5,35.9]]}},{"type":"Feature","properties":{"level":1012},"geometry":{"type":"LineString","coordinates":[[-148.25,36.14],[-149.25,37.55],[-150.75,37.98],[-151.75,37.86],[-153.0,38.29],[-153.5,38.1],[-154.25,38.33],[-155.52,38.25],[-156.75,38.8],[-157.5,38.85],[-158.25,39.37],[-160.5,39.75],[-164.25,42.14],[-166.45,44.0],[-169.48,48.0],[-170.94,51.5],[-170.97,53.0],[-170.57,54.0],[-169.54,55.5],[-167.22,57.5],[-164.5,58.57],[-161.75,59.0],[-155.5,58.75],[-155.42,58.25],[-155.0,58.01],[-148.97,57.0],[-142.0,54.9],[-140.11,54.0],[-138.6,52.75],[-138.02,52.0],[-137.68,51.0],[-137.84,48.5],[-138.76,45.5],[-140.75,41.82],[-143.42,38.75],[-145.0,37.45],[-147.0,36.19],[-147.5,36.35],[-148.25,36.14]]}},{"type":"Feature","properties":{"level":1012},"geometry":{"type":"LineString","coordinates":[[-96.25,36.24],[-96.23,36.5],[-95.81,36.5],[-95.79,36.25],[-96.25,36.24]]}},{"type":"Feature","properties":{"level":1012},"geometry":{"type":"LineString","coordinates":[[80.75,36.38],[80.25,36.76],[77.0,37.49],[76.42,38.0],[76.61,38.25],[74.95,39.5],[77.5,40.59],[78.73,40.75],[78.35,41.0],[79.5,41.73],[80.25,41.56],[82.75,42.32],[85.75,41.91],[85.95,42.0],[85.66,42.25],[86.25,42.52],[89.25,42.24],[88.0,42.75],[88.14,43.0],[88.75,43.13],[92.5,43.24],[93.44,43.0],[93.83,42.5],[93.25,42.08],[92.5,42.0],[91.5,42.48],[90.63,42.25],[90.25,41.75],[92.44,41.5],[91.75,40.45],[93.0,40.86],[93.75,40.51],[95.63,40.5],[95.0,40.21],[93.25,39.97],[92.0,40.08],[88.75,39.15],[83.04,36.75],[80.75,36.38]]}},{"type":"Feature","properties":{"level":1012},"geometry":{"type":"LineString","coordinates":[[100.0,36.67],[99.69,37.0],[100.0,37.21],[100.5,37.12],[100.73,36.75],[100.0,36.67]]}},{"type":"Feature","properties":{"level":1012},"geometry":{"type":"LineString","coordinates":[[100.0,40.44],[99.32,41.0],[99.4,41.25],[100.76,41.75],[99.9,42.25],[101.0,42.76],[101.86,42.5],[101.65,42.0],[101.83,41.75],[101.47,41.25],[100.0,40.44]]}},{"type":"Feature","properties":{"level":1012},"geometry":{"type":"LineString","coordinates":[[87.89,41.25],[88.35,41.25],[88.36,41.5],[87.18,41.5],[87.89,41.25]]}},{"type":"Feature","properties":{"level":1012},"geometry":{"type":"LineString","coordinates":[[170.75,41.22],[169.0,41.48],[165.75,42.4],[163.75,42.55],[161.75,43.34],[160.47,44.5],[159.65,45.75],[158.75,46.61],[157.0,47.47],[150.0,46.43],[142.5,45.91],[138.0,47.19],[138.0,47.4],[138.61,47.5],[137.75,47.67],[137.25,48.34],[135.5,48.39],[134.42,48.75],[133.76,49.5],[133.83,50.0],[134.47,50.5],[133.76,51.0],[134.13,51.25],[134.21,52.0],[133.75,52.64],[133.25,52.61],[132.75,52.23],[132.62,52.75],[131.74,53.25],[132.27,53.75],[131.9,54.0],[132.04,54.25],[133.5,54.71],[134.04,55.25],[134.16,55.5],[133.94,56.0],[135.07,57.25],[134.25,56.84],[134.0,57.18],[133.13,57.5],[133.27,58.0],[134.4,58.25],[134.25,58.54],[133.5,58.5],[133.75,59.4],[135.0,60.09],[135.25,60.58],[136.5,60.67],[137.5,61.04],[137.21,60.75],[137.53,60.5],[138.5,60.95],[139.0,60.8],[139.91,61.25],[139.83,61.75],[140.5,62.47],[141.75,62.3],[142.0,61.93],[143.0,62.13],[144.71,62.0],[145.18,62.25],[145.5,63.02],[146.31,63.5],[146.44,63.75],[145.9,64.0],[146.25,64.19],[148.25,63.63],[151.0,63.54],[151.9,63.75],[153.75,64.91],[154.5,64.87],[154.77,65.25],[154.38,65.5],[155.0,65.67],[157.0,65.27],[158.14,64.75],[158.31,64.25],[158.92,64.0],[158.54,63.5],[159.06,62.75],[160.25,62.89],[163.76,62.25],[164.25,61.34],[164.84,61.0],[164.42,60.0],[164.47,59.0],[164.25,58.75],[164.48,58.0],[164.37,54.75],[165.85,51.25],[167.0,50.36],[172.25,48.48],[175.0,46.95],[176.42,45.5],[176.46,43.5],[176.27,42.75],[175.75,42.13],[174.0,41.34],[170.75,41.22]]}},{"type":"Feature","properties":{"level":1012},"geometry":{"type":"LineString","coordinates":[[106.0,42.61],[105.5,43.09],[104.0,43.22],[104.0,43.51],[103.02,43.25],[103.0,42.96],[102.57,43.25],[102.75,43.59],[101.25,43.39],[100.5,43.58],[99.25,43.2],[97.25,43.49],[95.75,44.28],[95.01,45.5],[94.5,45.44],[94.49,45.75],[92.0,46.87],[91.35,47.5],[91.75,47.54],[92.25,47.19],[92.54,47.25],[92.5,47.53],[93.75,46.98],[94.07,47.25],[93.95,48.0],[97.25,48.79],[97.75,49.21],[98.25,49.08],[99.25,48.41],[99.96,48.5],[100.75,47.5],[101.5,47.16],[102.0,47.41],[102.66,47.25],[102.5,46.95],[101.55,46.5],[103.25,46.28],[106.72,45.25],[107.2,44.5],[107.07,43.75],[108.12,43.5],[107.75,43.07],[106.5,42.94],[106.0,42.61]]}},{"type":"Feature","properties":{"level":1012},"geometry":{"type":"LineString","coordinates":[[94.25,43.92],[94.5,44.16],[95.66,44.0],[95.5,43.82],[94.25,43.92]]}},{"type":"Feature","properties":{"level":1012},"geometry":{"type":"LineString","coordinates":[[96.59,45.25],[97.22,45.25],[96.75,45.66],[95.95,45.75],[96.0,45.48],[96.59,45.25]]}},{"type":"Feature","properties":{"level":1012},"geometry":{"type":"LineString","coordinates":[[-101.5,49.92],[-104.74,52.5],[-105.82,54.5],[-105.75,54.96],[-105.17,55.75],[-102.25,57.14],[-99.25,57.58],[-96.5,57.3],[-94.54,56.25],[-94.13,55.5],[-94.14,53.75],[-94.9,53.0],[-96.75,51.5],[-99.0,50.26],[-101.5,49.92]]}},{"type":"Feature","properties":{"level":1012},"geometry":{"type":"LineString","coordinates":[[-2.54,57.25],[-2.38,57.25],[-2.54,57.25]]}},{"type":"Feature","properties":{"level":1012},"geometry":{"type":"LineString","coordinates":[[0.0,57.19],[0.36,57.25],[0.0,57.19]]}},{"type":"Feature","properties":{"level":1012},"geometry":{"type":"LineString","coordinates":[[-45.74,63.25],[-45.0,63.16],[-44.36,63.75],[-44.28,64.0],[-44.95,64.75],[-44.8,65.0],[-45.0,65.44],[-46.23,65.25],[-45.91,64.5],[-45.85,63.75],[-46.06,63.5],[-45.74,63.25]]}},{"type":"Feature","properties":{"level":1012},"geometry":{"type":"LineString","coordinates":[[-44.1,67.25],[-42.75,67.12],[-41.5,67.46],[-38.91,69.0],[-37.25,70.49],[-34.75,70.98],[-34.13,72.5],[-33.5,73.0],[-30.75,74.23],[-30.25,74.95],[-28.99,75.75],[-28.09,76.75],[-29.0,77.71],[-30.42,78.0],[-31.0,78.61],[-32.91,79.5],[-33.72,80.25],[-41.3,81.25],[-48.75,80.42],[-53.36,80.25],[-54.0,79.63],[-57.25,78.92],[-60.64,77.75],[-60.58,77.25],[-60.25,77.15],[-56.25,76.72],[-51.27,75.75],[-50.0,75.44],[-48.0,74.47],[-44.19,74.0],[-44.29,73.75],[-46.0,73.39],[-48.75,73.35],[-49.39,73.25],[-49.57,73.0],[-48.89,72.25],[-47.98,71.75],[-47.88,71.25],[-46.54,70.25],[-46.85,70.0],[-46.72,69.75],[-44.59,68.0],[-44.1,67.25]]}},{"type":"Feature","properties":{"level":1012},"geometry":{"type":"LineString","coordinates":[[180.0,75.77],[175.43,75.0],[164.25,72.31],[161.5,71.86],[155.5,71.27],[151.25,71.56],[143.75,70.85],[141.75,70.92],[139.0,71.55],[136.11,71.75],[133.5,72.24],[127.0,72.37],[126.0,72.2],[116.25,72.56],[113.52,73.0],[110.75,73.81],[108.59,74.0],[107.0,74.78],[102.5,75.59],[96.75,75.96],[86.0,75.76],[78.5,74.99],[73.25,74.72],[61.5,75.27],[59.0,74.98],[57.75,75.44],[45.5,74.97],[36.0,74.02],[33.0,73.25],[28.7,71.5],[28.38,71.0],[23.75,70.14],[23.34,69.75],[21.0,69.23],[20.65,68.75],[19.86,68.5],[19.5,68.08],[18.45,68.0],[17.53,67.5],[16.5,67.38],[15.25,66.72],[14.19,66.5],[14.33,66.25],[13.66,65.75],[13.84,65.5],[13.0,65.26],[12.57,64.75],[12.91,64.25],[12.35,63.75],[12.78,63.25],[11.5,63.21],[10.75,62.89],[8.25,62.53],[8.0,62.23],[7.0,62.0],[6.11,61.5],[5.35,60.5],[3.0,58.8],[0.5,57.32],[0.39,57.5],[1.33,58.5],[0.75,58.76],[-0.5,58.52],[-0.75,58.05],[-1.5,57.88],[-2.5,56.74],[-3.25,57.19],[-4.75,57.06],[-5.25,57.27],[-6.75,56.77],[-10.75,56.01],[-15.75,55.97],[-17.25,55.71],[-26.0,55.9],[-30.5,55.76],[-33.68,55.5],[-36.25,54.9],[-37.75,53.99],[-39.06,52.5],[-40.0,50.0],[-40.13,45.0],[-41.18,42.25],[-42.05,41.0],[-42.5,39.47],[-43.25,38.49],[-45.0,37.09],[-48.25,35.95],[-48.78,36.0],[-50.5,35.26],[-51.75,35.21],[-54.25,35.78],[-56.14,36.5],[-59.75,36.97],[-61.25,37.58],[-61.71,39.0],[-61.62,39.75],[-62.28,41.25],[-64.92,45.0],[-65.88,46.0],[-66.75,46.52],[-66.88,47.25],[-67.46,48.0],[-67.67,48.75],[-68.73,49.25],[-70.0,53.65],[-71.06,55.5],[-71.5,56.83],[-72.4,58.0],[-74.75,59.99],[-76.25,60.24],[-76.75,60.64],[-77.5,60.42],[-79.0,60.6],[-86.75,60.42],[-87.75,60.64],[-88.34,62.75],[-89.32,64.0],[-93.37,65.75],[-94.52,66.75],[-96.02,69.25],[-95.91,70.0],[-95.25,70.53],[-96.75,73.02],[-98.25,73.36],[-101.5,73.45],[-116.25,76.25],[-140.0,77.42],[-148.5,77.51],[-160.75,77.27],[-173.5,76.5],[-180.0,75.77]]}},{"type":"Feature","properties":{"level":1016},"geometry":{"type":"LineString","coordinates":[[180.0,-88.14],[149.5,-87.67],[144.25,-88.16],[139.5,-88.25],[133.5,-88.11],[130.75,-87.79],[130.59,-87.5],[136.87,-86.0],[136.87,-85.5],[136.1,-85.0],[136.81,-84.5],[136.56,-84.0],[136.94,-83.75],[135.88,-83.0],[137.76,-82.25],[137.36,-81.75],[138.5,-81.44],[138.77,-81.25],[138.38,-81.0],[139.72,-80.25],[139.63,-80.0],[136.89,-79.5],[132.0,-79.32],[131.6,-79.0],[132.06,-78.25],[134.78,-76.75],[141.5,-74.71],[143.63,-73.75],[143.92,-73.5],[143.72,-73.25],[144.0,-73.13],[144.25,-72.25],[142.77,-71.5],[143.25,-70.99],[141.0,-70.13],[134.75,-69.82],[131.0,-70.56],[121.0,-71.09],[114.5,-70.79],[107.0,-69.84],[96.75,-69.64],[88.92,-70.75],[86.25,-71.5],[86.1,-72.0],[86.27,-73.0],[87.5,-74.75],[87.69,-76.0],[87.25,-76.81],[85.77,-77.75],[82.75,-78.52],[73.45,-79.25],[72.34,-79.75],[72.21,-80.0],[72.44,-80.25],[69.25,-80.67],[61.0,-80.76],[53.5,-79.81],[51.0,-79.07],[50.12,-78.5],[49.52,-77.75],[48.41,-77.5],[47.71,-76.75],[47.67,-76.5],[48.3,-76.25],[48.38,-75.75],[47.86,-75.25],[44.5,-74.71],[42.0,-74.64],[36.0,-75.46],[26.75,-75.27],[26.41,-75.5],[27.5,-76.28],[31.81,-77.25],[30.0,-77.55],[27.0,-77.38],[18.0,-77.97],[13.97,-79.25],[10.3,-81.0],[0.25,-81.63],[-6.25,-81.48],[-10.5,-81.65],[-17.75,-82.76],[-24.25,-83.17],[-28.98,-84.25],[-38.01,-85.5],[-58.0,-85.96],[-67.5,-86.63],[-88.5,-87.57],[-109.27,-88.0],[-141.5,-88.4],[-180.0,-88.14]]}},{"type":"Feature","properties":{"level":1016},"geometry":{"type":"LineString","coordinates":[[62.41,-50.5],[65.0,-50.11],[66.93,-49.25],[72.0,-45.09],[75.75,-40.25],[77.17,-37.75],[79.76,-34.5],[80.25,-33.23],[81.5,-31.65],[82.63,-30.75],[87.75,-28.42],[91.5,-27.64],[99.0,-27.74],[101.25,-27.97],[104.25,-28.63],[105.5,-28.64],[106.25,-28.25],[107.0,-28.19],[107.5,-27.75],[108.0,-27.84],[108.5,-27.62],[110.38,-25.5],[109.75,-24.63],[108.5,-24.23],[108.1,-23.5],[106.75,-22.54],[106.22,-22.5],[105.25,-21.61],[104.75,-21.49],[104.25,-20.83],[102.75,-20.4],[95.75,-19.31],[92.75,-19.16],[89.5,-18.22],[84.75,-17.9],[81.75,-17.05],[73.75,-16.56],[68.0,-15.69],[64.75,-15.79],[61.0,-15.23],[58.25,-15.36],[57.75,-15.03],[56.25,-15.19],[55.75,-14.93],[54.75,-15.12],[52.25,-14.63],[50.5,-13.86],[50.0,-13.96],[49.5,-13.67],[49.25,-13.96],[49.0,-13.92],[49.2,-14.75],[49.01,-15.75],[48.34,-16.25],[48.25,-16.76],[48.0,-16.58],[47.91,-16.75],[47.92,-17.75],[46.95,-19.5],[47.02,-20.25],[46.67,-20.75],[46.74,-22.25],[45.93,-22.75],[46.0,-23.9],[46.66,-24.25],[46.65,-25.25],[43.75,-26.9],[42.25,-27.02],[41.25,-26.89],[39.75,-26.02],[39.0,-26.16],[38.0,-25.53],[37.0,-25.29],[36.0,-27.0],[36.22,-31.0],[36.71,-33.25],[36.54,-33.5],[38.51,-36.25],[38.24,-36.5],[38.37,-36.75],[44.0,-40.74],[44.75,-40.76],[47.75,-43.75],[51.5,-46.32],[54.25,-47.88],[57.75,-48.99],[59.25,-49.89],[62.41,-50.5]]}},{"type":"Feature","properties":{"level":1016},"geometry":{"type":"LineString","coordinates":[[-12.25,-33.26],[-11.92,-33.25],[-12.25,-33.26]]}},{"type":"Feature","properties":{"level":1016},"geometry":{"type":"LineString","coordinates":[[17.19,-33.0],[17.75,-33.22],[18.25,-32.92],[18.42,-32.25],[18.25,-31.54],[17.44,-30.5],[17.0,-29.42],[16.26,-28.5],[14.5,-27.24],[13.0,-25.31],[11.75,-24.44],[10.95,-23.25],[7.47,-20.75],[7.26,-20.25],[6.5,-19.56],[4.9,-18.5],[3.25,-16.81],[1.75,-15.9],[-0.25,-14.04],[-2.25,-12.72],[-4.5,-12.15],[-5.25,-11.38],[-6.0,-11.49],[-8.25,-10.96],[-9.25,-10.4],[-10.25,-10.28],[-11.75,-9.58],[-12.0,-9.65],[-12.5,-9.28],[-14.5,-10.01],[-15.69,-9.5],[-16.0,-8.97],[-16.75,-8.93],[-17.0,-9.22],[-17.75,-9.33],[-18.25,-9.19],[-18.75,-8.45],[-19.75,-9.31],[-20.0,-9.1],[-20.25,-9.3],[-21.5,-9.12],[-24.0,-9.88],[-24.5,-9.73],[-24.75,-10.11],[-26.25,-10.28],[-28.0,-11.05],[-28.43,-11.75],[-30.11,-12.75],[-30.29,-14.25],[-31.23,-14.75],[-31.1,-15.5],[-31.49,-16.5],[-31.49,-17.25],[-33.04,-17.25],[-32.36,-19.0],[-32.44,-19.25],[-33.17,-19.5],[-32.34,-20.25],[-31.75,-21.47],[-30.25,-22.44],[-29.75,-22.42],[-29.25,-21.97],[-27.25,-23.23],[-24.0,-23.92],[-23.0,-23.68],[-20.75,-24.54],[-19.5,-24.45],[-18.25,-24.91],[-18.0,-24.44],[-17.5,-24.8],[-16.5,-24.8],[-15.75,-25.07],[-15.25,-24.87],[-11.25,-25.76],[-10.75,-25.66],[-8.5,-26.05],[-7.5,-25.75],[-5.25,-26.38],[-3.25,-26.57],[3.0,-27.99],[6.75,-28.55],[9.75,-29.47],[14.75,-31.56],[17.19,-33.0]]}},{"type":"Feature","properties":{"level":1016},"geometry":{"type":"LineString","coordinates":[[-180.0,-32.52],[-178.25,-33.46],[-175.25,-35.82],[-170.0,-39.04],[-165.25,-40.84],[-156.17,-43.25],[-151.25,-43.91],[-144.75,-43.44],[-132.5,-43.55],[-123.5,-43.07],[-114.0,-41.65],[-112.0,-41.07],[-110.5,-39.69],[-109.52,-37.25],[-107.87,-34.5],[-106.56,-33.25],[-104.5,-31.92],[-103.38,-30.75],[-102.62,-30.5],[-102.18,-30.0],[-102.24,-29.0],[-101.85,-28.0],[-101.88,-27.0],[-102.61,-26.25],[-103.22,-24.75],[-103.31,-24.0],[-102.91,-23.75],[-102.96,-23.5],[-103.66,-23.0],[-103.65,-22.75],[-103.25,-22.75],[-101.98,-23.5],[-101.91,-24.25],[-100.25,-25.13],[-100.26,-26.0],[-99.75,-26.56],[-98.5,-26.73],[-97.25,-27.25],[-96.75,-26.87],[-96.44,-27.0],[-95.82,-27.5],[-95.63,-28.0],[-95.0,-28.27],[-94.24,-29.5],[-93.41,-30.25],[-92.56,-33.25],[-92.45,-36.0],[-92.75,-37.0],[-92.64,-37.75],[-93.02,-38.25],[-92.82,-38.5],[-93.26,-39.5],[-93.37,-40.5],[-94.75,-41.43],[-96.22,-43.25],[-93.5,-45.96],[-87.98,-49.25],[-85.0,-50.46],[-82.75,-50.92],[-78.57,-53.0],[-76.75,-54.19],[-76.25,-55.2],[-73.25,-57.07],[-68.5,-58.7],[-63.25,-59.96],[-60.25,-60.31],[-57.25,-60.21],[-53.0,-59.59],[-50.0,-58.98],[-48.25,-58.35],[-45.0,-57.9],[-39.75,-56.28],[-35.5,-55.68],[-32.5,-55.64],[-29.5,-54.71],[-26.06,-52.5],[-25.5,-51.75],[-21.25,-47.96],[-17.75,-45.42],[-15.25,-42.86],[-11.69,-38.0],[-11.7,-37.25],[-12.25,-36.25],[-10.89,-34.5],[-11.0,-34.23],[-11.76,-34.25],[-11.47,-33.5],[-11.84,-32.5],[-12.67,-31.75],[-12.25,-31.67],[-11.99,-30.75],[-12.5,-29.74],[-12.81,-29.75],[-12.86,-30.0],[-12.76,-31.5],[-13.75,-31.72],[-13.97,-31.25],[-13.64,-31.0],[-13.75,-30.36],[-14.75,-29.42],[-15.75,-29.26],[-15.75,-30.11],[-17.5,-29.86],[-18.5,-29.46],[-18.75,-30.16],[-20.0,-29.38],[-20.5,-29.39],[-21.0,-30.25],[-21.75,-29.98],[-21.74,-30.25],[-22.0,-30.31],[-22.5,-30.11],[-22.75,-30.33],[-24.0,-30.36],[-29.75,-30.22],[-35.25,-28.25],[-37.75,-27.93],[-41.0,-28.44],[-41.75,-28.34],[-45.5,-29.66],[-48.75,-30.39],[-53.25,-30.39],[-54.0,-30.61],[-55.0,-30.22],[-55.5,-30.31],[-56.75,-29.46],[-57.25,-29.6],[-57.75,-28.93],[-59.0,-28.5],[-59.72,-28.5],[-60.09,-27.25],[-61.78,-25.0],[-62.56,-21.5],[-63.25,-20.35],[-64.0,-20.55],[-64.25,-19.82],[-64.34,-20.5],[-64.68,-20.75],[-64.68,-21.25],[-64.44,-21.5],[-65.0,-22.31],[-65.33,-22.25],[-65.25,-23.03],[-65.57,-23.0],[-65.5,-22.7],[-66.25,-22.93],[-66.55,-22.5],[-66.51,-22.0],[-66.01,-21.5],[-65.9,-21.0],[-66.51,-20.25],[-65.68,-19.75],[-65.83,-18.75],[-66.61,-17.5],[-65.54,-17.25],[-66.0,-17.21],[-66.5,-16.68],[-66.75,-16.92],[-67.5,-16.63],[-68.25,-15.67],[-68.93,-15.5],[-68.78,-15.0],[-69.63,-14.0],[-71.5,-13.2],[-72.0,-12.63],[-72.5,-13.01],[-73.0,-12.93],[-73.5,-13.23],[-74.42,-12.25],[-74.66,-11.5],[-75.43,-11.0],[-75.75,-9.9],[-76.5,-9.25],[-76.51,-8.75],[-77.52,-6.75],[-77.39,-6.0],[-78.0,-5.63],[-78.25,-6.26],[-78.75,-6.19],[-79.0,-6.41],[-79.21,-6.0],[-79.25,-5.0],[-78.91,-4.25],[-79.11,-4.0],[-78.19,-2.25],[-78.04,-1.0],[-77.6,-0.5],[-77.61,0.25],[-76.5,1.55],[-75.5,1.99],[-75.0,2.53],[-74.68,3.25],[-74.0,3.67],[-73.25,5.0],[-72.57,5.5],[-71.9,6.5],[-72.26,7.0],[-72.25,7.62],[-72.75,7.74],[-73.0,8.27],[-73.25,8.3],[-73.16,7.0],[-74.05,6.0],[-74.87,3.25],[-75.5,2.45],[-75.73,2.5],[-74.95,5.0],[-74.92,6.75],[-75.75,7.34],[-76.12,7.25],[-76.25,6.0],[-75.94,4.5],[-76.25,4.54],[-76.5,4.18],[-76.5,3.02],[-76.75,3.45],[-76.95,2.0],[-77.25,1.5],[-77.75,1.36],[-78.63,0.5],[-79.11,-1.5],[-78.95,-2.25],[-79.51,-3.0],[-79.2,-4.25],[-79.87,-5.0],[-79.41,-5.5],[-79.41,-6.25],[-79.03,-6.5],[-79.11,-7.0],[-78.63,-7.5],[-78.75,-7.75],[-78.15,-8.75],[-77.85,-10.0],[-76.01,-13.25],[-74.16,-15.25],[-74.25,-15.87],[-74.0,-15.65],[-73.25,-15.82],[-72.66,-16.25],[-73.5,-16.09],[-73.71,-16.25],[-73.47,-16.5],[-73.75,-16.66],[-75.0,-16.86],[-78.0,-16.19],[-79.0,-16.29],[-80.96,-15.5],[-81.75,-14.84],[-82.75,-14.79],[-84.5,-13.99],[-86.25,-13.85],[-87.25,-13.42],[-89.75,-12.97],[-93.25,-13.19],[-94.5,-13.5],[-95.75,-13.1],[-97.25,-13.32],[-97.75,-13.15],[-102.0,-14.74],[-103.0,-14.92],[-104.5,-15.64],[-105.25,-16.51],[-106.0,-16.61],[-106.31,-17.25],[-107.4,-18.0],[-107.74,-18.5],[-108.0,-19.91],[-109.0,-20.53],[-110.0,-20.39],[-110.45,-20.5],[-110.5,-20.79],[-111.25,-20.78],[-111.5,-21.39],[-112.0,-20.54],[-113.0,-21.07],[-118.0,-21.24],[-119.5,-20.99],[-121.25,-21.55],[-124.0,-21.04],[-124.5,-21.25],[-127.75,-21.12],[-128.25,-21.31],[-129.0,-21.05],[-130.75,-21.2],[-133.0,-20.77],[-135.75,-21.11],[-139.25,-20.96],[-140.75,-21.2],[-141.25,-21.57],[-143.0,-21.8],[-144.0,-21.76],[-144.5,-21.46],[-146.0,-23.1],[-146.25,-23.12],[-146.1,-22.5],[-145.66,-22.25],[-146.0,-21.86],[-147.0,-22.35],[-150.0,-22.68],[-152.99,-22.0],[-153.75,-22.1],[-154.25,-21.73],[-155.25,-21.93],[-157.75,-21.5],[-159.5,-21.64],[-163.25,-21.15],[-164.5,-21.12],[-165.0,-21.36],[-165.75,-21.12],[-171.0,-21.16],[-171.5,-20.92],[-172.75,-20.95],[-176.5,-20.33],[-180.0,-19.35]]}},{"type":"Feature","properties":{"level":1016},"geometry":{"type":"LineString","coordinates":[[27.97,-29.75],[28.25,-29.51],[28.5,-29.86],[28.75,-29.37],[29.0,-29.82],[29.39,-29.25],[28.75,-28.63],[28.12,-29.25],[27.97,-29.75]]}},{"type":"Feature","properties":{"level":1016},"geometry":{"type":"LineString","coordinates":[[-99.5,-25.82],[-99.5,-25.43],[-98.75,-25.25],[-98.41,-25.75],[-98.75,-25.86],[-99.25,-25.54],[-99.5,-25.82]]}},{"type":"Feature","properties":{"level":1016},"geometry":{"type":"LineString","coordinates":[[108.75,-25.68],[109.0,-25.01],[109.55,-25.5],[108.75,-25.68]]}},{"type":"Feature","properties":{"level":1016},"geometry":{"type":"LineString","coordinates":[[-103.5,-24.92],[-103.5,-24.46],[-103.32,-24.75],[-103.5,-24.92]]}},{"type":"Feature","properties":{"level":1016},"geometry":{"type":"LineString","coordinates":[[146.0,-24.36],[146.16,-24.25],[146.0,-24.36]]}},{"type":"Feature","properties":{"level":1016},"geometry":{"type":"LineString","coordinates":[[133.85,-24.0],[134.0,-24.23],[134.42,-24.0],[134.25,-23.29],[133.44,-23.75],[133.85,-24.0]]}},{"type":"Feature","properties":{"level":1016},"geometry":{"type":"LineString","coordinates":[[146.0,-23.29],[146.0,-23.14],[146.0,-23.29]]}},{"type":"Feature","properties":{"level":1016},"geometry":{"type":"LineString","coordinates":[[-104.75,-22.75],[-104.75,-22.47],[-104.45,-22.75],[-104.75,-22.75]]}},{"type":"Feature","properties":{"level":1016},"geometry":{"type":"LineString","coordinates":[[111.23,-22.25],[111.41,-22.25],[111.23,-22.25]]}},{"type":"Feature","properties":{"level":1016},"geometry":{"type":"LineString","coordinates":[[-46.54,-21.75],[-45.98,-21.5],[-46.12,-20.75],[-45.84,-20.25],[-47.0,-20.83],[-46.95,-21.25],[-46.46,-21.5],[-46.54,-21.75]]}},{"type":"Feature","properties":{"level":1016},"geometry":{"type":"LineString","coordinates":[[-29.75,-21.66],[-29.91,-21.5],[-29.75,-21.4],[-29.75,-21.66]]}},{"type":"Feature","properties":{"level":1016},"geometry":{"type":"LineString","coordinates":[[109.58,-20.25],[109.75,-20.4],[109.9,-20.25],[109.58,-20.25]]}},{"type":"Feature","properties":{"level":1016},"geometry":{"type":"LineString","coordinates":[[109.19,-19.75],[109.4,-19.75],[109.25,-19.43],[109.19,-19.75]]}},{"type":"Feature","properties":{"level":1016},"geometry":{"type":"LineString","coordinates":[[109.73,-19.75],[110.0,-19.86],[109.73,-19.75]]}},{"type":"Feature","properties":{"level":1016},"geometry":{"type":"LineString","coordinates":[[180.0,-19.35],[179.25,-19.56],[178.25,-18.89],[176.0,-18.86],[175.25,-19.16],[173.5,-19.0],[172.0,-18.26],[170.25,-18.49],[169.25,-18.28],[168.25,-18.5],[161.0,-15.95],[159.5,-16.09],[158.75,-15.89],[156.25,-16.15],[154.5,-15.91],[150.75,-14.52],[149.25,-14.42],[148.0,-14.79],[147.25,-14.53],[146.75,-15.09],[146.0,-14.9],[145.75,-15.0],[145.75,-15.65],[145.25,-15.55],[144.61,-16.0],[144.51,-16.25],[144.78,-16.5],[144.36,-17.75],[144.36,-18.5],[143.89,-18.5],[143.41,-19.5],[144.71,-21.0],[145.5,-21.19],[145.81,-23.0],[145.33,-23.25],[145.52,-23.75],[145.34,-24.25],[145.66,-25.0],[144.64,-25.25],[144.25,-26.32],[143.25,-26.84],[141.5,-26.54],[140.75,-26.0],[140.25,-26.11],[139.0,-25.84],[138.25,-26.48],[137.75,-26.28],[137.25,-26.68],[136.25,-26.36],[135.0,-26.83],[134.01,-28.0],[133.75,-29.23],[133.11,-29.75],[132.78,-31.25],[129.75,-34.48],[128.04,-37.0],[127.93,-37.75],[128.88,-42.75],[130.46,-46.25],[132.0,-48.79],[134.0,-51.06],[137.0,-53.28],[139.28,-54.5],[141.9,-55.5],[144.75,-56.32],[148.35,-57.0],[152.5,-57.26],[160.25,-57.06],[164.0,-56.19],[165.67,-55.25],[167.38,-53.75],[168.25,-52.5],[168.77,-50.25],[168.85,-48.0],[168.37,-46.5],[169.0,-45.98],[169.4,-45.25],[170.25,-45.0],[169.62,-44.5],[169.0,-44.5],[168.0,-44.82],[167.61,-45.25],[166.5,-45.74],[164.98,-44.0],[164.64,-43.0],[164.19,-39.0],[165.49,-36.25],[166.5,-35.24],[168.75,-33.72],[174.0,-32.28],[176.75,-31.02],[178.5,-31.6],[180.0,-32.52]]}},{"type":"Feature","properties":{"level":1016},"geometry":{"type":"LineString","coordinates":[[177.68,-18.0],[178.0,-18.2],[178.44,-18.0],[178.0,-17.52],[177.68,-18.0]]}},{"type":"Feature","properties":{"level":1016},"geometry":{"type":"LineString","coordinates":[[147.93,-9.5],[148.25,-9.53],[148.22,-9.25],[147.72,-8.75],[146.84,-7.0],[146.25,-7.06],[146.01,-6.25],[147.25,-6.61],[147.58,-6.5],[147.5,-6.16],[146.0,-5.69],[146.0,-6.24],[145.25,-5.69],[144.5,-5.71],[143.25,-4.94],[142.35,-5.25],[139.5,-4.04],[138.75,-3.47],[137.5,-3.62],[136.5,-3.42],[136.2,-3.5],[136.25,-3.8],[135.51,-4.0],[135.75,-4.2],[136.5,-4.06],[137.25,-4.36],[139.25,-4.51],[140.5,-5.07],[142.0,-5.38],[142.75,-6.14],[144.0,-6.8],[144.54,-6.25],[145.53,-6.75],[145.75,-7.37],[146.5,-7.64],[146.75,-8.24],[147.93,-9.5]]}},{"type":"Feature","properties":{"level":1016},"geometry":{"type":"LineString","coordinates":[[-72.25,8.0],[-72.0,7.84],[-71.0,8.2],[-69.91,9.5],[-69.93,9.75],[-71.0,9.15],[-71.5,8.47],[-72.25,8.0]]}},{"type":"Feature","properties":{"level":1016},"geometry":{"type":"LineString","coordinates":[[-91.53,14.75],[-90.8,14.75],[-90.93,15.5],[-91.5,16.04],[-92.18,15.25],[-91.53,14.75]]}},{"type":"Feature","properties":{"level":1016},"geometry":{"type":"LineString","coordinates":[[120.71,16.5],[121.0,16.41],[121.27,17.0],[121.24,17.5],[121.0,17.66],[120.71,16.5]]}},{"type":"Feature","properties":{"level":1016},"geometry":{"type":"LineString","coordinates":[[-97.07,16.75],[-95.97,17.0],[-96.75,17.95],[-97.1,18.0],[-96.91,18.25],[-96.96,19.75],[-99.25,20.9],[-100.0,20.6],[-100.0,21.0],[-100.25,21.19],[-100.8,20.75],[-100.5,20.44],[-102.27,19.75],[-102.25,19.48],[-101.5,19.42],[-101.0,19.84],[-99.75,18.84],[-98.0,18.96],[-97.59,18.25],[-97.78,17.25],[-97.07,16.75]]}},{"type":"Feature","properties":{"level":1016},"geometry":{"type":"LineString","coordinates":[[-72.15,18.25],[-71.5,18.04],[-71.25,18.25],[-71.51,18.5],[-70.25,18.39],[-69.94,19.0],[-70.1,19.5],[-70.75,19.71],[-71.75,19.39],[-72.5,19.5],[-72.34,19.25],[-72.53,19.0],[-72.14,18.75],[-72.33,18.5],[-72.15,18.25]]}},{"type":"Feature","properties":{"level":1016},"geometry":{"type":"LineString","coordinates":[[-76.88,20.0],[-76.36,20.0],[-76.88,20.0]]}},{"type":"Feature","properties":{"level":1016},"geometry":{"type":"LineString","coordinates":[[-75.13,20.25],[-74.6,20.25],[-75.0,20.55],[-75.13,20.25]]}},{"type":"Feature","properties":{"level":1016},"geometry":{"type":"LineString","coordinates":[[-101.66,21.25],[-101.25,21.07],[-100.81,22.0],[-101.31,22.25],[-101.75,22.75],[-101.68,23.0],[-101.25,22.85],[-100.75,23.08],[-100.58,23.5],[-100.75,23.85],[-101.0,23.66],[-101.5,24.03],[-102.04,22.75],[-101.66,21.25]]}},{"type":"Feature","properties":{"level":1016},"geometry":{"type":"LineString","coordinates":[[-180.0,22.4],[-177.25,22.42],[-173.5,22.89],[-172.75,23.21],[-170.75,23.01],[-168.0,23.15],[-162.75,24.75],[-158.5,23.65],[-156.0,24.06],[-155.25,23.84],[-154.96,23.5],[-153.5,23.21],[-151.5,23.39],[-150.75,23.08],[-149.25,22.97],[-147.25,23.17],[-146.0,22.95],[-145.25,22.61],[-144.75,22.07],[-143.25,21.48],[-142.5,21.56],[-142.0,21.28],[-140.25,21.4],[-138.75,20.99],[-137.75,21.09],[-136.79,20.75],[-132.75,21.71],[-131.83,21.5],[-131.0,21.0],[-124.0,21.53],[-123.28,22.25],[-121.75,22.95],[-121.33,23.75],[-121.0,23.78],[-120.75,25.0],[-118.9,28.25],[-118.86,31.75],[-120.5,34.29],[-117.54,34.0],[-117.59,33.75],[-117.16,33.5],[-116.08,31.5],[-115.25,30.51],[-115.17,31.0],[-116.31,33.25],[-116.0,33.65],[-115.5,33.6],[-115.0,34.24],[-114.75,34.18],[-114.5,34.47],[-111.58,33.75],[-110.53,33.0],[-110.25,32.43],[-109.5,32.84],[-108.91,32.75],[-108.5,32.36],[-107.5,32.33],[-107.0,32.46],[-106.75,32.92],[-106.0,33.14],[-105.75,32.62],[-105.37,32.75],[-104.82,34.5],[-104.92,35.25],[-104.58,35.75],[-104.68,36.0],[-103.98,36.0],[-104.01,36.75],[-104.25,37.07],[-103.75,36.94],[-103.46,37.25],[-104.11,38.5],[-103.21,39.25],[-103.18,39.5],[-104.5,40.67],[-105.0,40.63],[-105.25,40.2],[-105.4,40.75],[-104.97,41.25],[-105.64,43.0],[-105.25,43.76],[-104.36,44.5],[-104.7,45.5],[-104.3,46.25],[-104.5,46.5],[-104.37,47.5],[-103.66,48.75],[-104.25,49.33],[-104.5,50.21],[-105.14,50.5],[-105.19,51.25],[-106.85,53.75],[-106.94,54.75],[-106.48,55.75],[-104.73,57.0],[-101.25,58.3],[-95.0,58.91],[-93.75,59.26],[-91.46,60.75],[-91.01,61.25],[-90.78,62.25],[-90.88,62.75],[-91.6,63.5],[-96.29,66.5],[-97.59,67.75],[-99.05,70.0],[-101.0,71.19],[-108.0,73.24],[-118.5,75.2],[-134.25,76.13],[-152.5,76.25],[-169.25,75.67],[-175.25,75.08],[-180.0,74.21]]}},{"type":"Feature","properties":{"level":1016},"geometry":{"type":"LineString","coordinates":[[5.58,23.0],[5.75,22.86],[6.5,23.2],[7.16,24.0],[5.75,23.54],[5.4,23.25],[5.58,23.0]]}},{"type":"Feature","properties":{"level":1016},"geometry":{"type":"LineString","coordinates":[[-105.72,24.25],[-105.5,24.04],[-105.41,24.5],[-106.06,25.5],[-106.0,26.09],[-107.06,27.25],[-106.75,29.23],[-107.21,29.25],[-108.5,30.62],[-108.9,30.0],[-108.38,29.0],[-108.54,28.5],[-108.0,27.28],[-107.36,26.75],[-107.44,26.5],[-107.0,25.69],[-106.41,25.5],[-105.72,24.25]]}},{"type":"Feature","properties":{"level":1016},"geometry":{"type":"LineString","coordinates":[[117.5,26.23],[117.32,26.25],[117.5,26.23]]}},{"type":"Feature","properties":{"level":1016},"geometry":{"type":"LineString","coordinates":[[115.21,26.75],[115.57,26.75],[115.21,26.75]]}},{"type":"Feature","properties":{"level":1016},"geometry":{"type":"LineString","coordinates":[[4.04,27.5],[4.35,27.5],[4.04,27.5]]}},{"type":"Feature","properties":{"level":1016},"geometry":{"type":"LineString","coordinates":[[-9.75,28.19],[-8.75,28.85],[-7.97,29.0],[-8.5,28.31],[-9.25,28.06],[-9.75,28.19]]}},{"type":"Feature","properties":{"level":1016},"geometry":{"type":"LineString","coordinates":[[57.98,28.75],[58.31,28.75],[57.88,29.25],[57.75,30.0],[57.29,30.75],[56.25,31.73],[55.85,31.75],[57.35,30.25],[56.75,29.8],[56.0,30.18],[55.62,30.0],[56.5,29.29],[57.0,29.29],[57.5,28.94],[57.75,29.09],[57.98,28.75]]}},{"type":"Feature","properties":{"level":1016},"geometry":{"type":"LineString","coordinates":[[-9.5,29.69],[-9.74,30.25],[-9.25,30.56],[-8.58,30.5],[-9.5,29.69]]}},{"type":"Feature","properties":{"level":1016},"geometry":{"type":"LineString","coordinates":[[109.68,29.75],[110.75,29.82],[110.82,30.75],[109.68,29.75]]}},{"type":"Feature","properties":{"level":1016},"geometry":{"type":"LineString","coordinates":[[53.63,30.0],[54.05,30.0],[53.76,30.5],[52.5,31.18],[52.0,31.8],[50.87,32.5],[51.15,32.75],[51.0,33.25],[51.54,33.25],[52.5,32.67],[53.0,32.63],[52.75,33.2],[52.0,33.33],[51.0,34.32],[50.73,34.25],[51.0,33.73],[50.25,33.37],[49.25,34.27],[48.25,34.23],[47.75,34.44],[47.56,34.0],[47.89,33.75],[48.75,33.39],[48.75,33.78],[49.7,33.5],[49.25,33.49],[49.03,33.25],[49.49,32.75],[49.43,32.5],[50.25,31.84],[50.75,31.88],[51.71,31.25],[51.35,31.0],[51.77,30.25],[52.12,30.25],[51.97,30.5],[52.25,30.63],[52.75,30.21],[53.25,30.37],[53.63,30.0]]}},{"type":"Feature","properties":{"level":1016},"geometry":{"type":"LineString","coordinates":[[-153.75,30.23],[-153.95,31.0],[-153.52,32.0],[-153.82,32.5],[-153.59,33.0],[-153.96,33.5],[-154.03,34.25],[-156.25,35.84],[-158.11,36.25],[-159.0,36.91],[-162.0,38.28],[-165.05,40.5],[-168.69,44.0],[-170.74,47.25],[-172.21,50.5],[-172.53,52.75],[-171.94,54.5],[-170.93,56.25],[-168.98,58.25],[-163.75,60.14],[-160.25,60.53],[-159.25,59.66],[-156.5,59.79],[-156.17,59.5],[-154.75,59.44],[-154.2,58.75],[-154.25,58.46],[-152.75,58.53],[-149.25,57.97],[-146.13,57.25],[-142.5,56.01],[-139.48,54.5],[-137.75,53.29],[-136.9,52.25],[-136.13,50.0],[-136.09,48.5],[-136.85,46.0],[-139.25,41.35],[-142.75,37.22],[-144.75,35.38],[-146.75,34.07],[-147.25,34.0],[-149.75,31.76],[-153.25,30.14],[-153.75,30.23]]}},{"type":"Feature","properties":{"level":1016},"geometry":{"type":"LineString","coordinates":[[54.23,31.25],[54.42,31.5],[54.25,31.72],[53.5,32.24],[53.35,32.0],[53.51,31.75],[54.23,31.25]]}},{"type":"Feature","properties":{"level":1016},"geometry":{"type":"LineString","coordinates":[[-8.5,31.72],[-8.7,31.75],[-8.19,31.75],[-8.5,31.72]]}},{"type":"Feature","properties":{"level":1016},"geometry":{"type":"LineString","coordinates":[[113.95,31.75],[114.25,31.57],[114.37,31.75],[113.95,31.75]]}},{"type":"Feature","properties":{"level":1016},"geometry":{"type":"LineString","coordinates":[[-7.25,32.24],[-6.36,32.5],[-7.25,32.24]]}},{"type":"Feature","properties":{"level":1016},"geometry":{"type":"LineString","coordinates":[[-9.0,32.34],[-8.48,33.25],[-7.19,33.5],[-7.75,33.22],[-8.5,32.32],[-9.0,32.34]]}},{"type":"Feature","properties":{"level":1016},"geometry":{"type":"LineString","coordinates":[[92.33,32.5],[93.15,32.75],[93.0,32.95],[92.5,32.94],[92.14,32.75],[92.33,32.5]]}},{"type":"Feature","properties":{"level":1016},"geometry":{"type":"LineString","coordinates":[[111.64,33.5],[112.0,33.47],[112.32,33.75],[111.5,34.05],[110.71,33.75],[111.64,33.5]]}},{"type":"Feature","properties":{"level":1016},"geometry":{"type":"LineString","coordinates":[[-6.5,34.16],[-6.25,34.67],[-5.74,34.5],[-5.75,34.22],[-6.5,34.16]]}},{"type":"Feature","properties":{"level":1016},"geometry":{"type":"LineString","coordinates":[[85.64,34.25],[86.0,34.19],[86.4,34.5],[85.75,34.71],[85.25,34.5],[85.64,34.25]]}},{"type":"Feature","properties":{"level":1016},"geometry":{"type":"LineString","coordinates":[[47.19,34.5],[47.5,34.95],[47.75,34.53],[48.0,34.76],[48.5,34.34],[48.85,34.75],[48.39,35.0],[48.37,35.5],[48.0,35.49],[47.5,35.04],[47.44,35.5],[47.73,35.75],[47.51,36.0],[47.75,36.46],[48.24,36.25],[48.51,35.5],[49.5,35.12],[49.99,35.25],[49.93,35.5],[49.2,35.75],[49.23,36.5],[48.5,37.16],[47.75,36.82],[47.39,37.0],[47.51,37.5],[47.75,37.61],[48.25,37.64],[48.5,37.32],[49.03,37.25],[48.81,38.25],[48.25,37.91],[48.0,38.44],[47.25,38.46],[47.0,38.26],[47.25,38.81],[46.5,38.79],[46.39,39.0],[46.58,39.75],[46.35,40.0],[46.61,40.25],[46.25,40.45],[45.5,40.23],[44.75,40.39],[44.86,39.75],[45.5,39.02],[45.8,39.0],[45.5,38.98],[45.41,38.75],[45.77,38.5],[45.18,38.25],[45.25,38.01],[46.0,38.23],[46.35,38.0],[46.02,37.75],[46.04,37.5],[46.35,37.25],[46.67,36.25],[46.5,36.07],[46.0,36.32],[45.91,36.0],[46.55,35.5],[46.5,34.9],[46.92,35.0],[46.89,35.5],[47.13,35.5],[47.19,34.5]]}},{"type":"Feature","properties":{"level":1016},"geometry":{"type":"LineString","coordinates":[[99.4,34.5],[99.92,35.0],[99.61,35.25],[99.79,35.5],[99.5,36.0],[98.75,36.34],[99.1,35.75],[97.84,35.25],[98.0,34.97],[99.4,34.5]]}},{"type":"Feature","properties":{"level":1016},"geometry":{"type":"LineString","coordinates":[[60.23,34.75],[60.5,34.54],[60.5,35.34],[61.0,35.29],[61.21,35.5],[60.69,36.5],[59.0,37.65],[57.0,38.6],[56.75,38.51],[56.99,38.0],[58.0,37.5],[57.0,37.56],[56.77,37.25],[58.16,36.75],[59.24,36.0],[59.0,35.7],[58.06,35.5],[59.5,35.42],[60.23,34.75]]}},{"type":"Feature","properties":{"level":1016},"geometry":{"type":"LineString","coordinates":[[52.0,35.5],[52.75,35.37],[53.75,35.67],[54.11,36.25],[54.75,36.35],[55.91,37.0],[55.97,37.25],[53.0,36.17],[49.96,37.0],[50.37,36.25],[52.0,35.5]]}},{"type":"Feature","properties":{"level":1016},"geometry":{"type":"LineString","coordinates":[[90.71,36.0],[91.0,35.91],[91.0,36.29],[92.5,35.92],[94.18,36.0],[93.0,36.54],[91.96,36.5],[91.61,36.75],[91.95,37.0],[91.65,37.5],[90.25,37.86],[90.01,37.5],[90.46,37.25],[90.29,37.0],[89.39,36.75],[89.29,36.5],[90.71,36.0]]}},{"type":"Feature","properties":{"level":1016},"geometry":{"type":"LineString","coordinates":[[59.75,36.08],[58.9,36.75],[59.25,36.78],[60.06,36.25],[59.75,36.08]]}},{"type":"Feature","properties":{"level":1016},"geometry":{"type":"LineString","coordinates":[[79.75,36.18],[78.12,37.0],[76.75,37.05],[76.25,37.72],[75.25,37.67],[75.25,37.9],[75.72,38.0],[75.88,38.5],[74.41,39.75],[78.0,40.93],[79.29,41.75],[79.09,42.0],[79.25,42.1],[80.0,41.67],[82.75,42.58],[83.75,42.32],[85.25,42.45],[86.18,43.0],[85.5,43.35],[85.5,43.62],[87.5,43.17],[87.5,43.56],[86.75,44.04],[85.0,44.17],[84.5,43.99],[84.48,44.25],[83.63,44.25],[83.59,44.5],[83.0,44.61],[82.56,44.5],[82.99,44.25],[82.5,44.23],[81.25,44.74],[80.68,44.75],[80.58,45.0],[81.5,45.2],[82.5,45.05],[83.25,45.54],[84.75,45.71],[85.2,46.0],[84.99,46.25],[86.0,46.88],[86.25,46.23],[87.0,45.62],[88.0,45.71],[89.75,45.42],[90.5,45.59],[90.75,45.38],[91.75,45.9],[92.25,45.87],[92.45,46.0],[92.32,46.25],[91.54,46.25],[90.86,47.25],[89.75,47.9],[89.25,48.64],[88.75,48.5],[88.39,49.0],[89.0,49.21],[90.49,49.0],[90.23,49.25],[90.25,49.75],[90.86,49.5],[90.75,48.96],[90.5,48.99],[90.43,48.75],[91.0,48.6],[91.24,48.0],[92.0,47.48],[92.5,47.83],[93.17,47.5],[92.99,48.75],[93.25,49.26],[95.18,49.0],[95.25,48.71],[96.36,49.0],[96.75,49.71],[98.25,49.63],[99.0,49.99],[99.25,49.75],[100.5,49.64],[101.16,49.25],[101.25,48.96],[101.64,49.0],[101.5,49.25],[102.5,49.35],[102.38,49.0],[102.81,48.25],[104.25,47.7],[104.75,47.18],[109.0,46.09],[110.17,46.0],[110.02,45.5],[110.33,45.25],[110.21,45.0],[110.61,44.75],[111.12,43.75],[111.17,43.0],[111.5,42.89],[111.74,42.25],[110.5,41.83],[109.13,41.75],[109.34,41.0],[109.01,40.75],[109.1,40.5],[108.5,40.22],[107.0,40.02],[106.75,39.63],[106.0,39.63],[105.51,40.0],[105.5,40.29],[104.25,40.28],[102.03,39.25],[102.26,38.75],[102.0,38.67],[101.5,38.81],[100.5,38.65],[97.5,39.82],[95.5,39.85],[94.25,39.41],[93.5,39.56],[92.25,39.13],[90.5,39.17],[88.52,38.75],[88.45,38.5],[86.54,38.0],[85.86,37.5],[83.75,36.69],[82.5,36.59],[81.5,36.14],[79.75,36.18]]}},{"type":"Feature","properties":{"level":1016},"geometry":{"type":"LineString","coordinates":[[44.86,36.5],[45.7,36.5],[45.5,36.82],[45.25,36.61],[44.79,37.75],[45.24,38.0],[44.74,38.25],[45.19,39.0],[43.25,40.45],[42.8,40.0],[43.01,39.25],[43.54,39.0],[43.6,38.75],[42.96,38.0],[42.99,37.5],[44.52,37.25],[44.86,36.5]]}},{"type":"Feature","properties":{"level":1016},"geometry":{"type":"LineString","coordinates":[[-91.0,36.95],[-90.75,37.17],[-90.58,37.0],[-91.0,36.95]]}},{"type":"Feature","properties":{"level":1016},"geometry":{"type":"LineString","coordinates":[[-37.5,37.72],[-37.25,38.01],[-36.98,37.75],[-37.5,37.72]]}},{"type":"Feature","properties":{"level":1016},"geometry":{"type":"LineString","coordinates":[[73.75,37.61],[73.55,37.75],[74.0,38.74],[74.93,38.25],[74.97,38.0],[74.5,37.7],[73.75,37.61]]}},{"type":"Feature","properties":{"level":1016},"geometry":{"type":"LineString","coordinates":[[95.47,38.0],[96.5,37.96],[96.92,38.25],[95.75,38.56],[95.3,38.25],[95.47,38.0]]}},{"type":"Feature","properties":{"level":1016},"geometry":{"type":"LineString","coordinates":[[129.25,40.39],[129.2,40.75],[129.49,41.0],[129.39,41.5],[131.5,43.53],[131.67,43.75],[131.5,44.0],[131.75,44.22],[132.1,44.0],[131.9,43.75],[132.5,42.9],[133.7,41.75],[131.75,40.61],[129.25,40.39]]}},{"type":"Feature","properties":{"level":1016},"geometry":{"type":"LineString","coordinates":[[47.92,41.0],[48.43,41.0],[48.0,41.43],[47.5,41.44],[47.54,41.75],[47.0,42.11],[44.5,42.8],[43.66,42.75],[44.25,42.37],[45.75,42.11],[47.92,41.0]]}},{"type":"Feature","properties":{"level":1016},"geometry":{"type":"LineString","coordinates":[[128.5,41.93],[127.75,42.4],[125.75,42.49],[124.75,42.92],[123.75,43.75],[124.0,44.49],[124.5,44.95],[125.0,44.7],[125.0,45.31],[125.25,45.51],[127.0,45.58],[127.66,44.75],[126.98,43.5],[127.5,42.78],[128.36,42.75],[128.22,42.5],[128.52,42.25],[128.5,41.93]]}},{"type":"Feature","properties":{"level":1016},"geometry":{"type":"LineString","coordinates":[[76.75,42.23],[76.54,42.5],[78.17,42.5],[76.75,42.23]]}},{"type":"Feature","properties":{"level":1016},"geometry":{"type":"LineString","coordinates":[[80.25,42.72],[80.59,43.0],[81.22,43.0],[80.25,42.72]]}},{"type":"Feature","properties":{"level":1016},"geometry":{"type":"LineString","coordinates":[[42.81,43.0],[43.25,42.85],[43.52,43.0],[42.75,43.31],[42.25,43.25],[42.81,43.0]]}},{"type":"Feature","properties":{"level":1016},"geometry":{"type":"LineString","coordinates":[[89.19,43.5],[90.71,43.5],[88.5,44.17],[88.0,44.05],[87.86,43.75],[89.19,43.5]]}},{"type":"Feature","properties":{"level":1016},"geometry":{"type":"LineString","coordinates":[[79.75,43.72],[79.25,43.84],[79.23,44.25],[79.75,44.42],[80.75,44.29],[81.77,43.75],[79.75,43.72]]}},{"type":"Feature","properties":{"level":1016},"geometry":{"type":"LineString","coordinates":[[132.25,44.58],[132.06,44.75],[132.25,44.99],[132.5,44.75],[132.25,44.58]]}},{"type":"Feature","properties":{"level":1016},"geometry":{"type":"LineString","coordinates":[[85.95,45.0],[86.25,44.91],[86.26,45.25],[85.75,45.74],[85.5,45.64],[85.47,45.25],[85.95,45.0]]}},{"type":"Feature","properties":{"level":1016},"geometry":{"type":"LineString","coordinates":[[130.5,55.72],[130.75,56.05],[131.66,55.75],[130.5,55.72]]}},{"type":"Feature","properties":{"level":1016},"geometry":{"type":"LineString","coordinates":[[126.75,56.37],[126.75,56.57],[127.76,56.75],[126.75,56.37]]}},{"type":"Feature","properties":{"level":1016},"geometry":{"type":"LineString","coordinates":[[138.68,62.5],[139.32,62.5],[138.79,62.75],[139.0,62.91],[140.0,62.71],[141.0,62.85],[142.0,62.54],[143.25,62.61],[143.39,63.0],[142.25,63.41],[142.06,63.75],[143.74,63.75],[142.0,64.03],[141.84,64.25],[142.0,64.46],[143.0,64.5],[143.25,64.22],[143.67,64.5],[143.32,64.75],[143.45,65.0],[145.25,64.96],[146.0,65.51],[148.5,65.31],[148.7,65.5],[148.0,66.11],[146.5,66.48],[146.25,66.74],[142.25,67.6],[141.25,68.44],[140.0,67.96],[139.94,68.25],[140.49,68.5],[139.75,69.61],[135.25,70.0],[133.55,69.75],[133.98,69.5],[132.25,68.65],[131.75,68.49],[131.0,68.72],[130.75,68.51],[130.83,68.25],[130.48,67.75],[131.25,67.7],[132.0,67.08],[132.75,67.0],[133.0,66.67],[133.14,66.25],[132.75,65.68],[130.75,65.4],[129.0,65.99],[128.0,65.99],[126.98,65.5],[127.28,64.75],[129.0,64.69],[129.5,64.47],[130.25,64.99],[131.0,64.8],[131.25,65.12],[131.75,65.21],[132.0,64.48],[132.75,64.53],[134.25,63.94],[134.75,64.1],[136.0,63.61],[136.5,63.77],[137.25,63.35],[138.0,63.34],[137.77,63.0],[138.68,62.5]]}},{"type":"Feature","properties":{"level":1016},"geometry":{"type":"LineString","coordinates":[[146.69,66.75],[147.07,66.75],[147.0,67.09],[146.54,67.0],[146.69,66.75]]}},{"type":"Feature","properties":{"level":1016},"geometry":{"type":"LineString","coordinates":[[-43.24,67.5],[-42.75,67.45],[-42.0,67.8],[-39.5,69.44],[-37.36,71.25],[-37.12,72.25],[-34.5,72.97],[-31.73,74.25],[-31.49,74.5],[-31.76,75.0],[-30.46,75.75],[-29.9,76.75],[-32.75,78.0],[-38.25,79.59],[-42.75,80.24],[-50.0,79.53],[-54.7,78.0],[-57.8,77.5],[-52.48,76.75],[-48.75,75.53],[-47.75,74.75],[-42.83,74.25],[-42.74,74.0],[-43.07,73.75],[-45.24,73.25],[-46.26,72.5],[-44.44,70.25],[-44.03,69.5],[-44.44,69.25],[-44.22,68.5],[-43.97,68.0],[-43.24,67.5]]}},{"type":"Feature","properties":{"level":1016},"geometry":{"type":"LineString","coordinates":[[140.91,68.75],[141.54,68.75],[140.91,68.75]]}},{"type":"Feature","properties":{"level":1016},"geometry":{"type":"LineString","coordinates":[[180.0,74.21],[176.47,73.0],[172.75,70.04],[171.0,70.06],[170.25,69.83],[169.5,68.98],[166.5,68.96],[163.5,69.36],[162.75,69.23],[162.46,69.0],[162.75,68.69],[163.25,68.82],[163.61,68.5],[162.87,67.5],[163.0,67.16],[163.57,67.0],[162.0,67.0],[162.12,66.75],[163.5,66.55],[163.7,66.25],[161.34,66.0],[161.55,65.5],[162.47,65.0],[161.93,64.25],[161.81,63.75],[161.99,63.5],[165.32,62.5],[166.0,61.82],[166.95,61.5],[166.13,61.0],[166.54,60.5],[166.38,60.25],[166.61,57.0],[166.49,54.75],[167.09,54.25],[167.24,53.25],[167.97,52.0],[169.0,51.22],[170.5,50.71],[174.91,48.25],[176.61,46.5],[177.47,45.0],[177.67,43.0],[177.25,41.5],[176.41,40.5],[175.0,39.52],[173.93,39.25],[169.5,39.18],[163.5,38.48],[162.5,38.58],[161.62,39.0],[161.5,39.55],[160.75,39.51],[159.91,41.0],[160.05,41.75],[159.5,42.66],[158.68,43.5],[157.0,44.52],[153.0,44.92],[151.5,44.74],[149.5,44.13],[148.5,44.23],[146.75,44.0],[145.25,44.33],[143.0,43.86],[142.5,44.26],[139.0,44.05],[136.75,44.82],[136.86,45.5],[137.19,45.75],[136.25,46.68],[135.25,46.78],[134.5,46.54],[133.5,46.82],[132.25,46.64],[130.53,47.0],[130.39,47.25],[130.58,48.0],[129.89,48.75],[127.59,49.25],[126.5,50.26],[126.13,50.0],[126.25,49.67],[125.47,49.25],[125.47,48.75],[124.75,48.69],[123.99,49.5],[124.02,50.25],[125.1,51.25],[125.2,52.0],[124.75,52.91],[123.5,53.25],[122.88,53.75],[124.5,54.31],[127.01,54.25],[126.3,54.75],[126.48,55.0],[126.31,55.5],[129.0,55.59],[131.5,54.78],[132.57,55.0],[133.07,56.0],[132.71,56.5],[132.25,56.67],[131.25,56.74],[130.0,57.31],[128.37,57.5],[129.0,57.75],[129.25,58.0],[129.15,58.25],[128.14,59.0],[127.83,59.75],[126.26,61.75],[125.0,62.82],[122.38,64.0],[122.5,65.0],[123.25,66.82],[125.74,68.5],[126.14,69.0],[128.55,70.25],[128.65,70.75],[128.39,71.0],[127.75,71.29],[125.75,71.38],[124.75,71.16],[118.25,71.11],[110.5,72.22],[106.0,73.21],[103.25,74.08],[96.75,74.77],[92.0,74.99],[71.5,73.5],[57.25,73.75],[55.5,74.22],[51.25,73.8],[44.5,73.54],[36.75,72.7],[30.5,70.64],[28.5,70.48],[25.75,69.75],[19.75,66.9],[19.72,66.5],[17.85,65.0],[17.94,64.75],[17.14,64.5],[15.23,63.0],[12.5,62.29],[12.25,62.53],[11.0,62.25],[9.75,61.87],[9.6,61.75],[9.75,61.48],[9.0,61.63],[7.25,60.78],[7.0,60.38],[6.58,60.25],[6.5,59.52],[4.5,57.45],[0.61,54.5],[0.0,53.76],[-2.75,52.37],[-4.25,52.34],[-4.27,52.75],[-4.0,53.2],[-3.73,53.25],[-4.18,53.5],[-4.5,54.14],[-6.25,54.48],[-14.25,53.8],[-25.0,54.35],[-30.75,54.2],[-33.43,53.75],[-36.5,52.1],[-37.61,50.5],[-38.4,48.0],[-38.98,42.25],[-38.89,39.75],[-38.38,39.0],[-38.43,38.5],[-38.94,37.75],[-40.25,36.55],[-42.5,35.14],[-44.25,34.52],[-45.5,34.71],[-46.89,34.0],[-47.36,32.75],[-48.25,32.0],[-50.25,31.28],[-52.5,31.06],[-54.25,30.53],[-57.25,31.41],[-57.99,32.25],[-59.13,32.75],[-60.55,34.0],[-65.45,36.25],[-65.67,37.0],[-65.33,38.0],[-65.51,38.5],[-64.95,39.25],[-64.76,40.5],[-65.06,41.5],[-68.11,46.0],[-69.02,48.0],[-69.75,48.23],[-71.18,52.0],[-71.12,52.5],[-73.25,54.84],[-74.5,56.61],[-76.75,58.25],[-79.5,58.77],[-85.0,58.92],[-87.5,58.53],[-91.25,57.26],[-91.84,56.0],[-91.34,54.5],[-93.0,52.8],[-96.25,49.91],[-98.0,48.69],[-99.0,48.65],[-99.89,48.0],[-100.0,47.49],[-102.25,46.77],[-102.91,46.0],[-102.75,45.73],[-102.25,46.09],[-102.14,45.5],[-101.72,45.25],[-101.82,45.0],[-101.04,44.25],[-100.0,43.94],[-99.5,44.2],[-98.57,43.75],[-98.0,43.13],[-96.75,42.8],[-95.66,41.75],[-94.64,40.25],[-93.25,39.36],[-92.85,38.25],[-91.6,37.5],[-91.9,37.25],[-92.07,36.0],[-92.94,35.75],[-92.92,35.5],[-91.5,35.67],[-90.0,36.58],[-89.22,36.5],[-89.24,36.0],[-90.99,34.5],[-91.75,34.18],[-92.75,34.14],[-93.75,33.62],[-94.89,32.75],[-95.5,31.83],[-95.55,30.5],[-92.52,28.0],[-91.0,27.46],[-89.75,27.48],[-87.5,26.94],[-86.75,26.92],[-85.25,27.41],[-81.75,26.0],[-79.75,26.28],[-78.33,25.75],[-76.75,25.52],[-75.5,24.87],[-72.35,22.25],[-70.75,21.79],[-70.0,22.3],[-68.75,21.61],[-66.75,21.85],[-65.75,21.54],[-64.25,22.11],[-63.0,22.14],[-62.5,22.48],[-60.0,22.05],[-59.5,22.2],[-58.0,21.89],[-57.25,21.48],[-54.25,21.69],[-53.0,21.28],[-52.25,21.57],[-51.75,21.32],[-51.0,21.65],[-48.5,21.47],[-48.25,21.12],[-48.0,21.24],[-47.5,20.96],[-46.5,21.15],[-42.75,21.0],[-36.25,21.75],[-33.75,22.7],[-33.5,22.5],[-33.0,22.68],[-32.75,22.44],[-32.5,22.85],[-32.0,22.54],[-27.5,22.72],[-26.5,22.45],[-25.52,22.75],[-25.25,23.22],[-24.0,24.03],[-22.25,24.3],[-16.5,27.37],[-15.0,27.09],[-11.5,28.48],[-10.75,29.26],[-10.12,29.0],[-10.62,28.5],[-10.79,27.75],[-10.0,27.25],[-8.5,28.18],[-5.25,28.89],[-4.5,29.33],[-2.25,28.92],[-0.5,29.08],[1.75,29.69],[4.05,29.5],[4.75,28.83],[5.09,27.75],[5.0,27.49],[4.42,27.25],[4.59,26.5],[4.05,25.5],[4.5,24.95],[5.07,25.0],[5.45,26.0],[5.94,26.25],[6.22,26.75],[5.62,27.25],[5.75,27.63],[6.5,27.43],[6.5,28.0],[8.0,28.31],[8.82,27.75],[9.46,26.5],[8.85,26.0],[9.12,25.75],[8.75,25.53],[8.25,25.83],[8.0,25.56],[7.16,25.5],[7.39,25.25],[7.25,24.96],[8.03,24.25],[7.52,23.75],[7.86,23.5],[8.0,22.91],[8.63,23.25],[8.75,24.02],[9.25,23.87],[9.5,24.09],[11.0,23.15],[12.25,22.76],[13.5,23.36],[14.25,23.23],[14.75,23.41],[15.5,22.51],[18.25,23.22],[18.82,22.25],[18.0,21.09],[16.5,21.42],[16.41,21.0],[17.5,20.56],[18.0,20.66],[18.41,19.75],[18.75,19.68],[19.75,21.15],[21.5,22.23],[23.25,22.77],[24.75,24.1],[25.75,23.51],[26.25,23.57],[27.5,26.03],[28.12,26.25],[27.73,26.75],[28.44,27.75],[28.54,28.5],[28.34,29.0],[27.5,29.26],[27.08,30.0],[28.45,31.0],[26.38,34.25],[25.45,34.75],[26.11,35.25],[25.66,36.75],[26.0,37.7],[26.5,38.28],[28.64,38.5],[28.53,39.0],[28.83,39.5],[28.17,41.0],[28.65,41.5],[29.0,42.57],[30.09,44.25],[31.5,46.03],[34.18,47.75],[36.25,48.35],[38.5,48.23],[42.0,47.47],[47.5,47.3],[48.75,45.82],[49.27,45.75],[50.0,45.09],[51.0,45.06],[51.43,44.75],[51.53,44.25],[51.99,43.75],[53.84,42.25],[55.73,40.25],[56.84,40.0],[58.75,39.0],[61.48,37.5],[62.0,36.81],[62.5,36.95],[63.69,35.75],[63.0,35.27],[62.5,35.29],[62.25,36.31],[61.5,35.98],[61.33,35.25],[61.75,34.68],[64.25,34.31],[65.25,33.89],[66.0,34.1],[66.25,34.46],[68.5,34.44],[68.91,34.75],[68.79,35.0],[69.25,35.16],[71.25,35.19],[71.5,35.44],[73.0,35.12],[74.57,33.5],[75.25,33.31],[75.75,32.81],[76.25,32.85],[76.5,32.24],[77.25,32.2],[77.5,31.69],[78.75,30.63],[79.5,30.53],[79.75,30.09],[80.5,29.97],[81.5,29.41],[82.0,29.79],[82.09,29.5],[81.69,29.25],[81.76,29.0],[83.0,28.42],[84.5,28.3],[86.5,27.49],[87.25,27.6],[88.0,27.25],[88.5,27.51],[88.75,27.2],[89.75,26.98],[90.0,27.34],[90.25,27.13],[91.5,27.37],[91.75,27.0],[92.5,27.35],[93.25,28.1],[94.42,28.5],[95.0,29.11],[95.25,28.57],[95.75,28.54],[96.5,28.04],[97.0,27.3],[97.2,27.75],[97.75,27.87],[98.71,27.25],[98.25,25.36],[99.18,26.75],[99.05,27.25],[99.5,27.68],[100.0,27.41],[100.58,28.5],[100.41,29.5],[100.0,30.04],[99.5,30.19],[99.19,29.75],[99.98,29.25],[99.75,28.57],[99.25,28.2],[99.06,28.75],[98.47,29.25],[98.25,29.33],[98.0,28.91],[97.25,29.81],[95.25,30.83],[94.25,31.03],[93.36,30.25],[93.69,29.75],[92.81,29.5],[93.27,29.0],[92.33,28.75],[92.5,28.19],[91.25,28.65],[88.75,28.42],[88.25,28.17],[86.55,28.5],[85.0,29.15],[84.0,29.23],[83.75,29.48],[83.0,29.43],[82.86,29.5],[83.16,29.75],[82.84,30.25],[83.75,30.48],[84.0,30.31],[84.05,30.5],[83.5,30.92],[81.25,31.42],[80.99,31.25],[81.87,30.75],[81.0,30.45],[78.36,31.75],[77.97,32.25],[78.41,32.5],[77.96,32.75],[78.07,33.0],[77.5,33.08],[76.87,33.75],[76.8,34.25],[77.26,34.5],[77.26,34.75],[78.13,34.5],[78.24,35.0],[77.39,36.0],[78.5,36.23],[78.75,35.9],[79.25,35.89],[80.75,35.16],[81.5,35.14],[83.25,35.85],[84.0,35.79],[86.0,36.29],[86.26,36.75],[86.67,36.75],[86.75,36.36],[87.5,36.33],[87.7,36.5],[87.61,36.75],[87.2,37.0],[88.75,37.35],[88.95,37.75],[88.74,38.0],[89.75,38.16],[89.62,38.5],[90.0,38.83],[90.5,38.57],[91.25,38.86],[92.75,38.82],[93.0,39.07],[94.25,39.17],[95.5,38.94],[95.75,39.33],[98.25,39.03],[99.03,38.5],[98.25,38.32],[97.75,38.9],[97.0,38.93],[96.89,38.75],[98.0,38.09],[98.25,38.2],[99.68,37.5],[100.85,37.25],[100.92,36.75],[100.56,36.5],[101.27,36.0],[100.96,34.75],[101.75,34.16],[102.25,34.6],[102.45,34.5],[102.05,34.25],[102.25,33.72],[103.0,34.21],[103.18,33.25],[103.53,33.0],[102.64,32.75],[103.75,32.5],[103.75,32.0],[104.4,32.75],[103.85,33.25],[103.97,33.5],[104.5,33.37],[104.75,33.58],[106.25,33.62],[107.0,33.95],[107.82,33.75],[107.84,34.0],[106.94,34.5],[107.34,34.75],[107.36,35.5],[107.78,35.75],[107.74,36.5],[108.25,36.36],[108.5,35.95],[108.95,36.25],[108.25,36.78],[109.0,36.63],[110.75,37.4],[110.64,37.0],[111.24,36.5],[110.97,36.25],[111.0,35.91],[111.31,36.25],[111.41,37.0],[112.25,37.56],[112.32,37.25],[111.83,36.75],[112.0,36.0],[111.69,35.5],[112.25,35.16],[112.47,35.25],[112.5,35.64],[112.75,35.34],[113.25,35.35],[113.97,35.75],[113.89,36.25],[114.75,37.6],[115.83,37.0],[116.08,36.5],[115.37,35.5],[115.25,34.0],[115.75,33.14],[115.96,32.0],[114.39,31.5],[115.08,31.25],[115.08,30.5],[114.5,29.55],[114.0,29.46],[113.73,29.0],[113.75,28.14],[114.0,27.91],[114.58,28.0],[114.03,27.5],[114.07,26.75],[113.69,26.0],[114.0,25.8],[115.0,27.22],[117.25,26.24],[117.25,25.88],[117.0,25.93],[116.62,25.5],[116.57,24.5],[115.75,23.8],[115.38,23.75],[114.91,23.0],[116.25,22.61],[118.5,22.85],[119.18,23.25],[120.05,24.5],[121.0,25.02],[120.51,23.25],[120.75,22.07],[123.75,22.48],[126.75,23.27],[131.25,23.6],[133.0,24.28],[136.25,24.38],[137.0,24.59],[138.5,24.46],[139.25,24.75],[140.33,25.75],[141.25,26.02],[142.23,25.5],[142.87,24.25],[143.5,23.76],[144.5,23.17],[146.25,22.72],[148.0,22.86],[151.5,22.48],[153.5,22.61],[169.5,21.52],[175.25,21.8],[180.0,22.4]]}},{"type":"Feature","properties":{"level":1020},"geometry":{"type":"LineString","coordinates":[[180.0,-88.39],[135.75,-88.56],[129.5,-88.37],[126.27,-88.0],[125.91,-87.75],[127.0,-87.3],[132.69,-86.0],[132.84,-85.75],[132.54,-85.0],[133.73,-84.5],[133.3,-84.0],[134.15,-83.5],[133.05,-83.0],[134.33,-82.5],[134.7,-82.25],[134.57,-82.0],[134.77,-81.75],[135.82,-81.25],[135.75,-80.93],[134.25,-80.18],[129.75,-79.94],[128.38,-79.25],[128.08,-79.0],[128.22,-78.75],[129.18,-77.75],[131.0,-76.94],[139.0,-75.1],[141.31,-74.25],[142.17,-73.0],[140.93,-71.5],[141.43,-71.0],[139.56,-70.25],[136.25,-70.24],[134.25,-70.3],[131.0,-70.82],[120.75,-71.31],[113.25,-71.01],[106.0,-70.13],[95.75,-70.15],[88.75,-71.44],[87.75,-71.82],[87.48,-72.25],[87.65,-73.25],[88.68,-74.75],[88.9,-76.25],[88.56,-77.0],[87.91,-77.5],[84.5,-78.57],[77.99,-79.25],[75.5,-80.58],[72.0,-81.15],[60.75,-81.36],[52.0,-80.7],[49.5,-79.98],[46.04,-78.5],[45.88,-78.25],[46.05,-77.5],[45.25,-76.13],[43.5,-75.69],[41.0,-75.6],[37.56,-76.25],[38.25,-77.48],[38.74,-77.75],[38.0,-78.06],[31.5,-78.5],[26.75,-78.5],[22.75,-79.01],[20.98,-79.75],[21.42,-80.25],[20.87,-80.5],[21.85,-80.75],[21.52,-81.25],[20.5,-81.41],[9.75,-81.54],[-6.5,-82.74],[-24.5,-85.11],[-35.51,-86.0],[-57.77,-86.5],[-84.43,-88.0],[-94.0,-88.24],[-145.75,-88.66],[-180.0,-88.39]]}},{"type":"Feature","properties":{"level":1020},"geometry":{"type":"LineString","coordinates":[[39.25,-78.12],[38.75,-77.75],[39.35,-77.25],[40.83,-77.5],[40.0,-77.99],[39.25,-78.12]]}},{"type":"Feature","properties":{"level":1020},"geometry":{"type":"LineString","coordinates":[[-60.7,-57.75],[-58.5,-57.97],[-54.5,-57.64],[-52.5,-57.3],[-50.18,-56.5],[-46.88,-55.75],[-45.07,-54.5],[-44.71,-54.0],[-44.52,-53.25],[-46.2,-51.75],[-45.66,-50.5],[-44.75,-49.86],[-40.5,-50.06],[-36.75,-51.67],[-34.5,-51.86],[-33.0,-51.64],[-31.43,-50.75],[-27.25,-49.29],[-20.27,-44.0],[-18.47,-41.75],[-17.3,-38.75],[-16.89,-38.25],[-17.0,-37.77],[-17.7,-37.0],[-17.64,-36.0],[-18.09,-35.5],[-18.01,-34.75],[-19.75,-34.11],[-21.25,-34.12],[-21.75,-33.46],[-22.25,-33.87],[-22.75,-33.56],[-23.25,-33.86],[-23.75,-33.41],[-24.5,-33.24],[-24.46,-33.5],[-25.25,-33.88],[-26.5,-33.31],[-27.0,-33.56],[-29.25,-33.16],[-30.75,-33.32],[-31.75,-32.91],[-34.45,-32.5],[-34.5,-32.25],[-38.75,-31.65],[-39.5,-31.3],[-42.5,-31.35],[-44.25,-32.12],[-45.5,-32.06],[-47.25,-32.51],[-47.75,-32.34],[-49.75,-32.99],[-53.0,-32.82],[-55.5,-33.0],[-55.75,-32.65],[-56.5,-32.51],[-58.5,-32.52],[-61.25,-32.11],[-63.0,-31.38],[-63.55,-30.25],[-64.0,-29.96],[-64.5,-30.67],[-65.25,-30.57],[-65.44,-30.75],[-64.88,-31.5],[-64.51,-32.75],[-65.25,-33.61],[-66.75,-34.1],[-67.46,-33.5],[-67.76,-32.5],[-67.12,-31.0],[-67.25,-30.76],[-68.0,-31.0],[-68.25,-31.53],[-68.69,-31.0],[-68.86,-30.5],[-68.3,-30.0],[-68.32,-29.0],[-68.5,-28.76],[-68.75,-29.13],[-68.97,-28.5],[-68.15,-27.75],[-68.25,-27.25],[-67.92,-26.5],[-68.2,-26.0],[-67.75,-25.7],[-67.75,-26.13],[-67.5,-25.93],[-67.0,-26.41],[-66.62,-26.0],[-66.61,-25.25],[-66.18,-24.5],[-66.3,-24.0],[-67.13,-23.0],[-67.0,-22.47],[-67.5,-22.14],[-67.86,-21.25],[-68.22,-21.0],[-68.25,-20.39],[-67.25,-20.53],[-67.11,-20.25],[-67.25,-20.02],[-68.0,-19.95],[-68.54,-20.25],[-68.5,-19.86],[-68.13,-19.5],[-68.25,-19.36],[-68.5,-19.69],[-68.65,-19.5],[-68.78,-17.5],[-70.75,-15.15],[-72.5,-14.34],[-73.25,-14.54],[-73.75,-14.35],[-74.22,-14.5],[-73.75,-14.85],[-73.45,-14.75],[-72.86,-15.25],[-72.75,-15.67],[-72.08,-15.5],[-72.0,-15.81],[-71.25,-16.53],[-70.75,-16.63],[-70.72,-17.0],[-70.06,-17.5],[-69.14,-19.5],[-68.82,-21.5],[-68.17,-22.25],[-67.95,-23.25],[-68.25,-23.96],[-68.75,-23.93],[-69.02,-24.25],[-68.92,-24.5],[-69.31,-25.0],[-69.09,-25.75],[-69.12,-26.25],[-69.4,-26.5],[-69.35,-27.0],[-70.18,-29.0],[-70.6,-29.5],[-70.41,-30.0],[-70.73,-31.5],[-70.48,-32.0],[-70.46,-33.25],[-70.18,-33.75],[-70.5,-34.0],[-70.25,-34.25],[-70.67,-35.5],[-70.57,-36.25],[-71.01,-36.5],[-71.49,-37.75],[-71.75,-37.83],[-71.93,-37.0],[-71.25,-34.94],[-71.81,-35.0],[-72.25,-35.62],[-72.46,-35.5],[-72.14,-35.0],[-72.5,-34.66],[-72.41,-33.5],[-72.84,-31.5],[-73.25,-30.39],[-74.29,-29.0],[-74.18,-27.75],[-75.17,-26.0],[-74.86,-25.5],[-76.0,-24.69],[-76.25,-23.87],[-76.75,-23.64],[-77.24,-22.5],[-77.74,-22.0],[-78.0,-22.55],[-78.5,-22.69],[-78.48,-23.0],[-78.75,-23.07],[-79.36,-22.75],[-79.5,-22.34],[-81.75,-21.54],[-85.0,-20.84],[-87.25,-21.2],[-88.5,-20.96],[-89.25,-21.03],[-91.0,-22.28],[-92.31,-22.75],[-92.65,-23.25],[-92.57,-24.5],[-92.34,-25.75],[-91.48,-27.5],[-90.99,-29.75],[-91.01,-31.0],[-90.64,-32.0],[-90.69,-33.5],[-90.27,-35.25],[-90.43,-38.5],[-89.5,-42.15],[-88.82,-43.75],[-88.0,-44.5],[-87.7,-46.0],[-84.58,-48.0],[-80.25,-49.7],[-74.75,-53.22],[-72.85,-54.0],[-70.5,-55.5],[-70.26,-55.0],[-69.53,-55.0],[-69.14,-55.25],[-68.88,-56.0],[-68.25,-56.39],[-65.5,-57.08],[-60.7,-57.75]]}},{"type":"Feature","properties":{"level":1020},"geometry":{"type":"LineString","coordinates":[[148.14,-55.75],[153.75,-55.99],[158.5,-55.75],[161.75,-55.29],[164.25,-53.99],[165.51,-52.5],[166.03,-51.5],[166.36,-49.75],[166.28,-48.5],[165.61,-47.0],[164.21,-45.75],[163.24,-44.0],[162.96,-42.75],[162.82,-38.75],[164.25,-35.55],[166.75,-32.47],[168.03,-31.5],[168.62,-30.75],[169.94,-30.0],[170.12,-28.75],[169.26,-27.75],[168.75,-26.66],[168.0,-26.77],[167.46,-26.0],[162.25,-22.98],[157.0,-21.41],[153.75,-21.61],[153.0,-21.81],[152.75,-22.23],[152.0,-22.21],[151.5,-22.54],[150.75,-22.43],[149.75,-23.48],[149.0,-23.63],[149.27,-24.75],[148.11,-25.25],[147.7,-25.75],[147.89,-26.5],[147.61,-27.25],[145.75,-28.13],[145.33,-29.0],[144.5,-29.71],[142.0,-30.15],[140.75,-29.91],[140.0,-30.22],[139.5,-29.81],[139.25,-29.87],[138.53,-30.5],[137.75,-32.04],[137.25,-31.79],[136.5,-32.11],[135.0,-33.84],[132.51,-35.0],[131.91,-35.75],[131.02,-39.25],[131.16,-40.25],[131.47,-40.75],[131.62,-44.0],[132.78,-46.75],[134.54,-49.5],[137.75,-52.18],[140.75,-53.76],[144.0,-54.88],[148.14,-55.75]]}},{"type":"Feature","properties":{"level":1020},"geometry":{"type":"LineString","coordinates":[[60.41,-48.25],[64.5,-48.11],[66.75,-46.87],[70.25,-43.67],[72.49,-40.75],[74.8,-37.0],[75.79,-34.75],[76.15,-33.5],[76.08,-31.25],[77.3,-29.5],[78.5,-28.43],[79.84,-25.5],[80.72,-24.75],[80.76,-24.0],[79.5,-22.53],[77.5,-21.66],[75.25,-21.42],[75.0,-21.2],[70.5,-20.85],[68.75,-20.38],[67.5,-20.52],[65.0,-19.98],[62.75,-20.17],[61.75,-19.89],[59.75,-20.1],[57.75,-19.95],[57.25,-20.36],[56.25,-20.09],[55.63,-20.25],[55.35,-20.5],[55.51,-20.75],[55.0,-20.83],[54.0,-20.34],[50.5,-20.3],[49.25,-20.82],[48.5,-21.74],[47.62,-23.75],[47.65,-26.0],[46.71,-27.5],[40.56,-31.75],[40.64,-33.0],[41.14,-33.5],[41.59,-34.75],[43.16,-36.75],[46.0,-38.78],[47.13,-40.5],[47.97,-41.25],[47.9,-41.5],[50.0,-43.09],[50.42,-43.75],[55.25,-46.61],[57.0,-46.97],[60.41,-48.25]]}},{"type":"Feature","properties":{"level":1020},"geometry":{"type":"LineString","coordinates":[[-69.5,-31.89],[-69.56,-31.0],[-69.25,-30.74],[-69.15,-31.25],[-69.5,-31.89]]}},{"type":"Feature","properties":{"level":1020},"geometry":{"type":"LineString","coordinates":[[-65.79,-30.5],[-65.62,-30.5],[-65.79,-30.5]]}},{"type":"Feature","properties":{"level":1020},"geometry":{"type":"LineString","coordinates":[[-68.04,-30.25],[-67.67,-30.0],[-67.5,-29.08],[-67.25,-29.21],[-67.01,-29.0],[-67.17,-28.75],[-67.5,-28.93],[-67.64,-28.75],[-67.75,-27.89],[-68.0,-28.36],[-68.53,-28.5],[-68.5,-28.72],[-68.25,-28.58],[-68.18,-29.25],[-67.87,-29.5],[-68.04,-30.25]]}},{"type":"Feature","properties":{"level":1020},"geometry":{"type":"LineString","coordinates":[[-65.32,-29.25],[-64.99,-29.25],[-65.0,-28.48],[-65.67,-28.75],[-65.32,-29.25]]}},{"type":"Feature","properties":{"level":1020},"geometry":{"type":"LineString","coordinates":[[-180.0,-27.58],[-179.75,-28.21],[-178.24,-30.0],[-176.0,-32.03],[-171.5,-35.19],[-168.5,-36.73],[-163.5,-38.7],[-158.75,-39.94],[-155.75,-40.99],[-149.0,-41.8],[-147.0,-41.6],[-144.5,-41.79],[-143.25,-41.41],[-132.0,-41.52],[-129.5,-41.27],[-124.25,-40.25],[-118.5,-37.84],[-116.48,-37.25],[-116.17,-36.75],[-115.11,-36.0],[-114.0,-34.49],[-111.12,-29.5],[-111.5,-29.14],[-111.33,-28.5],[-112.0,-27.62],[-114.75,-26.59],[-117.0,-26.54],[-118.0,-26.24],[-122.25,-26.65],[-124.0,-26.52],[-124.75,-26.76],[-126.25,-26.4],[-129.75,-26.45],[-135.75,-27.76],[-136.25,-27.14],[-137.0,-27.52],[-138.5,-27.73],[-139.75,-27.06],[-140.75,-27.63],[-141.25,-27.1],[-142.5,-27.31],[-142.75,-27.7],[-143.5,-27.96],[-145.0,-27.44],[-146.25,-27.85],[-146.75,-27.69],[-147.5,-27.74],[-148.0,-28.07],[-148.5,-27.91],[-149.0,-28.22],[-150.25,-27.86],[-150.5,-27.51],[-151.0,-28.04],[-151.75,-27.03],[-152.25,-27.27],[-153.5,-26.35],[-155.0,-25.73],[-159.25,-25.24],[-160.0,-25.34],[-162.25,-24.8],[-165.25,-25.03],[-167.5,-24.69],[-168.25,-24.86],[-171.25,-24.6],[-174.5,-25.14],[-175.0,-25.4],[-175.25,-25.12],[-177.0,-25.47],[-178.0,-26.0],[-178.25,-25.75],[-179.02,-26.75],[-179.5,-26.73],[-180.0,-27.41]]}},{"type":"Feature","properties":{"level":1020},"geometry":{"type":"LineString","coordinates":[[180.0,-27.41],[180.0,-27.58]]}},{"type":"Feature","properties":{"level":1020},"geometry":{"type":"LineString","coordinates":[[47.67,-20.5],[47.87,-20.5],[48.1,-19.75],[48.0,-19.3],[47.62,-19.75],[47.67,-20.5]]}},{"type":"Feature","properties":{"level":1020},"geometry":{"type":"LineString","coordinates":[[-74.87,-13.75],[-74.63,-13.75],[-74.76,-13.5],[-74.58,-13.25],[-76.08,-11.5],[-75.77,-11.0],[-76.0,-10.53],[-76.5,-10.5],[-77.3,-9.25],[-77.43,-10.0],[-77.1,-10.25],[-76.75,-11.29],[-76.15,-11.75],[-76.25,-12.0],[-74.87,-13.75]]}},{"type":"Feature","properties":{"level":1020},"geometry":{"type":"LineString","coordinates":[[-78.68,-2.25],[-78.5,-2.38],[-78.4,-2.0],[-78.75,-0.87],[-78.68,-2.25]]}},{"type":"Feature","properties":{"level":1020},"geometry":{"type":"LineString","coordinates":[[-78.39,-1.0],[-77.96,-0.5],[-78.0,0.16],[-78.58,-0.5],[-78.39,-1.0]]}},{"type":"Feature","properties":{"level":1020},"geometry":{"type":"LineString","coordinates":[[120.92,23.25],[121.0,23.04],[121.57,24.0],[121.5,24.54],[121.2,24.5],[120.92,23.25]]}},{"type":"Feature","properties":{"level":1020},"geometry":{"type":"LineString","coordinates":[[18.05,26.75],[19.25,26.59],[20.25,26.92],[20.52,27.25],[20.02,28.25],[20.34,28.5],[20.3,28.75],[19.65,29.25],[20.51,29.5],[20.11,31.75],[20.25,32.33],[20.67,32.5],[20.0,32.73],[19.92,33.0],[20.2,33.5],[20.3,34.75],[19.13,38.0],[19.6,38.75],[19.2,40.0],[19.5,40.75],[19.5,41.92],[20.65,41.75],[20.92,41.25],[20.54,41.0],[21.75,40.21],[22.0,40.07],[22.25,40.44],[22.5,39.55],[22.75,39.81],[22.55,39.5],[23.08,39.25],[22.82,38.75],[23.25,38.42],[24.0,38.61],[24.33,39.0],[24.25,39.23],[23.75,39.38],[22.87,40.25],[22.76,41.5],[23.75,42.11],[25.0,41.73],[25.25,41.25],[26.0,41.22],[26.5,41.94],[27.45,42.25],[26.39,42.75],[27.42,43.0],[27.34,43.5],[27.97,44.75],[29.75,47.32],[30.75,48.16],[32.7,49.0],[34.0,50.47],[34.75,50.62],[35.5,51.31],[36.5,51.56],[37.0,51.45],[37.75,51.76],[38.82,51.5],[39.25,51.14],[42.0,50.9],[45.25,49.82],[48.75,49.21],[50.75,48.15],[52.01,47.0],[54.34,45.5],[56.77,43.0],[59.75,42.11],[60.75,41.93],[62.5,42.06],[63.0,42.3],[64.51,42.25],[64.89,43.0],[67.5,44.0],[68.75,43.28],[69.75,43.17],[70.25,42.74],[70.43,42.5],[69.87,42.0],[70.04,41.75],[69.81,41.25],[70.12,41.0],[69.75,40.75],[70.0,40.69],[71.08,41.25],[70.57,41.75],[70.75,41.94],[71.7,42.0],[71.09,41.5],[71.25,41.41],[72.0,41.85],[72.38,41.75],[72.5,42.05],[73.75,41.88],[73.93,42.0],[73.58,42.25],[73.75,42.34],[75.0,42.23],[77.25,42.79],[78.11,43.25],[77.75,43.45],[76.0,43.14],[75.13,43.25],[75.36,42.75],[73.42,43.0],[73.58,43.25],[73.44,43.75],[73.75,44.08],[74.75,43.69],[75.81,44.0],[75.0,44.81],[75.75,44.79],[76.5,45.1],[80.25,45.24],[81.06,45.5],[81.02,45.75],[81.25,45.85],[82.25,45.47],[82.77,46.0],[82.64,46.25],[81.75,46.98],[81.25,46.77],[80.97,47.0],[81.25,47.11],[82.5,47.01],[83.75,46.43],[85.0,46.75],[85.25,47.19],[86.98,47.25],[87.0,47.59],[87.24,47.5],[87.12,47.0],[88.39,46.75],[88.33,47.25],[87.6,47.75],[87.85,48.25],[87.25,48.58],[86.25,48.62],[86.07,48.5],[86.3,48.25],[86.0,48.02],[85.25,48.11],[84.96,48.5],[87.25,49.13],[87.5,49.49],[88.75,49.48],[89.25,49.75],[89.5,49.54],[90.25,50.07],[91.75,49.4],[92.75,49.7],[94.01,49.5],[93.75,50.09],[92.75,49.89],[91.84,50.25],[92.75,50.7],[94.25,50.75],[96.0,50.19],[96.75,50.21],[96.75,50.93],[97.5,51.3],[98.0,51.12],[98.5,51.36],[99.25,50.91],[99.65,51.25],[98.97,51.5],[99.5,51.65],[100.25,51.36],[100.75,51.6],[102.0,51.08],[103.19,51.0],[103.62,50.5],[104.25,48.88],[105.5,48.69],[106.5,48.95],[107.75,48.25],[110.5,48.2],[110.5,48.54],[111.25,48.79],[114.39,49.25],[114.33,49.75],[114.64,50.0],[114.23,50.5],[114.29,51.25],[113.18,52.0],[113.2,52.5],[111.59,53.25],[111.79,53.5],[111.54,53.75],[112.25,53.93],[112.5,54.29],[113.41,54.75],[113.1,55.0],[113.25,55.25],[114.0,55.15],[114.16,55.25],[113.84,55.5],[114.25,55.59],[116.0,55.37],[116.97,56.0],[117.25,56.52],[118.0,56.38],[120.25,56.91],[120.41,56.75],[120.25,56.45],[121.25,56.36],[121.56,56.5],[121.25,56.93],[120.52,57.0],[122.67,57.5],[122.76,58.25],[122.5,58.97],[121.14,60.5],[116.31,63.0],[118.25,64.72],[119.86,67.0],[120.84,67.75],[121.35,69.0],[118.75,69.72],[116.5,69.77],[111.75,70.4],[109.55,71.25],[101.25,72.81],[92.75,73.9],[88.5,73.88],[72.25,72.27],[64.0,72.04],[53.0,72.58],[40.0,71.59],[29.5,69.31],[25.36,68.0],[24.22,67.5],[21.78,65.25],[17.75,62.71],[12.09,60.75],[9.75,59.45],[8.5,59.72],[8.3,59.5],[8.49,59.0],[7.49,58.0],[6.75,56.64],[4.49,54.75],[1.25,51.47],[-1.04,50.25],[-1.25,49.66],[-1.75,49.66],[-2.25,50.0],[-2.88,49.5],[-3.14,49.0],[-2.0,48.84],[-1.55,48.5],[-2.0,47.95],[-3.0,47.83],[-3.25,48.52],[-4.0,48.19],[-4.5,49.0],[-7.25,48.18],[-6.92,49.5],[-7.5,50.92],[-10.0,51.82],[-11.75,51.74],[-20.0,52.39],[-25.75,52.56],[-30.0,52.38],[-32.25,51.68],[-34.75,49.79],[-35.8,48.25],[-36.11,47.0],[-36.02,45.5],[-36.38,44.25],[-36.03,42.0],[-35.0,40.25],[-33.51,39.25],[-32.55,38.0],[-32.75,37.6],[-33.5,37.44],[-33.61,37.25],[-33.24,36.5],[-34.18,35.25],[-36.0,34.08],[-38.82,31.5],[-39.05,30.75],[-38.75,30.27],[-34.75,29.17],[-33.5,29.51],[-32.5,28.96],[-30.0,28.62],[-29.25,28.92],[-27.25,29.14],[-22.25,31.06],[-18.75,31.82],[-18.36,32.5],[-17.5,33.01],[-17.25,32.65],[-16.75,32.63],[-16.5,33.21],[-16.09,33.5],[-14.25,34.25],[-11.0,36.08],[-7.04,36.75],[-6.88,37.0],[-7.73,37.25],[-7.87,37.75],[-7.59,38.0],[-7.75,38.21],[-8.0,38.13],[-8.14,37.5],[-7.8,37.25],[-8.75,37.15],[-8.94,37.5],[-8.5,38.55],[-7.75,38.26],[-7.25,38.56],[-7.0,38.54],[-6.5,37.72],[-5.15,37.5],[-5.63,36.25],[-5.26,35.25],[-4.5,34.96],[-4.33,35.0],[-4.53,35.5],[-4.0,35.45],[-3.67,35.25],[-4.13,34.75],[-3.5,34.47],[-2.75,35.08],[-1.25,35.75],[0.5,36.29],[1.83,36.25],[0.2,35.0],[-1.25,34.87],[-2.25,34.2],[-3.0,34.06],[-3.27,33.75],[-3.31,33.0],[-3.75,32.71],[-5.25,32.67],[-6.0,31.96],[-8.75,30.95],[-8.0,30.89],[-7.5,30.54],[-7.35,31.0],[-7.0,31.16],[-6.25,31.31],[-5.5,31.07],[-5.47,31.5],[-4.25,32.36],[-3.74,32.0],[-3.73,31.5],[-3.45,31.25],[-1.25,31.85],[0.0,31.59],[1.25,30.97],[2.0,31.46],[3.25,31.59],[4.0,31.34],[4.5,31.45],[4.69,31.0],[6.0,30.83],[6.57,31.0],[6.29,31.5],[6.75,31.82],[7.75,31.26],[9.75,31.19],[11.64,29.75],[12.14,29.0],[13.5,28.42],[14.0,27.85],[15.0,27.81],[16.0,27.3],[16.75,27.37],[17.5,26.76],[18.05,26.75]]}},{"type":"Feature","properties":{"level":1020},"geometry":{"type":"LineString","coordinates":[[-180.0,27.27],[-178.25,27.12],[-172.0,27.77],[-168.22,29.0],[-166.0,29.47],[-162.5,31.39],[-161.37,32.75],[-161.41,33.75],[-162.07,34.75],[-163.0,35.57],[-163.82,35.75],[-165.95,38.5],[-168.44,40.5],[-168.83,41.25],[-170.7,43.25],[-172.6,46.25],[-174.21,50.25],[-174.56,52.0],[-174.3,52.5],[-174.4,53.0],[-173.41,56.0],[-172.75,57.26],[-171.25,59.11],[-168.0,60.75],[-163.75,62.09],[-162.0,62.23],[-161.25,61.91],[-158.75,61.74],[-157.75,61.15],[-155.75,61.34],[-154.73,60.75],[-154.75,60.5],[-152.75,59.4],[-147.25,58.59],[-142.87,57.5],[-139.02,55.75],[-137.14,54.5],[-135.79,53.25],[-134.16,50.0],[-133.84,48.25],[-134.15,46.5],[-136.37,42.25],[-139.56,37.5],[-142.39,31.75],[-142.73,29.75],[-142.48,29.25],[-141.25,28.75],[-138.75,27.17],[-136.0,26.85],[-132.0,27.23],[-129.0,28.25],[-128.25,28.81],[-126.84,30.75],[-125.46,34.5],[-125.26,39.5],[-124.5,40.73],[-124.0,40.62],[-123.5,39.74],[-122.75,39.19],[-122.54,40.5],[-122.0,40.62],[-120.17,37.75],[-118.89,36.5],[-118.5,35.41],[-117.52,36.0],[-117.25,36.89],[-116.25,36.73],[-115.5,36.0],[-114.75,36.82],[-114.25,36.87],[-113.37,35.75],[-113.52,35.5],[-113.13,35.0],[-112.75,34.86],[-112.25,35.05],[-111.0,34.07],[-110.0,33.94],[-109.5,33.57],[-108.5,33.4],[-107.62,33.75],[-107.28,34.0],[-107.35,34.5],[-107.06,35.0],[-106.75,35.18],[-106.5,34.51],[-105.91,35.5],[-105.05,36.25],[-104.98,37.25],[-105.25,38.1],[-105.54,38.25],[-105.19,39.0],[-105.71,40.5],[-106.32,41.5],[-106.5,41.75],[-107.0,41.7],[-108.02,42.25],[-107.86,42.75],[-108.78,43.25],[-107.43,43.5],[-108.0,43.82],[-108.02,44.5],[-107.44,44.25],[-107.25,43.73],[-106.33,45.75],[-106.7,46.75],[-106.2,48.5],[-106.81,49.75],[-106.52,50.75],[-106.74,51.5],[-107.83,52.25],[-108.3,53.75],[-108.12,55.0],[-107.0,56.66],[-105.69,57.5],[-101.85,59.0],[-95.0,60.21],[-93.61,61.75],[-93.75,62.52],[-94.35,63.25],[-98.62,66.5],[-101.06,68.75],[-102.75,69.77],[-107.25,71.51],[-109.25,71.74],[-110.0,72.46],[-110.5,72.62],[-118.5,74.11],[-128.25,74.81],[-138.75,75.06],[-151.25,74.99],[-164.0,74.55],[-173.0,73.72],[-174.75,73.24],[-178.5,71.26],[-180.0,71.07]]}},{"type":"Feature","properties":{"level":1020},"geometry":{"type":"LineString","coordinates":[[87.94,27.5],[88.25,27.44],[88.5,27.71],[89.0,27.44],[89.75,27.92],[90.25,27.59],[90.75,27.6],[91.25,27.92],[92.0,27.48],[92.75,27.73],[93.01,28.25],[92.25,28.0],[92.0,28.29],[91.0,28.13],[90.75,28.38],[90.0,28.43],[89.25,27.86],[89.0,28.17],[87.75,28.16],[87.51,28.0],[87.58,27.75],[87.94,27.5]]}},{"type":"Feature","properties":{"level":1020},"geometry":{"type":"LineString","coordinates":[[86.44,27.75],[87.0,27.67],[87.25,28.0],[87.08,28.25],[85.5,28.69],[85.12,28.5],[86.44,27.75]]}},{"type":"Feature","properties":{"level":1020},"geometry":{"type":"LineString","coordinates":[[97.1,28.0],[98.35,28.25],[97.75,28.81],[97.02,28.25],[97.1,28.0]]}},{"type":"Feature","properties":{"level":1020},"geometry":{"type":"LineString","coordinates":[[96.67,28.25],[96.94,28.25],[96.28,29.0],[97.0,28.84],[97.56,29.25],[97.25,29.05],[97.26,29.5],[97.0,29.74],[96.75,29.46],[96.0,29.89],[95.75,29.75],[95.71,29.0],[96.0,28.97],[96.67,28.25]]}},{"type":"Feature","properties":{"level":1020},"geometry":{"type":"LineString","coordinates":[[83.8,28.5],[84.6,28.5],[84.68,29.0],[84.25,29.12],[84.0,28.91],[83.75,29.38],[83.5,29.27],[83.03,28.75],[83.5,28.65],[83.75,28.89],[83.8,28.5]]}},{"type":"Feature","properties":{"level":1020},"geometry":{"type":"LineString","coordinates":[[82.08,30.0],[82.62,30.0],[82.0,30.64],[81.66,30.5],[81.56,30.25],[82.08,30.0]]}},{"type":"Feature","properties":{"level":1020},"geometry":{"type":"LineString","coordinates":[[123.19,30.0],[124.25,29.94],[123.89,30.5],[124.25,31.01],[124.52,30.5],[125.0,30.23],[125.75,30.17],[127.75,30.7],[128.0,30.94],[128.5,30.59],[130.25,30.43],[130.5,30.09],[130.75,30.36],[131.47,30.25],[131.75,29.95],[132.75,30.25],[133.25,29.97],[134.75,30.75],[135.25,30.48],[136.25,31.33],[136.75,32.47],[137.5,32.79],[137.75,32.59],[140.0,32.45],[143.25,33.02],[143.75,32.77],[143.75,32.42],[145.25,32.51],[145.6,32.25],[146.5,32.2],[148.0,31.43],[149.0,31.66],[150.57,33.5],[151.5,34.22],[155.25,35.54],[156.59,37.25],[156.76,38.0],[156.65,39.25],[155.96,41.0],[154.74,42.0],[153.0,42.58],[151.77,42.5],[149.65,41.75],[147.25,41.32],[142.25,40.93],[141.0,40.45],[140.75,40.75],[140.5,40.46],[140.0,40.6],[138.5,39.89],[134.25,38.94],[130.0,37.55],[129.5,37.82],[129.25,37.48],[128.0,38.56],[126.99,39.0],[126.25,39.04],[124.75,37.82],[121.53,37.25],[121.61,37.0],[122.32,36.75],[121.22,36.0],[120.66,35.25],[120.61,33.75],[120.98,33.0],[121.5,32.93],[122.11,32.25],[121.96,31.75],[122.25,31.19],[123.0,31.24],[123.33,30.75],[123.19,30.0]]}},{"type":"Feature","properties":{"level":1020},"geometry":{"type":"LineString","coordinates":[[79.74,30.25],[80.75,30.22],[80.77,30.5],[80.0,30.64],[79.74,30.25]]}},{"type":"Feature","properties":{"level":1020},"geometry":{"type":"LineString","coordinates":[[95.24,30.25],[95.5,30.09],[95.63,30.25],[95.0,30.63],[94.23,30.5],[95.24,30.25]]}},{"type":"Feature","properties":{"level":1020},"geometry":{"type":"LineString","coordinates":[[5.0,31.45],[5.42,31.5],[5.0,31.45]]}},{"type":"Feature","properties":{"level":1020},"geometry":{"type":"LineString","coordinates":[[-5.28,33.0],[-5.25,32.82],[-4.5,32.8],[-3.68,33.75],[-4.0,33.92],[-4.5,33.38],[-5.0,33.42],[-5.28,33.0]]}},{"type":"Feature","properties":{"level":1020},"geometry":{"type":"LineString","coordinates":[[76.64,33.0],[77.0,32.79],[77.26,33.0],[75.25,34.43],[75.12,34.25],[75.5,33.43],[76.64,33.0]]}},{"type":"Feature","properties":{"level":1020},"geometry":{"type":"LineString","coordinates":[[-84.19,34.75],[-82.5,35.17],[-81.5,36.08],[-79.75,36.04],[-76.0,36.55],[-71.5,37.56],[-71.0,37.8],[-69.75,39.09],[-68.89,39.25],[-68.65,40.0],[-68.62,40.5],[-68.94,41.0],[-68.55,41.25],[-68.74,42.25],[-68.54,43.25],[-70.1,45.0],[-69.9,45.25],[-69.9,46.25],[-70.5,47.0],[-71.13,47.25],[-70.87,48.25],[-72.27,49.75],[-72.36,50.25],[-73.18,51.5],[-73.23,52.0],[-75.5,54.41],[-78.15,56.0],[-80.0,56.65],[-83.5,56.77],[-86.5,56.06],[-87.64,55.5],[-89.03,53.75],[-92.0,51.62],[-92.54,50.5],[-93.27,50.0],[-95.37,47.5],[-95.63,46.75],[-95.52,45.5],[-95.75,45.2],[-94.0,44.06],[-93.35,42.5],[-91.25,40.57],[-90.25,40.14],[-87.25,39.74],[-86.46,39.25],[-83.25,38.54],[-81.25,38.62],[-79.87,39.0],[-79.87,38.75],[-81.36,37.75],[-82.36,36.25],[-83.91,35.5],[-84.27,35.0],[-84.19,34.75]]}},{"type":"Feature","properties":{"level":1020},"geometry":{"type":"LineString","coordinates":[[103.64,34.75],[105.0,34.8],[105.5,35.83],[106.1,36.0],[106.92,37.0],[106.75,37.25],[105.75,37.17],[105.0,37.48],[104.75,37.83],[103.5,37.39],[102.75,37.41],[102.0,38.01],[100.75,38.03],[100.45,38.25],[100.5,37.88],[100.75,37.95],[102.5,37.1],[102.71,36.75],[102.45,36.5],[102.69,35.5],[103.64,34.75]]}},{"type":"Feature","properties":{"level":1020},"geometry":{"type":"LineString","coordinates":[[68.1,35.0],[69.75,35.47],[71.0,35.55],[71.5,36.12],[72.0,36.12],[72.5,35.61],[73.0,35.69],[72.41,36.0],[72.57,36.25],[72.39,36.5],[73.0,36.46],[73.0,36.76],[73.75,36.72],[73.75,36.99],[73.25,36.78],[73.19,37.0],[72.0,37.61],[71.5,37.3],[71.42,37.75],[70.68,38.5],[70.75,38.68],[72.5,38.35],[73.25,39.17],[73.75,39.02],[74.13,39.5],[73.77,39.75],[74.25,40.37],[74.75,40.12],[75.04,40.5],[74.75,40.5],[73.5,41.63],[73.0,41.58],[72.66,41.5],[72.73,41.25],[73.25,41.28],[73.66,40.75],[72.85,40.25],[71.0,39.9],[70.25,40.02],[67.85,39.75],[68.09,39.5],[67.5,39.38],[67.0,38.63],[67.5,38.47],[67.75,38.74],[69.5,38.77],[70.25,39.17],[71.56,39.25],[71.0,39.21],[70.09,38.5],[70.26,37.5],[70.78,37.0],[69.5,36.36],[69.5,35.86],[68.25,35.35],[68.1,35.0]]}},{"type":"Feature","properties":{"level":1020},"geometry":{"type":"LineString","coordinates":[[66.65,35.25],[67.5,35.38],[67.61,35.75],[67.0,35.65],[66.65,35.25]]}},{"type":"Feature","properties":{"level":1020},"geometry":{"type":"LineString","coordinates":[[80.77,35.25],[81.5,35.23],[81.9,35.5],[81.5,35.57],[81.26,36.0],[80.75,35.73],[79.5,36.16],[79.32,36.0],[80.77,35.25]]}},{"type":"Feature","properties":{"level":1020},"geometry":{"type":"LineString","coordinates":[[52.18,35.75],[52.73,36.0],[51.75,36.32],[51.25,36.25],[51.28,36.0],[52.18,35.75]]}},{"type":"Feature","properties":{"level":1020},"geometry":{"type":"LineString","coordinates":[[76.89,36.5],[77.75,36.47],[77.91,36.75],[77.04,36.75],[76.89,36.5]]}},{"type":"Feature","properties":{"level":1020},"geometry":{"type":"LineString","coordinates":[[126.35,39.75],[126.55,39.75],[126.5,40.06],[126.75,39.92],[126.87,40.25],[126.5,40.81],[126.25,40.51],[125.61,40.5],[125.51,40.0],[126.0,40.09],[126.35,39.75]]}},{"type":"Feature","properties":{"level":1020},"geometry":{"type":"LineString","coordinates":[[122.67,40.25],[123.0,40.22],[124.39,41.0],[123.38,41.0],[122.9,40.75],[122.67,40.25]]}},{"type":"Feature","properties":{"level":1020},"geometry":{"type":"LineString","coordinates":[[22.0,40.46],[22.21,41.0],[22.66,41.0],[22.5,40.58],[22.0,40.46]]}},{"type":"Feature","properties":{"level":1020},"geometry":{"type":"LineString","coordinates":[[116.04,41.0],[117.75,41.09],[118.75,40.79],[119.9,41.0],[121.2,42.25],[120.45,43.75],[120.95,46.5],[120.78,47.75],[120.25,48.17],[119.5,47.99],[118.5,48.46],[117.75,48.04],[117.25,48.13],[118.0,47.75],[117.83,47.25],[116.94,46.75],[116.41,45.75],[116.48,45.25],[116.0,44.94],[115.91,45.75],[115.5,46.03],[113.94,45.75],[114.05,45.0],[115.03,44.5],[114.63,43.75],[115.38,41.5],[115.26,41.25],[116.04,41.0]]}},{"type":"Feature","properties":{"level":1020},"geometry":{"type":"LineString","coordinates":[[77.05,41.5],[78.75,41.46],[78.47,41.75],[78.86,42.0],[78.81,42.25],[76.29,42.0],[77.0,41.91],[77.05,41.5]]}},{"type":"Feature","properties":{"level":1020},"geometry":{"type":"LineString","coordinates":[[79.59,42.0],[80.25,41.82],[81.16,42.25],[80.25,42.47],[79.75,42.32],[79.59,42.0]]}},{"type":"Feature","properties":{"level":1020},"geometry":{"type":"LineString","coordinates":[[12.0,46.44],[11.54,46.75],[13.02,46.75],[12.5,46.37],[12.0,46.44]]}},{"type":"Feature","properties":{"level":1020},"geometry":{"type":"LineString","coordinates":[[-0.75,49.22],[-0.97,49.25],[-0.75,49.22]]}},{"type":"Feature","properties":{"level":1020},"geometry":{"type":"LineString","coordinates":[[114.86,54.0],[115.25,53.89],[115.93,54.25],[115.25,54.5],[114.74,54.25],[114.86,54.0]]}},{"type":"Feature","properties":{"level":1020},"geometry":{"type":"LineString","coordinates":[[140.16,63.25],[141.14,63.25],[141.1,63.5],[140.25,63.71],[140.0,63.5],[140.16,63.25]]}},{"type":"Feature","properties":{"level":1020},"geometry":{"type":"LineString","coordinates":[[137.98,64.0],[139.18,64.0],[138.39,64.25],[139.0,64.48],[140.25,63.94],[141.09,64.5],[140.25,64.85],[140.0,65.33],[139.0,65.35],[138.47,65.75],[138.62,66.0],[137.25,66.08],[137.09,66.0],[137.23,65.5],[138.73,65.25],[136.09,65.0],[137.98,64.0]]}},{"type":"Feature","properties":{"level":1020},"geometry":{"type":"LineString","coordinates":[[138.85,66.0],[139.75,65.92],[139.36,66.25],[140.12,66.5],[138.75,66.84],[138.37,66.5],[138.85,66.0]]}},{"type":"Feature","properties":{"level":1020},"geometry":{"type":"LineString","coordinates":[[-42.53,68.0],[-42.2,68.0],[-41.62,68.5],[-40.71,69.75],[-39.0,70.76],[-38.32,71.5],[-38.05,72.25],[-33.84,73.75],[-33.16,74.5],[-33.26,75.5],[-32.46,76.0],[-34.75,76.62],[-36.0,77.62],[-39.5,78.34],[-44.25,78.83],[-48.0,78.4],[-50.5,77.36],[-50.6,77.25],[-50.23,77.0],[-46.5,74.96],[-42.25,74.71],[-41.5,75.36],[-40.57,75.25],[-40.5,74.93],[-41.75,74.36],[-42.17,73.75],[-43.5,73.38],[-44.41,72.75],[-44.32,72.25],[-42.27,70.0],[-42.5,69.25],[-43.27,68.5],[-42.53,68.0]]}},{"type":"Feature","properties":{"level":1020},"geometry":{"type":"LineString","coordinates":[[180.0,69.15],[176.5,69.45],[173.0,69.07],[172.8,69.0],[172.76,68.5],[172.02,68.0],[170.25,67.59],[168.82,67.75],[168.75,68.06],[167.67,68.0],[168.25,68.09],[168.25,68.28],[166.75,68.27],[166.54,68.0],[166.94,67.75],[166.45,67.25],[166.71,67.0],[165.69,66.0],[165.5,65.15],[165.02,64.5],[166.25,64.29],[166.05,64.0],[166.21,63.5],[166.75,63.22],[168.25,63.33],[169.75,62.83],[168.51,62.0],[168.08,61.25],[168.36,61.0],[168.24,60.75],[168.94,60.25],[169.11,56.25],[170.06,53.5],[173.4,50.5],[176.25,48.68],[178.39,46.0],[179.26,43.75],[179.21,41.5],[177.5,37.68],[176.25,36.85],[172.75,35.73],[167.75,35.35],[163.5,34.49],[161.0,34.57],[158.5,34.35],[154.75,32.86],[152.5,31.54],[151.25,31.3],[150.74,30.75],[150.96,30.5],[151.17,28.75],[153.0,27.73],[155.5,27.56],[157.75,26.86],[160.25,26.86],[161.75,26.22],[165.0,26.16],[168.0,26.45],[171.0,26.32],[173.25,26.83],[175.5,26.88],[177.75,27.36],[180.0,27.27]]}},{"type":"Feature","properties":{"level":1020},"geometry":{"type":"LineString","coordinates":[[-180.0,70.8],[-179.47,70.5],[-179.16,70.0],[-179.34,69.5],[-180.0,69.15]]}},{"type":"Feature","properties":{"level":1020},"geometry":{"type":"LineString","coordinates":[[180.0,71.07],[179.61,71.0],[180.0,70.8]]}},{"type":"Feature","properties":{"level":1024},"geometry":{"type":"LineString","coordinates":[[180.0,-88.64],[155.25,-88.69],[135.25,-89.04],[125.75,-88.71],[121.26,-88.25],[120.68,-88.0],[120.76,-87.75],[129.14,-86.0],[129.21,-85.75],[128.93,-85.5],[129.02,-85.0],[130.75,-84.31],[130.75,-83.96],[131.39,-83.5],[129.97,-82.75],[131.25,-82.42],[131.57,-82.25],[131.68,-81.75],[132.64,-81.5],[132.25,-80.96],[129.1,-80.5],[127.25,-79.89],[124.5,-79.92],[123.86,-79.75],[123.78,-79.5],[126.5,-77.75],[128.12,-77.0],[132.04,-76.0],[138.21,-75.0],[139.53,-74.5],[139.88,-74.25],[139.63,-73.75],[139.8,-73.5],[139.51,-72.25],[139.76,-72.0],[139.25,-71.25],[138.25,-70.69],[136.5,-70.8],[134.75,-70.6],[124.5,-71.53],[118.75,-71.53],[113.25,-71.33],[106.0,-70.49],[98.75,-70.79],[95.25,-70.67],[90.38,-71.75],[88.79,-72.5],[88.8,-73.25],[89.65,-74.75],[90.14,-76.5],[89.93,-77.0],[89.25,-77.52],[85.75,-78.66],[79.85,-79.5],[76.43,-81.0],[72.5,-81.57],[60.75,-81.85],[50.5,-81.4],[44.0,-80.84],[43.0,-80.25],[43.26,-80.0],[43.0,-79.35],[45.04,-79.25],[44.62,-78.5],[44.97,-77.75],[44.84,-77.25],[43.75,-76.69],[42.5,-76.65],[41.75,-76.75],[42.25,-76.88],[42.32,-77.5],[41.25,-78.72],[40.75,-78.9],[38.5,-79.3],[30.75,-79.87],[29.36,-80.25],[29.75,-80.73],[32.75,-81.6],[40.25,-81.63],[40.91,-82.0],[40.25,-82.2],[38.0,-82.3],[36.25,-82.08],[35.75,-81.77],[34.25,-82.02],[28.25,-81.85],[25.25,-82.26],[16.25,-81.8],[8.75,-82.14],[0.5,-83.26],[-11.94,-84.5],[-14.45,-85.0],[-15.95,-85.75],[-19.5,-86.18],[-55.25,-87.17],[-64.67,-87.75],[-88.39,-88.5],[-133.0,-88.92],[-180.0,-88.64]]}},{"type":"Feature","properties":{"level":1024},"geometry":{"type":"LineString","coordinates":[[-59.97,-55.0],[-58.0,-55.21],[-54.75,-54.82],[-53.0,-54.85],[-50.75,-54.23],[-49.75,-52.92],[-49.42,-50.75],[-48.17,-48.5],[-44.86,-47.0],[-42.75,-46.83],[-38.75,-47.62],[-36.25,-47.84],[-31.5,-47.58],[-29.07,-46.75],[-25.67,-44.5],[-24.32,-43.25],[-23.0,-41.25],[-23.49,-40.25],[-23.75,-38.82],[-24.75,-37.69],[-26.5,-37.09],[-30.0,-37.46],[-30.75,-37.18],[-32.25,-37.52],[-35.25,-37.7],[-35.72,-37.5],[-35.95,-37.0],[-37.25,-36.61],[-39.5,-36.38],[-42.75,-35.63],[-48.0,-35.61],[-52.75,-36.02],[-54.5,-35.75],[-60.0,-35.74],[-62.0,-36.32],[-64.0,-37.38],[-64.57,-38.5],[-65.37,-39.0],[-67.5,-39.82],[-68.25,-39.86],[-68.77,-40.25],[-68.68,-40.5],[-69.16,-41.5],[-68.75,-42.01],[-68.25,-41.84],[-67.75,-42.05],[-67.0,-41.58],[-66.75,-41.64],[-66.37,-42.5],[-66.5,-43.09],[-67.44,-44.5],[-67.25,-44.88],[-66.58,-45.0],[-66.66,-46.0],[-67.28,-46.75],[-66.1,-47.75],[-65.94,-49.25],[-66.24,-50.25],[-65.5,-51.52],[-63.08,-54.0],[-59.97,-55.0]]}},{"type":"Feature","properties":{"level":1024},"geometry":{"type":"LineString","coordinates":[[150.08,-54.5],[156.25,-54.35],[160.5,-53.66],[162.44,-52.5],[163.37,-51.0],[163.6,-49.75],[163.41,-48.5],[161.34,-44.5],[160.67,-42.25],[160.84,-41.0],[160.69,-39.0],[161.27,-37.5],[162.09,-33.25],[162.79,-32.0],[162.3,-31.0],[162.5,-30.25],[161.98,-29.75],[162.1,-29.25],[161.6,-29.0],[161.5,-28.43],[160.94,-27.75],[161.0,-27.45],[159.55,-26.25],[158.25,-25.92],[157.75,-25.24],[156.75,-25.25],[155.75,-25.59],[154.75,-24.99],[153.75,-25.44],[153.25,-25.08],[152.5,-25.22],[152.25,-25.04],[150.75,-26.13],[150.71,-26.75],[149.97,-27.0],[149.75,-27.59],[149.02,-27.75],[148.63,-28.75],[149.24,-29.75],[148.77,-30.25],[148.82,-31.25],[147.0,-32.19],[145.75,-34.0],[145.25,-34.09],[145.11,-33.75],[144.56,-33.5],[144.5,-33.13],[144.0,-34.18],[143.5,-34.33],[142.75,-34.14],[141.5,-35.25],[140.0,-35.61],[139.5,-35.36],[139.25,-34.65],[139.0,-34.59],[138.0,-35.83],[137.75,-35.95],[137.42,-35.75],[137.0,-36.73],[136.5,-36.83],[135.74,-37.75],[135.0,-38.03],[134.75,-38.51],[134.24,-38.75],[134.36,-40.25],[133.82,-41.75],[133.74,-43.0],[134.35,-45.5],[135.21,-47.5],[137.5,-49.96],[140.25,-51.84],[143.0,-53.07],[146.75,-54.15],[150.08,-54.5]]}},{"type":"Feature","properties":{"level":1024},"geometry":{"type":"LineString","coordinates":[[-73.69,-51.0],[-73.5,-51.14],[-73.16,-50.75],[-73.0,-49.16],[-72.48,-48.5],[-72.89,-47.75],[-72.44,-47.25],[-72.75,-46.79],[-73.05,-46.75],[-72.78,-46.5],[-72.77,-46.0],[-73.24,-46.0],[-73.25,-46.26],[-73.5,-45.67],[-74.25,-45.63],[-75.0,-46.01],[-75.15,-45.75],[-75.43,-42.75],[-77.14,-38.25],[-77.5,-35.96],[-78.38,-34.75],[-78.3,-33.75],[-78.95,-32.5],[-79.5,-32.0],[-79.79,-31.0],[-80.75,-30.6],[-81.75,-29.56],[-82.5,-29.46],[-83.25,-30.2],[-83.25,-29.21],[-83.75,-29.42],[-84.5,-28.88],[-85.5,-29.59],[-86.25,-28.96],[-86.55,-29.75],[-86.19,-30.0],[-86.59,-30.5],[-86.23,-31.5],[-87.15,-33.0],[-87.71,-36.0],[-87.42,-38.75],[-86.48,-41.0],[-85.25,-42.84],[-81.83,-46.0],[-77.78,-48.5],[-75.5,-50.33],[-75.0,-50.32],[-73.69,-51.0]]}},{"type":"Feature","properties":{"level":1024},"geometry":{"type":"LineString","coordinates":[[59.23,-45.75],[62.25,-45.93],[64.0,-45.31],[64.25,-44.91],[65.5,-44.47],[66.25,-43.82],[66.47,-43.0],[67.25,-42.58],[67.34,-41.75],[68.75,-41.15],[70.5,-38.5],[70.96,-36.5],[71.13,-33.75],[70.83,-33.25],[71.04,-33.0],[70.91,-32.5],[69.89,-31.5],[70.89,-29.5],[70.86,-28.0],[68.75,-25.66],[68.0,-25.39],[67.75,-24.57],[64.5,-24.74],[64.0,-24.37],[61.0,-24.23],[58.75,-24.54],[57.25,-24.47],[53.25,-25.5],[50.75,-27.33],[48.6,-30.0],[47.5,-30.91],[46.77,-32.0],[46.63,-33.5],[46.8,-34.75],[49.3,-37.25],[50.81,-40.25],[51.48,-40.75],[52.27,-42.0],[54.75,-44.12],[59.23,-45.75]]}},{"type":"Feature","properties":{"level":1024},"geometry":{"type":"LineString","coordinates":[[-154.32,-37.0],[-153.75,-37.1],[-152.69,-36.75],[-152.74,-36.5],[-152.02,-36.0],[-152.9,-35.25],[-152.75,-34.91],[-153.26,-34.75],[-151.85,-34.5],[-151.85,-33.75],[-152.23,-33.25],[-152.75,-32.88],[-154.75,-32.58],[-157.5,-31.34],[-158.68,-31.75],[-158.87,-32.0],[-158.45,-32.25],[-159.42,-33.75],[-159.5,-34.64],[-158.0,-35.53],[-157.0,-36.67],[-156.25,-36.84],[-154.75,-36.72],[-154.32,-37.0]]}},{"type":"Feature","properties":{"level":1024},"geometry":{"type":"LineString","coordinates":[[-134.74,-35.75],[-133.75,-35.96],[-132.0,-35.62],[-130.93,-35.0],[-130.2,-34.0],[-130.85,-33.0],[-132.0,-33.05],[-133.69,-34.25],[-134.92,-34.75],[-135.02,-35.25],[-134.74,-35.75]]}},{"type":"Feature","properties":{"level":1024},"geometry":{"type":"LineString","coordinates":[[-69.98,-34.25],[-69.54,-34.25],[-69.41,-34.0],[-69.54,-33.25],[-69.38,-33.0],[-69.91,-32.0],[-69.83,-30.75],[-69.36,-29.75],[-69.33,-28.75],[-68.33,-27.75],[-68.4,-27.25],[-68.1,-26.75],[-68.5,-26.35],[-69.28,-27.25],[-70.0,-29.08],[-70.41,-29.5],[-70.17,-30.0],[-70.6,-31.5],[-69.87,-33.75],[-69.98,-34.25]]}},{"type":"Feature","properties":{"level":1024},"geometry":{"type":"LineString","coordinates":[[145.19,-33.0],[145.5,-33.16],[145.8,-33.0],[145.5,-32.67],[145.19,-33.0]]}},{"type":"Feature","properties":{"level":1024},"geometry":{"type":"LineString","coordinates":[[-162.72,-31.5],[-161.62,-31.25],[-162.25,-31.12],[-162.72,-31.5]]}},{"type":"Feature","properties":{"level":1024},"geometry":{"type":"LineString","coordinates":[[149.5,-30.15],[149.5,-29.97],[149.5,-30.15]]}},{"type":"Feature","properties":{"level":1024},"geometry":{"type":"LineString","coordinates":[[151.0,-26.75],[151.5,-26.42],[151.25,-26.95],[151.0,-26.75]]}},{"type":"Feature","properties":{"level":1024},"geometry":{"type":"LineString","coordinates":[[-180.0,33.62],[-179.76,33.0],[-179.0,32.35],[-177.5,31.88],[-174.5,31.66],[-170.75,32.3],[-169.92,33.0],[-169.46,34.0],[-169.19,36.25],[-169.5,37.5],[-170.38,38.0],[-171.5,39.62],[-173.24,41.0],[-174.75,43.07],[-176.25,42.99],[-176.61,43.25],[-175.76,43.75],[-176.14,45.25],[-177.06,46.25],[-176.48,47.5],[-177.04,47.75],[-176.74,48.25],[-177.07,48.5],[-177.22,50.0],[-177.06,50.5],[-177.34,52.0],[-177.18,54.0],[-176.51,56.25],[-172.84,61.0],[-170.35,63.75],[-168.38,66.75],[-168.34,68.0],[-167.75,68.68],[-166.5,68.93],[-166.3,68.75],[-166.48,68.5],[-166.0,68.06],[-165.25,68.03],[-163.25,67.08],[-160.7,66.5],[-160.42,66.25],[-160.86,66.0],[-160.75,65.78],[-159.41,65.5],[-159.58,64.5],[-159.25,64.3],[-157.75,64.6],[-157.25,64.5],[-157.4,64.25],[-157.25,64.21],[-155.08,64.0],[-154.25,63.34],[-152.0,63.09],[-154.33,62.25],[-154.09,61.5],[-153.25,60.45],[-152.5,60.43],[-151.5,60.91],[-149.75,61.05],[-150.24,60.0],[-150.0,59.79],[-149.25,59.98],[-146.25,59.71],[-141.63,58.75],[-138.08,57.25],[-135.52,55.5],[-134.32,54.25],[-133.12,52.0],[-131.57,50.0],[-130.2,46.5],[-132.25,43.5],[-134.34,39.25],[-134.27,37.75],[-133.96,37.25],[-133.5,36.88],[-132.0,36.44],[-130.76,36.75],[-129.63,37.75],[-126.2,43.0],[-124.25,44.29],[-123.81,42.0],[-123.39,42.0],[-123.5,41.64],[-122.75,41.22],[-122.25,41.56],[-121.57,40.75],[-121.34,40.0],[-120.58,39.5],[-120.09,38.5],[-118.63,37.0],[-118.5,36.34],[-118.25,36.28],[-118.19,36.5],[-118.64,37.5],[-118.25,37.56],[-118.25,37.93],[-119.57,39.0],[-120.54,40.5],[-120.5,40.7],[-119.75,40.74],[-118.5,41.5],[-117.66,41.5],[-117.0,41.04],[-116.75,40.4],[-116.36,40.5],[-116.75,40.19],[-117.13,40.25],[-117.43,39.75],[-117.93,39.5],[-118.0,38.35],[-117.5,38.56],[-116.75,38.28],[-115.5,38.78],[-115.52,38.25],[-114.5,38.15],[-113.63,37.5],[-112.5,37.27],[-112.0,37.4],[-111.34,38.0],[-111.0,39.32],[-110.28,39.75],[-110.5,40.04],[-109.31,40.75],[-109.81,41.0],[-110.39,42.0],[-109.98,43.0],[-109.44,43.25],[-109.63,43.75],[-109.26,44.25],[-109.26,44.75],[-109.47,45.0],[-108.91,45.5],[-109.23,45.75],[-108.91,46.0],[-108.96,46.5],[-108.37,47.5],[-108.62,47.75],[-108.25,48.25],[-108.94,48.75],[-108.94,49.25],[-107.77,50.0],[-108.0,50.64],[-108.85,51.25],[-109.66,53.25],[-109.63,54.75],[-109.0,56.06],[-107.58,57.5],[-105.67,58.75],[-103.5,59.46],[-98.5,60.56],[-97.0,61.71],[-96.88,62.25],[-97.01,62.75],[-97.8,63.75],[-100.21,66.0],[-102.49,67.5],[-107.25,69.91],[-112.25,71.58],[-112.67,72.0],[-117.25,72.8],[-123.25,73.47],[-137.75,73.85],[-152.0,73.18],[-159.25,72.4],[-168.75,70.94],[-172.63,69.5],[-175.0,67.99],[-176.0,67.73],[-177.75,67.58],[-180.0,68.26]]}},{"type":"Feature","properties":{"level":1024},"geometry":{"type":"LineString","coordinates":[[180.0,34.12],[180.0,33.62]]}},{"type":"Feature","properties":{"level":1024},"geometry":{"type":"LineString","coordinates":[[-24.7,35.25],[-23.75,35.22],[-20.75,36.33],[-16.75,37.43],[-14.75,38.34],[-12.62,39.75],[-11.4,41.25],[-10.9,42.25],[-11.0,42.6],[-13.0,41.52],[-15.25,40.65],[-15.75,40.54],[-16.22,41.0],[-15.59,42.25],[-13.75,43.55],[-11.3,46.25],[-11.39,47.75],[-11.69,48.25],[-15.22,49.5],[-18.0,50.02],[-23.5,50.32],[-29.25,49.82],[-30.72,49.25],[-31.5,48.68],[-33.22,46.75],[-33.75,45.51],[-32.94,42.5],[-29.88,39.0],[-29.12,38.25],[-28.12,37.75],[-28.14,37.5],[-26.25,37.58],[-26.53,36.75],[-26.25,36.5],[-25.0,36.69],[-24.89,36.5],[-25.24,35.75],[-24.7,35.25]]}},{"type":"Feature","properties":{"level":1024},"geometry":{"type":"LineString","coordinates":[[137.56,35.25],[138.27,35.25],[138.31,36.25],[140.0,36.77],[140.61,36.75],[140.83,37.25],[140.41,37.75],[140.42,38.5],[139.81,38.5],[138.75,37.0],[137.75,36.91],[136.55,36.25],[136.37,35.75],[137.25,35.76],[137.56,35.25]]}},{"type":"Feature","properties":{"level":1024},"geometry":{"type":"LineString","coordinates":[[-107.54,37.0],[-107.0,36.91],[-106.43,37.25],[-106.84,38.0],[-106.41,38.25],[-106.8,38.75],[-106.27,39.25],[-107.75,39.86],[-107.97,39.5],[-107.63,39.0],[-107.74,38.5],[-108.2,38.75],[-108.25,39.05],[-108.37,38.75],[-108.8,38.75],[-108.35,38.25],[-108.71,37.75],[-107.54,37.0]]}},{"type":"Feature","properties":{"level":1024},"geometry":{"type":"LineString","coordinates":[[-113.75,38.67],[-114.1,39.0],[-114.1,39.5],[-113.86,39.75],[-114.17,40.0],[-114.16,41.25],[-113.5,41.73],[-113.0,41.7],[-112.1,41.0],[-112.12,40.75],[-112.79,40.5],[-112.67,40.25],[-113.08,39.75],[-112.69,39.25],[-112.81,38.75],[-113.75,38.67]]}},{"type":"Feature","properties":{"level":1024},"geometry":{"type":"LineString","coordinates":[[-77.9,39.0],[-76.5,39.23],[-74.5,40.18],[-74.0,40.68],[-72.97,41.0],[-72.75,42.69],[-72.25,43.19],[-71.94,44.0],[-71.48,44.25],[-72.01,44.5],[-72.05,46.5],[-72.66,46.75],[-73.75,48.92],[-75.0,50.76],[-77.75,53.09],[-82.25,54.43],[-85.0,54.09],[-88.19,51.75],[-88.53,51.0],[-89.5,50.34],[-90.75,49.0],[-90.75,48.17],[-91.42,47.5],[-90.39,47.5],[-90.25,47.0],[-91.25,46.75],[-91.92,45.5],[-91.83,45.0],[-90.5,43.46],[-89.5,43.07],[-88.0,42.89],[-86.5,41.65],[-85.5,41.17],[-83.5,40.94],[-82.0,40.43],[-79.25,40.31],[-78.5,39.4],[-77.86,39.25],[-77.9,39.0]]}},{"type":"Feature","properties":{"level":1024},"geometry":{"type":"LineString","coordinates":[[-115.75,42.36],[-116.67,43.25],[-116.0,43.02],[-116.0,43.59],[-115.75,43.66],[-113.32,43.5],[-114.79,43.0],[-114.75,42.55],[-114.22,42.5],[-115.75,42.36]]}},{"type":"Feature","properties":{"level":1024},"geometry":{"type":"LineString","coordinates":[[3.97,42.5],[4.86,42.75],[4.83,43.25],[4.0,43.52],[3.5,43.44],[3.57,43.75],[3.25,43.85],[2.67,43.5],[3.25,43.34],[3.97,42.5]]}},{"type":"Feature","properties":{"level":1024},"geometry":{"type":"LineString","coordinates":[[58.19,44.75],[59.0,44.74],[60.25,45.13],[60.75,45.54],[63.02,45.75],[65.75,46.58],[68.5,46.66],[71.75,47.18],[73.25,46.99],[74.25,46.32],[76.75,46.18],[78.75,46.32],[79.33,46.75],[78.83,47.25],[80.25,47.67],[82.75,47.22],[84.0,47.23],[84.31,47.5],[82.36,47.75],[82.43,48.75],[83.1,49.25],[83.05,50.0],[83.25,50.25],[84.75,50.15],[85.25,49.89],[85.55,50.0],[85.5,50.31],[86.5,50.44],[87.75,49.62],[88.07,49.75],[87.3,50.25],[87.5,50.58],[89.5,49.87],[89.5,50.32],[91.25,50.28],[92.0,50.89],[93.41,51.0],[92.5,51.28],[90.0,50.74],[90.02,51.25],[92.0,51.97],[92.75,51.74],[94.25,52.18],[95.25,51.88],[96.25,51.91],[95.92,52.5],[96.0,53.06],[97.25,53.35],[97.86,53.25],[97.4,53.75],[97.5,53.98],[98.5,54.22],[99.29,53.75],[98.37,53.5],[99.12,53.0],[98.25,52.73],[98.03,52.25],[98.25,52.12],[98.75,52.07],[100.0,52.56],[101.46,52.5],[101.72,52.75],[100.7,53.75],[102.0,54.16],[103.25,54.1],[104.29,53.5],[105.75,53.17],[106.25,52.78],[108.18,54.0],[108.83,54.75],[109.0,55.5],[109.5,55.93],[110.0,55.97],[109.5,53.69],[110.92,55.25],[110.78,56.0],[111.5,56.19],[111.75,55.46],[113.25,55.99],[114.75,56.89],[115.64,59.0],[116.44,59.5],[115.75,59.82],[113.5,59.89],[110.0,58.94],[109.5,59.19],[107.75,58.93],[106.78,58.5],[107.0,57.72],[107.25,57.64],[107.5,57.89],[107.86,57.75],[106.99,56.5],[106.5,56.42],[105.76,57.0],[105.5,57.7],[105.25,57.42],[104.75,57.56],[104.73,58.0],[105.25,58.03],[105.29,58.25],[105.11,58.5],[105.21,59.0],[105.0,59.08],[103.0,58.48],[100.5,58.35],[100.0,58.51],[99.95,58.25],[99.2,58.25],[99.25,57.95],[98.75,58.01],[98.0,58.53],[97.45,58.25],[97.87,58.0],[97.5,57.95],[96.25,58.24],[96.23,58.5],[96.64,59.0],[97.75,59.43],[104.37,61.5],[103.99,61.75],[105.75,62.51],[106.75,62.48],[107.0,63.03],[111.0,63.98],[113.0,64.77],[115.0,66.13],[115.64,67.25],[115.56,67.5],[115.32,68.0],[110.25,69.25],[110.14,69.5],[109.25,69.75],[108.9,70.25],[108.0,70.48],[92.25,72.57],[85.75,72.54],[70.75,70.71],[60.0,70.47],[54.75,70.75],[49.75,70.73],[41.0,69.73],[33.75,68.18],[31.0,68.07],[28.0,67.0],[25.55,65.75],[24.5,64.89],[18.5,61.28],[13.75,59.52],[13.0,58.81],[11.75,58.17],[8.37,55.0],[7.07,52.5],[7.21,51.75],[8.59,51.5],[7.0,51.29],[7.19,50.5],[6.25,50.19],[5.99,49.75],[6.0,49.42],[7.25,48.73],[7.25,47.79],[8.0,47.84],[8.5,48.7],[8.63,48.25],[7.91,47.5],[8.25,47.02],[9.75,47.33],[10.5,48.18],[12.25,47.55],[13.5,47.77],[14.6,47.5],[15.11,48.0],[14.29,48.25],[13.67,48.75],[14.0,48.85],[14.75,48.4],[15.5,48.5],[15.4,49.0],[17.0,49.78],[16.93,49.25],[17.25,49.13],[17.5,49.34],[18.75,49.21],[19.5,49.44],[20.0,49.13],[21.75,49.12],[22.5,48.72],[23.25,49.06],[24.75,48.15],[26.0,48.19],[26.75,48.85],[28.79,49.75],[30.71,51.0],[31.5,51.14],[35.16,53.25],[37.25,53.51],[39.5,54.24],[40.25,53.98],[41.0,54.2],[42.53,53.25],[50.33,50.75],[52.25,49.78],[56.93,46.5],[58.19,44.75]]}},{"type":"Feature","properties":{"level":1024},"geometry":{"type":"LineString","coordinates":[[17.14,46.75],[17.37,46.75],[17.38,47.25],[17.0,47.5],[17.62,47.75],[17.57,48.0],[17.0,48.35],[16.45,48.25],[16.5,47.77],[16.89,47.5],[16.72,47.25],[17.14,46.75]]}},{"type":"Feature","properties":{"level":1024},"geometry":{"type":"LineString","coordinates":[[19.44,47.25],[20.25,47.1],[20.95,47.5],[20.88,47.75],[20.25,47.94],[19.5,47.84],[19.28,47.5],[19.44,47.25]]}},{"type":"Feature","properties":{"level":1024},"geometry":{"type":"LineString","coordinates":[[-180.0,48.13],[-177.5,46.34],[-177.42,46.0],[-176.81,45.75],[-177.0,45.43],[-178.01,45.25],[-178.05,44.5],[-177.17,43.5],[-177.77,43.25],[-177.28,42.0],[-178.53,40.75],[-177.88,40.5],[-178.68,39.75],[-178.34,39.25],[-179.24,37.5],[-179.16,37.0],[-179.57,36.5],[-180.0,34.12]]}},{"type":"Feature","properties":{"level":1024},"geometry":{"type":"LineString","coordinates":[[107.73,49.5],[110.0,49.33],[112.34,50.25],[111.25,50.82],[110.25,50.98],[110.25,51.26],[109.75,51.53],[109.39,51.5],[109.42,51.25],[108.66,50.75],[108.54,50.5],[108.75,50.23],[108.29,50.25],[108.25,50.5],[107.5,50.27],[108.25,50.04],[107.75,49.88],[107.73,49.5]]}},{"type":"Feature","properties":{"level":1024},"geometry":{"type":"LineString","coordinates":[[104.86,51.0],[105.43,51.0],[105.5,51.36],[106.75,51.61],[107.5,52.11],[107.75,51.94],[108.75,52.29],[110.5,53.33],[110.25,53.52],[109.25,53.35],[108.0,52.57],[107.25,52.56],[106.91,52.0],[106.0,51.53],[104.68,51.25],[104.86,51.0]]}},{"type":"Feature","properties":{"level":1024},"geometry":{"type":"LineString","coordinates":[[107.5,55.33],[107.18,56.0],[107.25,56.4],[107.78,56.0],[107.77,55.5],[107.5,55.33]]}},{"type":"Feature","properties":{"level":1024},"geometry":{"type":"LineString","coordinates":[[108.75,58.24],[109.88,58.5],[108.75,58.24]]}},{"type":"Feature","properties":{"level":1024},"geometry":{"type":"LineString","coordinates":[[-161.39,65.5],[-161.07,65.5],[-161.39,65.5]]}},{"type":"Feature","properties":{"level":1024},"geometry":{"type":"LineString","coordinates":[[170.84,66.0],[171.0,65.77],[171.72,66.0],[171.25,66.36],[170.84,66.0]]}},{"type":"Feature","properties":{"level":1024},"geometry":{"type":"LineString","coordinates":[[180.0,68.26],[179.25,68.52],[175.0,68.59],[173.25,68.18],[171.25,67.25],[170.02,67.25],[168.29,66.75],[168.99,66.25],[168.58,66.0],[169.5,65.82],[171.5,66.53],[171.89,66.25],[172.5,66.21],[173.5,66.58],[174.19,66.0],[174.03,65.5],[174.36,64.75],[174.01,64.25],[172.5,63.76],[171.39,63.0],[171.54,62.75],[171.29,62.5],[171.75,62.0],[171.68,61.75],[170.5,61.53],[170.25,61.75],[169.83,61.5],[169.82,61.25],[170.25,60.94],[171.25,61.1],[171.5,60.74],[172.93,60.75],[172.08,58.75],[172.23,57.75],[172.03,56.75],[172.31,55.5],[175.75,51.32],[179.54,48.75],[180.0,48.13]]}},{"type":"Feature","properties":{"level":1024},"geometry":{"type":"LineString","coordinates":[[-165.5,68.99],[-165.69,69.0],[-165.31,69.0],[-165.5,68.99]]}},{"type":"Feature","properties":{"level":1024},"geometry":{"type":"LineString","coordinates":[[-40.75,71.0],[-39.76,71.0],[-38.25,72.63],[-36.12,73.25],[-36.06,73.5],[-36.89,74.0],[-36.63,74.25],[-37.15,74.5],[-36.96,74.75],[-36.0,74.88],[-35.59,75.25],[-36.25,75.47],[-38.89,75.25],[-38.85,75.0],[-41.13,73.75],[-41.41,73.5],[-39.5,73.31],[-38.48,72.75],[-42.09,72.0],[-41.44,71.75],[-41.25,71.3],[-40.75,71.0]]}},{"type":"Feature","properties":{"level":1024},"geometry":{"type":"LineString","coordinates":[[-44.75,75.25],[-44.0,75.03],[-42.53,75.25],[-43.75,76.13],[-46.14,76.75],[-46.17,75.75],[-44.75,75.25]]}},{"type":"Feature","properties":{"level":1024},"geometry":{"type":"LineString","coordinates":[[-42.84,76.25],[-41.5,76.36],[-41.15,76.5],[-41.16,76.75],[-41.75,77.06],[-42.75,77.0],[-42.84,76.25]]}},{"type":"Feature","properties":{"level":1028},"geometry":{"type":"LineString","coordinates":[[-180.0,-89.87],[-68.75,-89.89],[17.0,-89.59],[53.75,-89.09],[90.75,-89.15],[100.25,-89.53],[118.25,-89.45],[120.54,-89.25],[114.01,-88.25],[114.25,-88.0],[115.53,-87.75],[125.71,-86.0],[126.08,-85.0],[127.54,-84.25],[128.0,-83.25],[127.31,-82.75],[127.16,-82.25],[125.84,-82.0],[125.6,-81.75],[126.88,-81.0],[125.75,-80.73],[123.0,-80.95],[121.23,-80.25],[121.04,-79.75],[121.52,-79.25],[123.58,-78.0],[126.83,-76.75],[129.75,-76.05],[135.0,-75.23],[137.75,-74.13],[138.07,-73.75],[137.7,-73.25],[136.61,-72.75],[136.54,-72.5],[137.0,-71.93],[136.25,-71.94],[133.25,-71.2],[125.75,-71.7],[118.25,-71.84],[113.25,-71.68],[106.5,-70.85],[99.5,-71.28],[95.25,-71.22],[92.75,-71.9],[89.77,-73.25],[91.04,-76.5],[90.92,-77.0],[90.25,-77.63],[87.01,-78.75],[81.5,-79.71],[79.24,-80.75],[72.25,-81.9],[45.75,-83.53],[44.23,-83.75],[34.25,-86.58],[28.75,-86.59],[25.25,-86.33],[24.44,-86.0],[24.9,-85.5],[24.7,-85.25],[24.83,-85.0],[26.43,-84.5],[27.34,-84.0],[27.15,-83.75],[19.48,-82.75],[16.0,-82.68],[13.75,-82.78],[0.0,-84.5],[-4.42,-85.25],[-7.25,-86.2],[-9.21,-86.5],[-16.75,-87.32],[-27.75,-87.75],[-47.0,-87.78],[-59.5,-88.31],[-114.0,-89.2],[-150.75,-89.21],[-180.0,-88.89]]}},{"type":"Feature","properties":{"level":1028},"geometry":{"type":"LineString","coordinates":[[180.0,-88.89],[166.25,-88.99],[162.68,-89.25],[163.24,-89.5],[165.75,-89.61],[180.0,-89.87]]}},{"type":"Feature","properties":{"level":1028},"geometry":{"type":"LineString","coordinates":[[147.33,-52.5],[150.5,-52.74],[157.25,-52.19],[159.13,-51.5],[159.95,-50.75],[160.19,-50.0],[160.3,-48.25],[158.43,-44.0],[158.04,-41.25],[158.17,-36.5],[157.53,-36.25],[157.43,-35.75],[156.79,-35.0],[156.8,-34.0],[156.51,-33.5],[156.83,-32.5],[156.75,-32.0],[156.25,-31.81],[155.25,-32.34],[155.34,-31.25],[154.68,-31.25],[154.68,-30.75],[154.15,-30.0],[154.25,-29.71],[153.5,-29.77],[153.0,-29.04],[152.25,-28.94],[151.5,-30.16],[151.2,-31.25],[150.75,-31.67],[149.94,-31.75],[148.99,-33.0],[149.0,-33.98],[148.5,-34.06],[147.68,-34.75],[147.54,-35.0],[147.81,-35.5],[147.12,-36.25],[145.25,-37.28],[143.79,-37.5],[143.22,-38.0],[143.32,-38.75],[143.07,-39.0],[139.5,-40.85],[138.5,-41.14],[137.43,-42.5],[137.54,-43.75],[137.33,-45.5],[137.7,-46.75],[138.38,-47.75],[141.25,-50.35],[144.75,-51.92],[147.33,-52.5]]}},{"type":"Feature","properties":{"level":1028},"geometry":{"type":"LineString","coordinates":[[-58.31,-52.25],[-56.25,-52.25],[-54.8,-51.75],[-51.86,-48.25],[-49.56,-46.25],[-48.25,-45.5],[-45.25,-44.82],[-43.25,-44.09],[-40.5,-43.57],[-37.5,-43.47],[-36.0,-43.92],[-34.0,-43.87],[-32.94,-43.25],[-32.96,-42.5],[-33.5,-42.25],[-35.5,-42.8],[-39.5,-42.87],[-41.5,-42.14],[-42.75,-41.32],[-45.0,-40.69],[-45.53,-40.0],[-46.05,-39.75],[-52.0,-38.73],[-56.75,-38.51],[-58.0,-38.69],[-60.5,-40.4],[-62.0,-41.13],[-63.5,-42.44],[-63.88,-45.5],[-63.45,-47.5],[-60.7,-51.5],[-59.25,-51.85],[-58.75,-51.76],[-58.31,-52.25]]}},{"type":"Feature","properties":{"level":1028},"geometry":{"type":"LineString","coordinates":[[58.06,-42.0],[59.0,-42.17],[60.0,-41.82],[61.0,-42.02],[63.25,-40.75],[63.75,-40.73],[64.1,-39.75],[64.99,-38.75],[64.64,-36.75],[62.25,-36.15],[61.5,-36.2],[61.0,-36.53],[60.0,-36.29],[59.0,-36.72],[59.19,-37.0],[59.0,-37.11],[56.86,-37.25],[57.0,-37.58],[56.44,-38.0],[56.91,-39.0],[56.61,-39.5],[56.91,-40.75],[57.07,-41.25],[58.06,-42.0]]}},{"type":"Feature","properties":{"level":1028},"geometry":{"type":"LineString","coordinates":[[145.0,-38.0],[145.0,-37.71],[145.0,-38.0]]}},{"type":"Feature","properties":{"level":1028},"geometry":{"type":"LineString","coordinates":[[-69.77,-33.5],[-69.66,-32.5],[-70.0,-32.15],[-69.86,-33.0],[-70.04,-33.25],[-69.77,-33.5]]}},{"type":"Feature","properties":{"level":1028},"geometry":{"type":"LineString","coordinates":[[150.75,-32.09],[150.54,-32.0],[150.75,-31.86],[150.75,-32.09]]}},{"type":"Feature","properties":{"level":1028},"geometry":{"type":"LineString","coordinates":[[-70.3,-31.75],[-69.95,-31.75],[-69.94,-30.75],[-69.37,-29.25],[-69.5,-28.5],[-70.29,-29.5],[-70.01,-30.0],[-70.02,-31.0],[-70.45,-31.5],[-70.3,-31.75]]}},{"type":"Feature","properties":{"level":1028},"geometry":{"type":"LineString","coordinates":[[-112.84,37.75],[-112.25,37.62],[-111.66,38.25],[-112.0,38.57],[-112.84,37.75]]}},{"type":"Feature","properties":{"level":1028},"geometry":{"type":"LineString","coordinates":[[-108.2,37.75],[-107.25,37.55],[-107.01,37.75],[-108.0,38.03],[-108.2,37.75]]}},{"type":"Feature","properties":{"level":1028},"geometry":{"type":"LineString","coordinates":[[-111.59,40.5],[-111.25,40.26],[-109.91,40.75],[-111.0,41.28],[-111.5,40.97],[-111.59,40.5]]}},{"type":"Feature","properties":{"level":1028},"geometry":{"type":"LineString","coordinates":[[-77.77,42.25],[-76.74,42.5],[-76.89,42.75],[-78.75,43.5],[-78.25,43.75],[-77.0,43.8],[-76.5,44.25],[-76.2,45.5],[-76.78,47.5],[-76.75,48.86],[-78.36,50.5],[-79.25,50.86],[-82.0,51.16],[-83.0,50.7],[-83.75,49.94],[-85.74,49.0],[-86.04,48.25],[-85.75,47.82],[-85.22,47.75],[-84.88,46.75],[-86.25,46.54],[-86.73,46.25],[-86.29,46.0],[-85.33,46.0],[-85.37,45.25],[-85.0,44.41],[-84.5,44.21],[-83.75,44.37],[-83.48,44.5],[-83.25,45.31],[-83.0,45.26],[-81.79,44.5],[-82.41,44.0],[-81.5,42.89],[-80.5,42.92],[-79.0,43.47],[-78.75,43.25],[-78.97,42.5],[-78.75,42.28],[-78.0,42.42],[-77.77,42.25]]}},{"type":"Feature","properties":{"level":1028},"geometry":{"type":"LineString","coordinates":[[-25.38,42.25],[-24.0,42.26],[-20.75,43.18],[-20.1,43.75],[-19.73,44.5],[-20.08,44.75],[-19.93,45.75],[-21.5,46.48],[-25.45,46.5],[-25.8,46.0],[-27.34,45.0],[-27.0,44.89],[-27.13,44.25],[-26.62,43.75],[-27.0,43.0],[-25.38,42.25]]}},{"type":"Feature","properties":{"level":1028},"geometry":{"type":"LineString","coordinates":[[-76.32,42.75],[-75.82,42.75],[-76.32,42.75]]}},{"type":"Feature","properties":{"level":1028},"geometry":{"type":"LineString","coordinates":[[-76.0,43.75],[-75.47,43.75],[-75.75,44.09],[-76.0,43.75]]}},{"type":"Feature","properties":{"level":1028},"geometry":{"type":"LineString","coordinates":[[-115.36,44.25],[-115.0,44.16],[-114.25,44.84],[-113.34,44.75],[-113.43,45.0],[-111.75,46.3],[-111.45,46.25],[-112.05,45.75],[-111.99,45.25],[-111.65,45.0],[-111.5,44.26],[-110.5,44.38],[-109.91,45.0],[-110.5,45.57],[-110.75,46.23],[-111.11,46.25],[-110.75,46.25],[-110.09,46.75],[-110.52,47.25],[-110.35,47.75],[-110.5,47.92],[-112.5,47.7],[-112.74,48.25],[-111.0,48.84],[-109.79,50.0],[-110.55,50.5],[-111.51,53.5],[-111.26,55.0],[-110.9,55.5],[-110.49,57.0],[-109.57,58.25],[-109.5,59.15],[-108.0,59.34],[-102.25,61.24],[-101.41,62.0],[-101.25,63.02],[-101.0,63.17],[-100.67,63.0],[-100.59,63.5],[-102.15,65.25],[-104.13,66.5],[-110.83,69.5],[-112.55,70.0],[-115.91,70.25],[-117.11,70.5],[-116.31,70.75],[-116.62,71.0],[-117.75,70.82],[-117.91,71.0],[-120.0,71.18],[-120.5,71.31],[-121.0,71.83],[-123.25,72.1],[-124.72,72.0],[-124.19,71.75],[-124.5,71.54],[-129.25,71.95],[-133.5,71.69],[-133.74,71.5],[-133.67,71.0],[-134.25,70.75],[-132.62,70.0],[-132.87,69.75],[-132.56,69.25],[-132.85,68.75],[-132.65,68.5],[-133.11,68.0],[-132.49,66.5],[-133.5,66.26],[-135.25,66.38],[-136.04,67.5],[-135.78,67.75],[-136.0,68.07],[-140.25,69.37],[-144.0,69.13],[-144.5,69.34],[-146.0,69.29],[-147.5,69.04],[-148.0,68.49],[-154.0,68.32],[-155.64,68.0],[-155.76,67.75],[-155.5,67.52],[-154.0,66.92],[-152.5,66.79],[-151.5,67.07],[-150.25,66.69],[-148.25,66.84],[-142.63,66.5],[-142.67,66.25],[-143.28,66.0],[-144.5,65.66],[-145.0,65.83],[-146.14,65.25],[-145.75,65.1],[-145.0,65.47],[-143.82,65.25],[-145.0,65.09],[-145.47,64.75],[-144.23,64.25],[-144.75,63.57],[-149.0,63.66],[-150.08,63.0],[-150.03,62.75],[-149.0,62.25],[-148.0,61.14],[-146.75,61.12],[-141.75,60.01],[-139.5,59.8],[-137.25,58.54],[-136.22,58.25],[-135.12,57.5],[-135.0,57.17],[-134.75,57.37],[-133.0,56.53],[-130.29,54.75],[-129.69,53.75],[-128.0,52.66],[-127.19,51.5],[-126.28,50.75],[-126.49,50.25],[-126.35,50.0],[-125.5,49.76],[-125.5,49.38],[-124.25,48.92],[-123.75,48.46],[-123.37,48.75],[-123.65,49.25],[-122.25,49.14],[-122.11,48.75],[-121.24,48.25],[-121.25,47.89],[-120.5,47.58],[-120.37,48.0],[-119.25,48.66],[-118.5,47.81],[-117.25,47.33],[-116.75,46.5],[-116.3,46.25],[-116.28,46.0],[-116.8,45.75],[-116.83,45.25],[-116.18,45.0],[-115.36,44.25]]}},{"type":"Feature","properties":{"level":1028},"geometry":{"type":"LineString","coordinates":[[-84.5,45.75],[-84.2,45.75],[-84.5,45.75]]}},{"type":"Feature","properties":{"level":1028},"geometry":{"type":"LineString","coordinates":[[67.12,48.0],[69.25,47.87],[73.75,48.65],[78.5,49.1],[79.75,50.46],[82.25,51.56],[83.75,53.87],[84.25,54.27],[85.25,54.41],[85.27,55.0],[86.62,56.0],[87.0,56.69],[88.01,57.25],[88.26,59.5],[89.5,60.73],[92.75,61.56],[93.25,61.25],[93.75,61.35],[94.12,61.5],[93.7,61.75],[94.0,61.86],[95.5,61.59],[97.25,61.85],[101.79,63.0],[103.25,63.88],[105.76,64.5],[109.25,66.05],[109.84,66.0],[110.04,66.25],[109.63,66.5],[110.23,66.75],[109.84,67.0],[110.02,67.25],[107.0,67.93],[105.75,68.52],[103.25,68.9],[98.25,70.31],[93.25,71.01],[89.5,71.18],[83.5,71.02],[77.75,69.95],[67.75,68.66],[66.75,68.93],[61.5,68.99],[47.5,68.45],[38.5,66.91],[35.0,65.62],[29.5,64.13],[25.44,61.5],[24.98,61.0],[24.74,60.25],[25.05,59.5],[24.75,59.25],[24.7,58.75],[25.26,58.25],[25.61,57.5],[25.46,56.75],[24.58,56.5],[25.41,55.75],[26.5,55.29],[30.0,54.77],[44.75,56.91],[47.25,57.03],[48.26,56.25],[48.0,55.5],[48.23,55.0],[47.83,54.25],[48.32,53.75],[49.5,53.24],[51.02,53.25],[52.75,51.66],[58.75,48.51],[62.25,48.17],[65.75,48.59],[67.12,48.0]]}},{"type":"Feature","properties":{"level":1028},"geometry":{"type":"LineString","coordinates":[[87.52,51.0],[88.1,51.0],[88.25,51.46],[89.0,51.03],[89.35,51.5],[88.65,51.75],[88.75,52.23],[89.25,51.98],[89.66,52.25],[89.5,52.47],[88.5,52.34],[86.91,51.5],[87.52,51.0]]}},{"type":"Feature","properties":{"level":1028},"geometry":{"type":"LineString","coordinates":[[92.69,52.5],[93.7,52.75],[92.75,52.75],[92.69,52.5]]}},{"type":"Feature","properties":{"level":1028},"geometry":{"type":"LineString","coordinates":[[-134.81,57.0],[-134.62,57.0],[-134.81,57.0]]}},{"type":"Feature","properties":{"level":1028},"geometry":{"type":"LineString","coordinates":[[23.97,57.5],[24.34,57.5],[24.25,58.01],[23.97,57.5]]}},{"type":"Feature","properties":{"level":1028},"geometry":{"type":"LineString","coordinates":[[24.45,58.25],[24.72,58.25],[24.45,58.25]]}},{"type":"Feature","properties":{"level":1028},"geometry":{"type":"LineString","coordinates":[[177.66,58.25],[178.0,58.24],[178.1,58.5],[178.0,58.9],[177.75,58.98],[177.47,58.5],[177.66,58.25]]}},{"type":"Feature","properties":{"level":1028},"geometry":{"type":"LineString","coordinates":[[-153.38,61.5],[-153.0,61.47],[-152.88,62.0],[-153.75,62.09],[-153.38,61.5]]}},{"type":"Feature","properties":{"level":1028},"geometry":{"type":"LineString","coordinates":[[178.02,66.75],[178.75,66.73],[179.34,67.0],[178.73,67.25],[178.73,67.0],[178.02,66.75]]}},{"type":"Feature","properties":{"level":1028},"geometry":{"type":"LineString","coordinates":[[-134.25,67.5],[-134.25,67.79],[-134.25,67.5]]}},{"type":"Feature","properties":{"level":1028},"geometry":{"type":"LineString","coordinates":[[67.0,67.97],[66.73,68.25],[67.25,68.37],[68.12,68.0],[67.5,67.75],[67.0,67.97]]}},{"type":"Feature","properties":{"level":1028},"geometry":{"type":"LineString","coordinates":[[-134.26,68.25],[-134.24,68.5],[-133.15,68.75],[-133.27,69.0],[-134.0,69.03],[-134.48,68.75],[-134.26,68.25]]}},{"type":"Feature","properties":{"level":1028},"geometry":{"type":"LineString","coordinates":[[67.5,68.45],[67.5,68.74],[67.5,68.45]]}},{"type":"Feature","properties":{"level":1032},"geometry":{"type":"LineString","coordinates":[[22.53,-88.75],[71.25,-88.88],[98.25,-88.66],[105.5,-88.41],[114.5,-87.32],[121.36,-86.25],[122.83,-85.25],[123.42,-84.0],[123.29,-83.75],[120.93,-83.25],[123.57,-82.75],[123.04,-82.25],[121.37,-81.75],[119.12,-80.5],[119.16,-80.0],[120.76,-78.75],[124.3,-77.0],[129.0,-75.8],[134.0,-74.85],[134.92,-74.5],[135.01,-74.25],[134.33,-73.5],[134.05,-72.0],[133.5,-71.91],[128.5,-71.79],[123.25,-72.16],[116.5,-72.2],[112.75,-72.03],[106.0,-71.27],[96.5,-71.82],[93.75,-72.3],[90.82,-73.5],[90.79,-74.25],[91.86,-77.0],[90.51,-78.0],[87.45,-79.0],[83.0,-79.75],[81.05,-80.75],[79.91,-81.0],[73.96,-82.25],[67.75,-82.74],[67.09,-83.0],[68.92,-83.5],[68.86,-83.75],[52.75,-84.44],[50.13,-84.75],[50.92,-85.25],[50.86,-85.5],[47.5,-86.18],[47.02,-86.75],[42.87,-87.5],[43.15,-88.0],[38.75,-88.59],[32.25,-88.64],[28.62,-88.0],[22.25,-87.8],[7.25,-87.99],[3.94,-88.25],[7.75,-88.55],[22.53,-88.75]]}},{"type":"Feature","properties":{"level":1032},"geometry":{"type":"LineString","coordinates":[[148.15,-50.25],[150.25,-50.35],[153.75,-50.01],[155.25,-49.12],[155.78,-48.5],[155.81,-47.75],[155.17,-45.75],[155.06,-44.0],[154.68,-43.25],[154.64,-42.5],[154.22,-42.0],[154.12,-41.0],[153.71,-40.5],[153.99,-39.25],[153.5,-38.62],[151.75,-38.41],[150.5,-38.66],[149.25,-38.55],[147.75,-39.33],[146.84,-39.5],[146.11,-40.25],[144.72,-41.0],[144.9,-42.0],[146.16,-43.5],[145.5,-43.78],[144.5,-43.35],[143.75,-43.59],[142.65,-45.0],[142.31,-46.5],[143.13,-48.25],[146.25,-49.84],[148.15,-50.25]]}},{"type":"Feature","properties":{"level":1032},"geometry":{"type":"LineString","coordinates":[[-57.53,-45.25],[-57.25,-45.4],[-57.13,-45.25],[-57.25,-45.07],[-57.53,-45.25]]}},{"type":"Feature","properties":{"level":1032},"geometry":{"type":"LineString","coordinates":[[148.74,-37.75],[149.25,-37.96],[149.95,-37.5],[150.03,-36.25],[149.75,-35.44],[149.04,-35.5],[149.26,-35.75],[149.0,-35.85],[148.5,-35.72],[148.46,-36.25],[147.82,-36.75],[147.67,-37.25],[148.74,-37.75]]}},{"type":"Feature","properties":{"level":1032},"geometry":{"type":"LineString","coordinates":[[-70.02,-29.75],[-69.75,-29.98],[-69.57,-29.75],[-69.5,-28.83],[-69.78,-29.0],[-70.02,-29.75]]}},{"type":"Feature","properties":{"level":1032},"geometry":{"type":"LineString","coordinates":[[-114.32,45.5],[-114.25,45.28],[-113.03,45.75],[-114.0,46.02],[-114.39,45.75],[-114.32,45.5]]}},{"type":"Feature","properties":{"level":1032},"geometry":{"type":"LineString","coordinates":[[-112.76,46.25],[-112.45,47.0],[-112.96,47.25],[-112.73,47.5],[-113.25,48.29],[-113.54,47.5],[-113.35,47.25],[-113.7,46.75],[-113.5,46.51],[-113.0,46.84],[-112.76,46.25]]}},{"type":"Feature","properties":{"level":1032},"geometry":{"type":"LineString","coordinates":[[-114.09,49.0],[-113.26,49.0],[-113.59,49.75],[-112.99,50.75],[-113.12,51.0],[-112.95,51.5],[-113.62,52.0],[-113.34,52.5],[-113.5,52.87],[-114.54,54.25],[-114.01,55.0],[-114.16,55.5],[-113.81,55.75],[-114.03,56.0],[-113.97,57.25],[-113.29,58.0],[-113.48,59.5],[-112.75,60.08],[-107.56,61.25],[-105.29,62.5],[-104.85,63.0],[-104.66,64.0],[-106.4,65.5],[-108.5,66.86],[-115.25,68.46],[-118.5,68.79],[-121.75,69.6],[-124.6,69.0],[-124.33,68.0],[-123.08,67.0],[-123.08,66.75],[-121.21,66.5],[-120.71,65.75],[-121.49,65.25],[-121.19,65.0],[-121.54,64.25],[-121.37,64.0],[-122.14,63.5],[-122.24,63.0],[-122.61,62.75],[-122.4,62.5],[-123.02,61.75],[-122.75,61.45],[-121.83,61.25],[-124.75,59.64],[-125.5,59.8],[-125.56,60.0],[-124.5,60.19],[-124.5,60.57],[-125.25,61.18],[-126.25,61.35],[-126.33,61.75],[-125.75,62.02],[-125.5,61.8],[-125.37,62.0],[-125.92,63.0],[-126.5,63.17],[-126.96,63.5],[-127.0,63.95],[-128.0,64.48],[-129.0,64.36],[-130.75,64.77],[-132.0,64.4],[-135.5,64.82],[-137.0,64.66],[-137.16,64.75],[-136.64,65.0],[-137.0,65.2],[-137.76,65.0],[-137.11,64.25],[-137.5,64.0],[-137.25,63.81],[-136.5,63.67],[-135.25,64.03],[-134.5,63.83],[-134.25,63.93],[-134.26,64.25],[-133.75,64.34],[-133.0,64.06],[-132.5,63.54],[-131.93,63.5],[-133.25,62.75],[-134.87,62.5],[-134.5,62.17],[-135.63,62.0],[-135.4,61.5],[-135.5,61.07],[-136.25,60.93],[-136.67,60.25],[-135.75,60.28],[-136.07,60.0],[-135.75,59.85],[-134.5,60.17],[-134.24,59.75],[-135.05,59.25],[-134.5,58.72],[-133.5,58.53],[-132.57,57.25],[-130.75,56.27],[-130.4,55.75],[-129.75,55.41],[-129.25,54.63],[-127.99,54.5],[-128.07,54.25],[-127.5,53.44],[-126.5,52.7],[-125.85,52.75],[-125.9,52.5],[-124.87,51.75],[-125.12,51.5],[-125.0,51.34],[-123.25,51.4],[-122.75,50.91],[-121.75,50.57],[-122.0,50.19],[-121.0,50.19],[-120.5,50.79],[-119.75,50.8],[-119.32,51.25],[-119.0,51.18],[-119.0,51.54],[-118.75,51.67],[-118.37,51.0],[-118.15,51.0],[-118.25,52.04],[-117.75,51.88],[-117.13,52.25],[-117.95,52.5],[-117.5,52.76],[-116.95,52.5],[-116.62,52.0],[-115.17,51.25],[-114.65,50.5],[-114.88,49.75],[-114.5,49.12],[-114.09,49.0]]}},{"type":"Feature","properties":{"level":1032},"geometry":{"type":"LineString","coordinates":[[60.69,50.25],[61.5,50.08],[68.25,50.13],[73.5,50.92],[74.42,51.5],[74.75,52.35],[75.69,53.0],[75.76,53.5],[76.72,54.75],[81.52,57.25],[82.58,58.25],[83.5,60.0],[84.03,60.5],[86.17,62.0],[87.53,62.5],[88.0,62.97],[89.25,63.19],[89.75,63.0],[91.25,63.23],[93.25,63.13],[93.75,63.85],[94.75,63.67],[94.92,63.75],[94.69,64.0],[95.0,64.12],[96.75,63.96],[99.25,64.24],[100.5,65.12],[102.03,65.75],[101.42,66.0],[101.0,66.62],[100.26,66.75],[99.58,67.5],[99.42,68.0],[99.63,68.5],[98.14,69.5],[95.25,70.05],[93.0,70.18],[92.25,69.98],[92.06,70.25],[91.0,70.25],[86.25,69.26],[79.14,68.75],[70.75,67.04],[66.58,66.5],[65.25,65.94],[63.75,65.64],[62.75,65.87],[63.07,65.5],[62.75,65.18],[62.0,64.96],[60.75,65.15],[59.58,64.75],[59.5,64.46],[58.75,64.83],[58.28,63.75],[57.31,62.5],[55.75,61.69],[55.06,61.0],[54.75,60.27],[53.97,60.0],[53.8,59.75],[53.94,58.25],[54.77,56.25],[54.85,54.25],[55.28,52.75],[58.0,51.15],[60.69,50.25]]}},{"type":"Feature","properties":{"level":1032},"geometry":{"type":"LineString","coordinates":[[38.4,58.75],[39.18,58.75],[40.5,59.25],[46.5,59.55],[48.96,60.25],[50.94,61.5],[52.5,63.55],[53.62,64.25],[54.12,65.25],[54.9,65.5],[52.0,66.4],[49.0,66.28],[42.5,65.41],[33.75,62.4],[32.61,61.75],[32.0,60.75],[32.49,59.75],[32.5,59.1],[32.75,58.94],[38.4,58.75]]}},{"type":"Feature","properties":{"level":1032},"geometry":{"type":"LineString","coordinates":[[-137.52,59.25],[-137.25,59.06],[-137.13,59.25],[-137.45,59.5],[-137.01,59.75],[-138.0,59.77],[-137.75,60.63],[-136.0,61.27],[-137.5,61.75],[-137.75,61.26],[-138.5,60.96],[-139.0,61.13],[-140.5,60.92],[-140.53,61.25],[-141.25,61.46],[-142.25,60.96],[-142.75,61.15],[-143.14,61.0],[-142.79,60.5],[-141.75,60.19],[-140.5,60.63],[-140.27,60.5],[-140.62,60.25],[-138.0,59.73],[-137.51,59.5],[-137.52,59.25]]}},{"type":"Feature","properties":{"level":1032},"geometry":{"type":"LineString","coordinates":[[-121.5,60.48],[-122.21,60.75],[-121.75,60.84],[-121.12,60.5],[-121.5,60.48]]}},{"type":"Feature","properties":{"level":1032},"geometry":{"type":"LineString","coordinates":[[-142.58,61.5],[-142.25,61.43],[-141.8,61.75],[-143.25,62.0],[-143.7,61.75],[-142.58,61.5]]}},{"type":"Feature","properties":{"level":1032},"geometry":{"type":"LineString","coordinates":[[-132.0,61.74],[-131.42,62.25],[-130.99,62.25],[-130.79,62.0],[-131.0,61.73],[-132.0,61.74]]}},{"type":"Feature","properties":{"level":1032},"geometry":{"type":"LineString","coordinates":[[-132.0,62.71],[-132.19,63.0],[-131.75,63.36],[-130.65,62.75],[-132.0,62.71]]}},{"type":"Feature","properties":{"level":1032},"geometry":{"type":"LineString","coordinates":[[-131.5,64.18],[-131.72,64.25],[-131.25,64.49],[-130.65,64.25],[-131.5,64.18]]}},{"type":"Feature","properties":{"level":1032},"geometry":{"type":"LineString","coordinates":[[-145.63,68.0],[-145.25,68.0],[-145.16,68.25],[-144.54,68.5],[-144.54,68.75],[-145.25,68.8],[-145.5,68.37],[-146.05,68.25],[-145.63,68.0]]}},{"type":"Feature","properties":{"level":1036},"geometry":{"type":"LineString","coordinates":[[63.28,-88.5],[82.0,-88.62],[98.5,-88.34],[107.0,-87.76],[115.99,-86.5],[117.46,-86.0],[118.98,-85.0],[119.04,-84.5],[118.49,-84.25],[117.49,-83.25],[120.1,-82.5],[120.03,-82.25],[117.8,-81.25],[117.41,-80.75],[117.8,-80.0],[120.51,-78.0],[122.55,-77.0],[133.28,-74.5],[133.49,-74.25],[133.15,-73.5],[133.3,-73.0],[132.5,-72.54],[131.5,-72.38],[128.75,-72.64],[126.25,-72.39],[121.5,-72.66],[115.5,-72.65],[109.75,-72.23],[106.25,-71.69],[98.66,-72.25],[93.25,-73.02],[91.88,-73.5],[91.3,-74.25],[92.58,-76.75],[92.51,-77.25],[91.85,-77.75],[89.39,-78.75],[83.5,-79.97],[82.12,-80.75],[79.77,-81.25],[79.29,-81.5],[79.78,-81.75],[78.5,-82.16],[73.39,-82.75],[73.19,-83.0],[74.0,-83.51],[76.38,-84.0],[76.75,-84.28],[69.25,-84.83],[68.7,-85.0],[68.73,-85.25],[69.22,-85.5],[65.71,-86.0],[66.09,-86.25],[65.08,-86.5],[56.5,-86.97],[54.42,-87.5],[57.75,-88.21],[63.28,-88.5]]}},{"type":"Feature","properties":{"level":1036},"geometry":{"type":"LineString","coordinates":[[61.08,52.5],[65.75,52.47],[69.25,53.08],[69.74,53.5],[70.18,54.5],[71.25,55.45],[73.25,56.64],[74.92,57.0],[76.1,57.75],[76.37,58.0],[76.33,58.5],[78.84,61.0],[79.78,62.25],[81.41,63.25],[81.55,63.5],[81.23,64.0],[81.33,64.25],[79.9,65.5],[78.75,66.08],[77.0,66.27],[75.0,66.17],[70.25,65.24],[66.75,64.2],[59.75,60.8],[58.89,60.0],[58.19,58.75],[58.33,57.75],[58.94,56.25],[59.67,55.5],[58.77,54.5],[58.51,53.75],[59.5,53.05],[61.08,52.5]]}},{"type":"Feature","properties":{"level":1036},"geometry":{"type":"LineString","coordinates":[[-119.93,54.25],[-119.5,54.03],[-119.23,54.5],[-120.29,54.75],[-119.68,55.0],[-120.25,55.3],[-120.69,55.0],[-120.42,54.5],[-119.93,54.25]]}},{"type":"Feature","properties":{"level":1036},"geometry":{"type":"LineString","coordinates":[[-127.08,55.25],[-126.85,55.25],[-126.96,55.5],[-126.75,55.59],[-124.25,55.29],[-124.33,56.25],[-124.98,57.0],[-124.75,57.12],[-123.5,56.77],[-122.82,56.25],[-122.97,55.5],[-122.75,55.42],[-121.62,56.0],[-122.51,56.5],[-122.25,56.85],[-121.67,57.0],[-122.5,57.57],[-123.54,57.75],[-124.75,58.63],[-125.59,58.5],[-125.43,58.0],[-126.25,57.68],[-127.0,58.1],[-127.16,58.0],[-126.83,57.75],[-127.0,57.54],[-127.49,57.5],[-127.51,57.25],[-128.0,56.96],[-128.57,57.25],[-128.25,57.37],[-128.25,57.59],[-129.0,57.67],[-129.12,57.25],[-128.25,56.6],[-126.73,56.25],[-127.72,56.0],[-127.08,55.25]]}},{"type":"Feature","properties":{"level":1036},"geometry":{"type":"LineString","coordinates":[[-119.83,56.75],[-118.81,56.75],[-119.25,57.08],[-119.83,56.75]]}},{"type":"Feature","properties":{"level":1036},"geometry":{"type":"LineString","coordinates":[[-139.64,60.25],[-138.81,60.75],[-139.75,60.72],[-140.0,60.91],[-140.35,60.75],[-139.64,60.25]]}},{"type":"Feature","properties":{"level":1036},"geometry":{"type":"LineString","coordinates":[[-128.6,61.75],[-127.86,61.75],[-128.75,62.3],[-129.38,62.25],[-128.6,61.75]]}},{"type":"Feature","properties":{"level":1036},"geometry":{"type":"LineString","coordinates":[[-112.58,63.75],[-110.75,63.83],[-110.36,64.0],[-110.9,64.5],[-110.15,64.75],[-111.76,65.75],[-111.61,66.0],[-112.75,66.79],[-113.04,66.75],[-112.25,66.0],[-114.83,65.0],[-113.42,64.5],[-112.58,63.75]]}},{"type":"Feature","properties":{"level":1036},"geometry":{"type":"LineString","coordinates":[[-110.09,64.0],[-109.94,64.0],[-110.09,64.0]]}},{"type":"Feature","properties":{"level":1036},"geometry":{"type":"LineString","coordinates":[[91.92,67.75],[92.75,68.09],[93.03,68.5],[91.58,68.5],[92.23,68.25],[91.83,68.0],[91.92,67.75]]}},{"type":"Feature","properties":{"level":1036},"geometry":{"type":"LineString","coordinates":[[93.97,68.25],[94.85,68.5],[94.32,68.75],[94.25,69.13],[93.58,68.75],[93.97,68.25]]}},{"type":"Feature","properties":{"level":1040},"geometry":{"type":"LineString","coordinates":[[72.33,-88.25],[86.5,-88.34],[98.25,-88.05],[102.95,-87.75],[110.91,-86.5],[112.31,-86.0],[112.74,-85.5],[111.17,-84.75],[111.31,-84.25],[113.33,-83.25],[111.58,-82.75],[111.75,-82.64],[115.0,-82.55],[116.0,-82.32],[116.14,-82.25],[115.56,-81.75],[116.05,-80.5],[117.83,-79.25],[118.31,-78.5],[119.74,-77.5],[121.01,-77.0],[127.74,-75.5],[129.0,-74.75],[130.25,-74.34],[131.46,-73.25],[131.37,-73.0],[130.25,-72.88],[128.75,-73.15],[127.25,-72.93],[122.75,-73.27],[118.25,-73.21],[108.75,-72.79],[108.5,-72.5],[105.5,-72.36],[100.28,-72.75],[95.75,-73.41],[93.0,-73.45],[92.31,-73.75],[91.95,-74.25],[92.26,-75.25],[93.18,-76.75],[92.52,-77.75],[89.25,-79.0],[84.26,-80.0],[83.5,-80.55],[81.36,-81.25],[83.54,-81.5],[83.58,-81.75],[78.83,-82.75],[80.0,-83.07],[82.34,-83.25],[84.98,-84.0],[89.5,-84.06],[90.03,-84.25],[82.21,-85.0],[80.8,-85.25],[80.08,-85.75],[81.59,-86.0],[81.8,-86.25],[63.46,-87.0],[63.03,-87.25],[68.04,-88.0],[72.33,-88.25]]}},{"type":"Feature","properties":{"level":1040},"geometry":{"type":"LineString","coordinates":[[64.98,57.0],[65.25,56.96],[68.0,59.11],[68.49,60.25],[68.0,60.43],[67.29,60.25],[65.74,59.25],[64.76,58.25],[64.65,57.25],[64.98,57.0]]}},{"type":"Feature","properties":{"level":1044},"geometry":{"type":"LineString","coordinates":[[77.55,-88.0],[95.5,-87.78],[102.08,-87.0],[103.48,-86.5],[100.58,-86.0],[100.94,-85.75],[100.5,-85.58],[98.75,-85.41],[86.06,-86.5],[71.11,-87.0],[71.29,-87.25],[73.32,-87.5],[73.69,-87.75],[77.55,-88.0]]}},{"type":"Feature","properties":{"level":1044},"geometry":{"type":"LineString","coordinates":[[90.29,-85.0],[94.25,-85.07],[99.42,-84.75],[98.83,-84.5],[100.0,-84.34],[102.5,-83.49],[108.0,-82.86],[109.75,-82.02],[113.5,-81.36],[115.02,-80.25],[116.47,-78.25],[119.5,-77.14],[125.0,-76.07],[126.81,-75.5],[126.29,-74.75],[128.14,-74.0],[127.25,-73.82],[123.25,-73.95],[110.75,-73.49],[93.25,-73.93],[92.72,-74.25],[93.07,-75.25],[92.96,-75.5],[93.66,-76.75],[93.26,-77.75],[90.75,-78.81],[84.9,-80.0],[83.17,-81.0],[87.56,-81.5],[84.66,-82.0],[83.3,-82.5],[83.5,-82.55],[86.82,-82.75],[87.91,-83.25],[89.0,-83.41],[94.5,-83.39],[95.5,-83.5],[95.73,-83.75],[90.12,-84.75],[90.29,-85.0]]}},{"type":"Feature","properties":{"level":1048},"geometry":{"type":"LineString","coordinates":[[80.5,-87.75],[93.25,-87.53],[96.04,-87.25],[97.75,-86.75],[94.0,-86.6],[87.42,-86.75],[84.22,-87.0],[84.26,-87.25],[80.32,-87.5],[80.5,-87.75]]}},{"type":"Feature","properties":{"level":1048},"geometry":{"type":"LineString","coordinates":[[93.32,-82.5],[98.5,-82.13],[100.5,-81.7],[104.75,-81.77],[105.27,-81.5],[105.03,-81.25],[105.4,-81.0],[107.0,-80.57],[110.87,-80.25],[112.4,-79.5],[112.36,-79.25],[113.72,-78.5],[116.75,-77.08],[123.25,-76.26],[125.32,-75.75],[124.25,-75.15],[117.25,-74.53],[114.25,-74.54],[114.0,-74.75],[115.29,-75.0],[114.0,-75.32],[112.0,-75.34],[110.0,-75.79],[107.0,-75.65],[101.75,-74.8],[99.5,-74.76],[95.0,-74.13],[94.61,-74.25],[94.81,-74.75],[96.18,-76.25],[94.5,-76.83],[93.25,-78.17],[91.35,-79.0],[85.49,-80.0],[84.72,-80.5],[85.7,-81.0],[91.13,-81.5],[89.02,-82.0],[89.25,-82.06],[93.94,-82.25],[93.32,-82.5]]}},{"type":"Feature","properties":{"level":1052},"geometry":{"type":"LineString","coordinates":[[93.9,-81.25],[101.25,-80.88],[104.25,-80.02],[109.25,-79.82],[109.94,-79.5],[109.72,-78.5],[109.9,-78.25],[109.5,-77.53],[107.5,-76.87],[96.5,-74.83],[96.41,-75.25],[97.1,-76.5],[97.09,-76.75],[96.5,-77.19],[95.25,-77.5],[92.0,-79.16],[87.88,-79.75],[85.96,-80.25],[85.74,-80.5],[87.25,-80.87],[92.35,-81.0],[93.9,-81.25]]}},{"type":"Feature","properties":{"level":1052},"geometry":{"type":"LineString","coordinates":[[120.68,-76.0],[122.5,-76.13],[124.51,-75.75],[123.75,-75.39],[122.5,-75.38],[120.82,-75.75],[120.68,-76.0]]}},{"type":"Feature","properties":{"level":1056},"geometry":{"type":"LineString","coordinates":[[88.56,-80.75],[95.75,-80.77],[99.0,-80.47],[101.0,-79.64],[104.5,-78.98],[107.12,-79.0],[107.43,-78.75],[107.18,-78.5],[107.26,-77.75],[107.05,-77.5],[105.41,-76.75],[98.5,-75.75],[98.0,-75.99],[97.86,-77.0],[98.19,-77.75],[98.81,-78.25],[97.75,-78.99],[89.5,-80.13],[88.15,-80.5],[88.56,-80.75]]}},{"type":"Feature","properties":{"level":1060},"geometry":{"type":"LineString","coordinates":[[95.09,-80.25],[96.75,-80.3],[98.32,-80.0],[95.09,-80.25]]}},{"type":"Feature","properties":{"level":1060},"geometry":{"type":"LineString","coordinates":[[98.38,-79.75],[100.87,-79.0],[102.4,-78.25],[102.0,-77.93],[101.25,-77.96],[100.56,-78.5],[100.75,-78.79],[99.5,-79.13],[98.38,-79.75]]}},{"type":"Feature","properties":{"level":1060},"geometry":{"type":"LineString","coordinates":[[104.98,-78.0],[105.75,-78.19],[106.08,-78.0],[105.25,-77.34],[104.11,-77.25],[104.98,-78.0]]}}]}