{"type":"FeatureCollection","features":[{"type":"Feature","properties":{"level":952},"geometry":{"type":"LineString","coordinates":[[-160.5,-65.76],[-160.35,-65.5],[-159.25,-65.05],[-158.74,-65.0],[-158.5,-65.25],[-159.25,-65.79],[-160.5,-65.76]]}},{"type":"Feature","properties":{"level":956},"geometry":{"type":"LineString","coordinates":[[-161.5,-68.28],[-163.25,-67.72],[-163.69,-67.25],[-163.78,-66.75],[-162.81,-65.5],[-161.5,-64.73],[-159.25,-64.03],[-157.0,-63.89],[-155.61,-64.25],[-154.41,-65.5],[-154.41,-66.0],[-154.75,-66.55],[-156.27,-67.75],[-158.25,-68.25],[-161.5,-68.28]]}},{"type":"Feature","properties":{"level":956},"geometry":{"type":"LineString","coordinates":[[121.5,-67.0],[120.8,-66.75],[120.87,-66.5],[121.75,-66.26],[122.69,-66.5],[122.5,-66.79],[121.5,-67.0]]}},{"type":"Feature","properties":{"level":956},"geometry":{"type":"LineString","coordinates":[[169.5,56.24],[167.88,56.75],[167.47,57.5],[167.66,58.25],[168.5,58.59],[170.0,58.36],[171.25,57.53],[172.24,56.25],[169.5,56.24]]}},{"type":"Feature","properties":{"level":960},"geometry":{"type":"LineString","coordinates":[[-162.75,-69.53],[-164.5,-69.23],[-166.0,-68.61],[-166.57,-67.75],[-166.37,-67.0],[-165.58,-66.0],[-164.0,-65.07],[-159.75,-63.38],[-157.25,-62.9],[-155.25,-62.85],[-148.75,-64.76],[-146.25,-64.74],[-146.1,-65.0],[-146.92,-66.0],[-148.44,-67.0],[-152.87,-68.75],[-158.25,-69.61],[-162.75,-69.53]]}},{"type":"Feature","properties":{"level":960},"geometry":{"type":"LineString","coordinates":[[96.0,-69.28],[96.11,-68.75],[97.91,-68.0],[97.19,-67.75],[97.81,-67.5],[100.0,-67.3],[102.0,-66.49],[103.89,-66.75],[102.5,-67.63],[100.25,-68.03],[96.5,-69.34],[96.0,-69.28]]}},{"type":"Feature","properties":{"level":960},"geometry":{"type":"LineString","coordinates":[[120.0,-67.51],[118.58,-67.25],[117.65,-66.75],[117.01,-65.5],[117.34,-65.0],[120.25,-64.72],[122.25,-64.86],[124.0,-65.33],[125.35,-66.25],[125.25,-66.54],[124.47,-67.0],[122.75,-67.57],[121.75,-67.73],[120.0,-67.51]]}},{"type":"Feature","properties":{"level":960},"geometry":{"type":"LineString","coordinates":[[175.0,54.99],[172.0,55.35],[167.25,55.17],[165.5,56.69],[164.6,58.0],[165.14,58.75],[166.5,59.44],[168.75,59.63],[170.75,59.24],[172.75,58.43],[175.64,56.0],[175.86,55.25],[175.61,55.0],[175.0,54.99]]}},{"type":"Feature","properties":{"level":964},"geometry":{"type":"LineString","coordinates":[[85.75,-73.67],[84.81,-73.0],[85.3,-72.25],[89.56,-69.5],[91.5,-68.4],[92.75,-67.98],[93.52,-67.25],[94.62,-67.0],[100.0,-66.93],[102.0,-66.13],[103.25,-65.89],[106.0,-66.17],[108.06,-66.0],[113.25,-64.48],[119.25,-63.89],[122.25,-63.99],[124.98,-64.5],[126.85,-65.25],[127.5,-65.75],[127.73,-66.25],[126.25,-67.27],[122.5,-68.22],[118.75,-68.11],[116.0,-67.7],[114.5,-67.32],[114.56,-67.0],[113.75,-66.66],[109.25,-67.4],[101.5,-69.16],[99.0,-70.11],[92.5,-71.6],[86.75,-73.55],[85.75,-73.67]]}},{"type":"Feature","properties":{"level":964},"geometry":{"type":"LineString","coordinates":[[-164.5,-70.52],[-167.0,-70.09],[-168.75,-69.42],[-169.57,-68.5],[-169.38,-67.5],[-167.84,-66.25],[-165.23,-64.75],[-160.25,-62.7],[-157.75,-62.07],[-155.25,-61.84],[-147.75,-62.77],[-144.0,-62.64],[-143.43,-62.75],[-142.94,-63.25],[-143.02,-64.25],[-144.53,-66.0],[-147.0,-67.66],[-150.0,-68.96],[-153.5,-69.86],[-157.0,-70.42],[-160.5,-70.64],[-164.5,-70.52]]}},{"type":"Feature","properties":{"level":964},"geometry":{"type":"LineString","coordinates":[[3.75,-61.77],[1.25,-60.73],[0.45,-60.0],[0.42,-59.5],[5.0,-57.85],[6.5,-57.83],[7.67,-57.25],[7.83,-56.75],[8.27,-56.75],[8.84,-58.25],[8.25,-60.14],[7.25,-61.13],[6.0,-61.73],[3.75,-61.77]]}},{"type":"Feature","properties":{"level":964},"geometry":{"type":"LineString","coordinates":[[24.75,-58.52],[23.25,-58.1],[21.75,-57.16],[21.11,-56.0],[21.12,-55.25],[21.5,-54.52],[22.25,-54.24],[23.25,-54.49],[25.75,-56.19],[26.23,-56.75],[26.64,-57.5],[26.48,-58.25],[26.0,-58.58],[24.75,-58.52]]}},{"type":"Feature","properties":{"level":964},"geometry":{"type":"LineString","coordinates":[[0.0,-58.05],[-0.43,-57.75],[-0.35,-57.5],[0.5,-57.23],[0.66,-57.75],[0.0,-58.05]]}},{"type":"Feature","properties":{"level":964},"geometry":{"type":"LineString","coordinates":[[175.0,54.24],[172.25,54.72],[166.75,54.86],[164.44,56.5],[163.51,57.5],[162.97,58.75],[163.5,59.36],[166.5,60.2],[169.75,60.23],[173.0,59.4],[174.25,58.78],[176.25,57.25],[177.32,55.5],[177.5,54.2],[177.0,54.02],[175.0,54.24]]}},{"type":"Feature","properties":{"level":964},"geometry":{"type":"LineString","coordinates":[[149.75,55.47],[150.0,55.88],[150.64,55.75],[150.25,55.35],[149.75,55.47]]}},{"type":"Feature","properties":{"level":968},"geometry":{"type":"LineString","coordinates":[[82.0,-75.28],[80.66,-74.5],[80.6,-73.75],[84.71,-71.0],[85.03,-70.5],[85.03,-70.0],[85.91,-69.25],[85.84,-69.0],[83.5,-68.71],[81.71,-68.0],[83.25,-67.84],[85.0,-67.25],[89.89,-66.75],[93.25,-65.63],[95.75,-65.08],[100.0,-64.48],[105.75,-64.03],[112.5,-62.98],[119.75,-62.67],[123.75,-63.13],[127.75,-64.07],[130.25,-65.11],[130.76,-65.5],[130.92,-66.0],[130.86,-66.75],[130.25,-67.39],[128.75,-67.41],[123.75,-68.64],[119.25,-68.77],[114.75,-68.46],[113.25,-68.64],[112.5,-69.05],[110.5,-68.98],[105.75,-69.37],[103.75,-69.94],[100.5,-71.32],[92.75,-72.64],[85.5,-75.13],[83.25,-75.47],[82.0,-75.28]]}},{"type":"Feature","properties":{"level":968},"geometry":{"type":"LineString","coordinates":[[72.75,-74.52],[69.25,-74.02],[69.0,-73.82],[66.5,-74.05],[65.83,-73.75],[65.58,-73.25],[66.21,-72.0],[67.25,-71.01],[67.97,-70.75],[67.5,-70.6],[66.5,-70.85],[65.67,-70.25],[65.74,-70.0],[66.75,-70.16],[67.75,-69.67],[68.75,-70.1],[70.5,-69.86],[71.25,-69.93],[71.5,-70.17],[72.0,-70.02],[72.25,-70.34],[73.5,-69.85],[75.5,-69.79],[76.25,-69.34],[77.5,-69.11],[78.5,-68.47],[81.07,-68.0],[80.24,-68.75],[80.29,-69.25],[78.5,-69.75],[78.04,-70.25],[78.95,-70.75],[78.95,-71.5],[76.34,-72.75],[76.14,-73.0],[76.3,-73.25],[75.75,-74.01],[74.0,-74.7],[72.75,-74.52]]}},{"type":"Feature","properties":{"level":968},"geometry":{"type":"LineString","coordinates":[[68.7,-73.5],[69.25,-73.7],[69.64,-73.5],[69.88,-73.0],[69.25,-72.95],[68.69,-73.25],[68.7,-73.5]]}},{"type":"Feature","properties":{"level":968},"geometry":{"type":"LineString","coordinates":[[-107.25,-72.53],[-108.0,-72.0],[-108.21,-71.25],[-107.69,-70.5],[-107.0,-70.06],[-103.25,-69.34],[-102.09,-70.25],[-102.02,-71.25],[-103.69,-72.25],[-105.25,-72.68],[-107.25,-72.53]]}},{"type":"Feature","properties":{"level":968},"geometry":{"type":"LineString","coordinates":[[-165.75,-71.77],[-169.5,-71.42],[-171.75,-70.92],[-172.74,-70.0],[-172.64,-69.0],[-171.96,-68.0],[-170.81,-67.0],[-167.61,-65.0],[-162.5,-62.67],[-158.5,-61.4],[-155.5,-61.03],[-146.75,-61.14],[-144.25,-60.52],[-142.5,-60.85],[-141.11,-61.5],[-140.74,-62.0],[-140.7,-62.75],[-141.14,-64.25],[-142.37,-66.0],[-144.75,-67.89],[-148.08,-69.5],[-152.25,-70.65],[-157.25,-71.48],[-161.5,-71.78],[-165.75,-71.77]]}},{"type":"Feature","properties":{"level":968},"geometry":{"type":"LineString","coordinates":[[74.76,-70.5],[75.5,-70.66],[76.47,-70.5],[75.5,-70.2],[74.76,-70.5]]}},{"type":"Feature","properties":{"level":968},"geometry":{"type":"LineString","coordinates":[[65.5,-67.02],[64.25,-66.75],[63.25,-66.25],[63.38,-65.5],[61.76,-64.75],[63.0,-64.36],[66.25,-63.93],[67.75,-64.66],[71.75,-65.03],[72.17,-65.25],[70.36,-66.75],[67.75,-67.07],[65.5,-67.02]]}},{"type":"Feature","properties":{"level":968},"geometry":{"type":"LineString","coordinates":[[3.75,-63.52],[1.25,-62.51],[-0.6,-61.0],[-1.49,-59.25],[-1.56,-58.0],[-1.29,-57.25],[0.0,-56.11],[2.75,-56.45],[6.25,-55.89],[8.25,-55.05],[9.14,-55.25],[10.34,-56.5],[11.08,-58.25],[11.24,-60.25],[10.69,-62.0],[9.75,-62.83],[8.0,-63.4],[5.75,-63.72],[3.75,-63.52]]}},{"type":"Feature","properties":{"level":968},"geometry":{"type":"LineString","coordinates":[[24.5,-59.26],[21.81,-58.5],[20.35,-57.25],[20.07,-56.0],[20.32,-55.0],[21.75,-53.59],[23.25,-53.4],[24.75,-54.03],[27.66,-56.25],[28.79,-58.0],[28.8,-58.75],[28.25,-59.23],[26.25,-59.41],[24.5,-59.26]]}},{"type":"Feature","properties":{"level":968},"geometry":{"type":"LineString","coordinates":[[177.25,53.22],[172.75,54.12],[168.75,54.22],[166.75,54.53],[163.16,56.0],[163.0,56.34],[162.0,56.35],[161.9,56.5],[162.33,57.0],[162.25,57.42],[161.25,57.79],[161.53,58.5],[162.76,59.75],[164.5,60.53],[169.25,60.92],[170.75,60.38],[173.25,59.99],[175.67,59.0],[177.78,57.0],[178.89,54.5],[178.8,53.75],[178.25,53.22],[177.25,53.22]]}},{"type":"Feature","properties":{"level":968},"geometry":{"type":"LineString","coordinates":[[149.75,54.97],[149.13,55.5],[149.5,56.08],[150.5,56.21],[151.2,55.75],[150.75,55.13],[149.75,54.97]]}},{"type":"Feature","properties":{"level":972},"geometry":{"type":"LineString","coordinates":[[80.75,-76.51],[79.63,-76.25],[78.25,-75.48],[72.75,-75.48],[65.5,-74.52],[63.57,-73.5],[64.54,-72.25],[64.91,-71.25],[63.01,-69.75],[62.27,-68.75],[60.75,-68.26],[59.0,-68.41],[56.85,-68.0],[57.01,-67.75],[56.75,-67.58],[55.0,-67.38],[54.66,-66.75],[53.96,-66.5],[54.01,-66.25],[57.3,-65.75],[57.75,-65.49],[58.85,-63.75],[59.5,-63.46],[63.25,-63.5],[68.25,-62.89],[71.25,-63.66],[75.5,-63.79],[77.75,-64.42],[84.0,-65.27],[86.0,-65.12],[88.5,-64.59],[95.0,-63.0],[96.75,-62.33],[100.75,-61.81],[100.84,-61.5],[102.06,-61.0],[101.69,-60.5],[102.75,-60.76],[103.36,-60.25],[100.94,-59.25],[102.0,-58.75],[100.95,-58.25],[101.24,-57.75],[101.0,-57.56],[99.25,-57.5],[98.75,-57.77],[97.26,-57.5],[96.96,-57.25],[97.14,-56.25],[96.5,-56.07],[96.38,-55.75],[96.91,-55.25],[99.25,-54.18],[102.5,-53.64],[103.4,-54.0],[103.91,-54.75],[103.89,-55.25],[104.78,-55.75],[103.75,-56.17],[102.75,-56.27],[102.0,-56.73],[100.99,-56.75],[100.67,-57.0],[101.0,-57.47],[101.88,-57.5],[101.8,-57.75],[102.0,-57.81],[103.0,-57.65],[105.0,-58.6],[105.75,-58.51],[124.5,-61.62],[128.5,-62.74],[137.61,-66.0],[133.5,-66.91],[131.5,-68.03],[123.75,-69.39],[119.75,-69.41],[116.75,-69.88],[107.25,-70.33],[102.87,-71.75],[93.0,-73.6],[85.25,-76.19],[83.0,-76.5],[80.75,-76.51]]}},{"type":"Feature","properties":{"level":972},"geometry":{"type":"LineString","coordinates":[[-113.25,-74.25],[-115.0,-74.04],[-115.2,-73.75],[-113.08,-72.75],[-111.61,-71.0],[-110.21,-70.0],[-108.0,-68.93],[-105.75,-68.18],[-101.75,-67.47],[-100.25,-67.54],[-97.25,-68.84],[-96.54,-69.5],[-97.34,-70.75],[-99.67,-72.0],[-98.95,-72.25],[-99.0,-72.4],[-101.22,-73.0],[-101.11,-73.25],[-101.5,-73.37],[-103.0,-73.76],[-109.0,-74.31],[-113.25,-74.25]]}},{"type":"Feature","properties":{"level":972},"geometry":{"type":"LineString","coordinates":[[-169.75,-73.0],[-173.0,-72.61],[-175.25,-72.01],[-176.28,-71.25],[-176.43,-70.25],[-174.66,-68.25],[-171.78,-66.25],[-168.66,-64.5],[-163.77,-62.25],[-158.25,-60.63],[-154.25,-60.15],[-147.5,-59.77],[-144.75,-58.95],[-141.0,-59.69],[-139.75,-60.46],[-139.23,-61.25],[-139.02,-63.25],[-139.55,-64.75],[-140.23,-65.75],[-142.75,-68.17],[-144.75,-69.37],[-147.0,-70.34],[-151.33,-71.75],[-156.25,-72.62],[-163.75,-73.21],[-169.75,-73.0]]}},{"type":"Feature","properties":{"level":972},"geometry":{"type":"LineString","coordinates":[[10.5,-67.54],[10.33,-67.5],[12.75,-67.14],[14.0,-67.22],[14.47,-67.5],[10.5,-67.54]]}},{"type":"Feature","properties":{"level":972},"geometry":{"type":"LineString","coordinates":[[1.75,-67.26],[0.0,-67.11],[-2.5,-66.32],[-3.4,-65.75],[-4.29,-64.5],[-4.0,-64.0],[-2.77,-63.0],[-3.11,-59.25],[-2.82,-57.75],[-2.09,-56.5],[-1.0,-55.35],[2.0,-55.06],[5.0,-54.32],[6.0,-53.87],[6.5,-53.14],[8.95,-53.75],[11.0,-54.99],[12.48,-56.5],[13.44,-58.25],[14.71,-61.5],[14.81,-62.25],[14.56,-62.75],[12.55,-64.5],[10.75,-65.48],[7.03,-66.25],[4.75,-67.36],[3.5,-67.48],[1.75,-67.26]]}},{"type":"Feature","properties":{"level":972},"geometry":{"type":"LineString","coordinates":[[23.75,-60.27],[20.0,-59.2],[19.0,-58.47],[18.41,-57.25],[18.49,-56.25],[19.51,-54.5],[20.75,-53.45],[22.5,-52.73],[24.25,-52.85],[26.55,-54.0],[29.26,-56.25],[30.5,-57.87],[30.89,-58.75],[30.86,-59.25],[30.61,-59.5],[29.25,-60.0],[26.0,-60.38],[23.75,-60.27]]}},{"type":"Feature","properties":{"level":972},"geometry":{"type":"LineString","coordinates":[[176.75,52.71],[173.0,53.53],[166.73,54.0],[163.0,55.33],[161.25,55.05],[160.96,55.5],[161.21,55.75],[160.79,56.25],[161.25,56.41],[161.44,56.75],[160.49,57.25],[161.5,59.43],[159.25,59.08],[157.92,59.5],[160.5,60.57],[161.75,60.68],[164.25,61.43],[165.75,61.23],[169.5,61.59],[170.25,60.96],[171.0,61.02],[171.5,60.72],[174.75,60.12],[176.75,59.2],[178.23,58.0],[179.25,56.31],[179.7,54.75],[179.75,53.25],[179.25,52.84],[178.25,52.58],[176.75,52.71]]}},{"type":"Feature","properties":{"level":972},"geometry":{"type":"LineString","coordinates":[[149.25,54.72],[148.5,55.5],[148.58,56.0],[149.0,56.41],[151.0,56.87],[152.43,56.5],[152.41,55.75],[151.54,55.0],[150.25,54.66],[149.25,54.72]]}},{"type":"Feature","properties":{"level":976},"geometry":{"type":"LineString","coordinates":[[-111.0,-77.27],[-112.15,-76.75],[-111.0,-76.41],[-113.25,-76.33],[-114.25,-75.68],[-123.0,-75.03],[-123.84,-74.75],[-121.6,-74.25],[-122.6,-73.5],[-122.0,-73.09],[-117.25,-71.53],[-114.67,-70.0],[-110.0,-67.84],[-106.25,-66.51],[-102.25,-65.94],[-94.25,-67.22],[-91.5,-66.2],[-88.75,-65.87],[-86.75,-66.15],[-85.69,-66.75],[-85.83,-67.5],[-86.69,-68.0],[-91.0,-68.7],[-92.25,-69.13],[-94.14,-71.5],[-99.09,-74.0],[-99.39,-74.25],[-99.13,-74.5],[-99.28,-74.75],[-102.75,-75.04],[-108.53,-76.25],[-108.58,-76.5],[-107.11,-76.75],[-107.2,-77.0],[-108.5,-77.47],[-111.0,-77.27]]}},{"type":"Feature","properties":{"level":976},"geometry":{"type":"LineString","coordinates":[[79.75,-77.02],[76.5,-76.4],[69.0,-75.74],[63.95,-75.0],[62.47,-74.0],[61.88,-73.25],[62.43,-72.75],[63.17,-71.25],[63.21,-70.5],[62.86,-70.25],[60.48,-69.25],[57.5,-68.48],[55.5,-68.18],[54.25,-68.5],[53.0,-68.31],[53.15,-68.0],[52.86,-67.75],[53.57,-67.25],[52.25,-67.03],[51.0,-67.13],[50.91,-67.0],[51.63,-66.75],[51.06,-66.25],[51.75,-65.51],[53.03,-64.75],[56.25,-64.26],[59.0,-63.06],[64.5,-62.54],[67.5,-61.9],[72.75,-62.6],[76.25,-62.54],[82.75,-62.93],[85.5,-62.61],[89.16,-61.75],[91.25,-60.75],[91.81,-60.0],[91.91,-59.25],[91.22,-58.25],[91.52,-58.0],[91.49,-57.5],[94.5,-54.82],[98.5,-53.24],[103.75,-52.18],[104.75,-52.37],[105.71,-53.0],[107.53,-55.25],[110.75,-56.75],[121.5,-59.16],[127.5,-60.86],[139.29,-64.75],[140.59,-65.25],[141.47,-66.0],[141.29,-66.25],[137.92,-66.75],[132.29,-69.0],[129.75,-69.64],[121.25,-70.05],[118.75,-70.88],[114.25,-71.32],[110.5,-72.14],[104.0,-72.48],[100.5,-72.97],[92.93,-74.5],[90.0,-75.77],[87.25,-76.56],[82.0,-77.23],[79.75,-77.02]]}},{"type":"Feature","properties":{"level":976},"geometry":{"type":"LineString","coordinates":[[180.0,-72.86],[179.34,-72.25],[179.2,-71.75],[179.47,-70.75],[180.0,-70.14]]}},{"type":"Feature","properties":{"level":976},"geometry":{"type":"LineString","coordinates":[[-180.0,-70.14],[-177.5,-68.0],[-167.97,-63.0],[-165.0,-61.82],[-158.25,-59.9],[-154.25,-59.23],[-147.75,-58.57],[-145.75,-57.81],[-144.75,-57.7],[-141.0,-58.37],[-138.75,-59.28],[-138.04,-60.0],[-137.51,-61.5],[-137.4,-63.25],[-137.75,-65.04],[-139.68,-68.25],[-141.2,-69.75],[-144.5,-71.37],[-150.25,-73.16],[-159.75,-74.93],[-165.5,-75.15],[-169.5,-74.97],[-174.75,-74.35],[-176.5,-74.02],[-180.0,-72.86]]}},{"type":"Feature","properties":{"level":976},"geometry":{"type":"LineString","coordinates":[[4.75,-69.75],[0.25,-69.44],[-3.5,-68.57],[-7.89,-66.75],[-8.78,-66.0],[-9.47,-65.0],[-9.5,-63.5],[-9.12,-62.5],[-7.75,-60.77],[-6.25,-60.13],[-5.5,-59.53],[-3.51,-56.25],[-2.07,-54.75],[6.25,-51.99],[9.0,-52.59],[12.05,-54.0],[14.25,-55.36],[15.75,-55.61],[17.0,-55.04],[20.5,-52.73],[22.5,-52.08],[24.0,-52.01],[25.25,-52.35],[28.17,-54.0],[30.75,-56.18],[32.9,-58.75],[32.84,-59.5],[32.23,-60.0],[28.25,-61.88],[22.0,-62.94],[21.03,-63.25],[20.94,-63.5],[21.24,-64.25],[22.0,-64.54],[25.25,-65.01],[29.81,-65.25],[30.88,-66.5],[30.64,-67.75],[31.07,-68.25],[30.71,-69.0],[27.75,-69.71],[24.75,-69.92],[16.25,-69.57],[15.25,-69.78],[4.75,-69.75]]}},{"type":"Feature","properties":{"level":976},"geometry":{"type":"LineString","coordinates":[[51.25,-67.75],[49.81,-67.5],[50.0,-67.19],[51.0,-67.27],[52.07,-67.75],[51.25,-67.75]]}},{"type":"Feature","properties":{"level":976},"geometry":{"type":"LineString","coordinates":[[-110.75,-61.01],[-113.68,-60.0],[-115.78,-58.25],[-117.75,-57.09],[-118.19,-56.5],[-117.71,-55.75],[-118.5,-55.45],[-118.71,-55.25],[-118.6,-55.0],[-118.0,-54.97],[-117.25,-55.29],[-115.75,-54.69],[-114.75,-54.75],[-114.42,-55.0],[-114.36,-55.75],[-113.96,-56.25],[-110.75,-56.88],[-109.75,-57.88],[-107.77,-59.25],[-107.75,-60.29],[-110.75,-61.01]]}},{"type":"Feature","properties":{"level":976},"geometry":{"type":"LineString","coordinates":[[123.25,-56.53],[122.82,-56.0],[123.25,-55.93],[124.03,-56.5],[123.75,-56.67],[123.25,-56.53]]}},{"type":"Feature","properties":{"level":976},"geometry":{"type":"LineString","coordinates":[[180.0,52.41],[179.0,52.06],[177.75,52.04],[173.25,52.71],[172.5,53.09],[167.0,53.44],[161.75,54.34],[160.75,54.7],[160.5,56.17],[159.67,56.5],[160.26,57.5],[160.25,58.02],[158.5,57.67],[158.29,57.5],[158.46,57.25],[157.5,57.32],[157.25,56.98],[156.32,56.75],[155.11,55.25],[153.25,54.49],[151.0,54.25],[149.25,54.39],[148.0,54.98],[147.69,55.75],[148.5,56.86],[150.0,57.62],[152.25,58.15],[155.0,58.46],[155.38,58.75],[154.34,59.25],[154.46,59.5],[158.25,60.89],[160.25,61.53],[161.5,61.51],[164.0,62.17],[165.0,62.09],[168.0,62.62],[169.37,62.5],[169.44,62.25],[170.52,62.0],[172.25,61.0],[174.0,60.91],[176.25,60.19],[179.25,58.28],[180.0,57.06]]}},{"type":"Feature","properties":{"level":976},"geometry":{"type":"LineString","coordinates":[[-180.0,57.06],[-179.41,54.75],[-179.48,53.0],[-180.0,52.41]]}},{"type":"Feature","properties":{"level":980},"geometry":{"type":"LineString","coordinates":[[-150.75,-85.75],[-149.25,-85.46],[-145.4,-85.5],[-150.75,-85.75]]}},{"type":"Feature","properties":{"level":980},"geometry":{"type":"LineString","coordinates":[[-163.75,-85.53],[-163.94,-85.5],[-163.25,-85.29],[-162.67,-85.5],[-163.75,-85.53]]}},{"type":"Feature","properties":{"level":980},"geometry":{"type":"LineString","coordinates":[[-166.75,-85.26],[-168.42,-85.0],[-166.5,-84.92],[-164.8,-85.25],[-166.75,-85.26]]}},{"type":"Feature","properties":{"level":980},"geometry":{"type":"LineString","coordinates":[[-138.25,-85.25],[-137.33,-85.25],[-138.25,-85.25]]}},{"type":"Feature","properties":{"level":980},"geometry":{"type":"LineString","coordinates":[[-172.75,-84.76],[-172.0,-84.57],[-171.55,-84.75],[-172.75,-84.76]]}},{"type":"Feature","properties":{"level":980},"geometry":{"type":"LineString","coordinates":[[180.0,-82.9],[179.18,-82.75],[178.92,-82.25],[177.47,-82.0],[177.36,-81.5],[170.5,-81.29],[169.14,-81.0],[168.83,-80.5],[169.01,-80.25],[171.0,-79.96],[178.75,-80.13],[179.98,-79.75],[180.0,-79.46]]}},{"type":"Feature","properties":{"level":980},"geometry":{"type":"LineString","coordinates":[[-180.0,-79.46],[-177.25,-79.26],[-176.48,-79.0],[-177.01,-78.5],[-180.0,-77.7]]}},{"type":"Feature","properties":{"level":980},"geometry":{"type":"LineString","coordinates":[[-35.5,-78.78],[-37.58,-78.25],[-37.57,-78.0],[-34.71,-76.5],[-29.25,-74.75],[-25.65,-71.75],[-23.98,-70.75],[-17.54,-68.5],[-16.42,-67.5],[-14.7,-65.0],[-12.41,-62.25],[-9.83,-59.75],[-7.0,-57.82],[-3.76,-54.5],[-2.05,-53.5],[0.71,-52.5],[3.65,-51.0],[5.25,-50.85],[8.0,-51.24],[14.0,-53.33],[15.25,-53.54],[16.75,-53.31],[20.75,-51.78],[23.0,-51.21],[24.25,-51.17],[26.25,-51.8],[28.73,-53.25],[31.0,-55.07],[34.69,-58.75],[34.75,-59.54],[33.1,-61.5],[33.0,-63.0],[36.5,-65.89],[39.75,-66.9],[42.25,-66.96],[44.25,-66.66],[48.5,-65.56],[52.0,-64.17],[58.5,-62.54],[67.25,-61.04],[74.25,-61.47],[80.75,-61.19],[83.0,-60.78],[86.75,-58.75],[91.78,-55.0],[94.69,-53.5],[99.08,-52.0],[103.75,-50.94],[105.0,-51.05],[106.43,-51.75],[108.25,-53.23],[109.75,-54.06],[112.25,-54.89],[119.0,-55.67],[120.5,-55.41],[121.93,-54.25],[122.5,-54.39],[125.09,-56.0],[125.54,-56.75],[125.46,-57.75],[126.75,-58.75],[136.75,-62.41],[143.0,-64.17],[147.75,-65.92],[148.13,-66.25],[139.75,-67.56],[138.16,-68.25],[136.5,-69.34],[134.25,-69.51],[132.25,-70.06],[126.0,-70.55],[125.32,-70.75],[125.5,-71.25],[124.0,-71.37],[121.25,-72.3],[115.25,-72.92],[111.5,-73.57],[102.0,-73.94],[98.25,-74.35],[94.47,-75.0],[90.25,-76.59],[83.75,-77.7],[78.5,-77.42],[73.75,-76.69],[67.5,-76.24],[62.5,-75.49],[61.24,-75.0],[60.81,-73.75],[60.48,-73.5],[60.65,-73.0],[60.49,-72.5],[60.16,-72.25],[61.61,-70.75],[61.53,-70.25],[59.5,-69.85],[56.5,-68.82],[51.0,-68.81],[50.64,-68.75],[50.5,-68.32],[49.25,-68.53],[46.25,-68.08],[45.91,-68.25],[46.0,-68.79],[44.0,-68.23],[43.5,-68.67],[42.75,-68.6],[40.5,-69.0],[40.5,-69.53],[41.55,-70.0],[41.36,-70.25],[40.5,-70.39],[36.75,-69.82],[29.0,-71.07],[25.25,-71.43],[23.5,-71.45],[22.0,-71.09],[17.75,-70.86],[13.5,-71.11],[8.25,-70.88],[4.5,-71.03],[-0.5,-72.07],[-2.0,-71.78],[-4.0,-71.85],[-4.75,-72.42],[-8.47,-72.5],[-13.15,-74.5],[-15.5,-75.15],[-19.87,-75.75],[-24.0,-75.88],[-28.0,-76.35],[-31.13,-77.25],[-26.81,-77.25],[-27.75,-77.36],[-28.25,-77.75],[-31.5,-77.99],[-31.33,-78.5],[-31.88,-78.75],[-35.5,-78.78]]}},{"type":"Feature","properties":{"level":980},"geometry":{"type":"LineString","coordinates":[[-151.4,-78.25],[-144.75,-78.28],[-144.25,-77.95],[-142.45,-77.75],[-143.5,-77.51],[-144.0,-77.77],[-145.0,-77.44],[-146.5,-77.42],[-149.5,-77.77],[-154.5,-77.22],[-155.27,-77.5],[-151.4,-78.25]]}},{"type":"Feature","properties":{"level":980},"geometry":{"type":"LineString","coordinates":[[180.0,-77.7],[172.08,-75.75],[170.47,-74.75],[170.71,-73.75],[170.0,-73.27],[169.75,-73.66],[169.64,-73.5],[169.95,-73.0],[170.25,-73.14],[170.23,-72.75],[170.69,-72.5],[170.48,-72.25],[171.0,-71.75],[170.84,-71.5],[171.0,-71.32],[172.25,-71.45],[176.6,-69.0],[180.0,-67.5]]}},{"type":"Feature","properties":{"level":980},"geometry":{"type":"LineString","coordinates":[[-26.25,-77.1],[-26.45,-77.0],[-25.14,-77.0],[-26.25,-77.1]]}},{"type":"Feature","properties":{"level":980},"geometry":{"type":"LineString","coordinates":[[158.25,-75.76],[157.49,-75.5],[158.25,-75.07],[160.26,-75.0],[159.79,-75.25],[159.92,-75.5],[161.01,-75.75],[160.75,-75.91],[158.25,-75.76]]}},{"type":"Feature","properties":{"level":980},"geometry":{"type":"LineString","coordinates":[[162.75,-74.26],[160.75,-73.42],[158.75,-73.49],[151.76,-72.75],[148.25,-71.32],[146.5,-70.87],[145.85,-70.25],[149.75,-70.17],[156.0,-70.48],[158.75,-70.2],[159.75,-70.58],[160.15,-71.25],[160.21,-72.0],[160.89,-72.25],[160.61,-72.5],[160.75,-72.7],[162.25,-73.07],[163.25,-72.92],[163.73,-72.25],[164.33,-72.0],[163.76,-71.5],[165.25,-71.82],[166.35,-71.25],[166.0,-70.93],[168.0,-70.61],[169.74,-71.0],[169.5,-71.25],[168.71,-71.25],[169.47,-71.75],[169.25,-72.42],[168.5,-72.11],[167.86,-72.25],[168.0,-72.55],[168.8,-72.75],[167.25,-73.09],[166.25,-72.92],[165.77,-73.25],[165.75,-73.6],[165.0,-73.31],[162.75,-74.26]]}},{"type":"Feature","properties":{"level":980},"geometry":{"type":"LineString","coordinates":[[24.0,-72.03],[23.85,-72.0],[25.05,-72.0],[24.0,-72.03]]}},{"type":"Feature","properties":{"level":980},"geometry":{"type":"LineString","coordinates":[[155.25,-68.06],[154.3,-67.75],[154.13,-67.5],[154.56,-67.25],[152.51,-66.5],[153.25,-66.34],[156.16,-67.0],[156.38,-67.25],[157.47,-67.5],[157.96,-68.0],[156.5,-68.19],[155.25,-68.06]]}},{"type":"Feature","properties":{"level":980},"geometry":{"type":"LineString","coordinates":[[158.25,-67.79],[158.06,-67.75],[158.75,-67.75],[158.25,-67.79]]}},{"type":"Feature","properties":{"level":980},"geometry":{"type":"LineString","coordinates":[[-180.0,-67.5],[-170.98,-63.0],[-168.5,-62.08],[-158.5,-59.19],[-154.0,-58.28],[-148.0,-57.46],[-145.25,-56.55],[-140.75,-57.22],[-138.25,-57.99],[-136.75,-59.45],[-135.67,-62.25],[-135.51,-65.25],[-136.85,-69.25],[-135.82,-70.75],[-133.75,-71.86],[-131.75,-72.18],[-125.0,-71.21],[-121.25,-70.29],[-119.0,-69.41],[-114.44,-67.0],[-113.27,-66.0],[-113.28,-64.5],[-115.0,-62.0],[-118.97,-57.75],[-119.62,-56.5],[-119.7,-55.5],[-119.27,-54.75],[-116.25,-53.95],[-113.75,-54.42],[-106.75,-57.93],[-104.17,-60.0],[-104.09,-60.5],[-104.64,-61.25],[-103.97,-62.5],[-102.25,-63.51],[-98.0,-64.83],[-94.0,-65.45],[-86.5,-64.9],[-83.56,-65.75],[-82.48,-66.25],[-82.03,-66.75],[-82.37,-67.5],[-86.95,-70.25],[-86.66,-70.5],[-87.15,-71.0],[-90.25,-72.44],[-94.12,-73.5],[-94.0,-73.86],[-93.09,-74.25],[-95.75,-74.3],[-97.38,-75.25],[-93.25,-75.21],[-92.85,-75.5],[-93.0,-75.78],[-94.75,-76.43],[-96.0,-76.13],[-100.81,-76.75],[-98.42,-77.25],[-100.02,-78.0],[-109.0,-78.28],[-114.74,-77.25],[-116.0,-76.55],[-118.25,-76.82],[-121.25,-75.69],[-123.5,-75.81],[-124.75,-75.15],[-135.75,-74.96],[-139.25,-75.4],[-143.75,-76.37],[-144.65,-76.25],[-145.14,-76.5],[-142.75,-76.65],[-141.75,-77.14],[-136.5,-77.56],[-134.8,-78.5],[-133.83,-79.5],[-133.8,-80.0],[-133.26,-80.5],[-133.81,-81.75],[-134.83,-82.25],[-134.84,-82.5],[-136.93,-82.75],[-136.48,-83.0],[-136.5,-83.29],[-140.37,-84.0],[-140.48,-84.25],[-140.0,-84.5],[-148.75,-84.91],[-168.0,-84.32],[-174.0,-83.84],[-180.0,-82.9]]}},{"type":"Feature","properties":{"level":980},"geometry":{"type":"LineString","coordinates":[[117.0,-49.1],[116.75,-48.77],[116.33,-48.75],[117.34,-49.0],[117.0,-49.1]]}},{"type":"Feature","properties":{"level":980},"geometry":{"type":"LineString","coordinates":[[180.0,51.53],[177.25,51.57],[173.0,52.34],[166.0,53.03],[160.5,53.95],[159.75,53.81],[159.44,54.25],[159.0,54.26],[158.75,54.54],[157.75,54.35],[157.0,55.05],[154.5,53.77],[152.5,53.42],[151.0,53.51],[149.25,53.89],[147.83,54.5],[147.25,55.0],[146.93,56.0],[147.6,57.5],[150.14,59.5],[154.25,60.29],[157.5,61.89],[162.47,62.25],[162.75,62.57],[164.0,62.89],[168.25,63.09],[170.0,62.91],[172.28,61.5],[174.25,61.4],[176.25,60.83],[178.86,59.5],[180.0,58.66]]}},{"type":"Feature","properties":{"level":980},"geometry":{"type":"LineString","coordinates":[[-180.0,58.66],[-178.84,57.0],[-178.52,53.75],[-179.03,52.25],[-180.0,51.53]]}},{"type":"Feature","properties":{"level":980},"geometry":{"type":"LineString","coordinates":[[48.5,71.24],[46.25,71.43],[45.64,71.75],[50.25,72.95],[51.75,73.09],[53.5,72.99],[55.75,71.75],[55.26,71.25],[54.5,71.13],[48.5,71.24]]}},{"type":"Feature","properties":{"level":984},"geometry":{"type":"LineString","coordinates":[[180.0,-85.05],[178.0,-85.08],[175.0,-84.64],[173.44,-84.75],[174.62,-85.0],[174.0,-85.09],[170.18,-85.0],[169.92,-84.75],[170.0,-84.46],[165.0,-84.39],[164.69,-84.25],[166.51,-83.75],[165.0,-83.38],[162.25,-83.75],[161.73,-83.5],[162.13,-83.25],[161.75,-83.18],[160.25,-83.57],[160.44,-83.25],[159.51,-83.0],[159.75,-82.68],[160.85,-82.5],[160.41,-82.25],[160.5,-82.0],[158.75,-81.64],[157.33,-81.75],[157.05,-81.5],[158.03,-81.25],[158.71,-80.5],[159.67,-80.25],[159.24,-80.0],[159.5,-79.34],[158.58,-79.25],[158.75,-79.15],[162.06,-78.5],[159.84,-77.25],[160.59,-77.0],[159.33,-76.5],[159.62,-76.25],[155.25,-75.66],[153.63,-75.0],[153.63,-74.5],[153.0,-74.28],[151.5,-74.28],[145.25,-73.43],[138.84,-72.25],[136.25,-71.44],[132.0,-71.44],[125.13,-72.75],[113.5,-74.11],[105.75,-74.43],[100.0,-75.01],[95.0,-75.82],[91.1,-77.0],[87.5,-77.68],[82.75,-78.02],[70.75,-76.94],[65.25,-76.74],[63.75,-76.47],[61.0,-75.7],[58.68,-74.75],[59.22,-73.0],[58.63,-72.0],[58.79,-71.25],[58.5,-70.74],[56.84,-69.75],[53.75,-69.2],[51.5,-69.37],[48.25,-68.9],[47.58,-69.0],[47.25,-69.42],[46.37,-69.5],[47.34,-70.25],[46.64,-70.5],[40.75,-70.79],[36.75,-70.27],[29.75,-71.52],[27.25,-71.7],[26.5,-72.21],[22.5,-72.35],[21.25,-71.94],[20.5,-71.95],[20.25,-71.72],[14.25,-71.35],[13.25,-71.42],[12.87,-71.75],[12.0,-71.86],[10.25,-71.39],[8.75,-71.81],[7.75,-71.6],[4.75,-72.19],[1.75,-72.15],[1.0,-72.53],[-0.75,-72.47],[-2.0,-73.0],[-2.39,-73.0],[-2.5,-72.69],[-2.79,-72.75],[-2.55,-73.0],[-3.5,-72.82],[-7.5,-73.13],[-9.15,-73.5],[-9.69,-74.25],[-11.25,-74.63],[-13.75,-75.71],[-15.0,-75.74],[-15.05,-76.0],[-15.5,-76.08],[-19.0,-76.05],[-23.75,-76.36],[-24.38,-76.5],[-22.05,-77.0],[-22.21,-77.25],[-23.0,-77.28],[-23.19,-77.5],[-22.38,-77.75],[-24.25,-78.32],[-27.58,-78.25],[-26.25,-78.35],[-25.25,-79.07],[-22.75,-78.84],[-21.5,-78.26],[-18.33,-78.75],[-18.74,-79.0],[-27.25,-79.74],[-27.44,-80.0],[-24.59,-80.0],[-24.4,-80.25],[-28.0,-80.79],[-31.75,-80.68],[-33.0,-81.09],[-40.5,-82.38],[-41.75,-82.88],[-47.5,-82.79],[-51.25,-83.28],[-60.0,-83.48],[-61.0,-83.19],[-66.5,-82.62],[-68.19,-82.25],[-68.35,-82.0],[-67.0,-81.49],[-62.25,-81.65],[-54.75,-81.34],[-54.34,-81.0],[-56.5,-80.57],[-57.08,-80.25],[-52.75,-78.5],[-52.67,-77.5],[-51.12,-76.5],[-45.75,-74.91],[-37.25,-73.98],[-34.68,-73.25],[-27.76,-68.0],[-19.5,-64.41],[-4.77,-53.5],[2.0,-50.22],[4.25,-49.76],[6.75,-50.0],[15.25,-52.02],[17.25,-51.73],[23.25,-50.17],[25.25,-50.5],[27.0,-51.23],[29.25,-52.54],[32.9,-55.5],[36.09,-58.5],[36.53,-59.25],[36.24,-61.0],[36.87,-62.25],[38.25,-63.02],[39.25,-63.89],[40.12,-64.25],[44.0,-64.63],[48.75,-64.08],[57.75,-61.96],[67.0,-60.14],[75.0,-60.25],[76.75,-59.94],[79.75,-58.98],[81.75,-58.76],[84.65,-57.75],[90.5,-54.29],[93.24,-53.0],[101.48,-50.25],[103.75,-49.75],[106.03,-50.0],[110.5,-52.22],[113.25,-52.72],[115.25,-52.59],[115.35,-52.0],[115.76,-51.75],[115.1,-49.5],[115.09,-48.5],[116.0,-47.36],[117.25,-46.86],[118.0,-46.81],[119.69,-47.5],[120.99,-50.75],[123.28,-53.0],[125.0,-54.17],[128.5,-57.41],[131.0,-58.61],[140.75,-61.92],[145.0,-62.94],[147.25,-63.17],[147.75,-62.83],[148.25,-62.87],[148.95,-63.25],[149.12,-63.75],[151.75,-64.74],[155.5,-65.22],[162.25,-66.51],[165.5,-66.57],[170.75,-66.14],[171.13,-66.25],[171.5,-66.83],[173.25,-67.08],[175.0,-66.95],[180.0,-65.42]]}},{"type":"Feature","properties":{"level":984},"geometry":{"type":"LineString","coordinates":[[-117.91,-83.0],[-116.4,-83.0],[-117.91,-83.0]]}},{"type":"Feature","properties":{"level":984},"geometry":{"type":"LineString","coordinates":[[-23.25,-80.51],[-21.76,-80.5],[-23.25,-80.51]]}},{"type":"Feature","properties":{"level":984},"geometry":{"type":"LineString","coordinates":[[-85.75,-78.05],[-86.66,-77.25],[-84.5,-77.0],[-85.0,-77.05],[-85.52,-77.75],[-85.34,-78.0],[-85.75,-78.05]]}},{"type":"Feature","properties":{"level":984},"geometry":{"type":"LineString","coordinates":[[-81.0,-77.26],[-79.25,-76.55],[-78.07,-77.0],[-79.0,-77.33],[-81.0,-77.26]]}},{"type":"Feature","properties":{"level":984},"geometry":{"type":"LineString","coordinates":[[-14.75,-76.28],[-13.64,-76.25],[-14.0,-76.42],[-14.75,-76.28]]}},{"type":"Feature","properties":{"level":984},"geometry":{"type":"LineString","coordinates":[[-180.0,-65.42],[-171.4,-61.75],[-165.0,-60.28],[-158.0,-58.22],[-148.5,-56.42],[-146.25,-55.51],[-145.5,-55.49],[-141.75,-55.83],[-137.5,-56.71],[-135.92,-58.25],[-134.36,-60.5],[-133.16,-62.75],[-132.94,-63.75],[-131.5,-65.9],[-130.25,-66.74],[-129.2,-67.0],[-128.38,-67.5],[-125.0,-67.77],[-123.0,-67.08],[-122.51,-66.5],[-122.5,-65.87],[-121.11,-64.75],[-119.88,-63.0],[-119.78,-61.25],[-120.23,-60.5],[-121.2,-57.0],[-121.19,-55.75],[-120.87,-55.0],[-119.0,-53.41],[-118.0,-52.99],[-116.25,-52.97],[-112.5,-53.87],[-105.8,-57.0],[-101.78,-59.5],[-101.53,-59.75],[-101.56,-60.25],[-100.45,-61.75],[-98.25,-62.97],[-95.5,-63.71],[-93.0,-64.05],[-86.25,-63.94],[-83.25,-64.48],[-80.5,-65.32],[-79.5,-65.86],[-78.77,-66.75],[-79.37,-67.75],[-79.22,-68.5],[-78.6,-69.25],[-77.5,-69.91],[-78.26,-70.75],[-77.37,-71.25],[-77.37,-71.5],[-78.92,-72.25],[-79.25,-72.75],[-80.49,-73.0],[-81.5,-73.82],[-84.0,-74.03],[-84.96,-74.5],[-84.0,-75.05],[-80.25,-75.08],[-79.98,-75.25],[-81.5,-75.4],[-82.42,-75.75],[-82.0,-75.94],[-79.89,-76.0],[-82.0,-76.06],[-84.5,-76.6],[-89.75,-76.72],[-92.5,-77.83],[-94.3,-78.25],[-105.0,-78.94],[-110.25,-78.76],[-115.5,-77.83],[-117.25,-77.78],[-117.43,-77.5],[-117.21,-77.0],[-118.25,-77.1],[-121.5,-76.31],[-124.25,-76.2],[-126.25,-75.52],[-129.5,-75.64],[-131.0,-75.43],[-131.5,-75.7],[-132.75,-75.84],[-133.75,-75.58],[-134.25,-76.04],[-137.25,-76.02],[-137.9,-76.25],[-137.82,-76.5],[-136.13,-77.0],[-135.0,-77.62],[-132.99,-78.0],[-131.72,-79.0],[-131.86,-79.25],[-130.75,-79.6],[-122.0,-81.2],[-118.0,-81.44],[-114.0,-81.13],[-109.75,-81.79],[-108.22,-82.25],[-110.23,-82.75],[-110.24,-83.0],[-108.25,-83.23],[-108.33,-83.5],[-107.85,-83.75],[-116.5,-84.94],[-127.05,-85.75],[-123.19,-86.0],[-122.41,-86.25],[-123.25,-86.42],[-125.25,-86.56],[-126.25,-86.18],[-130.0,-85.99],[-130.53,-86.0],[-130.02,-86.25],[-130.5,-86.33],[-135.0,-86.29],[-138.25,-85.93],[-147.75,-86.32],[-157.66,-86.25],[-156.58,-86.5],[-157.25,-86.55],[-159.81,-86.25],[-158.16,-86.0],[-159.25,-85.86],[-164.25,-85.87],[-172.5,-85.02],[-175.0,-85.35],[-175.59,-85.25],[-174.99,-85.0],[-176.5,-84.85],[-178.75,-85.16],[-180.0,-85.05]]}},{"type":"Feature","properties":{"level":984},"geometry":{"type":"LineString","coordinates":[[180.0,50.91],[177.0,51.03],[170.5,52.0],[160.75,53.06],[159.0,53.04],[158.5,53.62],[157.25,53.57],[156.75,53.83],[153.5,52.91],[150.75,52.87],[147.41,54.0],[145.98,55.25],[145.54,56.5],[146.06,58.25],[146.72,59.25],[148.24,59.75],[148.25,60.01],[152.75,60.41],[154.5,60.9],[155.09,61.25],[155.5,62.01],[157.25,62.67],[165.25,63.54],[170.25,63.34],[173.5,62.11],[176.75,61.33],[180.0,59.45]]}},{"type":"Feature","properties":{"level":984},"geometry":{"type":"LineString","coordinates":[[-180.0,59.45],[-178.18,57.75],[-177.66,56.75],[-177.56,56.0],[-177.57,54.25],[-178.0,52.61],[-179.0,51.28],[-180.0,50.91]]}},{"type":"Feature","properties":{"level":984},"geometry":{"type":"LineString","coordinates":[[51.0,70.25],[45.0,70.64],[40.5,71.66],[35.93,74.0],[35.71,74.25],[35.97,75.5],[37.0,76.34],[37.75,76.45],[44.75,75.19],[52.75,74.47],[55.5,74.01],[56.09,73.25],[58.0,72.83],[58.74,72.25],[58.66,71.75],[58.3,71.5],[56.5,70.8],[54.0,70.38],[51.0,70.25]]}},{"type":"Feature","properties":{"level":988},"geometry":{"type":"LineString","coordinates":[[-159.25,-87.01],[-156.97,-87.0],[-157.5,-87.16],[-159.25,-87.01]]}},{"type":"Feature","properties":{"level":988},"geometry":{"type":"LineString","coordinates":[[-138.33,-86.5],[-136.49,-86.5],[-138.33,-86.5]]}},{"type":"Feature","properties":{"level":988},"geometry":{"type":"LineString","coordinates":[[-120.53,-85.75],[-117.72,-85.75],[-120.53,-85.75]]}},{"type":"Feature","properties":{"level":988},"geometry":{"type":"LineString","coordinates":[[180.0,-85.31],[172.5,-85.33],[169.25,-85.1],[167.75,-85.34],[164.5,-85.35],[163.86,-85.25],[165.06,-85.0],[161.53,-84.75],[158.93,-84.25],[163.94,-84.0],[158.5,-83.79],[159.5,-83.59],[159.89,-83.25],[158.75,-82.93],[157.45,-83.0],[157.22,-82.5],[158.25,-82.27],[158.26,-82.0],[155.52,-81.75],[157.48,-80.75],[157.54,-80.5],[157.0,-80.31],[156.88,-80.0],[158.45,-79.75],[157.25,-79.2],[155.67,-79.0],[158.36,-78.5],[159.01,-78.0],[159.91,-77.75],[159.96,-77.5],[159.25,-77.01],[157.25,-76.35],[154.75,-76.28],[150.0,-75.34],[146.5,-74.95],[141.25,-73.73],[133.75,-72.91],[124.23,-73.25],[113.62,-74.5],[107.5,-74.88],[100.5,-76.01],[95.75,-76.35],[89.06,-78.0],[87.0,-78.2],[79.0,-78.1],[70.5,-77.37],[65.25,-77.54],[62.92,-77.25],[60.28,-76.0],[56.83,-75.0],[56.71,-74.25],[57.33,-72.75],[56.5,-71.11],[55.25,-70.21],[52.75,-69.8],[45.5,-70.87],[41.0,-71.01],[37.25,-70.77],[36.25,-71.09],[36.01,-71.25],[36.14,-71.5],[35.0,-72.06],[34.39,-72.0],[34.88,-71.75],[34.25,-71.48],[33.25,-71.91],[28.5,-71.95],[26.5,-72.44],[25.25,-72.44],[24.5,-72.8],[18.25,-72.55],[17.25,-72.29],[16.0,-72.38],[15.25,-72.07],[14.5,-72.19],[13.75,-71.97],[11.5,-72.17],[10.75,-71.85],[10.0,-72.09],[8.0,-71.98],[5.75,-72.2],[3.75,-72.83],[3.25,-72.44],[1.75,-72.38],[0.75,-72.83],[-3.25,-73.59],[-4.15,-73.5],[-3.34,-73.25],[-3.5,-73.04],[-4.5,-73.35],[-6.75,-73.34],[-9.3,-74.5],[-11.0,-74.82],[-12.72,-75.75],[-12.75,-76.0],[-10.41,-76.5],[-11.5,-76.9],[-14.75,-77.0],[-18.0,-76.41],[-20.5,-76.46],[-21.47,-76.75],[-18.1,-77.5],[-17.88,-77.75],[-14.2,-78.25],[-14.5,-78.57],[-16.5,-78.96],[-16.96,-79.5],[-18.54,-80.0],[-18.68,-80.5],[-20.0,-80.76],[-25.75,-80.65],[-28.68,-81.0],[-30.2,-81.25],[-29.05,-81.5],[-29.0,-81.75],[-35.49,-82.25],[-43.75,-83.9],[-51.75,-83.47],[-54.06,-83.75],[-55.62,-84.25],[-55.73,-84.5],[-57.5,-84.63],[-67.25,-84.9],[-73.73,-84.5],[-72.5,-84.3],[-70.25,-84.62],[-67.35,-84.25],[-71.75,-83.73],[-75.0,-83.91],[-77.8,-83.5],[-76.74,-83.0],[-78.97,-82.25],[-78.65,-82.0],[-79.1,-81.5],[-77.75,-80.75],[-78.2,-80.25],[-77.9,-80.0],[-79.82,-79.5],[-77.0,-79.04],[-72.0,-79.06],[-69.15,-78.5],[-68.76,-78.0],[-69.03,-77.5],[-69.49,-77.25],[-76.25,-77.08],[-76.64,-77.25],[-74.51,-77.75],[-75.75,-77.9],[-76.5,-77.7],[-79.5,-77.77],[-81.75,-77.56],[-81.85,-77.75],[-78.34,-78.5],[-79.5,-78.73],[-81.25,-78.7],[-84.0,-78.04],[-84.18,-78.25],[-83.58,-78.75],[-83.75,-79.06],[-80.62,-80.0],[-81.0,-80.06],[-84.5,-79.08],[-95.0,-78.63],[-103.75,-79.46],[-110.0,-79.26],[-112.5,-79.41],[-114.5,-79.77],[-115.52,-80.25],[-107.75,-80.22],[-107.56,-80.25],[-109.99,-80.75],[-104.8,-81.25],[-105.2,-81.5],[-105.01,-81.75],[-102.5,-82.39],[-96.75,-82.13],[-92.2,-82.5],[-92.75,-83.08],[-97.0,-83.47],[-98.0,-84.11],[-102.79,-84.25],[-101.38,-84.5],[-102.25,-84.75],[-112.37,-85.25],[-112.65,-85.5],[-105.5,-85.75],[-107.0,-86.28],[-110.89,-86.75],[-124.4,-87.25],[-134.25,-87.97],[-138.75,-88.0],[-154.25,-87.52],[-156.89,-87.25],[-150.38,-87.0],[-150.18,-86.75],[-159.0,-86.61],[-160.75,-86.09],[-165.5,-86.04],[-169.75,-85.66],[-171.25,-85.3],[-174.25,-85.59],[-180.0,-85.31]]}},{"type":"Feature","properties":{"level":988},"geometry":{"type":"LineString","coordinates":[[-96.75,-84.26],[-95.26,-84.25],[-96.75,-84.26]]}},{"type":"Feature","properties":{"level":988},"geometry":{"type":"LineString","coordinates":[[-100.69,-83.0],[-99.08,-83.0],[-100.69,-83.0]]}},{"type":"Feature","properties":{"level":988},"geometry":{"type":"LineString","coordinates":[[30.75,-79.53],[26.3,-79.0],[26.57,-78.75],[28.25,-78.62],[32.5,-78.54],[33.62,-78.75],[31.78,-79.5],[30.75,-79.53]]}},{"type":"Feature","properties":{"level":988},"geometry":{"type":"LineString","coordinates":[[-124.3,-79.25],[-124.13,-78.75],[-126.29,-78.75],[-125.0,-78.87],[-124.3,-79.25]]}},{"type":"Feature","properties":{"level":988},"geometry":{"type":"LineString","coordinates":[[-126.39,-78.25],[-124.75,-77.99],[-122.5,-78.23],[-122.08,-78.0],[-125.0,-77.15],[-127.48,-77.25],[-126.5,-76.9],[-124.75,-76.96],[-124.14,-76.75],[-126.15,-76.5],[-125.28,-76.25],[-126.0,-76.13],[-128.5,-75.99],[-129.25,-76.24],[-132.0,-75.93],[-134.35,-76.25],[-133.67,-76.5],[-134.25,-76.71],[-135.0,-76.4],[-136.88,-76.5],[-131.25,-77.89],[-129.0,-77.91],[-127.75,-77.5],[-126.39,-78.25]]}},{"type":"Feature","properties":{"level":988},"geometry":{"type":"LineString","coordinates":[[-11.25,-77.38],[-11.49,-77.25],[-11.0,-77.02],[-10.1,-77.25],[-11.25,-77.38]]}},{"type":"Feature","properties":{"level":988},"geometry":{"type":"LineString","coordinates":[[-180.0,-63.21],[-172.19,-61.0],[-166.25,-59.8],[-156.5,-56.94],[-149.25,-55.48],[-148.0,-55.05],[-147.24,-54.5],[-146.5,-54.38],[-137.25,-55.26],[-136.18,-56.0],[-131.75,-60.4],[-130.25,-61.23],[-129.0,-61.13],[-126.5,-60.39],[-124.79,-59.0],[-123.6,-57.25],[-122.44,-54.5],[-120.54,-52.5],[-118.75,-51.59],[-116.5,-51.66],[-112.0,-52.42],[-100.27,-58.5],[-98.25,-60.36],[-94.75,-61.94],[-92.25,-62.46],[-86.85,-62.75],[-79.0,-64.33],[-77.25,-64.94],[-75.85,-65.75],[-75.38,-66.25],[-74.9,-67.5],[-72.25,-68.57],[-71.93,-68.75],[-72.0,-69.02],[-71.0,-69.12],[-70.5,-68.8],[-69.25,-68.93],[-64.5,-70.36],[-63.81,-69.75],[-64.47,-69.0],[-64.25,-68.86],[-62.48,-69.5],[-62.5,-70.69],[-62.0,-70.64],[-62.0,-70.88],[-63.25,-70.93],[-63.8,-70.5],[-64.39,-70.5],[-64.76,-71.0],[-64.25,-71.14],[-64.09,-71.5],[-66.14,-72.25],[-66.25,-72.56],[-65.65,-72.75],[-67.25,-72.98],[-67.25,-73.28],[-71.25,-73.86],[-72.12,-74.5],[-71.94,-74.75],[-72.57,-75.0],[-71.61,-75.5],[-72.66,-75.75],[-70.25,-75.89],[-68.0,-75.71],[-67.0,-75.2],[-65.75,-75.29],[-62.58,-74.25],[-61.84,-73.75],[-62.03,-73.5],[-61.83,-72.75],[-62.04,-72.25],[-63.83,-71.75],[-62.25,-71.41],[-61.5,-70.83],[-60.25,-70.72],[-57.48,-72.25],[-55.25,-72.98],[-52.25,-73.3],[-49.0,-73.03],[-45.0,-72.09],[-43.36,-71.5],[-41.09,-70.0],[-41.04,-69.75],[-41.5,-69.42],[-47.35,-68.0],[-50.64,-66.0],[-51.6,-63.75],[-51.16,-63.0],[-50.25,-62.52],[-48.75,-62.19],[-47.0,-62.19],[-43.5,-62.73],[-40.0,-62.9],[-37.75,-63.66],[-35.25,-63.82],[-32.25,-64.63],[-29.5,-64.49],[-21.01,-61.25],[-16.5,-59.09],[-14.14,-57.75],[-9.88,-54.75],[-4.63,-51.75],[0.51,-49.25],[2.0,-48.89],[4.0,-48.8],[6.5,-49.04],[15.0,-50.54],[18.0,-50.21],[22.5,-48.92],[23.75,-49.01],[27.25,-50.35],[30.75,-52.59],[37.96,-58.75],[38.46,-60.25],[39.5,-61.31],[43.25,-62.81],[46.25,-63.08],[51.75,-62.39],[67.5,-59.17],[72.5,-59.22],[76.01,-58.75],[83.5,-56.48],[90.64,-53.0],[99.0,-49.95],[103.5,-48.64],[105.25,-48.62],[109.75,-50.0],[111.75,-50.12],[112.91,-49.5],[113.6,-48.75],[114.25,-47.33],[116.0,-45.71],[117.75,-44.78],[119.25,-44.6],[120.41,-45.25],[123.65,-49.5],[129.01,-55.25],[130.0,-55.97],[132.28,-57.0],[134.37,-57.25],[137.0,-58.94],[141.75,-60.54],[145.0,-61.4],[148.75,-61.87],[159.0,-64.51],[164.5,-65.15],[172.75,-64.68],[180.0,-63.21]]}},{"type":"Feature","properties":{"level":988},"geometry":{"type":"LineString","coordinates":[[-123.5,21.49],[-123.78,21.75],[-123.75,22.16],[-122.95,22.25],[-122.75,21.62],[-123.5,21.49]]}},{"type":"Feature","properties":{"level":988},"geometry":{"type":"LineString","coordinates":[[180.0,50.36],[176.25,50.52],[163.18,52.0],[158.5,52.19],[157.5,52.83],[154.25,52.31],[150.25,52.27],[146.76,53.5],[144.62,55.0],[143.71,56.25],[143.3,58.5],[143.75,59.59],[145.5,59.72],[145.55,60.0],[146.7,60.25],[146.58,60.5],[148.25,60.76],[150.5,60.56],[153.29,61.0],[153.5,61.26],[154.25,61.4],[155.5,62.69],[156.75,63.48],[160.25,63.67],[163.0,64.23],[168.75,64.04],[172.0,63.62],[177.75,61.66],[180.0,60.39]]}},{"type":"Feature","properties":{"level":988},"geometry":{"type":"LineString","coordinates":[[-40.25,59.71],[-40.75,60.02],[-40.86,60.75],[-39.5,62.14],[-37.0,63.32],[-35.5,63.71],[-31.0,64.01],[-29.38,63.75],[-30.28,63.25],[-32.01,63.0],[-36.75,61.73],[-37.27,61.5],[-37.88,60.25],[-39.25,59.7],[-40.25,59.71]]}},{"type":"Feature","properties":{"level":988},"geometry":{"type":"LineString","coordinates":[[-180.0,60.39],[-177.25,57.85],[-176.48,55.75],[-176.5,54.87],[-176.82,54.5],[-176.75,53.12],[-177.25,52.78],[-178.31,51.0],[-179.0,50.54],[-180.0,50.36]]}},{"type":"Feature","properties":{"level":988},"geometry":{"type":"LineString","coordinates":[[45.5,69.49],[41.0,70.4],[35.5,72.29],[33.04,73.5],[29.99,75.75],[28.08,76.75],[27.79,77.0],[27.75,77.55],[29.0,78.64],[32.75,79.84],[37.5,80.28],[41.34,80.0],[52.0,77.61],[56.0,77.0],[56.5,76.54],[57.8,76.25],[58.14,75.75],[57.82,74.75],[57.95,74.25],[60.75,73.29],[61.43,72.75],[61.66,72.25],[61.5,71.66],[60.5,71.04],[58.75,70.41],[56.25,69.89],[50.0,69.35],[45.5,69.49]]}},{"type":"Feature","properties":{"level":992},"geometry":{"type":"LineString","coordinates":[[-93.0,-87.51],[-95.25,-87.05],[-99.19,-86.75],[-99.2,-86.5],[-80.23,-86.75],[-85.25,-87.23],[-93.0,-87.51]]}},{"type":"Feature","properties":{"level":992},"geometry":{"type":"LineString","coordinates":[[-166.64,-87.0],[-164.49,-87.0],[-166.64,-87.0]]}},{"type":"Feature","properties":{"level":992},"geometry":{"type":"LineString","coordinates":[[-156.22,-86.75],[-154.03,-86.75],[-156.22,-86.75]]}},{"type":"Feature","properties":{"level":992},"geometry":{"type":"LineString","coordinates":[[173.41,-85.5],[175.02,-85.5],[173.41,-85.5]]}},{"type":"Feature","properties":{"level":992},"geometry":{"type":"LineString","coordinates":[[-65.79,-85.25],[-62.5,-85.28],[-61.77,-85.0],[-64.5,-84.99],[-65.79,-85.25]]}},{"type":"Feature","properties":{"level":992},"geometry":{"type":"LineString","coordinates":[[180.0,-85.48],[173.17,-86.0],[173.25,-86.21],[178.2,-86.25],[175.25,-86.3],[165.04,-86.0],[171.87,-85.5],[169.5,-85.25],[162.75,-85.78],[158.56,-85.25],[162.45,-85.0],[157.0,-84.38],[156.87,-84.25],[158.29,-84.0],[157.5,-83.57],[155.73,-83.25],[156.02,-83.0],[154.75,-82.49],[152.06,-82.25],[149.85,-81.25],[152.25,-80.47],[156.0,-80.37],[156.16,-80.25],[155.87,-80.0],[156.0,-79.69],[154.52,-79.0],[154.35,-78.75],[154.5,-78.58],[155.75,-78.11],[157.75,-78.25],[157.95,-78.0],[157.71,-77.5],[159.35,-77.5],[158.25,-77.24],[157.0,-77.38],[150.5,-76.4],[148.0,-76.36],[140.5,-74.62],[135.5,-73.96],[126.25,-73.68],[119.5,-74.2],[108.5,-75.44],[102.25,-76.56],[96.0,-76.84],[92.92,-77.5],[90.77,-78.25],[89.0,-78.46],[83.0,-78.51],[72.25,-78.15],[70.73,-78.25],[70.82,-78.5],[70.0,-78.66],[65.59,-78.5],[62.25,-78.0],[60.93,-77.5],[59.75,-76.41],[56.75,-75.73],[54.82,-75.0],[54.31,-74.0],[54.36,-73.5],[54.91,-72.75],[54.7,-72.0],[52.25,-71.32],[50.59,-71.25],[52.01,-70.75],[52.0,-70.5],[38.25,-71.44],[36.25,-71.97],[35.25,-72.64],[32.25,-72.47],[30.75,-72.8],[28.5,-72.23],[24.5,-73.03],[18.75,-72.86],[17.25,-72.52],[13.25,-72.47],[12.75,-72.17],[12.32,-72.25],[12.44,-72.5],[11.75,-72.6],[6.75,-72.31],[5.25,-73.18],[2.5,-73.09],[-5.0,-74.13],[-7.5,-74.23],[-10.34,-74.75],[-10.8,-75.0],[-10.75,-75.24],[-9.75,-75.26],[-9.53,-75.5],[-10.25,-75.66],[-10.74,-75.5],[-10.77,-75.25],[-11.25,-75.24],[-11.63,-75.5],[-11.6,-75.75],[-10.75,-76.08],[-8.6,-76.25],[-7.61,-77.25],[-11.6,-78.0],[-12.03,-78.25],[-11.75,-79.27],[-14.75,-79.7],[-17.97,-80.75],[-18.5,-81.14],[-20.89,-81.25],[-19.62,-81.5],[-20.27,-81.75],[-23.5,-82.08],[-27.0,-81.93],[-30.41,-82.25],[-35.75,-83.06],[-42.25,-84.57],[-60.0,-85.48],[-68.25,-86.32],[-72.0,-86.46],[-72.69,-86.25],[-69.84,-86.0],[-68.79,-85.5],[-69.0,-85.42],[-78.0,-85.07],[-86.5,-85.22],[-86.86,-85.25],[-86.62,-85.5],[-87.0,-85.61],[-88.5,-85.75],[-96.12,-85.5],[-93.0,-84.91],[-90.5,-84.78],[-88.76,-84.25],[-86.0,-84.44],[-83.07,-84.0],[-83.69,-83.5],[-82.85,-83.0],[-83.51,-82.75],[-83.5,-82.5],[-85.31,-82.25],[-85.11,-81.75],[-85.5,-81.71],[-90.5,-82.6],[-91.42,-83.0],[-89.93,-83.5],[-89.63,-83.75],[-89.75,-84.06],[-92.5,-84.49],[-98.45,-84.75],[-99.85,-85.0],[-100.07,-85.25],[-98.34,-85.5],[-97.83,-85.75],[-98.06,-86.0],[-101.25,-85.92],[-105.47,-86.5],[-106.29,-86.75],[-105.68,-87.0],[-107.0,-87.25],[-110.86,-87.5],[-114.89,-88.0],[-114.38,-88.25],[-116.25,-88.36],[-144.25,-88.91],[-168.25,-88.75],[-154.83,-88.25],[-152.94,-88.0],[-168.5,-87.33],[-171.29,-86.75],[-165.5,-86.31],[-163.08,-86.5],[-164.21,-86.75],[-164.0,-86.86],[-162.75,-86.83],[-161.0,-86.25],[-161.5,-86.16],[-166.0,-86.21],[-170.25,-85.91],[-175.69,-86.0],[-177.55,-85.5],[-180.0,-85.48]]}},{"type":"Feature","properties":{"level":992},"geometry":{"type":"LineString","coordinates":[[21.0,-81.75],[10.86,-81.25],[6.75,-80.81],[5.74,-80.0],[5.77,-79.75],[6.75,-79.36],[11.5,-80.15],[16.5,-80.37],[20.75,-80.17],[24.59,-79.5],[23.5,-79.13],[9.0,-78.1],[7.67,-77.5],[7.8,-77.25],[7.57,-76.75],[9.08,-76.5],[6.86,-75.25],[8.15,-75.25],[10.5,-76.08],[16.0,-77.06],[16.75,-76.62],[17.75,-76.52],[23.5,-77.18],[27.25,-77.94],[35.25,-77.93],[37.51,-78.25],[37.0,-78.75],[35.73,-79.25],[27.97,-81.25],[24.0,-81.74],[21.0,-81.75]]}},{"type":"Feature","properties":{"level":992},"geometry":{"type":"LineString","coordinates":[[-94.29,-81.5],[-89.5,-81.0],[-92.25,-80.75],[-94.08,-81.25],[-94.29,-81.5]]}},{"type":"Feature","properties":{"level":992},"geometry":{"type":"LineString","coordinates":[[153.62,-81.5],[155.72,-81.25],[156.87,-80.75],[155.75,-80.59],[154.25,-80.8],[153.62,-81.5]]}},{"type":"Feature","properties":{"level":992},"geometry":{"type":"LineString","coordinates":[[-100.87,-81.25],[-98.0,-81.41],[-95.96,-80.75],[-92.5,-80.42],[-88.75,-80.5],[-89.72,-80.0],[-86.5,-80.03],[-85.06,-79.75],[-90.75,-79.06],[-93.75,-79.02],[-104.1,-79.75],[-104.15,-80.0],[-101.75,-80.27],[-101.43,-80.5],[-101.34,-81.0],[-100.87,-81.25]]}},{"type":"Feature","properties":{"level":992},"geometry":{"type":"LineString","coordinates":[[-84.49,-81.0],[-83.75,-81.17],[-82.31,-81.0],[-84.49,-81.0]]}},{"type":"Feature","properties":{"level":992},"geometry":{"type":"LineString","coordinates":[[-84.45,-80.0],[-83.75,-80.18],[-83.22,-80.0],[-84.45,-80.0]]}},{"type":"Feature","properties":{"level":992},"geometry":{"type":"LineString","coordinates":[[-125.41,-77.75],[-124.73,-77.75],[-125.25,-77.45],[-126.63,-77.5],[-125.41,-77.75]]}},{"type":"Feature","properties":{"level":992},"geometry":{"type":"LineString","coordinates":[[-131.81,-77.25],[-129.75,-77.35],[-125.94,-76.75],[-127.5,-76.26],[-130.25,-76.74],[-131.5,-76.54],[-132.49,-77.0],[-131.81,-77.25]]}},{"type":"Feature","properties":{"level":992},"geometry":{"type":"LineString","coordinates":[[-133.88,-76.25],[-131.5,-76.46],[-131.36,-76.25],[-133.88,-76.25]]}},{"type":"Feature","properties":{"level":992},"geometry":{"type":"LineString","coordinates":[[-68.65,-74.75],[-66.89,-74.5],[-67.31,-74.25],[-66.93,-74.0],[-68.5,-74.06],[-69.61,-74.5],[-68.65,-74.75]]}},{"type":"Feature","properties":{"level":992},"geometry":{"type":"LineString","coordinates":[[-65.3,-74.0],[-64.37,-74.0],[-64.5,-73.73],[-65.75,-73.34],[-66.25,-73.43],[-66.49,-73.75],[-65.3,-74.0]]}},{"type":"Feature","properties":{"level":992},"geometry":{"type":"LineString","coordinates":[[-180.0,-62.14],[-172.75,-60.24],[-167.5,-59.25],[-155.5,-55.68],[-149.75,-54.38],[-148.0,-53.39],[-137.25,-53.86],[-136.0,-54.45],[-134.25,-55.87],[-131.75,-57.38],[-130.5,-57.77],[-128.75,-57.78],[-126.96,-57.0],[-125.01,-54.25],[-121.19,-50.0],[-119.0,-49.62],[-117.0,-49.61],[-114.0,-49.82],[-113.25,-50.06],[-112.0,-50.0],[-105.43,-54.25],[-96.75,-59.12],[-89.75,-61.05],[-74.25,-64.29],[-72.11,-65.25],[-70.75,-67.12],[-66.75,-68.26],[-65.26,-67.0],[-61.6,-65.25],[-60.75,-64.98],[-58.75,-64.95],[-57.71,-64.5],[-57.25,-64.52],[-56.75,-64.11],[-55.5,-63.85],[-55.01,-63.25],[-54.25,-62.87],[-50.25,-61.4],[-47.25,-61.1],[-39.0,-61.04],[-32.5,-61.41],[-28.0,-60.53],[-13.75,-54.87],[-3.23,-49.25],[-0.25,-48.15],[2.25,-47.84],[4.75,-47.87],[13.75,-48.91],[17.25,-48.55],[21.25,-47.03],[25.75,-48.61],[30.75,-51.63],[39.47,-58.5],[40.25,-59.59],[41.0,-60.11],[42.5,-60.8],[46.0,-61.63],[48.75,-61.72],[55.0,-60.82],[68.0,-58.1],[73.5,-57.89],[77.34,-57.0],[83.0,-55.2],[92.25,-51.28],[101.0,-48.12],[103.75,-47.36],[105.5,-47.33],[110.5,-47.93],[112.0,-47.08],[116.97,-42.75],[118.75,-42.02],[120.25,-42.8],[123.08,-45.25],[131.25,-53.58],[133.41,-55.0],[137.25,-56.16],[139.19,-57.5],[140.5,-58.06],[148.25,-60.4],[153.25,-61.44],[156.25,-61.74],[158.25,-62.28],[159.0,-62.18],[160.0,-62.66],[161.75,-62.78],[165.5,-63.73],[166.0,-63.44],[171.5,-63.48],[180.0,-62.14]]}},{"type":"Feature","properties":{"level":992},"geometry":{"type":"LineString","coordinates":[[-123.5,21.19],[-124.11,21.75],[-124.06,22.25],[-123.5,22.63],[-122.75,22.51],[-122.34,22.0],[-122.48,21.5],[-123.0,21.18],[-123.5,21.19]]}},{"type":"Feature","properties":{"level":992},"geometry":{"type":"LineString","coordinates":[[180.0,49.79],[176.25,49.85],[166.81,51.0],[158.5,51.5],[156.75,51.83],[152.75,51.49],[149.25,51.84],[146.75,52.59],[143.35,54.5],[140.97,57.5],[141.18,57.75],[140.86,58.25],[141.77,59.75],[143.0,60.47],[144.5,60.37],[146.25,61.1],[149.75,61.18],[151.5,61.46],[153.87,62.25],[154.15,63.25],[156.25,64.27],[157.75,64.6],[160.25,64.49],[161.25,64.91],[172.5,64.39],[176.5,63.12],[176.75,62.7],[180.0,61.41]]}},{"type":"Feature","properties":{"level":992},"geometry":{"type":"LineString","coordinates":[[-40.0,59.21],[-41.24,59.75],[-41.72,61.0],[-40.05,62.75],[-37.5,63.95],[-34.75,64.41],[-30.0,64.46],[-27.5,64.01],[-25.82,63.0],[-25.86,62.75],[-26.25,62.61],[-28.75,62.2],[-33.75,60.62],[-37.0,59.16],[-37.75,59.02],[-40.0,59.21]]}},{"type":"Feature","properties":{"level":992},"geometry":{"type":"LineString","coordinates":[[-180.0,61.41],[-178.43,60.25],[-176.58,58.25],[-175.77,56.75],[-175.57,55.5],[-175.61,54.5],[-176.31,52.25],[-178.25,50.3],[-180.0,49.79]]}},{"type":"Feature","properties":{"level":992},"geometry":{"type":"LineString","coordinates":[[43.5,68.47],[34.17,71.25],[29.0,73.66],[25.26,76.0],[23.65,77.5],[24.11,78.0],[23.99,78.25],[24.49,79.0],[23.66,79.5],[26.75,80.01],[30.25,81.0],[36.25,81.66],[44.5,81.95],[53.22,81.75],[56.29,81.5],[55.91,81.25],[56.55,81.0],[56.22,80.75],[57.17,80.5],[56.82,80.0],[58.25,79.68],[61.5,78.31],[64.36,76.5],[63.53,76.0],[61.59,75.5],[63.57,74.25],[64.67,72.75],[64.71,72.0],[64.39,71.25],[62.75,70.13],[58.5,69.13],[54.0,68.65],[48.0,68.28],[43.5,68.47]]}},{"type":"Feature","properties":{"level":996},"geometry":{"type":"LineString","coordinates":[[126.25,-89.25],[118.66,-89.0],[122.0,-88.71],[135.5,-88.62],[142.28,-89.25],[126.25,-89.25]]}},{"type":"Feature","properties":{"level":996},"geometry":{"type":"LineString","coordinates":[[180.0,-89.03],[177.41,-88.75],[180.0,-88.62]]}},{"type":"Feature","properties":{"level":996},"geometry":{"type":"LineString","coordinates":[[-180.0,-88.62],[-168.42,-88.25],[-168.7,-88.0],[-166.61,-87.75],[-172.25,-87.7],[-172.75,-87.63],[-172.85,-87.25],[-180.0,-87.07]]}},{"type":"Feature","properties":{"level":996},"geometry":{"type":"LineString","coordinates":[[173.25,-88.01],[173.08,-88.0],[179.82,-88.0],[173.25,-88.01]]}},{"type":"Feature","properties":{"level":996},"geometry":{"type":"LineString","coordinates":[[-176.5,-87.76],[-176.66,-87.75],[-173.81,-87.75],[-176.5,-87.76]]}},{"type":"Feature","properties":{"level":996},"geometry":{"type":"LineString","coordinates":[[124.75,-87.52],[124.55,-87.5],[124.66,-87.0],[128.51,-86.75],[134.5,-86.87],[147.0,-86.47],[151.5,-86.64],[154.46,-87.25],[153.82,-87.5],[150.75,-87.6],[140.5,-87.24],[124.75,-87.52]]}},{"type":"Feature","properties":{"level":996},"geometry":{"type":"LineString","coordinates":[[180.0,-87.07],[179.25,-87.0],[179.74,-86.75],[178.75,-86.68],[160.0,-86.53],[155.5,-85.8],[155.34,-85.75],[156.26,-85.5],[155.25,-85.09],[150.66,-84.75],[157.31,-84.0],[156.0,-83.69],[151.5,-83.93],[149.47,-83.75],[149.22,-83.5],[149.92,-83.0],[149.93,-82.75],[149.74,-82.5],[147.54,-82.0],[147.47,-81.75],[147.83,-81.5],[147.67,-81.25],[149.0,-80.35],[153.48,-79.5],[151.63,-78.75],[150.5,-77.88],[139.25,-75.35],[134.25,-74.5],[123.6,-74.25],[116.75,-75.1],[112.75,-75.28],[109.41,-76.25],[105.38,-77.0],[95.75,-77.37],[92.76,-78.25],[90.25,-78.64],[84.25,-78.76],[77.0,-78.56],[73.25,-79.09],[67.0,-78.99],[61.25,-78.19],[59.75,-77.59],[58.75,-76.75],[56.25,-76.31],[54.25,-75.64],[51.73,-74.0],[51.03,-72.75],[49.25,-72.44],[48.5,-71.79],[46.75,-71.32],[37.75,-72.14],[35.5,-73.11],[32.5,-72.92],[31.0,-73.11],[29.25,-72.77],[27.25,-72.7],[26.22,-72.75],[25.25,-73.23],[21.0,-73.26],[15.0,-72.71],[8.5,-73.16],[8.09,-73.25],[8.25,-73.54],[5.97,-74.0],[9.5,-75.02],[18.5,-76.19],[22.75,-76.18],[24.75,-75.63],[25.75,-75.65],[27.63,-76.25],[26.9,-76.5],[26.78,-76.75],[27.5,-77.19],[29.0,-77.48],[38.75,-77.28],[39.96,-77.5],[39.86,-78.0],[39.52,-78.25],[35.5,-79.86],[31.0,-81.38],[26.0,-82.31],[1.87,-81.25],[3.01,-80.75],[3.7,-79.75],[4.72,-79.0],[4.87,-78.5],[7.05,-78.75],[6.67,-78.25],[5.15,-77.25],[5.57,-77.0],[5.52,-76.75],[2.97,-75.75],[5.6,-75.5],[4.98,-75.0],[1.25,-73.87],[-1.25,-73.86],[-3.0,-74.07],[-3.55,-74.5],[-4.5,-74.67],[-7.69,-74.5],[-7.91,-75.0],[-7.5,-75.25],[-7.39,-75.75],[-6.0,-75.97],[-6.0,-76.28],[-4.29,-76.75],[-4.9,-77.0],[-4.72,-77.5],[-9.0,-77.74],[-10.78,-78.0],[-11.08,-78.25],[-8.25,-78.73],[-5.73,-78.75],[-8.5,-78.75],[-9.49,-79.0],[-7.49,-79.5],[-12.65,-80.0],[-9.87,-80.5],[-16.5,-80.94],[-16.5,-81.42],[-14.47,-81.75],[-14.59,-82.0],[-16.25,-82.37],[-26.53,-83.0],[-26.23,-83.25],[-25.5,-83.3],[-17.92,-83.5],[-21.75,-84.09],[-37.0,-85.21],[-45.75,-85.26],[-56.75,-85.8],[-73.3,-87.5],[-92.25,-88.16],[-94.0,-88.51],[-107.67,-89.0],[-110.63,-89.5],[-141.0,-89.51],[-180.0,-89.03]]}},{"type":"Feature","properties":{"level":996},"geometry":{"type":"LineString","coordinates":[[-163.29,-86.25],[-161.65,-86.25],[-163.29,-86.25]]}},{"type":"Feature","properties":{"level":996},"geometry":{"type":"LineString","coordinates":[[156.85,-84.75],[158.79,-84.75],[156.85,-84.75]]}},{"type":"Feature","properties":{"level":996},"geometry":{"type":"LineString","coordinates":[[-97.68,-80.5],[-95.0,-80.46],[-90.75,-79.54],[-90.59,-79.25],[-96.75,-79.39],[-100.92,-79.75],[-100.88,-80.0],[-97.68,-80.5]]}},{"type":"Feature","properties":{"level":996},"geometry":{"type":"LineString","coordinates":[[154.91,-80.25],[155.37,-80.25],[154.75,-79.92],[153.92,-80.0],[154.91,-80.25]]}},{"type":"Feature","properties":{"level":996},"geometry":{"type":"LineString","coordinates":[[14.93,-80.0],[19.75,-80.07],[22.69,-79.5],[18.25,-79.35],[11.54,-79.75],[14.93,-80.0]]}},{"type":"Feature","properties":{"level":996},"geometry":{"type":"LineString","coordinates":[[-127.83,-76.75],[-127.75,-76.97],[-126.57,-76.75],[-127.25,-76.43],[-127.83,-76.75]]}},{"type":"Feature","properties":{"level":996},"geometry":{"type":"LineString","coordinates":[[-180.0,-61.01],[-166.21,-58.0],[-156.5,-54.9],[-151.25,-53.51],[-150.03,-53.0],[-149.75,-52.5],[-149.5,-52.46],[-137.25,-52.53],[-135.82,-53.0],[-132.0,-55.01],[-131.0,-55.31],[-130.25,-55.27],[-127.75,-53.98],[-122.25,-48.32],[-117.5,-46.86],[-116.81,-46.25],[-116.5,-46.45],[-116.0,-46.28],[-115.25,-46.84],[-115.11,-46.75],[-115.6,-46.0],[-115.25,-45.62],[-114.25,-45.96],[-113.32,-46.75],[-112.5,-46.88],[-110.5,-47.89],[-102.5,-54.06],[-100.31,-55.5],[-95.5,-58.08],[-86.5,-60.74],[-71.5,-63.58],[-69.0,-64.39],[-67.75,-65.66],[-66.0,-66.84],[-62.83,-65.5],[-61.75,-64.81],[-59.25,-64.03],[-58.75,-63.32],[-58.2,-63.0],[-51.5,-60.72],[-46.0,-59.96],[-32.5,-59.2],[-29.25,-58.45],[-26.25,-57.47],[-22.5,-55.59],[-13.0,-52.41],[-5.0,-48.38],[-2.69,-47.5],[2.5,-46.86],[12.75,-47.22],[15.5,-46.73],[19.25,-45.12],[20.75,-45.1],[21.4,-45.25],[29.75,-50.02],[35.4,-54.0],[42.0,-59.06],[43.5,-59.65],[45.5,-60.07],[50.5,-60.37],[55.0,-59.75],[68.75,-57.03],[73.25,-56.71],[77.5,-55.83],[83.25,-53.87],[101.0,-46.9],[103.5,-46.28],[110.5,-45.56],[112.14,-44.5],[115.75,-41.18],[117.68,-40.25],[118.75,-40.2],[124.08,-42.75],[124.75,-42.8],[125.95,-42.5],[126.75,-41.74],[127.5,-39.87],[128.5,-39.72],[129.25,-39.12],[129.75,-39.48],[130.89,-39.75],[132.25,-41.22],[132.18,-41.5],[133.08,-43.25],[133.0,-43.85],[134.25,-45.26],[134.66,-46.25],[135.01,-46.5],[135.11,-47.25],[136.35,-48.5],[137.12,-49.75],[136.96,-50.0],[134.5,-49.39],[133.41,-49.5],[132.82,-50.0],[133.16,-50.25],[133.0,-50.6],[133.75,-51.49],[135.25,-52.48],[135.5,-52.88],[136.87,-53.75],[138.5,-54.38],[139.0,-54.9],[141.75,-56.45],[147.5,-58.41],[151.25,-58.96],[152.25,-58.77],[154.0,-58.94],[158.25,-59.67],[165.0,-61.17],[167.0,-61.84],[169.75,-62.13],[174.25,-61.88],[180.0,-61.01]]}},{"type":"Feature","properties":{"level":996},"geometry":{"type":"LineString","coordinates":[[-123.75,20.99],[-124.45,21.75],[-124.26,22.5],[-123.5,22.89],[-122.5,22.65],[-122.07,22.0],[-122.25,21.32],[-123.0,20.91],[-123.75,20.99]]}},{"type":"Feature","properties":{"level":996},"geometry":{"type":"LineString","coordinates":[[180.0,49.17],[176.0,49.15],[164.25,50.43],[152.0,50.71],[149.5,51.03],[146.25,51.88],[142.5,53.7],[139.53,56.0],[139.52,56.5],[138.76,57.0],[140.2,58.0],[140.11,59.0],[140.34,60.0],[140.12,60.25],[140.75,61.43],[142.0,60.96],[142.5,61.21],[146.09,61.5],[148.25,62.26],[150.59,62.0],[150.8,62.5],[151.53,62.75],[150.97,63.0],[152.87,63.5],[152.97,64.0],[154.0,64.58],[154.98,64.75],[156.0,65.31],[158.33,65.5],[159.0,65.97],[161.5,65.68],[163.0,65.82],[173.0,65.3],[175.25,64.72],[177.75,63.73],[180.0,62.39]]}},{"type":"Feature","properties":{"level":996},"geometry":{"type":"LineString","coordinates":[[-39.75,57.68],[-43.38,59.75],[-43.59,60.75],[-43.25,61.15],[-43.32,61.75],[-43.01,62.0],[-38.0,64.42],[-33.25,65.11],[-28.25,64.81],[-24.75,63.9],[-23.72,63.25],[-23.5,62.72],[-22.9,62.25],[-23.21,61.5],[-27.5,60.77],[-35.0,58.27],[-38.25,57.65],[-39.75,57.68]]}},{"type":"Feature","properties":{"level":996},"geometry":{"type":"LineString","coordinates":[[-180.0,62.39],[-177.31,60.5],[-176.04,59.0],[-174.93,57.0],[-174.59,55.25],[-175.5,52.26],[-176.0,52.0],[-176.0,51.5],[-176.37,51.0],[-178.0,49.65],[-180.0,49.17]]}},{"type":"Feature","properties":{"level":996},"geometry":{"type":"LineString","coordinates":[[43.75,67.49],[41.75,67.65],[33.25,70.01],[28.2,72.0],[25.3,72.75],[22.0,74.28],[16.23,76.5],[17.89,77.5],[18.62,78.75],[19.33,79.0],[19.0,79.25],[20.3,79.5],[19.84,79.75],[20.94,80.25],[20.85,80.75],[21.39,81.0],[25.75,81.88],[31.25,82.47],[43.25,83.0],[57.25,82.81],[68.25,82.18],[72.13,81.75],[73.97,81.25],[73.7,80.75],[71.67,79.75],[70.87,79.0],[70.88,78.0],[70.55,77.25],[68.77,76.0],[68.47,74.5],[68.62,73.0],[68.15,71.75],[66.93,70.0],[65.0,68.66],[62.25,67.65],[49.0,67.29],[43.75,67.49]]}},{"type":"Feature","properties":{"level":1000},"geometry":{"type":"LineString","coordinates":[[180.0,-89.96],[84.02,-89.5],[110.0,-88.85],[112.88,-88.5],[109.36,-88.25],[109.46,-88.0],[108.23,-87.75],[109.33,-87.5],[132.25,-86.15],[137.25,-85.97],[139.75,-86.23],[144.75,-86.27],[149.78,-86.0],[149.26,-85.75],[149.77,-85.5],[149.79,-85.25],[148.0,-84.85],[142.41,-84.75],[143.69,-84.5],[144.06,-84.0],[143.79,-83.75],[145.8,-83.0],[144.06,-82.0],[144.15,-81.25],[144.41,-81.0],[149.52,-79.25],[147.54,-78.25],[145.0,-77.44],[135.0,-75.24],[125.75,-74.74],[118.5,-75.6],[115.2,-75.75],[114.86,-76.25],[109.25,-77.0],[96.75,-77.73],[93.5,-78.51],[91.0,-78.83],[79.5,-78.99],[72.75,-79.46],[67.25,-79.36],[64.5,-79.17],[58.07,-78.0],[53.75,-76.25],[52.27,-75.25],[50.25,-74.36],[48.26,-73.75],[48.29,-73.5],[48.0,-73.38],[44.25,-72.92],[37.0,-74.14],[33.75,-73.83],[32.5,-73.93],[29.5,-73.28],[26.75,-73.24],[24.25,-73.72],[18.0,-73.67],[14.0,-73.1],[10.5,-73.41],[9.24,-74.0],[9.45,-74.5],[9.96,-74.75],[16.75,-75.69],[20.25,-75.94],[25.5,-75.31],[28.0,-75.83],[29.25,-76.5],[29.11,-76.75],[30.0,-77.05],[33.25,-77.32],[39.75,-76.89],[40.67,-77.0],[41.34,-77.5],[41.0,-78.0],[38.97,-79.0],[37.75,-79.91],[34.27,-81.25],[33.28,-82.0],[28.17,-82.75],[26.82,-83.25],[18.3,-83.25],[16.17,-83.0],[16.02,-82.75],[19.75,-82.52],[19.84,-82.25],[15.25,-81.98],[6.5,-83.0],[-3.5,-83.45],[-17.0,-84.45],[-19.01,-84.75],[-20.63,-85.5],[-22.2,-85.75],[-25.0,-85.79],[-28.0,-85.5],[-38.5,-85.95],[-55.01,-86.25],[-62.55,-87.5],[-69.75,-88.19],[-84.01,-88.25],[-81.0,-88.83],[-73.5,-89.03],[-64.81,-89.75],[-66.25,-89.82],[-180.0,-89.96]]}},{"type":"Feature","properties":{"level":1000},"geometry":{"type":"LineString","coordinates":[[146.12,-88.5],[159.75,-88.62],[163.75,-88.4],[168.0,-87.82],[175.98,-87.5],[175.05,-87.25],[166.25,-87.02],[160.5,-87.11],[158.25,-87.5],[151.0,-87.84],[139.5,-87.59],[120.83,-88.25],[125.5,-88.42],[141.0,-88.25],[146.12,-88.5]]}},{"type":"Feature","properties":{"level":1000},"geometry":{"type":"LineString","coordinates":[[-8.32,-82.0],[-3.0,-82.11],[0.08,-81.75],[0.68,-81.5],[-1.85,-81.0],[-0.53,-80.5],[0.69,-79.75],[0.63,-79.5],[-1.25,-78.75],[0.07,-78.5],[-2.0,-78.13],[-9.0,-77.94],[-10.07,-78.25],[-4.09,-78.75],[-7.25,-79.06],[-7.28,-79.25],[-6.4,-79.5],[-6.5,-79.75],[-9.03,-80.0],[-8.45,-80.25],[-8.58,-80.5],[-14.79,-81.0],[-13.79,-81.25],[-9.65,-81.5],[-8.32,-82.0]]}},{"type":"Feature","properties":{"level":1000},"geometry":{"type":"LineString","coordinates":[[-98.63,-79.75],[-96.78,-79.75],[-98.63,-79.75]]}},{"type":"Feature","properties":{"level":1000},"geometry":{"type":"LineString","coordinates":[[-3.5,-79.01],[-2.53,-79.0],[-3.5,-79.01]]}},{"type":"Feature","properties":{"level":1000},"geometry":{"type":"LineString","coordinates":[[0.5,-75.75],[2.07,-75.75],[1.69,-75.25],[0.49,-75.0],[0.02,-74.5],[-1.0,-74.16],[-2.27,-74.25],[-3.79,-75.0],[-1.75,-75.57],[0.5,-75.75]]}},{"type":"Feature","properties":{"level":1000},"geometry":{"type":"LineString","coordinates":[[2.84,-75.25],[4.34,-75.25],[2.8,-74.5],[1.34,-74.5],[2.84,-75.25]]}},{"type":"Feature","properties":{"level":1000},"geometry":{"type":"LineString","coordinates":[[-180.0,-59.96],[-169.75,-57.94],[-166.16,-57.0],[-152.5,-52.55],[-151.0,-51.54],[-137.75,-51.08],[-132.75,-52.43],[-130.25,-52.42],[-127.75,-51.01],[-122.5,-46.24],[-121.13,-43.5],[-120.25,-42.45],[-118.5,-42.04],[-117.0,-42.1],[-114.75,-42.68],[-109.75,-44.62],[-108.0,-44.53],[-107.83,-44.0],[-108.25,-43.1],[-107.53,-43.25],[-107.64,-44.0],[-106.35,-45.75],[-105.37,-48.0],[-104.4,-49.25],[-104.16,-49.75],[-104.33,-50.25],[-103.75,-50.41],[-102.36,-52.0],[-98.21,-55.0],[-93.25,-57.53],[-85.34,-60.0],[-79.75,-61.2],[-70.0,-62.47],[-66.75,-63.29],[-64.75,-64.24],[-63.5,-64.03],[-61.75,-63.21],[-60.25,-62.97],[-59.75,-62.4],[-58.75,-62.34],[-57.5,-61.58],[-50.25,-59.49],[-45.75,-58.74],[-35.25,-57.94],[-30.0,-56.89],[-24.5,-54.44],[-14.5,-50.78],[-8.45,-48.0],[-4.84,-46.75],[0.5,-45.89],[11.75,-45.5],[14.25,-44.82],[17.0,-43.16],[20.17,-43.75],[28.5,-48.24],[33.75,-51.66],[40.0,-56.32],[43.25,-58.17],[44.75,-58.73],[46.25,-58.98],[52.0,-58.91],[60.75,-57.69],[70.25,-55.76],[74.0,-55.42],[78.19,-54.5],[101.5,-45.53],[107.0,-44.38],[110.0,-43.32],[110.99,-42.75],[115.25,-39.02],[116.0,-38.63],[117.75,-38.45],[122.0,-39.38],[123.53,-39.25],[124.5,-38.57],[125.71,-37.25],[125.88,-37.0],[125.55,-36.25],[125.75,-36.04],[126.5,-36.21],[127.0,-35.86],[127.75,-36.56],[128.5,-36.15],[129.75,-36.48],[130.0,-36.32],[130.5,-36.8],[130.79,-36.75],[131.18,-37.75],[131.5,-37.72],[132.0,-38.55],[133.0,-38.75],[135.14,-42.0],[135.32,-42.5],[135.11,-43.0],[135.63,-44.25],[138.28,-47.75],[138.25,-48.0],[139.66,-49.5],[145.75,-53.88],[149.75,-55.84],[153.0,-57.04],[157.75,-58.36],[167.5,-60.37],[173.5,-60.7],[180.0,-59.96]]}},{"type":"Feature","properties":{"level":1000},"geometry":{"type":"LineString","coordinates":[[-123.5,20.47],[-124.25,20.78],[-124.69,21.25],[-124.79,22.25],[-124.0,23.14],[-122.75,23.2],[-121.85,22.5],[-121.74,21.5],[-122.5,20.6],[-123.5,20.47]]}},{"type":"Feature","properties":{"level":1000},"geometry":{"type":"LineString","coordinates":[[180.0,48.35],[175.75,48.32],[164.75,49.58],[158.75,49.78],[153.5,49.5],[150.5,49.8],[144.25,51.62],[139.25,54.52],[138.47,54.75],[137.12,56.0],[139.09,57.75],[138.93,58.5],[138.19,59.0],[138.74,60.0],[138.75,60.71],[139.37,61.5],[139.25,62.06],[140.0,61.99],[140.5,62.39],[142.0,61.78],[143.25,61.73],[146.0,62.45],[146.75,63.46],[148.5,63.14],[150.25,63.59],[151.42,63.5],[152.01,65.0],[153.25,65.76],[155.81,66.25],[156.25,66.78],[159.25,67.37],[161.0,67.38],[162.25,67.92],[163.75,67.96],[166.25,67.54],[166.06,67.25],[166.35,67.0],[167.75,66.74],[170.25,66.63],[172.0,66.27],[174.75,66.23],[175.0,65.87],[178.0,64.84],[180.0,63.67]]}},{"type":"Feature","properties":{"level":1000},"geometry":{"type":"LineString","coordinates":[[-78.0,52.69],[-79.5,53.14],[-80.75,53.96],[-81.0,54.25],[-80.96,55.0],[-78.75,55.93],[-76.0,55.87],[-74.39,55.5],[-73.66,55.0],[-72.82,53.5],[-73.0,53.22],[-73.5,53.45],[-76.25,52.76],[-78.0,52.69]]}},{"type":"Feature","properties":{"level":1000},"geometry":{"type":"LineString","coordinates":[[-43.0,54.73],[-44.5,55.64],[-46.75,56.42],[-47.13,56.75],[-47.25,57.29],[-48.09,57.5],[-48.75,58.05],[-52.25,58.67],[-52.94,59.25],[-52.0,59.63],[-50.5,59.54],[-48.47,58.75],[-47.25,57.69],[-46.66,57.75],[-46.35,58.0],[-47.14,58.5],[-46.9,58.75],[-49.25,60.09],[-50.11,61.0],[-50.44,61.75],[-50.25,62.63],[-49.5,62.4],[-48.75,61.77],[-47.0,61.31],[-46.25,61.81],[-44.25,61.97],[-43.5,62.46],[-43.25,63.1],[-41.25,63.62],[-38.25,65.08],[-36.0,65.52],[-32.25,65.73],[-30.5,65.79],[-28.25,65.49],[-23.5,64.32],[-20.85,62.5],[-20.01,61.0],[-20.13,60.5],[-21.5,60.1],[-22.0,59.7],[-27.0,59.07],[-29.5,58.49],[-35.25,56.84],[-39.0,56.11],[-41.75,54.8],[-43.0,54.73]]}},{"type":"Feature","properties":{"level":1000},"geometry":{"type":"LineString","coordinates":[[72.5,58.45],[66.5,60.51],[61.0,63.07],[59.9,63.75],[59.65,64.25],[59.99,65.25],[59.5,65.62],[52.75,66.18],[45.5,66.28],[40.75,66.73],[38.75,67.5],[34.75,68.4],[30.25,69.75],[25.0,70.73],[23.5,71.22],[21.33,72.0],[13.74,75.75],[11.23,77.75],[10.71,78.5],[10.78,78.75],[11.25,79.06],[13.5,79.13],[14.43,79.5],[14.63,79.75],[13.46,80.5],[13.75,81.04],[15.02,81.75],[18.0,82.46],[26.75,83.41],[40.0,84.01],[57.5,83.96],[75.5,83.19],[91.0,82.03],[99.21,80.75],[97.75,80.42],[93.5,80.4],[91.75,79.99],[84.0,79.32],[81.0,78.77],[77.09,77.0],[75.04,75.5],[73.56,74.0],[72.64,72.25],[71.5,70.8],[70.36,68.0],[70.47,66.75],[74.2,62.0],[74.69,61.0],[74.64,60.0],[74.38,59.5],[73.5,58.69],[72.5,58.45]]}},{"type":"Feature","properties":{"level":1000},"geometry":{"type":"LineString","coordinates":[[-180.0,63.67],[-177.0,61.59],[-175.11,59.5],[-174.39,58.25],[-173.65,55.5],[-174.5,52.28],[-175.0,52.31],[-175.25,51.38],[-176.25,50.07],[-178.25,48.84],[-180.0,48.35]]}},{"type":"Feature","properties":{"level":1004},"geometry":{"type":"LineString","coordinates":[[-30.07,-89.5],[1.5,-89.59],[102.38,-88.75],[98.98,-88.25],[99.07,-88.0],[100.15,-87.75],[102.96,-87.5],[126.95,-86.0],[136.49,-84.5],[138.64,-84.0],[138.89,-83.75],[137.46,-83.25],[138.68,-82.5],[138.67,-82.25],[138.18,-82.0],[138.22,-81.75],[140.0,-81.0],[144.31,-80.0],[146.11,-79.0],[146.0,-78.7],[144.31,-78.0],[140.25,-77.33],[135.5,-75.98],[129.0,-75.38],[107.0,-77.53],[100.5,-77.76],[91.25,-79.07],[79.75,-79.27],[74.5,-79.81],[66.75,-79.76],[63.25,-79.48],[56.6,-78.25],[50.0,-75.25],[49.0,-75.21],[46.75,-74.63],[40.25,-74.65],[36.25,-75.32],[35.23,-75.0],[35.51,-74.75],[35.25,-74.72],[30.0,-74.37],[28.25,-74.54],[25.75,-74.26],[21.25,-74.43],[13.75,-73.59],[10.66,-74.0],[10.61,-74.5],[18.0,-75.53],[21.75,-75.38],[24.5,-74.94],[27.78,-75.0],[27.65,-75.25],[28.75,-75.58],[30.25,-76.64],[31.72,-77.0],[34.0,-77.09],[36.25,-76.66],[39.0,-76.5],[41.25,-76.78],[42.32,-77.5],[42.21,-77.75],[39.92,-79.0],[39.25,-79.96],[36.55,-81.25],[36.56,-82.0],[36.14,-82.25],[32.22,-83.0],[32.25,-83.25],[29.75,-83.9],[22.25,-84.09],[6.0,-83.87],[-9.0,-84.87],[-13.57,-85.75],[-17.25,-86.11],[-35.75,-86.33],[-50.25,-86.93],[-55.46,-87.25],[-57.44,-88.0],[-56.79,-88.25],[-53.41,-88.5],[-56.59,-88.75],[-55.75,-88.8],[-30.07,-89.5]]}},{"type":"Feature","properties":{"level":1004},"geometry":{"type":"LineString","coordinates":[[152.3,-88.25],[160.74,-88.0],[151.91,-88.0],[152.3,-88.25]]}},{"type":"Feature","properties":{"level":1004},"geometry":{"type":"LineString","coordinates":[[-4.79,-81.5],[-2.75,-81.71],[-1.5,-81.5],[-7.0,-80.88],[-11.61,-81.0],[-4.79,-81.5]]}},{"type":"Feature","properties":{"level":1004},"geometry":{"type":"LineString","coordinates":[[-5.8,-80.5],[-4.0,-80.66],[-3.54,-80.25],[-5.25,-79.88],[-5.63,-80.0],[-5.8,-80.5]]}},{"type":"Feature","properties":{"level":1004},"geometry":{"type":"LineString","coordinates":[[-6.65,-78.25],[-4.7,-78.25],[-6.65,-78.25]]}},{"type":"Feature","properties":{"level":1004},"geometry":{"type":"LineString","coordinates":[[-0.86,-75.25],[0.48,-75.25],[-0.86,-75.25]]}},{"type":"Feature","properties":{"level":1004},"geometry":{"type":"LineString","coordinates":[[-180.0,-59.01],[-173.0,-57.69],[-167.5,-56.35],[-156.08,-52.5],[-154.26,-51.75],[-153.15,-50.75],[-152.75,-50.66],[-138.75,-49.67],[-134.0,-50.33],[-131.5,-50.05],[-128.75,-48.64],[-126.18,-46.5],[-124.88,-44.75],[-123.48,-42.0],[-121.88,-40.25],[-117.5,-39.76],[-114.0,-40.41],[-112.5,-40.4],[-111.65,-39.75],[-111.28,-39.0],[-111.19,-37.75],[-110.25,-36.73],[-109.25,-37.15],[-107.21,-38.75],[-104.74,-45.25],[-102.29,-49.5],[-99.33,-52.25],[-95.25,-55.07],[-89.5,-57.73],[-84.25,-59.27],[-80.25,-60.07],[-67.0,-61.95],[-63.0,-62.21],[-59.25,-61.33],[-51.75,-58.83],[-48.0,-57.87],[-42.25,-56.97],[-36.0,-56.64],[-34.0,-56.33],[-30.58,-55.25],[-25.75,-53.01],[-9.75,-46.68],[-2.75,-44.92],[5.0,-43.79],[6.5,-43.8],[10.75,-43.06],[11.0,-42.82],[11.5,-42.98],[12.5,-42.2],[13.25,-41.01],[13.5,-40.98],[16.75,-41.24],[22.0,-43.51],[30.75,-48.51],[39.5,-54.76],[44.0,-57.15],[46.0,-57.79],[47.75,-58.01],[53.5,-57.71],[61.0,-56.63],[69.75,-54.82],[75.25,-54.02],[91.11,-48.5],[102.25,-44.07],[107.0,-42.64],[109.75,-41.07],[112.75,-38.48],[114.5,-37.5],[117.5,-37.05],[120.0,-37.04],[122.0,-36.59],[124.25,-34.5],[124.25,-33.93],[124.8,-33.75],[123.95,-31.25],[124.62,-31.25],[124.85,-29.25],[125.54,-28.75],[125.5,-28.46],[125.25,-28.71],[125.19,-28.5],[125.33,-27.5],[125.06,-26.5],[125.47,-26.0],[125.36,-25.75],[125.75,-24.43],[125.76,-24.75],[126.75,-26.07],[127.0,-25.6],[127.14,-25.75],[127.4,-26.75],[128.0,-26.75],[128.75,-27.37],[129.5,-26.99],[130.25,-27.02],[130.76,-27.75],[130.55,-29.25],[129.89,-29.5],[129.75,-30.25],[130.06,-31.25],[130.5,-32.14],[131.0,-32.25],[131.25,-31.54],[131.57,-31.75],[131.61,-32.0],[131.01,-32.25],[131.85,-33.5],[131.45,-34.0],[131.5,-34.86],[131.75,-34.56],[132.25,-34.8],[132.75,-34.33],[133.71,-36.5],[135.27,-38.25],[135.29,-38.75],[135.87,-39.5],[136.23,-40.5],[136.18,-42.5],[137.0,-42.83],[139.75,-47.0],[141.91,-49.25],[146.5,-52.62],[149.75,-54.3],[154.0,-56.1],[158.5,-57.61],[163.25,-58.66],[168.0,-59.34],[171.75,-59.59],[175.5,-59.51],[180.0,-59.01]]}},{"type":"Feature","properties":{"level":1004},"geometry":{"type":"LineString","coordinates":[[132.45,-35.5],[132.9,-35.5],[132.45,-35.5]]}},{"type":"Feature","properties":{"level":1004},"geometry":{"type":"LineString","coordinates":[[132.5,-33.72],[132.09,-33.25],[132.25,-33.03],[132.57,-33.25],[132.5,-33.72]]}},{"type":"Feature","properties":{"level":1004},"geometry":{"type":"LineString","coordinates":[[128.78,-33.0],[129.0,-33.08],[129.43,-32.75],[129.0,-32.71],[128.78,-33.0]]}},{"type":"Feature","properties":{"level":1004},"geometry":{"type":"LineString","coordinates":[[128.34,-32.5],[128.86,-32.5],[128.6,-32.0],[128.75,-31.7],[128.48,-31.75],[128.34,-32.5]]}},{"type":"Feature","properties":{"level":1004},"geometry":{"type":"LineString","coordinates":[[132.75,-32.06],[132.75,-31.79],[133.0,-31.81],[133.0,-32.2],[132.75,-32.06]]}},{"type":"Feature","properties":{"level":1004},"geometry":{"type":"LineString","coordinates":[[132.25,-31.7],[131.95,-31.25],[132.11,-31.0],[131.74,-30.75],[132.25,-30.45],[132.5,-30.56],[132.76,-31.5],[132.25,-31.7]]}},{"type":"Feature","properties":{"level":1004},"geometry":{"type":"LineString","coordinates":[[130.2,-28.75],[130.41,-28.75],[130.25,-28.6],[130.2,-28.75]]}},{"type":"Feature","properties":{"level":1004},"geometry":{"type":"LineString","coordinates":[[-58.0,-28.62],[-58.18,-28.25],[-58.0,-28.03],[-57.83,-28.5],[-58.0,-28.62]]}},{"type":"Feature","properties":{"level":1004},"geometry":{"type":"LineString","coordinates":[[-59.0,-28.32],[-59.25,-27.41],[-58.75,-27.35],[-58.67,-27.0],[-59.0,-27.24],[-59.32,-26.75],[-59.25,-26.5],[-60.25,-26.5],[-60.23,-26.25],[-61.5,-25.54],[-62.95,-23.5],[-63.58,-23.0],[-63.77,-22.5],[-63.67,-21.75],[-64.12,-20.75],[-63.65,-20.5],[-63.9,-19.0],[-63.55,-18.25],[-63.66,-17.75],[-65.5,-16.95],[-67.75,-14.51],[-68.25,-13.64],[-68.75,-13.5],[-69.12,-13.0],[-69.01,-12.75],[-68.25,-13.1],[-68.02,-13.0],[-68.12,-12.5],[-67.5,-12.26],[-65.75,-12.96],[-64.25,-13.02],[-63.87,-13.5],[-63.95,-14.0],[-63.5,-14.26],[-62.81,-15.5],[-62.69,-16.25],[-60.78,-17.0],[-60.37,-17.5],[-60.64,-18.0],[-60.5,-18.12],[-59.75,-18.38],[-59.25,-18.21],[-57.94,-18.75],[-58.09,-19.0],[-57.57,-19.5],[-57.52,-20.5],[-57.24,-20.75],[-57.4,-21.5],[-57.19,-22.0],[-57.4,-22.5],[-56.37,-23.75],[-56.5,-24.25],[-55.98,-25.0],[-55.93,-25.5],[-56.23,-25.75],[-56.25,-26.68],[-56.75,-26.28],[-56.89,-26.5],[-56.52,-26.75],[-57.0,-27.25],[-58.0,-26.97],[-58.04,-27.25],[-57.75,-27.5],[-57.5,-27.33],[-57.28,-27.5],[-57.36,-27.75],[-57.75,-27.5],[-58.68,-27.5],[-58.91,-27.75],[-58.5,-27.62],[-58.3,-28.0],[-58.75,-28.39],[-59.0,-28.32]]}},{"type":"Feature","properties":{"level":1004},"geometry":{"type":"LineString","coordinates":[[127.68,-28.25],[127.75,-27.9],[127.68,-28.25]]}},{"type":"Feature","properties":{"level":1004},"geometry":{"type":"LineString","coordinates":[[-56.25,-27.56],[-56.25,-27.4],[-56.25,-27.56]]}},{"type":"Feature","properties":{"level":1004},"geometry":{"type":"LineString","coordinates":[[-58.54,-26.5],[-58.18,-26.5],[-58.54,-26.5]]}},{"type":"Feature","properties":{"level":1004},"geometry":{"type":"LineString","coordinates":[[-57.02,-26.0],[-56.75,-26.21],[-56.58,-26.0],[-57.0,-25.46],[-57.02,-26.0]]}},{"type":"Feature","properties":{"level":1004},"geometry":{"type":"LineString","coordinates":[[-60.5,-6.26],[-61.31,-5.75],[-60.9,-5.5],[-61.2,-5.0],[-61.08,-4.75],[-60.87,-4.75],[-60.75,-5.38],[-60.5,-5.07],[-59.5,-5.07],[-58.93,-4.0],[-58.88,-3.75],[-59.57,-3.75],[-59.88,-3.25],[-59.63,-2.5],[-58.5,-2.34],[-58.34,-2.0],[-58.51,-1.75],[-58.0,-1.55],[-56.0,-1.85],[-56.52,-2.75],[-56.28,-3.75],[-56.75,-4.73],[-58.25,-4.71],[-58.82,-5.25],[-58.5,-5.86],[-60.5,-6.26]]}},{"type":"Feature","properties":{"level":1004},"geometry":{"type":"LineString","coordinates":[[-61.75,-6.02],[-61.43,-6.0],[-61.75,-6.02]]}},{"type":"Feature","properties":{"level":1004},"geometry":{"type":"LineString","coordinates":[[-60.25,-4.22],[-60.43,-3.75],[-60.25,-3.53],[-60.1,-3.75],[-60.25,-4.22]]}},{"type":"Feature","properties":{"level":1004},"geometry":{"type":"LineString","coordinates":[[-61.25,-3.7],[-61.46,-3.0],[-61.24,-2.25],[-61.86,-1.75],[-61.5,-1.37],[-61.0,-1.62],[-60.5,-1.56],[-60.5,-2.25],[-61.25,-3.7]]}},{"type":"Feature","properties":{"level":1004},"geometry":{"type":"LineString","coordinates":[[-62.0,-2.76],[-62.35,-2.5],[-62.0,-2.5],[-62.0,-2.76]]}},{"type":"Feature","properties":{"level":1004},"geometry":{"type":"LineString","coordinates":[[146.5,12.45],[146.29,13.0],[146.75,13.59],[147.5,13.52],[147.76,13.25],[147.41,12.5],[146.5,12.45]]}},{"type":"Feature","properties":{"level":1004},"geometry":{"type":"LineString","coordinates":[[172.25,13.17],[172.25,13.34],[172.25,13.17]]}},{"type":"Feature","properties":{"level":1004},"geometry":{"type":"LineString","coordinates":[[148.0,14.5],[147.28,15.0],[147.62,15.75],[148.75,16.15],[149.25,16.09],[149.36,15.75],[148.94,15.0],[148.5,14.59],[148.0,14.5]]}},{"type":"Feature","properties":{"level":1004},"geometry":{"type":"LineString","coordinates":[[165.25,14.67],[164.0,15.2],[163.18,16.5],[163.5,18.01],[164.75,18.56],[165.5,18.41],[166.56,17.75],[167.27,16.0],[167.21,15.5],[166.75,14.93],[165.25,14.67]]}},{"type":"Feature","properties":{"level":1004},"geometry":{"type":"LineString","coordinates":[[-123.5,19.41],[-124.75,19.9],[-125.25,20.42],[-125.66,21.25],[-125.67,22.25],[-125.27,23.0],[-124.5,23.71],[-123.5,24.02],[-122.5,23.94],[-121.25,23.25],[-120.91,22.5],[-120.91,21.5],[-121.25,20.48],[-121.93,19.75],[-122.75,19.31],[-123.5,19.41]]}},{"type":"Feature","properties":{"level":1004},"geometry":{"type":"LineString","coordinates":[[-162.75,28.19],[-162.75,28.67],[-162.35,28.25],[-162.75,28.19]]}},{"type":"Feature","properties":{"level":1004},"geometry":{"type":"LineString","coordinates":[[-163.25,28.65],[-163.12,28.75],[-163.25,28.65]]}},{"type":"Feature","properties":{"level":1004},"geometry":{"type":"LineString","coordinates":[[-163.0,28.86],[-163.0,29.07],[-163.0,28.86]]}},{"type":"Feature","properties":{"level":1004},"geometry":{"type":"LineString","coordinates":[[157.0,29.23],[156.54,29.75],[156.64,30.5],[157.25,30.87],[158.0,30.64],[158.32,30.0],[158.18,29.5],[157.5,29.11],[157.0,29.23]]}},{"type":"Feature","properties":{"level":1004},"geometry":{"type":"LineString","coordinates":[[-161.25,31.94],[-162.0,32.25],[-162.35,33.0],[-161.85,34.25],[-161.0,34.55],[-160.35,34.0],[-160.34,32.0],[-161.25,31.94]]}},{"type":"Feature","properties":{"level":1004},"geometry":{"type":"LineString","coordinates":[[180.0,47.42],[176.75,47.18],[169.5,48.28],[162.5,48.78],[155.75,48.62],[152.75,48.31],[151.0,48.45],[145.0,50.21],[144.0,50.38],[143.5,50.13],[142.75,51.03],[141.75,51.75],[140.5,51.47],[140.5,52.11],[139.76,53.0],[137.25,54.19],[136.75,54.09],[136.79,55.0],[136.04,55.5],[136.04,55.75],[137.22,56.5],[137.57,57.25],[137.5,57.64],[136.71,58.5],[137.72,60.75],[137.54,61.0],[137.86,61.75],[138.34,62.25],[138.04,62.5],[138.5,63.4],[138.75,63.49],[139.75,62.92],[140.5,62.97],[141.0,62.71],[141.12,63.0],[140.5,63.09],[140.45,63.5],[143.25,63.73],[143.5,64.05],[144.5,63.95],[145.15,64.75],[145.5,64.84],[148.0,63.95],[148.5,64.37],[150.5,65.15],[151.25,65.86],[153.93,67.25],[159.75,69.17],[161.75,69.52],[163.0,69.22],[164.25,69.3],[166.75,68.66],[167.18,69.0],[165.24,69.5],[169.0,70.23],[171.23,70.25],[171.63,69.75],[172.25,69.49],[174.25,69.1],[173.53,68.25],[173.75,68.08],[174.98,67.5],[176.25,67.26],[176.36,66.75],[178.25,66.16],[180.0,65.24]]}},{"type":"Feature","properties":{"level":1004},"geometry":{"type":"LineString","coordinates":[[-74.75,50.21],[-81.89,52.25],[-87.25,55.48],[-89.0,56.18],[-90.5,56.44],[-91.23,57.25],[-90.75,57.52],[-89.75,57.56],[-86.75,56.04],[-86.0,56.89],[-84.25,57.06],[-81.25,57.92],[-78.5,57.94],[-77.0,57.7],[-71.75,56.09],[-69.75,55.14],[-68.73,54.25],[-68.44,53.5],[-68.61,52.75],[-70.25,51.12],[-72.25,50.38],[-74.75,50.21]]}},{"type":"Feature","properties":{"level":1004},"geometry":{"type":"LineString","coordinates":[[-43.75,53.99],[-52.25,56.13],[-55.68,58.25],[-56.05,59.0],[-55.81,60.25],[-56.26,62.5],[-55.48,65.75],[-54.48,67.25],[-55.15,68.0],[-55.0,68.59],[-54.0,68.92],[-52.75,68.61],[-52.49,68.0],[-52.71,67.5],[-53.5,67.37],[-53.61,67.0],[-52.75,66.27],[-52.0,66.29],[-52.0,65.92],[-51.25,66.08],[-50.67,66.25],[-50.75,66.56],[-49.75,66.75],[-50.0,67.25],[-49.82,68.25],[-49.01,69.25],[-49.23,69.75],[-49.14,70.25],[-49.0,70.43],[-48.25,70.2],[-47.89,69.75],[-47.8,68.75],[-48.22,67.75],[-47.45,67.25],[-47.78,66.0],[-47.59,64.75],[-47.76,64.5],[-46.82,63.75],[-46.85,63.25],[-46.25,62.96],[-45.95,63.0],[-45.75,63.51],[-42.76,64.0],[-42.26,64.5],[-41.44,64.75],[-41.25,65.0],[-41.56,65.25],[-41.38,65.5],[-40.25,66.0],[-38.36,66.25],[-38.75,66.51],[-37.25,66.56],[-36.5,66.18],[-28.5,66.48],[-24.25,65.91],[-23.75,65.47],[-22.75,65.12],[-22.55,64.75],[-21.74,64.5],[-20.57,63.25],[-18.93,62.0],[-17.65,60.5],[-17.16,59.5],[-17.86,59.0],[-22.0,58.36],[-23.0,57.78],[-29.25,57.07],[-41.0,54.03],[-43.75,53.99]]}},{"type":"Feature","properties":{"level":1004},"geometry":{"type":"LineString","coordinates":[[74.25,55.43],[71.5,56.2],[70.25,56.95],[67.51,58.0],[62.25,59.62],[59.61,60.75],[58.48,61.75],[53.75,63.44],[51.75,64.46],[46.5,65.11],[43.0,65.23],[38.5,65.9],[33.5,67.07],[31.34,68.0],[29.25,68.3],[25.75,69.35],[22.5,70.02],[18.8,71.25],[11.32,75.0],[6.46,78.0],[5.7,78.75],[5.53,79.25],[6.05,80.0],[6.18,81.5],[7.0,82.25],[8.26,82.75],[12.5,83.6],[20.5,84.41],[30.5,84.93],[43.5,85.2],[56.25,85.15],[83.75,84.16],[100.5,82.75],[122.25,79.59],[124.78,79.0],[128.25,77.67],[129.84,77.0],[130.62,76.5],[130.9,76.0],[134.5,75.68],[137.0,73.83],[140.5,73.68],[141.43,73.25],[141.42,73.0],[140.5,72.53],[137.5,72.68],[136.41,73.0],[134.75,73.96],[132.84,74.5],[130.25,75.86],[128.25,75.39],[127.62,75.0],[126.0,74.83],[122.5,75.37],[100.0,77.63],[91.5,77.56],[83.96,76.25],[81.18,75.25],[77.75,73.19],[76.36,71.75],[74.94,69.5],[74.85,68.25],[75.46,66.5],[77.84,63.75],[78.85,62.0],[78.97,58.75],[78.75,57.93],[78.22,57.25],[75.25,55.5],[74.25,55.43]]}},{"type":"Feature","properties":{"level":1004},"geometry":{"type":"LineString","coordinates":[[-180.0,65.24],[-176.76,63.0],[-174.1,60.0],[-172.9,57.5],[-172.76,55.5],[-173.49,52.5],[-174.0,52.25],[-174.25,51.29],[-174.75,51.06],[-175.0,50.33],[-176.75,48.72],[-180.0,47.42]]}},{"type":"Feature","properties":{"level":1004},"geometry":{"type":"LineString","coordinates":[[175.25,68.99],[175.09,69.0],[175.52,69.0],[175.25,68.99]]}},{"type":"Feature","properties":{"level":1008},"geometry":{"type":"LineString","coordinates":[[-11.91,-89.0],[29.25,-88.78],[37.75,-88.51],[82.5,-88.53],[115.98,-86.5],[123.78,-85.75],[131.75,-84.35],[133.61,-83.5],[132.36,-83.0],[132.53,-82.75],[136.1,-81.0],[136.61,-80.5],[136.42,-80.25],[139.48,-78.75],[138.75,-78.19],[134.72,-76.75],[128.75,-76.1],[106.25,-77.88],[100.5,-78.05],[94.25,-79.02],[90.75,-79.33],[80.25,-79.52],[74.25,-80.36],[71.5,-80.34],[62.75,-79.87],[58.0,-79.17],[54.02,-78.25],[50.25,-76.4],[46.5,-75.82],[43.5,-76.61],[42.88,-77.75],[40.86,-79.0],[40.5,-79.89],[38.82,-81.25],[39.38,-82.0],[37.81,-83.25],[38.59,-83.75],[35.5,-84.87],[27.75,-85.2],[15.25,-84.8],[4.25,-85.04],[-2.5,-85.49],[-5.5,-86.3],[-20.06,-87.5],[-40.47,-88.0],[-37.75,-88.5],[-34.16,-88.75],[-11.91,-89.0]]}},{"type":"Feature","properties":{"level":1008},"geometry":{"type":"LineString","coordinates":[[32.68,-76.75],[34.1,-76.75],[34.71,-76.25],[33.75,-75.8],[31.75,-75.57],[30.5,-75.59],[29.84,-76.0],[30.75,-76.47],[32.68,-76.75]]}},{"type":"Feature","properties":{"level":1008},"geometry":{"type":"LineString","coordinates":[[16.09,-75.0],[19.25,-75.23],[20.31,-75.0],[15.75,-74.2],[13.0,-74.03],[12.45,-74.25],[13.75,-74.72],[16.09,-75.0]]}},{"type":"Feature","properties":{"level":1008},"geometry":{"type":"LineString","coordinates":[[-180.0,-57.96],[-173.75,-56.88],[-166.75,-55.01],[-158.25,-51.91],[-156.5,-51.08],[-155.4,-50.25],[-155.4,-50.0],[-154.5,-49.72],[-140.0,-48.23],[-135.0,-48.35],[-132.5,-47.76],[-129.45,-46.0],[-126.92,-43.0],[-126.74,-42.25],[-125.94,-41.0],[-125.07,-40.0],[-123.5,-38.84],[-119.5,-37.75],[-115.75,-37.75],[-114.25,-37.31],[-113.07,-36.25],[-112.0,-34.63],[-110.44,-33.75],[-110.1,-33.25],[-110.25,-32.9],[-109.5,-33.19],[-108.75,-33.17],[-108.25,-33.72],[-106.25,-34.53],[-105.16,-35.5],[-104.9,-36.25],[-105.12,-36.75],[-104.67,-40.75],[-103.51,-44.25],[-102.67,-46.0],[-100.75,-48.85],[-97.45,-52.0],[-94.95,-53.75],[-92.5,-55.04],[-86.75,-57.31],[-81.0,-58.81],[-73.25,-60.12],[-66.25,-60.87],[-62.25,-60.74],[-57.25,-59.57],[-49.25,-56.8],[-45.0,-55.75],[-36.35,-55.25],[-35.94,-54.75],[-36.79,-54.0],[-36.35,-53.75],[-33.75,-53.18],[-32.25,-53.4],[-31.25,-53.22],[-29.5,-52.38],[-27.0,-51.61],[-24.5,-50.38],[-21.0,-49.23],[-16.25,-47.13],[-7.89,-44.25],[-1.75,-42.74],[1.7,-42.25],[4.25,-41.29],[4.75,-41.6],[5.47,-41.0],[5.56,-40.5],[7.0,-39.46],[9.5,-38.74],[10.75,-39.09],[13.5,-39.25],[15.25,-39.61],[22.25,-42.33],[27.5,-45.23],[31.75,-47.97],[40.0,-53.85],[44.0,-55.88],[46.5,-56.69],[48.75,-56.99],[56.5,-56.33],[63.25,-55.2],[69.75,-53.72],[73.0,-53.28],[89.25,-48.08],[98.75,-44.25],[105.99,-41.0],[108.0,-39.69],[110.95,-37.0],[111.8,-36.5],[117.5,-35.11],[118.75,-34.36],[119.5,-34.53],[120.75,-34.28],[122.08,-33.25],[122.32,-32.75],[121.25,-31.62],[120.25,-31.0],[122.12,-30.75],[120.43,-30.25],[120.93,-30.0],[120.61,-29.75],[121.25,-29.62],[121.0,-28.64],[121.38,-28.5],[121.56,-28.0],[122.0,-27.69],[122.05,-27.25],[121.65,-26.25],[120.3,-24.5],[120.54,-24.0],[119.05,-23.0],[118.51,-22.25],[118.58,-21.75],[119.56,-21.25],[119.74,-21.0],[119.56,-20.75],[120.75,-20.48],[122.27,-19.5],[122.89,-18.75],[123.25,-17.34],[125.0,-16.69],[125.5,-16.74],[126.5,-17.35],[126.75,-17.27],[127.46,-17.75],[127.21,-18.25],[128.0,-19.17],[128.27,-18.5],[127.82,-18.0],[128.21,-17.75],[127.76,-17.5],[128.25,-17.25],[127.87,-16.5],[127.91,-16.0],[127.54,-15.75],[128.0,-15.38],[128.65,-15.5],[128.38,-16.25],[128.5,-16.55],[128.75,-16.32],[129.25,-16.48],[129.75,-16.26],[129.98,-16.5],[129.68,-17.0],[129.98,-17.5],[129.54,-18.0],[130.0,-18.08],[130.03,-17.5],[130.65,-17.0],[130.5,-16.57],[130.25,-16.73],[130.03,-16.5],[130.85,-16.25],[130.5,-15.88],[129.75,-15.89],[129.64,-15.5],[130.5,-15.2],[131.0,-15.63],[131.37,-15.0],[131.25,-14.82],[131.0,-15.13],[130.86,-15.0],[131.16,-14.5],[130.75,-14.24],[130.54,-13.75],[130.99,-13.5],[130.99,-13.0],[131.25,-12.71],[131.75,-12.82],[133.0,-12.29],[133.43,-13.0],[133.0,-13.35],[132.87,-14.0],[133.25,-14.5],[132.95,-15.25],[133.38,-16.25],[133.37,-17.25],[134.31,-18.0],[133.75,-18.07],[133.34,-19.25],[134.25,-19.97],[134.5,-19.91],[134.99,-19.5],[135.0,-19.25],[134.63,-19.0],[134.65,-18.5],[135.0,-18.85],[136.25,-18.44],[136.34,-19.0],[136.93,-19.25],[136.71,-19.5],[136.25,-19.48],[136.63,-20.75],[136.26,-21.0],[135.89,-21.0],[135.5,-20.61],[135.0,-20.66],[134.5,-20.06],[134.44,-20.75],[134.77,-21.0],[134.75,-21.37],[134.25,-21.68],[134.0,-21.32],[133.77,-21.5],[133.75,-22.12],[132.75,-21.83],[132.57,-22.25],[133.0,-23.0],[131.72,-23.75],[132.5,-24.08],[132.75,-23.88],[133.5,-23.98],[134.25,-23.67],[134.7,-23.75],[134.0,-25.36],[133.45,-25.75],[134.0,-26.5],[134.0,-27.8],[135.37,-31.0],[135.63,-32.5],[136.77,-34.0],[136.52,-35.75],[136.75,-36.04],[137.05,-38.0],[139.04,-42.5],[144.0,-49.04],[147.25,-51.58],[151.13,-53.75],[155.0,-55.34],[160.25,-57.01],[164.0,-57.8],[169.5,-58.49],[176.5,-58.41],[180.0,-57.96]]}},{"type":"Feature","properties":{"level":1008},"geometry":{"type":"LineString","coordinates":[[-54.25,-34.08],[-54.5,-33.83],[-56.25,-33.55],[-57.0,-33.02],[-58.75,-30.57],[-59.5,-30.55],[-59.75,-30.93],[-62.33,-28.25],[-63.35,-26.0],[-64.07,-25.25],[-64.15,-24.5],[-64.5,-24.27],[-65.0,-24.86],[-65.11,-24.75],[-65.13,-24.0],[-64.73,-23.5],[-64.81,-22.75],[-64.3,-21.5],[-64.71,-21.0],[-64.48,-20.75],[-64.64,-20.5],[-64.51,-20.0],[-64.79,-19.75],[-64.5,-19.72],[-64.52,-19.0],[-65.25,-18.81],[-65.47,-18.5],[-65.04,-18.25],[-65.16,-18.0],[-64.5,-17.99],[-64.23,-17.75],[-65.7,-17.0],[-66.75,-16.05],[-68.0,-15.54],[-68.1,-14.5],[-68.5,-14.0],[-71.27,-13.0],[-71.51,-12.5],[-72.25,-11.93],[-73.0,-12.14],[-73.82,-11.25],[-74.25,-10.12],[-74.5,-10.04],[-74.75,-10.54],[-75.29,-10.25],[-76.0,-7.69],[-76.75,-7.5],[-76.87,-7.25],[-76.44,-6.25],[-76.63,-5.75],[-77.75,-4.87],[-78.21,-5.0],[-78.29,-4.75],[-77.5,-1.73],[-77.13,-1.75],[-77.01,-1.5],[-77.04,-0.5],[-76.64,0.5],[-75.75,1.36],[-74.75,1.83],[-73.25,1.56],[-72.75,0.59],[-71.88,0.5],[-72.16,0.0],[-71.25,-0.21],[-71.0,-0.69],[-70.5,-0.9],[-70.18,-0.75],[-70.27,-0.5],[-70.0,-0.13],[-69.25,0.0],[-68.86,0.75],[-69.25,1.77],[-68.57,1.5],[-68.59,1.0],[-68.0,0.7],[-68.42,1.75],[-68.26,2.0],[-67.84,2.0],[-67.75,3.11],[-67.25,2.91],[-66.75,3.19],[-66.0,2.38],[-65.85,3.0],[-65.25,3.32],[-64.75,2.76],[-65.0,2.38],[-65.5,2.43],[-66.19,1.5],[-66.36,0.75],[-65.5,0.4],[-65.14,1.0],[-64.27,1.5],[-63.75,2.24],[-63.4,2.25],[-63.25,3.12],[-62.5,3.84],[-60.75,4.52],[-60.25,4.57],[-59.5,4.17],[-59.0,4.35],[-57.88,3.5],[-57.75,3.0],[-57.5,2.92],[-57.0,3.66],[-56.75,3.55],[-56.25,3.0],[-56.0,2.25],[-54.85,1.75],[-54.25,0.75],[-54.75,0.44],[-54.84,0.0],[-54.0,-1.1],[-51.5,-0.84],[-50.5,-0.14],[-50.19,-0.25],[-50.29,-0.75],[-49.75,-1.26],[-48.25,-0.72],[-48.11,-1.0],[-48.8,-2.0],[-47.75,-1.65],[-47.58,-1.75],[-47.81,-2.25],[-47.37,-2.5],[-47.85,-3.25],[-47.89,-4.5],[-46.75,-5.39],[-46.0,-5.25],[-45.78,-5.5],[-45.94,-6.0],[-46.65,-6.75],[-46.0,-7.07],[-45.0,-6.76],[-44.0,-7.11],[-43.85,-6.75],[-43.0,-6.92],[-43.08,-7.25],[-43.5,-7.49],[-44.0,-7.42],[-44.25,-7.64],[-44.75,-8.63],[-45.0,-8.18],[-45.25,-8.19],[-45.0,-9.13],[-45.33,-9.75],[-46.16,-10.25],[-46.79,-11.75],[-46.5,-12.02],[-46.48,-12.75],[-47.0,-12.85],[-47.0,-13.28],[-47.75,-13.21],[-47.74,-13.75],[-48.0,-14.12],[-48.5,-14.18],[-49.0,-14.69],[-49.58,-14.75],[-50.03,-15.25],[-50.25,-16.04],[-51.75,-16.47],[-53.5,-16.2],[-54.37,-17.25],[-54.39,-17.5],[-53.56,-18.0],[-54.0,-19.17],[-54.25,-18.98],[-54.75,-19.18],[-54.36,-19.75],[-54.63,-20.25],[-54.54,-21.25],[-53.84,-21.75],[-53.9,-22.5],[-53.37,-22.75],[-53.27,-23.25],[-53.47,-23.5],[-53.21,-24.0],[-53.72,-24.75],[-53.37,-25.25],[-53.76,-26.25],[-53.3,-27.0],[-53.35,-28.25],[-54.34,-29.0],[-53.89,-29.25],[-54.2,-29.5],[-54.0,-29.74],[-53.5,-29.45],[-52.34,-29.5],[-52.25,-29.75],[-53.18,-30.25],[-52.75,-30.69],[-51.75,-30.51],[-51.4,-30.75],[-52.04,-31.25],[-52.0,-31.93],[-52.56,-32.25],[-51.75,-32.08],[-51.22,-33.25],[-51.75,-33.2],[-53.25,-33.92],[-53.5,-33.72],[-54.25,-34.08]]}},{"type":"Feature","properties":{"level":1008},"geometry":{"type":"LineString","coordinates":[[119.25,-33.85],[119.4,-33.75],[119.25,-33.85]]}},{"type":"Feature","properties":{"level":1008},"geometry":{"type":"LineString","coordinates":[[122.17,-31.0],[122.52,-31.0],[122.17,-31.0]]}},{"type":"Feature","properties":{"level":1008},"geometry":{"type":"LineString","coordinates":[[-54.83,-29.5],[-54.5,-29.18],[-54.82,-29.25],[-54.83,-29.5]]}},{"type":"Feature","properties":{"level":1008},"geometry":{"type":"LineString","coordinates":[[123.48,-19.25],[124.19,-19.0],[124.07,-18.75],[123.48,-19.25]]}},{"type":"Feature","properties":{"level":1008},"geometry":{"type":"LineString","coordinates":[[134.5,-19.47],[134.35,-19.25],[134.5,-19.08],[134.5,-19.47]]}},{"type":"Feature","properties":{"level":1008},"geometry":{"type":"LineString","coordinates":[[131.65,-18.0],[131.88,-18.0],[131.65,-18.0]]}},{"type":"Feature","properties":{"level":1008},"geometry":{"type":"LineString","coordinates":[[129.13,-17.75],[129.32,-17.75],[129.13,-17.75]]}},{"type":"Feature","properties":{"level":1008},"geometry":{"type":"LineString","coordinates":[[125.64,-17.5],[126.03,-17.5],[125.64,-17.5]]}},{"type":"Feature","properties":{"level":1008},"geometry":{"type":"LineString","coordinates":[[127.5,-17.62],[127.5,-17.39],[127.67,-17.5],[127.5,-17.62]]}},{"type":"Feature","properties":{"level":1008},"geometry":{"type":"LineString","coordinates":[[131.39,-17.5],[131.5,-17.71],[131.5,-17.27],[131.39,-17.5]]}},{"type":"Feature","properties":{"level":1008},"geometry":{"type":"LineString","coordinates":[[132.44,-17.5],[132.5,-17.18],[132.44,-17.5]]}},{"type":"Feature","properties":{"level":1008},"geometry":{"type":"LineString","coordinates":[[125.42,-17.25],[125.5,-17.11],[125.42,-17.25]]}},{"type":"Feature","properties":{"level":1008},"geometry":{"type":"LineString","coordinates":[[127.75,-17.2],[127.75,-16.97],[127.75,-17.2]]}},{"type":"Feature","properties":{"level":1008},"geometry":{"type":"LineString","coordinates":[[131.9,-17.0],[132.15,-17.0],[132.38,-16.5],[132.25,-15.87],[131.91,-16.0],[131.96,-15.5],[131.75,-15.29],[131.35,-15.5],[131.49,-16.0],[131.32,-16.25],[131.5,-16.52],[132.12,-16.5],[131.9,-17.0]]}},{"type":"Feature","properties":{"level":1008},"geometry":{"type":"LineString","coordinates":[[132.57,-16.5],[132.75,-16.68],[132.83,-16.5],[132.57,-16.5]]}},{"type":"Feature","properties":{"level":1008},"geometry":{"type":"LineString","coordinates":[[134.25,-14.05],[134.07,-14.0],[134.14,-13.5],[134.48,-12.75],[135.0,-12.88],[135.12,-13.25],[134.75,-14.0],[134.25,-14.05]]}},{"type":"Feature","properties":{"level":1008},"geometry":{"type":"LineString","coordinates":[[-44.75,-9.75],[-44.5,-9.44],[-44.5,-9.83],[-44.75,-9.75]]}},{"type":"Feature","properties":{"level":1008},"geometry":{"type":"LineString","coordinates":[[140.75,-8.7],[140.0,-7.72],[138.22,-8.0],[138.14,-7.25],[138.56,-6.5],[138.16,-5.0],[139.5,-4.92],[142.0,-5.7],[142.58,-6.25],[142.75,-6.8],[143.39,-7.25],[142.54,-8.0],[142.25,-8.66],[140.75,-8.7]]}},{"type":"Feature","properties":{"level":1008},"geometry":{"type":"LineString","coordinates":[[112.25,-7.56],[112.25,-7.36],[112.25,-7.56]]}},{"type":"Feature","properties":{"level":1008},"geometry":{"type":"LineString","coordinates":[[141.0,-4.58],[140.0,-3.73],[138.75,-3.2],[137.25,-3.3],[136.5,-2.86],[135.5,-3.58],[134.25,-3.06],[133.25,-3.36],[132.84,-3.0],[132.11,-1.25],[131.44,-1.0],[131.5,-0.48],[132.0,-0.15],[131.93,-0.75],[132.75,-1.39],[134.0,-1.94],[135.0,-1.7],[135.75,-2.51],[136.25,-2.5],[136.5,-2.15],[137.0,-2.92],[138.25,-2.68],[138.75,-2.95],[139.5,-2.81],[139.75,-3.12],[140.25,-2.94],[140.89,-3.5],[140.75,-3.82],[141.5,-3.44],[143.34,-4.25],[142.5,-4.7],[141.0,-4.58]]}},{"type":"Feature","properties":{"level":1008},"geometry":{"type":"LineString","coordinates":[[-41.25,-4.27],[-41.82,-4.0],[-42.76,-3.0],[-42.26,-2.75],[-42.34,-2.5],[-41.99,-2.75],[-42.14,-3.0],[-41.5,-3.4],[-41.25,-4.27]]}},{"type":"Feature","properties":{"level":1008},"geometry":{"type":"LineString","coordinates":[[120.0,-4.28],[120.0,-3.98],[120.0,-4.28]]}},{"type":"Feature","properties":{"level":1008},"geometry":{"type":"LineString","coordinates":[[144.5,-4.35],[144.38,-4.25],[144.5,-4.35]]}},{"type":"Feature","properties":{"level":1008},"geometry":{"type":"LineString","coordinates":[[114.75,-3.58],[114.02,-2.75],[114.0,-2.22],[114.59,-1.25],[115.22,-1.0],[115.19,-0.5],[116.29,0.0],[116.38,0.75],[117.0,1.31],[117.5,0.93],[117.17,0.25],[117.41,-0.25],[117.0,-0.7],[116.22,-1.0],[115.85,-1.75],[116.16,-2.25],[116.0,-2.75],[115.75,-2.26],[115.34,-2.75],[115.27,-3.25],[114.75,-3.58]]}},{"type":"Feature","properties":{"level":1008},"geometry":{"type":"LineString","coordinates":[[121.75,-3.39],[121.75,-2.98],[121.75,-3.39]]}},{"type":"Feature","properties":{"level":1008},"geometry":{"type":"LineString","coordinates":[[113.5,-2.76],[112.84,-2.25],[112.84,-2.0],[113.86,-2.5],[113.93,-2.75],[113.5,-2.76]]}},{"type":"Feature","properties":{"level":1008},"geometry":{"type":"LineString","coordinates":[[111.75,-2.5],[112.25,-2.34],[112.36,-2.5],[112.25,-2.73],[111.75,-2.5]]}},{"type":"Feature","properties":{"level":1008},"geometry":{"type":"LineString","coordinates":[[137.5,-2.33],[137.18,-2.0],[137.5,-1.75],[138.01,-2.25],[137.5,-2.33]]}},{"type":"Feature","properties":{"level":1008},"geometry":{"type":"LineString","coordinates":[[115.71,-2.0],[115.75,-2.17],[115.75,-1.85],[115.71,-2.0]]}},{"type":"Feature","properties":{"level":1008},"geometry":{"type":"LineString","coordinates":[[116.0,0.06],[115.93,0.5],[116.22,0.5],[116.0,0.06]]}},{"type":"Feature","properties":{"level":1008},"geometry":{"type":"LineString","coordinates":[[128.0,1.19],[128.0,1.54],[128.0,1.19]]}},{"type":"Feature","properties":{"level":1008},"geometry":{"type":"LineString","coordinates":[[-69.25,2.18],[-69.65,2.5],[-69.75,3.1],[-69.25,2.93],[-69.08,2.5],[-69.25,2.18]]}},{"type":"Feature","properties":{"level":1008},"geometry":{"type":"LineString","coordinates":[[116.5,3.46],[116.75,3.66],[116.84,3.5],[116.5,3.46]]}},{"type":"Feature","properties":{"level":1008},"geometry":{"type":"LineString","coordinates":[[-68.0,3.71],[-68.15,4.0],[-67.75,4.16],[-67.43,3.75],[-67.5,3.55],[-68.0,3.71]]}},{"type":"Feature","properties":{"level":1008},"geometry":{"type":"LineString","coordinates":[[-73.0,4.12],[-73.0,4.5],[-72.5,4.75],[-73.0,4.12]]}},{"type":"Feature","properties":{"level":1008},"geometry":{"type":"LineString","coordinates":[[125.75,5.63],[125.64,6.5],[125.25,6.75],[125.75,6.99],[126.0,6.37],[126.34,6.5],[126.2,5.75],[125.75,5.63]]}},{"type":"Feature","properties":{"level":1008},"geometry":{"type":"LineString","coordinates":[[124.75,6.52],[124.42,7.0],[124.75,7.26],[124.75,6.52]]}},{"type":"Feature","properties":{"level":1008},"geometry":{"type":"LineString","coordinates":[[133.75,6.88],[133.75,7.06],[133.75,6.88]]}},{"type":"Feature","properties":{"level":1008},"geometry":{"type":"LineString","coordinates":[[125.75,7.0],[125.5,8.75],[125.75,8.81],[126.55,8.25],[126.25,8.23],[125.89,7.75],[125.75,7.0]]}},{"type":"Feature","properties":{"level":1008},"geometry":{"type":"LineString","coordinates":[[165.5,7.46],[164.75,8.26],[163.75,8.39],[162.75,9.32],[162.0,9.49],[161.5,9.32],[160.75,9.64],[159.0,11.58],[158.25,11.76],[157.75,12.32],[157.25,11.6],[156.98,11.75],[156.93,13.25],[156.75,13.55],[156.5,13.09],[156.25,13.5],[156.5,13.75],[155.88,14.25],[156.15,15.25],[156.05,16.75],[156.45,18.25],[156.75,17.9],[157.0,18.19],[158.25,18.32],[158.69,19.5],[161.0,21.07],[164.75,20.89],[166.5,20.49],[167.5,19.98],[169.61,18.25],[170.33,17.0],[170.07,16.25],[170.4,15.0],[169.5,14.63],[169.5,13.96],[171.0,13.43],[171.75,14.19],[172.5,14.21],[172.78,14.0],[172.66,13.75],[172.93,13.0],[172.5,12.34],[170.75,12.1],[170.88,11.75],[170.57,11.5],[169.75,11.73],[169.74,11.0],[170.41,10.5],[170.5,9.22],[169.25,8.57],[168.25,8.78],[168.22,8.5],[167.25,7.8],[167.0,8.38],[166.25,8.16],[165.5,7.46]]}},{"type":"Feature","properties":{"level":1008},"geometry":{"type":"LineString","coordinates":[[-70.75,7.76],[-70.75,8.08],[-70.25,8.27],[-70.25,7.97],[-70.75,7.76]]}},{"type":"Feature","properties":{"level":1008},"geometry":{"type":"LineString","coordinates":[[131.25,7.98],[130.0,8.72],[128.5,9.14],[127.75,9.3],[126.5,9.05],[125.59,9.75],[125.75,10.2],[126.75,10.05],[126.82,10.75],[126.5,10.86],[126.25,10.31],[125.75,10.34],[125.0,10.81],[124.93,11.25],[125.5,11.19],[125.91,11.5],[125.75,12.33],[126.5,13.34],[127.25,15.25],[128.01,15.75],[127.88,16.0],[131.5,18.92],[132.5,19.24],[133.5,19.9],[135.5,20.37],[140.25,20.34],[142.25,19.84],[148.25,19.26],[150.5,18.33],[151.64,16.75],[151.92,12.5],[151.5,10.9],[150.0,8.87],[149.75,9.03],[149.25,8.66],[148.5,8.67],[148.0,8.96],[147.25,8.84],[146.75,8.34],[146.25,8.41],[146.0,9.12],[145.75,8.83],[145.0,9.01],[143.75,8.53],[143.0,8.49],[142.0,9.31],[140.75,9.56],[140.0,10.0],[138.58,9.25],[138.25,8.83],[136.75,9.08],[136.35,8.75],[136.49,8.5],[136.0,8.29],[131.25,7.98]]}},{"type":"Feature","properties":{"level":1008},"geometry":{"type":"LineString","coordinates":[[140.0,8.12],[140.25,8.41],[140.42,8.25],[140.0,8.12]]}},{"type":"Feature","properties":{"level":1008},"geometry":{"type":"LineString","coordinates":[[126.5,8.62],[126.5,8.98],[126.66,8.75],[126.5,8.62]]}},{"type":"Feature","properties":{"level":1008},"geometry":{"type":"LineString","coordinates":[[-174.75,9.67],[-174.75,9.99],[-174.75,9.67]]}},{"type":"Feature","properties":{"level":1008},"geometry":{"type":"LineString","coordinates":[[-100.0,9.71],[-100.68,10.25],[-103.25,11.3],[-104.0,11.13],[-104.25,11.82],[-104.5,11.5],[-104.66,11.75],[-104.36,12.0],[-104.6,12.25],[-104.5,12.47],[-104.25,12.17],[-104.09,12.5],[-104.5,12.56],[-104.71,13.25],[-104.12,13.75],[-104.0,14.2],[-103.48,14.5],[-103.09,15.25],[-102.75,15.21],[-101.13,16.0],[-99.0,16.16],[-97.23,15.75],[-96.16,14.75],[-96.0,14.2],[-94.52,13.0],[-94.84,11.75],[-95.5,11.67],[-97.25,10.45],[-97.75,10.62],[-98.75,10.34],[-99.25,9.56],[-100.0,9.71]]}},{"type":"Feature","properties":{"level":1008},"geometry":{"type":"LineString","coordinates":[[-174.5,9.93],[-174.74,10.0],[-174.5,9.93]]}},{"type":"Feature","properties":{"level":1008},"geometry":{"type":"LineString","coordinates":[[-177.0,10.43],[-177.25,10.75],[-178.03,10.75],[-178.79,11.75],[-178.8,12.25],[-177.76,13.75],[-177.0,13.61],[-176.6,13.25],[-177.39,12.75],[-176.0,12.55],[-176.25,12.01],[-175.0,12.07],[-175.05,12.5],[-174.75,12.96],[-174.5,12.34],[-173.75,12.52],[-173.43,12.25],[-174.25,11.54],[-175.0,11.97],[-175.75,10.92],[-176.0,11.53],[-176.14,11.0],[-176.75,10.4],[-177.0,10.43]]}},{"type":"Feature","properties":{"level":1008},"geometry":{"type":"LineString","coordinates":[[-174.5,12.97],[-175.12,13.5],[-174.75,13.65],[-174.34,13.25],[-174.5,12.97]]}},{"type":"Feature","properties":{"level":1008},"geometry":{"type":"LineString","coordinates":[[-176.25,13.74],[-176.25,14.1],[-176.0,14.2],[-175.78,14.0],[-175.79,13.75],[-176.25,13.74]]}},{"type":"Feature","properties":{"level":1008},"geometry":{"type":"LineString","coordinates":[[-87.25,15.73],[-88.42,16.0],[-88.18,16.5],[-87.5,17.04],[-86.75,17.09],[-85.98,16.0],[-87.25,15.73]]}},{"type":"Feature","properties":{"level":1008},"geometry":{"type":"LineString","coordinates":[[109.75,15.95],[109.5,16.01],[109.5,16.39],[109.87,16.25],[109.75,15.95]]}},{"type":"Feature","properties":{"level":1008},"geometry":{"type":"LineString","coordinates":[[-122.75,16.44],[-123.25,16.8],[-124.75,16.77],[-126.02,17.5],[-127.47,19.75],[-127.86,21.25],[-127.5,22.75],[-126.73,24.0],[-124.5,25.35],[-123.0,25.66],[-121.0,25.36],[-119.58,24.5],[-118.55,22.75],[-118.27,21.0],[-118.67,19.5],[-119.75,18.08],[-122.25,16.93],[-122.75,16.44]]}},{"type":"Feature","properties":{"level":1008},"geometry":{"type":"LineString","coordinates":[[-103.25,17.93],[-102.97,18.0],[-103.25,17.93]]}},{"type":"Feature","properties":{"level":1008},"geometry":{"type":"LineString","coordinates":[[-94.0,18.19],[-94.5,18.36],[-94.78,19.0],[-94.46,19.5],[-94.0,19.71],[-93.25,19.29],[-93.08,18.75],[-93.25,18.42],[-94.0,18.19]]}},{"type":"Feature","properties":{"level":1008},"geometry":{"type":"LineString","coordinates":[[-95.75,18.74],[-95.63,19.0],[-95.75,18.74]]}},{"type":"Feature","properties":{"level":1008},"geometry":{"type":"LineString","coordinates":[[-105.75,20.99],[-105.75,21.23],[-105.75,20.99]]}},{"type":"Feature","properties":{"level":1008},"geometry":{"type":"LineString","coordinates":[[-105.5,21.25],[-107.5,22.91],[-108.5,23.31],[-109.25,23.2],[-109.83,24.25],[-110.5,24.46],[-111.45,26.25],[-112.75,27.75],[-112.88,28.25],[-114.56,30.0],[-116.18,33.25],[-116.0,33.59],[-115.17,33.5],[-115.89,34.5],[-115.5,34.56],[-114.75,34.21],[-114.74,35.0],[-114.5,35.08],[-114.11,34.5],[-113.54,34.25],[-113.71,34.0],[-113.5,33.64],[-112.25,33.76],[-111.94,33.5],[-112.87,32.25],[-112.54,31.25],[-111.75,30.5],[-112.5,30.16],[-111.75,29.64],[-110.75,29.58],[-110.45,29.25],[-110.44,28.75],[-109.64,28.25],[-109.5,27.59],[-109.03,27.25],[-109.16,27.0],[-108.5,26.53],[-108.58,26.25],[-107.17,24.25],[-105.5,22.34],[-105.5,21.25]]}},{"type":"Feature","properties":{"level":1008},"geometry":{"type":"LineString","coordinates":[[-164.75,23.72],[-165.5,24.05],[-166.5,24.04],[-167.43,25.75],[-167.22,26.25],[-167.42,26.75],[-167.27,27.75],[-167.58,28.75],[-167.26,29.25],[-167.04,30.75],[-166.26,32.0],[-162.75,35.06],[-161.5,35.32],[-160.75,35.85],[-158.5,35.68],[-157.91,34.75],[-157.44,33.0],[-157.6,30.75],[-158.0,29.15],[-160.0,26.25],[-160.46,24.5],[-160.75,24.17],[-161.5,24.43],[-162.75,24.35],[-164.75,23.72]]}},{"type":"Feature","properties":{"level":1008},"geometry":{"type":"LineString","coordinates":[[156.75,28.47],[155.67,29.25],[155.48,29.75],[155.59,31.0],[156.75,31.56],[158.25,31.39],[158.97,30.5],[158.94,29.5],[158.5,28.9],[157.75,28.44],[156.75,28.47]]}},{"type":"Feature","properties":{"level":1008},"geometry":{"type":"LineString","coordinates":[[90.25,30.69],[89.24,31.0],[89.75,31.11],[90.5,30.82],[90.25,30.69]]}},{"type":"Feature","properties":{"level":1008},"geometry":{"type":"LineString","coordinates":[[90.5,31.02],[90.3,31.25],[91.64,32.25],[92.75,32.32],[92.95,32.0],[93.04,31.5],[92.25,31.14],[91.52,31.25],[91.25,31.6],[90.5,31.02]]}},{"type":"Feature","properties":{"level":1008},"geometry":{"type":"LineString","coordinates":[[95.0,32.74],[92.75,32.97],[92.31,33.25],[92.1,33.75],[92.9,34.75],[92.64,35.0],[92.75,35.13],[93.5,35.56],[95.0,35.39],[97.0,35.61],[97.4,35.5],[97.31,35.25],[98.5,34.8],[99.02,34.25],[99.0,33.97],[98.5,34.26],[96.25,34.7],[96.0,34.39],[96.0,33.69],[95.0,33.93],[94.52,33.75],[95.14,33.0],[95.18,32.75],[95.0,32.74]]}},{"type":"Feature","properties":{"level":1008},"geometry":{"type":"LineString","coordinates":[[180.0,46.25],[178.0,45.69],[176.5,45.68],[173.75,45.98],[168.75,47.23],[161.5,47.76],[150.75,47.19],[149.0,47.48],[145.0,48.77],[143.25,49.1],[142.75,48.87],[142.0,49.85],[141.25,49.79],[140.75,50.03],[139.75,49.61],[138.75,51.09],[135.37,52.25],[134.88,53.25],[135.15,54.5],[134.4,55.0],[134.5,55.27],[134.17,55.5],[134.82,56.0],[134.95,57.0],[134.62,57.25],[134.7,57.75],[133.75,59.8],[132.05,61.75],[128.1,64.25],[128.5,64.57],[129.5,64.24],[134.5,63.98],[135.0,64.15],[135.5,63.63],[137.25,63.58],[140.75,64.42],[140.89,64.5],[140.37,65.0],[140.5,65.34],[141.0,65.47],[142.75,65.12],[143.5,65.28],[144.25,64.96],[145.75,65.38],[146.25,65.26],[147.0,65.61],[147.75,65.33],[149.08,65.5],[149.53,66.0],[149.51,66.75],[149.77,67.0],[151.75,68.32],[155.29,69.75],[156.29,70.5],[156.42,71.0],[155.9,71.5],[156.38,71.75],[156.67,73.0],[157.14,73.25],[156.38,73.5],[157.25,73.86],[157.19,74.75],[157.86,75.75],[158.87,76.5],[162.32,78.0],[162.9,78.75],[163.6,79.0],[168.25,79.18],[169.07,79.0],[170.25,78.17],[172.0,77.74],[180.0,77.43]]}},{"type":"Feature","properties":{"level":1008},"geometry":{"type":"LineString","coordinates":[[-70.75,46.96],[-71.25,47.52],[-72.5,47.82],[-73.25,47.49],[-74.5,47.52],[-76.75,48.16],[-79.5,47.79],[-79.75,47.5],[-80.75,47.82],[-82.5,47.94],[-82.84,48.5],[-87.54,51.25],[-88.5,52.08],[-90.25,52.42],[-91.64,53.0],[-91.77,53.25],[-91.31,53.5],[-91.32,53.75],[-91.81,54.25],[-92.06,55.0],[-93.76,56.75],[-94.05,57.5],[-93.82,58.25],[-92.75,59.22],[-90.5,59.84],[-84.5,60.15],[-80.0,60.66],[-77.0,59.82],[-66.75,55.67],[-64.63,54.25],[-64.4,53.25],[-65.5,51.44],[-66.62,50.25],[-65.99,49.75],[-65.9,49.25],[-66.75,49.1],[-68.86,48.0],[-69.11,47.5],[-70.75,46.96]]}},{"type":"Feature","properties":{"level":1008},"geometry":{"type":"LineString","coordinates":[[13.25,52.47],[12.75,53.0],[13.84,54.25],[14.05,55.0],[13.86,55.25],[14.51,56.5],[15.61,56.75],[15.57,57.0],[16.33,57.75],[15.5,58.02],[15.0,57.58],[12.0,57.23],[9.0,57.74],[8.75,58.25],[8.95,58.5],[10.5,59.34],[12.5,59.85],[15.0,60.13],[17.0,60.82],[17.5,61.29],[19.05,61.25],[20.13,60.5],[20.25,59.92],[20.79,59.75],[19.75,59.0],[19.76,58.75],[20.5,58.46],[21.75,58.39],[22.48,57.25],[22.55,56.25],[21.91,55.5],[21.33,54.25],[18.9,53.0],[16.0,52.31],[13.25,52.47]]}},{"type":"Feature","properties":{"level":1008},"geometry":{"type":"LineString","coordinates":[[135.73,52.5],[136.05,52.5],[135.73,52.5]]}},{"type":"Feature","properties":{"level":1008},"geometry":{"type":"LineString","coordinates":[[-44.5,52.99],[-46.75,53.37],[-53.72,55.25],[-56.0,56.25],[-58.7,58.0],[-59.71,59.5],[-59.86,61.25],[-58.72,64.5],[-58.44,66.75],[-59.25,71.75],[-59.93,72.75],[-61.1,73.5],[-67.25,75.11],[-68.5,75.59],[-68.87,76.0],[-66.25,76.34],[-62.25,76.2],[-59.25,75.78],[-58.25,75.54],[-58.22,75.25],[-57.01,74.75],[-55.61,73.25],[-55.86,72.75],[-55.09,72.25],[-54.25,71.99],[-51.75,71.92],[-50.75,72.32],[-48.25,72.41],[-47.54,72.25],[-48.75,71.75],[-47.25,71.41],[-44.73,71.5],[-44.44,71.75],[-45.32,72.25],[-42.71,73.25],[-38.75,73.58],[-38.62,73.25],[-39.25,72.28],[-41.75,71.27],[-42.91,70.5],[-43.8,68.25],[-43.7,67.25],[-44.89,66.25],[-44.5,65.23],[-43.66,65.0],[-43.62,65.25],[-44.32,65.75],[-43.92,66.5],[-40.75,67.5],[-37.25,67.3],[-36.25,66.95],[-34.25,66.8],[-28.75,67.43],[-23.0,67.06],[-20.12,66.0],[-19.82,65.25],[-19.25,65.03],[-19.17,64.75],[-20.16,64.5],[-17.86,64.5],[-19.04,63.5],[-18.0,63.18],[-17.0,62.54],[-14.25,59.0],[-14.19,58.25],[-15.0,57.84],[-21.0,56.97],[-22.75,56.33],[-25.75,55.68],[-30.75,55.14],[-35.25,53.91],[-38.25,53.41],[-42.25,52.92],[-44.5,52.99]]}},{"type":"Feature","properties":{"level":1008},"geometry":{"type":"LineString","coordinates":[[74.25,53.74],[70.66,54.25],[68.0,55.69],[64.75,56.89],[60.41,58.0],[56.2,59.75],[52.73,61.75],[48.0,63.39],[35.25,64.83],[29.5,66.04],[28.5,65.97],[28.5,66.28],[27.5,66.36],[26.5,66.13],[25.75,65.34],[25.0,65.04],[22.71,65.25],[22.02,65.75],[22.37,66.25],[22.15,66.5],[19.77,67.5],[19.25,68.25],[19.5,68.61],[20.11,68.75],[19.5,68.82],[18.82,69.25],[18.9,69.5],[16.5,69.93],[14.0,70.94],[9.5,73.23],[2.5,77.25],[-2.94,81.25],[-3.34,81.75],[-3.51,82.5],[-1.5,83.75],[2.5,84.64],[10.5,85.48],[21.5,86.08],[36.5,86.41],[52.5,86.44],[68.5,86.17],[85.25,85.56],[105.5,84.03],[128.5,81.2],[136.25,79.61],[144.42,77.5],[148.6,75.75],[148.81,75.5],[148.01,75.25],[148.41,75.0],[151.0,74.77],[151.43,74.5],[149.5,74.01],[147.56,72.75],[146.0,72.11],[142.25,71.06],[139.25,70.75],[131.0,70.99],[122.5,72.85],[110.75,74.04],[107.97,74.75],[108.93,75.5],[108.5,75.61],[105.0,75.81],[94.0,75.59],[87.51,74.5],[82.75,72.4],[81.12,71.25],[80.36,70.0],[80.32,69.0],[82.0,67.32],[84.0,65.93],[85.25,65.6],[89.0,65.38],[90.33,64.5],[90.45,64.0],[89.25,63.54],[87.25,63.24],[85.0,62.53],[84.74,62.25],[84.0,62.25],[83.49,61.75],[83.65,61.25],[82.45,59.5],[81.2,56.75],[80.63,56.0],[79.25,55.16],[76.5,54.02],[74.25,53.74]]}},{"type":"Feature","properties":{"level":1008},"geometry":{"type":"LineString","coordinates":[[-19.5,65.57],[-19.5,65.85],[-19.5,65.57]]}},{"type":"Feature","properties":{"level":1008},"geometry":{"type":"LineString","coordinates":[[-180.0,72.4],[-176.5,72.34],[-173.77,71.75],[-173.59,71.0],[-174.52,70.0],[-174.34,69.75],[-174.59,69.25],[-176.96,67.25],[-178.51,66.5],[-177.56,66.0],[-177.36,65.5],[-176.0,64.6],[-173.23,61.0],[-171.93,58.5],[-171.53,56.5],[-171.59,55.5],[-172.29,53.0],[-174.0,50.16],[-174.5,49.93],[-175.0,49.09],[-176.5,47.72],[-180.0,46.25]]}},{"type":"Feature","properties":{"level":1008},"geometry":{"type":"LineString","coordinates":[[180.0,75.57],[176.11,74.75],[175.71,74.25],[175.87,73.5],[175.31,73.0],[176.25,72.53],[180.0,72.4]]}},{"type":"Feature","properties":{"level":1008},"geometry":{"type":"LineString","coordinates":[[-180.0,77.43],[-178.0,77.03],[-177.48,76.5],[-178.25,75.96],[-180.0,75.57]]}},{"type":"Feature","properties":{"level":1008},"geometry":{"type":"LineString","coordinates":[[-108.25,77.47],[-109.48,77.75],[-109.94,78.0],[-109.96,78.25],[-109.38,78.75],[-107.25,78.99],[-105.25,78.83],[-103.98,78.25],[-104.12,78.0],[-105.52,77.5],[-108.25,77.47]]}},{"type":"Feature","properties":{"level":1012},"geometry":{"type":"LineString","coordinates":[[6.87,-88.5],[24.25,-88.45],[29.12,-88.25],[33.55,-87.75],[17.5,-86.43],[12.25,-86.24],[9.26,-86.5],[9.57,-86.75],[14.46,-87.25],[13.0,-87.57],[3.56,-88.25],[6.87,-88.5]]}},{"type":"Feature","properties":{"level":1012},"geometry":{"type":"LineString","coordinates":[[42.74,-88.0],[54.25,-88.19],[81.0,-87.92],[111.93,-86.5],[120.75,-85.57],[127.53,-84.25],[128.75,-83.5],[128.05,-82.75],[128.25,-82.62],[132.25,-81.25],[129.46,-80.5],[130.7,-79.75],[131.36,-79.0],[130.25,-78.43],[128.0,-77.83],[127.7,-77.0],[128.38,-76.75],[128.0,-76.5],[106.5,-78.13],[100.75,-78.29],[91.0,-79.57],[80.75,-79.81],[72.25,-80.83],[62.25,-80.39],[58.0,-79.92],[53.0,-78.81],[49.75,-77.23],[48.25,-76.79],[47.0,-76.75],[43.75,-77.6],[41.71,-79.0],[41.58,-80.0],[41.16,-80.75],[41.15,-81.25],[41.63,-82.0],[40.49,-83.0],[41.97,-84.5],[44.34,-85.25],[42.27,-85.75],[42.06,-86.0],[42.09,-86.25],[44.06,-86.75],[37.91,-87.5],[42.74,-88.0]]}},{"type":"Feature","properties":{"level":1012},"geometry":{"type":"LineString","coordinates":[[18.06,-75.0],[19.06,-75.0],[18.06,-75.0]]}},{"type":"Feature","properties":{"level":1012},"geometry":{"type":"LineString","coordinates":[[16.48,-74.75],[17.54,-74.75],[16.48,-74.75]]}},{"type":"Feature","properties":{"level":1012},"geometry":{"type":"LineString","coordinates":[[-180.0,-56.99],[-175.75,-56.22],[-167.5,-54.0],[-159.91,-51.0],[-158.25,-49.92],[-157.5,-49.06],[-156.5,-48.75],[-141.75,-46.55],[-136.25,-46.1],[-134.5,-45.64],[-132.0,-44.03],[-129.52,-41.25],[-128.63,-39.5],[-125.95,-37.5],[-121.75,-35.88],[-119.0,-35.67],[-117.0,-35.04],[-115.74,-34.0],[-115.12,-33.0],[-113.81,-31.75],[-113.0,-31.49],[-111.25,-29.81],[-110.75,-29.6],[-110.5,-29.11],[-109.75,-29.41],[-109.25,-29.27],[-108.5,-29.95],[-107.89,-30.0],[-107.25,-30.56],[-106.0,-30.8],[-104.84,-31.5],[-104.05,-34.0],[-103.5,-34.4],[-103.11,-35.5],[-103.13,-39.0],[-102.77,-39.75],[-102.53,-42.25],[-100.31,-46.75],[-98.7,-48.75],[-96.5,-50.92],[-91.57,-54.0],[-86.5,-56.13],[-80.25,-57.9],[-74.0,-59.04],[-66.25,-59.77],[-62.5,-59.51],[-56.5,-58.19],[-48.5,-54.97],[-45.5,-54.36],[-39.25,-53.65],[-35.25,-51.9],[-28.68,-49.75],[-26.5,-48.73],[-14.25,-44.28],[-10.86,-42.75],[-5.75,-41.06],[-4.5,-40.73],[-4.0,-40.82],[-3.25,-40.45],[-2.75,-40.55],[-1.5,-39.95],[-0.75,-39.9],[0.25,-39.46],[0.5,-38.88],[0.8,-38.75],[0.82,-37.75],[1.25,-36.73],[1.5,-36.53],[3.5,-36.4],[10.25,-36.89],[18.25,-39.1],[24.75,-41.48],[27.5,-43.47],[30.04,-45.75],[35.0,-48.8],[39.55,-52.25],[43.0,-54.15],[46.0,-55.37],[50.75,-55.92],[60.4,-54.75],[74.0,-51.62],[77.5,-50.37],[87.25,-47.57],[93.5,-45.29],[96.75,-43.82],[104.15,-39.75],[108.96,-36.0],[111.0,-35.0],[115.75,-33.49],[116.34,-33.0],[116.71,-32.0],[116.74,-30.5],[116.43,-29.25],[117.02,-28.75],[117.02,-28.5],[118.01,-28.25],[117.36,-27.0],[115.42,-25.5],[115.5,-25.32],[116.56,-25.5],[116.53,-24.25],[116.0,-23.4],[115.0,-22.93],[114.75,-22.0],[117.19,-19.75],[117.0,-17.96],[117.75,-18.55],[118.5,-18.72],[119.19,-18.25],[119.5,-17.51],[120.0,-17.54],[119.75,-14.94],[118.66,-14.25],[118.76,-13.5],[118.15,-12.75],[117.32,-12.25],[117.0,-11.61],[116.06,-11.25],[115.5,-10.62],[115.25,-10.62],[115.0,-11.06],[114.0,-10.31],[113.5,-10.55],[111.53,-9.5],[110.63,-8.5],[110.87,-8.25],[108.5,-7.69],[107.25,-8.04],[106.77,-7.75],[106.97,-7.5],[106.75,-7.28],[106.25,-7.41],[105.0,-6.66],[104.84,-6.5],[105.05,-5.75],[104.5,-4.97],[103.78,-4.75],[103.75,-4.19],[102.91,-3.75],[102.63,-3.0],[101.98,-2.25],[101.91,-1.75],[101.25,-1.33],[101.23,-1.0],[100.75,-0.5],[100.85,0.0],[99.58,1.25],[99.75,2.63],[100.25,2.6],[100.75,2.18],[101.25,2.51],[101.5,3.17],[102.07,2.75],[101.65,4.25],[101.87,5.5],[100.87,7.0],[101.38,7.25],[101.38,7.5],[100.01,8.25],[99.75,9.16],[99.42,9.0],[99.25,8.42],[98.94,8.5],[99.15,8.0],[99.0,7.7],[98.5,7.61],[97.85,8.0],[97.87,8.25],[97.34,8.25],[97.59,8.5],[97.41,9.0],[96.91,9.25],[98.45,10.0],[98.25,10.18],[97.75,10.09],[97.5,9.64],[96.99,9.75],[97.45,11.0],[96.62,11.75],[96.19,13.5],[95.25,15.42],[94.38,16.0],[95.12,18.25],[94.81,18.5],[94.83,19.0],[94.13,20.75],[94.25,21.55],[94.64,21.75],[94.74,22.5],[94.5,22.64],[94.25,22.47],[94.0,21.96],[93.95,22.75],[94.22,24.25],[95.75,26.1],[96.0,25.25],[94.7,23.75],[94.55,23.25],[95.0,22.91],[95.25,23.65],[95.64,23.5],[96.29,21.5],[96.09,20.0],[96.54,20.0],[96.49,19.5],[96.84,19.25],[96.66,18.75],[97.0,17.87],[97.25,17.85],[97.44,18.25],[97.19,19.0],[97.48,19.75],[98.09,19.25],[97.74,18.75],[98.07,18.25],[98.0,17.25],[98.25,16.92],[98.5,17.13],[98.68,17.0],[98.35,16.25],[98.5,16.02],[98.77,16.25],[98.8,15.5],[98.57,15.25],[98.75,14.97],[99.0,15.13],[99.0,14.66],[99.25,14.59],[99.6,15.25],[99.12,17.0],[99.71,17.75],[99.27,18.25],[99.5,18.54],[100.0,17.72],[100.75,18.47],[100.92,18.0],[100.39,17.5],[100.61,16.5],[101.48,16.0],[101.5,15.64],[101.52,16.0],[101.75,16.15],[102.0,15.99],[102.17,16.25],[101.97,16.5],[102.25,17.01],[102.75,16.93],[103.0,17.13],[104.25,16.14],[104.75,16.73],[105.96,16.0],[106.75,15.86],[107.01,15.25],[108.25,14.65],[107.96,15.5],[108.15,16.25],[107.53,17.5],[107.86,18.25],[108.53,18.75],[109.5,18.47],[110.0,19.03],[112.25,19.7],[113.75,19.47],[121.75,19.7],[124.84,21.25],[126.75,22.71],[128.74,23.25],[130.55,24.5],[136.0,25.21],[139.75,26.36],[142.0,26.29],[145.75,26.76],[148.5,27.85],[150.53,29.0],[153.75,32.25],[155.0,33.12],[156.5,33.61],[158.12,33.5],[159.25,32.87],[160.05,32.0],[160.68,30.75],[160.65,27.75],[160.36,26.5],[160.5,26.15],[161.5,25.95],[164.06,24.25],[165.0,24.17],[170.0,22.7],[170.75,22.19],[172.75,21.47],[176.0,21.36],[180.0,22.05]]}},{"type":"Feature","properties":{"level":1012},"geometry":{"type":"LineString","coordinates":[[163.75,-38.75],[162.5,-38.46],[161.69,-37.5],[161.73,-36.75],[162.5,-36.01],[164.25,-35.85],[165.0,-36.03],[165.58,-37.0],[165.75,-38.08],[165.25,-38.14],[164.25,-38.77],[163.75,-38.75]]}},{"type":"Feature","properties":{"level":1012},"geometry":{"type":"LineString","coordinates":[[168.75,-38.28],[167.16,-37.5],[166.75,-36.46],[167.75,-35.57],[169.25,-35.0],[169.25,-34.72],[170.5,-34.68],[171.0,-34.94],[170.99,-36.0],[169.86,-37.5],[168.75,-38.28]]}},{"type":"Feature","properties":{"level":1012},"geometry":{"type":"LineString","coordinates":[[139.25,-33.87],[139.25,-33.69],[139.25,-33.87]]}},{"type":"Feature","properties":{"level":1012},"geometry":{"type":"LineString","coordinates":[[142.42,-23.25],[142.5,-23.44],[142.79,-23.25],[142.5,-23.09],[142.42,-23.25]]}},{"type":"Feature","properties":{"level":1012},"geometry":{"type":"LineString","coordinates":[[17.0,-18.21],[16.85,-17.25],[17.25,-16.71],[17.35,-18.0],[17.0,-18.21]]}},{"type":"Feature","properties":{"level":1012},"geometry":{"type":"LineString","coordinates":[[139.32,-15.0],[139.63,-15.0],[139.32,-15.0]]}},{"type":"Feature","properties":{"level":1012},"geometry":{"type":"LineString","coordinates":[[-75.75,-14.35],[-75.75,-14.09],[-75.75,-14.35]]}},{"type":"Feature","properties":{"level":1012},"geometry":{"type":"LineString","coordinates":[[-76.5,-13.82],[-76.75,-13.5],[-76.5,-13.1],[-76.07,-13.75],[-76.25,-13.94],[-76.5,-13.82]]}},{"type":"Feature","properties":{"level":1012},"geometry":{"type":"LineString","coordinates":[[180.0,-12.97],[175.25,-13.35],[171.25,-14.2],[166.75,-14.53],[166.51,-14.75],[166.5,-15.71],[166.25,-15.75],[165.71,-15.5],[165.5,-14.84],[164.0,-14.37],[160.75,-14.94],[158.0,-14.49],[156.0,-15.01],[155.5,-14.81],[154.75,-14.93],[152.0,-13.62],[150.89,-13.5],[149.25,-12.47],[143.0,-11.16],[142.71,-11.75],[143.1,-12.5],[143.08,-14.0],[143.5,-14.57],[144.0,-14.37],[144.49,-14.75],[144.57,-16.0],[145.05,-17.25],[144.62,-18.25],[144.77,-18.75],[144.25,-19.0],[143.75,-18.8],[143.25,-19.0],[143.5,-20.0],[144.38,-20.25],[144.5,-20.69],[144.75,-20.52],[144.88,-20.75],[144.85,-21.5],[144.54,-22.0],[144.54,-23.0],[144.05,-24.0],[144.34,-25.0],[144.89,-25.5],[145.42,-26.5],[146.0,-26.68],[146.11,-27.0],[146.0,-27.25],[144.5,-27.2],[142.0,-27.78],[141.25,-27.75],[139.0,-29.45],[138.45,-30.5],[138.73,-33.0],[139.43,-35.25],[139.32,-37.5],[140.92,-41.75],[144.89,-47.75],[147.75,-50.25],[149.5,-51.42],[152.89,-53.25],[156.5,-54.7],[160.5,-55.97],[164.0,-56.74],[170.5,-57.49],[174.75,-57.47],[180.0,-56.99]]}},{"type":"Feature","properties":{"level":1012},"geometry":{"type":"LineString","coordinates":[[147.4,-9.0],[147.68,-9.0],[147.25,-7.81],[146.92,-7.75],[147.0,-7.24],[146.49,-7.5],[147.4,-9.0]]}},{"type":"Feature","properties":{"level":1012},"geometry":{"type":"LineString","coordinates":[[111.49,-8.25],[111.8,-8.25],[111.49,-8.25]]}},{"type":"Feature","properties":{"level":1012},"geometry":{"type":"LineString","coordinates":[[112.91,-8.25],[113.08,-8.25],[113.0,-7.88],[112.91,-8.25]]}},{"type":"Feature","properties":{"level":1012},"geometry":{"type":"LineString","coordinates":[[-37.75,-7.03],[-37.97,-7.0],[-37.75,-6.85],[-37.75,-7.03]]}},{"type":"Feature","properties":{"level":1012},"geometry":{"type":"LineString","coordinates":[[-36.75,-6.75],[-36.75,-6.4],[-36.75,-6.75]]}},{"type":"Feature","properties":{"level":1012},"geometry":{"type":"LineString","coordinates":[[143.84,-6.5],[144.0,-6.64],[144.29,-6.25],[144.78,-6.25],[145.33,-5.75],[145.0,-5.61],[144.25,-5.81],[143.75,-5.16],[143.25,-4.94],[142.94,-5.0],[142.75,-5.5],[142.17,-5.5],[142.5,-5.91],[143.84,-6.5]]}},{"type":"Feature","properties":{"level":1012},"geometry":{"type":"LineString","coordinates":[[147.18,-6.5],[147.5,-6.52],[147.62,-6.25],[146.5,-5.72],[145.95,-5.75],[147.18,-6.5]]}},{"type":"Feature","properties":{"level":1012},"geometry":{"type":"LineString","coordinates":[[-39.96,-5.5],[-39.5,-5.73],[-38.25,-5.1],[-37.61,-5.25],[-37.65,-5.0],[-38.25,-4.85],[-38.81,-4.5],[-38.75,-4.21],[-39.0,-4.25],[-39.13,-4.5],[-39.5,-4.39],[-40.1,-4.75],[-39.96,-5.5]]}},{"type":"Feature","properties":{"level":1012},"geometry":{"type":"LineString","coordinates":[[103.5,-5.59],[102.64,-5.25],[102.5,-4.59],[101.99,-4.0],[102.0,-3.61],[104.27,-5.5],[103.5,-5.59]]}},{"type":"Feature","properties":{"level":1012},"geometry":{"type":"LineString","coordinates":[[141.2,-5.25],[142.01,-5.25],[138.75,-3.79],[138.74,-3.5],[136.5,-3.46],[136.25,-3.87],[135.75,-3.77],[135.42,-4.0],[135.75,-4.32],[136.5,-4.14],[139.25,-4.54],[141.2,-5.25]]}},{"type":"Feature","properties":{"level":1012},"geometry":{"type":"LineString","coordinates":[[119.24,-2.75],[119.95,-2.75],[119.83,-2.5],[120.63,-2.25],[119.88,-2.0],[119.72,-2.5],[119.24,-2.75]]}},{"type":"Feature","properties":{"level":1012},"geometry":{"type":"LineString","coordinates":[[-144.04,-1.5],[-144.0,-1.66],[-144.04,-1.5]]}},{"type":"Feature","properties":{"level":1012},"geometry":{"type":"LineString","coordinates":[[-143.32,-1.5],[-143.25,-1.72],[-143.04,-1.5],[-143.32,-1.5]]}},{"type":"Feature","properties":{"level":1012},"geometry":{"type":"LineString","coordinates":[[-143.02,-1.25],[-142.75,-0.73],[-143.0,-0.71],[-143.16,-1.0],[-143.02,-1.25]]}},{"type":"Feature","properties":{"level":1012},"geometry":{"type":"LineString","coordinates":[[115.23,3.5],[115.83,3.5],[115.77,4.0],[116.0,4.26],[115.75,4.78],[115.5,4.69],[115.23,3.5]]}},{"type":"Feature","properties":{"level":1012},"geometry":{"type":"LineString","coordinates":[[28.5,7.85],[28.09,9.25],[27.25,9.23],[26.88,9.5],[26.92,9.75],[28.5,9.76],[29.03,10.5],[29.5,10.69],[29.57,11.25],[30.0,11.56],[30.25,10.71],[30.72,11.0],[30.69,11.25],[30.25,11.97],[30.0,11.96],[29.0,13.14],[28.5,12.85],[28.15,12.25],[28.41,11.0],[27.95,10.75],[27.55,11.5],[28.12,12.5],[27.91,12.75],[28.1,13.25],[27.5,13.39],[27.25,13.12],[27.05,13.5],[27.5,13.57],[27.74,14.0],[28.78,14.5],[28.95,15.0],[29.5,14.95],[29.85,15.5],[29.5,16.11],[30.75,16.11],[30.5,16.77],[30.08,17.0],[30.5,17.24],[31.0,16.94],[30.65,17.75],[31.75,18.9],[32.25,18.82],[32.75,18.23],[33.5,18.97],[34.0,18.99],[34.1,18.5],[34.55,18.0],[35.0,17.83],[35.75,17.96],[36.17,17.0],[36.75,17.1],[36.67,15.75],[37.05,15.25],[36.52,14.25],[36.0,13.85],[35.5,13.84],[35.82,12.75],[35.0,12.26],[34.25,12.62],[33.0,12.56],[32.75,11.79],[32.38,12.0],[32.5,11.69],[33.0,11.66],[33.0,11.17],[32.5,11.1],[31.64,11.5],[31.38,11.0],[31.5,10.72],[30.82,10.5],[30.44,9.75],[31.0,9.26],[31.75,9.31],[32.04,9.5],[32.04,10.0],[33.25,10.65],[34.25,10.67],[34.25,10.12],[34.0,9.86],[33.0,9.76],[32.78,9.0],[31.37,8.0],[30.5,8.18],[28.5,7.85]]}},{"type":"Feature","properties":{"level":1012},"geometry":{"type":"LineString","coordinates":[[-82.77,8.75],[-82.26,8.75],[-83.75,10.09],[-84.75,10.32],[-84.0,9.44],[-82.77,8.75]]}},{"type":"Feature","properties":{"level":1012},"geometry":{"type":"LineString","coordinates":[[98.12,8.75],[98.5,8.58],[98.9,8.75],[98.75,10.03],[98.12,8.75]]}},{"type":"Feature","properties":{"level":1012},"geometry":{"type":"LineString","coordinates":[[13.0,9.15],[12.97,9.5],[13.2,9.5],[13.0,9.15]]}},{"type":"Feature","properties":{"level":1012},"geometry":{"type":"LineString","coordinates":[[-73.1,9.75],[-73.0,9.56],[-72.58,10.25],[-72.75,10.72],[-73.09,10.5],[-73.1,9.75]]}},{"type":"Feature","properties":{"level":1012},"geometry":{"type":"LineString","coordinates":[[14.0,9.83],[14.04,10.75],[13.75,11.3],[11.18,13.0],[11.06,13.25],[11.9,13.75],[11.34,14.0],[11.41,14.5],[12.25,14.83],[15.5,14.45],[17.0,15.41],[18.25,15.32],[19.75,14.68],[20.75,15.08],[21.2,14.75],[21.12,14.0],[22.05,12.75],[21.42,12.5],[21.5,11.94],[19.75,10.95],[18.25,11.74],[16.0,12.16],[15.91,11.75],[16.25,11.35],[17.42,11.0],[17.55,10.75],[17.36,10.5],[16.25,10.39],[15.25,9.93],[15.3,10.25],[15.0,10.47],[14.5,10.38],[14.13,10.25],[14.0,9.83]]}},{"type":"Feature","properties":{"level":1012},"geometry":{"type":"LineString","coordinates":[[31.75,10.2],[31.75,10.51],[31.75,10.2]]}},{"type":"Feature","properties":{"level":1012},"geometry":{"type":"LineString","coordinates":[[-3.0,10.74],[-3.5,11.3],[-5.0,11.25],[-7.0,12.17],[-7.38,12.5],[-7.32,12.75],[-7.75,12.87],[-8.0,13.53],[-10.75,13.15],[-11.5,14.24],[-13.75,14.09],[-13.91,14.25],[-13.75,14.76],[-14.5,14.88],[-15.25,14.69],[-16.31,16.0],[-15.25,16.65],[-15.0,17.32],[-13.5,17.94],[-12.5,18.12],[-12.24,17.5],[-11.75,17.29],[-10.5,18.27],[-10.0,18.15],[-9.5,18.54],[-6.0,18.74],[-4.25,19.8],[-2.25,20.46],[-1.5,20.04],[-1.0,20.25],[-0.5,19.69],[0.5,20.05],[0.89,18.75],[1.71,17.75],[1.75,16.98],[2.5,17.17],[2.95,17.0],[5.0,17.94],[6.43,17.75],[6.52,17.5],[5.75,16.89],[5.5,16.25],[4.94,16.0],[5.12,15.25],[5.56,15.0],[5.51,14.5],[4.5,13.75],[4.0,12.63],[3.25,11.91],[2.75,12.0],[2.25,12.43],[1.5,12.05],[0.5,12.09],[-0.25,12.47],[-0.25,12.89],[-0.75,13.0],[-1.89,12.25],[-1.5,11.71],[-2.0,11.8],[-2.75,10.77],[-3.0,10.74]]}},{"type":"Feature","properties":{"level":1012},"geometry":{"type":"LineString","coordinates":[[4.25,11.18],[4.0,11.6],[4.25,11.59],[4.25,11.18]]}},{"type":"Feature","properties":{"level":1012},"geometry":{"type":"LineString","coordinates":[[1.5,11.44],[1.5,11.89],[1.69,11.5],[1.5,11.44]]}},{"type":"Feature","properties":{"level":1012},"geometry":{"type":"LineString","coordinates":[[-0.75,11.64],[-0.92,11.75],[-0.75,11.85],[-0.75,11.64]]}},{"type":"Feature","properties":{"level":1012},"geometry":{"type":"LineString","coordinates":[[27.0,12.17],[26.78,12.25],[27.0,12.17]]}},{"type":"Feature","properties":{"level":1012},"geometry":{"type":"LineString","coordinates":[[99.31,12.5],[99.5,12.37],[99.6,13.25],[98.84,14.0],[98.57,14.0],[99.31,12.5]]}},{"type":"Feature","properties":{"level":1012},"geometry":{"type":"LineString","coordinates":[[-10.25,12.93],[-10.25,13.23],[-10.25,12.93]]}},{"type":"Feature","properties":{"level":1012},"geometry":{"type":"LineString","coordinates":[[8.75,12.88],[7.02,14.0],[6.25,14.05],[6.07,14.5],[6.75,14.77],[8.16,14.0],[8.25,13.47],[9.33,13.5],[9.36,13.0],[8.75,12.88]]}},{"type":"Feature","properties":{"level":1012},"geometry":{"type":"LineString","coordinates":[[10.5,12.84],[10.28,13.0],[10.79,13.0],[10.5,12.84]]}},{"type":"Feature","properties":{"level":1012},"geometry":{"type":"LineString","coordinates":[[-88.2,14.0],[-87.0,13.8],[-86.5,14.08],[-86.52,14.75],[-85.85,15.0],[-86.0,15.25],[-87.0,15.13],[-87.0,14.45],[-88.5,14.77],[-89.44,14.5],[-88.2,14.0]]}},{"type":"Feature","properties":{"level":1012},"geometry":{"type":"LineString","coordinates":[[-90.36,14.25],[-90.0,14.18],[-89.78,14.5],[-90.13,15.5],[-90.5,15.3],[-91.7,16.25],[-91.75,16.6],[-92.86,17.0],[-92.88,16.75],[-91.83,16.0],[-92.0,15.64],[-92.76,15.75],[-92.7,15.5],[-91.75,14.71],[-90.36,14.25]]}},{"type":"Feature","properties":{"level":1012},"geometry":{"type":"LineString","coordinates":[[101.88,14.25],[102.62,14.25],[101.5,15.1],[101.18,14.5],[101.88,14.25]]}},{"type":"Feature","properties":{"level":1012},"geometry":{"type":"LineString","coordinates":[[8.25,14.44],[8.25,14.75],[8.41,14.5],[8.25,14.44]]}},{"type":"Feature","properties":{"level":1012},"geometry":{"type":"LineString","coordinates":[[8.0,14.7],[8.25,14.75],[8.0,14.7]]}},{"type":"Feature","properties":{"level":1012},"geometry":{"type":"LineString","coordinates":[[7.25,14.96],[7.66,15.0],[7.25,14.96]]}},{"type":"Feature","properties":{"level":1012},"geometry":{"type":"LineString","coordinates":[[37.5,15.43],[37.33,16.0],[37.5,16.21],[37.75,15.5],[37.5,15.43]]}},{"type":"Feature","properties":{"level":1012},"geometry":{"type":"LineString","coordinates":[[101.25,16.31],[101.25,17.06],[101.25,16.31]]}},{"type":"Feature","properties":{"level":1012},"geometry":{"type":"LineString","coordinates":[[120.66,16.5],[121.0,16.43],[121.22,17.0],[121.35,18.25],[121.0,18.61],[121.08,17.75],[120.66,16.5]]}},{"type":"Feature","properties":{"level":1012},"geometry":{"type":"LineString","coordinates":[[104.75,16.76],[104.5,17.53],[103.55,18.25],[103.5,19.04],[105.14,17.25],[105.0,16.81],[104.75,16.76]]}},{"type":"Feature","properties":{"level":1012},"geometry":{"type":"LineString","coordinates":[[37.5,17.3],[37.34,17.5],[37.5,17.77],[37.5,17.3]]}},{"type":"Feature","properties":{"level":1012},"geometry":{"type":"LineString","coordinates":[[101.5,17.69],[101.18,18.0],[101.24,18.25],[101.5,18.47],[101.75,18.16],[102.25,18.88],[102.75,19.15],[102.87,19.0],[102.5,18.22],[101.5,17.69]]}},{"type":"Feature","properties":{"level":1012},"geometry":{"type":"LineString","coordinates":[[-76.83,18.0],[-76.35,18.0],[-76.83,18.0]]}},{"type":"Feature","properties":{"level":1012},"geometry":{"type":"LineString","coordinates":[[-71.58,18.0],[-71.25,17.89],[-71.0,18.34],[-70.25,18.35],[-70.0,18.79],[-69.45,19.0],[-70.25,19.61],[-71.75,19.38],[-72.81,19.75],[-72.4,19.25],[-72.63,19.0],[-72.37,18.75],[-72.5,18.41],[-71.58,18.0]]}},{"type":"Feature","properties":{"level":1012},"geometry":{"type":"LineString","coordinates":[[-74.08,18.25],[-73.78,18.5],[-74.25,18.56],[-74.08,18.25]]}},{"type":"Feature","properties":{"level":1012},"geometry":{"type":"LineString","coordinates":[[-72.9,18.25],[-72.64,18.25],[-72.9,18.25]]}},{"type":"Feature","properties":{"level":1012},"geometry":{"type":"LineString","coordinates":[[-66.96,18.25],[-66.25,18.08],[-65.95,18.25],[-66.96,18.25]]}},{"type":"Feature","properties":{"level":1012},"geometry":{"type":"LineString","coordinates":[[95.94,18.25],[96.0,18.04],[96.0,18.66],[95.94,18.25]]}},{"type":"Feature","properties":{"level":1012},"geometry":{"type":"LineString","coordinates":[[94.5,18.38],[94.5,18.72],[94.67,18.5],[94.5,18.38]]}},{"type":"Feature","properties":{"level":1012},"geometry":{"type":"LineString","coordinates":[[99.0,18.47],[98.49,19.0],[99.0,19.57],[99.23,19.5],[99.0,18.47]]}},{"type":"Feature","properties":{"level":1012},"geometry":{"type":"LineString","coordinates":[[94.25,18.74],[93.77,19.0],[93.65,20.0],[93.0,20.21],[92.38,21.0],[92.27,21.25],[92.75,21.61],[93.25,21.06],[93.25,20.44],[94.0,20.18],[94.25,18.74]]}},{"type":"Feature","properties":{"level":1012},"geometry":{"type":"LineString","coordinates":[[100.0,19.2],[99.74,19.75],[99.88,20.0],[99.58,20.25],[100.19,21.25],[99.59,21.5],[100.0,21.83],[100.5,21.34],[100.75,22.36],[101.0,22.07],[101.25,22.24],[101.34,21.25],[101.25,21.5],[100.94,21.5],[100.69,20.25],[100.08,19.75],[100.27,19.25],[100.0,19.2]]}},{"type":"Feature","properties":{"level":1012},"geometry":{"type":"LineString","coordinates":[[101.75,19.18],[101.65,19.5],[102.4,20.5],[102.15,21.0],[102.25,21.14],[102.5,20.87],[102.75,21.09],[102.53,19.75],[101.75,19.18]]}},{"type":"Feature","properties":{"level":1012},"geometry":{"type":"LineString","coordinates":[[-77.25,20.0],[-76.5,19.86],[-76.19,20.25],[-76.5,20.39],[-77.25,20.0]]}},{"type":"Feature","properties":{"level":1012},"geometry":{"type":"LineString","coordinates":[[-75.82,20.25],[-75.5,20.03],[-74.46,20.25],[-75.0,20.61],[-75.75,20.55],[-75.82,20.25]]}},{"type":"Feature","properties":{"level":1012},"geometry":{"type":"LineString","coordinates":[[101.25,20.01],[101.14,20.25],[101.5,21.19],[102.09,20.75],[101.25,20.01]]}},{"type":"Feature","properties":{"level":1012},"geometry":{"type":"LineString","coordinates":[[99.25,20.37],[98.3,20.75],[98.61,21.5],[99.0,21.53],[98.92,21.25],[99.3,21.25],[99.1,20.75],[99.25,20.37]]}},{"type":"Feature","properties":{"level":1012},"geometry":{"type":"LineString","coordinates":[[95.34,20.75],[95.54,20.75],[95.43,21.0],[95.09,21.0],[95.34,20.75]]}},{"type":"Feature","properties":{"level":1012},"geometry":{"type":"LineString","coordinates":[[-80.28,22.0],[-79.82,22.0],[-80.0,22.17],[-80.28,22.0]]}},{"type":"Feature","properties":{"level":1012},"geometry":{"type":"LineString","coordinates":[[-180.0,22.05],[-177.5,22.31],[-175.5,23.49],[-174.5,23.82],[-173.5,24.47],[-173.56,24.75],[-173.25,24.99],[-172.75,25.13],[-172.71,25.75],[-171.41,27.0],[-170.53,28.25],[-169.55,30.75],[-168.89,31.75],[-167.63,33.25],[-165.5,34.99],[-163.25,36.29],[-160.75,36.91],[-160.5,37.26],[-160.0,37.15],[-158.0,37.91],[-156.75,37.87],[-156.06,37.5],[-155.67,36.75],[-155.03,34.25],[-154.83,31.5],[-155.5,22.0],[-154.79,20.25],[-155.0,19.82],[-155.25,20.15],[-155.75,20.2],[-156.11,19.75],[-155.75,18.86],[-154.75,18.64],[-153.31,16.75],[-151.5,15.12],[-149.0,14.4],[-148.0,14.48],[-145.25,15.35],[-143.0,14.8],[-140.75,14.57],[-139.0,14.69],[-136.75,15.39],[-135.0,15.55],[-133.25,16.38],[-132.75,16.95],[-133.0,18.7],[-132.75,18.91],[-132.22,20.75],[-130.25,24.24],[-127.0,27.38],[-124.05,29.5],[-123.12,31.0],[-122.86,34.25],[-123.5,34.6],[-123.75,35.16],[-123.64,37.5],[-124.34,39.75],[-124.0,39.9],[-123.92,39.25],[-123.25,38.66],[-122.54,38.75],[-122.68,40.25],[-122.25,40.73],[-122.0,40.66],[-121.82,40.0],[-120.67,38.25],[-118.95,36.5],[-118.63,35.25],[-118.75,35.01],[-120.0,35.18],[-120.05,35.0],[-119.5,34.48],[-119.0,34.44],[-118.4,34.75],[-117.75,35.91],[-117.4,36.0],[-117.47,36.75],[-117.25,37.0],[-116.25,36.82],[-115.5,36.95],[-115.46,36.5],[-115.75,36.7],[-116.01,36.5],[-115.5,35.88],[-115.09,36.5],[-115.06,36.75],[-115.46,37.0],[-115.25,37.23],[-113.37,37.0],[-113.88,36.75],[-113.77,35.0],[-112.64,34.25],[-112.0,34.24],[-111.18,33.75],[-110.62,33.0],[-110.85,32.5],[-110.65,32.0],[-111.01,31.5],[-110.95,31.25],[-110.5,30.42],[-110.0,30.06],[-109.75,30.24],[-109.25,30.03],[-109.0,29.75],[-109.0,28.04],[-108.56,28.0],[-108.36,27.25],[-107.7,27.0],[-107.76,26.5],[-107.25,26.02],[-107.13,25.5],[-106.23,24.75],[-105.75,23.53],[-104.96,23.0],[-104.75,22.23],[-104.5,22.63],[-104.25,22.33],[-104.0,23.04],[-103.5,22.82],[-103.25,22.27],[-103.0,22.71],[-102.8,22.5],[-103.0,22.0],[-102.75,21.48],[-102.25,21.65],[-102.0,21.25],[-102.59,20.75],[-102.14,20.25],[-102.5,20.07],[-103.25,20.13],[-103.5,20.56],[-104.75,20.78],[-105.0,20.45],[-104.5,19.9],[-104.0,20.47],[-103.85,19.75],[-104.0,19.48],[-102.75,19.69],[-102.25,19.27],[-101.5,19.12],[-100.5,19.34],[-99.75,18.45],[-99.25,18.85],[-97.92,18.75],[-97.8,17.75],[-98.5,17.46],[-98.75,17.67],[-101.27,18.0],[-101.0,17.65],[-100.0,17.25],[-99.25,17.39],[-98.75,17.08],[-98.0,17.04],[-96.5,15.96],[-95.88,16.25],[-96.17,16.5],[-95.75,17.0],[-96.79,18.25],[-96.94,18.75],[-96.72,19.75],[-97.75,20.2],[-99.24,21.75],[-99.09,23.75],[-100.35,25.75],[-100.24,26.25],[-101.0,26.48],[-100.75,27.01],[-101.63,27.0],[-101.34,27.5],[-101.5,28.01],[-101.25,28.18],[-100.62,28.0],[-100.94,28.5],[-100.79,28.75],[-99.5,28.63],[-98.0,28.89],[-97.25,29.58],[-96.0,30.13],[-95.25,29.88],[-93.75,30.06],[-91.75,29.87],[-88.25,29.24],[-83.0,29.57],[-80.25,31.35],[-79.75,31.43],[-79.5,31.9],[-78.5,31.8],[-77.5,32.67],[-76.25,32.85],[-75.75,33.15],[-74.75,33.16],[-74.25,32.89],[-73.75,33.02],[-73.0,32.53],[-70.5,32.29],[-69.89,32.0],[-70.43,30.75],[-72.28,29.0],[-73.48,27.25],[-73.34,24.75],[-72.75,23.11],[-72.25,22.7],[-71.5,22.63],[-69.75,21.31],[-68.5,21.05],[-67.75,21.32],[-67.5,21.03],[-66.78,21.0],[-65.81,20.0],[-65.22,19.75],[-64.0,18.4],[-63.5,18.61],[-61.25,17.01],[-58.5,16.75],[-56.75,16.15],[-56.25,16.44],[-55.5,16.17],[-54.5,16.4],[-53.5,15.82],[-52.5,15.89],[-51.5,15.47],[-51.0,15.62],[-50.76,15.25],[-49.75,15.11],[-48.5,14.45],[-48.0,14.94],[-47.75,14.62],[-46.75,14.68],[-46.25,13.8],[-45.5,13.31],[-44.0,13.56],[-42.25,13.24],[-41.5,13.8],[-40.25,13.27],[-39.0,13.08],[-37.5,13.34],[-36.25,12.99],[-35.0,13.09],[-33.75,12.87],[-33.25,13.35],[-32.5,13.3],[-32.0,13.58],[-31.75,13.35],[-29.75,13.46],[-29.5,13.24],[-28.0,13.74],[-27.5,13.49],[-25.0,13.66],[-24.5,14.24],[-23.75,14.29],[-22.75,13.95],[-22.25,14.08],[-21.69,14.75],[-20.75,14.96],[-20.5,14.82],[-20.0,15.16],[-18.5,14.66],[-17.5,14.73],[-17.0,14.27],[-16.75,14.34],[-17.02,13.75],[-16.72,12.25],[-15.0,10.85],[-14.5,10.77],[-14.25,10.25],[-13.79,10.25],[-13.73,9.75],[-14.25,8.4],[-15.25,8.35],[-15.48,8.0],[-16.14,7.75],[-15.59,7.0],[-16.5,5.62],[-17.5,6.39],[-18.0,6.46],[-19.14,5.0],[-20.33,4.75],[-21.0,3.92],[-22.0,3.68],[-23.04,4.0],[-23.33,2.75],[-22.44,2.25],[-22.52,2.0],[-23.5,1.16],[-24.5,1.99],[-25.25,1.82],[-25.65,0.75],[-26.23,0.25],[-26.25,-0.43],[-27.18,-1.75],[-28.5,-1.87],[-29.25,-1.7],[-30.0,-2.08],[-30.5,-2.02],[-32.25,-3.66],[-33.25,-3.4],[-33.75,-4.5],[-34.75,-4.84],[-35.25,-5.32],[-36.0,-5.36],[-36.5,-6.23],[-36.75,-6.02],[-38.5,-5.77],[-38.74,-6.5],[-38.1,-6.75],[-39.0,-7.01],[-39.25,-6.6],[-39.7,-6.5],[-38.98,-6.0],[-39.25,-5.75],[-39.75,-5.76],[-40.0,-6.58],[-40.5,-6.32],[-40.47,-6.0],[-40.75,-5.82],[-40.8,-6.5],[-40.42,-7.0],[-40.64,-8.0],[-41.27,-9.0],[-41.07,-9.75],[-41.75,-10.8],[-42.5,-11.0],[-42.71,-11.5],[-42.89,-13.5],[-42.68,-14.0],[-43.09,-14.5],[-43.0,-15.62],[-43.5,-16.17],[-43.75,-16.13],[-44.0,-15.64],[-44.27,-16.0],[-44.19,-17.25],[-44.41,-17.75],[-44.05,-18.25],[-44.14,-18.75],[-45.25,-19.06],[-46.0,-18.17],[-47.75,-18.8],[-47.99,-19.25],[-47.45,-20.0],[-47.58,-21.25],[-48.25,-22.37],[-49.5,-22.94],[-50.0,-23.49],[-50.5,-23.37],[-50.92,-23.75],[-50.89,-24.25],[-51.74,-25.0],[-51.56,-25.5],[-51.97,-26.25],[-51.15,-27.0],[-51.0,-27.85],[-50.55,-28.5],[-49.75,-28.56],[-49.25,-28.07],[-48.25,-28.51],[-48.08,-29.0],[-48.83,-29.25],[-48.54,-31.25],[-48.71,-32.0],[-49.25,-32.06],[-49.25,-32.5],[-49.66,-33.0],[-49.61,-33.25],[-50.07,-33.5],[-50.36,-34.5],[-51.41,-35.25],[-51.5,-35.63],[-52.0,-35.61],[-53.0,-36.64],[-54.25,-37.11],[-56.0,-36.85],[-57.75,-36.22],[-58.75,-35.6],[-59.35,-35.0],[-59.31,-34.5],[-60.71,-33.25],[-60.86,-32.75],[-61.86,-32.0],[-61.69,-31.5],[-62.23,-31.0],[-62.32,-30.5],[-63.5,-29.56],[-64.4,-29.75],[-64.17,-29.0],[-64.4,-28.25],[-65.25,-27.82],[-65.5,-27.43],[-64.88,-26.5],[-65.0,-26.2],[-65.25,-26.41],[-65.25,-25.65],[-65.54,-25.75],[-65.98,-26.75],[-66.23,-26.5],[-65.94,-26.25],[-66.41,-25.75],[-66.39,-25.25],[-66.0,-24.73],[-65.75,-25.14],[-65.4,-23.75],[-64.91,-23.25],[-65.0,-21.44],[-65.5,-22.64],[-65.94,-22.25],[-65.5,-21.25],[-65.81,-20.25],[-65.53,-19.5],[-65.64,-18.75],[-66.0,-18.5],[-66.4,-17.5],[-66.0,-17.48],[-65.75,-17.82],[-65.09,-17.5],[-66.25,-16.67],[-67.75,-16.17],[-68.54,-15.25],[-68.93,-14.25],[-71.5,-13.05],[-72.0,-12.24],[-73.29,-12.75],[-73.29,-12.25],[-73.75,-11.44],[-74.0,-12.4],[-74.45,-11.5],[-75.12,-11.0],[-75.75,-9.43],[-76.25,-9.24],[-77.21,-7.25],[-77.05,-6.25],[-77.63,-5.5],[-78.25,-5.42],[-78.5,-6.12],[-79.04,-6.0],[-79.0,-5.13],[-78.75,-4.88],[-78.82,-3.75],[-78.06,-2.25],[-77.92,-1.0],[-77.47,-0.5],[-77.51,0.25],[-76.5,1.29],[-75.25,2.01],[-74.62,2.75],[-74.52,3.25],[-74.0,3.55],[-73.25,4.84],[-72.46,5.5],[-71.84,6.5],[-72.21,7.0],[-72.17,7.75],[-71.0,8.16],[-69.5,9.87],[-70.25,9.81],[-71.59,8.5],[-72.13,8.25],[-72.33,7.75],[-72.54,7.75],[-73.25,8.78],[-73.41,8.25],[-73.25,6.88],[-74.06,6.0],[-74.88,3.25],[-75.75,2.22],[-75.5,3.67],[-74.94,5.0],[-74.8,6.75],[-75.75,7.56],[-76.25,7.42],[-76.45,6.75],[-76.22,5.5],[-77.17,2.75],[-77.56,2.5],[-77.61,1.75],[-78.89,0.5],[-79.18,-0.5],[-79.19,-2.25],[-79.66,-2.75],[-79.75,-3.8],[-80.18,-4.0],[-80.19,-5.0],[-78.89,-7.5],[-77.38,-11.25],[-77.5,-11.91],[-79.0,-11.83],[-81.5,-10.82],[-83.5,-9.07],[-84.25,-7.93],[-85.09,-7.5],[-88.0,-6.95],[-90.5,-6.96],[-92.0,-6.59],[-92.32,-6.0],[-93.25,-5.55],[-94.11,-4.75],[-94.61,-4.0],[-94.66,-3.5],[-95.44,-3.25],[-95.47,-2.5],[-95.75,-2.13],[-96.75,-1.82],[-100.5,-1.93],[-102.0,-1.26],[-103.0,-1.33],[-104.0,-1.73],[-105.24,-2.75],[-106.5,-3.29],[-107.25,-4.02],[-108.25,-4.12],[-109.25,-4.65],[-110.5,-4.93],[-111.75,-4.93],[-112.25,-4.42],[-113.0,-4.28],[-113.5,-4.41],[-113.75,-4.79],[-115.0,-4.81],[-115.75,-5.09],[-117.75,-4.24],[-118.75,-4.74],[-120.25,-4.36],[-121.75,-4.56],[-123.0,-4.35],[-124.75,-5.14],[-125.75,-4.79],[-127.5,-5.84],[-129.25,-5.41],[-131.0,-5.98],[-132.0,-5.73],[-132.63,-6.0],[-132.75,-6.28],[-134.0,-5.93],[-135.0,-6.57],[-136.75,-6.57],[-137.19,-7.0],[-137.75,-6.95],[-139.75,-8.25],[-141.5,-8.85],[-142.5,-8.75],[-143.75,-9.11],[-144.5,-9.04],[-145.04,-9.5],[-144.75,-9.6],[-144.58,-10.25],[-145.0,-10.36],[-145.3,-11.25],[-146.0,-11.53],[-146.5,-12.07],[-146.75,-12.09],[-147.0,-11.75],[-148.25,-11.83],[-150.5,-11.06],[-153.75,-11.25],[-154.75,-11.04],[-155.5,-11.24],[-157.25,-10.92],[-159.0,-11.3],[-160.25,-11.0],[-163.25,-11.24],[-166.0,-11.88],[-168.75,-11.88],[-173.0,-12.36],[-174.5,-12.23],[-180.0,-12.97]]}},{"type":"Feature","properties":{"level":1012},"geometry":{"type":"LineString","coordinates":[[-102.25,22.96],[-102.75,23.27],[-103.25,23.2],[-103.0,24.57],[-103.35,25.0],[-104.01,25.25],[-103.69,25.5],[-103.74,25.75],[-104.81,26.5],[-104.25,27.23],[-103.36,27.5],[-103.25,27.96],[-102.98,27.75],[-102.88,26.75],[-102.29,26.5],[-102.46,26.25],[-101.86,25.75],[-102.37,25.5],[-102.17,25.25],[-102.41,24.75],[-101.69,24.25],[-102.23,23.5],[-102.25,22.96]]}},{"type":"Feature","properties":{"level":1012},"geometry":{"type":"LineString","coordinates":[[96.25,23.21],[95.88,23.5],[96.1,24.0],[96.0,24.43],[96.25,24.29],[96.51,24.5],[96.88,25.25],[97.5,25.71],[97.72,25.5],[97.19,23.75],[96.75,23.11],[96.25,23.21]]}},{"type":"Feature","properties":{"level":1012},"geometry":{"type":"LineString","coordinates":[[129.5,24.17],[129.5,24.57],[129.69,24.5],[129.5,24.17]]}},{"type":"Feature","properties":{"level":1012},"geometry":{"type":"LineString","coordinates":[[-98.81,24.5],[-98.71,24.75],[-99.06,24.75],[-98.81,24.5]]}},{"type":"Feature","properties":{"level":1012},"geometry":{"type":"LineString","coordinates":[[68.25,26.13],[67.5,26.49],[67.4,26.75],[67.5,29.07],[67.75,29.62],[68.0,29.64],[68.75,28.66],[69.71,28.75],[70.4,30.25],[70.11,32.0],[70.5,33.05],[71.25,32.92],[71.67,33.25],[71.5,33.5],[72.0,33.65],[72.5,33.38],[73.0,33.5],[72.8,33.0],[72.25,32.88],[71.96,32.5],[73.22,32.75],[73.42,33.25],[73.75,33.25],[76.0,31.25],[76.34,30.25],[76.25,29.88],[72.25,29.23],[70.0,28.3],[69.0,27.5],[69.02,26.75],[68.65,26.25],[68.25,26.13]]}},{"type":"Feature","properties":{"level":1012},"geometry":{"type":"LineString","coordinates":[[96.5,26.46],[96.76,26.5],[96.5,26.46]]}},{"type":"Feature","properties":{"level":1012},"geometry":{"type":"LineString","coordinates":[[88.5,28.94],[87.56,29.25],[88.25,29.43],[89.72,29.25],[89.5,28.96],[88.5,28.94]]}},{"type":"Feature","properties":{"level":1012},"geometry":{"type":"LineString","coordinates":[[90.0,29.22],[89.8,29.25],[90.25,29.57],[90.5,29.28],[90.75,29.35],[91.07,30.0],[91.47,30.25],[91.01,30.25],[90.5,29.82],[90.34,30.0],[90.86,30.5],[90.5,30.57],[90.0,30.15],[89.5,30.33],[89.0,29.98],[88.07,30.75],[88.5,30.71],[91.49,32.5],[91.75,33.91],[91.25,33.89],[90.58,34.25],[90.58,34.5],[91.29,34.75],[91.38,35.25],[92.75,35.37],[93.75,35.76],[95.0,35.61],[96.25,35.89],[98.25,35.61],[98.96,36.25],[99.25,36.13],[99.25,36.57],[99.5,36.69],[100.62,36.5],[100.05,36.75],[100.25,37.31],[100.5,37.4],[101.06,36.25],[101.62,36.0],[101.13,35.0],[101.7,34.75],[101.25,34.6],[101.5,34.08],[101.09,34.0],[101.79,33.5],[101.25,33.29],[100.69,33.5],[101.13,32.25],[101.0,32.09],[100.5,32.77],[99.6,32.5],[100.34,32.25],[100.25,31.71],[99.75,32.07],[99.5,31.92],[98.75,32.18],[98.75,32.53],[98.32,32.5],[98.44,32.25],[98.05,32.0],[98.5,31.86],[98.98,31.0],[98.25,30.91],[98.25,31.46],[98.0,31.13],[97.75,31.48],[97.34,31.25],[97.5,30.7],[96.31,31.25],[96.04,31.75],[95.5,32.03],[94.5,32.01],[94.75,31.57],[95.0,31.8],[95.0,31.43],[94.5,31.14],[93.25,31.28],[91.53,30.25],[92.01,30.0],[91.9,29.75],[91.07,29.5],[91.88,29.25],[91.75,29.02],[90.0,29.22]]}},{"type":"Feature","properties":{"level":1012},"geometry":{"type":"LineString","coordinates":[[-115.82,31.5],[-116.0,32.48],[-116.25,32.59],[-116.36,32.25],[-115.82,31.5]]}},{"type":"Feature","properties":{"level":1012},"geometry":{"type":"LineString","coordinates":[[-79.02,31.5],[-78.63,31.5],[-79.02,31.5]]}},{"type":"Feature","properties":{"level":1012},"geometry":{"type":"LineString","coordinates":[[102.0,31.41],[101.75,31.72],[101.19,31.75],[101.9,32.0],[101.46,32.25],[101.32,32.5],[101.5,32.66],[102.16,32.0],[102.0,31.41]]}},{"type":"Feature","properties":{"level":1012},"geometry":{"type":"LineString","coordinates":[[87.0,31.73],[86.0,31.97],[85.83,32.25],[86.5,32.41],[87.64,32.0],[87.0,31.73]]}},{"type":"Feature","properties":{"level":1012},"geometry":{"type":"LineString","coordinates":[[88.75,32.47],[88.34,32.75],[88.52,33.0],[90.0,34.0],[90.38,33.75],[90.5,33.25],[88.75,32.47]]}},{"type":"Feature","properties":{"level":1012},"geometry":{"type":"LineString","coordinates":[[-116.62,32.75],[-116.39,32.75],[-116.61,33.75],[-116.5,34.27],[-118.25,34.53],[-118.19,34.25],[-117.1,34.0],[-116.62,32.75]]}},{"type":"Feature","properties":{"level":1012},"geometry":{"type":"LineString","coordinates":[[-68.5,32.88],[-68.75,33.32],[-68.25,33.63],[-67.78,33.5],[-68.0,33.06],[-68.5,32.88]]}},{"type":"Feature","properties":{"level":1012},"geometry":{"type":"LineString","coordinates":[[71.75,33.99],[71.64,34.25],[72.17,34.25],[71.75,33.99]]}},{"type":"Feature","properties":{"level":1012},"geometry":{"type":"LineString","coordinates":[[-121.94,37.25],[-121.5,37.15],[-121.42,37.5],[-121.75,37.59],[-121.94,37.25]]}},{"type":"Feature","properties":{"level":1012},"geometry":{"type":"LineString","coordinates":[[-124.5,41.09],[-124.67,41.5],[-124.5,41.64],[-124.23,41.5],[-124.5,41.09]]}},{"type":"Feature","properties":{"level":1012},"geometry":{"type":"LineString","coordinates":[[118.5,42.44],[118.32,43.0],[117.76,43.25],[117.71,44.0],[118.75,44.47],[119.5,45.19],[119.56,44.75],[119.12,44.0],[119.17,43.25],[119.5,42.86],[120.18,42.75],[118.5,42.44]]}},{"type":"Feature","properties":{"level":1012},"geometry":{"type":"LineString","coordinates":[[-79.25,43.49],[-80.75,44.45],[-82.0,43.95],[-84.25,44.81],[-85.77,45.0],[-86.42,45.5],[-86.27,46.0],[-86.42,46.25],[-87.42,46.5],[-88.4,47.25],[-89.6,48.5],[-90.0,49.28],[-94.21,51.5],[-93.95,52.25],[-94.53,54.0],[-95.54,55.0],[-96.35,56.25],[-98.22,60.0],[-99.59,61.5],[-101.56,63.0],[-101.0,63.36],[-100.5,62.87],[-100.1,63.25],[-101.18,64.25],[-98.5,64.51],[-96.0,64.23],[-93.0,63.33],[-86.0,63.07],[-77.75,63.25],[-72.0,63.97],[-71.25,63.71],[-70.58,63.0],[-69.18,62.25],[-68.77,61.75],[-68.78,61.25],[-68.5,60.81],[-67.0,60.34],[-65.25,60.75],[-64.5,61.2],[-63.71,62.0],[-63.37,63.0],[-63.59,63.75],[-65.96,65.5],[-66.11,66.0],[-65.0,65.38],[-64.5,65.58],[-64.0,65.46],[-62.64,66.0],[-61.75,66.77],[-63.92,68.0],[-64.86,69.25],[-65.85,69.75],[-66.37,70.75],[-69.0,72.19],[-75.76,73.75],[-81.99,74.25],[-81.0,74.76],[-80.22,74.75],[-80.34,75.0],[-79.79,75.25],[-80.0,75.56],[-81.75,75.86],[-83.12,75.75],[-80.43,75.25],[-81.5,74.82],[-83.25,75.37],[-84.75,75.54],[-87.5,75.26],[-88.6,75.0],[-87.75,74.43],[-86.75,74.25],[-89.0,73.68],[-91.5,74.07],[-94.25,74.02],[-94.85,74.5],[-93.95,75.0],[-94.41,75.5],[-97.0,76.3],[-98.5,76.53],[-105.75,76.14],[-111.5,76.52],[-116.48,77.75],[-117.67,78.5],[-117.8,79.0],[-117.64,79.25],[-116.8,79.75],[-115.16,80.25],[-110.0,81.05],[-98.75,81.78],[-92.5,81.68],[-89.7,81.0],[-90.0,80.72],[-91.0,80.8],[-91.57,80.5],[-88.25,79.6],[-87.55,79.25],[-87.85,78.75],[-85.23,79.0],[-83.5,79.81],[-82.76,79.5],[-82.88,79.25],[-82.25,78.88],[-80.75,79.1],[-79.0,78.88],[-78.43,78.25],[-79.5,78.05],[-79.56,77.75],[-80.0,77.57],[-80.5,77.42],[-82.25,77.72],[-82.88,77.5],[-82.93,77.25],[-82.0,76.92],[-80.25,77.09],[-79.5,76.49],[-77.75,76.68],[-75.33,78.0],[-73.0,78.39],[-69.5,77.77],[-67.5,77.8],[-67.98,77.5],[-67.0,76.97],[-60.0,76.44],[-57.44,75.75],[-55.75,74.86],[-55.12,74.5],[-54.5,73.6],[-52.25,72.26],[-51.25,73.09],[-47.25,73.76],[-43.25,73.66],[-37.75,74.4],[-32.5,74.05],[-31.77,73.75],[-33.75,72.93],[-36.0,72.78],[-36.88,72.0],[-37.0,71.38],[-39.3,70.5],[-39.7,70.0],[-38.21,69.25],[-38.58,69.0],[-38.5,68.76],[-37.68,68.25],[-37.38,67.75],[-36.0,67.37],[-35.25,67.73],[-32.75,67.98],[-32.18,68.25],[-32.0,68.92],[-31.25,69.04],[-31.1,69.0],[-31.25,68.75],[-30.75,68.48],[-30.0,68.81],[-29.75,68.55],[-29.5,68.88],[-29.0,68.49],[-23.0,68.38],[-20.25,67.89],[-17.5,67.06],[-16.28,66.25],[-17.08,65.0],[-16.39,64.5],[-16.73,64.0],[-15.5,63.69],[-13.9,62.75],[-11.8,57.75],[-12.0,56.93],[-13.0,56.58],[-19.25,55.87],[-24.75,54.53],[-26.0,53.99],[-27.0,54.02],[-28.25,53.42],[-29.0,53.6],[-35.25,52.23],[-40.0,51.6],[-44.5,51.82],[-47.0,52.19],[-56.5,54.63],[-59.0,55.0],[-59.7,54.25],[-59.34,53.75],[-60.75,52.75],[-60.73,52.25],[-61.27,51.75],[-61.78,50.0],[-62.25,49.3],[-62.75,49.04],[-63.25,48.25],[-66.16,46.25],[-66.38,45.75],[-67.24,45.0],[-68.75,44.18],[-70.0,43.88],[-70.75,43.96],[-71.46,44.5],[-71.5,44.77],[-72.5,44.16],[-73.5,44.15],[-74.75,44.53],[-75.75,44.36],[-77.25,43.69],[-79.25,43.49]]}},{"type":"Feature","properties":{"level":1012},"geometry":{"type":"LineString","coordinates":[[180.0,44.73],[178.25,43.74],[174.0,42.22],[174.0,42.57],[172.75,43.57],[170.25,44.65],[169.41,45.25],[165.0,46.13],[161.25,46.49],[158.0,46.49],[150.25,45.83],[148.0,46.12],[143.89,47.25],[142.5,47.17],[142.0,47.75],[138.75,47.65],[138.5,49.25],[138.25,49.46],[135.5,49.48],[134.36,50.0],[134.91,50.75],[134.49,51.25],[134.25,52.71],[133.47,53.0],[133.11,53.5],[130.5,54.88],[130.21,55.25],[130.75,55.52],[131.25,55.3],[132.77,55.5],[132.41,56.25],[131.93,56.5],[132.14,56.75],[132.07,57.75],[131.68,58.0],[132.05,58.25],[131.69,58.75],[130.49,59.25],[128.59,61.0],[127.34,61.75],[125.44,64.0],[125.5,64.44],[126.0,64.89],[127.07,65.25],[126.5,65.5],[127.32,66.25],[126.39,66.5],[128.25,66.64],[128.69,67.0],[128.5,67.22],[128.0,67.09],[127.63,67.25],[128.93,67.75],[128.75,68.5],[128.94,68.75],[128.67,69.0],[127.75,69.42],[126.5,69.59],[125.0,69.22],[123.29,69.75],[121.5,70.64],[119.25,71.15],[106.75,72.65],[97.0,72.93],[94.25,72.68],[90.75,72.02],[88.58,71.0],[88.05,70.5],[88.0,69.8],[88.32,69.75],[87.76,69.5],[88.09,69.0],[87.68,68.5],[89.74,68.25],[89.42,68.0],[89.5,67.65],[90.25,67.29],[91.75,67.27],[94.75,65.31],[95.06,65.0],[94.62,63.75],[94.93,62.75],[94.25,62.35],[93.99,61.75],[93.53,61.5],[93.0,61.54],[92.51,61.25],[88.5,60.32],[87.22,59.75],[85.25,57.92],[84.3,56.5],[82.5,54.85],[78.0,52.82],[74.25,52.05],[69.5,52.71],[60.5,56.04],[59.5,56.65],[56.38,57.5],[54.75,58.52],[52.24,59.5],[50.25,60.63],[46.75,61.69],[40.5,62.39],[32.75,62.65],[31.75,62.54],[28.75,61.27],[28.75,60.32],[27.31,59.25],[27.4,58.75],[27.01,58.0],[27.47,57.5],[25.87,55.75],[24.75,53.33],[24.25,53.09],[22.75,51.32],[21.77,50.75],[21.64,50.25],[20.25,49.8],[18.5,49.7],[15.25,50.52],[15.08,50.0],[14.25,49.67],[13.5,49.87],[12.0,49.77],[10.91,50.25],[10.71,51.5],[10.95,52.0],[10.51,54.25],[9.5,55.15],[7.5,55.79],[6.5,56.47],[5.68,57.25],[5.24,58.5],[5.5,59.26],[6.92,60.0],[8.64,61.5],[9.5,61.5],[9.75,61.83],[12.5,62.58],[12.77,62.5],[12.65,62.25],[13.5,62.17],[13.82,62.25],[13.75,62.53],[15.19,62.75],[15.51,63.0],[14.5,63.66],[14.75,64.0],[14.25,64.66],[12.75,65.18],[11.5,64.73],[9.61,65.0],[10.36,65.5],[10.35,65.75],[9.64,66.0],[9.31,66.5],[8.8,66.75],[9.07,68.25],[8.75,69.0],[7.8,69.75],[5.87,72.0],[2.0,74.51],[-3.5,77.37],[-13.0,81.32],[-13.05,81.5],[-12.53,81.75],[-12.75,81.88],[-20.55,84.0],[-21.19,84.5],[-20.75,85.0],[-19.61,85.5],[-16.0,86.08],[-8.98,86.75],[1.75,87.29],[30.0,87.84],[66.25,87.66],[83.25,87.28],[97.0,86.69],[113.25,85.45],[135.5,83.05],[141.25,82.79],[162.75,82.72],[180.0,81.26]]}},{"type":"Feature","properties":{"level":1012},"geometry":{"type":"LineString","coordinates":[[110.5,48.38],[110.31,48.75],[110.46,49.0],[110.21,49.25],[111.11,49.75],[110.82,50.0],[109.77,50.0],[110.22,51.0],[111.0,51.52],[112.0,51.47],[112.25,51.09],[112.76,51.25],[112.75,50.67],[113.29,50.5],[113.68,50.0],[113.25,49.33],[112.7,49.0],[111.69,49.0],[111.54,48.5],[111.25,48.63],[111.0,48.35],[110.5,48.38]]}},{"type":"Feature","properties":{"level":1012},"geometry":{"type":"LineString","coordinates":[[15.75,49.87],[15.53,50.0],[16.0,50.21],[16.0,49.82],[15.75,49.87]]}},{"type":"Feature","properties":{"level":1012},"geometry":{"type":"LineString","coordinates":[[-62.17,55.0],[-61.46,55.0],[-62.17,55.0]]}},{"type":"Feature","properties":{"level":1012},"geometry":{"type":"LineString","coordinates":[[-65.0,58.0],[-63.12,58.75],[-64.25,59.78],[-64.75,59.78],[-65.2,59.5],[-65.3,58.75],[-65.0,58.0]]}},{"type":"Feature","properties":{"level":1012},"geometry":{"type":"LineString","coordinates":[[-73.76,61.25],[-72.91,61.25],[-73.03,62.0],[-73.75,62.38],[-74.43,62.0],[-73.68,61.5],[-73.76,61.25]]}},{"type":"Feature","properties":{"level":1012},"geometry":{"type":"LineString","coordinates":[[-75.16,62.0],[-74.75,62.0],[-75.16,62.0]]}},{"type":"Feature","properties":{"level":1012},"geometry":{"type":"LineString","coordinates":[[135.7,64.5],[139.68,65.25],[138.74,65.75],[139.34,66.0],[139.32,66.5],[139.62,66.75],[138.65,67.5],[138.49,67.75],[138.67,68.0],[138.19,68.5],[138.25,68.79],[139.25,68.5],[139.75,68.63],[139.93,69.0],[139.5,69.49],[137.75,69.68],[136.75,69.54],[136.06,68.75],[136.97,68.25],[135.25,68.14],[134.53,67.75],[135.25,66.92],[136.25,66.83],[136.5,66.4],[136.25,65.92],[135.39,65.5],[135.7,64.5]]}},{"type":"Feature","properties":{"level":1012},"geometry":{"type":"LineString","coordinates":[[133.26,64.75],[133.75,64.57],[135.04,64.75],[134.25,65.21],[133.0,65.29],[132.88,65.0],[133.26,64.75]]}},{"type":"Feature","properties":{"level":1012},"geometry":{"type":"LineString","coordinates":[[-28.0,69.43],[-28.84,69.75],[-27.5,69.8],[-27.15,69.5],[-28.0,69.43]]}},{"type":"Feature","properties":{"level":1012},"geometry":{"type":"LineString","coordinates":[[-31.25,70.16],[-31.9,71.0],[-30.66,72.25],[-30.45,72.75],[-31.44,73.75],[-30.0,74.13],[-29.82,74.0],[-30.25,73.49],[-29.04,72.75],[-30.5,71.83],[-30.58,71.5],[-31.38,71.25],[-31.25,70.98],[-30.42,70.75],[-30.75,70.23],[-31.25,70.16]]}},{"type":"Feature","properties":{"level":1012},"geometry":{"type":"LineString","coordinates":[[-21.5,70.7],[-22.0,71.36],[-22.94,71.75],[-22.32,72.25],[-22.38,72.75],[-21.95,73.0],[-22.1,73.25],[-21.75,73.53],[-20.75,73.68],[-20.25,74.18],[-18.99,74.5],[-19.11,74.75],[-18.75,74.91],[-17.0,75.05],[-16.09,74.75],[-18.02,72.75],[-19.86,71.75],[-20.75,70.91],[-21.5,70.7]]}},{"type":"Feature","properties":{"level":1012},"geometry":{"type":"LineString","coordinates":[[-25.5,71.75],[-25.47,72.0],[-24.75,72.31],[-24.21,72.0],[-25.0,71.63],[-25.5,71.75]]}},{"type":"Feature","properties":{"level":1012},"geometry":{"type":"LineString","coordinates":[[-83.92,75.75],[-83.38,75.75],[-83.92,75.75]]}},{"type":"Feature","properties":{"level":1012},"geometry":{"type":"LineString","coordinates":[[-82.82,76.5],[-82.75,76.68],[-82.82,76.5]]}},{"type":"Feature","properties":{"level":1012},"geometry":{"type":"LineString","coordinates":[[-81.89,76.5],[-80.75,76.33],[-80.12,76.5],[-81.89,76.5]]}},{"type":"Feature","properties":{"level":1012},"geometry":{"type":"LineString","coordinates":[[-83.87,78.0],[-83.0,77.83],[-82.12,78.0],[-82.5,78.3],[-84.32,78.25],[-83.87,78.0]]}},{"type":"Feature","properties":{"level":1012},"geometry":{"type":"LineString","coordinates":[[-89.29,79.25],[-88.23,79.25],[-89.29,79.25]]}},{"type":"Feature","properties":{"level":1012},"geometry":{"type":"LineString","coordinates":[[-86.75,79.69],[-86.89,79.75],[-86.45,79.75],[-86.75,79.69]]}},{"type":"Feature","properties":{"level":1012},"geometry":{"type":"LineString","coordinates":[[-81.0,79.95],[-80.25,80.28],[-79.26,80.25],[-79.75,79.99],[-81.0,79.95]]}},{"type":"Feature","properties":{"level":1012},"geometry":{"type":"LineString","coordinates":[[-79.0,80.21],[-79.24,80.25],[-78.14,80.25],[-79.0,80.21]]}},{"type":"Feature","properties":{"level":1012},"geometry":{"type":"LineString","coordinates":[[-180.0,81.26],[-167.35,79.5],[-165.03,78.75],[-163.78,78.0],[-163.39,77.5],[-163.46,77.25],[-164.25,76.79],[-166.25,76.25],[-166.13,76.0],[-166.5,75.5],[-168.22,74.25],[-168.38,73.75],[-168.14,73.0],[-167.19,72.0],[-167.14,71.5],[-170.97,68.5],[-172.02,67.0],[-173.33,66.5],[-173.72,65.75],[-173.67,64.5],[-171.8,62.25],[-170.74,59.75],[-170.25,57.5],[-170.37,54.75],[-171.29,52.5],[-174.25,48.43],[-174.5,48.59],[-176.0,47.04],[-180.0,44.73]]}},{"type":"Feature","properties":{"level":1016},"geometry":{"type":"LineString","coordinates":[[50.4,-87.75],[62.25,-87.91],[88.0,-87.48],[103.98,-86.75],[115.33,-85.75],[119.26,-85.0],[120.55,-84.5],[119.57,-84.0],[119.34,-83.25],[123.69,-82.5],[123.8,-82.25],[123.09,-81.75],[123.42,-81.25],[125.41,-80.75],[123.0,-80.63],[122.39,-80.5],[122.29,-80.25],[125.5,-79.83],[126.5,-79.5],[125.27,-78.75],[126.32,-77.5],[124.0,-77.13],[106.5,-78.36],[102.0,-78.44],[92.0,-79.78],[82.75,-79.97],[78.0,-80.39],[72.75,-81.2],[66.0,-81.37],[56.95,-81.25],[55.93,-80.75],[49.37,-79.0],[48.99,-78.5],[47.0,-77.73],[44.0,-77.91],[43.09,-78.25],[42.36,-79.0],[42.75,-80.01],[44.71,-80.75],[45.3,-81.25],[47.62,-82.0],[47.42,-82.5],[47.72,-83.0],[45.79,-83.5],[46.5,-84.5],[54.47,-85.75],[54.9,-86.0],[50.04,-87.5],[50.4,-87.75]]}},{"type":"Feature","properties":{"level":1016},"geometry":{"type":"LineString","coordinates":[[66.5,-84.01],[63.26,-83.75],[63.08,-83.5],[66.0,-83.3],[73.9,-84.0],[71.0,-84.16],[66.5,-84.01]]}},{"type":"Feature","properties":{"level":1016},"geometry":{"type":"LineString","coordinates":[[70.5,-82.25],[69.68,-82.0],[70.92,-82.0],[70.86,-82.25],[70.5,-82.25]]}},{"type":"Feature","properties":{"level":1016},"geometry":{"type":"LineString","coordinates":[[-71.46,-58.25],[-66.25,-58.48],[-59.99,-57.75],[-55.0,-56.14],[-51.25,-54.34],[-49.0,-53.61],[-41.75,-52.09],[-39.28,-50.75],[-39.23,-50.25],[-39.0,-50.15],[-33.94,-49.0],[-31.03,-47.75],[-28.09,-46.0],[-28.0,-45.41],[-29.5,-44.73],[-30.66,-43.5],[-30.6,-43.0],[-30.15,-42.75],[-26.25,-41.98],[-24.5,-43.28],[-23.5,-43.38],[-23.0,-43.16],[-22.38,-42.5],[-22.92,-41.75],[-22.81,-41.25],[-23.12,-40.0],[-22.98,-39.25],[-22.5,-38.81],[-20.0,-38.55],[-19.25,-38.85],[-18.5,-40.6],[-17.25,-41.36],[-15.75,-41.09],[-15.0,-41.19],[-13.4,-40.75],[-11.25,-39.7],[-7.75,-38.65],[-6.39,-37.75],[-5.66,-37.0],[-5.32,-36.25],[-5.8,-34.75],[-5.45,-34.0],[-4.75,-33.95],[-3.75,-33.31],[-2.75,-33.42],[-2.0,-33.22],[-1.32,-32.5],[4.0,-33.56],[17.25,-36.83],[18.75,-37.41],[19.75,-37.47],[20.47,-37.25],[21.0,-36.61],[22.0,-36.46],[22.75,-34.25],[25.25,-33.73],[26.0,-34.09],[26.15,-34.0],[25.88,-33.5],[26.79,-33.25],[26.95,-33.0],[26.29,-32.75],[26.46,-32.5],[27.37,-32.75],[27.5,-33.02],[27.94,-33.0],[27.42,-34.0],[26.51,-34.75],[26.57,-35.25],[26.15,-35.5],[25.75,-36.67],[25.0,-36.76],[24.78,-37.0],[24.91,-38.5],[25.66,-39.75],[30.5,-44.4],[39.64,-51.0],[44.25,-53.39],[47.5,-54.51],[50.75,-54.84],[53.0,-54.74],[61.25,-53.46],[71.25,-50.96],[75.5,-49.56],[84.75,-47.2],[90.83,-45.25],[98.08,-41.25],[106.51,-35.25],[113.25,-31.43],[114.18,-30.5],[114.8,-29.0],[114.19,-27.25],[113.48,-26.25],[113.31,-25.0],[111.73,-21.0],[110.92,-19.75],[110.0,-17.54],[109.0,-17.02],[107.5,-16.64],[106.99,-16.25],[106.75,-15.64],[105.0,-14.75],[99.75,-12.61],[95.0,-11.29],[91.75,-10.66],[89.25,-10.75],[85.75,-10.05],[85.0,-10.22],[81.75,-8.84],[80.5,-9.03],[80.0,-8.7],[78.5,-9.29],[76.75,-9.34],[73.75,-8.83],[72.0,-9.19],[66.75,-8.57],[65.75,-8.84],[64.75,-8.8],[63.5,-7.86],[63.0,-8.0],[62.75,-8.48],[61.75,-7.58],[61.25,-7.66],[60.5,-7.34],[59.17,-7.5],[58.25,-7.05],[57.0,-5.7],[56.5,-6.11],[55.75,-5.85],[55.5,-6.21],[53.25,-6.07],[51.25,-6.9],[49.0,-6.86],[48.5,-7.12],[48.09,-6.5],[46.09,-5.75],[46.01,-5.25],[45.75,-5.37],[45.0,-4.77],[45.0,-3.81],[44.5,-3.7],[44.1,-2.75],[42.98,-3.25],[43.0,-2.24],[42.5,-1.77],[42.25,-1.11],[41.18,-1.5],[41.13,0.0],[40.61,1.5],[41.25,2.16],[42.0,2.33],[42.22,2.75],[41.75,3.56],[41.0,3.95],[41.55,4.25],[41.4,5.0],[40.85,5.75],[41.36,5.75],[41.5,5.29],[41.5,6.14],[42.25,5.57],[42.38,5.75],[41.6,6.5],[41.5,7.0],[42.0,7.72],[42.75,8.03],[42.89,7.75],[42.5,7.34],[42.5,6.98],[42.75,7.16],[43.5,6.96],[44.0,6.39],[44.25,6.75],[44.64,6.75],[44.61,6.5],[45.0,6.16],[45.75,6.19],[46.5,6.69],[47.0,6.64],[49.25,7.41],[50.25,8.1],[50.5,7.5],[51.0,7.3],[51.64,7.75],[53.94,8.0],[54.36,8.25],[54.5,9.71],[55.0,9.88],[56.5,9.4],[57.0,8.76],[58.25,9.15],[60.5,8.44],[60.74,8.75],[60.5,9.02],[61.25,9.02],[61.53,9.5],[62.25,9.95],[63.0,9.84],[63.25,10.71],[64.25,10.82],[65.0,10.32],[65.25,10.39],[65.61,11.0],[66.09,11.25],[66.42,12.0],[67.5,12.37],[70.15,14.5],[70.25,14.77],[69.78,15.25],[70.39,16.25],[70.44,17.25],[71.59,20.25],[70.49,21.0],[71.33,21.25],[71.06,21.5],[71.44,22.25],[71.25,22.75],[70.75,22.73],[70.51,23.0],[70.89,24.0],[70.5,24.19],[70.18,24.0],[70.0,23.33],[69.0,23.4],[68.5,23.76],[66.5,23.76],[65.75,24.15],[64.25,24.45],[62.0,24.54],[60.5,22.56],[59.5,21.95],[59.25,22.92],[57.26,23.5],[56.56,24.0],[56.25,24.59],[55.96,24.25],[56.4,21.75],[55.67,20.5],[55.78,19.5],[55.0,17.6],[53.0,17.13],[52.0,17.55],[51.25,17.46],[49.75,16.88],[49.0,16.82],[47.64,16.25],[48.4,15.75],[47.25,15.38],[46.75,14.58],[46.21,14.5],[45.57,15.0],[44.95,16.0],[45.75,16.03],[45.82,16.25],[45.32,17.5],[45.86,18.25],[45.55,19.0],[45.5,20.41],[45.0,20.01],[44.75,20.48],[44.0,20.21],[44.0,20.92],[44.5,21.01],[45.5,22.1],[46.0,23.73],[46.3,23.25],[45.36,20.75],[45.5,20.53],[46.29,21.0],[46.88,21.75],[46.65,22.25],[46.86,22.75],[47.75,23.93],[48.25,23.87],[49.0,24.68],[49.28,25.5],[48.43,26.0],[47.79,27.0],[47.69,27.5],[48.19,29.25],[47.95,29.5],[48.0,31.08],[46.25,32.46],[46.25,32.87],[49.03,32.25],[50.65,30.0],[51.32,29.5],[51.42,28.75],[53.25,27.23],[54.75,27.05],[55.5,27.53],[56.75,27.65],[57.25,28.02],[57.5,27.78],[57.75,28.58],[58.25,28.13],[60.25,27.7],[60.86,27.25],[60.25,26.93],[59.0,26.79],[57.75,27.22],[57.5,26.5],[57.62,26.25],[58.25,26.1],[58.5,26.42],[59.0,26.47],[61.0,26.2],[62.25,26.82],[63.0,26.6],[63.43,26.75],[63.25,27.04],[64.63,26.75],[67.0,28.75],[67.15,29.75],[67.49,30.25],[68.21,30.25],[68.09,30.75],[69.0,31.12],[69.16,31.5],[68.89,32.5],[69.81,32.5],[69.91,32.75],[69.45,33.0],[69.9,33.75],[70.84,33.75],[70.86,34.0],[69.77,34.5],[70.25,34.9],[70.75,34.69],[71.25,35.04],[72.0,35.09],[73.47,34.5],[74.5,33.32],[75.25,33.09],[75.5,32.68],[76.0,32.59],[77.1,31.75],[77.0,31.5],[77.46,30.75],[77.91,30.75],[77.7,31.0],[78.0,31.01],[78.25,30.49],[78.5,30.61],[79.25,30.3],[78.88,30.0],[79.0,29.82],[79.5,30.01],[80.5,29.77],[80.5,29.24],[81.25,29.19],[81.75,28.73],[82.26,28.75],[82.5,28.14],[84.68,28.0],[85.2,27.5],[85.75,27.57],[87.0,27.07],[87.25,27.41],[87.76,27.25],[87.71,27.0],[88.0,26.89],[88.5,27.3],[88.75,27.03],[89.75,26.87],[90.0,27.53],[90.25,27.08],[91.0,27.16],[91.25,27.75],[91.69,27.5],[91.75,26.92],[93.0,27.74],[93.25,27.44],[93.25,28.06],[94.5,28.41],[95.33,29.5],[95.0,30.05],[95.3,30.0],[95.62,29.5],[95.16,29.0],[95.25,28.67],[95.75,29.07],[96.17,28.75],[96.14,28.25],[96.75,28.1],[96.89,28.25],[96.56,29.0],[97.09,28.75],[97.24,28.5],[97.0,27.9],[96.52,27.75],[96.75,27.53],[97.75,28.04],[98.0,27.89],[98.21,28.0],[97.92,28.5],[98.08,28.75],[97.82,29.0],[98.0,29.29],[98.25,29.04],[98.62,29.25],[97.75,30.36],[97.0,30.65],[96.5,30.4],[94.25,31.01],[93.75,31.04],[93.5,30.65],[92.73,30.5],[92.7,29.75],[92.28,29.5],[92.26,29.25],[93.01,29.0],[91.5,28.56],[91.0,28.88],[89.0,28.55],[86.75,29.0],[86.25,29.33],[85.75,29.05],[84.5,29.23],[84.47,29.5],[85.5,29.4],[86.22,29.75],[85.61,30.0],[85.5,30.8],[84.75,31.09],[84.25,30.72],[83.75,30.99],[83.58,31.25],[83.71,31.75],[83.5,31.93],[83.17,31.5],[83.31,31.25],[82.75,31.19],[82.21,31.5],[82.25,31.69],[82.76,31.75],[82.92,32.0],[82.75,32.1],[81.75,31.69],[81.25,31.96],[81.0,31.72],[80.25,32.38],[80.0,32.15],[79.35,32.75],[79.75,32.85],[81.0,32.5],[81.19,32.75],[81.0,32.94],[80.5,32.8],[79.1,33.5],[79.03,33.75],[79.25,33.82],[80.0,33.75],[80.25,34.25],[79.0,34.73],[79.13,35.25],[79.33,35.5],[79.75,35.51],[80.74,34.75],[80.52,34.25],[81.0,34.03],[81.5,34.15],[82.12,33.75],[82.0,33.58],[81.75,33.86],[81.58,33.5],[82.25,33.31],[82.75,33.66],[83.13,33.25],[84.05,33.25],[83.92,33.0],[84.49,32.5],[85.0,32.49],[85.45,32.75],[85.25,33.0],[86.5,33.03],[87.0,33.56],[87.5,33.27],[88.24,33.5],[88.5,34.04],[89.25,33.86],[89.4,34.0],[89.25,34.18],[88.4,34.5],[89.25,34.96],[89.5,34.44],[89.75,34.39],[90.0,35.32],[90.5,35.18],[91.5,35.57],[92.75,35.57],[93.75,35.98],[94.78,35.75],[95.25,36.16],[95.5,36.09],[95.58,36.25],[95.0,36.31],[94.75,36.14],[94.64,36.5],[94.94,37.25],[96.0,38.06],[96.5,37.82],[96.68,38.0],[95.66,38.5],[96.75,38.6],[97.5,39.12],[98.0,38.71],[99.0,38.76],[100.0,38.21],[101.0,38.06],[102.5,37.13],[102.5,36.67],[104.0,36.52],[104.75,36.83],[105.45,36.0],[105.0,35.6],[104.84,36.25],[104.5,36.36],[104.39,36.0],[104.63,35.75],[104.5,35.55],[104.25,35.73],[104.25,35.39],[104.75,35.49],[105.0,34.9],[105.5,34.97],[105.75,35.68],[106.25,35.1],[105.91,36.5],[105.5,36.82],[105.51,37.25],[104.87,37.5],[104.3,38.5],[104.18,39.0],[104.38,39.25],[103.92,39.5],[103.92,39.75],[104.68,40.0],[104.37,40.75],[104.52,41.0],[102.97,41.5],[102.5,42.0],[101.25,41.97],[100.5,42.46],[100.45,42.75],[100.75,43.05],[102.14,43.0],[103.25,43.55],[104.0,43.1],[105.5,42.96],[106.0,43.4],[107.54,43.75],[109.49,44.75],[109.25,45.0],[107.48,45.5],[107.94,46.0],[107.34,46.5],[107.34,47.5],[107.0,48.13],[105.14,48.5],[104.5,49.28],[103.43,49.75],[103.39,50.0],[102.75,50.21],[102.22,50.75],[105.0,50.14],[107.25,50.21],[107.96,50.5],[108.55,51.25],[109.13,51.5],[109.5,52.23],[110.08,52.25],[109.72,52.5],[110.0,52.85],[110.25,52.42],[112.0,52.64],[113.53,52.0],[114.21,51.5],[114.52,50.75],[115.5,49.86],[116.56,50.25],[117.0,49.5],[116.61,48.75],[116.75,48.16],[117.25,48.26],[119.0,49.52],[119.47,49.5],[119.24,49.25],[120.92,49.0],[121.2,48.0],[120.87,47.0],[120.49,46.75],[120.53,46.25],[121.0,46.0],[121.25,45.43],[121.75,45.31],[124.25,46.02],[125.25,46.0],[127.25,45.4],[127.5,45.57],[127.39,45.25],[127.75,45.1],[129.04,45.25],[128.78,44.75],[129.32,44.25],[129.15,43.75],[128.0,43.26],[127.5,43.62],[125.75,42.32],[124.75,42.1],[123.25,41.23],[118.25,39.64],[115.34,36.75],[114.25,35.99],[113.48,36.75],[113.75,36.76],[113.91,37.25],[113.42,37.75],[113.44,38.0],[112.63,38.5],[112.75,38.86],[113.0,38.57],[113.97,38.75],[114.06,39.0],[113.54,39.25],[113.86,39.5],[113.81,39.75],[113.47,39.25],[113.0,39.25],[113.0,38.99],[112.25,38.93],[112.03,39.0],[112.24,39.75],[112.0,40.2],[111.53,39.75],[111.98,39.0],[111.42,38.75],[111.1,38.0],[111.25,37.41],[110.73,36.75],[111.06,36.5],[110.17,35.75],[109.5,35.85],[109.25,35.31],[108.43,35.0],[108.75,34.81],[109.75,35.21],[110.25,35.16],[111.5,35.95],[111.52,35.5],[111.25,35.16],[110.66,35.25],[111.26,34.75],[111.0,34.48],[110.67,34.5],[110.75,34.78],[110.0,34.66],[109.52,34.25],[109.5,33.95],[107.25,34.19],[106.29,33.5],[106.75,33.21],[108.0,33.43],[108.63,32.75],[106.5,32.98],[105.9,32.5],[106.0,32.3],[106.5,32.3],[108.0,32.55],[108.64,32.0],[108.67,31.5],[109.75,31.3],[110.04,31.0],[108.27,30.25],[108.26,30.0],[107.75,29.74],[106.75,28.52],[106.5,28.71],[106.25,28.55],[106.12,28.25],[106.41,28.0],[106.34,27.75],[105.72,27.5],[105.44,27.0],[107.23,26.5],[106.66,26.0],[107.0,25.75],[107.55,26.0],[107.35,25.25],[107.5,25.02],[107.95,25.5],[108.0,26.02],[108.66,25.0],[109.41,25.5],[109.32,25.75],[109.75,26.06],[109.75,25.0],[110.75,24.92],[111.25,24.65],[112.5,25.04],[113.25,24.39],[113.75,24.64],[114.75,24.39],[115.25,24.97],[115.56,25.0],[115.75,24.71],[116.25,25.34],[116.75,25.34],[117.22,24.75],[116.66,24.0],[117.25,23.88],[117.96,24.25],[117.75,24.66],[118.5,24.34],[120.0,25.24],[121.25,25.3],[121.53,25.0],[120.72,23.5],[121.0,22.73],[122.25,24.87],[124.25,25.66],[126.75,27.49],[128.25,27.87],[129.25,28.43],[129.5,28.22],[130.25,28.46],[132.75,28.54],[133.15,28.75],[133.25,29.52],[134.25,29.44],[135.0,29.85],[136.0,29.97],[137.25,30.83],[138.0,30.86],[140.25,30.04],[141.5,29.85],[142.5,29.89],[143.5,30.38],[146.25,30.71],[148.0,31.66],[152.0,34.43],[156.0,36.19],[159.44,37.25],[159.56,37.75],[161.5,37.73],[162.0,38.08],[162.5,38.1],[162.94,38.75],[164.25,39.01],[165.89,40.0],[166.14,40.25],[165.95,40.75],[167.43,41.25],[167.0,41.81],[165.25,42.78],[165.0,43.36],[161.75,44.47],[160.0,44.75],[157.25,44.78],[147.0,44.12],[146.25,44.21],[145.75,44.66],[143.75,44.88],[141.5,45.86],[137.75,46.28],[137.25,48.17],[136.5,48.5],[134.75,48.58],[133.36,49.0],[132.79,50.25],[132.98,51.0],[132.0,51.47],[131.63,52.25],[129.16,53.25],[129.27,54.0],[127.94,55.0],[127.73,55.5],[128.5,55.97],[129.0,55.91],[129.57,56.75],[128.86,57.5],[128.91,57.75],[129.47,58.0],[129.27,58.5],[127.75,58.71],[126.25,59.5],[125.14,60.75],[122.34,62.75],[119.5,64.15],[118.0,65.2],[117.65,66.0],[117.18,66.25],[117.22,66.5],[115.96,67.0],[116.36,67.25],[116.5,67.79],[110.5,68.64],[109.25,68.51],[108.55,68.0],[106.84,67.5],[106.68,67.0],[104.75,66.41],[104.31,66.0],[104.5,65.75],[102.17,65.75],[101.97,65.5],[102.33,64.75],[101.82,64.25],[101.79,63.75],[102.1,63.25],[101.76,63.0],[102.25,62.43],[102.79,62.25],[102.5,62.04],[100.25,62.28],[99.5,61.47],[96.75,60.21],[92.0,59.27],[90.76,58.25],[88.25,57.2],[87.5,55.84],[86.33,55.25],[83.57,53.25],[75.75,50.68],[68.25,51.14],[64.75,52.39],[62.5,52.85],[59.13,54.25],[59.11,54.75],[58.75,55.12],[57.0,55.73],[53.31,56.5],[48.11,59.0],[42.25,60.11],[36.57,60.0],[35.54,59.25],[36.23,58.0],[36.0,57.5],[32.0,56.27],[31.1,55.75],[29.77,54.25],[28.57,51.5],[26.5,49.88],[24.94,49.25],[24.62,48.75],[23.0,49.09],[21.75,48.86],[21.31,47.75],[20.75,47.16],[18.25,45.53],[17.5,45.57],[16.25,44.94],[15.0,45.15],[14.75,44.69],[14.5,44.8],[13.16,43.75],[10.25,44.38],[9.75,44.25],[10.46,43.75],[10.58,43.0],[11.0,42.75],[11.24,42.25],[10.48,41.75],[9.5,41.69],[9.5,42.74],[7.75,42.09],[6.75,42.03],[5.5,42.54],[5.18,43.0],[5.25,43.3],[7.78,44.0],[9.72,45.0],[8.75,45.2],[8.38,45.5],[8.98,46.25],[10.0,45.98],[9.9,46.25],[10.75,46.57],[11.0,46.33],[11.63,47.0],[12.0,46.71],[12.23,46.75],[12.08,47.0],[12.25,47.2],[12.75,46.95],[12.81,47.5],[11.5,47.72],[10.25,47.57],[9.75,47.86],[8.52,48.0],[8.64,48.25],[7.76,49.0],[8.44,51.5],[8.21,52.0],[7.58,52.75],[5.5,54.12],[2.84,56.75],[2.58,57.5],[2.62,60.5],[3.22,62.5],[2.26,63.5],[0.16,65.0],[0.24,66.0],[-0.97,69.0],[-0.96,69.75],[-1.93,71.5],[-3.47,72.75],[-6.0,73.55],[-9.0,73.35],[-12.75,72.5],[-13.29,71.75],[-14.01,71.25],[-14.17,70.5],[-14.88,70.0],[-13.89,68.5],[-13.3,68.25],[-12.84,67.5],[-12.35,66.25],[-12.47,65.0],[-12.25,64.41],[-8.93,61.5],[-9.6,60.75],[-9.74,59.5],[-9.44,59.0],[-9.86,58.0],[-10.03,56.75],[-10.36,56.0],[-11.0,55.56],[-12.5,55.15],[-18.75,54.65],[-22.75,53.71],[-27.75,51.8],[-29.75,50.68],[-31.46,49.25],[-31.47,49.5],[-31.75,49.47],[-33.25,48.81],[-33.61,49.0],[-33.75,49.82],[-43.25,49.69],[-44.5,50.23],[-51.0,51.51],[-56.0,51.02],[-58.0,49.8],[-60.75,47.0],[-63.0,45.75],[-63.94,45.5],[-63.88,45.25],[-64.88,44.75],[-66.05,43.5],[-66.94,43.0],[-72.75,40.78],[-74.25,40.57],[-75.0,40.94],[-76.08,40.75],[-75.84,40.5],[-76.25,39.09],[-78.0,38.31],[-78.25,38.31],[-78.07,38.75],[-78.37,39.25],[-77.67,40.5],[-78.25,40.56],[-78.06,41.0],[-78.25,41.25],[-78.75,41.24],[-80.0,40.31],[-81.25,39.99],[-82.25,38.81],[-83.25,38.62],[-84.75,37.72],[-85.9,36.25],[-86.5,35.85],[-87.5,35.99],[-88.14,35.25],[-86.61,34.75],[-86.96,34.25],[-86.63,34.0],[-86.62,33.5],[-86.24,33.0],[-84.5,32.66],[-80.25,34.5],[-79.25,34.51],[-76.75,35.44],[-76.59,35.75],[-76.76,36.0],[-76.5,36.09],[-73.25,36.18],[-72.75,36.46],[-72.0,35.99],[-71.5,36.19],[-70.0,35.81],[-69.5,36.03],[-68.5,35.58],[-67.75,35.63],[-66.25,35.15],[-65.89,34.5],[-64.25,34.01],[-63.42,32.0],[-62.75,31.32],[-62.12,31.25],[-62.53,30.5],[-62.26,29.25],[-61.47,28.25],[-60.56,27.75],[-60.5,27.42],[-59.0,27.26],[-56.0,27.52],[-52.5,28.58],[-50.75,28.79],[-50.5,28.3],[-49.5,28.79],[-48.75,28.7],[-48.25,28.97],[-46.75,29.07],[-46.77,28.5],[-45.18,27.75],[-44.9,27.5],[-44.88,27.0],[-44.25,26.5],[-42.75,26.37],[-42.0,25.64],[-40.5,24.83],[-40.31,24.0],[-39.25,23.86],[-37.75,22.86],[-37.25,22.92],[-36.75,22.35],[-35.5,22.24],[-34.25,21.57],[-33.44,21.5],[-33.25,21.25],[-32.5,21.39],[-31.5,21.02],[-31.0,21.23],[-30.5,21.04],[-29.25,21.44],[-27.5,22.56],[-26.25,22.87],[-25.0,22.39],[-21.5,22.9],[-17.5,23.88],[-15.0,24.94],[-13.75,24.95],[-13.25,25.36],[-12.25,25.25],[-11.0,25.74],[-10.38,26.25],[-10.56,27.0],[-9.96,27.5],[-9.91,28.5],[-8.25,29.97],[-7.31,30.25],[-7.26,31.0],[-5.73,31.0],[-5.58,31.5],[-5.0,31.96],[-4.0,32.07],[-3.0,32.57],[-1.52,31.5],[-1.25,30.92],[-0.25,30.61],[1.0,30.77],[1.75,30.44],[3.0,30.37],[3.5,30.62],[3.75,30.36],[4.25,30.91],[5.5,31.25],[6.0,30.55],[6.5,30.53],[7.61,29.5],[7.7,29.0],[7.46,28.5],[7.87,28.25],[7.25,27.15],[6.25,26.69],[5.75,26.88],[5.0,26.54],[2.97,24.5],[3.25,24.11],[4.5,24.19],[4.83,24.0],[4.74,22.5],[5.25,21.61],[6.25,21.44],[8.25,20.61],[8.85,18.75],[8.58,17.75],[9.09,17.75],[9.13,18.25],[9.62,18.5],[9.86,19.5],[9.72,20.0],[10.25,20.84],[11.75,21.62],[12.75,20.97],[13.75,20.75],[14.25,21.55],[15.0,22.15],[15.25,21.66],[16.01,21.5],[16.5,20.52],[17.0,20.43],[17.75,19.79],[18.0,20.18],[18.13,19.75],[19.5,18.6],[20.75,18.66],[22.42,18.0],[22.57,17.75],[22.08,17.5],[22.14,17.25],[22.84,16.25],[23.25,16.03],[24.19,16.25],[26.02,18.5],[26.75,18.66],[27.25,18.34],[27.69,18.5],[28.17,19.5],[28.16,20.0],[28.75,20.29],[29.75,21.58],[30.77,22.0],[31.0,23.48],[32.25,24.19],[32.61,24.75],[32.51,25.25],[33.25,25.5],[33.0,25.88],[32.75,25.71],[32.75,26.16],[33.25,26.2],[33.47,25.75],[34.75,24.68],[34.45,25.75],[33.85,26.5],[33.95,27.25],[33.63,28.0],[34.25,28.04],[34.5,28.56],[35.0,28.64],[35.75,27.85],[36.5,27.61],[37.13,26.5],[37.75,25.94],[38.25,26.18],[39.0,25.88],[39.56,26.0],[39.5,24.75],[39.99,24.5],[39.92,24.25],[39.75,24.02],[39.5,24.14],[39.0,24.72],[38.96,24.25],[39.83,23.5],[40.29,21.75],[40.2,21.0],[41.75,19.67],[42.08,18.25],[43.03,17.75],[42.96,17.5],[43.45,16.5],[43.46,15.5],[44.0,13.08],[46.2,13.5],[46.75,13.88],[47.5,13.93],[47.75,14.29],[49.75,14.29],[51.75,13.66],[53.25,12.78],[53.75,12.1],[54.25,12.25],[54.37,11.75],[54.25,11.57],[53.75,11.78],[53.25,11.4],[52.75,11.57],[51.58,11.25],[51.0,10.07],[50.02,10.25],[51.2,11.25],[51.3,11.5],[51.0,11.59],[50.46,11.5],[50.5,11.14],[50.25,11.06],[49.75,11.41],[49.25,10.9],[48.0,11.09],[47.25,10.9],[46.75,10.01],[44.25,10.12],[42.75,10.73],[42.45,10.0],[40.75,9.56],[40.25,9.08],[40.0,9.11],[40.28,11.25],[39.98,12.0],[39.93,14.25],[39.66,15.0],[38.87,15.75],[38.5,16.97],[38.19,16.0],[38.54,15.75],[38.53,14.75],[38.79,14.5],[38.35,14.25],[38.49,13.75],[37.09,12.5],[36.84,11.5],[36.16,10.5],[36.18,9.5],[34.75,9.47],[34.63,9.25],[35.71,6.75],[36.5,6.7],[36.75,5.6],[37.0,5.91],[37.42,5.25],[37.25,4.73],[37.66,5.0],[37.55,5.25],[37.75,5.44],[38.04,4.0],[37.67,3.25],[38.46,3.0],[37.68,2.25],[37.7,2.0],[38.0,1.85],[38.5,2.06],[38.96,1.0],[37.79,0.75],[37.5,1.14],[37.5,1.75],[37.0,2.13],[36.0,0.42],[35.5,1.44],[34.34,1.25],[34.5,0.86],[35.0,0.94],[35.32,0.0],[35.25,-0.47],[34.8,-0.75],[35.0,-1.09],[35.36,-1.0],[35.44,-1.5],[34.69,-3.25],[35.0,-3.59],[35.39,-3.5],[35.0,-4.17],[34.5,-4.45],[34.25,-5.17],[33.71,-5.25],[33.5,-7.14],[33.25,-7.43],[32.23,-7.5],[32.5,-7.78],[32.75,-7.55],[33.36,-8.5],[33.25,-9.01],[33.0,-8.85],[32.68,-9.25],[33.0,-9.2],[32.95,-9.5],[33.25,-9.54],[33.25,-10.25],[33.74,-11.0],[33.5,-12.05],[32.5,-13.45],[30.5,-14.57],[30.07,-14.25],[30.13,-14.0],[30.75,-13.41],[31.01,-13.5],[31.32,-13.0],[31.25,-12.27],[30.79,-12.75],[29.5,-13.31],[28.5,-13.22],[28.0,-13.41],[27.75,-13.22],[27.5,-13.48],[26.75,-13.18],[26.5,-12.57],[26.0,-13.09],[25.77,-13.0],[26.0,-12.54],[26.5,-12.45],[26.5,-11.75],[26.12,-11.75],[26.0,-12.36],[25.75,-12.45],[25.5,-12.1],[25.27,-12.5],[25.7,-12.75],[25.86,-13.5],[26.5,-13.66],[26.7,-14.0],[26.49,-14.75],[26.0,-15.06],[25.5,-14.78],[24.5,-14.97],[23.34,-15.75],[24.29,-17.75],[24.21,-18.75],[23.07,-19.25],[22.33,-20.25],[21.25,-20.33],[20.75,-20.75],[20.75,-21.02],[20.5,-20.36],[19.25,-20.37],[18.25,-20.03],[17.5,-20.24],[17.14,-20.0],[16.25,-21.0],[16.75,-22.0],[16.35,-22.5],[15.94,-22.5],[16.29,-23.0],[16.13,-24.75],[16.38,-25.25],[16.0,-25.98],[15.5,-26.01],[15.32,-25.5],[14.99,-23.5],[15.22,-22.75],[14.75,-21.67],[13.32,-20.5],[13.0,-19.68],[10.59,-18.5],[10.0,-17.82],[9.94,-16.75],[9.46,-16.25],[9.8,-15.5],[9.04,-14.75],[8.93,-14.0],[6.95,-12.75],[7.26,-12.25],[7.0,-11.9],[6.5,-11.43],[5.5,-11.79],[5.0,-11.29],[4.5,-11.23],[3.75,-10.63],[2.75,-10.24],[-0.75,-9.45],[-1.75,-10.14],[-2.75,-9.98],[-4.25,-10.69],[-5.25,-10.76],[-6.0,-11.21],[-7.0,-11.21],[-8.75,-12.08],[-9.5,-11.87],[-10.25,-12.13],[-11.25,-11.72],[-12.75,-12.14],[-13.0,-11.96],[-15.25,-12.68],[-16.75,-12.76],[-17.0,-13.28],[-19.0,-13.8],[-19.25,-13.62],[-20.25,-13.88],[-22.0,-13.79],[-22.5,-13.39],[-23.25,-13.75],[-23.54,-14.25],[-24.0,-14.48],[-24.75,-14.37],[-28.0,-14.85],[-30.75,-15.54],[-31.75,-16.11],[-33.75,-16.32],[-36.75,-18.64],[-36.75,-19.65],[-37.25,-19.82],[-37.49,-20.5],[-38.25,-20.49],[-38.39,-21.25],[-39.25,-21.58],[-38.83,-23.25],[-38.83,-25.0],[-39.56,-26.25],[-40.24,-26.75],[-43.0,-27.26],[-44.0,-28.91],[-46.5,-31.32],[-46.89,-32.75],[-47.25,-33.29],[-47.5,-33.17],[-47.75,-34.18],[-48.5,-34.4],[-50.25,-36.4],[-52.0,-37.74],[-54.0,-38.2],[-59.75,-37.04],[-62.5,-35.33],[-64.37,-32.75],[-65.0,-32.73],[-65.5,-32.43],[-66.28,-32.75],[-66.46,-32.25],[-66.3,-31.25],[-67.51,-29.25],[-67.01,-29.0],[-67.61,-28.75],[-67.75,-28.1],[-68.08,-28.25],[-68.38,-28.0],[-67.91,-27.5],[-67.77,-26.75],[-68.11,-25.75],[-67.75,-25.59],[-67.0,-26.22],[-66.45,-26.25],[-66.61,-25.25],[-66.09,-24.25],[-66.56,-22.25],[-66.02,-21.25],[-66.36,-20.0],[-66.0,-19.5],[-66.21,-19.0],[-66.5,-18.94],[-66.75,-19.82],[-67.49,-18.75],[-68.55,-18.25],[-68.08,-18.0],[-68.51,-17.75],[-68.25,-17.4],[-67.75,-17.33],[-66.84,-17.75],[-66.75,-18.03],[-66.74,-17.5],[-67.25,-16.81],[-67.5,-16.76],[-67.75,-17.16],[-68.14,-16.75],[-67.66,-16.5],[-68.25,-15.72],[-68.97,-15.5],[-68.75,-15.0],[-69.07,-14.5],[-70.0,-13.72],[-71.5,-13.21],[-72.0,-12.51],[-72.5,-13.02],[-73.19,-13.0],[-73.0,-13.79],[-73.5,-13.54],[-73.81,-14.0],[-74.05,-13.5],[-73.69,-13.0],[-74.43,-12.25],[-74.68,-11.5],[-75.0,-11.19],[-75.29,-11.25],[-75.75,-9.89],[-76.52,-9.25],[-76.55,-8.75],[-77.62,-6.75],[-77.44,-6.0],[-77.75,-5.81],[-78.01,-6.25],[-77.7,-7.75],[-78.4,-8.0],[-78.25,-8.28],[-78.0,-8.24],[-77.98,-9.25],[-77.17,-10.5],[-77.28,-10.75],[-74.53,-14.75],[-73.75,-15.34],[-73.19,-15.25],[-72.75,-15.84],[-72.25,-15.67],[-72.1,-16.0],[-70.83,-16.75],[-70.75,-17.14],[-70.17,-17.5],[-69.21,-19.5],[-69.0,-22.25],[-68.41,-22.25],[-69.06,-23.25],[-68.75,-23.39],[-68.25,-22.78],[-67.97,-23.25],[-68.25,-23.9],[-68.75,-23.83],[-69.13,-24.25],[-69.4,-25.0],[-69.19,-25.5],[-69.52,-26.75],[-69.39,-27.0],[-70.69,-29.5],[-70.53,-30.0],[-70.92,-31.25],[-70.47,-33.0],[-70.5,-34.26],[-72.5,-38.33],[-73.0,-38.41],[-73.11,-39.25],[-73.75,-40.2],[-75.0,-40.41],[-77.0,-40.15],[-78.75,-39.16],[-79.17,-36.5],[-78.14,-34.25],[-76.75,-32.36],[-76.16,-30.0],[-76.08,-28.0],[-76.75,-26.25],[-76.38,-25.0],[-76.83,-24.75],[-76.82,-24.25],[-77.25,-23.82],[-78.0,-22.1],[-79.25,-21.21],[-79.75,-21.29],[-80.59,-20.5],[-80.75,-20.0],[-82.0,-19.08],[-82.66,-19.0],[-81.86,-19.75],[-82.61,-19.5],[-83.45,-18.25],[-85.34,-17.5],[-87.25,-17.28],[-89.66,-16.25],[-93.25,-15.61],[-95.0,-15.94],[-96.5,-15.81],[-97.25,-15.45],[-101.75,-15.15],[-106.25,-15.53],[-107.75,-15.03],[-108.25,-15.43],[-108.75,-15.08],[-110.5,-15.04],[-111.54,-15.25],[-111.75,-15.6],[-113.25,-15.4],[-114.5,-15.52],[-115.53,-16.0],[-115.5,-16.38],[-116.25,-16.15],[-117.08,-16.25],[-118.0,-16.81],[-118.25,-17.36],[-118.75,-17.05],[-119.0,-17.2],[-119.25,-17.37],[-119.75,-18.79],[-120.0,-18.16],[-120.3,-18.0],[-120.42,-19.5],[-120.13,-20.0],[-118.25,-20.91],[-117.5,-21.75],[-116.25,-21.97],[-109.0,-25.8],[-105.0,-28.72],[-103.13,-30.5],[-102.62,-31.75],[-101.1,-34.0],[-100.71,-38.75],[-100.87,-41.25],[-100.45,-41.5],[-99.58,-44.0],[-98.44,-46.25],[-96.75,-48.34],[-94.5,-50.46],[-90.75,-52.88],[-85.84,-55.0],[-78.0,-57.21],[-71.46,-58.25]]}},{"type":"Feature","properties":{"level":1016},"geometry":{"type":"LineString","coordinates":[[-180.0,-55.82],[-173.0,-54.22],[-167.0,-52.36],[-162.03,-50.0],[-160.99,-49.25],[-160.45,-48.25],[-159.94,-48.0],[-148.78,-46.0],[-141.25,-44.06],[-139.75,-43.23],[-138.0,-42.79],[-131.03,-37.25],[-130.09,-36.25],[-128.25,-35.06],[-124.75,-33.98],[-122.5,-33.55],[-121.0,-32.88],[-118.87,-30.75],[-118.87,-30.25],[-118.37,-29.25],[-118.56,-28.75],[-118.33,-27.0],[-117.18,-25.5],[-118.24,-24.75],[-118.77,-22.75],[-119.75,-22.13],[-120.42,-21.25],[-124.75,-18.87],[-128.0,-17.85],[-132.0,-17.19],[-134.5,-17.12],[-137.0,-16.6],[-138.25,-16.87],[-140.25,-16.49],[-143.25,-16.59],[-145.5,-17.13],[-148.5,-17.42],[-152.75,-16.95],[-159.25,-17.01],[-161.5,-16.73],[-166.5,-16.91],[-169.0,-17.33],[-169.75,-17.03],[-171.0,-17.56],[-171.5,-17.08],[-172.25,-17.27],[-173.0,-17.04],[-173.5,-17.53],[-174.25,-17.36],[-175.5,-17.78],[-176.0,-17.53],[-180.0,-18.56]]}},{"type":"Feature","properties":{"level":1016},"geometry":{"type":"LineString","coordinates":[[164.75,-41.01],[162.5,-40.37],[161.25,-39.3],[160.42,-37.5],[160.5,-36.5],[160.86,-35.75],[162.0,-34.31],[165.25,-32.0],[167.0,-31.07],[168.5,-30.64],[170.25,-30.9],[170.75,-30.6],[171.75,-31.1],[172.62,-32.25],[173.07,-34.0],[172.87,-35.75],[171.87,-37.75],[169.0,-39.95],[166.5,-40.83],[164.75,-41.01]]}},{"type":"Feature","properties":{"level":1016},"geometry":{"type":"LineString","coordinates":[[23.75,-32.5],[21.73,-32.25],[23.25,-31.97],[23.75,-32.24],[24.5,-32.0],[24.63,-32.25],[23.75,-32.5]]}},{"type":"Feature","properties":{"level":1016},"geometry":{"type":"LineString","coordinates":[[-69.5,-31.91],[-69.5,-30.79],[-69.28,-31.0],[-69.5,-31.91]]}},{"type":"Feature","properties":{"level":1016},"geometry":{"type":"LineString","coordinates":[[21.0,-29.28],[20.25,-28.98],[18.92,-29.0],[19.0,-28.59],[18.75,-28.61],[18.75,-28.38],[19.12,-27.75],[18.79,-27.5],[18.9,-27.25],[18.0,-27.55],[17.0,-26.88],[16.85,-26.25],[17.08,-25.25],[16.82,-25.0],[16.71,-24.25],[18.5,-22.94],[19.0,-23.06],[20.0,-22.86],[22.82,-25.5],[23.16,-26.5],[22.49,-27.25],[22.6,-29.25],[22.5,-29.41],[21.0,-29.28]]}},{"type":"Feature","properties":{"level":1016},"geometry":{"type":"LineString","coordinates":[[-39.25,-28.28],[-39.25,-27.91],[-38.75,-27.69],[-38.11,-28.0],[-38.07,-28.25],[-39.25,-28.28]]}},{"type":"Feature","properties":{"level":1016},"geometry":{"type":"LineString","coordinates":[[147.19,-24.0],[147.25,-24.16],[147.41,-24.0],[147.25,-23.58],[147.19,-24.0]]}},{"type":"Feature","properties":{"level":1016},"geometry":{"type":"LineString","coordinates":[[148.5,-24.16],[148.34,-23.75],[148.77,-24.0],[148.5,-24.16]]}},{"type":"Feature","properties":{"level":1016},"geometry":{"type":"LineString","coordinates":[[-41.05,-20.5],[-40.6,-20.25],[-40.5,-19.73],[-41.7,-20.25],[-41.05,-20.5]]}},{"type":"Feature","properties":{"level":1016},"geometry":{"type":"LineString","coordinates":[[180.0,-18.56],[178.25,-19.22],[177.25,-19.91],[175.25,-20.06],[174.0,-20.57],[170.0,-20.55],[168.75,-20.85],[167.75,-21.55],[167.5,-21.28],[166.0,-21.16],[164.75,-20.4],[164.0,-20.44],[160.5,-19.61],[148.0,-18.82],[146.75,-18.69],[146.25,-18.39],[145.93,-18.75],[146.04,-19.0],[148.12,-20.25],[147.99,-20.5],[148.84,-22.25],[148.75,-22.75],[148.06,-23.5],[148.21,-23.75],[147.56,-24.25],[147.08,-25.25],[147.16,-25.75],[147.5,-26.27],[148.11,-25.75],[148.49,-25.25],[148.5,-24.55],[148.7,-24.75],[148.63,-25.25],[149.15,-25.75],[148.64,-26.25],[148.47,-27.0],[149.79,-26.75],[148.8,-28.5],[146.59,-30.5],[145.5,-31.79],[145.04,-32.75],[143.75,-33.88],[142.21,-37.0],[142.67,-38.25],[143.16,-38.75],[142.86,-40.25],[143.06,-41.75],[144.46,-43.25],[144.95,-44.5],[146.65,-47.0],[147.86,-48.25],[150.25,-50.12],[154.0,-52.31],[158.83,-54.25],[166.0,-55.95],[172.5,-56.41],[180.0,-55.82]]}},{"type":"Feature","properties":{"level":1016},"geometry":{"type":"LineString","coordinates":[[-118.5,-18.12],[-118.5,-17.78],[-118.5,-18.12]]}},{"type":"Feature","properties":{"level":1016},"geometry":{"type":"LineString","coordinates":[[-68.5,-17.34],[-69.25,-16.91],[-69.16,-16.5],[-69.5,-16.03],[-70.27,-15.75],[-70.25,-15.13],[-69.5,-15.42],[-68.95,-16.0],[-69.19,-16.25],[-68.75,-16.2],[-68.19,-16.5],[-68.5,-17.34]]}},{"type":"Feature","properties":{"level":1016},"geometry":{"type":"LineString","coordinates":[[13.38,-16.0],[14.25,-15.7],[15.25,-13.39],[16.0,-12.74],[15.0,-12.19],[14.85,-13.25],[14.0,-14.25],[13.75,-14.2],[13.21,-15.0],[13.55,-15.75],[13.38,-16.0]]}},{"type":"Feature","properties":{"level":1016},"geometry":{"type":"LineString","coordinates":[[19.49,-14.0],[20.75,-14.13],[21.01,-14.0],[21.06,-13.25],[20.75,-12.83],[19.91,-13.0],[19.49,-14.0]]}},{"type":"Feature","properties":{"level":1016},"geometry":{"type":"LineString","coordinates":[[19.49,-12.25],[19.72,-11.5],[19.5,-10.97],[18.36,-11.0],[18.28,-11.25],[19.49,-12.25]]}},{"type":"Feature","properties":{"level":1016},"geometry":{"type":"LineString","coordinates":[[34.25,-10.3],[33.75,-10.21],[33.75,-9.44],[34.58,-10.25],[34.25,-10.3]]}},{"type":"Feature","properties":{"level":1016},"geometry":{"type":"LineString","coordinates":[[31.94,-9.0],[32.36,-8.75],[31.1,-7.25],[31.0,-7.75],[31.94,-9.0]]}},{"type":"Feature","properties":{"level":1016},"geometry":{"type":"LineString","coordinates":[[58.08,-6.25],[58.31,-6.25],[58.08,-6.25]]}},{"type":"Feature","properties":{"level":1016},"geometry":{"type":"LineString","coordinates":[[28.95,-5.25],[29.2,-5.0],[29.25,-2.93],[29.29,-3.75],[29.75,-4.6],[30.27,-4.5],[29.84,-4.25],[30.0,-3.94],[30.49,-3.75],[30.33,-3.5],[30.98,-3.25],[31.29,-2.75],[30.06,-2.0],[30.14,-1.0],[30.83,-0.75],[30.0,-0.47],[29.55,-1.25],[29.28,-1.25],[29.18,-0.75],[29.45,-0.25],[29.25,0.02],[28.78,-0.5],[28.5,-1.64],[28.12,-2.0],[28.7,-2.75],[28.14,-3.75],[28.5,-4.01],[28.95,-5.25]]}},{"type":"Feature","properties":{"level":1016},"geometry":{"type":"LineString","coordinates":[[56.22,-4.75],[57.0,-4.93],[57.38,-4.75],[57.5,-4.36],[57.0,-3.8],[56.75,-3.83],[56.3,-4.25],[56.88,-4.5],[56.22,-4.75]]}},{"type":"Feature","properties":{"level":1016},"geometry":{"type":"LineString","coordinates":[[-79.04,-3.5],[-78.39,-2.5],[-77.71,0.25],[-76.93,1.0],[-75.75,2.84],[-75.76,3.5],[-75.12,4.75],[-75.25,5.43],[-75.57,4.5],[-76.07,4.0],[-76.46,2.5],[-76.89,1.75],[-77.25,1.31],[-78.03,1.0],[-77.96,0.5],[-78.29,0.5],[-78.25,0.0],[-78.96,-0.75],[-78.92,-2.25],[-79.47,-3.0],[-79.04,-3.5]]}},{"type":"Feature","properties":{"level":1016},"geometry":{"type":"LineString","coordinates":[[18.92,1.0],[19.25,0.82],[19.46,1.0],[18.92,1.0]]}},{"type":"Feature","properties":{"level":1016},"geometry":{"type":"LineString","coordinates":[[42.71,2.25],[43.0,2.34],[43.0,2.73],[42.71,2.25]]}},{"type":"Feature","properties":{"level":1016},"geometry":{"type":"LineString","coordinates":[[18.15,2.5],[18.5,2.38],[18.87,3.0],[18.75,3.13],[18.09,2.75],[18.15,2.5]]}},{"type":"Feature","properties":{"level":1016},"geometry":{"type":"LineString","coordinates":[[17.93,3.5],[18.09,3.5],[17.93,3.5]]}},{"type":"Feature","properties":{"level":1016},"geometry":{"type":"LineString","coordinates":[[97.23,3.5],[97.5,3.34],[97.83,3.75],[97.0,4.8],[96.69,4.25],[97.45,4.0],[97.05,3.75],[97.23,3.5]]}},{"type":"Feature","properties":{"level":1016},"geometry":{"type":"LineString","coordinates":[[-74.58,3.75],[-74.5,3.51],[-74.07,3.75],[-73.49,5.0],[-72.75,5.38],[-71.97,6.5],[-72.75,7.47],[-72.95,7.25],[-72.59,6.5],[-73.25,5.84],[-73.75,5.66],[-74.58,3.75]]}},{"type":"Feature","properties":{"level":1016},"geometry":{"type":"LineString","coordinates":[[9.98,5.25],[10.5,5.0],[10.47,5.75],[10.75,5.76],[10.98,6.5],[10.75,6.58],[9.75,6.09],[9.98,5.25]]}},{"type":"Feature","properties":{"level":1016},"geometry":{"type":"LineString","coordinates":[[77.14,9.25],[77.25,9.09],[77.37,9.25],[77.47,10.0],[77.77,10.25],[77.5,10.4],[77.0,10.44],[76.9,10.25],[77.14,9.25]]}},{"type":"Feature","properties":{"level":1016},"geometry":{"type":"LineString","coordinates":[[54.5,10.34],[54.25,10.79],[54.51,10.75],[54.5,10.34]]}},{"type":"Feature","properties":{"level":1016},"geometry":{"type":"LineString","coordinates":[[76.73,11.0],[77.43,11.75],[77.25,11.98],[76.35,11.5],[76.73,11.0]]}},{"type":"Feature","properties":{"level":1016},"geometry":{"type":"LineString","coordinates":[[75.72,12.25],[76.16,12.25],[77.0,12.99],[77.5,12.96],[77.63,12.5],[78.0,12.45],[78.81,13.25],[78.77,13.5],[78.25,13.64],[78.0,14.03],[77.5,13.56],[77.33,13.75],[77.41,14.75],[78.25,15.55],[77.25,15.82],[77.0,15.17],[76.28,15.5],[77.31,16.25],[77.25,16.81],[76.75,16.47],[76.5,16.66],[76.12,16.5],[76.5,16.25],[76.43,16.0],[75.99,15.75],[76.11,15.5],[75.75,15.59],[75.39,15.25],[75.75,15.11],[75.75,14.69],[75.0,14.82],[74.75,14.61],[75.2,13.25],[75.72,12.75],[75.72,12.25]]}},{"type":"Feature","properties":{"level":1016},"geometry":{"type":"LineString","coordinates":[[74.47,15.5],[75.12,16.0],[74.15,16.5],[74.25,17.27],[74.75,17.07],[74.9,17.25],[74.95,17.75],[74.63,18.0],[74.75,18.39],[75.5,18.51],[76.25,17.95],[77.55,17.5],[78.0,16.94],[78.33,17.25],[78.1,17.5],[78.25,17.68],[78.76,17.75],[78.25,18.58],[77.94,18.5],[78.4,18.0],[78.0,17.72],[77.8,18.25],[75.19,19.25],[74.92,19.5],[76.75,19.96],[76.82,20.25],[76.0,20.68],[74.75,20.39],[74.25,21.11],[73.35,20.5],[73.29,20.0],[73.57,19.5],[73.38,18.5],[73.66,17.25],[74.47,15.5]]}},{"type":"Feature","properties":{"level":1016},"geometry":{"type":"LineString","coordinates":[[82.11,18.0],[82.5,17.96],[82.89,18.25],[83.0,19.35],[82.11,18.0]]}},{"type":"Feature","properties":{"level":1016},"geometry":{"type":"LineString","coordinates":[[-99.87,19.25],[-99.62,19.25],[-99.33,19.75],[-99.5,20.28],[-99.96,20.0],[-99.87,19.25]]}},{"type":"Feature","properties":{"level":1016},"geometry":{"type":"LineString","coordinates":[[-98.8,19.25],[-98.5,19.2],[-98.25,19.63],[-97.75,19.41],[-97.68,19.75],[-98.5,20.16],[-98.47,19.75],[-98.75,19.67],[-98.8,19.25]]}},{"type":"Feature","properties":{"level":1016},"geometry":{"type":"LineString","coordinates":[[75.5,21.25],[75.75,21.15],[76.37,21.5],[75.25,21.64],[75.14,21.5],[75.5,21.25]]}},{"type":"Feature","properties":{"level":1016},"geometry":{"type":"LineString","coordinates":[[76.39,21.25],[77.25,21.16],[78.0,21.42],[79.0,21.95],[79.43,22.5],[78.25,22.52],[78.0,22.22],[77.5,22.41],[76.39,21.25]]}},{"type":"Feature","properties":{"level":1016},"geometry":{"type":"LineString","coordinates":[[73.84,21.75],[74.61,21.75],[73.84,21.75]]}},{"type":"Feature","properties":{"level":1016},"geometry":{"type":"LineString","coordinates":[[-11.74,22.25],[-11.36,22.25],[-11.17,22.5],[-11.69,22.5],[-11.74,22.25]]}},{"type":"Feature","properties":{"level":1016},"geometry":{"type":"LineString","coordinates":[[74.62,22.5],[75.75,22.36],[77.15,23.0],[77.0,23.21],[75.75,23.16],[74.75,24.11],[74.69,23.5],[74.93,23.0],[74.62,22.5]]}},{"type":"Feature","properties":{"level":1016},"geometry":{"type":"LineString","coordinates":[[70.85,23.25],[71.5,23.06],[71.77,23.25],[71.25,23.61],[70.85,23.25]]}},{"type":"Feature","properties":{"level":1016},"geometry":{"type":"LineString","coordinates":[[47.25,23.88],[47.25,24.26],[48.21,24.25],[47.25,23.88]]}},{"type":"Feature","properties":{"level":1016},"geometry":{"type":"LineString","coordinates":[[73.23,24.0],[73.5,23.92],[73.68,24.25],[73.75,25.33],[73.0,24.59],[72.71,24.75],[72.53,24.5],[72.75,24.22],[73.0,24.39],[73.23,24.0]]}},{"type":"Feature","properties":{"level":1016},"geometry":{"type":"LineString","coordinates":[[110.25,25.09],[110.25,25.41],[110.57,25.25],[110.25,25.09]]}},{"type":"Feature","properties":{"level":1016},"geometry":{"type":"LineString","coordinates":[[-180.0,25.85],[-179.5,26.14],[-179.5,26.51],[-177.67,26.75],[-174.75,28.62],[-172.75,30.51],[-170.48,33.25],[-166.5,36.18],[-162.0,38.43],[-159.25,39.04],[-156.5,40.39],[-155.61,40.5],[-154.75,40.99],[-152.75,41.54],[-152.48,40.75],[-152.5,36.75],[-151.76,33.5],[-151.45,30.5],[-150.0,26.48],[-149.5,26.01],[-148.5,24.19],[-146.0,22.65],[-145.0,22.38],[-143.75,22.56],[-141.75,22.12],[-140.75,22.14],[-139.25,22.99],[-138.75,22.97],[-138.58,23.25],[-136.75,23.84],[-130.27,30.75],[-128.54,33.75],[-127.72,39.0],[-127.05,41.25],[-126.25,42.33],[-124.75,43.21],[-124.0,43.3],[-123.75,42.43],[-122.5,42.56],[-122.64,42.25],[-122.25,42.0],[-122.19,41.5],[-121.75,41.25],[-121.36,42.25],[-120.38,42.25],[-120.84,43.25],[-120.25,43.77],[-118.75,43.77],[-117.77,44.5],[-117.75,44.75],[-116.5,44.7],[-115.88,43.75],[-115.25,43.32],[-114.25,43.35],[-113.25,43.7],[-112.5,44.36],[-112.22,44.25],[-112.16,43.75],[-111.74,43.75],[-112.7,42.5],[-112.1,42.0],[-111.71,40.25],[-111.96,39.75],[-111.75,39.25],[-112.25,39.2],[-112.44,38.75],[-112.88,38.5],[-113.25,37.57],[-113.63,37.5],[-112.75,37.19],[-111.69,37.5],[-111.13,38.0],[-111.3,38.75],[-110.75,39.56],[-110.0,39.43],[-109.75,39.1],[-108.75,39.38],[-108.31,39.25],[-108.41,39.0],[-109.0,38.9],[-109.4,38.5],[-109.5,38.01],[-110.0,37.74],[-109.25,37.75],[-107.75,36.52],[-107.25,36.5],[-107.22,35.75],[-108.5,35.77],[-108.94,36.5],[-109.25,36.57],[-109.56,35.75],[-109.15,35.25],[-109.3,35.0],[-109.09,34.75],[-110.25,34.35],[-111.33,35.0],[-111.75,35.67],[-112.0,35.74],[-112.3,35.25],[-111.75,34.95],[-111.5,34.5],[-110.5,34.19],[-109.75,33.39],[-109.0,33.34],[-107.75,32.76],[-107.12,34.0],[-107.56,34.5],[-107.55,35.0],[-107.0,35.6],[-106.35,35.5],[-106.54,35.25],[-106.5,34.25],[-105.91,33.75],[-106.0,33.25],[-105.75,32.57],[-105.23,32.75],[-105.11,33.75],[-104.5,34.9],[-103.24,34.5],[-103.03,34.75],[-104.6,35.25],[-104.25,35.91],[-103.29,36.25],[-103.5,36.79],[-104.75,37.71],[-105.26,38.5],[-104.01,39.0],[-105.26,39.75],[-105.03,41.0],[-105.4,42.5],[-106.0,42.66],[-107.0,41.83],[-108.25,41.82],[-109.11,43.25],[-108.88,43.75],[-109.41,45.25],[-110.2,45.75],[-110.05,46.75],[-110.5,47.12],[-111.25,47.14],[-111.55,46.75],[-111.25,46.8],[-110.97,46.25],[-111.38,45.75],[-112.0,45.83],[-112.09,46.0],[-111.78,46.25],[-112.16,46.75],[-112.29,48.0],[-112.72,48.75],[-111.75,49.46],[-111.43,49.5],[-110.75,48.93],[-110.0,48.95],[-109.0,48.25],[-107.5,48.1],[-104.75,46.75],[-104.28,45.75],[-104.38,44.75],[-104.62,44.5],[-104.06,43.75],[-104.5,43.67],[-104.75,44.04],[-105.53,43.75],[-104.74,43.0],[-104.93,42.75],[-104.5,42.42],[-103.0,42.37],[-101.5,43.03],[-99.75,43.33],[-99.25,43.18],[-97.75,43.48],[-95.25,43.19],[-93.75,43.72],[-92.25,43.8],[-91.67,44.5],[-91.42,45.75],[-92.0,46.09],[-92.02,46.5],[-92.7,47.0],[-92.93,47.5],[-94.17,47.5],[-94.01,48.0],[-95.0,47.9],[-97.1,49.0],[-97.61,49.5],[-97.59,50.5],[-97.75,50.64],[-98.0,50.2],[-98.38,50.5],[-97.96,50.75],[-98.42,51.5],[-98.0,51.75],[-99.02,53.25],[-98.74,54.0],[-99.18,55.0],[-102.5,56.72],[-102.85,57.0],[-102.61,57.25],[-102.87,57.75],[-105.42,59.25],[-105.48,59.75],[-104.94,60.25],[-104.9,61.0],[-106.31,62.25],[-106.08,62.75],[-106.03,64.0],[-105.18,65.25],[-100.3,69.75],[-100.08,70.25],[-100.15,71.5],[-99.69,72.0],[-99.81,72.25],[-101.5,73.35],[-110.25,75.24],[-111.25,75.23],[-118.5,76.51],[-121.89,77.5],[-124.04,78.75],[-124.2,79.25],[-124.02,80.0],[-123.09,80.75],[-121.25,81.36],[-117.0,82.19],[-100.5,84.04],[-70.35,86.0],[-42.5,88.27],[-20.25,89.02],[12.25,89.37],[70.0,89.36],[105.5,88.83],[123.25,87.99],[144.54,86.0],[170.25,84.65],[180.0,83.64]]}},{"type":"Feature","properties":{"level":1016},"geometry":{"type":"LineString","coordinates":[[63.5,27.43],[62.75,27.69],[62.43,28.25],[62.47,28.75],[63.5,29.17],[64.75,29.11],[64.93,29.0],[64.46,28.75],[65.0,28.58],[65.75,28.93],[65.57,28.25],[65.0,27.7],[63.5,27.43]]}},{"type":"Feature","properties":{"level":1016},"geometry":{"type":"LineString","coordinates":[[104.27,27.5],[104.5,27.31],[104.72,27.5],[104.18,28.0],[104.5,28.25],[104.44,28.75],[102.73,30.0],[105.15,32.25],[105.0,32.75],[105.54,33.0],[105.5,33.29],[104.25,32.46],[104.0,33.03],[103.75,31.57],[103.25,31.33],[102.75,31.5],[102.58,31.25],[102.75,30.75],[102.18,30.75],[102.42,30.5],[102.34,29.75],[102.93,29.25],[103.17,28.0],[103.5,28.21],[104.27,27.5]]}},{"type":"Feature","properties":{"level":1016},"geometry":{"type":"LineString","coordinates":[[88.0,28.2],[87.55,28.5],[87.75,28.67],[88.5,28.5],[88.57,28.25],[88.0,28.2]]}},{"type":"Feature","properties":{"level":1016},"geometry":{"type":"LineString","coordinates":[[99.93,28.25],[101.0,29.51],[101.25,29.1],[101.82,29.0],[102.0,28.68],[102.52,29.0],[102.13,29.25],[102.22,29.75],[101.75,30.78],[101.0,30.78],[100.5,31.33],[100.26,30.75],[100.43,30.5],[100.25,30.47],[100.0,31.43],[99.75,30.94],[99.5,31.05],[99.04,30.5],[99.34,30.25],[99.13,29.5],[99.75,29.24],[99.93,28.25]]}},{"type":"Feature","properties":{"level":1016},"geometry":{"type":"LineString","coordinates":[[8.0,28.7],[8.0,28.89],[8.0,28.7]]}},{"type":"Feature","properties":{"level":1016},"geometry":{"type":"LineString","coordinates":[[59.25,28.73],[57.75,30.54],[57.75,31.08],[58.25,31.15],[59.14,30.5],[59.68,29.25],[59.25,28.73]]}},{"type":"Feature","properties":{"level":1016},"geometry":{"type":"LineString","coordinates":[[-108.25,29.25],[-107.9,29.25],[-107.69,29.75],[-108.5,30.35],[-108.25,29.25]]}},{"type":"Feature","properties":{"level":1016},"geometry":{"type":"LineString","coordinates":[[65.0,29.71],[64.43,30.25],[64.75,31.0],[63.75,30.44],[63.5,31.17],[62.12,31.25],[62.3,32.0],[63.25,32.31],[64.0,31.91],[64.75,32.29],[65.25,31.82],[66.13,32.0],[66.14,31.5],[65.91,31.25],[66.24,31.0],[65.75,29.82],[65.5,30.34],[65.0,29.71]]}},{"type":"Feature","properties":{"level":1016},"geometry":{"type":"LineString","coordinates":[[-10.25,29.94],[-10.0,30.48],[-8.71,30.5],[-9.75,29.78],[-10.25,29.94]]}},{"type":"Feature","properties":{"level":1016},"geometry":{"type":"LineString","coordinates":[[86.38,30.5],[86.75,30.37],[88.0,30.98],[88.39,31.5],[87.75,31.8],[87.0,31.54],[86.25,31.63],[85.81,31.0],[86.38,30.5]]}},{"type":"Feature","properties":{"level":1016},"geometry":{"type":"LineString","coordinates":[[-10.0,30.53],[-10.23,30.75],[-10.0,31.1],[-10.0,30.53]]}},{"type":"Feature","properties":{"level":1016},"geometry":{"type":"LineString","coordinates":[[-52.75,32.21],[-53.5,32.75],[-53.23,33.0],[-53.1,34.0],[-52.25,34.3],[-51.5,34.21],[-51.0,33.73],[-51.02,33.25],[-52.0,32.87],[-52.18,32.75],[-51.95,32.5],[-52.75,32.21]]}},{"type":"Feature","properties":{"level":1016},"geometry":{"type":"LineString","coordinates":[[-7.25,32.08],[-7.5,32.54],[-6.25,33.26],[-5.82,33.0],[-5.74,32.75],[-6.25,32.32],[-7.25,32.08]]}},{"type":"Feature","properties":{"level":1016},"geometry":{"type":"LineString","coordinates":[[-4.75,33.97],[-4.92,34.0],[-4.75,33.97]]}},{"type":"Feature","properties":{"level":1016},"geometry":{"type":"LineString","coordinates":[[-7.75,34.22],[-8.5,34.41],[-8.8,34.75],[-9.07,36.5],[-8.97,37.0],[-7.94,37.25],[-7.87,37.75],[-7.5,37.98],[-6.5,37.54],[-4.96,37.5],[-5.85,36.5],[-5.75,36.14],[-4.5,36.87],[-2.75,36.71],[-1.25,37.51],[-0.25,37.51],[0.46,36.75],[0.79,35.75],[0.37,35.5],[0.17,35.0],[-0.25,34.86],[-1.0,35.1],[-4.5,35.19],[-5.25,35.5],[-5.5,35.91],[-5.86,35.75],[-7.0,34.31],[-7.75,34.22]]}},{"type":"Feature","properties":{"level":1016},"geometry":{"type":"LineString","coordinates":[[-3.5,34.12],[-3.61,34.25],[-3.25,34.62],[-2.5,34.5],[-3.5,34.12]]}},{"type":"Feature","properties":{"level":1016},"geometry":{"type":"LineString","coordinates":[[-94.38,35.75],[-92.64,35.75],[-93.03,36.5],[-91.5,37.01],[-90.95,37.5],[-91.0,37.75],[-93.0,37.45],[-94.29,37.0],[-94.46,36.75],[-94.38,35.75]]}},{"type":"Feature","properties":{"level":1016},"geometry":{"type":"LineString","coordinates":[[-118.6,36.0],[-118.5,35.81],[-118.03,36.0],[-118.35,37.25],[-118.07,37.5],[-118.15,37.75],[-120.42,40.25],[-120.41,40.75],[-120.75,41.27],[-120.91,41.0],[-121.69,40.75],[-121.5,40.0],[-120.88,39.5],[-118.6,36.0]]}},{"type":"Feature","properties":{"level":1016},"geometry":{"type":"LineString","coordinates":[[-0.4,36.25],[-0.2,36.25],[-0.4,36.25]]}},{"type":"Feature","properties":{"level":1016},"geometry":{"type":"LineString","coordinates":[[81.0,36.73],[80.66,37.5],[81.32,38.25],[80.73,38.75],[81.5,39.68],[83.0,40.39],[84.0,40.56],[87.25,39.33],[89.03,39.25],[84.5,37.18],[81.75,36.59],[81.0,36.73]]}},{"type":"Feature","properties":{"level":1016},"geometry":{"type":"LineString","coordinates":[[94.25,37.17],[93.16,37.75],[93.27,38.25],[93.05,38.75],[93.22,39.0],[95.0,38.3],[95.19,38.0],[95.23,37.75],[94.59,37.5],[94.5,37.04],[94.25,37.17]]}},{"type":"Feature","properties":{"level":1016},"geometry":{"type":"LineString","coordinates":[[111.75,37.11],[111.75,37.33],[112.5,37.81],[112.75,37.58],[111.75,37.11]]}},{"type":"Feature","properties":{"level":1016},"geometry":{"type":"LineString","coordinates":[[97.07,37.5],[98.0,37.37],[98.09,37.75],[97.5,37.83],[97.07,37.5]]}},{"type":"Feature","properties":{"level":1016},"geometry":{"type":"LineString","coordinates":[[-114.09,37.75],[-113.41,38.25],[-114.06,39.0],[-114.1,39.5],[-113.89,39.75],[-114.71,40.25],[-114.75,40.5],[-115.16,40.25],[-115.51,39.0],[-114.09,37.75]]}},{"type":"Feature","properties":{"level":1016},"geometry":{"type":"LineString","coordinates":[[-116.93,38.5],[-116.75,38.41],[-116.04,39.0],[-116.25,39.39],[-116.5,39.44],[-117.0,38.92],[-117.25,39.4],[-117.74,39.25],[-117.64,38.75],[-116.93,38.5]]}},{"type":"Feature","properties":{"level":1016},"geometry":{"type":"LineString","coordinates":[[94.5,38.56],[94.5,39.04],[95.25,39.01],[95.51,38.75],[94.5,38.56]]}},{"type":"Feature","properties":{"level":1016},"geometry":{"type":"LineString","coordinates":[[-110.0,39.57],[-110.13,40.25],[-109.25,40.56],[-108.75,40.43],[-108.5,40.95],[-108.0,41.22],[-108.0,40.56],[-108.5,40.08],[-110.0,39.57]]}},{"type":"Feature","properties":{"level":1016},"geometry":{"type":"LineString","coordinates":[[112.27,40.25],[112.83,40.25],[112.39,40.5],[112.83,41.0],[112.72,41.25],[112.0,41.36],[111.27,41.0],[112.14,40.75],[111.95,40.5],[112.27,40.25]]}},{"type":"Feature","properties":{"level":1016},"geometry":{"type":"LineString","coordinates":[[117.12,40.25],[117.71,40.25],[117.5,40.55],[117.12,40.25]]}},{"type":"Feature","properties":{"level":1016},"geometry":{"type":"LineString","coordinates":[[119.13,40.25],[119.25,40.1],[119.58,40.25],[119.13,40.25]]}},{"type":"Feature","properties":{"level":1016},"geometry":{"type":"LineString","coordinates":[[-120.34,41.0],[-120.12,41.25],[-120.25,42.13],[-120.34,41.0]]}},{"type":"Feature","properties":{"level":1016},"geometry":{"type":"LineString","coordinates":[[-116.05,41.25],[-115.0,41.15],[-114.04,42.0],[-114.25,42.27],[-114.5,41.81],[-114.75,41.81],[-115.0,42.11],[-115.5,41.99],[-116.0,42.21],[-116.05,41.25]]}},{"type":"Feature","properties":{"level":1016},"geometry":{"type":"LineString","coordinates":[[129.25,42.47],[129.19,42.75],[129.5,42.75],[129.25,42.47]]}},{"type":"Feature","properties":{"level":1016},"geometry":{"type":"LineString","coordinates":[[14.0,42.68],[14.0,42.86],[14.4,42.75],[14.0,42.68]]}},{"type":"Feature","properties":{"level":1016},"geometry":{"type":"LineString","coordinates":[[-152.25,43.18],[-151.84,44.25],[-151.2,44.75],[-151.25,44.95],[-151.75,44.93],[-151.75,45.28],[-151.25,45.02],[-150.41,46.0],[-148.25,46.74],[-148.09,46.5],[-148.25,46.12],[-150.0,44.44],[-151.23,43.5],[-152.25,43.18]]}},{"type":"Feature","properties":{"level":1016},"geometry":{"type":"LineString","coordinates":[[-107.34,43.5],[-107.25,43.34],[-107.02,43.5],[-106.78,44.25],[-107.0,44.63],[-107.75,45.0],[-107.84,44.75],[-107.13,43.75],[-107.34,43.5]]}},{"type":"Feature","properties":{"level":1016},"geometry":{"type":"LineString","coordinates":[[180.0,43.53],[175.75,41.21],[167.0,37.26],[164.44,35.5],[163.87,34.75],[164.05,34.25],[163.51,33.5],[163.69,32.75],[164.36,31.75],[164.3,30.75],[164.64,29.75],[167.25,27.48],[175.75,25.52],[177.75,25.37],[180.0,25.85]]}},{"type":"Feature","properties":{"level":1016},"geometry":{"type":"LineString","coordinates":[[145.5,43.98],[145.72,44.0],[145.5,43.98]]}},{"type":"Feature","properties":{"level":1016},"geometry":{"type":"LineString","coordinates":[[-121.0,44.73],[-121.15,45.25],[-120.94,45.75],[-120.29,46.0],[-120.69,46.5],[-120.06,46.75],[-120.0,47.4],[-119.5,48.02],[-118.0,47.58],[-117.62,47.25],[-117.41,46.75],[-118.5,45.87],[-120.25,45.12],[-120.14,44.75],[-120.75,45.08],[-121.0,44.73]]}},{"type":"Feature","properties":{"level":1016},"geometry":{"type":"LineString","coordinates":[[113.91,45.0],[114.5,44.86],[115.63,45.25],[115.0,45.94],[114.25,45.96],[113.94,45.75],[113.91,45.0]]}},{"type":"Feature","properties":{"level":1016},"geometry":{"type":"LineString","coordinates":[[137.5,45.85],[137.28,46.0],[137.72,46.0],[137.5,45.85]]}},{"type":"Feature","properties":{"level":1016},"geometry":{"type":"LineString","coordinates":[[116.75,50.98],[115.91,51.75],[117.79,51.75],[117.92,51.5],[117.75,51.29],[116.75,50.98]]}},{"type":"Feature","properties":{"level":1016},"geometry":{"type":"LineString","coordinates":[[-98.75,51.13],[-98.75,51.52],[-98.56,51.25],[-98.75,51.13]]}},{"type":"Feature","properties":{"level":1016},"geometry":{"type":"LineString","coordinates":[[111.0,52.72],[110.25,52.9],[110.15,53.25],[110.68,53.75],[110.5,53.98],[109.94,54.0],[111.0,55.52],[112.25,55.33],[112.06,54.75],[113.25,54.5],[113.75,54.06],[115.46,54.0],[114.25,53.44],[112.64,53.75],[112.5,54.37],[111.46,53.75],[111.33,53.0],[111.0,52.72]]}},{"type":"Feature","properties":{"level":1016},"geometry":{"type":"LineString","coordinates":[[-65.64,66.75],[-65.0,66.6],[-64.54,67.0],[-65.0,67.39],[-65.75,67.52],[-65.58,67.25],[-65.89,67.0],[-65.64,66.75]]}},{"type":"Feature","properties":{"level":1016},"geometry":{"type":"LineString","coordinates":[[93.43,68.75],[93.75,68.5],[94.0,68.8],[94.36,68.75],[94.34,69.25],[94.0,69.35],[92.91,69.0],[93.43,68.75]]}},{"type":"Feature","properties":{"level":1016},"geometry":{"type":"LineString","coordinates":[[97.45,68.75],[98.0,68.67],[98.18,69.0],[97.73,69.25],[96.29,69.25],[97.45,68.75]]}},{"type":"Feature","properties":{"level":1016},"geometry":{"type":"LineString","coordinates":[[-35.9,69.25],[-34.0,69.0],[-32.18,69.5],[-32.03,69.75],[-33.75,70.46],[-34.75,70.5],[-36.25,69.75],[-36.26,69.5],[-35.9,69.25]]}},{"type":"Feature","properties":{"level":1016},"geometry":{"type":"LineString","coordinates":[[-72.12,69.5],[-70.59,69.5],[-70.6,69.75],[-71.21,70.25],[-70.86,70.5],[-72.25,70.44],[-72.5,70.85],[-73.5,70.83],[-73.78,71.0],[-73.48,71.25],[-74.57,71.5],[-76.25,71.66],[-77.02,71.5],[-77.08,71.25],[-76.53,71.0],[-75.5,70.83],[-75.46,70.5],[-74.25,70.52],[-73.25,70.26],[-72.12,69.75],[-72.12,69.5]]}},{"type":"Feature","properties":{"level":1016},"geometry":{"type":"LineString","coordinates":[[99.23,69.5],[100.5,69.42],[100.55,70.25],[98.52,70.0],[99.23,69.5]]}},{"type":"Feature","properties":{"level":1016},"geometry":{"type":"LineString","coordinates":[[104.94,69.5],[106.5,69.4],[106.5,70.08],[109.25,69.73],[110.43,70.5],[107.25,70.96],[103.96,71.0],[105.69,70.5],[104.94,69.5]]}},{"type":"Feature","properties":{"level":1016},"geometry":{"type":"LineString","coordinates":[[-28.61,70.5],[-28.25,70.37],[-27.35,70.75],[-27.5,70.97],[-28.61,70.5]]}},{"type":"Feature","properties":{"level":1016},"geometry":{"type":"LineString","coordinates":[[101.73,70.5],[102.12,70.5],[101.73,70.5]]}},{"type":"Feature","properties":{"level":1016},"geometry":{"type":"LineString","coordinates":[[-28.31,71.0],[-27.75,71.1],[-27.25,71.6],[-26.33,71.5],[-27.0,71.79],[-27.5,71.62],[-27.75,71.93],[-28.5,72.12],[-29.77,71.75],[-28.8,71.5],[-28.75,71.22],[-28.31,71.0]]}},{"type":"Feature","properties":{"level":1016},"geometry":{"type":"LineString","coordinates":[[-27.58,72.75],[-27.25,72.64],[-27.07,73.0],[-26.5,73.25],[-25.26,73.25],[-26.3,73.5],[-26.0,73.81],[-25.08,74.0],[-25.42,74.25],[-25.0,74.58],[-23.97,74.5],[-24.25,75.15],[-24.75,75.17],[-25.25,74.82],[-25.75,75.15],[-26.5,75.09],[-27.36,74.75],[-27.16,74.5],[-27.37,74.25],[-28.95,73.5],[-27.64,73.0],[-27.58,72.75]]}},{"type":"Feature","properties":{"level":1016},"geometry":{"type":"LineString","coordinates":[[-53.08,73.75],[-52.0,73.57],[-51.25,73.94],[-48.0,74.32],[-45.75,74.99],[-41.5,74.96],[-37.25,75.56],[-36.47,75.5],[-40.34,74.75],[-35.0,74.67],[-34.47,74.75],[-34.34,75.0],[-29.25,75.34],[-28.25,75.72],[-26.5,75.86],[-22.75,75.93],[-22.0,75.46],[-21.62,76.0],[-24.25,76.51],[-24.32,76.75],[-23.08,77.75],[-21.75,78.0],[-21.63,78.5],[-22.5,79.08],[-24.46,79.75],[-21.0,80.08],[-19.89,80.75],[-22.5,80.36],[-24.0,80.91],[-24.5,81.32],[-27.25,81.52],[-27.96,81.75],[-28.0,82.05],[-29.64,82.5],[-33.23,82.75],[-31.25,83.18],[-29.12,83.25],[-29.5,83.32],[-33.75,82.97],[-36.75,83.36],[-40.5,82.72],[-42.75,83.02],[-44.5,82.77],[-44.75,82.45],[-46.0,82.32],[-45.25,81.88],[-46.85,81.75],[-45.52,81.5],[-50.25,81.77],[-51.25,81.37],[-52.75,81.52],[-53.25,81.32],[-55.25,81.69],[-55.79,81.5],[-55.18,81.25],[-59.25,81.11],[-59.63,81.0],[-59.1,80.75],[-59.5,80.64],[-61.0,80.84],[-61.16,80.75],[-60.75,80.37],[-59.96,80.25],[-60.5,79.99],[-62.0,80.04],[-62.22,79.75],[-66.44,78.25],[-64.25,77.87],[-63.5,77.09],[-61.5,77.08],[-57.71,76.5],[-54.07,75.0],[-53.9,74.25],[-53.08,73.75]]}},{"type":"Feature","properties":{"level":1016},"geometry":{"type":"LineString","coordinates":[[-25.25,76.46],[-24.26,76.5],[-25.25,76.46]]}},{"type":"Feature","properties":{"level":1016},"geometry":{"type":"LineString","coordinates":[[-21.86,77.25],[-21.75,77.37],[-21.86,77.25]]}},{"type":"Feature","properties":{"level":1016},"geometry":{"type":"LineString","coordinates":[[-74.09,80.25],[-69.95,80.5],[-70.43,80.75],[-70.25,80.91],[-68.75,80.75],[-66.5,81.71],[-64.97,82.0],[-65.25,82.18],[-69.0,82.23],[-71.0,82.11],[-71.29,82.0],[-71.12,81.75],[-71.5,81.69],[-72.02,81.75],[-72.21,82.0],[-73.75,82.11],[-74.25,82.06],[-74.35,81.75],[-74.75,81.68],[-78.25,81.9],[-78.73,81.75],[-77.0,81.07],[-71.26,81.0],[-74.09,80.25]]}},{"type":"Feature","properties":{"level":1016},"geometry":{"type":"LineString","coordinates":[[-65.75,81.5],[-65.48,81.5],[-65.75,81.5]]}},{"type":"Feature","properties":{"level":1016},"geometry":{"type":"LineString","coordinates":[[-82.95,82.0],[-79.23,82.0],[-79.75,82.26],[-82.95,82.0]]}},{"type":"Feature","properties":{"level":1016},"geometry":{"type":"LineString","coordinates":[[-71.1,82.5],[-69.82,82.5],[-71.1,82.5]]}},{"type":"Feature","properties":{"level":1016},"geometry":{"type":"LineString","coordinates":[[-43.5,82.44],[-43.69,82.5],[-43.0,82.72],[-41.93,82.5],[-43.5,82.44]]}},{"type":"Feature","properties":{"level":1016},"geometry":{"type":"LineString","coordinates":[[-68.64,82.75],[-68.0,82.75],[-68.64,82.75]]}},{"type":"Feature","properties":{"level":1016},"geometry":{"type":"LineString","coordinates":[[-180.0,83.64],[-162.75,80.99],[-159.0,79.74],[-157.69,78.75],[-157.4,78.0],[-157.81,77.25],[-160.17,74.75],[-160.13,74.0],[-159.34,73.0],[-159.76,71.75],[-160.37,71.25],[-163.75,70.17],[-165.5,69.26],[-167.0,68.24],[-169.23,65.5],[-169.49,64.25],[-168.45,60.5],[-168.37,56.25],[-169.02,54.0],[-170.74,51.0],[-171.5,49.95],[-174.5,47.09],[-177.75,44.66],[-180.0,43.53]]}},{"type":"Feature","properties":{"level":1020},"geometry":{"type":"LineString","coordinates":[[57.43,-87.5],[61.5,-87.71],[69.75,-87.68],[87.25,-87.33],[99.68,-86.75],[109.17,-85.75],[109.06,-85.5],[102.25,-85.14],[97.5,-85.2],[94.5,-85.61],[82.5,-85.74],[57.75,-86.99],[57.3,-87.25],[57.43,-87.5]]}},{"type":"Feature","properties":{"level":1020},"geometry":{"type":"LineString","coordinates":[[86.34,-83.75],[99.75,-83.76],[109.0,-83.11],[111.0,-82.31],[115.75,-81.85],[116.51,-81.5],[116.56,-81.25],[114.89,-80.75],[115.37,-80.5],[115.44,-80.0],[121.9,-78.25],[121.25,-77.99],[116.25,-77.92],[102.5,-78.64],[98.75,-79.1],[95.0,-79.87],[83.49,-80.25],[78.33,-80.75],[74.58,-81.5],[75.0,-81.81],[76.94,-82.25],[77.04,-82.5],[76.36,-82.75],[77.25,-83.11],[86.34,-83.75]]}},{"type":"Feature","properties":{"level":1020},"geometry":{"type":"LineString","coordinates":[[53.47,-82.0],[55.0,-82.09],[55.92,-81.75],[53.03,-81.75],[53.47,-82.0]]}},{"type":"Feature","properties":{"level":1020},"geometry":{"type":"LineString","coordinates":[[47.94,-80.25],[48.82,-80.25],[49.21,-80.0],[47.25,-79.18],[46.25,-78.46],[44.0,-78.16],[42.91,-79.0],[43.1,-79.5],[43.75,-79.83],[47.94,-80.25]]}},{"type":"Feature","properties":{"level":1020},"geometry":{"type":"LineString","coordinates":[[-70.6,-57.0],[-67.25,-57.19],[-63.88,-57.0],[-60.0,-56.19],[-56.78,-55.25],[-51.0,-52.6],[-45.75,-50.98],[-44.43,-50.0],[-44.09,-49.0],[-44.14,-47.75],[-43.55,-46.75],[-43.54,-45.75],[-43.25,-45.38],[-40.0,-43.89],[-38.5,-43.68],[-38.29,-43.5],[-38.5,-43.23],[-37.4,-43.0],[-35.72,-41.75],[-32.5,-40.48],[-31.0,-39.65],[-30.25,-39.52],[-29.0,-38.67],[-25.85,-37.5],[-24.5,-36.61],[-21.0,-35.6],[-19.0,-35.54],[-18.0,-35.86],[-17.71,-35.5],[-17.86,-35.25],[-17.25,-34.53],[-16.75,-34.74],[-16.49,-34.5],[-17.3,-34.0],[-17.25,-33.12],[-16.75,-33.42],[-16.51,-33.25],[-17.55,-32.75],[-17.64,-32.5],[-17.23,-31.75],[-17.88,-31.0],[-17.17,-30.0],[-17.66,-29.75],[-17.77,-29.25],[-18.75,-28.84],[-19.75,-29.12],[-20.0,-28.86],[-21.25,-28.9],[-23.25,-28.39],[-24.0,-28.07],[-24.5,-27.18],[-25.0,-27.23],[-25.25,-26.8],[-25.5,-27.12],[-26.0,-27.14],[-26.13,-27.5],[-26.5,-27.68],[-28.25,-27.82],[-29.5,-27.35],[-30.5,-27.42],[-30.72,-27.5],[-30.3,-27.75],[-30.21,-28.25],[-31.25,-29.53],[-34.75,-30.37],[-39.5,-31.99],[-41.0,-31.92],[-41.91,-33.5],[-42.5,-34.07],[-43.5,-34.33],[-43.75,-34.77],[-44.5,-34.66],[-45.0,-35.18],[-45.5,-35.1],[-46.11,-36.0],[-48.25,-37.39],[-49.5,-38.62],[-54.0,-39.4],[-59.25,-38.54],[-62.25,-37.7],[-65.5,-35.4],[-66.5,-34.98],[-67.75,-33.26],[-68.5,-32.9],[-69.0,-33.19],[-69.25,-33.08],[-69.88,-32.0],[-69.8,-30.75],[-69.32,-29.75],[-69.23,-28.75],[-68.15,-27.25],[-68.19,-26.25],[-68.5,-26.14],[-68.83,-26.5],[-68.99,-27.25],[-70.07,-28.5],[-70.08,-29.0],[-70.51,-29.5],[-70.38,-30.0],[-70.73,-31.25],[-70.2,-33.0],[-70.23,-34.75],[-70.0,-34.93],[-69.75,-34.8],[-69.25,-34.11],[-68.76,-35.25],[-68.4,-35.5],[-68.75,-35.93],[-69.25,-35.79],[-69.5,-36.18],[-69.75,-35.97],[-70.21,-37.0],[-71.0,-37.01],[-71.54,-37.75],[-72.61,-41.5],[-72.5,-42.15],[-73.03,-44.25],[-73.5,-45.01],[-74.0,-45.03],[-75.0,-46.31],[-75.75,-46.78],[-77.25,-44.75],[-79.0,-43.03],[-80.73,-40.5],[-81.86,-37.0],[-82.32,-34.0],[-82.35,-31.0],[-83.63,-28.5],[-84.74,-27.25],[-85.75,-27.15],[-86.25,-26.72],[-86.75,-27.11],[-87.0,-26.38],[-87.4,-26.25],[-87.75,-25.54],[-90.25,-24.96],[-92.25,-25.33],[-95.0,-25.43],[-95.25,-25.77],[-96.56,-26.25],[-96.75,-26.53],[-98.0,-26.57],[-99.25,-27.91],[-99.5,-27.73],[-99.56,-28.25],[-99.14,-28.5],[-99.66,-28.75],[-99.8,-29.5],[-98.6,-32.75],[-98.09,-33.25],[-98.42,-34.5],[-98.47,-36.0],[-98.19,-37.25],[-98.37,-39.25],[-98.29,-40.0],[-97.93,-40.5],[-97.75,-42.84],[-97.0,-44.54],[-94.13,-48.0],[-90.25,-51.23],[-88.25,-52.34],[-85.0,-53.69],[-77.4,-56.0],[-70.6,-57.0]]}},{"type":"Feature","properties":{"level":1020},"geometry":{"type":"LineString","coordinates":[[-180.0,-54.6],[-175.31,-53.5],[-169.36,-51.5],[-166.77,-50.25],[-165.32,-49.25],[-163.93,-47.25],[-163.0,-46.77],[-153.75,-45.25],[-151.11,-44.5],[-147.25,-43.01],[-144.29,-41.0],[-142.75,-38.67],[-140.25,-36.38],[-137.55,-35.5],[-132.25,-32.42],[-128.37,-31.0],[-126.61,-29.75],[-126.6,-29.25],[-126.78,-28.75],[-126.68,-27.5],[-127.0,-26.39],[-128.0,-25.62],[-131.75,-24.1],[-133.0,-23.22],[-138.75,-21.6],[-140.75,-21.74],[-141.5,-21.48],[-146.25,-21.15],[-147.5,-21.28],[-149.75,-20.84],[-154.25,-20.9],[-155.5,-21.16],[-156.75,-21.03],[-159.5,-21.45],[-162.25,-21.25],[-165.5,-21.79],[-166.25,-21.7],[-167.25,-22.04],[-168.25,-21.98],[-169.5,-22.4],[-171.5,-22.14],[-172.74,-22.75],[-173.25,-22.63],[-175.25,-23.44],[-176.25,-24.45],[-176.85,-24.5],[-177.09,-25.0],[-177.5,-24.87],[-178.0,-25.9],[-178.5,-26.17],[-179.5,-25.92],[-180.0,-26.51]]}},{"type":"Feature","properties":{"level":1020},"geometry":{"type":"LineString","coordinates":[[50.16,-53.5],[52.25,-53.62],[54.75,-53.4],[60.5,-52.43],[64.25,-51.27],[69.0,-50.17],[70.25,-49.57],[73.0,-48.78],[86.25,-45.63],[89.04,-44.5],[91.78,-43.0],[99.17,-38.0],[107.84,-31.25],[108.76,-30.25],[109.4,-28.0],[108.73,-26.0],[106.33,-24.25],[103.02,-20.5],[99.23,-18.75],[93.5,-17.18],[91.25,-16.82],[88.75,-16.95],[87.25,-16.51],[86.0,-16.49],[84.25,-15.81],[78.25,-15.34],[73.25,-16.04],[72.5,-15.88],[70.0,-16.13],[65.75,-15.67],[62.5,-16.33],[58.0,-16.45],[54.75,-15.87],[53.25,-15.03],[52.75,-15.03],[50.25,-13.56],[49.5,-13.59],[49.03,-14.0],[49.0,-14.67],[48.73,-14.5],[48.99,-15.5],[47.86,-16.5],[47.75,-17.01],[47.37,-17.0],[46.3,-18.5],[46.61,-19.0],[46.47,-20.0],[46.86,-20.25],[46.41,-20.5],[47.27,-21.0],[47.03,-21.75],[46.5,-22.29],[46.0,-22.44],[45.9,-22.75],[46.27,-23.0],[46.5,-23.67],[46.94,-23.75],[47.0,-24.27],[47.12,-23.75],[47.5,-23.46],[48.19,-24.0],[47.97,-25.25],[46.88,-27.25],[44.5,-28.92],[43.5,-29.19],[41.55,-32.25],[41.55,-34.25],[42.56,-37.0],[42.36,-37.5],[42.74,-38.25],[42.5,-38.41],[42.0,-37.81],[40.7,-37.25],[38.92,-35.5],[37.21,-31.0],[37.7,-29.75],[37.73,-28.75],[39.86,-26.75],[40.17,-25.5],[40.04,-25.25],[39.35,-24.5],[38.0,-23.67],[35.5,-23.11],[35.5,-21.93],[34.82,-21.25],[34.18,-19.25],[34.3,-18.5],[33.66,-17.75],[33.25,-17.58],[32.25,-18.13],[32.0,-17.86],[30.57,-18.0],[29.75,-18.79],[29.0,-18.37],[29.07,-18.75],[28.43,-20.0],[26.25,-21.5],[25.82,-22.5],[26.33,-23.0],[25.44,-23.5],[24.94,-24.5],[25.51,-25.5],[25.46,-26.5],[26.0,-26.93],[26.75,-26.76],[27.28,-27.75],[27.19,-28.25],[26.43,-29.25],[26.5,-29.6],[26.75,-29.47],[27.92,-30.25],[27.64,-30.5],[28.0,-30.65],[28.27,-30.25],[28.0,-29.97],[29.0,-29.86],[29.5,-29.24],[30.0,-29.41],[30.8,-29.25],[31.73,-30.0],[32.07,-31.0],[31.88,-32.0],[31.28,-32.75],[31.07,-33.5],[31.24,-34.5],[30.59,-35.75],[30.13,-36.0],[30.07,-37.75],[29.14,-39.0],[30.4,-41.5],[33.86,-45.25],[40.5,-49.94],[45.0,-52.3],[48.0,-53.21],[50.16,-53.5]]}},{"type":"Feature","properties":{"level":1020},"geometry":{"type":"LineString","coordinates":[[69.5,-49.7],[69.12,-49.25],[69.25,-49.1],[69.69,-49.5],[69.5,-49.7]]}},{"type":"Feature","properties":{"level":1020},"geometry":{"type":"LineString","coordinates":[[172.0,-41.08],[172.0,-40.92],[172.0,-41.08]]}},{"type":"Feature","properties":{"level":1020},"geometry":{"type":"LineString","coordinates":[[-177.0,-37.8],[-178.25,-37.5],[-178.85,-37.0],[-178.93,-36.5],[-178.43,-35.75],[-176.75,-34.84],[-175.5,-34.87],[-174.6,-35.25],[-174.17,-36.0],[-174.41,-36.75],[-175.75,-37.5],[-177.0,-37.8]]}},{"type":"Feature","properties":{"level":1020},"geometry":{"type":"LineString","coordinates":[[42.0,-34.68],[41.78,-34.5],[42.0,-34.37],[42.0,-34.68]]}},{"type":"Feature","properties":{"level":1020},"geometry":{"type":"LineString","coordinates":[[-16.85,-34.0],[-16.4,-34.0],[-16.85,-34.0]]}},{"type":"Feature","properties":{"level":1020},"geometry":{"type":"LineString","coordinates":[[-98.78,-33.5],[-98.5,-33.48],[-98.5,-33.16],[-98.78,-33.5]]}},{"type":"Feature","properties":{"level":1020},"geometry":{"type":"LineString","coordinates":[[-18.5,-33.52],[-18.52,-32.5],[-18.91,-31.75],[-18.75,-31.61],[-18.03,-32.25],[-18.37,-33.25],[-18.21,-33.5],[-18.5,-33.52]]}},{"type":"Feature","properties":{"level":1020},"geometry":{"type":"LineString","coordinates":[[13.98,-33.0],[14.42,-33.0],[14.75,-32.49],[15.5,-32.47],[15.46,-31.5],[13.17,-28.75],[12.79,-28.0],[9.76,-25.25],[5.5,-22.92],[3.0,-22.43],[1.25,-21.58],[-2.0,-21.27],[-4.0,-20.69],[-5.25,-20.69],[-7.75,-21.32],[-10.75,-21.46],[-13.0,-22.38],[-14.75,-22.52],[-16.25,-22.99],[-18.75,-22.76],[-19.5,-23.07],[-21.25,-22.8],[-23.5,-22.99],[-23.53,-23.25],[-22.52,-24.0],[-22.75,-24.25],[-24.25,-23.83],[-25.25,-23.93],[-27.11,-24.75],[-27.25,-25.25],[-26.29,-26.0],[-25.75,-26.03],[-25.5,-26.67],[-24.0,-26.8],[-23.5,-27.05],[-22.0,-26.99],[-19.25,-27.6],[-18.75,-27.38],[-17.75,-27.79],[-17.0,-27.45],[-15.75,-27.41],[-10.25,-28.05],[-9.5,-27.96],[-5.5,-28.96],[-0.75,-29.76],[9.75,-32.4],[13.98,-33.0]]}},{"type":"Feature","properties":{"level":1020},"geometry":{"type":"LineString","coordinates":[[-16.94,-32.5],[-16.46,-32.5],[-16.75,-32.33],[-16.94,-32.5]]}},{"type":"Feature","properties":{"level":1020},"geometry":{"type":"LineString","coordinates":[[-31.03,-28.0],[-30.83,-28.0],[-31.03,-28.0]]}},{"type":"Feature","properties":{"level":1020},"geometry":{"type":"LineString","coordinates":[[180.0,-26.51],[179.5,-26.6],[179.0,-26.31],[177.68,-27.5],[176.87,-29.0],[175.64,-36.5],[176.0,-37.25],[176.0,-37.89],[176.47,-38.5],[175.59,-39.5],[175.69,-39.75],[175.25,-39.78],[174.25,-39.15],[172.75,-39.2],[171.73,-40.25],[171.75,-40.88],[170.5,-40.96],[166.0,-42.26],[163.0,-42.42],[161.75,-41.77],[160.04,-40.0],[159.25,-38.93],[158.81,-37.75],[158.74,-35.25],[159.15,-33.25],[160.0,-30.71],[161.0,-28.75],[161.03,-28.0],[160.5,-26.25],[158.0,-24.99],[154.75,-24.22],[151.75,-23.99],[151.01,-25.25],[152.0,-25.63],[152.26,-26.75],[152.12,-27.25],[152.54,-27.75],[152.28,-28.25],[152.41,-30.0],[152.16,-31.0],[151.25,-32.04],[150.5,-32.09],[149.9,-32.5],[150.25,-32.75],[149.72,-33.25],[150.0,-33.64],[149.36,-33.75],[149.75,-33.76],[149.85,-34.25],[149.25,-34.14],[148.25,-34.42],[147.56,-35.25],[146.25,-35.91],[145.57,-36.75],[145.5,-37.23],[146.0,-37.52],[147.0,-36.68],[147.51,-36.75],[147.47,-36.25],[147.75,-35.88],[148.12,-36.0],[148.0,-36.58],[148.35,-36.5],[148.5,-35.75],[148.75,-35.58],[149.53,-36.0],[149.19,-37.75],[148.0,-37.62],[147.25,-37.86],[146.28,-38.75],[146.25,-39.18],[145.3,-40.0],[144.98,-40.75],[145.5,-41.38],[146.5,-41.87],[147.5,-42.02],[148.0,-41.49],[148.23,-41.75],[148.34,-45.25],[149.11,-46.5],[151.11,-48.5],[153.75,-50.43],[157.92,-52.5],[163.0,-54.07],[168.75,-55.03],[174.75,-55.19],[180.0,-54.6]]}},{"type":"Feature","properties":{"level":1020},"geometry":{"type":"LineString","coordinates":[[-68.54,-24.75],[-66.96,-23.75],[-67.14,-23.25],[-66.94,-22.5],[-68.0,-21.33],[-68.3,-21.75],[-67.84,-23.75],[-68.25,-24.36],[-68.5,-24.37],[-68.54,-24.75]]}},{"type":"Feature","properties":{"level":1020},"geometry":{"type":"LineString","coordinates":[[47.75,-22.5],[47.46,-22.0],[48.0,-21.72],[47.75,-22.5]]}},{"type":"Feature","properties":{"level":1020},"geometry":{"type":"LineString","coordinates":[[-69.79,-17.5],[-69.66,-17.25],[-70.5,-16.14],[-70.53,-17.0],[-69.79,-17.5]]}},{"type":"Feature","properties":{"level":1020},"geometry":{"type":"LineString","coordinates":[[-74.83,-13.25],[-75.0,-11.82],[-75.75,-11.56],[-75.86,-10.75],[-76.54,-10.5],[-76.75,-10.12],[-76.69,-11.0],[-76.0,-12.28],[-74.83,-13.25]]}},{"type":"Feature","properties":{"level":1020},"geometry":{"type":"LineString","coordinates":[[34.72,-9.75],[35.33,-9.5],[35.25,-8.94],[34.25,-9.25],[34.72,-9.75]]}},{"type":"Feature","properties":{"level":1020},"geometry":{"type":"LineString","coordinates":[[38.41,6.25],[38.5,6.07],[40.39,7.0],[40.5,7.25],[39.66,7.5],[40.07,7.75],[40.0,8.42],[39.25,8.19],[38.41,6.25]]}},{"type":"Feature","properties":{"level":1020},"geometry":{"type":"LineString","coordinates":[[38.19,9.25],[39.0,9.04],[39.25,9.32],[39.5,9.2],[39.82,9.75],[39.5,13.14],[39.38,12.5],[38.87,11.75],[39.08,11.25],[38.76,11.0],[39.63,10.0],[39.5,9.74],[38.19,9.25]]}},{"type":"Feature","properties":{"level":1020},"geometry":{"type":"LineString","coordinates":[[18.47,19.75],[18.75,19.76],[18.71,20.5],[20.17,23.25],[21.25,24.13],[22.07,24.25],[22.11,24.0],[21.75,23.75],[22.0,23.43],[22.25,23.67],[24.25,23.7],[24.75,24.16],[25.85,23.25],[26.0,22.84],[26.5,22.98],[28.2,24.5],[28.3,25.75],[29.47,26.0],[29.09,26.25],[29.55,26.5],[30.04,28.25],[30.97,29.5],[31.5,29.72],[32.25,29.34],[32.47,29.5],[32.3,29.75],[32.5,30.42],[34.0,29.27],[34.25,29.47],[33.5,29.9],[33.5,30.87],[32.76,31.0],[35.5,34.66],[35.79,34.5],[35.39,33.75],[35.5,33.09],[36.41,32.75],[37.0,32.11],[37.5,32.12],[38.25,31.09],[39.33,31.25],[39.25,30.69],[39.75,30.89],[39.72,30.25],[40.0,30.03],[41.0,30.24],[41.5,31.11],[42.26,31.0],[42.25,31.75],[42.82,32.5],[42.9,33.0],[42.58,33.5],[43.09,34.0],[42.87,34.5],[43.65,35.25],[43.46,35.5],[44.25,35.68],[44.74,35.0],[45.5,34.58],[45.67,34.0],[46.5,33.29],[47.25,33.0],[47.75,33.32],[49.73,32.25],[50.25,31.0],[50.5,31.05],[50.87,30.5],[51.5,30.28],[52.25,28.91],[52.75,28.62],[54.5,28.79],[55.25,28.45],[56.0,28.69],[57.0,28.27],[57.31,28.75],[57.75,28.91],[58.25,28.42],[58.57,28.5],[57.5,30.6],[55.8,32.5],[55.72,33.0],[55.09,33.25],[55.0,34.17],[54.14,34.0],[54.0,33.67],[53.5,33.85],[53.23,34.25],[54.25,34.58],[54.96,35.25],[56.0,35.27],[56.25,35.53],[57.0,35.05],[57.13,34.5],[56.92,34.0],[57.5,33.07],[58.0,33.34],[58.5,33.13],[58.9,32.75],[59.25,31.86],[60.0,31.58],[60.75,31.83],[61.58,32.75],[61.77,33.5],[62.25,33.65],[63.5,33.17],[64.0,32.69],[65.0,33.04],[65.25,32.85],[65.5,33.24],[66.0,33.26],[66.25,32.44],[68.0,33.41],[69.0,34.61],[69.04,35.0],[71.0,35.3],[71.75,36.01],[72.0,35.56],[72.72,35.5],[72.75,35.18],[72.84,35.5],[73.75,35.92],[73.23,36.25],[73.75,36.45],[74.0,36.19],[74.5,36.17],[74.87,35.5],[74.25,35.26],[73.5,35.34],[73.21,35.0],[73.29,34.75],[74.78,34.75],[75.09,34.5],[75.0,34.2],[76.19,33.25],[76.58,32.25],[77.25,32.12],[77.5,31.67],[78.75,30.7],[79.71,30.5],[79.75,30.13],[80.5,30.06],[81.0,29.66],[81.5,29.62],[81.75,29.87],[82.21,29.75],[82.5,29.11],[82.92,29.0],[82.77,28.75],[83.0,28.42],[84.25,28.38],[86.5,27.51],[87.25,27.7],[88.0,27.34],[88.5,27.58],[89.0,27.21],[89.29,27.25],[89.25,27.63],[89.5,27.59],[89.75,27.93],[90.25,27.59],[91.25,27.95],[92.5,27.6],[93.25,28.42],[94.0,28.64],[94.1,29.0],[93.75,29.14],[92.69,28.75],[92.86,28.5],[92.5,28.08],[91.75,28.43],[91.0,28.14],[91.3,28.5],[91.0,28.57],[89.75,28.38],[89.25,27.8],[88.75,28.08],[86.5,28.35],[84.5,29.06],[84.0,28.94],[83.75,29.35],[83.25,29.23],[82.87,29.5],[82.96,29.75],[82.0,30.6],[81.25,29.93],[80.75,30.42],[79.77,30.75],[79.75,31.04],[79.0,30.98],[78.5,31.47],[78.08,31.5],[78.22,31.75],[77.73,32.5],[76.5,33.94],[75.68,34.5],[76.05,34.75],[75.27,35.5],[75.5,35.66],[76.24,35.25],[76.17,35.0],[76.75,34.47],[77.25,34.38],[77.25,34.62],[76.9,34.75],[77.25,34.87],[78.5,34.22],[78.63,34.5],[78.14,34.75],[78.25,35.24],[78.0,34.98],[77.25,36.13],[76.5,36.29],[78.31,36.5],[79.71,35.75],[80.24,35.75],[80.17,35.5],[80.75,35.13],[82.0,35.18],[82.38,35.5],[82.25,35.74],[81.5,35.51],[80.75,35.64],[80.58,35.75],[81.57,36.0],[80.42,36.25],[80.52,36.5],[80.25,36.72],[79.36,36.75],[76.75,37.7],[76.24,38.0],[76.6,38.25],[76.45,38.5],[75.35,39.25],[75.41,39.5],[76.75,40.02],[77.5,39.94],[78.5,40.2],[79.5,40.67],[79.69,41.0],[79.11,41.25],[79.5,41.57],[80.5,41.55],[82.5,42.02],[83.75,41.88],[85.0,42.07],[85.75,41.86],[86.02,42.0],[85.78,42.25],[86.25,42.43],[87.5,42.32],[88.33,42.5],[88.05,42.75],[88.25,43.15],[90.25,43.07],[91.26,43.25],[91.5,43.56],[92.0,43.24],[93.75,43.05],[95.25,42.5],[95.55,42.0],[96.07,41.75],[95.79,41.5],[96.0,41.39],[97.25,41.32],[97.47,41.5],[97.19,42.0],[97.52,42.25],[96.69,43.0],[96.69,43.5],[94.5,43.68],[93.64,44.25],[95.0,44.61],[95.18,44.75],[95.0,45.15],[94.55,45.0],[94.5,44.67],[93.75,44.57],[93.59,44.75],[94.48,45.0],[94.2,45.75],[92.01,46.75],[90.25,48.8],[89.24,48.75],[90.25,49.08],[91.75,48.34],[92.06,49.0],[91.47,49.25],[91.5,49.99],[91.6,49.75],[92.5,49.5],[93.17,49.0],[92.75,48.21],[93.25,47.98],[93.5,48.26],[94.0,47.73],[95.25,47.39],[96.25,46.59],[96.98,46.5],[96.58,47.0],[96.5,47.54],[95.93,47.75],[96.32,48.25],[96.25,48.93],[97.0,48.94],[98.0,48.46],[99.0,48.71],[99.04,49.25],[98.25,49.36],[97.61,49.75],[98.0,49.92],[99.5,49.75],[99.51,50.25],[100.79,50.5],[101.12,51.25],[100.86,51.5],[104.25,50.69],[106.25,51.29],[107.25,51.29],[107.05,51.75],[107.28,52.5],[106.25,52.72],[105.85,53.25],[105.92,54.0],[106.25,54.5],[106.03,55.0],[106.29,55.75],[106.18,56.75],[104.75,58.84],[104.0,59.26],[103.0,59.2],[102.25,58.88],[101.5,59.04],[99.75,58.76],[99.0,58.4],[97.0,58.31],[95.82,58.0],[93.02,56.0],[91.5,55.61],[89.75,54.15],[88.25,54.44],[87.99,53.75],[86.03,52.25],[86.43,52.0],[86.0,51.79],[85.25,51.7],[84.75,51.97],[82.75,51.61],[79.0,49.71],[71.5,49.19],[69.0,49.27],[67.0,49.95],[64.0,50.15],[60.25,50.78],[58.0,51.53],[56.5,53.17],[55.5,53.37],[55.17,53.75],[52.5,54.83],[48.75,55.79],[44.25,56.57],[42.0,56.63],[40.79,56.25],[38.75,55.37],[36.6,54.0],[35.92,53.0],[34.6,52.25],[34.1,51.75],[33.65,50.75],[32.16,49.25],[30.39,48.25],[27.69,45.0],[27.26,44.0],[26.25,43.23],[25.75,42.99],[24.25,42.97],[22.25,43.59],[21.0,43.36],[20.75,43.64],[20.25,43.56],[19.0,44.06],[18.0,43.9],[16.75,44.03],[16.73,43.5],[17.99,42.25],[18.29,41.25],[18.18,39.75],[17.67,38.75],[16.5,38.06],[16.39,38.25],[16.89,39.25],[16.25,39.66],[16.39,40.0],[15.86,40.75],[15.0,40.91],[14.71,40.75],[15.75,39.72],[16.01,39.0],[15.86,38.5],[15.25,38.2],[12.72,38.0],[12.75,37.62],[13.91,36.0],[14.11,32.75],[13.25,32.25],[10.72,31.75],[11.01,28.75],[11.5,28.44],[12.75,28.34],[12.61,27.5],[13.0,26.92],[13.25,26.68],[13.8,27.25],[13.77,26.5],[15.0,26.14],[15.5,24.83],[16.0,25.08],[16.5,24.67],[17.5,24.95],[19.51,25.0],[19.72,24.75],[19.58,23.5],[19.07,22.25],[18.05,20.75],[18.47,19.75]]}},{"type":"Feature","properties":{"level":1020},"geometry":{"type":"LineString","coordinates":[[12.18,27.75],[12.38,27.75],[12.25,28.02],[12.18,27.75]]}},{"type":"Feature","properties":{"level":1020},"geometry":{"type":"LineString","coordinates":[[-29.21,28.5],[-26.25,28.29],[-23.0,28.5],[-17.82,30.5],[-16.4,31.75],[-14.12,33.25],[-12.25,35.9],[-10.87,39.5],[-10.0,40.36],[-8.84,41.0],[-8.5,41.07],[-7.5,40.21],[-2.25,40.11],[-1.85,39.75],[-1.25,39.67],[-0.5,39.99],[0.38,41.0],[-0.5,41.32],[-0.85,42.0],[-0.75,42.24],[0.0,42.43],[1.5,42.18],[2.34,42.5],[2.25,43.52],[0.75,44.07],[0.18,44.75],[0.16,45.5],[1.5,46.76],[3.31,47.75],[3.79,48.25],[4.79,49.75],[5.22,50.0],[5.11,50.75],[3.64,52.0],[1.58,55.0],[-0.7,57.0],[-3.25,58.55],[-5.0,58.74],[-5.75,58.38],[-7.43,56.5],[-10.25,54.35],[-11.75,53.92],[-14.75,53.88],[-18.75,53.42],[-23.75,51.95],[-28.0,50.05],[-31.75,47.31],[-38.0,44.01],[-38.43,44.0],[-38.36,44.5],[-38.58,44.75],[-38.07,45.25],[-38.96,46.5],[-39.75,46.32],[-42.25,47.21],[-46.75,46.97],[-48.75,47.82],[-50.25,47.85],[-51.75,47.12],[-52.5,47.03],[-53.5,47.29],[-54.25,46.94],[-55.5,46.84],[-57.5,45.86],[-59.75,44.17],[-62.33,42.75],[-63.88,40.75],[-63.75,39.99],[-64.25,39.98],[-64.71,39.5],[-64.25,39.16],[-64.0,38.56],[-63.13,38.5],[-63.0,37.89],[-62.5,38.04],[-62.25,38.65],[-62.0,38.58],[-62.11,38.25],[-61.75,37.98],[-61.5,38.32],[-61.0,38.25],[-61.0,37.48],[-60.5,37.85],[-60.25,37.4],[-59.5,37.54],[-59.0,37.22],[-58.75,37.43],[-58.0,37.12],[-57.5,37.3],[-57.57,37.0],[-57.25,36.83],[-56.25,37.13],[-55.75,37.75],[-55.0,38.04],[-54.0,37.6],[-53.25,38.12],[-53.0,37.98],[-53.0,38.26],[-52.0,38.15],[-50.75,38.71],[-49.0,38.92],[-46.0,40.37],[-41.79,41.5],[-41.71,41.0],[-42.28,40.0],[-42.11,36.25],[-41.65,35.75],[-40.5,35.25],[-40.66,34.75],[-40.0,33.91],[-38.44,33.0],[-35.75,30.83],[-32.5,28.9],[-29.21,28.5]]}},{"type":"Feature","properties":{"level":1020},"geometry":{"type":"LineString","coordinates":[[42.33,28.5],[43.75,28.29],[44.29,28.75],[43.0,29.89],[42.5,29.94],[42.0,29.54],[41.5,29.58],[41.33,29.25],[41.44,28.75],[41.75,28.6],[42.0,28.97],[42.33,28.5]]}},{"type":"Feature","properties":{"level":1020},"geometry":{"type":"LineString","coordinates":[[60.88,28.5],[61.31,28.5],[61.13,29.0],[61.27,29.5],[60.43,30.0],[60.25,30.49],[60.0,30.25],[60.04,29.5],[60.88,28.5]]}},{"type":"Feature","properties":{"level":1020},"geometry":{"type":"LineString","coordinates":[[92.94,29.25],[94.28,29.5],[93.0,29.78],[92.8,29.5],[92.94,29.25]]}},{"type":"Feature","properties":{"level":1020},"geometry":{"type":"LineString","coordinates":[[96.47,29.25],[97.0,29.02],[97.63,29.25],[97.25,29.78],[95.76,30.5],[95.0,30.73],[94.17,30.5],[96.25,29.98],[96.38,29.75],[95.93,29.5],[96.47,29.25]]}},{"type":"Feature","properties":{"level":1020},"geometry":{"type":"LineString","coordinates":[[100.12,29.25],[100.25,29.03],[100.83,29.5],[100.95,29.75],[100.75,30.17],[100.0,30.33],[99.39,30.0],[99.25,29.75],[99.5,29.63],[99.75,29.82],[100.12,29.25]]}},{"type":"Feature","properties":{"level":1020},"geometry":{"type":"LineString","coordinates":[[-180.0,29.81],[-178.75,30.15],[-175.25,32.14],[-174.5,32.32],[-174.0,33.0],[-172.75,33.73],[-171.75,34.75],[-168.75,36.96],[-162.37,40.25],[-160.94,41.25],[-156.39,43.25],[-155.67,43.75],[-155.5,44.28],[-154.7,44.25],[-153.72,45.5],[-151.5,47.59],[-149.5,48.17],[-148.25,48.06],[-147.0,48.64],[-145.0,48.6],[-143.75,48.21],[-143.25,48.42],[-142.69,47.75],[-143.25,47.66],[-143.35,47.25],[-146.64,44.25],[-148.01,42.5],[-148.73,40.5],[-148.88,39.0],[-148.59,37.5],[-147.89,36.0],[-146.75,34.73],[-145.5,34.53],[-145.0,34.1],[-144.5,34.18],[-144.25,34.61],[-144.0,34.55],[-142.75,33.41],[-139.5,32.37],[-138.75,32.6],[-137.75,32.42],[-136.25,32.95],[-133.0,35.88],[-128.84,42.0],[-125.16,46.25],[-124.71,47.5],[-124.29,48.0],[-124.5,48.29],[-124.75,48.11],[-125.25,48.26],[-126.0,48.82],[-126.25,49.32],[-125.25,49.35],[-125.13,49.5],[-125.49,50.0],[-125.0,50.32],[-123.5,49.97],[-123.25,49.7],[-122.47,50.25],[-123.48,51.0],[-123.36,51.25],[-122.75,50.89],[-121.5,50.68],[-120.75,51.0],[-120.5,51.44],[-120.25,51.28],[-119.75,51.68],[-119.44,51.5],[-119.62,52.25],[-119.0,52.2],[-117.87,53.0],[-118.13,53.25],[-118.0,53.57],[-118.5,53.85],[-119.0,53.64],[-119.51,53.75],[-119.44,54.0],[-118.56,54.25],[-119.75,54.64],[-119.98,54.5],[-120.0,53.98],[-120.02,54.25],[-120.75,54.46],[-120.93,54.75],[-120.75,55.11],[-120.5,54.93],[-120.25,55.1],[-120.75,55.37],[-121.25,54.88],[-122.0,55.18],[-122.29,55.5],[-122.2,55.75],[-122.9,56.5],[-122.77,57.25],[-123.75,58.28],[-125.81,59.25],[-126.25,60.02],[-126.75,59.88],[-127.26,60.25],[-127.51,60.5],[-127.12,61.0],[-127.65,61.25],[-127.75,61.82],[-128.5,62.14],[-130.18,62.25],[-129.94,62.5],[-130.5,62.55],[-131.0,63.23],[-131.77,63.25],[-131.5,63.65],[-131.0,63.26],[-130.75,63.52],[-130.0,63.26],[-128.82,63.5],[-129.0,63.86],[-130.25,63.61],[-130.52,63.75],[-128.5,64.25],[-127.5,63.95],[-126.75,63.32],[-126.0,63.14],[-124.46,62.25],[-124.17,62.0],[-124.18,61.25],[-123.75,60.8],[-121.38,61.0],[-121.64,61.25],[-121.09,62.0],[-120.75,62.12],[-118.5,61.72],[-116.5,61.78],[-115.25,62.42],[-112.25,62.57],[-111.89,63.0],[-112.29,63.5],[-112.14,63.75],[-110.75,64.57],[-108.5,65.19],[-107.85,66.0],[-107.9,66.5],[-108.45,67.25],[-110.0,67.76],[-110.32,68.0],[-110.24,68.25],[-105.87,70.5],[-105.54,71.0],[-105.91,71.75],[-107.42,72.5],[-108.5,72.47],[-109.5,72.96],[-117.0,74.31],[-128.25,77.31],[-134.82,79.75],[-136.67,80.75],[-137.41,81.5],[-136.75,82.37],[-134.34,83.75],[-125.45,85.25],[-120.45,86.25],[-119.03,86.75],[-119.67,87.0],[-129.0,87.63],[-146.25,87.82],[-163.82,87.5],[-168.06,87.25],[-170.25,86.85],[-170.48,86.75],[-168.25,86.28],[-167.29,85.5],[-158.64,83.5],[-154.25,82.15],[-150.0,80.02],[-149.3,79.25],[-149.14,78.5],[-149.66,77.5],[-152.32,75.75],[-153.33,74.5],[-152.95,72.5],[-151.9,71.25],[-152.1,71.0],[-155.75,70.25],[-158.09,69.5],[-163.02,68.75],[-164.56,68.0],[-163.64,67.0],[-163.65,66.25],[-165.25,65.63],[-165.08,65.25],[-165.6,64.75],[-164.66,63.75],[-164.18,61.25],[-163.5,60.8],[-163.7,60.5],[-163.55,60.0],[-163.18,59.75],[-163.93,59.0],[-164.16,57.75],[-164.97,57.25],[-165.24,56.0],[-165.58,55.5],[-165.63,54.25],[-166.28,53.75],[-167.0,53.62],[-167.5,52.36],[-168.25,51.8],[-170.25,49.17],[-174.0,46.13],[-175.47,45.25],[-176.79,43.75],[-178.09,43.25],[-180.0,41.63]]}},{"type":"Feature","properties":{"level":1020},"geometry":{"type":"LineString","coordinates":[[84.11,30.0],[84.5,29.82],[84.83,30.0],[83.5,30.62],[83.4,30.5],[84.11,30.0]]}},{"type":"Feature","properties":{"level":1020},"geometry":{"type":"LineString","coordinates":[[42.64,30.25],[42.9,30.25],[42.75,30.56],[42.64,30.25]]}},{"type":"Feature","properties":{"level":1020},"geometry":{"type":"LineString","coordinates":[[121.71,30.75],[122.75,30.73],[124.25,31.21],[125.25,31.85],[127.75,32.3],[130.5,33.79],[131.25,32.97],[131.75,32.89],[132.02,33.0],[132.5,33.92],[134.5,33.9],[135.04,34.5],[135.5,34.64],[136.0,33.87],[138.0,34.19],[140.25,33.6],[143.0,33.64],[145.5,34.68],[148.5,35.48],[153.75,38.58],[154.25,39.42],[155.1,40.0],[155.31,40.5],[154.75,40.52],[154.5,40.3],[154.3,40.5],[154.36,41.25],[153.5,41.63],[151.75,41.01],[150.75,41.02],[150.34,40.5],[148.75,39.64],[145.5,40.54],[142.5,41.78],[141.11,42.5],[140.9,42.75],[141.02,43.0],[140.5,43.16],[139.5,42.75],[137.0,43.0],[133.75,42.27],[132.25,41.43],[130.5,39.99],[129.0,39.68],[127.5,38.86],[126.96,39.5],[127.2,40.5],[127.0,40.88],[125.25,40.64],[124.0,40.01],[122.38,38.75],[122.1,38.0],[122.4,37.5],[121.0,37.01],[119.6,35.75],[119.13,35.0],[119.98,34.25],[120.31,32.75],[121.3,32.0],[121.0,31.75],[121.87,31.0],[121.71,30.75]]}},{"type":"Feature","properties":{"level":1020},"geometry":{"type":"LineString","coordinates":[[55.5,31.12],[55.07,31.75],[54.99,32.5],[54.5,32.71],[54.0,32.4],[53.5,32.74],[53.5,33.01],[54.0,32.79],[54.33,33.25],[54.89,33.25],[55.59,32.5],[55.13,32.5],[55.52,31.75],[55.5,31.12]]}},{"type":"Feature","properties":{"level":1020},"geometry":{"type":"LineString","coordinates":[[85.52,34.25],[85.75,34.09],[86.47,34.25],[85.61,35.0],[86.23,35.75],[84.5,35.89],[83.81,35.5],[84.52,35.25],[83.91,35.0],[84.5,34.38],[84.75,34.94],[85.52,34.25]]}},{"type":"Feature","properties":{"level":1020},"geometry":{"type":"LineString","coordinates":[[131.5,34.2],[131.82,34.25],[131.5,34.2]]}},{"type":"Feature","properties":{"level":1020},"geometry":{"type":"LineString","coordinates":[[132.5,34.21],[132.5,34.51],[132.5,34.21]]}},{"type":"Feature","properties":{"level":1020},"geometry":{"type":"LineString","coordinates":[[6.38,35.0],[8.0,34.81],[8.5,35.0],[8.57,35.25],[7.5,35.66],[5.75,35.7],[5.91,35.25],[6.38,35.0]]}},{"type":"Feature","properties":{"level":1020},"geometry":{"type":"LineString","coordinates":[[-105.81,35.75],[-105.5,35.64],[-105.07,36.25],[-104.89,37.25],[-105.25,37.59],[-105.44,37.5],[-105.81,35.75]]}},{"type":"Feature","properties":{"level":1020},"geometry":{"type":"LineString","coordinates":[[86.64,35.75],[87.97,35.75],[87.75,35.9],[86.64,35.75]]}},{"type":"Feature","properties":{"level":1020},"geometry":{"type":"LineString","coordinates":[[89.33,35.75],[89.5,35.56],[90.25,35.95],[90.5,35.74],[91.25,36.08],[92.25,35.87],[93.97,36.25],[91.5,37.18],[91.49,37.5],[90.5,37.8],[90.09,37.5],[90.4,37.25],[90.25,36.76],[90.0,36.52],[89.69,36.75],[89.49,36.5],[89.87,36.25],[89.33,35.75]]}},{"type":"Feature","properties":{"level":1020},"geometry":{"type":"LineString","coordinates":[[-118.51,36.25],[-118.25,36.19],[-118.25,36.55],[-119.25,37.89],[-119.41,37.75],[-118.51,36.25]]}},{"type":"Feature","properties":{"level":1020},"geometry":{"type":"LineString","coordinates":[[81.69,36.25],[82.5,36.2],[83.53,36.5],[82.25,36.56],[81.69,36.25]]}},{"type":"Feature","properties":{"level":1020},"geometry":{"type":"LineString","coordinates":[[86.43,36.25],[87.5,36.07],[87.75,36.5],[87.25,36.64],[86.43,36.25]]}},{"type":"Feature","properties":{"level":1020},"geometry":{"type":"LineString","coordinates":[[-106.36,36.75],[-106.13,37.0],[-106.16,38.0],[-105.5,38.95],[-105.21,39.0],[-105.5,40.57],[-106.25,41.52],[-107.18,41.0],[-107.15,40.5],[-107.74,40.0],[-107.53,39.5],[-107.79,39.0],[-107.43,38.75],[-108.45,37.75],[-108.25,37.41],[-106.36,36.75]]}},{"type":"Feature","properties":{"level":1020},"geometry":{"type":"LineString","coordinates":[[84.51,36.75],[84.75,36.61],[85.5,36.97],[86.0,36.91],[86.38,37.5],[84.75,37.02],[84.51,36.75]]}},{"type":"Feature","properties":{"level":1020},"geometry":{"type":"LineString","coordinates":[[74.5,37.44],[74.25,38.09],[75.25,38.06],[75.63,37.75],[75.25,37.32],[74.5,37.44]]}},{"type":"Feature","properties":{"level":1020},"geometry":{"type":"LineString","coordinates":[[87.34,37.5],[87.5,37.32],[88.18,37.5],[87.5,38.02],[86.74,38.0],[87.34,37.5]]}},{"type":"Feature","properties":{"level":1020},"geometry":{"type":"LineString","coordinates":[[-64.28,38.25],[-64.09,38.25],[-64.5,38.74],[-64.59,38.5],[-64.28,38.25]]}},{"type":"Feature","properties":{"level":1020},"geometry":{"type":"LineString","coordinates":[[88.64,38.25],[89.72,38.25],[88.64,38.25]]}},{"type":"Feature","properties":{"level":1020},"geometry":{"type":"LineString","coordinates":[[100.72,38.25],[100.97,38.25],[100.91,38.5],[99.75,39.28],[98.75,39.47],[98.0,40.11],[94.0,39.43],[93.5,39.55],[92.61,39.25],[95.5,39.21],[95.5,39.57],[96.75,39.31],[97.25,39.5],[98.25,39.35],[100.72,38.25]]}},{"type":"Feature","properties":{"level":1020},"geometry":{"type":"LineString","coordinates":[[-64.85,38.75],[-64.52,38.75],[-65.0,39.08],[-64.85,38.75]]}},{"type":"Feature","properties":{"level":1020},"geometry":{"type":"LineString","coordinates":[[89.74,39.0],[90.75,38.82],[91.92,39.0],[91.75,39.16],[89.74,39.0]]}},{"type":"Feature","properties":{"level":1020},"geometry":{"type":"LineString","coordinates":[[-64.54,40.0],[-64.28,40.0],[-64.54,40.0]]}},{"type":"Feature","properties":{"level":1020},"geometry":{"type":"LineString","coordinates":[[-111.29,40.5],[-111.0,40.29],[-109.56,40.75],[-110.75,41.17],[-111.28,40.75],[-111.29,40.5]]}},{"type":"Feature","properties":{"level":1020},"geometry":{"type":"LineString","coordinates":[[97.51,40.75],[98.78,41.0],[98.0,41.05],[97.51,40.75]]}},{"type":"Feature","properties":{"level":1020},"geometry":{"type":"LineString","coordinates":[[13.67,41.5],[14.0,41.26],[14.41,41.5],[14.0,41.79],[13.67,41.5]]}},{"type":"Feature","properties":{"level":1020},"geometry":{"type":"LineString","coordinates":[[180.0,41.63],[179.5,41.18],[173.75,38.52],[171.32,36.75],[170.56,35.75],[170.08,33.5],[170.14,32.75],[170.75,31.8],[172.0,30.76],[173.0,30.27],[175.0,29.99],[176.75,29.35],[180.0,29.81]]}},{"type":"Feature","properties":{"level":1020},"geometry":{"type":"LineString","coordinates":[[-110.86,42.5],[-110.5,42.41],[-110.37,43.0],[-110.0,43.16],[-109.13,42.75],[-109.65,43.5],[-109.37,44.0],[-110.08,44.75],[-110.03,45.25],[-111.31,44.75],[-111.0,44.72],[-110.62,44.25],[-111.06,43.25],[-110.86,42.5]]}},{"type":"Feature","properties":{"level":1020},"geometry":{"type":"LineString","coordinates":[[23.17,45.0],[23.32,45.0],[23.17,45.0]]}},{"type":"Feature","properties":{"level":1020},"geometry":{"type":"LineString","coordinates":[[132.14,45.0],[132.5,44.78],[133.0,45.22],[133.5,45.11],[134.25,45.65],[134.75,45.44],[135.43,46.0],[134.5,46.43],[133.25,46.23],[132.0,45.29],[132.14,45.0]]}},{"type":"Feature","properties":{"level":1020},"geometry":{"type":"LineString","coordinates":[[130.32,46.25],[131.89,46.25],[130.25,46.88],[128.63,47.0],[130.32,46.25]]}},{"type":"Feature","properties":{"level":1020},"geometry":{"type":"LineString","coordinates":[[124.08,47.5],[124.39,47.5],[124.04,48.5],[123.5,48.81],[122.07,49.0],[122.25,48.62],[123.25,48.26],[124.08,47.5]]}},{"type":"Feature","properties":{"level":1020},"geometry":{"type":"LineString","coordinates":[[-121.31,48.0],[-121.25,47.84],[-121.0,48.21],[-120.67,48.25],[-120.99,49.0],[-120.92,49.5],[-121.5,49.9],[-121.97,49.5],[-121.0,49.0],[-121.37,48.75],[-121.31,48.0]]}},{"type":"Feature","properties":{"level":1020},"geometry":{"type":"LineString","coordinates":[[99.06,48.5],[100.19,48.5],[99.06,48.5]]}},{"type":"Feature","properties":{"level":1020},"geometry":{"type":"LineString","coordinates":[[127.08,49.0],[128.75,48.77],[129.89,49.0],[129.0,50.24],[127.25,50.86],[126.99,50.75],[127.22,50.0],[126.92,49.25],[127.08,49.0]]}},{"type":"Feature","properties":{"level":1020},"geometry":{"type":"LineString","coordinates":[[-125.08,49.25],[-124.87,49.25],[-125.08,49.25]]}},{"type":"Feature","properties":{"level":1020},"geometry":{"type":"LineString","coordinates":[[94.25,49.46],[93.05,49.75],[93.25,50.0],[94.0,50.04],[95.61,49.5],[94.25,49.46]]}},{"type":"Feature","properties":{"level":1020},"geometry":{"type":"LineString","coordinates":[[125.14,50.25],[126.25,50.44],[126.53,51.0],[126.0,50.92],[125.14,50.25]]}},{"type":"Feature","properties":{"level":1020},"geometry":{"type":"LineString","coordinates":[[122.95,55.0],[123.87,55.25],[123.71,55.75],[122.62,56.25],[124.37,56.5],[124.25,56.8],[123.38,57.25],[123.25,57.5],[123.47,57.75],[123.24,58.5],[119.0,60.77],[115.75,61.69],[112.5,61.91],[112.25,62.14],[111.75,61.6],[111.0,61.71],[110.63,61.5],[112.0,61.36],[112.6,61.0],[111.25,60.93],[110.25,60.3],[109.61,60.25],[110.07,59.25],[109.75,58.66],[110.75,58.24],[111.87,58.25],[111.62,58.0],[111.89,57.5],[111.75,56.97],[114.0,57.02],[114.75,57.25],[115.5,56.9],[116.5,56.86],[117.75,57.52],[118.5,57.54],[118.56,57.25],[118.0,56.95],[118.0,56.65],[120.25,57.04],[120.0,56.74],[121.11,56.25],[121.3,56.0],[121.04,55.75],[122.95,55.0]]}},{"type":"Feature","properties":{"level":1020},"geometry":{"type":"LineString","coordinates":[[-135.75,61.5],[-135.97,62.0],[-135.75,62.11],[-134.9,61.75],[-135.15,61.5],[-135.75,61.5]]}},{"type":"Feature","properties":{"level":1020},"geometry":{"type":"LineString","coordinates":[[-128.49,62.5],[-127.5,62.56],[-127.37,62.75],[-127.75,62.97],[-128.25,62.87],[-127.91,63.25],[-128.5,63.27],[-128.82,63.0],[-128.49,62.5]]}},{"type":"Feature","properties":{"level":1020},"geometry":{"type":"LineString","coordinates":[[-132.5,63.98],[-133.49,64.25],[-133.62,64.5],[-133.25,64.6],[-132.75,64.32],[-132.0,64.82],[-131.68,64.75],[-131.54,64.5],[-132.1,64.5],[-132.0,63.81],[-132.5,63.98]]}},{"type":"Feature","properties":{"level":1020},"geometry":{"type":"LineString","coordinates":[[-109.75,66.86],[-109.88,67.0],[-109.75,66.86]]}},{"type":"Feature","properties":{"level":1020},"geometry":{"type":"LineString","coordinates":[[-110.25,67.16],[-110.09,67.25],[-110.25,67.16]]}},{"type":"Feature","properties":{"level":1020},"geometry":{"type":"LineString","coordinates":[[-49.17,74.75],[-47.09,75.5],[-48.02,76.75],[-47.48,77.0],[-41.5,77.15],[-39.9,76.75],[-39.75,76.28],[-38.75,76.25],[-38.56,75.75],[-37.5,75.73],[-34.5,76.12],[-26.75,76.46],[-26.07,76.75],[-26.3,77.0],[-25.71,77.25],[-26.02,77.5],[-24.41,78.25],[-24.44,78.5],[-25.25,78.67],[-27.5,78.56],[-27.71,78.75],[-27.47,79.0],[-28.44,79.75],[-27.88,80.0],[-28.4,80.5],[-29.22,80.75],[-31.75,81.09],[-35.25,81.15],[-38.75,81.78],[-40.75,81.71],[-45.5,80.93],[-55.25,80.39],[-55.99,80.25],[-55.77,80.0],[-55.87,79.5],[-57.9,79.25],[-60.75,78.44],[-61.75,78.98],[-63.63,78.5],[-62.25,78.19],[-62.01,78.0],[-62.37,77.5],[-60.75,77.54],[-56.0,76.9],[-55.0,76.32],[-53.0,76.08],[-51.68,75.25],[-49.17,74.75]]}},{"type":"Feature","properties":{"level":1020},"geometry":{"type":"LineString","coordinates":[[-38.31,75.0],[-36.25,74.97],[-33.96,75.5],[-38.31,75.0]]}},{"type":"Feature","properties":{"level":1024},"geometry":{"type":"LineString","coordinates":[[64.0,-87.5],[83.5,-87.3],[97.04,-86.5],[89.75,-86.42],[65.5,-86.99],[63.4,-87.25],[64.0,-87.5]]}},{"type":"Feature","properties":{"level":1024},"geometry":{"type":"LineString","coordinates":[[86.41,-83.0],[93.0,-83.01],[99.5,-82.28],[101.0,-81.64],[105.5,-81.75],[103.79,-81.25],[105.0,-80.79],[111.5,-80.29],[113.0,-79.88],[114.83,-79.0],[112.75,-78.58],[110.5,-78.45],[102.5,-78.83],[96.94,-80.0],[82.25,-80.75],[78.63,-81.5],[81.0,-81.84],[81.29,-82.0],[81.24,-82.25],[82.28,-82.75],[86.41,-83.0]]}},{"type":"Feature","properties":{"level":1024},"geometry":{"type":"LineString","coordinates":[[43.93,-79.5],[45.75,-79.65],[46.21,-79.5],[46.2,-79.25],[45.0,-78.61],[44.25,-78.48],[43.48,-79.25],[43.93,-79.5]]}},{"type":"Feature","properties":{"level":1024},"geometry":{"type":"LineString","coordinates":[[-71.13,-55.25],[-69.75,-55.38],[-66.75,-54.96],[-65.5,-55.29],[-62.75,-55.03],[-59.5,-54.34],[-55.61,-52.75],[-49.25,-49.58],[-48.73,-49.0],[-48.48,-48.25],[-48.71,-47.5],[-48.46,-47.0],[-48.6,-46.5],[-49.69,-45.5],[-48.98,-44.5],[-51.0,-44.03],[-51.21,-43.75],[-50.54,-43.0],[-50.85,-42.75],[-50.9,-42.25],[-50.08,-41.5],[-50.5,-41.45],[-51.5,-41.88],[-56.5,-41.21],[-64.0,-38.97],[-64.5,-38.51],[-66.0,-38.36],[-66.51,-37.75],[-68.75,-37.49],[-68.98,-38.0],[-70.0,-38.16],[-70.5,-38.65],[-70.5,-39.69],[-71.41,-39.75],[-71.6,-41.25],[-71.35,-41.75],[-72.01,-42.0],[-71.7,-42.25],[-72.3,-43.5],[-71.92,-43.75],[-72.38,-44.25],[-72.25,-44.65],[-71.0,-44.0],[-70.98,-44.25],[-72.75,-45.74],[-73.62,-47.0],[-73.5,-47.42],[-73.0,-47.62],[-72.25,-47.18],[-71.34,-47.25],[-71.28,-47.5],[-72.02,-47.75],[-71.37,-48.25],[-72.0,-48.49],[-72.3,-48.25],[-72.25,-48.56],[-72.0,-48.97],[-71.25,-48.66],[-69.75,-49.5],[-71.32,-50.0],[-70.75,-50.05],[-70.5,-50.9],[-70.0,-51.5],[-70.62,-52.0],[-71.25,-52.14],[-72.36,-51.5],[-72.55,-51.25],[-72.33,-51.0],[-72.61,-50.5],[-72.23,-50.25],[-72.8,-50.0],[-72.62,-48.75],[-73.0,-48.34],[-73.5,-48.4],[-73.89,-48.75],[-74.25,-50.92],[-75.0,-51.37],[-75.5,-51.39],[-77.27,-49.75],[-80.93,-45.5],[-85.83,-37.75],[-87.25,-36.27],[-88.21,-35.75],[-89.0,-33.97],[-89.25,-33.86],[-90.0,-34.17],[-91.0,-34.89],[-91.75,-34.92],[-92.0,-34.86],[-92.75,-33.66],[-93.0,-33.87],[-93.29,-33.75],[-93.98,-35.0],[-94.14,-36.0],[-93.86,-37.0],[-94.76,-38.25],[-94.75,-39.02],[-94.43,-39.25],[-94.27,-41.75],[-93.0,-44.42],[-88.3,-49.5],[-86.0,-51.08],[-83.0,-52.25],[-78.75,-53.54],[-71.13,-55.25]]}},{"type":"Feature","properties":{"level":1024},"geometry":{"type":"LineString","coordinates":[[-180.0,-53.23],[-174.38,-51.5],[-171.8,-50.25],[-170.32,-49.25],[-169.27,-48.0],[-169.21,-47.0],[-170.17,-46.25],[-169.71,-45.75],[-166.75,-45.08],[-161.75,-44.55],[-156.75,-43.57],[-154.25,-42.73],[-151.48,-41.25],[-147.75,-38.48],[-145.9,-35.75],[-145.61,-34.75],[-143.75,-33.0],[-143.5,-32.35],[-142.98,-32.25],[-141.48,-30.75],[-141.18,-30.0],[-140.0,-29.46],[-139.59,-28.75],[-140.5,-27.62],[-142.25,-26.86],[-142.75,-26.38],[-144.25,-26.16],[-146.5,-25.23],[-149.0,-25.02],[-151.0,-24.52],[-152.25,-24.8],[-154.0,-24.53],[-156.0,-24.81],[-156.75,-24.62],[-157.5,-24.95],[-158.25,-24.85],[-159.0,-25.11],[-159.25,-24.96],[-164.75,-26.31],[-166.0,-27.0],[-166.75,-26.82],[-167.5,-26.97],[-168.37,-27.5],[-169.24,-29.0],[-169.63,-30.5],[-169.37,-31.75],[-169.35,-34.5],[-170.75,-36.89],[-172.75,-38.64],[-176.25,-41.01],[-180.0,-42.42]]}},{"type":"Feature","properties":{"level":1024},"geometry":{"type":"LineString","coordinates":[[50.11,-52.0],[54.0,-52.06],[58.0,-51.55],[67.34,-49.0],[69.0,-48.18],[81.75,-45.74],[85.01,-44.75],[89.75,-42.17],[100.2,-33.75],[102.29,-31.75],[102.75,-31.0],[103.37,-28.5],[102.8,-27.0],[102.09,-26.25],[101.5,-26.15],[99.5,-24.99],[97.0,-24.09],[95.0,-23.76],[93.75,-23.12],[93.25,-23.21],[91.25,-22.79],[88.75,-21.82],[88.25,-21.95],[87.0,-21.58],[85.5,-21.77],[83.5,-21.54],[82.25,-21.64],[81.75,-22.01],[79.0,-21.94],[77.5,-22.72],[76.75,-22.52],[76.25,-22.81],[74.25,-22.94],[73.75,-23.43],[73.25,-23.29],[72.0,-23.82],[70.2,-25.5],[68.97,-26.25],[67.75,-27.59],[66.0,-28.0],[65.75,-28.28],[65.5,-28.04],[64.58,-28.0],[64.0,-29.0],[63.5,-27.05],[62.25,-26.8],[61.5,-27.15],[60.99,-25.75],[60.25,-25.29],[58.75,-25.44],[58.25,-25.71],[57.5,-25.48],[56.75,-25.61],[55.89,-26.0],[54.15,-26.25],[53.5,-26.7],[51.75,-27.23],[47.85,-30.0],[46.22,-31.75],[45.14,-34.0],[44.91,-35.5],[45.59,-38.5],[48.28,-41.75],[48.25,-42.39],[47.0,-41.84],[44.0,-41.17],[42.25,-40.36],[41.35,-40.25],[40.75,-39.78],[39.0,-39.3],[37.5,-39.17],[37.0,-39.77],[36.25,-39.22],[36.0,-39.73],[35.25,-39.54],[34.5,-38.95],[34.29,-39.25],[34.24,-40.0],[35.06,-43.25],[38.13,-46.5],[40.72,-48.25],[45.75,-50.86],[48.75,-51.8],[50.11,-52.0]]}},{"type":"Feature","properties":{"level":1024},"geometry":{"type":"LineString","coordinates":[[180.0,-42.42],[179.25,-42.64],[176.75,-42.67],[175.86,-42.0],[176.04,-41.25],[175.75,-40.78],[175.0,-41.03],[174.25,-40.93],[173.75,-41.57],[172.0,-42.17],[169.5,-43.99],[168.5,-44.34],[168.0,-44.97],[167.5,-44.95],[167.11,-45.5],[167.0,-46.22],[166.08,-46.25],[161.0,-43.31],[158.25,-41.01],[156.46,-38.5],[155.0,-34.66],[154.25,-33.94],[153.5,-32.7],[152.5,-33.1],[151.59,-34.0],[149.62,-40.75],[150.4,-42.5],[151.36,-45.75],[152.88,-47.75],[154.35,-49.0],[159.25,-51.45],[164.0,-52.87],[169.5,-53.79],[174.75,-53.86],[180.0,-53.23]]}},{"type":"Feature","properties":{"level":1024},"geometry":{"type":"LineString","coordinates":[[-93.5,-34.63],[-93.7,-34.5],[-93.5,-34.41],[-93.5,-34.63]]}},{"type":"Feature","properties":{"level":1024},"geometry":{"type":"LineString","coordinates":[[-69.81,-34.5],[-69.38,-34.0],[-69.44,-33.0],[-69.75,-32.3],[-70.25,-32.03],[-70.39,-32.25],[-69.99,-32.75],[-70.13,-34.0],[-69.81,-34.5]]}},{"type":"Feature","properties":{"level":1024},"geometry":{"type":"LineString","coordinates":[[-70.42,-31.75],[-70.25,-31.97],[-69.89,-31.75],[-69.88,-30.75],[-69.63,-30.5],[-69.33,-28.75],[-69.07,-28.5],[-69.25,-28.09],[-69.89,-28.5],[-69.92,-29.0],[-70.4,-29.5],[-70.25,-30.0],[-70.64,-31.25],[-70.42,-31.75]]}},{"type":"Feature","properties":{"level":1024},"geometry":{"type":"LineString","coordinates":[[57.12,29.25],[57.57,29.25],[57.25,29.73],[56.5,29.73],[56.27,29.5],[57.12,29.25]]}},{"type":"Feature","properties":{"level":1024},"geometry":{"type":"LineString","coordinates":[[51.7,30.5],[52.0,30.3],[53.13,30.75],[50.91,32.5],[51.0,33.49],[51.8,33.5],[51.25,33.81],[50.5,33.38],[49.43,33.75],[49.67,33.5],[49.11,33.25],[50.25,31.9],[50.75,31.85],[51.0,31.06],[51.7,30.5]]}},{"type":"Feature","properties":{"level":1024},"geometry":{"type":"LineString","coordinates":[[-30.3,32.5],[-28.25,32.42],[-26.75,32.76],[-24.0,32.82],[-20.0,34.0],[-15.25,37.09],[-12.25,40.56],[-11.05,41.5],[-9.75,42.14],[-8.75,42.47],[-8.0,41.83],[-7.5,41.7],[-7.0,42.09],[-6.75,41.77],[-6.0,41.62],[-4.0,42.31],[-2.75,41.95],[-2.45,42.25],[-2.96,42.5],[-2.5,43.25],[-2.87,43.75],[-2.29,45.5],[1.3,49.25],[1.36,49.5],[0.92,50.0],[1.2,51.0],[1.02,51.75],[0.0,53.01],[-1.68,53.75],[-1.93,54.5],[-2.75,55.07],[-3.0,54.58],[-3.38,54.5],[-3.25,54.21],[-4.75,54.6],[-6.0,54.59],[-11.75,52.66],[-16.75,52.49],[-19.67,52.0],[-24.37,50.25],[-27.25,48.59],[-34.75,43.34],[-35.81,42.25],[-37.01,40.25],[-37.21,38.0],[-35.97,35.5],[-32.59,33.0],[-30.3,32.5]]}},{"type":"Feature","properties":{"level":1024},"geometry":{"type":"LineString","coordinates":[[64.44,33.5],[65.75,34.04],[66.0,33.93],[66.25,34.29],[66.75,33.93],[67.63,34.5],[68.75,34.73],[68.6,35.0],[68.75,35.08],[71.0,35.56],[72.75,36.75],[73.0,36.59],[74.03,36.75],[73.75,36.99],[73.5,36.88],[73.6,37.25],[73.19,37.5],[73.73,38.0],[73.58,38.25],[73.75,38.71],[74.5,39.21],[75.21,38.75],[75.2,38.25],[75.83,38.5],[74.75,39.48],[74.76,39.75],[76.91,40.5],[77.0,40.87],[77.51,41.0],[77.55,41.75],[79.0,42.13],[80.0,41.71],[82.25,42.54],[83.85,42.5],[83.5,42.4],[83.75,42.21],[85.5,43.63],[87.28,43.5],[86.62,44.75],[87.1,45.25],[86.92,45.5],[88.5,46.97],[89.5,46.9],[89.34,47.75],[89.0,47.57],[88.58,48.0],[88.44,48.75],[87.41,49.25],[87.0,49.81],[85.5,50.34],[84.25,50.4],[83.96,50.5],[83.98,50.75],[83.25,50.93],[82.83,50.75],[81.93,49.5],[82.5,47.69],[82.75,47.88],[84.0,47.52],[84.75,47.89],[86.75,47.91],[86.75,46.76],[85.5,46.67],[85.29,46.75],[85.67,47.0],[85.5,47.17],[85.0,47.3],[84.0,47.08],[83.25,47.37],[82.75,47.31],[81.25,48.0],[79.75,47.83],[75.25,48.52],[73.75,47.95],[71.75,48.11],[68.5,47.61],[55.75,48.97],[47.75,48.36],[44.5,47.78],[43.0,48.02],[41.13,47.25],[40.48,46.5],[42.16,45.5],[42.11,44.75],[42.99,44.25],[42.98,43.75],[43.25,43.72],[43.38,43.25],[42.5,43.61],[42.0,43.43],[40.75,43.65],[40.46,43.5],[43.09,42.5],[43.37,42.0],[42.5,41.82],[41.75,41.13],[41.25,41.13],[40.5,40.68],[38.03,40.5],[37.83,40.0],[38.06,39.5],[37.75,39.33],[37.5,39.55],[37.68,39.25],[36.25,38.71],[35.95,38.25],[37.25,37.66],[38.25,37.92],[38.64,38.25],[38.0,38.17],[37.75,38.44],[37.25,38.12],[36.93,38.25],[37.5,38.69],[38.75,39.08],[41.75,38.31],[43.0,37.35],[44.5,37.16],[44.81,36.5],[45.75,36.25],[45.73,35.5],[46.08,35.25],[46.25,34.39],[46.75,34.89],[47.21,34.75],[47.25,34.45],[47.27,34.75],[47.75,34.82],[48.62,35.5],[47.67,35.75],[47.62,36.75],[47.25,36.98],[46.7,37.0],[46.5,36.25],[45.76,36.25],[45.73,36.5],[45.25,36.55],[44.91,37.0],[44.7,38.25],[44.85,39.0],[44.48,39.5],[44.63,39.75],[43.75,39.98],[43.67,40.25],[44.5,40.31],[45.64,39.25],[46.0,38.44],[46.5,38.53],[47.5,38.09],[47.67,38.0],[47.5,37.73],[48.03,37.75],[47.77,38.0],[48.0,38.13],[48.47,38.0],[48.42,36.75],[48.25,36.55],[47.94,36.75],[47.89,36.5],[48.5,36.29],[48.5,35.88],[49.17,36.5],[49.5,36.37],[50.0,36.85],[51.0,35.9],[52.75,35.39],[53.56,35.75],[53.75,36.27],[54.75,36.37],[56.0,37.14],[57.25,37.22],[59.16,36.0],[60.5,34.46],[61.25,34.97],[62.75,34.65],[63.93,34.25],[63.5,33.99],[62.76,34.0],[63.12,33.75],[64.25,33.81],[64.44,33.5]]}},{"type":"Feature","properties":{"level":1024},"geometry":{"type":"LineString","coordinates":[[-180.0,34.16],[-178.5,34.23],[-178.0,34.84],[-177.0,34.92],[-175.0,35.79],[-169.25,39.03],[-167.5,40.35],[-163.75,42.29],[-161.0,44.49],[-158.5,46.05],[-155.71,49.25],[-155.58,49.75],[-157.25,50.2],[-158.25,50.19],[-158.35,50.5],[-159.74,51.25],[-159.65,51.5],[-160.0,51.62],[-162.0,50.91],[-163.0,51.29],[-164.0,51.15],[-165.5,49.57],[-167.44,48.0],[-169.25,47.38],[-171.75,45.22],[-172.5,45.01],[-175.25,43.25],[-176.44,42.75],[-177.25,41.62],[-180.0,39.57]]}},{"type":"Feature","properties":{"level":1024},"geometry":{"type":"LineString","coordinates":[[76.74,35.25],[77.0,35.0],[77.25,35.31],[77.56,35.25],[77.25,35.68],[76.28,35.75],[76.24,35.5],[76.74,35.25]]}},{"type":"Feature","properties":{"level":1024},"geometry":{"type":"LineString","coordinates":[[68.75,35.74],[68.25,36.58],[67.75,36.44],[67.5,36.81],[67.0,36.56],[65.75,36.5],[65.14,37.0],[65.01,37.5],[65.79,38.5],[65.66,38.75],[66.0,39.45],[66.5,39.42],[66.99,39.0],[66.42,38.25],[66.5,37.57],[68.0,38.49],[68.25,37.85],[68.5,37.78],[68.75,38.06],[69.74,37.75],[69.53,36.75],[69.12,36.5],[68.75,35.74]]}},{"type":"Feature","properties":{"level":1024},"geometry":{"type":"LineString","coordinates":[[52.5,36.47],[51.46,36.75],[51.28,37.0],[52.48,39.25],[52.33,40.0],[53.0,40.69],[53.74,40.5],[54.5,39.38],[55.41,39.25],[55.75,38.68],[56.25,38.91],[56.56,38.5],[56.5,38.0],[57.16,37.75],[56.75,37.61],[56.0,37.88],[54.75,36.96],[54.0,36.96],[52.5,36.47]]}},{"type":"Feature","properties":{"level":1024},"geometry":{"type":"LineString","coordinates":[[76.67,36.75],[77.44,36.75],[76.79,37.0],[76.5,37.5],[76.36,37.0],[76.67,36.75]]}},{"type":"Feature","properties":{"level":1024},"geometry":{"type":"LineString","coordinates":[[49.75,37.27],[49.75,37.94],[49.94,37.75],[49.75,37.27]]}},{"type":"Feature","properties":{"level":1024},"geometry":{"type":"LineString","coordinates":[[50.5,37.68],[50.5,37.86],[50.5,37.68]]}},{"type":"Feature","properties":{"level":1024},"geometry":{"type":"LineString","coordinates":[[52.65,38.25],[52.75,38.45],[52.65,38.25]]}},{"type":"Feature","properties":{"level":1024},"geometry":{"type":"LineString","coordinates":[[52.83,38.5],[53.25,38.65],[53.25,38.98],[52.89,39.0],[52.83,38.5]]}},{"type":"Feature","properties":{"level":1024},"geometry":{"type":"LineString","coordinates":[[-139.76,39.25],[-138.0,39.11],[-133.86,41.0],[-131.26,43.75],[-129.86,46.5],[-130.04,47.25],[-131.21,48.5],[-130.93,49.25],[-131.5,50.25],[-132.5,51.05],[-133.75,50.83],[-133.98,51.0],[-133.91,51.25],[-134.53,51.5],[-134.06,52.75],[-134.15,53.25],[-134.5,53.5],[-134.31,54.0],[-134.61,54.5],[-135.11,54.5],[-136.0,53.86],[-137.0,54.3],[-137.3,54.25],[-137.5,53.85],[-138.0,54.07],[-139.5,53.43],[-140.26,52.5],[-140.45,51.75],[-140.15,50.75],[-139.75,50.69],[-139.0,51.07],[-137.75,50.65],[-136.0,50.87],[-135.02,50.5],[-135.27,50.0],[-135.06,49.5],[-134.0,49.25],[-133.87,49.0],[-133.91,48.75],[-135.5,48.32],[-140.85,45.5],[-142.48,44.0],[-142.79,42.25],[-142.37,40.75],[-141.5,39.97],[-139.76,39.25]]}},{"type":"Feature","properties":{"level":1024},"geometry":{"type":"LineString","coordinates":[[180.0,39.57],[179.25,39.21],[178.03,38.0],[177.08,36.25],[177.5,35.21],[178.75,34.37],[180.0,34.16]]}},{"type":"Feature","properties":{"level":1024},"geometry":{"type":"LineString","coordinates":[[49.25,40.7],[48.64,41.0],[49.5,41.5],[49.99,41.0],[49.92,40.75],[49.5,40.54],[49.25,40.7]]}},{"type":"Feature","properties":{"level":1024},"geometry":{"type":"LineString","coordinates":[[96.88,51.25],[97.25,51.11],[98.0,51.59],[100.0,51.63],[99.52,52.5],[99.6,52.75],[100.25,53.02],[102.72,51.75],[102.55,51.5],[103.44,51.25],[104.75,51.14],[105.61,51.5],[105.68,51.75],[105.13,52.0],[105.08,52.5],[104.62,53.0],[104.92,54.5],[104.5,54.73],[103.75,54.58],[103.5,54.87],[103.0,54.77],[102.5,55.57],[101.75,55.28],[100.25,55.63],[99.38,55.5],[99.17,55.25],[99.35,54.75],[98.26,54.0],[99.05,53.75],[98.5,53.46],[98.0,53.44],[96.96,54.0],[95.5,54.33],[93.64,54.25],[93.93,53.5],[95.64,53.0],[95.0,52.81],[95.0,52.48],[95.5,52.31],[95.75,52.59],[97.19,52.0],[96.25,51.82],[95.5,52.22],[94.97,51.75],[95.75,51.77],[96.88,51.25]]}},{"type":"Feature","properties":{"level":1024},"geometry":{"type":"LineString","coordinates":[[-130.02,56.5],[-129.75,56.31],[-129.46,56.5],[-129.75,57.14],[-130.75,57.33],[-131.5,57.17],[-131.75,57.6],[-132.77,57.75],[-132.85,57.25],[-132.5,56.79],[-131.75,57.08],[-131.6,56.75],[-131.25,56.65],[-130.5,56.97],[-130.02,56.5]]}},{"type":"Feature","properties":{"level":1024},"geometry":{"type":"LineString","coordinates":[[-137.52,58.75],[-137.25,58.54],[-136.75,58.66],[-136.77,59.0],[-136.44,59.25],[-137.25,59.62],[-138.0,59.35],[-137.52,58.75]]}},{"type":"Feature","properties":{"level":1024},"geometry":{"type":"LineString","coordinates":[[-139.09,60.0],[-138.75,59.88],[-138.12,60.5],[-139.0,61.1],[-141.75,61.66],[-142.5,62.21],[-143.74,62.0],[-143.25,61.63],[-142.75,61.82],[-141.59,61.0],[-141.43,60.25],[-140.25,60.05],[-139.75,60.26],[-139.09,60.0]]}},{"type":"Feature","properties":{"level":1024},"geometry":{"type":"LineString","coordinates":[[-151.8,63.0],[-151.0,62.8],[-150.3,63.25],[-151.25,63.25],[-151.8,63.0]]}},{"type":"Feature","properties":{"level":1024},"geometry":{"type":"LineString","coordinates":[[-152.02,64.75],[-149.5,64.92],[-148.75,64.67],[-147.5,65.53],[-145.75,65.51],[-144.5,65.17],[-142.5,65.26],[-140.48,66.0],[-140.12,66.5],[-140.93,66.75],[-139.25,66.69],[-137.25,67.57],[-136.25,67.39],[-135.82,66.5],[-135.5,66.48],[-135.29,67.25],[-135.48,67.75],[-135.12,68.25],[-134.0,68.55],[-132.63,68.5],[-128.75,67.38],[-127.5,67.23],[-126.0,67.34],[-121.75,68.37],[-121.04,68.0],[-122.21,67.25],[-122.25,66.95],[-116.75,66.78],[-115.54,67.25],[-117.64,69.0],[-117.55,69.5],[-115.69,70.0],[-116.75,70.26],[-114.75,70.61],[-113.25,71.26],[-112.77,71.75],[-118.25,72.69],[-119.25,73.17],[-123.0,73.99],[-124.25,73.83],[-134.5,75.65],[-136.92,75.75],[-140.61,75.25],[-141.58,75.0],[-141.56,74.75],[-145.15,74.0],[-145.67,73.5],[-145.43,72.5],[-144.73,71.75],[-140.25,70.53],[-138.61,69.75],[-138.62,69.5],[-144.0,69.24],[-146.0,69.41],[-149.25,68.49],[-156.75,68.21],[-157.0,68.08],[-156.96,67.75],[-157.64,67.5],[-156.56,66.75],[-156.75,66.37],[-155.75,65.83],[-154.75,66.05],[-154.96,65.75],[-154.75,65.61],[-154.0,65.89],[-153.86,65.25],[-154.75,64.92],[-152.25,65.0],[-152.02,64.75]]}},{"type":"Feature","properties":{"level":1024},"geometry":{"type":"LineString","coordinates":[[-154.0,66.14],[-154.24,66.25],[-153.76,66.25],[-154.0,66.14]]}},{"type":"Feature","properties":{"level":1024},"geometry":{"type":"LineString","coordinates":[[-50.86,76.25],[-49.25,76.07],[-49.0,76.25],[-48.9,77.0],[-48.25,77.13],[-43.25,77.45],[-37.0,77.57],[-36.71,77.5],[-36.81,77.25],[-38.15,76.75],[-35.25,76.73],[-32.5,77.21],[-32.24,77.5],[-33.53,77.75],[-31.75,77.91],[-30.89,78.25],[-30.98,78.5],[-32.75,79.34],[-34.01,80.25],[-40.75,80.91],[-44.94,80.25],[-46.5,79.59],[-57.75,78.23],[-58.51,78.0],[-58.18,77.75],[-58.74,77.5],[-54.87,77.25],[-50.86,76.25]]}},{"type":"Feature","properties":{"level":1028},"geometry":{"type":"LineString","coordinates":[[68.72,-87.25],[78.75,-87.3],[90.28,-86.75],[68.72,-87.25]]}},{"type":"Feature","properties":{"level":1028},"geometry":{"type":"LineString","coordinates":[[86.24,-82.25],[92.5,-82.17],[95.8,-81.5],[102.25,-80.79],[104.75,-80.26],[109.25,-80.19],[110.93,-79.75],[110.91,-79.5],[108.75,-78.92],[102.45,-79.0],[97.75,-80.1],[87.0,-80.82],[86.26,-81.0],[89.89,-81.5],[86.19,-82.0],[86.24,-82.25]]}},{"type":"Feature","properties":{"level":1028},"geometry":{"type":"LineString","coordinates":[[-60.7,-51.75],[-59.75,-51.78],[-59.33,-51.25],[-55.65,-49.5],[-55.0,-48.75],[-54.93,-47.75],[-56.5,-45.96],[-59.0,-44.97],[-60.5,-43.78],[-63.75,-42.42],[-65.25,-41.53],[-65.75,-41.46],[-66.25,-41.79],[-66.41,-41.75],[-66.22,-41.25],[-67.0,-41.23],[-67.11,-42.0],[-67.75,-42.5],[-67.54,-42.75],[-67.69,-43.25],[-68.37,-44.5],[-67.95,-44.75],[-67.94,-45.25],[-68.27,-45.75],[-68.19,-46.25],[-69.25,-47.09],[-67.75,-47.66],[-66.99,-48.5],[-66.5,-49.75],[-64.82,-51.25],[-63.25,-51.66],[-60.7,-51.75]]}},{"type":"Feature","properties":{"level":1028},"geometry":{"type":"LineString","coordinates":[[-180.0,-51.19],[-176.67,-49.5],[-176.25,-49.0],[-176.1,-47.75],[-176.98,-46.75],[-180.0,-45.44]]}},{"type":"Feature","properties":{"level":1028},"geometry":{"type":"LineString","coordinates":[[51.75,-50.0],[54.75,-50.12],[58.0,-49.63],[61.0,-48.81],[62.25,-48.15],[64.75,-47.66],[66.75,-46.86],[78.39,-45.25],[82.5,-44.07],[85.77,-42.5],[87.25,-41.34],[90.18,-38.75],[93.37,-35.25],[95.42,-33.5],[96.89,-31.25],[97.1,-30.5],[96.94,-29.5],[96.25,-28.99],[95.95,-28.25],[95.5,-28.05],[94.75,-28.19],[94.54,-28.0],[94.63,-27.75],[93.75,-27.21],[93.25,-27.81],[93.2,-27.25],[92.75,-26.92],[91.75,-26.82],[91.25,-26.48],[90.75,-26.68],[89.25,-26.62],[84.75,-26.16],[84.0,-26.4],[83.5,-26.28],[83.25,-26.51],[81.25,-26.6],[79.0,-27.48],[74.75,-28.37],[73.5,-28.94],[71.0,-29.34],[70.25,-29.76],[64.0,-31.6],[61.75,-31.49],[59.0,-31.9],[57.75,-31.52],[54.25,-31.18],[53.0,-31.47],[49.5,-33.47],[48.93,-36.25],[49.18,-38.5],[50.12,-40.5],[52.25,-43.5],[52.36,-44.25],[47.5,-44.39],[45.5,-44.07],[44.0,-43.45],[43.25,-43.62],[42.25,-43.42],[41.85,-44.25],[42.49,-45.25],[42.12,-45.75],[42.75,-46.63],[45.0,-48.14],[46.75,-49.02],[49.0,-49.76],[51.75,-50.0]]}},{"type":"Feature","properties":{"level":1028},"geometry":{"type":"LineString","coordinates":[[180.0,-45.44],[176.5,-44.55],[174.75,-43.81],[174.16,-43.25],[173.75,-42.2],[172.75,-42.31],[170.08,-44.0],[170.27,-44.25],[170.01,-44.75],[170.15,-45.0],[169.66,-46.0],[169.0,-46.72],[167.25,-47.46],[165.0,-47.38],[163.0,-46.9],[155.75,-43.91],[155.0,-44.2],[154.87,-44.75],[155.52,-46.25],[157.75,-48.3],[159.5,-49.25],[164.32,-51.0],[168.75,-51.93],[172.75,-52.21],[176.75,-51.93],[180.0,-51.19]]}},{"type":"Feature","properties":{"level":1028},"geometry":{"type":"LineString","coordinates":[[-166.61,-41.75],[-165.5,-41.95],[-161.5,-41.55],[-159.03,-40.75],[-156.24,-39.25],[-153.49,-36.75],[-152.33,-34.5],[-151.53,-31.5],[-152.36,-29.75],[-153.5,-29.17],[-154.5,-29.12],[-155.5,-28.73],[-157.5,-28.8],[-159.5,-29.33],[-161.0,-30.26],[-162.75,-30.92],[-163.82,-31.75],[-164.91,-33.5],[-167.17,-39.5],[-167.31,-41.25],[-166.61,-41.75]]}},{"type":"Feature","properties":{"level":1028},"geometry":{"type":"LineString","coordinates":[[-70.28,-31.0],[-70.0,-30.98],[-69.71,-30.5],[-69.41,-28.75],[-69.12,-28.5],[-69.25,-28.28],[-70.3,-29.5],[-70.06,-30.0],[-70.28,-31.0]]}},{"type":"Feature","properties":{"level":1028},"geometry":{"type":"LineString","coordinates":[[69.11,35.5],[71.0,35.81],[72.24,36.75],[72.54,37.25],[72.34,37.5],[72.5,37.66],[73.3,38.0],[72.87,38.75],[72.95,39.0],[73.84,39.5],[74.0,40.07],[74.82,40.25],[74.33,41.0],[74.72,41.5],[74.09,42.0],[74.5,42.22],[75.0,42.3],[75.5,42.0],[76.25,42.14],[76.43,42.25],[76.16,42.5],[76.5,42.7],[76.84,42.25],[76.42,42.0],[77.0,41.89],[78.5,42.46],[80.25,42.45],[81.75,42.98],[82.75,42.92],[83.75,43.25],[82.54,43.5],[83.25,44.0],[81.25,44.33],[81.69,43.75],[80.5,43.34],[79.5,43.37],[78.5,42.99],[78.2,43.25],[78.49,43.5],[78.0,43.94],[77.42,43.5],[76.0,43.05],[75.75,43.27],[75.5,43.11],[74.87,43.75],[76.75,43.97],[77.5,44.39],[77.8,45.0],[76.0,45.77],[75.25,45.82],[75.0,46.39],[74.75,46.46],[73.25,45.75],[72.0,45.77],[71.0,45.49],[70.5,45.82],[70.0,45.71],[68.0,44.63],[67.0,44.9],[62.0,43.88],[60.75,43.89],[60.25,44.12],[59.65,44.0],[59.56,43.5],[58.87,42.75],[58.96,42.0],[60.0,40.99],[61.39,40.5],[63.25,41.04],[64.0,40.88],[65.0,41.23],[66.25,41.21],[67.5,40.67],[69.75,41.53],[69.84,40.75],[71.0,40.72],[71.0,39.7],[70.43,39.75],[70.25,40.02],[69.25,39.58],[68.75,39.78],[67.42,39.0],[67.5,38.64],[67.75,38.81],[68.75,38.73],[70.12,38.25],[69.99,37.25],[70.64,37.0],[70.25,36.57],[69.44,36.25],[69.64,36.0],[69.11,35.5]]}},{"type":"Feature","properties":{"level":1028},"geometry":{"type":"LineString","coordinates":[[-28.96,36.25],[-27.0,36.11],[-25.0,36.3],[-21.75,36.96],[-21.0,37.57],[-19.55,38.0],[-17.5,39.02],[-11.5,43.3],[-6.75,45.13],[-6.18,46.0],[-3.87,48.25],[-4.5,49.75],[-3.79,50.5],[-3.84,50.75],[-4.75,50.61],[-5.5,51.18],[-8.5,51.6],[-17.0,50.95],[-21.0,49.94],[-25.0,47.89],[-28.0,45.88],[-31.12,43.25],[-32.04,42.25],[-32.89,40.5],[-32.92,38.75],[-31.83,37.25],[-30.75,36.58],[-28.96,36.25]]}},{"type":"Feature","properties":{"level":1028},"geometry":{"type":"LineString","coordinates":[[72.75,42.37],[72.54,42.5],[73.83,42.5],[72.75,42.37]]}},{"type":"Feature","properties":{"level":1028},"geometry":{"type":"LineString","coordinates":[[-140.01,60.5],[-139.5,60.42],[-138.93,60.75],[-140.0,61.05],[-140.62,60.75],[-140.01,60.5]]}},{"type":"Feature","properties":{"level":1028},"geometry":{"type":"LineString","coordinates":[[-150.32,68.0],[-149.75,67.8],[-148.16,68.0],[-148.75,68.26],[-150.32,68.0]]}},{"type":"Feature","properties":{"level":1028},"geometry":{"type":"LineString","coordinates":[[-144.68,68.25],[-144.0,68.21],[-143.5,68.54],[-142.0,68.49],[-141.77,69.0],[-146.23,69.0],[-144.68,68.25]]}},{"type":"Feature","properties":{"level":1028},"geometry":{"type":"LineString","coordinates":[[-51.81,77.25],[-41.25,77.71],[-35.16,78.5],[-37.25,79.5],[-40.5,79.84],[-50.5,78.17],[-54.36,77.75],[-51.81,77.25]]}},{"type":"Feature","properties":{"level":1032},"geometry":{"type":"LineString","coordinates":[[92.79,-81.25],[95.0,-81.28],[100.68,-80.5],[96.5,-80.35],[90.75,-80.75],[92.79,-81.25]]}},{"type":"Feature","properties":{"level":1032},"geometry":{"type":"LineString","coordinates":[[63.68,-45.0],[70.0,-45.03],[74.5,-44.6],[78.29,-43.75],[81.5,-42.49],[85.25,-39.75],[86.99,-38.0],[90.25,-33.39],[90.61,-32.5],[90.57,-31.25],[88.75,-30.29],[87.5,-29.91],[85.0,-29.65],[82.25,-29.72],[73.25,-31.38],[62.75,-34.0],[57.5,-34.7],[54.75,-35.56],[53.75,-36.22],[53.03,-37.75],[53.07,-39.25],[54.0,-40.89],[56.15,-43.0],[57.0,-43.55],[59.5,-44.44],[63.68,-45.0]]}},{"type":"Feature","properties":{"level":1032},"geometry":{"type":"LineString","coordinates":[[-69.97,-29.75],[-69.75,-29.95],[-69.6,-29.75],[-69.5,-28.72],[-69.97,-29.75]]}},{"type":"Feature","properties":{"level":1032},"geometry":{"type":"LineString","coordinates":[[70.44,37.5],[70.75,37.27],[71.12,37.75],[71.0,38.0],[71.72,38.0],[71.68,38.25],[72.29,38.75],[71.75,38.85],[71.5,38.66],[70.25,39.38],[69.24,39.0],[69.53,38.75],[70.25,38.74],[70.68,38.0],[70.44,37.5]]}},{"type":"Feature","properties":{"level":1032},"geometry":{"type":"LineString","coordinates":[[-25.54,40.75],[-24.0,40.69],[-21.25,41.29],[-19.25,42.3],[-18.0,42.65],[-11.8,46.25],[-11.45,47.5],[-11.98,48.25],[-12.5,48.54],[-15.25,48.75],[-17.5,48.48],[-20.25,47.61],[-23.48,45.75],[-25.25,44.16],[-26.25,42.76],[-26.36,42.25],[-26.25,41.34],[-25.54,40.75]]}},{"type":"Feature","properties":{"level":1032},"geometry":{"type":"LineString","coordinates":[[-42.49,78.25],[-40.42,78.25],[-41.5,78.5],[-42.49,78.25]]}},{"type":"Feature","properties":{"level":1036},"geometry":{"type":"LineString","coordinates":[[65.65,-43.0],[68.0,-43.19],[72.75,-42.82],[77.14,-41.5],[80.0,-39.62],[81.81,-37.75],[83.17,-35.5],[83.01,-34.25],[79.25,-33.37],[76.0,-33.73],[68.25,-35.18],[59.36,-38.25],[58.77,-38.75],[58.66,-40.25],[59.75,-41.36],[61.25,-42.05],[65.65,-43.0]]}}]}