{"type":"FeatureCollection","features":[{"type":"Feature","properties":{"level":944},"geometry":{"type":"LineString","coordinates":[[-18.75,66.9],[-18.95,67.0],[-18.83,67.25],[-18.57,67.25],[-18.47,67.0],[-18.75,66.9]]}},{"type":"Feature","properties":{"level":948},"geometry":{"type":"LineString","coordinates":[[-17.75,65.93],[-19.75,66.2],[-20.38,66.75],[-20.31,67.0],[-19.59,67.75],[-18.0,68.09],[-16.25,67.67],[-15.21,67.0],[-15.75,66.16],[-16.75,65.88],[-17.75,65.93]]}},{"type":"Feature","properties":{"level":952},"geometry":{"type":"LineString","coordinates":[[110.5,-61.02],[109.87,-60.25],[110.0,-59.85],[110.53,-59.5],[112.0,-59.45],[112.87,-60.0],[112.5,-60.79],[111.5,-61.08],[110.5,-61.02]]}},{"type":"Feature","properties":{"level":952},"geometry":{"type":"LineString","coordinates":[[-18.0,65.42],[-20.5,66.11],[-21.12,66.75],[-20.91,67.5],[-18.75,68.6],[-16.25,68.74],[-13.92,68.25],[-12.78,67.0],[-13.5,66.1],[-14.5,65.67],[-16.5,65.3],[-18.0,65.42]]}},{"type":"Feature","properties":{"level":956},"geometry":{"type":"LineString","coordinates":[[-103.75,-74.75],[-107.5,-74.34],[-108.5,-73.79],[-108.57,-73.5],[-107.5,-72.89],[-104.5,-72.34],[-99.46,-72.25],[-97.37,-72.5],[-97.27,-72.75],[-99.36,-74.0],[-99.0,-74.51],[-103.75,-74.75]]}},{"type":"Feature","properties":{"level":956},"geometry":{"type":"LineString","coordinates":[[110.75,-62.26],[109.5,-61.61],[108.79,-60.75],[108.67,-60.0],[109.44,-59.25],[110.5,-58.83],[112.0,-58.83],[113.36,-59.25],[114.21,-60.0],[114.39,-61.0],[113.26,-62.25],[112.25,-62.48],[110.75,-62.26]]}},{"type":"Feature","properties":{"level":956},"geometry":{"type":"LineString","coordinates":[[-17.0,64.49],[-18.67,64.75],[-18.61,65.0],[-19.0,65.22],[-21.23,66.0],[-21.81,67.0],[-21.62,67.75],[-18.69,69.25],[-17.0,69.46],[-13.75,69.07],[-12.52,68.5],[-11.84,67.75],[-11.62,67.25],[-11.75,66.5],[-12.84,65.5],[-15.5,64.44],[-17.0,64.49]]}},{"type":"Feature","properties":{"level":960},"geometry":{"type":"LineString","coordinates":[[-107.75,-75.26],[-108.5,-74.8],[-111.06,-74.25],[-110.93,-73.25],[-110.0,-72.57],[-108.5,-71.98],[-104.0,-71.39],[-96.5,-71.7],[-95.19,-72.0],[-94.12,-72.75],[-94.86,-73.25],[-94.99,-73.5],[-94.53,-73.75],[-95.06,-74.0],[-94.92,-74.25],[-97.72,-75.0],[-106.75,-75.43],[-107.75,-75.26]]}},{"type":"Feature","properties":{"level":960},"geometry":{"type":"LineString","coordinates":[[-134.75,-65.76],[-136.64,-65.5],[-137.25,-65.09],[-137.33,-64.75],[-135.0,-63.49],[-130.0,-63.91],[-126.0,-63.58],[-124.25,-63.94],[-123.82,-64.5],[-125.0,-64.98],[-126.75,-65.27],[-127.75,-65.25],[-129.5,-64.78],[-132.0,-65.48],[-134.75,-65.76]]}},{"type":"Feature","properties":{"level":960},"geometry":{"type":"LineString","coordinates":[[-117.25,-63.01],[-118.19,-62.75],[-118.73,-62.25],[-116.25,-61.34],[-114.75,-61.34],[-114.06,-61.75],[-114.08,-62.25],[-114.75,-62.76],[-116.0,-63.07],[-117.25,-63.01]]}},{"type":"Feature","properties":{"level":960},"geometry":{"type":"LineString","coordinates":[[111.25,-63.01],[109.5,-62.44],[108.21,-61.5],[107.6,-60.25],[108.03,-59.5],[109.75,-58.59],[112.0,-58.42],[114.17,-59.0],[115.68,-60.25],[116.03,-62.0],[115.42,-62.75],[113.5,-63.16],[111.25,-63.01]]}},{"type":"Feature","properties":{"level":960},"geometry":{"type":"LineString","coordinates":[[-120.0,-62.89],[-120.0,-62.68],[-119.5,-62.75],[-120.0,-62.89]]}},{"type":"Feature","properties":{"level":960},"geometry":{"type":"LineString","coordinates":[[-111.5,-60.58],[-111.69,-60.25],[-111.0,-59.73],[-110.0,-59.57],[-109.38,-60.0],[-110.0,-60.61],[-111.5,-60.58]]}},{"type":"Feature","properties":{"level":960},"geometry":{"type":"LineString","coordinates":[[95.75,-53.78],[94.8,-53.25],[94.92,-52.75],[95.67,-52.0],[96.5,-51.95],[97.5,-52.5],[97.67,-53.0],[97.49,-53.5],[97.0,-53.73],[95.75,-53.78]]}},{"type":"Feature","properties":{"level":960},"geometry":{"type":"LineString","coordinates":[[-19.0,63.44],[-20.5,64.47],[-20.37,65.0],[-22.07,65.75],[-21.87,66.25],[-22.43,67.0],[-22.42,67.75],[-21.25,68.74],[-18.5,69.8],[-16.25,70.27],[-12.75,69.58],[-11.56,69.0],[-10.87,68.25],[-10.53,67.5],[-10.69,66.5],[-11.18,65.75],[-11.75,65.36],[-15.25,63.85],[-17.5,63.35],[-19.0,63.44]]}},{"type":"Feature","properties":{"level":964},"geometry":{"type":"LineString","coordinates":[[-108.5,-75.84],[-110.0,-75.33],[-113.25,-75.29],[-114.0,-74.85],[-115.41,-74.75],[-116.5,-74.3],[-117.25,-74.42],[-117.92,-73.75],[-119.11,-73.5],[-117.25,-72.47],[-112.28,-71.0],[-108.75,-70.48],[-104.5,-70.21],[-100.75,-70.28],[-95.75,-70.99],[-93.17,-71.75],[-92.44,-72.25],[-92.23,-72.75],[-93.03,-73.25],[-92.96,-74.5],[-93.5,-74.81],[-98.75,-75.38],[-108.5,-75.84]]}},{"type":"Feature","properties":{"level":964},"geometry":{"type":"LineString","coordinates":[[-120.5,-74.56],[-120.7,-74.5],[-119.75,-74.27],[-118.22,-74.5],[-120.5,-74.56]]}},{"type":"Feature","properties":{"level":964},"geometry":{"type":"LineString","coordinates":[[-133.75,-68.51],[-137.25,-68.15],[-140.5,-67.26],[-141.69,-66.5],[-142.69,-65.0],[-142.74,-64.5],[-140.05,-62.75],[-139.24,-61.75],[-137.25,-60.99],[-134.0,-60.87],[-126.0,-61.33],[-120.25,-60.86],[-115.25,-60.16],[-111.0,-58.95],[-107.5,-58.94],[-107.14,-59.25],[-107.34,-60.25],[-108.25,-61.12],[-114.25,-64.04],[-118.25,-65.07],[-124.75,-67.21],[-130.5,-68.32],[-133.75,-68.51]]}},{"type":"Feature","properties":{"level":964},"geometry":{"type":"LineString","coordinates":[[11.75,-65.02],[9.5,-64.29],[6.14,-62.75],[5.26,-62.0],[5.24,-61.25],[6.5,-60.79],[8.0,-60.72],[12.0,-62.3],[13.48,-63.5],[13.8,-64.25],[13.25,-65.05],[11.75,-65.02]]}},{"type":"Feature","properties":{"level":964},"geometry":{"type":"LineString","coordinates":[[111.0,-63.52],[108.64,-62.75],[106.94,-61.5],[106.48,-60.25],[107.06,-59.25],[108.25,-58.53],[109.75,-58.07],[113.25,-58.14],[115.0,-58.67],[116.51,-59.5],[117.47,-60.25],[118.33,-61.5],[117.92,-62.75],[116.5,-63.5],[113.25,-63.73],[111.0,-63.52]]}},{"type":"Feature","properties":{"level":964},"geometry":{"type":"LineString","coordinates":[[96.0,-54.56],[94.12,-53.75],[93.79,-53.0],[94.0,-52.19],[95.0,-51.54],[96.25,-51.33],[97.75,-51.61],[98.72,-52.25],[99.15,-53.25],[99.0,-53.81],[98.4,-54.5],[96.0,-54.56]]}},{"type":"Feature","properties":{"level":964},"geometry":{"type":"LineString","coordinates":[[-19.5,62.99],[-21.13,63.5],[-21.46,64.0],[-21.44,64.5],[-22.0,65.25],[-23.25,65.75],[-22.6,66.25],[-23.32,67.25],[-23.35,68.0],[-22.0,69.03],[-18.24,70.5],[-14.25,71.2],[-11.0,69.89],[-9.78,68.75],[-9.42,67.75],[-9.64,66.75],[-10.26,65.75],[-11.25,64.97],[-13.0,64.08],[-15.25,63.36],[-17.5,62.94],[-19.5,62.99]]}},{"type":"Feature","properties":{"level":968},"geometry":{"type":"LineString","coordinates":[[-113.5,-76.25],[-115.75,-75.68],[-118.5,-75.43],[-124.0,-75.63],[-132.5,-75.19],[-132.77,-75.0],[-132.02,-74.75],[-132.03,-74.25],[-130.1,-73.25],[-127.89,-71.75],[-127.52,-71.25],[-128.75,-70.91],[-139.0,-70.46],[-143.75,-69.7],[-147.0,-68.65],[-147.8,-68.0],[-147.88,-67.5],[-146.6,-65.0],[-144.13,-62.5],[-143.0,-61.78],[-139.0,-60.19],[-136.5,-59.7],[-132.0,-59.64],[-130.5,-59.28],[-128.25,-59.45],[-126.0,-59.2],[-121.25,-59.27],[-117.25,-58.87],[-111.0,-57.65],[-106.5,-57.09],[-105.75,-57.33],[-105.21,-58.0],[-105.16,-59.5],[-105.63,-60.75],[-109.25,-63.75],[-110.82,-65.5],[-113.51,-66.75],[-113.76,-67.25],[-113.5,-67.72],[-112.0,-68.21],[-100.5,-69.16],[-97.0,-69.73],[-92.5,-70.88],[-91.0,-71.59],[-90.36,-72.25],[-90.35,-73.0],[-90.91,-73.5],[-90.36,-74.25],[-90.85,-74.75],[-91.95,-75.0],[-107.25,-76.41],[-111.25,-75.97],[-112.75,-76.32],[-113.5,-76.25]]}},{"type":"Feature","properties":{"level":968},"geometry":{"type":"LineString","coordinates":[[12.5,-66.27],[8.21,-65.25],[3.75,-63.37],[2.75,-62.65],[2.03,-61.75],[1.12,-60.0],[1.14,-59.5],[1.92,-58.5],[4.0,-56.75],[6.0,-57.82],[14.91,-59.75],[15.88,-61.5],[16.39,-63.0],[16.21,-64.5],[15.57,-65.5],[14.54,-66.25],[12.5,-66.27]]}},{"type":"Feature","properties":{"level":968},"geometry":{"type":"LineString","coordinates":[[110.75,-64.03],[107.94,-63.25],[105.75,-61.93],[105.08,-61.0],[104.9,-60.25],[105.11,-59.5],[105.68,-58.75],[106.97,-58.0],[108.5,-57.59],[111.0,-57.39],[113.25,-57.56],[115.75,-58.18],[119.25,-59.64],[119.73,-60.0],[120.35,-61.25],[120.31,-62.25],[119.97,-63.0],[118.56,-63.75],[115.5,-64.2],[110.75,-64.03]]}},{"type":"Feature","properties":{"level":968},"geometry":{"type":"LineString","coordinates":[[96.25,-55.54],[94.0,-54.84],[92.52,-53.75],[92.27,-52.75],[92.98,-51.5],[95.07,-50.5],[96.5,-50.42],[98.75,-51.09],[100.32,-52.25],[101.05,-53.75],[100.89,-54.5],[98.75,-55.69],[96.25,-55.54]]}},{"type":"Feature","properties":{"level":968},"geometry":{"type":"LineString","coordinates":[[-20.0,62.71],[-22.0,63.3],[-22.51,63.75],[-23.25,65.23],[-24.14,65.5],[-23.72,66.25],[-24.35,67.0],[-24.38,68.25],[-23.0,69.39],[-17.0,71.35],[-14.74,71.75],[-11.5,71.91],[-10.37,71.75],[-10.36,71.25],[-8.38,69.25],[-8.24,68.0],[-8.62,66.75],[-9.58,65.5],[-11.0,64.5],[-13.0,63.57],[-15.5,62.88],[-17.75,62.58],[-20.0,62.71]]}},{"type":"Feature","properties":{"level":972},"geometry":{"type":"LineString","coordinates":[[-162.0,-80.5],[-167.24,-80.0],[-173.0,-78.61],[-175.25,-77.75],[-175.48,-77.25],[-174.75,-76.69],[-173.2,-76.25],[-161.25,-74.79],[-152.11,-72.75],[-151.26,-72.25],[-150.85,-71.5],[-151.83,-68.5],[-151.71,-66.5],[-150.0,-64.67],[-147.35,-62.75],[-144.39,-61.0],[-140.25,-59.44],[-137.75,-58.87],[-132.5,-58.35],[-129.25,-57.71],[-122.0,-57.93],[-115.75,-56.99],[-111.25,-56.06],[-110.0,-55.58],[-106.0,-56.13],[-104.3,-57.25],[-103.65,-58.75],[-103.77,-61.0],[-105.07,-63.5],[-104.94,-64.5],[-104.04,-66.0],[-100.43,-67.5],[-91.25,-70.18],[-88.97,-71.25],[-88.08,-72.25],[-88.53,-73.5],[-88.23,-74.25],[-88.63,-74.75],[-101.25,-76.14],[-106.0,-76.92],[-107.75,-76.99],[-111.5,-76.59],[-114.5,-76.92],[-116.25,-76.59],[-117.0,-76.13],[-118.5,-75.96],[-128.0,-76.05],[-131.75,-76.22],[-133.5,-76.81],[-134.0,-76.5],[-133.83,-76.25],[-134.25,-76.17],[-138.5,-76.35],[-140.25,-76.83],[-140.75,-76.43],[-141.25,-76.52],[-141.25,-76.8],[-139.84,-77.25],[-140.5,-77.36],[-144.0,-76.5],[-144.79,-76.75],[-144.4,-77.0],[-144.75,-77.5],[-147.0,-77.47],[-148.25,-76.96],[-150.0,-77.47],[-151.25,-77.46],[-152.0,-77.83],[-151.83,-78.5],[-152.06,-78.75],[-148.48,-79.75],[-152.0,-79.93],[-157.75,-80.67],[-162.0,-80.5]]}},{"type":"Feature","properties":{"level":972},"geometry":{"type":"LineString","coordinates":[[-135.25,-78.0],[-135.55,-77.75],[-135.41,-77.5],[-134.0,-76.93],[-133.65,-77.0],[-134.5,-77.91],[-135.25,-78.0]]}},{"type":"Feature","properties":{"level":972},"geometry":{"type":"LineString","coordinates":[[-147.75,-77.78],[-148.3,-77.5],[-148.0,-77.36],[-147.04,-77.75],[-147.75,-77.78]]}},{"type":"Feature","properties":{"level":972},"geometry":{"type":"LineString","coordinates":[[-146.02,-77.25],[-145.5,-77.26],[-145.38,-77.0],[-146.0,-76.84],[-146.66,-77.0],[-146.02,-77.25]]}},{"type":"Feature","properties":{"level":972},"geometry":{"type":"LineString","coordinates":[[-142.28,-76.25],[-141.25,-76.48],[-141.15,-76.25],[-142.28,-76.25]]}},{"type":"Feature","properties":{"level":972},"geometry":{"type":"LineString","coordinates":[[-145.72,-76.0],[-144.27,-76.0],[-145.72,-76.0]]}},{"type":"Feature","properties":{"level":972},"geometry":{"type":"LineString","coordinates":[[13.75,-67.26],[10.25,-66.84],[6.5,-65.98],[3.25,-64.85],[1.25,-63.79],[-0.25,-62.41],[-1.25,-60.64],[-1.41,-59.25],[-0.88,-57.75],[-0.11,-56.75],[0.75,-56.17],[3.0,-55.36],[4.5,-55.31],[12.0,-56.59],[15.75,-57.92],[17.74,-59.0],[20.13,-61.0],[20.97,-62.5],[20.84,-63.25],[19.18,-65.25],[17.39,-66.75],[15.75,-67.24],[13.75,-67.26]]}},{"type":"Feature","properties":{"level":972},"geometry":{"type":"LineString","coordinates":[[180.0,-65.23],[177.75,-65.07],[177.02,-64.75],[175.23,-63.25],[174.08,-61.5],[176.25,-61.57],[180.0,-62.35]]}},{"type":"Feature","properties":{"level":972},"geometry":{"type":"LineString","coordinates":[[110.25,-64.54],[106.26,-63.5],[102.89,-61.5],[101.95,-60.0],[101.68,-58.5],[102.02,-57.75],[101.75,-57.36],[96.5,-56.93],[93.25,-55.92],[91.41,-55.0],[89.6,-53.75],[89.29,-53.25],[89.45,-52.5],[90.78,-50.75],[92.6,-50.0],[95.5,-49.56],[98.5,-49.83],[100.5,-50.61],[102.0,-51.68],[103.36,-53.25],[104.25,-54.9],[106.06,-55.25],[105.75,-55.62],[104.75,-55.6],[104.75,-55.87],[113.0,-56.8],[118.25,-57.99],[120.5,-58.27],[121.31,-59.0],[121.97,-60.25],[122.33,-62.5],[121.9,-63.25],[121.18,-63.75],[119.0,-64.32],[116.25,-64.68],[110.25,-64.54]]}},{"type":"Feature","properties":{"level":972},"geometry":{"type":"LineString","coordinates":[[-180.0,-62.35],[-179.29,-62.75],[-179.56,-64.0],[-178.84,-65.0],[-180.0,-65.23]]}},{"type":"Feature","properties":{"level":972},"geometry":{"type":"LineString","coordinates":[[-19.25,62.24],[-22.25,62.83],[-24.98,64.75],[-25.5,65.5],[-25.53,66.25],[-26.14,68.0],[-27.0,68.5],[-24.48,69.5],[-24.49,69.75],[-22.21,70.0],[-19.0,71.28],[-15.75,72.04],[-9.5,72.48],[-7.48,72.25],[-6.67,71.75],[-6.9,70.5],[-6.62,69.0],[-6.87,68.0],[-7.66,66.5],[-9.0,65.16],[-11.5,63.68],[-13.75,62.86],[-16.5,62.3],[-19.25,62.24]]}},{"type":"Feature","properties":{"level":976},"geometry":{"type":"LineString","coordinates":[[180.0,-81.67],[178.28,-81.25],[175.67,-80.0],[170.61,-78.75],[171.03,-78.25],[180.0,-75.23]]}},{"type":"Feature","properties":{"level":976},"geometry":{"type":"LineString","coordinates":[[-128.12,-76.5],[-127.75,-76.7],[-127.1,-76.5],[-128.12,-76.5]]}},{"type":"Feature","properties":{"level":976},"geometry":{"type":"LineString","coordinates":[[-180.0,-75.23],[-175.75,-74.1],[-163.5,-71.78],[-160.08,-70.75],[-157.75,-69.24],[-155.22,-66.0],[-152.11,-63.75],[-147.0,-60.86],[-142.75,-59.1],[-138.25,-57.96],[-129.75,-56.67],[-122.25,-56.41],[-116.5,-55.16],[-115.5,-54.68],[-113.25,-54.47],[-110.25,-54.49],[-107.5,-54.84],[-105.8,-55.25],[-103.96,-56.25],[-102.87,-57.5],[-102.43,-58.5],[-101.85,-60.5],[-101.62,-62.5],[-100.79,-64.0],[-98.25,-65.29],[-94.25,-66.51],[-91.13,-68.5],[-87.24,-70.5],[-85.53,-71.75],[-85.22,-72.25],[-85.37,-72.75],[-85.96,-73.25],[-85.61,-74.25],[-85.71,-74.5],[-86.58,-74.75],[-91.75,-75.24],[-100.75,-76.55],[-103.0,-77.4],[-108.1,-77.75],[-109.34,-78.0],[-109.08,-78.25],[-109.51,-78.5],[-108.2,-78.75],[-111.0,-79.28],[-112.25,-79.26],[-116.25,-78.46],[-117.5,-77.95],[-118.0,-77.09],[-124.75,-76.55],[-125.73,-76.75],[-126.25,-77.17],[-128.91,-77.0],[-128.9,-76.75],[-129.25,-76.71],[-130.66,-76.75],[-131.48,-77.25],[-131.24,-77.75],[-131.55,-78.75],[-130.22,-78.75],[-133.25,-80.6],[-135.82,-81.5],[-143.5,-82.6],[-151.75,-83.08],[-162.0,-82.93],[-171.59,-82.5],[-180.0,-81.67]]}},{"type":"Feature","properties":{"level":976},"geometry":{"type":"LineString","coordinates":[[11.5,-68.02],[7.25,-67.43],[3.5,-66.54],[0.75,-65.48],[-1.19,-64.25],[-2.95,-62.25],[-3.5,-60.75],[-3.53,-58.5],[-2.61,-56.5],[-1.75,-55.78],[-0.25,-55.02],[2.5,-54.28],[6.5,-54.12],[12.75,-54.62],[16.75,-56.14],[19.75,-57.74],[23.18,-60.75],[24.5,-62.52],[24.63,-63.25],[24.15,-65.0],[23.5,-66.59],[22.93,-67.25],[21.32,-67.75],[18.0,-68.16],[11.5,-68.02]]}},{"type":"Feature","properties":{"level":976},"geometry":{"type":"LineString","coordinates":[[180.0,-67.32],[173.75,-68.65],[170.5,-68.6],[168.71,-68.0],[171.5,-67.0],[172.28,-66.5],[172.48,-64.5],[172.16,-62.75],[172.6,-61.25],[173.25,-60.46],[174.75,-60.29],[180.0,-60.98]]}},{"type":"Feature","properties":{"level":976},"geometry":{"type":"LineString","coordinates":[[-92.25,-65.8],[-93.5,-65.27],[-93.91,-64.5],[-92.26,-63.75],[-91.0,-63.46],[-89.67,-63.75],[-88.23,-64.5],[-88.5,-65.17],[-89.25,-65.55],[-92.25,-65.8]]}},{"type":"Feature","properties":{"level":976},"geometry":{"type":"LineString","coordinates":[[109.5,-65.03],[103.0,-63.65],[101.0,-63.47],[96.75,-61.35],[90.83,-57.25],[87.25,-54.0],[86.77,-53.0],[87.66,-51.75],[88.75,-50.79],[92.5,-48.84],[95.25,-48.17],[97.75,-48.06],[99.0,-48.25],[102.25,-49.41],[107.73,-53.5],[110.1,-54.25],[112.07,-55.5],[117.25,-56.72],[121.25,-57.06],[122.67,-58.5],[124.07,-61.5],[124.09,-62.75],[123.62,-63.5],[122.72,-64.0],[120.07,-64.75],[113.75,-65.22],[109.5,-65.03]]}},{"type":"Feature","properties":{"level":976},"geometry":{"type":"LineString","coordinates":[[-180.0,-60.98],[-177.75,-62.0],[-176.22,-64.5],[-176.48,-65.25],[-177.69,-66.75],[-180.0,-67.32]]}},{"type":"Feature","properties":{"level":976},"geometry":{"type":"LineString","coordinates":[[30.75,-53.27],[29.0,-53.13],[27.75,-52.77],[26.88,-52.0],[26.5,-50.92],[26.75,-50.67],[27.25,-50.67],[29.28,-51.5],[31.2,-52.75],[31.25,-53.15],[30.75,-53.27]]}},{"type":"Feature","properties":{"level":976},"geometry":{"type":"LineString","coordinates":[[101.25,-44.3],[100.25,-43.77],[100.26,-43.25],[100.75,-43.13],[102.2,-43.75],[101.88,-44.25],[101.25,-44.3]]}},{"type":"Feature","properties":{"level":976},"geometry":{"type":"LineString","coordinates":[[-159.0,47.69],[-159.18,48.0],[-159.0,48.37],[-158.48,48.25],[-158.19,47.75],[-158.75,47.52],[-159.0,47.69]]}},{"type":"Feature","properties":{"level":976},"geometry":{"type":"LineString","coordinates":[[147.0,51.71],[145.72,52.5],[145.48,53.5],[145.99,54.0],[147.25,53.57],[148.42,52.5],[148.07,51.75],[147.0,51.71]]}},{"type":"Feature","properties":{"level":976},"geometry":{"type":"LineString","coordinates":[[-19.25,61.75],[-21.75,62.07],[-23.7,62.75],[-26.5,64.5],[-27.72,66.0],[-28.75,66.63],[-32.25,66.81],[-34.51,66.5],[-32.0,68.21],[-31.25,68.2],[-30.0,68.63],[-27.75,68.73],[-25.29,69.5],[-25.25,69.79],[-22.5,70.24],[-22.25,70.63],[-19.25,71.69],[-15.25,72.56],[-10.75,73.01],[-6.75,72.89],[-4.59,72.5],[-3.43,71.5],[-5.95,67.0],[-7.1,65.75],[-8.77,64.5],[-11.25,63.24],[-13.75,62.4],[-16.5,61.85],[-19.25,61.75]]}},{"type":"Feature","properties":{"level":980},"geometry":{"type":"LineString","coordinates":[[180.0,-83.16],[171.5,-82.32],[165.23,-81.25],[163.5,-80.12],[163.0,-80.11],[162.44,-79.5],[163.78,-78.75],[163.0,-78.2],[160.24,-77.75],[160.65,-77.5],[160.29,-77.0],[159.75,-76.91],[159.23,-76.5],[160.12,-76.25],[159.5,-75.97],[159.5,-75.72],[161.5,-75.94],[162.0,-75.8],[162.75,-76.16],[165.0,-76.17],[169.75,-75.7],[174.0,-74.39],[177.25,-72.73],[180.0,-72.14]]}},{"type":"Feature","properties":{"level":980},"geometry":{"type":"LineString","coordinates":[[-90.25,-78.5],[-88.5,-78.25],[-87.87,-78.5],[-90.25,-78.5]]}},{"type":"Feature","properties":{"level":980},"geometry":{"type":"LineString","coordinates":[[-180.0,-72.14],[-170.0,-69.99],[-162.75,-67.8],[-160.0,-66.59],[-153.73,-62.75],[-148.27,-60.0],[-142.0,-57.76],[-136.75,-56.5],[-131.25,-55.52],[-124.0,-55.18],[-120.5,-54.6],[-116.0,-53.47],[-113.0,-53.25],[-110.0,-53.46],[-107.0,-53.98],[-103.5,-55.49],[-102.25,-56.68],[-98.94,-61.75],[-97.25,-63.0],[-95.75,-63.28],[-93.5,-62.87],[-90.75,-62.89],[-86.34,-64.0],[-86.14,-64.5],[-86.33,-65.25],[-87.59,-66.5],[-87.66,-67.25],[-86.49,-68.75],[-83.25,-70.61],[-82.14,-72.0],[-82.29,-73.25],[-82.84,-73.75],[-82.43,-74.5],[-82.75,-74.73],[-88.5,-74.99],[-98.0,-76.75],[-101.53,-78.0],[-101.61,-78.5],[-102.15,-78.75],[-102.02,-79.0],[-106.15,-79.25],[-109.25,-80.1],[-111.25,-80.37],[-114.75,-79.47],[-117.5,-79.21],[-120.5,-79.32],[-124.0,-78.38],[-124.5,-78.51],[-126.16,-79.75],[-126.19,-80.25],[-125.65,-81.0],[-125.74,-81.25],[-125.27,-81.5],[-129.37,-82.0],[-131.86,-82.75],[-137.5,-83.41],[-144.26,-84.0],[-155.5,-83.97],[-170.25,-83.67],[-180.0,-83.16]]}},{"type":"Feature","properties":{"level":980},"geometry":{"type":"LineString","coordinates":[[9.75,-69.01],[4.75,-68.41],[1.25,-67.64],[-1.25,-66.56],[-3.5,-64.87],[-5.0,-62.21],[-5.46,-59.5],[-5.1,-57.0],[-3.91,-55.25],[-2.25,-54.14],[-0.5,-53.55],[2.5,-52.91],[6.25,-52.46],[10.25,-52.25],[17.5,-53.54],[21.46,-55.0],[22.46,-55.75],[28.12,-62.0],[29.25,-63.55],[31.77,-65.75],[30.83,-66.5],[27.84,-67.75],[23.0,-68.75],[17.75,-69.15],[9.75,-69.01]]}},{"type":"Feature","properties":{"level":980},"geometry":{"type":"LineString","coordinates":[[180.0,-69.19],[175.25,-69.83],[171.0,-69.76],[167.0,-68.92],[165.72,-68.25],[165.52,-67.75],[166.0,-67.0],[168.44,-65.75],[169.99,-64.5],[170.36,-63.75],[170.75,-61.47],[172.75,-59.45],[176.5,-59.45],[180.0,-59.89]]}},{"type":"Feature","properties":{"level":980},"geometry":{"type":"LineString","coordinates":[[111.25,-66.5],[110.25,-65.9],[109.25,-65.67],[103.25,-65.06],[99.75,-65.4],[97.5,-64.59],[92.52,-61.25],[87.05,-56.75],[85.75,-55.26],[85.4,-54.5],[85.38,-53.5],[85.9,-52.25],[88.5,-49.35],[91.0,-47.36],[92.75,-46.51],[95.37,-45.75],[96.19,-45.25],[96.75,-44.46],[97.95,-43.5],[100.5,-42.29],[103.0,-42.87],[103.68,-43.5],[103.22,-45.25],[103.85,-47.25],[106.07,-49.5],[108.5,-51.26],[110.5,-52.14],[112.21,-53.75],[114.0,-54.77],[116.75,-55.56],[121.25,-55.99],[122.0,-56.25],[123.65,-57.75],[126.15,-61.75],[126.11,-62.75],[125.64,-63.5],[123.25,-64.58],[120.0,-65.24],[113.5,-65.73],[111.25,-66.5]]}},{"type":"Feature","properties":{"level":980},"geometry":{"type":"LineString","coordinates":[[-180.0,-59.89],[-177.5,-60.77],[-176.07,-61.75],[-174.37,-63.5],[-173.27,-65.5],[-175.47,-67.5],[-177.25,-68.36],[-180.0,-69.19]]}},{"type":"Feature","properties":{"level":980},"geometry":{"type":"LineString","coordinates":[[27.75,-54.26],[26.19,-53.75],[25.5,-53.15],[24.68,-51.75],[25.12,-50.25],[25.82,-49.25],[27.0,-49.28],[28.25,-49.69],[32.5,-51.9],[33.3,-52.5],[33.82,-53.25],[33.25,-53.69],[31.5,-54.24],[29.0,-54.41],[27.75,-54.26]]}},{"type":"Feature","properties":{"level":980},"geometry":{"type":"LineString","coordinates":[[-159.0,46.96],[-159.75,47.54],[-159.86,48.75],[-158.75,48.99],[-157.75,48.68],[-157.31,48.0],[-157.45,47.5],[-158.25,46.97],[-159.0,46.96]]}},{"type":"Feature","properties":{"level":980},"geometry":{"type":"LineString","coordinates":[[146.75,51.5],[145.32,52.25],[144.83,53.0],[144.7,53.75],[145.25,54.81],[146.0,55.18],[147.0,55.3],[147.97,55.0],[148.42,54.5],[148.91,53.75],[149.09,52.75],[148.87,52.0],[148.5,51.66],[147.75,51.42],[146.75,51.5]]}},{"type":"Feature","properties":{"level":980},"geometry":{"type":"LineString","coordinates":[[-20.0,61.25],[-24.0,61.94],[-28.5,64.24],[-30.5,64.74],[-36.0,64.58],[-37.25,64.8],[-38.25,65.41],[-39.43,65.5],[-38.5,65.77],[-37.75,65.64],[-35.33,66.5],[-35.32,66.75],[-34.06,67.25],[-34.17,67.5],[-33.96,67.75],[-31.96,68.5],[-32.0,68.77],[-28.25,68.89],[-25.5,69.88],[-23.27,70.25],[-23.53,70.75],[-23.0,71.06],[-22.0,71.2],[-19.25,72.25],[-15.75,72.98],[-11.0,73.51],[-5.5,73.44],[-1.8,72.75],[-0.98,71.75],[-1.09,70.25],[-2.75,68.97],[-5.41,66.0],[-8.0,64.14],[-11.0,62.73],[-13.75,61.88],[-16.75,61.34],[-20.0,61.25]]}},{"type":"Feature","properties":{"level":984},"geometry":{"type":"LineString","coordinates":[[180.0,-84.73],[176.75,-84.57],[176.42,-84.75],[173.25,-84.43],[172.42,-84.0],[172.37,-83.75],[171.5,-83.53],[170.0,-83.61],[169.25,-84.18],[167.43,-83.75],[168.17,-83.5],[168.0,-83.25],[167.25,-83.38],[166.5,-83.06],[166.0,-83.3],[163.0,-83.1],[162.75,-82.78],[161.89,-82.75],[162.75,-82.66],[162.75,-82.43],[161.0,-82.18],[158.75,-81.35],[157.5,-81.56],[155.75,-81.44],[152.55,-80.75],[156.75,-80.94],[158.25,-80.6],[158.69,-80.25],[157.25,-80.27],[156.16,-80.0],[159.0,-79.75],[157.0,-79.12],[155.25,-78.87],[155.14,-78.75],[155.9,-78.5],[156.31,-78.0],[156.36,-77.5],[156.31,-77.25],[154.9,-76.75],[154.67,-75.75],[155.25,-75.22],[156.75,-74.74],[160.5,-74.52],[162.0,-74.74],[163.28,-74.0],[163.0,-73.7],[165.25,-73.42],[165.25,-73.2],[164.75,-73.19],[164.25,-72.77],[162.8,-72.5],[163.22,-72.0],[162.39,-70.75],[162.5,-70.53],[163.0,-70.63],[163.23,-71.25],[163.75,-71.23],[164.25,-71.88],[165.5,-71.72],[167.75,-72.3],[168.25,-72.66],[169.61,-72.5],[168.25,-71.94],[166.25,-71.62],[166.0,-71.22],[165.25,-71.16],[164.0,-70.56],[163.25,-70.57],[161.7,-69.0],[161.54,-68.5],[161.93,-67.75],[163.4,-66.25],[166.75,-64.51],[168.0,-63.56],[169.91,-60.5],[172.0,-58.58],[173.0,-58.35],[175.0,-58.4],[178.5,-58.59],[180.0,-58.98]]}},{"type":"Feature","properties":{"level":984},"geometry":{"type":"LineString","coordinates":[[162.25,-73.86],[161.88,-73.25],[162.0,-73.12],[163.21,-73.25],[162.51,-73.5],[162.64,-73.75],[162.25,-73.86]]}},{"type":"Feature","properties":{"level":984},"geometry":{"type":"LineString","coordinates":[[-16.0,-73.51],[-16.31,-73.25],[-16.21,-72.75],[-14.34,-71.5],[-10.9,-70.0],[-6.75,-69.24],[-5.77,-68.5],[-5.68,-66.25],[-6.96,-62.5],[-7.29,-59.25],[-7.13,-56.75],[-6.25,-54.75],[-4.75,-53.37],[-3.0,-52.55],[0.5,-51.4],[4.5,-50.62],[7.5,-50.27],[9.75,-50.28],[13.25,-50.57],[19.0,-51.53],[21.5,-50.6],[24.52,-48.5],[25.75,-47.95],[27.25,-48.15],[33.5,-51.24],[35.5,-52.46],[35.84,-53.0],[35.5,-53.66],[34.43,-54.5],[30.25,-56.19],[29.26,-57.0],[29.21,-58.0],[29.82,-59.25],[31.5,-60.95],[34.25,-62.89],[36.5,-63.69],[39.79,-64.25],[37.7,-65.75],[33.75,-67.39],[28.5,-69.0],[25.5,-69.6],[21.25,-69.97],[16.5,-70.06],[15.5,-70.3],[7.0,-69.99],[0.5,-70.11],[-1.5,-70.68],[-4.25,-71.05],[-6.25,-71.8],[-10.25,-71.75],[-10.29,-72.25],[-10.79,-72.75],[-10.55,-73.25],[-11.0,-73.34],[-11.5,-73.17],[-16.0,-73.51]]}},{"type":"Feature","properties":{"level":984},"geometry":{"type":"LineString","coordinates":[[166.07,-73.0],[166.5,-73.16],[167.16,-73.0],[166.5,-72.4],[164.75,-72.34],[164.52,-72.5],[166.07,-73.0]]}},{"type":"Feature","properties":{"level":984},"geometry":{"type":"LineString","coordinates":[[-5.94,-71.25],[-5.49,-71.25],[-5.94,-71.25]]}},{"type":"Feature","properties":{"level":984},"geometry":{"type":"LineString","coordinates":[[94.75,-67.29],[94.42,-67.0],[95.32,-66.75],[96.02,-66.25],[89.25,-63.12],[88.39,-62.5],[87.17,-60.5],[84.25,-56.87],[83.81,-55.5],[83.76,-54.0],[84.3,-52.0],[86.71,-48.25],[87.26,-47.0],[87.39,-46.0],[87.94,-45.25],[87.2,-44.0],[91.25,-42.9],[94.0,-42.69],[96.5,-41.99],[97.5,-42.07],[100.75,-41.52],[102.0,-41.58],[104.25,-42.26],[104.94,-43.0],[105.06,-44.25],[105.88,-46.0],[106.64,-47.25],[108.0,-48.5],[109.25,-49.36],[111.5,-50.12],[113.33,-52.5],[115.15,-53.75],[117.5,-54.53],[122.0,-55.29],[122.9,-55.75],[124.59,-57.25],[126.63,-60.0],[127.25,-60.44],[128.04,-62.25],[127.83,-63.25],[126.71,-64.0],[123.75,-65.06],[119.75,-65.78],[116.5,-66.11],[113.75,-66.09],[111.75,-66.82],[110.0,-66.44],[103.25,-66.12],[101.25,-66.63],[98.5,-66.7],[95.75,-67.29],[94.75,-67.29]]}},{"type":"Feature","properties":{"level":984},"geometry":{"type":"LineString","coordinates":[[-180.0,-58.98],[-176.25,-60.25],[-171.5,-63.18],[-170.4,-63.5],[-168.25,-65.14],[-166.75,-65.46],[-164.5,-65.15],[-160.25,-64.0],[-157.0,-62.78],[-148.0,-58.52],[-139.23,-55.75],[-133.0,-54.44],[-128.35,-54.25],[-122.75,-53.62],[-116.75,-52.17],[-114.25,-52.06],[-109.5,-52.53],[-106.5,-53.22],[-102.53,-55.0],[-98.5,-59.37],[-97.0,-60.75],[-96.25,-61.13],[-94.5,-61.77],[-88.25,-62.62],[-84.91,-63.5],[-84.35,-64.5],[-84.86,-66.25],[-84.72,-67.0],[-82.91,-68.5],[-80.17,-70.0],[-79.14,-71.0],[-78.79,-72.0],[-78.84,-73.0],[-79.31,-73.25],[-78.88,-74.5],[-79.5,-74.36],[-82.0,-74.83],[-87.77,-75.0],[-96.33,-77.0],[-97.03,-77.25],[-97.48,-77.75],[-96.75,-78.12],[-94.75,-78.31],[-89.0,-77.96],[-87.5,-78.14],[-87.14,-78.5],[-93.25,-78.57],[-102.75,-79.4],[-106.52,-80.25],[-106.94,-80.5],[-106.9,-80.75],[-111.15,-81.5],[-112.46,-82.0],[-113.5,-81.97],[-114.88,-81.5],[-116.75,-81.49],[-116.34,-81.75],[-118.0,-82.25],[-124.23,-83.25],[-142.5,-84.66],[-147.25,-84.79],[-168.25,-84.58],[-173.5,-84.82],[-174.25,-85.04],[-176.75,-84.61],[-180.0,-84.73]]}},{"type":"Feature","properties":{"level":984},"geometry":{"type":"LineString","coordinates":[[-159.5,46.71],[-160.37,47.5],[-161.19,49.75],[-160.75,51.08],[-160.0,51.43],[-159.0,51.51],[-158.44,51.25],[-158.31,50.5],[-156.5,49.02],[-156.23,47.75],[-156.71,47.0],[-157.5,46.61],[-159.5,46.71]]}},{"type":"Feature","properties":{"level":984},"geometry":{"type":"LineString","coordinates":[[146.75,51.21],[145.5,51.67],[144.5,52.44],[143.92,53.5],[144.0,54.5],[144.53,55.25],[145.75,55.96],[148.0,56.24],[149.87,55.25],[150.33,54.5],[150.24,53.5],[149.71,52.25],[148.93,51.5],[148.0,51.21],[146.75,51.21]]}},{"type":"Feature","properties":{"level":984},"geometry":{"type":"LineString","coordinates":[[-22.0,60.73],[-25.75,61.35],[-30.75,63.3],[-37.25,63.7],[-39.95,64.5],[-40.4,65.25],[-39.68,65.75],[-38.51,66.0],[-38.29,66.25],[-38.4,66.5],[-38.0,66.67],[-36.5,66.41],[-36.3,66.5],[-36.62,66.75],[-36.5,66.85],[-34.65,67.25],[-34.75,67.5],[-34.23,68.0],[-33.5,68.27],[-33.0,69.06],[-28.94,69.0],[-29.0,69.51],[-27.75,69.37],[-27.07,69.5],[-26.5,69.99],[-25.98,70.0],[-26.48,70.5],[-25.61,71.0],[-25.75,71.24],[-26.25,71.27],[-22.5,71.71],[-20.0,72.65],[-17.5,73.22],[-12.5,73.91],[-7.5,74.1],[-1.5,73.64],[1.48,72.75],[1.5,71.0],[0.5,69.31],[-3.29,66.25],[-7.5,63.58],[-11.0,62.08],[-14.25,61.17],[-18.0,60.69],[-22.0,60.73]]}},{"type":"Feature","properties":{"level":984},"geometry":{"type":"LineString","coordinates":[[17.75,81.74],[16.81,82.0],[16.75,82.5],[19.25,83.14],[22.5,83.48],[33.75,83.77],[38.66,83.5],[39.06,83.25],[24.25,81.64],[20.5,81.54],[17.75,81.74]]}},{"type":"Feature","properties":{"level":984},"geometry":{"type":"LineString","coordinates":[[43.75,83.49],[43.59,83.5],[46.46,83.5],[43.75,83.49]]}},{"type":"Feature","properties":{"level":988},"geometry":{"type":"LineString","coordinates":[[-162.39,-85.5],[-160.95,-85.5],[-164.47,-85.25],[-162.39,-85.5]]}},{"type":"Feature","properties":{"level":988},"geometry":{"type":"LineString","coordinates":[[180.0,-84.95],[170.75,-85.07],[170.1,-84.75],[171.01,-84.5],[170.5,-84.39],[168.0,-84.48],[166.75,-84.09],[165.5,-84.39],[164.25,-84.29],[164.04,-84.25],[166.5,-83.75],[164.75,-83.41],[163.5,-83.79],[160.0,-83.59],[158.5,-83.17],[156.75,-83.01],[156.36,-82.5],[158.07,-82.25],[157.5,-82.11],[155.5,-81.92],[150.52,-82.0],[148.96,-81.5],[148.1,-80.75],[148.86,-80.25],[149.0,-79.91],[152.1,-78.75],[152.71,-77.5],[152.48,-76.25],[152.76,-75.5],[154.5,-74.27],[159.0,-73.02],[159.5,-73.25],[159.78,-73.75],[161.0,-74.29],[161.5,-74.34],[162.19,-74.0],[161.25,-73.09],[159.0,-72.57],[158.54,-72.25],[158.5,-71.68],[156.94,-70.5],[151.93,-68.75],[152.92,-68.0],[155.0,-67.18],[158.75,-66.52],[164.0,-64.2],[166.5,-62.68],[169.5,-59.23],[171.75,-57.68],[173.25,-57.41],[177.0,-57.48],[180.0,-58.11]]}},{"type":"Feature","properties":{"level":988},"geometry":{"type":"LineString","coordinates":[[-22.5,-75.76],[-21.27,-75.5],[-22.5,-74.97],[-22.97,-74.5],[-23.09,-74.25],[-22.71,-73.5],[-18.75,-71.4],[-18.25,-70.87],[-16.19,-70.0],[-15.32,-69.25],[-12.34,-68.0],[-10.25,-66.58],[-9.52,-65.75],[-9.25,-64.5],[-9.38,-57.25],[-9.12,-55.5],[-8.0,-53.48],[-6.6,-52.25],[-2.52,-49.75],[7.0,-47.5],[7.21,-46.75],[7.61,-46.5],[6.25,-43.85],[7.25,-43.99],[10.0,-45.25],[10.8,-46.25],[9.94,-46.5],[10.25,-47.01],[11.5,-47.23],[15.75,-48.77],[20.25,-48.49],[23.75,-46.79],[24.25,-46.0],[29.0,-47.75],[36.0,-51.54],[37.26,-52.5],[37.27,-53.75],[33.48,-57.25],[33.45,-58.25],[34.2,-59.25],[35.89,-60.5],[38.46,-61.75],[41.5,-62.42],[46.5,-63.05],[47.56,-63.5],[47.1,-64.0],[44.25,-64.89],[38.5,-67.64],[35.5,-68.55],[33.43,-68.75],[33.1,-69.0],[33.4,-69.5],[33.25,-69.82],[29.43,-70.5],[21.5,-70.95],[18.75,-70.78],[17.0,-71.04],[6.75,-70.92],[3.75,-71.34],[2.0,-72.2],[-0.5,-72.03],[-1.75,-71.71],[-3.0,-71.88],[-3.75,-71.72],[-6.71,-72.25],[-7.09,-72.5],[-6.7,-73.0],[-7.0,-73.2],[-8.5,-72.96],[-10.25,-73.81],[-13.5,-74.24],[-14.93,-74.75],[-14.25,-75.06],[-13.14,-75.0],[-13.25,-75.3],[-17.75,-75.69],[-22.5,-75.76]]}},{"type":"Feature","properties":{"level":988},"geometry":{"type":"LineString","coordinates":[[-60.75,-74.52],[-61.2,-74.25],[-60.75,-74.07],[-59.52,-74.25],[-60.75,-74.52]]}},{"type":"Feature","properties":{"level":988},"geometry":{"type":"LineString","coordinates":[[93.25,-68.0],[89.05,-67.75],[88.41,-67.5],[88.79,-67.25],[88.5,-67.09],[86.75,-67.35],[85.44,-67.25],[85.7,-67.0],[84.75,-66.74],[83.72,-65.5],[83.21,-64.25],[81.28,-62.5],[80.07,-59.5],[80.0,-58.75],[80.81,-57.0],[80.66,-56.25],[81.18,-54.0],[83.22,-50.0],[83.89,-48.0],[83.84,-47.25],[83.25,-45.99],[81.73,-45.25],[81.66,-44.75],[83.5,-43.61],[87.0,-42.27],[90.75,-41.89],[97.75,-40.69],[101.5,-40.5],[104.0,-40.91],[105.75,-42.06],[108.14,-45.75],[110.25,-47.38],[111.75,-47.96],[114.25,-51.08],[115.27,-52.0],[117.19,-53.0],[122.25,-54.21],[125.0,-56.23],[127.78,-59.0],[128.56,-60.5],[129.53,-61.75],[129.87,-62.75],[128.77,-64.0],[127.75,-64.52],[119.5,-66.4],[116.25,-66.63],[114.0,-66.48],[112.0,-67.11],[106.75,-66.81],[103.75,-66.89],[99.5,-67.53],[98.5,-67.33],[96.71,-67.75],[93.25,-68.0]]}},{"type":"Feature","properties":{"level":988},"geometry":{"type":"LineString","coordinates":[[-180.0,-58.11],[-176.25,-59.17],[-169.8,-61.5],[-159.75,-61.74],[-155.75,-60.57],[-149.0,-57.47],[-142.25,-55.1],[-134.0,-53.27],[-124.25,-52.41],[-118.0,-51.22],[-113.75,-51.14],[-109.75,-51.49],[-106.25,-52.4],[-102.5,-53.97],[-96.68,-58.75],[-93.75,-60.44],[-91.0,-61.24],[-83.94,-62.75],[-82.65,-64.0],[-82.4,-66.0],[-81.39,-67.25],[-77.24,-69.75],[-76.1,-70.75],[-75.22,-71.0],[-75.29,-71.5],[-74.65,-72.0],[-75.07,-72.75],[-74.75,-73.25],[-75.05,-73.75],[-74.92,-74.0],[-70.5,-75.02],[-64.37,-75.0],[-67.0,-75.82],[-69.75,-76.05],[-70.6,-76.0],[-70.61,-75.75],[-71.75,-75.41],[-74.0,-75.27],[-77.75,-74.58],[-79.75,-74.59],[-82.0,-74.94],[-87.09,-75.0],[-87.96,-75.5],[-93.71,-76.75],[-94.47,-77.25],[-93.75,-77.47],[-90.75,-77.49],[-90.46,-77.75],[-87.5,-77.91],[-86.14,-78.5],[-88.5,-78.75],[-93.0,-78.75],[-100.25,-79.57],[-103.37,-80.25],[-103.71,-80.75],[-107.99,-81.5],[-109.55,-82.25],[-119.0,-83.46],[-127.25,-84.07],[-129.62,-84.75],[-133.8,-85.0],[-133.75,-85.25],[-141.75,-85.75],[-153.75,-85.59],[-157.0,-86.06],[-159.5,-85.76],[-164.25,-85.77],[-172.5,-85.06],[-175.0,-85.38],[-177.11,-85.25],[-175.5,-84.99],[-180.0,-84.95]]}},{"type":"Feature","properties":{"level":988},"geometry":{"type":"LineString","coordinates":[[-158.75,45.74],[-160.62,46.75],[-161.46,48.0],[-161.78,49.0],[-161.89,50.0],[-161.48,51.25],[-160.95,52.25],[-160.25,52.86],[-156.19,51.25],[-155.31,50.5],[-155.27,49.75],[-155.03,49.5],[-155.11,47.5],[-155.75,46.36],[-157.0,45.69],[-158.75,45.74]]}},{"type":"Feature","properties":{"level":988},"geometry":{"type":"LineString","coordinates":[[146.25,50.99],[144.56,51.75],[143.35,53.0],[143.13,54.5],[143.87,56.0],[145.5,56.85],[147.75,56.89],[149.25,56.66],[151.02,55.75],[151.48,55.0],[151.66,53.75],[150.69,52.25],[149.8,51.5],[148.75,51.02],[147.5,50.86],[146.25,50.99]]}},{"type":"Feature","properties":{"level":988},"geometry":{"type":"LineString","coordinates":[[-22.75,60.0],[-26.25,60.32],[-32.75,61.91],[-34.75,62.09],[-38.0,61.77],[-40.78,60.25],[-42.25,60.25],[-42.87,60.5],[-42.52,61.75],[-42.65,62.75],[-40.97,63.75],[-41.0,64.03],[-41.73,64.25],[-41.17,64.75],[-41.35,65.0],[-41.13,65.25],[-39.0,66.11],[-38.79,66.25],[-38.88,66.5],[-37.74,67.0],[-35.39,67.25],[-35.22,67.75],[-33.92,68.5],[-34.0,69.14],[-31.5,69.43],[-30.78,69.75],[-30.75,70.05],[-30.74,69.75],[-30.5,69.69],[-29.19,69.75],[-30.5,70.36],[-30.41,70.75],[-29.43,71.5],[-30.01,72.0],[-29.75,72.08],[-29.1,72.0],[-29.36,71.75],[-29.25,71.6],[-28.98,71.25],[-28.5,71.15],[-26.5,71.46],[-26.5,71.77],[-25.25,71.75],[-18.5,73.64],[-14.0,74.29],[-9.75,74.6],[-3.75,74.52],[-0.5,74.21],[2.75,73.55],[4.5,72.75],[4.25,71.75],[1.69,68.25],[-0.75,66.33],[-7.0,62.93],[-10.75,61.4],[-14.5,60.43],[-18.0,59.99],[-22.75,60.0]]}},{"type":"Feature","properties":{"level":988},"geometry":{"type":"LineString","coordinates":[[21.5,81.0],[15.12,81.5],[13.14,82.0],[12.57,82.5],[12.75,82.83],[13.75,83.25],[17.0,83.84],[27.25,84.69],[47.5,85.11],[68.75,85.14],[86.0,84.63],[98.5,83.88],[100.5,83.38],[103.85,83.0],[106.25,82.3],[106.47,82.0],[104.25,81.69],[100.5,81.7],[78.5,82.57],[63.25,82.64],[57.0,82.46],[46.5,81.72],[36.5,81.75],[27.75,81.1],[21.5,81.0]]}},{"type":"Feature","properties":{"level":988},"geometry":{"type":"LineString","coordinates":[[180.0,83.19],[168.5,82.74],[162.5,82.73],[157.5,82.98],[156.74,83.25],[156.23,83.75],[156.51,84.25],[157.94,84.75],[163.25,85.68],[171.0,86.38],[180.0,86.8]]}},{"type":"Feature","properties":{"level":988},"geometry":{"type":"LineString","coordinates":[[-180.0,86.8],[-159.75,87.07],[-141.0,86.79],[-128.23,86.0],[-124.75,85.5],[-124.11,85.25],[-124.08,85.0],[-127.1,84.5],[-132.0,84.22],[-156.5,83.87],[-180.0,83.19]]}},{"type":"Feature","properties":{"level":992},"geometry":{"type":"LineString","coordinates":[[180.0,-85.24],[177.0,-85.1],[170.75,-85.3],[169.25,-85.07],[164.0,-85.37],[163.4,-85.25],[166.5,-85.09],[166.88,-85.0],[166.87,-84.75],[165.0,-84.84],[159.83,-84.25],[161.07,-84.0],[160.75,-83.95],[153.25,-83.14],[149.68,-83.0],[146.35,-81.5],[145.78,-81.0],[145.73,-80.5],[146.16,-80.0],[147.93,-79.5],[149.99,-78.5],[150.42,-77.75],[150.82,-75.75],[151.77,-74.5],[154.25,-72.85],[155.6,-72.25],[156.0,-71.75],[155.0,-70.66],[152.72,-70.0],[152.81,-69.75],[150.83,-68.75],[149.59,-68.5],[150.23,-68.25],[151.0,-67.51],[153.75,-66.37],[159.25,-64.74],[162.75,-63.18],[165.75,-61.21],[168.89,-58.25],[171.75,-56.91],[175.75,-56.45],[180.0,-57.3]]}},{"type":"Feature","properties":{"level":992},"geometry":{"type":"LineString","coordinates":[[162.5,-84.0],[163.84,-84.0],[162.5,-84.0]]}},{"type":"Feature","properties":{"level":992},"geometry":{"type":"LineString","coordinates":[[-25.5,-76.01],[-27.59,-75.5],[-27.62,-75.0],[-27.25,-74.23],[-23.28,-71.0],[-21.36,-70.25],[-21.5,-69.95],[-20.13,-69.25],[-19.81,-68.75],[-14.3,-65.75],[-13.07,-64.5],[-12.0,-61.75],[-11.51,-59.25],[-11.35,-55.75],[-10.93,-54.25],[-10.02,-52.75],[-7.83,-50.25],[-7.22,-49.0],[-7.5,-47.31],[-7.86,-46.75],[-8.54,-46.5],[-8.55,-46.0],[-8.0,-45.93],[-7.0,-46.4],[-4.0,-46.76],[-0.75,-46.52],[1.25,-46.1],[2.06,-45.75],[3.5,-44.5],[3.52,-43.5],[4.75,-42.48],[7.0,-42.67],[9.25,-43.4],[11.25,-44.27],[13.5,-45.82],[15.5,-46.43],[19.25,-46.12],[21.5,-45.35],[22.75,-44.53],[25.25,-44.89],[30.0,-47.16],[35.17,-50.0],[37.25,-51.21],[38.46,-52.25],[38.66,-53.5],[37.07,-57.0],[37.25,-58.08],[39.0,-59.34],[40.25,-59.99],[43.0,-60.69],[48.25,-61.41],[52.25,-61.46],[52.54,-61.75],[52.16,-63.5],[52.24,-64.25],[49.63,-66.0],[46.17,-67.0],[46.25,-67.33],[46.0,-67.11],[45.44,-67.25],[45.0,-67.75],[43.5,-67.91],[41.5,-68.62],[40.5,-69.07],[39.5,-69.94],[36.5,-69.94],[34.0,-70.52],[24.75,-71.52],[10.25,-71.2],[6.75,-71.37],[6.07,-71.5],[6.14,-71.75],[5.0,-71.82],[4.94,-72.0],[2.25,-72.52],[0.5,-72.6],[-2.75,-72.23],[-3.25,-72.55],[-4.0,-72.14],[-4.75,-72.13],[-5.27,-72.25],[-5.09,-72.5],[-5.25,-72.62],[-5.84,-72.75],[-5.91,-73.25],[-8.22,-73.75],[-8.06,-74.25],[-10.75,-74.55],[-14.25,-75.7],[-21.25,-76.13],[-25.5,-76.01]]}},{"type":"Feature","properties":{"level":992},"geometry":{"type":"LineString","coordinates":[[-74.25,-75.77],[-74.45,-75.75],[-74.25,-75.77]]}},{"type":"Feature","properties":{"level":992},"geometry":{"type":"LineString","coordinates":[[161.0,-74.0],[161.51,-74.0],[161.54,-73.75],[161.0,-73.49],[160.25,-73.55],[160.14,-73.75],[161.0,-74.0]]}},{"type":"Feature","properties":{"level":992},"geometry":{"type":"LineString","coordinates":[[-58.0,-70.78],[-58.22,-70.75],[-57.64,-70.75],[-58.0,-70.78]]}},{"type":"Feature","properties":{"level":992},"geometry":{"type":"LineString","coordinates":[[89.5,-68.51],[83.5,-67.97],[78.75,-68.01],[77.25,-67.48],[71.75,-66.71],[69.0,-66.0],[67.0,-65.97],[63.5,-66.45],[60.75,-66.53],[59.25,-66.13],[57.57,-65.0],[57.45,-64.5],[58.0,-63.88],[60.0,-63.29],[66.75,-63.25],[69.25,-62.85],[70.98,-62.0],[75.81,-58.25],[76.36,-57.5],[76.9,-55.25],[79.74,-51.25],[80.87,-48.75],[80.84,-48.0],[80.29,-47.25],[78.21,-45.5],[79.46,-44.0],[81.0,-42.96],[84.5,-41.52],[87.0,-40.76],[90.75,-40.59],[93.5,-40.08],[101.0,-39.28],[103.25,-39.52],[105.75,-40.66],[107.25,-41.94],[109.0,-43.99],[112.5,-46.6],[115.91,-50.0],[117.46,-51.25],[119.0,-51.98],[121.75,-52.57],[123.47,-53.75],[128.0,-57.83],[131.7,-62.5],[131.17,-63.5],[129.54,-64.5],[121.75,-67.03],[115.5,-67.44],[114.0,-67.29],[112.0,-67.54],[106.0,-67.56],[94.25,-68.53],[89.5,-68.51]]}},{"type":"Feature","properties":{"level":992},"geometry":{"type":"LineString","coordinates":[[78.5,-68.28],[78.5,-68.12],[78.5,-68.28]]}},{"type":"Feature","properties":{"level":992},"geometry":{"type":"LineString","coordinates":[[-180.0,-57.3],[-169.0,-59.96],[-161.25,-60.14],[-157.75,-59.7],[-156.25,-59.28],[-148.25,-55.58],[-142.75,-53.69],[-137.0,-52.19],[-124.75,-51.1],[-118.0,-50.24],[-113.75,-50.23],[-110.5,-50.51],[-106.75,-51.34],[-103.0,-52.69],[-96.5,-56.9],[-91.34,-59.75],[-83.25,-61.96],[-81.25,-63.43],[-80.35,-65.25],[-78.67,-67.0],[-72.79,-70.5],[-72.47,-71.0],[-70.08,-71.75],[-70.75,-72.0],[-70.85,-72.25],[-70.6,-72.5],[-70.65,-73.25],[-68.0,-73.85],[-66.75,-73.74],[-64.75,-74.0],[-64.53,-73.5],[-62.72,-72.75],[-62.63,-72.5],[-63.05,-72.0],[-61.46,-70.5],[-61.91,-70.25],[-61.75,-70.01],[-61.0,-70.37],[-60.5,-70.2],[-59.82,-70.75],[-58.75,-70.83],[-57.25,-71.53],[-51.74,-73.0],[-49.73,-74.0],[-49.64,-74.25],[-49.66,-74.75],[-50.75,-75.24],[-56.32,-76.5],[-66.5,-77.59],[-69.0,-77.48],[-70.46,-77.0],[-70.0,-76.63],[-68.52,-76.25],[-73.0,-76.06],[-73.25,-76.0],[-73.01,-75.5],[-77.75,-74.69],[-80.0,-74.73],[-82.0,-75.1],[-85.5,-75.02],[-86.35,-75.5],[-90.92,-76.5],[-91.69,-76.75],[-91.79,-77.0],[-88.75,-77.25],[-86.58,-78.0],[-85.75,-78.52],[-93.75,-79.1],[-99.5,-80.17],[-100.61,-80.75],[-101.77,-81.0],[-105.76,-81.5],[-107.51,-82.5],[-119.29,-84.25],[-118.46,-84.5],[-127.56,-85.5],[-141.5,-85.94],[-150.5,-85.93],[-159.25,-86.37],[-160.5,-85.96],[-172.5,-85.47],[-177.0,-85.7],[-180.0,-85.24]]}},{"type":"Feature","properties":{"level":992},"geometry":{"type":"LineString","coordinates":[[166.0,43.68],[165.62,44.0],[165.71,44.5],[166.5,44.73],[166.99,44.5],[167.14,44.25],[167.0,43.91],[166.0,43.68]]}},{"type":"Feature","properties":{"level":992},"geometry":{"type":"LineString","coordinates":[[-158.25,44.72],[-159.75,45.19],[-161.41,46.5],[-162.2,47.75],[-162.59,49.25],[-162.54,50.75],[-161.97,52.25],[-160.0,54.25],[-159.25,54.06],[-155.9,52.0],[-154.35,50.75],[-152.98,49.0],[-154.0,46.58],[-155.0,45.52],[-156.5,44.85],[-158.25,44.72]]}},{"type":"Feature","properties":{"level":992},"geometry":{"type":"LineString","coordinates":[[-60.75,49.49],[-61.75,49.65],[-61.97,50.0],[-60.62,51.0],[-58.75,51.18],[-57.55,50.75],[-57.53,50.25],[-58.0,49.84],[-59.75,49.45],[-60.75,49.49]]}},{"type":"Feature","properties":{"level":992},"geometry":{"type":"LineString","coordinates":[[147.0,50.48],[145.25,50.85],[143.94,51.5],[142.87,52.5],[142.2,54.0],[142.18,55.0],[142.99,56.75],[145.75,57.93],[148.5,57.53],[150.5,56.86],[152.26,55.75],[152.74,54.75],[152.65,52.75],[151.75,51.98],[149.5,50.72],[147.0,50.48]]}},{"type":"Feature","properties":{"level":992},"geometry":{"type":"LineString","coordinates":[[-24.0,58.99],[-28.5,59.36],[-34.0,60.23],[-35.5,60.15],[-38.75,59.35],[-42.75,59.42],[-43.8,59.75],[-43.37,62.0],[-43.45,63.0],[-42.55,63.5],[-41.65,64.75],[-41.59,65.25],[-40.5,65.96],[-38.32,67.0],[-36.0,67.35],[-34.53,68.5],[-34.71,69.25],[-32.25,69.77],[-31.5,70.14],[-30.38,71.25],[-30.88,71.75],[-30.84,72.0],[-29.57,72.5],[-28.95,72.5],[-27.0,71.85],[-25.5,71.94],[-25.11,72.25],[-26.3,72.5],[-25.8,72.75],[-25.75,73.0],[-25.25,72.84],[-24.5,73.07],[-24.25,73.39],[-23.7,73.25],[-23.5,73.58],[-22.25,73.51],[-19.5,74.2],[-14.0,74.91],[-6.25,75.27],[-1.75,75.13],[3.0,74.53],[5.25,73.91],[7.24,72.75],[7.16,72.0],[1.75,66.19],[-5.25,62.74],[-10.5,60.57],[-14.5,59.43],[-19.0,58.88],[-24.0,58.99]]}},{"type":"Feature","properties":{"level":992},"geometry":{"type":"LineString","coordinates":[[-70.25,64.43],[-70.85,65.25],[-72.25,65.75],[-76.64,68.5],[-76.95,69.0],[-76.85,69.25],[-75.0,69.92],[-70.75,69.34],[-68.25,68.67],[-66.0,69.49],[-64.84,69.25],[-61.75,67.57],[-58.0,67.52],[-57.54,67.0],[-58.75,66.25],[-62.25,65.39],[-62.8,65.5],[-62.22,65.75],[-62.06,66.0],[-62.21,66.25],[-61.57,66.5],[-61.5,66.85],[-63.5,67.13],[-64.0,67.01],[-65.5,67.37],[-66.5,67.27],[-67.13,67.0],[-66.4,66.0],[-66.95,65.25],[-70.25,64.43]]}},{"type":"Feature","properties":{"level":992},"geometry":{"type":"LineString","coordinates":[[23.5,79.24],[25.21,80.0],[22.25,80.33],[20.5,80.13],[10.5,81.25],[7.57,82.0],[6.8,82.5],[6.6,83.0],[7.08,83.5],[7.76,83.75],[12.0,84.54],[25.0,85.59],[54.25,86.31],[77.0,86.22],[90.75,85.9],[105.5,84.94],[108.86,84.5],[114.58,83.25],[116.89,82.0],[116.33,81.5],[115.93,80.25],[111.75,80.01],[105.75,80.13],[98.5,80.65],[95.5,80.46],[94.25,80.97],[84.75,81.38],[67.0,81.7],[53.25,81.24],[31.25,79.4],[23.5,79.24]]}},{"type":"Feature","properties":{"level":992},"geometry":{"type":"LineString","coordinates":[[180.0,81.76],[161.5,80.15],[148.0,81.24],[139.63,83.75],[137.45,85.0],[136.98,85.5],[136.76,86.25],[137.85,86.75],[141.0,87.28],[149.5,88.13],[159.75,88.57],[180.0,88.9]]}},{"type":"Feature","properties":{"level":992},"geometry":{"type":"LineString","coordinates":[[-180.0,88.9],[-141.0,88.95],[-113.5,88.49],[-102.75,87.78],[-100.1,87.25],[-98.92,86.75],[-98.49,86.25],[-99.54,85.25],[-101.9,84.5],[-110.29,82.75],[-114.56,82.25],[-152.25,82.62],[-180.0,81.76]]}},{"type":"Feature","properties":{"level":996},"geometry":{"type":"LineString","coordinates":[[180.0,-85.91],[179.2,-86.0],[179.76,-86.25],[178.75,-86.33],[173.25,-86.38],[171.5,-86.07],[165.75,-86.02],[159.44,-85.5],[159.83,-85.25],[161.93,-85.0],[159.75,-84.67],[152.75,-84.44],[150.0,-84.59],[149.61,-84.5],[153.1,-84.0],[152.28,-83.75],[148.5,-83.58],[146.82,-83.25],[145.27,-82.75],[144.99,-82.25],[143.75,-81.6],[143.29,-81.0],[143.42,-80.5],[143.8,-80.25],[147.85,-78.5],[148.26,-78.0],[149.43,-74.75],[153.25,-72.08],[152.84,-71.0],[151.07,-70.25],[149.5,-69.1],[147.2,-68.75],[147.2,-68.5],[148.07,-68.25],[148.0,-68.0],[148.53,-67.5],[152.51,-65.5],[158.25,-63.76],[160.01,-63.0],[162.39,-61.75],[164.56,-60.25],[167.75,-57.58],[170.25,-56.49],[174.25,-55.49],[180.0,-56.42]]}},{"type":"Feature","properties":{"level":996},"geometry":{"type":"LineString","coordinates":[[-36.5,-78.52],[-37.55,-78.25],[-37.71,-78.0],[-37.36,-77.5],[-36.83,-77.25],[-36.51,-76.5],[-32.8,-74.5],[-23.0,-67.75],[-21.97,-67.25],[-22.26,-67.0],[-22.07,-66.75],[-20.55,-66.25],[-20.08,-65.75],[-18.05,-64.75],[-16.0,-63.2],[-14.07,-59.5],[-13.08,-54.25],[-10.73,-49.5],[-10.85,-48.25],[-11.86,-46.0],[-11.25,-44.89],[-9.5,-43.62],[-8.0,-43.28],[-6.0,-43.26],[-4.5,-43.77],[-2.5,-43.94],[-0.75,-43.87],[1.0,-43.23],[1.75,-42.61],[2.25,-41.29],[3.25,-41.04],[5.25,-41.0],[8.5,-41.47],[15.25,-43.84],[19.5,-43.74],[22.0,-42.74],[23.88,-43.0],[31.5,-46.84],[38.61,-51.0],[40.13,-52.75],[39.81,-54.25],[40.32,-56.75],[41.18,-57.75],[43.5,-58.73],[46.5,-59.29],[51.25,-59.5],[54.0,-59.25],[57.75,-58.46],[59.5,-59.51],[62.0,-59.75],[64.99,-59.25],[69.25,-57.04],[72.5,-54.98],[75.5,-52.5],[77.1,-50.75],[77.94,-49.0],[77.07,-47.0],[75.92,-46.0],[75.83,-45.5],[77.24,-43.75],[80.25,-41.81],[84.25,-40.0],[85.5,-39.66],[97.75,-38.16],[102.75,-38.24],[104.75,-38.88],[107.07,-40.25],[114.75,-46.26],[116.5,-47.07],[117.5,-47.08],[119.25,-48.34],[121.25,-50.75],[126.19,-54.75],[130.25,-58.8],[132.52,-60.75],[133.46,-62.0],[133.36,-62.75],[132.67,-63.75],[130.64,-65.0],[128.25,-65.9],[126.25,-66.31],[124.99,-67.0],[121.75,-67.64],[103.25,-68.33],[98.25,-68.94],[92.25,-69.14],[81.75,-68.28],[80.25,-68.5],[79.8,-69.0],[79.0,-69.26],[76.25,-69.86],[73.5,-70.12],[72.5,-70.47],[72.25,-70.0],[72.0,-70.07],[69.0,-68.24],[57.75,-67.43],[56.75,-67.54],[55.25,-67.11],[53.0,-67.03],[52.61,-66.75],[53.25,-66.5],[55.28,-66.5],[54.75,-66.24],[53.5,-66.15],[52.11,-66.5],[51.93,-67.0],[51.25,-67.43],[50.0,-67.72],[49.0,-68.29],[46.0,-68.12],[42.75,-68.83],[41.33,-69.5],[40.0,-70.47],[37.0,-70.41],[32.5,-71.21],[26.75,-71.72],[26.25,-72.07],[23.75,-72.11],[20.0,-71.67],[16.5,-71.72],[13.75,-71.39],[12.25,-71.77],[10.75,-71.59],[6.0,-71.95],[1.75,-73.02],[-1.0,-72.8],[-2.75,-73.31],[-3.03,-73.25],[-3.0,-72.81],[-2.47,-72.75],[-3.75,-72.66],[-5.69,-73.5],[-4.55,-73.75],[-4.75,-73.85],[-6.5,-74.34],[-10.7,-74.75],[-15.0,-76.19],[-28.25,-76.73],[-34.0,-77.54],[-35.94,-78.5],[-36.5,-78.52]]}},{"type":"Feature","properties":{"level":996},"geometry":{"type":"LineString","coordinates":[[-6.91,-73.75],[-5.9,-73.75],[-6.91,-73.75]]}},{"type":"Feature","properties":{"level":996},"geometry":{"type":"LineString","coordinates":[[-180.0,-56.42],[-168.25,-58.73],[-164.75,-58.98],[-161.5,-58.88],[-158.25,-58.41],[-156.14,-57.75],[-145.11,-52.25],[-144.65,-51.75],[-140.75,-50.5],[-129.5,-50.23],[-116.75,-49.22],[-111.0,-49.51],[-107.5,-50.2],[-103.75,-51.28],[-94.75,-55.89],[-91.75,-56.78],[-91.75,-56.5],[-91.0,-56.77],[-89.74,-57.75],[-90.03,-58.25],[-89.78,-58.5],[-87.0,-59.7],[-84.0,-60.5],[-82.5,-61.18],[-80.25,-62.6],[-77.4,-65.5],[-73.0,-68.23],[-72.44,-69.0],[-70.74,-69.5],[-70.54,-69.75],[-69.5,-69.88],[-69.25,-69.62],[-69.0,-69.98],[-68.0,-70.11],[-66.95,-70.75],[-66.88,-71.0],[-67.25,-70.99],[-67.25,-71.27],[-65.97,-71.25],[-64.5,-71.77],[-63.03,-71.25],[-63.31,-71.0],[-63.26,-70.75],[-64.31,-70.5],[-63.42,-69.25],[-63.56,-68.75],[-63.25,-68.55],[-60.5,-68.34],[-58.0,-68.6],[-48.5,-71.68],[-43.5,-72.86],[-41.64,-73.75],[-41.64,-74.0],[-42.47,-74.75],[-45.75,-75.83],[-53.75,-77.63],[-63.0,-79.1],[-69.5,-78.62],[-73.85,-77.5],[-74.17,-77.0],[-73.73,-76.5],[-77.0,-75.96],[-78.75,-74.9],[-80.18,-75.25],[-81.53,-76.0],[-78.37,-76.5],[-79.69,-76.75],[-80.92,-76.75],[-84.5,-75.96],[-86.74,-76.0],[-89.0,-76.44],[-89.51,-76.75],[-87.04,-77.25],[-86.76,-77.75],[-85.36,-78.5],[-85.5,-78.58],[-92.59,-79.25],[-93.83,-79.75],[-97.25,-80.35],[-100.51,-81.25],[-104.25,-81.78],[-107.75,-83.15],[-112.99,-83.75],[-114.71,-84.5],[-118.17,-84.75],[-120.5,-85.27],[-133.25,-86.03],[-145.0,-85.99],[-149.0,-86.32],[-155.0,-86.44],[-160.0,-86.47],[-161.25,-86.08],[-169.25,-85.7],[-180.0,-85.91]]}},{"type":"Feature","properties":{"level":996},"geometry":{"type":"LineString","coordinates":[[177.0,-45.63],[176.76,-45.5],[177.0,-45.25],[177.69,-45.5],[177.0,-45.63]]}},{"type":"Feature","properties":{"level":996},"geometry":{"type":"LineString","coordinates":[[165.75,43.23],[164.87,43.75],[164.78,44.5],[165.18,45.0],[166.5,45.23],[167.25,45.0],[167.78,44.5],[167.84,44.0],[167.44,43.5],[166.5,43.18],[165.75,43.23]]}},{"type":"Feature","properties":{"level":996},"geometry":{"type":"LineString","coordinates":[[-158.5,43.72],[-160.5,44.54],[-162.22,46.25],[-163.1,47.75],[-163.48,49.5],[-163.33,51.0],[-162.46,53.0],[-159.5,55.3],[-158.56,55.0],[-155.91,53.25],[-152.96,50.75],[-151.72,49.25],[-150.93,47.25],[-151.18,46.75],[-152.0,46.74],[-152.15,46.25],[-154.5,44.39],[-156.5,43.75],[-158.5,43.72]]}},{"type":"Feature","properties":{"level":996},"geometry":{"type":"LineString","coordinates":[[-59.25,47.06],[-59.5,47.54],[-62.25,48.59],[-63.21,49.25],[-64.11,50.5],[-63.96,51.0],[-63.25,51.79],[-61.5,52.36],[-59.0,52.31],[-56.25,51.29],[-55.51,50.5],[-55.52,49.5],[-56.12,48.75],[-58.52,47.25],[-59.25,47.06]]}},{"type":"Feature","properties":{"level":996},"geometry":{"type":"LineString","coordinates":[[146.0,49.96],[143.5,50.67],[141.35,53.0],[141.06,54.0],[141.14,55.5],[141.44,56.25],[142.25,57.23],[145.0,58.43],[147.75,58.67],[150.5,57.67],[152.5,56.63],[153.5,55.79],[154.04,54.0],[153.8,52.25],[153.25,51.36],[152.25,50.72],[149.75,49.85],[146.0,49.96]]}},{"type":"Feature","properties":{"level":996},"geometry":{"type":"LineString","coordinates":[[-21.0,57.24],[-23.5,57.68],[-29.5,57.87],[-34.5,58.52],[-41.75,58.64],[-43.75,59.18],[-44.8,60.0],[-44.19,60.5],[-43.89,61.5],[-44.2,62.0],[-43.8,63.0],[-42.71,63.75],[-41.87,65.75],[-39.5,66.99],[-36.25,67.48],[-35.15,68.5],[-35.3,69.25],[-35.06,69.5],[-32.25,70.16],[-31.61,70.5],[-31.06,71.25],[-31.46,72.0],[-30.26,72.75],[-28.0,72.92],[-27.59,72.5],[-26.84,72.25],[-26.95,72.0],[-26.43,72.0],[-27.09,72.75],[-26.25,73.63],[-24.7,74.25],[-20.75,74.38],[-19.0,74.97],[-13.25,75.81],[-6.5,76.18],[-2.75,76.14],[2.75,75.76],[6.0,75.08],[8.43,74.25],[9.86,72.75],[9.95,72.25],[9.44,71.5],[7.5,70.16],[4.02,66.5],[1.0,64.21],[-11.75,59.12],[-16.75,57.77],[-21.0,57.24]]}},{"type":"Feature","properties":{"level":996},"geometry":{"type":"LineString","coordinates":[[-71.75,60.39],[-72.38,60.75],[-72.5,61.5],[-74.04,62.75],[-74.51,64.0],[-75.25,64.9],[-78.48,67.25],[-80.38,69.0],[-80.58,70.0],[-79.97,70.75],[-79.32,71.0],[-79.31,71.25],[-76.75,71.17],[-75.75,71.68],[-74.25,71.79],[-73.0,72.26],[-65.5,73.25],[-59.5,73.41],[-58.88,73.25],[-59.83,72.75],[-58.5,72.35],[-57.5,71.51],[-56.06,70.75],[-55.8,70.5],[-55.96,70.0],[-55.72,69.5],[-53.3,68.25],[-53.7,67.0],[-53.55,66.5],[-54.5,65.0],[-56.75,64.2],[-65.5,61.86],[-68.0,60.87],[-69.75,60.45],[-71.75,60.39]]}},{"type":"Feature","properties":{"level":996},"geometry":{"type":"LineString","coordinates":[[-94.25,69.23],[-94.96,69.5],[-93.75,69.91],[-92.15,69.75],[-92.96,69.25],[-94.25,69.23]]}},{"type":"Feature","properties":{"level":996},"geometry":{"type":"LineString","coordinates":[[-58.75,73.61],[-58.98,73.75],[-58.3,73.75],[-58.75,73.61]]}},{"type":"Feature","properties":{"level":996},"geometry":{"type":"LineString","coordinates":[[180.0,80.69],[169.5,79.82],[155.0,78.06],[150.5,79.24],[137.5,80.85],[133.0,81.21],[129.75,81.1],[126.75,80.64],[125.0,80.04],[124.43,79.5],[122.84,78.75],[120.75,78.34],[118.5,78.23],[105.5,78.47],[102.0,79.15],[99.25,79.26],[96.75,79.88],[93.5,79.95],[91.0,80.27],[75.75,80.82],[63.25,80.81],[52.75,80.28],[33.75,78.36],[24.0,77.93],[20.17,78.25],[19.37,78.5],[19.66,78.75],[18.77,78.75],[19.0,78.5],[18.0,78.42],[17.71,78.5],[17.52,79.0],[16.5,79.42],[13.5,79.46],[4.25,80.8],[0.75,81.7],[-0.43,82.25],[-0.89,82.75],[-0.42,83.5],[0.29,84.0],[2.75,84.82],[5.5,85.38],[14.75,86.53],[29.49,87.5],[31.79,87.75],[32.5,88.09],[31.5,88.3],[23.25,88.64],[-0.5,88.92],[-43.5,88.55],[-63.25,87.78],[-74.75,86.73],[-100.5,82.11],[-107.0,81.18],[-111.75,80.78],[-118.0,80.72],[-133.75,81.33],[-152.75,81.54],[-180.0,80.69]]}},{"type":"Feature","properties":{"level":1000},"geometry":{"type":"LineString","coordinates":[[180.0,-86.86],[173.5,-87.01],[162.5,-86.7],[154.75,-86.24],[147.75,-85.34],[146.5,-85.0],[147.0,-84.2],[143.91,-83.75],[143.37,-83.25],[142.48,-83.0],[142.23,-82.75],[142.43,-82.5],[141.3,-81.75],[140.88,-80.75],[141.47,-80.25],[145.21,-78.75],[145.95,-78.25],[146.79,-77.0],[147.19,-75.0],[149.44,-73.75],[151.09,-72.0],[150.7,-71.25],[148.85,-70.0],[145.28,-68.5],[145.77,-68.25],[145.75,-68.05],[144.72,-68.0],[146.39,-67.5],[147.96,-66.0],[149.75,-65.11],[159.0,-62.06],[163.25,-59.44],[166.5,-56.87],[172.31,-54.5],[180.0,-55.4]]}},{"type":"Feature","properties":{"level":1000},"geometry":{"type":"LineString","coordinates":[[-163.52,-86.25],[-162.25,-86.41],[-161.08,-86.25],[-163.52,-86.25]]}},{"type":"Feature","properties":{"level":1000},"geometry":{"type":"LineString","coordinates":[[-146.17,-86.25],[-144.98,-86.25],[-146.17,-86.25]]}},{"type":"Feature","properties":{"level":1000},"geometry":{"type":"LineString","coordinates":[[66.5,-73.05],[66.7,-73.0],[66.5,-73.05]]}},{"type":"Feature","properties":{"level":1000},"geometry":{"type":"LineString","coordinates":[[-180.0,-55.4],[-171.99,-57.0],[-167.5,-57.64],[-164.5,-57.76],[-161.0,-57.5],[-157.89,-56.75],[-155.75,-55.8],[-150.11,-52.25],[-149.61,-51.5],[-149.62,-50.75],[-149.21,-50.25],[-149.81,-49.5],[-150.75,-48.99],[-143.75,-49.29],[-135.0,-49.31],[-129.25,-49.05],[-119.25,-48.17],[-114.75,-48.06],[-112.0,-48.24],[-104.52,-49.75],[-97.25,-53.01],[-91.25,-55.24],[-86.25,-58.16],[-79.75,-61.46],[-75.5,-64.48],[-70.75,-67.3],[-68.75,-67.91],[-67.5,-68.76],[-66.75,-68.93],[-66.5,-68.5],[-65.75,-68.21],[-65.56,-67.5],[-63.75,-66.54],[-58.0,-66.22],[-55.25,-66.83],[-53.72,-67.75],[-47.5,-69.74],[-44.0,-70.43],[-37.75,-70.88],[-35.0,-70.38],[-30.75,-69.06],[-28.56,-67.75],[-24.75,-64.49],[-22.5,-63.64],[-18.75,-61.72],[-16.69,-58.75],[-16.0,-57.34],[-15.09,-53.75],[-13.24,-49.25],[-13.37,-46.5],[-12.88,-44.75],[-11.0,-42.64],[-9.0,-41.85],[-3.75,-41.25],[-1.5,-41.22],[-0.65,-41.0],[0.75,-39.69],[1.75,-39.37],[5.75,-39.49],[11.75,-40.69],[15.75,-41.02],[16.75,-41.54],[17.5,-41.2],[18.0,-41.36],[18.5,-41.15],[18.75,-41.35],[20.25,-40.64],[21.5,-40.78],[24.9,-42.0],[27.0,-43.06],[38.75,-49.79],[41.25,-51.85],[41.58,-53.5],[42.15,-54.75],[43.46,-56.25],[47.0,-57.4],[51.0,-57.87],[55.6,-57.25],[60.5,-55.82],[62.75,-56.15],[65.5,-55.86],[68.83,-54.5],[73.25,-51.59],[74.83,-49.75],[75.01,-47.25],[73.86,-45.5],[74.13,-44.75],[78.25,-41.38],[81.76,-39.5],[83.5,-38.84],[89.25,-37.57],[93.5,-37.05],[99.75,-36.81],[102.75,-37.08],[104.5,-37.66],[108.0,-39.39],[114.75,-43.89],[119.5,-45.7],[122.98,-50.25],[125.63,-53.0],[130.64,-57.5],[135.36,-61.25],[135.64,-61.75],[134.96,-63.75],[134.53,-64.25],[129.75,-67.22],[126.5,-67.11],[121.0,-68.1],[112.25,-68.44],[105.5,-69.07],[103.5,-68.92],[98.75,-69.58],[87.0,-69.08],[82.0,-69.08],[79.0,-69.75],[78.0,-70.38],[76.0,-70.53],[75.86,-71.25],[75.5,-71.57],[74.25,-71.66],[73.5,-71.97],[72.5,-71.69],[71.75,-72.75],[71.0,-72.88],[69.75,-72.53],[68.0,-73.41],[66.99,-73.25],[67.76,-73.0],[67.5,-72.61],[67.0,-72.7],[66.8,-72.5],[66.76,-71.5],[67.2,-71.0],[66.46,-70.0],[66.47,-69.75],[67.75,-69.3],[67.5,-68.88],[65.75,-68.42],[64.75,-68.56],[63.75,-68.23],[61.75,-68.08],[61.38,-68.25],[61.73,-68.5],[61.73,-69.0],[61.5,-69.15],[60.25,-68.83],[58.25,-68.84],[55.75,-68.51],[55.6,-68.25],[54.75,-68.15],[53.5,-68.63],[52.56,-68.5],[53.09,-68.25],[52.5,-67.86],[52.25,-68.06],[51.0,-68.09],[49.5,-68.85],[47.5,-68.8],[44.0,-69.14],[42.5,-69.57],[41.88,-70.0],[42.78,-70.25],[40.75,-70.79],[37.5,-70.79],[35.5,-71.26],[29.0,-71.78],[26.25,-72.28],[20.5,-72.32],[18.5,-71.93],[13.75,-71.69],[11.75,-71.97],[6.0,-72.12],[4.35,-72.5],[3.25,-73.09],[-1.0,-73.09],[-6.5,-74.57],[-7.5,-74.52],[-10.75,-75.38],[-11.75,-75.38],[-12.11,-75.75],[-14.5,-76.43],[-27.0,-77.09],[-32.75,-77.88],[-33.63,-78.25],[-33.5,-78.8],[-34.5,-78.98],[-38.5,-78.83],[-44.5,-78.11],[-47.51,-78.75],[-46.0,-79.09],[-45.6,-79.5],[-47.25,-79.99],[-53.5,-80.63],[-62.5,-80.65],[-69.25,-80.21],[-75.03,-79.25],[-76.03,-78.75],[-76.58,-78.25],[-76.46,-78.0],[-77.51,-77.25],[-78.25,-77.06],[-84.0,-76.65],[-85.75,-77.04],[-86.35,-77.75],[-85.07,-78.5],[-85.25,-78.69],[-86.84,-78.75],[-87.75,-79.28],[-91.25,-79.47],[-95.25,-80.63],[-103.25,-82.11],[-105.94,-83.25],[-109.42,-84.0],[-109.8,-84.5],[-115.02,-84.75],[-117.55,-85.5],[-125.39,-85.75],[-125.18,-86.0],[-125.75,-86.07],[-140.25,-86.18],[-143.0,-86.62],[-148.25,-86.85],[-157.5,-86.65],[-163.87,-87.25],[-167.04,-87.25],[-168.21,-87.0],[-165.41,-86.75],[-167.0,-86.68],[-180.0,-86.86]]}},{"type":"Feature","properties":{"level":1000},"geometry":{"type":"LineString","coordinates":[[176.5,-46.3],[175.05,-45.75],[174.38,-45.25],[174.18,-44.75],[174.5,-44.13],[175.75,-43.64],[177.25,-43.82],[178.75,-44.36],[179.53,-45.5],[179.25,-45.94],[178.5,-46.38],[176.5,-46.3]]}},{"type":"Feature","properties":{"level":1000},"geometry":{"type":"LineString","coordinates":[[172.5,-42.55],[173.0,-41.86],[173.48,-42.0],[173.5,-42.3],[172.5,-42.55]]}},{"type":"Feature","properties":{"level":1000},"geometry":{"type":"LineString","coordinates":[[-158.75,42.5],[-160.09,43.0],[-161.5,43.92],[-163.0,45.75],[-164.06,47.75],[-164.53,50.25],[-164.24,51.75],[-162.25,54.53],[-161.25,55.24],[-159.75,55.77],[-158.75,55.82],[-156.88,55.25],[-154.45,53.5],[-151.38,50.75],[-149.43,48.0],[-148.87,46.0],[-150.0,43.95],[-150.5,44.14],[-150.99,44.0],[-151.02,43.75],[-153.25,42.89],[-155.0,42.56],[-155.75,42.71],[-157.75,42.35],[-158.75,42.5]]}},{"type":"Feature","properties":{"level":1000},"geometry":{"type":"LineString","coordinates":[[165.5,42.7],[164.27,43.25],[163.48,44.0],[163.48,44.5],[164.26,45.25],[165.0,45.62],[166.5,45.72],[167.5,45.35],[168.64,44.5],[168.55,43.75],[167.75,43.0],[166.75,42.65],[165.5,42.7]]}},{"type":"Feature","properties":{"level":1000},"geometry":{"type":"LineString","coordinates":[[-61.75,44.74],[-62.29,45.0],[-61.68,45.5],[-62.5,46.75],[-65.0,48.29],[-65.38,49.25],[-66.33,50.25],[-66.27,51.75],[-67.94,54.5],[-67.73,56.0],[-68.5,55.88],[-69.5,56.6],[-71.25,57.32],[-73.5,57.3],[-75.92,59.5],[-76.23,60.75],[-76.19,61.75],[-76.83,62.75],[-82.42,67.75],[-84.5,68.6],[-87.25,68.92],[-88.5,68.9],[-90.5,68.39],[-94.5,68.78],[-96.5,69.2],[-97.07,69.75],[-95.5,70.47],[-93.25,70.89],[-91.75,72.29],[-89.39,73.25],[-89.24,73.5],[-89.48,74.0],[-88.82,74.5],[-83.75,74.72],[-83.0,74.93],[-81.75,74.52],[-80.5,74.55],[-79.25,74.95],[-76.41,75.25],[-75.75,75.54],[-74.75,77.25],[-73.58,78.0],[-73.0,78.12],[-70.25,77.71],[-69.3,77.25],[-69.7,77.0],[-69.0,77.04],[-67.25,76.52],[-60.0,76.29],[-58.0,75.94],[-54.5,73.64],[-51.21,73.5],[-51.41,72.75],[-50.71,72.5],[-51.15,72.0],[-50.75,71.29],[-49.33,70.25],[-49.25,68.5],[-49.69,68.0],[-48.56,66.75],[-49.88,65.25],[-50.12,64.0],[-50.75,64.01],[-51.17,63.75],[-50.77,63.0],[-51.05,62.0],[-55.0,61.99],[-56.27,61.75],[-57.0,61.35],[-57.1,60.25],[-58.63,57.25],[-58.46,56.25],[-57.52,55.0],[-57.35,54.0],[-56.72,53.0],[-54.5,51.61],[-54.0,50.92],[-53.77,50.25],[-53.89,49.5],[-55.25,47.48],[-57.25,45.86],[-59.5,44.95],[-61.75,44.74]]}},{"type":"Feature","properties":{"level":1000},"geometry":{"type":"LineString","coordinates":[[148.5,48.73],[146.75,48.86],[144.0,49.47],[142.75,50.04],[142.02,50.75],[141.0,51.29],[139.63,53.75],[139.49,55.25],[139.88,56.75],[140.75,57.74],[144.25,59.41],[148.0,59.41],[150.34,59.0],[154.47,56.5],[155.34,55.25],[155.71,54.25],[155.58,53.5],[155.2,53.0],[155.66,51.5],[155.25,50.57],[151.25,49.02],[148.5,48.73]]}},{"type":"Feature","properties":{"level":1000},"geometry":{"type":"LineString","coordinates":[[-88.99,71.75],[-87.25,72.5],[-87.21,72.75],[-87.6,73.0],[-86.5,73.45],[-86.42,73.75],[-87.25,73.77],[-89.25,73.14],[-89.66,72.75],[-89.78,72.0],[-88.99,71.75]]}},{"type":"Feature","properties":{"level":1000},"geometry":{"type":"LineString","coordinates":[[-79.31,73.25],[-78.0,73.06],[-77.41,73.25],[-78.5,73.49],[-79.25,73.45],[-79.31,73.25]]}},{"type":"Feature","properties":{"level":1000},"geometry":{"type":"LineString","coordinates":[[-70.35,77.25],[-69.92,77.25],[-70.35,77.25]]}},{"type":"Feature","properties":{"level":1000},"geometry":{"type":"LineString","coordinates":[[180.0,79.69],[167.25,78.61],[149.25,76.24],[148.44,76.25],[147.01,77.5],[146.0,77.83],[138.5,78.69],[132.25,78.74],[127.0,77.7],[116.75,76.94],[105.66,77.5],[96.08,78.75],[85.5,79.62],[71.5,80.05],[64.75,79.99],[54.55,79.5],[33.0,76.9],[18.25,76.44],[14.0,76.67],[13.0,76.5],[12.9,76.25],[12.82,75.5],[13.48,74.5],[13.59,73.75],[12.7,73.0],[12.02,71.5],[8.28,69.0],[4.75,65.59],[0.25,62.34],[-4.5,60.84],[-6.7,59.75],[-12.25,57.88],[-18.5,56.32],[-22.0,55.92],[-25.25,56.34],[-30.5,56.5],[-35.0,57.23],[-42.75,58.04],[-44.37,58.5],[-48.0,60.14],[-49.12,61.0],[-49.25,61.5],[-47.75,61.35],[-46.5,61.79],[-45.25,61.79],[-44.5,62.21],[-44.13,63.0],[-43.14,63.75],[-42.71,65.0],[-42.78,65.75],[-42.5,66.08],[-40.91,67.0],[-39.5,67.49],[-36.73,67.5],[-35.89,68.25],[-36.0,69.25],[-35.84,69.5],[-34.0,70.25],[-32.67,70.5],[-31.8,71.25],[-32.24,71.75],[-31.85,72.25],[-30.5,73.12],[-28.5,73.31],[-28.32,73.75],[-28.88,74.0],[-27.25,74.67],[-25.0,75.03],[-23.5,74.87],[-21.5,75.23],[-21.31,75.5],[-20.35,75.75],[-20.25,76.06],[-18.25,76.25],[-15.75,77.09],[-12.5,77.71],[-4.75,77.8],[-0.5,78.17],[0.36,78.5],[-1.39,79.5],[-7.25,81.23],[-9.73,83.0],[-10.98,84.25],[-13.91,85.25],[-21.75,86.07],[-32.0,86.38],[-45.5,86.27],[-61.5,85.46],[-92.0,81.97],[-101.75,80.26],[-110.25,79.45],[-116.0,79.38],[-136.0,80.27],[-153.0,80.55],[-180.0,79.69]]}},{"type":"Feature","properties":{"level":1004},"geometry":{"type":"LineString","coordinates":[[180.0,-88.04],[168.5,-87.5],[154.9,-87.25],[151.0,-86.67],[148.8,-86.0],[145.75,-85.66],[141.89,-84.5],[141.48,-84.0],[139.85,-83.25],[137.98,-81.0],[143.63,-78.25],[144.71,-76.75],[144.65,-75.75],[144.83,-75.5],[147.5,-73.88],[148.34,-73.0],[148.57,-71.5],[147.25,-70.2],[145.25,-69.24],[141.5,-68.78],[140.69,-67.75],[138.75,-67.13],[135.25,-66.9],[133.25,-67.06],[131.75,-67.48],[126.0,-67.73],[122.75,-68.35],[112.5,-68.83],[106.75,-69.72],[103.25,-69.55],[100.75,-70.16],[95.0,-69.59],[85.25,-69.46],[82.5,-69.65],[79.75,-70.27],[76.78,-72.5],[76.38,-73.0],[76.76,-73.25],[76.61,-74.0],[74.83,-76.25],[72.0,-76.84],[64.75,-76.76],[63.57,-76.5],[70.48,-76.25],[71.75,-75.96],[73.54,-75.25],[73.59,-74.75],[72.75,-74.22],[71.25,-74.51],[68.5,-74.41],[65.75,-74.67],[64.55,-75.25],[62.75,-75.59],[60.25,-75.76],[59.15,-75.5],[58.03,-75.0],[57.74,-74.75],[57.9,-74.5],[58.88,-74.0],[62.0,-73.39],[64.09,-72.5],[64.6,-71.5],[64.45,-71.0],[64.75,-70.64],[64.25,-70.21],[63.25,-70.28],[59.75,-69.26],[54.75,-68.78],[53.75,-69.02],[52.5,-68.71],[50.0,-69.31],[47.75,-69.1],[47.45,-69.25],[47.75,-69.5],[47.5,-69.55],[45.25,-69.45],[44.25,-69.63],[44.07,-69.75],[44.2,-70.25],[42.56,-70.75],[38.0,-71.16],[35.47,-71.75],[31.25,-72.19],[29.0,-72.08],[22.25,-72.61],[18.25,-72.25],[16.25,-72.3],[15.5,-72.0],[13.75,-72.17],[12.75,-71.96],[11.5,-72.31],[6.12,-72.25],[3.25,-73.34],[2.25,-73.22],[1.0,-73.49],[-0.75,-73.3],[-3.04,-73.75],[-5.82,-74.75],[-9.75,-75.46],[-13.5,-76.79],[-20.0,-77.17],[-24.5,-77.05],[-30.03,-78.0],[-30.4,-78.25],[-26.2,-78.75],[-26.69,-79.25],[-28.59,-80.0],[-27.53,-80.5],[-31.5,-80.42],[-34.0,-81.01],[-37.75,-81.14],[-40.36,-81.75],[-41.75,-81.42],[-47.75,-81.57],[-49.19,-81.75],[-48.75,-82.04],[-51.0,-82.31],[-54.5,-81.81],[-76.5,-82.02],[-82.07,-81.5],[-80.5,-81.0],[-80.56,-80.75],[-83.75,-80.33],[-85.75,-79.82],[-88.0,-79.91],[-90.11,-80.25],[-90.21,-80.75],[-94.75,-81.63],[-103.39,-82.75],[-103.7,-83.0],[-103.34,-83.5],[-104.6,-84.0],[-102.99,-84.25],[-103.21,-84.5],[-113.12,-85.0],[-112.21,-85.5],[-113.75,-85.69],[-120.75,-85.86],[-122.07,-86.0],[-121.91,-86.25],[-125.25,-86.49],[-131.25,-86.2],[-138.37,-86.25],[-140.48,-86.75],[-145.25,-87.25],[-155.0,-87.13],[-164.23,-87.5],[-165.14,-87.75],[-169.58,-88.0],[-180.0,-88.04]]}},{"type":"Feature","properties":{"level":1004},"geometry":{"type":"LineString","coordinates":[[-56.5,-82.83],[-56.2,-82.75],[-56.5,-82.83]]}},{"type":"Feature","properties":{"level":1004},"geometry":{"type":"LineString","coordinates":[[-41.64,-80.75],[-40.9,-80.75],[-41.64,-80.75]]}},{"type":"Feature","properties":{"level":1004},"geometry":{"type":"LineString","coordinates":[[-40.44,-80.75],[-37.0,-80.89],[-33.21,-80.5],[-36.75,-80.24],[-40.44,-80.75]]}},{"type":"Feature","properties":{"level":1004},"geometry":{"type":"LineString","coordinates":[[68.92,-73.5],[69.37,-73.5],[70.03,-73.0],[68.89,-73.25],[68.92,-73.5]]}},{"type":"Feature","properties":{"level":1004},"geometry":{"type":"LineString","coordinates":[[-180.0,-54.34],[-168.5,-56.26],[-164.25,-56.34],[-161.0,-55.91],[-157.62,-54.5],[-155.69,-53.25],[-154.13,-51.75],[-153.75,-50.75],[-154.07,-49.75],[-154.48,-49.5],[-154.73,-48.5],[-155.1,-48.0],[-154.5,-47.73],[-140.0,-48.32],[-130.5,-47.96],[-123.25,-47.13],[-116.75,-46.68],[-111.75,-46.96],[-104.5,-48.08],[-96.5,-51.14],[-90.25,-54.25],[-72.25,-64.23],[-68.5,-65.85],[-66.5,-67.08],[-58.25,-63.72],[-57.5,-63.47],[-55.5,-63.36],[-50.89,-64.5],[-47.75,-66.8],[-45.75,-67.56],[-42.75,-68.15],[-39.5,-68.19],[-35.5,-67.54],[-32.5,-66.62],[-28.75,-64.43],[-25.29,-61.75],[-22.75,-60.79],[-21.9,-60.25],[-19.92,-58.5],[-18.25,-55.75],[-15.44,-49.25],[-15.15,-46.75],[-14.63,-45.0],[-12.85,-42.0],[-11.44,-41.0],[-10.0,-40.42],[-7.92,-40.0],[-6.2,-39.25],[-5.42,-38.75],[-5.52,-38.25],[-4.0,-37.71],[0.25,-37.26],[3.5,-37.45],[13.75,-38.83],[16.25,-38.28],[19.0,-38.71],[22.25,-39.59],[28.5,-41.98],[31.5,-43.6],[31.56,-43.0],[31.97,-43.0],[32.43,-43.5],[32.06,-44.0],[32.17,-44.25],[33.75,-45.66],[38.5,-48.31],[42.0,-50.78],[42.65,-51.5],[43.19,-52.75],[44.75,-54.47],[46.5,-55.43],[51.25,-56.24],[56.5,-55.52],[61.75,-53.62],[63.75,-53.64],[65.75,-53.29],[67.25,-52.76],[69.06,-51.75],[71.5,-49.92],[72.39,-48.75],[72.91,-47.25],[72.8,-44.5],[73.61,-43.25],[75.64,-41.5],[80.25,-38.62],[83.75,-37.25],[86.5,-36.48],[92.75,-35.62],[97.75,-35.4],[101.25,-35.61],[104.5,-36.47],[108.0,-37.94],[112.75,-40.41],[115.0,-40.99],[117.0,-40.56],[117.75,-39.95],[118.0,-39.22],[118.25,-39.05],[118.8,-39.25],[120.33,-42.25],[121.39,-45.25],[124.21,-49.75],[126.25,-52.13],[131.44,-56.75],[135.0,-59.31],[137.51,-60.75],[137.85,-61.25],[137.81,-62.5],[138.49,-63.5],[138.54,-64.25],[139.25,-64.84],[141.5,-65.01],[145.64,-64.5],[154.5,-62.37],[159.0,-60.41],[161.75,-58.76],[165.0,-56.34],[170.5,-53.45],[174.25,-53.62],[180.0,-54.34]]}},{"type":"Feature","properties":{"level":1004},"geometry":{"type":"LineString","coordinates":[[180.0,-46.79],[177.5,-47.22],[174.84,-46.75],[172.74,-45.5],[172.04,-44.5],[172.0,-43.29],[170.9,-43.25],[171.48,-42.75],[171.62,-42.5],[171.4,-42.25],[172.75,-40.61],[174.25,-40.77],[174.75,-41.11],[175.75,-40.74],[177.0,-40.89],[178.25,-41.32],[180.0,-42.64]]}},{"type":"Feature","properties":{"level":1004},"geometry":{"type":"LineString","coordinates":[[-180.0,-42.64],[-178.46,-45.25],[-179.25,-46.47],[-180.0,-46.79]]}},{"type":"Feature","properties":{"level":1004},"geometry":{"type":"LineString","coordinates":[[166.5,-41.0],[165.61,-40.75],[165.0,-40.05],[164.9,-39.5],[165.25,-38.96],[166.75,-38.86],[167.75,-39.7],[167.75,-40.55],[167.25,-40.93],[166.5,-41.0]]}},{"type":"Feature","properties":{"level":1004},"geometry":{"type":"LineString","coordinates":[[117.86,-40.0],[118.02,-40.0],[117.86,-40.0]]}},{"type":"Feature","properties":{"level":1004},"geometry":{"type":"LineString","coordinates":[[-106.0,-39.83],[-107.0,-39.0],[-107.02,-38.25],[-106.5,-37.79],[-105.75,-37.82],[-104.81,-38.5],[-104.88,-39.5],[-106.0,-39.83]]}},{"type":"Feature","properties":{"level":1004},"geometry":{"type":"LineString","coordinates":[[-56.5,-18.43],[-56.73,-18.25],[-56.5,-17.83],[-56.31,-18.0],[-56.5,-18.43]]}},{"type":"Feature","properties":{"level":1004},"geometry":{"type":"LineString","coordinates":[[-57.75,-17.81],[-58.05,-17.5],[-57.96,-17.25],[-57.25,-17.01],[-57.17,-17.25],[-57.75,-17.81]]}},{"type":"Feature","properties":{"level":1004},"geometry":{"type":"LineString","coordinates":[[-60.25,-17.02],[-60.25,-16.51],[-59.64,-17.0],[-60.25,-17.02]]}},{"type":"Feature","properties":{"level":1004},"geometry":{"type":"LineString","coordinates":[[-56.0,-16.78],[-56.2,-16.75],[-56.18,-16.5],[-55.93,-16.5],[-56.0,-16.78]]}},{"type":"Feature","properties":{"level":1004},"geometry":{"type":"LineString","coordinates":[[-65.25,-16.55],[-65.75,-16.25],[-65.36,-16.0],[-65.75,-15.61],[-66.0,-15.71],[-66.75,-15.07],[-67.5,-14.94],[-68.25,-13.85],[-69.85,-13.0],[-69.75,-12.76],[-69.25,-12.68],[-69.0,-12.9],[-68.88,-12.75],[-69.14,-12.5],[-68.91,-12.25],[-69.15,-11.5],[-67.5,-10.71],[-66.42,-11.5],[-65.38,-11.75],[-65.0,-12.24],[-64.36,-12.25],[-64.0,-13.33],[-62.75,-13.6],[-62.75,-13.99],[-63.04,-14.0],[-62.25,-14.34],[-61.75,-14.28],[-61.5,-14.69],[-61.04,-14.5],[-61.5,-14.13],[-61.75,-14.24],[-62.03,-13.75],[-61.75,-13.01],[-61.55,-13.25],[-60.58,-15.25],[-61.5,-15.33],[-62.2,-15.0],[-62.25,-14.71],[-63.0,-14.79],[-63.0,-16.41],[-63.75,-16.39],[-63.62,-15.75],[-63.75,-15.43],[-64.05,-15.75],[-64.0,-14.87],[-64.35,-15.25],[-65.08,-15.5],[-64.42,-16.0],[-64.81,-16.5],[-65.25,-16.55]]}},{"type":"Feature","properties":{"level":1004},"geometry":{"type":"LineString","coordinates":[[-56.75,-16.57],[-57.3,-16.25],[-57.24,-16.0],[-56.75,-15.99],[-56.0,-15.41],[-55.75,-15.76],[-56.53,-16.0],[-56.3,-16.5],[-56.75,-16.57]]}},{"type":"Feature","properties":{"level":1004},"geometry":{"type":"LineString","coordinates":[[-54.25,-16.51],[-54.25,-16.2],[-54.25,-16.51]]}},{"type":"Feature","properties":{"level":1004},"geometry":{"type":"LineString","coordinates":[[-60.5,-16.27],[-60.5,-15.67],[-60.18,-16.0],[-60.25,-16.47],[-60.5,-16.27]]}},{"type":"Feature","properties":{"level":1004},"geometry":{"type":"LineString","coordinates":[[-58.5,-15.79],[-58.5,-15.57],[-58.5,-15.79]]}},{"type":"Feature","properties":{"level":1004},"geometry":{"type":"LineString","coordinates":[[-60.0,-15.54],[-60.38,-15.25],[-59.67,-15.0],[-59.52,-15.25],[-59.67,-15.5],[-60.0,-15.54]]}},{"type":"Feature","properties":{"level":1004},"geometry":{"type":"LineString","coordinates":[[-57.25,-15.04],[-57.25,-14.57],[-57.25,-15.04]]}},{"type":"Feature","properties":{"level":1004},"geometry":{"type":"LineString","coordinates":[[-51.5,-14.32],[-51.71,-13.75],[-51.09,-11.75],[-51.25,-11.09],[-50.25,-11.37],[-50.0,-10.05],[-49.56,-10.75],[-49.75,-11.0],[-49.35,-11.25],[-49.25,-12.16],[-48.75,-11.79],[-48.5,-12.25],[-49.0,-12.37],[-49.5,-13.13],[-50.0,-12.86],[-50.14,-13.25],[-49.95,-13.5],[-50.5,-14.07],[-50.75,-13.91],[-50.87,-14.25],[-51.5,-14.32]]}},{"type":"Feature","properties":{"level":1004},"geometry":{"type":"LineString","coordinates":[[-168.75,-14.1],[-168.75,-13.92],[-168.75,-14.1]]}},{"type":"Feature","properties":{"level":1004},"geometry":{"type":"LineString","coordinates":[[-62.0,-13.02],[-62.25,-12.99],[-62.25,-12.5],[-61.89,-12.75],[-61.8,-13.0],[-62.0,-13.02]]}},{"type":"Feature","properties":{"level":1004},"geometry":{"type":"LineString","coordinates":[[-63.5,-12.91],[-63.5,-12.5],[-63.25,-12.38],[-63.5,-12.91]]}},{"type":"Feature","properties":{"level":1004},"geometry":{"type":"LineString","coordinates":[[-71.25,-12.31],[-71.47,-12.0],[-71.25,-11.87],[-71.05,-12.0],[-71.25,-12.31]]}},{"type":"Feature","properties":{"level":1004},"geometry":{"type":"LineString","coordinates":[[-69.5,-12.27],[-69.91,-12.0],[-69.5,-11.98],[-69.18,-12.25],[-69.5,-12.27]]}},{"type":"Feature","properties":{"level":1004},"geometry":{"type":"LineString","coordinates":[[-64.25,-12.12],[-64.14,-12.0],[-64.25,-12.12]]}},{"type":"Feature","properties":{"level":1004},"geometry":{"type":"LineString","coordinates":[[-170.25,-11.56],[-170.25,-11.26],[-169.93,-11.25],[-169.93,-11.5],[-170.25,-11.56]]}},{"type":"Feature","properties":{"level":1004},"geometry":{"type":"LineString","coordinates":[[-62.0,-10.62],[-62.37,-10.0],[-61.89,-10.25],[-61.75,-10.5],[-62.0,-10.62]]}},{"type":"Feature","properties":{"level":1004},"geometry":{"type":"LineString","coordinates":[[-74.0,-10.15],[-74.0,-9.56],[-73.79,-10.0],[-74.0,-10.15]]}},{"type":"Feature","properties":{"level":1004},"geometry":{"type":"LineString","coordinates":[[-74.0,-9.4],[-74.19,-9.25],[-74.0,-9.05],[-73.8,-9.25],[-74.0,-9.4]]}},{"type":"Feature","properties":{"level":1004},"geometry":{"type":"LineString","coordinates":[[156.0,11.95],[156.25,12.2],[156.58,12.0],[156.0,11.95]]}},{"type":"Feature","properties":{"level":1004},"geometry":{"type":"LineString","coordinates":[[-152.0,39.9],[-152.25,40.27],[-153.25,40.36],[-154.0,41.03],[-154.75,41.11],[-155.75,40.77],[-158.5,41.01],[-160.75,41.59],[-162.03,42.25],[-164.42,45.75],[-165.45,48.5],[-165.58,50.5],[-165.37,51.75],[-164.25,54.33],[-160.61,56.25],[-157.75,56.3],[-156.53,56.0],[-155.45,55.5],[-151.97,53.0],[-147.0,47.88],[-146.15,47.25],[-145.25,47.14],[-144.55,46.75],[-145.01,46.25],[-144.94,45.25],[-145.28,45.0],[-145.27,44.0],[-147.61,42.75],[-149.25,41.17],[-152.0,39.9]]}},{"type":"Feature","properties":{"level":1004},"geometry":{"type":"LineString","coordinates":[[166.0,41.99],[164.5,42.31],[163.32,43.0],[162.53,44.0],[162.5,45.07],[164.25,46.17],[166.0,46.18],[167.82,45.75],[169.48,44.5],[169.5,43.57],[168.5,42.65],[167.25,42.1],[166.0,41.99]]}},{"type":"Feature","properties":{"level":1004},"geometry":{"type":"LineString","coordinates":[[154.75,45.98],[154.79,47.5],[154.5,47.97],[148.0,47.62],[142.5,48.01],[140.75,49.04],[139.75,49.2],[139.77,49.75],[138.93,50.75],[138.89,51.25],[138.5,51.34],[137.8,52.25],[137.95,53.25],[137.45,53.75],[137.67,54.0],[136.37,55.25],[137.95,56.75],[140.22,58.0],[141.47,59.25],[142.25,59.65],[142.5,60.11],[143.25,60.26],[144.25,60.3],[145.0,60.03],[146.25,60.53],[149.5,60.44],[152.52,59.25],[154.25,58.24],[156.34,57.75],[155.71,57.5],[157.0,57.17],[157.55,56.75],[157.58,56.25],[157.11,55.5],[156.78,53.5],[156.31,53.25],[156.87,51.75],[156.35,51.0],[156.67,49.75],[156.48,48.75],[156.0,48.26],[155.25,45.83],[154.75,45.98]]}},{"type":"Feature","properties":{"level":1004},"geometry":{"type":"LineString","coordinates":[[-48.04,62.0],[-46.75,61.94],[-44.74,62.5],[-43.67,64.0],[-43.5,66.5],[-45.5,67.6],[-46.75,67.12],[-47.68,65.0],[-48.61,64.25],[-48.52,64.0],[-49.17,63.5],[-49.36,63.0],[-48.97,62.5],[-48.04,62.0]]}},{"type":"Feature","properties":{"level":1004},"geometry":{"type":"LineString","coordinates":[[-42.3,67.5],[-41.25,67.57],[-38.25,68.56],[-35.28,70.25],[-33.62,70.75],[-33.06,71.25],[-33.04,71.75],[-32.41,72.5],[-28.15,74.75],[-23.24,76.0],[-23.27,76.25],[-24.66,76.5],[-23.92,77.0],[-23.75,77.51],[-22.25,77.85],[-21.69,78.25],[-21.96,78.75],[-23.23,79.5],[-23.07,79.75],[-21.0,80.1],[-20.73,80.25],[-20.75,80.53],[-13.95,81.5],[-21.0,81.92],[-21.73,81.75],[-20.79,81.5],[-21.75,81.4],[-22.25,81.59],[-22.31,82.0],[-23.77,82.0],[-22.29,82.5],[-23.5,82.8],[-24.5,82.88],[-29.0,82.37],[-31.19,83.0],[-28.25,83.0],[-28.44,83.25],[-28.25,83.37],[-27.5,83.3],[-27.32,83.5],[-27.75,83.59],[-33.25,83.45],[-34.75,83.65],[-35.5,83.41],[-36.5,83.7],[-38.0,83.47],[-38.75,83.69],[-41.25,83.66],[-44.33,83.5],[-43.75,83.47],[-43.57,83.25],[-44.25,82.91],[-44.9,83.0],[-44.55,83.25],[-44.75,83.44],[-47.25,83.19],[-49.0,82.82],[-49.6,82.25],[-50.25,82.09],[-51.0,82.45],[-51.75,82.15],[-52.75,82.19],[-53.0,81.89],[-54.0,81.74],[-53.99,82.0],[-54.5,82.06],[-60.0,81.84],[-60.36,81.75],[-59.35,81.5],[-60.25,81.12],[-61.5,81.24],[-63.5,80.68],[-64.75,80.8],[-66.13,80.5],[-65.5,80.13],[-63.43,79.75],[-63.42,79.5],[-64.75,79.12],[-65.67,78.5],[-64.46,78.25],[-64.89,78.0],[-63.04,77.25],[-63.0,76.96],[-56.75,76.53],[-56.29,76.25],[-56.16,75.5],[-54.93,75.0],[-54.0,74.09],[-51.25,73.97],[-48.75,74.24],[-47.53,74.0],[-48.2,73.25],[-48.3,72.5],[-47.44,72.25],[-46.75,71.75],[-46.67,70.25],[-46.32,69.5],[-46.45,69.25],[-47.65,69.0],[-47.5,68.78],[-45.75,68.02],[-45.2,68.25],[-45.0,69.03],[-43.25,68.06],[-41.98,68.0],[-41.92,67.75],[-42.3,67.5]]}},{"type":"Feature","properties":{"level":1004},"geometry":{"type":"LineString","coordinates":[[-67.64,78.0],[-66.56,78.0],[-67.0,78.19],[-67.64,78.0]]}},{"type":"Feature","properties":{"level":1004},"geometry":{"type":"LineString","coordinates":[[180.0,78.72],[170.25,77.92],[162.75,77.03],[148.94,75.0],[141.75,73.66],[140.18,73.75],[140.81,75.0],[139.88,75.75],[135.5,76.49],[132.0,76.64],[117.75,75.92],[111.75,76.03],[89.25,78.48],[73.5,79.25],[59.5,78.93],[53.5,78.44],[42.75,76.99],[31.5,74.6],[24.75,74.51],[20.25,74.01],[17.32,73.0],[14.75,71.7],[13.25,70.43],[9.5,68.21],[4.53,64.0],[0.25,60.79],[-1.0,60.11],[-1.5,60.04],[-1.75,60.26],[-6.25,58.4],[-17.5,55.22],[-22.75,54.7],[-28.25,54.93],[-41.75,56.78],[-49.75,58.48],[-51.5,58.6],[-52.5,58.42],[-52.84,58.25],[-53.43,57.0],[-54.09,54.25],[-52.64,51.0],[-52.61,49.75],[-53.04,48.5],[-54.39,46.5],[-55.75,45.22],[-58.5,43.54],[-61.0,42.83],[-62.5,42.99],[-63.75,43.56],[-64.26,44.25],[-64.46,45.75],[-64.76,45.75],[-64.81,46.25],[-65.5,46.87],[-66.25,47.24],[-67.0,48.94],[-67.89,49.5],[-68.46,51.0],[-70.04,52.75],[-70.25,53.3],[-71.5,54.27],[-72.5,54.34],[-74.0,54.89],[-75.0,55.84],[-76.35,56.5],[-78.75,59.6],[-79.52,61.75],[-81.59,64.25],[-84.25,65.9],[-85.19,66.25],[-86.0,67.03],[-87.25,66.74],[-90.75,66.95],[-95.25,68.03],[-98.36,69.25],[-99.44,70.5],[-97.21,72.0],[-96.72,72.5],[-96.5,73.33],[-95.0,73.95],[-94.19,74.75],[-92.75,75.58],[-90.75,75.44],[-90.52,76.0],[-89.55,76.25],[-89.47,76.5],[-86.75,76.88],[-84.0,76.94],[-82.75,76.63],[-80.0,76.96],[-79.61,77.25],[-81.27,77.75],[-80.12,78.5],[-79.94,79.0],[-79.0,79.16],[-78.5,79.0],[-79.98,78.5],[-79.75,78.32],[-77.0,78.37],[-76.6,78.5],[-77.45,79.0],[-77.25,79.15],[-76.25,78.72],[-75.13,78.75],[-76.22,79.0],[-75.66,79.5],[-72.0,79.69],[-70.72,80.0],[-72.21,80.25],[-70.0,80.19],[-67.0,80.9],[-64.97,81.5],[-65.38,81.75],[-63.2,82.0],[-63.43,82.25],[-69.25,82.36],[-70.5,82.61],[-70.99,82.5],[-69.3,82.25],[-71.5,82.32],[-72.75,81.99],[-74.25,82.13],[-74.75,81.84],[-75.25,82.0],[-74.68,82.5],[-75.0,82.56],[-81.0,82.16],[-82.25,82.29],[-83.37,82.0],[-79.26,81.75],[-80.0,81.43],[-82.0,81.58],[-82.33,81.5],[-82.25,81.24],[-84.25,81.55],[-88.0,81.33],[-89.0,80.65],[-89.68,80.5],[-89.8,80.25],[-88.75,79.74],[-90.25,79.72],[-92.75,80.19],[-95.75,79.8],[-97.5,79.17],[-99.75,78.81],[-110.25,78.11],[-116.5,78.14],[-132.75,79.04],[-146.5,79.41],[-160.25,79.46],[-180.0,78.72]]}},{"type":"Feature","properties":{"level":1004},"geometry":{"type":"LineString","coordinates":[[-74.75,79.96],[-74.98,80.0],[-73.83,80.0],[-74.75,79.96]]}},{"type":"Feature","properties":{"level":1004},"geometry":{"type":"LineString","coordinates":[[-58.5,81.24],[-58.97,81.5],[-57.62,81.25],[-58.5,81.24]]}},{"type":"Feature","properties":{"level":1004},"geometry":{"type":"LineString","coordinates":[[-71.75,81.74],[-71.4,81.75],[-71.75,81.74]]}},{"type":"Feature","properties":{"level":1004},"geometry":{"type":"LineString","coordinates":[[-28.5,81.74],[-27.5,81.75],[-28.5,81.74]]}},{"type":"Feature","properties":{"level":1004},"geometry":{"type":"LineString","coordinates":[[-49.0,81.94],[-48.17,82.0],[-49.0,81.94]]}},{"type":"Feature","properties":{"level":1004},"geometry":{"type":"LineString","coordinates":[[-25.5,81.91],[-25.44,82.25],[-24.36,82.25],[-25.5,81.91]]}},{"type":"Feature","properties":{"level":1004},"geometry":{"type":"LineString","coordinates":[[-48.5,82.49],[-47.18,82.5],[-47.75,82.33],[-48.5,82.49]]}},{"type":"Feature","properties":{"level":1004},"geometry":{"type":"LineString","coordinates":[[-45.5,82.47],[-45.5,82.63],[-45.02,82.5],[-45.5,82.47]]}},{"type":"Feature","properties":{"level":1004},"geometry":{"type":"LineString","coordinates":[[-43.25,82.49],[-42.18,82.5],[-43.25,82.49]]}},{"type":"Feature","properties":{"level":1004},"geometry":{"type":"LineString","coordinates":[[-46.75,82.72],[-46.99,82.75],[-46.57,82.75],[-46.75,82.72]]}},{"type":"Feature","properties":{"level":1004},"geometry":{"type":"LineString","coordinates":[[-41.75,83.23],[-41.54,83.25],[-41.75,83.23]]}},{"type":"Feature","properties":{"level":1004},"geometry":{"type":"LineString","coordinates":[[-35.0,83.23],[-35.21,83.25],[-34.5,83.44],[-33.93,83.25],[-35.0,83.23]]}},{"type":"Feature","properties":{"level":1008},"geometry":{"type":"LineString","coordinates":[[124.75,-88.26],[124.83,-88.0],[129.5,-87.94],[132.99,-88.0],[133.36,-88.25],[124.75,-88.26]]}},{"type":"Feature","properties":{"level":1008},"geometry":{"type":"LineString","coordinates":[[180.0,-88.48],[168.75,-88.7],[154.52,-88.5],[156.75,-88.25],[156.49,-88.0],[154.32,-87.75],[145.68,-87.25],[146.91,-87.0],[145.5,-86.49],[142.75,-86.23],[139.45,-85.0],[139.1,-84.75],[139.2,-84.25],[136.05,-82.75],[135.71,-82.0],[135.04,-81.5],[135.16,-81.25],[136.93,-80.5],[140.75,-78.15],[142.2,-76.75],[142.89,-75.75],[146.11,-73.75],[146.78,-72.25],[146.75,-71.5],[145.89,-70.5],[144.5,-69.86],[140.25,-69.07],[138.5,-67.98],[135.75,-67.63],[132.0,-68.1],[127.75,-68.09],[122.5,-68.82],[113.25,-69.24],[106.75,-70.24],[100.75,-70.41],[94.0,-69.78],[84.0,-69.98],[80.5,-70.73],[79.34,-71.75],[78.67,-72.5],[77.71,-74.5],[77.2,-76.25],[75.25,-76.93],[73.0,-77.19],[60.5,-77.1],[54.39,-75.0],[54.35,-74.75],[55.0,-74.44],[60.25,-73.25],[60.68,-73.0],[60.36,-72.5],[62.04,-72.0],[63.58,-71.0],[63.2,-70.5],[62.25,-70.19],[52.75,-69.09],[51.0,-69.59],[48.5,-69.48],[46.25,-69.88],[43.75,-70.87],[38.0,-71.56],[35.25,-72.21],[31.75,-72.45],[31.0,-72.81],[28.75,-72.37],[25.0,-72.69],[23.5,-72.59],[22.5,-72.82],[18.25,-72.75],[15.25,-72.3],[13.25,-72.47],[12.75,-72.11],[12.17,-72.25],[12.55,-72.5],[11.75,-72.65],[8.75,-72.35],[6.5,-72.39],[5.5,-73.05],[2.25,-73.93],[-0.5,-73.66],[-3.0,-73.97],[-4.0,-74.56],[-9.03,-76.0],[-12.0,-77.16],[-16.5,-77.43],[-17.64,-78.0],[-19.28,-78.25],[-19.48,-78.5],[-19.0,-78.82],[-21.09,-79.0],[-20.0,-79.29],[-17.75,-79.25],[-17.64,-79.5],[-19.0,-80.4],[-25.5,-80.48],[-30.5,-81.05],[-33.81,-81.5],[-33.74,-81.75],[-38.25,-82.01],[-41.75,-83.02],[-49.5,-82.73],[-55.5,-83.45],[-57.0,-84.08],[-58.25,-84.3],[-72.75,-84.86],[-74.76,-84.75],[-75.22,-84.5],[-75.03,-84.25],[-77.03,-84.0],[-92.75,-83.21],[-94.2,-83.5],[-93.03,-83.75],[-93.0,-84.04],[-100.66,-84.75],[-97.49,-85.0],[-97.75,-85.08],[-105.0,-85.15],[-113.25,-86.38],[-135.0,-86.78],[-140.12,-87.25],[-139.5,-87.67],[-137.83,-87.75],[-138.25,-87.77],[-152.25,-87.58],[-158.1,-88.25],[-180.0,-88.48]]}},{"type":"Feature","properties":{"level":1008},"geometry":{"type":"LineString","coordinates":[[-69.76,-84.5],[-68.33,-84.5],[-69.87,-84.25],[-69.76,-84.5]]}},{"type":"Feature","properties":{"level":1008},"geometry":{"type":"LineString","coordinates":[[-24.09,-77.5],[-22.75,-77.66],[-21.52,-77.5],[-23.5,-77.22],[-24.07,-77.25],[-24.09,-77.5]]}},{"type":"Feature","properties":{"level":1008},"geometry":{"type":"LineString","coordinates":[[-180.0,-53.09],[-168.75,-54.81],[-164.5,-54.67],[-162.75,-54.31],[-160.75,-53.49],[-158.58,-51.75],[-157.92,-50.0],[-158.35,-49.0],[-158.47,-47.5],[-159.01,-47.0],[-158.86,-46.75],[-157.25,-46.52],[-145.0,-47.18],[-138.5,-47.24],[-130.75,-46.73],[-123.0,-45.55],[-118.5,-45.15],[-110.75,-44.92],[-110.0,-44.71],[-109.5,-44.26],[-108.75,-44.16],[-107.71,-43.5],[-108.48,-38.5],[-107.25,-36.95],[-106.0,-36.34],[-105.25,-36.24],[-102.75,-36.96],[-101.86,-38.0],[-101.73,-39.25],[-102.67,-42.5],[-101.5,-44.82],[-100.17,-46.25],[-85.75,-55.35],[-73.5,-61.61],[-70.0,-63.08],[-65.5,-64.46],[-64.0,-65.29],[-63.16,-65.25],[-57.25,-62.88],[-55.0,-62.59],[-47.0,-63.79],[-41.0,-65.22],[-38.5,-65.45],[-35.0,-64.76],[-32.5,-63.76],[-23.82,-58.5],[-20.88,-55.0],[-19.32,-52.75],[-17.58,-48.75],[-16.23,-44.25],[-14.75,-41.31],[-12.78,-39.75],[-10.3,-38.25],[-9.25,-36.25],[-7.87,-35.0],[-6.75,-34.51],[-6.25,-34.61],[-5.75,-34.32],[-4.5,-34.17],[-3.75,-34.43],[-3.0,-34.14],[-1.75,-34.54],[-0.5,-34.34],[3.25,-35.3],[6.5,-34.84],[8.25,-35.41],[9.25,-35.27],[11.0,-35.56],[13.5,-35.55],[21.75,-38.03],[24.5,-38.52],[26.5,-38.42],[29.5,-39.1],[30.0,-39.03],[34.0,-42.55],[35.22,-44.75],[41.75,-48.86],[43.82,-50.5],[44.68,-51.75],[45.82,-52.75],[48.0,-53.92],[50.0,-54.41],[52.25,-54.55],[54.0,-54.47],[57.25,-53.78],[62.0,-51.87],[65.5,-51.09],[67.75,-49.94],[69.38,-48.75],[70.23,-47.75],[71.17,-45.75],[71.28,-44.25],[72.0,-43.11],[73.5,-41.51],[77.29,-38.5],[81.25,-36.4],[87.25,-34.74],[93.0,-33.97],[95.75,-33.87],[98.75,-34.0],[102.75,-34.65],[105.25,-35.26],[110.5,-37.19],[112.75,-37.79],[115.0,-37.71],[117.25,-36.51],[118.25,-36.58],[119.25,-37.26],[121.0,-39.21],[122.3,-43.75],[123.24,-46.0],[126.5,-50.53],[127.85,-52.0],[132.75,-56.25],[136.5,-58.61],[139.84,-60.0],[140.89,-61.5],[142.5,-62.12],[144.25,-62.37],[147.0,-62.13],[153.5,-60.9],[155.25,-60.35],[160.0,-58.07],[165.5,-54.42],[168.0,-52.44],[169.75,-52.25],[174.0,-52.36],[180.0,-53.09]]}},{"type":"Feature","properties":{"level":1008},"geometry":{"type":"LineString","coordinates":[[180.0,-47.75],[178.25,-48.3],[175.0,-47.98],[171.8,-46.75],[171.19,-46.25],[170.84,-45.5],[170.25,-45.28],[168.75,-45.62],[167.75,-45.34],[166.75,-45.86],[166.0,-45.8],[163.75,-43.92],[163.23,-43.0],[163.06,-42.0],[163.39,-41.0],[163.61,-38.5],[163.37,-37.75],[164.75,-37.63],[165.75,-37.22],[168.5,-37.44],[170.75,-38.26],[172.25,-38.4],[172.75,-38.03],[174.75,-38.07],[175.06,-37.5],[175.0,-36.84],[176.0,-37.34],[176.17,-37.75],[177.0,-38.35],[178.5,-38.52],[180.0,-40.19]]}},{"type":"Feature","properties":{"level":1008},"geometry":{"type":"LineString","coordinates":[[-180.0,-40.19],[-179.25,-41.1],[-176.74,-43.25],[-176.01,-44.75],[-176.17,-45.25],[-175.95,-45.5],[-176.0,-45.78],[-177.5,-47.06],[-180.0,-47.75]]}},{"type":"Feature","properties":{"level":1008},"geometry":{"type":"LineString","coordinates":[[172.25,-37.8],[172.72,-37.75],[172.25,-37.8]]}},{"type":"Feature","properties":{"level":1008},"geometry":{"type":"LineString","coordinates":[[173.0,-37.97],[172.86,-37.75],[173.0,-37.97]]}},{"type":"Feature","properties":{"level":1008},"geometry":{"type":"LineString","coordinates":[[28.0,-33.81],[27.73,-33.5],[27.9,-32.75],[28.91,-32.5],[29.49,-33.75],[29.0,-33.99],[28.0,-33.81]]}},{"type":"Feature","properties":{"level":1008},"geometry":{"type":"LineString","coordinates":[[-65.5,-22.05],[-65.66,-21.75],[-65.42,-21.5],[-65.43,-21.0],[-65.78,-20.75],[-65.5,-20.26],[-65.03,-21.25],[-65.5,-22.05]]}},{"type":"Feature","properties":{"level":1008},"geometry":{"type":"LineString","coordinates":[[-57.5,-21.02],[-58.38,-20.25],[-57.58,-20.0],[-57.72,-19.5],[-58.83,-18.75],[-58.71,-18.25],[-59.03,-18.0],[-60.5,-18.04],[-60.75,-18.57],[-62.0,-18.67],[-62.3,-18.0],[-61.5,-16.96],[-61.5,-16.61],[-62.0,-16.63],[-62.75,-17.53],[-65.0,-17.3],[-66.5,-16.1],[-68.0,-15.65],[-68.45,-15.0],[-68.12,-14.5],[-68.5,-14.33],[-68.55,-14.0],[-71.33,-13.0],[-72.0,-12.05],[-72.5,-11.94],[-73.0,-12.18],[-73.5,-11.42],[-73.91,-11.25],[-74.25,-10.12],[-74.5,-10.03],[-74.75,-10.57],[-75.28,-10.25],[-76.14,-7.25],[-76.75,-7.68],[-77.02,-7.25],[-76.47,-6.25],[-76.75,-5.58],[-77.75,-4.83],[-78.3,-5.0],[-78.38,-4.5],[-78.0,-4.15],[-77.96,-3.0],[-77.56,-2.25],[-77.61,-1.25],[-77.24,0.25],[-76.5,1.02],[-75.25,1.64],[-74.75,2.16],[-73.29,2.5],[-73.47,3.0],[-73.16,4.25],[-72.5,4.82],[-71.25,5.21],[-71.0,5.64],[-70.53,5.5],[-69.75,4.74],[-69.0,5.96],[-68.0,6.7],[-67.43,6.75],[-67.81,6.25],[-67.22,5.5],[-68.0,4.94],[-67.25,4.77],[-67.5,4.43],[-66.02,4.25],[-65.99,3.5],[-65.75,3.16],[-65.25,3.33],[-64.69,2.75],[-65.0,2.45],[-65.25,2.66],[-65.19,2.0],[-65.5,2.07],[-66.13,1.0],[-66.0,0.57],[-65.5,0.35],[-65.22,0.5],[-65.38,0.75],[-64.5,1.64],[-64.25,1.5],[-63.75,2.14],[-63.23,2.25],[-63.26,3.0],[-62.5,3.84],[-62.0,3.79],[-60.5,4.36],[-58.75,3.69],[-58.48,3.5],[-58.75,3.27],[-59.0,3.5],[-59.8,3.25],[-59.1,3.0],[-59.25,2.64],[-60.0,2.68],[-60.25,3.03],[-60.5,2.98],[-60.8,2.0],[-60.17,1.75],[-60.11,1.5],[-59.75,1.78],[-57.75,0.85],[-57.63,1.0],[-58.25,2.24],[-58.55,2.25],[-57.91,2.25],[-58.11,2.75],[-57.61,3.0],[-57.59,3.25],[-57.85,3.5],[-57.29,3.5],[-56.75,2.99],[-56.64,3.25],[-56.85,3.5],[-56.27,4.0],[-55.0,3.85],[-54.0,2.69],[-54.0,2.27],[-54.29,2.25],[-53.88,1.75],[-53.85,1.0],[-53.47,0.5],[-53.45,-0.75],[-52.9,-1.0],[-52.5,-1.79],[-51.25,-2.12],[-49.75,-3.1],[-48.06,-3.25],[-47.66,-4.0],[-47.75,-4.66],[-47.5,-4.46],[-47.25,-5.08],[-44.5,-5.61],[-44.0,-5.33],[-42.75,-5.25],[-42.75,-5.66],[-41.86,-5.75],[-42.0,-6.38],[-42.25,-5.93],[-42.55,-6.25],[-41.7,-7.25],[-41.97,-8.0],[-42.75,-8.25],[-43.5,-8.19],[-44.16,-9.0],[-44.35,-9.75],[-43.98,-10.0],[-44.39,-10.5],[-43.25,-12.14],[-43.05,-13.5],[-42.69,-14.25],[-42.75,-14.47],[-43.04,-14.25],[-42.74,-14.75],[-43.07,-15.0],[-43.0,-15.95],[-43.75,-16.76],[-44.08,-16.5],[-44.51,-17.5],[-44.46,-18.0],[-44.15,-18.25],[-44.25,-18.63],[-45.5,-17.96],[-47.25,-18.19],[-47.64,-17.5],[-47.28,-16.75],[-47.47,-16.5],[-47.41,-15.5],[-47.75,-15.34],[-48.75,-15.57],[-49.59,-16.25],[-48.34,-17.0],[-48.27,-17.25],[-48.75,-17.28],[-50.0,-16.77],[-51.0,-16.83],[-52.75,-17.4],[-52.76,-18.0],[-54.08,-18.75],[-54.58,-19.5],[-54.75,-21.12],[-55.75,-21.22],[-56.75,-20.84],[-57.5,-21.02]]}},{"type":"Feature","properties":{"level":1008},"geometry":{"type":"LineString","coordinates":[[-53.25,-20.09],[-53.55,-19.75],[-53.67,-19.25],[-53.5,-19.12],[-52.77,-19.75],[-53.25,-20.09]]}},{"type":"Feature","properties":{"level":1008},"geometry":{"type":"LineString","coordinates":[[-65.25,-19.94],[-65.61,-19.25],[-65.4,-18.75],[-66.02,-18.5],[-66.04,-18.25],[-65.75,-18.1],[-65.25,-18.29],[-65.16,-18.0],[-64.75,-18.0],[-64.51,-18.5],[-65.25,-19.94]]}},{"type":"Feature","properties":{"level":1008},"geometry":{"type":"LineString","coordinates":[[-52.5,-19.96],[-52.74,-19.75],[-52.25,-19.21],[-52.14,-19.75],[-52.5,-19.96]]}},{"type":"Feature","properties":{"level":1008},"geometry":{"type":"LineString","coordinates":[[-56.79,-19.25],[-56.28,-19.25],[-56.22,-19.0],[-56.79,-19.25]]}},{"type":"Feature","properties":{"level":1008},"geometry":{"type":"LineString","coordinates":[[-59.25,-18.34],[-59.41,-18.25],[-59.25,-18.34]]}},{"type":"Feature","properties":{"level":1008},"geometry":{"type":"LineString","coordinates":[[-48.1,-14.75],[-47.75,-14.97],[-47.58,-14.75],[-47.3,-14.0],[-47.5,-13.81],[-47.68,-14.25],[-47.53,-14.5],[-48.1,-14.75]]}},{"type":"Feature","properties":{"level":1008},"geometry":{"type":"LineString","coordinates":[[-168.75,-14.5],[-169.25,-13.87],[-170.25,-13.89],[-172.25,-12.48],[-172.39,-12.0],[-172.22,-11.25],[-172.6,-10.75],[-172.47,-10.0],[-173.31,-8.25],[-173.21,-8.0],[-173.0,-7.7],[-171.0,-6.86],[-170.75,-7.03],[-169.75,-6.62],[-169.5,-6.21],[-168.75,-7.26],[-168.19,-7.0],[-168.56,-6.75],[-168.5,-6.44],[-167.64,-6.75],[-167.79,-7.0],[-167.5,-7.05],[-167.0,-5.98],[-166.5,-6.16],[-165.75,-5.79],[-164.5,-6.15],[-163.75,-6.71],[-163.25,-6.39],[-163.0,-6.8],[-162.14,-5.75],[-162.44,-5.25],[-162.24,-5.0],[-162.96,-4.5],[-162.87,-4.0],[-161.75,-3.41],[-161.8,-4.25],[-162.08,-4.75],[-161.88,-5.0],[-161.43,-5.0],[-161.0,-4.24],[-160.5,-4.63],[-160.37,-5.75],[-160.69,-6.0],[-160.63,-6.5],[-159.78,-7.5],[-160.12,-7.75],[-160.0,-7.95],[-159.5,-8.06],[-159.53,-7.75],[-159.25,-7.62],[-159.0,-8.17],[-158.63,-8.0],[-157.75,-8.47],[-157.75,-8.79],[-159.5,-8.38],[-159.75,-8.96],[-160.25,-8.73],[-160.5,-9.03],[-160.75,-8.56],[-161.75,-8.6],[-162.01,-9.25],[-162.37,-9.5],[-161.91,-9.75],[-161.89,-10.75],[-162.72,-11.75],[-164.0,-11.99],[-164.75,-12.38],[-165.25,-12.16],[-167.41,-12.75],[-168.26,-13.25],[-168.12,-13.75],[-167.69,-14.0],[-168.75,-14.5]]}},{"type":"Feature","properties":{"level":1008},"geometry":{"type":"LineString","coordinates":[[-168.83,-13.5],[-168.58,-13.5],[-168.83,-13.5]]}},{"type":"Feature","properties":{"level":1008},"geometry":{"type":"LineString","coordinates":[[-54.94,-9.25],[-54.75,-9.32],[-54.46,-9.0],[-54.75,-8.35],[-55.0,-8.45],[-55.25,-8.21],[-55.5,-8.38],[-56.21,-8.0],[-56.13,-7.5],[-56.35,-7.5],[-56.5,-8.25],[-54.94,-9.25]]}},{"type":"Feature","properties":{"level":1008},"geometry":{"type":"LineString","coordinates":[[-45.03,-9.25],[-44.57,-9.25],[-44.17,-8.5],[-44.01,-7.75],[-44.25,-7.47],[-44.51,-7.75],[-44.64,-8.75],[-45.03,-9.25]]}},{"type":"Feature","properties":{"level":1008},"geometry":{"type":"LineString","coordinates":[[-157.5,-8.37],[-157.5,-8.11],[-157.12,-8.0],[-157.5,-8.37]]}},{"type":"Feature","properties":{"level":1008},"geometry":{"type":"LineString","coordinates":[[-157.0,-7.85],[-156.5,-6.96],[-155.83,-7.0],[-155.88,-7.5],[-156.25,-7.85],[-157.0,-7.85]]}},{"type":"Feature","properties":{"level":1008},"geometry":{"type":"LineString","coordinates":[[-168.61,-7.5],[-168.36,-7.5],[-168.5,-7.35],[-168.61,-7.5]]}},{"type":"Feature","properties":{"level":1008},"geometry":{"type":"LineString","coordinates":[[-159.0,-7.35],[-159.25,-6.46],[-159.0,-6.74],[-158.59,-6.75],[-159.0,-7.35]]}},{"type":"Feature","properties":{"level":1008},"geometry":{"type":"LineString","coordinates":[[-172.25,-7.0],[-172.43,-6.75],[-172.25,-6.5],[-172.01,-6.75],[-172.25,-7.0]]}},{"type":"Feature","properties":{"level":1008},"geometry":{"type":"LineString","coordinates":[[-56.87,-7.0],[-56.63,-7.0],[-57.25,-5.52],[-57.87,-5.5],[-57.96,-5.75],[-56.87,-7.0]]}},{"type":"Feature","properties":{"level":1008},"geometry":{"type":"LineString","coordinates":[[-56.54,-6.75],[-56.21,-6.75],[-56.54,-6.75]]}},{"type":"Feature","properties":{"level":1008},"geometry":{"type":"LineString","coordinates":[[-45.85,-6.75],[-44.5,-6.75],[-44.09,-6.5],[-44.14,-6.25],[-45.25,-6.38],[-45.85,-6.75]]}},{"type":"Feature","properties":{"level":1008},"geometry":{"type":"LineString","coordinates":[[-43.87,-6.5],[-43.74,-6.25],[-43.87,-6.5]]}},{"type":"Feature","properties":{"level":1008},"geometry":{"type":"LineString","coordinates":[[-175.25,-5.79],[-175.35,-5.5],[-174.5,-5.21],[-174.07,-5.5],[-175.25,-5.79]]}},{"type":"Feature","properties":{"level":1008},"geometry":{"type":"LineString","coordinates":[[-161.29,-5.5],[-161.25,-5.28],[-161.29,-5.5]]}},{"type":"Feature","properties":{"level":1008},"geometry":{"type":"LineString","coordinates":[[-164.0,-4.17],[-164.27,-3.75],[-163.87,-3.0],[-164.06,-2.5],[-163.5,-1.91],[-162.52,-1.5],[-162.94,-0.75],[-163.5,-0.74],[-163.69,-0.5],[-163.25,0.26],[-162.75,0.48],[-162.14,-0.5],[-162.64,-3.0],[-162.93,-3.75],[-163.5,-3.8],[-164.0,-4.17]]}},{"type":"Feature","properties":{"level":1008},"geometry":{"type":"LineString","coordinates":[[-132.0,-2.51],[-133.0,-1.94],[-133.25,-2.31],[-134.5,-2.19],[-135.0,-1.15],[-135.25,-1.45],[-135.69,-1.0],[-135.37,0.0],[-135.6,0.5],[-135.07,0.75],[-135.0,1.04],[-134.77,0.5],[-134.22,0.25],[-134.4,0.0],[-134.25,-0.1],[-133.5,0.02],[-132.75,-0.47],[-132.15,0.0],[-132.5,0.25],[-132.45,0.5],[-131.5,0.59],[-131.05,1.25],[-131.25,1.62],[-131.9,1.75],[-131.75,2.37],[-130.93,2.25],[-130.89,2.5],[-131.25,2.85],[-131.54,2.75],[-131.5,3.1],[-130.75,3.57],[-130.47,3.25],[-130.28,3.5],[-130.5,4.01],[-130.18,4.0],[-129.75,3.41],[-129.67,3.75],[-129.25,3.66],[-128.69,4.0],[-128.5,3.75],[-128.71,2.5],[-129.5,1.73],[-129.75,2.2],[-130.5,1.09],[-131.14,0.75],[-131.0,0.6],[-130.75,0.97],[-130.0,0.7],[-129.27,-0.25],[-129.62,-0.75],[-129.25,-1.0],[-128.57,-1.0],[-128.75,-1.17],[-129.25,-1.0],[-129.72,-1.75],[-130.25,-1.92],[-131.25,-1.61],[-131.58,-2.25],[-132.0,-2.51]]}},{"type":"Feature","properties":{"level":1008},"geometry":{"type":"LineString","coordinates":[[-140.75,-2.01],[-141.28,-1.75],[-141.0,-1.18],[-140.58,-1.25],[-140.2,-1.75],[-140.75,-2.01]]}},{"type":"Feature","properties":{"level":1008},"geometry":{"type":"LineString","coordinates":[[-54.12,-1.0],[-53.47,-1.0],[-53.98,-0.75],[-54.0,-0.5],[-54.12,-1.0]]}},{"type":"Feature","properties":{"level":1008},"geometry":{"type":"LineString","coordinates":[[-134.94,-0.75],[-134.22,-0.75],[-134.69,-0.5],[-134.57,-0.25],[-134.75,-0.1],[-135.12,-0.25],[-134.86,-0.5],[-134.94,-0.75]]}},{"type":"Feature","properties":{"level":1008},"geometry":{"type":"LineString","coordinates":[[-133.6,-0.75],[-133.5,-0.91],[-133.17,-0.75],[-133.5,-0.4],[-133.6,-0.75]]}},{"type":"Feature","properties":{"level":1008},"geometry":{"type":"LineString","coordinates":[[-131.61,-0.5],[-131.18,-0.5],[-131.61,-0.5]]}},{"type":"Feature","properties":{"level":1008},"geometry":{"type":"LineString","coordinates":[[-130.51,-0.5],[-129.75,-0.67],[-129.63,-0.5],[-130.5,-0.16],[-131.02,-0.25],[-130.51,-0.5]]}},{"type":"Feature","properties":{"level":1008},"geometry":{"type":"LineString","coordinates":[[-141.0,-0.27],[-140.82,-0.25],[-141.0,-0.27]]}},{"type":"Feature","properties":{"level":1008},"geometry":{"type":"LineString","coordinates":[[-139.75,-0.4],[-139.75,0.02],[-139.56,-0.25],[-139.75,-0.4]]}},{"type":"Feature","properties":{"level":1008},"geometry":{"type":"LineString","coordinates":[[-137.75,0.19],[-138.11,0.5],[-137.5,0.73],[-137.15,0.5],[-137.75,0.19]]}},{"type":"Feature","properties":{"level":1008},"geometry":{"type":"LineString","coordinates":[[-139.0,0.73],[-139.56,1.25],[-138.04,1.0],[-139.0,0.73]]}},{"type":"Feature","properties":{"level":1008},"geometry":{"type":"LineString","coordinates":[[-134.0,0.73],[-134.07,1.0],[-133.73,1.0],[-134.0,0.73]]}},{"type":"Feature","properties":{"level":1008},"geometry":{"type":"LineString","coordinates":[[-132.25,0.88],[-132.4,1.0],[-131.89,1.0],[-132.25,0.88]]}},{"type":"Feature","properties":{"level":1008},"geometry":{"type":"LineString","coordinates":[[-60.04,1.0],[-59.67,1.0],[-60.04,1.0]]}},{"type":"Feature","properties":{"level":1008},"geometry":{"type":"LineString","coordinates":[[-133.25,2.0],[-133.68,2.25],[-133.5,2.4],[-133.25,2.0]]}},{"type":"Feature","properties":{"level":1008},"geometry":{"type":"LineString","coordinates":[[-55.59,2.0],[-55.5,1.84],[-55.31,2.25],[-55.72,2.25],[-55.59,2.0]]}},{"type":"Feature","properties":{"level":1008},"geometry":{"type":"LineString","coordinates":[[-66.45,2.5],[-66.0,2.42],[-65.58,2.75],[-66.17,3.0],[-66.25,3.36],[-66.53,3.0],[-66.33,2.75],[-66.45,2.5]]}},{"type":"Feature","properties":{"level":1008},"geometry":{"type":"LineString","coordinates":[[-130.83,3.0],[-130.75,2.77],[-130.67,3.0],[-130.83,3.0]]}},{"type":"Feature","properties":{"level":1008},"geometry":{"type":"LineString","coordinates":[[-133.0,3.12],[-133.0,3.3],[-133.0,3.12]]}},{"type":"Feature","properties":{"level":1008},"geometry":{"type":"LineString","coordinates":[[-131.75,3.19],[-131.75,3.41],[-131.59,3.25],[-131.75,3.19]]}},{"type":"Feature","properties":{"level":1008},"geometry":{"type":"LineString","coordinates":[[-71.11,3.25],[-70.93,3.25],[-70.98,3.75],[-71.75,4.38],[-72.04,3.75],[-71.11,3.25]]}},{"type":"Feature","properties":{"level":1008},"geometry":{"type":"LineString","coordinates":[[-75.0,3.69],[-75.16,3.75],[-75.0,4.18],[-75.0,3.69]]}},{"type":"Feature","properties":{"level":1008},"geometry":{"type":"LineString","coordinates":[[-71.6,4.5],[-71.5,4.68],[-71.6,4.5]]}},{"type":"Feature","properties":{"level":1008},"geometry":{"type":"LineString","coordinates":[[-68.08,5.5],[-67.85,5.5],[-68.08,5.5]]}},{"type":"Feature","properties":{"level":1008},"geometry":{"type":"LineString","coordinates":[[-99.25,6.49],[-100.0,6.52],[-101.4,7.25],[-100.74,7.75],[-101.97,9.25],[-102.1,10.25],[-101.66,11.5],[-101.86,11.75],[-101.21,12.25],[-101.21,12.75],[-102.07,13.0],[-102.01,13.25],[-102.25,13.38],[-103.28,12.5],[-103.12,13.75],[-102.22,14.5],[-101.5,14.76],[-101.51,15.25],[-101.0,15.52],[-100.42,15.5],[-99.98,15.0],[-100.08,14.75],[-101.03,14.5],[-101.41,14.0],[-101.25,13.88],[-99.55,14.0],[-99.5,14.31],[-98.25,13.88],[-97.5,14.27],[-96.83,14.25],[-96.72,13.0],[-96.93,12.5],[-96.25,11.84],[-95.8,11.75],[-94.7,8.75],[-94.75,8.25],[-97.0,6.57],[-98.0,6.36],[-99.25,6.49]]}},{"type":"Feature","properties":{"level":1008},"geometry":{"type":"LineString","coordinates":[[-66.5,7.71],[-66.5,8.08],[-66.5,7.71]]}},{"type":"Feature","properties":{"level":1008},"geometry":{"type":"LineString","coordinates":[[158.0,10.12],[156.86,11.0],[155.5,11.44],[155.59,12.75],[156.0,13.24],[157.79,14.25],[159.67,14.25],[161.29,12.75],[161.1,11.75],[160.75,10.9],[159.86,10.25],[158.0,10.12]]}},{"type":"Feature","properties":{"level":1008},"geometry":{"type":"LineString","coordinates":[[32.0,10.46],[31.91,11.75],[31.25,12.22],[30.5,12.15],[30.55,13.0],[29.99,13.75],[30.53,14.75],[31.17,15.25],[31.75,16.67],[32.87,17.0],[32.31,17.75],[33.25,17.64],[34.0,18.35],[34.75,18.13],[36.75,16.7],[36.75,14.27],[36.5,14.0],[35.32,13.75],[35.72,13.0],[35.35,12.25],[34.25,11.56],[33.75,12.0],[32.99,11.75],[32.25,10.46],[32.0,10.46]]}},{"type":"Feature","properties":{"level":1008},"geometry":{"type":"LineString","coordinates":[[-109.75,13.71],[-109.75,14.06],[-109.75,13.71]]}},{"type":"Feature","properties":{"level":1008},"geometry":{"type":"LineString","coordinates":[[-96.25,14.64],[-96.38,14.75],[-96.0,14.88],[-95.5,14.75],[-96.25,14.64]]}},{"type":"Feature","properties":{"level":1008},"geometry":{"type":"LineString","coordinates":[[-105.5,15.72],[-104.25,17.75],[-105.0,17.74],[-105.45,18.0],[-105.55,18.75],[-106.18,19.25],[-106.01,20.25],[-105.75,20.45],[-105.22,20.0],[-105.0,19.34],[-103.87,18.75],[-103.25,18.08],[-102.17,18.0],[-101.0,17.06],[-99.92,16.75],[-100.0,16.52],[-101.0,16.8],[-104.5,15.96],[-105.25,15.51],[-105.5,15.72]]}},{"type":"Feature","properties":{"level":1008},"geometry":{"type":"LineString","coordinates":[[-95.0,15.88],[-95.0,16.12],[-94.61,16.0],[-94.75,15.79],[-95.0,15.88]]}},{"type":"Feature","properties":{"level":1008},"geometry":{"type":"LineString","coordinates":[[37.5,15.83],[37.5,16.29],[37.5,15.83]]}},{"type":"Feature","properties":{"level":1008},"geometry":{"type":"LineString","coordinates":[[-99.75,16.44],[-99.97,16.5],[-99.18,16.5],[-99.75,16.44]]}},{"type":"Feature","properties":{"level":1008},"geometry":{"type":"LineString","coordinates":[[-101.0,18.23],[-102.0,18.48],[-102.75,18.88],[-102.94,19.25],[-102.75,19.46],[-101.5,18.82],[-100.75,19.16],[-100.18,18.25],[-100.5,18.03],[-101.0,18.23]]}},{"type":"Feature","properties":{"level":1008},"geometry":{"type":"LineString","coordinates":[[-106.0,22.0],[-107.17,23.25],[-108.0,24.83],[-108.61,25.25],[-108.7,25.5],[-108.38,26.0],[-107.0,24.83],[-107.08,24.25],[-105.5,22.65],[-105.28,22.0],[-105.5,21.77],[-106.0,22.0]]}},{"type":"Feature","properties":{"level":1008},"geometry":{"type":"LineString","coordinates":[[-102.25,24.06],[-102.75,24.5],[-104.53,25.25],[-103.82,25.75],[-104.28,26.5],[-103.38,27.25],[-103.25,28.12],[-102.94,27.75],[-102.94,27.25],[-103.31,26.5],[-103.0,26.18],[-102.5,26.63],[-102.33,26.5],[-102.5,26.17],[-102.04,25.75],[-102.55,25.5],[-101.98,25.0],[-102.4,24.75],[-102.25,24.06]]}},{"type":"Feature","properties":{"level":1008},"geometry":{"type":"LineString","coordinates":[[68.25,25.79],[67.44,26.5],[67.62,27.75],[67.45,28.75],[67.75,29.53],[68.13,29.5],[68.75,28.88],[69.75,28.78],[70.5,29.9],[71.05,30.25],[71.25,30.78],[72.0,31.15],[72.38,31.0],[72.56,30.5],[73.24,30.0],[73.46,29.25],[73.25,29.0],[70.0,28.07],[69.84,27.75],[70.0,27.5],[69.13,26.25],[68.25,25.79]]}},{"type":"Feature","properties":{"level":1008},"geometry":{"type":"LineString","coordinates":[[-105.25,26.44],[-105.5,27.0],[-106.25,27.09],[-106.41,28.25],[-106.0,29.61],[-105.25,29.39],[-104.75,30.42],[-104.68,30.0],[-104.09,29.5],[-104.5,28.72],[-105.01,28.5],[-104.89,27.0],[-105.25,26.44]]}},{"type":"Feature","properties":{"level":1008},"geometry":{"type":"LineString","coordinates":[[-103.25,28.43],[-103.75,29.02],[-103.75,29.35],[-102.91,29.25],[-102.71,28.5],[-103.25,28.43]]}},{"type":"Feature","properties":{"level":1008},"geometry":{"type":"LineString","coordinates":[[73.75,29.35],[73.51,29.5],[73.75,29.63],[73.75,29.35]]}},{"type":"Feature","properties":{"level":1008},"geometry":{"type":"LineString","coordinates":[[-103.5,30.94],[-104.09,31.5],[-104.27,32.5],[-104.0,32.8],[-103.66,32.5],[-103.75,32.22],[-103.25,32.08],[-103.39,31.75],[-102.85,31.25],[-103.5,30.94]]}},{"type":"Feature","properties":{"level":1008},"geometry":{"type":"LineString","coordinates":[[30.75,36.07],[30.58,36.25],[30.75,36.63],[31.29,36.25],[30.75,36.07]]}},{"type":"Feature","properties":{"level":1008},"geometry":{"type":"LineString","coordinates":[[-104.25,37.2],[-104.59,37.5],[-103.5,37.85],[-103.12,37.75],[-103.25,37.43],[-104.25,37.2]]}},{"type":"Feature","properties":{"level":1008},"geometry":{"type":"LineString","coordinates":[[-154.25,37.45],[-154.75,37.66],[-155.0,38.26],[-155.73,38.75],[-158.5,39.23],[-163.39,41.0],[-165.87,45.0],[-167.19,49.5],[-167.04,53.5],[-164.55,55.5],[-162.25,56.59],[-159.0,57.22],[-155.25,56.37],[-151.66,54.25],[-148.0,51.27],[-146.08,49.25],[-142.25,47.23],[-142.28,45.75],[-143.5,43.25],[-144.0,42.58],[-144.72,42.25],[-146.0,40.96],[-146.87,40.5],[-148.0,39.31],[-150.5,38.17],[-154.25,37.45]]}},{"type":"Feature","properties":{"level":1008},"geometry":{"type":"LineString","coordinates":[[165.5,41.22],[163.64,41.75],[161.98,42.75],[160.92,44.0],[160.81,45.5],[162.0,46.21],[162.25,46.65],[165.25,46.91],[168.0,46.29],[170.0,44.93],[170.36,44.25],[170.43,43.25],[169.75,42.28],[168.0,41.41],[165.5,41.22]]}},{"type":"Feature","properties":{"level":1008},"geometry":{"type":"LineString","coordinates":[[155.5,42.99],[154.78,43.75],[154.25,43.81],[152.0,45.52],[150.25,45.6],[149.5,45.98],[142.25,46.12],[139.0,47.2],[138.03,47.25],[138.19,47.5],[137.81,48.25],[138.03,48.75],[137.55,49.5],[135.25,49.2],[134.25,49.45],[134.0,50.25],[134.26,50.5],[133.94,51.0],[134.5,52.01],[134.54,52.75],[135.02,54.0],[134.98,55.0],[138.87,57.75],[139.0,58.16],[139.64,58.5],[139.24,58.75],[140.0,58.71],[140.05,59.25],[141.07,60.25],[141.25,61.05],[142.25,60.87],[142.75,61.44],[143.5,61.21],[144.0,61.35],[147.5,60.96],[149.75,61.03],[150.5,60.76],[152.0,60.84],[152.54,60.75],[153.0,60.08],[155.25,59.98],[156.75,59.41],[159.5,58.81],[159.78,57.5],[157.48,55.5],[157.2,53.75],[157.78,52.5],[157.59,51.75],[157.18,51.25],[158.0,50.82],[158.48,49.5],[158.49,48.0],[158.1,47.25],[158.08,46.25],[157.25,44.6],[156.43,44.0],[155.81,43.0],[155.5,42.99]]}},{"type":"Feature","properties":{"level":1008},"geometry":{"type":"LineString","coordinates":[[-108.75,53.28],[-109.74,54.0],[-110.75,54.16],[-110.7,54.75],[-110.97,55.0],[-111.25,54.63],[-112.0,55.1],[-112.75,54.89],[-113.45,55.75],[-110.5,57.54],[-109.0,57.6],[-107.75,57.22],[-107.21,56.75],[-107.74,55.75],[-107.1,54.75],[-108.31,54.0],[-108.28,53.5],[-108.75,53.28]]}},{"type":"Feature","properties":{"level":1008},"geometry":{"type":"LineString","coordinates":[[-46.87,62.25],[-45.32,62.5],[-45.5,62.75],[-47.7,62.5],[-46.87,62.25]]}},{"type":"Feature","properties":{"level":1008},"geometry":{"type":"LineString","coordinates":[[-45.53,63.0],[-45.5,62.78],[-45.48,63.0],[-44.85,63.25],[-44.36,64.0],[-44.22,65.0],[-44.5,65.5],[-45.5,65.88],[-46.5,65.5],[-47.54,64.0],[-48.67,63.25],[-47.5,63.07],[-46.75,63.31],[-45.53,63.0]]}},{"type":"Feature","properties":{"level":1008},"geometry":{"type":"LineString","coordinates":[[-41.76,68.5],[-40.75,68.45],[-39.5,69.34],[-38.5,69.63],[-37.0,70.81],[-35.29,71.0],[-34.95,71.5],[-35.25,72.25],[-30.5,74.0],[-27.49,75.75],[-27.25,76.36],[-26.0,76.5],[-25.23,77.0],[-25.75,77.13],[-26.5,76.88],[-26.78,77.25],[-28.25,77.47],[-27.78,77.75],[-29.88,78.25],[-30.75,78.91],[-32.32,79.5],[-31.83,80.5],[-32.5,80.8],[-38.75,80.8],[-41.5,81.3],[-49.25,80.37],[-54.5,80.39],[-54.92,80.25],[-54.77,80.0],[-53.86,79.75],[-57.8,79.0],[-59.0,78.31],[-60.79,77.75],[-59.86,77.25],[-56.0,77.15],[-54.95,76.75],[-55.19,76.5],[-54.75,76.1],[-51.25,76.0],[-49.0,75.55],[-48.0,75.15],[-47.75,74.73],[-45.25,74.51],[-46.88,73.5],[-45.33,73.0],[-45.25,72.74],[-44.5,73.01],[-42.49,73.0],[-42.41,72.5],[-43.12,71.25],[-43.1,70.5],[-42.26,70.0],[-42.29,69.75],[-41.92,69.5],[-41.76,68.5]]}},{"type":"Feature","properties":{"level":1008},"geometry":{"type":"LineString","coordinates":[[180.0,77.61],[167.0,76.43],[141.75,72.28],[138.0,71.82],[134.25,71.68],[132.52,72.0],[133.0,72.25],[133.51,73.0],[132.5,73.75],[131.0,74.44],[129.25,74.8],[123.5,75.11],[117.25,74.82],[113.25,74.98],[109.75,75.78],[108.0,75.83],[105.75,75.52],[89.25,77.48],[79.0,78.28],[64.0,78.34],[58.0,77.92],[49.0,76.77],[33.25,73.15],[21.75,72.16],[17.89,71.25],[16.0,70.51],[12.0,68.33],[7.5,64.84],[5.52,63.0],[3.16,61.75],[-0.73,58.25],[-2.75,56.99],[-5.0,56.21],[-6.75,54.99],[-6.67,55.75],[-7.5,56.05],[-15.75,54.05],[-21.0,53.46],[-25.0,53.42],[-29.75,53.81],[-45.0,55.95],[-48.5,55.62],[-49.25,55.23],[-50.56,53.75],[-51.07,52.5],[-51.36,49.5],[-52.5,46.49],[-53.41,45.0],[-53.53,44.5],[-53.5,44.24],[-53.21,44.25],[-53.45,43.75],[-53.3,43.5],[-51.0,43.39],[-50.76,43.0],[-51.08,41.0],[-53.0,40.08],[-53.58,40.5],[-54.5,42.06],[-55.0,42.2],[-56.0,41.87],[-56.25,42.0],[-57.0,40.75],[-57.1,41.25],[-57.75,41.63],[-62.25,40.86],[-63.75,41.04],[-66.17,43.0],[-67.19,45.0],[-67.26,45.5],[-67.0,45.75],[-67.36,46.75],[-68.14,47.5],[-68.5,48.25],[-69.59,48.75],[-70.5,50.44],[-72.51,51.75],[-72.75,52.14],[-74.49,53.0],[-78.0,55.72],[-80.03,58.0],[-82.78,61.75],[-84.22,63.25],[-85.25,63.9],[-88.25,64.79],[-94.0,65.51],[-95.0,66.73],[-98.59,67.75],[-101.24,69.25],[-102.3,70.75],[-102.39,71.75],[-99.59,74.75],[-98.24,75.5],[-98.24,76.5],[-98.5,76.58],[-100.75,76.83],[-116.25,76.96],[-132.5,77.98],[-145.25,78.33],[-166.25,78.14],[-180.0,77.61]]}},{"type":"Feature","properties":{"level":1008},"geometry":{"type":"LineString","coordinates":[[-26.91,78.25],[-25.25,78.12],[-24.54,78.5],[-26.0,78.62],[-26.91,78.25]]}},{"type":"Feature","properties":{"level":1008},"geometry":{"type":"LineString","coordinates":[[-35.52,82.25],[-33.57,82.25],[-35.52,82.25]]}},{"type":"Feature","properties":{"level":1012},"geometry":{"type":"LineString","coordinates":[[180.0,-88.85],[122.5,-88.6],[116.91,-88.25],[121.75,-87.8],[135.25,-87.5],[138.0,-87.13],[138.83,-86.75],[138.19,-86.5],[137.97,-86.25],[138.14,-86.0],[137.66,-85.5],[136.27,-85.0],[136.58,-84.5],[136.49,-84.25],[133.58,-83.0],[132.39,-81.75],[135.29,-80.5],[135.12,-79.75],[135.5,-79.25],[139.16,-77.5],[143.76,-74.25],[144.95,-72.75],[145.09,-71.75],[143.75,-70.49],[141.25,-69.72],[138.75,-69.29],[137.75,-68.5],[133.25,-68.34],[131.5,-68.58],[128.25,-68.59],[122.25,-69.4],[114.75,-69.7],[113.86,-70.0],[113.5,-70.6],[112.75,-70.72],[101.0,-70.61],[94.75,-70.1],[84.25,-70.39],[81.55,-71.0],[80.49,-71.75],[79.5,-73.75],[79.44,-75.0],[79.72,-76.0],[79.16,-76.75],[77.82,-77.25],[75.5,-77.5],[69.0,-77.37],[59.75,-77.76],[58.25,-77.54],[52.86,-76.0],[52.35,-75.5],[53.0,-74.66],[59.32,-73.0],[58.97,-72.75],[59.11,-72.25],[60.5,-71.69],[61.37,-70.75],[60.25,-70.29],[57.5,-70.27],[56.15,-69.75],[53.5,-69.26],[50.5,-70.04],[47.0,-70.04],[43.5,-71.31],[37.25,-72.03],[35.0,-72.82],[32.25,-72.81],[31.0,-73.07],[28.0,-72.61],[25.96,-72.75],[24.75,-73.11],[21.25,-72.89],[18.5,-72.99],[15.25,-72.48],[11.25,-72.91],[8.02,-72.75],[8.69,-72.5],[8.5,-72.48],[6.75,-72.57],[6.32,-72.75],[6.59,-73.0],[6.54,-73.25],[4.46,-74.0],[1.5,-74.42],[-1.5,-74.33],[-1.7,-74.5],[-1.34,-74.75],[-1.5,-74.96],[-4.0,-74.99],[-8.5,-76.92],[-11.0,-77.25],[-12.17,-77.75],[-12.04,-78.0],[-11.0,-78.39],[-9.73,-78.5],[-11.18,-78.75],[-11.64,-79.25],[-13.5,-79.74],[-14.5,-80.3],[-16.75,-80.4],[-18.64,-81.25],[-20.25,-81.13],[-21.05,-81.25],[-21.23,-81.5],[-22.75,-81.51],[-23.07,-81.25],[-22.06,-81.0],[-25.5,-80.89],[-26.25,-81.0],[-23.8,-81.25],[-37.25,-82.46],[-40.25,-83.29],[-43.75,-83.85],[-48.25,-83.3],[-53.55,-83.5],[-54.68,-83.75],[-54.86,-84.0],[-53.69,-84.25],[-54.26,-84.5],[-57.75,-84.8],[-64.75,-84.87],[-71.0,-85.49],[-82.0,-85.21],[-83.21,-85.25],[-82.27,-85.5],[-84.25,-85.56],[-91.5,-85.04],[-93.25,-85.6],[-95.75,-85.89],[-102.5,-85.6],[-110.5,-86.59],[-123.61,-87.0],[-127.54,-87.25],[-128.38,-87.5],[-127.87,-87.75],[-125.28,-88.0],[-117.0,-88.3],[-92.17,-88.5],[-94.71,-88.75],[-118.25,-89.07],[-135.0,-89.02],[-144.0,-88.94],[-148.0,-88.6],[-154.0,-88.5],[-180.0,-88.85]]}},{"type":"Feature","properties":{"level":1012},"geometry":{"type":"LineString","coordinates":[[-168.91,-52.75],[-167.4,-52.75],[-164.25,-51.89],[-163.81,-51.5],[-163.08,-49.75],[-164.0,-49.0],[-164.5,-48.96],[-166.5,-46.82],[-169.75,-46.23],[-171.75,-46.63],[-172.5,-46.47],[-173.0,-46.99],[-173.5,-46.98],[-174.51,-47.5],[-174.95,-48.5],[-175.94,-49.0],[-176.5,-50.2],[-177.16,-50.5],[-176.43,-51.25],[-175.25,-51.71],[-173.5,-51.84],[-172.25,-52.21],[-171.0,-52.11],[-168.91,-52.75]]}},{"type":"Feature","properties":{"level":1012},"geometry":{"type":"LineString","coordinates":[[-180.0,-38.1],[-175.0,-41.39],[-173.68,-42.75],[-172.5,-43.38],[-168.25,-43.43],[-161.5,-44.75],[-150.25,-45.85],[-142.75,-46.12],[-138.25,-45.98],[-129.75,-45.1],[-125.0,-44.11],[-117.0,-42.94],[-113.75,-41.95],[-112.54,-41.0],[-111.3,-38.25],[-109.21,-35.75],[-104.75,-32.99],[-104.0,-32.67],[-103.25,-32.68],[-101.75,-33.18],[-100.25,-34.51],[-99.75,-35.29],[-98.93,-37.25],[-99.13,-40.5],[-98.57,-43.0],[-97.35,-44.75],[-95.3,-46.75],[-90.39,-50.0],[-85.39,-53.75],[-76.5,-58.49],[-68.25,-61.7],[-65.75,-62.25],[-63.75,-62.37],[-57.0,-61.21],[-53.75,-61.18],[-52.25,-61.55],[-46.0,-61.62],[-40.25,-62.05],[-37.0,-61.84],[-34.75,-61.24],[-28.75,-58.26],[-27.0,-57.08],[-25.51,-55.5],[-22.75,-53.26],[-21.92,-52.25],[-19.8,-48.25],[-17.39,-41.75],[-16.28,-40.0],[-14.74,-38.25],[-14.39,-37.25],[-14.43,-36.25],[-13.33,-35.0],[-14.03,-34.5],[-13.1,-34.0],[-11.75,-31.52],[-11.25,-31.76],[-9.71,-31.75],[-9.53,-31.25],[-10.85,-29.75],[-10.0,-30.06],[-10.0,-29.69],[-10.27,-29.5],[-9.37,-29.5],[-9.55,-29.25],[-9.25,-29.2],[-7.75,-29.43],[-6.0,-29.3],[-2.25,-29.74],[3.25,-30.8],[9.25,-32.29],[17.75,-35.1],[22.75,-36.3],[24.2,-35.5],[24.25,-34.5],[24.75,-33.96],[23.75,-33.16],[23.5,-33.72],[23.25,-33.77],[22.5,-33.52],[22.25,-33.06],[22.0,-33.3],[21.5,-33.28],[21.23,-33.0],[21.31,-32.5],[22.25,-32.23],[24.25,-32.86],[24.25,-32.23],[24.83,-32.75],[25.5,-32.96],[25.62,-32.75],[25.04,-31.5],[25.63,-31.5],[26.21,-32.0],[26.14,-32.25],[26.5,-32.37],[26.8,-32.25],[26.54,-32.0],[29.0,-31.55],[30.27,-30.75],[31.0,-29.91],[31.38,-30.25],[31.27,-31.0],[31.85,-32.0],[32.11,-35.0],[32.47,-35.5],[32.03,-35.75],[31.91,-36.25],[33.6,-39.0],[34.94,-40.25],[38.25,-44.46],[41.25,-46.86],[44.25,-48.78],[46.63,-51.0],[47.79,-51.75],[50.5,-52.55],[52.5,-52.7],[55.25,-52.51],[57.75,-51.91],[61.75,-50.04],[63.75,-49.51],[66.25,-48.48],[68.66,-46.25],[69.66,-44.75],[70.78,-42.25],[74.84,-38.0],[78.3,-35.75],[80.75,-34.71],[87.75,-32.81],[90.75,-32.41],[96.25,-32.24],[103.5,-33.0],[107.0,-33.76],[111.25,-34.06],[111.75,-33.99],[112.4,-33.5],[113.0,-32.59],[113.75,-31.88],[114.0,-31.9],[114.51,-31.0],[115.0,-30.61],[115.75,-30.67],[115.89,-31.0],[117.5,-31.97],[118.25,-32.21],[118.75,-31.96],[119.5,-32.41],[120.31,-33.5],[120.5,-34.5],[121.86,-36.5],[122.81,-39.75],[123.25,-40.37],[123.75,-43.01],[124.58,-45.25],[126.29,-48.0],[129.75,-52.2],[132.65,-54.75],[137.0,-57.45],[141.37,-58.75],[144.0,-60.14],[146.0,-60.48],[150.0,-60.25],[154.75,-59.01],[158.75,-56.99],[162.25,-54.79],[163.9,-53.25],[164.75,-51.8],[165.25,-51.36],[169.5,-50.59],[171.5,-49.75],[171.58,-49.5],[171.35,-49.25],[169.56,-48.0],[164.5,-46.06],[162.78,-44.25],[162.11,-42.5],[161.9,-40.25],[162.23,-38.5],[162.76,-37.5],[163.25,-37.08],[166.25,-35.68],[168.5,-35.26],[170.0,-34.47],[171.0,-34.46],[171.77,-33.25],[171.75,-32.36],[173.75,-33.76],[174.51,-34.0],[178.56,-37.25],[180.0,-38.1]]}},{"type":"Feature","properties":{"level":1012},"geometry":{"type":"LineString","coordinates":[[171.0,-33.85],[171.0,-33.57],[171.0,-33.85]]}},{"type":"Feature","properties":{"level":1012},"geometry":{"type":"LineString","coordinates":[[119.75,-32.06],[119.64,-31.25],[119.25,-30.75],[119.64,-30.5],[119.44,-29.75],[121.0,-28.5],[121.25,-29.09],[122.0,-29.6],[121.95,-30.0],[122.41,-30.5],[121.75,-31.29],[120.0,-30.42],[120.15,-31.75],[119.75,-32.06]]}},{"type":"Feature","properties":{"level":1012},"geometry":{"type":"LineString","coordinates":[[-11.5,-31.18],[-11.65,-30.75],[-11.33,-30.75],[-11.13,-31.0],[-11.5,-31.18]]}},{"type":"Feature","properties":{"level":1012},"geometry":{"type":"LineString","coordinates":[[23.75,-30.78],[22.95,-30.5],[22.77,-29.75],[23.05,-29.0],[22.44,-28.25],[22.65,-28.0],[22.5,-27.7],[22.25,-27.78],[21.9,-26.25],[20.96,-25.25],[21.35,-25.0],[20.5,-23.15],[20.23,-22.0],[18.88,-20.75],[18.51,-20.0],[18.54,-19.5],[17.75,-19.35],[16.7,-19.5],[15.96,-19.0],[15.47,-17.75],[14.75,-17.36],[13.75,-17.47],[13.0,-17.08],[12.25,-17.99],[11.75,-17.97],[10.75,-16.97],[10.31,-16.0],[10.5,-15.73],[11.25,-15.75],[11.5,-15.44],[12.25,-15.6],[12.37,-14.75],[12.75,-14.67],[13.44,-15.75],[12.96,-16.25],[13.25,-16.46],[13.75,-16.36],[14.25,-17.15],[14.54,-16.75],[14.2,-16.25],[14.97,-15.75],[14.75,-15.18],[15.5,-15.35],[15.75,-15.81],[16.25,-15.96],[16.63,-15.5],[17.25,-15.56],[17.75,-15.11],[18.25,-15.73],[18.75,-15.5],[19.25,-15.96],[19.5,-15.5],[19.27,-15.0],[19.5,-14.78],[20.0,-14.62],[20.25,-15.06],[20.5,-14.96],[21.05,-13.75],[20.8,-13.5],[20.82,-12.75],[20.39,-11.5],[21.07,-10.75],[20.5,-9.51],[19.75,-9.43],[19.33,-8.5],[19.14,-7.5],[19.66,-7.25],[19.42,-7.0],[19.5,-6.67],[19.25,-6.38],[19.0,-6.87],[18.33,-7.25],[18.83,-10.0],[18.25,-10.15],[16.75,-8.92],[16.96,-8.25],[16.08,-7.5],[16.07,-6.75],[15.79,-6.25],[16.02,-5.5],[15.75,-5.12],[15.5,-5.4],[14.5,-4.98],[14.0,-5.06],[14.15,-4.5],[13.25,-4.63],[12.0,-3.45],[11.45,-3.25],[11.5,-2.29],[12.96,-3.5],[13.84,-3.5],[13.91,-3.0],[14.65,-2.5],[14.25,-1.97],[13.5,-2.11],[12.93,-1.25],[11.75,-1.04],[11.0,-0.13],[10.8,-0.5],[11.32,-1.0],[11.02,-1.5],[11.4,-2.25],[10.25,-1.62],[9.75,-1.97],[9.75,-2.6],[8.5,-2.97],[7.75,-2.78],[7.0,-3.36],[6.65,-3.25],[6.25,-2.38],[5.25,-2.0],[4.46,-1.5],[4.0,-0.75],[3.75,-0.82],[3.25,0.54],[2.16,1.75],[1.96,3.0],[1.33,3.5],[3.25,5.08],[4.0,5.36],[4.5,6.25],[6.4,6.25],[6.55,7.25],[6.31,8.0],[4.25,8.47],[4.07,9.5],[3.5,9.62],[3.25,10.11],[2.0,11.09],[1.5,10.96],[1.13,10.5],[1.17,10.0],[0.48,8.25],[0.31,6.75],[1.0,6.2],[1.75,6.66],[2.75,6.31],[2.25,4.75],[1.57,4.75],[1.57,5.0],[1.25,5.1],[0.91,4.75],[0.96,4.0],[0.5,3.77],[0.0,3.87],[-0.75,4.62],[-1.25,4.75],[-3.0,4.09],[-4.0,4.05],[-4.42,4.25],[-4.5,4.81],[-3.75,5.26],[-2.0,4.88],[-0.5,5.39],[0.05,6.0],[-0.19,6.5],[-1.53,7.5],[-1.48,8.0],[-2.25,7.95],[-2.25,8.25],[-2.91,8.75],[-2.97,9.0],[-2.35,9.75],[-0.69,11.0],[-0.15,12.0],[-0.75,12.82],[-1.0,13.63],[-1.75,14.42],[-2.37,14.5],[-2.44,15.0],[-2.75,15.13],[-3.64,14.75],[-3.75,14.35],[-4.5,14.02],[-5.0,13.44],[-5.28,13.75],[-5.57,13.0],[-5.58,12.0],[-6.02,11.25],[-5.75,10.81],[-5.1,10.5],[-5.0,10.25],[-5.25,10.06],[-6.25,10.37],[-7.0,11.17],[-7.5,10.87],[-8.5,11.28],[-9.0,11.04],[-9.25,11.31],[-9.5,11.21],[-9.34,12.25],[-9.75,12.57],[-10.25,12.26],[-10.75,12.59],[-11.0,12.21],[-11.25,12.43],[-12.5,12.35],[-13.11,11.75],[-13.75,11.92],[-15.0,11.14],[-16.0,10.95],[-16.0,11.4],[-16.5,11.51],[-17.25,12.2],[-17.44,13.25],[-17.98,14.0],[-17.8,14.75],[-17.21,15.25],[-17.35,16.75],[-16.39,18.25],[-16.38,18.75],[-15.77,19.5],[-16.03,20.25],[-14.88,21.5],[-14.5,21.67],[-14.0,21.51],[-13.75,21.77],[-13.25,21.55],[-13.0,20.9],[-12.6,20.75],[-12.9,20.5],[-12.75,20.16],[-11.5,20.37],[-10.16,20.25],[-7.87,21.5],[-5.44,23.75],[-5.5,23.99],[-5.84,24.0],[-5.99,24.5],[-5.75,24.81],[-5.0,24.95],[-4.25,25.42],[-3.25,25.51],[-2.25,25.04],[-1.5,25.3],[0.96,24.0],[1.5,23.11],[2.0,23.21],[2.28,22.0],[2.79,21.5],[2.59,20.75],[3.0,20.29],[5.0,20.93],[5.25,21.57],[5.75,21.13],[6.0,21.6],[6.75,21.13],[7.0,21.39],[7.75,21.08],[8.25,20.53],[8.5,19.31],[8.26,18.75],[8.24,17.5],[8.5,17.11],[9.75,17.3],[10.06,18.75],[10.58,19.25],[10.5,20.36],[11.5,20.33],[12.19,20.0],[11.98,19.75],[12.27,19.5],[12.13,19.0],[13.49,18.25],[13.53,18.0],[13.08,17.75],[13.5,17.15],[15.0,17.27],[16.75,18.05],[17.0,18.5],[17.75,17.82],[18.5,17.69],[18.49,18.0],[18.75,18.0],[19.31,17.75],[19.63,17.5],[19.55,17.0],[20.75,16.68],[21.4,16.25],[21.7,15.75],[21.55,14.5],[22.41,13.25],[23.0,13.42],[24.5,12.66],[24.89,13.25],[24.92,13.75],[26.0,14.43],[26.31,15.0],[27.5,15.28],[27.76,16.25],[27.72,17.5],[28.42,18.25],[28.9,19.75],[30.0,20.75],[30.45,21.5],[30.75,21.52],[30.61,21.25],[31.0,20.96],[32.14,21.0],[31.76,21.5],[32.5,21.51],[32.6,21.75],[32.37,22.75],[32.7,23.75],[33.0,24.05],[33.25,23.79],[33.61,24.0],[33.0,24.56],[33.5,24.85],[34.75,24.55],[34.9,24.75],[34.07,26.0],[33.3,28.25],[33.5,28.41],[34.0,28.02],[34.25,28.09],[34.75,28.75],[35.75,27.82],[36.5,27.54],[37.5,26.02],[37.9,26.0],[38.0,26.52],[39.25,25.83],[38.98,25.25],[39.5,24.56],[39.88,24.5],[39.25,24.4],[38.75,25.13],[37.75,25.31],[37.67,24.75],[38.25,24.45],[38.5,24.82],[39.64,23.25],[40.13,21.75],[40.1,21.0],[41.75,19.52],[42.02,18.25],[42.77,17.75],[43.06,17.25],[43.8,13.25],[44.25,12.66],[45.75,13.29],[47.0,12.98],[50.0,12.99],[50.87,13.25],[51.5,13.81],[52.0,13.7],[52.75,13.95],[53.25,14.61],[55.0,15.03],[55.75,14.96],[56.25,15.2],[57.0,14.98],[59.5,14.93],[61.75,15.51],[63.5,15.66],[64.0,15.86],[65.96,17.75],[66.76,21.5],[65.89,22.25],[63.0,21.93],[62.25,22.17],[62.1,22.0],[62.25,21.82],[62.87,21.5],[62.5,21.15],[61.25,21.02],[60.0,21.27],[59.5,21.62],[59.39,22.75],[59.0,23.15],[57.25,23.68],[56.48,24.25],[56.25,26.18],[55.55,24.75],[56.15,22.5],[55.5,21.95],[54.25,22.56],[54.18,23.5],[53.25,23.84],[51.25,23.83],[50.52,25.25],[49.82,25.75],[49.73,26.25],[50.25,26.8],[51.25,26.45],[51.44,26.5],[51.34,26.75],[50.2,27.75],[49.95,28.75],[48.25,28.43],[47.25,29.92],[45.25,29.73],[44.0,29.89],[43.44,29.25],[42.5,29.35],[41.91,29.0],[41.5,28.41],[41.0,28.28],[40.75,29.06],[39.5,29.4],[38.25,29.21],[37.75,28.9],[37.44,29.25],[37.89,29.75],[37.75,30.9],[39.25,32.03],[39.46,32.5],[39.25,33.1],[39.0,33.03],[37.26,34.5],[37.5,34.77],[37.25,34.89],[36.25,34.58],[35.62,34.0],[35.2,33.0],[35.67,32.75],[35.66,31.5],[35.25,30.51],[35.42,32.25],[35.25,32.49],[34.5,31.54],[33.8,31.25],[33.6,32.25],[33.25,32.55],[32.5,32.88],[30.5,32.9],[29.0,33.33],[28.0,34.01],[27.11,35.0],[26.73,36.5],[27.0,37.24],[28.75,37.86],[29.33,37.75],[29.11,38.0],[29.23,38.75],[29.88,39.0],[31.5,40.74],[32.5,40.71],[33.0,39.94],[33.75,39.63],[35.25,39.94],[35.33,40.75],[35.75,40.93],[37.29,39.5],[35.69,38.0],[36.0,37.99],[36.62,37.25],[36.5,36.85],[37.0,37.2],[37.25,37.03],[39.5,37.5],[40.75,37.36],[43.69,36.25],[45.43,34.5],[46.25,33.14],[47.0,32.66],[48.63,32.25],[48.75,30.63],[51.0,29.46],[51.12,28.5],[51.55,28.0],[53.5,26.93],[54.75,26.86],[55.5,27.29],[56.75,27.48],[57.26,27.25],[57.5,26.25],[61.0,26.16],[62.25,26.35],[64.0,25.82],[65.25,26.55],[66.75,26.72],[67.15,27.5],[67.12,28.5],[67.5,29.9],[69.0,30.18],[69.5,29.89],[70.0,29.99],[70.13,31.5],[69.86,32.0],[70.25,33.17],[72.5,33.94],[75.63,32.5],[76.21,32.0],[77.0,30.61],[78.49,29.5],[78.5,28.88],[80.75,27.53],[81.58,27.5],[82.5,26.8],[83.0,26.91],[83.75,26.67],[85.0,27.04],[86.75,26.58],[88.75,26.51],[90.0,26.08],[90.25,25.26],[91.33,24.75],[91.42,23.75],[92.15,22.5],[92.35,21.0],[92.75,20.47],[94.0,19.78],[94.75,17.77],[95.2,18.0],[95.5,18.94],[96.0,17.93],[96.25,17.8],[96.45,18.0],[96.5,18.6],[96.75,18.26],[96.96,17.5],[97.58,17.0],[97.67,15.0],[98.26,13.5],[98.54,10.0],[98.3,8.5],[100.04,6.5],[100.28,5.75],[100.1,5.25],[100.59,4.0],[101.41,3.25],[101.23,2.75],[101.64,2.5],[101.5,2.26],[100.5,2.56],[97.0,5.2],[95.75,5.53],[95.31,5.25],[95.5,4.91],[96.25,4.52],[97.25,3.15],[97.95,2.75],[98.75,1.71],[99.07,0.75],[99.78,0.0],[100.38,-1.25],[102.36,-4.0],[103.5,-5.3],[103.93,-5.5],[101.25,-5.13],[100.5,-5.58],[99.75,-5.63],[98.25,-4.45],[97.25,-5.4],[95.75,-6.25],[95.25,-6.9],[95.0,-7.01],[94.75,-6.75],[93.75,-7.17],[92.75,-6.89],[92.25,-6.39],[90.5,-6.23],[90.0,-5.75],[87.25,-4.77],[85.75,-5.14],[85.0,-6.0],[84.25,-6.17],[84.14,-6.75],[83.75,-7.2],[82.5,-8.01],[78.0,-7.36],[76.25,-7.5],[75.0,-8.1],[71.25,-8.12],[70.0,-8.48],[68.25,-8.57],[67.25,-8.12],[65.75,-8.31],[65.25,-8.13],[64.75,-7.55],[63.75,-7.58],[62.0,-7.17],[60.0,-7.07],[59.25,-7.3],[57.0,-7.29],[56.5,-7.54],[54.5,-7.5],[54.56,-7.25],[54.25,-7.13],[54.0,-7.48],[53.86,-7.0],[52.75,-6.9],[50.69,-5.75],[50.71,-5.0],[49.8,-4.25],[49.82,-3.75],[49.5,-3.51],[48.32,-4.0],[48.25,-4.61],[47.25,-4.43],[46.25,-3.58],[44.25,-3.53],[43.75,-3.05],[42.3,-2.5],[41.95,-1.75],[42.08,-0.5],[40.0,1.13],[39.59,1.75],[41.0,1.86],[41.5,2.1],[42.0,1.85],[42.25,2.34],[42.75,1.7],[43.25,1.79],[44.37,2.5],[44.56,3.0],[45.25,3.55],[45.75,3.03],[45.75,2.49],[46.43,3.0],[48.04,5.0],[46.75,4.13],[46.52,4.75],[46.0,4.91],[45.25,5.67],[45.0,4.7],[44.25,4.94],[43.69,4.75],[43.01,3.0],[42.25,2.76],[41.75,3.36],[41.37,3.25],[41.25,2.66],[41.06,3.0],[41.25,3.5],[40.96,4.0],[41.39,4.25],[41.39,4.75],[40.91,5.75],[41.5,6.19],[42.31,5.75],[42.31,6.0],[41.6,6.5],[41.57,7.0],[42.25,7.42],[42.35,6.75],[44.0,6.58],[44.25,6.74],[45.0,5.92],[45.95,6.25],[46.0,6.5],[45.75,6.66],[45.47,6.5],[45.5,7.25],[45.75,6.85],[46.25,6.76],[46.75,7.07],[47.75,6.97],[49.0,7.38],[50.1,8.5],[50.75,9.74],[50.75,10.5],[51.33,11.75],[50.75,11.86],[50.0,11.46],[49.75,11.55],[49.25,11.14],[47.5,11.11],[46.92,10.75],[46.75,10.28],[46.0,10.62],[45.84,10.5],[46.06,10.25],[45.75,10.15],[44.5,10.2],[43.19,10.75],[42.86,11.5],[43.16,12.0],[43.0,12.36],[42.55,12.0],[42.42,11.75],[42.73,11.5],[42.07,10.75],[42.26,10.0],[41.0,9.6],[40.0,8.85],[39.75,9.0],[40.24,10.0],[40.41,11.25],[39.95,12.25],[40.13,13.0],[39.86,14.75],[38.99,15.75],[38.66,17.0],[38.25,17.73],[38.0,17.77],[37.96,17.25],[38.21,17.0],[38.04,16.0],[38.53,15.5],[38.11,14.25],[38.26,13.75],[37.0,12.66],[36.32,11.5],[36.25,10.93],[35.66,10.75],[35.75,9.98],[34.66,10.25],[34.26,9.5],[34.88,8.25],[35.08,7.25],[34.92,6.75],[35.32,6.5],[35.25,5.83],[36.0,6.36],[36.16,6.25],[36.5,5.22],[36.75,5.07],[37.0,5.39],[37.08,5.25],[37.19,4.25],[37.77,4.0],[37.6,3.25],[38.27,2.75],[37.5,2.07],[37.0,2.85],[36.0,0.3],[35.7,1.25],[35.25,1.61],[34.25,1.25],[34.97,-0.25],[34.5,-1.0],[35.0,-2.25],[34.5,-3.25],[35.06,-3.75],[34.36,-4.25],[34.17,-5.25],[33.32,-5.75],[33.22,-6.5],[33.5,-6.5],[33.5,-6.9],[32.24,-7.5],[33.16,-8.5],[32.5,-8.73],[31.25,-7.43],[31.0,-7.6],[31.36,-8.75],[31.0,-9.23],[30.1,-9.5],[29.85,-10.0],[31.75,-10.0],[32.21,-10.25],[31.38,-11.0],[31.25,-11.45],[30.93,-11.25],[31.21,-11.5],[31.06,-12.0],[30.5,-12.66],[29.64,-13.0],[29.47,-13.75],[29.75,-14.0],[30.5,-13.42],[31.0,-13.34],[32.13,-11.5],[32.56,-10.25],[33.0,-9.84],[33.59,-11.25],[32.87,-13.25],[32.5,-13.88],[32.1,-14.0],[33.0,-14.44],[33.5,-15.17],[34.5,-15.88],[34.77,-15.5],[34.84,-16.0],[35.59,-16.75],[35.0,-16.97],[33.75,-16.61],[33.25,-16.76],[32.25,-16.33],[30.5,-16.66],[29.75,-16.34],[29.4,-17.0],[29.84,-17.75],[29.5,-18.05],[29.0,-18.03],[28.01,-19.25],[27.4,-19.5],[26.59,-21.25],[26.01,-21.5],[25.77,-22.0],[24.79,-22.75],[25.26,-23.5],[23.5,-23.38],[23.19,-23.5],[23.25,-23.91],[22.75,-24.0],[22.85,-24.25],[23.4,-24.25],[23.48,-24.75],[24.06,-25.0],[23.81,-27.0],[23.25,-27.34],[22.82,-28.0],[23.25,-28.75],[23.5,-28.82],[24.5,-27.82],[24.86,-28.5],[24.92,-29.0],[24.2,-30.25],[24.35,-30.75],[23.75,-30.78]]}},{"type":"Feature","properties":{"level":1012},"geometry":{"type":"LineString","coordinates":[[122.75,-30.12],[121.75,-26.98],[121.25,-26.97],[120.66,-26.5],[121.5,-23.37],[122.25,-22.52],[122.42,-21.75],[122.8,-21.5],[122.63,-20.75],[122.77,-20.5],[122.35,-20.0],[123.25,-19.59],[124.25,-19.96],[125.0,-20.62],[125.26,-19.75],[125.75,-19.61],[127.36,-22.75],[127.37,-23.5],[125.05,-27.0],[124.25,-27.59],[123.75,-27.47],[122.99,-27.75],[123.21,-30.0],[122.75,-30.12]]}},{"type":"Feature","properties":{"level":1012},"geometry":{"type":"LineString","coordinates":[[-12.75,-29.08],[-12.75,-28.84],[-12.6,-29.0],[-12.75,-29.08]]}},{"type":"Feature","properties":{"level":1012},"geometry":{"type":"LineString","coordinates":[[-21.25,-28.8],[-21.42,-28.75],[-21.08,-28.75],[-21.25,-28.8]]}},{"type":"Feature","properties":{"level":1012},"geometry":{"type":"LineString","coordinates":[[-13.25,-28.79],[-12.93,-28.75],[-13.25,-28.79]]}},{"type":"Feature","properties":{"level":1012},"geometry":{"type":"LineString","coordinates":[[-30.5,-28.28],[-31.25,-28.05],[-31.75,-28.21],[-32.0,-27.67],[-32.25,-27.83],[-33.5,-27.36],[-34.5,-27.29],[-34.89,-27.0],[-34.62,-26.75],[-34.76,-26.5],[-33.5,-26.23],[-31.75,-26.85],[-29.82,-28.0],[-30.5,-28.28]]}},{"type":"Feature","properties":{"level":1012},"geometry":{"type":"LineString","coordinates":[[-26.25,-28.35],[-26.41,-28.25],[-26.25,-28.14],[-26.05,-28.25],[-26.25,-28.35]]}},{"type":"Feature","properties":{"level":1012},"geometry":{"type":"LineString","coordinates":[[-66.5,-25.73],[-66.0,-24.58],[-66.0,-25.37],[-66.5,-25.73]]}},{"type":"Feature","properties":{"level":1012},"geometry":{"type":"LineString","coordinates":[[-46.0,-24.33],[-46.21,-24.0],[-45.75,-23.7],[-45.62,-24.25],[-46.0,-24.33]]}},{"type":"Feature","properties":{"level":1012},"geometry":{"type":"LineString","coordinates":[[22.31,-23.75],[22.5,-23.99],[22.94,-23.5],[22.5,-22.85],[22.31,-23.75]]}},{"type":"Feature","properties":{"level":1012},"geometry":{"type":"LineString","coordinates":[[-42.25,-21.83],[-42.57,-21.25],[-42.25,-20.91],[-41.12,-21.25],[-41.5,-21.7],[-42.25,-21.83]]}},{"type":"Feature","properties":{"level":1012},"geometry":{"type":"LineString","coordinates":[[-50.47,-21.5],[-49.79,-21.5],[-49.62,-21.0],[-48.77,-20.5],[-48.6,-19.5],[-49.0,-18.85],[-49.72,-19.0],[-49.61,-19.5],[-49.07,-20.0],[-50.7,-21.25],[-50.47,-21.5]]}},{"type":"Feature","properties":{"level":1012},"geometry":{"type":"LineString","coordinates":[[-67.25,-18.9],[-68.0,-17.43],[-67.12,-17.75],[-66.86,-18.75],[-67.0,-18.98],[-67.25,-18.9]]}},{"type":"Feature","properties":{"level":1012},"geometry":{"type":"LineString","coordinates":[[-39.5,-18.86],[-39.5,-18.63],[-39.5,-18.86]]}},{"type":"Feature","properties":{"level":1012},"geometry":{"type":"LineString","coordinates":[[127.0,-18.84],[126.75,-18.5],[127.0,-18.4],[127.0,-18.84]]}},{"type":"Feature","properties":{"level":1012},"geometry":{"type":"LineString","coordinates":[[126.75,-18.14],[126.74,-17.75],[126.13,-17.25],[126.75,-17.18],[127.0,-17.71],[127.25,-17.75],[126.75,-18.14]]}},{"type":"Feature","properties":{"level":1012},"geometry":{"type":"LineString","coordinates":[[127.5,-17.15],[127.0,-16.95],[126.75,-16.36],[126.22,-16.0],[126.25,-15.75],[127.0,-15.71],[127.5,-15.09],[128.25,-15.0],[128.75,-15.25],[127.99,-15.75],[127.5,-17.15]]}},{"type":"Feature","properties":{"level":1012},"geometry":{"type":"LineString","coordinates":[[-69.25,-16.82],[-69.58,-16.0],[-70.28,-15.75],[-70.64,-15.0],[-71.5,-15.02],[-71.72,-14.75],[-71.55,-14.5],[-71.69,-14.25],[-71.25,-14.17],[-71.12,-14.5],[-70.75,-14.43],[-69.7,-15.0],[-69.03,-16.25],[-68.39,-16.5],[-69.25,-16.82]]}},{"type":"Feature","properties":{"level":1012},"geometry":{"type":"LineString","coordinates":[[-72.25,-14.52],[-72.0,-13.58],[-71.67,-14.0],[-72.0,-14.65],[-72.25,-14.52]]}},{"type":"Feature","properties":{"level":1012},"geometry":{"type":"LineString","coordinates":[[19.75,-14.3],[19.75,-13.91],[20.5,-13.96],[20.71,-14.25],[20.5,-14.47],[19.75,-14.3]]}},{"type":"Feature","properties":{"level":1012},"geometry":{"type":"LineString","coordinates":[[34.75,-14.31],[34.19,-13.5],[34.09,-12.25],[34.43,-10.75],[33.88,-10.0],[34.0,-9.62],[34.58,-10.25],[34.56,-11.0],[34.82,-11.5],[34.58,-12.5],[35.06,-13.5],[35.06,-14.0],[34.75,-14.31]]}},{"type":"Feature","properties":{"level":1012},"geometry":{"type":"LineString","coordinates":[[12.25,-14.2],[11.75,-13.61],[11.25,-13.53],[11.19,-13.25],[11.55,-12.5],[11.19,-11.25],[11.4,-9.5],[11.75,-9.2],[12.25,-9.61],[13.0,-9.67],[14.0,-8.85],[14.65,-9.5],[13.67,-13.0],[12.8,-13.75],[12.5,-13.7],[12.25,-14.2]]}},{"type":"Feature","properties":{"level":1012},"geometry":{"type":"LineString","coordinates":[[180.0,-13.94],[175.5,-13.56],[173.25,-13.07],[166.5,-10.11],[166.0,-9.58],[162.91,-8.0],[162.5,-7.49],[161.53,-7.25],[161.0,-6.42],[159.5,-5.86],[158.25,-4.52],[158.0,-4.54],[157.25,-3.89],[156.25,-3.95],[155.46,-3.25],[155.0,-2.31],[154.5,-2.11],[154.25,-2.31],[152.5,0.43],[151.75,0.65],[151.5,0.13],[151.0,-0.07],[149.45,0.5],[149.35,2.25],[148.57,3.25],[148.0,3.33],[147.25,3.95],[146.5,3.73],[146.25,4.0],[145.25,6.0],[145.38,7.5],[145.0,7.95],[143.0,8.18],[142.43,8.75],[141.75,8.96],[141.25,8.63],[140.0,8.53],[139.63,8.75],[139.43,9.25],[139.0,9.4],[138.75,8.85],[137.75,9.27],[136.5,8.75],[136.0,8.98],[135.0,8.84],[134.75,8.19],[134.0,7.86],[133.52,7.25],[134.09,6.75],[133.5,6.09],[131.69,6.5],[131.5,6.93],[130.75,6.58],[130.0,6.78],[129.25,7.25],[129.15,7.75],[128.75,7.91],[128.42,7.25],[127.5,6.92],[126.95,7.0],[127.01,7.5],[127.43,8.0],[127.4,8.75],[126.93,9.25],[126.97,9.75],[126.27,10.5],[126.41,10.75],[125.9,11.25],[125.71,12.5],[126.0,12.67],[126.0,13.06],[126.84,13.5],[126.85,13.75],[128.17,14.5],[130.25,14.27],[131.5,14.66],[131.75,14.44],[131.97,14.5],[131.65,14.75],[131.75,15.0],[133.0,14.85],[134.0,15.75],[134.57,15.75],[135.0,15.28],[135.75,15.44],[136.5,15.01],[138.0,15.92],[138.75,15.95],[139.83,15.5],[140.75,14.17],[141.5,12.34],[142.25,11.59],[143.25,11.03],[143.75,11.26],[144.5,10.99],[145.25,11.64],[145.5,12.38],[145.75,12.17],[146.0,12.35],[147.25,14.48],[147.75,14.62],[148.0,15.17],[149.39,16.0],[149.75,16.52],[152.25,17.76],[156.0,18.44],[158.25,18.33],[159.25,18.55],[161.25,18.17],[162.0,18.26],[166.0,17.26],[169.5,17.11],[170.75,16.69],[172.75,17.0],[173.5,16.74],[177.0,16.76],[178.75,16.51],[180.0,16.83]]}},{"type":"Feature","properties":{"level":1012},"geometry":{"type":"LineString","coordinates":[[26.09,-12.75],[26.25,-12.94],[26.6,-12.75],[26.12,-12.25],[26.61,-11.0],[26.04,-10.5],[26.07,-10.25],[25.79,-10.25],[25.92,-10.5],[25.5,-10.71],[24.25,-10.9],[24.25,-11.66],[24.75,-12.04],[25.5,-12.2],[26.09,-12.75]]}},{"type":"Feature","properties":{"level":1012},"geometry":{"type":"LineString","coordinates":[[-38.0,-9.56],[-38.0,-9.35],[-37.77,-9.5],[-38.0,-9.56]]}},{"type":"Feature","properties":{"level":1012},"geometry":{"type":"LineString","coordinates":[[11.25,-7.77],[10.89,-7.5],[10.91,-7.25],[11.5,-6.83],[11.59,-7.25],[11.25,-7.77]]}},{"type":"Feature","properties":{"level":1012},"geometry":{"type":"LineString","coordinates":[[-39.71,-7.5],[-39.17,-7.5],[-39.5,-7.1],[-40.19,-7.25],[-39.71,-7.5]]}},{"type":"Feature","properties":{"level":1012},"geometry":{"type":"LineString","coordinates":[[11.5,-6.4],[11.5,-6.13],[11.69,-6.25],[11.5,-6.4]]}},{"type":"Feature","properties":{"level":1012},"geometry":{"type":"LineString","coordinates":[[14.75,-5.72],[14.75,-5.46],[14.75,-5.72]]}},{"type":"Feature","properties":{"level":1012},"geometry":{"type":"LineString","coordinates":[[28.74,-4.5],[29.15,-3.5],[29.0,-2.63],[29.72,-3.25],[29.5,-3.32],[29.5,-3.78],[29.75,-4.03],[29.88,-3.75],[29.92,-2.25],[30.48,-1.75],[30.35,-1.5],[30.81,-1.25],[30.68,0.0],[31.25,-0.13],[32.65,0.75],[32.61,1.0],[32.11,1.0],[31.75,1.69],[29.75,0.69],[29.5,0.35],[28.81,0.25],[27.79,-0.75],[28.15,-1.5],[27.75,-1.95],[27.5,-1.75],[27.45,-2.0],[27.75,-2.0],[28.09,-2.5],[28.17,-3.25],[27.92,-3.75],[28.74,-4.5]]}},{"type":"Feature","properties":{"level":1012},"geometry":{"type":"LineString","coordinates":[[10.25,-3.23],[10.07,-3.0],[10.33,-3.0],[10.25,-3.23]]}},{"type":"Feature","properties":{"level":1012},"geometry":{"type":"LineString","coordinates":[[29.5,-0.73],[29.5,-0.22],[30.25,0.18],[30.45,0.0],[29.5,-0.73]]}},{"type":"Feature","properties":{"level":1012},"geometry":{"type":"LineString","coordinates":[[10.74,0.0],[11.5,0.46],[11.75,0.2],[12.5,0.29],[12.75,0.97],[13.08,1.0],[13.25,2.11],[14.01,2.25],[13.62,3.0],[13.85,3.25],[13.89,4.5],[14.25,4.86],[15.0,4.73],[15.22,5.25],[15.75,5.51],[16.5,4.93],[16.75,5.12],[17.0,4.98],[17.5,5.57],[18.5,5.41],[19.75,5.65],[20.12,6.0],[19.88,6.75],[19.25,7.39],[18.5,7.27],[18.25,7.44],[17.75,8.29],[17.0,7.23],[14.75,7.62],[14.58,8.0],[14.25,8.07],[13.25,7.79],[12.75,7.96],[12.0,7.81],[11.5,7.5],[10.75,7.56],[10.75,6.91],[10.0,6.87],[9.31,6.25],[9.5,5.4],[8.5,5.76],[8.28,5.5],[9.0,4.75],[9.12,4.5],[8.84,4.25],[9.0,4.03],[9.33,4.0],[9.5,4.56],[10.0,4.52],[10.38,3.75],[9.9,1.25],[10.13,0.5],[10.74,0.0]]}},{"type":"Feature","properties":{"level":1012},"geometry":{"type":"LineString","coordinates":[[29.47,1.0],[29.75,0.92],[30.24,1.25],[31.15,2.25],[30.75,3.76],[30.5,3.86],[29.5,3.26],[29.0,3.3],[28.36,3.0],[29.0,2.99],[29.24,2.75],[28.95,1.75],[29.47,1.0]]}},{"type":"Feature","properties":{"level":1012},"geometry":{"type":"LineString","coordinates":[[45.5,3.78],[45.5,4.14],[45.68,4.0],[45.5,3.78]]}},{"type":"Feature","properties":{"level":1012},"geometry":{"type":"LineString","coordinates":[[1.25,4.45],[1.5,4.71],[1.5,4.43],[1.25,4.45]]}},{"type":"Feature","properties":{"level":1012},"geometry":{"type":"LineString","coordinates":[[121.25,4.75],[121.25,5.26],[121.75,5.18],[121.75,4.82],[121.25,4.75]]}},{"type":"Feature","properties":{"level":1012},"geometry":{"type":"LineString","coordinates":[[-60.8,5.0],[-60.0,5.0],[-60.0,5.51],[-60.5,5.01],[-61.25,5.95],[-62.25,5.62],[-62.6,6.0],[-62.7,5.75],[-62.25,5.11],[-61.25,5.54],[-60.8,5.0]]}},{"type":"Feature","properties":{"level":1012},"geometry":{"type":"LineString","coordinates":[[-65.27,5.25],[-65.09,5.75],[-65.25,6.26],[-65.42,5.75],[-65.27,5.25]]}},{"type":"Feature","properties":{"level":1012},"geometry":{"type":"LineString","coordinates":[[126.0,5.75],[126.0,6.29],[126.25,5.75],[126.0,5.75]]}},{"type":"Feature","properties":{"level":1012},"geometry":{"type":"LineString","coordinates":[[46.34,6.0],[46.5,5.84],[46.92,6.0],[46.25,6.5],[46.03,6.25],[46.34,6.0]]}},{"type":"Feature","properties":{"level":1012},"geometry":{"type":"LineString","coordinates":[[115.5,5.98],[115.44,6.75],[115.75,6.83],[115.76,6.25],[115.5,5.98]]}},{"type":"Feature","properties":{"level":1012},"geometry":{"type":"LineString","coordinates":[[113.5,6.49],[113.38,6.75],[113.89,6.75],[113.5,6.49]]}},{"type":"Feature","properties":{"level":1012},"geometry":{"type":"LineString","coordinates":[[7.41,6.75],[7.59,7.5],[7.0,7.64],[6.8,7.5],[7.25,7.25],[7.41,6.75]]}},{"type":"Feature","properties":{"level":1012},"geometry":{"type":"LineString","coordinates":[[100.5,7.47],[100.5,7.63],[100.78,7.5],[100.5,7.47]]}},{"type":"Feature","properties":{"level":1012},"geometry":{"type":"LineString","coordinates":[[-77.46,8.0],[-77.25,7.89],[-77.17,8.25],[-77.5,8.51],[-77.46,8.0]]}},{"type":"Feature","properties":{"level":1012},"geometry":{"type":"LineString","coordinates":[[127.52,8.0],[127.75,7.81],[127.93,8.0],[127.52,8.0]]}},{"type":"Feature","properties":{"level":1012},"geometry":{"type":"LineString","coordinates":[[112.25,8.17],[111.85,8.5],[112.22,8.75],[111.64,9.25],[111.6,9.75],[112.26,11.5],[113.13,12.0],[113.0,12.32],[114.0,12.57],[114.25,12.86],[114.42,12.75],[114.18,12.5],[114.59,12.25],[115.25,12.16],[116.05,12.5],[117.0,11.3],[117.36,11.25],[117.25,10.71],[117.89,10.5],[118.0,9.89],[117.5,9.89],[117.25,10.31],[117.07,9.25],[116.0,8.41],[114.5,8.4],[113.5,8.84],[113.0,8.29],[112.25,8.17]]}},{"type":"Feature","properties":{"level":1012},"geometry":{"type":"LineString","coordinates":[[-81.73,8.5],[-80.71,8.5],[-81.73,8.5]]}},{"type":"Feature","properties":{"level":1012},"geometry":{"type":"LineString","coordinates":[[7.32,8.75],[7.5,8.63],[7.75,9.03],[9.25,8.97],[9.7,9.25],[9.7,9.5],[9.0,10.79],[7.75,10.8],[7.53,11.5],[6.5,11.94],[6.27,11.75],[6.53,11.0],[6.45,10.5],[7.01,10.0],[6.89,9.5],[7.32,8.75]]}},{"type":"Feature","properties":{"level":1012},"geometry":{"type":"LineString","coordinates":[[-83.1,9.0],[-82.75,8.75],[-82.39,9.0],[-83.62,10.0],[-84.47,10.25],[-83.97,9.5],[-83.1,9.0]]}},{"type":"Feature","properties":{"level":1012},"geometry":{"type":"LineString","coordinates":[[77.05,9.25],[77.25,9.11],[77.45,10.0],[77.8,10.25],[76.75,10.52],[77.05,9.25]]}},{"type":"Feature","properties":{"level":1012},"geometry":{"type":"LineString","coordinates":[[2.0,9.7],[2.22,9.75],[2.0,9.7]]}},{"type":"Feature","properties":{"level":1012},"geometry":{"type":"LineString","coordinates":[[117.75,9.72],[117.75,9.89],[117.75,9.72]]}},{"type":"Feature","properties":{"level":1012},"geometry":{"type":"LineString","coordinates":[[-64.3,10.0],[-64.0,9.89],[-63.23,10.25],[-64.0,10.35],[-64.3,10.0]]}},{"type":"Feature","properties":{"level":1012},"geometry":{"type":"LineString","coordinates":[[-67.57,10.25],[-67.0,10.11],[-66.3,10.5],[-67.5,10.58],[-67.57,10.25]]}},{"type":"Feature","properties":{"level":1012},"geometry":{"type":"LineString","coordinates":[[118.25,10.2],[118.19,10.5],[118.56,10.5],[118.5,10.09],[118.25,10.2]]}},{"type":"Feature","properties":{"level":1012},"geometry":{"type":"LineString","coordinates":[[120.5,10.26],[119.74,10.75],[119.75,11.25],[120.68,11.0],[120.66,10.75],[121.03,10.5],[120.5,10.26]]}},{"type":"Feature","properties":{"level":1012},"geometry":{"type":"LineString","coordinates":[[-0.09,10.75],[0.0,10.5],[0.25,10.75],[0.0,11.05],[-0.09,10.75]]}},{"type":"Feature","properties":{"level":1012},"geometry":{"type":"LineString","coordinates":[[116.88,11.0],[117.0,11.12],[116.88,11.0]]}},{"type":"Feature","properties":{"level":1012},"geometry":{"type":"LineString","coordinates":[[76.31,11.25],[76.75,11.01],[77.52,11.75],[77.25,12.17],[76.75,12.07],[76.59,12.25],[77.0,12.8],[77.43,12.75],[77.75,12.35],[78.5,12.77],[78.7,13.5],[78.0,13.9],[77.25,13.92],[76.75,13.66],[76.54,13.75],[76.48,14.25],[75.0,14.43],[74.85,14.0],[75.11,13.25],[75.61,12.75],[75.51,12.25],[76.31,11.25]]}},{"type":"Feature","properties":{"level":1012},"geometry":{"type":"LineString","coordinates":[[119.25,11.07],[119.25,11.44],[119.25,11.07]]}},{"type":"Feature","properties":{"level":1012},"geometry":{"type":"LineString","coordinates":[[-8.17,11.75],[-8.0,11.57],[-7.85,11.75],[-8.0,12.14],[-8.25,12.0],[-8.17,11.75]]}},{"type":"Feature","properties":{"level":1012},"geometry":{"type":"LineString","coordinates":[[119.75,11.99],[119.5,12.46],[119.21,12.5],[119.39,12.75],[120.0,12.75],[119.75,11.99]]}},{"type":"Feature","properties":{"level":1012},"geometry":{"type":"LineString","coordinates":[[-8.86,12.25],[-8.46,12.5],[-8.75,12.77],[-9.04,12.5],[-8.86,12.25]]}},{"type":"Feature","properties":{"level":1012},"geometry":{"type":"LineString","coordinates":[[53.77,12.5],[54.22,12.5],[53.77,12.5]]}},{"type":"Feature","properties":{"level":1012},"geometry":{"type":"LineString","coordinates":[[115.0,12.27],[115.0,12.55],[115.0,12.27]]}},{"type":"Feature","properties":{"level":1012},"geometry":{"type":"LineString","coordinates":[[118.25,12.36],[117.98,12.75],[118.25,12.99],[118.7,12.75],[118.71,12.5],[118.25,12.36]]}},{"type":"Feature","properties":{"level":1012},"geometry":{"type":"LineString","coordinates":[[-13.6,12.75],[-12.48,13.0],[-12.7,13.5],[-12.53,13.75],[-13.25,14.03],[-14.0,13.9],[-14.09,13.25],[-13.6,12.75]]}},{"type":"Feature","properties":{"level":1012},"geometry":{"type":"LineString","coordinates":[[2.2,12.75],[2.5,12.75],[2.2,12.75]]}},{"type":"Feature","properties":{"level":1012},"geometry":{"type":"LineString","coordinates":[[1.72,13.25],[2.25,13.07],[2.41,13.25],[1.75,13.5],[1.72,13.25]]}},{"type":"Feature","properties":{"level":1012},"geometry":{"type":"LineString","coordinates":[[-2.25,13.56],[-2.46,13.75],[-2.25,13.89],[-1.58,13.75],[-1.75,13.54],[-2.25,13.56]]}},{"type":"Feature","properties":{"level":1012},"geometry":{"type":"LineString","coordinates":[[-88.12,14.0],[-87.25,13.92],[-87.08,14.25],[-88.0,15.02],[-89.21,15.0],[-89.43,14.5],[-88.12,14.0]]}},{"type":"Feature","properties":{"level":1012},"geometry":{"type":"LineString","coordinates":[[-91.18,14.5],[-90.0,14.26],[-89.53,15.25],[-90.0,15.65],[-91.01,15.75],[-91.55,16.25],[-91.21,16.75],[-91.5,17.04],[-92.25,17.33],[-93.25,17.28],[-93.21,17.0],[-91.85,16.0],[-92.0,15.65],[-92.94,15.75],[-91.75,14.69],[-91.18,14.5]]}},{"type":"Feature","properties":{"level":1012},"geometry":{"type":"LineString","coordinates":[[-30.5,14.69],[-31.32,15.5],[-31.72,17.0],[-31.0,18.13],[-29.5,18.36],[-28.38,17.5],[-28.05,16.5],[-28.18,16.0],[-29.5,14.74],[-30.5,14.69]]}},{"type":"Feature","properties":{"level":1012},"geometry":{"type":"LineString","coordinates":[[-87.38,15.0],[-86.75,14.77],[-86.0,14.93],[-85.24,15.25],[-85.26,15.5],[-86.75,15.73],[-87.53,15.5],[-87.38,15.0]]}},{"type":"Feature","properties":{"level":1012},"geometry":{"type":"LineString","coordinates":[[74.45,15.25],[75.13,15.25],[75.41,16.75],[74.39,18.5],[75.25,18.64],[75.25,18.22],[77.38,17.75],[77.38,18.25],[77.0,18.69],[75.5,18.98],[75.26,19.25],[76.0,19.75],[77.25,19.66],[77.4,20.25],[76.0,20.63],[74.75,20.3],[74.2,21.0],[73.69,20.75],[73.36,20.0],[73.62,19.25],[73.44,18.5],[74.45,15.25]]}},{"type":"Feature","properties":{"level":1012},"geometry":{"type":"LineString","coordinates":[[-96.62,16.0],[-96.25,15.94],[-95.85,16.25],[-96.25,16.49],[-96.75,16.26],[-96.95,16.5],[-96.85,17.0],[-95.75,16.71],[-95.5,17.0],[-96.76,18.5],[-96.5,19.75],[-97.63,20.25],[-99.35,21.75],[-99.38,22.75],[-99.09,23.25],[-100.18,25.5],[-100.5,25.7],[-101.0,25.26],[-101.5,25.34],[-101.5,25.16],[-100.75,25.27],[-100.5,25.0],[-99.99,23.75],[-100.11,23.0],[-99.77,22.5],[-100.0,21.95],[-100.38,22.5],[-100.15,22.75],[-100.25,22.93],[-101.0,22.6],[-101.25,22.99],[-101.3,22.25],[-100.75,21.75],[-101.13,21.5],[-99.88,20.5],[-100.25,20.47],[-100.44,20.0],[-100.91,19.75],[-99.75,18.78],[-98.25,18.99],[-97.75,18.78],[-97.61,18.25],[-97.83,17.5],[-99.1,17.5],[-98.75,17.13],[-98.0,17.09],[-96.62,16.0]]}},{"type":"Feature","properties":{"level":1012},"geometry":{"type":"LineString","coordinates":[[-180.0,16.83],[-177.0,16.6],[-175.75,16.16],[-174.5,16.05],[-173.5,15.65],[-173.25,15.18],[-170.25,15.21],[-169.0,14.97],[-166.75,15.26],[-166.5,15.6],[-165.5,15.94],[-160.75,17.05],[-157.5,17.12],[-152.75,16.53],[-151.5,16.69],[-150.0,16.2],[-147.5,16.58],[-146.25,16.41],[-145.75,16.65],[-145.25,16.46],[-142.25,16.43],[-140.5,16.78],[-139.0,16.3],[-136.75,16.25],[-132.25,16.75],[-127.75,15.96],[-126.75,16.03],[-125.25,16.88],[-123.75,17.27],[-122.0,17.32],[-119.0,17.92],[-114.69,20.0],[-113.47,21.75],[-112.9,24.25],[-113.44,26.25],[-114.07,27.25],[-113.5,28.09],[-112.79,28.25],[-112.62,30.0],[-113.49,31.25],[-113.0,31.53],[-112.5,31.24],[-111.25,31.21],[-110.5,30.52],[-110.25,30.98],[-109.93,31.0],[-110.25,31.38],[-110.25,31.92],[-109.11,31.75],[-109.66,32.5],[-109.5,32.85],[-108.5,32.25],[-107.75,32.55],[-107.63,33.5],[-107.15,34.0],[-107.24,34.5],[-106.83,35.25],[-106.57,35.25],[-106.51,34.75],[-106.25,34.62],[-106.0,35.11],[-105.74,35.0],[-104.95,35.75],[-105.12,38.0],[-105.9,38.5],[-105.25,39.73],[-105.0,39.71],[-104.84,40.25],[-104.5,40.28],[-104.06,39.75],[-103.75,38.7],[-99.0,37.04],[-98.25,37.02],[-98.03,36.75],[-97.98,36.0],[-99.0,35.95],[-99.52,35.25],[-99.66,34.5],[-99.5,33.97],[-98.26,33.5],[-97.93,32.5],[-98.56,31.75],[-98.47,30.75],[-99.77,30.0],[-98.49,29.25],[-98.22,28.5],[-98.37,27.75],[-97.62,26.5],[-97.61,25.5],[-96.21,23.75],[-92.75,22.08],[-88.25,21.28],[-87.25,20.63],[-86.5,21.11],[-85.0,21.18],[-84.5,21.59],[-84.25,21.17],[-82.25,21.25],[-81.97,20.75],[-80.5,20.31],[-79.0,19.26],[-79.17,19.0],[-79.03,18.5],[-78.75,18.29],[-78.5,18.42],[-78.0,17.88],[-77.48,16.5],[-77.59,16.0],[-76.61,14.75],[-76.17,14.5],[-76.0,13.64],[-75.5,14.08],[-75.0,13.83],[-74.75,14.52],[-73.75,14.6],[-73.25,15.1],[-72.75,15.17],[-71.75,15.25],[-70.75,14.9],[-70.25,15.14],[-69.75,14.67],[-69.0,14.86],[-68.5,14.64],[-68.09,15.0],[-69.0,15.81],[-69.68,16.0],[-69.78,16.5],[-69.5,16.51],[-67.96,15.5],[-67.68,15.0],[-67.88,14.75],[-66.75,13.86],[-65.5,13.32],[-62.75,12.93],[-62.25,13.07],[-61.25,12.22],[-60.29,12.0],[-59.25,11.15],[-58.75,11.41],[-58.25,10.82],[-58.0,11.05],[-56.46,10.5],[-55.75,9.7],[-54.5,9.25],[-53.0,8.02],[-51.75,7.35],[-51.0,6.46],[-50.5,4.93],[-49.94,4.75],[-49.75,5.72],[-48.25,5.91],[-47.5,5.37],[-47.0,5.51],[-47.13,4.5],[-44.75,2.66],[-43.62,2.25],[-43.45,1.5],[-42.81,0.5],[-43.09,0.0],[-42.76,-1.0],[-42.5,-0.32],[-42.21,-0.75],[-42.33,-1.0],[-42.0,-1.39],[-41.75,-1.14],[-41.33,-2.25],[-40.69,-2.75],[-41.25,-3.1],[-41.0,-4.29],[-40.75,-4.61],[-40.25,-4.12],[-40.0,-4.23],[-40.17,-4.75],[-40.0,-5.59],[-39.57,-5.75],[-39.5,-6.09],[-37.75,-6.75],[-37.99,-7.5],[-37.26,-8.25],[-37.55,-8.75],[-38.79,-9.25],[-38.84,-10.0],[-39.27,-10.25],[-39.12,-11.0],[-39.95,-12.5],[-40.27,-12.25],[-40.25,-11.88],[-41.25,-11.23],[-41.5,-11.92],[-42.25,-11.89],[-41.9,-13.5],[-41.25,-13.68],[-41.1,-13.5],[-41.39,-12.5],[-41.0,-12.08],[-40.33,-12.75],[-41.13,-15.75],[-40.75,-16.18],[-40.5,-16.11],[-40.4,-16.75],[-39.58,-17.25],[-39.2,-18.0],[-39.25,-18.21],[-39.75,-18.14],[-40.0,-18.4],[-40.75,-18.13],[-41.16,-19.0],[-41.0,-19.88],[-41.75,-20.11],[-42.0,-19.78],[-42.09,-20.25],[-42.75,-21.0],[-43.32,-20.5],[-43.27,-19.5],[-43.5,-19.29],[-44.25,-20.07],[-44.75,-20.1],[-45.25,-19.4],[-45.5,-19.52],[-46.75,-19.04],[-47.67,-20.25],[-47.64,-21.0],[-48.21,-21.75],[-47.75,-22.5],[-47.0,-22.65],[-46.89,-23.5],[-48.0,-22.58],[-48.58,-23.0],[-48.28,-23.25],[-48.26,-24.0],[-48.5,-24.31],[-48.78,-24.25],[-48.68,-24.75],[-50.38,-25.75],[-50.72,-27.25],[-51.0,-27.29],[-51.25,-28.25],[-52.5,-28.44],[-54.0,-28.29],[-55.5,-27.91],[-56.25,-27.96],[-58.24,-27.25],[-59.75,-26.17],[-60.25,-25.52],[-61.0,-25.46],[-62.49,-24.75],[-62.87,-24.25],[-63.13,-23.5],[-63.08,-22.5],[-63.5,-21.5],[-63.22,-20.5],[-64.25,-19.25],[-64.84,-20.25],[-64.95,-22.0],[-65.75,-22.75],[-66.0,-22.52],[-66.22,-21.75],[-65.86,-21.25],[-65.98,-20.0],[-65.7,-19.75],[-66.58,-18.5],[-66.64,-17.5],[-66.25,-17.32],[-65.5,-17.69],[-64.9,-17.5],[-66.5,-16.51],[-67.5,-16.37],[-68.6,-15.25],[-69.28,-14.0],[-71.5,-13.08],[-72.0,-12.25],[-72.39,-12.25],[-72.75,-12.69],[-73.5,-13.0],[-73.26,-12.25],[-73.5,-11.72],[-73.84,-11.5],[-73.68,-12.0],[-74.0,-12.46],[-74.5,-11.5],[-75.26,-11.0],[-75.23,-10.5],[-75.75,-9.38],[-76.25,-9.16],[-77.23,-7.25],[-77.29,-6.75],[-76.98,-6.5],[-77.62,-5.5],[-78.25,-5.42],[-78.5,-6.13],[-79.08,-6.0],[-79.11,-5.0],[-78.71,-4.75],[-78.82,-3.75],[-78.25,-3.34],[-78.06,-1.5],[-77.48,-0.5],[-77.51,0.25],[-76.5,1.31],[-75.24,2.0],[-73.25,4.82],[-72.26,5.75],[-71.81,6.5],[-72.09,7.0],[-72.0,7.63],[-71.0,8.1],[-69.5,9.51],[-69.38,10.0],[-69.0,10.15],[-68.5,9.96],[-67.9,10.25],[-69.0,10.55],[-69.5,10.3],[-69.54,10.0],[-70.25,9.84],[-72.5,7.87],[-73.19,9.0],[-72.54,10.25],[-72.49,11.0],[-73.0,10.67],[-72.92,11.0],[-73.25,11.23],[-74.0,11.29],[-74.2,11.0],[-74.0,10.43],[-73.75,10.24],[-73.15,10.5],[-73.55,8.5],[-73.25,7.05],[-74.34,5.5],[-74.84,3.25],[-75.75,2.03],[-75.84,2.5],[-75.52,3.0],[-75.52,3.75],[-74.98,4.75],[-74.77,7.0],[-75.5,7.56],[-76.5,7.91],[-76.92,6.75],[-76.75,5.45],[-77.5,7.88],[-78.37,7.75],[-77.44,6.5],[-77.24,3.75],[-78.07,1.75],[-79.19,0.5],[-79.23,-2.25],[-79.7,-2.75],[-80.23,-4.0],[-79.5,-6.95],[-80.5,-6.86],[-81.25,-6.28],[-81.75,-6.57],[-82.5,-6.2],[-85.25,-6.56],[-85.75,-6.14],[-87.0,-6.55],[-87.5,-6.16],[-88.5,-6.21],[-88.75,-6.25],[-88.5,-6.66],[-87.6,-6.75],[-88.0,-7.03],[-88.25,-6.75],[-89.0,-6.93],[-89.75,-7.44],[-91.5,-7.24],[-95.25,-8.16],[-100.5,-8.69],[-102.5,-9.32],[-105.5,-9.17],[-106.25,-9.47],[-107.5,-9.55],[-110.25,-10.72],[-110.75,-10.59],[-111.25,-10.89],[-112.5,-10.7],[-114.0,-11.52],[-115.75,-10.77],[-118.0,-11.25],[-119.0,-10.78],[-120.25,-11.28],[-120.85,-11.25],[-121.07,-11.5],[-121.0,-12.01],[-122.75,-12.66],[-123.25,-13.25],[-123.75,-13.24],[-124.0,-13.51],[-125.5,-13.47],[-126.0,-13.73],[-127.5,-13.54],[-128.0,-13.96],[-129.0,-13.8],[-132.26,-14.25],[-132.0,-14.51],[-135.0,-14.58],[-136.5,-14.91],[-137.5,-14.72],[-139.25,-15.31],[-143.0,-15.58],[-146.75,-16.7],[-148.25,-16.79],[-149.83,-17.5],[-149.75,-17.81],[-150.25,-17.58],[-152.0,-17.66],[-156.25,-16.98],[-157.0,-17.23],[-158.25,-17.06],[-160.0,-17.23],[-165.75,-16.86],[-167.5,-17.13],[-169.75,-16.97],[-172.25,-16.38],[-173.25,-16.68],[-174.75,-16.0],[-175.25,-15.47],[-176.75,-14.65],[-180.0,-13.94]]}},{"type":"Feature","properties":{"level":1012},"geometry":{"type":"LineString","coordinates":[[-100.54,17.5],[-99.42,17.5],[-100.5,17.7],[-100.54,17.5]]}},{"type":"Feature","properties":{"level":1012},"geometry":{"type":"LineString","coordinates":[[81.73,17.75],[82.25,17.7],[83.0,18.15],[83.75,19.61],[84.25,19.07],[84.45,20.25],[84.39,20.5],[84.0,20.59],[82.75,19.61],[82.48,20.0],[82.82,21.5],[82.19,21.75],[82.25,21.95],[82.75,22.29],[83.0,22.06],[84.25,21.96],[84.5,21.39],[85.0,21.72],[85.5,21.39],[86.0,21.71],[86.5,21.69],[86.35,22.5],[85.97,22.75],[86.38,23.0],[86.16,23.75],[86.86,24.5],[85.5,24.64],[84.0,24.2],[84.0,24.75],[83.0,25.13],[78.25,24.8],[77.5,25.59],[76.25,23.92],[76.02,24.5],[75.5,24.86],[74.75,24.95],[74.25,24.74],[74.0,25.61],[72.92,24.75],[73.5,24.07],[74.0,24.46],[74.5,24.17],[74.7,23.75],[74.65,22.75],[74.96,22.5],[75.75,22.4],[77.45,22.75],[77.5,22.5],[76.75,21.2],[78.0,20.98],[79.75,21.05],[81.0,20.5],[80.78,19.5],[81.17,18.75],[82.23,18.5],[81.73,17.75]]}},{"type":"Feature","properties":{"level":1012},"geometry":{"type":"LineString","coordinates":[[36.94,18.25],[37.0,18.08],[37.2,18.75],[36.78,19.5],[36.75,20.92],[36.45,19.25],[36.94,18.25]]}},{"type":"Feature","properties":{"level":1012},"geometry":{"type":"LineString","coordinates":[[-101.63,19.25],[-101.29,19.5],[-101.5,19.84],[-102.46,19.75],[-102.25,19.37],[-101.63,19.25]]}},{"type":"Feature","properties":{"level":1012},"geometry":{"type":"LineString","coordinates":[[73.99,21.75],[74.22,21.75],[73.99,21.75]]}},{"type":"Feature","properties":{"level":1012},"geometry":{"type":"LineString","coordinates":[[35.34,22.0],[35.5,21.85],[35.69,22.25],[35.21,23.25],[35.15,24.25],[34.75,24.44],[34.94,23.75],[34.49,22.75],[35.0,22.63],[35.34,22.0]]}},{"type":"Feature","properties":{"level":1012},"geometry":{"type":"LineString","coordinates":[[-104.79,23.0],[-104.75,22.82],[-104.25,22.86],[-104.06,23.25],[-104.65,23.25],[-104.51,23.5],[-104.82,25.0],[-105.84,25.25],[-106.1,26.25],[-106.75,26.96],[-107.2,28.25],[-107.09,29.0],[-108.25,30.52],[-108.75,30.63],[-109.03,30.0],[-108.5,29.0],[-109.0,28.7],[-109.01,28.0],[-108.5,28.23],[-108.34,27.25],[-107.75,27.17],[-107.49,26.75],[-107.5,26.53],[-107.74,26.5],[-107.25,26.2],[-107.1,25.5],[-106.75,25.47],[-105.62,23.5],[-104.79,23.0]]}},{"type":"Feature","properties":{"level":1012},"geometry":{"type":"LineString","coordinates":[[-98.8,24.5],[-98.75,24.65],[-98.8,24.5]]}},{"type":"Feature","properties":{"level":1012},"geometry":{"type":"LineString","coordinates":[[76.98,25.5],[77.0,25.35],[76.98,25.5]]}},{"type":"Feature","properties":{"level":1012},"geometry":{"type":"LineString","coordinates":[[-112.26,26.75],[-112.25,27.16],[-112.56,27.0],[-112.26,26.75]]}},{"type":"Feature","properties":{"level":1012},"geometry":{"type":"LineString","coordinates":[[58.5,27.23],[58.11,27.5],[58.33,27.75],[58.81,27.75],[59.37,27.25],[58.5,27.23]]}},{"type":"Feature","properties":{"level":1012},"geometry":{"type":"LineString","coordinates":[[-113.04,27.5],[-112.33,27.5],[-113.0,27.93],[-113.04,27.5]]}},{"type":"Feature","properties":{"level":1012},"geometry":{"type":"LineString","coordinates":[[34.75,28.75],[34.75,29.11],[34.75,28.75]]}},{"type":"Feature","properties":{"level":1012},"geometry":{"type":"LineString","coordinates":[[49.99,29.75],[50.0,29.9],[49.99,29.75]]}},{"type":"Feature","properties":{"level":1012},"geometry":{"type":"LineString","coordinates":[[-105.6,32.5],[-105.25,32.65],[-105.25,33.25],[-105.46,34.25],[-105.75,34.47],[-106.02,34.25],[-105.84,34.0],[-105.94,32.75],[-105.6,32.5]]}},{"type":"Feature","properties":{"level":1012},"geometry":{"type":"LineString","coordinates":[[-153.0,34.34],[-154.5,35.05],[-156.81,35.25],[-158.0,36.0],[-159.0,37.17],[-164.29,40.0],[-164.45,40.5],[-165.85,41.75],[-167.69,44.75],[-168.42,46.75],[-169.15,50.0],[-169.3,51.75],[-168.78,54.5],[-169.13,57.0],[-169.0,57.34],[-167.75,57.51],[-166.5,57.36],[-161.25,58.29],[-156.5,57.9],[-156.0,57.48],[-154.31,57.0],[-151.64,55.75],[-147.85,53.0],[-145.54,50.75],[-140.92,47.75],[-140.7,46.75],[-141.62,44.0],[-145.0,39.4],[-148.25,36.46],[-150.0,35.27],[-152.0,34.39],[-153.0,34.34]]}},{"type":"Feature","properties":{"level":1012},"geometry":{"type":"LineString","coordinates":[[-97.75,35.17],[-97.75,35.73],[-97.75,35.17]]}},{"type":"Feature","properties":{"level":1012},"geometry":{"type":"LineString","coordinates":[[32.74,36.5],[33.81,36.5],[33.58,36.75],[33.88,37.25],[33.5,37.38],[32.74,36.5]]}},{"type":"Feature","properties":{"level":1012},"geometry":{"type":"LineString","coordinates":[[41.97,36.5],[42.27,36.5],[41.97,36.5]]}},{"type":"Feature","properties":{"level":1012},"geometry":{"type":"LineString","coordinates":[[155.25,39.19],[154.06,40.75],[154.0,41.18],[153.0,41.5],[152.5,42.12],[150.0,43.5],[145.25,44.44],[143.75,44.5],[143.0,44.13],[141.75,44.68],[137.25,45.52],[136.93,45.75],[136.5,47.51],[135.0,47.48],[133.25,47.79],[132.0,48.71],[131.84,49.0],[132.24,49.5],[132.11,49.75],[131.5,50.05],[130.88,50.75],[131.0,51.25],[129.08,52.75],[128.96,53.0],[129.22,53.5],[129.75,53.93],[131.45,54.0],[131.54,54.25],[131.08,54.5],[131.75,54.93],[133.5,54.82],[133.81,55.0],[132.89,55.25],[134.5,55.87],[135.25,56.52],[135.75,56.48],[135.44,57.0],[135.96,57.5],[135.66,57.75],[135.75,58.31],[137.96,59.5],[138.36,60.0],[138.5,60.72],[139.0,60.52],[139.63,60.75],[140.17,61.25],[140.14,61.75],[140.44,62.0],[140.5,62.52],[141.55,62.25],[141.65,61.75],[142.0,61.57],[143.0,62.07],[143.75,61.58],[147.25,62.05],[147.75,62.59],[148.5,62.67],[149.75,62.06],[151.0,61.92],[152.5,62.19],[153.39,62.5],[153.32,62.75],[153.5,62.79],[154.53,62.5],[154.61,62.25],[154.31,62.0],[154.76,61.5],[154.51,61.25],[154.69,60.75],[155.0,60.61],[157.5,60.83],[161.59,60.25],[160.25,57.5],[157.76,54.75],[157.79,54.25],[158.17,54.0],[158.73,52.75],[158.57,52.25],[159.6,51.5],[160.75,49.27],[162.0,48.86],[162.5,48.25],[166.0,47.68],[168.5,46.8],[169.75,46.05],[171.01,44.5],[171.28,43.0],[171.18,42.25],[170.75,41.45],[170.0,40.89],[167.0,40.13],[164.25,40.37],[160.75,41.3],[158.68,41.25],[156.5,39.52],[155.75,39.58],[155.5,39.18],[155.25,39.19]]}},{"type":"Feature","properties":{"level":1012},"geometry":{"type":"LineString","coordinates":[[29.75,40.73],[28.88,41.0],[29.0,41.4],[29.62,41.75],[29.5,42.01],[30.75,42.07],[31.25,42.49],[33.25,42.98],[33.07,43.25],[33.5,43.7],[35.0,43.91],[36.25,44.39],[36.5,44.16],[37.52,44.25],[37.75,43.9],[38.21,44.25],[39.0,44.1],[40.5,43.08],[41.22,43.0],[42.74,42.25],[40.25,40.87],[38.5,40.82],[36.0,41.32],[35.5,41.17],[35.26,41.25],[35.64,41.5],[34.25,41.98],[32.75,41.63],[32.5,41.79],[31.25,41.09],[30.75,41.13],[29.75,40.73]]}},{"type":"Feature","properties":{"level":1012},"geometry":{"type":"LineString","coordinates":[[122.0,42.0],[120.25,42.93],[119.5,43.71],[120.0,45.55],[121.0,45.18],[122.0,45.42],[123.0,45.0],[123.78,44.0],[123.41,42.75],[122.0,42.0]]}},{"type":"Feature","properties":{"level":1012},"geometry":{"type":"LineString","coordinates":[[36.03,43.75],[36.57,43.75],[36.25,44.03],[36.03,43.75]]}},{"type":"Feature","properties":{"level":1012},"geometry":{"type":"LineString","coordinates":[[36.75,44.93],[36.53,45.0],[37.1,45.0],[36.75,44.93]]}},{"type":"Feature","properties":{"level":1012},"geometry":{"type":"LineString","coordinates":[[97.25,45.39],[96.58,46.0],[96.75,46.14],[97.25,45.88],[97.5,46.05],[98.07,45.5],[97.25,45.39]]}},{"type":"Feature","properties":{"level":1012},"geometry":{"type":"LineString","coordinates":[[94.5,45.72],[94.0,46.4],[91.5,47.48],[91.57,47.75],[90.47,48.75],[90.0,49.63],[88.99,49.5],[89.67,50.0],[89.43,50.5],[89.75,50.47],[90.0,50.11],[90.25,50.32],[90.65,50.25],[90.1,50.0],[90.25,49.93],[91.5,49.76],[91.64,49.5],[91.29,49.25],[91.75,48.93],[93.0,49.31],[95.5,48.34],[95.43,47.75],[96.0,47.67],[96.73,46.5],[96.04,46.0],[94.5,45.72]]}},{"type":"Feature","properties":{"level":1012},"geometry":{"type":"LineString","coordinates":[[-109.0,46.89],[-109.21,47.75],[-108.67,48.0],[-109.75,48.51],[-111.25,48.42],[-112.5,47.87],[-112.5,48.25],[-113.76,49.25],[-114.67,51.0],[-116.51,52.5],[-116.2,53.25],[-116.41,53.75],[-116.26,54.0],[-116.77,54.5],[-116.0,55.57],[-115.17,56.0],[-114.02,57.25],[-112.0,58.62],[-110.5,59.07],[-105.75,58.19],[-104.25,56.41],[-104.13,55.25],[-104.33,54.25],[-104.0,54.21],[-103.58,53.5],[-103.73,52.5],[-106.9,49.0],[-107.4,48.0],[-108.0,47.32],[-109.0,46.89]]}},{"type":"Feature","properties":{"level":1012},"geometry":{"type":"LineString","coordinates":[[-9.3,52.75],[-9.25,52.57],[-9.3,52.75]]}},{"type":"Feature","properties":{"level":1012},"geometry":{"type":"LineString","coordinates":[[148.0,63.14],[146.7,63.75],[147.48,64.25],[147.0,64.23],[146.64,64.5],[146.75,64.67],[148.11,64.25],[147.97,63.75],[148.53,63.25],[148.0,63.14]]}},{"type":"Feature","properties":{"level":1012},"geometry":{"type":"LineString","coordinates":[[-46.0,63.5],[-45.25,63.39],[-44.81,64.0],[-44.89,65.0],[-45.25,65.47],[-46.0,65.38],[-46.75,64.35],[-46.72,63.75],[-46.0,63.5]]}},{"type":"Feature","properties":{"level":1012},"geometry":{"type":"LineString","coordinates":[[-40.72,69.75],[-40.25,69.65],[-39.5,70.41],[-38.44,70.75],[-37.68,71.5],[-37.66,72.0],[-37.3,72.5],[-31.25,74.22],[-30.73,74.75],[-31.24,75.0],[-31.12,75.25],[-29.81,75.75],[-29.15,76.25],[-29.18,76.5],[-32.93,77.25],[-33.44,78.0],[-36.0,78.87],[-40.75,79.58],[-43.5,79.59],[-46.25,79.27],[-53.17,77.5],[-52.71,77.0],[-51.75,76.8],[-44.54,76.5],[-44.52,76.25],[-45.11,75.75],[-45.16,75.25],[-44.09,75.0],[-45.21,74.0],[-44.5,73.79],[-42.25,74.03],[-41.05,73.75],[-41.25,73.15],[-42.46,71.75],[-42.25,71.48],[-41.0,71.88],[-40.56,71.75],[-41.38,71.0],[-41.36,70.5],[-40.72,69.75]]}},{"type":"Feature","properties":{"level":1012},"geometry":{"type":"LineString","coordinates":[[-39.0,73.98],[-39.7,74.25],[-38.5,74.5],[-37.79,74.25],[-38.13,74.0],[-39.0,73.98]]}},{"type":"Feature","properties":{"level":1012},"geometry":{"type":"LineString","coordinates":[[180.0,76.48],[172.75,75.88],[164.5,74.71],[160.26,73.75],[153.39,71.5],[150.0,71.58],[144.0,70.23],[142.25,70.3],[141.83,70.0],[135.75,70.32],[132.75,70.04],[131.6,69.75],[131.25,69.3],[130.75,69.12],[130.0,69.12],[129.88,69.0],[130.36,68.75],[130.25,68.56],[129.5,68.61],[129.15,68.25],[129.72,68.0],[129.25,67.88],[129.0,67.85],[128.75,68.31],[127.69,68.5],[127.93,68.75],[127.25,68.8],[127.09,68.75],[127.23,68.25],[126.89,68.0],[127.25,67.72],[126.26,67.25],[126.22,66.75],[125.05,65.75],[124.32,64.5],[125.87,63.0],[125.87,62.75],[125.5,62.64],[117.25,64.34],[114.91,65.25],[117.25,66.73],[118.82,68.25],[123.5,70.67],[126.73,71.75],[127.28,72.25],[125.0,73.14],[123.25,73.25],[120.5,73.83],[109.25,74.11],[102.5,74.69],[95.0,75.52],[93.75,75.93],[90.0,76.38],[76.25,77.52],[72.0,77.59],[69.5,77.32],[67.75,77.56],[62.0,77.21],[55.25,76.42],[52.75,75.95],[49.47,74.75],[44.0,73.23],[35.5,71.71],[27.0,71.22],[22.25,70.69],[17.0,69.3],[14.74,68.25],[14.97,68.0],[14.51,67.5],[12.5,66.31],[11.55,64.75],[10.25,63.68],[9.15,63.25],[9.19,63.0],[8.75,62.77],[8.25,62.83],[5.75,62.06],[4.5,61.4],[1.58,58.5],[-1.5,56.13],[-3.75,55.25],[-6.36,53.25],[-9.0,51.75],[-9.5,51.8],[-9.75,51.59],[-10.08,52.0],[-9.83,52.5],[-11.0,53.2],[-11.5,52.8],[-22.0,51.92],[-27.5,52.21],[-41.25,53.9],[-43.75,54.05],[-45.75,53.7],[-47.5,52.71],[-48.23,52.0],[-49.1,50.75],[-50.48,47.75],[-50.75,45.72],[-50.0,44.95],[-49.72,44.25],[-49.18,44.0],[-49.25,43.71],[-48.72,42.5],[-48.75,41.25],[-49.44,39.5],[-51.0,37.87],[-54.0,36.52],[-55.0,36.33],[-56.5,36.63],[-59.25,38.64],[-60.5,38.94],[-65.0,39.14],[-67.63,39.75],[-67.9,40.0],[-68.14,41.0],[-68.95,42.0],[-68.84,42.5],[-69.43,43.25],[-69.25,43.5],[-69.75,44.0],[-69.49,44.5],[-69.51,45.75],[-70.18,47.25],[-70.82,47.5],[-70.82,48.25],[-72.53,49.5],[-73.5,50.53],[-79.57,55.0],[-84.39,60.0],[-86.67,61.75],[-89.0,62.65],[-93.0,62.88],[-95.25,63.27],[-97.67,64.25],[-97.42,65.5],[-97.68,66.0],[-99.0,66.75],[-102.08,67.75],[-104.39,70.25],[-104.76,71.25],[-104.65,74.0],[-104.93,74.5],[-105.75,74.91],[-108.25,75.56],[-112.0,75.38],[-116.25,76.12],[-119.5,76.1],[-129.25,76.79],[-139.0,77.17],[-156.25,77.23],[-180.0,76.48]]}},{"type":"Feature","properties":{"level":1016},"geometry":{"type":"LineString","coordinates":[[180.0,-89.09],[140.0,-89.18],[114.25,-88.84],[108.95,-88.5],[113.16,-88.0],[129.75,-87.08],[132.25,-86.79],[134.5,-86.13],[134.64,-86.0],[132.91,-85.0],[133.75,-84.5],[133.71,-84.25],[132.25,-83.76],[131.91,-83.25],[130.79,-82.75],[130.58,-81.75],[133.46,-80.75],[132.1,-80.0],[132.04,-79.75],[132.39,-79.5],[138.5,-76.84],[141.87,-74.5],[143.19,-72.75],[143.24,-72.25],[142.56,-71.0],[142.0,-70.73],[137.5,-69.89],[134.25,-70.05],[133.9,-69.25],[133.0,-68.78],[131.5,-69.25],[128.5,-69.18],[120.5,-70.1],[116.5,-70.19],[114.5,-71.02],[109.17,-71.0],[105.75,-70.7],[101.25,-70.8],[94.25,-70.43],[84.75,-70.84],[83.0,-71.17],[81.58,-71.75],[81.58,-72.25],[81.16,-73.0],[81.61,-75.75],[81.08,-76.75],[80.13,-77.25],[77.25,-77.66],[68.0,-77.75],[60.0,-78.76],[56.5,-78.38],[52.25,-77.56],[51.25,-77.16],[50.38,-76.5],[50.07,-75.5],[50.63,-75.0],[53.0,-74.05],[56.7,-73.0],[57.79,-72.25],[57.67,-71.25],[57.98,-71.0],[57.75,-70.84],[55.75,-70.08],[53.5,-69.8],[50.25,-70.45],[47.25,-70.28],[45.75,-71.18],[42.75,-72.17],[37.75,-72.47],[35.25,-73.17],[31.0,-73.37],[27.75,-72.9],[25.25,-73.33],[20.75,-73.37],[14.75,-72.87],[12.0,-73.23],[8.3,-73.25],[7.83,-73.75],[5.75,-74.38],[3.25,-74.77],[2.25,-75.47],[0.6,-76.0],[-2.5,-76.38],[-3.5,-76.07],[-3.72,-76.25],[-3.51,-76.75],[-4.37,-77.5],[-6.27,-78.0],[-6.33,-78.25],[-5.75,-78.5],[-5.79,-78.75],[-7.18,-79.0],[-7.12,-79.5],[-7.43,-79.75],[-9.6,-80.25],[-9.66,-80.5],[-10.9,-80.75],[-16.0,-80.98],[-17.0,-81.41],[-20.75,-81.94],[-27.25,-82.0],[-29.89,-82.25],[-35.75,-83.02],[-43.25,-84.64],[-49.0,-84.66],[-60.25,-85.49],[-67.0,-86.27],[-77.0,-86.63],[-88.75,-87.61],[-95.0,-87.64],[-108.5,-87.06],[-120.49,-87.5],[-116.34,-88.0],[-102.25,-88.25],[-84.5,-88.2],[-81.97,-88.25],[-81.87,-88.5],[-85.5,-89.0],[-114.25,-89.33],[-142.25,-89.33],[-156.5,-89.23],[-161.5,-89.0],[-162.0,-88.77],[-168.75,-88.74],[-180.0,-89.09]]}},{"type":"Feature","properties":{"level":1016},"geometry":{"type":"LineString","coordinates":[[-64.08,-60.0],[-62.5,-60.06],[-58.5,-59.58],[-55.0,-59.48],[-51.25,-58.7],[-50.16,-58.25],[-48.75,-57.12],[-44.75,-55.87],[-41.5,-55.47],[-39.75,-55.49],[-37.0,-56.07],[-34.75,-56.24],[-33.5,-56.0],[-30.5,-54.84],[-28.25,-53.43],[-24.25,-50.4],[-22.43,-48.25],[-21.27,-45.75],[-19.73,-40.5],[-18.75,-38.5],[-18.88,-37.75],[-19.7,-37.0],[-19.85,-35.75],[-20.75,-34.75],[-21.93,-34.5],[-22.3,-33.5],[-22.0,-33.09],[-22.5,-33.2],[-23.25,-32.91],[-23.75,-33.18],[-26.25,-32.36],[-27.0,-32.58],[-27.75,-32.29],[-28.25,-32.39],[-29.0,-31.98],[-30.5,-31.84],[-32.75,-30.93],[-33.25,-31.0],[-37.25,-29.86],[-39.5,-29.86],[-44.25,-30.74],[-45.75,-30.58],[-48.0,-30.95],[-48.75,-30.61],[-49.25,-30.89],[-50.75,-31.01],[-52.0,-30.81],[-53.0,-31.04],[-53.75,-30.94],[-55.0,-31.58],[-55.5,-31.42],[-57.75,-31.51],[-59.0,-31.08],[-60.0,-31.27],[-62.5,-30.28],[-63.25,-29.23],[-64.03,-29.25],[-64.3,-28.5],[-63.79,-27.5],[-64.21,-27.0],[-63.99,-26.75],[-64.48,-25.5],[-64.5,-24.72],[-65.61,-25.75],[-65.84,-26.75],[-66.25,-27.24],[-66.75,-27.65],[-67.0,-27.14],[-67.46,-27.75],[-67.25,-27.96],[-66.25,-27.7],[-66.25,-28.58],[-67.5,-28.52],[-67.71,-27.75],[-68.0,-28.02],[-68.1,-27.75],[-67.75,-27.15],[-67.4,-27.25],[-67.5,-26.84],[-67.8,-26.75],[-67.69,-26.0],[-68.0,-26.17],[-68.04,-26.0],[-67.75,-25.66],[-67.0,-26.45],[-66.82,-26.0],[-67.0,-25.5],[-67.5,-25.66],[-67.5,-25.33],[-67.25,-25.44],[-66.5,-25.1],[-66.0,-24.07],[-65.5,-24.69],[-65.39,-24.0],[-65.65,-23.75],[-65.37,-23.5],[-65.75,-23.02],[-66.0,-23.21],[-66.23,-23.0],[-66.75,-21.76],[-67.56,-21.5],[-67.42,-21.0],[-67.64,-20.75],[-67.2,-20.5],[-67.24,-20.25],[-68.0,-20.08],[-68.36,-19.75],[-68.19,-19.5],[-68.5,-19.25],[-68.8,-17.75],[-70.65,-15.75],[-70.75,-15.17],[-71.5,-15.43],[-72.5,-14.61],[-74.0,-14.25],[-74.49,-13.75],[-74.66,-13.5],[-74.27,-13.25],[-74.57,-12.75],[-74.25,-12.75],[-74.19,-12.5],[-74.5,-12.13],[-74.87,-12.25],[-74.57,-11.75],[-74.69,-11.5],[-75.26,-11.25],[-75.75,-9.91],[-76.56,-9.25],[-76.57,-8.75],[-77.75,-6.42],[-77.8,-7.0],[-77.0,-9.09],[-77.45,-9.0],[-77.68,-8.0],[-78.01,-7.75],[-78.5,-6.54],[-78.75,-6.51],[-79.06,-7.0],[-78.69,-7.25],[-78.56,-8.25],[-78.16,-8.75],[-77.93,-9.75],[-76.44,-12.75],[-75.64,-14.0],[-74.44,-15.25],[-74.8,-15.5],[-74.5,-15.68],[-74.5,-16.11],[-76.0,-16.15],[-78.25,-15.74],[-79.25,-15.9],[-83.0,-15.38],[-86.75,-15.44],[-93.0,-15.98],[-99.0,-17.09],[-103.75,-17.52],[-104.54,-18.0],[-104.27,-19.0],[-105.1,-19.5],[-105.23,-20.25],[-104.59,-21.25],[-100.69,-24.0],[-100.13,-24.75],[-100.44,-25.25],[-100.25,-25.74],[-99.5,-25.17],[-99.25,-25.29],[-98.25,-26.56],[-97.0,-29.4],[-96.5,-29.4],[-96.63,-29.75],[-95.5,-30.42],[-95.5,-30.8],[-95.25,-30.75],[-95.32,-31.25],[-95.75,-31.32],[-95.84,-31.75],[-96.33,-32.25],[-96.02,-32.75],[-96.13,-33.5],[-95.65,-34.0],[-94.72,-36.5],[-95.05,-38.75],[-95.02,-40.75],[-94.37,-42.25],[-93.44,-43.0],[-92.53,-44.5],[-90.0,-45.86],[-87.5,-46.38],[-86.88,-46.75],[-84.24,-49.5],[-84.12,-51.0],[-83.23,-52.5],[-79.79,-54.75],[-76.46,-56.5],[-70.33,-59.0],[-67.75,-59.6],[-64.08,-60.0]]}},{"type":"Feature","properties":{"level":1016},"geometry":{"type":"LineString","coordinates":[[51.77,-50.75],[54.5,-50.75],[57.25,-50.11],[61.0,-48.24],[65.0,-46.63],[67.14,-44.75],[69.06,-41.25],[69.5,-40.95],[70.12,-39.75],[72.25,-37.38],[73.75,-35.97],[77.53,-33.75],[85.25,-31.13],[90.5,-29.96],[100.75,-29.92],[103.25,-30.19],[105.47,-29.75],[105.54,-28.75],[106.31,-27.75],[105.51,-27.5],[105.47,-27.0],[106.75,-25.42],[106.67,-24.75],[106.93,-24.25],[106.66,-23.75],[107.0,-23.49],[110.25,-24.43],[110.75,-24.2],[112.25,-25.03],[112.5,-24.41],[113.25,-25.35],[113.36,-25.0],[113.0,-24.0],[113.5,-24.0],[115.82,-25.25],[114.86,-24.0],[114.8,-23.5],[115.18,-22.5],[114.85,-21.25],[114.5,-20.74],[114.09,-20.75],[115.28,-19.0],[115.14,-16.75],[114.5,-15.43],[114.0,-14.95],[112.0,-14.28],[109.75,-14.23],[108.75,-14.72],[108.71,-16.0],[108.5,-16.16],[107.0,-16.35],[106.5,-16.62],[105.25,-16.07],[104.25,-16.23],[104.0,-16.62],[103.0,-16.48],[102.7,-17.0],[101.5,-17.76],[100.75,-17.6],[100.37,-17.75],[100.1,-18.25],[100.38,-18.75],[99.5,-19.08],[96.25,-17.66],[95.0,-17.77],[93.25,-16.99],[89.5,-16.41],[87.25,-15.52],[86.75,-15.6],[83.25,-14.72],[80.5,-14.47],[79.5,-14.16],[78.0,-14.18],[77.0,-13.9],[66.0,-14.31],[63.75,-13.88],[61.5,-14.22],[57.75,-13.52],[56.0,-13.67],[53.5,-13.3],[53.0,-13.46],[52.0,-12.98],[49.25,-12.45],[49.3,-13.25],[48.23,-14.0],[48.25,-15.0],[48.0,-15.23],[45.85,-15.25],[45.81,-15.75],[44.38,-18.25],[45.0,-19.01],[45.25,-18.72],[45.79,-20.25],[45.11,-21.25],[45.16,-21.75],[44.5,-22.42],[44.0,-22.55],[44.5,-22.61],[44.94,-23.5],[44.76,-24.0],[45.5,-24.21],[45.82,-25.5],[45.38,-26.0],[44.75,-26.22],[43.0,-25.82],[42.48,-25.5],[41.25,-24.03],[40.25,-23.92],[38.5,-22.66],[37.75,-22.75],[37.25,-23.35],[36.75,-23.49],[36.55,-24.25],[36.25,-24.37],[35.5,-24.16],[35.0,-23.47],[34.74,-24.0],[35.28,-26.0],[34.97,-28.0],[35.49,-30.0],[34.82,-32.0],[36.25,-34.5],[36.43,-35.75],[36.24,-36.75],[37.07,-39.25],[38.25,-41.47],[40.61,-44.25],[42.25,-45.65],[48.75,-49.94],[51.77,-50.75]]}},{"type":"Feature","properties":{"level":1016},"geometry":{"type":"LineString","coordinates":[[-180.0,-35.62],[-176.75,-37.85],[-171.55,-40.25],[-160.75,-43.04],[-153.5,-44.27],[-148.0,-44.81],[-142.75,-44.83],[-136.0,-44.33],[-128.25,-42.91],[-120.0,-40.59],[-118.08,-39.75],[-115.25,-37.43],[-109.38,-31.5],[-108.78,-30.5],[-108.42,-29.25],[-108.46,-28.5],[-107.64,-27.25],[-108.08,-26.0],[-108.75,-25.78],[-108.79,-25.0],[-109.7,-24.25],[-109.71,-23.5],[-109.46,-23.0],[-110.0,-22.28],[-110.24,-22.5],[-109.81,-23.25],[-110.5,-23.65],[-111.22,-22.5],[-111.25,-21.97],[-111.5,-22.72],[-112.5,-21.56],[-113.25,-21.41],[-113.84,-22.25],[-114.25,-21.5],[-114.5,-21.86],[-114.87,-21.75],[-115.03,-21.25],[-114.75,-20.91],[-115.25,-20.9],[-115.75,-21.33],[-116.0,-20.93],[-116.16,-21.5],[-116.5,-21.63],[-117.25,-20.9],[-117.75,-20.98],[-117.73,-21.25],[-118.0,-21.35],[-120.0,-20.79],[-120.5,-20.99],[-121.25,-20.71],[-122.5,-20.97],[-123.25,-20.64],[-124.75,-20.83],[-126.75,-20.41],[-128.0,-20.62],[-128.5,-20.36],[-129.75,-20.44],[-130.5,-20.14],[-131.0,-20.41],[-133.0,-20.16],[-133.75,-20.47],[-134.25,-20.12],[-135.5,-20.32],[-138.0,-19.94],[-139.25,-20.33],[-140.0,-20.17],[-145.75,-20.9],[-148.5,-21.61],[-154.25,-21.08],[-158.5,-21.25],[-170.5,-20.21],[-173.0,-20.53],[-175.25,-20.21],[-176.0,-20.31],[-177.5,-19.86],[-180.0,-20.29]]}},{"type":"Feature","properties":{"level":1016},"geometry":{"type":"LineString","coordinates":[[18.9,-34.0],[19.38,-33.5],[19.1,-32.5],[19.55,-32.0],[19.72,-31.0],[19.5,-30.47],[18.29,-30.25],[18.5,-29.75],[18.14,-29.5],[17.64,-28.25],[17.77,-28.0],[17.17,-27.75],[16.88,-27.0],[17.06,-25.25],[16.4,-24.25],[17.19,-22.75],[16.75,-22.45],[16.11,-22.75],[16.34,-23.0],[16.08,-25.0],[15.83,-25.25],[16.05,-26.0],[15.86,-26.75],[16.56,-27.25],[16.5,-27.76],[15.73,-27.25],[14.33,-25.25],[14.01,-24.0],[12.52,-22.25],[3.75,-17.6],[-1.0,-14.35],[-3.62,-13.25],[-4.0,-12.48],[-5.0,-12.8],[-5.25,-12.5],[-6.25,-12.34],[-6.75,-11.86],[-7.5,-12.27],[-8.0,-11.77],[-8.5,-11.73],[-9.0,-11.31],[-9.5,-11.56],[-11.0,-11.16],[-11.5,-11.28],[-13.06,-10.25],[-14.75,-10.04],[-15.25,-9.5],[-15.75,-9.85],[-16.5,-9.67],[-17.0,-10.09],[-19.0,-10.15],[-19.25,-10.25],[-19.5,-11.02],[-20.5,-10.86],[-23.0,-11.18],[-23.5,-10.92],[-25.25,-10.9],[-26.75,-11.43],[-27.5,-11.25],[-28.85,-11.75],[-30.17,-12.75],[-29.5,-13.43],[-29.54,-13.75],[-31.5,-14.9],[-32.04,-16.25],[-31.78,-17.0],[-33.08,-18.75],[-31.82,-21.0],[-30.67,-22.0],[-30.5,-22.8],[-30.25,-22.95],[-30.0,-22.62],[-29.5,-23.35],[-29.25,-23.15],[-28.4,-23.75],[-28.0,-23.58],[-27.63,-24.0],[-26.25,-24.46],[-25.25,-24.7],[-25.0,-24.48],[-22.75,-24.47],[-22.5,-24.75],[-21.5,-24.73],[-19.25,-25.41],[-16.5,-25.49],[-14.75,-25.82],[-13.25,-25.67],[-3.25,-27.08],[-0.25,-27.29],[6.25,-28.38],[7.75,-28.79],[12.25,-30.74],[14.25,-31.16],[16.5,-32.23],[18.9,-34.0]]}},{"type":"Feature","properties":{"level":1016},"geometry":{"type":"LineString","coordinates":[[-66.75,-33.62],[-66.58,-33.5],[-66.75,-33.62]]}},{"type":"Feature","properties":{"level":1016},"geometry":{"type":"LineString","coordinates":[[-68.25,-32.35],[-68.5,-32.25],[-68.61,-30.5],[-68.27,-29.75],[-68.5,-29.46],[-67.97,-29.5],[-68.19,-30.0],[-67.7,-31.0],[-68.32,-31.5],[-68.0,-31.83],[-67.33,-31.5],[-67.23,-32.25],[-67.5,-32.45],[-68.25,-32.35]]}},{"type":"Feature","properties":{"level":1016},"geometry":{"type":"LineString","coordinates":[[-69.5,-31.93],[-69.69,-31.75],[-69.5,-30.87],[-69.3,-31.0],[-69.22,-31.75],[-69.5,-31.93]]}},{"type":"Feature","properties":{"level":1016},"geometry":{"type":"LineString","coordinates":[[27.42,-31.25],[28.75,-30.63],[29.5,-30.62],[30.68,-29.0],[30.23,-28.75],[31.0,-28.49],[30.97,-28.0],[31.33,-27.75],[31.45,-25.5],[31.09,-24.5],[30.27,-24.0],[30.0,-23.35],[29.04,-24.0],[29.25,-24.28],[30.02,-24.25],[29.47,-25.25],[27.08,-26.0],[27.5,-26.37],[28.26,-26.25],[26.84,-29.0],[27.54,-30.0],[27.22,-30.75],[27.42,-31.25]]}},{"type":"Feature","properties":{"level":1016},"geometry":{"type":"LineString","coordinates":[[115.09,-26.0],[115.32,-26.0],[115.09,-26.0]]}},{"type":"Feature","properties":{"level":1016},"geometry":{"type":"LineString","coordinates":[[114.38,-25.75],[114.75,-25.92],[115.03,-25.75],[114.25,-25.01],[114.0,-25.06],[114.0,-25.5],[114.38,-25.75]]}},{"type":"Feature","properties":{"level":1016},"geometry":{"type":"LineString","coordinates":[[112.0,-24.46],[111.4,-23.5],[112.0,-23.5],[112.32,-23.75],[111.99,-24.0],[112.0,-24.46]]}},{"type":"Feature","properties":{"level":1016},"geometry":{"type":"LineString","coordinates":[[40.65,-23.25],[41.0,-23.4],[41.04,-22.75],[40.75,-22.43],[40.25,-22.42],[40.65,-23.25]]}},{"type":"Feature","properties":{"level":1016},"geometry":{"type":"LineString","coordinates":[[-69.5,-23.07],[-69.9,-22.5],[-69.75,-21.54],[-69.5,-21.46],[-69.25,-21.7],[-69.18,-22.5],[-69.5,-23.07]]}},{"type":"Feature","properties":{"level":1016},"geometry":{"type":"LineString","coordinates":[[144.75,-23.17],[144.62,-23.0],[144.97,-23.0],[144.75,-23.17]]}},{"type":"Feature","properties":{"level":1016},"geometry":{"type":"LineString","coordinates":[[134.25,-21.8],[134.25,-21.56],[134.25,-21.8]]}},{"type":"Feature","properties":{"level":1016},"geometry":{"type":"LineString","coordinates":[[137.35,-21.75],[137.75,-21.85],[138.33,-21.5],[137.75,-21.16],[137.0,-21.17],[137.35,-21.75]]}},{"type":"Feature","properties":{"level":1016},"geometry":{"type":"LineString","coordinates":[[-113.77,-21.5],[-113.75,-21.22],[-113.77,-21.5]]}},{"type":"Feature","properties":{"level":1016},"geometry":{"type":"LineString","coordinates":[[-66.96,-20.25],[-66.75,-20.45],[-66.25,-19.6],[-66.5,-19.04],[-66.96,-20.25]]}},{"type":"Feature","properties":{"level":1016},"geometry":{"type":"LineString","coordinates":[[32.74,-20.25],[33.23,-19.75],[32.96,-19.0],[33.15,-18.0],[33.0,-17.8],[32.25,-18.14],[32.0,-17.92],[31.44,-18.0],[31.5,-18.5],[32.5,-18.75],[32.74,-20.25]]}},{"type":"Feature","properties":{"level":1016},"geometry":{"type":"LineString","coordinates":[[180.0,-20.29],[178.0,-19.63],[176.5,-19.55],[175.61,-19.75],[175.0,-20.58],[174.75,-20.29],[174.25,-20.33],[172.75,-19.56],[170.75,-19.06],[169.75,-18.44],[169.25,-18.52],[169.0,-18.81],[168.99,-18.5],[168.75,-18.4],[166.0,-18.29],[163.5,-17.01],[158.75,-16.13],[153.75,-14.29],[153.0,-14.46],[149.5,-14.27],[146.75,-13.64],[146.0,-13.86],[145.0,-13.15],[143.5,-12.71],[142.92,-14.25],[142.96,-14.75],[144.81,-16.5],[144.58,-17.0],[144.77,-17.75],[143.75,-17.87],[143.58,-18.5],[143.78,-18.75],[143.39,-19.5],[144.58,-20.5],[144.5,-21.07],[144.84,-21.5],[144.75,-21.65],[143.5,-21.27],[143.07,-21.75],[144.2,-23.5],[143.83,-24.0],[143.8,-24.5],[142.75,-23.87],[142.01,-23.75],[141.5,-23.25],[141.56,-22.25],[142.49,-21.5],[142.37,-21.0],[142.0,-20.87],[141.87,-21.25],[141.5,-21.42],[141.25,-20.89],[141.0,-20.89],[140.71,-20.25],[140.3,-20.0],[140.71,-18.75],[139.91,-18.0],[140.07,-17.25],[139.75,-16.46],[139.25,-16.64],[139.15,-15.75],[138.75,-15.56],[138.5,-15.97],[137.75,-15.46],[136.78,-15.25],[137.09,-15.75],[136.75,-16.7],[136.27,-16.75],[136.32,-17.25],[137.83,-18.0],[137.25,-18.11],[136.5,-17.51],[136.25,-17.58],[135.75,-16.75],[135.33,-17.25],[135.33,-17.5],[135.8,-17.75],[135.46,-18.25],[136.74,-18.75],[136.9,-19.5],[137.5,-19.9],[139.0,-20.31],[139.5,-20.15],[139.72,-20.75],[139.38,-21.5],[140.12,-22.75],[139.75,-23.16],[139.25,-23.27],[137.5,-22.23],[137.25,-22.38],[136.75,-22.0],[136.25,-21.98],[136.3,-22.25],[135.5,-22.14],[134.93,-21.5],[135.5,-21.41],[135.79,-21.0],[135.7,-20.75],[134.5,-20.34],[134.75,-21.38],[134.0,-21.22],[133.75,-21.53],[132.81,-21.5],[132.28,-22.75],[131.5,-23.13],[131.25,-23.0],[131.1,-23.25],[131.43,-23.75],[130.0,-24.85],[129.68,-26.0],[130.0,-26.29],[130.05,-26.75],[129.02,-28.0],[128.6,-29.0],[127.99,-29.5],[127.66,-30.5],[126.75,-31.95],[125.75,-32.5],[125.5,-33.31],[125.0,-33.59],[124.27,-33.5],[124.06,-33.75],[124.61,-35.5],[124.33,-38.0],[125.14,-40.25],[125.19,-41.5],[125.95,-44.25],[128.08,-48.0],[130.25,-50.8],[133.5,-53.61],[137.25,-55.98],[139.5,-56.8],[143.51,-57.5],[145.0,-58.32],[147.75,-58.71],[150.25,-58.72],[153.75,-57.85],[155.59,-57.0],[159.88,-54.25],[161.59,-52.0],[161.66,-51.5],[162.34,-50.5],[163.68,-49.75],[164.39,-49.0],[164.5,-48.75],[164.19,-48.0],[162.29,-45.75],[161.15,-43.5],[160.67,-41.0],[160.86,-38.75],[161.67,-37.25],[163.0,-35.69],[166.68,-33.5],[167.83,-32.5],[168.07,-32.0],[168.5,-31.95],[168.68,-31.0],[169.31,-30.5],[169.75,-29.47],[171.75,-29.94],[174.0,-30.99],[180.0,-35.62]]}},{"type":"Feature","properties":{"level":1016},"geometry":{"type":"LineString","coordinates":[[139.75,-18.57],[139.75,-18.37],[140.0,-18.37],[139.75,-18.57]]}},{"type":"Feature","properties":{"level":1016},"geometry":{"type":"LineString","coordinates":[[-69.26,-15.25],[-69.0,-15.29],[-68.87,-15.0],[-69.18,-14.5],[-70.0,-13.75],[-71.5,-13.24],[-72.0,-12.59],[-72.5,-13.03],[-73.2,-13.0],[-73.0,-13.37],[-72.0,-13.28],[-71.51,-13.5],[-71.0,-14.13],[-69.5,-14.88],[-69.26,-15.25]]}},{"type":"Feature","properties":{"level":1016},"geometry":{"type":"LineString","coordinates":[[144.5,-15.29],[144.03,-14.75],[144.36,-14.75],[144.5,-15.29]]}},{"type":"Feature","properties":{"level":1016},"geometry":{"type":"LineString","coordinates":[[137.72,-15.0],[137.89,-15.0],[137.72,-15.0]]}},{"type":"Feature","properties":{"level":1016},"geometry":{"type":"LineString","coordinates":[[43.4,-11.75],[43.56,-11.75],[43.4,-11.75]]}},{"type":"Feature","properties":{"level":1016},"geometry":{"type":"LineString","coordinates":[[34.73,-10.0],[35.67,-9.75],[35.5,-9.0],[36.25,-8.12],[36.97,-7.75],[37.08,-7.5],[36.75,-6.83],[36.5,-6.81],[36.56,-7.5],[35.23,-8.0],[34.75,-8.9],[33.6,-9.0],[34.73,-10.0]]}},{"type":"Feature","properties":{"level":1016},"geometry":{"type":"LineString","coordinates":[[148.19,-9.5],[148.31,-9.0],[147.79,-8.75],[147.0,-7.3],[146.75,-7.42],[146.76,-8.0],[147.47,-9.0],[148.19,-9.5]]}},{"type":"Feature","properties":{"level":1016},"geometry":{"type":"LineString","coordinates":[[145.75,-7.25],[146.0,-7.44],[146.67,-7.25],[146.25,-7.13],[146.0,-6.53],[145.64,-7.0],[145.75,-7.25]]}},{"type":"Feature","properties":{"level":1016},"geometry":{"type":"LineString","coordinates":[[36.77,-6.5],[37.0,-6.64],[37.67,-6.0],[37.52,-5.75],[37.83,-5.25],[37.25,-4.07],[36.5,-3.71],[36.31,-4.0],[36.43,-4.25],[37.05,-4.75],[37.0,-5.25],[36.4,-5.25],[36.77,-6.5]]}},{"type":"Feature","properties":{"level":1016},"geometry":{"type":"LineString","coordinates":[[143.72,-6.5],[144.0,-6.5],[144.25,-6.14],[144.75,-6.25],[145.6,-6.0],[145.0,-5.58],[144.25,-5.74],[143.75,-5.13],[143.25,-4.91],[141.5,-5.07],[140.5,-4.35],[138.75,-3.76],[138.75,-3.45],[137.75,-3.48],[137.5,-3.72],[136.25,-3.46],[136.25,-3.84],[135.41,-4.0],[135.75,-4.35],[136.5,-4.18],[137.25,-4.44],[139.25,-4.54],[140.5,-5.14],[140.75,-4.93],[141.75,-5.42],[142.5,-5.06],[142.66,-5.25],[142.22,-5.5],[142.35,-5.75],[143.72,-6.5]]}},{"type":"Feature","properties":{"level":1016},"geometry":{"type":"LineString","coordinates":[[147.07,-6.5],[147.43,-6.5],[147.5,-6.25],[146.75,-6.09],[146.5,-5.75],[145.86,-5.75],[147.07,-6.5]]}},{"type":"Feature","properties":{"level":1016},"geometry":{"type":"LineString","coordinates":[[-79.01,-3.5],[-78.41,-2.5],[-77.73,0.25],[-76.34,1.75],[-75.75,2.75],[-75.77,3.5],[-75.11,4.75],[-75.25,5.73],[-75.56,5.25],[-75.62,4.5],[-76.1,4.0],[-76.24,3.25],[-77.11,1.5],[-77.75,1.37],[-78.64,0.5],[-78.56,0.25],[-78.98,-0.5],[-79.02,-2.25],[-79.53,-3.0],[-79.01,-3.5]]}},{"type":"Feature","properties":{"level":1016},"geometry":{"type":"LineString","coordinates":[[36.53,-3.25],[36.75,-3.45],[37.78,-3.25],[37.74,-3.0],[37.25,-2.81],[36.53,-3.25]]}},{"type":"Feature","properties":{"level":1016},"geometry":{"type":"LineString","coordinates":[[119.3,-2.75],[119.5,-2.96],[120.0,-2.85],[120.25,-2.28],[120.65,-2.25],[120.25,-2.17],[120.06,-1.75],[120.21,-1.5],[119.96,-1.5],[119.73,-2.5],[119.3,-2.75]]}},{"type":"Feature","properties":{"level":1016},"geometry":{"type":"LineString","coordinates":[[36.67,-1.25],[36.75,-1.41],[37.69,0.0],[37.25,0.21],[37.0,-0.12],[36.5,-0.02],[36.0,-0.28],[35.5,0.29],[35.25,-0.75],[35.75,-1.15],[36.5,-0.92],[36.67,-1.25]]}},{"type":"Feature","properties":{"level":1016},"geometry":{"type":"LineString","coordinates":[[-74.52,3.5],[-74.0,3.86],[-73.26,5.25],[-72.75,5.41],[-71.94,6.5],[-72.36,7.0],[-72.37,7.5],[-72.75,7.56],[-73.0,8.04],[-72.98,7.25],[-72.61,6.5],[-73.75,5.79],[-74.52,3.5]]}},{"type":"Feature","properties":{"level":1016},"geometry":{"type":"LineString","coordinates":[[38.64,6.0],[38.75,5.85],[39.25,6.11],[40.41,7.0],[40.54,7.25],[39.69,7.5],[40.07,7.75],[40.0,8.45],[39.25,8.18],[38.39,7.0],[38.31,6.25],[38.64,6.0]]}},{"type":"Feature","properties":{"level":1016},"geometry":{"type":"LineString","coordinates":[[35.79,7.25],[36.5,7.09],[36.75,7.39],[37.25,7.4],[37.25,8.38],[36.75,7.78],[36.25,8.29],[35.36,8.0],[35.4,7.5],[35.79,7.25]]}},{"type":"Feature","properties":{"level":1016},"geometry":{"type":"LineString","coordinates":[[37.74,7.25],[38.0,7.28],[39.86,9.75],[39.86,11.25],[39.61,12.25],[39.82,14.0],[39.5,14.8],[39.3,14.25],[39.54,13.75],[39.25,12.78],[38.82,12.5],[38.75,11.91],[38.18,12.0],[37.94,11.75],[38.0,11.47],[38.75,11.51],[38.7,10.75],[39.04,10.5],[39.11,10.0],[38.25,9.85],[37.75,9.23],[37.25,9.25],[37.28,8.75],[37.85,8.5],[37.74,7.25]]}},{"type":"Feature","properties":{"level":1016},"geometry":{"type":"LineString","coordinates":[[37.56,10.25],[38.0,10.2],[38.21,10.75],[37.5,11.34],[37.0,11.23],[36.84,11.0],[37.5,10.76],[37.56,10.25]]}},{"type":"Feature","properties":{"level":1016},"geometry":{"type":"LineString","coordinates":[[44.19,14.0],[45.32,14.5],[44.95,14.75],[44.91,15.5],[44.19,16.25],[44.25,16.52],[45.07,16.5],[44.4,17.5],[44.48,18.25],[44.18,19.25],[43.25,19.3],[42.37,19.75],[41.75,20.54],[41.25,20.67],[41.45,20.0],[41.89,19.75],[42.32,18.25],[43.19,17.75],[43.44,16.75],[43.87,16.5],[43.64,15.5],[44.09,15.0],[44.19,14.0]]}},{"type":"Feature","properties":{"level":1016},"geometry":{"type":"LineString","coordinates":[[108.42,14.25],[108.64,14.5],[108.37,15.0],[107.7,15.5],[107.6,16.0],[107.0,16.3],[107.07,15.5],[108.42,14.25]]}},{"type":"Feature","properties":{"level":1016},"geometry":{"type":"LineString","coordinates":[[120.77,16.5],[121.0,16.35],[121.11,16.5],[121.25,17.68],[120.88,17.25],[120.77,16.5]]}},{"type":"Feature","properties":{"level":1016},"geometry":{"type":"LineString","coordinates":[[-70.58,18.5],[-70.25,18.48],[-70.22,18.75],[-70.75,19.41],[-71.88,19.25],[-71.54,19.0],[-71.89,18.75],[-71.75,18.62],[-71.0,18.75],[-70.58,18.5]]}},{"type":"Feature","properties":{"level":1016},"geometry":{"type":"LineString","coordinates":[[104.72,18.5],[105.08,18.5],[104.39,19.25],[104.47,19.5],[104.84,19.5],[105.05,20.0],[104.58,21.0],[104.66,21.5],[104.2,22.25],[104.79,22.5],[105.0,23.13],[105.44,23.25],[105.31,23.75],[103.75,24.01],[103.97,23.75],[103.5,23.75],[103.25,23.46],[102.52,23.75],[102.91,24.5],[102.25,24.87],[102.16,24.25],[102.78,23.25],[101.84,23.25],[102.75,22.48],[103.0,22.38],[103.25,22.62],[104.3,21.25],[104.0,21.1],[103.5,21.63],[103.0,20.06],[102.36,19.5],[102.4,19.25],[103.25,18.8],[103.5,19.1],[103.75,19.06],[104.72,18.5]]}},{"type":"Feature","properties":{"level":1016},"geometry":{"type":"LineString","coordinates":[[-97.32,18.75],[-97.04,19.0],[-97.0,19.6],[-98.25,20.22],[-98.23,19.75],[-97.33,19.5],[-97.32,18.75]]}},{"type":"Feature","properties":{"level":1016},"geometry":{"type":"LineString","coordinates":[[-72.37,19.5],[-72.25,19.35],[-72.09,19.5],[-72.37,19.5]]}},{"type":"Feature","properties":{"level":1016},"geometry":{"type":"LineString","coordinates":[[24.25,21.18],[24.5,22.04],[25.44,21.75],[25.0,21.1],[24.25,21.18]]}},{"type":"Feature","properties":{"level":1016},"geometry":{"type":"LineString","coordinates":[[93.71,21.25],[94.02,21.25],[93.6,22.0],[93.5,22.76],[93.45,21.75],[93.71,21.25]]}},{"type":"Feature","properties":{"level":1016},"geometry":{"type":"LineString","coordinates":[[119.72,21.75],[120.06,21.75],[119.72,21.75]]}},{"type":"Feature","properties":{"level":1016},"geometry":{"type":"LineString","coordinates":[[-180.0,23.01],[-178.25,23.67],[-176.5,23.46],[-174.25,23.9],[-171.25,25.2],[-170.25,25.38],[-169.75,25.99],[-169.0,25.87],[-167.82,26.25],[-166.0,27.37],[-165.5,27.42],[-165.0,27.07],[-164.03,28.25],[-162.71,28.75],[-162.0,29.75],[-161.07,30.25],[-160.29,31.5],[-160.47,32.5],[-161.44,32.75],[-161.27,33.5],[-161.75,35.41],[-163.39,37.25],[-166.49,39.75],[-167.25,40.76],[-169.2,44.0],[-170.82,47.75],[-171.47,50.75],[-171.69,55.25],[-172.17,57.75],[-169.75,61.28],[-167.25,60.98],[-165.0,61.07],[-163.75,60.75],[-160.25,60.87],[-159.93,60.0],[-159.0,59.57],[-156.5,59.74],[-155.25,59.34],[-154.69,58.5],[-154.77,58.25],[-153.11,58.0],[-152.89,57.5],[-150.75,56.82],[-148.91,55.75],[-142.25,50.14],[-141.35,49.75],[-138.91,47.25],[-138.94,46.25],[-139.57,44.25],[-142.26,40.0],[-146.5,34.76],[-150.12,31.75],[-152.75,29.1],[-154.87,28.0],[-155.0,27.71],[-154.25,27.29],[-154.0,27.59],[-153.49,27.0],[-153.66,26.5],[-154.0,26.36],[-154.5,26.82],[-155.08,26.0],[-155.0,25.53],[-149.5,25.75],[-147.0,24.29],[-145.5,24.04],[-142.5,22.75],[-138.0,22.82],[-137.0,22.52],[-135.0,22.38],[-130.25,22.7],[-126.0,22.54],[-124.5,22.76],[-122.36,23.5],[-120.99,24.5],[-119.86,26.5],[-118.98,27.25],[-118.26,29.0],[-118.26,31.0],[-118.5,31.75],[-118.42,32.5],[-119.14,34.0],[-119.5,33.91],[-119.46,34.25],[-118.5,34.66],[-117.75,34.15],[-117.25,34.2],[-115.75,31.58],[-115.68,32.0],[-116.37,33.0],[-116.54,33.75],[-116.5,34.04],[-115.83,34.0],[-116.0,34.58],[-114.5,35.27],[-113.0,34.89],[-112.75,35.23],[-111.75,34.95],[-111.5,34.52],[-110.25,34.45],[-109.75,33.99],[-109.25,33.92],[-108.35,34.25],[-108.49,34.5],[-108.06,35.0],[-108.0,35.88],[-106.18,36.75],[-106.93,38.0],[-106.2,38.5],[-106.94,39.0],[-106.68,39.5],[-106.15,39.75],[-106.12,40.5],[-105.28,41.0],[-105.5,41.75],[-105.97,41.5],[-106.0,41.18],[-106.5,41.51],[-106.75,41.04],[-107.94,41.75],[-107.72,41.25],[-108.0,40.98],[-108.29,41.5],[-108.99,42.0],[-108.49,42.25],[-109.93,43.5],[-109.63,45.25],[-110.83,45.5],[-110.32,46.0],[-110.64,46.5],[-110.44,46.75],[-111.07,47.0],[-111.0,47.5],[-111.75,47.34],[-112.75,47.58],[-113.53,48.75],[-114.38,49.5],[-114.5,49.95],[-115.08,50.0],[-115.03,50.25],[-115.5,50.8],[-116.25,50.54],[-117.0,51.25],[-116.77,51.75],[-117.19,52.5],[-119.27,54.0],[-117.65,54.5],[-117.57,55.25],[-117.25,55.5],[-117.23,56.25],[-116.49,57.0],[-116.7,57.5],[-116.49,58.25],[-116.0,58.68],[-113.89,59.25],[-111.75,60.4],[-106.51,61.25],[-106.86,61.5],[-106.16,61.75],[-106.31,62.25],[-106.0,62.5],[-106.7,62.75],[-106.6,63.0],[-105.3,63.5],[-103.25,63.87],[-101.86,64.5],[-101.08,65.25],[-101.55,66.25],[-102.5,66.56],[-105.78,68.75],[-107.76,71.5],[-108.45,72.0],[-108.76,73.0],[-114.5,74.58],[-128.0,75.74],[-138.25,76.12],[-167.25,75.75],[-180.0,75.18]]}},{"type":"Feature","properties":{"level":1016},"geometry":{"type":"LineString","coordinates":[[111.25,24.48],[111.01,24.5],[111.25,24.48]]}},{"type":"Feature","properties":{"level":1016},"geometry":{"type":"LineString","coordinates":[[94.12,25.0],[94.75,25.09],[95.33,25.75],[95.49,26.5],[96.08,27.0],[95.5,26.97],[93.78,25.5],[93.75,25.12],[94.12,25.0]]}},{"type":"Feature","properties":{"level":1016},"geometry":{"type":"LineString","coordinates":[[112.75,25.21],[113.02,25.25],[112.75,25.21]]}},{"type":"Feature","properties":{"level":1016},"geometry":{"type":"LineString","coordinates":[[102.12,25.5],[102.25,25.34],[102.75,25.62],[103.0,25.39],[103.13,26.0],[102.5,26.07],[102.12,25.5]]}},{"type":"Feature","properties":{"level":1016},"geometry":{"type":"LineString","coordinates":[[111.25,26.92],[111.25,27.08],[111.25,26.92]]}},{"type":"Feature","properties":{"level":1016},"geometry":{"type":"LineString","coordinates":[[110.5,27.12],[110.0,27.41],[109.68,28.0],[110.25,28.07],[110.5,28.42],[110.83,27.5],[110.5,27.12]]}},{"type":"Feature","properties":{"level":1016},"geometry":{"type":"LineString","coordinates":[[112.75,27.38],[112.0,27.91],[111.89,28.5],[112.75,27.9],[113.0,28.0],[112.59,28.25],[112.75,28.35],[113.25,27.98],[113.14,27.5],[112.75,27.38]]}},{"type":"Feature","properties":{"level":1016},"geometry":{"type":"LineString","coordinates":[[109.0,27.52],[108.83,27.75],[109.0,27.82],[109.0,27.52]]}},{"type":"Feature","properties":{"level":1016},"geometry":{"type":"LineString","coordinates":[[85.0,30.74],[85.7,31.5],[84.0,31.77],[83.25,32.33],[81.75,32.65],[81.11,33.25],[83.0,33.39],[83.5,33.08],[83.61,34.25],[83.43,34.75],[83.75,34.91],[84.0,34.95],[84.43,34.5],[83.83,34.25],[84.0,33.87],[84.75,34.17],[85.25,33.94],[86.5,34.15],[86.65,34.5],[86.25,34.95],[84.93,35.0],[86.25,35.39],[86.75,35.22],[87.0,34.6],[88.27,34.25],[85.98,33.25],[86.5,33.03],[88.25,32.99],[88.5,32.49],[90.75,32.45],[91.37,32.0],[90.08,32.0],[90.78,31.5],[90.55,31.0],[90.96,30.75],[90.5,30.56],[90.25,30.87],[88.0,30.65],[85.0,30.74]]}},{"type":"Feature","properties":{"level":1016},"geometry":{"type":"LineString","coordinates":[[101.0,33.22],[100.77,33.25],[100.75,33.62],[99.12,33.5],[99.32,34.5],[100.75,34.79],[101.05,35.5],[101.75,35.68],[102.0,35.48],[102.5,35.58],[103.25,34.9],[103.16,35.5],[103.5,36.0],[103.5,36.56],[104.75,36.77],[106.0,35.27],[106.16,34.5],[106.0,34.38],[105.5,34.31],[105.25,34.02],[105.04,34.25],[105.25,34.55],[104.75,34.52],[104.46,34.25],[104.75,33.89],[105.0,33.91],[104.99,33.5],[104.57,33.5],[104.25,34.07],[104.22,33.75],[103.5,33.36],[103.49,34.0],[103.0,34.26],[103.0,33.95],[102.0,34.13],[101.88,33.25],[101.25,33.04],[101.0,33.22]]}},{"type":"Feature","properties":{"level":1016},"geometry":{"type":"LineString","coordinates":[[-8.25,33.49],[-8.75,34.0],[-8.5,34.77],[-6.25,34.85],[-5.75,34.28],[-6.0,33.98],[-8.25,33.49]]}},{"type":"Feature","properties":{"level":1016},"geometry":{"type":"LineString","coordinates":[[51.5,34.09],[50.68,35.0],[51.5,35.2],[52.41,34.5],[52.29,34.25],[51.5,34.09]]}},{"type":"Feature","properties":{"level":1016},"geometry":{"type":"LineString","coordinates":[[107.5,34.23],[106.88,34.5],[107.25,34.78],[107.75,34.49],[109.5,34.94],[110.07,34.75],[108.5,34.04],[107.5,34.23]]}},{"type":"Feature","properties":{"level":1016},"geometry":{"type":"LineString","coordinates":[[-120.25,34.36],[-120.25,34.61],[-120.06,34.5],[-120.25,34.36]]}},{"type":"Feature","properties":{"level":1016},"geometry":{"type":"LineString","coordinates":[[-90.79,35.0],[-90.5,34.76],[-90.2,35.0],[-90.5,35.19],[-90.79,35.0]]}},{"type":"Feature","properties":{"level":1016},"geometry":{"type":"LineString","coordinates":[[79.75,34.93],[79.3,35.25],[79.43,35.5],[80.65,35.0],[79.75,34.93]]}},{"type":"Feature","properties":{"level":1016},"geometry":{"type":"LineString","coordinates":[[-119.25,35.21],[-119.56,36.25],[-119.25,36.4],[-118.89,35.25],[-119.25,35.21]]}},{"type":"Feature","properties":{"level":1016},"geometry":{"type":"LineString","coordinates":[[-116.5,35.73],[-116.25,35.9],[-116.17,35.75],[-116.5,35.73]]}},{"type":"Feature","properties":{"level":1016},"geometry":{"type":"LineString","coordinates":[[-116.75,35.9],[-116.75,36.22],[-116.75,35.9]]}},{"type":"Feature","properties":{"level":1016},"geometry":{"type":"LineString","coordinates":[[-92.5,36.22],[-92.5,36.54],[-92.5,36.22]]}},{"type":"Feature","properties":{"level":1016},"geometry":{"type":"LineString","coordinates":[[-93.0,36.47],[-93.19,36.5],[-93.0,36.47]]}},{"type":"Feature","properties":{"level":1016},"geometry":{"type":"LineString","coordinates":[[52.0,36.5],[50.0,37.16],[49.5,36.83],[48.5,39.15],[47.06,39.25],[47.17,39.75],[46.85,40.5],[46.1,41.0],[46.75,41.1],[47.5,40.56],[49.25,40.06],[50.22,40.5],[50.95,41.5],[51.5,41.72],[53.12,40.75],[53.31,40.5],[53.05,40.25],[54.25,39.81],[54.5,39.41],[55.59,39.25],[55.5,38.75],[56.0,38.41],[56.06,38.0],[55.35,37.25],[52.75,36.27],[52.0,36.5]]}},{"type":"Feature","properties":{"level":1016},"geometry":{"type":"LineString","coordinates":[[117.25,36.72],[117.03,36.75],[117.25,36.89],[117.25,36.72]]}},{"type":"Feature","properties":{"level":1016},"geometry":{"type":"LineString","coordinates":[[118.25,36.74],[118.25,36.9],[118.55,36.75],[118.25,36.74]]}},{"type":"Feature","properties":{"level":1016},"geometry":{"type":"LineString","coordinates":[[79.75,36.97],[77.0,37.77],[76.5,38.45],[75.36,39.25],[75.48,39.5],[77.0,40.25],[78.0,40.27],[79.46,40.75],[79.71,41.0],[79.23,41.25],[79.5,41.5],[84.25,42.03],[86.06,41.75],[88.25,40.69],[89.0,40.66],[89.75,41.16],[91.75,41.47],[92.14,41.25],[92.04,40.75],[93.0,40.7],[93.67,40.25],[93.43,40.0],[92.0,39.95],[88.75,39.17],[87.5,38.48],[86.5,38.24],[85.98,38.25],[85.95,38.75],[86.75,38.98],[86.88,39.25],[86.25,39.61],[85.5,39.15],[84.5,38.96],[84.25,38.4],[83.5,38.13],[82.0,38.67],[81.25,38.65],[80.93,38.5],[81.22,38.0],[80.85,37.75],[81.16,37.25],[80.95,37.0],[79.75,36.97]]}},{"type":"Feature","properties":{"level":1016},"geometry":{"type":"LineString","coordinates":[[-110.5,38.14],[-110.5,39.0],[-109.75,39.0],[-109.0,39.37],[-108.62,39.25],[-109.47,38.75],[-109.75,38.31],[-110.25,38.41],[-110.5,38.14]]}},{"type":"Feature","properties":{"level":1016},"geometry":{"type":"LineString","coordinates":[[45.0,38.39],[44.63,39.75],[43.92,40.0],[44.08,40.25],[45.83,39.0],[45.51,38.75],[45.61,38.5],[45.0,38.39]]}},{"type":"Feature","properties":{"level":1016},"geometry":{"type":"LineString","coordinates":[[-122.25,39.49],[-122.59,40.25],[-122.25,41.0],[-122.0,40.83],[-121.9,39.75],[-122.0,39.37],[-122.25,39.49]]}},{"type":"Feature","properties":{"level":1016},"geometry":{"type":"LineString","coordinates":[[102.0,39.49],[101.68,40.5],[102.02,41.0],[101.85,42.25],[102.75,42.42],[104.5,41.86],[104.75,42.25],[104.39,42.5],[104.56,42.75],[104.25,43.09],[102.75,42.83],[101.25,43.0],[100.25,42.59],[99.0,42.61],[98.25,43.22],[97.0,43.28],[96.42,43.75],[96.49,44.0],[95.25,44.08],[95.11,44.25],[95.31,44.75],[94.88,45.0],[95.5,45.3],[96.0,45.16],[96.52,45.5],[96.32,45.75],[94.25,45.51],[93.55,46.25],[91.75,46.84],[91.25,47.48],[90.5,47.7],[90.0,48.29],[89.14,48.75],[89.2,49.0],[88.25,49.15],[87.75,49.0],[86.57,50.0],[89.5,50.82],[91.83,50.5],[91.68,50.25],[92.0,49.78],[92.25,50.38],[93.75,50.05],[95.75,50.02],[96.44,49.5],[96.1,49.25],[96.75,49.1],[97.25,48.42],[97.96,48.25],[97.91,47.75],[97.37,47.5],[97.5,47.36],[98.0,47.43],[99.0,47.04],[99.5,47.12],[99.75,46.81],[100.68,46.75],[100.84,46.5],[100.7,45.75],[101.75,45.08],[102.25,44.33],[102.58,44.5],[102.75,43.86],[103.25,43.84],[104.25,44.53],[106.0,44.14],[106.14,44.0],[105.7,43.5],[105.93,42.25],[105.75,41.98],[104.49,41.5],[105.51,41.25],[103.63,40.75],[103.57,40.25],[102.75,39.96],[102.5,39.31],[102.0,39.49]]}},{"type":"Feature","properties":{"level":1016},"geometry":{"type":"LineString","coordinates":[[-110.0,39.58],[-110.0,40.26],[-109.0,40.27],[-108.0,40.7],[-106.99,40.5],[-108.25,39.8],[-108.62,40.0],[-110.0,39.58]]}},{"type":"Feature","properties":{"level":1016},"geometry":{"type":"LineString","coordinates":[[89.25,41.2],[89.25,41.69],[88.71,42.0],[89.3,42.25],[88.01,42.75],[88.25,43.06],[89.5,43.11],[90.5,42.76],[90.62,43.0],[91.75,43.16],[93.25,43.13],[93.89,42.5],[93.87,42.25],[92.75,42.18],[91.25,42.8],[89.25,41.2]]}},{"type":"Feature","properties":{"level":1016},"geometry":{"type":"LineString","coordinates":[[86.5,41.68],[85.94,42.25],[87.3,42.25],[87.81,41.75],[86.5,41.68]]}},{"type":"Feature","properties":{"level":1016},"geometry":{"type":"LineString","coordinates":[[106.25,41.73],[106.5,42.07],[107.48,42.0],[107.0,41.65],[106.25,41.73]]}},{"type":"Feature","properties":{"level":1016},"geometry":{"type":"LineString","coordinates":[[-110.25,41.95],[-110.25,43.15],[-110.0,43.42],[-109.02,42.0],[-110.25,41.95]]}},{"type":"Feature","properties":{"level":1016},"geometry":{"type":"LineString","coordinates":[[-101.75,41.93],[-102.78,42.5],[-103.06,43.5],[-102.75,43.84],[-102.56,43.75],[-102.81,43.5],[-101.23,42.25],[-101.25,42.02],[-101.75,41.93]]}},{"type":"Feature","properties":{"level":1016},"geometry":{"type":"LineString","coordinates":[[-113.5,43.46],[-113.5,44.04],[-112.54,43.75],[-113.0,43.64],[-113.25,43.92],[-113.5,43.46]]}},{"type":"Feature","properties":{"level":1016},"geometry":{"type":"LineString","coordinates":[[132.37,55.75],[133.05,56.0],[132.69,56.25],[132.8,56.5],[131.38,56.75],[131.95,57.25],[131.5,57.36],[131.0,57.38],[130.0,56.96],[129.58,56.25],[129.75,55.98],[130.75,56.12],[132.37,55.75]]}},{"type":"Feature","properties":{"level":1016},"geometry":{"type":"LineString","coordinates":[[142.13,62.0],[142.5,61.97],[143.0,62.38],[144.5,62.24],[144.76,63.0],[143.39,63.5],[143.67,63.75],[143.61,64.0],[142.75,64.85],[141.66,65.0],[141.5,65.39],[140.39,65.5],[140.73,65.75],[139.46,66.25],[140.44,66.5],[138.28,67.25],[138.25,67.64],[137.5,67.63],[137.0,68.08],[135.5,68.02],[134.92,67.25],[135.5,67.07],[136.25,67.33],[136.73,67.25],[136.16,66.75],[136.23,66.25],[135.74,66.0],[134.25,66.24],[133.63,66.0],[134.0,65.18],[135.41,64.75],[135.0,64.63],[135.0,63.73],[136.0,63.33],[137.96,63.25],[137.57,63.0],[138.25,62.76],[138.87,63.0],[138.5,63.56],[139.25,63.78],[139.45,63.5],[139.24,63.25],[139.5,63.08],[142.39,62.5],[142.13,62.0]]}},{"type":"Feature","properties":{"level":1016},"geometry":{"type":"LineString","coordinates":[[137.51,62.25],[138.5,62.16],[139.41,62.5],[138.75,62.73],[138.5,62.34],[137.51,62.25]]}},{"type":"Feature","properties":{"level":1016},"geometry":{"type":"LineString","coordinates":[[137.18,68.25],[137.96,68.25],[137.75,68.51],[136.77,68.75],[137.5,68.99],[139.0,68.69],[139.23,68.75],[139.15,69.25],[137.25,69.54],[136.38,69.25],[135.89,68.75],[136.75,68.71],[137.18,68.25]]}},{"type":"Feature","properties":{"level":1016},"geometry":{"type":"LineString","coordinates":[[-40.1,71.0],[-38.5,71.49],[-37.75,72.54],[-35.56,73.25],[-34.95,73.75],[-35.03,74.0],[-34.0,74.11],[-33.86,74.5],[-34.66,75.0],[-34.15,75.25],[-34.0,75.59],[-32.52,76.0],[-35.25,75.83],[-40.5,76.21],[-41.01,76.0],[-40.75,75.71],[-43.76,74.75],[-43.5,74.54],[-40.75,74.56],[-37.5,75.04],[-36.89,74.75],[-37.25,74.0],[-37.68,73.75],[-40.49,73.5],[-41.15,72.5],[-39.25,72.8],[-38.91,72.5],[-40.1,71.0]]}},{"type":"Feature","properties":{"level":1016},"geometry":{"type":"LineString","coordinates":[[180.0,75.18],[172.5,74.43],[167.22,73.25],[165.17,72.25],[162.5,70.21],[160.87,70.0],[160.22,68.75],[160.64,67.75],[158.5,67.66],[158.25,67.16],[156.83,66.25],[157.2,66.0],[157.03,65.75],[157.59,65.5],[157.3,65.0],[157.75,64.88],[157.91,64.5],[157.75,63.95],[157.5,63.87],[157.25,64.28],[157.01,64.0],[157.41,63.5],[157.51,62.5],[159.0,61.85],[160.75,61.94],[160.85,61.25],[163.0,60.77],[163.75,60.0],[164.39,59.75],[164.46,58.5],[163.5,56.37],[162.9,56.0],[162.25,55.0],[161.75,54.79],[161.0,54.9],[160.49,54.5],[161.59,52.25],[162.66,51.0],[163.5,50.59],[164.11,49.5],[169.0,47.37],[170.57,46.25],[171.62,45.0],[172.16,44.0],[172.41,42.75],[172.19,41.25],[171.75,40.38],[170.0,39.01],[169.25,38.8],[163.5,38.29],[158.0,36.26],[154.25,35.36],[152.75,35.29],[150.75,34.5],[150.74,34.25],[149.91,33.5],[149.0,33.17],[148.52,33.5],[148.55,33.75],[149.59,34.5],[150.61,37.0],[150.39,39.25],[149.54,40.25],[147.4,41.5],[145.75,41.97],[143.5,42.26],[143.25,42.05],[142.75,42.31],[142.5,42.81],[141.25,42.55],[140.5,42.83],[137.25,43.18],[135.73,43.75],[134.75,43.72],[134.47,44.5],[133.75,44.88],[132.25,45.02],[131.12,44.75],[131.2,45.25],[130.25,45.66],[129.86,46.0],[129.97,46.25],[129.0,46.29],[128.39,46.75],[128.79,47.0],[128.65,47.25],[128.94,47.5],[129.5,47.24],[129.52,48.0],[128.75,48.27],[127.75,48.26],[127.0,48.61],[126.74,48.25],[127.0,47.65],[126.21,47.5],[127.83,45.75],[127.55,45.25],[128.67,44.75],[128.62,44.25],[128.25,44.0],[127.25,44.11],[126.5,43.42],[126.4,43.25],[126.78,42.75],[126.66,42.25],[126.15,42.0],[126.02,41.5],[125.5,41.5],[124.52,41.0],[124.58,39.5],[124.0,38.92],[121.25,37.95],[119.25,37.8],[117.75,37.2],[116.25,37.09],[115.56,36.25],[114.1,35.25],[113.96,34.75],[113.25,34.65],[112.82,35.0],[114.01,35.5],[114.22,37.5],[114.03,38.25],[114.31,38.75],[116.0,39.89],[116.75,39.9],[116.87,40.25],[118.25,40.51],[118.71,41.0],[118.44,41.25],[118.5,41.77],[117.75,42.3],[117.95,42.75],[117.7,43.25],[117.78,44.0],[118.4,44.5],[117.34,45.5],[117.68,46.75],[117.63,48.0],[117.31,48.5],[116.79,48.75],[116.62,49.75],[115.5,49.85],[115.29,50.0],[115.52,50.25],[115.29,50.5],[115.0,50.17],[114.35,50.25],[114.39,50.5],[113.8,51.0],[113.64,51.5],[113.75,52.35],[113.04,53.25],[112.44,53.5],[112.78,54.25],[112.17,55.0],[114.25,55.86],[115.25,55.95],[115.45,55.5],[116.0,55.05],[116.25,55.1],[116.33,55.5],[117.39,56.25],[117.02,56.5],[117.5,56.77],[117.75,56.82],[117.6,56.5],[118.0,56.39],[120.25,57.07],[120.56,57.0],[120.15,56.5],[121.08,56.25],[121.03,56.0],[118.9,54.75],[118.9,54.5],[119.5,54.6],[120.0,54.29],[122.0,54.75],[123.71,55.5],[122.5,56.11],[122.34,56.5],[123.75,56.67],[124.25,56.34],[124.41,56.5],[124.0,56.98],[122.75,56.91],[121.89,57.25],[122.5,57.76],[122.75,57.4],[123.25,57.74],[123.78,57.5],[124.0,58.2],[123.5,57.78],[123.0,57.77],[122.66,58.5],[122.0,59.09],[121.25,58.69],[119.75,59.7],[117.75,60.26],[114.25,60.69],[113.75,61.1],[111.25,61.99],[108.28,62.0],[107.75,61.55],[107.41,60.75],[105.75,60.31],[102.0,60.63],[101.5,61.16],[100.73,61.5],[106.25,63.2],[107.25,63.7],[107.84,64.25],[107.08,64.75],[107.56,65.0],[109.0,65.4],[111.5,65.58],[115.57,68.25],[117.17,69.75],[119.99,71.25],[119.27,72.0],[118.0,72.38],[112.5,72.93],[97.0,74.12],[89.0,75.5],[76.5,76.49],[66.5,76.57],[63.75,76.36],[58.05,75.5],[57.94,75.25],[56.74,75.0],[56.51,74.5],[55.75,74.16],[54.0,73.86],[50.0,72.04],[45.75,71.18],[32.0,69.81],[29.0,69.21],[26.75,69.2],[26.0,69.45],[22.5,69.65],[21.32,69.5],[18.98,68.5],[18.92,68.25],[17.0,68.02],[15.25,66.85],[13.85,66.5],[13.8,66.0],[12.62,65.0],[12.68,64.25],[11.75,63.31],[10.75,62.74],[8.5,62.41],[6.25,61.54],[5.0,60.34],[4.5,59.25],[3.0,57.58],[0.48,55.5],[-1.25,54.47],[-2.88,54.25],[-3.25,54.0],[-3.51,53.25],[-4.4,53.0],[-10.5,48.87],[-13.0,47.44],[-13.75,47.37],[-13.75,47.85],[-14.0,47.72],[-14.4,48.25],[-14.45,49.0],[-15.25,49.48],[-15.25,49.81],[-17.25,50.09],[-24.5,50.24],[-39.5,52.11],[-42.75,51.99],[-44.25,51.57],[-46.25,50.5],[-47.35,49.5],[-48.38,48.0],[-46.77,42.75],[-46.86,39.0],[-47.25,37.88],[-49.25,35.83],[-51.5,34.51],[-51.73,34.0],[-54.25,32.64],[-57.0,32.37],[-61.25,32.74],[-61.5,33.08],[-62.68,33.5],[-63.75,34.52],[-64.54,34.75],[-65.15,35.75],[-66.0,36.29],[-71.75,37.42],[-74.0,37.4],[-75.5,36.43],[-77.5,36.04],[-79.41,36.5],[-79.45,37.25],[-78.5,38.14],[-76.0,38.52],[-75.64,38.75],[-75.9,39.5],[-75.58,40.0],[-74.0,40.25],[-73.25,40.85],[-72.82,43.25],[-72.35,43.5],[-72.25,43.9],[-71.52,44.25],[-71.71,45.5],[-72.76,46.5],[-73.44,47.75],[-74.58,49.0],[-75.67,49.75],[-77.37,51.5],[-79.31,52.75],[-82.01,55.0],[-85.25,58.14],[-87.75,59.7],[-90.5,60.66],[-92.25,60.88],[-95.25,60.58],[-97.0,60.64],[-100.4,60.0],[-100.56,58.75],[-101.59,57.0],[-101.13,53.0],[-101.69,52.25],[-101.53,52.0],[-102.25,50.75],[-103.28,49.5],[-103.18,47.75],[-103.5,46.02],[-103.8,45.75],[-103.34,45.5],[-104.0,44.77],[-104.5,45.44],[-105.25,45.15],[-105.75,45.27],[-105.89,45.0],[-105.73,44.5],[-106.01,44.25],[-105.25,42.15],[-104.19,41.75],[-104.0,41.35],[-102.0,39.63],[-100.75,39.15],[-99.0,39.37],[-96.25,38.34],[-94.75,38.08],[-93.75,38.21],[-93.39,38.0],[-93.14,37.75],[-93.37,37.25],[-93.84,37.0],[-93.71,36.25],[-93.95,35.75],[-93.0,35.19],[-91.86,35.25],[-91.75,35.88],[-91.01,36.25],[-91.16,36.75],[-90.81,37.25],[-90.0,37.29],[-87.0,38.22],[-86.82,38.0],[-86.89,37.25],[-88.0,36.76],[-89.0,35.95],[-89.91,35.75],[-89.0,35.01],[-88.42,35.0],[-88.16,34.5],[-88.5,33.58],[-89.25,33.59],[-89.75,33.26],[-90.0,32.52],[-91.16,31.5],[-91.25,30.46],[-93.65,30.0],[-93.0,29.24],[-90.75,27.87],[-88.75,27.29],[-85.0,27.05],[-83.14,28.25],[-83.0,28.78],[-82.0,27.91],[-80.75,27.27],[-79.75,27.72],[-79.0,27.48],[-77.0,27.46],[-76.25,27.13],[-75.75,27.24],[-75.0,26.7],[-74.15,25.5],[-70.0,22.17],[-67.5,21.67],[-67.0,21.28],[-66.75,21.55],[-65.75,21.42],[-64.75,21.85],[-64.0,21.72],[-63.75,22.0],[-61.75,22.17],[-60.75,22.02],[-57.5,20.91],[-55.25,20.89],[-54.25,20.23],[-52.75,19.9],[-52.25,19.46],[-51.5,19.49],[-50.0,19.06],[-49.75,19.24],[-48.5,18.73],[-48.25,18.97],[-46.75,18.65],[-46.25,19.02],[-45.25,18.91],[-45.0,19.21],[-44.5,18.97],[-44.25,19.26],[-43.5,18.95],[-42.75,19.19],[-42.0,18.97],[-41.27,19.5],[-40.0,19.5],[-39.0,20.01],[-38.75,19.71],[-37.5,20.44],[-33.75,20.97],[-32.5,21.6],[-31.75,21.45],[-29.0,22.07],[-27.0,22.01],[-26.5,21.75],[-25.25,22.16],[-23.5,22.15],[-21.5,23.45],[-21.3,24.25],[-20.5,24.77],[-19.75,24.79],[-19.01,25.25],[-16.12,27.75],[-15.25,27.8],[-14.25,28.34],[-14.0,27.89],[-13.12,28.0],[-12.25,28.53],[-11.36,29.5],[-10.39,29.75],[-10.26,30.0],[-10.56,30.75],[-10.0,31.43],[-9.84,31.0],[-10.03,30.5],[-9.55,30.0],[-10.14,29.5],[-10.58,28.5],[-10.25,28.27],[-8.86,28.5],[-9.75,27.9],[-10.5,28.12],[-10.16,27.5],[-7.25,28.29],[-5.75,28.28],[-4.0,28.85],[-3.5,28.7],[-2.5,28.87],[-2.0,28.43],[-1.25,29.29],[0.25,29.32],[0.61,28.75],[0.65,28.0],[1.25,27.67],[2.25,26.38],[2.5,26.27],[2.89,27.0],[3.5,27.4],[4.73,26.75],[3.98,25.0],[4.75,24.15],[5.25,24.2],[5.68,23.75],[5.36,23.25],[5.75,22.76],[7.25,23.64],[8.0,22.84],[8.25,22.85],[8.77,23.25],[9.0,24.09],[9.25,23.84],[10.5,23.54],[11.0,22.93],[12.75,21.99],[13.0,22.28],[14.25,22.41],[14.75,22.87],[15.25,22.15],[16.0,21.75],[16.5,20.76],[17.0,20.7],[17.5,20.21],[18.0,20.47],[18.5,19.59],[19.75,19.87],[21.25,20.77],[23.0,20.9],[23.5,21.14],[24.75,20.36],[26.49,21.5],[25.95,22.0],[26.59,22.25],[26.42,22.5],[27.48,23.5],[28.19,24.75],[28.11,26.0],[29.13,26.0],[27.74,26.75],[28.08,27.5],[29.05,28.0],[29.67,29.5],[27.5,30.11],[27.36,30.25],[27.53,30.5],[25.82,31.5],[25.43,32.0],[25.33,33.0],[24.87,33.75],[24.73,34.75],[25.55,35.25],[25.18,36.25],[25.36,37.5],[26.25,38.5],[28.31,39.25],[28.75,40.0],[27.9,41.0],[28.37,42.5],[28.75,43.01],[35.75,47.72],[36.5,47.91],[39.5,47.11],[42.0,45.97],[44.0,45.86],[44.25,45.75],[44.2,45.25],[44.42,45.0],[45.62,44.75],[46.25,44.24],[46.71,44.25],[46.53,44.5],[47.25,45.48],[49.0,45.21],[50.25,44.61],[50.85,43.5],[50.25,41.98],[49.5,42.63],[47.0,43.92],[46.42,43.25],[44.25,43.18],[42.75,43.97],[40.0,44.03],[40.36,43.5],[43.58,42.25],[43.25,41.9],[42.18,41.75],[41.75,41.19],[39.63,40.5],[39.63,39.75],[39.0,39.57],[38.93,39.25],[40.0,39.1],[41.75,38.4],[43.0,37.3],[44.5,36.86],[44.5,36.46],[45.22,36.25],[45.25,35.94],[46.07,35.25],[46.04,34.0],[46.5,33.35],[47.25,32.98],[47.45,33.0],[47.42,33.25],[47.75,33.25],[49.55,32.25],[50.13,31.0],[51.27,30.25],[51.24,30.0],[52.25,28.77],[53.75,28.21],[54.25,28.31],[54.5,28.09],[56.25,28.5],[56.75,28.1],[57.75,28.83],[58.25,28.35],[58.69,28.5],[56.81,31.75],[57.75,32.41],[58.25,32.4],[59.62,31.25],[59.94,30.5],[59.93,29.5],[60.33,28.0],[61.0,27.76],[61.5,27.13],[61.75,27.54],[63.0,27.11],[63.22,27.25],[62.72,27.5],[61.99,28.75],[62.2,29.0],[64.49,29.5],[63.5,30.02],[62.25,29.62],[61.5,29.66],[60.93,30.0],[60.77,31.0],[61.5,32.4],[63.0,32.99],[64.25,32.5],[65.0,32.68],[65.41,32.5],[65.5,32.21],[66.51,32.25],[66.8,31.5],[66.25,30.89],[65.49,31.0],[65.3,30.5],[65.75,30.59],[65.97,30.25],[65.91,28.5],[66.25,28.21],[66.84,28.75],[67.29,30.0],[68.0,30.32],[68.25,30.79],[68.96,31.25],[69.04,32.25],[69.62,32.5],[69.48,33.25],[69.74,33.75],[70.61,34.0],[70.0,34.22],[69.75,34.6],[70.25,34.94],[71.25,35.01],[73.25,34.38],[76.72,32.0],[77.5,30.75],[78.75,30.18],[79.5,29.48],[81.25,29.05],[82.5,28.18],[84.25,28.18],[84.92,28.0],[85.41,27.5],[87.0,27.08],[88.0,26.9],[88.5,27.11],[89.75,26.82],[93.5,27.12],[95.25,28.16],[96.16,28.0],[96.51,27.0],[97.11,26.75],[97.25,26.46],[97.75,26.84],[98.03,25.75],[97.73,24.25],[98.25,24.29],[99.04,23.75],[99.0,23.25],[99.39,22.5],[99.21,21.5],[99.5,20.94],[99.89,21.25],[99.75,21.53],[100.25,21.47],[100.62,21.75],[100.21,23.0],[100.5,23.76],[100.67,23.25],[101.25,23.42],[101.37,24.25],[101.17,24.75],[101.7,25.25],[101.45,26.0],[100.97,26.5],[101.21,27.0],[102.25,27.19],[102.5,26.93],[102.75,27.2],[103.12,27.0],[103.25,26.58],[103.25,27.6],[103.38,27.25],[104.25,26.93],[104.89,27.0],[105.16,27.5],[103.59,28.25],[103.42,29.0],[103.09,29.25],[103.28,29.5],[102.65,30.0],[104.21,31.5],[104.54,32.25],[105.5,32.82],[107.5,31.76],[107.97,31.25],[108.0,30.8],[108.5,30.64],[107.25,28.78],[107.65,28.5],[107.44,27.75],[108.5,27.85],[107.96,27.0],[109.0,26.55],[109.5,26.56],[109.75,27.17],[110.25,27.07],[110.4,26.5],[109.93,26.25],[110.09,25.75],[109.85,25.5],[110.75,25.8],[110.75,25.02],[111.25,25.48],[111.16,25.75],[111.69,26.0],[111.46,26.25],[111.63,26.75],[111.83,26.75],[111.8,26.0],[112.0,25.9],[112.66,26.25],[112.6,26.5],[113.0,26.85],[113.5,26.97],[113.77,26.75],[113.75,26.39],[113.17,25.75],[112.5,25.36],[112.0,25.39],[111.5,24.78],[111.0,24.85],[111.0,24.5],[110.75,24.37],[110.25,24.43],[109.8,23.75],[110.0,23.42],[110.5,23.75],[111.49,23.25],[110.5,22.93],[110.25,23.07],[109.57,22.5],[109.68,22.0],[110.25,21.81],[110.75,21.95],[111.5,21.55],[116.5,21.34],[118.25,21.67],[119.68,22.25],[119.4,22.5],[119.45,23.25],[119.75,23.67],[120.25,23.85],[120.42,23.75],[120.25,22.25],[120.75,21.85],[121.5,21.82],[127.25,23.76],[129.25,23.79],[130.75,24.31],[131.25,24.12],[133.5,24.68],[138.5,26.14],[139.25,26.64],[141.25,27.36],[141.75,27.05],[143.5,27.29],[143.61,27.0],[144.53,26.5],[144.65,26.0],[145.06,25.75],[145.09,25.25],[146.5,24.96],[147.25,24.43],[148.75,24.13],[149.5,23.71],[151.25,23.83],[153.5,23.2],[157.0,23.31],[159.25,22.92],[166.0,22.58],[167.5,22.26],[176.5,22.5],[180.0,23.01]]}},{"type":"Feature","properties":{"level":1016},"geometry":{"type":"LineString","coordinates":[[-41.23,77.25],[-40.5,77.12],[-39.81,77.5],[-40.5,77.81],[-41.25,77.77],[-41.58,77.5],[-41.23,77.25]]}},{"type":"Feature","properties":{"level":1016},"geometry":{"type":"LineString","coordinates":[[-45.58,77.5],[-42.12,77.5],[-44.0,77.84],[-45.98,77.75],[-45.58,77.5]]}},{"type":"Feature","properties":{"level":1020},"geometry":{"type":"LineString","coordinates":[[180.0,-89.55],[123.25,-89.43],[103.25,-89.15],[97.36,-88.75],[102.18,-88.25],[121.81,-87.25],[127.14,-86.75],[130.75,-86.0],[129.5,-85.04],[130.28,-84.5],[130.3,-84.25],[129.86,-84.0],[129.83,-83.5],[128.5,-82.75],[128.69,-81.75],[131.06,-81.0],[130.94,-80.75],[129.59,-80.25],[131.21,-79.25],[137.1,-76.75],[140.2,-74.75],[140.66,-74.25],[141.0,-73.25],[141.06,-72.0],[140.75,-71.55],[138.25,-70.84],[132.75,-70.78],[131.63,-70.25],[129.0,-69.8],[128.25,-69.83],[127.0,-70.38],[122.25,-70.42],[114.5,-71.24],[106.0,-70.87],[94.75,-70.82],[85.25,-71.19],[83.52,-71.5],[82.67,-72.0],[82.48,-73.25],[82.64,-74.0],[83.25,-74.69],[83.43,-75.5],[83.03,-76.5],[81.94,-77.25],[79.0,-77.82],[70.42,-78.0],[67.82,-78.5],[68.31,-79.0],[67.75,-79.13],[63.0,-79.71],[59.0,-79.66],[54.25,-79.25],[51.49,-78.75],[48.96,-77.5],[48.25,-76.26],[48.62,-75.5],[51.0,-74.19],[55.25,-72.5],[56.67,-71.0],[55.75,-70.42],[54.75,-70.17],[53.5,-70.18],[52.96,-70.5],[51.0,-70.86],[50.5,-71.25],[48.75,-71.03],[47.25,-71.67],[46.42,-71.75],[45.41,-72.25],[45.55,-72.5],[45.25,-72.61],[39.0,-73.08],[35.0,-73.77],[32.0,-73.87],[27.25,-73.29],[24.5,-73.66],[17.75,-73.76],[14.0,-73.24],[12.5,-73.68],[10.5,-73.84],[7.2,-74.75],[5.5,-75.53],[5.18,-76.25],[3.52,-77.0],[2.25,-77.16],[0.94,-77.0],[0.75,-77.5],[-0.25,-77.65],[-0.75,-78.11],[-4.3,-79.0],[-3.33,-79.25],[-5.25,-79.97],[-6.25,-80.81],[-11.74,-81.0],[-12.63,-81.5],[-16.0,-82.12],[-29.79,-83.0],[-36.0,-84.44],[-39.75,-84.97],[-58.25,-85.87],[-73.0,-87.01],[-76.81,-87.5],[-77.03,-87.75],[-70.69,-88.0],[-70.75,-88.25],[-74.97,-88.5],[-75.46,-89.0],[-89.5,-89.36],[-118.0,-89.58],[-180.0,-89.55]]}},{"type":"Feature","properties":{"level":1020},"geometry":{"type":"LineString","coordinates":[[-61.68,-57.75],[-56.25,-57.24],[-54.5,-56.31],[-53.27,-54.75],[-51.75,-53.32],[-49.75,-52.46],[-45.75,-52.13],[-40.5,-52.79],[-38.0,-52.84],[-32.25,-51.97],[-30.75,-51.5],[-27.38,-49.25],[-24.87,-46.5],[-23.86,-44.0],[-23.4,-41.25],[-23.35,-39.25],[-24.0,-38.56],[-27.53,-36.75],[-30.0,-35.94],[-33.28,-35.5],[-33.85,-35.0],[-35.0,-34.81],[-35.5,-34.25],[-36.25,-34.35],[-38.0,-33.4],[-38.5,-33.63],[-40.25,-33.17],[-41.5,-33.33],[-43.25,-33.11],[-44.75,-33.38],[-47.0,-33.38],[-50.5,-34.05],[-54.5,-34.08],[-56.75,-34.63],[-59.75,-34.53],[-61.25,-34.89],[-62.0,-35.36],[-64.75,-35.88],[-65.75,-36.87],[-66.25,-36.57],[-67.0,-36.73],[-67.5,-36.36],[-69.16,-37.5],[-69.0,-37.81],[-69.5,-37.59],[-70.0,-38.2],[-70.5,-38.33],[-71.0,-38.07],[-71.33,-37.5],[-71.27,-36.75],[-71.5,-36.45],[-71.88,-37.0],[-71.9,-37.75],[-72.5,-38.59],[-73.0,-37.4],[-73.66,-37.25],[-73.58,-36.75],[-73.11,-36.25],[-73.65,-34.75],[-74.51,-34.0],[-75.2,-32.75],[-75.32,-30.25],[-75.15,-29.0],[-75.89,-27.75],[-76.09,-26.25],[-76.75,-25.96],[-77.45,-25.25],[-77.75,-24.5],[-77.22,-24.5],[-78.5,-23.33],[-80.25,-22.76],[-81.0,-22.15],[-81.5,-22.4],[-83.25,-21.99],[-84.0,-22.05],[-84.5,-21.76],[-86.25,-21.86],[-88.0,-22.44],[-89.0,-23.11],[-91.75,-24.25],[-92.14,-26.25],[-93.04,-27.5],[-92.41,-29.75],[-92.38,-32.5],[-92.04,-33.0],[-92.26,-34.25],[-91.75,-35.41],[-91.28,-37.5],[-87.75,-42.96],[-79.75,-50.99],[-76.0,-53.69],[-70.75,-55.99],[-66.0,-57.16],[-61.68,-57.75]]}},{"type":"Feature","properties":{"level":1020},"geometry":{"type":"LineString","coordinates":[[146.74,-56.75],[149.75,-56.98],[152.5,-56.52],[156.16,-54.5],[157.78,-53.25],[158.49,-51.5],[158.71,-50.25],[160.58,-47.25],[159.15,-41.5],[159.31,-38.75],[160.75,-35.66],[163.82,-32.0],[164.49,-30.75],[164.89,-29.5],[164.75,-29.0],[165.06,-28.5],[164.21,-27.0],[163.25,-26.43],[162.5,-25.42],[160.19,-24.0],[159.75,-23.51],[158.5,-23.28],[158.0,-22.87],[155.5,-22.33],[153.75,-22.6],[151.75,-21.99],[151.5,-22.86],[151.0,-22.61],[150.0,-22.81],[148.0,-24.52],[148.05,-25.75],[147.55,-26.0],[147.71,-26.5],[147.57,-27.5],[146.75,-27.76],[146.25,-27.49],[145.75,-27.49],[145.5,-27.73],[144.25,-27.4],[143.75,-27.64],[143.5,-28.1],[142.0,-28.22],[138.0,-27.52],[137.0,-27.01],[136.0,-26.96],[134.25,-26.24],[134.0,-26.59],[133.47,-26.75],[133.38,-27.5],[132.67,-27.75],[131.75,-29.66],[131.13,-30.25],[130.74,-31.5],[130.01,-32.5],[129.75,-33.68],[128.76,-34.25],[128.52,-35.25],[127.86,-36.25],[127.82,-38.0],[127.39,-40.5],[127.83,-43.25],[128.33,-44.75],[129.75,-47.6],[132.1,-50.5],[135.84,-53.5],[138.5,-54.98],[140.25,-55.46],[145.25,-56.17],[146.74,-56.75]]}},{"type":"Feature","properties":{"level":1020},"geometry":{"type":"LineString","coordinates":[[53.47,-48.5],[55.5,-48.34],[57.92,-47.5],[59.5,-46.78],[61.5,-45.43],[63.0,-44.95],[63.6,-44.5],[65.0,-43.02],[66.0,-40.95],[68.35,-37.75],[69.28,-35.5],[72.25,-33.47],[73.48,-32.75],[78.5,-30.64],[85.5,-26.94],[89.75,-26.13],[90.25,-26.21],[90.75,-25.89],[91.75,-25.88],[93.54,-24.0],[90.5,-21.87],[90.0,-21.86],[89.75,-21.38],[87.5,-20.85],[85.25,-19.75],[84.5,-19.56],[84.0,-19.76],[83.25,-19.32],[82.75,-19.59],[82.25,-19.22],[81.5,-19.25],[80.75,-18.87],[80.0,-19.0],[76.75,-18.71],[73.25,-18.13],[71.25,-18.4],[65.75,-18.08],[61.75,-18.11],[56.75,-18.67],[54.5,-18.64],[53.0,-18.96],[52.25,-19.39],[50.0,-19.7],[49.5,-19.64],[49.2,-19.25],[49.25,-16.56],[48.75,-16.59],[47.75,-17.56],[47.51,-17.5],[47.5,-17.23],[46.64,-18.5],[46.78,-19.5],[46.54,-20.0],[46.71,-20.25],[46.45,-20.5],[46.72,-22.5],[46.25,-22.65],[46.15,-23.0],[46.26,-23.75],[46.79,-24.25],[46.75,-24.55],[47.46,-24.75],[47.47,-26.0],[47.05,-26.75],[46.25,-27.38],[44.08,-28.25],[43.4,-28.75],[42.04,-30.25],[41.96,-31.25],[39.73,-33.25],[39.64,-33.5],[40.49,-34.75],[40.72,-35.75],[40.52,-36.5],[40.7,-38.0],[40.25,-38.4],[40.21,-38.75],[40.7,-39.25],[41.07,-40.25],[40.97,-40.75],[41.81,-42.75],[45.0,-45.55],[47.25,-46.82],[50.75,-48.12],[53.47,-48.5]]}},{"type":"Feature","properties":{"level":1020},"geometry":{"type":"LineString","coordinates":[[-70.5,-45.02],[-70.75,-44.51],[-71.24,-44.25],[-70.75,-43.92],[-70.01,-44.5],[-70.25,-45.11],[-70.5,-45.02]]}},{"type":"Feature","properties":{"level":1020},"geometry":{"type":"LineString","coordinates":[[-68.5,-43.78],[-68.06,-43.25],[-67.75,-43.23],[-68.0,-43.94],[-68.5,-43.78]]}},{"type":"Feature","properties":{"level":1020},"geometry":{"type":"LineString","coordinates":[[-72.83,-36.75],[-72.5,-36.33],[-72.61,-36.0],[-72.98,-36.25],[-72.83,-36.75]]}},{"type":"Feature","properties":{"level":1020},"geometry":{"type":"LineString","coordinates":[[-70.02,-35.25],[-69.26,-34.25],[-69.13,-33.25],[-69.41,-32.25],[-69.85,-32.0],[-69.78,-30.75],[-69.29,-29.75],[-69.25,-28.82],[-68.35,-27.75],[-68.41,-27.25],[-68.14,-26.75],[-68.25,-26.15],[-68.75,-26.0],[-69.0,-27.08],[-69.35,-27.25],[-70.04,-29.0],[-70.41,-29.25],[-70.2,-30.0],[-70.61,-30.5],[-70.43,-31.0],[-70.69,-31.5],[-70.46,-33.25],[-70.2,-33.75],[-70.56,-34.0],[-70.44,-34.25],[-70.69,-34.75],[-70.5,-35.2],[-70.02,-35.25]]}},{"type":"Feature","properties":{"level":1020},"geometry":{"type":"LineString","coordinates":[[-180.0,-31.62],[-176.0,-34.93],[-171.75,-36.97],[-166.25,-38.56],[-163.75,-38.81],[-159.75,-40.77],[-157.75,-41.5],[-156.5,-41.42],[-153.0,-42.29],[-148.5,-42.86],[-141.5,-42.95],[-135.25,-42.33],[-131.5,-41.35],[-127.42,-39.75],[-120.25,-35.89],[-117.31,-33.0],[-116.39,-31.0],[-117.21,-29.5],[-118.0,-28.87],[-118.75,-28.74],[-122.0,-27.21],[-127.5,-25.92],[-128.75,-26.12],[-129.5,-25.87],[-134.25,-25.6],[-135.5,-26.08],[-136.0,-26.05],[-136.5,-26.45],[-137.25,-26.33],[-137.75,-25.69],[-138.75,-25.38],[-140.0,-25.81],[-140.5,-26.21],[-141.25,-26.31],[-142.25,-25.97],[-144.25,-25.94],[-146.75,-26.79],[-148.25,-26.63],[-150.25,-26.99],[-158.0,-25.18],[-160.0,-25.14],[-164.5,-24.52],[-171.5,-24.33],[-172.25,-24.58],[-175.0,-24.56],[-175.75,-24.81],[-178.0,-24.75],[-178.5,-24.91],[-178.69,-25.25],[-180.0,-25.66]]}},{"type":"Feature","properties":{"level":1020},"geometry":{"type":"LineString","coordinates":[[28.91,-29.75],[29.25,-29.67],[29.39,-29.25],[28.75,-28.62],[28.42,-29.0],[29.0,-29.13],[28.91,-29.75]]}},{"type":"Feature","properties":{"level":1020},"geometry":{"type":"LineString","coordinates":[[-68.63,-25.5],[-67.8,-25.5],[-68.28,-24.75],[-67.75,-24.15],[-67.25,-24.28],[-67.0,-24.0],[-66.75,-24.32],[-66.5,-24.06],[-66.94,-22.25],[-68.0,-21.56],[-68.34,-21.75],[-68.35,-22.5],[-67.99,-23.0],[-67.93,-23.75],[-68.92,-24.75],[-68.63,-25.5]]}},{"type":"Feature","properties":{"level":1020},"geometry":{"type":"LineString","coordinates":[[180.0,-25.66],[179.6,-25.75],[179.5,-26.37],[179.21,-26.25],[179.53,-27.0],[179.39,-27.25],[178.61,-27.25],[177.9,-27.75],[178.19,-29.25],[178.9,-30.5],[180.0,-31.62]]}},{"type":"Feature","properties":{"level":1020},"geometry":{"type":"LineString","coordinates":[[-68.68,-21.5],[-68.44,-21.5],[-68.37,-20.75],[-68.67,-20.25],[-69.03,-18.0],[-69.5,-17.72],[-70.47,-16.25],[-71.0,-16.33],[-71.06,-16.0],[-72.0,-15.26],[-72.5,-15.43],[-72.7,-15.0],[-73.22,-15.0],[-72.75,-15.83],[-72.25,-15.74],[-70.14,-17.5],[-69.23,-19.5],[-68.68,-21.5]]}},{"type":"Feature","properties":{"level":1020},"geometry":{"type":"LineString","coordinates":[[49.16,-15.0],[49.5,-15.04],[49.51,-14.75],[49.25,-14.0],[49.0,-13.96],[48.73,-14.75],[49.16,-15.0]]}},{"type":"Feature","properties":{"level":1020},"geometry":{"type":"LineString","coordinates":[[-76.42,-11.5],[-76.17,-11.5],[-76.14,-11.0],[-77.09,-10.25],[-76.42,-11.5]]}},{"type":"Feature","properties":{"level":1020},"geometry":{"type":"LineString","coordinates":[[18.49,19.75],[18.71,20.0],[18.75,21.68],[18.25,21.0],[18.49,19.75]]}},{"type":"Feature","properties":{"level":1020},"geometry":{"type":"LineString","coordinates":[[120.99,23.25],[121.56,24.0],[121.5,24.47],[120.99,23.25]]}},{"type":"Feature","properties":{"level":1020},"geometry":{"type":"LineString","coordinates":[[98.46,25.75],[99.42,25.75],[100.31,26.75],[100.53,27.5],[101.5,28.42],[101.56,28.75],[101.22,29.0],[101.5,29.59],[101.75,29.15],[101.91,29.75],[101.58,30.75],[101.25,30.59],[101.0,31.0],[100.5,30.74],[100.25,31.18],[99.75,30.68],[99.29,31.0],[99.5,31.5],[98.75,31.57],[98.5,31.02],[98.25,31.37],[98.0,30.96],[97.72,31.0],[97.75,30.38],[96.25,31.9],[95.17,32.25],[96.25,32.62],[98.0,31.87],[98.5,32.08],[98.5,32.48],[98.25,32.56],[98.0,32.28],[97.75,32.66],[99.15,33.25],[98.25,33.55],[97.5,33.32],[97.0,33.7],[96.42,33.75],[97.5,33.86],[98.0,34.5],[98.07,34.25],[98.5,34.18],[99.0,34.64],[99.61,34.75],[99.51,35.5],[98.75,36.61],[98.0,35.97],[97.5,35.87],[97.0,36.11],[94.75,36.09],[94.5,36.37],[94.0,36.23],[93.25,36.47],[92.25,36.26],[91.63,36.75],[91.88,37.25],[91.5,37.6],[90.5,37.87],[89.25,37.73],[89.06,38.0],[89.88,38.25],[90.0,38.66],[90.75,38.47],[91.25,38.97],[92.14,39.0],[90.75,39.08],[90.25,38.85],[90.0,39.0],[88.63,38.75],[88.51,38.5],[86.55,38.0],[85.25,37.25],[81.0,36.17],[80.52,36.25],[80.55,36.5],[80.25,36.64],[79.75,36.5],[78.5,36.95],[76.75,37.13],[76.13,37.75],[75.93,38.5],[74.78,39.5],[75.75,40.14],[78.0,40.78],[79.5,41.78],[80.25,41.68],[82.75,42.45],[85.25,42.22],[86.25,42.78],[86.77,42.75],[87.0,43.16],[87.44,43.25],[87.0,43.39],[86.5,43.17],[86.56,43.75],[86.25,43.91],[83.75,44.27],[83.25,44.67],[82.42,44.5],[82.25,44.8],[82.0,44.64],[81.33,45.0],[83.75,45.36],[84.82,46.5],[85.16,46.5],[85.25,46.18],[87.27,46.0],[87.26,45.5],[88.49,44.25],[88.0,43.72],[89.0,43.68],[89.16,43.75],[88.75,43.79],[88.75,44.11],[89.75,44.38],[91.0,43.72],[92.47,43.75],[91.75,44.75],[91.25,44.51],[90.29,44.75],[90.5,45.12],[91.0,45.13],[91.25,45.75],[91.69,46.0],[90.0,47.4],[89.5,47.34],[88.0,48.0],[88.0,47.75],[88.75,47.41],[89.08,47.0],[88.75,46.88],[88.0,47.2],[87.83,46.75],[87.5,46.68],[86.0,47.05],[85.5,46.62],[85.38,47.0],[85.75,47.39],[86.4,47.5],[85.52,47.75],[84.78,48.5],[84.28,50.25],[84.5,50.33],[88.0,50.49],[91.5,51.97],[93.5,51.7],[94.5,52.01],[95.63,51.75],[95.82,51.5],[95.46,51.25],[96.75,50.95],[97.5,50.44],[98.38,50.25],[98.75,49.85],[100.25,49.71],[100.75,49.16],[101.48,49.25],[101.5,48.75],[102.25,48.63],[103.0,47.72],[103.57,47.75],[104.0,48.29],[105.0,47.82],[106.25,48.1],[107.55,49.0],[107.27,49.25],[108.0,49.86],[109.25,50.08],[110.25,50.57],[111.25,50.59],[111.44,50.75],[111.04,51.5],[111.14,52.0],[109.98,52.5],[110.1,52.75],[109.91,53.0],[110.52,53.25],[110.32,53.5],[109.64,53.5],[109.5,53.96],[108.92,53.25],[108.0,52.98],[107.74,53.5],[108.94,54.75],[109.25,55.52],[109.75,55.68],[109.94,55.5],[109.61,54.75],[109.75,54.11],[110.85,55.0],[111.0,55.7],[111.98,56.25],[113.75,56.5],[113.95,56.75],[113.75,57.34],[114.5,57.3],[114.69,57.5],[114.27,57.75],[114.71,58.5],[114.25,58.61],[114.0,58.96],[113.25,59.26],[112.75,59.03],[112.0,59.16],[109.5,58.55],[107.75,57.67],[105.0,57.13],[104.5,56.79],[103.0,56.67],[100.0,57.05],[95.0,56.51],[92.75,56.65],[91.25,57.14],[89.99,58.5],[89.64,59.75],[90.0,60.59],[91.42,61.75],[93.0,61.88],[94.7,62.5],[97.5,62.86],[103.2,65.0],[105.22,65.5],[106.25,66.15],[109.25,66.96],[109.46,67.25],[111.75,68.29],[112.47,69.25],[113.25,69.53],[114.08,70.25],[114.11,71.25],[113.0,71.84],[110.5,71.88],[94.5,73.26],[84.25,74.74],[78.75,75.14],[71.0,75.21],[63.37,74.5],[60.25,73.56],[55.75,71.42],[51.94,70.25],[47.25,69.39],[36.0,68.56],[33.65,68.0],[32.0,67.93],[29.5,67.25],[28.5,66.75],[27.54,66.0],[27.25,65.17],[26.25,64.66],[21.5,64.27],[20.75,64.67],[19.0,65.03],[17.49,65.0],[18.49,65.5],[18.25,65.76],[16.25,65.82],[14.59,65.0],[14.36,64.5],[14.59,64.25],[14.35,64.0],[14.84,63.5],[14.5,63.08],[12.75,62.91],[10.5,61.68],[9.25,61.71],[8.0,61.31],[8.04,61.0],[7.25,60.71],[6.19,59.75],[5.29,57.5],[4.1,56.0],[1.5,54.03],[-3.66,51.5],[-3.62,51.25],[-5.75,49.49],[-8.25,47.79],[-9.5,47.3],[-12.75,45.42],[-18.5,42.91],[-19.0,42.88],[-19.2,43.25],[-18.75,44.11],[-18.24,44.5],[-17.64,46.0],[-18.25,46.94],[-20.5,47.71],[-23.75,48.28],[-37.25,50.11],[-40.25,50.05],[-42.25,49.85],[-43.74,49.25],[-44.73,48.5],[-45.59,47.25],[-45.68,45.75],[-44.78,43.75],[-44.25,40.25],[-43.51,38.5],[-42.75,37.69],[-41.75,36.96],[-40.25,36.42],[-39.25,36.56],[-38.25,37.71],[-37.0,37.98],[-35.84,37.5],[-35.25,36.85],[-34.5,36.88],[-34.01,36.5],[-34.75,36.41],[-34.8,36.0],[-36.25,35.2],[-37.99,35.0],[-40.68,33.75],[-41.75,32.46],[-45.25,30.79],[-46.11,29.75],[-46.11,29.0],[-45.45,28.25],[-42.0,27.43],[-38.75,27.61],[-37.5,27.34],[-36.25,28.38],[-35.5,28.58],[-33.75,27.9],[-32.0,27.59],[-30.25,28.13],[-28.75,27.77],[-27.75,27.81],[-26.75,28.35],[-26.0,28.16],[-24.5,28.84],[-24.25,29.22],[-23.25,29.2],[-22.25,30.22],[-18.5,31.24],[-18.5,31.82],[-18.0,31.71],[-16.42,32.5],[-13.5,35.27],[-9.0,36.49],[-6.75,36.81],[-5.75,36.35],[-5.5,35.25],[-4.4,34.5],[-4.35,34.0],[-4.5,33.7],[-5.0,33.75],[-5.35,33.5],[-5.63,32.75],[-6.93,31.75],[-8.99,31.0],[-8.75,30.75],[-8.0,30.77],[-7.9,30.5],[-8.73,30.0],[-8.75,29.61],[-7.0,30.45],[-6.25,30.46],[-4.25,31.58],[-3.25,31.1],[-2.75,31.85],[-2.0,31.38],[2.0,31.4],[2.75,31.09],[6.5,31.6],[10.25,30.09],[10.48,28.75],[11.25,28.38],[12.25,28.14],[12.75,28.25],[13.18,27.75],[14.5,27.55],[14.75,27.17],[15.75,27.25],[17.5,26.57],[19.75,26.75],[20.98,27.5],[21.69,29.25],[21.41,30.5],[20.56,31.5],[20.66,32.25],[20.25,32.07],[19.99,32.25],[19.86,36.25],[20.19,36.5],[19.67,37.0],[19.39,39.0],[19.0,40.04],[19.25,40.26],[19.78,40.0],[19.71,39.75],[20.18,39.25],[20.15,38.75],[20.5,38.83],[20.75,38.54],[20.5,38.18],[21.25,38.09],[21.75,37.23],[22.25,36.89],[23.0,36.89],[23.25,37.9],[23.94,38.75],[24.88,41.0],[26.17,41.25],[27.17,42.25],[26.56,42.5],[26.73,42.75],[27.45,43.0],[27.33,43.25],[27.95,43.75],[28.38,44.5],[30.47,46.5],[35.25,50.51],[37.25,51.47],[39.0,51.83],[40.2,51.5],[42.5,49.67],[44.75,49.08],[46.0,49.1],[48.7,48.25],[52.0,46.0],[53.42,44.5],[53.95,43.5],[54.75,43.05],[55.25,42.33],[56.75,41.44],[57.75,41.25],[62.0,38.6],[63.25,38.33],[64.75,39.36],[65.9,39.0],[66.04,38.75],[65.83,36.75],[64.75,36.22],[64.62,36.75],[63.75,37.2],[63.25,37.21],[62.8,36.5],[62.8,36.25],[63.43,35.75],[63.0,35.12],[62.59,35.25],[62.25,36.54],[61.81,36.0],[61.0,35.93],[59.62,37.0],[58.25,37.77],[57.78,37.75],[57.54,37.25],[57.71,37.0],[59.13,36.0],[59.16,35.75],[58.27,35.5],[59.5,35.2],[60.5,34.35],[61.5,34.1],[61.84,34.25],[61.5,34.52],[62.25,34.56],[62.78,34.25],[62.75,33.7],[63.55,33.5],[64.15,33.0],[66.5,33.6],[66.66,33.5],[66.5,33.18],[67.0,32.9],[68.5,33.84],[69.25,35.09],[71.5,35.55],[72.25,35.15],[73.0,35.12],[73.25,34.71],[74.25,34.64],[75.06,34.25],[75.39,33.5],[75.75,33.4],[76.46,32.25],[77.25,31.92],[78.75,30.59],[79.55,30.5],[79.75,30.09],[80.59,30.0],[81.78,29.0],[83.0,28.42],[84.5,28.38],[86.5,27.51],[87.25,27.63],[88.0,27.27],[88.5,27.5],[88.75,27.23],[89.75,26.98],[90.0,27.19],[91.25,27.3],[91.75,27.0],[92.36,27.25],[93.49,28.25],[95.0,28.91],[95.25,28.56],[96.5,28.03],[97.0,27.4],[97.25,27.78],[98.08,27.75],[98.46,25.75]]}},{"type":"Feature","properties":{"level":1020},"geometry":{"type":"LineString","coordinates":[[120.04,28.0],[121.14,28.5],[121.92,29.25],[121.92,29.5],[121.19,29.75],[120.04,28.0]]}},{"type":"Feature","properties":{"level":1020},"geometry":{"type":"LineString","coordinates":[[-180.0,28.3],[-176.0,28.39],[-170.5,29.74],[-169.0,30.63],[-167.43,32.0],[-166.2,33.5],[-165.81,34.5],[-165.91,35.5],[-166.97,36.5],[-166.91,37.0],[-169.45,40.25],[-172.32,46.5],[-173.31,49.5],[-174.74,57.25],[-173.75,60.44],[-172.96,61.75],[-170.5,63.84],[-169.0,65.85],[-165.87,67.75],[-163.75,68.02],[-163.5,67.43],[-162.25,67.67],[-160.0,66.85],[-157.5,66.53],[-158.04,66.0],[-157.0,65.44],[-155.76,65.25],[-156.57,64.75],[-156.03,64.25],[-154.75,63.93],[-154.25,63.18],[-152.11,63.0],[-154.05,62.25],[-154.03,61.75],[-153.6,61.0],[-153.85,60.5],[-153.69,60.0],[-153.0,59.54],[-152.0,59.43],[-148.0,57.44],[-143.75,54.05],[-137.67,48.5],[-136.7,47.0],[-136.68,45.25],[-137.25,43.64],[-138.95,41.0],[-140.19,38.5],[-140.47,37.25],[-141.19,35.75],[-141.19,34.5],[-141.76,33.25],[-141.4,32.0],[-142.01,31.0],[-141.27,29.75],[-140.25,29.0],[-136.0,27.74],[-133.0,28.04],[-129.25,28.81],[-127.0,29.96],[-124.82,35.0],[-124.71,36.75],[-124.98,39.5],[-124.91,40.0],[-124.24,40.75],[-124.25,41.03],[-124.89,41.5],[-124.52,42.25],[-124.0,42.45],[-123.57,42.0],[-123.0,41.93],[-122.25,42.12],[-122.14,42.75],[-121.75,43.18],[-121.25,43.06],[-121.27,43.5],[-120.5,43.11],[-120.0,43.17],[-119.71,43.75],[-118.24,44.25],[-118.33,44.5],[-118.0,44.92],[-116.93,45.25],[-117.39,45.75],[-117.48,46.0],[-117.25,46.09],[-116.0,45.53],[-115.26,45.5],[-115.25,45.24],[-115.02,45.25],[-115.25,45.5],[-114.81,45.75],[-114.75,46.14],[-114.5,45.89],[-114.5,46.41],[-114.85,47.0],[-116.0,47.36],[-116.35,47.75],[-116.17,48.25],[-116.5,48.09],[-116.75,48.55],[-117.31,48.0],[-117.0,47.76],[-116.75,47.9],[-116.75,47.65],[-118.97,47.75],[-118.09,47.25],[-119.02,45.75],[-120.25,45.46],[-121.31,46.0],[-120.91,46.25],[-120.75,46.86],[-120.41,47.0],[-120.34,47.25],[-120.58,47.5],[-120.25,47.75],[-120.14,49.0],[-120.38,49.5],[-119.7,50.25],[-121.52,50.75],[-123.72,52.0],[-120.5,52.21],[-120.25,52.42],[-120.21,52.0],[-119.39,51.5],[-119.35,51.25],[-119.65,51.0],[-119.5,50.8],[-118.5,50.59],[-118.0,50.07],[-118.0,49.39],[-117.25,49.07],[-116.97,49.25],[-116.95,50.0],[-117.95,51.75],[-117.54,52.0],[-118.0,52.33],[-119.75,52.88],[-120.34,53.25],[-119.87,53.5],[-120.59,53.5],[-121.21,53.75],[-121.25,54.05],[-122.75,53.74],[-123.63,54.0],[-123.0,54.49],[-122.25,54.35],[-121.95,54.5],[-122.26,54.75],[-122.0,54.79],[-120.0,54.39],[-118.76,54.5],[-119.32,55.25],[-119.14,55.75],[-119.56,56.5],[-119.27,57.0],[-120.3,58.0],[-119.82,58.75],[-118.19,59.25],[-116.75,60.03],[-115.87,61.0],[-114.13,62.25],[-113.7,63.0],[-107.25,64.33],[-105.88,64.75],[-105.52,65.25],[-105.71,65.75],[-108.77,67.75],[-108.77,68.5],[-110.65,71.0],[-110.74,71.5],[-111.16,71.75],[-111.21,72.25],[-115.0,73.28],[-116.75,73.49],[-118.25,74.08],[-120.5,74.06],[-122.75,74.38],[-131.0,74.85],[-139.75,75.06],[-148.75,74.76],[-157.5,74.13],[-180.0,73.6]]}},{"type":"Feature","properties":{"level":1020},"geometry":{"type":"LineString","coordinates":[[122.16,28.5],[122.5,28.33],[123.0,28.49],[124.5,30.02],[124.75,29.68],[125.75,30.41],[126.25,29.95],[126.44,30.5],[127.0,30.59],[127.5,31.14],[128.0,30.95],[128.15,31.5],[128.75,31.37],[129.75,32.05],[130.25,31.23],[131.0,31.09],[132.84,32.0],[133.25,32.54],[133.64,32.25],[133.75,31.7],[134.0,31.69],[135.5,33.32],[135.75,33.46],[136.25,33.24],[137.5,33.93],[137.48,34.25],[137.84,34.5],[137.75,34.84],[138.75,34.33],[141.0,34.57],[141.5,34.42],[142.25,34.94],[143.5,34.95],[144.5,35.65],[144.78,36.5],[145.25,37.03],[145.75,37.07],[146.12,37.5],[146.03,37.75],[143.7,39.5],[142.8,39.75],[141.75,39.71],[141.25,40.08],[141.0,39.77],[140.75,40.03],[139.5,40.28],[138.0,40.1],[136.5,39.15],[136.0,39.25],[134.5,38.58],[132.5,38.17],[129.5,38.39],[128.75,38.2],[126.75,39.09],[126.28,38.75],[125.25,37.16],[119.75,34.39],[119.57,33.25],[120.14,32.5],[120.18,31.75],[121.17,31.5],[121.25,30.83],[121.82,30.5],[122.16,28.5]]}},{"type":"Feature","properties":{"level":1020},"geometry":{"type":"LineString","coordinates":[[56.99,28.75],[56.93,29.0],[57.75,29.1],[57.68,30.0],[57.25,30.73],[55.89,31.75],[57.2,30.25],[57.0,30.08],[55.75,30.16],[54.75,30.8],[54.62,30.5],[55.25,30.12],[55.5,30.21],[56.22,29.0],[56.99,28.75]]}},{"type":"Feature","properties":{"level":1020},"geometry":{"type":"LineString","coordinates":[[90.5,28.65],[90.0,29.27],[88.75,28.83],[86.75,29.1],[86.51,29.25],[86.89,29.75],[86.75,29.86],[85.0,30.23],[83.5,31.09],[82.75,31.1],[81.0,31.65],[79.39,32.75],[79.59,33.0],[79.5,33.3],[78.75,33.26],[78.97,34.0],[78.68,34.25],[78.97,34.5],[78.71,35.0],[78.24,35.25],[78.27,35.5],[79.5,35.76],[81.0,34.93],[83.0,35.41],[83.25,35.78],[84.94,36.25],[85.0,36.54],[86.5,36.83],[86.75,36.84],[86.75,36.35],[87.5,36.1],[88.0,36.42],[88.5,35.9],[88.75,35.93],[88.58,36.75],[88.25,36.62],[88.0,36.86],[86.88,37.0],[88.0,37.28],[88.75,37.19],[89.11,36.75],[89.1,36.25],[90.0,36.31],[91.0,35.35],[91.38,35.75],[91.35,36.0],[92.75,35.9],[92.92,35.75],[92.5,35.7],[92.25,35.0],[91.2,34.75],[92.02,34.5],[91.92,34.25],[92.31,34.25],[92.58,33.75],[92.5,33.32],[91.75,33.46],[91.5,33.8],[90.67,33.75],[90.97,34.25],[90.5,34.42],[89.61,34.25],[91.0,32.9],[92.0,33.05],[92.0,32.28],[93.5,32.29],[93.75,31.75],[94.5,31.25],[93.5,31.26],[93.0,30.9],[92.25,30.81],[91.5,31.34],[90.75,31.09],[91.82,30.5],[91.89,30.0],[91.24,29.5],[91.6,29.25],[90.5,28.65]]}},{"type":"Feature","properties":{"level":1020},"geometry":{"type":"LineString","coordinates":[[52.19,29.5],[52.5,30.17],[53.25,30.26],[53.56,30.0],[54.06,30.0],[53.83,30.5],[52.88,31.0],[52.0,32.07],[51.16,32.5],[51.5,33.23],[52.75,32.65],[52.89,33.0],[52.0,33.32],[51.0,34.27],[50.74,34.25],[50.84,34.0],[50.5,33.62],[50.12,33.75],[50.36,34.0],[50.25,34.18],[50.0,34.01],[49.5,34.5],[48.75,34.44],[48.91,34.75],[48.35,35.0],[48.5,35.3],[49.97,35.25],[49.17,35.75],[49.11,36.5],[48.52,36.75],[48.28,36.5],[48.64,36.0],[47.5,35.0],[47.75,34.7],[48.0,34.89],[48.64,34.25],[48.1,34.0],[49.0,33.4],[49.5,32.53],[50.35,31.75],[50.25,31.27],[50.5,31.6],[50.7,31.5],[50.5,31.25],[51.0,30.65],[51.5,30.48],[52.19,29.5]]}},{"type":"Feature","properties":{"level":1020},"geometry":{"type":"LineString","coordinates":[[90.48,29.5],[90.63,30.25],[90.97,30.5],[89.61,30.25],[90.48,29.5]]}},{"type":"Feature","properties":{"level":1020},"geometry":{"type":"LineString","coordinates":[[54.09,31.25],[54.25,31.09],[54.43,31.25],[54.25,31.67],[53.5,32.14],[53.25,32.01],[54.09,31.25]]}},{"type":"Feature","properties":{"level":1020},"geometry":{"type":"LineString","coordinates":[[-17.5,32.41],[-17.5,32.57],[-17.5,32.41]]}},{"type":"Feature","properties":{"level":1020},"geometry":{"type":"LineString","coordinates":[[59.42,32.75],[60.0,32.64],[60.41,33.25],[60.0,33.75],[59.25,33.58],[59.42,32.75]]}},{"type":"Feature","properties":{"level":1020},"geometry":{"type":"LineString","coordinates":[[82.34,33.75],[82.5,33.52],[82.69,34.0],[81.75,34.59],[80.65,34.5],[80.75,34.32],[81.75,34.31],[82.34,33.75]]}},{"type":"Feature","properties":{"level":1020},"geometry":{"type":"LineString","coordinates":[[76.75,34.21],[76.0,34.43],[75.91,35.0],[75.34,35.5],[76.44,35.25],[76.6,35.0],[76.38,34.75],[77.27,34.25],[76.75,34.21]]}},{"type":"Feature","properties":{"level":1020},"geometry":{"type":"LineString","coordinates":[[85.64,34.25],[86.0,34.15],[86.34,34.5],[85.75,34.83],[85.25,34.68],[85.13,34.5],[85.64,34.25]]}},{"type":"Feature","properties":{"level":1020},"geometry":{"type":"LineString","coordinates":[[82.41,34.5],[83.22,34.5],[83.0,34.91],[81.95,34.75],[82.41,34.5]]}},{"type":"Feature","properties":{"level":1020},"geometry":{"type":"LineString","coordinates":[[52.27,35.5],[53.0,35.48],[53.75,35.76],[53.85,36.0],[53.75,36.18],[53.0,36.01],[51.25,36.42],[50.5,36.85],[50.09,36.75],[50.82,36.0],[52.27,35.5]]}},{"type":"Feature","properties":{"level":1020},"geometry":{"type":"LineString","coordinates":[[73.5,35.46],[74.25,35.63],[74.03,36.0],[74.25,36.22],[74.87,35.75],[74.76,35.5],[74.0,35.31],[73.5,35.46]]}},{"type":"Feature","properties":{"level":1020},"geometry":{"type":"LineString","coordinates":[[84.69,35.5],[85.25,35.37],[87.1,35.75],[85.75,36.15],[85.5,36.48],[85.04,36.25],[85.25,35.97],[84.75,35.94],[84.69,35.5]]}},{"type":"Feature","properties":{"level":1020},"geometry":{"type":"LineString","coordinates":[[-33.75,36.22],[-33.94,36.5],[-33.64,36.5],[-33.75,36.22]]}},{"type":"Feature","properties":{"level":1020},"geometry":{"type":"LineString","coordinates":[[53.87,36.25],[54.9,36.5],[54.5,36.7],[53.95,36.5],[53.87,36.25]]}},{"type":"Feature","properties":{"level":1020},"geometry":{"type":"LineString","coordinates":[[101.91,36.25],[102.79,36.25],[102.5,36.66],[102.25,36.6],[101.75,37.02],[101.16,36.5],[101.91,36.25]]}},{"type":"Feature","properties":{"level":1020},"geometry":{"type":"LineString","coordinates":[[-33.25,36.41],[-33.45,36.5],[-33.25,36.61],[-33.25,36.41]]}},{"type":"Feature","properties":{"level":1020},"geometry":{"type":"LineString","coordinates":[[102.58,36.75],[102.75,36.66],[103.3,37.25],[100.0,38.52],[99.25,39.06],[99.07,38.75],[99.26,38.5],[98.44,38.25],[99.25,37.85],[99.5,38.3],[99.85,38.0],[99.59,37.75],[99.75,37.65],[101.25,37.83],[102.25,37.37],[102.58,36.75]]}},{"type":"Feature","properties":{"level":1020},"geometry":{"type":"LineString","coordinates":[[-113.08,37.5],[-112.25,37.5],[-111.54,38.0],[-111.52,38.75],[-110.93,39.75],[-110.91,40.25],[-110.22,41.25],[-111.14,41.25],[-111.75,41.78],[-112.18,41.25],[-112.0,40.49],[-112.25,40.66],[-112.86,40.5],[-112.5,40.5],[-111.73,39.5],[-112.7,38.5],[-112.59,38.0],[-113.08,37.5]]}},{"type":"Feature","properties":{"level":1020},"geometry":{"type":"LineString","coordinates":[[43.91,37.5],[44.5,37.59],[44.25,38.48],[43.16,38.0],[43.25,37.64],[43.91,37.5]]}},{"type":"Feature","properties":{"level":1020},"geometry":{"type":"LineString","coordinates":[[95.42,38.0],[96.5,38.01],[96.86,38.25],[96.75,38.44],[95.75,38.46],[95.28,38.25],[95.42,38.0]]}},{"type":"Feature","properties":{"level":1020},"geometry":{"type":"LineString","coordinates":[[94.38,38.5],[94.61,38.5],[94.53,39.0],[95.0,39.06],[96.0,38.63],[97.25,38.54],[97.41,38.75],[97.25,38.92],[96.8,39.0],[97.56,39.5],[95.5,39.67],[94.75,39.36],[93.5,39.43],[93.1,39.25],[93.75,38.99],[94.25,39.16],[94.5,39.0],[93.96,38.75],[94.38,38.5]]}},{"type":"Feature","properties":{"level":1020},"geometry":{"type":"LineString","coordinates":[[-115.85,39.75],[-115.5,39.52],[-114.25,40.52],[-114.89,41.0],[-115.25,40.98],[-116.17,40.25],[-116.25,39.99],[-115.85,39.75]]}},{"type":"Feature","properties":{"level":1020},"geometry":{"type":"LineString","coordinates":[[45.7,39.75],[46.0,39.55],[46.18,40.25],[45.12,40.0],[45.7,39.75]]}},{"type":"Feature","properties":{"level":1020},"geometry":{"type":"LineString","coordinates":[[-92.54,40.25],[-92.0,40.14],[-90.0,40.46],[-88.25,40.18],[-86.25,40.59],[-84.5,40.6],[-83.25,40.31],[-80.25,40.76],[-78.75,41.65],[-76.26,42.5],[-76.17,42.75],[-76.93,43.25],[-76.9,43.75],[-76.5,43.97],[-76.0,43.87],[-74.92,44.5],[-75.81,45.5],[-76.68,47.5],[-78.5,48.83],[-79.05,49.5],[-78.95,50.0],[-79.74,51.0],[-85.25,55.4],[-88.88,57.5],[-90.75,58.08],[-93.0,58.09],[-95.25,57.61],[-96.5,57.22],[-98.35,55.75],[-98.51,54.0],[-98.29,53.75],[-98.24,52.75],[-99.46,50.5],[-99.26,50.25],[-99.41,49.5],[-100.04,49.0],[-99.61,48.0],[-99.92,45.5],[-99.42,44.5],[-98.75,44.09],[-98.25,44.08],[-96.65,42.5],[-93.57,41.0],[-93.51,40.75],[-92.54,40.25]]}},{"type":"Feature","properties":{"level":1020},"geometry":{"type":"LineString","coordinates":[[48.14,41.0],[48.31,41.0],[48.18,41.25],[47.61,41.5],[47.5,41.9],[46.5,42.44],[45.0,42.76],[43.68,42.75],[44.5,42.31],[46.25,41.96],[48.14,41.0]]}},{"type":"Feature","properties":{"level":1020},"geometry":{"type":"LineString","coordinates":[[114.84,41.25],[115.25,41.24],[115.47,41.5],[115.34,41.75],[115.74,42.5],[115.0,43.21],[113.76,42.75],[114.19,42.5],[114.0,42.35],[112.87,42.25],[112.98,41.75],[113.25,41.68],[113.5,42.13],[114.0,42.21],[114.36,41.75],[114.16,41.5],[114.84,41.25]]}},{"type":"Feature","properties":{"level":1020},"geometry":{"type":"LineString","coordinates":[[42.84,43.0],[43.53,43.0],[42.75,43.36],[42.3,43.25],[42.84,43.0]]}},{"type":"Feature","properties":{"level":1020},"geometry":{"type":"LineString","coordinates":[[93.69,43.25],[94.0,43.21],[94.15,43.5],[93.5,43.87],[92.75,43.5],[93.69,43.25]]}},{"type":"Feature","properties":{"level":1020},"geometry":{"type":"LineString","coordinates":[[89.37,43.5],[90.61,43.5],[89.37,43.5]]}},{"type":"Feature","properties":{"level":1020},"geometry":{"type":"LineString","coordinates":[[112.36,44.5],[112.94,45.0],[111.44,44.75],[111.75,44.55],[112.25,44.69],[112.36,44.5]]}},{"type":"Feature","properties":{"level":1020},"geometry":{"type":"LineString","coordinates":[[93.19,45.25],[93.5,45.07],[94.04,45.25],[93.0,45.9],[92.25,46.14],[91.97,46.0],[91.88,45.75],[93.19,45.25]]}},{"type":"Feature","properties":{"level":1020},"geometry":{"type":"LineString","coordinates":[[112.9,45.75],[113.34,45.75],[112.9,46.25],[112.3,46.0],[112.9,45.75]]}},{"type":"Feature","properties":{"level":1020},"geometry":{"type":"LineString","coordinates":[[138.21,64.5],[139.87,64.5],[140.06,64.75],[139.93,65.25],[139.25,65.35],[137.74,65.0],[138.49,64.75],[138.21,64.5]]}},{"type":"Feature","properties":{"level":1020},"geometry":{"type":"LineString","coordinates":[[159.74,65.0],[160.86,65.0],[160.5,65.28],[159.74,65.0]]}},{"type":"Feature","properties":{"level":1020},"geometry":{"type":"LineString","coordinates":[[180.0,73.6],[175.5,73.06],[172.81,72.25],[171.9,71.25],[172.18,70.25],[171.83,70.0],[170.75,69.93],[170.04,69.5],[169.96,69.0],[169.5,68.77],[167.75,68.6],[165.2,68.75],[165.26,68.25],[164.29,68.0],[164.73,67.75],[163.75,67.25],[163.94,66.5],[163.66,66.25],[161.5,65.89],[161.5,65.68],[162.46,65.0],[160.75,64.59],[160.5,64.09],[160.07,64.0],[160.06,63.5],[160.5,62.9],[161.25,62.65],[162.5,62.78],[164.25,62.31],[164.42,61.5],[165.15,61.25],[165.0,60.48],[166.75,59.69],[166.85,58.25],[164.67,54.75],[164.59,53.0],[165.25,52.21],[166.1,50.25],[168.25,49.41],[169.23,48.75],[171.65,46.5],[172.98,44.5],[173.49,43.25],[173.76,41.75],[173.25,39.03],[172.5,38.4],[172.0,37.59],[171.25,37.26],[170.0,36.06],[168.75,35.34],[163.5,34.11],[158.5,32.18],[156.33,30.75],[155.94,30.25],[155.76,29.5],[156.5,28.93],[160.25,27.68],[163.75,27.47],[167.5,26.93],[175.25,27.25],[180.0,28.3]]}},{"type":"Feature","properties":{"level":1024},"geometry":{"type":"LineString","coordinates":[[-40.79,-89.75],[49.0,-89.71],[54.52,-89.5],[53.98,-89.25],[57.04,-89.0],[91.25,-88.4],[109.65,-87.75],[120.65,-87.0],[124.81,-86.5],[127.04,-86.0],[126.67,-85.25],[127.35,-84.25],[127.37,-83.75],[126.32,-82.75],[126.53,-81.75],[128.49,-81.0],[127.96,-80.5],[129.25,-79.54],[136.86,-76.0],[139.02,-74.25],[139.33,-73.5],[138.98,-73.0],[139.05,-72.75],[138.0,-72.16],[131.5,-71.21],[123.5,-70.89],[113.75,-71.51],[105.75,-71.05],[88.75,-71.3],[86.0,-71.56],[83.66,-72.25],[83.59,-73.0],[84.41,-74.25],[84.95,-75.75],[84.67,-76.5],[83.5,-77.25],[80.75,-77.91],[72.5,-78.37],[71.94,-78.5],[72.75,-79.25],[71.88,-79.5],[66.0,-79.97],[56.75,-79.92],[51.26,-79.25],[49.75,-78.82],[48.5,-78.16],[47.29,-76.75],[47.2,-75.75],[49.39,-74.0],[55.0,-71.75],[55.86,-71.0],[55.75,-70.68],[54.5,-70.57],[53.29,-70.75],[50.75,-71.62],[48.75,-72.79],[46.5,-73.2],[40.75,-73.53],[37.0,-74.13],[32.0,-74.28],[27.75,-73.89],[26.75,-73.52],[25.0,-73.98],[21.25,-74.2],[14.0,-73.86],[12.0,-74.37],[10.24,-75.0],[9.0,-75.77],[7.9,-76.0],[7.72,-76.25],[8.03,-76.5],[7.25,-77.49],[5.27,-77.75],[4.25,-78.28],[2.0,-78.38],[1.75,-78.5],[1.99,-78.75],[1.81,-79.25],[-0.5,-79.58],[-1.31,-80.5],[-0.75,-80.82],[1.03,-81.0],[0.92,-81.25],[-5.75,-81.21],[-6.54,-81.5],[-13.25,-82.21],[-22.0,-83.93],[-24.5,-84.02],[-34.75,-85.57],[-43.25,-86.09],[-56.5,-86.38],[-66.35,-87.25],[-62.14,-87.75],[-62.25,-88.0],[-63.75,-88.5],[-61.07,-89.0],[-63.65,-89.25],[-62.5,-89.49],[-40.79,-89.75]]}},{"type":"Feature","properties":{"level":1024},"geometry":{"type":"LineString","coordinates":[[-60.01,-55.0],[-59.25,-55.04],[-58.36,-54.75],[-53.05,-51.5],[-47.75,-49.86],[-45.5,-49.76],[-39.5,-50.43],[-37.25,-50.45],[-35.5,-50.2],[-33.25,-49.45],[-30.02,-47.5],[-28.58,-46.25],[-28.05,-44.5],[-27.89,-42.0],[-29.0,-40.8],[-30.25,-40.25],[-32.25,-40.13],[-37.0,-38.68],[-41.0,-38.03],[-43.25,-36.93],[-48.0,-36.64],[-51.75,-37.26],[-56.0,-37.33],[-58.0,-37.14],[-59.0,-37.34],[-62.0,-39.43],[-63.25,-39.78],[-64.25,-41.66],[-65.54,-41.75],[-65.62,-42.25],[-65.35,-43.0],[-65.73,-44.0],[-65.51,-44.5],[-65.62,-45.25],[-66.24,-46.25],[-67.18,-46.75],[-66.34,-48.25],[-67.45,-51.0],[-66.85,-52.5],[-65.75,-53.3],[-64.0,-54.0],[-60.01,-55.0]]}},{"type":"Feature","properties":{"level":1024},"geometry":{"type":"LineString","coordinates":[[148.32,-54.75],[149.75,-54.63],[152.5,-53.78],[153.99,-52.75],[155.1,-51.0],[155.47,-49.5],[156.62,-48.25],[157.0,-46.25],[157.49,-45.5],[157.19,-40.0],[158.29,-34.75],[158.86,-34.0],[159.33,-32.5],[159.65,-29.5],[159.01,-27.75],[158.2,-27.25],[158.25,-26.99],[157.25,-26.96],[155.5,-25.79],[154.5,-26.12],[154.0,-25.64],[152.25,-26.14],[151.79,-26.75],[151.84,-27.25],[150.99,-29.0],[148.75,-30.22],[147.25,-30.7],[145.5,-30.56],[142.75,-32.59],[142.25,-31.97],[141.59,-32.5],[140.75,-32.56],[139.75,-32.2],[139.25,-32.31],[138.75,-31.92],[138.5,-32.27],[138.0,-32.42],[137.5,-31.99],[136.12,-32.75],[136.25,-33.51],[135.5,-33.22],[134.25,-33.41],[134.0,-33.95],[132.75,-34.81],[131.75,-35.91],[131.25,-36.09],[130.23,-38.5],[129.92,-40.0],[129.89,-42.25],[130.25,-44.0],[131.75,-47.0],[134.5,-50.26],[139.25,-53.29],[143.0,-54.18],[148.32,-54.75]]}},{"type":"Feature","properties":{"level":1024},"geometry":{"type":"LineString","coordinates":[[-73.68,-51.0],[-73.5,-51.2],[-73.06,-50.75],[-72.97,-49.0],[-73.25,-48.34],[-73.75,-48.38],[-74.09,-49.0],[-73.92,-49.75],[-74.11,-50.25],[-73.68,-51.0]]}},{"type":"Feature","properties":{"level":1024},"geometry":{"type":"LineString","coordinates":[[-75.6,-50.25],[-75.25,-50.41],[-74.58,-50.0],[-75.25,-49.0],[-75.27,-48.0],[-75.0,-47.68],[-74.0,-47.46],[-73.5,-47.62],[-72.92,-46.5],[-74.0,-46.25],[-75.5,-46.34],[-75.68,-46.0],[-76.01,-42.25],[-77.34,-39.25],[-79.09,-34.25],[-80.05,-33.25],[-80.48,-32.25],[-80.42,-30.75],[-81.75,-31.44],[-82.5,-30.22],[-82.77,-30.25],[-82.81,-29.5],[-83.25,-28.75],[-83.5,-28.6],[-84.25,-29.71],[-85.25,-28.84],[-85.68,-29.5],[-86.53,-30.0],[-86.4,-30.75],[-87.0,-30.14],[-87.41,-30.25],[-87.34,-30.5],[-87.69,-30.75],[-87.65,-31.5],[-88.26,-32.5],[-88.05,-33.25],[-88.35,-35.0],[-88.18,-36.25],[-87.05,-39.25],[-85.32,-42.0],[-83.78,-43.75],[-79.51,-47.25],[-77.0,-48.92],[-75.6,-50.25]]}},{"type":"Feature","properties":{"level":1024},"geometry":{"type":"LineString","coordinates":[[52.96,-45.5],[54.75,-45.51],[57.5,-44.81],[59.78,-43.75],[60.88,-42.75],[61.25,-42.11],[61.75,-42.02],[61.88,-41.0],[62.43,-40.25],[62.46,-39.25],[62.82,-38.75],[62.53,-38.25],[62.76,-38.0],[62.59,-37.5],[62.25,-37.06],[61.72,-37.0],[61.0,-36.52],[58.69,-36.25],[59.68,-35.5],[62.2,-35.0],[65.25,-33.52],[66.29,-33.25],[66.85,-32.75],[68.46,-32.25],[70.75,-30.63],[72.15,-28.75],[73.35,-27.75],[73.77,-26.75],[73.73,-26.25],[74.01,-25.75],[73.0,-24.72],[72.81,-24.0],[69.0,-23.16],[67.0,-22.96],[64.5,-23.15],[63.75,-22.93],[58.5,-23.02],[54.75,-23.73],[52.75,-24.73],[51.3,-26.25],[47.87,-30.25],[47.58,-31.0],[48.02,-31.75],[47.95,-32.5],[46.41,-33.0],[46.32,-33.75],[46.96,-34.5],[46.87,-35.25],[47.2,-35.75],[45.37,-37.25],[45.4,-37.75],[44.71,-38.75],[45.01,-39.5],[44.67,-40.25],[45.21,-42.5],[46.23,-43.75],[47.75,-44.89],[49.75,-45.37],[51.0,-45.21],[52.96,-45.5]]}},{"type":"Feature","properties":{"level":1024},"geometry":{"type":"LineString","coordinates":[[-143.12,-39.5],[-135.25,-38.11],[-132.75,-37.14],[-131.5,-36.28],[-130.82,-35.5],[-129.56,-33.5],[-129.5,-32.56],[-130.5,-31.94],[-131.25,-31.85],[-135.75,-32.42],[-136.5,-32.58],[-139.25,-34.19],[-142.0,-34.94],[-143.75,-34.82],[-146.0,-35.56],[-149.75,-35.92],[-151.88,-37.25],[-151.93,-37.5],[-151.5,-37.95],[-150.75,-37.71],[-149.75,-38.08],[-149.0,-37.94],[-147.5,-38.78],[-143.12,-39.5]]}},{"type":"Feature","properties":{"level":1024},"geometry":{"type":"LineString","coordinates":[[-154.37,-37.0],[-154.0,-37.0],[-153.5,-36.53],[-153.25,-36.73],[-153.3,-36.25],[-152.25,-35.86],[-151.9,-35.5],[-151.75,-34.72],[-152.25,-34.55],[-152.75,-34.7],[-153.75,-33.69],[-155.5,-33.16],[-155.75,-33.19],[-156.0,-33.68],[-156.75,-33.04],[-157.75,-32.92],[-158.33,-33.25],[-158.88,-34.0],[-158.32,-34.5],[-158.03,-35.25],[-156.0,-36.56],[-154.37,-37.0]]}},{"type":"Feature","properties":{"level":1024},"geometry":{"type":"LineString","coordinates":[[-152.93,-37.0],[-152.75,-37.16],[-152.66,-37.0],[-152.93,-37.0]]}},{"type":"Feature","properties":{"level":1024},"geometry":{"type":"LineString","coordinates":[[-70.4,-34.75],[-70.0,-34.94],[-69.88,-34.5],[-69.4,-34.25],[-69.5,-32.86],[-69.92,-33.25],[-69.87,-33.75],[-70.27,-34.0],[-70.4,-34.75]]}},{"type":"Feature","properties":{"level":1024},"geometry":{"type":"LineString","coordinates":[[-70.26,-32.5],[-69.75,-32.68],[-69.61,-32.5],[-69.96,-32.0],[-69.95,-31.0],[-69.38,-29.75],[-69.31,-28.75],[-68.88,-27.75],[-69.0,-27.39],[-69.35,-27.5],[-69.4,-28.0],[-70.36,-29.5],[-70.09,-30.0],[-70.41,-30.5],[-70.26,-31.0],[-70.49,-31.5],[-70.26,-32.5]]}},{"type":"Feature","properties":{"level":1024},"geometry":{"type":"LineString","coordinates":[[-67.59,-23.75],[-67.25,-23.69],[-67.11,-23.25],[-67.47,-22.25],[-67.75,-22.12],[-68.0,-22.5],[-67.76,-22.75],[-67.59,-23.75]]}},{"type":"Feature","properties":{"level":1024},"geometry":{"type":"LineString","coordinates":[[87.98,27.5],[88.5,27.67],[89.0,27.45],[89.75,27.96],[90.75,27.5],[91.25,28.13],[92.0,27.39],[92.75,27.77],[93.01,28.25],[92.75,28.35],[92.25,27.98],[91.75,28.67],[88.25,28.1],[87.5,28.23],[87.3,28.0],[87.98,27.5]]}},{"type":"Feature","properties":{"level":1024},"geometry":{"type":"LineString","coordinates":[[98.72,27.5],[99.78,28.0],[99.77,28.25],[99.25,28.31],[98.84,28.75],[98.75,29.24],[98.25,28.72],[97.25,29.77],[96.0,30.54],[95.0,30.88],[93.97,30.75],[94.08,30.25],[93.84,29.75],[94.25,29.17],[95.5,29.38],[95.63,29.0],[96.19,29.0],[96.11,28.75],[96.5,28.6],[97.0,27.94],[98.25,28.12],[98.72,27.5]]}},{"type":"Feature","properties":{"level":1024},"geometry":{"type":"LineString","coordinates":[[86.44,27.75],[87.0,27.62],[87.25,28.25],[85.25,28.65],[85.48,28.25],[86.25,28.02],[86.44,27.75]]}},{"type":"Feature","properties":{"level":1024},"geometry":{"type":"LineString","coordinates":[[83.9,28.5],[85.0,28.65],[85.28,29.0],[83.5,29.4],[83.06,28.75],[83.75,28.73],[83.9,28.5]]}},{"type":"Feature","properties":{"level":1024},"geometry":{"type":"LineString","coordinates":[[81.31,29.75],[81.75,30.06],[82.75,29.53],[83.0,29.6],[83.11,29.75],[82.78,30.25],[83.31,30.75],[83.0,30.65],[82.5,30.9],[81.25,30.59],[80.99,30.25],[80.75,30.7],[80.06,30.75],[79.75,31.17],[78.9,31.5],[78.98,32.5],[78.68,32.5],[78.8,32.25],[78.5,32.3],[78.0,33.1],[77.24,33.25],[77.41,33.5],[77.25,33.61],[77.0,33.51],[76.58,34.0],[75.75,34.11],[76.75,32.5],[77.25,32.24],[77.54,31.75],[78.25,31.72],[78.25,32.21],[78.5,32.12],[78.61,31.75],[78.35,31.25],[78.84,31.0],[78.86,30.75],[79.75,30.74],[79.75,30.25],[80.75,30.23],[81.0,29.8],[81.31,29.75]]}},{"type":"Feature","properties":{"level":1024},"geometry":{"type":"LineString","coordinates":[[93.93,32.25],[94.25,32.16],[94.86,32.5],[94.25,32.68],[93.86,32.5],[93.93,32.25]]}},{"type":"Feature","properties":{"level":1024},"geometry":{"type":"LineString","coordinates":[[92.18,32.5],[93.0,32.4],[93.41,32.75],[92.5,32.96],[92.18,32.5]]}},{"type":"Feature","properties":{"level":1024},"geometry":{"type":"LineString","coordinates":[[10.2,33.25],[10.25,33.06],[10.2,33.25]]}},{"type":"Feature","properties":{"level":1024},"geometry":{"type":"LineString","coordinates":[[-180.0,33.28],[-177.5,32.77],[-174.75,32.87],[-172.25,33.84],[-170.74,35.25],[-171.06,38.0],[-171.57,38.5],[-171.59,39.25],[-172.66,41.5],[-172.73,42.5],[-174.65,46.75],[-176.33,52.0],[-177.94,59.5],[-177.65,61.75],[-177.14,63.5],[-175.75,64.93],[-173.49,65.25],[-173.36,66.0],[-171.75,69.46],[-173.75,70.39],[-175.5,70.7],[-180.0,69.86]]}},{"type":"Feature","properties":{"level":1024},"geometry":{"type":"LineString","coordinates":[[1.16,33.75],[1.5,33.51],[2.5,34.08],[3.75,34.25],[4.33,35.0],[3.25,34.79],[1.16,33.75]]}},{"type":"Feature","properties":{"level":1024},"geometry":{"type":"LineString","coordinates":[[64.85,34.0],[67.75,34.21],[68.75,34.69],[68.75,35.07],[69.75,35.34],[72.0,36.49],[72.24,36.75],[71.5,37.0],[70.98,37.75],[71.1,38.25],[71.75,38.65],[72.5,38.33],[73.25,39.22],[74.15,39.5],[73.98,39.75],[74.19,40.0],[74.84,40.0],[75.41,40.75],[74.0,41.26],[73.5,41.69],[72.75,41.54],[72.75,41.3],[73.25,41.3],[73.75,40.8],[73.5,40.34],[71.0,39.8],[68.75,39.63],[67.5,39.13],[67.25,38.49],[67.75,38.8],[70.35,38.75],[70.17,38.25],[70.41,37.0],[68.75,35.65],[68.25,36.04],[67.75,36.07],[67.0,35.73],[65.5,35.78],[64.44,34.25],[64.85,34.0]]}},{"type":"Feature","properties":{"level":1024},"geometry":{"type":"LineString","coordinates":[[8.83,34.25],[9.25,34.13],[10.59,34.75],[11.05,35.25],[11.25,36.18],[11.72,36.5],[12.25,37.39],[13.0,37.46],[15.0,36.8],[15.5,38.19],[15.75,37.95],[16.08,38.0],[16.96,39.25],[16.77,40.75],[15.95,42.25],[16.5,43.1],[17.75,42.86],[19.5,42.13],[21.0,40.02],[21.5,40.31],[22.0,40.24],[21.87,40.75],[22.5,41.31],[23.75,41.87],[24.78,41.75],[24.71,42.0],[24.05,42.25],[24.14,42.5],[26.06,43.0],[25.75,43.49],[25.12,43.75],[25.59,45.0],[27.57,46.0],[31.54,50.75],[33.5,52.61],[35.17,53.25],[39.35,54.25],[41.25,55.05],[42.25,55.11],[43.54,54.5],[44.5,52.54],[45.75,51.45],[48.0,50.95],[51.0,49.82],[51.34,49.25],[53.98,47.25],[55.75,45.56],[57.5,44.37],[58.5,44.35],[61.75,43.52],[63.0,43.62],[65.0,44.61],[67.0,45.06],[70.0,44.33],[71.75,44.31],[72.75,44.82],[74.25,44.38],[75.0,45.0],[74.67,46.0],[75.0,46.94],[76.6,47.25],[76.0,47.41],[75.75,47.83],[81.75,48.75],[82.88,49.5],[82.93,50.25],[83.5,50.64],[84.5,50.87],[85.0,50.64],[87.75,51.46],[87.58,51.75],[87.91,52.75],[89.52,53.5],[89.73,54.0],[89.05,55.0],[88.32,55.75],[86.68,56.75],[85.59,58.25],[85.81,59.75],[86.58,61.25],[88.5,62.84],[89.25,63.23],[90.75,63.27],[91.75,63.55],[92.5,63.39],[94.25,63.78],[95.0,64.29],[98.79,64.75],[101.5,65.71],[103.5,65.94],[106.05,67.0],[106.48,68.0],[106.98,68.25],[106.68,69.0],[109.06,69.25],[109.02,69.5],[110.45,70.25],[109.5,70.81],[107.5,71.3],[92.0,72.25],[81.25,73.66],[71.75,73.89],[65.75,73.37],[63.25,72.61],[59.21,70.5],[54.25,68.66],[44.75,66.96],[42.25,66.72],[40.25,67.0],[38.75,66.93],[36.75,66.57],[32.61,65.25],[30.0,63.13],[29.0,62.76],[26.26,61.0],[25.85,60.0],[25.96,59.75],[24.95,59.5],[25.08,58.75],[24.61,58.25],[25.12,58.0],[23.82,57.5],[24.08,57.25],[23.82,57.0],[24.71,55.75],[24.44,55.0],[23.18,52.5],[21.25,51.87],[18.25,52.39],[16.46,53.5],[16.22,54.75],[17.08,56.75],[16.9,57.5],[17.15,58.0],[17.12,59.25],[16.94,59.75],[16.0,60.34],[15.25,60.34],[14.75,60.63],[13.5,60.43],[12.5,59.9],[11.25,58.54],[8.5,57.08],[6.74,55.25],[1.59,50.75],[1.19,50.0],[0.57,49.5],[0.18,48.75],[0.28,48.5],[1.87,46.75],[1.04,45.5],[1.26,44.25],[1.91,43.5],[1.74,43.25],[1.25,42.98],[-1.85,43.0],[-2.41,42.75],[-1.75,42.6],[-1.21,42.0],[-1.1,41.5],[-1.48,41.5],[-1.44,41.75],[-2.25,42.37],[-3.25,42.37],[-3.44,42.0],[-2.93,41.5],[-5.77,40.25],[-5.25,40.18],[-3.5,40.67],[-3.33,40.5],[-3.12,39.75],[-2.6,39.25],[-3.0,37.81],[-3.76,37.5],[-3.57,37.0],[-3.25,36.87],[-2.0,37.11],[-0.5,37.98],[0.75,38.29],[4.0,38.37],[4.5,39.33],[4.75,39.36],[5.75,38.63],[6.68,38.75],[6.75,39.01],[7.5,38.87],[7.79,38.5],[7.69,37.25],[7.0,37.02],[6.5,37.18],[5.25,36.72],[4.5,36.88],[3.65,36.25],[5.5,35.53],[6.0,34.98],[8.83,34.25]]}},{"type":"Feature","properties":{"level":1024},"geometry":{"type":"LineString","coordinates":[[93.89,34.25],[94.5,34.2],[95.0,34.56],[96.5,34.34],[96.83,34.5],[96.68,34.75],[97.13,35.25],[96.75,35.23],[96.5,34.93],[95.77,35.25],[96.05,35.5],[95.75,35.66],[94.75,35.46],[94.5,35.5],[94.61,35.75],[94.29,36.0],[93.75,35.91],[93.51,35.5],[93.75,35.12],[94.31,35.0],[93.75,34.5],[93.89,34.25]]}},{"type":"Feature","properties":{"level":1024},"geometry":{"type":"LineString","coordinates":[[92.95,34.5],[93.75,34.5],[92.64,34.75],[92.95,34.5]]}},{"type":"Feature","properties":{"level":1024},"geometry":{"type":"LineString","coordinates":[[-134.12,34.75],[-133.25,34.6],[-131.5,35.29],[-130.0,36.5],[-128.5,38.63],[-127.9,40.5],[-127.0,42.15],[-126.05,43.25],[-126.11,43.5],[-124.0,44.46],[-123.75,45.21],[-123.25,45.74],[-121.75,46.5],[-121.47,48.0],[-121.14,48.25],[-121.23,48.75],[-121.73,49.0],[-121.13,49.5],[-121.18,49.75],[-122.25,50.17],[-122.75,49.92],[-123.0,50.27],[-123.75,50.32],[-123.75,50.87],[-124.7,51.5],[-125.06,51.5],[-125.25,51.82],[-125.75,51.75],[-125.68,52.0],[-126.06,52.25],[-125.99,52.75],[-126.25,52.76],[-126.63,53.25],[-126.17,53.5],[-127.43,54.0],[-127.5,54.28],[-126.07,55.0],[-126.22,55.25],[-125.83,55.75],[-126.41,56.0],[-126.24,56.25],[-127.31,57.0],[-126.65,58.0],[-127.41,58.25],[-127.5,58.64],[-129.99,59.25],[-129.84,59.5],[-130.25,59.7],[-130.6,59.25],[-131.5,59.43],[-132.0,59.08],[-133.0,59.61],[-134.0,59.44],[-134.75,60.11],[-136.5,60.29],[-137.25,59.98],[-137.5,60.37],[-138.5,60.51],[-139.0,60.93],[-141.25,61.41],[-142.5,61.97],[-143.0,61.88],[-143.5,62.3],[-144.25,62.21],[-144.49,62.0],[-144.25,61.58],[-144.5,61.45],[-147.75,61.34],[-147.75,61.08],[-146.75,61.08],[-145.07,60.25],[-144.27,59.0],[-143.27,58.5],[-142.77,57.0],[-140.68,55.0],[-140.42,54.5],[-139.66,54.0],[-138.19,51.75],[-137.34,51.25],[-135.0,48.95],[-133.0,46.46],[-131.12,45.75],[-131.01,45.5],[-132.25,44.8],[-133.48,43.25],[-135.26,38.75],[-135.61,36.0],[-134.12,34.75]]}},{"type":"Feature","properties":{"level":1024},"geometry":{"type":"LineString","coordinates":[[80.62,35.25],[81.5,35.11],[82.34,35.5],[82.25,35.71],[81.5,35.67],[81.4,36.0],[80.0,35.98],[79.5,36.37],[78.69,36.5],[79.0,36.06],[80.25,35.62],[80.62,35.25]]}},{"type":"Feature","properties":{"level":1024},"geometry":{"type":"LineString","coordinates":[[-22.35,35.5],[-21.5,35.74],[-18.75,37.52],[-17.5,38.77],[-19.5,38.29],[-23.29,35.75],[-22.35,35.5]]}},{"type":"Feature","properties":{"level":1024},"geometry":{"type":"LineString","coordinates":[[76.63,35.5],[77.0,35.33],[77.9,35.75],[77.0,35.6],[76.82,35.75],[77.25,36.19],[78.1,36.25],[77.9,36.75],[77.0,36.78],[76.5,37.04],[75.75,36.53],[76.75,36.26],[76.77,36.5],[77.25,36.65],[77.17,36.25],[75.83,36.0],[76.63,35.5]]}},{"type":"Feature","properties":{"level":1024},"geometry":{"type":"LineString","coordinates":[[90.74,35.75],[91.93,36.25],[91.06,36.75],[91.08,37.0],[91.58,37.25],[91.0,37.53],[89.81,36.5],[90.74,35.75]]}},{"type":"Feature","properties":{"level":1024},"geometry":{"type":"LineString","coordinates":[[15.0,38.46],[14.82,39.25],[15.75,39.73],[16.03,38.5],[15.5,38.28],[15.0,38.46]]}},{"type":"Feature","properties":{"level":1024},"geometry":{"type":"LineString","coordinates":[[-31.79,39.25],[-30.5,39.35],[-28.75,39.08],[-27.75,39.35],[-27.44,39.75],[-26.5,40.17],[-25.75,41.11],[-24.75,41.54],[-23.34,42.75],[-23.16,43.5],[-23.52,43.75],[-23.85,44.75],[-25.25,45.53],[-26.75,45.7],[-29.25,46.84],[-34.0,47.43],[-40.0,47.17],[-42.0,45.62],[-42.13,44.75],[-41.67,43.5],[-41.65,42.75],[-41.25,42.02],[-40.5,41.43],[-38.0,40.22],[-34.25,39.83],[-31.79,39.25]]}},{"type":"Feature","properties":{"level":1024},"geometry":{"type":"LineString","coordinates":[[77.17,41.0],[77.84,41.0],[78.23,41.5],[78.75,41.41],[79.15,41.75],[78.95,42.25],[78.5,42.37],[75.92,42.0],[76.25,41.35],[77.17,41.0]]}},{"type":"Feature","properties":{"level":1024},"geometry":{"type":"LineString","coordinates":[[-0.5,41.1],[-0.5,41.38],[-0.2,41.25],[-0.5,41.1]]}},{"type":"Feature","properties":{"level":1024},"geometry":{"type":"LineString","coordinates":[[70.61,41.25],[70.9,41.25],[70.53,41.75],[70.75,41.87],[71.5,41.65],[72.0,41.98],[72.25,41.73],[72.5,42.03],[73.75,41.78],[74.75,42.19],[75.25,41.9],[75.5,42.5],[74.75,42.71],[73.75,42.5],[73.0,42.76],[72.0,42.08],[71.75,42.35],[70.75,42.44],[70.19,42.0],[70.61,41.25]]}},{"type":"Feature","properties":{"level":1024},"geometry":{"type":"LineString","coordinates":[[79.48,42.0],[80.0,41.78],[81.25,42.25],[80.75,42.56],[80.0,42.52],[79.37,42.25],[79.48,42.0]]}},{"type":"Feature","properties":{"level":1024},"geometry":{"type":"LineString","coordinates":[[76.19,42.75],[77.25,42.72],[77.75,43.0],[77.69,43.25],[77.25,43.38],[76.03,43.0],[76.19,42.75]]}},{"type":"Feature","properties":{"level":1024},"geometry":{"type":"LineString","coordinates":[[-88.26,43.0],[-86.75,43.66],[-85.25,43.7],[-83.5,44.14],[-83.17,44.0],[-83.47,43.75],[-83.34,43.5],[-82.75,43.36],[-81.86,44.25],[-82.96,45.0],[-83.16,45.5],[-83.0,45.73],[-82.0,45.49],[-81.25,45.76],[-81.04,46.5],[-81.75,47.14],[-83.88,47.75],[-84.01,48.0],[-83.75,48.25],[-82.75,48.75],[-82.77,49.25],[-83.2,49.5],[-83.36,50.0],[-85.75,51.18],[-86.23,51.75],[-86.08,52.0],[-86.86,52.75],[-86.94,53.5],[-87.25,53.82],[-89.0,54.55],[-91.0,54.79],[-91.49,54.5],[-91.71,54.0],[-91.2,53.5],[-92.28,53.25],[-94.07,52.0],[-94.22,50.75],[-93.71,49.75],[-92.22,48.75],[-92.55,48.25],[-91.99,47.75],[-92.25,46.25],[-90.5,45.18],[-89.0,44.75],[-88.77,43.5],[-88.26,43.0]]}},{"type":"Feature","properties":{"level":1024},"geometry":{"type":"LineString","coordinates":[[-5.56,43.0],[-4.54,43.0],[-5.56,43.0]]}},{"type":"Feature","properties":{"level":1024},"geometry":{"type":"LineString","coordinates":[[84.16,43.0],[84.75,42.9],[84.87,43.25],[85.34,43.5],[85.0,43.61],[84.75,43.36],[84.0,43.35],[84.16,43.0]]}},{"type":"Feature","properties":{"level":1024},"geometry":{"type":"LineString","coordinates":[[24.5,43.72],[24.78,43.75],[24.5,43.72]]}},{"type":"Feature","properties":{"level":1024},"geometry":{"type":"LineString","coordinates":[[-123.0,46.46],[-124.0,46.97],[-125.25,46.56],[-125.06,47.25],[-126.5,47.88],[-127.08,49.25],[-127.69,49.5],[-127.91,50.0],[-127.25,50.13],[-125.53,49.75],[-125.43,49.0],[-124.25,48.1],[-122.0,48.09],[-121.86,47.5],[-122.25,46.82],[-123.0,46.46]]}},{"type":"Feature","properties":{"level":1024},"geometry":{"type":"LineString","coordinates":[[-124.11,47.25],[-124.0,47.1],[-123.61,47.25],[-123.75,47.81],[-124.24,47.5],[-124.11,47.25]]}},{"type":"Feature","properties":{"level":1024},"geometry":{"type":"LineString","coordinates":[[-124.5,48.68],[-124.74,48.75],[-124.5,49.0],[-124.5,48.68]]}},{"type":"Feature","properties":{"level":1024},"geometry":{"type":"LineString","coordinates":[[103.83,50.0],[104.5,49.83],[104.84,50.0],[104.5,50.49],[103.83,50.0]]}},{"type":"Feature","properties":{"level":1024},"geometry":{"type":"LineString","coordinates":[[103.42,50.25],[103.61,50.25],[103.53,50.5],[104.5,50.52],[105.5,51.15],[105.64,51.5],[104.25,51.34],[100.75,53.57],[99.75,53.87],[98.75,53.67],[98.54,53.5],[98.5,52.75],[97.75,52.71],[97.31,52.0],[97.7,51.25],[98.07,51.25],[98.25,50.67],[100.0,50.93],[99.88,51.25],[100.75,51.61],[101.25,51.34],[101.5,51.49],[102.25,50.93],[102.5,51.18],[103.35,51.0],[103.22,50.5],[103.42,50.25]]}},{"type":"Feature","properties":{"level":1024},"geometry":{"type":"LineString","coordinates":[[97.42,53.0],[97.75,52.85],[98.18,53.25],[97.25,53.96],[96.75,53.89],[96.5,53.38],[96.08,53.25],[97.42,53.0]]}},{"type":"Feature","properties":{"level":1024},"geometry":{"type":"LineString","coordinates":[[95.16,53.75],[95.5,53.52],[96.29,54.0],[95.25,54.05],[95.16,53.75]]}},{"type":"Feature","properties":{"level":1024},"geometry":{"type":"LineString","coordinates":[[-126.57,58.25],[-125.42,58.25],[-126.5,59.26],[-127.18,59.0],[-126.57,58.25]]}},{"type":"Feature","properties":{"level":1024},"geometry":{"type":"LineString","coordinates":[[-122.64,61.0],[-121.75,60.91],[-120.91,61.75],[-119.29,62.25],[-119.1,62.5],[-119.5,63.0],[-119.4,63.25],[-117.75,63.75],[-117.28,64.25],[-114.75,64.71],[-112.25,64.71],[-111.04,65.25],[-111.34,65.75],[-110.97,66.0],[-113.15,67.5],[-114.1,68.5],[-114.45,69.25],[-114.86,69.5],[-114.72,69.75],[-114.99,70.25],[-115.95,70.75],[-115.15,71.25],[-115.25,71.46],[-117.5,72.23],[-123.25,73.14],[-133.25,73.66],[-139.5,73.7],[-145.01,73.5],[-150.5,72.81],[-152.36,72.25],[-153.75,71.52],[-154.75,71.66],[-156.75,71.46],[-158.12,70.75],[-153.25,69.79],[-152.0,69.31],[-150.75,69.78],[-149.25,69.36],[-145.25,69.72],[-142.75,69.38],[-142.55,69.25],[-146.25,69.01],[-146.27,68.75],[-147.0,68.5],[-150.0,68.07],[-150.54,67.75],[-150.43,67.5],[-149.75,67.4],[-146.25,68.04],[-145.75,67.7],[-142.75,67.78],[-140.25,67.22],[-138.25,67.49],[-136.75,66.89],[-135.5,65.47],[-133.9,65.25],[-134.0,64.82],[-136.0,64.82],[-136.43,64.5],[-135.25,64.65],[-134.5,64.41],[-133.75,64.61],[-131.65,64.0],[-131.09,63.5],[-130.33,63.5],[-130.63,63.25],[-129.65,62.5],[-129.79,62.25],[-129.42,62.0],[-129.42,61.75],[-128.75,61.51],[-128.25,61.61],[-127.75,61.21],[-127.5,61.5],[-127.82,62.25],[-127.0,62.02],[-126.1,62.25],[-126.75,62.29],[-127.0,63.36],[-128.16,63.75],[-127.76,64.5],[-128.0,64.71],[-128.67,64.5],[-128.71,64.25],[-128.28,64.0],[-128.75,63.9],[-129.21,64.0],[-129.04,64.25],[-130.35,64.75],[-130.47,65.0],[-130.25,65.29],[-128.0,65.04],[-127.07,64.25],[-127.65,64.0],[-127.5,63.81],[-126.75,63.6],[-126.04,63.75],[-126.03,63.5],[-125.62,63.25],[-125.69,63.0],[-124.92,62.25],[-124.25,61.97],[-123.5,61.21],[-122.64,61.0]]}},{"type":"Feature","properties":{"level":1024},"geometry":{"type":"LineString","coordinates":[[-147.03,63.0],[-146.5,62.91],[-145.62,63.25],[-146.75,63.49],[-148.11,63.25],[-147.75,63.0],[-147.5,63.15],[-147.03,63.0]]}},{"type":"Feature","properties":{"level":1024},"geometry":{"type":"LineString","coordinates":[[-131.5,64.73],[-132.0,65.04],[-131.0,65.45],[-130.86,65.0],[-131.5,64.73]]}},{"type":"Feature","properties":{"level":1024},"geometry":{"type":"LineString","coordinates":[[-139.88,65.25],[-139.25,65.21],[-138.85,65.5],[-139.75,65.51],[-139.88,65.25]]}},{"type":"Feature","properties":{"level":1024},"geometry":{"type":"LineString","coordinates":[[180.0,69.86],[178.5,69.35],[175.25,69.3],[173.75,68.98],[173.5,68.9],[173.53,68.5],[171.25,67.58],[167.16,67.5],[167.04,67.25],[168.01,67.0],[167.25,66.53],[166.25,66.33],[165.46,65.25],[164.52,65.0],[164.69,64.75],[164.0,65.2],[163.75,65.07],[163.26,64.25],[163.5,63.77],[164.0,63.57],[165.75,63.75],[165.91,63.5],[165.63,63.0],[166.5,62.31],[168.25,62.4],[169.5,62.76],[170.11,62.5],[168.5,62.13],[167.55,61.5],[167.6,60.75],[167.42,60.5],[169.0,60.14],[170.08,59.0],[169.7,57.75],[168.13,55.0],[167.91,53.0],[168.57,52.0],[168.69,51.0],[171.73,48.75],[172.83,47.5],[173.0,46.81],[174.2,45.0],[174.46,43.75],[175.25,42.88],[175.28,42.25],[175.65,41.75],[175.44,40.25],[175.99,38.75],[175.75,37.77],[176.25,36.95],[177.75,35.8],[178.47,34.75],[180.0,33.28]]}},{"type":"Feature","properties":{"level":1024},"geometry":{"type":"LineString","coordinates":[[-179.3,71.0],[-178.91,71.0],[-179.3,71.0]]}},{"type":"Feature","properties":{"level":1028},"geometry":{"type":"LineString","coordinates":[[-20.08,-89.25],[25.25,-89.24],[45.33,-88.75],[70.5,-88.59],[104.76,-87.75],[116.75,-86.98],[122.25,-86.29],[123.66,-85.75],[124.76,-84.25],[124.61,-83.75],[123.54,-83.0],[124.64,-81.75],[127.96,-79.5],[134.25,-76.1],[135.98,-75.5],[136.72,-73.75],[135.0,-72.45],[129.75,-71.73],[123.75,-71.8],[122.75,-71.49],[120.75,-71.79],[113.25,-71.81],[105.5,-71.25],[98.0,-71.44],[94.75,-71.31],[88.0,-71.74],[84.86,-72.75],[84.85,-73.5],[85.88,-74.75],[86.27,-76.25],[85.75,-76.88],[84.67,-77.5],[82.25,-78.01],[75.15,-78.5],[74.73,-78.75],[75.5,-79.25],[72.97,-79.75],[62.25,-80.33],[54.75,-80.09],[51.0,-79.57],[48.81,-79.0],[47.77,-78.25],[46.07,-76.25],[45.99,-75.75],[46.58,-74.75],[43.75,-74.07],[32.75,-74.67],[25.75,-74.31],[21.0,-74.57],[15.5,-74.34],[14.0,-74.59],[11.76,-75.5],[11.75,-75.79],[10.67,-76.5],[10.92,-77.0],[10.14,-77.25],[10.0,-77.84],[9.61,-78.25],[9.27,-78.5],[7.42,-78.75],[7.01,-79.25],[6.02,-79.5],[6.12,-80.0],[5.45,-80.25],[4.77,-81.25],[4.25,-81.37],[-8.25,-82.52],[-20.04,-84.5],[-21.67,-85.0],[-22.03,-85.75],[-23.54,-86.0],[-37.75,-86.39],[-51.87,-87.25],[-54.39,-87.5],[-55.23,-88.0],[-55.21,-88.25],[-39.25,-88.98],[-20.08,-89.25]]}},{"type":"Feature","properties":{"level":1028},"geometry":{"type":"LineString","coordinates":[[50.82,-72.5],[51.75,-72.56],[53.12,-72.0],[53.0,-71.8],[51.75,-71.76],[50.71,-72.25],[50.82,-72.5]]}},{"type":"Feature","properties":{"level":1028},"geometry":{"type":"LineString","coordinates":[[142.13,-52.0],[144.25,-52.2],[148.66,-51.5],[151.2,-50.0],[151.5,-49.08],[153.0,-47.92],[153.74,-44.25],[154.48,-42.75],[154.36,-38.0],[154.25,-37.25],[153.72,-36.5],[153.52,-35.75],[153.65,-35.0],[153.35,-34.25],[153.76,-32.75],[153.7,-32.25],[153.25,-31.92],[153.25,-30.65],[152.75,-31.2],[151.64,-31.5],[149.5,-34.16],[147.5,-34.32],[144.75,-35.26],[144.19,-36.0],[140.75,-37.14],[139.75,-37.12],[139.5,-36.7],[139.0,-36.52],[138.25,-36.74],[135.25,-38.91],[133.47,-41.25],[133.31,-42.25],[133.57,-44.25],[134.08,-45.75],[135.23,-47.5],[136.5,-48.75],[139.74,-51.0],[142.13,-52.0]]}},{"type":"Feature","properties":{"level":1028},"geometry":{"type":"LineString","coordinates":[[-61.03,-50.5],[-60.25,-50.72],[-49.75,-47.43],[-43.75,-46.56],[-41.5,-46.54],[-40.0,-45.66],[-39.25,-45.95],[-37.75,-46.04],[-37.26,-45.75],[-36.65,-45.75],[-36.43,-45.25],[-35.88,-45.0],[-35.78,-44.25],[-36.5,-43.65],[-39.25,-43.28],[-39.75,-43.71],[-40.0,-43.41],[-42.0,-42.7],[-43.75,-42.53],[-44.75,-42.17],[-45.32,-41.5],[-46.46,-40.75],[-48.75,-39.97],[-54.0,-40.37],[-57.33,-41.0],[-59.0,-41.46],[-60.5,-42.21],[-61.75,-43.48],[-62.17,-44.5],[-62.48,-46.5],[-61.83,-49.0],[-61.03,-50.5]]}},{"type":"Feature","properties":{"level":1028},"geometry":{"type":"LineString","coordinates":[[142.0,-37.38],[141.84,-37.0],[142.25,-36.83],[142.54,-37.25],[142.0,-37.38]]}},{"type":"Feature","properties":{"level":1028},"geometry":{"type":"LineString","coordinates":[[148.0,-36.95],[147.6,-36.5],[148.0,-36.35],[148.13,-36.0],[147.91,-35.75],[148.5,-35.32],[148.82,-35.75],[148.0,-36.95]]}},{"type":"Feature","properties":{"level":1028},"geometry":{"type":"LineString","coordinates":[[-70.11,-30.75],[-69.66,-30.5],[-69.25,-28.09],[-69.78,-28.5],[-70.25,-29.5],[-69.96,-30.0],[-70.28,-30.5],[-70.11,-30.75]]}},{"type":"Feature","properties":{"level":1028},"geometry":{"type":"LineString","coordinates":[[86.97,27.75],[87.0,28.17],[86.1,28.25],[86.97,27.75]]}},{"type":"Feature","properties":{"level":1028},"geometry":{"type":"LineString","coordinates":[[80.91,35.25],[81.25,35.49],[81.35,35.25],[81.67,35.25],[81.5,35.48],[80.63,35.5],[80.91,35.25]]}},{"type":"Feature","properties":{"level":1028},"geometry":{"type":"LineString","coordinates":[[72.15,38.5],[72.54,38.5],[72.5,39.04],[71.63,39.0],[72.0,38.89],[72.15,38.5]]}},{"type":"Feature","properties":{"level":1028},"geometry":{"type":"LineString","coordinates":[[-180.0,38.87],[-178.5,38.32],[-177.3,39.0],[-176.72,40.0],[-176.96,41.0],[-176.54,42.75],[-177.64,45.75],[-178.29,46.75],[-178.43,47.75],[-178.77,48.25],[-178.87,49.75],[-179.44,50.25],[-179.29,51.0],[-180.0,51.29]]}},{"type":"Feature","properties":{"level":1028},"geometry":{"type":"LineString","coordinates":[[77.71,41.75],[78.25,41.63],[78.79,42.0],[78.5,42.16],[77.71,41.75]]}},{"type":"Feature","properties":{"level":1028},"geometry":{"type":"LineString","coordinates":[[79.71,42.0],[80.0,41.89],[81.06,42.25],[80.0,42.36],[79.68,42.25],[79.71,42.0]]}},{"type":"Feature","properties":{"level":1028},"geometry":{"type":"LineString","coordinates":[[20.85,42.25],[21.0,42.12],[21.81,42.75],[21.19,43.5],[21.8,43.75],[21.75,44.29],[21.0,44.28],[20.5,44.8],[18.64,45.25],[18.12,46.0],[18.31,46.25],[17.56,46.75],[17.76,47.25],[17.25,47.52],[16.75,47.47],[16.03,48.0],[16.0,48.48],[15.67,48.5],[16.0,49.15],[16.5,49.35],[17.0,49.36],[18.25,48.45],[19.75,48.65],[20.23,49.25],[19.0,49.18],[19.0,49.61],[17.75,49.6],[17.0,50.22],[16.25,50.47],[15.95,50.25],[16.18,50.0],[16.0,49.77],[14.6,50.25],[14.35,50.5],[14.71,51.0],[14.5,51.13],[12.5,52.03],[11.28,52.25],[11.67,52.75],[11.25,53.31],[10.89,53.25],[10.0,52.2],[7.65,51.0],[7.75,50.36],[9.0,50.49],[9.25,50.33],[9.09,49.5],[9.79,48.5],[7.75,47.47],[7.25,46.92],[8.25,46.85],[9.0,47.18],[9.09,46.75],[9.5,46.61],[10.0,47.38],[10.25,47.38],[10.34,46.5],[10.87,46.25],[10.5,45.8],[10.25,46.13],[9.95,45.75],[11.0,45.64],[12.75,46.23],[13.46,46.25],[13.96,45.5],[14.75,45.17],[15.25,44.4],[16.25,44.16],[19.75,42.41],[20.5,42.53],[20.85,42.25]]}},{"type":"Feature","properties":{"level":1028},"geometry":{"type":"LineString","coordinates":[[59.87,47.25],[62.0,47.48],[64.75,48.16],[67.5,47.96],[69.88,49.0],[71.5,49.37],[75.25,49.3],[76.5,48.98],[78.0,48.95],[79.5,49.35],[80.0,49.75],[80.25,50.38],[81.58,51.5],[82.45,53.0],[82.33,54.75],[81.88,55.5],[81.26,59.25],[81.75,60.14],[82.72,61.0],[83.63,62.5],[85.22,63.5],[86.21,64.75],[87.25,65.49],[88.75,65.62],[90.0,64.73],[92.75,65.47],[93.5,65.14],[94.0,65.62],[95.25,65.18],[95.6,65.25],[95.5,65.55],[97.5,65.83],[98.0,66.17],[98.25,65.92],[98.42,66.0],[98.07,66.25],[100.25,66.64],[101.5,67.5],[101.39,68.0],[102.0,68.5],[101.99,69.25],[101.1,70.0],[99.75,70.52],[87.75,71.03],[77.75,72.43],[71.5,72.56],[69.0,72.41],[66.5,71.84],[63.72,70.75],[62.17,69.75],[60.75,69.3],[59.22,68.25],[57.59,67.5],[54.73,65.25],[52.39,62.5],[52.22,61.75],[51.45,60.75],[50.76,59.0],[49.77,57.5],[49.74,55.5],[50.09,55.25],[49.99,54.5],[51.65,52.5],[56.75,48.3],[58.25,47.54],[59.87,47.25]]}},{"type":"Feature","properties":{"level":1028},"geometry":{"type":"LineString","coordinates":[[17.09,48.5],[17.33,48.5],[17.09,48.5]]}},{"type":"Feature","properties":{"level":1028},"geometry":{"type":"LineString","coordinates":[[180.0,51.29],[179.83,51.5],[180.0,51.7]]}},{"type":"Feature","properties":{"level":1028},"geometry":{"type":"LineString","coordinates":[[-180.0,51.7],[-180.0,51.79]]}},{"type":"Feature","properties":{"level":1028},"geometry":{"type":"LineString","coordinates":[[180.0,51.79],[179.25,51.99],[178.87,52.75],[179.38,53.0],[178.74,54.25],[178.34,54.5],[177.96,55.5],[177.5,55.89],[176.85,56.0],[176.55,56.75],[176.75,57.49],[176.5,57.73],[176.21,57.75],[176.28,57.5],[175.75,57.11],[174.5,57.37],[174.0,57.26],[173.38,56.5],[173.27,56.0],[172.66,55.5],[172.77,55.0],[172.03,53.75],[171.87,53.0],[172.09,52.75],[172.03,52.25],[173.33,51.0],[174.0,49.88],[174.93,49.25],[174.93,48.75],[175.46,47.75],[176.17,47.25],[175.96,46.25],[177.09,45.25],[176.94,45.0],[177.72,42.75],[177.68,42.0],[178.5,41.28],[179.25,41.48],[179.93,41.0],[179.65,39.5],[180.0,38.87]]}},{"type":"Feature","properties":{"level":1028},"geometry":{"type":"LineString","coordinates":[[-131.28,53.75],[-130.5,53.54],[-129.75,53.77],[-129.52,54.25],[-129.99,54.75],[-130.0,55.07],[-130.75,55.01],[-131.0,55.36],[-131.25,55.27],[-131.06,54.5],[-131.5,54.0],[-131.28,53.75]]}},{"type":"Feature","properties":{"level":1028},"geometry":{"type":"LineString","coordinates":[[-129.9,55.25],[-129.15,55.25],[-129.65,55.5],[-129.37,55.75],[-129.37,56.25],[-130.0,56.45],[-130.75,57.09],[-131.65,57.0],[-131.5,56.48],[-130.66,56.0],[-130.77,55.5],[-129.79,55.5],[-129.9,55.25]]}},{"type":"Feature","properties":{"level":1028},"geometry":{"type":"LineString","coordinates":[[33.55,55.25],[34.75,55.24],[37.0,55.88],[40.09,57.5],[40.57,58.5],[42.75,58.58],[46.27,60.25],[47.09,60.75],[47.44,61.25],[47.89,63.5],[46.0,64.12],[43.0,63.93],[38.75,64.15],[35.83,63.5],[33.0,62.2],[32.31,61.5],[32.25,60.99],[30.08,59.25],[31.12,58.25],[31.56,56.0],[33.55,55.25]]}},{"type":"Feature","properties":{"level":1028},"geometry":{"type":"LineString","coordinates":[[173.0,55.17],[173.25,55.32],[173.0,55.17]]}},{"type":"Feature","properties":{"level":1028},"geometry":{"type":"LineString","coordinates":[[-132.62,57.0],[-132.25,56.76],[-131.85,57.0],[-132.43,57.75],[-132.39,58.0],[-132.75,58.09],[-133.01,58.0],[-132.62,57.0]]}},{"type":"Feature","properties":{"level":1028},"geometry":{"type":"LineString","coordinates":[[172.7,62.0],[173.85,62.75],[173.15,63.0],[173.64,63.5],[173.5,63.66],[172.75,63.39],[172.5,63.61],[172.0,63.5],[171.74,63.25],[171.89,62.5],[172.7,62.0]]}},{"type":"Feature","properties":{"level":1028},"geometry":{"type":"LineString","coordinates":[[172.75,62.93],[172.75,63.12],[172.91,63.0],[172.75,62.93]]}},{"type":"Feature","properties":{"level":1028},"geometry":{"type":"LineString","coordinates":[[174.26,63.25],[174.69,63.25],[174.26,63.25]]}},{"type":"Feature","properties":{"level":1028},"geometry":{"type":"LineString","coordinates":[[176.68,63.25],[176.89,63.25],[176.75,63.42],[176.68,63.25]]}},{"type":"Feature","properties":{"level":1028},"geometry":{"type":"LineString","coordinates":[[177.53,63.25],[178.3,63.25],[177.75,63.59],[177.38,63.5],[177.53,63.25]]}},{"type":"Feature","properties":{"level":1028},"geometry":{"type":"LineString","coordinates":[[-180.0,66.68],[-179.54,66.75],[-180.0,66.94]]}},{"type":"Feature","properties":{"level":1028},"geometry":{"type":"LineString","coordinates":[[-124.2,66.75],[-122.0,66.61],[-119.0,67.35],[-118.84,68.25],[-119.25,68.48],[-119.5,68.18],[-120.0,68.71],[-120.54,68.75],[-120.75,69.35],[-122.0,69.65],[-123.25,69.32],[-125.25,69.34],[-127.25,69.91],[-128.25,69.65],[-129.0,69.11],[-127.0,68.08],[-125.01,67.5],[-125.0,67.2],[-124.2,66.75]]}},{"type":"Feature","properties":{"level":1028},"geometry":{"type":"LineString","coordinates":[[180.0,66.94],[179.0,67.14],[177.5,66.78],[177.0,66.99],[176.67,66.75],[180.0,66.68]]}},{"type":"Feature","properties":{"level":1032},"geometry":{"type":"LineString","coordinates":[[-21.73,-88.75],[11.25,-88.93],[39.75,-88.55],[71.5,-88.43],[99.16,-87.75],[113.0,-86.97],[118.84,-86.25],[119.9,-86.0],[121.35,-85.25],[122.03,-84.25],[120.28,-83.0],[122.57,-82.25],[124.41,-80.25],[128.02,-78.75],[129.25,-77.55],[132.25,-75.8],[134.5,-74.99],[134.82,-74.75],[134.92,-74.25],[133.75,-72.91],[130.75,-72.68],[128.75,-72.15],[116.0,-72.34],[105.75,-71.42],[98.25,-71.75],[94.75,-71.62],[89.5,-72.03],[87.75,-72.26],[85.75,-73.19],[87.56,-76.0],[87.37,-76.5],[86.59,-77.25],[85.32,-77.75],[82.34,-78.25],[77.0,-78.56],[76.3,-78.75],[77.26,-79.25],[76.79,-79.5],[73.75,-79.97],[62.0,-80.58],[56.25,-80.53],[50.25,-79.87],[47.75,-79.0],[46.37,-77.25],[44.89,-76.0],[44.73,-75.5],[44.92,-75.25],[43.75,-74.73],[40.0,-74.65],[36.25,-75.19],[30.0,-75.1],[26.0,-74.63],[17.25,-74.88],[16.25,-75.3],[14.8,-75.25],[13.47,-76.25],[12.25,-76.6],[12.18,-76.75],[13.33,-77.5],[12.43,-79.5],[11.29,-80.0],[12.71,-81.0],[12.5,-81.11],[7.5,-81.19],[3.5,-82.51],[-13.65,-84.75],[-14.15,-85.0],[-14.4,-85.75],[-17.0,-86.21],[-37.22,-87.25],[-40.76,-87.75],[-30.67,-88.5],[-21.73,-88.75]]}},{"type":"Feature","properties":{"level":1032},"geometry":{"type":"LineString","coordinates":[[142.75,-48.0],[145.75,-48.12],[147.0,-47.95],[147.76,-47.5],[148.34,-45.75],[148.17,-45.0],[148.38,-43.5],[148.99,-43.0],[149.25,-42.0],[149.34,-41.0],[149.1,-40.0],[148.5,-39.06],[147.75,-38.84],[146.75,-39.16],[144.88,-40.5],[145.0,-40.89],[146.75,-41.55],[147.5,-42.32],[147.78,-41.75],[147.12,-41.25],[147.75,-40.95],[148.22,-41.0],[148.3,-41.75],[147.92,-42.0],[147.75,-42.5],[146.75,-42.29],[146.5,-42.44],[146.59,-42.0],[146.0,-41.74],[146.0,-42.51],[144.5,-41.25],[144.0,-41.27],[143.25,-41.58],[141.75,-41.63],[140.25,-42.04],[138.85,-43.5],[138.72,-45.25],[139.72,-46.75],[141.25,-47.7],[142.75,-48.0]]}},{"type":"Feature","properties":{"level":1032},"geometry":{"type":"LineString","coordinates":[[147.46,-38.25],[148.0,-38.41],[148.5,-38.01],[148.89,-38.0],[147.75,-38.0],[147.46,-38.25]]}},{"type":"Feature","properties":{"level":1032},"geometry":{"type":"LineString","coordinates":[[-69.77,-30.0],[-69.5,-29.49],[-69.5,-28.55],[-70.03,-29.5],[-69.77,-30.0]]}},{"type":"Feature","properties":{"level":1032},"geometry":{"type":"LineString","coordinates":[[73.34,50.5],[74.5,50.58],[75.25,50.98],[76.0,51.06],[76.49,51.5],[77.58,55.25],[76.72,57.5],[76.72,58.25],[79.14,61.75],[81.16,63.5],[81.39,64.25],[81.97,64.75],[82.17,65.25],[84.31,67.5],[83.96,68.5],[77.25,70.53],[74.25,70.9],[70.5,70.88],[68.25,70.46],[65.5,69.17],[63.25,68.44],[61.18,67.25],[60.23,66.0],[57.17,64.5],[54.21,60.5],[53.79,58.5],[55.82,54.25],[55.5,53.47],[56.25,52.33],[58.0,51.14],[61.0,50.53],[65.75,51.08],[73.34,50.5]]}},{"type":"Feature","properties":{"level":1032},"geometry":{"type":"LineString","coordinates":[[93.74,67.75],[94.5,67.63],[96.5,68.07],[97.75,67.93],[97.93,68.0],[97.75,68.31],[96.68,68.5],[98.86,68.75],[97.75,69.8],[95.75,69.79],[95.0,70.08],[93.27,70.0],[93.04,69.75],[91.3,69.25],[93.03,68.5],[92.12,68.25],[93.74,67.75]]}},{"type":"Feature","properties":{"level":1036},"geometry":{"type":"LineString","coordinates":[[-2.8,-88.5],[14.5,-88.64],[40.5,-88.25],[73.5,-88.3],[100.16,-87.5],[113.75,-86.52],[116.67,-86.0],[118.76,-85.0],[119.19,-84.5],[117.83,-83.25],[117.95,-83.0],[120.77,-82.25],[121.52,-81.0],[121.09,-80.5],[121.26,-80.25],[125.75,-78.76],[128.01,-77.0],[129.2,-76.5],[131.87,-74.75],[132.03,-73.75],[131.5,-73.34],[129.5,-73.18],[128.0,-72.79],[115.5,-72.66],[106.0,-71.6],[93.5,-71.98],[89.25,-72.57],[87.3,-73.25],[86.98,-73.75],[88.38,-75.75],[88.23,-76.5],[87.54,-77.25],[85.41,-78.0],[78.3,-78.75],[78.2,-79.0],[78.51,-79.25],[78.02,-79.5],[75.0,-80.09],[57.25,-81.25],[49.25,-80.71],[46.97,-80.25],[46.63,-80.0],[48.14,-79.5],[47.0,-79.01],[46.21,-77.75],[45.19,-76.75],[43.65,-75.75],[42.38,-75.5],[43.03,-75.25],[42.5,-75.11],[35.5,-75.57],[30.75,-75.43],[25.0,-74.92],[19.5,-75.07],[18.61,-75.25],[19.55,-75.5],[17.25,-75.75],[16.81,-76.0],[16.93,-76.25],[16.75,-76.36],[15.5,-76.72],[16.1,-77.75],[15.65,-78.0],[15.66,-78.25],[16.19,-78.5],[16.24,-79.5],[16.49,-79.75],[19.66,-80.75],[19.66,-81.0],[22.02,-81.25],[22.27,-81.5],[22.05,-81.75],[9.5,-81.49],[9.66,-81.75],[9.5,-82.05],[7.69,-83.0],[-6.58,-85.25],[-7.5,-85.53],[-7.83,-86.25],[-8.5,-86.53],[-21.67,-87.75],[-21.68,-88.0],[-2.8,-88.5]]}},{"type":"Feature","properties":{"level":1036},"geometry":{"type":"LineString","coordinates":[[34.75,-84.5],[35.88,-84.5],[34.75,-84.5]]}},{"type":"Feature","properties":{"level":1036},"geometry":{"type":"LineString","coordinates":[[60.4,52.75],[67.25,52.87],[70.25,52.51],[71.78,53.0],[73.01,55.0],[73.16,57.5],[72.94,58.75],[75.63,62.5],[76.82,63.5],[77.65,65.0],[77.59,65.5],[76.41,67.0],[75.0,68.02],[73.25,68.56],[71.75,68.67],[67.5,67.2],[67.0,67.21],[66.0,67.72],[62.75,65.96],[61.25,65.43],[60.0,65.34],[59.25,64.88],[58.54,62.5],[58.69,62.25],[57.42,60.25],[56.96,58.5],[58.18,56.5],[59.44,55.5],[59.36,55.0],[58.64,54.25],[58.65,53.25],[60.4,52.75]]}},{"type":"Feature","properties":{"level":1040},"geometry":{"type":"LineString","coordinates":[[8.09,-88.25],[28.0,-88.29],[40.75,-87.89],[69.95,-88.25],[95.39,-87.5],[110.39,-86.5],[113.36,-86.0],[115.07,-85.25],[115.39,-84.75],[114.74,-84.25],[114.87,-83.75],[114.69,-83.0],[113.66,-82.75],[116.5,-82.62],[118.34,-82.25],[117.96,-81.75],[118.1,-81.25],[117.89,-80.75],[118.14,-80.25],[125.75,-77.38],[127.75,-76.36],[128.43,-75.5],[128.49,-74.5],[128.86,-74.0],[128.0,-73.59],[122.0,-73.14],[117.0,-73.04],[106.0,-71.8],[93.5,-72.25],[92.25,-72.49],[88.05,-74.0],[89.14,-76.25],[88.34,-77.25],[86.75,-77.87],[80.0,-78.88],[79.11,-79.5],[75.5,-80.48],[66.5,-80.93],[60.25,-81.61],[49.5,-81.7],[44.41,-80.75],[46.25,-79.11],[46.31,-78.5],[45.25,-77.28],[44.0,-76.42],[43.0,-76.03],[41.0,-75.89],[40.72,-75.75],[41.27,-75.5],[41.0,-75.42],[36.0,-75.88],[30.25,-75.72],[27.25,-75.25],[24.0,-75.39],[22.75,-75.86],[19.69,-76.0],[19.25,-76.38],[18.0,-76.22],[17.97,-76.75],[19.65,-77.25],[17.79,-77.5],[17.59,-78.0],[20.31,-79.25],[21.02,-80.0],[24.52,-80.75],[27.53,-82.0],[27.5,-82.27],[25.93,-82.5],[26.25,-82.69],[32.0,-83.08],[38.0,-82.73],[41.46,-83.5],[42.81,-84.5],[44.92,-85.25],[41.25,-85.75],[41.19,-86.0],[43.43,-86.75],[42.75,-86.82],[38.25,-87.02],[30.0,-86.64],[25.92,-86.0],[24.56,-85.25],[25.08,-84.75],[24.84,-84.5],[23.0,-83.89],[15.75,-83.47],[7.25,-84.42],[4.5,-85.01],[1.46,-86.0],[1.57,-86.5],[1.04,-86.75],[5.31,-87.5],[0.66,-87.75],[1.23,-88.0],[8.09,-88.25]]}},{"type":"Feature","properties":{"level":1040},"geometry":{"type":"LineString","coordinates":[[16.58,-82.5],[19.5,-82.71],[22.08,-82.5],[22.01,-82.25],[21.25,-82.19],[14.58,-82.0],[14.85,-82.25],[16.58,-82.5]]}},{"type":"Feature","properties":{"level":1040},"geometry":{"type":"LineString","coordinates":[[64.38,55.25],[66.5,55.38],[68.17,56.25],[68.74,57.25],[69.37,59.75],[71.0,61.96],[71.65,63.25],[71.19,64.25],[70.64,64.75],[69.0,65.18],[64.46,64.0],[63.38,63.5],[60.8,60.75],[60.41,59.25],[61.12,57.75],[62.4,56.25],[63.49,55.5],[64.38,55.25]]}},{"type":"Feature","properties":{"level":1044},"geometry":{"type":"LineString","coordinates":[[55.39,-88.0],[69.0,-88.1],[83.89,-87.75],[100.2,-87.0],[108.12,-86.25],[109.33,-86.0],[110.87,-85.25],[109.15,-84.5],[109.08,-84.25],[111.18,-83.25],[110.19,-82.75],[110.22,-82.5],[115.07,-81.25],[115.06,-80.75],[116.25,-79.7],[120.25,-78.04],[125.25,-76.61],[126.32,-76.0],[126.55,-75.5],[124.5,-74.18],[123.03,-73.75],[109.0,-72.54],[106.66,-72.0],[93.25,-72.64],[91.99,-73.0],[89.42,-74.25],[89.23,-74.5],[89.97,-76.5],[89.2,-77.25],[87.16,-78.0],[80.76,-79.0],[80.14,-79.5],[77.51,-80.0],[76.99,-80.25],[77.01,-80.5],[76.25,-80.8],[72.75,-81.3],[70.5,-81.03],[66.98,-81.25],[66.0,-81.82],[59.79,-82.25],[57.08,-82.75],[65.92,-83.25],[70.27,-83.75],[70.0,-83.86],[48.75,-84.03],[47.0,-84.16],[46.16,-84.5],[49.37,-85.25],[50.54,-85.75],[48.37,-86.25],[50.45,-86.75],[45.93,-87.5],[46.51,-87.75],[55.39,-88.0]]}},{"type":"Feature","properties":{"level":1044},"geometry":{"type":"LineString","coordinates":[[15.04,-87.75],[22.0,-87.99],[29.34,-87.75],[21.25,-86.83],[19.13,-86.25],[20.07,-86.0],[20.09,-85.75],[11.97,-86.25],[12.25,-86.56],[15.25,-86.97],[15.83,-87.25],[15.04,-87.75]]}},{"type":"Feature","properties":{"level":1044},"geometry":{"type":"LineString","coordinates":[[40.59,-81.5],[42.55,-81.25],[42.66,-80.5],[43.0,-80.08],[45.64,-79.0],[45.81,-78.5],[45.51,-78.0],[44.25,-76.94],[42.5,-76.3],[39.25,-76.02],[35.25,-76.18],[29.0,-75.9],[25.75,-75.44],[25.16,-75.5],[25.04,-76.0],[24.48,-76.25],[24.53,-76.5],[22.25,-76.65],[23.3,-77.25],[22.21,-77.5],[22.61,-77.75],[21.59,-78.0],[22.75,-78.31],[21.23,-78.75],[22.69,-79.25],[23.2,-79.75],[28.5,-80.8],[32.75,-81.39],[40.59,-81.5]]}},{"type":"Feature","properties":{"level":1044},"geometry":{"type":"LineString","coordinates":[[28.0,-77.25],[26.52,-77.0],[27.5,-76.92],[29.09,-77.25],[28.0,-77.25]]}},{"type":"Feature","properties":{"level":1048},"geometry":{"type":"LineString","coordinates":[[52.52,-87.75],[75.25,-87.87],[91.47,-87.25],[100.9,-86.5],[101.16,-86.25],[97.85,-86.0],[97.29,-85.75],[101.29,-84.75],[102.0,-84.44],[102.73,-83.75],[104.08,-83.25],[107.5,-82.6],[109.27,-81.75],[111.25,-81.25],[111.63,-81.0],[111.08,-80.5],[113.5,-79.51],[114.63,-78.75],[119.75,-76.71],[122.96,-75.75],[122.26,-75.25],[122.59,-74.5],[121.25,-73.92],[109.0,-72.94],[106.5,-72.44],[97.75,-72.6],[93.5,-72.97],[92.75,-73.19],[90.79,-74.5],[90.79,-75.0],[90.42,-75.5],[90.81,-76.25],[90.57,-76.75],[88.71,-77.75],[86.0,-78.46],[82.09,-79.0],[81.0,-79.56],[78.0,-80.11],[77.41,-80.75],[73.76,-81.5],[74.41,-82.25],[68.5,-82.15],[63.79,-82.5],[63.93,-82.75],[65.93,-83.0],[76.14,-84.0],[73.0,-84.29],[53.31,-84.5],[53.2,-84.75],[53.75,-84.93],[57.24,-85.5],[67.79,-86.5],[56.0,-86.97],[51.43,-87.5],[52.52,-87.75]]}},{"type":"Feature","properties":{"level":1048},"geometry":{"type":"LineString","coordinates":[[35.18,-80.75],[38.5,-80.83],[43.5,-79.61],[44.5,-79.25],[44.45,-78.75],[45.0,-78.0],[44.71,-77.5],[43.0,-76.63],[39.25,-76.21],[28.25,-76.25],[29.82,-76.75],[29.76,-77.25],[30.7,-77.75],[30.25,-77.88],[26.4,-77.25],[24.8,-77.25],[26.25,-78.54],[27.26,-78.75],[25.88,-79.0],[27.56,-80.0],[31.5,-80.64],[35.18,-80.75]]}},{"type":"Feature","properties":{"level":1048},"geometry":{"type":"LineString","coordinates":[[41.0,-77.77],[39.58,-77.5],[40.75,-77.39],[41.35,-77.75],[41.0,-77.77]]}},{"type":"Feature","properties":{"level":1052},"geometry":{"type":"LineString","coordinates":[[58.85,-87.75],[78.5,-87.64],[87.04,-87.25],[90.56,-86.75],[65.75,-86.95],[59.0,-87.18],[56.33,-87.5],[58.85,-87.75]]}},{"type":"Feature","properties":{"level":1052},"geometry":{"type":"LineString","coordinates":[[79.97,-85.25],[82.5,-85.46],[88.75,-85.26],[94.5,-84.53],[95.81,-84.0],[79.66,-85.0],[79.97,-85.25]]}},{"type":"Feature","properties":{"level":1052},"geometry":{"type":"LineString","coordinates":[[68.54,-85.0],[74.75,-85.07],[78.75,-84.97],[79.44,-84.75],[70.75,-84.68],[68.54,-85.0]]}},{"type":"Feature","properties":{"level":1052},"geometry":{"type":"LineString","coordinates":[[81.78,-84.0],[83.25,-84.19],[86.75,-84.09],[98.5,-82.97],[101.5,-81.86],[105.37,-81.5],[103.62,-80.75],[105.0,-80.07],[110.0,-79.55],[111.73,-78.5],[111.97,-77.5],[110.42,-76.75],[110.31,-76.5],[114.5,-75.46],[119.25,-75.2],[120.75,-74.79],[120.98,-74.5],[120.25,-74.12],[104.0,-72.84],[94.5,-73.15],[93.03,-73.5],[92.41,-74.0],[92.0,-74.75],[92.46,-75.5],[92.03,-76.25],[91.5,-76.81],[89.75,-77.76],[86.25,-78.64],[83.0,-79.13],[80.44,-80.0],[78.5,-80.21],[78.03,-80.75],[75.35,-81.5],[77.75,-82.0],[78.03,-82.25],[74.75,-82.63],[68.87,-82.75],[70.19,-83.0],[79.5,-83.51],[81.78,-84.0]]}},{"type":"Feature","properties":{"level":1052},"geometry":{"type":"LineString","coordinates":[[35.6,-80.25],[36.75,-80.27],[39.5,-79.69],[41.75,-79.6],[43.53,-79.25],[40.25,-78.0],[35.03,-77.0],[40.75,-76.96],[43.5,-77.91],[44.0,-77.8],[44.21,-77.5],[42.5,-76.72],[36.75,-76.43],[34.0,-76.66],[32.25,-76.4],[30.98,-76.5],[33.25,-76.74],[32.5,-77.25],[35.2,-77.75],[31.5,-77.59],[31.25,-78.4],[29.25,-77.91],[28.81,-78.0],[30.21,-78.75],[32.81,-79.25],[33.07,-79.5],[32.14,-79.75],[32.5,-79.96],[35.6,-80.25]]}},{"type":"Feature","properties":{"level":1052},"geometry":{"type":"LineString","coordinates":[[31.06,-80.0],[32.09,-80.0],[31.83,-79.75],[30.64,-79.75],[31.06,-80.0]]}},{"type":"Feature","properties":{"level":1056},"geometry":{"type":"LineString","coordinates":[[63.7,-87.5],[75.5,-87.55],[81.9,-87.25],[73.25,-87.08],[64.1,-87.25],[63.7,-87.5]]}},{"type":"Feature","properties":{"level":1056},"geometry":{"type":"LineString","coordinates":[[85.3,-83.25],[87.0,-83.43],[90.5,-83.26],[94.88,-82.5],[97.47,-81.25],[100.75,-80.61],[101.07,-80.25],[100.93,-79.75],[101.63,-79.5],[105.25,-78.75],[106.62,-78.75],[106.52,-78.5],[107.21,-77.5],[107.0,-77.0],[105.01,-76.0],[104.75,-75.3],[102.98,-74.25],[97.75,-73.33],[95.25,-73.41],[93.75,-73.71],[93.0,-74.25],[92.8,-75.0],[93.39,-76.0],[92.72,-76.75],[92.93,-77.25],[92.5,-77.5],[91.0,-77.7],[89.75,-78.42],[83.25,-79.35],[81.75,-80.07],[79.29,-80.25],[78.25,-80.85],[76.92,-81.25],[77.11,-81.5],[77.75,-81.59],[83.29,-81.75],[77.73,-82.75],[79.5,-83.02],[85.3,-83.25]]}},{"type":"Feature","properties":{"level":1056},"geometry":{"type":"LineString","coordinates":[[38.12,-79.25],[42.2,-79.25],[40.5,-78.46],[38.75,-78.09],[36.25,-77.96],[35.25,-78.51],[32.5,-78.01],[32.0,-78.25],[34.0,-79.06],[38.12,-79.25]]}},{"type":"Feature","properties":{"level":1056},"geometry":{"type":"LineString","coordinates":[[113.75,-74.75],[118.3,-74.75],[118.23,-74.5],[117.49,-74.25],[115.0,-74.02],[111.75,-73.92],[109.92,-74.25],[113.75,-74.75]]}},{"type":"Feature","properties":{"level":1060},"geometry":{"type":"LineString","coordinates":[[83.0,-82.5],[89.5,-82.39],[93.75,-81.81],[96.5,-80.82],[98.5,-80.44],[98.8,-80.25],[99.21,-79.25],[101.67,-78.0],[101.27,-77.75],[101.75,-77.43],[103.25,-77.24],[105.5,-77.7],[106.0,-77.5],[106.0,-77.25],[104.99,-76.5],[101.14,-75.5],[100.23,-74.25],[98.0,-73.67],[94.75,-73.7],[93.58,-74.25],[93.33,-74.75],[93.47,-75.25],[94.25,-75.97],[95.25,-75.81],[96.02,-76.0],[96.31,-76.25],[96.0,-76.51],[95.0,-76.59],[94.25,-76.1],[93.5,-76.64],[93.25,-77.5],[91.5,-78.08],[90.75,-78.57],[84.0,-79.42],[82.99,-79.75],[82.99,-80.0],[83.96,-80.25],[84.07,-80.5],[79.75,-80.44],[77.66,-81.25],[79.5,-81.45],[87.25,-81.25],[87.84,-81.5],[83.0,-82.5]]}},{"type":"Feature","properties":{"level":1060},"geometry":{"type":"LineString","coordinates":[[37.76,-79.0],[39.89,-79.0],[39.23,-78.5],[37.75,-78.32],[37.2,-78.5],[37.75,-78.75],[37.76,-79.0]]}},{"type":"Feature","properties":{"level":1064},"geometry":{"type":"LineString","coordinates":[[90.54,-81.5],[91.25,-81.67],[92.75,-81.52],[94.92,-80.75],[97.32,-80.25],[97.86,-79.5],[97.72,-79.0],[97.91,-78.75],[99.0,-78.45],[99.72,-77.75],[99.4,-77.5],[100.05,-77.25],[99.52,-75.75],[98.8,-75.0],[98.85,-74.5],[96.5,-73.8],[95.0,-73.87],[94.0,-74.36],[93.78,-74.75],[94.0,-74.99],[95.15,-75.0],[97.03,-76.25],[96.39,-77.5],[96.46,-77.75],[95.57,-79.0],[94.25,-79.26],[92.37,-79.25],[93.62,-78.5],[94.23,-77.75],[94.0,-77.41],[93.28,-78.0],[92.0,-78.25],[91.0,-78.84],[83.55,-79.75],[85.42,-80.25],[85.32,-80.5],[81.25,-81.0],[79.75,-80.91],[78.63,-81.25],[88.5,-81.06],[90.44,-81.25],[90.54,-81.5]]}},{"type":"Feature","properties":{"level":1064},"geometry":{"type":"LineString","coordinates":[[103.5,-77.0],[104.04,-76.75],[102.25,-76.18],[101.55,-76.25],[101.28,-76.5],[103.5,-77.0]]}},{"type":"Feature","properties":{"level":1068},"geometry":{"type":"LineString","coordinates":[[83.96,-81.0],[85.47,-81.0],[83.96,-81.0]]}},{"type":"Feature","properties":{"level":1068},"geometry":{"type":"LineString","coordinates":[[86.36,-80.75],[93.25,-80.75],[96.25,-80.06],[97.14,-79.25],[96.5,-79.11],[91.75,-79.63],[91.07,-79.5],[91.0,-79.2],[90.0,-79.14],[84.41,-79.75],[88.14,-80.25],[86.36,-80.75]]}},{"type":"Feature","properties":{"level":1068},"geometry":{"type":"LineString","coordinates":[[97.1,-78.0],[97.5,-78.22],[98.25,-78.11],[98.65,-77.75],[97.75,-77.25],[98.88,-77.0],[98.37,-76.0],[97.11,-75.0],[97.98,-74.75],[97.85,-74.5],[96.25,-74.32],[94.5,-74.5],[96.21,-75.0],[97.49,-75.75],[97.78,-76.5],[97.4,-77.0],[97.74,-77.25],[97.25,-77.45],[97.34,-77.75],[97.1,-78.0]]}},{"type":"Feature","properties":{"level":1072},"geometry":{"type":"LineString","coordinates":[[90.46,-80.5],[92.25,-80.52],[95.72,-79.75],[95.5,-79.59],[93.64,-79.75],[90.42,-80.25],[90.46,-80.5]]}},{"type":"Feature","properties":{"level":1072},"geometry":{"type":"LineString","coordinates":[[86.45,-79.75],[87.62,-79.75],[86.45,-79.75]]}},{"type":"Feature","properties":{"level":1072},"geometry":{"type":"LineString","coordinates":[[87.85,-79.5],[88.5,-79.65],[89.67,-79.5],[87.85,-79.5]]}}]}