{"type":"FeatureCollection","features":[{"type":"Feature","properties":{"level":952},"geometry":{"type":"LineString","coordinates":[[-140.5,-66.77],[-145.75,-65.5],[-146.06,-65.0],[-145.94,-63.75],[-145.25,-63.17],[-143.5,-62.56],[-139.75,-61.96],[-137.0,-61.86],[-135.0,-61.36],[-133.06,-61.75],[-132.02,-62.25],[-131.62,-62.75],[-131.52,-64.0],[-132.59,-65.0],[-135.83,-66.0],[-137.0,-66.84],[-138.5,-66.98],[-140.5,-66.77]]}},{"type":"Feature","properties":{"level":956},"geometry":{"type":"LineString","coordinates":[[-140.5,-67.77],[-145.25,-67.22],[-147.75,-66.57],[-148.62,-65.75],[-148.6,-64.5],[-147.5,-63.1],[-145.5,-62.06],[-140.5,-60.67],[-136.25,-59.91],[-132.25,-59.88],[-129.54,-61.25],[-128.16,-62.75],[-127.87,-64.25],[-128.24,-65.25],[-128.0,-65.7],[-127.36,-66.0],[-127.85,-66.25],[-134.0,-67.61],[-137.25,-67.87],[-140.5,-67.77]]}},{"type":"Feature","properties":{"level":956},"geometry":{"type":"LineString","coordinates":[[44.75,-65.78],[44.06,-65.25],[43.83,-64.5],[44.2,-64.0],[45.0,-63.59],[47.0,-63.54],[49.57,-64.25],[46.58,-65.75],[44.75,-65.78]]}},{"type":"Feature","properties":{"level":956},"geometry":{"type":"LineString","coordinates":[[124.0,-56.26],[124.09,-56.0],[124.54,-56.0],[124.0,-56.26]]}},{"type":"Feature","properties":{"level":956},"geometry":{"type":"LineString","coordinates":[[170.0,58.72],[169.34,59.0],[169.34,59.75],[169.67,60.25],[170.25,60.28],[171.25,59.87],[171.37,59.5],[171.0,58.89],[170.0,58.72]]}},{"type":"Feature","properties":{"level":960},"geometry":{"type":"LineString","coordinates":[[-142.5,-68.5],[-146.5,-68.06],[-149.31,-67.25],[-150.09,-66.75],[-150.65,-66.0],[-150.83,-65.25],[-150.6,-64.5],[-149.86,-63.5],[-148.25,-62.34],[-142.77,-60.0],[-138.25,-58.91],[-133.0,-58.5],[-127.64,-59.5],[-125.54,-62.0],[-124.5,-64.08],[-123.86,-64.75],[-123.22,-65.0],[-123.49,-65.5],[-125.33,-66.5],[-131.0,-68.03],[-136.5,-68.62],[-142.5,-68.5]]}},{"type":"Feature","properties":{"level":960},"geometry":{"type":"LineString","coordinates":[[45.25,-66.51],[43.0,-66.05],[42.55,-65.75],[42.04,-65.0],[42.32,-64.25],[42.86,-63.75],[43.98,-63.25],[46.75,-62.85],[50.25,-63.13],[53.01,-64.0],[50.48,-64.75],[49.35,-65.75],[49.35,-66.25],[45.25,-66.51]]}},{"type":"Feature","properties":{"level":960},"geometry":{"type":"LineString","coordinates":[[122.75,-57.65],[122.21,-57.0],[122.11,-56.5],[122.45,-55.75],[123.0,-55.36],[125.0,-54.92],[126.0,-55.16],[126.41,-55.5],[126.51,-56.25],[125.75,-57.13],[124.25,-57.63],[122.75,-57.65]]}},{"type":"Feature","properties":{"level":960},"geometry":{"type":"LineString","coordinates":[[170.5,57.18],[169.25,57.69],[168.03,58.75],[167.79,59.5],[168.33,60.25],[169.75,60.82],[171.25,60.61],[172.83,60.0],[173.49,59.5],[173.72,59.0],[173.25,58.15],[172.0,57.38],[170.5,57.18]]}},{"type":"Feature","properties":{"level":964},"geometry":{"type":"LineString","coordinates":[[39.0,-69.82],[38.84,-69.75],[39.0,-69.62],[39.19,-69.75],[39.0,-69.82]]}},{"type":"Feature","properties":{"level":964},"geometry":{"type":"LineString","coordinates":[[-141.5,-69.5],[-147.25,-69.1],[-150.75,-68.33],[-152.0,-67.76],[-152.92,-67.0],[-153.26,-66.25],[-153.18,-65.5],[-152.36,-64.25],[-150.75,-62.82],[-145.84,-60.0],[-140.5,-58.24],[-136.5,-57.5],[-133.75,-57.28],[-130.5,-57.4],[-127.5,-57.97],[-124.12,-60.0],[-121.75,-62.55],[-120.36,-63.5],[-120.58,-64.5],[-121.75,-65.76],[-123.5,-66.78],[-126.5,-67.88],[-133.25,-69.19],[-141.5,-69.5]]}},{"type":"Feature","properties":{"level":964},"geometry":{"type":"LineString","coordinates":[[39.5,-69.51],[39.9,-69.25],[39.61,-68.75],[39.72,-68.5],[40.94,-67.5],[39.37,-65.5],[39.26,-65.0],[39.55,-64.25],[40.68,-63.25],[42.75,-62.56],[46.75,-62.07],[51.5,-62.37],[57.05,-63.5],[60.87,-65.0],[58.75,-65.17],[55.5,-64.63],[53.75,-64.66],[52.75,-65.06],[52.38,-65.5],[53.09,-66.0],[52.53,-66.25],[53.25,-66.57],[53.42,-66.75],[53.25,-66.84],[50.25,-67.16],[49.25,-67.93],[48.0,-67.86],[47.25,-68.36],[45.25,-68.04],[43.0,-68.23],[40.25,-68.96],[40.09,-69.5],[39.5,-69.51]]}},{"type":"Feature","properties":{"level":964},"geometry":{"type":"LineString","coordinates":[[123.0,-58.29],[121.62,-57.25],[121.45,-56.25],[122.25,-55.1],[123.75,-54.36],[125.5,-54.06],[127.0,-54.34],[128.25,-55.15],[129.17,-56.25],[127.5,-57.44],[126.0,-58.07],[124.25,-58.44],[123.0,-58.29]]}},{"type":"Feature","properties":{"level":964},"geometry":{"type":"LineString","coordinates":[[128.5,-52.85],[128.31,-52.75],[128.85,-52.75],[128.5,-52.85]]}},{"type":"Feature","properties":{"level":964},"geometry":{"type":"LineString","coordinates":[[127.0,-52.64],[126.83,-52.5],[127.01,-52.25],[127.5,-52.25],[127.74,-52.5],[127.0,-52.64]]}},{"type":"Feature","properties":{"level":964},"geometry":{"type":"LineString","coordinates":[[169.0,56.22],[167.32,57.0],[166.72,58.0],[166.47,59.0],[166.66,60.0],[168.47,61.0],[169.5,61.36],[171.25,61.5],[174.0,60.89],[175.25,60.25],[175.91,59.5],[175.97,58.75],[175.6,58.25],[173.64,56.75],[171.0,56.08],[169.0,56.22]]}},{"type":"Feature","properties":{"level":968},"geometry":{"type":"LineString","coordinates":[[-140.25,-70.5],[-147.0,-70.3],[-152.85,-69.5],[-155.67,-68.5],[-156.26,-68.0],[-156.39,-67.25],[-155.76,-66.0],[-153.93,-64.0],[-149.04,-60.5],[-144.05,-58.25],[-140.25,-57.11],[-137.0,-56.42],[-132.5,-55.94],[-127.75,-56.14],[-123.25,-58.01],[-120.5,-59.86],[-119.0,-60.14],[-118.25,-59.89],[-117.84,-62.0],[-118.53,-64.25],[-119.83,-65.75],[-122.5,-67.46],[-126.5,-68.91],[-131.0,-69.85],[-135.25,-70.32],[-140.25,-70.5]]}},{"type":"Feature","properties":{"level":968},"geometry":{"type":"LineString","coordinates":[[38.75,-70.52],[34.5,-70.03],[33.5,-69.3],[33.03,-68.5],[33.48,-68.0],[34.44,-67.5],[34.51,-67.0],[33.75,-66.17],[31.89,-65.5],[31.1,-63.75],[31.35,-63.0],[32.25,-62.51],[34.0,-62.13],[41.0,-61.37],[46.25,-61.13],[50.25,-61.27],[54.25,-61.7],[57.25,-62.3],[63.75,-63.79],[67.5,-65.0],[61.0,-65.69],[55.75,-65.55],[54.0,-66.37],[53.51,-67.0],[50.93,-67.5],[50.77,-67.75],[50.94,-68.25],[51.68,-68.75],[51.61,-69.5],[49.75,-69.51],[47.75,-68.96],[46.0,-68.85],[44.25,-69.2],[43.25,-69.75],[40.75,-70.55],[38.75,-70.52]]}},{"type":"Feature","properties":{"level":968},"geometry":{"type":"LineString","coordinates":[[29.0,-61.01],[26.75,-60.19],[25.79,-59.5],[25.75,-59.0],[26.75,-58.78],[30.5,-58.72],[35.0,-59.03],[34.73,-59.75],[32.5,-60.82],[30.75,-61.13],[29.0,-61.01]]}},{"type":"Feature","properties":{"level":968},"geometry":{"type":"LineString","coordinates":[[124.0,-59.03],[122.5,-58.69],[121.71,-58.25],[120.71,-57.25],[120.45,-56.5],[120.9,-55.0],[123.25,-52.26],[125.0,-51.4],[126.5,-51.34],[129.25,-51.89],[130.49,-52.75],[130.72,-54.0],[131.5,-55.34],[131.48,-55.75],[131.0,-56.46],[129.69,-57.5],[127.85,-58.5],[126.25,-58.9],[124.0,-59.03]]}},{"type":"Feature","properties":{"level":968},"geometry":{"type":"LineString","coordinates":[[130.75,-52.49],[130.57,-52.25],[131.0,-52.09],[131.14,-52.25],[130.75,-52.49]]}},{"type":"Feature","properties":{"level":968},"geometry":{"type":"LineString","coordinates":[[169.25,55.45],[167.5,56.04],[166.5,56.7],[165.77,57.5],[165.38,58.5],[165.75,59.99],[168.23,61.5],[170.5,62.08],[173.25,62.0],[176.3,61.25],[177.92,60.25],[178.04,59.0],[177.03,57.75],[175.0,56.29],[173.75,55.74],[172.0,55.41],[169.25,55.45]]}},{"type":"Feature","properties":{"level":972},"geometry":{"type":"LineString","coordinates":[[-106.5,-75.01],[-107.96,-74.75],[-108.5,-74.36],[-108.62,-74.0],[-107.59,-73.5],[-106.0,-73.35],[-104.0,-73.61],[-103.27,-74.0],[-103.28,-74.25],[-104.0,-74.6],[-106.5,-75.01]]}},{"type":"Feature","properties":{"level":972},"geometry":{"type":"LineString","coordinates":[[21.75,-72.51],[23.0,-71.89],[24.75,-71.91],[25.79,-71.5],[24.5,-71.29],[23.39,-70.75],[23.5,-70.46],[22.93,-69.0],[21.64,-68.5],[21.63,-67.25],[21.23,-66.25],[21.26,-65.25],[22.87,-64.25],[23.85,-63.25],[24.23,-62.5],[24.16,-61.25],[23.35,-59.0],[27.5,-57.44],[28.25,-56.75],[34.0,-57.77],[36.75,-57.94],[38.25,-59.31],[39.75,-59.91],[49.5,-60.18],[55.0,-60.7],[60.25,-61.65],[68.0,-63.63],[71.25,-64.18],[72.77,-64.75],[70.25,-65.59],[61.75,-66.47],[59.75,-66.54],[56.5,-66.07],[55.5,-66.16],[52.19,-67.75],[53.17,-68.25],[53.5,-68.89],[54.52,-69.25],[52.75,-69.73],[50.25,-69.77],[46.75,-69.24],[45.09,-69.75],[43.5,-70.59],[41.25,-71.05],[36.75,-70.92],[36.0,-71.15],[35.25,-71.83],[34.25,-71.43],[26.75,-71.83],[26.25,-71.66],[25.94,-71.75],[26.33,-72.0],[26.0,-72.13],[21.75,-72.51]]}},{"type":"Feature","properties":{"level":972},"geometry":{"type":"LineString","coordinates":[[-147.75,-71.5],[-157.5,-70.44],[-160.6,-69.5],[-160.91,-69.25],[-160.94,-68.75],[-159.85,-67.5],[-156.4,-64.5],[-150.63,-60.25],[-144.75,-57.48],[-139.0,-55.68],[-134.75,-54.93],[-129.0,-54.51],[-123.0,-56.03],[-119.5,-57.49],[-117.5,-57.07],[-116.75,-57.5],[-116.18,-59.0],[-116.03,-60.25],[-116.15,-62.5],[-116.58,-63.75],[-117.4,-65.25],[-118.75,-66.69],[-122.0,-68.7],[-127.0,-70.24],[-134.0,-71.39],[-139.75,-71.69],[-147.75,-71.5]]}},{"type":"Feature","properties":{"level":972},"geometry":{"type":"LineString","coordinates":[[123.0,-59.52],[120.96,-58.75],[119.12,-57.25],[118.85,-56.5],[118.86,-55.5],[119.88,-52.25],[119.74,-51.75],[118.54,-50.75],[118.48,-50.25],[118.75,-49.93],[119.75,-49.8],[122.5,-50.29],[126.5,-50.1],[129.75,-50.7],[131.5,-51.38],[132.4,-52.0],[134.0,-54.25],[133.98,-54.75],[132.7,-56.75],[130.5,-58.85],[129.58,-59.25],[127.25,-59.57],[123.0,-59.52]]}},{"type":"Feature","properties":{"level":972},"geometry":{"type":"LineString","coordinates":[[145.5,-58.53],[144.0,-58.22],[142.5,-57.4],[142.03,-56.5],[142.37,-56.0],[143.5,-55.54],[144.75,-55.74],[146.5,-56.75],[147.71,-58.0],[147.25,-58.58],[145.5,-58.53]]}},{"type":"Feature","properties":{"level":972},"geometry":{"type":"LineString","coordinates":[[170.5,54.48],[167.5,55.1],[165.35,56.5],[164.53,57.5],[164.01,58.75],[164.53,60.0],[166.53,61.25],[170.0,62.5],[173.25,62.64],[175.5,62.42],[177.97,61.75],[179.43,60.75],[179.78,60.0],[179.88,59.0],[179.7,58.5],[178.6,57.5],[174.5,55.18],[172.5,54.65],[170.5,54.48]]}},{"type":"Feature","properties":{"level":976},"geometry":{"type":"LineString","coordinates":[[-112.5,-76.33],[-112.67,-76.25],[-112.32,-76.0],[-112.5,-75.86],[-114.5,-75.6],[-115.0,-75.31],[-123.25,-74.82],[-129.75,-75.11],[-130.75,-74.81],[-133.25,-74.92],[-135.0,-74.73],[-139.75,-75.07],[-140.5,-74.9],[-141.61,-74.0],[-142.51,-73.75],[-162.98,-72.0],[-166.4,-71.25],[-166.85,-71.0],[-167.05,-70.5],[-165.39,-69.0],[-160.86,-66.25],[-153.05,-60.5],[-146.5,-57.07],[-142.5,-55.38],[-139.25,-54.47],[-131.75,-53.32],[-128.5,-53.31],[-123.0,-54.35],[-119.5,-55.36],[-117.75,-55.4],[-117.0,-55.08],[-116.25,-55.35],[-114.86,-58.0],[-114.36,-61.5],[-114.88,-64.75],[-115.91,-66.5],[-117.25,-68.03],[-120.25,-69.87],[-128.11,-72.75],[-128.16,-73.25],[-127.5,-73.23],[-127.24,-73.5],[-127.46,-74.0],[-128.16,-74.5],[-121.5,-74.5],[-121.38,-74.25],[-123.33,-73.5],[-106.0,-72.34],[-101.5,-72.73],[-99.78,-73.25],[-99.32,-74.0],[-98.75,-74.1],[-96.5,-74.2],[-95.83,-74.0],[-95.75,-73.69],[-95.52,-74.25],[-95.82,-74.75],[-96.72,-75.25],[-99.75,-75.82],[-105.5,-76.17],[-111.25,-75.83],[-111.5,-76.29],[-112.5,-76.33]]}},{"type":"Feature","properties":{"level":976},"geometry":{"type":"LineString","coordinates":[[-129.82,-74.75],[-128.96,-74.5],[-129.5,-74.45],[-129.82,-74.75]]}},{"type":"Feature","properties":{"level":976},"geometry":{"type":"LineString","coordinates":[[-130.43,-74.5],[-130.17,-74.5],[-130.25,-74.3],[-130.43,-74.5]]}},{"type":"Feature","properties":{"level":976},"geometry":{"type":"LineString","coordinates":[[-10.0,-74.5],[-6.45,-73.75],[-8.0,-73.23],[-9.75,-73.25],[-11.04,-73.0],[-10.25,-72.05],[-8.75,-72.21],[-6.5,-71.72],[-4.5,-71.58],[-4.27,-71.75],[-4.23,-72.25],[-3.23,-72.5],[-3.99,-73.0],[-3.91,-73.25],[-3.0,-73.03],[-2.21,-73.75],[-6.5,-74.42],[-10.0,-74.5]]}},{"type":"Feature","properties":{"level":976},"geometry":{"type":"LineString","coordinates":[[-49.75,-74.01],[-52.68,-73.25],[-49.75,-71.47],[-48.5,-71.18],[-46.0,-71.62],[-45.0,-72.25],[-44.75,-72.74],[-45.07,-73.25],[-45.91,-73.75],[-47.25,-74.01],[-49.75,-74.01]]}},{"type":"Feature","properties":{"level":976},"geometry":{"type":"LineString","coordinates":[[-126.25,-73.82],[-125.82,-73.75],[-126.25,-73.82]]}},{"type":"Feature","properties":{"level":976},"geometry":{"type":"LineString","coordinates":[[-128.77,-73.0],[-128.58,-73.0],[-128.77,-73.0]]}},{"type":"Feature","properties":{"level":976},"geometry":{"type":"LineString","coordinates":[[22.25,-73.02],[15.25,-72.13],[11.25,-72.19],[10.75,-71.71],[9.75,-71.96],[7.5,-71.86],[6.5,-72.17],[1.75,-72.46],[0.25,-72.8],[-1.45,-72.5],[1.0,-71.82],[7.5,-71.65],[7.8,-71.25],[7.66,-70.75],[8.35,-70.5],[10.0,-70.26],[12.5,-70.3],[12.75,-68.81],[14.85,-67.25],[15.51,-65.75],[15.68,-64.75],[17.13,-63.5],[17.27,-62.75],[16.52,-62.0],[16.73,-61.5],[18.75,-61.16],[19.66,-60.5],[19.86,-59.75],[19.67,-58.25],[19.94,-57.75],[21.0,-57.32],[24.5,-56.68],[26.58,-55.75],[30.5,-55.61],[33.25,-56.53],[37.25,-56.94],[38.0,-56.8],[39.5,-57.93],[41.75,-58.54],[57.0,-59.52],[68.0,-62.33],[75.75,-63.48],[77.51,-64.0],[77.0,-64.75],[75.0,-65.68],[73.0,-66.13],[65.0,-66.72],[60.25,-67.4],[57.5,-67.18],[57.02,-66.75],[56.0,-66.53],[55.0,-66.59],[53.82,-67.5],[54.4,-68.0],[55.5,-68.04],[57.25,-67.36],[58.5,-67.99],[60.32,-67.75],[60.0,-68.04],[58.25,-68.06],[57.5,-69.05],[55.38,-69.75],[50.0,-70.06],[47.75,-69.73],[46.75,-69.95],[45.75,-70.62],[43.89,-71.25],[37.0,-71.7],[35.0,-72.44],[30.75,-72.82],[28.0,-72.25],[25.5,-72.42],[24.25,-72.96],[22.25,-73.02]]}},{"type":"Feature","properties":{"level":976},"geometry":{"type":"LineString","coordinates":[[-90.5,-68.06],[-90.96,-67.75],[-90.75,-67.51],[-89.85,-68.0],[-90.0,-68.23],[-90.5,-68.06]]}},{"type":"Feature","properties":{"level":976},"geometry":{"type":"LineString","coordinates":[[132.5,-65.04],[131.5,-64.65],[131.32,-64.25],[131.5,-64.01],[134.0,-63.73],[135.1,-64.0],[135.71,-64.5],[135.68,-64.75],[134.75,-65.15],[132.5,-65.04]]}},{"type":"Feature","properties":{"level":976},"geometry":{"type":"LineString","coordinates":[[123.25,-60.51],[120.5,-60.15],[117.95,-59.5],[117.79,-59.25],[117.75,-58.75],[116.77,-57.0],[116.45,-55.75],[117.51,-52.5],[117.59,-51.75],[117.12,-50.25],[117.59,-49.5],[119.5,-49.01],[126.25,-48.93],[128.75,-49.14],[132.5,-50.08],[134.5,-51.67],[136.62,-52.5],[136.1,-53.75],[135.89,-55.5],[133.5,-59.55],[130.5,-60.37],[126.0,-60.61],[123.25,-60.51]]}},{"type":"Feature","properties":{"level":976},"geometry":{"type":"LineString","coordinates":[[116.5,-60.19],[116.35,-60.0],[116.75,-59.65],[117.49,-59.75],[117.25,-60.04],[116.5,-60.19]]}},{"type":"Feature","properties":{"level":976},"geometry":{"type":"LineString","coordinates":[[149.5,-60.0],[146.0,-59.66],[142.5,-58.74],[140.59,-57.75],[140.21,-57.0],[140.34,-56.25],[141.31,-55.25],[142.75,-54.69],[145.25,-54.68],[147.04,-55.25],[149.34,-56.75],[150.39,-57.75],[151.13,-59.0],[151.24,-59.25],[150.97,-59.75],[149.5,-60.0]]}},{"type":"Feature","properties":{"level":976},"geometry":{"type":"LineString","coordinates":[[180.0,57.37],[177.44,55.75],[174.75,54.48],[172.0,53.78],[169.5,53.66],[166.5,54.24],[165.48,54.75],[163.17,56.75],[162.75,57.5],[162.68,58.25],[163.3,59.75],[164.5,60.96],[169.0,62.83],[172.75,63.6],[176.75,63.75],[177.88,63.5],[177.87,63.25],[180.0,62.2]]}},{"type":"Feature","properties":{"level":976},"geometry":{"type":"LineString","coordinates":[[-180.0,62.2],[-179.07,61.25],[-178.63,60.0],[-178.9,58.75],[-180.0,57.37]]}},{"type":"Feature","properties":{"level":980},"geometry":{"type":"LineString","coordinates":[[-27.0,-80.75],[-28.65,-80.5],[-26.54,-80.5],[-26.54,-80.75],[-27.0,-80.75]]}},{"type":"Feature","properties":{"level":980},"geometry":{"type":"LineString","coordinates":[[-18.25,-79.51],[-28.25,-79.44],[-28.62,-79.25],[-25.49,-78.5],[-34.0,-78.8],[-36.0,-78.54],[-36.98,-78.0],[-35.5,-76.46],[-34.25,-75.71],[-24.25,-72.83],[-21.75,-71.92],[-18.75,-70.37],[-10.75,-68.2],[-5.5,-67.68],[2.25,-67.91],[6.0,-67.36],[7.63,-66.25],[8.25,-64.75],[9.2,-64.25],[10.18,-63.25],[10.28,-62.75],[9.13,-61.25],[9.75,-60.61],[11.5,-59.8],[12.75,-60.06],[15.0,-59.42],[19.64,-56.0],[22.5,-55.01],[30.25,-54.87],[34.25,-55.66],[38.5,-55.74],[40.75,-56.87],[43.75,-57.44],[48.5,-57.75],[53.5,-57.45],[55.25,-57.64],[67.75,-61.14],[72.25,-61.93],[79.75,-62.59],[81.34,-63.0],[81.39,-63.25],[80.33,-64.75],[79.5,-65.32],[75.75,-66.62],[67.75,-67.17],[62.5,-68.48],[60.5,-69.3],[59.0,-69.34],[53.75,-70.26],[48.5,-70.67],[47.0,-71.28],[44.75,-71.71],[37.5,-72.31],[34.5,-73.44],[31.0,-73.43],[27.5,-72.62],[26.0,-72.64],[24.75,-73.22],[20.75,-73.64],[15.68,-72.75],[9.25,-72.36],[1.0,-73.01],[-1.25,-72.9],[-1.82,-73.25],[-1.43,-74.0],[-2.0,-74.32],[-4.0,-74.63],[-5.43,-75.5],[-9.77,-76.75],[-9.74,-77.0],[-10.25,-77.35],[-13.5,-78.52],[-18.25,-79.51]]}},{"type":"Feature","properties":{"level":980},"geometry":{"type":"LineString","coordinates":[[-118.25,-76.8],[-118.0,-76.58],[-116.8,-76.75],[-118.25,-76.8]]}},{"type":"Feature","properties":{"level":980},"geometry":{"type":"LineString","coordinates":[[-136.25,-76.0],[-135.15,-76.0],[-136.25,-76.0]]}},{"type":"Feature","properties":{"level":980},"geometry":{"type":"LineString","coordinates":[[-68.0,-75.29],[-73.25,-74.85],[-74.57,-74.5],[-74.66,-74.25],[-73.5,-74.15],[-72.5,-74.58],[-68.5,-74.65],[-67.25,-74.92],[-66.56,-74.5],[-69.81,-74.0],[-69.25,-73.69],[-66.5,-73.49],[-65.5,-73.75],[-64.75,-73.57],[-62.87,-72.5],[-63.6,-72.0],[-63.35,-71.5],[-61.5,-71.31],[-61.05,-71.5],[-61.25,-71.78],[-62.37,-72.0],[-61.75,-72.16],[-61.22,-72.75],[-62.16,-73.25],[-62.69,-74.0],[-65.68,-75.0],[-68.0,-75.29]]}},{"type":"Feature","properties":{"level":980},"geometry":{"type":"LineString","coordinates":[[-49.75,-75.26],[-54.75,-74.65],[-57.24,-73.75],[-57.72,-72.5],[-57.84,-71.75],[-57.62,-71.25],[-57.79,-70.75],[-56.57,-70.0],[-53.33,-68.75],[-49.25,-68.01],[-44.5,-67.88],[-41.63,-68.5],[-38.93,-71.0],[-34.59,-72.75],[-34.29,-73.25],[-35.0,-73.88],[-36.5,-74.42],[-40.5,-75.08],[-44.25,-75.4],[-49.75,-75.26]]}},{"type":"Feature","properties":{"level":980},"geometry":{"type":"LineString","coordinates":[[180.0,-73.59],[179.02,-73.0],[179.33,-72.5],[180.0,-72.18]]}},{"type":"Feature","properties":{"level":980},"geometry":{"type":"LineString","coordinates":[[-180.0,-72.18],[-172.25,-70.08],[-167.75,-68.29],[-162.88,-65.75],[-157.84,-62.25],[-150.5,-57.8],[-145.0,-55.02],[-138.25,-53.16],[-133.25,-52.33],[-129.75,-52.07],[-123.25,-52.89],[-120.0,-53.65],[-116.25,-53.75],[-115.5,-54.08],[-114.87,-54.75],[-112.75,-59.07],[-112.21,-63.25],[-112.28,-64.75],[-112.99,-68.25],[-113.92,-70.25],[-113.59,-70.5],[-111.75,-70.85],[-107.0,-70.93],[-97.5,-70.67],[-95.0,-70.38],[-93.99,-70.0],[-93.9,-69.75],[-94.99,-67.5],[-94.93,-65.25],[-94.5,-64.38],[-94.0,-64.03],[-93.5,-64.01],[-86.03,-66.75],[-83.66,-68.0],[-80.34,-70.25],[-79.19,-70.75],[-79.01,-71.0],[-79.5,-71.78],[-79.2,-72.25],[-78.24,-72.75],[-80.25,-73.81],[-87.0,-74.21],[-87.65,-74.5],[-87.25,-74.75],[-87.54,-75.0],[-90.26,-76.0],[-95.58,-76.75],[-98.89,-76.75],[-100.38,-77.0],[-99.5,-77.53],[-107.5,-78.72],[-108.25,-79.25],[-108.2,-79.5],[-106.92,-80.0],[-107.23,-80.25],[-109.15,-81.0],[-111.25,-80.99],[-112.86,-81.5],[-109.17,-82.25],[-109.44,-82.5],[-107.07,-82.75],[-107.29,-83.0],[-107.19,-83.25],[-112.5,-83.79],[-113.5,-83.66],[-114.42,-83.25],[-113.1,-83.0],[-113.44,-82.5],[-114.83,-82.0],[-113.71,-81.75],[-117.61,-81.25],[-118.02,-81.0],[-117.83,-80.25],[-117.96,-79.25],[-117.25,-78.61],[-113.82,-78.0],[-114.5,-77.51],[-115.25,-77.71],[-115.37,-77.5],[-114.75,-77.47],[-114.58,-77.0],[-115.78,-76.75],[-115.44,-76.25],[-116.25,-75.91],[-118.0,-75.74],[-119.5,-75.88],[-123.25,-75.46],[-129.75,-75.64],[-131.0,-75.36],[-136.75,-75.4],[-140.11,-76.0],[-143.75,-76.26],[-144.44,-76.75],[-144.31,-77.0],[-144.75,-77.37],[-146.25,-77.7],[-150.75,-77.81],[-153.9,-77.5],[-154.5,-77.18],[-158.75,-77.28],[-159.21,-77.0],[-159.6,-76.25],[-158.67,-75.5],[-160.15,-75.0],[-164.13,-74.5],[-176.5,-74.11],[-180.0,-73.59]]}},{"type":"Feature","properties":{"level":980},"geometry":{"type":"LineString","coordinates":[[-61.5,-71.15],[-61.5,-70.92],[-61.5,-71.15]]}},{"type":"Feature","properties":{"level":980},"geometry":{"type":"LineString","coordinates":[[131.0,-65.79],[127.99,-64.75],[127.27,-62.75],[126.78,-62.5],[121.0,-62.35],[117.5,-62.73],[116.77,-62.5],[116.25,-62.03],[115.03,-60.0],[114.63,-57.25],[113.68,-54.25],[115.33,-52.25],[116.22,-50.25],[117.0,-49.21],[119.0,-48.43],[125.0,-47.74],[128.0,-47.8],[132.25,-48.56],[134.5,-50.03],[137.5,-51.53],[139.11,-53.75],[140.5,-53.9],[143.25,-53.62],[145.25,-53.69],[148.4,-54.5],[153.0,-57.96],[154.09,-59.25],[154.91,-59.75],[155.14,-60.25],[154.93,-60.75],[153.25,-61.08],[149.0,-61.13],[144.5,-60.66],[140.5,-60.64],[139.94,-61.25],[140.0,-63.19],[139.5,-63.25],[139.65,-63.75],[139.46,-64.5],[138.87,-65.0],[137.61,-65.5],[135.0,-65.86],[131.0,-65.79]]}},{"type":"Feature","properties":{"level":980},"geometry":{"type":"LineString","coordinates":[[180.0,56.27],[176.75,54.51],[173.0,53.21],[170.25,52.9],[167.0,52.93],[164.5,53.27],[162.0,54.33],[161.77,54.5],[161.99,54.75],[161.63,55.0],[161.49,55.5],[161.49,56.75],[160.68,57.25],[161.75,58.95],[162.77,60.0],[163.25,61.09],[165.21,62.25],[165.03,62.5],[166.25,62.65],[166.69,63.0],[168.75,63.57],[174.5,64.73],[177.75,64.81],[180.0,64.41]]}},{"type":"Feature","properties":{"level":980},"geometry":{"type":"LineString","coordinates":[[-180.0,64.41],[-178.79,64.0],[-177.83,63.25],[-177.22,62.25],[-176.89,60.75],[-176.98,59.75],[-177.55,58.5],[-178.66,57.25],[-180.0,56.27]]}},{"type":"Feature","properties":{"level":980},"geometry":{"type":"LineString","coordinates":[[-8.25,66.73],[-8.77,67.0],[-7.75,67.32],[-6.99,67.0],[-8.25,66.73]]}},{"type":"Feature","properties":{"level":984},"geometry":{"type":"LineString","coordinates":[[-159.25,-86.25],[-156.84,-86.25],[-159.25,-86.25]]}},{"type":"Feature","properties":{"level":984},"geometry":{"type":"LineString","coordinates":[[-135.75,-86.02],[-135.95,-86.0],[-134.76,-86.0],[-135.75,-86.02]]}},{"type":"Feature","properties":{"level":984},"geometry":{"type":"LineString","coordinates":[[173.75,-85.01],[175.26,-85.0],[173.75,-85.01]]}},{"type":"Feature","properties":{"level":984},"geometry":{"type":"LineString","coordinates":[[180.0,-84.81],[176.25,-84.76],[175.5,-84.41],[173.25,-84.37],[172.5,-83.89],[170.0,-83.69],[169.55,-83.75],[169.82,-84.0],[169.53,-84.25],[169.15,-84.25],[169.14,-83.75],[168.0,-83.78],[168.0,-83.42],[166.85,-83.25],[166.75,-82.96],[165.25,-83.19],[164.5,-82.92],[163.25,-82.9],[163.01,-82.75],[163.26,-82.25],[161.5,-81.67],[159.94,-81.5],[159.84,-81.25],[160.38,-81.0],[160.05,-80.75],[162.0,-80.31],[169.0,-80.36],[180.0,-78.69]]}},{"type":"Feature","properties":{"level":984},"geometry":{"type":"LineString","coordinates":[[-129.04,-84.25],[-127.75,-84.46],[-124.5,-84.25],[-124.27,-84.0],[-124.81,-83.75],[-124.96,-83.25],[-124.75,-83.11],[-120.21,-82.25],[-123.25,-82.13],[-126.51,-82.5],[-126.5,-82.78],[-127.8,-83.25],[-128.13,-83.75],[-129.04,-84.25]]}},{"type":"Feature","properties":{"level":984},"geometry":{"type":"LineString","coordinates":[[-121.62,-81.0],[-120.61,-80.75],[-120.34,-80.5],[-120.44,-80.0],[-120.26,-79.75],[-119.17,-79.0],[-119.38,-78.0],[-120.56,-77.5],[-119.25,-76.88],[-118.15,-77.5],[-117.0,-77.55],[-116.62,-77.25],[-118.0,-77.12],[-119.0,-76.64],[-121.5,-76.02],[-129.75,-76.09],[-132.25,-75.73],[-132.5,-75.95],[-133.5,-75.86],[-134.75,-76.28],[-137.5,-76.04],[-139.74,-76.25],[-139.53,-76.75],[-140.94,-77.0],[-140.83,-77.5],[-143.55,-78.25],[-146.0,-78.18],[-149.24,-78.75],[-148.57,-79.25],[-146.75,-79.5],[-133.5,-79.32],[-132.98,-79.25],[-132.81,-78.75],[-134.16,-78.25],[-134.31,-78.0],[-133.0,-77.83],[-129.18,-78.5],[-127.5,-79.18],[-125.0,-79.47],[-123.34,-80.25],[-122.91,-80.75],[-121.62,-81.0]]}},{"type":"Feature","properties":{"level":984},"geometry":{"type":"LineString","coordinates":[[-128.45,-79.5],[-127.26,-79.5],[-128.0,-79.32],[-128.45,-79.5]]}},{"type":"Feature","properties":{"level":984},"geometry":{"type":"LineString","coordinates":[[-86.0,-79.0],[-86.25,-78.52],[-87.67,-78.5],[-86.51,-78.0],[-88.2,-77.75],[-86.5,-77.09],[-85.06,-77.25],[-85.24,-78.0],[-84.46,-78.75],[-86.0,-79.0]]}},{"type":"Feature","properties":{"level":984},"geometry":{"type":"LineString","coordinates":[[-180.0,-78.69],[-178.87,-78.25],[-178.82,-78.0],[-180.0,-77.46]]}},{"type":"Feature","properties":{"level":984},"geometry":{"type":"LineString","coordinates":[[-127.25,-77.29],[-126.5,-77.0],[-126.03,-77.0],[-125.92,-77.25],[-127.25,-77.29]]}},{"type":"Feature","properties":{"level":984},"geometry":{"type":"LineString","coordinates":[[-79.5,-77.3],[-80.93,-77.0],[-79.25,-76.63],[-77.99,-77.25],[-79.5,-77.3]]}},{"type":"Feature","properties":{"level":984},"geometry":{"type":"LineString","coordinates":[[180.0,-77.46],[171.67,-75.25],[170.69,-74.5],[170.55,-74.25],[170.75,-73.68],[170.1,-73.5],[170.25,-73.26],[170.75,-73.4],[170.63,-73.0],[171.09,-73.0],[170.92,-72.75],[172.5,-71.51],[175.5,-70.52],[180.0,-69.62]]}},{"type":"Feature","properties":{"level":984},"geometry":{"type":"LineString","coordinates":[[168.5,-71.02],[167.75,-70.6],[164.25,-70.48],[163.52,-70.25],[163.05,-69.75],[164.0,-69.43],[166.25,-69.66],[168.0,-70.07],[168.75,-70.67],[170.36,-71.0],[168.5,-71.02]]}},{"type":"Feature","properties":{"level":984},"geometry":{"type":"LineString","coordinates":[[-180.0,-69.62],[-172.73,-68.0],[-169.5,-66.75],[-168.5,-66.6],[-164.75,-64.91],[-144.5,-53.13],[-142.25,-52.99],[-135.0,-51.47],[-130.0,-50.9],[-125.25,-51.28],[-119.25,-52.15],[-118.0,-51.96],[-115.0,-52.87],[-113.99,-53.75],[-112.01,-56.25],[-110.62,-58.75],[-108.62,-65.0],[-107.65,-66.5],[-106.25,-67.41],[-103.75,-67.75],[-101.75,-67.34],[-100.53,-66.5],[-99.0,-64.56],[-97.0,-63.15],[-96.0,-62.56],[-94.5,-62.35],[-83.75,-65.54],[-78.75,-67.48],[-76.5,-68.02],[-74.58,-68.75],[-72.91,-69.75],[-71.86,-70.5],[-71.81,-70.75],[-72.19,-71.0],[-71.85,-71.25],[-69.5,-71.63],[-68.75,-71.34],[-68.48,-71.5],[-68.75,-71.77],[-64.48,-71.5],[-63.92,-71.0],[-64.28,-70.5],[-64.25,-69.59],[-63.75,-70.04],[-63.27,-70.0],[-63.31,-69.25],[-63.67,-69.0],[-63.0,-68.44],[-51.78,-67.0],[-46.25,-66.54],[-41.5,-66.91],[-39.21,-67.75],[-36.25,-69.29],[-33.5,-70.12],[-29.25,-70.29],[-25.75,-69.91],[-23.5,-69.34],[-19.75,-67.94],[-15.71,-67.0],[-12.75,-65.57],[-6.25,-65.0],[-1.75,-64.92],[0.5,-64.41],[3.65,-63.0],[4.2,-62.5],[5.51,-60.25],[7.0,-59.24],[19.75,-54.88],[22.5,-54.22],[25.25,-53.89],[30.0,-54.05],[35.25,-54.69],[38.25,-54.42],[41.25,-55.63],[45.75,-56.26],[48.5,-56.27],[51.25,-55.84],[53.5,-56.0],[57.75,-56.93],[65.25,-59.5],[69.25,-60.42],[73.75,-61.11],[83.27,-61.75],[84.16,-62.25],[84.36,-64.0],[82.25,-65.62],[80.09,-66.75],[78.75,-67.13],[75.25,-67.65],[70.0,-67.7],[69.0,-68.07],[64.75,-68.74],[63.75,-69.34],[62.23,-69.75],[59.0,-69.85],[51.25,-70.95],[47.5,-71.98],[38.75,-73.01],[36.66,-73.75],[35.0,-74.03],[31.75,-74.12],[26.5,-73.12],[24.63,-73.75],[23.82,-74.25],[24.07,-74.5],[23.75,-74.89],[22.25,-75.55],[21.0,-75.27],[18.0,-73.9],[15.0,-73.12],[7.25,-72.83],[2.25,-73.38],[-0.75,-73.28],[-1.13,-73.5],[-0.09,-74.5],[-2.3,-75.25],[-5.0,-77.26],[-6.57,-77.75],[-9.75,-78.19],[-10.09,-78.75],[-11.0,-79.28],[-17.75,-80.17],[-18.07,-80.25],[-17.66,-80.5],[-18.01,-81.0],[-21.75,-81.52],[-23.55,-81.5],[-21.81,-81.0],[-22.5,-80.9],[-29.65,-81.0],[-31.5,-81.36],[-35.92,-81.5],[-31.0,-81.6],[-30.25,-81.32],[-28.28,-81.5],[-29.5,-81.79],[-37.25,-82.1],[-40.25,-82.46],[-41.75,-83.05],[-47.0,-82.79],[-49.91,-83.25],[-52.0,-83.29],[-53.29,-83.25],[-52.57,-83.0],[-53.0,-82.94],[-54.75,-82.99],[-54.48,-83.25],[-54.69,-83.5],[-55.63,-84.0],[-61.25,-84.3],[-62.94,-84.25],[-67.5,-83.43],[-71.26,-83.25],[-68.75,-83.0],[-68.35,-82.75],[-68.89,-82.25],[-68.69,-81.75],[-70.39,-81.25],[-70.25,-81.08],[-67.07,-80.75],[-66.52,-80.5],[-67.27,-79.75],[-67.16,-79.5],[-62.87,-78.0],[-62.41,-77.75],[-62.14,-77.25],[-63.25,-76.76],[-66.0,-76.61],[-66.76,-76.25],[-65.59,-75.75],[-66.45,-75.75],[-67.75,-76.18],[-70.75,-76.3],[-71.34,-76.0],[-70.51,-75.75],[-70.67,-75.5],[-73.25,-75.3],[-74.85,-74.75],[-77.0,-74.61],[-78.5,-74.22],[-80.69,-74.5],[-80.12,-74.75],[-80.5,-74.85],[-84.75,-74.94],[-85.75,-75.16],[-86.02,-75.25],[-85.95,-75.5],[-84.89,-76.0],[-87.49,-76.5],[-87.59,-76.75],[-86.8,-77.0],[-87.0,-77.1],[-89.75,-77.3],[-91.0,-77.68],[-96.0,-78.05],[-100.75,-79.24],[-102.22,-79.75],[-102.51,-81.0],[-101.71,-81.25],[-104.94,-81.75],[-104.67,-82.0],[-102.5,-82.38],[-100.47,-82.5],[-101.0,-82.52],[-101.75,-83.0],[-100.5,-83.13],[-99.25,-83.11],[-97.68,-82.75],[-95.55,-81.75],[-97.84,-81.5],[-97.72,-81.25],[-95.5,-80.78],[-91.5,-80.96],[-90.0,-81.56],[-87.94,-82.0],[-88.01,-82.25],[-90.25,-82.62],[-91.0,-83.06],[-104.25,-83.75],[-110.0,-84.32],[-115.5,-84.45],[-116.15,-84.5],[-116.11,-84.75],[-123.25,-84.86],[-124.95,-85.25],[-123.58,-85.5],[-123.75,-85.55],[-127.5,-85.76],[-132.17,-85.5],[-129.25,-85.24],[-134.75,-85.13],[-136.25,-85.36],[-136.53,-85.5],[-136.5,-85.79],[-138.5,-86.01],[-142.25,-85.83],[-147.5,-86.02],[-149.25,-85.7],[-152.25,-85.57],[-155.0,-85.88],[-158.25,-85.54],[-162.25,-85.8],[-172.75,-84.86],[-174.25,-85.17],[-174.75,-84.87],[-176.25,-84.61],[-178.75,-84.92],[-180.0,-84.81]]}},{"type":"Feature","properties":{"level":984},"geometry":{"type":"LineString","coordinates":[[128.0,-67.0],[126.5,-66.54],[124.75,-66.72],[119.75,-66.43],[119.48,-66.25],[119.83,-65.75],[119.5,-65.32],[115.16,-63.25],[113.54,-62.0],[112.2,-60.0],[111.92,-59.0],[111.66,-56.5],[111.9,-54.0],[112.18,-53.0],[113.0,-51.71],[115.82,-49.0],[118.5,-47.8],[124.25,-46.61],[128.0,-46.55],[131.5,-47.06],[135.0,-48.85],[138.53,-50.25],[141.0,-52.27],[146.0,-52.46],[148.6,-53.25],[155.75,-58.46],[158.3,-60.0],[158.73,-60.75],[158.12,-61.25],[156.5,-61.65],[147.5,-62.68],[144.96,-63.75],[144.05,-64.75],[141.0,-65.69],[134.5,-66.75],[133.25,-66.55],[131.0,-66.69],[129.75,-67.22],[128.0,-67.0]]}},{"type":"Feature","properties":{"level":984},"geometry":{"type":"LineString","coordinates":[[96.25,-64.07],[95.94,-63.75],[96.5,-63.59],[98.43,-64.0],[96.25,-64.07]]}},{"type":"Feature","properties":{"level":984},"geometry":{"type":"LineString","coordinates":[[-98.5,-51.32],[-99.25,-50.75],[-99.04,-49.75],[-98.45,-49.25],[-97.5,-48.94],[-96.8,-49.75],[-96.82,-51.0],[-97.5,-51.47],[-98.5,-51.32]]}},{"type":"Feature","properties":{"level":984},"geometry":{"type":"LineString","coordinates":[[180.0,55.18],[177.55,54.0],[174.05,52.75],[170.0,52.14],[166.25,52.12],[163.5,52.46],[161.25,52.95],[160.25,53.39],[159.58,54.0],[160.35,55.25],[159.6,55.75],[159.59,56.0],[160.75,58.47],[161.17,60.75],[161.59,61.25],[163.25,62.25],[163.33,62.75],[166.96,63.75],[167.5,64.16],[169.9,64.5],[172.25,65.51],[175.25,65.68],[176.0,65.97],[180.0,65.75]]}},{"type":"Feature","properties":{"level":984},"geometry":{"type":"LineString","coordinates":[[-13.0,64.22],[-10.68,65.0],[-10.56,65.25],[-13.5,66.3],[-15.99,66.5],[-17.75,66.91],[-18.94,67.5],[-18.75,67.75],[-17.5,68.06],[-16.0,68.16],[-11.75,67.39],[-7.5,67.73],[-6.38,67.5],[-5.54,67.0],[-5.59,66.5],[-6.0,65.97],[-9.0,64.56],[-11.0,64.45],[-12.5,64.08],[-13.0,64.22]]}},{"type":"Feature","properties":{"level":984},"geometry":{"type":"LineString","coordinates":[[-180.0,65.75],[-177.75,65.44],[-176.0,64.62],[-174.9,63.5],[-174.59,61.75],[-174.97,60.0],[-176.31,58.0],[-177.93,56.5],[-180.0,55.18]]}},{"type":"Feature","properties":{"level":988},"geometry":{"type":"LineString","coordinates":[[180.0,-85.09],[170.34,-85.0],[170.1,-84.75],[170.7,-84.5],[166.5,-84.54],[164.89,-84.25],[166.82,-83.75],[166.5,-83.6],[164.75,-83.33],[162.5,-83.51],[161.75,-83.15],[160.75,-83.41],[159.64,-83.0],[159.75,-82.66],[160.58,-82.5],[159.82,-82.25],[160.31,-82.0],[158.75,-81.62],[158.24,-81.25],[158.57,-81.0],[158.38,-80.75],[158.65,-80.5],[160.91,-79.0],[164.46,-78.5],[162.75,-78.38],[161.54,-78.0],[162.75,-77.78],[162.93,-77.5],[162.25,-76.98],[160.98,-76.75],[161.82,-76.5],[161.0,-75.39],[162.25,-75.1],[162.75,-74.48],[164.32,-74.25],[163.38,-73.75],[164.5,-73.14],[166.5,-72.77],[167.5,-72.0],[166.19,-71.5],[166.55,-71.25],[165.5,-71.12],[164.98,-71.25],[164.75,-71.64],[162.0,-71.94],[161.25,-71.48],[160.23,-71.25],[160.12,-71.0],[160.38,-70.75],[158.0,-69.47],[154.75,-69.08],[154.22,-68.5],[155.25,-68.11],[159.0,-67.85],[180.0,-67.79]]}},{"type":"Feature","properties":{"level":988},"geometry":{"type":"LineString","coordinates":[[174.17,-84.75],[175.35,-84.75],[174.17,-84.75]]}},{"type":"Feature","properties":{"level":988},"geometry":{"type":"LineString","coordinates":[[-82.86,-81.25],[-80.79,-81.25],[-80.98,-81.0],[-82.86,-80.75],[-81.37,-80.25],[-85.75,-79.67],[-86.4,-79.25],[-88.75,-78.76],[-89.17,-78.5],[-89.06,-78.25],[-89.25,-78.11],[-92.81,-78.5],[-94.91,-79.25],[-94.74,-79.5],[-93.25,-79.67],[-91.0,-79.71],[-89.75,-79.43],[-89.25,-79.99],[-88.33,-80.0],[-87.75,-80.39],[-90.89,-80.5],[-85.25,-80.3],[-84.27,-80.5],[-85.15,-80.75],[-84.75,-81.08],[-82.86,-81.25]]}},{"type":"Feature","properties":{"level":988},"geometry":{"type":"LineString","coordinates":[[-122.14,-79.5],[-121.91,-79.5],[-121.7,-79.0],[-122.15,-78.5],[-122.0,-78.29],[-120.5,-78.66],[-119.92,-78.5],[-120.5,-78.11],[-121.5,-78.14],[-122.75,-77.64],[-125.25,-77.34],[-126.41,-77.5],[-125.75,-77.9],[-124.13,-78.0],[-123.83,-78.5],[-122.14,-79.5]]}},{"type":"Feature","properties":{"level":988},"geometry":{"type":"LineString","coordinates":[[-129.0,-77.75],[-128.47,-77.75],[-128.77,-77.5],[-128.49,-77.25],[-126.5,-76.79],[-124.12,-76.75],[-124.75,-76.43],[-126.25,-76.74],[-127.25,-76.39],[-129.0,-77.21],[-130.86,-76.75],[-129.11,-76.5],[-129.25,-76.46],[-131.75,-76.03],[-133.99,-76.25],[-133.81,-76.5],[-131.72,-76.75],[-131.49,-77.0],[-131.89,-77.25],[-131.53,-77.5],[-129.0,-77.75]]}},{"type":"Feature","properties":{"level":988},"geometry":{"type":"LineString","coordinates":[[65.75,-77.78],[62.44,-77.5],[65.0,-77.15],[73.87,-76.75],[74.3,-76.25],[74.6,-75.25],[74.46,-74.5],[74.67,-74.0],[74.15,-73.0],[74.45,-72.5],[75.5,-71.87],[76.0,-72.59],[76.5,-72.54],[76.73,-73.0],[77.25,-72.92],[78.5,-73.51],[80.25,-73.95],[82.0,-74.06],[85.5,-73.17],[85.94,-73.75],[85.65,-74.75],[84.51,-75.5],[82.5,-76.26],[79.25,-77.07],[74.25,-77.78],[68.5,-77.93],[65.75,-77.78]]}},{"type":"Feature","properties":{"level":988},"geometry":{"type":"LineString","coordinates":[[-136.07,-76.5],[-134.59,-76.5],[-136.07,-76.5]]}},{"type":"Feature","properties":{"level":988},"geometry":{"type":"LineString","coordinates":[[-122.73,-76.5],[-121.38,-76.5],[-122.85,-76.25],[-122.73,-76.5]]}},{"type":"Feature","properties":{"level":988},"geometry":{"type":"LineString","coordinates":[[-180.0,-67.79],[-177.0,-67.48],[-174.25,-66.83],[-166.25,-63.92],[-156.75,-59.11],[-151.0,-55.54],[-149.7,-54.5],[-145.25,-52.4],[-133.22,-50.0],[-130.75,-49.8],[-118.5,-50.59],[-115.0,-51.48],[-110.0,-55.37],[-108.33,-56.25],[-105.75,-60.45],[-103.75,-61.37],[-102.75,-61.38],[-101.0,-60.52],[-100.9,-60.25],[-101.59,-59.0],[-101.25,-58.36],[-100.5,-58.17],[-99.25,-58.53],[-96.61,-60.0],[-95.13,-60.5],[-85.75,-62.56],[-84.0,-62.69],[-78.99,-64.25],[-77.48,-65.0],[-77.0,-65.55],[-73.79,-66.75],[-67.25,-68.15],[-66.75,-68.1],[-65.82,-67.25],[-64.44,-66.75],[-63.75,-66.2],[-63.35,-66.25],[-63.61,-66.5],[-63.25,-66.54],[-62.75,-66.21],[-62.0,-66.48],[-57.25,-66.36],[-44.75,-65.17],[-41.25,-65.61],[-33.0,-67.82],[-30.0,-67.94],[-27.25,-67.69],[-24.75,-67.04],[-19.63,-65.0],[-18.17,-63.75],[-17.5,-62.63],[-16.25,-62.1],[-14.0,-61.85],[-4.75,-61.87],[-2.0,-61.57],[0.5,-60.63],[5.0,-57.92],[6.75,-57.22],[20.75,-53.71],[26.0,-53.13],[34.75,-53.65],[38.0,-53.29],[41.25,-54.35],[45.0,-54.79],[47.25,-54.77],[50.25,-54.38],[52.64,-54.5],[58.5,-55.97],[66.27,-58.75],[70.25,-59.67],[74.75,-60.26],[82.0,-60.48],[85.0,-60.8],[85.85,-61.25],[87.23,-62.75],[87.73,-63.0],[88.07,-64.25],[87.77,-65.75],[85.68,-67.0],[82.98,-68.0],[80.5,-68.35],[78.75,-69.46],[75.0,-70.18],[74.57,-70.5],[77.35,-71.25],[77.58,-71.75],[77.0,-72.2],[75.91,-71.75],[74.75,-71.61],[74.5,-71.18],[74.0,-71.49],[72.75,-71.39],[71.5,-71.84],[72.5,-70.64],[72.5,-70.3],[71.32,-69.25],[69.75,-68.48],[68.25,-68.75],[67.75,-69.36],[65.75,-69.61],[65.28,-70.0],[65.57,-70.25],[65.25,-70.7],[63.0,-70.11],[57.75,-70.22],[52.25,-71.36],[49.25,-72.25],[40.23,-73.5],[37.0,-74.34],[32.0,-74.74],[28.25,-74.44],[27.97,-74.5],[29.71,-75.25],[30.07,-75.75],[27.7,-76.5],[25.25,-76.89],[23.25,-76.93],[21.25,-76.52],[20.17,-76.0],[18.43,-74.5],[17.0,-74.07],[6.25,-73.43],[1.5,-74.08],[1.31,-74.25],[1.59,-75.0],[-0.75,-75.97],[-1.44,-77.25],[-2.51,-77.75],[-8.14,-78.25],[-4.92,-78.75],[-5.51,-79.0],[-7.63,-79.0],[-7.95,-79.25],[-6.34,-79.5],[-6.18,-79.75],[-6.5,-79.93],[-8.03,-80.25],[-8.22,-80.5],[-6.63,-80.75],[-14.55,-81.0],[-16.13,-81.25],[-16.98,-81.75],[-20.0,-82.17],[-35.75,-82.85],[-38.0,-83.13],[-43.5,-84.36],[-48.88,-84.0],[-48.2,-83.5],[-48.75,-83.44],[-53.5,-83.63],[-53.94,-84.0],[-53.25,-84.23],[-51.69,-84.25],[-56.0,-84.69],[-66.25,-84.97],[-70.0,-84.84],[-72.2,-84.5],[-71.9,-84.25],[-72.17,-84.0],[-78.5,-83.45],[-79.22,-83.25],[-78.98,-83.0],[-79.5,-82.75],[-82.06,-82.25],[-81.47,-82.0],[-82.0,-81.81],[-84.5,-81.98],[-84.69,-81.75],[-86.0,-81.61],[-86.46,-82.0],[-86.36,-82.25],[-87.25,-82.55],[-89.46,-82.75],[-90.11,-83.0],[-89.39,-83.25],[-90.25,-83.4],[-95.0,-83.42],[-102.63,-84.25],[-101.64,-84.5],[-112.5,-84.57],[-120.0,-85.0],[-122.11,-85.25],[-120.93,-85.75],[-122.25,-85.87],[-134.0,-85.62],[-135.03,-85.75],[-133.11,-86.0],[-135.0,-86.26],[-142.25,-86.0],[-147.5,-86.16],[-152.0,-85.85],[-153.5,-85.94],[-154.75,-86.3],[-157.5,-86.41],[-159.64,-86.25],[-158.06,-86.0],[-159.0,-85.84],[-162.75,-85.92],[-170.75,-85.32],[-174.75,-85.4],[-175.62,-85.25],[-175.23,-85.0],[-176.25,-84.89],[-178.11,-85.0],[-177.96,-85.25],[-178.25,-85.28],[-180.0,-85.09]]}},{"type":"Feature","properties":{"level":988},"geometry":{"type":"LineString","coordinates":[[114.75,-67.76],[113.25,-67.45],[111.75,-67.48],[111.41,-67.25],[112.06,-67.0],[111.88,-66.0],[110.0,-66.42],[109.4,-65.75],[109.5,-65.25],[108.75,-64.92],[105.75,-65.12],[105.26,-64.75],[106.75,-64.05],[107.75,-63.85],[108.65,-62.75],[108.53,-60.25],[108.06,-58.75],[108.98,-55.0],[109.93,-53.25],[111.37,-51.5],[112.89,-50.0],[115.0,-48.4],[117.0,-47.31],[119.16,-46.5],[123.5,-45.47],[126.5,-45.27],[131.5,-45.88],[135.0,-47.48],[138.75,-48.51],[140.25,-49.63],[142.5,-50.84],[145.75,-51.13],[148.0,-51.7],[149.5,-52.42],[156.25,-57.32],[162.05,-60.5],[162.3,-61.0],[162.0,-61.41],[161.25,-61.71],[152.5,-63.82],[148.0,-65.56],[146.25,-65.86],[140.5,-66.65],[132.25,-67.2],[129.75,-67.59],[127.25,-67.41],[126.0,-67.06],[117.5,-67.79],[114.75,-67.76]]}},{"type":"Feature","properties":{"level":988},"geometry":{"type":"LineString","coordinates":[[98.0,-65.52],[96.25,-65.14],[94.75,-65.29],[94.22,-64.25],[94.43,-63.5],[98.5,-61.65],[101.27,-62.5],[102.05,-63.0],[102.43,-63.75],[103.38,-64.25],[100.0,-65.34],[98.0,-65.52]]}},{"type":"Feature","properties":{"level":988},"geometry":{"type":"LineString","coordinates":[[-22.75,-61.26],[-25.75,-60.53],[-26.07,-60.25],[-26.03,-60.0],[-25.25,-59.45],[-23.78,-59.0],[-19.0,-58.55],[-18.35,-58.75],[-17.25,-60.0],[-17.75,-60.61],[-19.0,-61.16],[-22.75,-61.26]]}},{"type":"Feature","properties":{"level":988},"geometry":{"type":"LineString","coordinates":[[-98.75,-54.75],[-99.5,-54.6],[-100.5,-53.92],[-101.06,-53.0],[-101.26,-51.5],[-100.53,-49.25],[-98.0,-46.42],[-97.25,-46.2],[-96.29,-46.75],[-95.5,-47.81],[-95.2,-49.25],[-95.21,-51.25],[-95.75,-52.17],[-97.25,-53.21],[-98.0,-54.67],[-98.75,-54.75]]}},{"type":"Feature","properties":{"level":988},"geometry":{"type":"LineString","coordinates":[[161.25,14.13],[161.04,14.75],[161.5,14.87],[161.76,14.5],[161.25,14.13]]}},{"type":"Feature","properties":{"level":988},"geometry":{"type":"LineString","coordinates":[[-131.5,52.45],[-132.35,53.0],[-131.96,53.5],[-131.25,53.47],[-130.57,53.0],[-130.5,52.66],[-130.75,52.39],[-131.5,52.45]]}},{"type":"Feature","properties":{"level":988},"geometry":{"type":"LineString","coordinates":[[180.0,54.17],[177.0,52.96],[173.0,51.79],[170.0,51.41],[166.25,51.32],[163.25,51.55],[159.25,52.57],[158.71,53.0],[158.78,53.75],[158.05,54.75],[159.17,57.0],[158.64,58.25],[158.78,60.0],[160.0,61.51],[162.0,61.95],[161.89,62.75],[165.0,63.85],[165.75,64.39],[173.75,66.84],[176.5,67.08],[178.0,66.86],[180.0,67.03]]}},{"type":"Feature","properties":{"level":988},"geometry":{"type":"LineString","coordinates":[[27.25,55.95],[27.5,56.0],[27.25,55.95]]}},{"type":"Feature","properties":{"level":988},"geometry":{"type":"LineString","coordinates":[[-12.5,61.74],[-14.0,61.91],[-18.75,63.27],[-19.01,63.5],[-18.78,64.0],[-18.19,64.25],[-17.72,65.25],[-18.85,65.5],[-19.0,65.82],[-19.81,66.25],[-20.45,67.25],[-20.24,67.75],[-18.67,68.5],[-16.75,68.81],[-7.75,68.31],[-5.0,67.73],[-1.62,66.25],[-0.49,65.5],[-0.5,65.21],[-9.0,62.36],[-12.5,61.74]]}},{"type":"Feature","properties":{"level":988},"geometry":{"type":"LineString","coordinates":[[-180.0,67.03],[-176.25,66.63],[-173.64,65.75],[-172.93,65.25],[-172.17,64.25],[-171.9,63.0],[-171.93,61.75],[-172.47,60.25],[-174.15,58.25],[-177.11,55.75],[-180.0,54.17]]}},{"type":"Feature","properties":{"level":992},"geometry":{"type":"LineString","coordinates":[[180.0,-85.33],[172.5,-85.26],[167.5,-84.71],[165.0,-84.67],[163.99,-84.25],[165.83,-83.75],[164.75,-83.47],[163.75,-83.81],[161.0,-83.79],[160.0,-83.55],[160.17,-83.25],[159.0,-82.87],[156.63,-82.5],[158.25,-82.31],[158.86,-82.0],[157.92,-81.75],[158.2,-81.5],[154.5,-81.98],[153.0,-81.84],[152.83,-81.75],[155.75,-81.69],[155.77,-81.5],[157.84,-80.5],[157.25,-80.35],[157.25,-80.14],[158.5,-80.08],[159.17,-79.75],[158.25,-79.14],[161.84,-78.5],[160.14,-77.25],[161.09,-77.0],[160.05,-76.5],[160.71,-76.25],[160.25,-75.89],[159.5,-75.79],[159.3,-75.5],[159.79,-75.0],[161.75,-74.75],[162.5,-74.37],[162.65,-74.25],[162.04,-73.75],[162.08,-73.5],[162.75,-73.41],[162.92,-73.25],[162.75,-73.0],[161.5,-72.5],[161.57,-72.25],[159.6,-71.25],[159.45,-71.0],[159.74,-70.75],[159.5,-70.6],[154.5,-69.73],[151.38,-69.0],[150.5,-68.58],[147.41,-68.5],[147.11,-68.0],[146.09,-67.75],[145.49,-67.25],[141.75,-67.06],[138.25,-67.16],[131.25,-67.96],[124.75,-67.64],[123.17,-68.0],[121.5,-67.96],[116.75,-68.52],[110.5,-68.68],[108.5,-68.55],[103.0,-67.22],[102.31,-67.5],[103.01,-67.75],[103.0,-68.3],[101.94,-68.5],[101.0,-69.3],[99.25,-69.68],[97.5,-69.59],[96.75,-69.32],[96.52,-69.0],[96.82,-68.5],[96.07,-68.0],[95.75,-67.36],[94.5,-67.52],[93.0,-68.24],[91.5,-67.78],[88.75,-68.28],[86.5,-68.34],[85.5,-68.84],[84.0,-68.92],[82.75,-69.29],[80.54,-70.5],[83.5,-72.18],[84.25,-72.31],[89.0,-70.9],[90.25,-70.91],[90.5,-71.11],[90.64,-71.0],[90.42,-70.75],[91.5,-70.54],[92.25,-70.83],[95.0,-70.55],[96.25,-69.8],[96.72,-70.0],[96.97,-70.5],[96.25,-71.27],[94.25,-71.28],[92.25,-71.88],[90.25,-72.89],[89.49,-73.75],[88.35,-74.5],[85.62,-75.75],[80.3,-77.25],[74.0,-78.41],[67.5,-78.51],[61.75,-78.21],[59.25,-77.89],[57.75,-77.3],[56.62,-76.0],[55.73,-75.5],[55.25,-74.75],[57.89,-72.75],[57.84,-72.25],[58.23,-71.75],[60.79,-70.75],[60.58,-70.5],[60.0,-70.45],[56.27,-70.75],[48.25,-73.14],[44.5,-73.51],[37.58,-74.75],[33.72,-76.0],[33.48,-76.5],[33.78,-77.5],[32.77,-78.0],[31.0,-78.09],[28.25,-77.72],[23.25,-77.56],[21.75,-77.28],[18.94,-76.25],[18.61,-75.75],[18.72,-75.25],[17.5,-74.56],[12.25,-74.73],[6.0,-74.13],[3.25,-74.5],[3.26,-76.0],[1.8,-77.0],[2.25,-77.58],[0.75,-78.36],[-1.16,-78.5],[-0.06,-79.0],[-2.0,-78.82],[-2.18,-79.0],[-1.8,-79.5],[-2.26,-80.75],[-2.05,-81.0],[-2.5,-81.2],[-11.25,-81.79],[-16.5,-82.69],[-23.14,-83.25],[-22.86,-83.5],[-23.25,-83.55],[-24.14,-83.5],[-23.86,-83.25],[-25.27,-83.25],[-24.76,-83.5],[-26.75,-83.43],[-27.18,-83.75],[-30.08,-84.5],[-37.0,-85.12],[-56.75,-85.42],[-66.68,-86.25],[-72.75,-86.35],[-73.44,-86.25],[-69.25,-86.1],[-67.0,-85.46],[-62.5,-85.32],[-61.89,-85.0],[-67.0,-85.2],[-71.75,-85.08],[-79.25,-84.16],[-86.5,-84.04],[-86.68,-84.0],[-85.82,-83.75],[-85.8,-83.5],[-86.75,-83.38],[-88.38,-83.75],[-87.0,-84.1],[-86.5,-84.81],[-91.17,-85.25],[-91.54,-85.25],[-91.44,-85.0],[-92.02,-84.75],[-91.89,-84.25],[-93.0,-84.19],[-106.25,-84.83],[-112.0,-84.73],[-118.75,-85.37],[-119.34,-85.5],[-119.12,-85.75],[-121.75,-86.03],[-131.5,-85.9],[-132.36,-86.0],[-132.25,-86.25],[-135.0,-86.32],[-142.25,-86.09],[-147.75,-86.32],[-151.25,-86.08],[-154.73,-86.5],[-157.0,-86.52],[-159.75,-86.32],[-159.95,-86.25],[-159.17,-86.0],[-159.75,-85.94],[-165.75,-85.92],[-171.0,-85.45],[-174.75,-85.67],[-176.75,-85.33],[-180.0,-85.33]]}},{"type":"Feature","properties":{"level":992},"geometry":{"type":"LineString","coordinates":[[-125.05,-77.75],[-123.61,-77.75],[-125.05,-77.75]]}},{"type":"Feature","properties":{"level":992},"geometry":{"type":"LineString","coordinates":[[63.46,-76.75],[65.75,-75.71],[67.36,-75.5],[64.5,-75.18],[63.0,-75.5],[62.91,-75.25],[63.34,-75.0],[63.04,-74.25],[61.0,-73.76],[59.5,-73.96],[58.43,-74.5],[59.0,-75.44],[60.46,-76.25],[63.46,-76.75]]}},{"type":"Feature","properties":{"level":992},"geometry":{"type":"LineString","coordinates":[[-180.0,-65.86],[-175.5,-65.38],[-168.25,-63.3],[-168.16,-63.0],[-166.41,-62.5],[-162.75,-60.84],[-156.25,-57.43],[-151.28,-54.0],[-149.25,-52.97],[-145.5,-51.58],[-134.0,-48.94],[-130.5,-48.64],[-126.75,-48.68],[-120.75,-48.97],[-116.25,-49.73],[-110.5,-52.41],[-109.0,-52.61],[-107.75,-52.3],[-103.74,-50.25],[-100.72,-46.5],[-99.47,-45.5],[-97.25,-44.59],[-95.75,-44.4],[-94.5,-43.66],[-93.5,-43.77],[-93.3,-44.25],[-93.65,-45.75],[-93.46,-48.5],[-93.65,-51.0],[-94.0,-52.25],[-94.85,-53.75],[-94.91,-55.0],[-94.53,-56.5],[-93.24,-58.0],[-93.28,-58.25],[-92.0,-59.02],[-89.75,-59.91],[-78.75,-62.94],[-69.0,-65.25],[-68.36,-65.75],[-66.0,-66.72],[-63.75,-65.94],[-62.0,-65.0],[-58.75,-64.27],[-58.5,-64.0],[-58.0,-64.18],[-56.75,-63.8],[-55.5,-63.78],[-53.0,-64.27],[-49.5,-64.27],[-45.75,-63.69],[-43.5,-63.66],[-37.75,-64.24],[-36.0,-63.96],[-32.25,-64.8],[-29.75,-64.78],[-28.81,-64.25],[-28.75,-63.75],[-31.0,-61.96],[-31.17,-61.5],[-30.95,-60.0],[-30.59,-59.0],[-29.8,-58.25],[-28.55,-56.25],[-27.75,-55.45],[-27.0,-55.14],[-23.75,-55.03],[-20.0,-55.91],[-16.0,-56.12],[-10.0,-57.91],[-6.0,-58.48],[-1.75,-57.82],[4.43,-55.5],[10.25,-54.12],[22.75,-52.53],[26.0,-52.33],[34.5,-52.6],[37.0,-52.44],[37.5,-52.19],[42.5,-53.26],[45.5,-53.29],[48.0,-52.84],[50.75,-53.15],[54.25,-53.72],[57.75,-54.62],[66.75,-57.81],[70.5,-58.79],[76.0,-59.41],[85.27,-59.75],[86.57,-60.0],[87.75,-60.77],[89.25,-61.31],[91.25,-61.66],[93.75,-61.56],[95.25,-61.08],[98.0,-59.23],[102.78,-59.25],[104.23,-57.25],[104.37,-56.0],[103.89,-54.5],[103.25,-54.22],[102.22,-54.25],[102.76,-53.5],[105.08,-52.0],[105.25,-51.6],[106.25,-52.18],[107.5,-52.13],[110.0,-50.56],[114.25,-47.25],[117.5,-45.67],[123.0,-44.28],[126.5,-43.96],[130.5,-44.32],[134.75,-46.06],[139.0,-47.12],[141.0,-48.28],[143.25,-49.2],[146.75,-49.52],[148.0,-50.0],[150.32,-51.5],[153.25,-54.02],[157.0,-56.49],[160.25,-58.2],[163.62,-59.5],[166.51,-61.0],[166.0,-61.53],[160.43,-63.5],[160.0,-64.08],[159.0,-64.42],[158.69,-64.75],[158.75,-65.21],[159.25,-65.45],[161.5,-66.14],[164.75,-66.47],[171.25,-66.51],[180.0,-65.86]]}},{"type":"Feature","properties":{"level":992},"geometry":{"type":"LineString","coordinates":[[160.75,13.93],[160.62,14.5],[160.8,15.0],[161.25,15.23],[161.75,14.98],[161.97,14.5],[161.75,14.12],[160.75,13.93]]}},{"type":"Feature","properties":{"level":992},"geometry":{"type":"LineString","coordinates":[[-126.75,22.33],[-126.96,22.75],[-126.25,22.92],[-126.19,22.5],[-126.75,22.33]]}},{"type":"Feature","properties":{"level":992},"geometry":{"type":"LineString","coordinates":[[-131.25,51.96],[-132.74,52.75],[-132.97,53.25],[-132.77,53.75],[-131.25,53.92],[-130.5,53.58],[-130.09,53.0],[-130.06,52.5],[-130.75,51.85],[-131.25,51.96]]}},{"type":"Feature","properties":{"level":992},"geometry":{"type":"LineString","coordinates":[[180.0,53.19],[175.25,51.6],[170.75,50.75],[164.75,50.65],[160.25,51.35],[158.25,52.11],[157.25,53.47],[157.27,56.0],[156.36,58.75],[156.48,60.5],[157.0,61.22],[157.37,61.25],[157.77,61.75],[162.5,63.59],[163.48,63.75],[164.19,64.5],[167.73,65.75],[170.27,67.25],[172.25,67.66],[174.0,68.37],[176.5,68.49],[178.0,67.94],[179.77,68.25],[180.0,68.53]]}},{"type":"Feature","properties":{"level":992},"geometry":{"type":"LineString","coordinates":[[27.5,55.22],[26.34,55.75],[26.12,56.25],[26.46,56.75],[27.75,57.0],[28.78,56.5],[28.75,55.65],[28.25,55.26],[27.5,55.22]]}},{"type":"Feature","properties":{"level":992},"geometry":{"type":"LineString","coordinates":[[-14.0,60.97],[-23.0,62.84],[-23.85,63.25],[-24.5,63.93],[-24.79,65.0],[-24.27,65.75],[-22.5,66.37],[-21.25,68.07],[-19.09,69.0],[-16.0,69.46],[-11.25,69.44],[-6.0,68.86],[-2.5,67.83],[0.75,66.25],[1.3,65.75],[2.38,64.0],[2.25,63.58],[1.5,63.23],[-6.0,61.92],[-9.0,61.17],[-14.0,60.97]]}},{"type":"Feature","properties":{"level":992},"geometry":{"type":"LineString","coordinates":[[-180.0,68.53],[-178.75,68.92],[-176.75,68.98],[-174.5,68.76],[-172.57,68.25],[-170.06,66.75],[-169.25,65.75],[-168.95,64.75],[-169.59,61.0],[-171.0,59.08],[-174.75,55.92],[-177.61,54.25],[-180.0,53.19]]}},{"type":"Feature","properties":{"level":992},"geometry":{"type":"LineString","coordinates":[[48.5,75.24],[46.75,75.47],[45.75,75.93],[45.15,76.5],[45.23,77.0],[46.5,77.88],[48.5,78.38],[53.5,77.71],[54.29,77.25],[54.15,76.5],[52.25,75.32],[48.5,75.24]]}},{"type":"Feature","properties":{"level":992},"geometry":{"type":"LineString","coordinates":[[44.5,78.74],[41.39,79.25],[40.71,79.5],[40.61,79.75],[42.75,80.42],[47.75,80.53],[48.03,80.5],[47.61,80.25],[48.69,80.0],[49.44,79.5],[49.0,79.01],[48.25,78.84],[44.5,78.74]]}},{"type":"Feature","properties":{"level":996},"geometry":{"type":"LineString","coordinates":[[-107.0,-86.0],[-107.61,-85.75],[-105.75,-85.54],[-102.31,-85.75],[-104.0,-86.04],[-107.0,-86.0]]}},{"type":"Feature","properties":{"level":996},"geometry":{"type":"LineString","coordinates":[[-85.96,-85.25],[-84.49,-85.25],[-85.96,-85.25]]}},{"type":"Feature","properties":{"level":996},"geometry":{"type":"LineString","coordinates":[[180.0,-85.48],[169.25,-85.12],[167.5,-85.45],[164.25,-85.34],[163.78,-85.25],[166.73,-85.0],[164.75,-84.97],[163.98,-84.75],[164.0,-84.47],[159.35,-84.25],[161.4,-84.0],[159.51,-83.75],[159.25,-83.5],[159.81,-83.25],[159.5,-83.18],[158.75,-83.21],[158.57,-83.5],[158.25,-83.51],[154.79,-83.25],[155.21,-82.75],[154.75,-82.47],[152.25,-82.31],[150.06,-81.75],[149.65,-81.25],[149.79,-81.0],[151.25,-80.65],[152.5,-80.65],[152.74,-81.0],[154.0,-81.39],[155.5,-81.27],[156.69,-80.75],[156.13,-80.5],[156.75,-80.47],[156.61,-80.0],[158.51,-79.75],[156.75,-79.15],[155.3,-79.0],[160.37,-78.5],[159.88,-78.25],[160.15,-78.0],[160.19,-77.5],[159.68,-77.25],[160.27,-77.0],[158.77,-76.5],[159.11,-76.25],[158.23,-76.0],[158.52,-75.75],[157.5,-75.78],[157.44,-75.5],[157.59,-75.25],[158.75,-74.84],[162.18,-74.25],[161.68,-73.25],[161.75,-73.01],[162.07,-73.0],[160.73,-72.5],[159.75,-71.42],[157.25,-70.73],[152.25,-70.05],[149.89,-69.0],[146.75,-68.85],[145.55,-68.5],[145.96,-68.25],[145.75,-68.09],[144.0,-68.25],[143.37,-67.5],[141.5,-67.41],[134.0,-67.95],[131.75,-68.33],[125.0,-68.3],[120.5,-68.54],[113.0,-69.12],[110.0,-69.77],[108.25,-69.83],[107.0,-69.61],[105.75,-69.85],[104.25,-70.48],[103.25,-70.34],[96.33,-72.25],[94.92,-73.0],[93.25,-73.49],[87.25,-76.58],[82.0,-78.12],[81.73,-78.25],[81.75,-78.76],[75.25,-79.81],[70.5,-80.11],[68.25,-80.17],[65.0,-79.82],[63.42,-80.25],[60.75,-80.09],[59.83,-79.5],[60.68,-79.25],[60.5,-79.13],[55.5,-77.92],[52.94,-76.5],[52.67,-75.25],[52.0,-74.73],[50.0,-74.27],[43.25,-74.41],[38.87,-75.0],[36.62,-75.75],[35.96,-76.25],[35.69,-77.0],[36.6,-78.0],[36.24,-78.25],[34.0,-78.9],[29.75,-79.24],[26.25,-78.67],[22.75,-78.47],[21.0,-77.95],[17.5,-76.25],[17.44,-75.75],[17.69,-75.25],[17.0,-74.92],[16.0,-74.85],[14.88,-75.0],[13.04,-75.75],[13.07,-76.25],[12.25,-77.13],[8.0,-77.94],[5.12,-79.0],[5.59,-79.5],[5.44,-80.0],[5.63,-80.25],[9.06,-81.0],[1.5,-82.12],[-7.0,-82.53],[-7.88,-82.75],[-7.91,-83.25],[-8.66,-83.5],[-19.5,-84.61],[-24.25,-85.39],[-38.0,-86.0],[-57.5,-86.05],[-72.75,-86.79],[-84.25,-86.65],[-84.85,-86.5],[-83.03,-86.25],[-82.84,-86.0],[-84.25,-85.67],[-93.66,-85.25],[-94.28,-84.75],[-93.37,-84.5],[-94.25,-84.42],[-98.0,-84.47],[-103.75,-85.02],[-109.75,-85.05],[-117.5,-85.5],[-119.5,-85.95],[-122.0,-86.17],[-130.0,-85.98],[-130.73,-86.0],[-130.58,-86.25],[-131.0,-86.29],[-135.0,-86.39],[-143.0,-86.18],[-146.5,-86.49],[-157.0,-86.61],[-159.75,-86.43],[-160.75,-86.07],[-168.5,-85.89],[-173.75,-86.07],[-177.25,-85.49],[-180.0,-85.48]]}},{"type":"Feature","properties":{"level":996},"geometry":{"type":"LineString","coordinates":[[162.39,-84.0],[163.0,-84.15],[163.64,-84.0],[162.39,-84.0]]}},{"type":"Feature","properties":{"level":996},"geometry":{"type":"LineString","coordinates":[[23.25,-82.02],[17.94,-81.25],[20.27,-81.0],[20.19,-80.75],[20.75,-80.66],[23.5,-80.46],[25.25,-80.59],[26.59,-81.0],[25.23,-81.5],[25.57,-82.0],[23.25,-82.02]]}},{"type":"Feature","properties":{"level":996},"geometry":{"type":"LineString","coordinates":[[5.99,-75.25],[6.25,-75.41],[8.62,-75.25],[8.36,-75.0],[8.42,-74.75],[8.0,-74.66],[5.25,-74.69],[4.45,-75.0],[5.99,-75.25]]}},{"type":"Feature","properties":{"level":996},"geometry":{"type":"LineString","coordinates":[[52.21,-72.75],[52.5,-72.98],[53.25,-72.96],[55.14,-72.25],[54.83,-72.0],[54.0,-71.99],[52.21,-72.75]]}},{"type":"Feature","properties":{"level":996},"geometry":{"type":"LineString","coordinates":[[-180.0,-64.15],[-178.0,-63.83],[-176.0,-63.86],[-174.95,-63.25],[-169.1,-62.0],[-161.62,-58.75],[-161.5,-58.48],[-158.75,-57.16],[-158.5,-56.75],[-157.5,-56.44],[-155.54,-55.0],[-150.1,-52.25],[-143.25,-49.92],[-135.0,-47.96],[-130.25,-47.39],[-123.5,-47.24],[-117.75,-48.09],[-112.0,-49.73],[-110.25,-50.1],[-109.25,-50.07],[-105.22,-47.75],[-104.51,-46.5],[-104.84,-45.25],[-104.25,-44.6],[-102.39,-43.75],[-100.25,-43.14],[-97.33,-41.75],[-95.0,-41.03],[-92.25,-42.16],[-91.4,-43.25],[-91.93,-46.25],[-92.27,-52.0],[-92.71,-54.25],[-92.04,-56.0],[-90.5,-57.55],[-87.17,-59.25],[-81.5,-61.15],[-72.0,-63.33],[-66.0,-64.22],[-64.0,-64.87],[-63.5,-64.71],[-63.0,-65.09],[-58.5,-63.6],[-56.5,-63.34],[-56.0,-63.07],[-45.0,-61.88],[-40.25,-61.1],[-37.25,-60.26],[-36.25,-59.83],[-33.75,-57.99],[-30.85,-54.75],[-29.75,-53.87],[-26.5,-52.8],[-25.75,-52.31],[-24.75,-52.14],[-22.5,-52.18],[-17.0,-53.67],[-11.0,-54.61],[-7.25,-54.75],[-2.75,-54.21],[2.25,-53.08],[5.75,-52.64],[24.75,-51.47],[33.75,-51.57],[36.25,-51.35],[36.75,-51.06],[40.25,-51.77],[42.75,-51.92],[47.75,-51.46],[51.0,-51.87],[57.25,-53.24],[61.5,-54.55],[67.0,-56.79],[71.48,-58.0],[76.25,-58.57],[84.25,-58.67],[89.75,-59.56],[93.5,-59.49],[95.5,-58.68],[98.5,-56.48],[99.37,-55.25],[99.9,-54.0],[99.85,-53.25],[100.18,-53.0],[100.25,-52.49],[102.25,-51.9],[105.25,-50.17],[108.25,-49.56],[110.5,-48.28],[113.32,-46.25],[116.75,-44.64],[122.0,-42.99],[125.25,-42.64],[129.5,-42.83],[134.0,-44.42],[139.0,-45.62],[143.0,-47.24],[146.0,-47.61],[148.0,-48.34],[149.75,-49.48],[154.25,-53.42],[158.75,-56.32],[164.0,-58.59],[169.25,-60.0],[170.71,-60.75],[170.25,-61.89],[168.87,-62.75],[168.72,-63.75],[169.25,-64.12],[170.36,-64.25],[171.75,-64.76],[175.25,-64.34],[178.0,-64.53],[179.25,-64.0],[180.0,-64.15]]}},{"type":"Feature","properties":{"level":996},"geometry":{"type":"LineString","coordinates":[[-103.0,-40.07],[-103.5,-39.54],[-103.75,-39.67],[-103.99,-39.5],[-102.9,-39.0],[-101.75,-38.81],[-101.27,-39.25],[-101.5,-39.68],[-103.0,-40.07]]}},{"type":"Feature","properties":{"level":996},"geometry":{"type":"LineString","coordinates":[[-104.5,-38.7],[-104.7,-38.5],[-104.23,-38.25],[-104.14,-38.5],[-104.5,-38.7]]}},{"type":"Feature","properties":{"level":996},"geometry":{"type":"LineString","coordinates":[[160.75,13.71],[159.77,14.5],[161.0,15.63],[162.25,15.93],[162.48,15.75],[162.14,15.25],[162.09,14.0],[161.5,13.66],[160.75,13.71]]}},{"type":"Feature","properties":{"level":996},"geometry":{"type":"LineString","coordinates":[[145.0,16.41],[145.18,16.5],[145.0,16.41]]}},{"type":"Feature","properties":{"level":996},"geometry":{"type":"LineString","coordinates":[[-126.75,21.71],[-127.38,22.0],[-127.65,22.75],[-127.25,23.31],[-126.5,23.54],[-125.75,23.18],[-125.47,22.5],[-125.75,21.95],[-126.75,21.71]]}},{"type":"Feature","properties":{"level":996},"geometry":{"type":"LineString","coordinates":[[-131.0,51.47],[-132.5,51.98],[-133.24,52.5],[-133.58,53.25],[-133.26,54.0],[-131.0,54.8],[-130.25,54.51],[-129.52,53.0],[-129.55,52.5],[-130.0,51.89],[-131.0,51.47]]}},{"type":"Feature","properties":{"level":996},"geometry":{"type":"LineString","coordinates":[[180.0,52.22],[174.75,50.67],[171.25,50.09],[166.25,49.89],[161.25,50.41],[157.5,51.53],[157.15,51.75],[157.26,52.0],[157.05,52.25],[153.39,54.75],[152.51,56.25],[152.45,57.25],[151.93,58.0],[151.87,58.75],[153.75,59.34],[154.43,60.25],[157.0,61.75],[159.19,62.5],[162.0,64.19],[164.65,65.25],[164.74,65.5],[166.26,66.25],[166.52,66.75],[169.25,67.95],[169.66,68.25],[169.88,69.25],[170.5,69.7],[172.5,69.71],[175.5,70.23],[180.0,70.32]]}},{"type":"Feature","properties":{"level":996},"geometry":{"type":"LineString","coordinates":[[26.25,54.73],[24.45,55.75],[23.42,57.25],[23.32,58.5],[24.31,60.0],[27.5,61.6],[30.75,62.39],[33.0,62.32],[34.45,61.0],[34.33,60.5],[34.59,59.5],[34.25,58.42],[32.5,58.42],[30.09,55.5],[29.0,54.77],[27.75,54.56],[26.25,54.73]]}},{"type":"Feature","properties":{"level":996},"geometry":{"type":"LineString","coordinates":[[-14.75,60.25],[-24.75,61.99],[-26.68,63.5],[-26.86,64.5],[-26.25,65.43],[-23.5,67.8],[-22.26,68.5],[-17.25,70.04],[-11.75,70.43],[-7.0,70.08],[-1.98,69.0],[2.36,67.0],[3.44,66.0],[4.65,64.25],[4.0,62.25],[3.0,61.31],[-5.25,60.87],[-10.75,60.18],[-14.75,60.25]]}},{"type":"Feature","properties":{"level":996},"geometry":{"type":"LineString","coordinates":[[-180.0,70.32],[-175.0,70.07],[-170.34,69.0],[-166.69,66.75],[-166.0,66.0],[-166.28,65.5],[-165.93,65.0],[-166.5,62.95],[-167.94,60.25],[-169.0,58.83],[-174.5,54.67],[-180.0,52.22]]}},{"type":"Feature","properties":{"level":996},"geometry":{"type":"LineString","coordinates":[[56.5,72.99],[56.0,73.39],[55.0,73.55],[52.25,73.4],[49.25,73.59],[43.75,74.27],[41.25,74.85],[39.1,75.75],[36.97,77.75],[34.63,79.25],[30.76,80.75],[28.11,81.5],[4.36,84.0],[1.37,84.5],[0.01,85.0],[-0.03,85.25],[3.25,85.89],[10.0,86.21],[31.0,85.86],[44.05,84.75],[56.75,82.8],[59.84,81.5],[59.64,81.25],[60.09,80.75],[59.92,80.5],[60.86,79.75],[61.48,78.75],[62.75,77.6],[62.13,77.0],[62.24,76.5],[62.97,76.0],[60.76,75.5],[60.6,75.0],[60.11,74.75],[59.83,74.0],[59.25,73.59],[57.57,73.0],[56.5,72.99]]}},{"type":"Feature","properties":{"level":1000},"geometry":{"type":"LineString","coordinates":[[-138.27,-86.5],[-127.5,-86.67],[-125.02,-86.25],[-128.25,-86.16],[-138.27,-86.5]]}},{"type":"Feature","properties":{"level":1000},"geometry":{"type":"LineString","coordinates":[[180.0,-86.51],[167.25,-86.03],[161.0,-85.31],[160.6,-85.25],[161.73,-84.75],[157.0,-84.32],[156.76,-84.25],[157.25,-84.05],[159.37,-84.0],[157.0,-83.95],[153.25,-83.42],[147.83,-81.75],[148.18,-81.5],[147.87,-81.0],[149.0,-80.21],[153.0,-79.82],[154.0,-80.23],[155.5,-80.15],[155.74,-79.75],[154.5,-79.57],[154.86,-79.25],[154.32,-79.0],[154.25,-78.75],[158.25,-78.45],[158.64,-78.25],[158.63,-77.75],[159.65,-77.5],[159.2,-77.0],[157.81,-76.75],[157.86,-76.25],[157.42,-76.0],[155.67,-75.75],[157.26,-74.75],[159.75,-74.11],[161.75,-74.04],[161.55,-73.5],[160.49,-73.0],[160.25,-72.64],[158.55,-72.25],[158.5,-71.98],[157.5,-71.46],[151.25,-70.4],[145.0,-68.81],[142.5,-68.52],[141.75,-68.07],[139.75,-67.88],[132.0,-68.62],[122.25,-68.8],[119.25,-69.24],[113.24,-69.5],[112.4,-70.25],[113.09,-71.25],[113.0,-71.57],[111.0,-71.22],[110.0,-71.54],[107.25,-70.91],[105.75,-70.99],[105.77,-71.25],[100.0,-72.44],[93.07,-74.75],[90.69,-75.75],[90.41,-76.25],[89.38,-77.0],[86.69,-77.75],[84.11,-79.0],[75.0,-80.44],[61.75,-81.22],[55.0,-80.69],[51.75,-80.06],[51.0,-79.57],[48.75,-79.44],[48.61,-79.0],[49.05,-78.5],[50.86,-77.5],[51.3,-77.0],[50.71,-76.25],[49.51,-75.75],[49.72,-75.5],[49.5,-75.31],[42.0,-75.13],[39.81,-75.5],[37.69,-76.5],[37.34,-77.0],[38.07,-77.75],[37.72,-78.25],[35.0,-79.34],[31.66,-80.25],[31.8,-80.5],[31.59,-80.75],[33.01,-82.0],[26.5,-82.75],[26.21,-83.0],[26.59,-83.25],[24.26,-83.25],[25.07,-83.0],[21.75,-82.95],[20.17,-82.5],[16.25,-82.08],[11.5,-82.09],[7.8,-82.5],[3.12,-83.5],[-10.75,-84.77],[-17.0,-86.0],[-19.92,-86.25],[-78.0,-87.22],[-88.75,-87.05],[-106.75,-86.22],[-112.75,-86.45],[-117.25,-86.45],[-117.39,-86.25],[-110.71,-85.75],[-114.25,-85.48],[-117.25,-85.65],[-120.5,-86.25],[-117.48,-86.5],[-121.08,-87.0],[-126.25,-87.29],[-142.5,-87.07],[-150.0,-86.66],[-158.67,-86.75],[-154.23,-87.25],[-154.5,-87.27],[-160.75,-87.26],[-163.4,-87.0],[-160.71,-86.5],[-160.75,-86.23],[-161.75,-86.15],[-176.36,-86.25],[-174.75,-86.42],[-165.5,-86.29],[-163.64,-86.5],[-167.75,-86.79],[-175.0,-86.78],[-180.0,-86.51]]}},{"type":"Feature","properties":{"level":1000},"geometry":{"type":"LineString","coordinates":[[-99.04,-86.0],[-97.75,-86.24],[-91.75,-86.14],[-89.5,-86.0],[-89.37,-85.75],[-94.5,-85.37],[-95.75,-84.63],[-96.5,-84.57],[-99.25,-84.64],[-102.75,-85.13],[-107.34,-85.25],[-99.25,-85.59],[-98.87,-85.75],[-99.04,-86.0]]}},{"type":"Feature","properties":{"level":1000},"geometry":{"type":"LineString","coordinates":[[173.52,-86.0],[176.75,-86.12],[178.01,-86.0],[178.08,-85.75],[175.47,-85.75],[174.81,-85.5],[170.75,-85.24],[169.52,-85.5],[173.52,-86.0]]}},{"type":"Feature","properties":{"level":1000},"geometry":{"type":"LineString","coordinates":[[-180.0,-62.19],[-171.75,-61.17],[-168.89,-60.25],[-165.0,-58.69],[-161.81,-56.75],[-154.87,-53.25],[-149.75,-50.99],[-144.25,-49.1],[-136.5,-46.99],[-129.0,-45.73],[-126.25,-45.72],[-120.25,-46.24],[-113.25,-47.55],[-110.5,-47.58],[-108.95,-46.75],[-107.0,-44.98],[-105.79,-43.0],[-105.64,-41.75],[-105.88,-39.25],[-105.56,-38.0],[-104.5,-37.23],[-103.25,-37.04],[-101.0,-37.12],[-100.25,-37.38],[-99.75,-37.21],[-98.25,-38.51],[-97.0,-38.85],[-94.5,-38.89],[-92.5,-39.39],[-91.5,-39.87],[-90.68,-40.75],[-90.15,-42.25],[-90.73,-48.25],[-90.63,-53.5],[-90.17,-54.75],[-88.5,-56.75],[-86.0,-58.19],[-80.25,-60.32],[-72.5,-62.12],[-64.0,-63.26],[-62.5,-63.28],[-58.25,-62.56],[-57.0,-62.65],[-53.25,-61.63],[-50.25,-61.44],[-47.2,-60.75],[-43.5,-59.47],[-39.37,-57.5],[-36.08,-56.5],[-34.58,-55.5],[-34.25,-55.0],[-32.23,-53.5],[-29.52,-51.0],[-24.75,-49.91],[-21.5,-49.82],[-21.0,-49.6],[-19.25,-50.28],[-14.0,-51.54],[-8.75,-52.2],[6.0,-50.73],[12.5,-50.85],[24.75,-50.44],[31.75,-50.5],[35.0,-50.19],[35.75,-49.88],[39.5,-50.42],[42.5,-50.49],[44.25,-49.98],[46.25,-49.8],[49.5,-50.22],[54.25,-51.24],[58.25,-52.43],[64.5,-53.5],[66.17,-54.25],[66.94,-55.25],[68.75,-56.15],[72.75,-57.26],[79.5,-57.89],[86.25,-57.82],[89.25,-58.21],[92.25,-58.09],[94.23,-57.5],[96.0,-56.35],[97.75,-54.31],[98.78,-52.5],[99.5,-51.94],[103.75,-49.41],[108.25,-47.73],[113.0,-44.65],[118.06,-42.5],[120.42,-41.75],[125.75,-41.17],[128.75,-41.49],[135.75,-43.25],[138.0,-43.39],[142.25,-45.02],[146.75,-45.8],[149.5,-47.58],[152.97,-51.0],[154.0,-51.42],[156.5,-53.66],[160.5,-56.16],[164.25,-57.75],[170.75,-59.18],[174.18,-60.25],[174.85,-60.75],[175.17,-61.5],[177.75,-62.12],[180.0,-62.19]]}},{"type":"Feature","properties":{"level":1000},"geometry":{"type":"LineString","coordinates":[[160.75,13.24],[160.25,13.52],[159.54,14.5],[159.64,15.5],[161.0,16.46],[162.5,16.18],[163.51,15.25],[162.83,13.75],[162.0,13.16],[160.75,13.24]]}},{"type":"Feature","properties":{"level":1000},"geometry":{"type":"LineString","coordinates":[[145.0,15.71],[144.02,16.25],[144.0,16.53],[144.75,17.29],[145.5,17.16],[145.69,16.75],[145.56,16.0],[145.0,15.71]]}},{"type":"Feature","properties":{"level":1000},"geometry":{"type":"LineString","coordinates":[[-126.75,21.21],[-127.81,21.75],[-128.11,22.25],[-128.13,23.0],[-127.25,23.88],[-126.25,24.0],[-125.25,23.43],[-124.93,22.5],[-125.5,21.5],[-126.75,21.21]]}},{"type":"Feature","properties":{"level":1000},"geometry":{"type":"LineString","coordinates":[[-171.75,31.97],[-172.02,32.25],[-171.9,32.75],[-171.25,33.02],[-170.77,32.75],[-170.73,32.25],[-171.0,32.01],[-171.75,31.97]]}},{"type":"Feature","properties":{"level":1000},"geometry":{"type":"LineString","coordinates":[[-131.75,51.24],[-133.52,52.0],[-134.23,52.75],[-134.52,53.5],[-133.85,55.0],[-132.25,56.15],[-129.5,54.77],[-129.25,53.96],[-128.25,53.08],[-128.09,53.5],[-128.57,54.0],[-128.25,54.39],[-127.93,53.5],[-127.5,53.39],[-127.21,53.5],[-127.33,53.75],[-126.25,53.85],[-124.57,53.0],[-125.75,52.56],[-126.0,52.13],[-126.75,52.4],[-127.5,52.28],[-128.5,53.08],[-129.0,52.03],[-129.5,51.61],[-130.75,51.2],[-131.75,51.24]]}},{"type":"Feature","properties":{"level":1000},"geometry":{"type":"LineString","coordinates":[[180.0,51.17],[175.75,49.95],[170.0,49.2],[166.0,49.16],[160.75,49.75],[157.25,50.74],[151.75,53.59],[149.36,55.25],[148.57,56.25],[148.41,57.0],[148.81,58.75],[149.75,59.44],[155.0,60.78],[158.75,62.84],[160.35,64.0],[160.5,64.37],[162.76,65.25],[163.99,66.25],[163.95,67.0],[164.19,67.25],[166.22,68.0],[165.99,68.25],[167.0,68.49],[167.72,69.0],[168.23,69.75],[169.0,70.18],[172.25,71.14],[176.55,72.0],[180.0,72.24]]}},{"type":"Feature","properties":{"level":1000},"geometry":{"type":"LineString","coordinates":[[27.0,53.97],[25.25,54.43],[23.5,55.48],[22.5,56.5],[21.81,58.0],[21.76,58.75],[22.13,59.75],[23.01,60.75],[24.06,61.5],[28.75,63.18],[34.75,63.71],[36.75,63.56],[38.66,62.0],[38.64,61.25],[37.77,59.0],[37.91,58.25],[37.25,57.21],[36.5,56.63],[34.5,56.36],[34.0,55.97],[32.0,55.42],[29.75,54.24],[27.0,53.97]]}},{"type":"Feature","properties":{"level":1000},"geometry":{"type":"LineString","coordinates":[[3.75,58.75],[1.25,59.54],[-0.5,59.79],[-13.5,59.35],[-18.75,60.07],[-23.75,61.01],[-25.96,61.75],[-28.11,63.25],[-28.48,64.5],[-28.0,65.5],[-26.36,67.25],[-26.25,67.85],[-27.07,68.5],[-26.41,68.75],[-21.25,69.49],[-17.0,70.83],[-14.0,71.43],[-10.25,71.61],[-5.25,71.11],[-1.5,70.18],[1.85,69.0],[5.48,67.0],[7.82,65.0],[9.87,63.75],[9.75,62.97],[8.25,62.81],[5.8,62.0],[5.22,61.0],[5.27,60.25],[4.5,58.77],[3.75,58.75]]}},{"type":"Feature","properties":{"level":1000},"geometry":{"type":"LineString","coordinates":[[54.25,71.98],[52.75,72.34],[43.25,73.05],[38.5,73.89],[34.99,75.25],[28.98,78.5],[26.89,79.25],[24.0,79.44],[24.71,80.0],[24.14,80.25],[16.25,81.37],[3.5,82.36],[-4.25,83.22],[-10.87,84.5],[-12.27,85.0],[-12.77,85.5],[-12.01,86.0],[-8.75,86.56],[2.25,87.22],[19.5,87.37],[38.44,87.0],[50.75,86.3],[61.75,85.11],[67.03,84.0],[68.0,83.5],[68.91,82.5],[69.29,81.75],[68.65,80.75],[68.79,78.75],[67.6,77.25],[67.67,77.0],[68.22,76.75],[66.02,76.0],[66.28,75.0],[65.32,73.5],[63.75,72.66],[61.1,72.0],[58.5,71.82],[54.25,71.98]]}},{"type":"Feature","properties":{"level":1000},"geometry":{"type":"LineString","coordinates":[[-180.0,72.24],[-177.47,72.25],[-173.0,71.67],[-171.0,71.16],[-166.0,69.0],[-165.5,68.25],[-163.89,67.0],[-163.01,66.0],[-163.05,65.5],[-163.44,65.0],[-163.5,63.62],[-163.75,63.03],[-165.95,60.0],[-169.0,57.01],[-175.0,52.96],[-180.0,51.17]]}},{"type":"Feature","properties":{"level":1004},"geometry":{"type":"LineString","coordinates":[[-151.29,-87.0],[-148.75,-87.16],[-147.68,-87.0],[-151.29,-87.0]]}},{"type":"Feature","properties":{"level":1004},"geometry":{"type":"LineString","coordinates":[[-112.74,-86.75],[-108.25,-86.97],[-105.04,-86.75],[-107.5,-86.45],[-112.74,-86.75]]}},{"type":"Feature","properties":{"level":1004},"geometry":{"type":"LineString","coordinates":[[180.0,-86.9],[165.25,-86.33],[158.98,-85.75],[156.5,-85.1],[153.3,-84.75],[152.75,-84.5],[152.98,-84.25],[152.42,-84.0],[149.89,-83.5],[148.21,-82.5],[145.69,-82.0],[145.25,-81.75],[145.46,-81.5],[144.47,-81.0],[146.9,-80.0],[151.5,-79.25],[153.25,-78.41],[155.5,-78.17],[157.88,-78.25],[158.21,-77.5],[158.87,-77.25],[156.17,-77.0],[154.36,-75.75],[154.43,-75.5],[155.72,-74.5],[157.7,-74.25],[159.49,-73.25],[156.34,-72.0],[139.75,-68.26],[131.5,-68.96],[126.0,-68.97],[118.75,-69.78],[114.0,-69.9],[113.45,-70.25],[113.5,-70.75],[114.25,-71.36],[116.54,-72.5],[116.78,-72.75],[116.5,-73.22],[113.5,-73.26],[112.75,-72.89],[112.11,-73.0],[109.25,-71.71],[105.75,-71.54],[104.25,-71.99],[102.75,-72.78],[100.32,-73.5],[99.5,-74.0],[95.5,-74.84],[93.0,-75.63],[92.2,-76.0],[91.37,-77.0],[88.01,-78.0],[85.5,-79.25],[80.25,-80.1],[69.0,-81.05],[65.0,-81.71],[61.75,-81.57],[61.03,-81.75],[61.12,-82.0],[60.75,-82.09],[57.5,-81.58],[49.5,-81.51],[44.25,-80.83],[44.01,-80.75],[44.18,-80.5],[43.39,-80.25],[43.54,-80.0],[44.91,-79.25],[48.0,-78.15],[49.3,-77.25],[48.87,-76.75],[48.0,-76.37],[46.5,-76.03],[41.75,-76.16],[39.55,-76.75],[39.26,-77.0],[39.45,-77.75],[39.03,-78.25],[35.09,-80.25],[35.09,-80.5],[36.14,-81.25],[38.98,-81.75],[40.28,-82.25],[38.27,-82.5],[37.23,-83.0],[37.3,-83.25],[41.07,-84.0],[38.68,-84.25],[39.05,-84.5],[38.86,-84.75],[39.27,-85.0],[38.75,-85.04],[28.75,-85.33],[22.75,-84.44],[8.75,-84.38],[-1.75,-85.18],[-11.25,-86.57],[-29.25,-87.48],[-36.5,-87.31],[-61.75,-87.66],[-89.75,-87.65],[-101.5,-87.2],[-107.5,-87.51],[-128.0,-87.64],[-142.25,-87.45],[-155.0,-87.8],[-161.19,-87.75],[-180.0,-86.9]]}},{"type":"Feature","properties":{"level":1004},"geometry":{"type":"LineString","coordinates":[[-134.03,-86.5],[-131.52,-86.5],[-134.03,-86.5]]}},{"type":"Feature","properties":{"level":1004},"geometry":{"type":"LineString","coordinates":[[-130.13,-86.5],[-128.77,-86.5],[-130.13,-86.5]]}},{"type":"Feature","properties":{"level":1004},"geometry":{"type":"LineString","coordinates":[[-163.3,-86.25],[-161.34,-86.25],[-163.3,-86.25]]}},{"type":"Feature","properties":{"level":1004},"geometry":{"type":"LineString","coordinates":[[-118.21,-86.0],[-115.75,-86.08],[-113.2,-85.75],[-115.25,-85.64],[-118.21,-86.0]]}},{"type":"Feature","properties":{"level":1004},"geometry":{"type":"LineString","coordinates":[[-98.25,-85.75],[-97.25,-85.93],[-93.58,-85.75],[-95.33,-85.5],[-96.5,-84.73],[-99.25,-84.73],[-99.41,-84.75],[-99.25,-84.95],[-96.57,-85.0],[-101.22,-85.25],[-99.25,-85.29],[-98.25,-85.75]]}},{"type":"Feature","properties":{"level":1004},"geometry":{"type":"LineString","coordinates":[[43.5,-85.26],[41.41,-85.0],[44.25,-84.92],[45.07,-85.25],[43.5,-85.26]]}},{"type":"Feature","properties":{"level":1004},"geometry":{"type":"LineString","coordinates":[[160.31,-73.75],[160.75,-73.95],[161.08,-73.75],[160.5,-73.36],[159.78,-73.5],[160.31,-73.75]]}},{"type":"Feature","properties":{"level":1004},"geometry":{"type":"LineString","coordinates":[[115.68,-72.75],[116.19,-72.75],[115.5,-72.39],[114.44,-72.5],[115.68,-72.75]]}},{"type":"Feature","properties":{"level":1004},"geometry":{"type":"LineString","coordinates":[[-180.0,-59.63],[-178.46,-59.75],[-178.0,-60.04],[-170.25,-59.04],[-170.0,-58.74],[-167.51,-58.0],[-150.25,-50.02],[-141.25,-46.97],[-131.75,-44.46],[-126.25,-44.17],[-114.5,-45.45],[-111.75,-45.15],[-110.5,-44.46],[-108.18,-42.25],[-107.61,-41.25],[-106.91,-38.25],[-105.5,-36.38],[-104.25,-35.62],[-100.75,-35.36],[-100.5,-34.99],[-96.25,-36.63],[-93.25,-36.87],[-91.5,-36.61],[-90.73,-37.25],[-90.77,-37.75],[-90.06,-38.25],[-89.22,-40.75],[-88.93,-42.5],[-89.04,-48.0],[-88.69,-51.75],[-88.79,-52.75],[-87.52,-55.0],[-86.5,-55.99],[-81.25,-58.63],[-75.88,-60.25],[-69.5,-61.51],[-65.0,-62.03],[-61.5,-62.05],[-55.5,-61.43],[-53.75,-60.7],[-49.5,-60.09],[-45.75,-58.79],[-38.5,-54.98],[-36.51,-54.5],[-37.5,-54.15],[-37.7,-53.75],[-36.0,-52.3],[-32.0,-50.07],[-22.75,-46.82],[-19.75,-47.7],[-13.75,-48.46],[-10.25,-49.46],[-8.0,-49.67],[5.75,-48.97],[13.5,-49.33],[29.0,-49.31],[34.25,-48.67],[41.0,-49.01],[42.25,-48.79],[43.75,-47.99],[44.75,-48.04],[51.25,-49.24],[55.75,-50.55],[65.25,-52.42],[67.5,-53.18],[71.0,-55.55],[74.75,-56.62],[79.75,-57.02],[90.5,-56.86],[92.75,-56.37],[94.47,-55.5],[96.0,-54.14],[97.53,-52.25],[100.25,-50.01],[102.75,-48.36],[107.0,-46.42],[110.87,-43.75],[116.84,-41.0],[119.25,-40.16],[124.5,-39.63],[127.75,-39.97],[132.75,-40.98],[138.25,-41.71],[141.75,-42.66],[145.0,-42.55],[145.75,-43.16],[146.5,-42.96],[146.75,-42.55],[147.5,-42.93],[149.75,-44.98],[150.91,-47.0],[152.5,-48.86],[156.0,-51.88],[159.0,-53.97],[162.0,-55.63],[165.23,-57.0],[168.0,-57.7],[176.09,-59.25],[180.0,-59.63]]}},{"type":"Feature","properties":{"level":1004},"geometry":{"type":"LineString","coordinates":[[32.25,4.85],[32.1,5.25],[32.5,5.07],[32.25,4.85]]}},{"type":"Feature","properties":{"level":1004},"geometry":{"type":"LineString","coordinates":[[160.75,11.7],[159.5,12.95],[158.82,14.25],[158.75,15.25],[159.5,16.67],[161.0,17.72],[162.25,17.68],[164.0,16.91],[164.75,15.89],[165.5,15.76],[165.12,15.5],[165.0,14.19],[163.69,12.5],[162.0,11.61],[160.75,11.7]]}},{"type":"Feature","properties":{"level":1004},"geometry":{"type":"LineString","coordinates":[[-103.0,12.67],[-103.5,12.94],[-103.59,13.25],[-103.2,13.75],[-102.96,15.0],[-102.64,15.25],[-102.0,15.32],[-100.75,14.86],[-100.36,14.5],[-100.19,13.75],[-101.0,12.69],[-103.0,12.67]]}},{"type":"Feature","properties":{"level":1004},"geometry":{"type":"LineString","coordinates":[[144.25,15.19],[143.63,16.25],[143.68,17.25],[144.75,17.8],[145.75,17.61],[146.36,16.75],[146.3,15.75],[145.25,15.08],[144.25,15.19]]}},{"type":"Feature","properties":{"level":1004},"geometry":{"type":"LineString","coordinates":[[-94.5,18.46],[-94.96,18.75],[-94.75,19.12],[-94.23,19.0],[-94.5,18.46]]}},{"type":"Feature","properties":{"level":1004},"geometry":{"type":"LineString","coordinates":[[-95.25,18.65],[-95.25,18.9],[-95.06,18.75],[-95.25,18.65]]}},{"type":"Feature","properties":{"level":1004},"geometry":{"type":"LineString","coordinates":[[-127.0,19.99],[-127.75,20.3],[-128.54,21.0],[-128.95,21.75],[-129.08,22.75],[-128.83,23.5],[-128.18,24.25],[-127.25,24.79],[-126.25,24.99],[-125.25,24.69],[-124.31,24.0],[-123.83,23.25],[-123.73,22.0],[-124.08,21.0],[-125.0,20.13],[-125.75,19.82],[-127.0,19.99]]}},{"type":"Feature","properties":{"level":1004},"geometry":{"type":"LineString","coordinates":[[68.0,25.99],[67.25,26.41],[67.09,26.75],[67.6,29.75],[68.15,29.75],[68.75,28.8],[69.5,28.61],[70.75,29.69],[71.19,29.75],[71.42,30.5],[71.91,31.0],[72.71,30.75],[72.43,29.25],[70.93,28.5],[71.01,28.25],[69.81,26.75],[68.0,25.99]]}},{"type":"Feature","properties":{"level":1004},"geometry":{"type":"LineString","coordinates":[[-111.25,27.71],[-111.62,28.0],[-111.5,28.41],[-111.25,27.89],[-110.74,27.75],[-111.25,27.71]]}},{"type":"Feature","properties":{"level":1004},"geometry":{"type":"LineString","coordinates":[[-172.0,31.19],[-172.71,32.0],[-172.53,33.0],[-171.5,33.46],[-170.48,33.25],[-169.99,32.5],[-170.23,31.75],[-171.0,31.1],[-172.0,31.19]]}},{"type":"Feature","properties":{"level":1004},"geometry":{"type":"LineString","coordinates":[[160.5,34.06],[160.31,34.5],[160.75,34.9],[161.0,34.41],[160.5,34.06]]}},{"type":"Feature","properties":{"level":1004},"geometry":{"type":"LineString","coordinates":[[180.0,50.02],[173.75,48.69],[168.75,48.3],[164.5,48.48],[159.5,49.25],[155.98,50.25],[148.62,53.75],[145.21,56.25],[144.55,57.0],[144.31,57.75],[144.34,58.5],[144.71,59.25],[147.25,59.55],[148.75,60.2],[152.53,60.5],[155.25,61.26],[155.83,61.75],[156.0,62.23],[156.75,62.81],[157.48,63.0],[157.75,63.65],[158.5,63.92],[159.58,65.75],[161.0,66.5],[161.04,67.25],[161.48,67.5],[161.75,68.25],[164.25,69.38],[165.11,70.25],[166.5,70.96],[169.0,71.82],[172.75,72.65],[180.0,73.48]]}},{"type":"Feature","properties":{"level":1004},"geometry":{"type":"LineString","coordinates":[[-132.0,50.72],[-134.41,51.75],[-135.14,52.5],[-135.63,53.5],[-136.09,56.5],[-135.75,57.04],[-135.0,57.15],[-134.96,57.5],[-134.0,57.9],[-133.36,57.75],[-132.0,56.88],[-130.25,56.52],[-129.25,55.7],[-128.87,55.75],[-128.92,56.0],[-128.5,56.22],[-127.75,55.95],[-127.57,55.5],[-126.75,54.76],[-126.0,54.89],[-122.5,54.15],[-120.38,53.0],[-120.9,52.75],[-120.58,52.25],[-120.75,51.02],[-121.5,51.14],[-123.0,50.84],[-125.0,51.35],[-125.41,51.25],[-125.5,50.95],[-126.25,51.31],[-127.25,51.24],[-128.0,51.69],[-129.75,50.77],[-132.0,50.72]]}},{"type":"Feature","properties":{"level":1004},"geometry":{"type":"LineString","coordinates":[[26.0,53.44],[23.5,54.5],[22.25,55.33],[20.49,57.5],[20.07,58.75],[20.12,60.0],[20.54,61.25],[21.5,62.23],[23.25,63.07],[27.0,63.97],[35.75,64.83],[40.25,64.28],[41.57,63.5],[42.07,62.25],[41.99,61.5],[41.15,59.5],[40.72,57.75],[38.86,55.0],[37.25,53.96],[36.75,53.37],[36.25,53.73],[36.0,54.36],[35.5,54.37],[33.25,53.92],[32.5,54.0],[29.25,53.27],[26.0,53.44]]}},{"type":"Feature","properties":{"level":1004},"geometry":{"type":"LineString","coordinates":[[-77.0,55.48],[-77.13,55.75],[-76.75,55.91],[-76.31,55.75],[-77.0,55.48]]}},{"type":"Feature","properties":{"level":1004},"geometry":{"type":"LineString","coordinates":[[-75.5,55.48],[-75.71,55.5],[-75.51,55.75],[-76.19,56.0],[-75.92,56.5],[-74.75,56.74],[-73.93,56.5],[-73.75,55.66],[-74.5,55.78],[-75.5,55.48]]}},{"type":"Feature","properties":{"level":1004},"geometry":{"type":"LineString","coordinates":[[8.5,56.49],[3.65,57.0],[-1.25,58.38],[-4.75,58.42],[-6.5,58.75],[-14.0,58.72],[-21.68,59.75],[-26.0,60.91],[-29.0,62.32],[-30.96,63.5],[-30.96,63.75],[-33.0,64.1],[-33.28,64.0],[-33.25,63.34],[-34.0,63.0],[-34.13,62.0],[-35.5,61.22],[-39.0,60.42],[-42.75,60.0],[-43.0,60.0],[-43.25,60.39],[-42.97,61.0],[-43.29,61.25],[-42.87,61.75],[-42.81,62.25],[-43.05,62.5],[-42.75,62.91],[-41.93,63.5],[-41.02,63.75],[-41.07,64.0],[-41.57,64.25],[-41.11,65.25],[-38.75,65.88],[-38.0,66.53],[-37.25,66.59],[-36.0,66.21],[-35.07,66.5],[-31.75,68.52],[-30.0,68.85],[-28.5,68.78],[-26.0,69.17],[-24.08,69.75],[-21.27,70.0],[-17.0,71.68],[-13.5,72.52],[-8.4,73.25],[-4.5,73.36],[-3.0,72.97],[3.71,70.25],[8.87,67.75],[12.15,65.5],[12.44,64.25],[12.25,63.26],[10.75,62.17],[9.25,62.21],[8.71,61.75],[7.75,61.56],[7.28,61.0],[7.29,60.5],[7.6,60.25],[6.63,59.75],[6.61,58.75],[9.0,58.49],[9.91,57.75],[10.06,57.25],[9.88,56.75],[9.25,56.36],[8.5,56.49]]}},{"type":"Feature","properties":{"level":1004},"geometry":{"type":"LineString","coordinates":[[55.5,70.49],[40.0,71.78],[35.5,72.37],[32.25,73.22],[29.75,74.5],[24.25,76.34],[18.5,77.52],[18.08,78.25],[19.8,78.75],[18.14,79.25],[18.0,79.53],[16.25,79.78],[13.0,79.8],[9.25,80.49],[-4.03,81.75],[-15.0,83.28],[-24.44,85.0],[-26.87,85.75],[-27.44,86.25],[-27.0,86.61],[-25.74,87.0],[-21.86,87.5],[-7.5,88.13],[19.25,88.35],[47.0,88.0],[59.5,87.48],[69.25,86.59],[74.0,85.79],[76.93,85.0],[78.5,84.25],[79.57,83.25],[79.67,82.5],[79.37,82.0],[76.31,79.5],[73.39,77.5],[68.25,72.68],[65.75,71.53],[63.25,70.87],[59.5,70.47],[55.5,70.49]]}},{"type":"Feature","properties":{"level":1004},"geometry":{"type":"LineString","coordinates":[[-180.0,73.48],[-160.75,74.36],[-158.96,74.75],[-158.66,75.0],[-159.69,76.0],[-159.59,76.5],[-158.51,77.0],[-157.09,77.25],[-152.41,77.25],[-151.03,77.0],[-150.07,76.5],[-150.63,76.0],[-152.25,75.48],[-163.85,73.25],[-164.98,72.75],[-164.82,71.75],[-162.75,70.64],[-161.82,69.75],[-161.72,69.5],[-162.04,69.25],[-162.17,68.75],[-162.75,68.21],[-162.0,67.88],[-161.5,67.05],[-160.19,66.25],[-160.54,66.0],[-160.19,65.5],[-160.64,63.75],[-161.56,62.75],[-161.52,62.25],[-162.25,61.03],[-163.75,59.53],[-167.56,56.5],[-173.95,52.25],[-176.57,51.0],[-180.0,50.02]]}},{"type":"Feature","properties":{"level":1004},"geometry":{"type":"LineString","coordinates":[[-4.0,76.46],[-4.63,76.75],[-4.69,77.25],[-4.25,77.55],[-2.5,77.91],[3.0,78.38],[5.5,78.17],[6.67,77.75],[0.75,76.5],[-4.0,76.46]]}},{"type":"Feature","properties":{"level":1008},"geometry":{"type":"LineString","coordinates":[[180.0,-87.29],[164.25,-86.62],[155.75,-85.85],[149.25,-84.61],[148.83,-84.5],[148.84,-84.0],[145.65,-83.5],[146.09,-83.0],[143.0,-82.3],[142.25,-81.86],[142.17,-81.5],[140.07,-81.0],[140.89,-80.5],[143.25,-79.88],[148.68,-79.0],[152.5,-78.1],[155.75,-77.77],[157.27,-78.0],[157.2,-77.75],[154.35,-76.75],[152.82,-75.5],[154.25,-74.33],[156.75,-73.7],[157.4,-73.25],[155.25,-72.82],[154.15,-72.25],[148.25,-70.97],[140.75,-68.97],[138.25,-68.62],[131.5,-69.19],[125.75,-69.29],[119.0,-70.18],[116.0,-70.33],[114.25,-70.74],[114.55,-71.25],[116.84,-72.25],[117.41,-72.75],[117.33,-73.25],[116.5,-73.54],[113.0,-73.76],[110.5,-73.22],[110.25,-73.25],[110.56,-73.5],[110.25,-73.56],[107.41,-73.75],[106.2,-73.5],[106.11,-73.25],[107.25,-73.13],[109.25,-73.5],[109.41,-73.0],[107.5,-72.06],[105.5,-71.97],[104.11,-72.5],[101.27,-74.25],[94.41,-75.75],[93.63,-76.25],[92.83,-77.25],[89.54,-78.5],[89.18,-79.25],[88.75,-79.49],[76.72,-80.75],[73.31,-81.5],[75.14,-82.25],[74.89,-82.5],[69.25,-82.78],[62.84,-82.75],[64.25,-83.09],[74.79,-84.0],[71.75,-84.39],[62.75,-84.55],[54.71,-85.0],[54.8,-85.25],[59.49,-86.0],[58.66,-86.25],[59.27,-86.5],[51.25,-86.53],[40.25,-87.29],[31.25,-87.4],[20.25,-86.94],[18.5,-86.75],[17.47,-86.25],[13.75,-86.13],[6.36,-86.75],[5.97,-87.0],[8.53,-87.25],[8.2,-87.5],[-25.25,-88.02],[-89.25,-88.17],[-138.75,-87.96],[-155.75,-88.18],[-170.51,-88.0],[-176.43,-87.75],[-180.0,-87.29]]}},{"type":"Feature","properties":{"level":1008},"geometry":{"type":"LineString","coordinates":[[-97.61,-85.75],[-96.47,-85.75],[-96.75,-85.33],[-97.96,-85.25],[-98.1,-85.5],[-97.61,-85.75]]}},{"type":"Feature","properties":{"level":1008},"geometry":{"type":"LineString","coordinates":[[40.72,-78.75],[41.25,-78.99],[45.6,-78.5],[47.29,-77.25],[46.25,-76.88],[42.5,-76.77],[41.42,-77.25],[40.72,-78.75]]}},{"type":"Feature","properties":{"level":1008},"geometry":{"type":"LineString","coordinates":[[-180.0,-58.19],[-174.59,-58.0],[-171.0,-57.32],[-167.25,-56.18],[-159.25,-52.89],[-150.82,-49.0],[-135.5,-43.41],[-131.75,-42.66],[-128.75,-42.44],[-125.75,-42.46],[-116.0,-43.26],[-113.0,-42.72],[-111.75,-42.14],[-110.75,-41.34],[-109.25,-39.56],[-108.39,-38.0],[-107.18,-36.5],[-106.0,-35.39],[-104.75,-34.64],[-101.75,-33.53],[-100.0,-33.46],[-97.75,-33.65],[-97.0,-33.92],[-95.26,-33.75],[-94.5,-33.2],[-93.5,-33.85],[-92.82,-33.5],[-92.75,-33.05],[-90.68,-34.75],[-89.37,-36.5],[-88.44,-38.25],[-87.44,-41.75],[-86.98,-46.0],[-87.19,-49.0],[-86.98,-49.5],[-87.0,-51.0],[-86.13,-52.75],[-84.6,-55.0],[-80.25,-57.33],[-74.96,-59.25],[-72.0,-59.92],[-64.0,-60.9],[-54.75,-60.16],[-46.86,-57.75],[-44.79,-56.75],[-41.0,-54.4],[-35.75,-50.24],[-33.25,-48.77],[-25.0,-45.56],[-23.25,-44.24],[-20.75,-44.82],[-19.5,-44.46],[-18.75,-43.92],[-17.75,-42.16],[-17.5,-42.1],[-16.46,-42.25],[-13.88,-45.5],[-13.0,-45.91],[-10.25,-46.67],[-5.5,-47.25],[6.5,-47.18],[18.25,-47.71],[26.75,-47.72],[31.25,-47.2],[39.25,-47.26],[40.25,-46.93],[41.5,-46.14],[43.75,-46.15],[67.5,-51.86],[69.99,-52.75],[71.0,-53.4],[72.25,-54.7],[75.0,-55.58],[79.75,-56.06],[84.5,-56.05],[89.5,-55.66],[92.77,-54.75],[94.29,-53.75],[99.0,-49.26],[101.08,-47.75],[104.81,-45.75],[109.77,-42.0],[113.96,-39.5],[115.23,-39.0],[118.5,-38.29],[123.75,-37.85],[131.75,-38.95],[137.25,-39.08],[139.75,-39.8],[141.25,-39.87],[143.5,-39.1],[144.14,-38.0],[144.02,-37.75],[144.75,-37.3],[145.0,-37.38],[145.12,-38.0],[144.43,-38.25],[145.68,-39.25],[146.51,-40.5],[146.13,-41.25],[146.25,-41.61],[147.25,-41.61],[147.9,-41.25],[146.91,-40.5],[147.08,-40.0],[146.72,-39.0],[146.75,-37.9],[147.18,-37.5],[148.0,-37.32],[149.33,-37.75],[149.13,-41.0],[148.0,-41.0],[147.94,-41.5],[148.75,-41.45],[153.5,-47.7],[155.56,-49.75],[158.97,-52.5],[161.75,-54.19],[165.5,-55.84],[171.5,-57.47],[175.5,-58.12],[180.0,-58.19]]}},{"type":"Feature","properties":{"level":1008},"geometry":{"type":"LineString","coordinates":[[147.25,-36.15],[147.25,-35.31],[147.69,-35.25],[147.25,-36.15]]}},{"type":"Feature","properties":{"level":1008},"geometry":{"type":"LineString","coordinates":[[166.75,-35.25],[165.46,-34.5],[165.95,-33.5],[166.5,-33.22],[167.3,-33.5],[167.72,-34.5],[166.75,-35.25]]}},{"type":"Feature","properties":{"level":1008},"geometry":{"type":"LineString","coordinates":[[147.0,-34.89],[147.0,-34.64],[147.0,-34.89]]}},{"type":"Feature","properties":{"level":1008},"geometry":{"type":"LineString","coordinates":[[31.25,-13.62],[33.0,-10.09],[33.32,-10.75],[32.75,-12.02],[32.0,-13.39],[31.75,-13.3],[31.25,-13.62]]}},{"type":"Feature","properties":{"level":1008},"geometry":{"type":"LineString","coordinates":[[29.25,-12.59],[27.71,-11.75],[28.3,-11.0],[28.25,-9.2],[28.5,-9.72],[28.86,-9.0],[30.25,-7.91],[31.0,-8.25],[31.04,-8.5],[30.46,-9.0],[31.04,-9.0],[31.11,-9.5],[31.0,-9.73],[30.5,-9.5],[29.59,-10.0],[28.62,-11.0],[28.75,-11.67],[29.71,-11.5],[29.56,-12.5],[29.25,-12.59]]}},{"type":"Feature","properties":{"level":1008},"geometry":{"type":"LineString","coordinates":[[26.75,-11.55],[26.94,-11.0],[26.75,-10.43],[26.47,-10.5],[26.46,-10.0],[27.25,-9.25],[27.7,-10.75],[26.75,-11.55]]}},{"type":"Feature","properties":{"level":1008},"geometry":{"type":"LineString","coordinates":[[30.0,-11.57],[29.81,-10.75],[30.25,-10.16],[30.75,-10.45],[31.5,-10.4],[31.67,-10.25],[31.29,-9.75],[32.44,-9.0],[31.25,-7.24],[30.56,-7.25],[30.5,-7.81],[29.62,-6.75],[30.25,-6.56],[30.25,-6.17],[30.82,-6.0],[30.75,-5.75],[30.45,-5.75],[30.58,-5.5],[30.25,-5.21],[30.0,-4.38],[30.17,-3.5],[30.96,-2.75],[31.25,-2.07],[31.83,-2.75],[32.25,-2.87],[32.75,-2.45],[33.0,-2.56],[33.5,-1.89],[34.0,-1.87],[34.38,-1.25],[34.75,-1.09],[35.25,-1.5],[34.71,-2.5],[34.54,-3.5],[34.77,-4.0],[34.34,-4.25],[34.25,-5.27],[33.5,-5.97],[33.72,-6.75],[33.33,-7.5],[33.25,-8.85],[32.62,-9.25],[32.13,-10.25],[31.25,-10.76],[30.75,-11.45],[30.0,-11.57]]}},{"type":"Feature","properties":{"level":1008},"geometry":{"type":"LineString","coordinates":[[-65.25,-10.11],[-65.5,-9.77],[-65.75,-9.91],[-65.75,-9.6],[-65.05,-9.75],[-65.0,-10.02],[-65.25,-10.11]]}},{"type":"Feature","properties":{"level":1008},"geometry":{"type":"LineString","coordinates":[[28.25,-8.6],[27.94,-8.0],[28.03,-7.75],[27.63,-7.5],[27.75,-7.12],[28.51,-7.25],[28.3,-7.75],[28.59,-8.0],[28.31,-8.25],[28.59,-8.5],[28.5,-8.72],[28.25,-8.6]]}},{"type":"Feature","properties":{"level":1008},"geometry":{"type":"LineString","coordinates":[[34.25,-8.53],[34.06,-8.5],[34.1,-8.25],[35.5,-7.18],[35.5,-7.5],[34.75,-8.32],[34.25,-8.53]]}},{"type":"Feature","properties":{"level":1008},"geometry":{"type":"LineString","coordinates":[[30.75,-1.88],[30.59,-1.5],[31.25,-0.62],[31.42,-1.25],[31.11,-1.75],[30.75,-1.88]]}},{"type":"Feature","properties":{"level":1008},"geometry":{"type":"LineString","coordinates":[[114.75,-1.79],[114.54,-1.5],[115.0,-1.04],[115.2,-1.5],[114.75,-1.79]]}},{"type":"Feature","properties":{"level":1008},"geometry":{"type":"LineString","coordinates":[[115.0,-0.87],[115.0,-0.66],[115.0,-0.87]]}},{"type":"Feature","properties":{"level":1008},"geometry":{"type":"LineString","coordinates":[[34.0,-0.6],[33.25,0.38],[33.0,0.19],[32.5,0.31],[31.5,-0.37],[31.31,0.0],[31.75,0.57],[32.5,0.55],[32.7,0.75],[30.89,1.0],[31.75,1.42],[31.75,1.91],[31.25,1.95],[30.75,2.96],[30.5,2.88],[29.5,3.97],[29.0,3.8],[28.25,4.6],[27.75,4.92],[27.5,4.84],[27.58,5.5],[27.25,5.86],[26.5,6.29],[26.25,5.97],[26.0,6.1],[26.0,6.75],[25.79,7.0],[25.98,7.25],[25.68,7.5],[25.83,8.0],[24.84,8.5],[24.5,9.69],[23.52,10.25],[24.17,10.5],[24.0,11.35],[26.75,13.44],[27.75,13.6],[28.38,14.5],[28.5,15.37],[28.78,15.5],[28.64,16.5],[29.56,17.0],[29.48,17.75],[30.0,19.18],[30.5,19.74],[31.5,20.28],[31.98,20.25],[31.73,20.0],[32.0,19.94],[31.94,20.5],[32.75,20.65],[33.1,21.5],[33.0,22.07],[33.5,22.68],[34.0,22.08],[34.5,22.27],[34.78,22.0],[34.75,21.82],[34.0,21.84],[33.81,21.5],[34.0,21.07],[34.36,21.0],[33.99,20.75],[34.25,20.5],[34.5,20.63],[35.0,20.41],[36.0,21.69],[36.12,20.5],[35.73,19.75],[36.0,19.0],[36.55,18.25],[36.57,17.75],[37.75,18.14],[38.04,16.75],[37.76,16.25],[38.47,15.25],[37.99,14.5],[38.1,13.75],[37.75,13.54],[37.25,14.1],[36.97,14.0],[37.0,13.18],[36.41,13.0],[36.51,12.5],[35.87,12.25],[35.75,11.64],[35.25,11.54],[35.25,10.68],[35.0,11.05],[34.5,10.83],[34.31,9.75],[34.07,9.5],[34.25,8.84],[34.91,8.25],[34.81,7.75],[35.07,7.25],[34.83,6.75],[35.42,6.5],[34.59,6.25],[35.05,6.0],[35.25,5.55],[36.28,6.75],[36.14,6.25],[36.51,5.5],[36.5,4.89],[36.89,5.0],[37.0,5.77],[37.15,5.25],[36.74,3.75],[37.25,3.52],[37.77,2.75],[37.5,2.28],[37.0,2.93],[36.84,2.75],[36.94,2.5],[36.67,2.25],[36.0,0.23],[35.5,1.47],[34.5,1.46],[34.25,1.25],[34.5,0.78],[35.02,0.75],[34.62,0.25],[35.01,-0.25],[34.0,-0.6]]}},{"type":"Feature","properties":{"level":1008},"geometry":{"type":"LineString","coordinates":[[23.0,1.99],[23.0,2.29],[23.0,1.99]]}},{"type":"Feature","properties":{"level":1008},"geometry":{"type":"LineString","coordinates":[[23.5,2.7],[23.7,2.75],[23.5,2.7]]}},{"type":"Feature","properties":{"level":1008},"geometry":{"type":"LineString","coordinates":[[24.0,2.74],[23.75,3.05],[23.0,3.22],[23.08,3.5],[24.0,3.64],[24.46,3.0],[24.0,2.74]]}},{"type":"Feature","properties":{"level":1008},"geometry":{"type":"LineString","coordinates":[[34.12,3.25],[34.25,3.12],[34.5,3.5],[33.75,4.43],[33.51,4.25],[33.86,4.0],[33.85,3.5],[34.12,3.25]]}},{"type":"Feature","properties":{"level":1008},"geometry":{"type":"LineString","coordinates":[[22.75,3.99],[22.73,4.5],[23.0,4.29],[23.24,4.5],[22.42,5.25],[23.0,5.38],[23.5,5.87],[23.75,5.78],[23.1,5.0],[23.79,4.5],[23.8,4.25],[23.5,4.36],[22.75,3.99]]}},{"type":"Feature","properties":{"level":1008},"geometry":{"type":"LineString","coordinates":[[33.97,6.5],[34.0,6.29],[33.97,6.5]]}},{"type":"Feature","properties":{"level":1008},"geometry":{"type":"LineString","coordinates":[[26.05,7.25],[27.0,7.61],[27.5,7.47],[27.78,7.75],[27.8,8.25],[27.5,7.84],[27.0,7.92],[26.5,7.66],[26.25,7.85],[26.05,7.25]]}},{"type":"Feature","properties":{"level":1008},"geometry":{"type":"LineString","coordinates":[[28.24,8.0],[28.75,7.95],[30.32,8.75],[30.09,9.5],[30.32,10.0],[29.25,10.13],[29.0,9.65],[27.77,9.0],[28.0,8.64],[28.55,8.5],[28.25,8.48],[28.24,8.0]]}},{"type":"Feature","properties":{"level":1008},"geometry":{"type":"LineString","coordinates":[[160.0,8.98],[157.51,10.5],[155.72,12.0],[156.25,12.1],[156.55,12.75],[156.39,13.5],[155.63,14.75],[155.33,16.25],[155.4,17.75],[157.41,19.25],[159.75,20.02],[163.0,20.3],[165.75,19.65],[169.0,18.03],[171.0,18.44],[172.0,18.33],[173.0,17.85],[173.46,17.25],[174.14,15.75],[173.61,14.75],[173.83,14.5],[173.21,14.5],[173.0,13.75],[171.75,13.35],[171.25,13.67],[171.0,13.31],[170.5,13.42],[170.26,13.25],[170.2,12.75],[169.25,11.77],[167.75,11.64],[167.56,11.5],[167.67,11.0],[163.75,9.21],[162.5,9.06],[160.5,9.32],[160.0,8.98]]}},{"type":"Feature","properties":{"level":1008},"geometry":{"type":"LineString","coordinates":[[-104.0,9.24],[-106.25,9.72],[-106.48,10.0],[-106.42,10.5],[-108.25,10.94],[-108.76,12.0],[-109.37,12.5],[-109.74,14.25],[-110.04,14.5],[-110.0,15.11],[-109.63,15.75],[-109.88,16.25],[-109.69,16.75],[-110.65,18.25],[-111.08,19.75],[-110.99,20.25],[-112.75,21.44],[-112.58,22.25],[-113.02,23.25],[-115.62,25.75],[-116.5,27.22],[-116.58,28.25],[-117.62,29.25],[-119.0,31.43],[-119.77,32.0],[-121.0,33.58],[-121.99,36.0],[-121.25,35.85],[-121.07,36.0],[-121.21,36.25],[-121.0,36.31],[-120.5,35.92],[-120.48,36.25],[-121.43,37.5],[-122.55,38.0],[-122.5,40.51],[-122.0,40.55],[-121.88,40.0],[-120.29,37.75],[-119.0,36.5],[-118.79,35.25],[-119.5,35.15],[-120.04,35.5],[-120.31,35.25],[-120.11,34.75],[-119.5,34.37],[-117.25,34.0],[-117.6,33.75],[-117.5,33.52],[-115.74,30.75],[-115.25,30.31],[-115.08,30.5],[-115.19,31.0],[-116.32,33.0],[-116.51,33.75],[-116.5,34.0],[-115.89,34.0],[-116.9,35.0],[-116.67,35.5],[-117.44,35.75],[-116.97,36.0],[-117.37,36.75],[-117.25,36.89],[-116.25,36.61],[-115.75,34.74],[-115.0,34.84],[-114.62,35.25],[-115.26,36.25],[-114.84,36.5],[-114.75,36.84],[-114.16,36.75],[-114.2,36.0],[-114.61,35.5],[-113.6,34.25],[-113.5,33.67],[-112.4,33.25],[-112.83,32.0],[-111.5,30.5],[-111.82,30.0],[-110.75,29.91],[-109.5,28.7],[-108.75,27.06],[-104.86,22.0],[-104.75,21.75],[-105.06,21.5],[-104.96,21.0],[-105.21,20.25],[-104.25,19.3],[-103.5,19.01],[-103.42,18.5],[-102.5,18.18],[-101.75,18.32],[-101.0,17.51],[-98.25,16.63],[-97.25,15.86],[-96.5,15.7],[-94.75,16.02],[-94.25,15.82],[-94.0,16.0],[-93.75,15.55],[-93.5,15.62],[-92.99,15.25],[-93.28,15.0],[-93.22,14.75],[-93.43,14.75],[-94.0,15.43],[-94.4,15.0],[-94.19,14.5],[-94.75,13.94],[-95.57,14.0],[-95.81,12.5],[-96.12,12.25],[-95.73,11.5],[-96.25,11.49],[-96.47,11.25],[-96.78,10.25],[-97.5,9.99],[-98.25,10.21],[-99.0,9.17],[-100.0,9.05],[-100.25,9.29],[-102.0,9.03],[-102.75,9.22],[-103.25,9.68],[-104.0,9.24]]}},{"type":"Feature","properties":{"level":1008},"geometry":{"type":"LineString","coordinates":[[25.89,9.25],[26.32,9.25],[25.89,9.25]]}},{"type":"Feature","properties":{"level":1008},"geometry":{"type":"LineString","coordinates":[[30.98,9.5],[31.25,9.5],[31.34,9.75],[30.79,9.75],[30.98,9.5]]}},{"type":"Feature","properties":{"level":1008},"geometry":{"type":"LineString","coordinates":[[40.25,9.34],[40.5,10.3],[41.0,10.59],[41.47,10.5],[41.25,10.8],[41.5,10.57],[41.75,10.7],[42.08,10.25],[42.0,9.86],[40.75,9.66],[40.25,9.34]]}},{"type":"Feature","properties":{"level":1008},"geometry":{"type":"LineString","coordinates":[[-104.12,9.75],[-103.29,9.75],[-104.0,9.91],[-104.12,9.75]]}},{"type":"Feature","properties":{"level":1008},"geometry":{"type":"LineString","coordinates":[[22.0,10.15],[21.69,10.5],[21.97,11.25],[21.5,11.39],[20.44,11.0],[20.91,11.75],[20.18,11.75],[20.32,12.75],[20.0,13.03],[17.75,12.57],[17.25,12.2],[17.02,12.5],[16.5,12.6],[15.81,12.25],[16.25,12.09],[16.5,12.41],[16.56,12.0],[15.5,11.47],[14.53,11.75],[15.25,11.98],[15.28,12.25],[16.1,12.75],[16.11,13.0],[18.0,13.57],[20.0,13.5],[20.11,13.75],[19.69,14.0],[19.63,14.5],[20.0,14.82],[20.5,14.84],[20.78,14.75],[21.04,13.75],[20.75,13.25],[21.0,12.16],[22.0,11.97],[22.75,12.41],[23.0,12.17],[22.32,11.5],[23.0,11.44],[23.08,11.25],[22.0,10.15]]}},{"type":"Feature","properties":{"level":1008},"geometry":{"type":"LineString","coordinates":[[41.75,10.77],[40.88,11.25],[40.9,12.0],[41.57,12.25],[40.5,12.77],[40.25,12.5],[40.37,13.0],[40.0,14.87],[41.75,14.81],[42.22,14.25],[42.49,13.25],[42.15,13.0],[42.2,12.5],[42.53,12.25],[42.0,11.63],[41.75,12.08],[41.56,11.75],[41.75,11.34],[42.28,11.25],[42.25,10.98],[41.75,10.77]]}},{"type":"Feature","properties":{"level":1008},"geometry":{"type":"LineString","coordinates":[[-105.71,11.5],[-105.5,11.33],[-105.04,11.5],[-105.32,12.25],[-105.75,12.62],[-106.5,12.49],[-106.5,12.08],[-105.71,11.5]]}},{"type":"Feature","properties":{"level":1008},"geometry":{"type":"LineString","coordinates":[[41.07,11.5],[41.31,11.5],[41.07,11.5]]}},{"type":"Feature","properties":{"level":1008},"geometry":{"type":"LineString","coordinates":[[145.25,12.2],[142.0,14.37],[141.36,16.25],[141.62,17.25],[142.66,18.5],[144.0,19.32],[145.25,19.48],[147.25,19.01],[149.5,17.58],[149.79,15.25],[149.06,13.5],[148.28,12.75],[147.25,12.21],[145.25,12.2]]}},{"type":"Feature","properties":{"level":1008},"geometry":{"type":"LineString","coordinates":[[-92.5,12.57],[-92.69,12.75],[-92.5,13.13],[-92.16,12.75],[-92.5,12.57]]}},{"type":"Feature","properties":{"level":1008},"geometry":{"type":"LineString","coordinates":[[21.25,12.98],[21.25,13.29],[21.25,12.98]]}},{"type":"Feature","properties":{"level":1008},"geometry":{"type":"LineString","coordinates":[[43.5,13.39],[43.39,13.5],[43.5,13.39]]}},{"type":"Feature","properties":{"level":1008},"geometry":{"type":"LineString","coordinates":[[-93.75,13.87],[-93.92,14.0],[-93.75,14.4],[-93.75,13.87]]}},{"type":"Feature","properties":{"level":1008},"geometry":{"type":"LineString","coordinates":[[-126.25,15.5],[-126.5,16.05],[-127.25,16.26],[-128.25,16.15],[-129.56,17.0],[-129.96,18.0],[-131.06,19.5],[-131.28,22.25],[-130.6,24.0],[-129.26,25.5],[-126.75,26.54],[-124.5,26.69],[-122.09,25.75],[-119.93,24.0],[-119.46,23.0],[-119.58,21.75],[-119.15,21.0],[-119.13,19.25],[-119.36,18.5],[-120.0,17.76],[-120.75,17.59],[-123.0,16.15],[-124.25,15.7],[-126.25,15.5]]}},{"type":"Feature","properties":{"level":1008},"geometry":{"type":"LineString","coordinates":[[-95.25,17.67],[-96.25,18.15],[-96.41,19.5],[-96.25,19.82],[-94.5,20.95],[-93.3,19.5],[-93.27,18.75],[-94.25,17.62],[-95.25,17.67]]}},{"type":"Feature","properties":{"level":1008},"geometry":{"type":"LineString","coordinates":[[94.75,20.18],[94.75,20.66],[95.05,20.25],[94.75,20.18]]}},{"type":"Feature","properties":{"level":1008},"geometry":{"type":"LineString","coordinates":[[34.5,21.38],[34.5,21.56],[34.5,21.38]]}},{"type":"Feature","properties":{"level":1008},"geometry":{"type":"LineString","coordinates":[[39.75,21.28],[39.49,21.75],[39.75,22.0],[39.75,21.28]]}},{"type":"Feature","properties":{"level":1008},"geometry":{"type":"LineString","coordinates":[[52.5,22.73],[52.23,23.0],[52.5,23.26],[52.5,22.73]]}},{"type":"Feature","properties":{"level":1008},"geometry":{"type":"LineString","coordinates":[[39.25,22.81],[39.05,23.0],[39.25,23.54],[39.55,23.0],[39.25,22.81]]}},{"type":"Feature","properties":{"level":1008},"geometry":{"type":"LineString","coordinates":[[54.25,22.98],[54.19,23.5],[55.0,24.16],[54.91,23.5],[55.25,23.54],[55.39,23.25],[55.0,22.92],[54.25,22.98]]}},{"type":"Feature","properties":{"level":1008},"geometry":{"type":"LineString","coordinates":[[63.5,24.73],[62.3,25.5],[61.25,25.32],[59.75,26.0],[60.24,26.25],[61.0,26.12],[61.25,26.35],[64.75,26.47],[66.0,27.12],[66.5,27.13],[67.01,28.25],[67.24,29.75],[67.5,30.09],[68.25,30.07],[68.77,30.5],[68.25,30.78],[69.5,30.58],[69.67,30.0],[70.0,29.88],[70.26,30.75],[70.05,32.0],[70.37,32.5],[70.25,33.0],[70.5,33.25],[71.25,33.04],[71.46,33.25],[71.37,33.5],[71.98,33.75],[71.5,33.83],[71.36,34.25],[72.0,34.45],[74.46,32.75],[74.21,32.5],[74.19,31.75],[74.75,31.51],[75.5,31.6],[75.75,31.03],[76.03,31.0],[75.54,30.75],[76.0,30.64],[76.75,30.97],[78.73,28.5],[79.11,27.25],[79.0,26.83],[78.0,26.63],[77.25,26.8],[75.75,26.09],[75.47,26.25],[75.55,26.5],[76.5,27.13],[76.59,27.5],[75.5,27.76],[71.75,25.46],[71.16,25.5],[69.5,24.69],[68.75,24.62],[68.0,24.88],[67.16,25.5],[66.75,26.27],[66.5,25.13],[65.75,25.0],[65.25,25.35],[64.5,24.55],[63.5,24.73]]}},{"type":"Feature","properties":{"level":1008},"geometry":{"type":"LineString","coordinates":[[38.25,25.5],[38.25,25.76],[38.65,25.5],[38.25,25.5]]}},{"type":"Feature","properties":{"level":1008},"geometry":{"type":"LineString","coordinates":[[59.0,26.1],[59.0,26.3],[59.41,26.25],[59.0,26.1]]}},{"type":"Feature","properties":{"level":1008},"geometry":{"type":"LineString","coordinates":[[59.0,26.98],[57.89,27.5],[57.63,28.25],[57.75,28.59],[58.25,28.05],[60.83,27.25],[59.0,26.98]]}},{"type":"Feature","properties":{"level":1008},"geometry":{"type":"LineString","coordinates":[[64.0,27.4],[63.27,28.0],[63.0,28.5],[63.24,28.75],[64.0,28.83],[64.25,28.43],[65.6,28.75],[65.25,27.95],[64.0,27.4]]}},{"type":"Feature","properties":{"level":1008},"geometry":{"type":"LineString","coordinates":[[64.75,28.97],[64.51,29.0],[66.0,30.61],[66.02,29.5],[65.75,29.08],[64.75,28.97]]}},{"type":"Feature","properties":{"level":1008},"geometry":{"type":"LineString","coordinates":[[59.25,29.08],[58.25,29.8],[57.75,30.5],[57.75,31.11],[58.25,31.16],[58.96,30.5],[59.57,29.5],[59.25,29.08]]}},{"type":"Feature","properties":{"level":1008},"geometry":{"type":"LineString","coordinates":[[-172.5,29.92],[-173.34,30.5],[-173.62,31.0],[-173.84,32.0],[-173.5,33.16],[-172.75,33.8],[-171.75,34.17],[-170.75,34.1],[-169.75,33.66],[-169.09,32.75],[-169.13,31.25],[-169.75,30.51],[-170.5,30.11],[-171.5,29.85],[-172.5,29.92]]}},{"type":"Feature","properties":{"level":1008},"geometry":{"type":"LineString","coordinates":[[63.75,30.25],[63.28,30.5],[63.25,30.85],[62.42,31.25],[62.83,32.25],[63.75,32.31],[64.25,32.0],[64.75,32.57],[65.11,32.25],[65.0,31.73],[66.07,31.75],[66.12,31.5],[65.75,31.18],[64.5,31.38],[64.06,30.25],[63.75,30.25]]}},{"type":"Feature","properties":{"level":1008},"geometry":{"type":"LineString","coordinates":[[85.5,30.5],[85.5,30.76],[84.88,30.75],[85.0,31.06],[84.0,31.07],[83.86,31.5],[84.25,31.65],[85.25,31.25],[85.75,31.5],[86.09,30.75],[85.5,30.5]]}},{"type":"Feature","properties":{"level":1008},"geometry":{"type":"LineString","coordinates":[[160.25,33.43],[159.82,33.75],[159.8,34.5],[160.5,35.21],[161.25,35.12],[161.66,34.5],[161.56,34.0],[161.0,33.54],[160.25,33.43]]}},{"type":"Feature","properties":{"level":1008},"geometry":{"type":"LineString","coordinates":[[-120.0,45.23],[-120.5,45.43],[-120.87,46.5],[-120.75,47.06],[-120.46,47.25],[-120.66,47.5],[-120.14,48.25],[-120.25,48.54],[-119.88,48.75],[-120.5,49.07],[-121.25,49.93],[-122.5,50.25],[-124.0,49.88],[-124.5,49.36],[-125.5,49.79],[-127.5,49.12],[-128.25,49.63],[-130.5,49.66],[-132.75,50.09],[-135.25,51.29],[-136.62,52.75],[-137.45,54.75],[-137.75,56.5],[-137.4,58.25],[-135.75,58.23],[-135.75,58.5],[-135.0,58.53],[-133.75,58.38],[-132.0,57.67],[-130.25,57.73],[-127.5,57.34],[-126.5,57.01],[-124.75,55.7],[-123.5,55.22],[-123.0,55.29],[-120.08,53.75],[-119.0,53.63],[-118.0,53.03],[-117.25,53.05],[-116.84,52.75],[-116.67,52.25],[-117.0,51.76],[-117.5,51.98],[-117.75,51.87],[-117.27,51.25],[-117.5,51.04],[-118.25,51.4],[-118.71,51.0],[-118.21,50.75],[-118.5,50.09],[-119.37,49.5],[-119.0,48.37],[-117.49,47.25],[-117.46,46.5],[-118.75,45.55],[-120.0,45.23]]}},{"type":"Feature","properties":{"level":1008},"geometry":{"type":"LineString","coordinates":[[180.0,48.52],[174.25,47.58],[167.5,47.34],[162.0,47.91],[157.25,48.9],[152.68,50.5],[145.39,53.75],[142.31,56.0],[141.2,57.5],[140.92,58.25],[143.1,60.0],[145.0,59.74],[147.91,60.75],[150.75,60.63],[151.75,61.06],[153.0,61.15],[153.75,61.81],[154.79,62.25],[155.32,62.75],[155.37,63.5],[156.15,64.5],[156.05,65.0],[156.77,65.5],[156.57,65.75],[157.05,66.5],[158.48,68.0],[158.31,68.75],[158.76,70.5],[158.37,71.0],[158.98,71.75],[159.75,71.82],[163.75,73.22],[166.5,73.64],[180.0,74.8]]}},{"type":"Feature","properties":{"level":1008},"geometry":{"type":"LineString","coordinates":[[36.5,51.15],[36.0,51.92],[35.25,52.11],[33.25,52.05],[32.0,52.5],[28.25,52.26],[23.75,53.31],[22.41,54.0],[20.43,55.5],[18.71,57.0],[18.0,58.04],[16.0,59.41],[14.75,59.9],[13.0,59.63],[12.5,59.09],[12.6,58.25],[11.94,57.5],[11.5,56.1],[11.0,55.7],[9.25,55.06],[1.5,55.7],[-1.0,56.12],[-3.53,56.75],[-5.75,57.7],[-12.25,57.86],[-18.75,58.45],[-23.75,59.26],[-29.75,60.7],[-40.5,59.32],[-42.25,59.32],[-44.0,59.71],[-44.36,60.0],[-43.7,61.5],[-43.51,63.0],[-42.75,63.51],[-41.72,65.25],[-41.25,65.57],[-39.25,66.17],[-38.75,66.71],[-37.25,66.99],[-35.75,66.87],[-35.0,67.12],[-34.0,67.71],[-33.98,68.0],[-33.47,68.0],[-32.64,69.0],[-29.25,68.99],[-29.0,69.3],[-27.25,69.26],[-25.5,69.82],[-23.69,70.0],[-22.97,70.25],[-22.5,70.75],[-21.75,70.82],[-19.5,71.92],[-10.34,74.75],[-8.95,76.0],[-9.16,77.0],[-8.94,77.5],[-6.65,79.25],[-6.92,79.75],[-8.37,80.25],[-11.75,80.59],[-14.86,81.25],[-13.4,81.5],[-13.35,81.75],[-13.75,81.86],[-21.75,82.46],[-24.5,82.97],[-25.5,82.87],[-26.51,83.25],[-26.77,83.75],[-39.88,85.5],[-42.35,86.25],[-42.81,86.5],[-42.87,87.0],[-40.86,87.75],[-36.71,88.25],[-19.25,88.91],[20.0,89.19],[59.75,88.9],[73.53,88.5],[83.05,87.75],[85.44,87.25],[87.57,86.5],[88.93,85.75],[90.12,84.5],[90.44,83.5],[90.02,82.5],[87.43,80.5],[79.78,77.0],[73.1,72.75],[69.75,71.0],[66.94,70.0],[64.0,69.44],[56.5,68.87],[51.25,68.88],[44.25,69.35],[39.0,69.97],[32.5,71.11],[22.91,74.25],[17.5,75.23],[11.0,75.32],[7.18,74.5],[5.81,73.75],[5.58,73.25],[5.7,73.0],[6.52,72.0],[7.98,71.0],[10.75,69.76],[14.33,69.0],[15.0,68.57],[14.94,68.25],[15.55,68.0],[14.91,67.0],[14.14,66.75],[14.13,66.5],[14.78,66.25],[14.25,65.86],[16.0,64.08],[17.5,63.39],[18.25,63.3],[22.25,64.69],[24.25,65.06],[27.75,65.54],[33.5,65.84],[40.0,65.85],[41.75,65.44],[44.25,64.34],[45.11,63.5],[45.47,61.75],[44.2,58.75],[40.38,53.25],[39.5,52.58],[36.5,51.15]]}},{"type":"Feature","properties":{"level":1008},"geometry":{"type":"LineString","coordinates":[[-77.0,53.2],[-79.25,54.18],[-80.48,55.75],[-80.44,57.0],[-79.25,58.02],[-77.75,58.46],[-74.25,58.85],[-67.5,58.13],[-66.69,57.75],[-66.18,56.75],[-67.68,55.75],[-67.72,55.5],[-70.25,54.31],[-73.75,53.21],[-77.0,53.2]]}},{"type":"Feature","properties":{"level":1008},"geometry":{"type":"LineString","coordinates":[[-54.25,55.21],[-55.41,55.5],[-54.87,56.0],[-52.75,56.51],[-51.39,56.5],[-50.52,56.0],[-50.75,55.69],[-52.13,55.25],[-54.25,55.21]]}},{"type":"Feature","properties":{"level":1008},"geometry":{"type":"LineString","coordinates":[[140.5,57.71],[140.89,57.75],[140.5,57.71]]}},{"type":"Feature","properties":{"level":1008},"geometry":{"type":"LineString","coordinates":[[-137.5,58.33],[-137.5,58.51],[-137.5,58.33]]}},{"type":"Feature","properties":{"level":1008},"geometry":{"type":"LineString","coordinates":[[87.5,58.73],[83.95,59.5],[82.99,60.5],[83.32,62.25],[83.64,62.75],[84.67,63.75],[86.25,64.46],[89.0,64.88],[93.0,64.16],[94.05,63.75],[95.14,62.75],[95.34,62.0],[96.28,61.0],[96.15,60.25],[95.83,60.0],[95.85,59.5],[95.0,58.7],[93.75,58.87],[91.25,58.59],[87.5,58.73]]}},{"type":"Feature","properties":{"level":1008},"geometry":{"type":"LineString","coordinates":[[147.0,70.99],[134.87,72.25],[132.6,72.75],[131.46,73.25],[132.25,73.48],[137.75,73.85],[146.0,73.91],[151.0,73.32],[152.75,72.86],[153.49,72.25],[153.2,71.75],[152.35,71.5],[149.25,71.02],[147.0,70.99]]}},{"type":"Feature","properties":{"level":1008},"geometry":{"type":"LineString","coordinates":[[-180.0,74.8],[-171.0,75.63],[-162.5,77.53],[-157.0,78.09],[-153.0,78.08],[-149.68,77.75],[-146.5,77.0],[-145.62,76.25],[-146.5,75.43],[-150.86,73.25],[-151.76,72.5],[-152.44,71.5],[-154.5,70.12],[-154.69,69.75],[-157.25,69.01],[-157.11,68.75],[-157.35,68.5],[-158.65,68.25],[-158.39,67.75],[-158.68,67.25],[-157.71,66.5],[-158.01,66.0],[-157.31,64.5],[-157.9,64.0],[-157.24,63.25],[-158.75,61.8],[-158.69,61.5],[-159.0,61.13],[-160.57,60.0],[-161.1,58.75],[-173.5,50.93],[-177.25,49.17],[-180.0,48.52]]}},{"type":"Feature","properties":{"level":1008},"geometry":{"type":"LineString","coordinates":[[-71.25,75.93],[-71.41,76.0],[-71.23,76.25],[-70.5,76.38],[-69.28,76.0],[-71.25,75.93]]}},{"type":"Feature","properties":{"level":1008},"geometry":{"type":"LineString","coordinates":[[-25.91,83.5],[-25.36,83.5],[-25.91,83.5]]}},{"type":"Feature","properties":{"level":1012},"geometry":{"type":"LineString","coordinates":[[180.0,-87.9],[161.96,-87.0],[153.5,-86.09],[146.22,-84.75],[144.39,-84.0],[140.75,-83.52],[140.5,-83.2],[139.47,-83.0],[139.54,-82.75],[138.75,-82.2],[136.74,-81.75],[137.61,-81.25],[137.12,-81.0],[136.96,-80.25],[140.25,-79.53],[144.25,-79.27],[151.25,-77.63],[153.0,-77.43],[153.23,-77.25],[151.75,-76.26],[151.49,-75.75],[151.74,-74.75],[152.55,-74.25],[152.65,-73.75],[151.47,-72.5],[148.38,-71.5],[144.0,-70.58],[140.75,-69.46],[138.25,-69.06],[135.0,-68.98],[133.25,-69.39],[126.75,-69.64],[115.25,-71.25],[117.5,-72.06],[117.98,-72.5],[117.5,-73.46],[116.75,-73.7],[114.4,-74.0],[111.25,-73.99],[108.75,-74.67],[105.75,-73.99],[102.75,-73.88],[101.5,-74.56],[98.21,-75.5],[96.52,-76.25],[96.19,-76.75],[96.97,-77.5],[94.32,-78.0],[92.73,-78.75],[92.75,-79.03],[93.63,-79.25],[93.58,-79.75],[90.0,-80.11],[86.25,-80.02],[80.28,-80.75],[78.38,-81.25],[78.29,-81.5],[81.79,-81.75],[80.5,-82.32],[76.61,-82.75],[77.5,-82.98],[82.75,-83.2],[83.07,-83.5],[82.54,-83.75],[84.0,-84.02],[91.79,-84.0],[80.49,-86.0],[80.55,-86.25],[81.81,-86.5],[57.5,-87.5],[54.6,-87.75],[51.83,-88.5],[55.29,-88.75],[79.8,-89.25],[61.0,-89.66],[13.0,-89.69],[-0.34,-89.5],[7.17,-89.25],[-6.5,-89.0],[-153.75,-88.48],[-180.0,-87.9]]}},{"type":"Feature","properties":{"level":1012},"geometry":{"type":"LineString","coordinates":[[94.25,-80.03],[94.09,-80.0],[94.39,-79.75],[96.0,-79.53],[97.63,-79.5],[97.82,-79.75],[97.0,-80.02],[94.25,-80.03]]}},{"type":"Feature","properties":{"level":1012},"geometry":{"type":"LineString","coordinates":[[99.5,-80.06],[100.25,-79.49],[103.27,-79.75],[101.25,-80.17],[99.5,-80.06]]}},{"type":"Feature","properties":{"level":1012},"geometry":{"type":"LineString","coordinates":[[-180.0,-57.2],[-173.0,-56.33],[-166.96,-54.75],[-161.0,-52.37],[-151.16,-47.75],[-140.5,-43.27],[-138.89,-42.25],[-132.0,-40.28],[-130.5,-40.2],[-128.5,-39.63],[-123.75,-40.6],[-119.25,-41.01],[-116.75,-40.86],[-114.0,-40.12],[-112.32,-39.25],[-108.0,-34.68],[-105.27,-33.0],[-104.0,-31.88],[-102.0,-31.49],[-101.25,-30.95],[-100.1,-30.75],[-99.75,-30.36],[-98.84,-30.25],[-98.5,-29.65],[-98.14,-29.5],[-98.25,-28.86],[-97.75,-30.01],[-97.5,-30.11],[-97.25,-29.78],[-97.0,-29.82],[-97.06,-29.25],[-96.5,-29.07],[-95.25,-29.95],[-94.25,-30.36],[-94.0,-30.26],[-93.11,-30.75],[-91.0,-32.27],[-89.43,-33.0],[-87.57,-36.0],[-87.0,-36.04],[-86.47,-37.25],[-86.38,-39.0],[-85.58,-40.5],[-85.25,-43.34],[-84.77,-44.25],[-84.61,-45.75],[-84.12,-46.0],[-84.4,-47.0],[-84.0,-47.73],[-83.62,-50.25],[-82.6,-53.0],[-81.94,-53.75],[-80.0,-55.36],[-77.0,-56.88],[-72.75,-58.27],[-68.0,-59.14],[-63.75,-59.56],[-60.5,-59.55],[-55.25,-59.0],[-49.25,-57.31],[-43.25,-54.12],[-40.02,-51.5],[-35.02,-48.0],[-26.88,-44.0],[-25.02,-42.5],[-20.5,-41.55],[-19.56,-40.5],[-18.75,-40.03],[-16.25,-39.57],[-15.25,-39.69],[-12.75,-41.43],[-9.75,-42.17],[-4.5,-44.55],[0.0,-45.21],[6.0,-45.05],[18.25,-45.71],[34.0,-45.35],[36.0,-45.16],[37.0,-44.78],[37.75,-44.26],[38.0,-43.58],[40.75,-43.34],[47.5,-45.73],[51.25,-46.6],[54.5,-47.07],[67.53,-51.0],[71.25,-52.48],[72.75,-53.55],[76.0,-54.69],[80.5,-55.1],[85.75,-54.93],[89.75,-54.23],[92.5,-53.08],[94.25,-51.79],[98.25,-48.07],[103.5,-44.26],[109.59,-38.5],[111.25,-37.74],[118.0,-35.7],[120.25,-35.43],[126.25,-35.82],[130.5,-36.37],[134.75,-36.07],[137.5,-36.58],[141.0,-36.32],[140.85,-35.5],[141.08,-35.0],[140.77,-34.5],[141.1,-32.5],[139.94,-31.5],[139.59,-29.75],[138.63,-28.25],[139.25,-27.93],[139.85,-28.0],[139.4,-26.75],[140.0,-25.95],[140.25,-26.12],[140.47,-27.25],[141.78,-28.0],[141.61,-28.5],[141.75,-29.19],[142.5,-29.46],[142.75,-29.31],[143.0,-30.11],[144.19,-30.25],[145.16,-31.5],[144.75,-31.99],[145.0,-32.17],[145.75,-32.07],[146.34,-31.5],[145.79,-31.25],[146.4,-31.0],[146.37,-30.5],[146.06,-30.25],[146.32,-30.0],[146.38,-29.0],[147.61,-29.25],[147.65,-29.75],[148.47,-30.5],[148.38,-31.0],[148.25,-31.23],[147.25,-30.48],[147.14,-30.75],[148.58,-32.5],[148.44,-33.0],[148.66,-33.75],[149.0,-33.71],[149.7,-34.75],[149.25,-35.49],[148.6,-35.5],[148.5,-36.08],[149.25,-35.82],[149.5,-36.29],[150.0,-35.38],[150.57,-35.25],[150.89,-36.0],[150.67,-37.0],[151.13,-39.75],[152.77,-44.25],[155.91,-48.0],[158.5,-50.37],[161.75,-52.69],[168.24,-55.5],[171.96,-56.5],[174.75,-56.98],[180.0,-57.2]]}},{"type":"Feature","properties":{"level":1012},"geometry":{"type":"LineString","coordinates":[[-10.0,-41.04],[-10.55,-40.75],[-10.71,-39.75],[-10.25,-39.41],[-9.0,-39.63],[-8.59,-40.25],[-8.74,-40.5],[-10.0,-41.04]]}},{"type":"Feature","properties":{"level":1012},"geometry":{"type":"LineString","coordinates":[[166.0,-36.06],[165.0,-35.65],[164.3,-35.0],[164.0,-34.0],[164.09,-33.25],[165.0,-32.15],[166.0,-31.81],[167.26,-31.75],[168.0,-32.14],[168.5,-32.78],[168.84,-33.75],[168.78,-34.75],[168.5,-35.27],[167.75,-35.85],[167.0,-36.1],[166.0,-36.06]]}},{"type":"Feature","properties":{"level":1012},"geometry":{"type":"LineString","coordinates":[[146.24,-32.75],[146.75,-32.84],[146.81,-32.5],[146.24,-32.75]]}},{"type":"Feature","properties":{"level":1012},"geometry":{"type":"LineString","coordinates":[[144.75,-30.41],[144.6,-30.0],[144.75,-29.7],[145.08,-30.25],[144.75,-30.41]]}},{"type":"Feature","properties":{"level":1012},"geometry":{"type":"LineString","coordinates":[[-98.4,-30.0],[-98.2,-30.0],[-98.4,-30.0]]}},{"type":"Feature","properties":{"level":1012},"geometry":{"type":"LineString","coordinates":[[145.0,-28.88],[144.85,-28.75],[145.25,-28.36],[145.34,-28.75],[145.0,-28.88]]}},{"type":"Feature","properties":{"level":1012},"geometry":{"type":"LineString","coordinates":[[144.75,-28.33],[144.25,-28.0],[144.5,-27.8],[145.13,-28.25],[144.75,-28.33]]}},{"type":"Feature","properties":{"level":1012},"geometry":{"type":"LineString","coordinates":[[138.0,-27.5],[137.56,-27.0],[137.75,-26.32],[138.38,-27.0],[138.38,-27.25],[138.0,-27.5]]}},{"type":"Feature","properties":{"level":1012},"geometry":{"type":"LineString","coordinates":[[144.25,-27.11],[144.0,-26.64],[144.6,-27.0],[144.25,-27.11]]}},{"type":"Feature","properties":{"level":1012},"geometry":{"type":"LineString","coordinates":[[136.0,-26.04],[136.12,-25.75],[136.5,-25.67],[136.89,-26.0],[136.0,-26.04]]}},{"type":"Feature","properties":{"level":1012},"geometry":{"type":"LineString","coordinates":[[130.5,-25.52],[129.0,-25.04],[126.0,-25.42],[124.75,-25.27],[123.75,-24.72],[122.5,-24.5],[121.5,-24.76],[121.0,-24.46],[118.5,-24.45],[115.5,-23.07],[115.13,-22.75],[115.07,-22.25],[115.75,-21.45],[117.0,-21.92],[117.13,-21.75],[116.74,-21.0],[116.82,-20.5],[118.25,-19.68],[119.5,-19.92],[119.54,-20.25],[120.25,-20.75],[121.7,-20.75],[123.5,-19.24],[123.58,-18.5],[124.19,-17.75],[124.04,-17.5],[124.25,-17.29],[124.7,-17.5],[124.57,-17.75],[124.75,-17.78],[125.0,-17.37],[125.9,-17.5],[126.0,-17.02],[126.4,-17.25],[126.5,-17.85],[127.0,-17.72],[127.5,-17.91],[128.0,-17.35],[128.5,-17.38],[128.5,-17.11],[127.95,-16.75],[128.78,-15.5],[128.75,-15.09],[128.5,-15.03],[128.2,-15.5],[127.49,-15.5],[128.1,-15.0],[127.97,-14.0],[129.0,-14.81],[129.25,-13.77],[130.25,-13.34],[130.83,-14.0],[130.04,-14.25],[130.75,-14.64],[131.0,-14.69],[131.21,-14.25],[131.75,-14.19],[133.75,-14.45],[134.25,-14.77],[134.49,-15.0],[134.25,-15.44],[133.93,-15.5],[133.73,-16.25],[134.75,-17.5],[135.25,-17.6],[136.25,-19.05],[137.09,-19.0],[138.25,-20.58],[138.9,-21.0],[139.25,-21.84],[139.75,-21.61],[140.5,-21.81],[141.0,-21.63],[141.25,-22.17],[142.25,-22.3],[142.5,-23.01],[143.09,-23.5],[143.01,-23.75],[143.45,-24.5],[143.46,-25.0],[143.0,-25.08],[143.0,-25.65],[142.75,-25.69],[142.14,-25.5],[142.08,-24.5],[141.5,-23.99],[140.0,-24.86],[139.5,-24.36],[138.75,-24.97],[138.25,-24.56],[137.75,-24.9],[137.88,-24.5],[137.5,-24.49],[137.07,-24.0],[137.68,-23.5],[138.05,-22.75],[137.25,-22.16],[136.93,-22.5],[137.07,-22.75],[136.75,-22.85],[136.25,-22.44],[135.75,-22.57],[135.5,-22.38],[135.28,-22.5],[135.49,-22.75],[134.5,-22.58],[134.0,-23.04],[132.75,-22.2],[131.75,-22.13],[131.58,-22.5],[132.08,-23.0],[130.75,-23.23],[130.96,-23.5],[130.69,-23.75],[131.0,-24.24],[131.79,-24.5],[132.47,-25.5],[131.5,-25.73],[130.5,-25.52]]}},{"type":"Feature","properties":{"level":1012},"geometry":{"type":"LineString","coordinates":[[138.21,-24.25],[138.25,-24.04],[138.21,-24.25]]}},{"type":"Feature","properties":{"level":1012},"geometry":{"type":"LineString","coordinates":[[138.36,-24.0],[138.51,-24.0],[138.36,-24.0]]}},{"type":"Feature","properties":{"level":1012},"geometry":{"type":"LineString","coordinates":[[139.21,-24.0],[139.5,-24.17],[139.67,-24.0],[139.5,-23.8],[139.21,-24.0]]}},{"type":"Feature","properties":{"level":1012},"geometry":{"type":"LineString","coordinates":[[140.43,-23.75],[140.62,-23.75],[140.43,-23.75]]}},{"type":"Feature","properties":{"level":1012},"geometry":{"type":"LineString","coordinates":[[140.62,-23.25],[140.86,-23.25],[140.62,-23.25]]}},{"type":"Feature","properties":{"level":1012},"geometry":{"type":"LineString","coordinates":[[135.75,-23.02],[136.0,-22.84],[136.2,-23.0],[136.0,-23.19],[135.75,-23.02]]}},{"type":"Feature","properties":{"level":1012},"geometry":{"type":"LineString","coordinates":[[134.37,-22.0],[135.25,-22.21],[135.4,-22.0],[135.11,-21.5],[135.75,-21.44],[134.75,-20.65],[134.5,-21.45],[134.0,-21.31],[133.74,-21.5],[134.37,-22.0]]}},{"type":"Feature","properties":{"level":1012},"geometry":{"type":"LineString","coordinates":[[132.9,-21.25],[133.0,-21.37],[133.24,-21.0],[133.0,-20.88],[132.9,-21.25]]}},{"type":"Feature","properties":{"level":1012},"geometry":{"type":"LineString","coordinates":[[141.25,-21.32],[140.93,-20.75],[141.38,-19.5],[141.25,-19.3],[141.0,-19.53],[140.87,-19.25],[141.75,-18.92],[141.55,-19.5],[141.97,-20.25],[141.74,-20.5],[142.02,-21.0],[141.25,-21.32]]}},{"type":"Feature","properties":{"level":1012},"geometry":{"type":"LineString","coordinates":[[129.32,-18.0],[130.0,-18.23],[130.08,-17.5],[130.71,-16.5],[130.55,-16.25],[130.0,-16.26],[129.75,-16.74],[129.25,-16.82],[129.32,-18.0]]}},{"type":"Feature","properties":{"level":1012},"geometry":{"type":"LineString","coordinates":[[26.42,-17.75],[27.0,-17.56],[28.32,-16.0],[29.71,-15.25],[28.75,-14.97],[28.0,-15.11],[27.51,-15.75],[27.86,-16.0],[26.5,-16.29],[26.05,-16.75],[25.86,-17.5],[26.42,-17.75]]}},{"type":"Feature","properties":{"level":1012},"geometry":{"type":"LineString","coordinates":[[46.25,-17.53],[46.17,-17.25],[45.5,-16.75],[45.25,-17.0],[45.21,-16.75],[46.5,-16.07],[48.0,-14.68],[48.25,-14.64],[48.75,-15.09],[49.03,-14.75],[49.0,-16.0],[48.25,-16.12],[46.6,-17.5],[46.25,-17.53]]}},{"type":"Feature","properties":{"level":1012},"geometry":{"type":"LineString","coordinates":[[33.25,-16.78],[33.0,-16.44],[33.28,-16.5],[33.25,-16.78]]}},{"type":"Feature","properties":{"level":1012},"geometry":{"type":"LineString","coordinates":[[34.5,-16.79],[34.75,-16.73],[34.58,-16.0],[34.75,-15.78],[35.55,-16.75],[34.5,-16.79]]}},{"type":"Feature","properties":{"level":1012},"geometry":{"type":"LineString","coordinates":[[23.88,-15.75],[24.31,-15.75],[24.09,-15.5],[24.6,-15.25],[24.25,-14.38],[23.75,-14.42],[23.38,-15.0],[23.5,-15.42],[23.77,-15.25],[23.88,-15.75]]}},{"type":"Feature","properties":{"level":1012},"geometry":{"type":"LineString","coordinates":[[22.17,-15.5],[22.75,-15.67],[23.19,-15.25],[22.86,-15.0],[23.18,-14.5],[22.86,-13.75],[22.5,-13.91],[22.56,-14.25],[22.2,-14.5],[22.51,-15.0],[22.25,-15.07],[22.17,-15.5]]}},{"type":"Feature","properties":{"level":1012},"geometry":{"type":"LineString","coordinates":[[34.75,-15.7],[34.71,-15.5],[34.91,-15.5],[34.75,-15.7]]}},{"type":"Feature","properties":{"level":1012},"geometry":{"type":"LineString","coordinates":[[35.45,-14.5],[35.69,-13.5],[36.68,-12.5],[35.75,-12.39],[35.5,-13.1],[34.75,-12.41],[34.39,-12.5],[34.44,-13.5],[35.0,-13.76],[35.45,-14.5]]}},{"type":"Feature","properties":{"level":1012},"geometry":{"type":"LineString","coordinates":[[36.63,-14.5],[37.16,-14.5],[37.21,-14.0],[37.75,-14.18],[37.98,-14.0],[37.68,-13.75],[37.95,-13.0],[37.75,-12.9],[36.84,-13.5],[36.71,-13.75],[36.92,-14.0],[36.63,-14.5]]}},{"type":"Feature","properties":{"level":1012},"geometry":{"type":"LineString","coordinates":[[129.69,-14.25],[129.95,-14.25],[129.75,-14.07],[129.69,-14.25]]}},{"type":"Feature","properties":{"level":1012},"geometry":{"type":"LineString","coordinates":[[180.0,-11.75],[177.0,-11.13],[176.0,-11.5],[175.0,-11.34],[173.25,-11.62],[171.25,-11.33],[170.25,-10.74],[168.75,-11.29],[167.0,-11.24],[166.5,-11.55],[165.25,-11.49],[164.75,-11.25],[164.5,-11.56],[163.25,-10.92],[162.75,-11.06],[162.35,-10.5],[161.5,-10.11],[161.5,-11.0],[161.25,-11.2],[160.75,-11.09],[159.44,-10.25],[158.48,-9.25],[158.75,-8.67],[159.75,-8.45],[159.69,-8.0],[158.75,-7.56],[158.22,-7.75],[157.75,-6.75],[157.5,-6.91],[157.16,-6.75],[156.83,-5.75],[155.75,-6.01],[154.0,-4.55],[153.25,-4.51],[153.03,-4.0],[152.5,-3.67],[152.5,-4.53],[151.75,-4.15],[151.55,-4.25],[151.65,-4.75],[150.75,-5.5],[150.0,-5.37],[149.5,-5.58],[149.0,-5.37],[148.25,-5.6],[148.0,-5.36],[147.5,-5.81],[146.99,-5.75],[146.26,-5.25],[146.0,-4.47],[145.75,-4.68],[145.0,-4.46],[144.75,-4.85],[141.72,-4.5],[141.5,-4.17],[141.0,-4.51],[140.77,-4.0],[141.5,-3.39],[142.25,-3.68],[143.75,-3.75],[143.25,-3.35],[141.5,-2.98],[141.25,-2.69],[140.75,-2.95],[140.5,-2.49],[139.5,-2.67],[138.75,-2.27],[137.0,-2.43],[136.75,-2.88],[135.5,-3.58],[134.5,-3.3],[134.25,-2.95],[133.61,-3.5],[134.0,-3.95],[135.0,-4.4],[139.5,-4.72],[142.12,-5.75],[142.56,-6.25],[142.63,-6.75],[141.75,-7.83],[140.25,-8.98],[139.5,-9.22],[137.7,-8.5],[136.16,-7.25],[136.0,-6.68],[134.5,-5.35],[133.75,-6.12],[133.25,-6.24],[132.4,-4.75],[130.66,-3.25],[128.75,-2.84],[127.88,-3.25],[128.05,-3.5],[127.75,-3.86],[126.75,-3.13],[125.87,-3.25],[127.15,-4.75],[126.79,-5.25],[126.92,-6.0],[126.5,-6.59],[124.5,-7.17],[124.0,-7.71],[122.25,-8.53],[122.0,-8.32],[121.5,-8.5],[121.0,-8.29],[120.0,-8.34],[119.68,-8.75],[119.75,-9.06],[119.0,-8.29],[118.25,-8.34],[118.0,-8.06],[117.6,-8.25],[118.0,-8.6],[117.25,-8.36],[116.9,-8.5],[116.81,-9.0],[117.49,-9.25],[117.56,-9.5],[117.25,-9.89],[116.25,-9.67],[115.79,-9.0],[116.71,-8.5],[116.5,-8.09],[116.0,-8.73],[115.5,-8.11],[114.5,-8.12],[114.25,-7.81],[113.25,-7.83],[112.5,-7.52],[111.5,-7.64],[111.25,-7.36],[110.75,-7.52],[110.66,-7.25],[110.0,-6.97],[109.0,-7.12],[107.75,-6.64],[107.25,-6.8],[107.0,-6.56],[105.25,-6.91],[104.48,-6.75],[104.0,-6.33],[103.25,-6.44],[102.62,-5.5],[100.5,-4.74],[98.0,-4.96],[97.0,-4.38],[94.75,-5.05],[93.0,-4.56],[91.25,-4.63],[90.83,-4.25],[90.75,-3.83],[90.25,-4.33],[89.25,-3.94],[88.5,-4.12],[88.25,-3.72],[88.05,-4.0],[87.5,-4.04],[86.5,-3.7],[84.5,-3.68],[84.5,-3.86],[84.75,-3.75],[84.99,-4.0],[84.87,-4.25],[83.5,-4.43],[83.41,-4.75],[81.79,-5.75],[81.0,-5.95],[80.75,-6.43],[78.25,-6.28],[78.52,-6.0],[78.0,-5.89],[77.5,-6.3],[76.5,-6.44],[76.0,-5.96],[75.0,-5.66],[74.0,-6.06],[73.5,-5.98],[73.0,-6.37],[72.5,-5.84],[72.0,-5.89],[71.25,-5.44],[70.75,-5.68],[69.5,-4.84],[68.75,-5.52],[68.41,-5.5],[68.25,-5.13],[67.75,-5.62],[68.0,-4.84],[69.25,-4.69],[69.36,-4.5],[69.12,-3.75],[69.35,-3.5],[69.39,-2.75],[68.65,-2.5],[69.19,-2.25],[68.58,-1.5],[68.75,-1.29],[69.0,-1.6],[69.19,-1.5],[68.75,-1.14],[68.18,-1.5],[67.92,-2.25],[68.41,-2.5],[68.25,-2.75],[68.5,-2.94],[69.0,-2.82],[69.18,-3.0],[68.55,-3.5],[68.54,-3.75],[67.8,-3.5],[68.22,-3.25],[67.75,-2.67],[67.59,-4.0],[67.0,-4.09],[66.5,-4.88],[66.0,-4.97],[66.1,-5.25],[65.75,-5.16],[65.25,-5.57],[64.5,-5.53],[63.75,-6.16],[63.36,-5.75],[63.41,-5.5],[61.75,-4.74],[59.5,-5.15],[59.25,-5.45],[58.5,-5.27],[57.75,-6.12],[56.66,-5.5],[56.75,-5.18],[55.75,-5.97],[55.25,-5.51],[55.0,-5.71],[54.5,-4.57],[53.5,-5.15],[53.0,-5.07],[52.75,-5.36],[52.25,-5.37],[52.0,-5.08],[51.5,-5.32],[50.75,-4.95],[50.04,-4.0],[49.88,-3.75],[50.23,-3.5],[50.0,-3.18],[49.5,-3.8],[48.0,-4.23],[47.25,-3.87],[47.0,-4.25],[46.5,-3.75],[46.24,-3.75],[46.25,-4.13],[45.5,-3.84],[45.25,-4.01],[44.95,-3.75],[45.0,-3.49],[44.75,-3.61],[44.5,-3.24],[43.75,-3.77],[42.45,-2.5],[42.32,-2.0],[41.75,-1.66],[40.0,-2.73],[39.85,-3.25],[39.5,-3.52],[38.0,-3.11],[38.17,-2.75],[38.0,-2.46],[36.5,-3.05],[36.32,-3.25],[36.5,-3.46],[37.75,-3.5],[37.53,-3.75],[37.77,-4.5],[37.36,-4.25],[37.36,-3.75],[37.0,-3.95],[36.5,-3.7],[36.32,-4.0],[36.77,-5.0],[36.15,-5.25],[36.63,-6.0],[36.68,-6.5],[36.44,-6.75],[36.58,-7.5],[36.0,-7.43],[34.5,-9.03],[33.64,-9.0],[34.75,-9.94],[35.29,-9.75],[35.5,-9.0],[36.25,-8.21],[37.38,-7.75],[37.25,-8.19],[37.5,-8.03],[37.76,-8.25],[37.18,-8.75],[37.45,-10.75],[36.95,-11.25],[37.5,-11.32],[37.61,-10.5],[38.0,-9.92],[39.0,-9.63],[39.25,-10.73],[39.5,-10.53],[39.75,-10.64],[39.83,-11.0],[39.32,-11.5],[39.55,-12.0],[39.35,-12.75],[38.24,-13.5],[38.5,-13.75],[39.0,-13.59],[39.34,-13.75],[37.75,-14.33],[37.0,-14.89],[35.5,-15.07],[35.0,-15.44],[35.03,-14.5],[34.75,-14.58],[34.25,-13.72],[33.97,-12.5],[34.31,-11.0],[34.14,-10.5],[33.75,-10.32],[33.65,-10.75],[33.98,-11.0],[33.1,-12.75],[33.43,-13.0],[33.17,-14.0],[33.4,-14.75],[33.75,-15.25],[34.0,-15.17],[34.24,-15.75],[33.75,-16.37],[32.36,-15.75],[32.08,-15.25],[32.27,-15.0],[32.0,-14.78],[31.75,-15.47],[30.71,-15.75],[32.33,-16.0],[31.5,-16.32],[29.15,-16.25],[28.61,-17.0],[29.75,-17.28],[30.0,-17.83],[29.5,-18.26],[29.0,-17.91],[28.5,-17.95],[28.25,-18.35],[27.75,-18.08],[27.47,-18.25],[28.11,-19.0],[26.25,-20.63],[25.5,-19.95],[23.0,-21.2],[22.0,-21.06],[18.25,-21.3],[17.5,-21.7],[17.0,-22.45],[16.55,-22.5],[16.75,-23.22],[18.0,-22.53],[18.75,-22.83],[18.91,-23.75],[20.04,-24.75],[20.75,-26.0],[20.78,-26.5],[21.5,-26.99],[21.58,-26.75],[22.0,-26.79],[22.03,-27.5],[22.44,-28.5],[22.85,-28.75],[22.75,-29.09],[23.5,-29.01],[24.5,-28.22],[24.65,-28.75],[25.19,-29.0],[24.75,-30.06],[23.25,-30.6],[22.7,-30.25],[22.5,-29.65],[22.0,-29.46],[21.56,-28.75],[21.1,-28.5],[20.75,-27.75],[19.5,-27.47],[19.0,-26.9],[17.25,-27.27],[16.72,-27.0],[16.75,-26.26],[16.25,-26.32],[15.45,-27.0],[15.5,-26.0],[15.17,-25.25],[15.15,-24.25],[14.67,-23.25],[14.73,-22.25],[13.35,-20.5],[13.31,-20.0],[12.01,-17.75],[11.89,-16.75],[12.5,-15.16],[12.75,-13.68],[13.5,-13.0],[14.07,-12.0],[14.02,-11.0],[13.22,-9.25],[13.47,-8.25],[13.25,-7.35],[14.0,-7.59],[15.0,-7.35],[15.39,-8.75],[16.08,-9.75],[16.0,-10.25],[15.45,-10.25],[15.5,-11.16],[16.0,-11.53],[16.5,-11.51],[17.0,-11.96],[17.5,-11.6],[18.1,-12.75],[18.75,-12.7],[19.0,-12.41],[19.37,-12.75],[19.25,-13.11],[19.6,-12.75],[19.23,-12.25],[19.5,-12.06],[19.75,-12.09],[20.0,-12.74],[20.5,-12.89],[20.68,-12.5],[20.5,-11.83],[21.25,-11.86],[21.5,-11.59],[22.5,-11.82],[22.82,-10.5],[23.5,-10.25],[23.5,-9.89],[22.67,-10.0],[23.48,-9.5],[23.36,-9.25],[23.65,-8.75],[21.5,-8.0],[21.67,-7.5],[21.25,-7.33],[21.12,-7.0],[21.25,-6.75],[22.85,-6.5],[22.25,-6.49],[21.25,-5.59],[21.0,-6.08],[20.86,-5.75],[21.37,-5.25],[21.5,-4.72],[21.0,-4.67],[20.25,-5.04],[20.41,-4.75],[19.5,-4.19],[19.0,-4.21],[19.17,-3.5],[18.55,-2.75],[18.86,-2.25],[18.5,-1.93],[18.25,-2.13],[17.85,-1.75],[18.09,-1.5],[18.0,-1.08],[17.5,-1.37],[16.5,-0.77],[16.0,-1.1],[15.5,-1.09],[14.39,-0.25],[15.25,0.08],[15.75,-0.27],[16.27,0.0],[16.25,0.3],[15.5,0.76],[14.5,0.82],[13.25,0.48],[13.0,0.9],[12.55,1.0],[12.9,1.5],[12.35,2.25],[12.5,2.38],[14.75,2.54],[15.0,2.94],[15.51,3.0],[15.68,3.25],[15.5,3.54],[14.75,3.39],[13.92,4.0],[11.75,3.94],[11.25,4.21],[11.0,4.02],[10.82,4.25],[11.29,4.5],[11.34,5.0],[10.99,5.25],[11.24,6.25],[11.75,6.24],[12.5,6.69],[12.57,7.25],[11.75,7.62],[11.67,7.25],[11.25,7.2],[10.75,7.89],[10.53,7.5],[10.9,6.75],[9.89,7.0],[9.75,7.31],[9.0,6.59],[9.24,7.25],[9.0,7.64],[8.25,7.71],[8.0,7.53],[7.25,7.88],[6.74,7.75],[6.25,8.53],[5.78,8.75],[6.25,8.99],[6.5,8.69],[8.5,7.85],[8.96,8.25],[8.92,8.75],[9.65,9.25],[9.7,9.5],[9.0,10.73],[7.75,11.48],[7.69,12.0],[6.25,12.25],[5.25,11.87],[4.5,12.11],[4.31,11.75],[4.84,11.25],[4.25,11.06],[3.0,11.7],[2.85,12.25],[2.19,12.75],[3.0,13.6],[4.25,13.71],[4.04,14.0],[3.5,13.78],[2.0,13.85],[1.75,13.22],[1.05,13.5],[1.0,13.78],[-0.25,13.88],[-0.55,14.5],[-2.13,14.75],[-2.0,15.04],[-1.25,14.75],[-0.46,15.75],[-0.29,16.75],[0.13,17.0],[-0.06,17.75],[0.5,17.67],[0.75,18.51],[2.25,18.06],[5.25,19.04],[7.75,18.98],[8.22,18.25],[8.2,17.25],[9.75,16.73],[11.0,17.58],[13.0,18.36],[13.3,18.25],[13.36,17.5],[14.0,17.51],[14.78,17.75],[15.75,18.69],[17.75,18.57],[18.75,18.92],[20.0,18.81],[21.0,19.32],[22.25,19.59],[22.5,19.22],[23.0,19.2],[22.93,18.75],[23.39,18.25],[22.75,17.68],[21.96,17.5],[22.73,16.75],[22.75,16.47],[23.0,16.54],[23.75,17.03],[25.0,18.87],[26.25,19.62],[27.0,19.5],[27.55,20.0],[29.73,23.25],[32.25,25.2],[32.36,25.75],[31.94,26.25],[32.37,26.5],[32.75,27.46],[33.5,26.77],[33.7,27.0],[33.34,27.75],[34.25,28.05],[34.5,28.63],[35.0,28.68],[36.07,27.75],[36.5,27.64],[37.25,26.79],[37.75,26.71],[37.27,28.25],[37.57,28.75],[37.39,29.25],[37.56,29.5],[38.25,30.17],[38.75,30.31],[39.75,29.96],[40.25,30.07],[40.22,29.25],[39.75,29.08],[39.5,29.3],[39.4,29.0],[39.87,28.75],[39.62,27.75],[39.8,27.25],[39.33,27.0],[39.65,26.75],[39.44,26.5],[40.0,25.12],[40.5,25.37],[41.25,25.14],[42.0,25.85],[42.75,25.87],[43.0,25.67],[44.25,26.59],[45.25,25.69],[45.5,25.62],[45.75,26.06],[46.07,26.0],[46.16,26.25],[45.91,26.5],[46.14,26.75],[45.94,27.0],[46.38,27.5],[46.61,28.75],[46.44,29.5],[45.47,30.5],[45.2,31.5],[46.0,33.16],[47.25,32.71],[48.5,32.79],[49.4,32.25],[50.03,31.0],[50.5,30.82],[50.75,30.35],[51.32,30.25],[51.13,30.0],[51.63,29.5],[51.5,29.07],[51.75,29.35],[51.97,29.25],[52.5,28.49],[53.25,28.63],[53.75,28.34],[53.95,28.5],[53.59,28.75],[54.25,28.79],[55.0,28.38],[56.25,28.62],[57.0,28.18],[57.32,28.75],[57.75,28.88],[58.25,28.37],[58.66,28.5],[57.5,30.71],[56.25,32.03],[55.47,32.25],[55.75,31.28],[56.05,31.0],[56.12,30.5],[55.75,30.37],[54.89,31.0],[54.42,31.75],[54.9,32.0],[54.75,32.59],[54.31,32.5],[54.43,32.0],[54.0,31.97],[53.24,32.5],[53.0,33.27],[52.25,33.41],[51.0,34.46],[50.5,34.54],[50.27,35.0],[51.25,35.52],[52.5,35.25],[53.5,35.45],[53.72,35.25],[53.32,35.0],[53.5,34.95],[56.25,35.49],[57.06,35.0],[57.25,34.38],[58.0,34.83],[57.9,33.5],[58.74,32.75],[58.61,32.5],[59.05,31.75],[59.98,31.5],[60.0,31.03],[60.43,31.5],[60.75,31.42],[61.0,32.66],[62.5,33.22],[63.44,33.25],[63.75,32.75],[64.25,32.64],[64.75,33.03],[65.25,32.92],[65.5,33.39],[65.75,33.35],[66.17,33.25],[65.98,33.0],[66.3,32.75],[66.25,32.4],[67.0,32.65],[67.25,33.0],[67.75,32.93],[68.5,33.82],[68.85,33.25],[68.58,33.0],[68.75,32.67],[69.89,33.75],[70.85,33.75],[70.84,34.0],[69.75,34.39],[69.52,34.75],[70.25,34.89],[70.75,34.68],[71.25,35.02],[72.0,35.0],[73.0,34.81],[73.75,33.8],[77.03,31.75],[77.32,30.75],[78.86,30.25],[78.9,29.75],[79.26,29.75],[79.62,29.25],[80.22,29.25],[80.25,29.45],[80.59,29.0],[81.25,28.97],[82.5,28.07],[84.75,28.01],[85.0,27.45],[86.75,26.92],[89.75,26.76],[93.5,27.12],[94.14,27.5],[94.25,27.95],[94.75,28.32],[95.75,28.2],[96.25,27.89],[96.4,27.0],[97.03,26.75],[97.25,26.33],[97.37,27.5],[97.75,27.44],[97.97,26.5],[97.97,25.75],[97.41,23.75],[96.5,22.75],[97.0,22.63],[97.5,23.41],[98.17,23.5],[97.74,24.0],[98.0,24.27],[99.23,23.5],[99.23,23.0],[99.83,22.5],[100.25,21.65],[100.5,21.56],[100.61,21.75],[100.14,23.0],[100.5,23.61],[100.84,22.75],[101.25,22.46],[101.75,22.89],[102.5,22.54],[102.84,22.25],[102.7,21.75],[103.08,20.0],[102.39,19.25],[103.0,18.59],[103.75,18.9],[105.0,17.67],[105.75,17.54],[106.5,16.89],[106.64,17.0],[106.24,17.75],[106.25,18.27],[107.75,19.28],[108.75,19.3],[108.88,18.75],[109.5,18.35],[110.5,18.51],[112.75,18.33],[113.75,18.66],[116.5,18.44],[119.25,19.17],[121.25,19.29],[122.25,19.87],[122.49,21.0],[123.5,21.8],[129.5,22.36],[131.5,22.97],[133.25,22.46],[137.0,21.89],[141.25,22.48],[142.25,22.95],[145.25,23.54],[148.0,23.6],[149.25,23.37],[152.75,24.0],[154.0,23.74],[155.5,23.89],[158.25,23.67],[161.75,23.98],[166.0,23.27],[168.5,23.36],[173.0,22.46],[173.5,22.63],[175.25,22.3],[176.5,22.56],[178.25,22.39],[178.91,23.0],[180.0,23.32]]}},{"type":"Feature","properties":{"level":1012},"geometry":{"type":"LineString","coordinates":[[35.78,-10.0],[36.0,-10.16],[36.93,-9.75],[36.71,-9.25],[36.95,-8.75],[36.75,-8.59],[36.58,-8.75],[35.78,-10.0]]}},{"type":"Feature","properties":{"level":1012},"geometry":{"type":"LineString","coordinates":[[160.7,-10.0],[161.36,-9.25],[160.75,-8.34],[160.75,-9.4],[159.75,-9.22],[159.52,-9.5],[160.0,-9.98],[160.7,-10.0]]}},{"type":"Feature","properties":{"level":1012},"geometry":{"type":"LineString","coordinates":[[123.0,-9.85],[123.0,-9.25],[123.81,-9.0],[123.93,-9.25],[123.5,-9.83],[123.0,-9.85]]}},{"type":"Feature","properties":{"level":1012},"geometry":{"type":"LineString","coordinates":[[-46.0,-9.55],[-46.0,-8.97],[-45.63,-9.5],[-46.0,-9.55]]}},{"type":"Feature","properties":{"level":1012},"geometry":{"type":"LineString","coordinates":[[118.75,-9.43],[118.65,-9.25],[118.92,-9.25],[118.75,-9.43]]}},{"type":"Feature","properties":{"level":1012},"geometry":{"type":"LineString","coordinates":[[137.86,-8.25],[138.19,-8.25],[137.86,-8.25]]}},{"type":"Feature","properties":{"level":1012},"geometry":{"type":"LineString","coordinates":[[106.0,-7.29],[105.83,-7.0],[106.29,-7.0],[106.25,-7.36],[106.0,-7.29]]}},{"type":"Feature","properties":{"level":1012},"geometry":{"type":"LineString","coordinates":[[-47.84,-6.75],[-47.75,-6.9],[-47.64,-6.75],[-47.75,-6.29],[-47.84,-6.75]]}},{"type":"Feature","properties":{"level":1012},"geometry":{"type":"LineString","coordinates":[[74.0,-6.52],[73.84,-6.5],[74.0,-6.52]]}},{"type":"Feature","properties":{"level":1012},"geometry":{"type":"LineString","coordinates":[[61.75,-6.44],[61.75,-6.14],[61.75,-6.44]]}},{"type":"Feature","properties":{"level":1012},"geometry":{"type":"LineString","coordinates":[[79.19,-6.0],[79.25,-6.2],[79.19,-6.0]]}},{"type":"Feature","properties":{"level":1012},"geometry":{"type":"LineString","coordinates":[[80.05,-6.0],[80.25,-6.21],[80.25,-5.9],[80.05,-6.0]]}},{"type":"Feature","properties":{"level":1012},"geometry":{"type":"LineString","coordinates":[[104.37,-5.75],[105.0,-5.82],[105.11,-5.5],[104.0,-4.66],[103.75,-4.09],[103.0,-3.7],[101.73,-1.75],[100.74,-0.75],[100.64,0.0],[99.57,1.25],[99.59,2.25],[99.25,2.75],[98.75,3.25],[98.25,3.36],[97.0,4.99],[95.41,5.25],[95.5,4.93],[96.25,4.57],[97.25,3.26],[98.0,2.76],[101.75,-3.35],[104.37,-5.75]]}},{"type":"Feature","properties":{"level":1012},"geometry":{"type":"LineString","coordinates":[[57.51,-5.5],[57.84,-5.5],[57.51,-5.5]]}},{"type":"Feature","properties":{"level":1012},"geometry":{"type":"LineString","coordinates":[[122.68,-5.5],[123.14,-5.25],[123.0,-5.1],[122.68,-5.5]]}},{"type":"Feature","properties":{"level":1012},"geometry":{"type":"LineString","coordinates":[[55.23,-5.25],[55.54,-5.25],[55.25,-4.93],[55.23,-5.25]]}},{"type":"Feature","properties":{"level":1012},"geometry":{"type":"LineString","coordinates":[[14.0,-5.12],[13.44,-4.75],[13.25,-4.08],[14.44,-5.0],[14.0,-5.12]]}},{"type":"Feature","properties":{"level":1012},"geometry":{"type":"LineString","coordinates":[[35.89,-5.0],[36.14,-5.0],[36.07,-4.75],[35.5,-3.74],[35.26,-4.25],[35.38,-4.75],[35.89,-5.0]]}},{"type":"Feature","properties":{"level":1012},"geometry":{"type":"LineString","coordinates":[[64.95,-5.0],[65.0,-5.15],[64.95,-5.0]]}},{"type":"Feature","properties":{"level":1012},"geometry":{"type":"LineString","coordinates":[[67.25,-5.03],[67.5,-4.64],[67.92,-4.75],[67.25,-5.03]]}},{"type":"Feature","properties":{"level":1012},"geometry":{"type":"LineString","coordinates":[[87.0,-5.01],[86.74,-4.75],[87.0,-4.44],[87.25,-4.75],[87.0,-5.01]]}},{"type":"Feature","properties":{"level":1012},"geometry":{"type":"LineString","coordinates":[[15.25,-4.55],[15.59,-4.5],[15.5,-4.68],[15.25,-4.55]]}},{"type":"Feature","properties":{"level":1012},"geometry":{"type":"LineString","coordinates":[[122.92,-4.5],[123.0,-4.67],[123.12,-4.5],[123.0,-4.35],[122.92,-4.5]]}},{"type":"Feature","properties":{"level":1012},"geometry":{"type":"LineString","coordinates":[[133.06,-4.5],[133.25,-4.73],[133.57,-4.25],[133.0,-3.51],[132.6,-3.75],[133.06,-4.5]]}},{"type":"Feature","properties":{"level":1012},"geometry":{"type":"LineString","coordinates":[[-49.5,-4.35],[-49.5,-4.07],[-49.5,-4.35]]}},{"type":"Feature","properties":{"level":1012},"geometry":{"type":"LineString","coordinates":[[44.25,-4.43],[44.25,-4.13],[44.25,-4.43]]}},{"type":"Feature","properties":{"level":1012},"geometry":{"type":"LineString","coordinates":[[121.75,-4.25],[122.31,-3.75],[122.44,-3.0],[121.45,-2.0],[122.75,-1.17],[123.0,-1.58],[123.12,-1.25],[122.5,-0.82],[121.5,-1.02],[120.75,-1.45],[120.0,-0.47],[119.63,-1.0],[119.38,-2.5],[118.99,-2.75],[118.99,-3.25],[120.25,-3.71],[120.25,-2.65],[121.0,-2.49],[121.18,-3.0],[120.89,-3.5],[121.75,-4.25]]}},{"type":"Feature","properties":{"level":1012},"geometry":{"type":"LineString","coordinates":[[28.23,-3.75],[29.0,-3.77],[29.0,-3.04],[28.75,-2.84],[28.56,-3.0],[28.59,-3.5],[28.23,-3.75]]}},{"type":"Feature","properties":{"level":1012},"geometry":{"type":"LineString","coordinates":[[139.5,-3.58],[138.75,-3.27],[137.23,-3.25],[136.97,-3.0],[138.25,-2.61],[139.0,-2.9],[139.5,-2.8],[139.91,-3.5],[139.5,-3.58]]}},{"type":"Feature","properties":{"level":1012},"geometry":{"type":"LineString","coordinates":[[151.86,-3.5],[152.21,-3.5],[152.0,-3.07],[151.73,-3.25],[151.86,-3.5]]}},{"type":"Feature","properties":{"level":1012},"geometry":{"type":"LineString","coordinates":[[132.63,-3.25],[132.86,-3.25],[132.74,-3.0],[132.21,-2.75],[132.25,-3.09],[132.63,-3.25]]}},{"type":"Feature","properties":{"level":1012},"geometry":{"type":"LineString","coordinates":[[28.58,-2.5],[28.8,-2.5],[29.25,-1.56],[29.5,-2.22],[30.07,-1.5],[30.0,-1.09],[29.75,-0.99],[29.69,-1.25],[29.25,-1.44],[29.0,-1.14],[28.79,-1.25],[28.58,-2.5]]}},{"type":"Feature","properties":{"level":1012},"geometry":{"type":"LineString","coordinates":[[67.47,-2.25],[67.67,-2.0],[67.45,-2.0],[67.47,-2.25]]}},{"type":"Feature","properties":{"level":1012},"geometry":{"type":"LineString","coordinates":[[-80.57,-2.0],[-80.32,-2.0],[-80.25,-1.22],[-80.75,-1.32],[-80.57,-2.0]]}},{"type":"Feature","properties":{"level":1012},"geometry":{"type":"LineString","coordinates":[[13.75,-2.18],[13.56,-2.0],[13.75,-1.92],[13.75,-2.18]]}},{"type":"Feature","properties":{"level":1012},"geometry":{"type":"LineString","coordinates":[[16.75,-2.14],[16.75,-1.85],[16.75,-2.14]]}},{"type":"Feature","properties":{"level":1012},"geometry":{"type":"LineString","coordinates":[[36.97,-2.0],[37.63,-2.0],[38.0,-1.7],[38.09,-1.25],[37.5,-1.29],[37.25,-1.1],[36.97,-2.0]]}},{"type":"Feature","properties":{"level":1012},"geometry":{"type":"LineString","coordinates":[[16.5,-1.82],[16.5,-1.6],[16.66,-1.75],[16.5,-1.82]]}},{"type":"Feature","properties":{"level":1012},"geometry":{"type":"LineString","coordinates":[[124.43,-1.75],[124.75,-1.97],[124.92,-1.75],[124.43,-1.75]]}},{"type":"Feature","properties":{"level":1012},"geometry":{"type":"LineString","coordinates":[[133.58,-1.75],[134.0,-1.73],[134.19,-1.25],[133.0,-0.42],[132.25,-0.43],[131.77,-1.0],[132.0,-1.34],[133.58,-1.75]]}},{"type":"Feature","properties":{"level":1012},"geometry":{"type":"LineString","coordinates":[[-49.25,-1.54],[-49.44,-1.5],[-49.25,-1.23],[-49.25,-1.54]]}},{"type":"Feature","properties":{"level":1012},"geometry":{"type":"LineString","coordinates":[[36.74,-1.25],[37.71,-0.25],[37.5,0.24],[36.95,0.25],[36.75,-0.02],[36.5,0.5],[36.0,-0.28],[35.5,0.3],[35.5,-0.53],[34.59,-0.75],[36.0,-0.95],[36.25,-0.38],[36.74,-1.25]]}},{"type":"Feature","properties":{"level":1012},"geometry":{"type":"LineString","coordinates":[[-91.33,-1.0],[-91.12,-1.0],[-91.25,-0.83],[-91.33,-1.0]]}},{"type":"Feature","properties":{"level":1012},"geometry":{"type":"LineString","coordinates":[[123.23,-1.0],[123.31,-0.75],[122.99,-0.75],[123.23,-1.0]]}},{"type":"Feature","properties":{"level":1012},"geometry":{"type":"LineString","coordinates":[[17.46,-0.75],[18.03,-0.75],[17.75,-0.44],[17.46,-0.75]]}},{"type":"Feature","properties":{"level":1012},"geometry":{"type":"LineString","coordinates":[[127.39,-0.75],[127.72,-0.75],[127.5,-0.47],[127.39,-0.75]]}},{"type":"Feature","properties":{"level":1012},"geometry":{"type":"LineString","coordinates":[[-53.1,-0.5],[-52.69,-0.5],[-53.1,-0.5]]}},{"type":"Feature","properties":{"level":1012},"geometry":{"type":"LineString","coordinates":[[12.5,-0.53],[12.27,-0.5],[12.86,-0.5],[12.5,-0.53]]}},{"type":"Feature","properties":{"level":1012},"geometry":{"type":"LineString","coordinates":[[-91.32,0.0],[-91.25,-0.18],[-91.32,0.0]]}},{"type":"Feature","properties":{"level":1012},"geometry":{"type":"LineString","coordinates":[[113.22,0.0],[114.0,0.48],[114.53,0.5],[114.04,0.75],[115.0,1.28],[115.5,0.9],[116.25,1.06],[116.54,1.5],[116.51,2.75],[116.15,3.25],[116.17,4.5],[116.43,4.75],[116.06,5.25],[116.68,5.5],[116.75,6.3],[116.45,6.25],[115.95,5.25],[114.96,4.25],[114.8,3.25],[114.03,3.25],[114.23,2.75],[113.99,2.5],[114.27,2.0],[113.84,1.5],[113.24,1.25],[113.66,0.75],[112.96,0.25],[113.22,0.0]]}},{"type":"Feature","properties":{"level":1012},"geometry":{"type":"LineString","coordinates":[[-79.75,0.25],[-79.75,0.53],[-79.75,0.25]]}},{"type":"Feature","properties":{"level":1012},"geometry":{"type":"LineString","coordinates":[[123.72,0.25],[124.5,0.54],[125.0,1.42],[124.25,0.85],[123.03,0.75],[123.25,0.4],[123.72,0.25]]}},{"type":"Feature","properties":{"level":1012},"geometry":{"type":"LineString","coordinates":[[97.72,0.75],[97.75,1.02],[97.72,0.75]]}},{"type":"Feature","properties":{"level":1012},"geometry":{"type":"LineString","coordinates":[[13.09,1.25],[14.52,1.5],[14.0,1.76],[13.08,1.5],[13.09,1.25]]}},{"type":"Feature","properties":{"level":1012},"geometry":{"type":"LineString","coordinates":[[39.41,3.5],[39.61,4.0],[38.75,4.5],[39.0,5.04],[38.35,5.0],[38.3,5.5],[38.75,5.66],[39.0,5.27],[39.25,5.35],[39.75,4.84],[40.0,4.87],[40.07,5.5],[39.49,5.75],[39.63,6.25],[40.25,6.72],[41.0,6.47],[41.32,8.0],[40.75,8.07],[40.9,7.75],[40.5,7.65],[40.1,8.0],[40.25,8.35],[42.67,9.5],[40.91,9.25],[39.25,8.18],[38.33,7.0],[38.06,6.0],[38.07,4.25],[38.5,3.65],[39.41,3.5]]}},{"type":"Feature","properties":{"level":1012},"geometry":{"type":"LineString","coordinates":[[11.62,4.25],[12.0,4.05],[13.01,4.25],[11.75,4.51],[11.62,4.25]]}},{"type":"Feature","properties":{"level":1012},"geometry":{"type":"LineString","coordinates":[[101.39,4.25],[101.5,4.01],[101.8,5.5],[101.25,5.95],[100.96,5.5],[101.39,4.25]]}},{"type":"Feature","properties":{"level":1012},"geometry":{"type":"LineString","coordinates":[[13.98,5.25],[14.75,5.53],[15.07,6.0],[14.75,6.27],[14.5,5.99],[14.25,6.49],[13.25,6.48],[12.99,6.25],[13.98,5.25]]}},{"type":"Feature","properties":{"level":1012},"geometry":{"type":"LineString","coordinates":[[-77.32,5.5],[-77.25,5.34],[-77.03,5.5],[-77.32,5.5]]}},{"type":"Feature","properties":{"level":1012},"geometry":{"type":"LineString","coordinates":[[101.25,5.39],[101.09,5.5],[101.25,5.39]]}},{"type":"Feature","properties":{"level":1012},"geometry":{"type":"LineString","coordinates":[[-54.5,5.58],[-54.75,5.75],[-54.12,5.75],[-54.5,5.58]]}},{"type":"Feature","properties":{"level":1012},"geometry":{"type":"LineString","coordinates":[[5.75,5.72],[4.65,6.75],[6.07,6.75],[5.75,5.72]]}},{"type":"Feature","properties":{"level":1012},"geometry":{"type":"LineString","coordinates":[[-77.25,6.0],[-77.0,5.82],[-76.91,6.0],[-77.25,6.53],[-77.25,6.0]]}},{"type":"Feature","properties":{"level":1012},"geometry":{"type":"LineString","coordinates":[[-57.0,5.93],[-57.0,6.28],[-56.25,6.4],[-55.75,6.86],[-54.97,6.25],[-55.0,5.99],[-57.0,5.93]]}},{"type":"Feature","properties":{"level":1012},"geometry":{"type":"LineString","coordinates":[[80.49,6.25],[81.33,7.0],[80.75,7.64],[80.27,7.0],[80.49,6.25]]}},{"type":"Feature","properties":{"level":1012},"geometry":{"type":"LineString","coordinates":[[15.17,6.5],[15.74,6.75],[15.75,7.2],[14.78,6.75],[15.17,6.5]]}},{"type":"Feature","properties":{"level":1012},"geometry":{"type":"LineString","coordinates":[[-77.67,7.25],[-77.5,7.06],[-77.42,7.5],[-77.5,7.84],[-77.75,7.88],[-78.0,7.6],[-77.67,7.25]]}},{"type":"Feature","properties":{"level":1012},"geometry":{"type":"LineString","coordinates":[[36.06,7.25],[36.5,7.13],[37.0,7.56],[37.25,7.43],[37.05,7.75],[37.27,8.0],[36.72,8.0],[36.45,8.5],[36.68,9.0],[36.5,9.13],[36.25,8.77],[35.75,9.28],[35.66,9.0],[36.12,8.25],[36.0,8.05],[34.95,8.0],[35.5,7.32],[36.0,7.7],[36.58,7.5],[36.06,7.25]]}},{"type":"Feature","properties":{"level":1012},"geometry":{"type":"LineString","coordinates":[[53.68,7.25],[54.23,7.5],[54.5,8.2],[54.84,8.25],[54.75,9.51],[55.09,9.25],[55.25,8.3],[56.0,8.69],[57.75,8.84],[58.0,9.27],[58.5,9.28],[59.0,10.07],[60.75,9.6],[61.25,10.09],[61.5,9.95],[63.75,10.28],[64.0,10.56],[64.75,10.6],[65.5,11.04],[65.77,11.0],[65.75,10.47],[67.12,10.5],[67.75,9.68],[69.25,9.84],[71.5,9.62],[72.25,9.95],[72.43,10.25],[72.25,10.75],[72.48,12.5],[72.84,12.75],[73.27,14.0],[72.17,16.25],[71.75,19.75],[70.95,20.5],[70.95,21.25],[69.75,21.44],[67.5,21.29],[59.75,20.2],[58.0,19.11],[57.05,19.0],[56.93,18.5],[56.5,18.13],[56.0,18.22],[55.51,18.0],[56.03,17.5],[55.5,16.91],[55.11,17.0],[55.24,17.25],[55.0,17.4],[54.0,17.35],[52.75,16.85],[52.0,16.96],[51.75,16.73],[52.62,16.25],[52.65,16.0],[52.25,15.68],[51.25,15.73],[49.25,15.26],[48.14,14.75],[48.75,14.28],[49.5,14.83],[50.75,14.94],[52.35,13.25],[53.25,12.82],[52.88,12.25],[52.9,11.75],[53.7,10.75],[53.87,9.5],[54.34,8.5],[53.75,8.54],[53.5,8.95],[53.17,8.75],[53.43,7.5],[53.68,7.25]]}},{"type":"Feature","properties":{"level":1012},"geometry":{"type":"LineString","coordinates":[[37.84,7.75],[38.0,7.63],[38.34,8.0],[38.64,8.5],[38.5,8.65],[38.15,8.5],[37.84,7.75]]}},{"type":"Feature","properties":{"level":1012},"geometry":{"type":"LineString","coordinates":[[124.06,7.75],[124.5,7.51],[125.19,8.0],[125.48,8.25],[125.25,8.69],[124.87,8.75],[124.75,8.37],[124.02,8.0],[124.06,7.75]]}},{"type":"Feature","properties":{"level":1012},"geometry":{"type":"LineString","coordinates":[[11.16,8.0],[11.94,8.25],[11.75,8.85],[11.38,8.75],[11.61,8.5],[11.5,8.34],[11.25,8.53],[11.16,8.0]]}},{"type":"Feature","properties":{"level":1012},"geometry":{"type":"LineString","coordinates":[[44.0,8.0],[44.25,7.77],[44.37,8.0],[44.34,9.0],[43.25,9.19],[43.07,9.0],[43.45,8.5],[43.36,8.25],[44.0,8.0]]}},{"type":"Feature","properties":{"level":1012},"geometry":{"type":"LineString","coordinates":[[-82.02,8.5],[-80.89,8.5],[-82.25,8.98],[-83.75,10.19],[-84.75,10.46],[-84.84,10.25],[-84.0,9.4],[-82.75,8.62],[-82.02,8.5]]}},{"type":"Feature","properties":{"level":1012},"geometry":{"type":"LineString","coordinates":[[77.18,8.5],[77.34,8.5],[77.25,8.82],[77.06,8.75],[77.18,8.5]]}},{"type":"Feature","properties":{"level":1012},"geometry":{"type":"LineString","coordinates":[[37.5,8.75],[38.0,8.61],[38.25,9.04],[39.25,8.75],[39.91,9.75],[39.99,11.25],[39.72,12.25],[39.91,14.0],[39.75,14.75],[38.75,15.94],[38.73,15.0],[39.31,14.75],[39.35,14.0],[39.15,13.75],[39.28,12.75],[38.87,12.5],[39.06,12.0],[38.8,11.75],[38.93,11.25],[38.67,11.0],[39.15,10.5],[39.24,10.0],[38.42,9.75],[38.73,9.5],[38.0,9.34],[37.75,8.94],[37.4,9.75],[36.8,10.0],[36.88,9.25],[37.46,9.0],[37.5,8.75]]}},{"type":"Feature","properties":{"level":1012},"geometry":{"type":"LineString","coordinates":[[76.98,9.0],[77.25,9.06],[77.47,10.0],[77.79,10.25],[76.85,10.75],[77.08,11.5],[77.52,11.75],[77.25,12.07],[76.92,12.0],[76.84,13.0],[77.0,13.13],[77.75,12.47],[78.45,13.5],[77.75,13.94],[77.5,13.63],[77.25,13.74],[76.5,13.42],[76.24,13.75],[76.25,14.7],[75.34,14.75],[75.18,15.25],[75.42,15.5],[74.1,16.75],[74.31,17.75],[73.88,18.75],[74.07,19.25],[73.86,20.0],[74.1,20.5],[74.0,20.99],[73.38,20.0],[73.62,19.25],[73.33,18.75],[73.41,18.0],[73.2,17.5],[73.5,17.61],[74.07,15.0],[75.26,12.75],[75.03,12.5],[75.13,12.25],[76.48,10.75],[76.16,10.0],[76.98,9.0]]}},{"type":"Feature","properties":{"level":1012},"geometry":{"type":"LineString","coordinates":[[-62.25,9.15],[-62.72,10.25],[-62.25,10.48],[-61.14,10.0],[-60.64,9.5],[-61.0,9.16],[-62.25,9.15]]}},{"type":"Feature","properties":{"level":1012},"geometry":{"type":"LineString","coordinates":[[6.25,9.08],[6.25,9.26],[6.25,9.08]]}},{"type":"Feature","properties":{"level":1012},"geometry":{"type":"LineString","coordinates":[[53.44,9.25],[53.68,9.5],[53.5,9.69],[53.31,9.5],[53.44,9.25]]}},{"type":"Feature","properties":{"level":1012},"geometry":{"type":"LineString","coordinates":[[44.53,9.75],[45.25,9.55],[45.77,9.75],[45.5,10.02],[45.0,10.04],[44.53,9.75]]}},{"type":"Feature","properties":{"level":1012},"geometry":{"type":"LineString","coordinates":[[47.13,10.0],[47.5,9.93],[47.75,10.56],[48.86,11.0],[48.0,11.11],[47.25,10.89],[46.93,10.25],[47.13,10.0]]}},{"type":"Feature","properties":{"level":1012},"geometry":{"type":"LineString","coordinates":[[37.47,10.25],[37.75,10.06],[38.21,10.25],[38.29,11.0],[37.12,11.5],[37.19,12.0],[37.0,12.21],[36.73,12.0],[36.98,11.75],[36.53,10.75],[37.25,10.74],[37.47,10.25]]}},{"type":"Feature","properties":{"level":1012},"geometry":{"type":"LineString","coordinates":[[-60.5,10.39],[-60.5,10.7],[-60.5,10.39]]}},{"type":"Feature","properties":{"level":1012},"geometry":{"type":"LineString","coordinates":[[50.93,11.25],[51.1,11.25],[51.0,11.46],[50.93,11.25]]}},{"type":"Feature","properties":{"level":1012},"geometry":{"type":"LineString","coordinates":[[3.71,11.75],[4.1,11.75],[3.75,12.05],[3.57,12.0],[3.71,11.75]]}},{"type":"Feature","properties":{"level":1012},"geometry":{"type":"LineString","coordinates":[[3.17,12.25],[3.66,12.75],[3.51,13.0],[3.0,12.5],[3.17,12.25]]}},{"type":"Feature","properties":{"level":1012},"geometry":{"type":"LineString","coordinates":[[37.44,12.75],[37.75,12.61],[37.98,13.0],[38.25,12.93],[38.61,13.25],[38.25,13.51],[37.44,12.75]]}},{"type":"Feature","properties":{"level":1012},"geometry":{"type":"LineString","coordinates":[[-86.32,13.0],[-85.75,12.8],[-85.55,13.0],[-85.57,14.25],[-86.32,14.5],[-85.27,15.25],[-87.0,15.26],[-87.46,14.75],[-89.0,14.83],[-89.45,14.5],[-88.0,13.86],[-87.16,13.75],[-86.32,13.0]]}},{"type":"Feature","properties":{"level":1012},"geometry":{"type":"LineString","coordinates":[[43.94,13.75],[45.59,14.5],[44.0,16.4],[43.55,15.5],[43.75,14.78],[43.78,15.0],[44.12,15.0],[43.94,13.75]]}},{"type":"Feature","properties":{"level":1012},"geometry":{"type":"LineString","coordinates":[[-90.26,14.25],[-89.69,14.5],[-90.15,15.5],[-90.5,15.36],[-91.68,16.25],[-92.0,16.79],[-92.95,17.0],[-91.89,16.0],[-92.0,15.67],[-92.63,15.5],[-91.75,14.73],[-90.26,14.25]]}},{"type":"Feature","properties":{"level":1012},"geometry":{"type":"LineString","coordinates":[[108.23,14.5],[108.5,14.27],[108.71,14.5],[107.6,15.75],[107.82,16.0],[107.0,16.46],[106.79,16.25],[107.07,15.5],[108.23,14.5]]}},{"type":"Feature","properties":{"level":1012},"geometry":{"type":"LineString","coordinates":[[121.27,14.75],[121.56,14.75],[121.31,15.25],[121.58,15.5],[121.47,15.75],[122.41,16.75],[122.24,17.75],[122.4,18.25],[122.25,18.44],[121.83,18.25],[121.83,17.25],[122.05,17.0],[121.75,16.49],[121.49,16.75],[121.68,18.0],[121.43,18.5],[121.0,18.7],[120.78,18.5],[120.79,17.5],[120.45,16.5],[121.19,15.75],[121.27,14.75]]}},{"type":"Feature","properties":{"level":1012},"geometry":{"type":"LineString","coordinates":[[98.98,15.5],[99.0,16.53],[98.98,15.5]]}},{"type":"Feature","properties":{"level":1012},"geometry":{"type":"LineString","coordinates":[[-2.25,15.95],[-2.28,17.25],[-3.0,17.5],[-2.71,17.75],[-3.26,18.25],[-2.97,18.75],[-2.25,19.08],[-1.67,19.0],[-1.21,18.25],[-1.31,17.0],[-1.95,16.0],[-2.25,15.95]]}},{"type":"Feature","properties":{"level":1012},"geometry":{"type":"LineString","coordinates":[[44.42,16.5],[44.96,16.5],[44.78,17.0],[44.2,17.5],[44.0,19.32],[43.5,19.03],[42.25,19.67],[40.5,21.61],[40.18,21.0],[40.5,20.96],[41.36,20.0],[41.88,19.75],[42.23,18.25],[43.27,17.75],[43.5,16.6],[44.42,16.5]]}},{"type":"Feature","properties":{"level":1012},"geometry":{"type":"LineString","coordinates":[[-75.0,17.31],[-75.0,17.6],[-74.84,17.5],[-75.0,17.31]]}},{"type":"Feature","properties":{"level":1012},"geometry":{"type":"LineString","coordinates":[[81.83,17.75],[82.25,17.7],[83.05,18.25],[83.25,19.67],[82.93,19.5],[82.35,18.25],[81.83,17.75]]}},{"type":"Feature","properties":{"level":1012},"geometry":{"type":"LineString","coordinates":[[97.0,19.25],[96.87,21.0],[96.5,21.32],[96.5,20.42],[97.0,19.25]]}},{"type":"Feature","properties":{"level":1012},"geometry":{"type":"LineString","coordinates":[[109.75,19.4],[109.75,19.57],[109.75,19.4]]}},{"type":"Feature","properties":{"level":1012},"geometry":{"type":"LineString","coordinates":[[-1.0,19.78],[-1.19,20.0],[-0.25,20.75],[-0.03,20.5],[-0.35,20.0],[-1.0,19.78]]}},{"type":"Feature","properties":{"level":1012},"geometry":{"type":"LineString","coordinates":[[97.4,20.25],[97.73,20.5],[97.5,21.79],[97.18,20.75],[97.4,20.25]]}},{"type":"Feature","properties":{"level":1012},"geometry":{"type":"LineString","coordinates":[[93.75,21.0],[94.0,20.97],[94.1,21.25],[93.79,22.0],[94.0,24.35],[93.24,23.75],[93.24,22.0],[93.75,21.0]]}},{"type":"Feature","properties":{"level":1012},"geometry":{"type":"LineString","coordinates":[[77.17,21.5],[77.75,21.44],[79.0,22.05],[79.5,21.82],[79.53,22.5],[78.25,22.5],[78.0,22.06],[77.5,22.02],[77.17,21.5]]}},{"type":"Feature","properties":{"level":1012},"geometry":{"type":"LineString","coordinates":[[80.44,22.0],[81.0,21.93],[81.89,22.75],[81.75,22.97],[81.0,23.34],[80.65,23.25],[80.45,23.0],[80.73,22.75],[80.44,22.0]]}},{"type":"Feature","properties":{"level":1012},"geometry":{"type":"LineString","coordinates":[[-180.0,23.32],[-179.37,24.0],[-177.98,24.5],[-178.18,25.25],[-177.2,26.25],[-176.98,27.5],[-176.25,28.5],[-175.8,30.75],[-174.7,33.5],[-173.0,35.0],[-170.75,35.33],[-168.72,34.5],[-167.0,32.54],[-166.72,30.25],[-167.02,29.25],[-166.69,29.0],[-166.67,28.25],[-166.75,27.23],[-167.25,26.23],[-165.63,24.25],[-165.56,22.75],[-165.2,22.0],[-165.29,21.5],[-164.5,20.98],[-164.4,20.75],[-164.68,20.5],[-163.57,19.0],[-163.5,18.12],[-163.25,18.07],[-162.75,18.61],[-162.5,18.58],[-161.54,16.75],[-160.0,15.44],[-158.75,15.06],[-158.25,15.28],[-157.25,15.08],[-156.0,14.25],[-155.0,14.0],[-152.0,14.51],[-149.0,14.36],[-147.25,14.88],[-145.5,15.79],[-141.75,16.61],[-140.75,17.48],[-139.91,17.75],[-140.05,19.25],[-137.69,19.25],[-136.25,20.7],[-133.74,24.75],[-126.9,31.5],[-126.48,32.25],[-126.65,32.5],[-126.55,33.0],[-127.33,34.25],[-127.55,36.0],[-126.06,41.75],[-124.67,44.0],[-124.4,45.0],[-124.25,45.21],[-123.75,45.19],[-123.38,46.25],[-123.5,46.75],[-124.25,46.41],[-126.25,46.63],[-129.75,46.3],[-129.75,46.88],[-130.71,47.75],[-136.0,50.51],[-137.62,52.0],[-138.92,54.0],[-139.55,55.5],[-139.8,57.5],[-140.39,58.5],[-140.5,59.28],[-140.25,59.66],[-139.75,59.79],[-137.25,58.65],[-135.25,59.1],[-133.0,58.48],[-132.0,58.45],[-130.75,58.88],[-126.5,58.02],[-125.5,58.13],[-122.0,55.41],[-121.0,55.02],[-119.25,55.01],[-114.97,53.5],[-114.85,53.25],[-113.59,52.75],[-113.42,51.75],[-112.75,51.88],[-112.0,51.48],[-111.25,51.5],[-109.75,51.01],[-108.73,50.25],[-108.7,49.75],[-108.25,49.07],[-106.0,48.1],[-103.88,47.75],[-103.91,46.5],[-104.31,45.5],[-103.99,44.75],[-104.75,44.27],[-105.0,44.55],[-105.75,43.71],[-105.0,43.68],[-104.5,44.16],[-103.75,43.54],[-103.5,43.57],[-103.0,44.08],[-102.5,43.35],[-101.87,43.25],[-102.0,42.73],[-101.5,42.88],[-98.75,42.69],[-98.15,42.0],[-98.83,41.5],[-100.25,41.24],[-101.14,40.25],[-103.0,39.86],[-103.25,40.28],[-104.0,40.38],[-104.0,40.71],[-103.75,40.7],[-103.65,41.0],[-103.95,41.5],[-105.65,42.75],[-105.51,43.0],[-106.0,43.41],[-106.75,43.3],[-106.92,43.5],[-106.79,44.25],[-107.0,44.66],[-108.0,45.05],[-107.22,43.75],[-108.5,43.51],[-109.5,45.32],[-110.71,46.0],[-110.46,46.5],[-110.7,46.75],[-111.08,46.5],[-111.0,45.71],[-112.24,45.75],[-112.58,46.0],[-112.38,46.25],[-112.44,47.0],[-113.0,47.65],[-113.25,47.65],[-114.0,46.87],[-113.74,46.5],[-113.94,46.25],[-114.5,45.97],[-114.72,46.5],[-115.0,46.54],[-115.42,45.75],[-116.01,45.5],[-116.19,44.75],[-116.0,44.21],[-115.25,43.46],[-114.5,43.34],[-113.0,43.74],[-112.48,43.5],[-112.48,43.0],[-112.85,42.5],[-112.11,41.5],[-111.98,40.75],[-112.64,40.5],[-112.89,39.75],[-112.5,39.68],[-112.47,39.0],[-113.25,38.85],[-113.75,39.17],[-114.0,38.97],[-114.0,40.01],[-115.5,40.59],[-116.25,39.84],[-116.5,39.93],[-117.63,39.25],[-117.67,38.75],[-116.75,38.22],[-115.5,38.79],[-114.0,37.51],[-113.11,37.25],[-113.01,36.75],[-113.5,36.5],[-113.54,36.25],[-113.17,36.25],[-113.43,35.5],[-113.33,35.0],[-112.59,34.25],[-112.0,34.23],[-111.26,33.75],[-110.69,33.0],[-111.06,31.25],[-110.5,30.64],[-110.0,30.67],[-109.17,30.25],[-108.74,29.5],[-108.85,28.25],[-108.5,28.11],[-108.22,27.25],[-107.75,27.05],[-107.71,26.5],[-107.25,26.1],[-107.03,25.5],[-106.11,24.75],[-105.5,23.5],[-104.5,22.89],[-104.0,23.08],[-103.25,22.32],[-103.0,22.63],[-102.5,21.84],[-102.23,22.25],[-101.91,21.25],[-102.41,20.75],[-102.0,20.65],[-101.75,21.02],[-101.27,20.75],[-101.16,20.5],[-101.5,20.08],[-102.25,19.78],[-102.25,19.48],[-101.43,19.25],[-101.12,19.5],[-101.25,20.0],[-101.0,20.34],[-100.75,20.32],[-100.92,19.75],[-99.75,18.61],[-99.25,18.84],[-97.93,18.75],[-97.73,17.75],[-98.44,17.5],[-98.21,17.25],[-97.0,16.57],[-96.75,17.05],[-96.25,16.86],[-95.91,17.0],[-96.0,17.28],[-97.11,18.0],[-96.85,19.75],[-97.75,20.13],[-99.41,21.75],[-99.41,22.75],[-99.14,23.5],[-100.26,25.75],[-99.95,26.25],[-100.33,26.5],[-100.28,27.0],[-100.62,27.5],[-99.75,28.95],[-96.0,30.17],[-94.5,29.81],[-90.5,29.68],[-89.25,29.37],[-88.3,28.75],[-88.37,28.25],[-88.0,27.95],[-88.0,26.25],[-87.29,25.25],[-86.75,25.09],[-86.25,24.24],[-85.5,23.65],[-84.5,23.49],[-84.27,23.25],[-84.53,22.0],[-83.75,21.83],[-83.64,21.5],[-82.0,20.6],[-80.5,19.36],[-78.49,19.25],[-78.28,19.0],[-78.5,17.81],[-76.75,17.56],[-76.0,16.86],[-74.25,16.56],[-73.5,16.7],[-72.5,16.35],[-70.0,14.82],[-69.65,14.75],[-69.44,15.0],[-69.37,14.5],[-68.94,14.0],[-67.75,13.22],[-67.0,13.12],[-66.25,12.38],[-65.0,12.29],[-63.25,11.61],[-62.25,11.65],[-61.46,11.25],[-61.23,11.0],[-61.75,10.83],[-63.0,10.96],[-63.55,10.5],[-64.47,10.25],[-64.49,9.5],[-64.91,8.75],[-64.75,8.3],[-64.31,8.0],[-64.43,7.75],[-65.0,7.29],[-65.5,7.33],[-66.0,6.46],[-66.25,6.96],[-66.39,6.25],[-66.99,5.75],[-66.91,5.5],[-67.36,5.0],[-67.0,4.44],[-66.57,4.75],[-66.67,5.25],[-66.25,5.57],[-65.75,5.55],[-65.16,4.75],[-65.76,4.5],[-65.58,4.0],[-65.75,3.4],[-65.25,3.83],[-64.28,3.25],[-64.36,3.0],[-64.0,2.74],[-64.0,3.23],[-64.32,3.5],[-63.96,4.0],[-64.0,4.58],[-63.25,4.12],[-63.14,4.5],[-63.61,5.0],[-62.5,5.26],[-61.9,4.75],[-60.25,4.52],[-59.31,4.0],[-59.5,3.17],[-58.0,2.7],[-57.0,2.94],[-56.25,2.25],[-56.25,1.97],[-55.7,2.0],[-54.5,-0.0],[-54.5,0.58],[-54.25,0.65],[-53.75,0.22],[-53.0,0.69],[-52.25,-0.34],[-51.5,0.41],[-50.75,0.6],[-51.11,0.0],[-50.75,-0.27],[-50.62,0.0],[-50.18,0.0],[-49.87,-0.75],[-50.06,-1.0],[-49.93,-1.75],[-50.44,-2.0],[-50.48,-2.75],[-50.01,-3.75],[-49.88,-5.0],[-50.16,-5.75],[-50.51,-6.0],[-50.0,-6.31],[-49.25,-5.63],[-48.25,-5.41],[-47.75,-6.02],[-47.5,-5.4],[-46.84,-6.0],[-47.27,-7.0],[-47.0,-7.43],[-46.5,-7.47],[-45.75,-6.98],[-45.32,-7.0],[-45.33,-7.25],[-46.5,-7.54],[-46.98,-8.0],[-47.03,-9.75],[-46.25,-10.03],[-46.07,-10.5],[-46.6,-11.25],[-46.29,-12.5],[-46.42,-13.5],[-46.75,-14.09],[-47.0,-13.36],[-48.0,-12.99],[-47.61,-13.75],[-48.3,-14.75],[-48.2,-15.0],[-48.5,-15.5],[-48.75,-15.39],[-49.0,-15.64],[-48.93,-16.0],[-49.16,-16.25],[-48.76,-17.25],[-47.97,-18.0],[-48.5,-18.55],[-48.8,-18.5],[-48.75,-19.22],[-49.55,-19.5],[-49.5,-19.78],[-50.18,-20.25],[-50.38,-20.75],[-50.25,-21.16],[-50.0,-20.77],[-49.93,-21.5],[-50.28,-22.75],[-50.75,-22.97],[-51.25,-22.61],[-51.75,-22.66],[-52.25,-22.98],[-52.75,-22.92],[-53.25,-23.49],[-54.75,-23.81],[-55.18,-24.75],[-55.74,-25.0],[-55.49,-26.0],[-55.75,-26.36],[-55.97,-25.75],[-56.25,-25.62],[-56.75,-26.0],[-56.44,-26.25],[-57.0,-26.61],[-57.52,-26.25],[-57.5,-25.69],[-58.25,-26.01],[-58.19,-25.25],[-58.93,-25.0],[-59.39,-23.25],[-58.47,-20.75],[-58.84,-19.0],[-58.31,-18.5],[-60.03,-17.75],[-60.66,-16.75],[-62.0,-15.41],[-62.5,-15.48],[-63.0,-15.18],[-63.75,-15.12],[-64.08,-15.25],[-64.5,-16.15],[-65.0,-15.82],[-65.5,-15.92],[-65.75,-15.48],[-66.75,-15.14],[-68.41,-14.0],[-71.44,-13.0],[-72.0,-12.12],[-73.0,-12.32],[-73.51,-11.5],[-73.96,-11.25],[-74.25,-10.24],[-74.5,-10.22],[-74.75,-10.62],[-75.25,-10.33],[-75.91,-8.75],[-75.85,-8.25],[-76.75,-7.75],[-77.0,-7.25],[-76.63,-6.25],[-76.75,-5.71],[-77.75,-5.01],[-78.29,-5.0],[-77.73,-2.25],[-77.76,-1.0],[-77.32,-0.5],[-77.29,0.25],[-76.5,1.04],[-75.25,1.78],[-74.25,2.95],[-73.84,3.0],[-73.0,4.67],[-71.53,6.5],[-71.74,7.5],[-71.0,7.89],[-70.5,8.53],[-69.0,8.87],[-68.5,9.38],[-67.5,8.86],[-66.25,9.03],[-65.75,8.67],[-65.43,9.0],[-65.28,10.0],[-66.01,10.25],[-66.25,10.64],[-68.5,10.49],[-69.5,11.33],[-70.75,10.55],[-70.63,9.5],[-72.5,7.99],[-73.1,9.0],[-72.4,10.5],[-72.49,11.0],[-73.0,10.67],[-73.25,11.2],[-74.0,11.22],[-74.14,10.75],[-73.75,10.25],[-73.16,10.5],[-73.62,8.5],[-73.4,7.25],[-74.5,5.94],[-74.01,8.25],[-74.42,8.25],[-74.75,7.37],[-75.82,7.75],[-76.0,8.01],[-76.5,7.95],[-76.72,6.75],[-76.5,5.38],[-77.25,2.88],[-77.67,2.5],[-78.0,1.62],[-79.25,0.5],[-79.25,0.13],[-80.07,-0.25],[-79.52,-0.75],[-79.44,-2.25],[-80.0,-3.51],[-81.0,-4.07],[-81.75,-3.41],[-82.75,-3.59],[-85.75,-3.16],[-88.5,-3.55],[-90.0,-2.97],[-91.25,-3.24],[-91.75,-3.76],[-93.0,-3.42],[-94.5,-4.33],[-98.5,-3.93],[-100.75,-4.1],[-101.25,-4.4],[-102.35,-4.5],[-103.5,-5.37],[-104.5,-5.12],[-104.75,-5.51],[-105.75,-5.42],[-107.0,-5.66],[-108.25,-6.86],[-109.75,-6.78],[-110.25,-7.34],[-111.29,-7.5],[-112.11,-8.75],[-113.0,-8.8],[-113.25,-9.4],[-114.0,-9.72],[-115.0,-9.5],[-116.75,-9.73],[-117.75,-10.19],[-119.5,-10.07],[-121.0,-10.52],[-122.0,-10.28],[-123.0,-10.42],[-123.75,-10.14],[-124.75,-10.52],[-125.5,-10.27],[-126.0,-10.42],[-126.75,-11.31],[-127.5,-11.37],[-128.0,-10.97],[-128.75,-11.1],[-129.25,-10.66],[-130.5,-10.41],[-131.25,-10.31],[-132.75,-11.1],[-133.5,-10.49],[-135.33,-11.5],[-135.48,-12.25],[-136.06,-12.75],[-136.0,-13.15],[-135.33,-13.75],[-138.92,-13.75],[-139.73,-14.75],[-140.25,-14.9],[-141.75,-14.05],[-142.75,-13.98],[-143.75,-14.36],[-145.25,-13.63],[-145.84,-14.0],[-146.0,-14.44],[-147.25,-13.93],[-148.25,-14.32],[-149.5,-14.01],[-150.5,-14.24],[-152.5,-13.77],[-155.25,-13.52],[-156.5,-13.12],[-158.5,-13.07],[-159.25,-12.68],[-160.75,-12.8],[-165.25,-12.22],[-166.5,-12.49],[-169.5,-12.01],[-172.5,-12.16],[-174.25,-11.72],[-175.75,-11.92],[-176.75,-11.71],[-180.0,-11.75]]}},{"type":"Feature","properties":{"level":1012},"geometry":{"type":"LineString","coordinates":[[102.25,23.49],[101.67,23.75],[101.5,24.61],[102.25,23.49]]}},{"type":"Feature","properties":{"level":1012},"geometry":{"type":"LineString","coordinates":[[-102.25,23.9],[-104.25,25.09],[-104.25,25.31],[-103.65,25.5],[-103.61,25.75],[-104.25,26.25],[-103.75,26.95],[-103.47,27.0],[-103.0,26.31],[-102.75,26.41],[-101.98,25.75],[-102.4,25.5],[-101.65,25.0],[-101.6,24.0],[-102.25,23.9]]}},{"type":"Feature","properties":{"level":1012},"geometry":{"type":"LineString","coordinates":[[43.06,24.5],[43.8,24.75],[44.0,25.85],[43.4,25.75],[43.23,25.0],[42.74,24.75],[43.06,24.5]]}},{"type":"Feature","properties":{"level":1012},"geometry":{"type":"LineString","coordinates":[[94.19,24.75],[94.75,25.0],[95.36,25.75],[95.5,26.27],[96.08,26.75],[96.0,27.17],[95.5,27.06],[94.5,26.33],[93.4,25.25],[94.19,24.75]]}},{"type":"Feature","properties":{"level":1012},"geometry":{"type":"LineString","coordinates":[[92.47,25.25],[92.82,25.25],[92.25,25.76],[91.21,25.75],[91.04,25.5],[92.47,25.25]]}},{"type":"Feature","properties":{"level":1012},"geometry":{"type":"LineString","coordinates":[[101.75,25.55],[101.55,25.75],[101.76,26.25],[101.25,26.5],[101.75,26.7],[102.17,26.25],[101.75,25.55]]}},{"type":"Feature","properties":{"level":1012},"geometry":{"type":"LineString","coordinates":[[61.23,27.5],[61.5,27.28],[61.75,27.57],[62.52,27.5],[61.4,29.0],[61.64,29.25],[60.7,30.25],[60.66,30.75],[60.25,30.99],[59.92,30.5],[59.94,29.5],[60.25,28.61],[61.06,28.25],[61.23,27.5]]}},{"type":"Feature","properties":{"level":1012},"geometry":{"type":"LineString","coordinates":[[36.75,27.92],[36.13,28.25],[36.0,28.57],[35.89,29.0],[36.25,29.5],[37.07,28.75],[37.25,28.25],[37.0,27.87],[36.75,27.92]]}},{"type":"Feature","properties":{"level":1012},"geometry":{"type":"LineString","coordinates":[[33.75,28.05],[33.61,28.25],[33.75,28.05]]}},{"type":"Feature","properties":{"level":1012},"geometry":{"type":"LineString","coordinates":[[88.25,28.23],[87.63,28.5],[87.89,29.0],[88.25,29.36],[88.97,29.25],[88.5,28.95],[88.13,29.0],[88.41,28.5],[88.25,28.23]]}},{"type":"Feature","properties":{"level":1012},"geometry":{"type":"LineString","coordinates":[[87.0,28.48],[86.44,28.75],[86.85,29.0],[86.5,29.26],[86.25,29.06],[84.5,29.23],[84.41,29.5],[85.0,29.69],[85.5,29.34],[86.5,30.18],[86.67,30.0],[86.43,29.75],[86.75,29.69],[87.0,29.98],[87.39,29.25],[87.02,29.0],[87.22,28.75],[87.0,28.48]]}},{"type":"Feature","properties":{"level":1012},"geometry":{"type":"LineString","coordinates":[[90.5,28.78],[90.06,29.25],[90.25,29.64],[90.5,29.2],[91.0,29.49],[92.17,29.25],[91.75,28.96],[91.0,29.09],[90.5,28.78]]}},{"type":"Feature","properties":{"level":1012},"geometry":{"type":"LineString","coordinates":[[54.5,29.98],[52.47,31.75],[52.5,32.1],[52.75,32.24],[54.27,30.75],[54.5,29.98]]}},{"type":"Feature","properties":{"level":1012},"geometry":{"type":"LineString","coordinates":[[86.0,30.07],[83.66,31.0],[83.5,31.85],[83.32,31.75],[83.49,31.25],[83.0,31.08],[81.0,31.7],[80.25,32.31],[80.0,32.11],[79.62,32.75],[81.75,32.39],[82.06,33.0],[82.75,33.36],[83.5,33.12],[84.5,32.35],[86.75,32.47],[87.0,32.21],[87.75,32.15],[88.25,32.25],[88.75,33.01],[89.5,32.88],[89.75,33.17],[89.65,32.75],[90.06,32.5],[89.5,32.02],[89.7,31.75],[89.53,31.5],[89.0,31.16],[88.25,31.61],[88.0,31.43],[87.5,31.53],[86.92,31.25],[87.12,30.75],[86.0,30.07]]}},{"type":"Feature","properties":{"level":1012},"geometry":{"type":"LineString","coordinates":[[67.35,30.5],[67.92,30.5],[67.5,31.08],[66.75,31.14],[66.75,30.92],[67.25,30.96],[67.35,30.5]]}},{"type":"Feature","properties":{"level":1012},"geometry":{"type":"LineString","coordinates":[[97.25,30.87],[96.53,31.25],[96.56,31.5],[96.22,31.75],[97.0,32.15],[97.36,32.0],[97.25,30.87]]}},{"type":"Feature","properties":{"level":1012},"geometry":{"type":"LineString","coordinates":[[82.18,31.75],[82.75,31.7],[83.25,31.93],[83.31,32.25],[82.75,32.32],[82.18,31.75]]}},{"type":"Feature","properties":{"level":1012},"geometry":{"type":"LineString","coordinates":[[160.25,32.66],[159.06,33.5],[158.92,34.0],[159.21,34.75],[159.75,35.3],[160.75,35.74],[162.0,35.72],[162.39,35.5],[162.75,35.0],[162.81,34.25],[162.45,33.5],[161.5,32.8],[160.25,32.66]]}},{"type":"Feature","properties":{"level":1012},"geometry":{"type":"LineString","coordinates":[[79.5,33.48],[79.1,33.75],[79.5,33.83],[80.5,33.5],[79.5,33.48]]}},{"type":"Feature","properties":{"level":1012},"geometry":{"type":"LineString","coordinates":[[90.0,33.93],[90.0,34.79],[90.75,34.83],[91.29,34.5],[91.25,34.24],[90.25,34.34],[90.0,33.93]]}},{"type":"Feature","properties":{"level":1012},"geometry":{"type":"LineString","coordinates":[[-60.5,34.73],[-60.72,35.0],[-60.61,35.25],[-60.0,35.25],[-59.98,34.75],[-60.5,34.73]]}},{"type":"Feature","properties":{"level":1012},"geometry":{"type":"LineString","coordinates":[[-58.75,35.42],[-59.28,35.75],[-58.32,37.0],[-57.5,36.97],[-57.0,37.22],[-56.25,36.75],[-57.5,35.52],[-58.75,35.42]]}},{"type":"Feature","properties":{"level":1012},"geometry":{"type":"LineString","coordinates":[[-118.51,35.75],[-118.0,35.94],[-117.89,36.25],[-118.19,38.25],[-119.25,38.83],[-119.77,40.0],[-120.22,40.25],[-120.25,41.49],[-120.5,41.1],[-120.75,41.28],[-121.5,40.74],[-121.6,40.25],[-120.82,39.5],[-120.25,38.27],[-118.99,36.75],[-118.51,35.75]]}},{"type":"Feature","properties":{"level":1012},"geometry":{"type":"LineString","coordinates":[[-111.5,36.84],[-111.67,37.0],[-111.52,37.25],[-111.22,37.25],[-110.57,38.0],[-111.0,38.53],[-110.5,39.08],[-110.0,39.07],[-109.72,38.5],[-109.89,38.25],[-110.28,38.25],[-110.25,37.02],[-110.75,37.12],[-111.5,36.84]]}},{"type":"Feature","properties":{"level":1012},"geometry":{"type":"LineString","coordinates":[[-116.1,41.5],[-115.0,41.4],[-114.87,42.0],[-115.79,42.0],[-116.1,41.5]]}},{"type":"Feature","properties":{"level":1012},"geometry":{"type":"LineString","coordinates":[[-120.28,41.75],[-120.25,41.57],[-120.07,42.0],[-120.25,42.57],[-121.25,42.79],[-121.65,42.5],[-120.28,41.75]]}},{"type":"Feature","properties":{"level":1012},"geometry":{"type":"LineString","coordinates":[[-114.7,41.75],[-113.75,41.77],[-113.63,42.0],[-113.75,42.16],[-114.0,41.77],[-114.25,42.26],[-114.7,41.75]]}},{"type":"Feature","properties":{"level":1012},"geometry":{"type":"LineString","coordinates":[[-124.0,45.35],[-124.16,45.5],[-124.0,45.84],[-124.0,45.35]]}},{"type":"Feature","properties":{"level":1012},"geometry":{"type":"LineString","coordinates":[[-173.75,45.94],[-173.8,46.25],[-173.5,46.36],[-173.49,46.0],[-173.75,45.94]]}},{"type":"Feature","properties":{"level":1012},"geometry":{"type":"LineString","coordinates":[[180.0,46.9],[173.5,46.0],[167.5,46.03],[162.75,46.65],[157.0,47.85],[153.75,48.82],[148.51,50.75],[142.85,53.25],[140.75,54.42],[138.27,56.25],[138.48,57.0],[140.19,58.0],[141.37,59.5],[141.86,59.75],[141.68,60.25],[142.0,60.54],[143.0,60.83],[144.5,60.43],[144.83,61.0],[145.5,61.07],[145.74,61.0],[145.65,60.75],[146.0,60.7],[146.25,61.08],[148.0,61.08],[148.75,61.52],[150.0,61.41],[150.5,61.75],[152.0,61.74],[152.34,62.25],[151.62,63.0],[153.58,63.5],[153.28,64.0],[153.81,65.25],[153.61,65.5],[154.29,66.25],[154.0,66.7],[148.5,69.25],[145.75,69.37],[139.14,70.5],[129.5,71.65],[124.13,73.0],[122.01,74.0],[122.15,74.25],[123.25,74.52],[128.0,75.06],[133.0,75.48],[138.5,75.53],[142.75,75.98],[152.5,76.26],[166.75,75.93],[180.0,76.64]]}},{"type":"Feature","properties":{"level":1012},"geometry":{"type":"LineString","coordinates":[[93.25,48.18],[91.91,49.0],[91.75,49.77],[91.0,50.07],[91.5,50.39],[91.86,50.25],[91.7,50.5],[92.25,50.79],[94.5,51.03],[94.75,51.57],[97.0,51.53],[97.19,51.0],[97.0,50.77],[96.75,51.12],[96.5,50.72],[94.77,50.75],[96.18,49.75],[95.99,49.25],[94.64,49.25],[94.94,49.0],[94.65,48.5],[93.25,48.18]]}},{"type":"Feature","properties":{"level":1012},"geometry":{"type":"LineString","coordinates":[[-171.79,48.75],[-171.75,48.6],[-171.79,48.75]]}},{"type":"Feature","properties":{"level":1012},"geometry":{"type":"LineString","coordinates":[[100.5,53.72],[98.75,54.23],[98.25,54.5],[98.47,55.0],[98.25,55.2],[97.5,55.62],[96.25,55.74],[96.0,56.06],[90.5,56.48],[87.0,56.28],[85.5,56.42],[81.75,57.99],[79.66,59.5],[77.87,61.75],[77.3,63.5],[77.4,64.0],[77.94,64.5],[77.6,65.0],[78.2,65.25],[79.0,66.27],[79.5,65.95],[80.25,66.41],[82.0,66.81],[86.75,66.93],[93.25,65.98],[97.0,64.82],[97.41,64.5],[98.27,63.0],[98.87,62.5],[101.31,58.75],[101.09,58.25],[101.36,56.5],[100.75,56.44],[100.68,56.25],[100.95,54.0],[100.87,53.75],[100.5,53.72]]}},{"type":"Feature","properties":{"level":1012},"geometry":{"type":"LineString","coordinates":[[101.75,55.78],[101.38,56.25],[101.5,56.38],[101.95,56.0],[101.75,55.78]]}},{"type":"Feature","properties":{"level":1012},"geometry":{"type":"LineString","coordinates":[[-54.32,66.75],[-54.09,66.75],[-54.32,66.75]]}},{"type":"Feature","properties":{"level":1012},"geometry":{"type":"LineString","coordinates":[[67.0,66.71],[66.79,66.75],[67.53,66.75],[67.0,66.71]]}},{"type":"Feature","properties":{"level":1012},"geometry":{"type":"LineString","coordinates":[[23.89,67.75],[28.5,68.25],[28.64,68.5],[29.4,68.75],[28.75,69.17],[26.25,69.75],[26.79,70.0],[26.32,70.25],[23.5,70.53],[21.75,70.3],[20.75,69.71],[20.72,69.25],[21.25,68.97],[20.5,68.85],[20.0,69.2],[18.77,68.75],[20.0,68.58],[20.75,68.19],[22.0,68.54],[23.89,67.75]]}},{"type":"Feature","properties":{"level":1012},"geometry":{"type":"LineString","coordinates":[[16.98,68.0],[18.31,68.0],[18.0,68.26],[16.98,68.0]]}},{"type":"Feature","properties":{"level":1012},"geometry":{"type":"LineString","coordinates":[[-64.75,69.5],[-66.75,69.98],[-68.18,70.75],[-68.92,71.5],[-72.52,72.25],[-71.17,72.75],[-70.99,73.25],[-71.75,73.55],[-78.09,74.5],[-78.21,74.75],[-79.5,75.0],[-79.84,75.5],[-81.75,75.94],[-89.0,75.7],[-89.98,76.0],[-88.5,76.47],[-83.25,76.63],[-82.0,76.47],[-81.25,76.65],[-79.5,76.41],[-79.06,76.75],[-79.5,77.07],[-80.75,76.92],[-81.61,77.25],[-80.5,77.6],[-79.5,77.42],[-78.25,78.08],[-76.5,78.07],[-75.25,78.5],[-69.5,79.55],[-69.29,79.5],[-69.5,79.22],[-67.0,79.57],[-65.62,79.5],[-66.25,79.17],[-68.64,79.0],[-66.0,78.99],[-62.75,79.82],[-59.0,80.19],[-57.5,80.71],[-55.5,80.41],[-55.12,80.0],[-55.25,79.75],[-56.44,79.25],[-58.82,79.0],[-58.05,78.75],[-58.53,78.5],[-63.85,78.25],[-64.11,78.0],[-62.88,77.75],[-62.81,77.5],[-64.0,76.97],[-65.31,76.75],[-64.5,76.45],[-60.5,75.95],[-59.0,75.4],[-58.25,75.51],[-58.44,75.25],[-57.42,74.5],[-56.85,72.5],[-58.75,71.74],[-61.83,71.5],[-62.3,71.25],[-62.4,70.5],[-63.0,69.75],[-64.75,69.5]]}},{"type":"Feature","properties":{"level":1012},"geometry":{"type":"LineString","coordinates":[[26.0,69.73],[26.24,69.75],[26.0,69.73]]}},{"type":"Feature","properties":{"level":1012},"geometry":{"type":"LineString","coordinates":[[-18.13,75.75],[-18.0,75.59],[-17.72,76.0],[-18.62,76.25],[-18.13,75.75]]}},{"type":"Feature","properties":{"level":1012},"geometry":{"type":"LineString","coordinates":[[-180.0,76.64],[-164.0,78.57],[-158.75,78.84],[-153.5,78.8],[-148.5,78.43],[-144.51,77.75],[-141.42,76.5],[-140.74,76.0],[-140.36,75.25],[-140.98,74.0],[-143.11,71.75],[-142.97,71.25],[-140.82,70.0],[-143.0,70.09],[-146.5,69.67],[-148.22,69.25],[-149.09,68.5],[-154.5,68.38],[-156.05,67.75],[-155.71,66.75],[-154.78,66.0],[-154.55,65.25],[-155.18,64.75],[-154.63,64.25],[-154.59,63.75],[-155.45,63.25],[-155.51,63.0],[-154.9,62.75],[-155.43,62.25],[-155.53,61.25],[-156.52,60.25],[-156.12,58.5],[-156.67,57.25],[-157.23,57.0],[-157.54,56.5],[-158.25,56.07],[-159.5,56.21],[-160.25,55.97],[-161.5,55.06],[-162.5,54.87],[-163.75,54.24],[-168.9,50.75],[-169.06,50.25],[-169.75,49.75],[-169.94,49.0],[-171.5,47.63],[-171.75,47.54],[-171.86,47.75],[-171.78,48.5],[-172.0,48.62],[-174.75,47.66],[-177.75,47.38],[-180.0,46.9]]}},{"type":"Feature","properties":{"level":1012},"geometry":{"type":"LineString","coordinates":[[-88.75,77.49],[-90.95,77.75],[-90.25,78.29],[-89.5,78.13],[-87.0,78.71],[-86.25,78.38],[-84.5,78.23],[-84.32,78.0],[-84.5,77.74],[-83.43,77.5],[-85.5,77.49],[-87.5,77.85],[-88.15,77.5],[-88.75,77.49]]}},{"type":"Feature","properties":{"level":1012},"geometry":{"type":"LineString","coordinates":[[-80.75,77.92],[-81.0,78.0],[-80.75,78.4],[-79.25,78.44],[-78.77,78.25],[-79.5,77.85],[-80.0,78.07],[-80.75,77.92]]}},{"type":"Feature","properties":{"level":1012},"geometry":{"type":"LineString","coordinates":[[-84.5,80.2],[-84.69,80.25],[-82.81,80.25],[-84.5,80.2]]}},{"type":"Feature","properties":{"level":1012},"geometry":{"type":"LineString","coordinates":[[-78.75,80.11],[-78.92,80.25],[-78.75,80.37],[-76.78,80.25],[-78.75,80.11]]}},{"type":"Feature","properties":{"level":1012},"geometry":{"type":"LineString","coordinates":[[-75.0,80.75],[-74.0,80.93],[-73.48,80.75],[-75.0,80.75]]}},{"type":"Feature","properties":{"level":1012},"geometry":{"type":"LineString","coordinates":[[-81.0,81.21],[-81.52,81.5],[-80.5,81.51],[-80.21,81.25],[-81.0,81.21]]}},{"type":"Feature","properties":{"level":1012},"geometry":{"type":"LineString","coordinates":[[-30.31,83.25],[-29.74,83.25],[-30.31,83.25]]}},{"type":"Feature","properties":{"level":1012},"geometry":{"type":"LineString","coordinates":[[180.0,89.93],[121.0,89.69],[112.75,89.23],[106.75,88.2],[103.75,86.81],[102.5,85.5],[102.02,83.75],[102.45,83.0],[103.57,82.25],[103.41,82.0],[99.75,80.31],[98.25,79.98],[96.5,80.19],[95.5,79.87],[95.24,79.75],[95.25,78.84],[95.0,78.66],[86.0,76.17],[81.07,74.0],[78.44,72.25],[77.35,71.25],[74.31,69.5],[73.75,68.85],[72.5,68.13],[72.19,67.5],[71.21,67.25],[71.24,66.5],[70.48,66.5],[70.22,67.0],[69.75,67.25],[67.0,67.18],[65.5,67.9],[62.0,67.43],[55.0,67.3],[49.5,66.73],[48.54,66.0],[48.96,65.5],[48.86,64.0],[49.43,62.5],[49.01,61.0],[47.11,58.25],[44.97,55.75],[44.92,54.75],[43.48,52.5],[42.0,50.99],[40.75,50.14],[36.75,49.02],[35.25,47.98],[34.75,48.18],[34.63,49.25],[33.75,50.03],[31.57,50.25],[30.75,51.05],[27.75,51.12],[22.84,52.5],[21.0,53.28],[18.25,54.97],[16.25,55.62],[14.31,55.5],[11.25,54.33],[9.0,53.89],[1.25,54.5],[-1.5,54.53],[-1.75,54.17],[-2.1,54.25],[-2.75,55.02],[-6.25,56.44],[-17.75,57.39],[-27.25,58.58],[-32.0,58.75],[-41.0,58.26],[-45.5,58.55],[-46.75,58.45],[-47.24,58.0],[-46.24,57.25],[-45.54,56.0],[-45.68,55.5],[-50.25,53.21],[-57.35,51.5],[-58.32,50.5],[-57.79,49.75],[-59.12,48.25],[-60.5,47.38],[-63.5,46.44],[-66.25,47.06],[-66.38,47.75],[-67.25,48.88],[-69.0,48.43],[-70.25,48.58],[-70.02,48.25],[-70.75,47.78],[-71.5,47.88],[-71.75,48.36],[-73.25,48.35],[-73.5,48.5],[-73.59,49.0],[-73.18,50.0],[-74.75,50.86],[-77.5,51.59],[-81.12,53.25],[-85.01,56.5],[-86.55,59.0],[-85.25,60.07],[-84.25,60.5],[-79.5,61.63],[-75.25,61.07],[-68.5,61.16],[-65.5,60.75],[-64.72,60.5],[-64.35,60.0],[-65.08,59.5],[-65.18,58.75],[-65.0,58.56],[-61.5,56.76],[-59.5,57.78],[-49.25,58.95],[-49.1,59.0],[-49.38,59.5],[-51.0,60.59],[-52.86,62.25],[-55.53,65.25],[-55.98,66.5],[-55.14,67.25],[-54.0,67.4],[-53.99,67.0],[-52.0,65.28],[-50.25,65.34],[-49.25,64.77],[-49.25,64.32],[-49.59,64.0],[-49.51,63.0],[-49.7,62.75],[-47.75,61.56],[-46.75,61.21],[-45.75,61.51],[-44.25,61.37],[-44.1,61.5],[-44.55,62.0],[-44.04,62.5],[-44.0,63.0],[-43.01,63.75],[-42.28,65.5],[-41.75,65.87],[-38.33,67.25],[-36.25,67.27],[-34.5,67.94],[-34.67,68.25],[-33.25,69.21],[-31.25,69.19],[-28.68,69.75],[-28.77,70.0],[-27.5,70.26],[-26.5,70.89],[-25.75,70.93],[-25.75,71.1],[-26.44,71.25],[-25.42,71.5],[-25.67,71.75],[-24.5,71.96],[-23.75,71.82],[-23.5,72.01],[-23.0,71.86],[-21.09,73.25],[-17.97,74.75],[-17.76,75.0],[-18.0,75.48],[-20.08,76.0],[-19.75,76.35],[-18.85,76.25],[-20.81,76.75],[-18.77,77.0],[-20.25,77.36],[-21.0,77.86],[-22.37,77.75],[-21.5,77.99],[-21.72,78.75],[-24.41,79.75],[-23.5,79.6],[-21.5,80.03],[-20.75,79.98],[-19.5,80.77],[-20.25,80.95],[-22.0,80.47],[-23.5,80.7],[-24.75,81.32],[-27.5,81.42],[-28.5,81.95],[-30.75,81.92],[-31.03,82.0],[-28.99,82.5],[-31.11,82.75],[-30.81,83.0],[-31.0,83.19],[-33.39,83.25],[-33.5,83.51],[-61.0,84.53],[-65.31,85.75],[-70.73,88.75],[-76.25,89.48],[-97.5,89.86],[-180.0,89.93]]}},{"type":"Feature","properties":{"level":1016},"geometry":{"type":"LineString","coordinates":[[-180.0,-89.13],[-179.38,-89.0],[-180.0,-88.89]]}},{"type":"Feature","properties":{"level":1016},"geometry":{"type":"LineString","coordinates":[[180.0,-88.89],[178.7,-88.75],[180.0,-88.74]]}},{"type":"Feature","properties":{"level":1016},"geometry":{"type":"LineString","coordinates":[[-180.0,-88.74],[-169.11,-88.5],[-180.0,-88.14]]}},{"type":"Feature","properties":{"level":1016},"geometry":{"type":"LineString","coordinates":[[180.0,-88.14],[154.95,-87.0],[143.5,-85.28],[140.02,-85.0],[139.32,-84.75],[139.54,-84.5],[139.45,-84.0],[138.7,-83.75],[130.78,-82.75],[132.98,-82.5],[132.04,-82.0],[134.25,-81.04],[132.08,-80.5],[133.25,-79.63],[135.25,-79.24],[142.72,-78.75],[149.59,-77.25],[149.96,-77.0],[150.18,-76.0],[149.78,-75.5],[150.11,-74.25],[148.56,-73.0],[145.27,-72.0],[143.0,-70.86],[140.25,-70.0],[135.0,-69.29],[133.0,-69.91],[132.25,-69.75],[130.0,-70.18],[128.25,-69.99],[121.75,-71.21],[118.51,-71.5],[118.68,-71.75],[118.48,-72.0],[118.57,-72.75],[117.58,-73.75],[111.74,-74.25],[109.75,-75.25],[107.41,-75.25],[105.0,-74.47],[103.0,-74.33],[98.73,-76.0],[98.35,-76.25],[98.21,-76.75],[98.94,-77.5],[98.9,-77.75],[95.9,-78.75],[98.0,-79.12],[103.0,-79.08],[105.25,-79.3],[105.93,-79.5],[105.8,-80.0],[106.16,-80.25],[105.19,-80.75],[105.8,-81.25],[101.0,-81.49],[98.5,-80.85],[90.75,-81.27],[90.43,-81.25],[91.87,-80.75],[90.25,-80.41],[86.25,-80.35],[84.75,-80.45],[82.72,-81.0],[83.07,-81.25],[86.5,-81.16],[88.25,-81.39],[88.4,-81.5],[84.49,-82.25],[84.86,-82.5],[87.08,-82.75],[87.75,-83.21],[90.5,-83.37],[95.5,-83.09],[96.35,-83.25],[96.56,-83.5],[96.0,-83.89],[92.92,-84.25],[93.25,-84.35],[96.75,-83.87],[104.25,-83.53],[106.02,-83.75],[106.82,-84.0],[107.5,-84.54],[100.75,-85.28],[97.71,-86.25],[90.21,-86.75],[87.54,-87.0],[86.89,-87.25],[77.8,-88.0],[78.54,-88.25],[84.37,-88.5],[109.08,-89.0],[114.75,-89.51],[151.25,-89.57],[180.0,-89.13]]}},{"type":"Feature","properties":{"level":1016},"geometry":{"type":"LineString","coordinates":[[111.75,-83.01],[110.98,-82.75],[111.75,-82.53],[113.36,-82.75],[113.0,-82.97],[111.75,-83.01]]}},{"type":"Feature","properties":{"level":1016},"geometry":{"type":"LineString","coordinates":[[-65.99,-57.75],[-62.5,-57.95],[-56.5,-57.72],[-54.75,-57.5],[-50.25,-56.18],[-44.5,-53.24],[-37.72,-48.0],[-35.43,-46.5],[-29.04,-43.0],[-26.75,-40.92],[-24.0,-39.4],[-22.25,-38.97],[-21.25,-38.27],[-19.75,-37.73],[-18.25,-37.65],[-16.0,-37.0],[-13.0,-37.61],[-10.25,-37.2],[-8.75,-37.45],[-6.0,-39.05],[-3.75,-41.18],[-0.75,-42.05],[2.5,-42.45],[11.0,-42.72],[18.5,-42.48],[20.75,-41.94],[21.5,-42.08],[21.77,-41.75],[24.5,-41.36],[24.75,-41.36],[24.7,-41.75],[25.25,-42.0],[27.0,-42.15],[28.06,-41.75],[28.01,-41.0],[27.5,-40.45],[26.25,-40.32],[25.95,-40.0],[27.25,-38.94],[33.75,-39.89],[36.0,-39.96],[39.25,-40.86],[44.5,-43.16],[50.25,-44.53],[52.5,-44.8],[62.99,-48.75],[69.5,-50.67],[73.73,-52.75],[75.36,-53.25],[80.25,-54.02],[86.5,-53.67],[88.0,-53.36],[90.9,-52.25],[94.84,-49.25],[101.63,-43.25],[104.29,-39.5],[105.02,-37.75],[106.78,-36.75],[109.65,-34.25],[111.75,-33.33],[111.99,-33.0],[115.25,-31.25],[115.54,-31.25],[116.25,-31.9],[116.63,-31.25],[115.98,-30.0],[116.0,-29.79],[116.36,-29.75],[116.2,-29.25],[113.56,-26.25],[112.23,-23.25],[111.68,-21.25],[110.3,-18.75],[106.57,-18.0],[105.5,-17.39],[104.0,-17.25],[101.25,-15.96],[97.5,-15.8],[96.75,-15.47],[94.5,-15.7],[93.75,-15.49],[89.5,-15.59],[86.25,-14.62],[81.5,-13.95],[79.75,-14.3],[73.25,-13.7],[66.5,-14.77],[64.25,-14.42],[62.75,-14.8],[58.0,-14.12],[57.25,-14.3],[56.0,-14.04],[54.5,-14.3],[52.5,-14.02],[52.25,-14.37],[50.5,-14.89],[49.38,-17.25],[49.28,-18.25],[48.91,-18.25],[49.22,-19.0],[48.75,-20.1],[48.5,-21.55],[47.69,-23.25],[47.5,-23.5],[47.25,-23.18],[46.75,-23.67],[46.01,-23.75],[46.5,-23.83],[46.8,-25.0],[46.5,-25.25],[45.94,-25.25],[46.34,-27.0],[45.73,-27.75],[45.0,-27.98],[43.98,-27.75],[43.85,-26.75],[44.38,-26.0],[45.3,-25.5],[43.84,-24.0],[43.77,-23.0],[42.92,-21.75],[42.63,-19.25],[42.0,-18.22],[40.75,-17.9],[37.0,-18.4],[34.65,-20.0],[34.61,-21.0],[35.23,-22.5],[34.72,-23.75],[34.96,-24.5],[33.48,-25.25],[32.25,-29.21],[31.0,-29.5],[29.29,-31.25],[27.25,-32.49],[26.5,-32.42],[25.5,-32.69],[25.25,-33.21],[24.25,-32.78],[23.0,-33.61],[21.25,-33.4],[20.5,-33.67],[19.5,-33.09],[18.5,-31.11],[17.5,-30.35],[16.5,-28.47],[14.39,-27.0],[11.4,-23.75],[10.94,-22.75],[10.38,-22.25],[10.1,-21.25],[7.74,-18.75],[7.91,-18.25],[7.28,-17.5],[5.65,-13.75],[5.5,-12.79],[5.23,-12.75],[5.16,-12.5],[5.5,-12.72],[5.7,-12.25],[4.93,-11.25],[5.03,-10.75],[3.5,-9.27],[2.85,-8.0],[1.51,-6.25],[0.5,-5.86],[0.0,-6.4],[-0.75,-6.51],[-1.25,-6.33],[-2.25,-6.89],[-3.5,-6.65],[-4.5,-5.62],[-5.5,-5.38],[-6.0,-6.16],[-6.75,-5.81],[-7.5,-5.96],[-9.75,-5.4],[-10.25,-5.4],[-10.5,-5.69],[-11.25,-5.89],[-13.0,-5.41],[-14.5,-5.71],[-14.75,-5.49],[-15.75,-6.3],[-18.5,-7.12],[-21.0,-6.82],[-23.5,-7.6],[-24.0,-7.26],[-25.66,-7.0],[-26.25,-7.81],[-27.75,-8.36],[-29.5,-7.85],[-30.25,-8.16],[-31.75,-8.22],[-32.61,-8.0],[-32.75,-7.64],[-33.95,-7.75],[-34.75,-7.33],[-35.43,-8.0],[-36.0,-7.72],[-36.17,-8.0],[-36.89,-8.25],[-36.99,-9.5],[-36.77,-10.0],[-37.0,-10.09],[-37.75,-9.52],[-38.0,-8.92],[-40.0,-8.9],[-40.37,-9.5],[-41.44,-10.25],[-41.73,-11.75],[-42.25,-12.0],[-41.92,-13.5],[-41.66,-13.75],[-42.5,-14.81],[-42.41,-15.5],[-42.75,-16.72],[-43.0,-16.62],[-43.3,-17.0],[-43.16,-17.75],[-43.75,-17.67],[-43.6,-20.0],[-43.35,-20.25],[-43.25,-20.96],[-41.0,-20.61],[-40.25,-20.25],[-39.3,-23.0],[-39.0,-23.25],[-39.42,-23.75],[-39.37,-25.0],[-39.73,-25.75],[-39.41,-26.5],[-39.46,-28.0],[-39.1,-28.5],[-39.0,-29.22],[-38.56,-29.25],[-36.0,-31.3],[-35.0,-31.2],[-31.92,-32.25],[-33.25,-33.06],[-34.0,-32.92],[-38.0,-33.1],[-39.0,-33.5],[-40.0,-33.43],[-41.25,-33.73],[-46.5,-35.24],[-53.75,-35.85],[-55.75,-35.26],[-55.96,-35.0],[-56.39,-34.0],[-55.75,-32.31],[-56.15,-31.5],[-57.07,-30.5],[-56.9,-30.0],[-58.0,-29.28],[-58.5,-28.56],[-59.0,-28.6],[-59.72,-27.5],[-60.0,-27.47],[-60.64,-26.5],[-61.75,-25.55],[-62.54,-22.75],[-62.62,-20.0],[-63.25,-19.47],[-63.52,-20.0],[-63.91,-19.0],[-63.6,-18.5],[-63.75,-18.37],[-64.25,-18.8],[-64.5,-20.14],[-64.83,-20.0],[-64.8,-21.25],[-65.01,-21.5],[-64.8,-21.75],[-65.18,-23.0],[-64.97,-23.25],[-65.5,-23.82],[-65.75,-23.5],[-66.25,-23.95],[-66.25,-23.56],[-66.01,-23.5],[-66.36,-23.25],[-66.58,-22.25],[-65.94,-21.0],[-66.41,-20.0],[-66.08,-19.5],[-66.28,-19.25],[-66.08,-19.0],[-66.9,-18.75],[-66.5,-18.1],[-66.19,-18.25],[-66.53,-17.5],[-66.25,-17.25],[-65.5,-17.62],[-64.93,-17.5],[-66.5,-16.61],[-67.5,-16.57],[-68.25,-15.63],[-68.76,-15.5],[-68.73,-15.0],[-69.01,-14.5],[-70.0,-13.68],[-71.5,-13.16],[-72.0,-12.48],[-72.5,-12.93],[-73.0,-12.9],[-73.5,-13.19],[-74.38,-12.25],[-74.65,-11.5],[-75.0,-11.15],[-75.25,-11.25],[-75.75,-9.79],[-76.51,-9.25],[-76.49,-8.75],[-77.53,-6.75],[-77.39,-6.0],[-78.0,-5.71],[-78.25,-6.45],[-78.75,-6.31],[-78.99,-7.0],[-78.42,-7.25],[-78.61,-8.0],[-78.07,-8.75],[-77.91,-9.75],[-75.88,-13.25],[-74.0,-15.52],[-73.0,-15.67],[-71.75,-16.35],[-71.5,-16.76],[-71.0,-16.84],[-70.75,-17.43],[-70.39,-17.5],[-69.75,-18.78],[-68.98,-21.25],[-69.19,-23.0],[-69.49,-23.25],[-69.48,-24.0],[-69.71,-24.25],[-70.31,-24.0],[-70.35,-23.25],[-69.82,-21.75],[-69.87,-21.25],[-70.42,-21.5],[-70.4,-21.0],[-71.63,-19.5],[-72.5,-18.84],[-72.75,-18.76],[-72.8,-19.0],[-72.25,-20.36],[-73.75,-18.96],[-74.5,-18.88],[-75.75,-18.32],[-77.0,-18.63],[-81.25,-17.67],[-82.0,-18.07],[-83.0,-17.44],[-84.25,-17.13],[-84.75,-17.36],[-86.0,-17.13],[-90.25,-17.69],[-91.75,-17.95],[-92.13,-18.5],[-93.5,-18.65],[-95.25,-18.16],[-95.95,-18.75],[-96.5,-20.12],[-99.43,-21.25],[-98.25,-21.88],[-98.03,-22.5],[-97.52,-23.0],[-96.75,-23.33],[-95.75,-23.34],[-94.93,-23.75],[-95.05,-24.25],[-94.6,-25.0],[-94.87,-25.25],[-94.0,-25.91],[-92.75,-27.68],[-91.5,-28.81],[-88.5,-31.03],[-86.5,-33.79],[-85.82,-34.0],[-83.82,-37.5],[-83.23,-38.0],[-83.0,-39.06],[-81.5,-40.6],[-81.0,-40.35],[-80.66,-41.25],[-80.5,-41.33],[-79.75,-40.4],[-79.83,-41.5],[-79.5,-41.44],[-78.81,-40.25],[-78.75,-39.15],[-78.5,-38.95],[-77.75,-39.08],[-77.0,-37.93],[-75.5,-37.59],[-74.55,-37.75],[-74.35,-38.75],[-74.49,-39.5],[-75.25,-40.78],[-75.86,-42.5],[-76.72,-43.5],[-76.71,-44.25],[-77.18,-45.5],[-77.0,-47.0],[-75.75,-48.61],[-74.67,-49.25],[-74.52,-50.0],[-74.23,-50.25],[-74.45,-50.5],[-73.75,-50.99],[-73.5,-51.7],[-73.09,-52.0],[-73.24,-52.5],[-72.99,-53.0],[-73.18,-53.5],[-72.75,-53.91],[-72.16,-54.0],[-71.25,-54.69],[-70.52,-54.75],[-70.31,-55.0],[-71.0,-55.33],[-71.59,-55.25],[-71.41,-55.75],[-69.19,-57.0],[-65.99,-57.75]]}},{"type":"Feature","properties":{"level":1016},"geometry":{"type":"LineString","coordinates":[[-180.0,-56.12],[-171.75,-54.9],[-166.75,-53.36],[-163.94,-52.25],[-149.75,-45.5],[-144.31,-42.5],[-143.25,-41.46],[-134.98,-38.0],[-134.0,-37.41],[-133.25,-36.47],[-132.25,-36.06],[-129.75,-35.74],[-128.25,-35.96],[-125.75,-36.91],[-124.0,-37.88],[-121.25,-38.21],[-118.75,-38.17],[-115.74,-37.5],[-114.0,-36.42],[-110.48,-33.0],[-110.53,-32.75],[-109.23,-32.0],[-109.25,-31.5],[-108.75,-30.31],[-107.25,-29.53],[-106.75,-28.82],[-106.5,-29.11],[-106.1,-29.0],[-106.02,-28.5],[-105.67,-28.25],[-105.53,-27.25],[-106.0,-26.12],[-106.66,-25.75],[-106.5,-25.45],[-106.25,-25.53],[-106.25,-24.59],[-106.75,-24.6],[-107.5,-23.95],[-108.25,-23.9],[-109.25,-23.25],[-109.75,-23.25],[-110.0,-22.99],[-110.5,-23.13],[-111.0,-22.69],[-114.75,-21.8],[-116.25,-21.14],[-118.5,-20.74],[-119.25,-20.38],[-121.25,-20.24],[-122.0,-19.89],[-128.75,-19.18],[-129.75,-19.95],[-132.5,-19.77],[-134.75,-19.32],[-136.0,-19.83],[-137.0,-19.25],[-138.25,-19.47],[-138.5,-19.16],[-140.5,-18.91],[-141.0,-18.64],[-143.5,-18.63],[-144.75,-18.32],[-147.75,-18.58],[-152.25,-18.28],[-153.5,-17.94],[-154.0,-18.12],[-155.0,-17.77],[-159.75,-17.26],[-163.25,-17.05],[-165.25,-17.23],[-169.0,-16.71],[-172.0,-16.94],[-176.75,-16.23],[-177.75,-16.67],[-180.0,-16.36]]}},{"type":"Feature","properties":{"level":1016},"geometry":{"type":"LineString","coordinates":[[-72.25,-52.28],[-72.13,-52.0],[-71.54,-51.75],[-72.8,-51.5],[-72.5,-51.48],[-72.15,-51.0],[-72.71,-50.75],[-71.0,-50.36],[-70.57,-51.25],[-71.54,-52.25],[-72.25,-52.28]]}},{"type":"Feature","properties":{"level":1016},"geometry":{"type":"LineString","coordinates":[[166.0,-37.77],[164.0,-37.4],[160.75,-36.15],[160.3,-35.75],[160.0,-34.7],[159.49,-34.5],[159.43,-34.0],[160.25,-32.26],[161.02,-31.5],[163.25,-30.33],[165.75,-30.06],[167.75,-30.4],[169.25,-31.18],[169.85,-31.75],[170.4,-32.75],[170.67,-34.0],[170.24,-35.75],[168.75,-37.18],[166.75,-37.82],[166.0,-37.77]]}},{"type":"Feature","properties":{"level":1016},"geometry":{"type":"LineString","coordinates":[[133.21,-32.75],[134.75,-32.59],[135.0,-32.19],[134.99,-31.5],[134.5,-31.12],[133.25,-30.8],[132.25,-30.93],[132.16,-32.25],[133.21,-32.75]]}},{"type":"Feature","properties":{"level":1016},"geometry":{"type":"LineString","coordinates":[[27.72,-31.0],[28.0,-31.08],[28.5,-30.07],[29.0,-30.02],[29.56,-29.25],[28.75,-28.53],[27.8,-29.5],[27.66,-30.0],[28.26,-30.0],[27.75,-30.73],[27.5,-30.75],[27.72,-31.0]]}},{"type":"Feature","properties":{"level":1016},"geometry":{"type":"LineString","coordinates":[[-36.25,-30.28],[-36.75,-30.12],[-36.92,-29.75],[-36.15,-30.0],[-36.25,-30.28]]}},{"type":"Feature","properties":{"level":1016},"geometry":{"type":"LineString","coordinates":[[-109.25,-30.15],[-108.99,-29.75],[-108.92,-30.0],[-109.25,-30.15]]}},{"type":"Feature","properties":{"level":1016},"geometry":{"type":"LineString","coordinates":[[-68.75,-29.12],[-68.77,-28.5],[-68.0,-27.73],[-67.93,-28.5],[-68.5,-28.62],[-68.46,-29.0],[-68.75,-29.12]]}},{"type":"Feature","properties":{"level":1016},"geometry":{"type":"LineString","coordinates":[[-70.5,-28.43],[-70.83,-27.25],[-70.5,-26.74],[-70.0,-27.25],[-70.5,-28.43]]}},{"type":"Feature","properties":{"level":1016},"geometry":{"type":"LineString","coordinates":[[-66.25,-25.56],[-66.0,-24.13],[-65.73,-24.5],[-66.25,-25.56]]}},{"type":"Feature","properties":{"level":1016},"geometry":{"type":"LineString","coordinates":[[-47.3,-23.5],[-47.25,-23.66],[-46.5,-23.28],[-45.52,-22.5],[-46.0,-22.35],[-45.88,-22.0],[-46.06,-21.75],[-46.94,-21.75],[-46.98,-22.75],[-47.3,-23.5]]}},{"type":"Feature","properties":{"level":1016},"geometry":{"type":"LineString","coordinates":[[-102.57,-22.0],[-101.25,-22.0],[-101.05,-21.75],[-101.34,-21.5],[-100.5,-21.38],[-100.33,-21.0],[-101.0,-20.48],[-102.5,-20.14],[-103.75,-19.3],[-104.5,-19.11],[-104.9,-19.25],[-104.99,-19.5],[-104.18,-20.5],[-104.38,-20.75],[-104.17,-21.25],[-102.57,-22.0]]}},{"type":"Feature","properties":{"level":1016},"geometry":{"type":"LineString","coordinates":[[47.17,-22.0],[47.25,-22.15],[47.61,-21.5],[47.7,-20.75],[48.25,-19.62],[48.5,-19.69],[48.68,-18.5],[48.5,-18.37],[48.25,-18.74],[47.75,-18.81],[47.5,-19.61],[47.02,-20.0],[47.45,-20.25],[47.08,-20.75],[47.3,-21.0],[47.17,-22.0]]}},{"type":"Feature","properties":{"level":1016},"geometry":{"type":"LineString","coordinates":[[-70.5,-21.93],[-70.5,-21.58],[-70.5,-21.93]]}},{"type":"Feature","properties":{"level":1016},"geometry":{"type":"LineString","coordinates":[[32.68,-20.25],[32.75,-20.45],[33.18,-19.75],[32.75,-19.31],[32.68,-20.25]]}},{"type":"Feature","properties":{"level":1016},"geometry":{"type":"LineString","coordinates":[[-70.32,-19.5],[-70.25,-19.63],[-70.25,-19.32],[-70.32,-19.5]]}},{"type":"Feature","properties":{"level":1016},"geometry":{"type":"LineString","coordinates":[[-136.53,-19.25],[-136.5,-19.41],[-136.53,-19.25]]}},{"type":"Feature","properties":{"level":1016},"geometry":{"type":"LineString","coordinates":[[180.0,-16.36],[178.75,-16.65],[177.0,-17.99],[176.5,-17.81],[175.5,-18.26],[175.21,-18.0],[175.5,-17.74],[174.75,-17.62],[173.5,-17.64],[172.0,-18.13],[169.5,-17.76],[168.75,-17.95],[168.5,-17.65],[168.0,-18.15],[166.75,-18.34],[166.0,-18.0],[164.25,-18.02],[163.25,-17.69],[160.5,-17.51],[159.5,-17.16],[156.25,-17.0],[155.5,-16.68],[153.75,-16.56],[153.0,-16.17],[152.25,-16.37],[151.25,-16.26],[146.25,-15.11],[145.25,-15.23],[144.74,-15.75],[144.65,-16.25],[144.85,-16.5],[144.51,-18.5],[144.0,-18.56],[143.67,-19.5],[145.0,-20.84],[145.57,-22.0],[146.0,-22.31],[145.98,-24.0],[147.02,-26.0],[147.5,-26.34],[148.0,-25.94],[149.5,-26.95],[149.75,-27.47],[150.0,-27.35],[150.64,-27.75],[151.06,-28.75],[150.75,-30.25],[151.16,-31.5],[151.5,-31.95],[152.0,-31.68],[152.98,-32.0],[153.47,-35.25],[153.75,-39.75],[154.1,-40.25],[154.92,-43.0],[155.63,-44.25],[158.25,-47.61],[161.75,-50.81],[164.8,-52.75],[167.25,-53.94],[169.69,-54.75],[174.28,-55.75],[180.0,-56.12]]}},{"type":"Feature","properties":{"level":1016},"geometry":{"type":"LineString","coordinates":[[4.75,-12.16],[4.6,-11.75],[4.75,-11.49],[4.75,-12.16]]}},{"type":"Feature","properties":{"level":1016},"geometry":{"type":"LineString","coordinates":[[43.2,-11.75],[43.61,-11.75],[43.2,-11.75]]}},{"type":"Feature","properties":{"level":1016},"geometry":{"type":"LineString","coordinates":[[148.22,-9.75],[148.38,-9.75],[148.29,-9.25],[147.72,-8.75],[146.86,-7.0],[146.25,-7.06],[146.0,-6.26],[145.25,-5.68],[144.5,-5.7],[143.25,-4.96],[142.31,-5.25],[142.29,-5.0],[141.05,-4.75],[138.75,-3.49],[137.5,-3.62],[136.5,-3.46],[136.29,-3.5],[136.25,-3.88],[135.54,-4.0],[140.75,-4.97],[142.0,-5.39],[142.75,-6.08],[144.0,-6.71],[144.52,-6.25],[145.5,-6.98],[145.75,-7.45],[146.5,-7.66],[147.11,-8.75],[148.22,-9.75]]}},{"type":"Feature","properties":{"level":1016},"geometry":{"type":"LineString","coordinates":[[-36.04,-7.0],[-35.75,-7.2],[-35.75,-6.72],[-36.04,-7.0]]}},{"type":"Feature","properties":{"level":1016},"geometry":{"type":"LineString","coordinates":[[147.04,-6.5],[147.5,-6.52],[147.59,-6.25],[145.9,-5.75],[146.25,-6.16],[147.04,-6.5]]}},{"type":"Feature","properties":{"level":1016},"geometry":{"type":"LineString","coordinates":[[-79.38,-3.75],[-79.25,-3.94],[-78.5,-2.95],[-78.05,-1.0],[-77.66,-0.5],[-77.61,0.25],[-76.56,1.5],[-76.24,1.5],[-75.66,2.75],[-75.67,3.5],[-75.04,4.75],[-75.18,6.25],[-75.5,7.03],[-76.25,6.5],[-76.0,5.74],[-75.75,6.54],[-75.47,5.75],[-75.9,5.5],[-75.66,5.25],[-75.73,4.5],[-76.18,4.0],[-76.39,3.0],[-77.15,1.5],[-77.75,1.29],[-78.5,0.5],[-78.46,0.0],[-79.04,-0.75],[-78.97,-2.25],[-79.5,-2.92],[-79.23,-3.25],[-79.38,-3.75]]}},{"type":"Feature","properties":{"level":1016},"geometry":{"type":"LineString","coordinates":[[-74.64,3.5],[-74.0,3.68],[-73.25,4.99],[-72.75,5.31],[-71.89,6.5],[-72.3,7.0],[-72.25,7.5],[-72.75,7.57],[-73.0,8.04],[-73.0,7.07],[-72.7,6.5],[-73.5,5.91],[-73.76,6.0],[-74.43,4.75],[-74.64,3.5]]}},{"type":"Feature","properties":{"level":1016},"geometry":{"type":"LineString","coordinates":[[38.94,6.75],[39.75,6.62],[40.26,7.0],[39.75,7.28],[38.94,6.75]]}},{"type":"Feature","properties":{"level":1016},"geometry":{"type":"LineString","coordinates":[[-72.09,8.0],[-71.0,8.25],[-70.25,9.38],[-71.0,9.11],[-71.36,8.75],[-71.29,8.5],[-72.09,8.0]]}},{"type":"Feature","properties":{"level":1016},"geometry":{"type":"LineString","coordinates":[[-24.39,15.0],[-24.25,14.85],[-24.13,15.0],[-24.39,15.0]]}},{"type":"Feature","properties":{"level":1016},"geometry":{"type":"LineString","coordinates":[[-25.3,17.0],[-24.88,17.0],[-25.0,17.44],[-25.3,17.0]]}},{"type":"Feature","properties":{"level":1016},"geometry":{"type":"LineString","coordinates":[[-50.0,17.21],[-50.0,17.5],[-50.0,17.21]]}},{"type":"Feature","properties":{"level":1016},"geometry":{"type":"LineString","coordinates":[[-70.91,18.75],[-70.5,18.54],[-70.31,18.75],[-70.75,19.17],[-71.25,19.18],[-71.35,19.0],[-70.91,18.75]]}},{"type":"Feature","properties":{"level":1016},"geometry":{"type":"LineString","coordinates":[[-155.87,19.25],[-155.5,19.05],[-155.0,19.39],[-155.05,20.0],[-155.25,20.18],[-155.75,20.08],[-155.87,19.25]]}},{"type":"Feature","properties":{"level":1016},"geometry":{"type":"LineString","coordinates":[[17.42,20.5],[17.69,20.75],[17.57,21.0],[16.5,21.39],[16.36,21.25],[16.5,20.79],[17.0,20.9],[17.42,20.5]]}},{"type":"Feature","properties":{"level":1016},"geometry":{"type":"LineString","coordinates":[[104.49,21.25],[104.61,21.5],[104.32,22.0],[103.5,22.87],[103.52,22.5],[104.49,21.25]]}},{"type":"Feature","properties":{"level":1016},"geometry":{"type":"LineString","coordinates":[[-15.18,21.75],[-15.0,21.52],[-14.58,21.75],[-14.6,22.25],[-15.25,22.33],[-15.37,22.0],[-15.18,21.75]]}},{"type":"Feature","properties":{"level":1016},"geometry":{"type":"LineString","coordinates":[[-159.58,22.0],[-159.42,22.0],[-159.58,22.0]]}},{"type":"Feature","properties":{"level":1016},"geometry":{"type":"LineString","coordinates":[[-9.66,22.25],[-9.5,22.03],[-9.24,22.25],[-9.66,22.25]]}},{"type":"Feature","properties":{"level":1016},"geometry":{"type":"LineString","coordinates":[[120.7,22.75],[120.75,22.58],[121.0,22.72],[121.38,23.25],[121.93,24.5],[121.75,25.08],[121.03,24.5],[120.68,23.5],[120.7,22.75]]}},{"type":"Feature","properties":{"level":1016},"geometry":{"type":"LineString","coordinates":[[116.11,23.25],[116.31,23.25],[116.11,23.25]]}},{"type":"Feature","properties":{"level":1016},"geometry":{"type":"LineString","coordinates":[[-8.12,23.75],[-7.83,23.75],[-8.0,24.23],[-8.12,23.75]]}},{"type":"Feature","properties":{"level":1016},"geometry":{"type":"LineString","coordinates":[[-7.82,24.5],[-7.75,24.32],[-7.39,24.5],[-7.82,24.5]]}},{"type":"Feature","properties":{"level":1016},"geometry":{"type":"LineString","coordinates":[[110.5,24.56],[110.5,24.84],[110.77,24.75],[110.75,24.55],[110.5,24.56]]}},{"type":"Feature","properties":{"level":1016},"geometry":{"type":"LineString","coordinates":[[-3.32,25.0],[-3.25,24.84],[-2.95,25.0],[-3.25,25.3],[-3.32,25.0]]}},{"type":"Feature","properties":{"level":1016},"geometry":{"type":"LineString","coordinates":[[-4.09,25.75],[-3.0,25.64],[-2.49,26.25],[-2.75,26.75],[-3.5,26.86],[-4.09,26.5],[-4.09,25.75]]}},{"type":"Feature","properties":{"level":1016},"geometry":{"type":"LineString","coordinates":[[-106.38,26.0],[-106.05,26.0],[-106.39,26.25],[-106.0,26.57],[-107.31,27.25],[-106.38,26.0]]}},{"type":"Feature","properties":{"level":1016},"geometry":{"type":"LineString","coordinates":[[0.14,26.0],[0.32,26.0],[0.14,26.0]]}},{"type":"Feature","properties":{"level":1016},"geometry":{"type":"LineString","coordinates":[[7.75,26.5],[8.25,26.58],[8.23,27.25],[8.5,27.28],[9.01,27.0],[9.24,26.5],[7.75,26.5]]}},{"type":"Feature","properties":{"level":1016},"geometry":{"type":"LineString","coordinates":[[-107.76,27.75],[-106.99,28.25],[-107.21,28.75],[-106.48,28.75],[-106.5,29.26],[-107.25,29.11],[-107.28,28.75],[-108.04,28.5],[-107.76,27.75]]}},{"type":"Feature","properties":{"level":1016},"geometry":{"type":"LineString","coordinates":[[0.34,27.75],[1.07,28.0],[1.07,28.5],[0.1,28.25],[-0.0,28.0],[0.34,27.75]]}},{"type":"Feature","properties":{"level":1016},"geometry":{"type":"LineString","coordinates":[[88.0,28.16],[83.5,29.5],[82.2,30.5],[82.35,30.75],[82.82,30.75],[82.5,31.11],[81.0,31.41],[80.91,31.25],[81.25,30.99],[82.16,30.75],[81.5,30.48],[80.5,30.67],[78.87,31.75],[79.31,32.5],[79.25,32.82],[78.5,32.54],[77.5,33.0],[76.7,33.75],[77.0,33.89],[78.25,33.19],[79.0,34.0],[80.25,33.84],[80.75,34.1],[81.25,33.52],[82.25,33.32],[82.75,34.01],[83.25,33.58],[84.25,33.94],[85.25,33.83],[88.5,34.65],[89.5,35.3],[90.25,35.38],[90.5,35.16],[91.0,35.38],[91.25,35.2],[92.0,35.46],[92.35,35.25],[92.25,34.71],[93.11,34.25],[92.75,33.6],[92.02,33.0],[92.17,32.75],[91.58,32.25],[91.87,31.75],[92.25,31.81],[92.55,31.5],[92.25,31.19],[90.94,31.0],[91.02,30.75],[90.5,30.58],[90.25,30.87],[89.0,30.79],[88.75,30.44],[88.25,30.37],[88.36,30.0],[87.75,30.11],[87.43,29.75],[88.0,29.51],[88.75,30.05],[88.55,29.5],[89.75,29.34],[90.48,30.0],[90.75,29.86],[92.25,30.6],[92.95,30.0],[92.34,29.5],[92.88,29.0],[90.5,28.52],[89.0,28.51],[88.82,28.25],[88.0,28.16]]}},{"type":"Feature","properties":{"level":1016},"geometry":{"type":"LineString","coordinates":[[1.41,28.75],[1.6,28.75],[1.41,28.75]]}},{"type":"Feature","properties":{"level":1016},"geometry":{"type":"LineString","coordinates":[[-107.82,29.0],[-107.62,29.0],[-107.66,29.75],[-108.5,30.27],[-108.25,29.32],[-107.82,29.0]]}},{"type":"Feature","properties":{"level":1016},"geometry":{"type":"LineString","coordinates":[[57.47,29.0],[57.76,29.25],[57.48,29.5],[57.66,29.75],[57.5,30.22],[57.32,29.75],[56.22,29.75],[56.25,29.47],[57.47,29.0]]}},{"type":"Feature","properties":{"level":1016},"geometry":{"type":"LineString","coordinates":[[32.04,30.0],[32.25,29.95],[32.25,30.2],[32.04,30.0]]}},{"type":"Feature","properties":{"level":1016},"geometry":{"type":"LineString","coordinates":[[107.0,29.97],[107.25,30.62],[108.12,30.5],[107.75,29.99],[107.25,29.81],[107.0,29.97]]}},{"type":"Feature","properties":{"level":1016},"geometry":{"type":"LineString","coordinates":[[-104.43,30.25],[-104.25,30.03],[-103.01,30.25],[-104.25,31.1],[-104.43,30.25]]}},{"type":"Feature","properties":{"level":1016},"geometry":{"type":"LineString","coordinates":[[-8.5,30.19],[-9.01,30.5],[-8.0,30.78],[-7.79,30.5],[-8.25,30.13],[-8.5,30.19]]}},{"type":"Feature","properties":{"level":1016},"geometry":{"type":"LineString","coordinates":[[4.25,30.07],[4.25,30.97],[5.0,30.84],[5.0,30.18],[4.25,30.07]]}},{"type":"Feature","properties":{"level":1016},"geometry":{"type":"LineString","coordinates":[[98.0,30.18],[97.0,30.74],[96.5,30.33],[95.25,30.95],[94.25,31.07],[94.09,31.25],[94.5,31.69],[95.09,31.75],[94.54,32.0],[94.5,32.25],[96.5,32.13],[97.0,32.42],[97.75,32.18],[99.0,32.43],[100.34,32.25],[100.25,31.89],[99.75,31.71],[99.0,31.99],[98.75,31.82],[99.3,31.5],[99.01,30.75],[98.0,31.02],[98.0,30.18]]}},{"type":"Feature","properties":{"level":1016},"geometry":{"type":"LineString","coordinates":[[-180.0,30.31],[-176.73,33.75],[-174.5,35.64],[-173.0,36.53],[-171.0,37.31],[-168.75,37.17],[-166.98,35.75],[-166.26,35.5],[-163.34,32.25],[-161.44,27.75],[-160.7,26.5],[-160.44,25.0],[-159.75,24.07],[-158.97,23.25],[-157.5,22.58],[-155.75,21.14],[-152.75,19.95],[-150.5,20.49],[-149.25,20.42],[-148.25,20.86],[-147.0,21.05],[-146.0,21.85],[-145.25,21.95],[-143.0,23.4],[-139.75,24.8],[-136.36,27.5],[-134.0,29.99],[-132.05,33.25],[-129.25,41.25],[-129.33,42.75],[-130.25,43.59],[-133.14,44.0],[-132.87,44.75],[-133.31,46.25],[-134.78,47.75],[-137.75,50.15],[-139.51,52.0],[-141.35,54.5],[-143.2,58.0],[-146.38,60.25],[-146.35,60.5],[-146.0,60.56],[-143.5,60.52],[-141.75,60.11],[-141.25,60.24],[-139.25,60.01],[-137.25,59.02],[-135.87,59.25],[-136.01,59.5],[-135.75,59.55],[-134.5,59.2],[-133.5,59.68],[-133.25,59.43],[-131.75,59.83],[-129.25,59.38],[-126.75,59.49],[-123.75,57.65],[-122.25,57.03],[-120.0,56.78],[-118.0,56.22],[-117.0,56.34],[-111.5,54.71],[-110.25,54.18],[-110.0,53.62],[-108.02,52.75],[-107.62,52.25],[-106.75,52.03],[-106.33,51.5],[-106.45,51.25],[-103.54,50.0],[-102.3,49.0],[-100.5,48.5],[-100.83,48.25],[-99.31,47.25],[-99.3,46.75],[-98.85,46.25],[-99.1,45.75],[-97.75,45.78],[-97.25,44.32],[-96.0,43.7],[-95.49,42.75],[-95.72,40.0],[-96.25,39.6],[-96.36,39.0],[-98.45,37.25],[-98.44,36.75],[-98.75,36.42],[-99.75,36.3],[-100.27,36.0],[-100.25,35.68],[-101.25,35.64],[-101.43,36.0],[-101.75,36.03],[-103.25,35.11],[-104.75,35.15],[-104.97,35.25],[-104.5,35.74],[-104.0,35.8],[-103.38,36.5],[-104.75,37.24],[-105.38,38.5],[-105.0,38.66],[-104.9,39.0],[-105.31,39.75],[-105.5,41.74],[-105.75,41.82],[-106.0,41.42],[-106.75,41.86],[-107.51,41.25],[-108.09,40.0],[-108.57,39.5],[-108.25,39.5],[-108.31,39.0],[-108.0,38.67],[-108.82,38.75],[-108.49,38.25],[-108.75,38.1],[-108.78,37.5],[-107.5,36.58],[-107.71,36.25],[-107.45,35.75],[-108.56,35.5],[-108.56,34.75],[-109.25,34.31],[-111.25,34.54],[-109.75,33.3],[-108.75,32.96],[-108.5,32.43],[-107.75,32.58],[-106.86,34.0],[-107.56,35.0],[-106.8,35.5],[-106.61,35.5],[-106.52,35.0],[-106.7,34.25],[-106.11,33.5],[-105.75,31.8],[-105.71,32.25],[-105.25,32.39],[-104.93,32.25],[-104.75,31.68],[-104.55,32.25],[-104.98,32.75],[-105.06,33.75],[-104.75,34.26],[-104.25,34.39],[-103.75,32.87],[-103.0,33.19],[-101.75,32.87],[-100.62,33.75],[-100.98,34.25],[-101.0,34.89],[-99.75,35.39],[-99.5,35.06],[-98.5,34.85],[-97.0,34.96],[-96.75,34.43],[-96.25,34.71],[-95.75,34.04],[-95.0,33.7],[-93.0,32.99],[-91.5,32.89],[-90.39,32.25],[-90.5,31.9],[-90.0,32.08],[-89.5,31.62],[-88.5,31.27],[-87.75,31.37],[-85.25,30.32],[-83.0,30.26],[-82.25,30.43],[-80.0,31.58],[-78.75,31.77],[-77.25,31.75],[-75.0,31.19],[-74.0,31.6],[-73.25,31.27],[-71.75,32.36],[-69.5,33.07],[-68.5,33.69],[-64.75,34.9],[-63.0,35.15],[-62.5,35.51],[-61.75,36.65],[-60.75,37.08],[-60.25,37.59],[-58.25,38.16],[-57.39,38.25],[-56.75,37.8],[-54.0,37.38],[-52.75,35.26],[-52.0,35.25],[-52.5,34.37],[-53.0,34.21],[-53.75,34.5],[-55.0,34.28],[-58.25,32.94],[-62.5,32.17],[-68.75,30.18],[-70.27,29.5],[-71.2,28.5],[-71.42,28.0],[-71.21,27.25],[-69.25,25.34],[-66.0,23.54],[-65.0,22.72],[-64.5,22.81],[-63.25,22.28],[-60.25,21.57],[-59.5,21.67],[-57.5,21.33],[-55.49,19.75],[-53.0,19.15],[-52.81,19.0],[-53.29,18.5],[-52.46,18.5],[-52.25,17.99],[-51.07,17.75],[-50.25,16.92],[-47.75,17.02],[-46.5,16.26],[-45.0,16.7],[-44.75,16.51],[-44.25,17.01],[-43.25,16.66],[-42.5,16.88],[-42.0,16.43],[-41.75,16.71],[-41.5,16.36],[-41.0,16.41],[-40.5,16.84],[-39.75,16.44],[-38.5,16.35],[-37.5,15.93],[-37.25,15.53],[-36.25,15.5],[-36.0,15.23],[-33.0,16.42],[-32.0,16.43],[-30.5,17.3],[-30.0,17.21],[-29.0,17.74],[-28.5,17.55],[-27.0,18.05],[-26.25,17.6],[-24.75,17.68],[-24.0,17.27],[-22.5,17.65],[-20.0,17.58],[-18.5,18.2],[-17.79,18.75],[-17.8,19.0],[-16.93,19.5],[-16.71,20.0],[-17.07,21.25],[-16.7,21.5],[-16.25,22.38],[-15.0,22.97],[-14.25,23.07],[-13.44,22.75],[-13.13,22.25],[-13.5,21.82],[-13.75,22.11],[-14.04,21.75],[-13.25,21.41],[-12.75,20.4],[-11.5,21.16],[-9.5,21.71],[-9.5,21.96],[-10.0,21.77],[-11.25,21.94],[-12.0,22.65],[-12.25,22.08],[-13.09,22.5],[-12.09,22.75],[-12.35,23.0],[-11.75,23.68],[-10.5,23.8],[-7.64,26.0],[-7.46,26.75],[-8.16,27.0],[-9.15,28.0],[-9.82,28.25],[-9.47,28.75],[-9.58,29.0],[-7.0,30.39],[-6.25,30.15],[-5.75,30.38],[-5.25,30.29],[-4.0,31.28],[-3.5,31.26],[-3.13,32.0],[-2.75,32.18],[-2.0,31.55],[-1.61,31.5],[-1.5,31.02],[-1.0,30.69],[-0.95,31.0],[0.25,31.37],[0.75,31.25],[1.5,30.4],[3.25,30.25],[3.0,29.62],[2.25,29.77],[1.92,29.5],[2.07,29.0],[1.59,28.25],[1.53,28.0],[1.88,27.75],[1.64,27.25],[2.25,27.13],[3.0,27.35],[3.49,26.25],[3.3,25.5],[3.61,25.0],[4.81,24.5],[4.71,24.0],[5.03,23.75],[5.25,22.37],[6.25,22.06],[6.75,22.37],[7.25,22.16],[7.5,22.34],[8.75,21.89],[9.0,21.49],[10.5,22.77],[11.25,22.69],[12.0,22.26],[13.25,22.28],[14.75,23.3],[15.5,22.56],[16.0,23.34],[17.0,23.91],[18.75,24.05],[19.07,23.75],[18.89,23.25],[19.06,22.5],[18.24,21.5],[18.03,20.75],[18.5,19.64],[18.75,19.75],[18.79,20.5],[19.11,20.75],[19.25,21.36],[20.5,22.43],[21.0,22.27],[23.25,22.74],[24.25,23.37],[24.75,24.04],[25.5,23.56],[26.41,23.5],[28.0,25.91],[29.39,27.25],[29.58,28.5],[30.61,29.75],[30.68,30.5],[31.5,30.75],[33.0,30.11],[33.5,30.27],[34.07,30.75],[34.85,32.0],[35.0,33.07],[35.75,33.16],[37.27,34.25],[37.25,34.54],[38.5,34.7],[39.0,35.12],[39.91,35.25],[39.89,35.5],[39.5,35.67],[38.5,35.16],[38.0,35.32],[37.5,35.17],[36.72,34.5],[36.25,34.71],[35.5,34.2],[35.49,35.75],[35.75,36.09],[36.08,35.75],[35.91,35.0],[36.25,34.84],[36.5,35.48],[37.0,35.5],[37.0,35.89],[38.0,35.62],[39.0,36.09],[40.0,35.95],[41.75,36.17],[42.24,36.5],[41.76,36.75],[42.25,37.26],[43.25,36.82],[44.29,37.0],[44.44,36.75],[44.25,36.2],[45.17,36.25],[45.01,35.75],[46.0,35.36],[45.98,34.0],[46.38,33.5],[46.75,33.43],[46.75,33.8],[47.25,33.87],[48.42,33.5],[48.13,33.25],[48.25,32.99],[48.75,33.28],[49.0,33.16],[50.21,31.75],[50.25,31.18],[50.35,31.75],[50.75,31.9],[50.98,31.5],[50.63,31.25],[50.91,30.75],[51.5,30.48],[52.25,29.31],[52.27,30.25],[52.78,30.25],[53.0,30.49],[53.75,29.98],[53.81,30.25],[51.0,32.22],[50.75,32.1],[50.47,32.75],[50.75,32.85],[50.73,33.25],[50.06,33.5],[49.75,33.98],[48.8,34.5],[48.86,34.75],[48.5,35.0],[48.75,35.41],[49.75,35.15],[50.02,35.5],[49.16,35.75],[49.23,36.25],[49.0,36.54],[48.5,36.38],[48.25,35.8],[47.75,35.82],[47.45,36.0],[47.6,36.75],[47.25,37.04],[46.75,37.17],[46.5,36.53],[45.5,36.87],[44.74,37.75],[44.65,38.25],[44.93,39.0],[44.67,39.25],[44.67,39.75],[45.78,39.0],[45.52,38.75],[45.83,38.5],[45.75,38.32],[45.4,38.25],[46.23,38.25],[46.33,38.0],[45.95,37.5],[46.25,37.31],[47.17,37.75],[46.65,38.0],[46.79,38.5],[47.25,38.8],[48.0,38.8],[48.41,38.5],[48.57,37.75],[49.25,36.89],[50.0,36.8],[51.0,35.9],[52.93,35.5],[54.0,36.29],[54.75,36.42],[55.75,36.97],[56.0,37.35],[56.71,37.5],[56.0,37.9],[55.0,36.96],[53.76,37.0],[53.52,39.0],[53.67,39.5],[53.5,39.9],[52.99,40.0],[52.95,42.5],[52.52,43.0],[52.75,43.14],[54.0,42.52],[54.25,41.5],[54.79,41.0],[54.5,40.5],[54.97,40.25],[54.95,40.0],[54.5,39.95],[54.36,39.5],[55.5,39.93],[58.5,38.49],[58.67,38.0],[58.5,37.96],[56.5,38.86],[56.1,38.75],[56.25,38.06],[56.75,38.09],[58.33,37.25],[56.8,37.5],[56.89,37.25],[58.25,36.84],[59.15,36.0],[59.0,35.61],[58.27,35.5],[59.74,35.25],[60.5,34.43],[60.83,35.0],[61.25,35.11],[61.75,34.65],[63.12,34.25],[62.48,34.0],[62.72,33.75],[64.0,33.6],[64.5,33.21],[65.75,33.91],[66.0,33.84],[66.25,34.22],[67.46,34.25],[66.83,33.5],[67.0,33.33],[68.0,33.75],[67.89,34.25],[68.75,34.56],[68.98,34.75],[68.89,35.0],[70.0,35.04],[70.25,35.27],[71.0,35.17],[71.65,36.0],[72.0,36.07],[72.16,35.25],[72.75,35.13],[72.97,35.5],[74.37,36.25],[74.81,35.5],[74.25,35.25],[73.5,35.33],[73.16,35.0],[73.25,34.7],[73.75,34.5],[73.88,34.0],[74.5,33.46],[75.19,33.5],[74.14,34.25],[74.03,34.5],[74.5,34.6],[75.27,33.5],[75.79,33.5],[75.95,33.25],[75.64,33.0],[76.16,32.75],[76.42,32.25],[77.25,31.94],[77.85,31.25],[79.75,30.06],[81.5,29.35],[82.0,29.71],[82.09,29.5],[81.62,29.25],[81.73,29.0],[83.0,28.35],[84.5,28.29],[86.5,27.44],[87.25,27.58],[88.0,27.14],[88.5,27.44],[89.75,26.97],[90.0,27.31],[91.0,27.18],[91.25,27.44],[91.75,26.99],[93.18,27.75],[93.5,28.18],[94.25,28.3],[95.0,29.09],[95.25,28.56],[95.75,28.57],[96.5,28.05],[97.0,27.27],[97.25,27.73],[98.07,27.75],[98.25,26.8],[98.43,26.75],[98.25,25.33],[98.91,26.0],[99.0,26.6],[99.25,26.77],[99.5,26.46],[99.75,26.56],[99.75,26.14],[100.08,26.5],[99.77,27.0],[100.25,26.81],[100.5,27.45],[101.0,26.71],[101.25,27.14],[101.94,27.5],[102.25,28.23],[102.5,26.79],[102.74,27.25],[103.0,27.16],[103.25,26.7],[103.5,26.84],[103.98,26.25],[103.73,25.75],[103.72,24.25],[104.18,23.75],[104.06,23.5],[103.17,23.25],[104.5,22.64],[104.75,22.65],[105.0,23.16],[105.75,23.16],[106.25,22.87],[106.55,23.0],[106.81,23.5],[106.0,23.77],[106.0,24.27],[107.25,24.22],[107.75,23.87],[108.0,24.08],[108.25,23.96],[108.25,24.75],[108.75,24.76],[109.25,25.18],[110.15,24.5],[110.06,24.0],[110.25,23.88],[110.75,24.25],[111.25,23.94],[111.75,24.19],[112.25,24.06],[112.5,23.77],[112.75,23.77],[113.0,24.33],[113.75,24.29],[113.73,23.75],[114.0,23.75],[115.25,24.5],[115.75,24.46],[116.5,24.83],[116.75,24.25],[115.26,23.25],[115.75,23.23],[116.25,23.65],[117.5,23.86],[118.0,24.4],[120.5,25.84],[124.0,26.07],[126.75,26.91],[129.0,26.9],[131.25,27.74],[138.0,26.27],[142.5,27.33],[147.0,27.5],[153.0,29.79],[155.75,31.12],[157.02,33.25],[157.4,34.5],[159.25,36.04],[160.5,36.44],[164.25,36.85],[164.75,37.32],[165.25,37.03],[167.0,37.61],[168.09,37.25],[166.8,36.0],[166.05,34.25],[166.14,33.5],[165.58,32.0],[163.82,30.25],[163.42,29.25],[163.5,28.58],[164.5,27.82],[167.25,27.61],[168.75,27.2],[174.25,27.51],[176.75,28.1],[178.13,28.75],[180.0,30.31]]}},{"type":"Feature","properties":{"level":1016},"geometry":{"type":"LineString","coordinates":[[93.0,30.4],[92.8,30.5],[92.99,31.0],[93.5,31.16],[93.9,31.0],[93.0,30.4]]}},{"type":"Feature","properties":{"level":1016},"geometry":{"type":"LineString","coordinates":[[107.0,30.75],[106.81,31.0],[107.0,31.28],[107.76,31.25],[107.5,30.81],[107.0,30.75]]}},{"type":"Feature","properties":{"level":1016},"geometry":{"type":"LineString","coordinates":[[-9.0,31.13],[-9.29,31.75],[-8.53,33.25],[-6.75,34.0],[-6.54,34.75],[-5.91,35.5],[-5.75,35.58],[-4.42,34.5],[-4.24,33.75],[-5.45,33.5],[-5.32,32.75],[-6.01,32.0],[-6.5,31.73],[-7.0,31.93],[-8.5,31.49],[-9.0,31.13]]}},{"type":"Feature","properties":{"level":1016},"geometry":{"type":"LineString","coordinates":[[88.12,33.0],[88.5,32.92],[88.47,33.5],[88.75,33.75],[88.25,34.39],[87.5,34.08],[87.36,33.75],[88.12,33.0]]}},{"type":"Feature","properties":{"level":1016},"geometry":{"type":"LineString","coordinates":[[-12.25,33.13],[-12.54,33.75],[-12.39,34.25],[-11.52,35.0],[-9.38,34.5],[-12.25,33.13]]}},{"type":"Feature","properties":{"level":1016},"geometry":{"type":"LineString","coordinates":[[41.49,33.5],[42.03,33.5],[41.25,34.04],[41.14,33.75],[41.49,33.5]]}},{"type":"Feature","properties":{"level":1016},"geometry":{"type":"LineString","coordinates":[[89.36,33.5],[89.5,33.31],[89.75,33.41],[89.89,33.75],[89.0,34.14],[88.77,33.75],[89.36,33.5]]}},{"type":"Feature","properties":{"level":1016},"geometry":{"type":"LineString","coordinates":[[62.5,35.46],[62.63,36.25],[63.5,35.75],[63.0,35.28],[62.5,35.46]]}},{"type":"Feature","properties":{"level":1016},"geometry":{"type":"LineString","coordinates":[[-118.53,36.25],[-118.25,36.09],[-118.18,36.25],[-118.4,37.0],[-118.75,37.66],[-119.5,38.33],[-119.5,37.69],[-118.53,36.25]]}},{"type":"Feature","properties":{"level":1016},"geometry":{"type":"LineString","coordinates":[[36.5,36.17],[36.5,36.33],[36.5,36.17]]}},{"type":"Feature","properties":{"level":1016},"geometry":{"type":"LineString","coordinates":[[61.25,36.24],[61.07,36.5],[61.25,36.64],[61.51,36.5],[61.25,36.24]]}},{"type":"Feature","properties":{"level":1016},"geometry":{"type":"LineString","coordinates":[[52.75,36.46],[52.52,36.5],[52.92,36.5],[52.75,36.46]]}},{"type":"Feature","properties":{"level":1016},"geometry":{"type":"LineString","coordinates":[[35.25,36.74],[35.25,37.0],[35.25,36.74]]}},{"type":"Feature","properties":{"level":1016},"geometry":{"type":"LineString","coordinates":[[36.0,36.91],[35.84,37.25],[36.0,37.29],[36.0,36.91]]}},{"type":"Feature","properties":{"level":1016},"geometry":{"type":"LineString","coordinates":[[49.5,37.08],[49.5,37.44],[49.94,37.25],[49.5,37.08]]}},{"type":"Feature","properties":{"level":1016},"geometry":{"type":"LineString","coordinates":[[-112.89,37.5],[-111.37,38.0],[-111.5,39.16],[-112.23,38.25],[-112.5,38.39],[-112.89,37.5]]}},{"type":"Feature","properties":{"level":1016},"geometry":{"type":"LineString","coordinates":[[47.32,37.75],[47.8,37.75],[48.0,38.4],[47.06,38.25],[47.71,38.0],[47.32,37.75]]}},{"type":"Feature","properties":{"level":1016},"geometry":{"type":"LineString","coordinates":[[55.56,39.0],[55.75,38.84],[55.93,39.0],[55.56,39.0]]}},{"type":"Feature","properties":{"level":1016},"geometry":{"type":"LineString","coordinates":[[-111.38,39.5],[-111.25,39.35],[-110.7,40.25],[-109.49,40.75],[-110.5,41.22],[-111.25,40.96],[-111.5,41.08],[-111.38,39.5]]}},{"type":"Feature","properties":{"level":1016},"geometry":{"type":"LineString","coordinates":[[48.25,39.41],[47.51,39.75],[47.75,40.52],[48.39,40.5],[49.01,40.0],[48.84,39.5],[48.25,39.41]]}},{"type":"Feature","properties":{"level":1016},"geometry":{"type":"LineString","coordinates":[[180.0,39.33],[177.75,38.85],[177.23,39.0],[178.16,40.25],[180.0,41.46]]}},{"type":"Feature","properties":{"level":1016},"geometry":{"type":"LineString","coordinates":[[-180.0,41.46],[-179.27,42.25],[-179.81,43.0],[-179.73,43.25],[-180.0,43.15]]}},{"type":"Feature","properties":{"level":1016},"geometry":{"type":"LineString","coordinates":[[-111.15,42.5],[-110.5,42.35],[-110.0,43.05],[-108.91,42.5],[-109.57,43.5],[-109.24,43.75],[-109.27,44.0],[-110.17,44.75],[-110.11,45.25],[-111.46,44.75],[-110.86,44.5],[-110.81,43.75],[-111.28,43.25],[-110.98,42.75],[-111.15,42.5]]}},{"type":"Feature","properties":{"level":1016},"geometry":{"type":"LineString","coordinates":[[180.0,43.15],[179.0,44.08],[176.25,44.39],[170.5,44.21],[166.0,44.45],[163.25,44.91],[150.75,48.17],[144.0,50.71],[143.0,51.41],[141.92,51.5],[141.4,51.75],[140.5,52.88],[139.5,52.97],[137.0,54.15],[136.42,55.5],[138.0,57.41],[138.58,57.5],[138.93,58.25],[138.36,58.75],[139.0,58.72],[139.25,59.18],[139.75,59.05],[140.06,59.5],[140.38,60.25],[140.09,60.5],[140.5,62.02],[140.75,62.16],[141.5,61.67],[143.0,61.77],[143.75,61.33],[146.0,61.37],[146.75,61.7],[147.25,61.64],[147.25,61.9],[146.91,62.0],[147.21,62.5],[146.62,63.25],[146.75,63.72],[148.0,63.23],[148.44,62.75],[148.4,62.5],[149.25,62.32],[150.07,62.5],[149.2,62.75],[149.7,63.0],[150.0,63.55],[150.5,63.4],[151.34,63.75],[150.75,64.0],[150.25,64.58],[149.5,64.62],[148.98,65.5],[147.75,66.09],[141.75,67.62],[141.5,68.05],[139.17,67.75],[138.51,68.5],[138.75,68.67],[139.5,68.04],[139.97,68.5],[139.04,69.25],[138.0,69.55],[135.5,69.39],[133.75,68.92],[132.5,68.85],[131.25,69.1],[130.5,68.72],[129.7,69.25],[129.82,70.25],[127.75,70.97],[118.75,71.74],[107.75,73.03],[106.41,73.25],[106.34,73.5],[105.39,74.0],[105.25,74.51],[101.25,74.24],[99.78,74.5],[100.75,74.8],[103.25,74.6],[104.25,75.15],[106.5,74.97],[110.18,75.5],[110.0,76.05],[107.25,76.02],[106.0,76.32],[102.75,76.05],[101.26,75.75],[101.47,75.5],[101.0,75.4],[96.5,75.19],[94.5,75.49],[91.07,74.0],[90.76,73.25],[90.01,72.75],[91.8,71.75],[97.88,71.0],[97.91,70.75],[96.24,70.5],[91.75,70.32],[91.4,70.25],[92.01,70.0],[91.0,70.06],[90.75,69.68],[90.5,69.88],[90.36,69.75],[91.35,69.25],[97.25,68.39],[98.0,68.56],[98.41,68.25],[99.21,68.25],[99.25,67.98],[99.48,68.0],[99.5,68.28],[99.84,68.25],[99.55,68.0],[100.0,67.98],[101.0,68.36],[102.0,68.37],[102.26,68.5],[102.25,68.96],[105.89,68.5],[106.02,68.25],[105.25,67.93],[102.15,67.25],[101.59,66.75],[101.78,66.25],[101.32,65.75],[101.9,65.25],[101.65,64.5],[102.12,63.75],[103.39,62.5],[104.34,61.0],[104.23,60.5],[104.81,59.25],[104.46,58.25],[104.8,57.5],[104.7,56.75],[104.04,55.0],[104.05,54.0],[104.65,52.5],[104.6,52.0],[105.25,51.84],[105.75,52.11],[106.07,52.0],[105.75,51.69],[103.75,51.01],[104.56,50.25],[103.75,50.24],[103.5,49.75],[104.5,49.7],[105.5,50.24],[105.97,50.0],[104.75,49.61],[104.37,49.25],[105.75,49.45],[106.18,49.0],[105.5,48.71],[105.48,48.25],[106.65,48.0],[106.69,47.0],[106.04,46.25],[106.07,46.0],[107.05,44.75],[106.25,43.98],[105.99,44.0],[106.06,44.25],[105.75,44.42],[103.25,44.09],[102.0,44.57],[101.76,44.5],[101.84,44.25],[101.5,44.18],[101.0,44.5],[101.75,44.52],[101.75,44.79],[99.5,45.07],[98.0,45.62],[97.75,46.08],[97.36,46.25],[98.75,46.22],[99.5,46.98],[100.13,46.75],[99.98,46.5],[100.75,46.35],[101.25,45.93],[102.2,46.25],[102.0,46.63],[100.45,47.25],[98.0,47.57],[97.75,47.28],[97.1,47.25],[96.89,46.5],[96.5,46.42],[95.75,46.84],[95.5,46.29],[95.0,46.17],[94.64,46.5],[93.03,47.0],[93.0,47.29],[92.0,47.35],[90.88,48.25],[90.75,48.77],[89.45,48.75],[89.39,49.0],[90.05,49.25],[89.55,49.5],[90.19,50.25],[90.0,50.5],[91.0,50.55],[92.0,51.03],[93.0,51.19],[93.0,51.41],[92.11,51.5],[92.23,51.75],[93.75,51.73],[96.0,52.75],[96.0,53.18],[95.15,53.75],[95.42,54.0],[95.25,54.11],[94.0,54.22],[93.81,54.5],[93.25,54.61],[91.5,53.65],[90.75,54.26],[89.5,54.21],[87.75,54.78],[84.25,54.87],[83.8,55.25],[82.75,55.43],[80.78,56.25],[75.5,59.5],[74.0,60.87],[72.0,61.92],[62.5,64.05],[60.5,64.17],[59.92,64.5],[59.95,64.75],[60.59,65.0],[59.5,65.23],[57.25,64.24],[55.36,63.75],[54.27,62.75],[53.97,61.75],[52.93,61.0],[52.28,60.25],[52.19,59.75],[50.21,58.0],[48.5,54.74],[47.1,53.5],[47.8,52.25],[47.78,51.5],[46.5,50.46],[45.75,50.26],[45.25,49.85],[43.75,47.73],[42.0,46.74],[40.25,46.92],[39.25,46.39],[39.36,46.75],[39.16,47.0],[39.53,47.25],[38.75,47.25],[36.7,45.75],[35.25,45.06],[33.75,45.03],[32.5,44.67],[31.62,45.5],[32.25,47.3],[31.5,48.08],[30.0,47.98],[29.37,48.25],[28.98,48.75],[29.14,49.5],[28.75,49.74],[16.5,53.43],[14.25,53.52],[8.75,52.72],[3.5,53.05],[1.25,52.9],[-4.0,53.58],[-6.5,54.9],[-8.5,55.34],[-28.75,57.41],[-35.0,57.4],[-41.0,56.72],[-42.0,56.25],[-43.72,54.5],[-46.38,52.75],[-50.0,50.93],[-54.5,48.04],[-55.76,47.5],[-56.84,46.25],[-59.5,44.3],[-61.25,43.4],[-64.25,42.51],[-69.0,41.69],[-69.75,42.24],[-69.59,42.75],[-70.99,43.75],[-71.09,44.25],[-70.81,44.75],[-71.0,44.98],[-74.0,45.87],[-74.5,46.66],[-76.97,49.0],[-82.75,51.56],[-89.32,56.0],[-91.43,57.0],[-91.85,57.75],[-91.29,59.5],[-90.19,60.75],[-87.92,62.5],[-83.2,65.0],[-83.28,65.5],[-82.95,66.0],[-81.46,67.25],[-81.58,68.0],[-81.17,68.75],[-79.91,69.5],[-79.67,70.0],[-80.2,70.75],[-79.96,71.0],[-79.25,71.14],[-76.0,70.79],[-74.75,71.05],[-74.37,71.5],[-75.75,71.88],[-77.0,72.6],[-77.51,72.5],[-77.27,72.25],[-78.68,72.0],[-78.54,71.75],[-81.25,71.98],[-80.81,72.75],[-81.21,73.25],[-82.0,73.54],[-83.75,73.52],[-85.75,73.15],[-86.25,73.5],[-89.75,73.43],[-90.5,73.52],[-90.75,73.79],[-94.75,74.18],[-95.45,74.5],[-93.74,74.75],[-102.36,76.25],[-104.75,76.9],[-107.86,78.25],[-109.06,79.25],[-109.18,80.0],[-108.79,80.75],[-106.25,82.17],[-96.43,85.0],[-96.0,85.65],[-96.84,86.25],[-100.46,87.0],[-105.0,87.46],[-120.0,88.29],[-146.0,88.73],[-180.0,88.74]]}},{"type":"Feature","properties":{"level":1016},"geometry":{"type":"LineString","coordinates":[[104.75,50.46],[105.5,50.57],[106.5,51.14],[106.64,51.0],[106.68,50.5],[106.25,50.53],[106.0,50.3],[104.75,50.46]]}},{"type":"Feature","properties":{"level":1016},"geometry":{"type":"LineString","coordinates":[[102.47,51.25],[103.0,51.15],[103.72,51.5],[103.6,51.75],[104.34,52.0],[103.5,52.07],[103.38,51.75],[102.47,51.25]]}},{"type":"Feature","properties":{"level":1016},"geometry":{"type":"LineString","coordinates":[[98.78,52.0],[99.47,52.0],[99.81,52.25],[99.0,52.42],[98.78,52.0]]}},{"type":"Feature","properties":{"level":1016},"geometry":{"type":"LineString","coordinates":[[-152.0,60.44],[-152.19,60.5],[-152.0,60.62],[-152.0,60.44]]}},{"type":"Feature","properties":{"level":1016},"geometry":{"type":"LineString","coordinates":[[-151.75,60.7],[-151.68,61.0],[-151.28,61.0],[-151.75,60.7]]}},{"type":"Feature","properties":{"level":1016},"geometry":{"type":"LineString","coordinates":[[-46.96,62.25],[-45.87,62.25],[-45.41,62.5],[-45.7,62.75],[-44.29,63.25],[-43.75,64.0],[-44.09,64.5],[-43.5,64.7],[-43.12,65.75],[-42.0,66.42],[-39.75,67.18],[-35.5,67.97],[-34.59,68.5],[-34.63,69.25],[-31.5,69.55],[-30.2,70.0],[-30.21,70.25],[-29.38,71.0],[-29.48,71.5],[-28.91,71.75],[-30.18,72.0],[-29.0,72.22],[-28.25,71.55],[-27.89,71.75],[-28.32,72.0],[-28.0,72.11],[-26.75,71.81],[-25.49,72.0],[-25.14,72.25],[-26.2,72.5],[-25.75,73.01],[-25.25,72.88],[-24.68,73.25],[-25.59,73.5],[-24.5,74.06],[-23.75,73.47],[-23.19,74.0],[-23.75,74.19],[-24.25,74.02],[-24.35,74.25],[-23.65,74.75],[-22.76,75.0],[-22.5,75.58],[-21.29,75.75],[-21.3,76.0],[-22.4,76.0],[-24.15,76.5],[-24.3,76.75],[-24.0,77.01],[-25.32,77.5],[-23.98,78.5],[-25.25,78.68],[-27.45,78.5],[-27.49,79.0],[-28.53,79.5],[-28.93,80.25],[-30.0,80.79],[-36.75,81.24],[-39.25,81.65],[-41.25,81.65],[-44.5,81.22],[-45.08,81.0],[-43.64,80.5],[-45.14,80.0],[-48.44,80.0],[-49.03,79.75],[-49.16,79.5],[-48.87,79.0],[-49.1,78.75],[-50.75,78.0],[-53.52,77.5],[-53.94,77.25],[-54.03,76.25],[-54.52,75.75],[-54.19,75.0],[-54.1,73.5],[-53.32,72.5],[-54.09,72.0],[-52.5,71.8],[-51.75,71.07],[-51.0,71.05],[-50.0,70.01],[-49.44,69.0],[-50.09,68.5],[-49.3,66.75],[-50.31,66.25],[-50.33,66.0],[-50.0,65.96],[-49.25,66.51],[-48.5,66.27],[-47.75,66.36],[-46.88,66.0],[-46.75,64.5],[-46.08,63.25],[-46.75,62.83],[-46.96,62.25]]}},{"type":"Feature","properties":{"level":1016},"geometry":{"type":"LineString","coordinates":[[-68.51,63.0],[-67.89,63.0],[-69.06,63.75],[-65.5,63.1],[-65.19,63.25],[-65.09,63.75],[-65.75,64.64],[-68.5,65.3],[-69.24,65.0],[-69.5,64.18],[-69.77,64.0],[-69.76,63.5],[-68.51,63.0]]}},{"type":"Feature","properties":{"level":1016},"geometry":{"type":"LineString","coordinates":[[145.25,64.21],[144.14,64.5],[145.25,64.65],[146.32,64.5],[145.25,64.21]]}},{"type":"Feature","properties":{"level":1016},"geometry":{"type":"LineString","coordinates":[[131.25,65.97],[130.75,66.5],[131.25,66.76],[132.19,66.5],[132.0,66.14],[131.25,65.97]]}},{"type":"Feature","properties":{"level":1016},"geometry":{"type":"LineString","coordinates":[[140.25,66.95],[140.1,67.25],[140.25,67.53],[141.06,67.25],[140.5,66.76],[140.25,66.95]]}},{"type":"Feature","properties":{"level":1016},"geometry":{"type":"LineString","coordinates":[[-71.64,69.75],[-71.08,69.75],[-71.05,70.25],[-73.25,70.5],[-71.64,69.75]]}},{"type":"Feature","properties":{"level":1016},"geometry":{"type":"LineString","coordinates":[[-79.56,73.25],[-78.5,73.06],[-77.65,73.25],[-79.56,73.25]]}},{"type":"Feature","properties":{"level":1016},"geometry":{"type":"LineString","coordinates":[[-83.44,75.25],[-82.0,75.04],[-81.21,75.25],[-82.25,75.53],[-83.44,75.25]]}},{"type":"Feature","properties":{"level":1016},"geometry":{"type":"LineString","coordinates":[[-180.0,79.41],[-158.0,79.78],[-149.75,79.42],[-144.0,78.79],[-139.25,77.78],[-135.97,76.5],[-133.4,74.25],[-132.69,73.0],[-132.49,72.0],[-133.06,69.25],[-132.74,69.0],[-132.75,68.5],[-133.5,68.7],[-133.73,68.5],[-133.36,68.0],[-133.27,67.25],[-134.6,67.25],[-134.24,67.0],[-134.97,67.0],[-135.75,68.2],[-138.0,68.25],[-140.0,69.17],[-141.75,69.3],[-143.75,69.04],[-144.5,69.3],[-146.0,69.24],[-148.0,68.39],[-150.75,68.16],[-152.11,67.75],[-150.57,66.5],[-151.01,66.0],[-151.0,65.7],[-150.0,65.43],[-148.25,65.6],[-144.54,64.0],[-144.75,63.75],[-145.75,63.67],[-148.0,63.95],[-151.5,63.07],[-152.49,62.5],[-152.75,62.07],[-154.0,61.79],[-153.5,61.36],[-152.4,61.25],[-153.25,60.9],[-153.71,60.25],[-153.5,59.78],[-152.57,59.5],[-152.59,59.0],[-154.62,57.25],[-155.25,56.0],[-157.58,54.5],[-163.5,51.32],[-169.0,47.4],[-173.0,43.83],[-175.7,41.75],[-178.75,39.82],[-180.0,39.33]]}},{"type":"Feature","properties":{"level":1016},"geometry":{"type":"LineString","coordinates":[[-71.39,81.5],[-69.0,81.37],[-66.44,82.0],[-68.5,82.06],[-69.75,81.66],[-70.5,81.8],[-71.39,81.5]]}},{"type":"Feature","properties":{"level":1016},"geometry":{"type":"LineString","coordinates":[[-82.65,82.0],[-79.45,82.0],[-79.49,82.25],[-79.75,82.27],[-80.75,82.03],[-82.65,82.0]]}},{"type":"Feature","properties":{"level":1016},"geometry":{"type":"LineString","coordinates":[[-41.28,82.25],[-39.0,82.25],[-40.5,82.51],[-41.28,82.25]]}},{"type":"Feature","properties":{"level":1016},"geometry":{"type":"LineString","coordinates":[[180.0,88.74],[149.25,88.28],[127.5,87.22],[120.75,86.48],[117.0,85.74],[114.17,84.75],[113.28,84.0],[113.09,83.25],[113.17,81.75],[113.4,81.25],[114.28,80.5],[115.25,80.05],[120.42,78.75],[126.0,78.04],[137.5,78.24],[151.0,79.31],[165.75,78.44],[174.25,79.21],[180.0,79.41]]}},{"type":"Feature","properties":{"level":1020},"geometry":{"type":"LineString","coordinates":[[139.59,-89.0],[159.83,-89.0],[154.51,-88.5],[157.0,-88.44],[175.22,-88.5],[175.18,-88.25],[147.5,-87.07],[136.0,-85.91],[124.5,-86.02],[116.8,-87.0],[117.12,-87.25],[117.07,-87.5],[118.53,-87.75],[118.09,-88.0],[119.36,-88.25],[139.59,-89.0]]}},{"type":"Feature","properties":{"level":1020},"geometry":{"type":"LineString","coordinates":[[108.42,-86.25],[111.4,-86.25],[110.75,-86.02],[108.42,-86.25]]}},{"type":"Feature","properties":{"level":1020},"geometry":{"type":"LineString","coordinates":[[115.05,-82.75],[119.05,-82.5],[114.42,-82.5],[115.05,-82.75]]}},{"type":"Feature","properties":{"level":1020},"geometry":{"type":"LineString","coordinates":[[89.71,-82.25],[93.11,-82.0],[92.5,-81.69],[91.0,-81.63],[86.77,-82.0],[89.71,-82.25]]}},{"type":"Feature","properties":{"level":1020},"geometry":{"type":"LineString","coordinates":[[109.37,-81.5],[113.75,-81.56],[116.23,-81.25],[116.35,-81.0],[117.5,-80.83],[121.0,-80.55],[125.0,-80.91],[126.25,-80.8],[128.0,-80.41],[131.5,-79.13],[134.75,-78.47],[144.92,-77.25],[146.92,-76.0],[147.55,-75.0],[145.1,-73.5],[140.75,-72.33],[140.48,-71.75],[138.79,-70.5],[137.5,-70.47],[136.76,-70.0],[134.75,-69.55],[133.25,-70.42],[119.75,-71.97],[119.18,-72.5],[119.65,-73.25],[118.5,-73.46],[117.75,-73.88],[114.75,-74.37],[110.75,-75.41],[108.5,-75.59],[101.5,-75.27],[100.75,-75.42],[99.15,-76.25],[99.0,-76.78],[100.34,-77.75],[99.57,-78.25],[99.75,-78.6],[107.21,-79.25],[107.25,-80.0],[107.88,-80.25],[107.64,-80.5],[110.13,-81.0],[109.37,-81.5]]}},{"type":"Feature","properties":{"level":1020},"geometry":{"type":"LineString","coordinates":[[-61.02,-56.0],[-57.25,-56.07],[-54.25,-55.62],[-50.84,-54.75],[-47.5,-53.17],[-44.84,-51.5],[-37.3,-45.75],[-31.98,-42.5],[-28.7,-38.75],[-26.5,-37.97],[-25.75,-37.22],[-24.75,-36.99],[-23.0,-35.67],[-22.0,-35.25],[-20.0,-34.73],[-17.7,-34.75],[-16.5,-34.1],[-14.25,-34.02],[-13.5,-34.35],[-13.0,-33.77],[-10.25,-34.23],[-9.25,-34.69],[-7.25,-35.1],[-5.75,-36.5],[-0.5,-38.61],[7.5,-39.3],[12.19,-38.5],[13.14,-37.75],[13.58,-36.75],[13.44,-35.75],[12.75,-35.14],[11.24,-34.5],[10.71,-33.5],[11.19,-33.0],[10.74,-32.5],[13.9,-32.5],[14.3,-32.0],[14.26,-31.5],[12.75,-29.28],[7.25,-24.71],[4.0,-22.68],[1.25,-21.35],[-1.5,-18.87],[-2.5,-18.34],[-3.0,-18.43],[-4.07,-18.0],[-5.25,-16.99],[-6.75,-17.18],[-8.0,-16.97],[-8.5,-17.42],[-9.0,-17.09],[-9.5,-17.27],[-9.85,-17.0],[-11.5,-16.87],[-12.5,-17.5],[-13.5,-17.14],[-14.5,-17.37],[-14.75,-16.84],[-16.0,-17.62],[-16.73,-17.75],[-17.02,-18.0],[-16.5,-18.25],[-17.75,-18.92],[-18.5,-18.18],[-20.75,-17.32],[-20.5,-18.0],[-21.5,-18.16],[-21.75,-18.55],[-26.5,-18.8],[-27.75,-19.42],[-29.32,-19.75],[-29.79,-20.25],[-30.54,-20.5],[-30.27,-21.0],[-30.35,-21.75],[-30.66,-22.0],[-30.62,-22.25],[-31.88,-23.25],[-31.34,-23.75],[-31.15,-24.5],[-31.73,-25.25],[-31.37,-26.0],[-29.94,-27.0],[-29.5,-27.75],[-28.63,-28.5],[-28.61,-28.75],[-29.25,-29.0],[-29.34,-29.25],[-27.87,-31.5],[-28.65,-32.25],[-29.84,-32.75],[-30.0,-33.25],[-29.75,-33.35],[-29.75,-33.75],[-30.25,-33.65],[-30.5,-33.86],[-30.75,-33.64],[-32.0,-33.86],[-32.25,-34.27],[-32.75,-33.95],[-33.25,-34.37],[-34.5,-34.32],[-35.25,-34.83],[-36.25,-34.82],[-36.75,-35.28],[-38.5,-35.07],[-44.75,-36.31],[-46.25,-36.82],[-51.75,-37.57],[-53.5,-37.53],[-56.0,-36.97],[-58.79,-35.25],[-60.92,-32.25],[-61.84,-31.5],[-62.5,-30.28],[-63.0,-30.13],[-63.5,-29.52],[-64.27,-30.25],[-64.98,-32.75],[-65.25,-32.96],[-65.61,-32.75],[-65.73,-33.25],[-66.25,-33.84],[-66.5,-34.01],[-67.96,-33.5],[-67.77,-33.0],[-68.5,-32.84],[-68.79,-33.0],[-69.0,-33.97],[-69.05,-33.5],[-69.57,-33.25],[-69.58,-32.5],[-70.21,-32.0],[-69.82,-31.75],[-69.89,-30.75],[-69.64,-30.5],[-69.27,-28.75],[-68.27,-27.75],[-67.85,-26.75],[-68.17,-26.0],[-67.75,-25.63],[-67.0,-26.22],[-66.71,-26.0],[-66.75,-25.47],[-67.0,-25.25],[-66.46,-25.0],[-66.5,-24.25],[-67.09,-23.25],[-67.1,-22.5],[-68.12,-21.0],[-68.19,-20.5],[-68.0,-20.24],[-67.25,-20.58],[-66.94,-20.25],[-67.25,-19.74],[-68.18,-20.0],[-68.25,-20.21],[-68.5,-19.96],[-69.05,-18.5],[-69.0,-17.83],[-69.25,-17.45],[-69.5,-17.53],[-69.41,-17.25],[-70.67,-15.75],[-70.63,-15.25],[-70.95,-14.75],[-70.75,-14.44],[-69.75,-14.62],[-69.25,-15.04],[-69.25,-14.63],[-70.0,-13.92],[-71.25,-13.46],[-71.43,-13.75],[-71.16,-14.25],[-71.5,-14.83],[-71.56,-14.5],[-72.0,-14.55],[-72.5,-14.21],[-74.0,-14.33],[-74.4,-13.75],[-74.43,-13.25],[-75.75,-11.7],[-75.93,-10.5],[-76.48,-10.25],[-76.56,-9.5],[-77.25,-9.15],[-77.46,-9.25],[-77.31,-9.75],[-76.6,-11.25],[-74.75,-14.11],[-73.75,-14.82],[-73.48,-14.75],[-72.83,-15.25],[-72.75,-15.58],[-72.25,-15.32],[-71.87,-15.5],[-71.12,-16.5],[-70.75,-16.47],[-70.66,-17.0],[-70.02,-17.5],[-69.11,-19.5],[-68.75,-21.33],[-68.16,-22.0],[-67.85,-23.25],[-67.91,-23.75],[-68.65,-24.25],[-69.25,-25.14],[-68.98,-26.25],[-69.39,-26.5],[-69.47,-27.75],[-70.5,-29.5],[-70.22,-31.0],[-70.6,-31.5],[-69.86,-33.0],[-70.16,-33.25],[-69.75,-33.72],[-69.42,-33.75],[-69.89,-34.0],[-69.75,-34.6],[-69.5,-34.14],[-69.25,-34.31],[-69.0,-34.17],[-69.27,-35.25],[-69.2,-35.5],[-68.47,-35.75],[-68.54,-36.5],[-69.0,-37.26],[-69.75,-37.52],[-70.75,-37.13],[-71.25,-37.5],[-71.39,-39.25],[-71.89,-39.75],[-72.3,-40.75],[-72.31,-42.25],[-72.64,-43.5],[-72.5,-43.68],[-71.25,-43.46],[-71.0,-43.88],[-70.5,-44.0],[-70.38,-44.5],[-70.69,-45.0],[-70.56,-45.5],[-71.12,-46.0],[-70.72,-46.25],[-71.55,-46.75],[-69.0,-48.17],[-68.63,-49.25],[-68.19,-49.5],[-67.84,-51.75],[-67.1,-54.25],[-65.88,-54.75],[-64.0,-54.96],[-62.22,-55.75],[-61.02,-56.0]]}},{"type":"Feature","properties":{"level":1020},"geometry":{"type":"LineString","coordinates":[[-180.0,-54.88],[-176.75,-54.56],[-168.75,-52.73],[-164.5,-51.14],[-159.75,-48.76],[-151.03,-43.75],[-148.92,-42.25],[-148.11,-40.75],[-147.56,-40.25],[-143.46,-38.5],[-140.71,-36.75],[-137.75,-34.24],[-136.64,-32.0],[-134.75,-31.03],[-134.25,-31.26],[-132.75,-30.93],[-128.75,-30.91],[-126.25,-31.01],[-125.5,-31.25],[-123.0,-30.18],[-122.0,-29.39],[-121.0,-29.42],[-119.77,-28.75],[-119.25,-28.19],[-118.63,-28.0],[-119.27,-26.75],[-120.65,-26.5],[-121.53,-26.0],[-122.0,-25.43],[-124.25,-25.0],[-126.0,-25.06],[-127.75,-24.16],[-128.75,-23.9],[-132.75,-24.19],[-135.5,-23.77],[-136.75,-23.27],[-137.75,-23.63],[-140.0,-23.4],[-140.75,-22.93],[-141.5,-22.82],[-143.5,-22.91],[-144.0,-23.25],[-144.55,-22.75],[-145.75,-22.63],[-146.5,-22.25],[-147.25,-22.46],[-149.75,-22.34],[-151.5,-22.06],[-152.25,-21.64],[-153.0,-22.01],[-154.25,-21.54],[-155.25,-21.61],[-156.0,-21.99],[-156.5,-21.73],[-157.0,-21.98],[-157.5,-21.58],[-158.25,-21.88],[-159.5,-21.45],[-162.5,-21.0],[-166.5,-21.26],[-168.75,-21.82],[-173.5,-21.4],[-177.75,-22.11],[-180.0,-21.86]]}},{"type":"Feature","properties":{"level":1020},"geometry":{"type":"LineString","coordinates":[[81.55,-52.75],[86.25,-52.34],[88.96,-51.5],[89.83,-51.0],[94.7,-47.25],[97.05,-45.0],[98.05,-43.5],[99.44,-42.0],[100.29,-40.5],[100.41,-37.75],[101.35,-36.25],[101.81,-36.0],[102.42,-30.75],[103.36,-29.5],[103.36,-27.25],[102.79,-25.5],[103.02,-25.25],[103.0,-24.75],[102.39,-23.75],[100.26,-22.5],[95.25,-21.22],[94.75,-21.28],[90.75,-20.05],[83.5,-19.23],[82.0,-19.54],[80.75,-19.21],[78.5,-19.64],[77.5,-19.67],[76.5,-19.34],[76.0,-19.65],[74.0,-19.6],[70.25,-21.42],[66.75,-21.1],[64.75,-21.24],[63.0,-21.67],[60.25,-21.79],[57.0,-22.64],[52.75,-24.57],[50.5,-25.98],[48.68,-28.0],[46.0,-29.24],[43.5,-29.3],[41.75,-28.78],[40.75,-29.51],[40.25,-30.24],[38.5,-28.38],[37.5,-28.19],[37.0,-28.59],[36.4,-29.75],[34.72,-31.25],[33.97,-32.5],[34.11,-33.0],[33.92,-34.0],[34.72,-35.5],[35.49,-36.25],[38.42,-37.75],[44.75,-39.77],[45.75,-39.65],[51.0,-42.68],[59.25,-46.36],[68.67,-49.5],[69.25,-49.34],[73.25,-51.12],[76.25,-52.12],[79.5,-52.66],[81.55,-52.75]]}},{"type":"Feature","properties":{"level":1020},"geometry":{"type":"LineString","coordinates":[[173.0,-37.57],[173.0,-37.33],[173.0,-37.57]]}},{"type":"Feature","properties":{"level":1020},"geometry":{"type":"LineString","coordinates":[[-81.77,-32.25],[-81.5,-32.19],[-81.06,-31.5],[-81.5,-31.16],[-81.5,-30.67],[-81.08,-30.75],[-80.5,-31.31],[-79.75,-30.64],[-79.44,-31.0],[-79.66,-31.25],[-79.25,-31.4],[-79.0,-31.87],[-78.5,-31.35],[-77.75,-31.71],[-77.25,-32.35],[-77.02,-31.75],[-77.09,-31.0],[-77.85,-30.0],[-77.95,-29.25],[-78.75,-27.85],[-79.02,-27.75],[-79.5,-28.3],[-79.75,-27.37],[-81.0,-27.08],[-82.0,-26.49],[-82.0,-27.0],[-81.26,-27.5],[-80.5,-28.57],[-81.0,-28.53],[-81.75,-28.06],[-82.06,-27.75],[-82.0,-27.5],[-82.5,-27.12],[-82.75,-27.56],[-83.42,-27.75],[-82.18,-30.5],[-82.59,-31.25],[-82.25,-31.09],[-82.0,-31.32],[-81.82,-31.75],[-81.99,-32.0],[-81.77,-32.25]]}},{"type":"Feature","properties":{"level":1020},"geometry":{"type":"LineString","coordinates":[[-80.78,-32.25],[-80.5,-32.0],[-80.5,-31.64],[-80.95,-31.75],[-80.78,-32.25]]}},{"type":"Feature","properties":{"level":1020},"geometry":{"type":"LineString","coordinates":[[-83.52,-30.75],[-82.95,-30.25],[-83.75,-29.47],[-83.83,-30.0],[-83.52,-30.75]]}},{"type":"Feature","properties":{"level":1020},"geometry":{"type":"LineString","coordinates":[[-84.77,-30.5],[-84.5,-30.71],[-84.42,-30.5],[-84.75,-30.23],[-84.77,-30.5]]}},{"type":"Feature","properties":{"level":1020},"geometry":{"type":"LineString","coordinates":[[59.75,-29.91],[59.75,-29.67],[59.75,-29.91]]}},{"type":"Feature","properties":{"level":1020},"geometry":{"type":"LineString","coordinates":[[-81.25,-29.62],[-81.25,-29.41],[-81.25,-29.62]]}},{"type":"Feature","properties":{"level":1020},"geometry":{"type":"LineString","coordinates":[[-64.79,-29.25],[-64.5,-29.39],[-63.75,-29.0],[-63.25,-29.23],[-62.92,-29.0],[-63.94,-28.5],[-63.77,-28.0],[-64.02,-27.75],[-64.02,-27.25],[-64.75,-26.36],[-66.01,-27.25],[-65.3,-28.75],[-64.79,-29.25]]}},{"type":"Feature","properties":{"level":1020},"geometry":{"type":"LineString","coordinates":[[155.89,-28.5],[156.0,-28.71],[156.75,-28.03],[157.25,-28.16],[159.0,-27.9],[161.5,-26.8],[162.5,-26.79],[162.75,-26.56],[165.0,-26.22],[165.46,-26.0],[165.76,-25.5],[162.75,-23.73],[160.5,-23.39],[157.75,-22.3],[154.25,-22.02],[153.16,-22.25],[152.75,-22.77],[152.25,-22.71],[153.0,-24.25],[152.89,-25.0],[154.63,-26.0],[155.89,-28.5]]}},{"type":"Feature","properties":{"level":1020},"geometry":{"type":"LineString","coordinates":[[151.62,-26.75],[152.78,-26.75],[153.03,-26.5],[152.85,-25.75],[152.0,-24.64],[151.75,-23.85],[151.25,-23.56],[150.75,-23.62],[150.59,-23.75],[150.98,-24.75],[151.86,-25.5],[151.75,-25.87],[151.2,-26.0],[151.62,-26.75]]}},{"type":"Feature","properties":{"level":1020},"geometry":{"type":"LineString","coordinates":[[168.17,-26.75],[168.4,-26.75],[168.25,-26.33],[167.93,-26.5],[168.17,-26.75]]}},{"type":"Feature","properties":{"level":1020},"geometry":{"type":"LineString","coordinates":[[180.0,-21.86],[179.25,-22.0],[178.5,-22.68],[177.75,-22.84],[176.25,-23.74],[175.79,-24.5],[175.73,-25.5],[175.39,-26.0],[175.63,-26.75],[175.25,-27.3],[175.0,-26.97],[174.59,-27.0],[174.91,-28.0],[174.4,-28.5],[174.46,-28.75],[175.77,-30.0],[175.6,-31.75],[174.76,-34.5],[173.25,-36.81],[170.25,-39.32],[168.75,-40.12],[167.51,-40.25],[161.25,-42.0],[160.0,-42.78],[159.72,-44.0],[160.5,-46.18],[162.5,-48.49],[169.38,-53.0],[171.12,-53.75],[174.5,-54.56],[177.5,-54.89],[180.0,-54.88]]}},{"type":"Feature","properties":{"level":1020},"geometry":{"type":"LineString","coordinates":[[-19.41,-17.5],[-19.02,-17.5],[-19.41,-17.5]]}},{"type":"Feature","properties":{"level":1020},"geometry":{"type":"LineString","coordinates":[[-17.54,-17.5],[-17.25,-17.55],[-17.0,-17.2],[-17.5,-16.96],[-18.27,-17.0],[-17.54,-17.5]]}},{"type":"Feature","properties":{"level":1020},"geometry":{"type":"LineString","coordinates":[[-22.62,-17.25],[-20.79,-17.25],[-22.5,-16.66],[-23.45,-16.75],[-22.62,-17.25]]}},{"type":"Feature","properties":{"level":1020},"geometry":{"type":"LineString","coordinates":[[-21.06,-16.5],[-20.53,-16.25],[-21.53,-16.25],[-21.06,-16.5]]}},{"type":"Feature","properties":{"level":1020},"geometry":{"type":"LineString","coordinates":[[143.68,-6.0],[144.03,-6.0],[143.75,-5.63],[142.94,-5.5],[143.25,-5.99],[143.68,-6.0]]}},{"type":"Feature","properties":{"level":1020},"geometry":{"type":"LineString","coordinates":[[139.99,-4.75],[140.5,-4.75],[140.25,-4.46],[138.25,-3.84],[136.7,-4.0],[139.25,-4.31],[139.99,-4.75]]}},{"type":"Feature","properties":{"level":1020},"geometry":{"type":"LineString","coordinates":[[-78.54,-2.25],[-78.55,-1.0],[-78.75,-0.72],[-78.76,-1.75],[-78.54,-2.25]]}},{"type":"Feature","properties":{"level":1020},"geometry":{"type":"LineString","coordinates":[[120.98,23.25],[121.5,24.39],[121.25,24.44],[120.98,23.25]]}},{"type":"Feature","properties":{"level":1020},"geometry":{"type":"LineString","coordinates":[[-40.26,24.0],[-39.75,23.9],[-39.5,24.28],[-38.75,24.22],[-36.0,24.9],[-35.25,24.84],[-35.0,24.45],[-34.0,24.15],[-31.25,24.69],[-30.75,24.31],[-26.25,24.44],[-25.5,24.83],[-24.5,24.85],[-23.0,25.85],[-22.5,25.83],[-21.5,26.31],[-20.25,27.14],[-19.66,28.0],[-18.91,28.5],[-18.65,29.75],[-18.13,30.25],[-18.16,31.25],[-17.61,31.75],[-17.72,32.5],[-17.5,32.71],[-16.63,32.75],[-16.73,33.5],[-15.78,35.5],[-15.18,36.25],[-12.75,38.08],[-11.5,38.55],[-10.5,38.65],[-9.25,39.37],[-6.75,38.76],[-5.5,39.17],[-4.5,39.0],[-4.25,38.61],[-4.0,38.71],[-3.18,38.25],[-3.2,38.0],[-3.65,37.75],[-3.25,36.89],[-2.0,36.75],[0.25,37.2],[3.4,36.75],[1.5,35.75],[1.25,35.0],[1.71,34.75],[1.32,33.75],[1.5,33.5],[4.0,34.12],[5.5,35.05],[9.62,34.0],[10.25,33.02],[10.3,33.5],[10.75,33.71],[13.75,32.9],[13.94,32.75],[13.5,32.32],[11.0,31.85],[10.73,31.75],[10.76,31.5],[11.17,30.75],[11.87,30.25],[12.25,29.33],[13.75,28.97],[14.11,29.0],[14.25,29.31],[16.09,29.0],[15.5,29.0],[15.2,28.75],[15.75,28.32],[17.75,28.53],[18.75,28.05],[19.0,28.29],[20.5,28.49],[20.5,29.09],[21.0,29.04],[21.75,29.62],[22.5,29.57],[24.5,30.46],[24.75,30.77],[27.5,31.06],[28.88,32.5],[29.03,33.0],[28.71,34.25],[27.0,36.36],[26.25,36.42],[24.25,35.57],[22.25,36.28],[21.81,36.75],[21.89,37.5],[21.48,37.75],[21.97,38.0],[21.93,38.25],[21.25,38.34],[21.25,39.13],[20.75,39.07],[20.41,39.75],[20.5,39.88],[21.25,39.41],[21.27,39.75],[20.63,40.75],[21.09,41.0],[21.06,41.25],[21.75,41.26],[21.6,41.0],[21.75,40.93],[22.5,41.62],[23.5,41.62],[24.11,42.5],[25.92,42.75],[26.33,43.0],[25.5,43.22],[22.86,44.75],[23.0,45.16],[23.5,45.21],[24.0,45.63],[24.5,45.57],[25.57,46.0],[24.48,47.5],[24.67,47.75],[24.52,48.0],[23.11,49.25],[24.11,49.5],[23.79,49.75],[19.82,50.5],[16.75,51.49],[14.0,51.8],[11.75,51.54],[10.25,51.81],[9.0,51.45],[6.25,51.42],[0.5,51.6],[-4.0,52.14],[-6.5,52.09],[-6.95,52.25],[-7.0,52.77],[-10.0,54.01],[-21.25,55.4],[-29.75,56.08],[-36.5,55.84],[-38.5,55.39],[-41.0,54.14],[-49.07,49.25],[-51.17,47.75],[-52.69,46.25],[-54.25,44.25],[-54.54,43.5],[-52.9,42.25],[-52.25,41.25],[-49.75,40.39],[-47.75,41.05],[-45.41,42.75],[-45.06,42.75],[-44.25,42.14],[-43.74,41.25],[-43.67,39.75],[-44.0,38.25],[-45.0,37.07],[-44.84,36.5],[-45.51,35.5],[-45.85,33.75],[-46.35,32.75],[-46.45,31.75],[-47.38,29.75],[-47.18,29.0],[-46.6,28.75],[-45.75,27.34],[-44.05,26.75],[-42.95,25.5],[-41.75,25.39],[-41.0,24.92],[-40.25,24.85],[-40.26,24.0]]}},{"type":"Feature","properties":{"level":1020},"geometry":{"type":"LineString","coordinates":[[-34.89,24.0],[-34.57,24.0],[-34.75,24.19],[-34.89,24.0]]}},{"type":"Feature","properties":{"level":1020},"geometry":{"type":"LineString","coordinates":[[-151.13,25.25],[-150.5,25.14],[-146.04,26.25],[-143.75,27.41],[-142.61,28.5],[-139.75,30.02],[-136.99,32.75],[-135.23,35.0],[-133.73,38.5],[-133.55,39.5],[-133.69,40.5],[-134.09,41.0],[-136.92,42.5],[-136.91,43.0],[-136.47,43.75],[-136.51,45.0],[-138.4,48.0],[-142.66,52.25],[-146.0,56.01],[-147.5,56.63],[-149.0,56.84],[-150.75,56.65],[-151.76,56.25],[-155.52,53.75],[-159.5,51.79],[-163.25,49.61],[-169.0,45.31],[-170.29,43.75],[-174.25,40.29],[-174.88,39.0],[-174.75,38.82],[-174.25,39.07],[-173.0,39.15],[-171.75,39.69],[-168.25,39.79],[-167.25,39.75],[-164.75,38.78],[-164.04,38.25],[-163.91,37.75],[-162.4,36.25],[-160.5,33.31],[-159.76,31.75],[-159.2,31.25],[-158.25,29.32],[-157.11,28.0],[-154.25,26.36],[-151.13,25.25]]}},{"type":"Feature","properties":{"level":1020},"geometry":{"type":"LineString","coordinates":[[87.93,27.5],[88.25,27.42],[88.5,27.69],[89.0,27.45],[89.75,27.88],[90.5,27.67],[91.0,27.98],[92.5,27.61],[93.25,28.42],[94.75,29.14],[95.16,29.5],[95.14,29.75],[94.25,30.06],[94.0,29.7],[93.17,29.5],[93.41,29.0],[92.79,28.75],[92.5,28.06],[92.0,28.33],[91.0,28.12],[90.75,28.41],[90.25,28.41],[89.25,27.83],[87.25,28.05],[85.25,28.61],[85.0,29.0],[84.75,28.72],[84.5,29.05],[83.75,28.6],[85.25,28.38],[86.5,27.68],[87.0,27.63],[87.25,27.92],[87.93,27.5]]}},{"type":"Feature","properties":{"level":1020},"geometry":{"type":"LineString","coordinates":[[97.12,28.0],[98.25,28.07],[98.39,28.5],[97.75,28.89],[97.09,28.25],[97.12,28.0]]}},{"type":"Feature","properties":{"level":1020},"geometry":{"type":"LineString","coordinates":[[99.88,28.0],[100.0,27.86],[100.29,28.75],[101.0,29.4],[101.5,28.46],[101.63,28.75],[102.42,29.0],[102.25,29.48],[103.25,29.45],[102.71,30.0],[104.0,31.3],[104.58,32.25],[105.94,33.25],[105.75,33.5],[105.94,33.75],[106.5,33.38],[107.25,33.52],[108.75,33.14],[108.97,33.5],[110.0,33.6],[110.05,33.25],[110.75,32.97],[111.0,33.44],[112.25,33.28],[112.5,33.56],[112.62,34.0],[111.25,34.64],[110.75,34.29],[110.0,34.53],[109.25,34.08],[108.5,34.01],[107.08,34.5],[107.75,34.57],[109.15,35.25],[108.84,36.0],[109.44,36.5],[109.35,36.75],[109.81,37.75],[109.48,38.25],[110.09,39.75],[109.96,40.0],[109.0,40.37],[106.25,40.29],[106.38,40.75],[107.01,41.25],[106.75,41.49],[105.25,40.7],[105.0,41.02],[103.0,41.17],[102.05,41.0],[101.25,39.89],[100.5,39.81],[100.0,40.14],[99.69,40.0],[99.87,39.5],[99.5,39.4],[96.75,40.49],[90.25,39.48],[88.75,39.09],[85.48,37.5],[81.02,36.25],[80.25,36.78],[79.48,36.75],[77.25,37.3],[76.75,37.63],[76.5,38.42],[75.04,39.5],[76.85,40.25],[79.5,40.67],[79.66,41.0],[79.13,41.25],[79.5,41.52],[81.0,41.53],[82.5,42.01],[85.0,42.04],[85.75,41.85],[86.13,42.0],[85.9,42.25],[86.25,42.34],[87.5,42.2],[87.73,41.75],[86.87,41.5],[87.75,41.15],[89.0,41.33],[90.0,40.96],[91.5,41.77],[92.27,41.5],[92.03,40.75],[93.0,40.84],[94.0,40.57],[95.25,40.77],[96.75,40.52],[97.95,40.75],[97.41,41.0],[97.49,41.5],[97.23,41.75],[98.75,42.14],[98.89,42.25],[98.4,42.5],[98.99,42.75],[98.96,43.0],[98.5,43.33],[96.57,43.75],[96.11,44.5],[95.5,44.82],[95.16,45.75],[93.75,45.93],[93.5,46.54],[93.0,46.46],[91.75,46.96],[91.5,47.34],[90.25,47.9],[90.0,48.27],[88.5,48.71],[88.32,49.0],[88.79,49.25],[88.75,49.5],[88.25,50.0],[89.0,50.55],[89.76,50.75],[89.75,51.11],[90.43,52.0],[89.75,52.65],[88.75,53.11],[86.5,53.1],[83.0,53.51],[79.5,54.43],[75.36,56.25],[73.76,57.5],[68.0,59.74],[63.5,60.81],[59.75,60.69],[59.0,61.25],[57.35,60.0],[55.37,59.25],[54.0,58.04],[54.05,57.5],[53.19,55.75],[53.28,54.5],[52.95,53.0],[53.29,52.5],[52.86,52.0],[53.5,51.43],[54.58,51.0],[53.53,49.75],[52.47,49.5],[52.25,48.37],[53.78,47.75],[53.95,47.25],[54.38,47.0],[54.59,46.5],[55.03,46.25],[56.24,44.75],[57.38,42.75],[59.72,40.5],[61.25,39.87],[62.25,40.19],[63.5,40.21],[65.0,40.78],[65.67,40.75],[65.73,40.5],[67.5,39.92],[67.79,39.5],[67.25,39.36],[66.84,38.75],[67.03,38.25],[68.0,38.62],[69.75,38.66],[70.0,38.56],[70.57,37.25],[68.75,35.65],[68.25,36.11],[67.5,36.21],[67.25,35.92],[65.75,36.06],[65.25,35.69],[63.96,35.5],[66.0,34.89],[66.42,35.25],[67.5,34.63],[68.25,34.66],[69.25,35.28],[71.0,35.54],[71.3,36.0],[72.5,36.67],[73.0,36.51],[73.25,36.69],[74.25,36.37],[74.75,36.49],[74.87,36.25],[74.65,36.0],[75.0,35.68],[75.25,35.98],[76.5,35.34],[76.81,35.0],[76.39,34.75],[77.0,34.43],[77.39,34.5],[77.13,34.75],[77.5,34.9],[78.0,34.36],[78.75,34.15],[78.91,34.25],[78.66,34.5],[78.98,34.75],[78.66,35.0],[78.75,35.46],[79.25,35.45],[81.78,35.0],[82.25,34.53],[82.75,34.39],[84.5,34.18],[85.0,34.41],[85.75,34.12],[86.18,34.25],[86.29,34.5],[85.98,35.0],[86.75,35.79],[88.75,35.47],[89.75,36.01],[90.5,35.72],[93.5,35.8],[94.47,35.25],[94.17,34.75],[94.25,34.5],[93.88,34.25],[93.91,33.75],[93.44,33.5],[93.75,33.37],[94.0,33.48],[95.75,32.89],[96.5,32.95],[97.0,33.41],[97.5,32.99],[97.85,33.5],[98.85,33.75],[98.64,34.25],[99.0,34.49],[99.05,33.25],[98.83,33.0],[99.25,32.77],[100.75,33.07],[101.5,32.42],[103.0,33.13],[103.25,32.32],[102.69,32.5],[102.62,32.25],[102.88,32.0],[102.25,31.54],[102.26,31.0],[101.67,30.75],[101.63,30.0],[101.31,29.75],[101.34,29.5],[101.16,30.0],[101.47,30.5],[101.25,30.65],[100.5,31.0],[100.25,30.62],[100.0,31.3],[99.75,30.73],[99.5,30.93],[99.28,30.75],[99.12,29.75],[99.94,29.0],[99.88,28.0]]}},{"type":"Feature","properties":{"level":1020},"geometry":{"type":"LineString","coordinates":[[-17.98,28.75],[-17.75,28.58],[-17.67,28.75],[-17.98,28.75]]}},{"type":"Feature","properties":{"level":1020},"geometry":{"type":"LineString","coordinates":[[11.05,28.75],[12.06,28.75],[11.25,29.19],[11.25,29.75],[10.74,29.25],[11.05,28.75]]}},{"type":"Feature","properties":{"level":1020},"geometry":{"type":"LineString","coordinates":[[82.92,28.75],[83.71,28.75],[83.79,29.25],[83.25,29.06],[82.75,29.43],[82.5,29.32],[82.92,28.75]]}},{"type":"Feature","properties":{"level":1020},"geometry":{"type":"LineString","coordinates":[[96.05,29.0],[96.75,29.12],[97.0,28.86],[97.76,29.25],[97.5,29.25],[97.25,29.84],[96.25,30.26],[96.0,30.14],[95.81,30.5],[95.25,30.76],[94.25,30.66],[94.25,30.39],[95.79,30.0],[95.65,29.25],[96.05,29.0]]}},{"type":"Feature","properties":{"level":1020},"geometry":{"type":"LineString","coordinates":[[121.19,29.5],[121.25,29.25],[121.25,29.81],[121.19,29.5]]}},{"type":"Feature","properties":{"level":1020},"geometry":{"type":"LineString","coordinates":[[80.97,29.75],[81.54,29.75],[80.75,30.49],[80.25,30.55],[78.75,31.55],[78.2,31.25],[78.81,30.75],[79.71,30.5],[79.75,30.2],[80.75,30.06],[80.97,29.75]]}},{"type":"Feature","properties":{"level":1020},"geometry":{"type":"LineString","coordinates":[[89.83,30.0],[90.95,30.5],[90.0,30.48],[89.6,30.25],[89.83,30.0]]}},{"type":"Feature","properties":{"level":1020},"geometry":{"type":"LineString","coordinates":[[110.04,30.0],[110.5,29.82],[111.0,30.12],[110.75,30.9],[110.27,30.75],[110.41,30.5],[110.04,30.0]]}},{"type":"Feature","properties":{"level":1020},"geometry":{"type":"LineString","coordinates":[[118.91,30.0],[119.26,30.0],[119.76,30.5],[119.0,30.31],[118.91,30.0]]}},{"type":"Feature","properties":{"level":1020},"geometry":{"type":"LineString","coordinates":[[136.54,30.0],[137.5,29.79],[139.5,29.87],[141.0,30.24],[146.5,30.7],[148.0,31.07],[153.25,33.28],[156.49,36.0],[158.58,37.25],[162.75,38.7],[166.11,39.5],[166.55,40.0],[166.37,40.25],[166.5,40.5],[167.07,41.0],[167.0,41.21],[165.91,41.75],[164.0,41.98],[161.5,43.23],[158.25,44.18],[152.5,45.49],[149.88,45.5],[150.17,45.75],[150.0,46.08],[149.75,45.89],[147.75,46.17],[145.25,45.88],[143.75,46.49],[142.25,47.71],[141.75,46.8],[141.07,46.25],[141.11,46.0],[140.0,45.79],[138.5,45.9],[138.39,46.25],[138.75,47.0],[139.2,47.75],[140.07,48.5],[139.84,49.0],[140.05,49.25],[139.93,50.0],[139.43,50.5],[139.63,50.75],[138.75,50.87],[136.25,49.22],[135.25,49.12],[134.64,49.5],[134.66,49.75],[136.18,50.5],[136.24,50.75],[135.47,51.25],[135.15,54.0],[134.5,54.28],[132.43,54.25],[134.0,55.1],[135.5,55.5],[135.5,56.23],[136.0,56.2],[136.1,56.5],[135.5,57.32],[135.0,57.5],[133.25,59.88],[130.0,61.23],[127.5,61.83],[125.64,63.25],[123.21,64.0],[123.68,64.25],[123.25,64.34],[120.75,64.2],[119.75,64.68],[117.75,63.96],[116.5,63.85],[114.5,64.1],[114.12,64.0],[113.83,63.5],[112.75,63.58],[110.81,63.25],[110.0,62.14],[110.03,61.5],[109.2,60.75],[109.08,59.0],[108.79,58.75],[108.96,58.5],[108.77,57.75],[108.41,57.5],[108.52,57.0],[108.1,56.25],[108.08,55.25],[107.0,53.5],[107.5,53.44],[109.5,55.01],[109.19,53.25],[108.25,52.4],[110.97,52.25],[112.0,51.33],[112.43,51.25],[112.25,50.5],[111.35,50.0],[112.5,49.98],[113.0,50.28],[113.22,49.75],[112.75,48.71],[112.24,48.5],[112.36,47.5],[111.5,46.96],[112.5,46.93],[112.75,46.41],[113.25,46.37],[114.0,44.81],[114.75,44.24],[115.5,44.13],[117.0,44.64],[117.2,44.5],[116.79,44.0],[117.47,43.75],[117.5,43.45],[118.25,43.51],[119.0,42.99],[120.63,42.75],[119.52,41.75],[119.5,41.38],[120.07,41.25],[119.5,40.89],[118.99,41.0],[118.71,41.75],[118.0,42.16],[118.0,42.52],[117.5,42.69],[116.75,41.84],[115.31,41.25],[115.75,40.45],[116.5,40.76],[117.0,41.33],[118.0,41.21],[118.27,41.0],[117.5,40.93],[117.25,40.36],[117.5,40.15],[118.41,40.25],[118.33,40.0],[118.83,39.0],[118.19,37.75],[118.5,36.94],[116.75,36.54],[115.58,35.5],[115.5,35.2],[116.16,34.75],[116.03,34.25],[116.34,33.5],[116.75,33.22],[117.75,33.38],[118.5,33.18],[120.75,31.29],[121.75,30.85],[122.75,30.73],[124.25,30.97],[125.0,31.54],[126.75,32.02],[129.5,33.64],[129.81,33.5],[129.65,33.25],[130.0,32.97],[130.25,33.25],[130.5,33.15],[130.75,32.75],[130.49,32.0],[131.0,31.68],[132.0,32.05],[134.25,30.57],[136.54,30.0]]}},{"type":"Feature","properties":{"level":1020},"geometry":{"type":"LineString","coordinates":[[110.94,31.0],[111.25,31.02],[111.73,31.5],[111.59,32.0],[111.0,32.42],[110.64,32.5],[110.49,32.0],[110.0,31.78],[109.25,32.23],[108.47,32.25],[109.0,31.63],[109.5,31.68],[110.5,31.25],[110.75,31.47],[110.94,31.0]]}},{"type":"Feature","properties":{"level":1020},"geometry":{"type":"LineString","coordinates":[[77.54,31.75],[78.25,31.75],[77.6,32.75],[75.65,34.5],[76.0,34.85],[75.75,35.01],[75.0,34.71],[74.9,34.5],[75.5,33.83],[76.87,32.75],[76.72,32.25],[77.25,32.27],[77.54,31.75]]}},{"type":"Feature","properties":{"level":1020},"geometry":{"type":"LineString","coordinates":[[-84.27,34.25],[-83.04,34.75],[-81.5,34.83],[-80.75,35.12],[-78.5,35.12],[-76.75,35.65],[-76.0,35.42],[-75.0,36.12],[-74.5,36.08],[-74.41,36.25],[-74.93,36.75],[-74.75,37.14],[-73.25,37.04],[-73.07,37.25],[-73.23,37.5],[-74.36,37.75],[-75.05,38.75],[-74.25,39.71],[-74.07,41.0],[-73.42,41.75],[-73.25,43.26],[-73.75,43.12],[-74.5,43.34],[-75.25,44.16],[-76.5,44.16],[-78.25,46.44],[-78.75,46.79],[-79.25,46.7],[-80.0,46.95],[-83.25,49.39],[-87.0,50.85],[-88.13,50.5],[-87.61,50.0],[-87.75,49.82],[-88.75,49.86],[-89.56,50.25],[-89.5,50.46],[-88.38,50.75],[-90.75,51.75],[-90.3,52.0],[-90.5,52.44],[-92.25,52.83],[-93.18,52.75],[-93.16,52.25],[-92.68,51.75],[-93.07,51.5],[-92.31,51.25],[-93.25,51.02],[-93.75,51.41],[-94.37,51.0],[-93.25,50.93],[-92.25,50.5],[-92.5,50.16],[-93.25,50.15],[-94.09,49.75],[-94.32,48.75],[-94.09,48.0],[-95.06,47.0],[-94.56,46.25],[-94.69,45.75],[-93.89,45.0],[-93.44,43.75],[-92.42,42.75],[-92.26,42.0],[-91.75,41.81],[-91.5,42.08],[-91.25,41.76],[-91.5,40.74],[-89.25,40.28],[-85.6,38.25],[-85.98,38.0],[-85.98,37.75],[-85.15,37.25],[-85.05,36.75],[-85.6,35.25],[-84.75,35.2],[-84.27,34.25]]}},{"type":"Feature","properties":{"level":1020},"geometry":{"type":"LineString","coordinates":[[63.62,34.5],[64.85,34.75],[64.25,34.8],[63.62,34.5]]}},{"type":"Feature","properties":{"level":1020},"geometry":{"type":"LineString","coordinates":[[112.92,34.5],[113.0,34.32],[113.09,34.5],[112.92,34.5]]}},{"type":"Feature","properties":{"level":1020},"geometry":{"type":"LineString","coordinates":[[73.41,35.0],[75.0,34.82],[75.39,35.25],[75.25,35.37],[75.0,35.08],[74.5,35.29],[74.25,35.04],[73.41,35.0]]}},{"type":"Feature","properties":{"level":1020},"geometry":{"type":"LineString","coordinates":[[111.33,35.0],[111.5,34.79],[113.5,35.4],[113.87,35.75],[113.56,36.5],[114.09,37.5],[113.65,38.0],[113.75,38.48],[114.17,39.0],[114.94,39.25],[115.73,40.0],[115.0,40.13],[113.44,39.5],[112.75,38.0],[113.1,36.5],[112.74,36.25],[112.71,37.0],[112.5,37.16],[112.0,36.93],[111.9,36.5],[112.17,36.25],[111.33,35.0]]}},{"type":"Feature","properties":{"level":1020},"geometry":{"type":"LineString","coordinates":[[-105.65,36.0],[-105.5,35.84],[-105.24,36.25],[-105.25,37.43],[-105.65,36.0]]}},{"type":"Feature","properties":{"level":1020},"geometry":{"type":"LineString","coordinates":[[94.75,36.21],[93.22,36.75],[93.04,37.25],[93.46,37.5],[93.08,37.75],[93.5,37.57],[94.0,38.34],[94.75,38.03],[95.0,37.54],[96.25,37.32],[96.75,37.49],[98.36,37.0],[98.0,36.83],[98.09,36.5],[97.5,36.02],[96.0,36.36],[94.75,36.21]]}},{"type":"Feature","properties":{"level":1020},"geometry":{"type":"LineString","coordinates":[[-106.61,37.0],[-106.34,37.0],[-106.47,37.75],[-105.9,39.25],[-105.6,39.5],[-105.75,40.62],[-106.61,40.5],[-107.41,38.5],[-108.3,37.75],[-108.0,37.43],[-107.0,37.31],[-106.61,37.0]]}},{"type":"Feature","properties":{"level":1020},"geometry":{"type":"LineString","coordinates":[[15.25,36.95],[14.51,37.5],[15.13,37.5],[15.25,36.95]]}},{"type":"Feature","properties":{"level":1020},"geometry":{"type":"LineString","coordinates":[[-75.5,37.21],[-75.5,37.36],[-75.5,37.21]]}},{"type":"Feature","properties":{"level":1020},"geometry":{"type":"LineString","coordinates":[[73.0,37.43],[72.91,37.75],[73.5,37.87],[73.34,38.25],[74.2,39.0],[74.5,39.06],[74.3,38.75],[75.0,38.56],[74.71,38.25],[74.67,37.5],[74.0,37.36],[73.5,37.68],[73.0,37.43]]}},{"type":"Feature","properties":{"level":1020},"geometry":{"type":"LineString","coordinates":[[-6.6,37.75],[-5.75,37.9],[-5.4,38.5],[-6.25,38.45],[-6.75,38.74],[-6.89,38.5],[-6.59,38.25],[-6.6,37.75]]}},{"type":"Feature","properties":{"level":1020},"geometry":{"type":"LineString","coordinates":[[15.5,37.71],[16.0,37.76],[16.82,39.25],[16.5,39.63],[16.25,39.51],[16.16,39.75],[16.45,40.0],[16.0,40.74],[14.75,41.44],[14.34,42.0],[14.5,42.17],[16.0,41.66],[16.32,42.25],[17.0,42.59],[18.77,42.25],[19.96,40.5],[19.15,40.5],[19.0,38.94],[18.0,38.06],[15.5,37.71]]}},{"type":"Feature","properties":{"level":1020},"geometry":{"type":"LineString","coordinates":[[42.92,37.75],[43.25,37.53],[43.75,37.68],[43.84,38.0],[43.01,38.0],[42.75,38.3],[42.92,37.75]]}},{"type":"Feature","properties":{"level":1020},"geometry":{"type":"LineString","coordinates":[[36.2,38.5],[37.0,38.66],[37.39,39.0],[37.0,39.19],[36.5,38.82],[36.25,39.06],[36.2,38.5]]}},{"type":"Feature","properties":{"level":1020},"geometry":{"type":"LineString","coordinates":[[38.52,39.25],[40.23,39.5],[39.75,39.97],[39.5,39.67],[39.24,39.75],[39.38,40.25],[39.15,40.75],[38.0,40.63],[37.9,40.5],[38.87,40.0],[37.53,40.0],[38.0,39.58],[38.25,39.81],[38.5,39.67],[38.52,39.25]]}},{"type":"Feature","properties":{"level":1020},"geometry":{"type":"LineString","coordinates":[[45.77,39.75],[46.08,39.75],[45.75,40.09],[44.91,40.25],[45.0,39.99],[45.77,39.75]]}},{"type":"Feature","properties":{"level":1020},"geometry":{"type":"LineString","coordinates":[[68.25,39.99],[67.68,40.5],[69.25,41.33],[69.5,41.25],[69.34,40.75],[69.5,40.26],[70.0,40.27],[72.0,41.17],[72.76,40.75],[71.75,40.39],[68.25,39.99]]}},{"type":"Feature","properties":{"level":1020},"geometry":{"type":"LineString","coordinates":[[40.38,40.25],[40.5,40.08],[41.53,40.25],[41.31,40.5],[41.75,40.96],[42.5,40.65],[44.0,41.14],[44.22,41.75],[42.5,42.04],[41.88,41.75],[41.75,41.1],[41.25,41.39],[40.5,40.94],[39.24,41.0],[39.75,40.33],[40.38,40.25]]}},{"type":"Feature","properties":{"level":1020},"geometry":{"type":"LineString","coordinates":[[98.55,40.5],[99.25,40.44],[99.55,40.75],[99.25,41.14],[98.06,40.75],[98.55,40.5]]}},{"type":"Feature","properties":{"level":1020},"geometry":{"type":"LineString","coordinates":[[109.36,40.75],[112.46,41.25],[112.3,41.75],[112.0,41.85],[111.5,41.64],[110.76,41.75],[110.0,41.37],[109.75,41.82],[108.7,41.75],[109.59,41.25],[109.36,40.75]]}},{"type":"Feature","properties":{"level":1020},"geometry":{"type":"LineString","coordinates":[[10.75,41.72],[10.75,42.08],[11.38,42.0],[11.25,41.73],[10.75,41.72]]}},{"type":"Feature","properties":{"level":1020},"geometry":{"type":"LineString","coordinates":[[46.74,41.75],[47.25,41.57],[47.24,42.0],[45.97,42.5],[46.45,43.0],[46.25,43.13],[45.5,43.23],[44.25,42.93],[42.75,43.66],[41.75,43.43],[39.47,44.0],[39.5,43.71],[40.25,43.1],[41.3,43.0],[42.5,42.49],[45.75,42.12],[46.74,41.75]]}},{"type":"Feature","properties":{"level":1020},"geometry":{"type":"LineString","coordinates":[[89.0,41.73],[87.82,42.25],[89.96,41.75],[89.75,41.52],[89.0,41.73]]}},{"type":"Feature","properties":{"level":1020},"geometry":{"type":"LineString","coordinates":[[7.75,42.24],[7.12,42.75],[7.25,42.96],[7.75,42.92],[8.0,42.64],[8.06,42.25],[7.75,42.24]]}},{"type":"Feature","properties":{"level":1020},"geometry":{"type":"LineString","coordinates":[[92.75,42.18],[91.5,42.57],[89.75,42.35],[88.41,42.75],[88.75,43.03],[92.25,43.05],[94.47,42.5],[94.25,42.2],[92.75,42.18]]}},{"type":"Feature","properties":{"level":1020},"geometry":{"type":"LineString","coordinates":[[99.85,43.25],[100.25,43.02],[100.92,43.25],[100.5,43.47],[99.85,43.25]]}},{"type":"Feature","properties":{"level":1020},"geometry":{"type":"LineString","coordinates":[[95.25,43.48],[92.67,44.75],[94.0,44.71],[95.23,44.25],[95.8,43.5],[95.25,43.48]]}},{"type":"Feature","properties":{"level":1020},"geometry":{"type":"LineString","coordinates":[[-76.75,43.69],[-76.91,43.75],[-76.25,43.97],[-76.25,43.71],[-76.75,43.69]]}},{"type":"Feature","properties":{"level":1020},"geometry":{"type":"LineString","coordinates":[[138.0,45.17],[138.0,45.59],[138.59,45.5],[138.5,45.25],[138.0,45.17]]}},{"type":"Feature","properties":{"level":1020},"geometry":{"type":"LineString","coordinates":[[-91.25,50.8],[-91.4,51.0],[-90.46,51.0],[-91.25,50.8]]}},{"type":"Feature","properties":{"level":1020},"geometry":{"type":"LineString","coordinates":[[112.25,54.43],[111.92,54.75],[112.17,55.5],[112.5,55.58],[113.0,55.05],[112.82,54.75],[113.09,54.5],[112.75,54.28],[112.25,54.43]]}},{"type":"Feature","properties":{"level":1020},"geometry":{"type":"LineString","coordinates":[[113.25,55.22],[113.75,55.58],[114.54,55.5],[114.0,55.16],[113.25,55.22]]}},{"type":"Feature","properties":{"level":1020},"geometry":{"type":"LineString","coordinates":[[-137.05,59.5],[-135.46,60.0],[-136.5,60.09],[-137.05,59.5]]}},{"type":"Feature","properties":{"level":1020},"geometry":{"type":"LineString","coordinates":[[-138.46,60.0],[-138.25,59.85],[-137.58,60.0],[-138.0,60.67],[-139.0,61.16],[-141.5,61.66],[-142.5,62.16],[-143.5,62.19],[-143.8,61.75],[-143.5,61.57],[-143.19,61.75],[-142.07,61.25],[-142.25,61.16],[-145.25,61.38],[-145.83,61.0],[-144.0,60.95],[-141.75,60.3],[-138.75,60.26],[-138.46,60.0]]}},{"type":"Feature","properties":{"level":1020},"geometry":{"type":"LineString","coordinates":[[136.7,60.25],[137.0,60.51],[137.5,60.08],[138.25,60.44],[138.5,60.86],[139.25,60.83],[139.75,61.27],[139.64,61.75],[140.5,62.88],[141.52,62.75],[142.12,62.0],[142.62,62.0],[143.0,62.29],[144.0,61.67],[145.75,61.73],[146.0,62.2],[146.79,62.5],[146.25,62.78],[146.0,62.33],[145.25,62.19],[145.07,62.5],[145.67,63.0],[145.74,63.75],[144.67,64.0],[143.81,63.75],[145.0,63.68],[145.24,63.25],[144.25,62.87],[140.52,63.5],[140.29,63.75],[140.5,63.96],[141.93,64.75],[141.31,65.0],[141.0,65.42],[140.5,65.5],[141.06,65.75],[139.56,66.25],[140.46,66.5],[139.44,66.75],[139.55,67.25],[138.0,67.54],[136.91,67.0],[137.5,66.74],[136.75,66.71],[136.0,66.18],[135.25,66.37],[134.6,66.0],[134.48,65.5],[133.6,65.25],[133.4,65.0],[133.56,64.75],[133.25,64.72],[133.25,64.4],[133.66,64.0],[132.72,63.75],[135.61,62.5],[135.34,62.25],[135.93,62.0],[135.41,61.5],[135.57,61.0],[136.01,60.5],[136.7,60.25]]}},{"type":"Feature","properties":{"level":1020},"geometry":{"type":"LineString","coordinates":[[-127.0,62.45],[-126.79,62.75],[-126.5,62.55],[-126.25,62.84],[-126.01,62.75],[-126.0,62.49],[-127.0,62.45]]}},{"type":"Feature","properties":{"level":1020},"geometry":{"type":"LineString","coordinates":[[126.48,64.75],[128.5,64.68],[128.77,64.75],[128.75,65.05],[129.75,65.02],[130.04,65.25],[128.34,65.5],[129.26,65.75],[128.52,66.5],[128.82,67.0],[128.65,67.25],[128.98,67.5],[128.24,68.25],[128.76,68.75],[128.5,69.06],[126.75,68.96],[125.5,68.49],[124.92,68.0],[124.99,67.5],[124.71,67.25],[124.94,66.75],[125.75,65.31],[126.48,64.75]]}},{"type":"Feature","properties":{"level":1020},"geometry":{"type":"LineString","coordinates":[[-45.29,66.0],[-44.75,65.81],[-44.0,66.08],[-41.25,67.82],[-35.78,68.25],[-35.26,68.5],[-35.43,68.75],[-35.07,69.0],[-35.29,69.25],[-35.0,69.49],[-32.25,69.9],[-30.74,70.5],[-30.23,71.25],[-30.82,72.0],[-30.0,72.5],[-28.0,72.69],[-26.76,72.0],[-26.25,72.18],[-26.81,72.75],[-26.68,73.25],[-26.24,73.5],[-26.46,74.0],[-26.3,74.25],[-27.9,74.25],[-24.87,75.25],[-24.98,75.5],[-26.51,76.25],[-25.75,76.4],[-25.88,76.75],[-27.5,77.5],[-29.87,78.0],[-33.54,79.25],[-34.06,79.5],[-34.1,79.75],[-33.44,80.0],[-33.54,80.25],[-34.5,80.34],[-44.15,79.25],[-44.65,79.0],[-44.43,78.75],[-44.66,78.25],[-49.88,77.0],[-51.17,76.0],[-51.85,74.0],[-52.41,73.25],[-52.25,72.85],[-51.92,72.75],[-52.71,72.5],[-52.59,72.25],[-51.75,72.13],[-51.3,71.75],[-49.75,71.62],[-49.5,71.11],[-48.35,70.5],[-47.2,69.5],[-45.68,69.0],[-44.94,68.5],[-45.75,67.72],[-46.65,68.0],[-46.2,68.25],[-46.75,68.96],[-47.25,69.19],[-48.25,69.18],[-48.54,68.5],[-48.14,68.0],[-48.3,67.75],[-48.0,67.19],[-47.5,66.99],[-46.75,67.12],[-45.29,66.0]]}},{"type":"Feature","properties":{"level":1020},"geometry":{"type":"LineString","coordinates":[[-146.51,68.0],[-145.25,68.0],[-145.25,68.38],[-142.04,68.5],[-142.25,68.83],[-144.0,68.8],[-144.75,69.06],[-146.25,68.6],[-146.51,68.0]]}},{"type":"Feature","properties":{"level":1020},"geometry":{"type":"LineString","coordinates":[[108.05,70.0],[108.5,70.01],[109.0,70.43],[109.9,70.5],[107.75,70.66],[106.07,70.5],[108.05,70.0]]}},{"type":"Feature","properties":{"level":1020},"geometry":{"type":"LineString","coordinates":[[-180.0,81.77],[-147.25,80.55],[-138.75,79.63],[-132.75,78.16],[-130.13,77.0],[-128.74,76.0],[-127.17,74.25],[-125.7,71.75],[-124.55,71.0],[-124.05,70.25],[-125.5,69.16],[-125.5,68.73],[-126.57,68.0],[-126.5,67.31],[-127.08,67.0],[-126.52,66.25],[-127.26,66.0],[-127.23,65.25],[-133.0,65.49],[-136.0,64.93],[-137.0,65.33],[-137.75,65.34],[-139.4,64.75],[-138.86,64.25],[-138.25,64.08],[-137.28,64.25],[-137.42,63.75],[-136.75,63.1],[-135.25,62.66],[-134.5,62.08],[-133.25,62.32],[-132.76,62.0],[-133.4,61.75],[-132.75,61.55],[-132.5,61.75],[-131.25,61.15],[-130.75,61.61],[-129.5,61.22],[-129.25,61.61],[-128.5,61.41],[-127.5,62.01],[-126.14,62.0],[-126.75,61.81],[-127.12,61.25],[-125.77,60.75],[-125.96,60.25],[-124.75,59.38],[-119.0,57.84],[-117.75,58.23],[-116.5,58.01],[-115.5,57.5],[-114.0,57.61],[-113.71,57.5],[-113.68,57.0],[-113.25,56.82],[-111.75,56.59],[-110.75,56.05],[-110.25,56.16],[-108.5,55.82],[-106.25,55.0],[-104.55,54.0],[-102.5,53.67],[-102.0,53.32],[-100.25,53.75],[-99.5,53.29],[-98.0,53.61],[-97.25,53.01],[-94.0,52.81],[-93.8,53.0],[-94.12,53.5],[-94.83,53.75],[-94.4,54.0],[-94.18,54.5],[-94.46,55.0],[-95.46,55.25],[-95.67,55.5],[-95.89,56.75],[-96.66,58.0],[-96.21,59.25],[-95.43,60.25],[-95.35,61.5],[-94.25,63.21],[-93.25,64.04],[-92.0,64.68],[-89.75,65.31],[-89.44,65.75],[-88.36,66.0],[-87.75,66.37],[-87.42,67.0],[-88.0,68.76],[-89.86,70.25],[-91.83,71.25],[-96.75,72.78],[-103.1,74.0],[-107.5,75.6],[-115.38,77.5],[-121.47,79.5],[-122.53,80.5],[-122.61,81.75],[-120.74,83.25],[-120.26,84.0],[-121.65,85.0],[-123.25,85.46],[-130.0,86.26],[-142.0,86.87],[-161.0,87.26],[-180.0,87.27]]}},{"type":"Feature","properties":{"level":1020},"geometry":{"type":"LineString","coordinates":[[180.0,87.27],[159.75,86.83],[145.45,86.0],[135.6,84.75],[134.37,84.5],[131.98,83.5],[133.0,82.75],[134.5,82.54],[180.0,81.77]]}},{"type":"Feature","properties":{"level":1024},"geometry":{"type":"LineString","coordinates":[[128.34,-88.25],[135.75,-88.4],[141.21,-88.25],[139.5,-87.61],[134.25,-87.34],[129.25,-87.44],[126.25,-87.74],[125.68,-88.0],[128.34,-88.25]]}},{"type":"Feature","properties":{"level":1024},"geometry":{"type":"LineString","coordinates":[[108.96,-80.25],[109.75,-80.42],[114.75,-79.8],[121.5,-79.43],[126.75,-79.52],[129.71,-78.25],[131.73,-77.75],[138.48,-76.75],[139.6,-76.25],[139.34,-76.0],[139.75,-75.82],[140.25,-75.86],[141.93,-75.25],[140.75,-75.28],[139.75,-75.72],[139.64,-75.5],[139.94,-74.75],[139.5,-74.53],[138.25,-74.36],[136.25,-74.83],[134.88,-74.5],[133.25,-73.71],[132.6,-74.0],[132.5,-74.36],[131.21,-74.75],[131.15,-75.0],[130.49,-75.25],[127.84,-75.75],[127.76,-74.75],[128.54,-74.25],[128.81,-73.75],[132.0,-72.96],[133.0,-73.35],[133.4,-73.25],[133.54,-73.0],[133.25,-72.71],[131.83,-71.75],[133.5,-71.41],[133.79,-71.0],[133.25,-70.93],[129.78,-71.5],[128.25,-71.46],[120.0,-72.34],[119.81,-72.5],[120.25,-72.84],[121.75,-72.99],[121.89,-73.25],[116.98,-74.25],[111.32,-75.75],[102.0,-75.67],[100.44,-76.0],[99.55,-76.5],[99.99,-77.0],[101.87,-77.75],[101.78,-78.25],[102.25,-78.41],[108.5,-79.08],[109.05,-80.0],[108.96,-80.25]]}},{"type":"Feature","properties":{"level":1024},"geometry":{"type":"LineString","coordinates":[[136.57,-71.25],[138.11,-70.75],[136.75,-70.85],[134.75,-70.34],[134.35,-70.5],[134.75,-70.92],[136.25,-70.87],[136.57,-71.25]]}},{"type":"Feature","properties":{"level":1024},"geometry":{"type":"LineString","coordinates":[[-59.36,-54.25],[-54.75,-53.97],[-51.1,-53.0],[-48.25,-51.65],[-45.0,-49.51],[-41.5,-46.5],[-38.61,-44.5],[-35.6,-42.0],[-34.87,-40.75],[-34.93,-40.25],[-36.94,-38.5],[-37.75,-38.48],[-39.25,-37.99],[-43.75,-38.06],[-48.0,-38.94],[-53.75,-39.17],[-58.0,-38.47],[-62.75,-36.95],[-64.75,-36.76],[-68.25,-39.38],[-68.9,-40.25],[-68.74,-41.0],[-69.43,-41.5],[-68.75,-42.13],[-67.25,-42.05],[-66.69,-42.5],[-66.75,-43.08],[-67.25,-43.72],[-67.81,-43.75],[-68.35,-44.5],[-67.95,-44.75],[-67.83,-45.5],[-67.3,-45.75],[-67.47,-46.5],[-67.23,-47.5],[-64.77,-52.0],[-62.75,-53.48],[-59.36,-54.25]]}},{"type":"Feature","properties":{"level":1024},"geometry":{"type":"LineString","coordinates":[[-180.0,-53.53],[-173.5,-52.73],[-169.76,-51.75],[-165.65,-50.0],[-160.75,-47.19],[-154.7,-43.0],[-153.11,-41.25],[-152.59,-39.5],[-152.2,-39.0],[-149.25,-37.49],[-148.28,-36.75],[-147.32,-35.25],[-147.21,-34.5],[-146.4,-33.75],[-146.15,-32.75],[-146.73,-29.5],[-147.96,-28.5],[-148.25,-27.54],[-151.75,-26.18],[-152.5,-25.54],[-154.0,-25.17],[-156.0,-25.57],[-157.25,-25.34],[-160.25,-25.57],[-160.75,-25.39],[-163.25,-25.49],[-164.0,-25.16],[-164.5,-25.6],[-165.5,-25.47],[-166.0,-25.78],[-167.25,-25.52],[-168.25,-26.06],[-169.25,-25.93],[-170.25,-26.52],[-170.5,-26.23],[-170.75,-26.99],[-171.25,-26.68],[-171.75,-26.72],[-172.0,-27.25],[-172.3,-27.25],[-173.5,-28.34],[-174.5,-30.04],[-175.75,-30.51],[-177.25,-30.51],[-178.5,-30.88],[-180.0,-32.17]]}},{"type":"Feature","properties":{"level":1024},"geometry":{"type":"LineString","coordinates":[[78.97,-51.25],[84.0,-51.2],[88.5,-49.75],[91.26,-47.75],[93.2,-46.0],[95.12,-43.5],[96.61,-39.5],[96.5,-38.5],[96.0,-37.5],[96.61,-35.5],[96.46,-34.5],[95.3,-31.25],[94.51,-30.0],[93.75,-27.42],[93.05,-26.5],[91.0,-24.92],[90.5,-24.96],[87.75,-24.14],[85.75,-24.07],[84.25,-23.62],[82.75,-24.13],[79.25,-24.28],[77.5,-24.92],[74.0,-27.7],[72.5,-28.34],[68.25,-30.81],[66.75,-31.55],[65.25,-32.01],[64.5,-31.95],[64.0,-32.42],[63.25,-32.67],[61.5,-32.32],[60.0,-32.53],[58.75,-32.42],[55.5,-29.5],[52.5,-29.51],[50.5,-30.41],[50.38,-30.75],[49.75,-31.14],[48.64,-31.5],[48.29,-32.0],[47.5,-32.08],[46.38,-32.75],[46.06,-34.0],[45.1,-34.5],[45.79,-36.0],[45.8,-36.5],[46.5,-37.31],[51.48,-41.0],[54.51,-42.75],[61.2,-45.75],[70.0,-48.49],[75.33,-50.5],[78.97,-51.25]]}},{"type":"Feature","properties":{"level":1024},"geometry":{"type":"LineString","coordinates":[[167.5,-45.67],[167.5,-45.43],[167.5,-45.67]]}},{"type":"Feature","properties":{"level":1024},"geometry":{"type":"LineString","coordinates":[[168.25,-45.59],[168.05,-45.25],[168.42,-44.75],[169.5,-44.38],[169.84,-44.75],[169.4,-45.25],[169.89,-45.5],[169.75,-45.69],[169.25,-45.47],[168.25,-45.59]]}},{"type":"Feature","properties":{"level":1024},"geometry":{"type":"LineString","coordinates":[[174.21,-39.25],[174.39,-39.25],[174.21,-39.25]]}},{"type":"Feature","properties":{"level":1024},"geometry":{"type":"LineString","coordinates":[[-175.75,-36.07],[-176.1,-35.75],[-175.5,-35.62],[-175.48,-36.0],[-175.75,-36.07]]}},{"type":"Feature","properties":{"level":1024},"geometry":{"type":"LineString","coordinates":[[180.0,-32.17],[177.0,-36.69],[176.0,-37.19],[175.75,-37.81],[175.25,-37.88],[175.0,-38.17],[174.7,-39.25],[174.96,-39.5],[175.0,-40.19],[174.0,-40.47],[174.0,-40.76],[172.5,-40.82],[171.25,-42.76],[168.75,-43.79],[168.06,-43.75],[168.37,-44.0],[167.0,-44.91],[166.57,-45.5],[167.0,-46.17],[168.75,-46.53],[170.3,-46.25],[169.69,-49.0],[170.29,-50.75],[171.0,-51.35],[174.0,-52.81],[177.5,-53.4],[180.0,-53.53]]}},{"type":"Feature","properties":{"level":1024},"geometry":{"type":"LineString","coordinates":[[-70.01,-30.5],[-69.75,-30.39],[-69.44,-29.5],[-69.4,-28.75],[-68.37,-27.75],[-68.17,-26.75],[-68.27,-26.25],[-68.5,-26.16],[-69.82,-28.5],[-69.99,-29.25],[-70.31,-29.5],[-70.01,-30.5]]}},{"type":"Feature","properties":{"level":1024},"geometry":{"type":"LineString","coordinates":[[-31.28,30.5],[-27.75,30.38],[-23.9,31.25],[-22.25,32.47],[-19.25,35.8],[-15.29,39.25],[-12.0,41.07],[-9.25,43.05],[-8.21,42.75],[-8.25,42.33],[-7.91,42.25],[-7.75,41.14],[-7.5,40.97],[-7.28,42.0],[-7.0,42.07],[-6.75,41.52],[-6.0,41.43],[-4.5,41.71],[-3.25,41.63],[-3.25,41.09],[-3.75,41.03],[-4.0,40.64],[-2.75,41.08],[-1.75,40.84],[-1.86,39.5],[-0.75,38.97],[0.5,39.28],[0.87,39.75],[1.5,39.87],[2.5,39.83],[3.25,39.37],[4.0,40.02],[4.8,40.25],[4.95,40.75],[4.36,41.25],[3.64,42.75],[3.25,42.89],[3.2,42.0],[2.25,41.41],[1.93,41.5],[2.36,41.75],[2.25,42.32],[1.25,42.06],[1.01,42.5],[2.67,42.5],[2.63,42.75],[2.98,43.0],[2.89,43.5],[3.51,44.25],[4.5,44.72],[5.75,44.76],[7.09,46.5],[8.0,46.37],[9.0,46.89],[9.5,46.61],[10.25,47.27],[11.0,47.52],[12.0,47.27],[12.5,47.29],[12.75,47.56],[13.25,47.24],[14.0,47.57],[14.75,47.36],[15.25,47.84],[16.25,47.93],[16.65,47.75],[13.95,46.75],[13.71,46.5],[13.81,46.0],[15.25,44.65],[16.25,44.44],[17.75,43.61],[20.5,42.93],[21.0,43.01],[21.25,42.79],[22.25,43.02],[21.97,44.75],[22.63,45.5],[22.25,46.03],[20.42,46.25],[18.61,47.5],[18.27,48.0],[16.25,48.21],[14.15,49.0],[14.7,49.25],[12.5,50.26],[12.0,50.14],[10.75,50.44],[10.25,50.16],[9.25,50.38],[6.75,49.98],[2.25,49.93],[1.5,50.31],[-3.75,50.43],[-4.75,50.75],[-9.5,50.67],[-9.92,50.75],[-11.5,51.93],[-15.0,52.9],[-18.5,53.51],[-27.0,54.41],[-33.0,54.5],[-36.75,53.82],[-40.55,52.25],[-44.47,49.75],[-47.75,46.49],[-48.0,45.5],[-47.0,44.78],[-43.75,45.26],[-41.75,44.7],[-41.0,44.7],[-40.0,45.35],[-38.0,45.76],[-36.75,44.91],[-36.71,44.5],[-37.68,43.25],[-39.31,40.25],[-39.64,38.25],[-39.34,36.25],[-39.47,35.0],[-38.73,33.75],[-36.43,31.75],[-35.0,31.11],[-33.75,31.13],[-31.28,30.5]]}},{"type":"Feature","properties":{"level":1024},"geometry":{"type":"LineString","coordinates":[[-151.63,30.75],[-147.0,31.58],[-143.0,33.15],[-140.78,34.75],[-139.01,37.5],[-139.25,38.13],[-139.89,38.5],[-139.96,39.0],[-140.48,39.75],[-142.13,40.75],[-140.8,43.0],[-140.5,44.5],[-140.69,45.75],[-141.74,47.5],[-145.5,51.58],[-148.25,53.18],[-149.75,53.58],[-150.75,53.56],[-152.5,53.04],[-156.09,51.5],[-159.5,49.7],[-162.75,47.6],[-164.59,45.75],[-165.11,44.75],[-164.89,43.25],[-164.32,42.75],[-159.0,40.92],[-157.25,39.87],[-157.11,39.5],[-157.81,37.0],[-157.29,36.5],[-157.15,34.75],[-156.0,33.22],[-154.75,32.35],[-154.25,31.72],[-153.0,31.0],[-152.5,31.16],[-151.63,30.75]]}},{"type":"Feature","properties":{"level":1024},"geometry":{"type":"LineString","coordinates":[[104.03,33.5],[104.39,33.5],[104.5,33.86],[104.75,33.74],[105.32,34.5],[105.04,34.75],[105.55,35.75],[105.75,35.83],[106.22,35.25],[106.54,35.25],[106.9,36.75],[107.5,37.25],[107.25,37.5],[105.24,37.5],[105.65,37.75],[105.5,37.93],[105.0,37.68],[104.25,37.87],[103.0,37.6],[101.5,38.38],[100.75,38.36],[97.5,39.78],[97.0,39.54],[96.5,39.8],[95.5,39.84],[94.25,39.4],[93.5,39.54],[92.25,39.09],[90.5,39.15],[88.66,38.75],[89.5,38.56],[90.0,38.79],[90.5,38.58],[91.25,38.88],[92.0,38.76],[93.0,39.13],[94.25,39.18],[95.5,38.93],[96.0,39.12],[98.5,39.06],[99.15,38.25],[98.56,38.0],[98.75,37.64],[100.5,37.19],[101.25,36.17],[101.61,36.25],[101.26,36.75],[101.34,37.0],[101.83,37.25],[102.12,36.0],[102.0,35.82],[101.75,36.06],[101.55,35.75],[101.2,35.75],[101.38,35.0],[100.75,35.05],[100.75,34.88],[101.25,34.46],[103.25,34.21],[104.03,33.5]]}},{"type":"Feature","properties":{"level":1024},"geometry":{"type":"LineString","coordinates":[[132.99,33.5],[134.25,33.48],[134.58,33.75],[134.44,34.0],[134.0,34.04],[133.06,33.75],[132.99,33.5]]}},{"type":"Feature","properties":{"level":1024},"geometry":{"type":"LineString","coordinates":[[135.58,33.5],[142.5,33.34],[145.75,33.81],[148.0,34.53],[152.13,36.75],[154.25,38.23],[155.44,39.5],[155.85,40.5],[154.68,41.5],[153.5,41.68],[152.25,41.73],[147.75,41.19],[142.25,41.26],[140.62,41.5],[140.76,42.0],[140.0,42.37],[140.0,41.92],[139.5,41.69],[135.88,41.0],[134.2,40.25],[133.6,39.5],[134.0,38.68],[136.85,37.5],[136.68,36.5],[135.16,35.0],[135.78,34.75],[135.3,34.0],[135.58,33.5]]}},{"type":"Feature","properties":{"level":1024},"geometry":{"type":"LineString","coordinates":[[95.53,33.75],[95.75,33.55],[96.0,33.81],[96.25,33.68],[96.5,34.24],[96.75,33.98],[97.5,34.16],[97.05,35.0],[97.5,35.17],[99.0,34.86],[99.5,35.49],[99.84,34.75],[100.0,35.0],[99.61,36.0],[99.25,35.89],[98.75,36.47],[98.25,36.0],[98.28,35.75],[96.64,36.0],[96.44,35.5],[96.75,35.1],[94.9,34.25],[94.97,34.0],[95.53,33.75]]}},{"type":"Feature","properties":{"level":1024},"geometry":{"type":"LineString","coordinates":[[133.01,35.0],[133.25,34.85],[134.99,35.25],[134.5,35.47],[133.01,35.0]]}},{"type":"Feature","properties":{"level":1024},"geometry":{"type":"LineString","coordinates":[[77.4,35.25],[77.5,35.13],[78.0,35.63],[79.25,35.72],[80.75,35.14],[82.0,35.11],[83.25,35.91],[84.75,35.79],[85.18,36.25],[84.76,36.5],[85.0,36.59],[85.6,36.5],[85.33,36.25],[85.5,36.09],[85.75,36.19],[85.89,36.75],[86.62,36.75],[87.25,37.73],[87.42,37.5],[87.06,37.25],[88.75,37.1],[88.96,37.25],[88.78,37.5],[89.83,37.75],[89.0,37.97],[88.75,37.76],[88.64,38.0],[89.74,38.25],[89.0,38.49],[88.0,38.39],[86.61,38.0],[85.25,37.23],[83.5,36.66],[82.25,36.55],[81.5,36.14],[79.75,36.19],[79.5,36.56],[79.0,36.48],[78.75,36.82],[78.0,37.0],[76.89,37.0],[76.5,37.43],[76.0,37.21],[76.06,37.5],[75.75,37.57],[75.25,37.19],[75.0,37.45],[74.5,37.31],[73.54,36.75],[74.0,36.81],[74.5,36.46],[74.33,36.75],[75.0,36.88],[75.43,36.5],[74.8,36.0],[76.25,35.89],[77.4,35.25]]}},{"type":"Feature","properties":{"level":1024},"geometry":{"type":"LineString","coordinates":[[90.74,36.0],[92.25,36.2],[94.16,36.0],[93.0,36.45],[92.25,36.33],[92.09,36.5],[92.29,36.75],[91.58,37.5],[90.25,37.83],[90.07,37.5],[90.54,37.25],[90.64,36.75],[91.02,36.5],[90.74,36.0]]}},{"type":"Feature","properties":{"level":1024},"geometry":{"type":"LineString","coordinates":[[70.84,36.25],[71.0,36.11],[71.5,36.46],[72.08,36.5],[71.5,36.52],[71.25,36.92],[71.17,36.5],[70.84,36.25]]}},{"type":"Feature","properties":{"level":1024},"geometry":{"type":"LineString","coordinates":[[87.34,36.25],[87.84,36.5],[87.78,36.75],[86.83,36.75],[87.0,36.37],[87.34,36.25]]}},{"type":"Feature","properties":{"level":1024},"geometry":{"type":"LineString","coordinates":[[88.11,36.5],[88.75,36.36],[90.18,36.75],[90.07,37.0],[89.75,37.03],[88.11,36.5]]}},{"type":"Feature","properties":{"level":1024},"geometry":{"type":"LineString","coordinates":[[71.52,37.0],[72.0,37.0],[72.5,38.05],[71.75,37.77],[71.5,37.25],[71.21,37.75],[71.25,37.08],[71.5,37.2],[71.52,37.0]]}},{"type":"Feature","properties":{"level":1024},"geometry":{"type":"LineString","coordinates":[[95.41,38.0],[96.5,37.97],[96.58,38.25],[95.75,38.54],[95.41,38.0]]}},{"type":"Feature","properties":{"level":1024},"geometry":{"type":"LineString","coordinates":[[71.71,38.25],[72.5,38.3],[72.81,39.0],[73.91,39.5],[72.75,39.71],[72.38,39.25],[72.0,39.33],[71.25,39.03],[70.96,38.75],[71.25,38.38],[71.75,38.56],[71.71,38.25]]}},{"type":"Feature","properties":{"level":1024},"geometry":{"type":"LineString","coordinates":[[75.14,38.25],[75.5,38.1],[75.61,38.25],[75.23,39.0],[74.75,39.34],[74.6,39.25],[74.75,38.96],[75.21,38.75],[75.14,38.25]]}},{"type":"Feature","properties":{"level":1024},"geometry":{"type":"LineString","coordinates":[[67.49,39.0],[69.75,38.96],[73.39,40.0],[72.5,40.14],[71.0,39.78],[69.75,39.77],[69.0,39.13],[68.25,39.22],[67.49,39.0]]}},{"type":"Feature","properties":{"level":1024},"geometry":{"type":"LineString","coordinates":[[126.91,40.0],[129.24,41.25],[129.53,42.0],[129.0,42.24],[128.75,42.77],[127.49,42.25],[126.5,40.5],[126.91,40.0]]}},{"type":"Feature","properties":{"level":1024},"geometry":{"type":"LineString","coordinates":[[74.39,40.5],[74.74,40.5],[74.5,40.92],[75.13,41.0],[74.0,41.2],[73.77,41.0],[74.39,40.5]]}},{"type":"Feature","properties":{"level":1024},"geometry":{"type":"LineString","coordinates":[[75.58,41.0],[75.75,40.83],[76.25,40.95],[76.5,41.43],[77.75,40.92],[77.91,41.0],[77.38,41.5],[77.75,41.79],[79.0,41.49],[79.5,41.81],[80.25,41.67],[82.5,42.36],[85.0,42.21],[86.25,42.82],[86.75,42.64],[87.5,42.77],[87.86,43.25],[87.73,43.5],[86.75,44.11],[83.5,44.64],[82.5,44.51],[81.35,45.0],[84.5,45.45],[85.02,46.0],[84.64,46.25],[85.25,46.5],[85.51,47.0],[86.5,46.9],[87.5,46.38],[88.25,46.57],[88.61,47.0],[88.65,47.5],[89.37,47.5],[89.25,47.77],[88.0,48.14],[87.82,48.5],[88.0,48.85],[87.11,49.0],[88.17,49.25],[87.81,49.5],[88.16,49.75],[87.75,50.09],[86.9,50.25],[87.3,50.5],[87.0,50.58],[87.0,51.02],[86.25,51.58],[82.75,52.07],[80.75,52.1],[78.75,52.75],[76.75,53.03],[74.34,54.25],[71.66,55.0],[68.0,56.45],[65.0,57.06],[62.75,56.9],[60.25,56.17],[59.9,55.75],[60.25,55.45],[57.87,54.25],[58.0,54.03],[58.75,54.27],[58.88,54.0],[58.25,52.75],[59.19,51.5],[58.64,50.75],[59.13,49.25],[59.77,48.75],[60.16,47.75],[61.25,47.35],[61.56,47.0],[60.25,46.83],[59.61,46.25],[59.92,45.5],[60.43,45.0],[61.5,45.0],[61.23,45.75],[61.75,46.42],[62.5,45.27],[63.27,45.0],[64.0,45.22],[66.0,45.03],[66.5,45.28],[68.0,45.32],[71.69,43.75],[73.25,43.36],[74.0,44.05],[75.0,43.42],[75.31,42.75],[72.25,42.92],[71.89,42.75],[72.25,42.46],[70.75,42.68],[70.37,42.25],[70.75,42.05],[71.5,42.17],[71.75,41.77],[72.5,41.98],[73.75,41.84],[74.07,42.0],[73.73,42.25],[74.0,42.31],[76.0,41.65],[76.24,41.25],[75.58,41.0]]}},{"type":"Feature","properties":{"level":1024},"geometry":{"type":"LineString","coordinates":[[79.25,43.45],[78.32,43.75],[79.25,44.26],[81.08,44.0],[80.89,43.75],[79.25,43.45]]}},{"type":"Feature","properties":{"level":1024},"geometry":{"type":"LineString","coordinates":[[88.85,43.5],[89.75,43.3],[90.9,43.5],[90.5,43.82],[89.75,43.77],[88.5,44.19],[88.0,44.08],[87.75,43.75],[88.85,43.5]]}},{"type":"Feature","properties":{"level":1024},"geometry":{"type":"LineString","coordinates":[[132.89,43.5],[134.25,43.7],[135.22,45.25],[136.25,45.5],[136.68,46.0],[136.8,46.25],[136.42,46.5],[137.5,46.61],[138.0,48.65],[135.5,47.58],[133.5,47.16],[132.5,46.34],[131.46,46.25],[131.94,45.5],[131.0,45.01],[130.96,43.75],[131.5,43.53],[132.0,43.99],[132.5,44.01],[132.89,43.5]]}},{"type":"Feature","properties":{"level":1024},"geometry":{"type":"LineString","coordinates":[[132.5,44.7],[132.5,45.07],[132.71,45.0],[132.5,44.7]]}},{"type":"Feature","properties":{"level":1024},"geometry":{"type":"LineString","coordinates":[[130.68,45.5],[131.07,45.5],[130.68,45.5]]}},{"type":"Feature","properties":{"level":1024},"geometry":{"type":"LineString","coordinates":[[90.91,46.5],[91.45,46.5],[90.0,47.39],[89.82,47.25],[90.91,46.5]]}},{"type":"Feature","properties":{"level":1024},"geometry":{"type":"LineString","coordinates":[[129.25,48.0],[130.9,48.0],[133.07,49.5],[133.35,50.5],[133.0,50.72],[132.36,50.5],[132.45,51.75],[132.0,52.01],[130.85,51.5],[130.16,50.0],[130.37,49.0],[129.64,48.75],[129.25,48.0]]}},{"type":"Feature","properties":{"level":1024},"geometry":{"type":"LineString","coordinates":[[124.05,50.75],[124.5,50.56],[124.89,50.75],[124.05,50.75]]}},{"type":"Feature","properties":{"level":1024},"geometry":{"type":"LineString","coordinates":[[123.17,54.75],[124.75,54.73],[124.85,55.0],[124.29,55.25],[124.54,55.5],[126.0,55.5],[125.22,56.0],[125.29,56.25],[126.0,56.5],[126.5,56.4],[128.75,56.97],[129.5,56.61],[129.5,56.91],[128.49,57.25],[129.26,57.75],[131.79,58.25],[129.5,58.5],[127.5,59.1],[125.75,59.14],[124.68,59.5],[124.85,59.75],[122.0,59.98],[121.74,59.75],[122.0,59.3],[122.5,59.51],[122.57,59.25],[122.0,59.15],[121.25,58.43],[120.52,58.25],[120.5,57.71],[119.5,57.45],[119.25,56.98],[118.34,56.5],[120.25,56.5],[119.89,57.0],[120.5,56.87],[121.0,57.05],[121.5,57.69],[122.25,57.32],[123.25,57.3],[123.43,57.0],[123.0,56.39],[121.5,56.58],[120.95,56.25],[121.68,56.25],[121.18,55.75],[121.75,55.7],[122.0,55.92],[123.61,55.5],[123.07,55.25],[123.64,55.0],[123.17,54.75]]}},{"type":"Feature","properties":{"level":1024},"geometry":{"type":"LineString","coordinates":[[132.88,55.75],[133.57,56.0],[132.75,56.25],[132.01,56.0],[132.88,55.75]]}},{"type":"Feature","properties":{"level":1024},"geometry":{"type":"LineString","coordinates":[[113.08,56.25],[114.21,56.75],[113.25,57.4],[112.5,57.07],[113.08,56.25]]}},{"type":"Feature","properties":{"level":1024},"geometry":{"type":"LineString","coordinates":[[116.0,56.75],[117.5,56.65],[119.25,57.56],[119.75,57.69],[120.0,57.51],[120.05,57.75],[119.62,58.0],[119.87,58.25],[119.75,58.41],[119.0,58.49],[118.75,58.42],[118.5,57.79],[118.25,57.81],[117.25,58.71],[116.0,58.36],[115.0,57.55],[114.45,57.5],[114.5,56.98],[115.25,57.46],[115.41,57.25],[115.25,57.0],[116.0,56.75]]}},{"type":"Feature","properties":{"level":1024},"geometry":{"type":"LineString","coordinates":[[-104.75,57.0],[-104.25,56.89],[-103.98,57.25],[-104.93,57.5],[-105.09,57.25],[-104.75,57.0]]}},{"type":"Feature","properties":{"level":1024},"geometry":{"type":"LineString","coordinates":[[-107.12,58.0],[-105.92,58.0],[-107.5,58.85],[-109.11,59.0],[-107.12,58.0]]}},{"type":"Feature","properties":{"level":1024},"geometry":{"type":"LineString","coordinates":[[113.58,58.25],[114.87,58.75],[114.36,59.0],[115.0,58.84],[115.64,59.25],[115.0,59.62],[113.5,59.2],[113.18,58.5],[113.58,58.25]]}},{"type":"Feature","properties":{"level":1024},"geometry":{"type":"LineString","coordinates":[[-105.19,58.75],[-103.75,58.7],[-102.25,60.11],[-101.0,60.21],[-100.48,60.5],[-100.18,60.75],[-100.2,61.25],[-98.53,62.25],[-98.49,62.75],[-97.99,63.25],[-97.75,64.01],[-95.5,65.76],[-94.64,66.0],[-94.0,66.87],[-93.25,66.87],[-93.07,67.5],[-94.0,67.68],[-95.5,66.63],[-96.12,67.25],[-96.25,67.81],[-97.29,68.75],[-98.75,69.17],[-102.0,70.76],[-107.15,72.5],[-108.5,72.37],[-109.75,72.85],[-113.75,72.87],[-115.0,73.28],[-116.25,73.23],[-115.88,73.5],[-116.15,73.75],[-117.75,74.07],[-119.16,73.5],[-118.25,73.13],[-116.77,73.0],[-117.73,72.5],[-117.96,72.0],[-116.46,71.25],[-117.04,71.0],[-116.75,70.75],[-115.44,70.5],[-115.55,70.25],[-116.67,69.75],[-116.03,69.25],[-116.5,68.72],[-120.0,68.18],[-120.75,67.83],[-121.11,67.25],[-118.77,67.0],[-118.96,66.75],[-118.84,66.5],[-116.25,66.52],[-115.43,65.75],[-115.44,65.5],[-116.47,65.0],[-117.0,64.0],[-117.7,63.75],[-117.75,63.44],[-119.12,63.0],[-119.19,62.5],[-119.9,62.0],[-119.42,61.75],[-119.46,61.25],[-119.0,60.93],[-117.25,60.98],[-116.75,61.31],[-114.5,61.72],[-114.0,61.52],[-113.94,61.25],[-115.34,60.75],[-114.59,60.25],[-113.75,59.24],[-113.0,59.69],[-109.5,59.66],[-108.0,59.35],[-107.25,58.94],[-105.19,58.75]]}},{"type":"Feature","properties":{"level":1024},"geometry":{"type":"LineString","coordinates":[[-139.89,60.5],[-139.5,60.29],[-138.79,60.75],[-139.5,60.93],[-139.75,60.7],[-139.77,61.0],[-140.25,61.03],[-140.44,60.75],[-139.89,60.5]]}},{"type":"Feature","properties":{"level":1024},"geometry":{"type":"LineString","coordinates":[[-130.38,63.0],[-128.85,63.75],[-129.76,63.75],[-129.2,64.75],[-131.38,64.25],[-131.08,63.75],[-131.29,63.5],[-130.75,63.42],[-130.38,63.0]]}},{"type":"Feature","properties":{"level":1024},"geometry":{"type":"LineString","coordinates":[[137.57,63.0],[138.54,63.0],[138.74,63.25],[138.03,63.75],[138.9,64.0],[138.54,64.25],[138.75,64.45],[140.25,64.36],[140.74,64.75],[140.25,64.95],[140.0,65.35],[139.0,65.38],[137.75,65.9],[137.59,65.5],[138.64,65.25],[136.78,65.0],[137.0,64.5],[136.69,64.25],[137.11,64.0],[137.34,63.5],[138.35,63.25],[137.57,63.0]]}},{"type":"Feature","properties":{"level":1024},"geometry":{"type":"LineString","coordinates":[[-43.03,69.25],[-42.0,69.05],[-37.0,69.16],[-35.5,69.69],[-31.46,70.5],[-30.79,71.25],[-31.4,71.75],[-31.36,72.0],[-30.5,72.76],[-28.75,73.1],[-27.87,73.75],[-29.54,74.0],[-28.75,74.09],[-28.09,74.75],[-27.03,75.25],[-27.47,76.75],[-36.0,78.2],[-40.25,78.31],[-46.09,77.0],[-48.25,75.96],[-50.08,74.5],[-50.52,73.5],[-49.78,72.75],[-49.75,72.18],[-48.5,71.81],[-47.78,71.25],[-43.03,69.25]]}},{"type":"Feature","properties":{"level":1028},"geometry":{"type":"LineString","coordinates":[[130.18,-88.0],[134.25,-88.0],[131.75,-87.78],[130.18,-88.0]]}},{"type":"Feature","properties":{"level":1028},"geometry":{"type":"LineString","coordinates":[[112.7,-78.75],[116.75,-78.62],[119.75,-78.14],[121.25,-78.4],[126.0,-77.96],[126.97,-77.25],[127.0,-76.9],[126.25,-76.65],[123.83,-76.75],[125.6,-76.0],[126.32,-75.25],[126.21,-74.75],[129.18,-73.25],[130.08,-72.25],[129.5,-71.85],[128.25,-71.67],[123.88,-72.25],[123.32,-72.5],[123.46,-72.75],[124.65,-73.0],[123.25,-73.92],[122.25,-74.22],[120.0,-73.98],[118.4,-74.25],[117.78,-74.75],[115.95,-75.25],[115.87,-75.5],[113.52,-76.0],[108.5,-76.21],[103.25,-76.06],[100.74,-76.5],[100.85,-76.75],[102.28,-77.25],[103.25,-78.18],[104.71,-78.5],[106.25,-78.51],[107.5,-78.22],[109.0,-78.63],[113.14,-78.5],[112.7,-78.75]]}},{"type":"Feature","properties":{"level":1028},"geometry":{"type":"LineString","coordinates":[[-58.18,-52.25],[-56.0,-52.32],[-53.0,-51.74],[-50.36,-50.75],[-47.77,-49.25],[-43.03,-45.0],[-42.25,-44.0],[-41.8,-43.0],[-41.84,-41.5],[-42.5,-41.06],[-45.25,-40.69],[-52.5,-41.14],[-58.0,-41.2],[-59.75,-41.47],[-63.25,-42.63],[-63.98,-44.0],[-64.16,-45.75],[-64.05,-47.5],[-63.59,-49.0],[-62.49,-50.5],[-60.95,-51.75],[-58.18,-52.25]]}},{"type":"Feature","properties":{"level":1028},"geometry":{"type":"LineString","coordinates":[[-180.0,-51.68],[-175.5,-51.43],[-171.46,-50.25],[-166.89,-48.25],[-164.06,-46.5],[-160.09,-43.0],[-159.59,-41.75],[-159.55,-40.75],[-155.84,-37.5],[-155.45,-36.75],[-155.54,-35.25],[-154.53,-32.75],[-154.93,-32.5],[-154.77,-32.25],[-154.92,-31.75],[-155.5,-30.94],[-156.0,-30.68],[-156.5,-30.74],[-156.75,-30.34],[-157.25,-30.41],[-157.75,-29.87],[-159.75,-29.81],[-162.25,-30.12],[-163.4,-30.75],[-164.75,-32.53],[-165.27,-34.25],[-165.02,-35.0],[-165.5,-35.77],[-166.11,-37.75],[-167.25,-38.81],[-169.75,-39.56],[-176.5,-39.71],[-178.75,-40.24],[-180.0,-40.82]]}},{"type":"Feature","properties":{"level":1028},"geometry":{"type":"LineString","coordinates":[[78.85,-49.5],[80.75,-49.68],[82.75,-49.49],[87.0,-48.14],[90.31,-45.5],[91.68,-43.0],[92.16,-40.75],[91.41,-37.5],[91.78,-35.5],[91.54,-34.5],[88.5,-30.45],[85.0,-28.38],[82.5,-28.12],[80.25,-28.18],[79.0,-28.49],[76.0,-29.81],[74.25,-30.26],[73.75,-30.77],[73.07,-30.75],[70.75,-32.25],[66.0,-33.89],[63.25,-34.4],[59.75,-34.61],[58.5,-34.52],[56.5,-33.96],[55.25,-34.06],[54.0,-34.5],[52.08,-35.75],[52.11,-37.0],[54.25,-39.7],[58.25,-42.59],[60.56,-43.75],[64.46,-45.25],[67.75,-46.3],[71.25,-46.98],[73.25,-48.15],[74.75,-48.66],[78.85,-49.5]]}},{"type":"Feature","properties":{"level":1028},"geometry":{"type":"LineString","coordinates":[[180.0,-40.82],[176.31,-44.5],[174.4,-45.75],[173.74,-47.0],[173.65,-48.75],[173.88,-49.75],[175.69,-51.0],[180.0,-51.68]]}},{"type":"Feature","properties":{"level":1028},"geometry":{"type":"LineString","coordinates":[[-30.79,35.0],[-27.75,34.83],[-24.75,35.64],[-15.75,41.76],[-11.75,43.65],[-8.75,44.41],[-4.75,44.1],[-2.0,43.49],[-1.5,43.83],[-1.0,44.95],[0.25,45.83],[1.0,46.23],[2.61,46.5],[2.33,47.0],[0.62,48.0],[-1.25,48.3],[-2.75,48.19],[-4.0,48.79],[-6.25,48.65],[-9.5,48.82],[-16.5,48.45],[-17.12,48.75],[-16.95,49.25],[-17.5,50.27],[-22.25,51.77],[-28.5,52.34],[-32.5,52.16],[-34.75,51.7],[-36.25,50.98],[-36.89,50.25],[-36.83,49.75],[-37.48,49.25],[-37.16,48.75],[-37.34,48.5],[-36.33,48.0],[-36.12,47.5],[-32.91,45.75],[-35.11,42.75],[-35.6,41.5],[-35.61,39.0],[-34.91,37.25],[-33.75,36.07],[-32.5,35.44],[-30.79,35.0]]}},{"type":"Feature","properties":{"level":1028},"geometry":{"type":"LineString","coordinates":[[80.64,35.25],[82.0,35.25],[81.25,35.72],[79.0,36.31],[78.75,36.6],[78.25,36.35],[78.0,36.83],[76.75,36.89],[76.5,37.13],[76.0,36.86],[75.75,37.33],[75.46,37.0],[75.41,36.75],[76.0,36.16],[76.0,36.5],[78.0,36.31],[80.64,35.25]]}},{"type":"Feature","properties":{"level":1028},"geometry":{"type":"LineString","coordinates":[[79.6,42.0],[80.0,41.81],[81.0,41.96],[82.43,42.5],[81.5,42.8],[81.43,42.5],[79.75,42.46],[79.6,42.0]]}},{"type":"Feature","properties":{"level":1028},"geometry":{"type":"LineString","coordinates":[[82.58,42.75],[83.0,42.55],[83.64,42.75],[82.75,43.0],[82.58,42.75]]}},{"type":"Feature","properties":{"level":1028},"geometry":{"type":"LineString","coordinates":[[84.69,42.75],[85.75,42.73],[85.95,43.0],[85.75,43.19],[85.5,42.79],[84.75,43.1],[84.35,43.0],[84.69,42.75]]}},{"type":"Feature","properties":{"level":1028},"geometry":{"type":"LineString","coordinates":[[-153.2,43.0],[-151.75,42.79],[-149.5,43.07],[-148.5,43.29],[-147.55,44.0],[-146.68,46.0],[-147.25,47.75],[-149.25,49.35],[-151.0,49.88],[-152.75,49.85],[-156.0,48.81],[-158.4,47.0],[-158.6,46.25],[-158.21,44.75],[-156.87,44.0],[-153.2,43.0]]}},{"type":"Feature","properties":{"level":1028},"geometry":{"type":"LineString","coordinates":[[84.14,43.5],[85.0,43.32],[85.28,43.5],[84.14,43.5]]}},{"type":"Feature","properties":{"level":1028},"geometry":{"type":"LineString","coordinates":[[82.76,44.0],[83.75,43.78],[84.14,44.0],[83.25,44.26],[82.76,44.0]]}},{"type":"Feature","properties":{"level":1028},"geometry":{"type":"LineString","coordinates":[[82.72,47.0],[83.75,47.14],[84.5,46.94],[85.71,47.5],[83.25,47.59],[82.92,47.5],[82.72,47.0]]}},{"type":"Feature","properties":{"level":1028},"geometry":{"type":"LineString","coordinates":[[84.64,48.75],[85.5,48.62],[85.99,49.25],[85.75,49.55],[83.94,49.0],[84.64,48.75]]}},{"type":"Feature","properties":{"level":1028},"geometry":{"type":"LineString","coordinates":[[86.09,49.0],[86.5,48.89],[87.32,49.25],[87.25,49.46],[86.75,49.41],[86.25,49.69],[86.05,49.5],[86.26,49.25],[86.09,49.0]]}},{"type":"Feature","properties":{"level":1028},"geometry":{"type":"LineString","coordinates":[[82.34,49.25],[83.0,49.08],[83.23,49.25],[82.75,49.7],[82.01,49.5],[82.34,49.25]]}},{"type":"Feature","properties":{"level":1028},"geometry":{"type":"LineString","coordinates":[[-41.65,70.0],[-39.75,69.79],[-36.75,69.92],[-32.5,70.64],[-31.71,71.25],[-32.02,72.0],[-31.17,73.0],[-31.05,73.5],[-29.54,74.25],[-28.68,75.0],[-28.72,76.0],[-29.33,76.5],[-30.42,76.75],[-40.25,77.34],[-43.25,76.36],[-46.5,75.88],[-47.31,75.5],[-48.08,74.75],[-48.55,73.75],[-47.69,73.0],[-47.76,72.5],[-47.5,72.28],[-44.85,71.0],[-41.65,70.0]]}},{"type":"Feature","properties":{"level":1032},"geometry":{"type":"LineString","coordinates":[[104.97,-78.25],[106.0,-78.25],[107.5,-77.73],[109.0,-77.92],[118.25,-77.6],[121.5,-76.91],[124.75,-75.93],[125.2,-75.5],[124.55,-75.0],[124.86,-74.75],[126.01,-74.0],[127.5,-73.69],[128.96,-73.0],[128.0,-72.63],[127.0,-72.76],[122.5,-74.79],[116.22,-76.0],[111.5,-76.46],[104.5,-76.5],[102.77,-76.75],[104.22,-78.0],[104.97,-78.25]]}},{"type":"Feature","properties":{"level":1032},"geometry":{"type":"LineString","coordinates":[[-56.32,-49.75],[-54.0,-49.57],[-51.25,-48.47],[-49.32,-46.5],[-48.53,-45.25],[-48.78,-44.75],[-50.19,-43.75],[-51.75,-43.61],[-56.25,-44.14],[-57.75,-44.59],[-59.26,-45.75],[-59.82,-47.0],[-59.64,-48.0],[-58.23,-49.25],[-56.32,-49.75]]}},{"type":"Feature","properties":{"level":1032},"geometry":{"type":"LineString","coordinates":[[-177.98,-48.0],[-176.25,-48.17],[-173.72,-47.75],[-172.02,-47.0],[-171.2,-46.25],[-171.09,-45.5],[-171.78,-45.0],[-173.0,-44.85],[-176.25,-45.43],[-177.62,-46.25],[-177.76,-46.75],[-178.34,-47.25],[-178.49,-47.5],[-177.98,-48.0]]}},{"type":"Feature","properties":{"level":1032},"geometry":{"type":"LineString","coordinates":[[79.14,-47.25],[81.75,-47.2],[83.75,-46.49],[85.39,-45.5],[87.0,-43.25],[86.7,-42.0],[86.89,-40.75],[86.64,-39.75],[85.82,-38.5],[86.21,-36.75],[85.97,-36.5],[86.01,-36.0],[83.9,-34.0],[80.25,-32.71],[78.75,-32.56],[77.75,-32.74],[75.5,-33.5],[74.75,-33.5],[71.25,-34.45],[68.25,-35.64],[65.05,-36.5],[62.11,-37.75],[60.77,-38.75],[60.51,-39.75],[60.75,-40.6],[63.37,-42.5],[64.42,-43.0],[66.75,-43.89],[69.0,-44.38],[70.75,-44.55],[71.25,-44.27],[73.0,-44.66],[74.15,-45.5],[77.25,-46.81],[79.14,-47.25]]}},{"type":"Feature","properties":{"level":1032},"geometry":{"type":"LineString","coordinates":[[-29.14,39.75],[-28.5,39.56],[-26.75,39.64],[-25.0,40.03],[-23.33,40.75],[-20.79,42.25],[-18.96,43.75],[-18.51,44.5],[-24.25,44.72],[-27.5,43.85],[-30.04,41.5],[-29.99,40.5],[-29.14,39.75]]}},{"type":"Feature","properties":{"level":1032},"geometry":{"type":"LineString","coordinates":[[79.9,42.0],[81.29,42.25],[80.0,42.34],[79.75,42.25],[79.9,42.0]]}},{"type":"Feature","properties":{"level":1032},"geometry":{"type":"LineString","coordinates":[[-41.0,70.75],[-36.25,70.55],[-33.46,71.0],[-32.78,71.5],[-32.93,72.5],[-30.49,74.0],[-30.1,74.5],[-30.02,74.75],[-30.4,75.25],[-30.22,75.75],[-32.25,76.17],[-40.5,76.06],[-44.5,75.42],[-46.17,74.25],[-45.76,72.5],[-43.75,71.41],[-41.0,70.75]]}},{"type":"Feature","properties":{"level":1036},"geometry":{"type":"LineString","coordinates":[[107.16,-77.25],[108.75,-77.48],[118.5,-77.16],[122.75,-76.32],[124.05,-75.75],[123.5,-75.26],[122.75,-75.32],[113.25,-76.63],[107.25,-76.95],[107.05,-77.0],[107.16,-77.25]]}},{"type":"Feature","properties":{"level":1036},"geometry":{"type":"LineString","coordinates":[[71.0,-40.0],[72.0,-40.14],[74.5,-39.75],[75.25,-39.25],[75.23,-39.0],[73.75,-38.6],[70.29,-39.25],[70.25,-39.6],[71.0,-40.0]]}},{"type":"Feature","properties":{"level":1036},"geometry":{"type":"LineString","coordinates":[[-37.04,71.0],[-35.75,71.03],[-34.73,71.5],[-35.5,71.83],[-37.59,72.0],[-37.34,72.25],[-35.75,72.85],[-31.66,73.75],[-30.97,74.5],[-33.39,75.25],[-35.75,75.49],[-38.75,75.32],[-40.5,74.98],[-43.0,75.05],[-43.88,74.5],[-44.14,73.5],[-43.47,72.5],[-42.75,72.1],[-40.75,71.38],[-37.04,71.0]]}},{"type":"Feature","properties":{"level":1040},"geometry":{"type":"LineString","coordinates":[[113.98,-77.0],[118.75,-76.79],[121.03,-76.5],[122.35,-76.0],[120.68,-76.0],[113.98,-77.0]]}},{"type":"Feature","properties":{"level":1040},"geometry":{"type":"LineString","coordinates":[[-40.28,72.25],[-39.25,72.21],[-37.0,72.69],[-33.75,73.7],[-33.35,74.25],[-33.75,74.52],[-36.0,74.86],[-42.53,74.25],[-42.68,73.75],[-42.04,72.75],[-40.28,72.25]]}},{"type":"Feature","properties":{"level":1044},"geometry":{"type":"LineString","coordinates":[[-40.78,72.75],[-39.62,72.75],[-40.67,73.0],[-40.84,73.25],[-40.25,73.58],[-38.5,73.42],[-37.0,72.92],[-35.72,73.25],[-35.1,73.75],[-35.75,74.14],[-37.5,74.25],[-41.56,74.0],[-41.72,73.75],[-40.78,72.75]]}}]}