{"type":"FeatureCollection","features":[{"type":"Feature","properties":{"level":948},"geometry":{"type":"LineString","coordinates":[[-167.0,-66.51],[-166.75,-66.24],[-166.14,-66.5],[-167.0,-66.51]]}},{"type":"Feature","properties":{"level":952},"geometry":{"type":"LineString","coordinates":[[-168.25,-68.05],[-170.25,-67.3],[-170.58,-66.75],[-170.38,-66.25],[-169.0,-65.62],[-166.5,-65.42],[-164.27,-66.0],[-163.18,-67.0],[-163.53,-67.5],[-164.75,-67.95],[-166.5,-68.16],[-168.25,-68.05]]}},{"type":"Feature","properties":{"level":956},"geometry":{"type":"LineString","coordinates":[[-170.25,-69.75],[-173.07,-69.25],[-174.51,-68.5],[-172.36,-66.0],[-170.5,-65.14],[-167.5,-64.74],[-163.5,-65.11],[-161.85,-65.75],[-160.74,-67.0],[-160.86,-68.25],[-160.49,-68.75],[-161.59,-69.25],[-165.75,-69.81],[-170.25,-69.75]]}},{"type":"Feature","properties":{"level":960},"geometry":{"type":"LineString","coordinates":[[-173.75,-70.77],[-176.89,-70.0],[-177.18,-69.25],[-176.92,-68.0],[-176.25,-67.26],[-174.08,-65.75],[-170.75,-64.34],[-166.0,-64.03],[-163.88,-64.25],[-161.36,-65.0],[-157.25,-67.1],[-154.53,-67.75],[-155.31,-68.5],[-156.87,-69.25],[-161.5,-70.42],[-168.25,-70.98],[-173.75,-70.77]]}},{"type":"Feature","properties":{"level":960},"geometry":{"type":"LineString","coordinates":[[1.25,-59.04],[0.12,-58.5],[-0.08,-58.25],[0.03,-58.0],[0.75,-57.74],[1.75,-57.8],[2.16,-58.75],[1.91,-59.0],[1.25,-59.04]]}},{"type":"Feature","properties":{"level":964},"geometry":{"type":"LineString","coordinates":[[-121.0,-73.01],[-123.0,-72.57],[-123.18,-72.0],[-121.75,-70.93],[-119.75,-70.2],[-118.25,-70.23],[-117.0,-71.0],[-116.94,-71.5],[-117.2,-72.0],[-118.06,-72.5],[-121.0,-73.01]]}},{"type":"Feature","properties":{"level":964},"geometry":{"type":"LineString","coordinates":[[-173.5,-72.01],[-176.5,-71.64],[-178.0,-71.15],[-178.84,-70.25],[-178.92,-69.0],[-178.34,-67.5],[-176.69,-66.0],[-174.75,-64.86],[-172.0,-63.8],[-167.75,-63.32],[-165.0,-63.45],[-161.75,-64.09],[-156.0,-65.71],[-154.0,-65.99],[-151.0,-65.83],[-150.47,-66.25],[-150.84,-67.5],[-152.37,-68.75],[-154.45,-69.75],[-157.25,-70.63],[-160.5,-71.28],[-165.0,-71.81],[-173.5,-72.01]]}},{"type":"Feature","properties":{"level":964},"geometry":{"type":"LineString","coordinates":[[1.0,-62.27],[-1.5,-61.5],[-2.96,-60.5],[-3.5,-59.83],[-3.63,-59.0],[-3.43,-58.25],[-2.07,-56.75],[-0.5,-55.84],[4.25,-55.37],[6.75,-56.11],[8.05,-57.0],[8.42,-57.75],[8.42,-58.75],[8.03,-60.5],[7.46,-61.5],[4.75,-62.34],[1.0,-62.27]]}},{"type":"Feature","properties":{"level":968},"geometry":{"type":"LineString","coordinates":[[-123.75,-74.25],[-131.0,-74.11],[-131.49,-74.0],[-131.49,-73.75],[-130.75,-73.12],[-126.5,-70.95],[-123.99,-69.25],[-121.5,-68.6],[-118.5,-68.47],[-116.5,-68.84],[-114.9,-69.75],[-113.75,-70.8],[-113.5,-71.41],[-113.17,-71.5],[-113.25,-71.96],[-113.92,-72.5],[-117.26,-73.75],[-121.0,-74.34],[-123.75,-74.25]]}},{"type":"Feature","properties":{"level":968},"geometry":{"type":"LineString","coordinates":[[-126.5,-73.75],[-125.94,-73.5],[-127.15,-73.5],[-126.5,-73.75]]}},{"type":"Feature","properties":{"level":968},"geometry":{"type":"LineString","coordinates":[[180.0,-71.03],[179.5,-70.25],[179.41,-69.5],[180.0,-67.46]]}},{"type":"Feature","properties":{"level":968},"geometry":{"type":"LineString","coordinates":[[-180.0,-67.46],[-178.5,-65.74],[-176.0,-64.19],[-173.5,-63.2],[-170.25,-62.66],[-164.25,-62.88],[-154.0,-64.62],[-148.75,-64.29],[-147.66,-64.75],[-147.32,-65.5],[-147.52,-66.5],[-148.28,-67.75],[-150.75,-69.76],[-154.6,-71.25],[-159.0,-72.2],[-165.0,-72.9],[-173.25,-73.04],[-177.75,-72.4],[-179.0,-71.87],[-180.0,-71.03]]}},{"type":"Feature","properties":{"level":968},"geometry":{"type":"LineString","coordinates":[[1.0,-63.52],[-1.25,-62.87],[-3.25,-61.88],[-4.5,-60.95],[-5.17,-59.75],[-5.06,-58.5],[-4.07,-56.75],[-3.02,-55.75],[-1.0,-54.48],[0.0,-54.24],[6.0,-53.89],[8.25,-54.14],[11.89,-55.25],[12.75,-55.78],[13.75,-56.97],[15.87,-57.75],[15.62,-58.5],[14.49,-60.0],[12.5,-61.41],[10.5,-62.38],[6.0,-63.52],[3.0,-63.71],[1.0,-63.52]]}},{"type":"Feature","properties":{"level":968},"geometry":{"type":"LineString","coordinates":[[-104.5,-59.5],[-106.38,-59.0],[-107.59,-57.75],[-107.87,-56.75],[-106.75,-55.31],[-105.25,-55.92],[-104.57,-56.75],[-103.51,-59.25],[-103.75,-59.5],[-104.5,-59.5]]}},{"type":"Feature","properties":{"level":968},"geometry":{"type":"LineString","coordinates":[[-40.75,60.98],[-41.12,61.25],[-40.34,61.25],[-40.75,60.98]]}},{"type":"Feature","properties":{"level":972},"geometry":{"type":"LineString","coordinates":[[-149.75,-78.01],[-154.25,-77.15],[-157.5,-77.21],[-157.76,-77.0],[-154.0,-75.71],[-148.75,-74.38],[-139.75,-73.05],[-132.42,-70.75],[-126.0,-68.14],[-121.0,-66.99],[-118.75,-66.74],[-117.0,-66.89],[-113.5,-67.74],[-111.75,-68.57],[-110.5,-69.47],[-109.8,-70.25],[-109.54,-71.0],[-109.76,-72.0],[-111.56,-73.25],[-114.5,-74.41],[-118.25,-75.16],[-120.75,-75.45],[-123.5,-75.31],[-129.75,-76.03],[-130.75,-75.71],[-134.75,-75.91],[-136.75,-75.46],[-138.75,-75.45],[-139.75,-75.82],[-141.25,-75.84],[-142.6,-76.25],[-141.5,-76.71],[-138.75,-77.01],[-144.5,-77.87],[-146.0,-77.7],[-149.75,-78.01]]}},{"type":"Feature","properties":{"level":972},"geometry":{"type":"LineString","coordinates":[[-134.5,-77.03],[-135.05,-76.75],[-134.5,-76.4],[-132.92,-77.0],[-134.5,-77.03]]}},{"type":"Feature","properties":{"level":972},"geometry":{"type":"LineString","coordinates":[[180.0,-72.59],[178.22,-71.0],[177.85,-69.75],[178.3,-67.75],[180.0,-65.2]]}},{"type":"Feature","properties":{"level":972},"geometry":{"type":"LineString","coordinates":[[113.5,-68.85],[113.33,-68.75],[114.06,-68.5],[116.07,-68.25],[115.0,-68.83],[113.5,-68.85]]}},{"type":"Feature","properties":{"level":972},"geometry":{"type":"LineString","coordinates":[[-180.0,-65.2],[-176.75,-62.94],[-173.5,-62.05],[-171.0,-61.89],[-164.75,-62.12],[-154.5,-63.39],[-152.25,-63.39],[-147.25,-62.7],[-145.75,-63.24],[-145.06,-63.75],[-144.57,-65.0],[-144.64,-66.0],[-145.38,-68.25],[-147.0,-70.08],[-148.25,-71.01],[-150.0,-71.85],[-153.75,-72.92],[-157.75,-73.55],[-162.25,-73.93],[-169.0,-74.1],[-175.5,-73.81],[-178.0,-73.37],[-180.0,-72.59]]}},{"type":"Feature","properties":{"level":972},"geometry":{"type":"LineString","coordinates":[[94.75,-65.01],[93.75,-64.89],[92.94,-64.5],[92.74,-64.25],[92.77,-63.0],[91.65,-62.5],[92.11,-61.75],[93.5,-61.46],[95.5,-61.43],[103.0,-61.88],[104.57,-62.25],[105.43,-63.0],[105.41,-63.25],[105.0,-63.41],[100.26,-64.75],[98.75,-64.78],[97.5,-65.11],[94.75,-65.01]]}},{"type":"Feature","properties":{"level":972},"geometry":{"type":"LineString","coordinates":[[1.5,-64.79],[-1.0,-64.18],[-3.5,-63.11],[-5.49,-61.75],[-6.45,-60.5],[-6.6,-59.0],[-5.96,-57.25],[-4.75,-55.59],[-3.25,-54.45],[-2.0,-53.85],[-0.25,-53.4],[7.0,-52.73],[13.75,-53.72],[16.5,-54.79],[19.0,-54.6],[19.47,-54.75],[19.28,-57.0],[18.67,-58.75],[17.48,-60.25],[14.6,-62.25],[11.5,-63.66],[8.75,-64.38],[4.75,-64.92],[1.5,-64.79]]}},{"type":"Feature","properties":{"level":972},"geometry":{"type":"LineString","coordinates":[[-108.0,-60.52],[-109.75,-59.91],[-111.18,-58.5],[-111.23,-57.25],[-110.28,-55.25],[-109.25,-54.14],[-107.75,-53.16],[-104.5,-52.17],[-103.5,-52.13],[-102.75,-52.44],[-102.12,-53.5],[-102.27,-54.5],[-102.04,-55.5],[-100.4,-59.75],[-100.5,-59.91],[-101.25,-60.31],[-103.25,-60.66],[-108.0,-60.52]]}},{"type":"Feature","properties":{"level":972},"geometry":{"type":"LineString","coordinates":[[38.25,-52.84],[37.84,-52.5],[38.07,-52.0],[38.75,-51.78],[39.2,-52.0],[39.25,-52.64],[38.25,-52.84]]}},{"type":"Feature","properties":{"level":972},"geometry":{"type":"LineString","coordinates":[[-45.25,58.72],[-45.79,59.0],[-45.88,59.25],[-45.65,59.5],[-44.75,59.56],[-44.17,59.25],[-44.26,59.0],[-45.25,58.72]]}},{"type":"Feature","properties":{"level":972},"geometry":{"type":"LineString","coordinates":[[-42.5,60.41],[-44.0,61.35],[-44.0,61.63],[-43.0,62.07],[-42.0,61.96],[-40.5,62.38],[-39.5,62.12],[-39.04,61.75],[-38.96,61.0],[-39.5,60.6],[-40.75,60.31],[-42.5,60.41]]}},{"type":"Feature","properties":{"level":972},"geometry":{"type":"LineString","coordinates":[[-46.0,61.67],[-44.8,61.75],[-45.5,61.51],[-46.0,61.67]]}},{"type":"Feature","properties":{"level":976},"geometry":{"type":"LineString","coordinates":[[-125.5,-77.78],[-125.97,-77.5],[-125.5,-77.32],[-124.52,-77.75],[-125.5,-77.78]]}},{"type":"Feature","properties":{"level":976},"geometry":{"type":"LineString","coordinates":[[-137.33,-76.5],[-136.39,-76.25],[-137.25,-75.94],[-137.99,-76.25],[-137.33,-76.5]]}},{"type":"Feature","properties":{"level":976},"geometry":{"type":"LineString","coordinates":[[180.0,-73.84],[178.5,-73.16],[177.25,-72.16],[176.53,-70.75],[176.31,-69.5],[177.02,-67.0],[178.94,-63.75],[179.41,-62.25],[179.41,-61.5],[180.0,-61.27]]}},{"type":"Feature","properties":{"level":976},"geometry":{"type":"LineString","coordinates":[[108.25,-69.51],[104.75,-68.98],[101.25,-67.52],[99.75,-67.41],[99.0,-67.02],[95.0,-66.72],[94.5,-66.87],[92.0,-66.46],[86.58,-64.75],[77.61,-64.0],[77.2,-63.75],[77.21,-63.5],[78.74,-62.0],[78.18,-61.0],[78.16,-60.5],[77.02,-59.5],[76.77,-59.0],[75.5,-58.84],[75.38,-58.5],[76.7,-58.0],[78.0,-58.28],[80.5,-58.07],[83.67,-58.75],[90.5,-58.71],[93.75,-58.44],[98.5,-58.97],[100.29,-59.75],[103.75,-60.41],[109.25,-62.17],[112.75,-63.02],[113.31,-63.25],[113.83,-64.0],[113.78,-64.25],[114.25,-64.66],[115.43,-65.0],[115.43,-65.25],[113.29,-65.5],[111.72,-66.0],[112.0,-66.45],[113.12,-67.0],[108.25,-66.96],[105.25,-66.49],[103.88,-66.75],[107.0,-68.57],[108.5,-68.79],[110.75,-68.81],[116.03,-67.25],[117.25,-65.74],[119.75,-64.65],[121.25,-64.49],[123.25,-64.96],[124.75,-65.04],[127.5,-64.52],[129.19,-64.75],[129.0,-65.06],[126.0,-65.43],[123.16,-66.5],[121.34,-67.5],[120.0,-68.72],[118.59,-69.25],[115.25,-69.66],[108.25,-69.51]]}},{"type":"Feature","properties":{"level":976},"geometry":{"type":"LineString","coordinates":[[2.25,-66.01],[-0.75,-65.46],[-3.25,-64.58],[-6.0,-63.04],[-7.55,-61.5],[-8.16,-60.0],[-7.97,-58.25],[-6.5,-55.5],[-5.11,-54.25],[-3.2,-53.25],[-1.0,-52.61],[6.5,-51.85],[11.75,-52.12],[18.0,-53.06],[20.5,-52.94],[21.32,-53.5],[21.56,-54.25],[21.75,-57.35],[22.52,-58.5],[24.1,-59.75],[24.22,-60.25],[23.75,-60.88],[19.75,-61.57],[14.25,-64.32],[11.75,-65.15],[6.25,-66.07],[2.25,-66.01]]}},{"type":"Feature","properties":{"level":976},"geometry":{"type":"LineString","coordinates":[[-180.0,-61.27],[-172.5,-61.06],[-167.75,-61.19],[-154.25,-62.37],[-151.5,-62.16],[-147.5,-61.36],[-145.5,-61.46],[-143.52,-62.25],[-142.41,-63.25],[-140.86,-67.5],[-140.19,-68.25],[-139.0,-68.79],[-137.0,-69.04],[-134.25,-68.66],[-130.75,-67.72],[-124.14,-65.25],[-121.75,-63.74],[-115.74,-62.25],[-114.37,-60.75],[-114.29,-59.75],[-114.67,-58.25],[-114.49,-57.5],[-112.06,-54.75],[-109.63,-52.5],[-106.5,-50.96],[-103.5,-50.84],[-101.5,-51.42],[-100.75,-51.39],[-99.84,-53.75],[-99.83,-54.5],[-99.11,-55.25],[-99.28,-55.75],[-98.75,-56.52],[-97.77,-59.0],[-98.05,-59.75],[-98.75,-60.46],[-100.61,-61.25],[-103.75,-63.53],[-105.0,-65.07],[-106.0,-65.47],[-107.03,-67.75],[-106.0,-70.0],[-105.92,-71.0],[-106.3,-72.25],[-107.02,-73.0],[-111.0,-74.68],[-115.75,-75.73],[-115.48,-76.0],[-116.0,-76.15],[-120.25,-75.92],[-123.5,-76.21],[-125.0,-76.78],[-126.25,-76.43],[-128.5,-76.65],[-129.65,-77.0],[-128.25,-77.74],[-128.5,-78.08],[-126.81,-78.75],[-127.02,-79.0],[-128.25,-79.25],[-129.35,-79.0],[-128.6,-78.5],[-128.77,-78.25],[-131.25,-78.06],[-135.5,-78.51],[-141.0,-77.77],[-150.0,-78.31],[-151.75,-78.23],[-153.5,-77.65],[-158.25,-77.85],[-161.25,-77.26],[-163.25,-76.1],[-164.75,-75.68],[-177.0,-74.54],[-180.0,-73.84]]}},{"type":"Feature","properties":{"level":976},"geometry":{"type":"LineString","coordinates":[[37.75,-54.29],[36.0,-53.88],[35.21,-53.0],[35.25,-52.57],[38.0,-51.43],[39.0,-51.32],[40.25,-51.71],[41.25,-52.47],[42.86,-53.25],[42.38,-53.75],[40.25,-54.31],[37.75,-54.29]]}},{"type":"Feature","properties":{"level":976},"geometry":{"type":"LineString","coordinates":[[-124.75,-51.3],[-125.99,-50.25],[-124.0,-50.07],[-122.59,-50.5],[-122.54,-51.0],[-123.25,-51.42],[-124.75,-51.3]]}},{"type":"Feature","properties":{"level":976},"geometry":{"type":"LineString","coordinates":[[-46.5,57.74],[-48.64,59.0],[-51.26,61.5],[-52.2,63.25],[-52.32,65.0],[-51.75,64.66],[-50.5,65.09],[-50.0,65.02],[-49.5,64.48],[-49.0,64.57],[-48.64,64.25],[-48.76,63.25],[-48.5,62.85],[-47.25,63.0],[-45.75,62.38],[-43.5,63.41],[-39.5,63.82],[-38.0,64.24],[-35.5,64.29],[-33.54,63.75],[-33.7,63.0],[-34.8,62.0],[-38.5,59.86],[-43.75,57.78],[-45.5,57.53],[-46.5,57.74]]}},{"type":"Feature","properties":{"level":976},"geometry":{"type":"LineString","coordinates":[[-8.5,64.25],[-8.98,64.5],[-9.56,65.5],[-9.0,66.2],[-7.5,66.56],[-6.19,66.0],[-6.55,65.5],[-5.97,65.0],[-6.08,64.75],[-7.5,64.18],[-8.5,64.25]]}},{"type":"Feature","properties":{"level":980},"geometry":{"type":"LineString","coordinates":[[-148.75,-79.29],[-148.92,-79.25],[-147.0,-78.83],[-144.96,-79.0],[-146.5,-79.28],[-148.75,-79.29]]}},{"type":"Feature","properties":{"level":980},"geometry":{"type":"LineString","coordinates":[[180.0,-75.04],[178.25,-74.49],[176.84,-73.75],[175.0,-71.55],[174.5,-70.52],[174.61,-68.75],[175.12,-67.0],[176.11,-65.0],[176.36,-63.75],[175.85,-62.75],[174.38,-61.5],[174.75,-61.02],[176.0,-60.44],[178.5,-59.74],[180.0,-59.65]]}},{"type":"Feature","properties":{"level":980},"geometry":{"type":"LineString","coordinates":[[111.75,-70.0],[106.64,-69.75],[98.5,-67.51],[85.25,-67.56],[83.5,-67.82],[77.06,-66.5],[73.15,-64.75],[71.57,-63.5],[72.72,-61.0],[72.42,-59.0],[73.52,-56.25],[75.25,-54.75],[75.35,-54.0],[76.75,-51.92],[77.38,-51.5],[79.5,-50.95],[80.74,-51.5],[81.18,-52.5],[82.53,-54.0],[86.0,-55.74],[88.75,-56.6],[91.25,-57.06],[101.25,-57.84],[102.75,-58.64],[105.25,-59.24],[108.0,-60.24],[113.0,-61.43],[124.5,-63.47],[130.28,-63.75],[133.09,-64.25],[132.92,-64.75],[131.75,-65.3],[128.0,-66.32],[126.25,-66.52],[124.0,-67.37],[121.25,-69.51],[117.75,-70.04],[111.75,-70.0]]}},{"type":"Feature","properties":{"level":980},"geometry":{"type":"LineString","coordinates":[[4.0,-67.51],[0.75,-67.05],[-3.5,-65.85],[-6.25,-64.51],[-8.36,-62.75],[-9.49,-61.0],[-9.73,-59.0],[-8.96,-56.5],[-8.25,-55.25],[-7.5,-54.47],[-4.5,-52.62],[0.25,-51.4],[6.25,-50.84],[14.5,-51.22],[21.75,-52.2],[22.6,-53.0],[23.84,-55.75],[26.0,-57.82],[26.5,-59.5],[26.35,-60.5],[25.79,-61.25],[24.75,-61.88],[19.75,-63.21],[15.0,-65.73],[11.25,-66.94],[8.0,-67.54],[4.0,-67.51]]}},{"type":"Feature","properties":{"level":980},"geometry":{"type":"LineString","coordinates":[[-180.0,-59.65],[-156.5,-61.29],[-153.0,-61.26],[-148.25,-60.26],[-145.25,-60.03],[-142.24,-60.75],[-140.0,-62.5],[-138.25,-64.26],[-137.33,-64.5],[-137.0,-64.9],[-134.25,-65.34],[-132.75,-65.27],[-129.72,-64.25],[-123.5,-60.86],[-118.0,-55.56],[-113.0,-52.5],[-110.25,-51.15],[-106.0,-49.61],[-105.0,-49.46],[-100.75,-50.27],[-99.37,-51.0],[-97.56,-53.0],[-97.16,-55.0],[-96.0,-55.88],[-95.88,-56.25],[-95.68,-58.5],[-95.97,-60.75],[-94.49,-61.75],[-93.59,-62.75],[-93.07,-63.75],[-92.61,-65.5],[-93.0,-65.94],[-93.5,-66.02],[-96.75,-65.64],[-99.13,-66.5],[-100.5,-68.14],[-100.92,-69.0],[-101.5,-71.45],[-101.92,-72.0],[-101.36,-72.25],[-102.42,-72.5],[-102.85,-72.75],[-102.96,-73.25],[-105.25,-74.31],[-108.53,-75.25],[-110.25,-76.11],[-111.31,-76.25],[-110.63,-76.5],[-110.87,-76.75],[-113.0,-77.09],[-114.76,-77.0],[-112.59,-76.5],[-113.25,-76.36],[-117.25,-77.18],[-119.0,-76.76],[-122.25,-76.83],[-122.88,-77.25],[-122.21,-77.5],[-122.22,-78.0],[-123.22,-78.25],[-122.5,-78.61],[-120.75,-78.22],[-119.29,-78.5],[-119.08,-79.25],[-118.5,-79.73],[-117.75,-79.88],[-114.0,-80.51],[-108.03,-81.0],[-107.41,-81.25],[-107.76,-81.5],[-107.7,-81.75],[-106.88,-82.25],[-107.4,-82.75],[-107.16,-83.0],[-109.04,-83.0],[-115.9,-82.25],[-126.0,-80.67],[-133.75,-80.11],[-135.5,-79.17],[-141.0,-77.97],[-149.25,-78.9],[-161.0,-78.28],[-180.0,-75.04]]}},{"type":"Feature","properties":{"level":980},"geometry":{"type":"LineString","coordinates":[[38.0,-55.26],[35.75,-54.9],[34.74,-54.25],[34.15,-53.25],[34.49,-52.0],[36.24,-51.25],[39.0,-50.81],[46.18,-52.5],[45.25,-53.52],[43.25,-54.51],[40.0,-55.28],[38.0,-55.26]]}},{"type":"Feature","properties":{"level":980},"geometry":{"type":"LineString","coordinates":[[-124.25,-52.54],[-125.5,-52.15],[-126.5,-51.5],[-127.2,-50.5],[-127.27,-50.0],[-126.0,-49.34],[-121.72,-48.75],[-119.5,-47.71],[-118.75,-47.74],[-120.06,-51.25],[-122.0,-52.37],[-123.0,-52.6],[-124.25,-52.54]]}},{"type":"Feature","properties":{"level":980},"geometry":{"type":"LineString","coordinates":[[-47.0,56.99],[-49.1,58.0],[-51.25,59.75],[-52.5,61.1],[-53.4,62.5],[-54.46,65.0],[-54.47,65.5],[-54.16,66.0],[-53.75,66.27],[-52.5,66.3],[-50.25,65.78],[-48.75,66.65],[-48.57,66.5],[-48.71,66.25],[-47.41,65.5],[-47.84,64.75],[-47.75,64.35],[-46.5,64.63],[-45.25,64.14],[-44.25,64.58],[-43.61,64.5],[-43.59,64.25],[-42.75,63.99],[-39.25,65.14],[-33.0,65.56],[-31.25,65.08],[-29.9,64.0],[-30.05,63.25],[-31.1,62.0],[-38.6,58.5],[-43.25,57.09],[-45.5,56.84],[-47.0,56.99]]}},{"type":"Feature","properties":{"level":980},"geometry":{"type":"LineString","coordinates":[[-8.5,63.97],[-9.39,64.25],[-11.61,65.75],[-11.96,66.25],[-11.93,66.75],[-11.09,68.0],[-10.28,68.5],[-9.9,69.25],[-8.75,69.77],[-8.0,69.75],[-4.65,68.0],[-4.24,67.5],[-4.17,66.75],[-4.36,65.75],[-4.85,64.75],[-5.2,64.5],[-6.75,63.92],[-8.5,63.97]]}},{"type":"Feature","properties":{"level":984},"geometry":{"type":"LineString","coordinates":[[-141.62,-80.75],[-141.33,-80.75],[-141.62,-80.75]]}},{"type":"Feature","properties":{"level":984},"geometry":{"type":"LineString","coordinates":[[-120.57,-77.75],[-119.25,-77.63],[-118.48,-77.0],[-120.13,-77.0],[-120.76,-77.25],[-120.89,-77.5],[-120.57,-77.75]]}},{"type":"Feature","properties":{"level":984},"geometry":{"type":"LineString","coordinates":[[180.0,-76.44],[177.5,-75.67],[175.5,-74.65],[173.5,-72.54],[172.44,-71.75],[171.73,-70.25],[172.47,-69.25],[172.58,-68.25],[173.81,-64.75],[173.83,-64.0],[173.27,-63.0],[171.03,-61.5],[170.27,-60.5],[170.75,-59.82],[174.75,-59.08],[176.52,-58.5],[180.0,-58.6]]}},{"type":"Feature","properties":{"level":984},"geometry":{"type":"LineString","coordinates":[[163.0,-71.29],[162.22,-70.75],[161.25,-70.54],[160.0,-69.67],[158.5,-69.14],[157.34,-69.25],[158.0,-69.47],[157.75,-69.67],[157.0,-69.29],[155.25,-69.32],[154.25,-69.0],[154.31,-68.5],[156.0,-68.2],[160.5,-68.59],[165.0,-68.17],[168.5,-69.65],[169.2,-70.25],[168.75,-70.77],[167.5,-71.02],[165.75,-70.72],[165.55,-70.75],[165.7,-71.0],[165.5,-71.1],[164.5,-71.11],[163.25,-70.71],[163.07,-70.75],[163.0,-71.29]]}},{"type":"Feature","properties":{"level":984},"geometry":{"type":"LineString","coordinates":[[118.75,-71.03],[117.5,-70.81],[113.5,-70.83],[110.0,-70.38],[109.0,-70.52],[98.0,-68.01],[81.75,-68.64],[77.0,-70.05],[74.0,-70.19],[73.0,-70.01],[72.99,-69.5],[71.29,-67.75],[69.6,-67.25],[68.6,-66.5],[67.53,-65.0],[66.01,-64.0],[65.9,-63.5],[66.33,-62.75],[68.61,-60.5],[68.92,-59.5],[68.91,-58.25],[69.75,-57.5],[71.32,-55.25],[73.56,-53.5],[73.74,-53.25],[73.43,-53.0],[73.75,-52.88],[75.25,-50.89],[77.0,-50.01],[81.25,-48.58],[82.9,-50.0],[83.66,-51.25],[84.71,-52.25],[87.25,-53.95],[90.75,-55.25],[94.27,-56.0],[101.75,-56.82],[108.25,-58.64],[123.25,-61.88],[136.0,-63.14],[136.51,-63.5],[135.8,-65.25],[131.25,-66.4],[130.0,-67.35],[126.9,-68.25],[124.75,-69.73],[122.0,-70.29],[120.25,-70.94],[118.75,-71.03]]}},{"type":"Feature","properties":{"level":984},"geometry":{"type":"LineString","coordinates":[[3.0,-68.75],[-1.75,-67.91],[-4.75,-66.9],[-8.0,-65.1],[-10.25,-62.87],[-11.29,-60.75],[-11.44,-59.5],[-11.27,-58.0],[-10.37,-55.25],[-8.38,-53.25],[-6.25,-52.02],[-3.75,-51.14],[-0.5,-50.42],[3.75,-49.88],[10.5,-49.85],[16.0,-50.19],[21.0,-50.87],[22.0,-50.76],[23.0,-51.37],[25.25,-54.36],[27.09,-55.25],[28.12,-57.0],[28.57,-59.5],[28.09,-60.75],[27.25,-61.71],[26.0,-62.45],[21.11,-64.5],[16.99,-67.0],[13.81,-68.25],[11.0,-68.76],[8.25,-68.93],[3.0,-68.75]]}},{"type":"Feature","properties":{"level":984},"geometry":{"type":"LineString","coordinates":[[67.25,-68.05],[67.11,-68.0],[69.25,-67.63],[69.56,-67.75],[69.0,-68.11],[67.25,-68.05]]}},{"type":"Feature","properties":{"level":984},"geometry":{"type":"LineString","coordinates":[[-180.0,-58.6],[-172.75,-59.28],[-155.75,-60.25],[-153.0,-60.06],[-147.5,-58.95],[-145.75,-58.81],[-140.5,-59.43],[-137.75,-60.69],[-136.75,-60.8],[-135.5,-61.58],[-133.75,-61.31],[-132.75,-61.5],[-128.92,-59.75],[-127.47,-58.5],[-127.03,-57.75],[-127.23,-57.25],[-128.39,-56.25],[-128.22,-55.0],[-128.47,-54.5],[-129.75,-53.7],[-131.25,-54.04],[-132.04,-53.75],[-131.95,-53.5],[-130.25,-53.0],[-129.14,-52.25],[-128.59,-50.0],[-127.25,-48.83],[-124.75,-47.92],[-118.75,-46.49],[-118.0,-46.71],[-116.25,-49.76],[-115.0,-50.54],[-111.75,-50.25],[-104.25,-48.23],[-100.75,-48.75],[-97.53,-50.5],[-96.25,-51.47],[-95.66,-52.25],[-94.19,-55.75],[-93.34,-60.25],[-90.83,-63.25],[-89.8,-66.0],[-90.06,-66.75],[-90.66,-67.25],[-93.75,-67.75],[-96.1,-68.75],[-97.48,-71.25],[-98.22,-72.0],[-97.13,-72.5],[-98.93,-73.0],[-99.11,-73.5],[-99.59,-73.75],[-99.36,-74.5],[-102.54,-75.25],[-103.38,-75.75],[-104.24,-76.75],[-106.33,-77.5],[-106.04,-77.75],[-107.05,-78.75],[-109.75,-78.88],[-110.24,-79.25],[-110.15,-79.5],[-110.66,-79.75],[-110.58,-80.0],[-109.5,-80.17],[-105.75,-80.39],[-102.75,-80.86],[-96.5,-82.04],[-96.24,-82.25],[-97.39,-82.5],[-97.04,-82.75],[-97.5,-82.86],[-103.0,-83.64],[-112.65,-83.25],[-117.5,-82.57],[-118.87,-82.0],[-120.5,-81.75],[-127.75,-81.26],[-127.99,-81.0],[-128.75,-80.96],[-130.79,-81.0],[-129.86,-81.25],[-130.25,-81.5],[-132.75,-81.35],[-136.5,-81.66],[-139.5,-81.64],[-145.5,-81.15],[-148.38,-81.5],[-152.25,-81.5],[-159.25,-79.69],[-165.5,-78.99],[-180.0,-76.44]]}},{"type":"Feature","properties":{"level":984},"geometry":{"type":"LineString","coordinates":[[35.0,-56.26],[33.04,-55.5],[32.79,-53.75],[32.95,-52.75],[33.38,-52.0],[34.0,-51.45],[35.25,-50.89],[37.5,-50.4],[39.5,-50.29],[45.25,-51.1],[48.5,-51.15],[49.12,-51.5],[48.96,-52.0],[49.11,-52.25],[48.25,-53.01],[46.5,-54.16],[43.75,-55.38],[41.75,-55.93],[38.75,-56.34],[35.0,-56.26]]}},{"type":"Feature","properties":{"level":984},"geometry":{"type":"LineString","coordinates":[[151.75,34.98],[151.47,35.5],[151.75,35.96],[152.23,35.75],[152.29,35.5],[151.75,34.98]]}},{"type":"Feature","properties":{"level":984},"geometry":{"type":"LineString","coordinates":[[-39.0,51.4],[-39.23,51.5],[-37.5,52.27],[-35.82,52.25],[-38.0,51.48],[-39.0,51.4]]}},{"type":"Feature","properties":{"level":984},"geometry":{"type":"LineString","coordinates":[[-46.5,56.22],[-49.0,56.98],[-51.75,58.72],[-54.58,61.75],[-56.15,64.75],[-56.16,65.5],[-55.82,66.25],[-54.25,67.71],[-52.5,66.59],[-51.25,66.17],[-50.25,66.06],[-49.4,66.5],[-49.66,67.75],[-50.17,68.5],[-49.5,69.25],[-50.11,69.5],[-49.75,69.94],[-49.22,69.5],[-49.5,69.25],[-49.0,69.18],[-48.75,68.65],[-46.94,67.75],[-47.22,67.5],[-46.54,67.0],[-44.0,66.08],[-41.25,66.75],[-40.0,66.77],[-38.5,67.32],[-37.75,67.28],[-37.0,66.79],[-34.75,66.41],[-31.0,66.86],[-25.57,65.75],[-24.18,65.0],[-23.43,64.0],[-23.34,63.5],[-23.63,62.75],[-24.46,62.25],[-27.68,61.0],[-32.5,59.7],[-38.3,57.25],[-42.75,56.16],[-46.5,56.22]]}},{"type":"Feature","properties":{"level":984},"geometry":{"type":"LineString","coordinates":[[-9.5,63.71],[-12.25,64.34],[-14.44,64.5],[-14.34,65.0],[-15.38,65.5],[-16.61,66.5],[-16.26,68.0],[-17.43,69.75],[-17.69,70.75],[-17.5,71.03],[-17.0,71.35],[-15.5,71.43],[-13.5,70.94],[-11.75,70.87],[-6.75,71.19],[-4.53,70.5],[-2.52,68.5],[-2.2,67.5],[-2.28,66.5],[-2.88,65.5],[-4.05,64.5],[-6.5,63.63],[-9.5,63.71]]}},{"type":"Feature","properties":{"level":988},"geometry":{"type":"LineString","coordinates":[[-146.75,-85.51],[-146.93,-85.5],[-145.74,-85.5],[-146.75,-85.51]]}},{"type":"Feature","properties":{"level":988},"geometry":{"type":"LineString","coordinates":[[-143.0,-85.5],[-141.42,-85.5],[-143.0,-85.5]]}},{"type":"Feature","properties":{"level":988},"geometry":{"type":"LineString","coordinates":[[-154.5,-85.27],[-154.67,-85.25],[-152.66,-85.25],[-154.5,-85.27]]}},{"type":"Feature","properties":{"level":988},"geometry":{"type":"LineString","coordinates":[[-151.0,-85.25],[-150.34,-85.25],[-151.0,-85.25]]}},{"type":"Feature","properties":{"level":988},"geometry":{"type":"LineString","coordinates":[[-124.0,-82.5],[-122.5,-82.62],[-121.51,-82.5],[-121.18,-82.25],[-124.25,-81.97],[-124.94,-82.25],[-124.0,-82.5]]}},{"type":"Feature","properties":{"level":988},"geometry":{"type":"LineString","coordinates":[[180.0,-78.06],[175.5,-76.76],[173.5,-75.83],[172.5,-75.04],[171.24,-73.0],[169.5,-72.09],[167.75,-71.59],[166.25,-71.58],[165.48,-71.75],[165.68,-72.0],[164.5,-72.26],[164.0,-72.62],[163.0,-72.65],[159.69,-71.25],[159.5,-70.61],[154.25,-69.77],[151.15,-68.75],[151.75,-68.1],[152.5,-67.8],[157.25,-67.01],[163.25,-66.57],[167.75,-67.16],[169.0,-67.0],[170.5,-65.87],[170.94,-64.5],[170.67,-63.25],[168.8,-61.5],[168.39,-60.75],[168.75,-59.62],[171.0,-58.53],[174.25,-57.65],[176.5,-57.4],[180.0,-57.54]]}},{"type":"Feature","properties":{"level":988},"geometry":{"type":"LineString","coordinates":[[67.75,-73.57],[68.25,-72.39],[67.0,-71.87],[67.29,-71.0],[65.93,-70.75],[66.0,-70.14],[67.25,-69.64],[67.44,-69.5],[67.25,-69.34],[66.5,-69.03],[65.0,-69.31],[64.0,-69.2],[63.62,-69.0],[63.5,-68.48],[61.52,-67.75],[57.75,-67.25],[57.75,-66.93],[58.55,-66.75],[58.51,-66.5],[60.04,-65.5],[59.13,-63.5],[60.27,-62.5],[65.35,-59.75],[68.42,-55.75],[71.75,-52.72],[74.25,-49.98],[81.5,-46.61],[82.0,-46.72],[83.0,-47.54],[84.25,-49.11],[86.54,-51.25],[89.25,-52.79],[92.5,-54.06],[107.5,-56.8],[113.0,-56.91],[114.0,-56.54],[114.25,-56.13],[115.0,-56.07],[118.92,-57.5],[119.33,-57.75],[119.2,-58.25],[119.4,-58.5],[122.35,-60.0],[125.25,-60.83],[128.75,-61.4],[137.75,-61.92],[138.46,-62.25],[139.25,-63.24],[140.5,-63.95],[140.62,-64.25],[140.36,-64.75],[139.75,-65.13],[135.5,-66.35],[134.79,-67.0],[134.75,-67.27],[135.5,-67.84],[138.75,-67.69],[139.7,-68.0],[139.79,-68.25],[138.53,-69.0],[134.5,-69.05],[131.5,-70.13],[127.23,-70.75],[125.75,-71.27],[125.28,-71.75],[124.0,-72.01],[120.0,-72.25],[116.25,-72.0],[110.25,-71.07],[104.75,-69.77],[97.0,-68.58],[84.0,-69.29],[77.25,-71.23],[75.75,-72.07],[74.75,-73.14],[70.75,-73.04],[69.75,-72.59],[68.75,-72.88],[68.25,-73.67],[67.75,-73.57]]}},{"type":"Feature","properties":{"level":988},"geometry":{"type":"LineString","coordinates":[[1.75,-70.01],[-3.41,-69.25],[-7.0,-68.14],[-8.25,-67.48],[-9.73,-66.25],[-11.75,-63.85],[-12.67,-62.25],[-13.08,-61.0],[-13.31,-59.5],[-13.18,-57.75],[-12.89,-55.75],[-12.43,-54.75],[-11.78,-53.75],[-10.7,-52.75],[-8.0,-51.23],[-4.5,-49.92],[-0.75,-49.2],[5.25,-48.69],[10.75,-48.7],[20.0,-49.53],[22.25,-49.52],[23.19,-50.0],[26.38,-53.0],[29.0,-53.43],[30.0,-53.14],[33.79,-50.75],[37.25,-49.84],[41.75,-49.66],[45.25,-50.05],[49.75,-49.98],[50.54,-50.25],[50.52,-50.75],[50.92,-51.25],[50.66,-52.0],[50.85,-52.5],[50.6,-53.25],[50.06,-53.75],[46.29,-55.75],[42.5,-56.85],[32.75,-58.23],[31.84,-59.0],[29.75,-61.65],[23.75,-65.75],[22.27,-67.25],[20.84,-68.0],[17.5,-68.94],[11.75,-69.77],[7.75,-70.12],[1.75,-70.01]]}},{"type":"Feature","properties":{"level":988},"geometry":{"type":"LineString","coordinates":[[57.0,-67.03],[57.25,-67.0],[57.0,-67.03]]}},{"type":"Feature","properties":{"level":988},"geometry":{"type":"LineString","coordinates":[[55.75,-66.31],[55.75,-66.05],[56.07,-66.25],[55.75,-66.31]]}},{"type":"Feature","properties":{"level":988},"geometry":{"type":"LineString","coordinates":[[54.75,-66.04],[54.52,-66.0],[54.99,-66.0],[54.75,-66.04]]}},{"type":"Feature","properties":{"level":988},"geometry":{"type":"LineString","coordinates":[[55.25,-66.03],[55.03,-66.0],[55.61,-66.0],[55.25,-66.03]]}},{"type":"Feature","properties":{"level":988},"geometry":{"type":"LineString","coordinates":[[-180.0,-57.54],[-169.5,-58.49],[-156.0,-59.01],[-152.75,-58.81],[-146.5,-57.71],[-144.25,-57.68],[-143.25,-58.0],[-141.5,-58.13],[-139.5,-57.88],[-138.5,-57.27],[-137.0,-57.67],[-135.75,-57.71],[-135.26,-57.25],[-134.75,-57.43],[-134.22,-57.25],[-133.89,-56.25],[-134.29,-55.75],[-133.48,-55.5],[-133.45,-55.25],[-134.66,-54.25],[-134.68,-53.25],[-131.87,-51.5],[-128.75,-48.27],[-127.0,-47.33],[-125.0,-46.63],[-121.75,-45.79],[-118.25,-45.22],[-114.75,-47.8],[-113.0,-48.41],[-110.25,-48.39],[-104.75,-47.4],[-101.25,-47.18],[-99.0,-47.95],[-97.25,-49.09],[-95.0,-50.99],[-92.87,-54.25],[-92.14,-55.75],[-91.01,-59.75],[-87.91,-64.5],[-87.33,-66.75],[-87.68,-67.5],[-88.25,-68.04],[-92.37,-70.0],[-93.0,-71.25],[-95.9,-73.5],[-95.27,-74.25],[-96.37,-74.75],[-96.04,-75.0],[-97.49,-75.25],[-97.36,-75.5],[-97.66,-76.25],[-96.53,-76.75],[-96.96,-77.25],[-98.96,-77.75],[-99.75,-78.32],[-103.41,-80.0],[-95.5,-81.17],[-90.5,-81.09],[-89.83,-81.25],[-90.59,-81.75],[-91.55,-82.0],[-100.87,-83.75],[-114.25,-83.59],[-126.75,-83.96],[-128.9,-84.25],[-121.13,-84.5],[-124.0,-84.76],[-130.09,-84.75],[-126.5,-84.88],[-126.04,-85.0],[-126.25,-85.5],[-135.0,-85.05],[-137.75,-85.53],[-139.17,-85.5],[-140.5,-85.19],[-145.31,-85.0],[-143.75,-84.84],[-142.25,-84.16],[-137.25,-84.04],[-132.25,-83.29],[-131.67,-83.0],[-135.5,-82.69],[-139.0,-83.11],[-144.25,-83.22],[-148.5,-83.59],[-155.85,-83.5],[-157.31,-83.25],[-157.3,-82.75],[-164.25,-81.86],[-171.05,-80.0],[-180.0,-78.06]]}},{"type":"Feature","properties":{"level":988},"geometry":{"type":"LineString","coordinates":[[151.5,34.74],[151.23,35.25],[151.45,36.0],[152.39,36.0],[152.64,35.5],[152.51,35.0],[152.18,34.75],[151.5,34.74]]}},{"type":"Feature","properties":{"level":988},"geometry":{"type":"LineString","coordinates":[[-40.0,50.2],[-40.56,50.5],[-40.77,51.75],[-40.52,52.25],[-41.64,53.75],[-41.49,54.5],[-46.5,55.22],[-49.75,56.33],[-52.71,58.0],[-55.85,61.0],[-57.72,63.75],[-58.22,65.0],[-58.28,66.25],[-57.8,68.5],[-57.89,70.5],[-57.25,71.89],[-55.75,72.23],[-54.75,71.74],[-54.0,72.09],[-53.25,72.72],[-53.17,73.5],[-52.82,74.0],[-52.96,74.25],[-52.5,74.6],[-47.5,75.26],[-46.0,75.26],[-45.56,74.75],[-48.84,73.25],[-50.4,72.25],[-49.37,71.75],[-49.09,71.0],[-48.47,70.25],[-46.98,69.5],[-46.86,69.0],[-45.25,68.52],[-43.75,67.66],[-41.0,67.36],[-37.75,67.67],[-36.75,67.17],[-34.25,67.03],[-30.75,67.61],[-23.75,67.43],[-21.0,67.9],[-20.4,68.25],[-19.6,71.25],[-19.24,71.75],[-18.0,72.48],[-15.75,73.28],[-13.0,73.39],[-10.5,73.01],[-8.0,72.28],[-4.0,71.67],[-2.72,71.25],[-2.0,70.67],[-0.47,68.0],[-0.63,66.5],[-1.08,65.75],[-1.86,65.0],[-4.5,63.64],[-7.08,63.0],[-10.75,62.92],[-16.75,62.29],[-21.45,60.75],[-30.48,58.75],[-33.25,57.63],[-36.06,56.0],[-36.9,54.5],[-36.5,54.15],[-33.75,53.09],[-32.93,52.5],[-33.15,52.25],[-34.25,51.59],[-36.25,50.85],[-40.0,50.2]]}},{"type":"Feature","properties":{"level":988},"geometry":{"type":"LineString","coordinates":[[-60.75,75.49],[-61.24,75.75],[-61.04,76.0],[-60.41,76.0],[-60.48,75.5],[-60.75,75.49]]}},{"type":"Feature","properties":{"level":992},"geometry":{"type":"LineString","coordinates":[[173.5,-85.02],[173.26,-85.0],[174.27,-85.0],[173.5,-85.02]]}},{"type":"Feature","properties":{"level":992},"geometry":{"type":"LineString","coordinates":[[180.0,-84.72],[176.25,-84.75],[176.75,-84.72],[176.84,-84.5],[173.5,-84.4],[172.5,-83.92],[170.0,-83.61],[169.6,-83.75],[169.78,-84.0],[169.63,-84.25],[169.25,-84.29],[169.0,-83.71],[168.25,-83.42],[168.0,-83.05],[167.25,-83.33],[167.0,-82.82],[166.75,-82.76],[165.25,-83.05],[165.09,-82.75],[165.5,-82.19],[171.99,-81.75],[171.63,-81.0],[173.06,-80.5],[173.2,-79.5],[171.75,-77.78],[171.04,-77.5],[167.5,-77.45],[165.75,-77.74],[164.21,-77.25],[162.44,-75.75],[161.75,-75.65],[161.33,-76.25],[161.72,-77.0],[162.71,-77.5],[163.04,-78.0],[162.25,-78.06],[160.75,-77.75],[160.5,-77.46],[158.34,-76.75],[158.12,-76.25],[157.5,-76.01],[157.4,-75.75],[158.25,-75.42],[162.25,-75.08],[163.25,-74.58],[164.0,-74.49],[164.21,-74.0],[165.74,-73.25],[166.5,-73.31],[166.75,-73.05],[167.25,-73.2],[167.7,-73.0],[166.75,-72.43],[165.25,-72.42],[164.92,-72.5],[165.25,-73.14],[163.0,-72.97],[163.07,-73.25],[162.41,-73.5],[162.25,-73.92],[161.73,-73.5],[161.92,-72.75],[160.27,-72.0],[159.83,-71.5],[157.0,-70.76],[152.5,-70.06],[150.0,-68.97],[146.87,-68.75],[146.49,-68.5],[146.69,-68.0],[146.29,-67.75],[151.0,-66.13],[166.0,-65.28],[167.36,-64.5],[167.7,-64.0],[167.55,-63.0],[166.75,-61.75],[166.52,-60.75],[166.77,-59.75],[168.02,-58.5],[169.75,-57.59],[173.0,-56.45],[180.0,-56.41]]}},{"type":"Feature","properties":{"level":992},"geometry":{"type":"LineString","coordinates":[[166.25,-84.02],[167.0,-83.82],[167.59,-84.0],[166.25,-84.02]]}},{"type":"Feature","properties":{"level":992},"geometry":{"type":"LineString","coordinates":[[67.0,-74.5],[65.75,-74.29],[63.87,-73.5],[64.64,-72.5],[64.69,-71.75],[65.12,-71.5],[64.3,-71.0],[64.48,-70.75],[64.3,-70.5],[62.0,-69.65],[60.9,-69.5],[60.23,-68.75],[59.25,-68.48],[56.5,-68.55],[55.75,-68.06],[54.5,-67.91],[51.25,-69.31],[47.25,-68.29],[46.25,-68.71],[45.25,-68.46],[43.0,-68.49],[40.5,-69.0],[40.0,-69.6],[39.09,-70.0],[37.48,-69.75],[38.31,-69.25],[38.5,-68.42],[40.5,-67.41],[49.25,-63.76],[52.5,-62.72],[61.23,-59.0],[67.75,-54.21],[71.75,-50.55],[71.97,-50.0],[73.4,-49.0],[77.25,-47.13],[80.0,-45.46],[81.5,-45.0],[82.0,-45.12],[83.59,-46.25],[87.5,-49.82],[90.0,-51.14],[94.25,-52.84],[98.25,-53.75],[106.5,-55.1],[111.5,-54.93],[113.0,-54.49],[114.5,-54.73],[124.0,-57.63],[125.49,-59.0],[127.75,-59.8],[131.0,-60.36],[139.0,-60.84],[145.93,-64.0],[146.55,-64.5],[147.0,-65.4],[148.05,-66.0],[144.0,-66.21],[141.5,-66.71],[140.78,-67.0],[141.22,-67.25],[140.87,-67.5],[141.06,-68.0],[138.75,-69.14],[137.5,-69.44],[134.25,-69.42],[129.75,-71.12],[125.5,-72.25],[121.5,-72.48],[116.25,-72.14],[109.5,-71.17],[106.0,-70.31],[96.5,-69.27],[91.75,-69.84],[86.59,-70.0],[84.0,-70.37],[77.6,-72.25],[76.56,-72.75],[75.89,-74.0],[74.0,-74.65],[67.0,-74.5]]}},{"type":"Feature","properties":{"level":992},"geometry":{"type":"LineString","coordinates":[[-23.0,-72.75],[-22.59,-72.0],[-21.75,-71.2],[-20.63,-71.0],[-19.99,-71.5],[-20.14,-72.0],[-21.0,-72.56],[-22.0,-72.83],[-23.0,-72.75]]}},{"type":"Feature","properties":{"level":992},"geometry":{"type":"LineString","coordinates":[[-1.5,-71.25],[-3.5,-70.72],[-9.5,-69.99],[-11.25,-69.15],[-12.63,-67.75],[-14.92,-62.25],[-15.43,-59.25],[-15.27,-55.75],[-14.9,-54.25],[-14.08,-53.0],[-12.5,-51.48],[-10.76,-50.25],[-8.75,-49.26],[-6.0,-48.53],[-1.0,-47.86],[5.5,-47.5],[10.75,-47.5],[22.75,-48.49],[27.25,-51.48],[28.25,-51.67],[35.0,-49.57],[40.0,-48.83],[45.5,-49.02],[51.0,-48.85],[52.02,-49.25],[52.5,-49.88],[52.75,-49.48],[53.01,-49.5],[53.0,-49.78],[52.6,-50.0],[53.08,-50.5],[52.92,-51.25],[53.3,-52.0],[53.32,-53.0],[52.2,-53.75],[50.97,-55.25],[49.0,-56.0],[47.56,-57.0],[39.41,-59.25],[36.0,-60.48],[32.18,-63.5],[29.05,-66.75],[26.46,-68.0],[20.75,-69.46],[16.5,-70.01],[15.25,-70.57],[13.9,-70.5],[10.02,-71.25],[4.0,-71.12],[0.75,-71.34],[-1.0,-70.97],[-1.5,-71.25]]}},{"type":"Feature","properties":{"level":992},"geometry":{"type":"LineString","coordinates":[[-180.0,-56.41],[-168.0,-57.43],[-157.0,-57.75],[-153.0,-57.53],[-147.0,-56.64],[-143.5,-56.62],[-140.0,-56.24],[-136.75,-54.83],[-136.18,-53.25],[-135.75,-52.71],[-133.0,-50.49],[-130.41,-47.75],[-128.46,-46.5],[-127.0,-45.77],[-124.5,-44.97],[-118.75,-43.8],[-113.0,-46.64],[-109.75,-46.88],[-104.25,-46.38],[-101.5,-46.37],[-99.0,-46.95],[-95.5,-48.67],[-92.86,-51.5],[-90.98,-54.25],[-89.67,-56.75],[-89.39,-58.25],[-88.74,-59.75],[-85.79,-64.25],[-85.12,-67.25],[-85.19,-68.0],[-85.66,-68.75],[-87.82,-71.25],[-88.77,-72.0],[-88.83,-72.5],[-89.23,-73.0],[-90.15,-73.5],[-90.03,-73.75],[-88.5,-74.34],[-88.5,-74.65],[-91.33,-75.5],[-91.56,-75.75],[-90.92,-76.25],[-95.15,-77.0],[-96.59,-77.5],[-98.85,-79.0],[-98.14,-79.5],[-99.56,-79.75],[-92.0,-80.23],[-87.5,-79.6],[-87.3,-79.5],[-87.4,-79.25],[-87.94,-79.0],[-87.4,-78.75],[-87.53,-78.5],[-87.0,-78.43],[-85.75,-78.6],[-85.69,-78.75],[-86.5,-78.83],[-87.21,-79.25],[-85.93,-79.75],[-88.45,-80.75],[-88.57,-81.0],[-88.09,-81.25],[-88.74,-81.5],[-95.52,-83.25],[-100.5,-83.96],[-111.75,-83.88],[-115.85,-84.75],[-121.0,-84.94],[-126.0,-85.7],[-130.5,-85.78],[-134.0,-85.56],[-135.44,-85.75],[-133.87,-86.0],[-134.25,-86.01],[-150.75,-85.7],[-156.75,-85.95],[-156.85,-85.75],[-158.25,-85.66],[-163.25,-85.78],[-170.5,-84.99],[-174.25,-85.1],[-176.25,-84.7],[-180.0,-84.72]]}},{"type":"Feature","properties":{"level":992},"geometry":{"type":"LineString","coordinates":[[151.5,34.57],[151.01,35.25],[151.21,36.0],[152.0,36.35],[152.75,36.04],[152.89,35.25],[152.6,34.75],[151.5,34.57]]}},{"type":"Feature","properties":{"level":992},"geometry":{"type":"LineString","coordinates":[[-50.75,42.35],[-50.75,42.75],[-49.75,43.32],[-49.25,43.44],[-48.55,43.0],[-50.75,42.35]]}},{"type":"Feature","properties":{"level":992},"geometry":{"type":"LineString","coordinates":[[-41.25,48.94],[-44.65,51.75],[-45.5,53.1],[-46.45,53.75],[-50.75,55.58],[-54.0,57.46],[-60.75,63.25],[-60.97,63.5],[-61.0,64.37],[-62.37,65.5],[-61.99,66.25],[-61.5,66.52],[-61.22,67.0],[-62.75,68.5],[-62.89,69.0],[-63.6,69.75],[-64.26,71.75],[-65.75,73.16],[-66.5,73.3],[-67.0,73.01],[-67.04,71.25],[-67.25,71.01],[-69.75,70.8],[-72.0,71.6],[-74.24,71.75],[-74.5,72.12],[-76.64,72.75],[-76.39,73.0],[-77.5,73.58],[-83.75,73.61],[-84.75,73.41],[-86.0,72.75],[-86.24,73.0],[-85.78,73.5],[-85.88,73.75],[-89.0,73.44],[-89.86,73.75],[-90.14,74.25],[-88.5,74.58],[-80.75,74.49],[-78.53,75.75],[-77.0,76.07],[-76.0,76.59],[-71.5,76.03],[-69.75,76.47],[-68.25,76.23],[-66.25,76.58],[-60.5,76.45],[-56.88,75.75],[-54.41,74.5],[-54.53,74.25],[-54.25,74.16],[-53.87,74.25],[-53.22,75.0],[-49.41,75.5],[-36.71,76.25],[-36.91,76.0],[-36.43,75.75],[-36.57,75.5],[-37.41,75.5],[-37.22,75.75],[-37.5,75.79],[-37.7,75.5],[-39.75,74.86],[-40.09,75.0],[-39.33,75.25],[-41.75,74.99],[-42.17,74.75],[-41.61,74.5],[-42.6,73.75],[-41.87,73.5],[-45.5,73.38],[-47.63,72.5],[-47.74,72.25],[-47.48,72.0],[-46.03,71.75],[-46.04,71.5],[-47.01,70.75],[-46.25,70.19],[-45.0,69.6],[-43.75,68.64],[-42.32,68.5],[-41.54,68.0],[-40.75,67.9],[-36.0,67.97],[-34.75,68.3],[-33.5,68.24],[-33.25,68.55],[-32.5,68.42],[-32.75,68.75],[-32.5,68.91],[-30.75,68.6],[-29.75,68.83],[-28.5,68.62],[-27.5,69.0],[-26.0,69.09],[-23.02,70.25],[-23.03,70.5],[-22.5,70.83],[-22.0,70.74],[-22.09,71.25],[-19.87,73.0],[-13.5,74.72],[-10.25,74.49],[-1.5,72.03],[-0.75,71.66],[0.23,70.5],[0.93,68.0],[0.97,66.5],[0.52,65.5],[-1.0,64.39],[-3.75,63.11],[-6.25,62.39],[-12.0,61.48],[-19.0,59.64],[-25.21,58.5],[-29.25,57.31],[-31.44,56.0],[-32.19,55.0],[-32.35,54.0],[-31.73,52.75],[-32.08,51.75],[-35.5,50.14],[-39.5,48.99],[-41.25,48.94]]}},{"type":"Feature","properties":{"level":992},"geometry":{"type":"LineString","coordinates":[[-101.5,65.5],[-102.07,65.75],[-102.44,66.25],[-101.81,67.0],[-101.83,67.75],[-99.75,68.7],[-95.0,69.8],[-89.5,70.02],[-87.46,69.5],[-87.41,69.0],[-88.75,68.61],[-90.25,67.7],[-92.55,66.75],[-97.5,65.7],[-100.5,65.35],[-101.5,65.5]]}},{"type":"Feature","properties":{"level":992},"geometry":{"type":"LineString","coordinates":[[-74.5,71.74],[-74.26,71.75],[-74.5,71.74]]}},{"type":"Feature","properties":{"level":992},"geometry":{"type":"LineString","coordinates":[[-35.5,75.71],[-35.5,76.0],[-35.25,76.1],[-33.75,76.4],[-31.68,76.0],[-34.0,75.56],[-35.5,75.71]]}},{"type":"Feature","properties":{"level":992},"geometry":{"type":"LineString","coordinates":[[43.75,87.5],[43.46,87.75],[48.75,87.77],[51.82,87.5],[43.75,87.5]]}},{"type":"Feature","properties":{"level":996},"geometry":{"type":"LineString","coordinates":[[-125.25,-86.52],[-125.41,-86.5],[-123.46,-86.5],[-125.25,-86.52]]}},{"type":"Feature","properties":{"level":996},"geometry":{"type":"LineString","coordinates":[[180.0,-85.03],[170.75,-85.08],[170.12,-85.0],[169.69,-84.5],[166.5,-84.55],[163.97,-84.25],[166.53,-83.75],[165.0,-83.38],[163.5,-83.75],[160.25,-83.62],[160.17,-83.25],[159.07,-82.75],[159.63,-82.25],[159.5,-82.1],[157.32,-81.5],[157.61,-81.25],[156.93,-81.0],[158.13,-80.5],[156.58,-80.0],[158.75,-79.93],[159.25,-79.36],[160.25,-79.1],[161.2,-78.5],[159.15,-77.5],[158.5,-77.44],[156.75,-76.42],[155.75,-76.3],[155.08,-76.75],[154.5,-76.77],[153.48,-76.25],[153.06,-75.75],[153.5,-75.32],[154.5,-75.07],[161.75,-74.57],[161.99,-74.0],[161.27,-73.0],[160.25,-72.52],[158.75,-72.27],[157.75,-71.72],[152.5,-70.66],[149.25,-69.63],[144.5,-68.51],[142.25,-68.66],[138.0,-69.61],[134.5,-69.75],[128.57,-72.0],[122.75,-72.6],[117.25,-72.41],[111.0,-71.76],[105.25,-70.56],[95.25,-70.04],[91.75,-70.78],[82.5,-71.9],[78.91,-73.0],[77.0,-74.43],[76.56,-75.0],[75.5,-75.39],[71.25,-75.36],[64.17,-74.75],[61.21,-73.25],[61.48,-72.5],[63.13,-71.5],[63.07,-70.5],[58.25,-69.23],[55.75,-69.2],[54.25,-68.59],[52.0,-69.71],[50.5,-70.18],[50.0,-70.15],[49.55,-69.75],[48.5,-69.39],[46.5,-69.46],[45.0,-70.05],[40.75,-70.87],[37.25,-70.5],[31.0,-70.78],[27.75,-71.36],[22.25,-70.84],[16.25,-71.54],[13.0,-71.47],[8.75,-71.87],[4.0,-71.55],[-0.5,-72.13],[-2.0,-71.68],[-9.5,-72.09],[-10.28,-72.5],[-10.69,-73.25],[-12.75,-74.19],[-15.6,-75.0],[-17.75,-75.28],[-18.25,-75.05],[-22.5,-74.86],[-25.5,-74.41],[-26.0,-74.04],[-26.0,-73.58],[-26.5,-72.75],[-26.48,-72.25],[-25.57,-70.5],[-25.25,-69.33],[-23.25,-68.5],[-20.16,-68.0],[-18.53,-67.5],[-17.75,-66.96],[-17.38,-66.25],[-17.18,-64.25],[-17.65,-61.25],[-18.0,-55.0],[-17.39,-50.75],[-17.5,-50.45],[-18.1,-50.25],[-17.9,-49.75],[-11.0,-47.55],[-2.5,-46.52],[5.5,-46.25],[10.75,-46.34],[20.75,-47.01],[21.5,-47.28],[22.0,-47.1],[26.75,-49.47],[29.0,-50.14],[38.0,-48.2],[49.25,-47.72],[51.75,-47.81],[52.5,-47.61],[55.45,-49.25],[55.6,-49.75],[54.72,-50.0],[54.95,-50.5],[55.59,-51.0],[55.75,-51.54],[56.0,-51.34],[56.0,-50.89],[56.25,-50.78],[56.52,-51.0],[56.29,-51.5],[56.85,-52.25],[56.75,-52.47],[56.16,-52.5],[56.14,-54.0],[55.75,-54.62],[57.25,-54.86],[57.91,-55.5],[58.5,-55.63],[60.75,-55.16],[67.0,-52.0],[68.0,-51.79],[69.82,-50.0],[69.82,-49.75],[69.12,-49.25],[69.25,-49.03],[69.75,-49.22],[70.75,-49.11],[75.49,-46.5],[79.5,-43.75],[80.5,-43.36],[80.82,-43.5],[80.41,-43.75],[81.5,-43.82],[82.75,-44.29],[86.75,-47.27],[89.5,-48.92],[91.79,-50.0],[96.5,-51.72],[102.5,-52.96],[105.19,-53.25],[109.25,-53.24],[111.0,-52.82],[111.75,-52.9],[126.25,-56.93],[128.25,-58.03],[130.37,-58.75],[133.91,-59.25],[137.25,-59.22],[139.11,-59.5],[147.25,-61.94],[152.0,-64.08],[155.0,-64.58],[160.0,-64.44],[163.25,-63.88],[163.91,-63.0],[164.13,-60.5],[164.99,-59.0],[166.52,-57.5],[170.0,-55.79],[175.25,-55.09],[180.0,-55.15]]}},{"type":"Feature","properties":{"level":996},"geometry":{"type":"LineString","coordinates":[[39.5,-72.36],[39.28,-72.25],[39.5,-72.0],[40.25,-71.74],[41.82,-72.0],[41.0,-72.33],[39.5,-72.36]]}},{"type":"Feature","properties":{"level":996},"geometry":{"type":"LineString","coordinates":[[-180.0,-55.15],[-176.0,-55.13],[-172.0,-55.69],[-170.16,-55.5],[-170.75,-55.24],[-169.25,-55.21],[-164.0,-55.89],[-155.75,-56.35],[-150.5,-56.02],[-140.75,-54.86],[-138.25,-53.53],[-132.0,-47.39],[-128.09,-44.75],[-125.0,-43.58],[-120.5,-42.58],[-118.5,-42.98],[-113.75,-44.71],[-111.5,-45.27],[-108.25,-45.43],[-102.75,-45.17],[-100.5,-45.35],[-98.0,-46.03],[-95.25,-47.24],[-93.25,-48.94],[-90.75,-51.79],[-88.46,-55.25],[-86.99,-58.75],[-84.19,-62.75],[-82.76,-67.0],[-81.93,-70.75],[-80.55,-72.75],[-80.25,-73.57],[-78.8,-74.25],[-75.25,-74.83],[-69.04,-75.0],[-72.39,-75.75],[-71.5,-75.82],[-68.0,-75.56],[-66.75,-75.1],[-66.67,-74.75],[-66.25,-74.49],[-64.94,-74.25],[-66.48,-75.25],[-66.74,-76.0],[-68.75,-76.38],[-70.75,-76.57],[-73.74,-76.25],[-74.5,-75.69],[-78.0,-75.12],[-81.25,-76.14],[-88.0,-76.17],[-91.5,-76.66],[-93.75,-77.25],[-95.22,-78.25],[-93.0,-78.86],[-91.75,-78.81],[-86.75,-77.49],[-85.75,-77.74],[-85.56,-78.25],[-84.88,-78.5],[-86.38,-79.0],[-86.37,-79.25],[-85.26,-79.75],[-85.33,-80.0],[-87.0,-80.66],[-86.61,-81.0],[-87.05,-81.25],[-89.51,-82.0],[-90.73,-82.75],[-97.25,-84.01],[-108.03,-84.0],[-109.16,-84.25],[-106.97,-84.5],[-113.0,-84.59],[-118.4,-85.0],[-117.46,-85.25],[-121.5,-85.43],[-123.66,-85.75],[-123.75,-86.0],[-124.25,-86.09],[-129.5,-85.88],[-133.25,-86.09],[-142.5,-85.92],[-147.5,-86.1],[-150.5,-85.88],[-158.75,-86.34],[-159.71,-86.25],[-158.05,-86.0],[-163.5,-85.87],[-171.0,-85.22],[-175.0,-85.36],[-175.84,-85.25],[-175.14,-85.0],[-175.75,-84.93],[-180.0,-85.03]]}},{"type":"Feature","properties":{"level":996},"geometry":{"type":"LineString","coordinates":[[55.22,-52.5],[55.69,-52.25],[55.75,-51.94],[55.5,-51.95],[55.22,-52.5]]}},{"type":"Feature","properties":{"level":996},"geometry":{"type":"LineString","coordinates":[[151.5,34.39],[150.69,35.25],[150.87,36.0],[151.75,36.59],[152.75,36.47],[153.16,36.0],[153.12,35.0],[152.5,34.42],[151.5,34.39]]}},{"type":"Feature","properties":{"level":996},"geometry":{"type":"LineString","coordinates":[[-52.25,41.15],[-52.46,41.5],[-50.75,43.75],[-48.75,44.37],[-48.22,44.25],[-47.36,43.25],[-47.5,42.65],[-48.25,42.16],[-49.75,41.62],[-52.25,41.15]]}},{"type":"Feature","properties":{"level":996},"geometry":{"type":"LineString","coordinates":[[-43.5,46.86],[-43.17,47.5],[-43.75,47.57],[-44.24,48.75],[-45.48,49.75],[-46.0,50.66],[-49.66,53.75],[-54.75,56.42],[-60.75,60.79],[-63.25,62.38],[-64.5,62.9],[-64.89,63.25],[-64.66,63.5],[-64.79,63.75],[-66.02,64.75],[-70.25,66.69],[-75.25,67.41],[-80.5,67.07],[-88.75,65.78],[-89.25,65.44],[-91.25,65.21],[-95.25,63.94],[-101.25,63.29],[-105.75,64.72],[-106.73,66.25],[-105.21,68.75],[-100.53,71.25],[-99.0,71.55],[-97.01,72.5],[-96.84,72.75],[-97.46,73.0],[-97.51,73.25],[-96.94,73.75],[-97.56,74.25],[-96.75,75.06],[-93.25,76.12],[-91.0,76.09],[-89.25,76.64],[-87.5,76.84],[-82.75,76.93],[-81.5,77.87],[-81.25,77.45],[-80.32,77.25],[-82.3,77.0],[-79.75,76.64],[-78.0,77.0],[-78.19,77.25],[-77.75,77.37],[-72.25,78.23],[-68.5,77.81],[-68.27,77.75],[-68.14,77.25],[-66.75,76.91],[-64.0,77.04],[-57.01,76.5],[-51.5,75.64],[-35.0,76.73],[-30.25,76.62],[-27.75,76.8],[-27.31,76.75],[-27.25,76.15],[-24.19,75.75],[-23.41,75.5],[-23.41,75.25],[-22.55,74.75],[-22.48,74.5],[-22.75,74.3],[-24.22,74.25],[-23.93,74.75],[-24.5,75.6],[-27.0,75.37],[-28.25,75.74],[-33.25,75.05],[-33.62,74.5],[-34.0,74.43],[-37.75,74.45],[-39.13,74.0],[-38.83,73.5],[-38.97,73.25],[-44.25,72.5],[-43.88,71.75],[-45.26,71.0],[-44.25,70.64],[-43.89,70.0],[-44.25,69.75],[-42.21,69.25],[-42.98,69.0],[-41.25,68.88],[-39.75,68.51],[-39.5,68.23],[-36.25,68.55],[-33.0,69.29],[-30.25,68.89],[-29.75,69.1],[-28.5,68.98],[-26.19,69.5],[-25.8,70.0],[-27.71,70.25],[-26.74,70.75],[-27.25,71.09],[-27.3,71.5],[-26.5,71.44],[-26.31,71.5],[-26.78,71.75],[-24.83,72.0],[-24.76,72.25],[-25.12,72.5],[-24.25,72.69],[-23.61,73.25],[-23.5,73.79],[-18.25,74.44],[-17.05,75.0],[-11.75,76.21],[-4.75,75.57],[-3.05,74.25],[-0.25,72.87],[1.74,71.5],[2.43,68.75],[2.14,65.75],[1.5,64.6],[0.17,63.75],[-4.5,61.86],[-13.75,59.38],[-22.25,57.72],[-26.75,56.4],[-28.75,55.5],[-29.99,54.25],[-30.37,53.5],[-30.79,51.5],[-31.75,50.83],[-36.35,49.0],[-38.23,48.0],[-39.14,48.0],[-43.5,46.86]]}},{"type":"Feature","properties":{"level":996},"geometry":{"type":"LineString","coordinates":[[-64.99,66.25],[-64.5,66.07],[-64.09,66.5],[-64.25,66.74],[-64.75,66.37],[-65.75,67.37],[-67.0,67.96],[-68.5,67.92],[-69.95,67.0],[-68.5,66.54],[-66.0,66.79],[-66.0,66.5],[-64.99,66.25]]}},{"type":"Feature","properties":{"level":996},"geometry":{"type":"LineString","coordinates":[[84.0,66.24],[81.48,66.75],[80.13,67.5],[79.22,68.75],[79.5,69.66],[81.25,70.61],[83.5,70.86],[86.25,70.47],[88.3,69.75],[88.61,68.5],[88.87,68.25],[88.59,67.5],[86.5,66.39],[84.0,66.24]]}},{"type":"Feature","properties":{"level":996},"geometry":{"type":"LineString","coordinates":[[-70.64,69.0],[-69.75,68.99],[-69.2,69.25],[-69.66,70.0],[-71.0,70.58],[-72.25,70.49],[-72.31,70.75],[-72.75,70.85],[-73.89,70.5],[-72.61,70.0],[-72.75,69.51],[-73.19,69.5],[-70.64,69.0]]}},{"type":"Feature","properties":{"level":996},"geometry":{"type":"LineString","coordinates":[[-30.0,70.49],[-29.68,71.0],[-29.84,71.5],[-29.5,71.6],[-28.86,71.5],[-29.23,71.0],[-28.4,70.75],[-30.0,70.49]]}},{"type":"Feature","properties":{"level":996},"geometry":{"type":"LineString","coordinates":[[-69.33,77.5],[-68.3,77.5],[-69.33,77.5]]}},{"type":"Feature","properties":{"level":996},"geometry":{"type":"LineString","coordinates":[[-126.75,77.75],[-132.5,78.63],[-135.73,79.75],[-134.9,80.25],[-132.57,80.75],[-124.75,81.18],[-117.0,80.75],[-114.65,80.25],[-113.92,79.75],[-114.79,79.0],[-117.25,78.42],[-122.5,77.86],[-126.75,77.75]]}},{"type":"Feature","properties":{"level":996},"geometry":{"type":"LineString","coordinates":[[180.0,88.95],[153.25,88.63],[135.72,88.0],[128.61,87.5],[125.6,87.0],[125.7,86.75],[130.51,85.75],[129.0,85.48],[102.75,83.73],[100.0,83.71],[99.33,84.0],[97.75,84.17],[93.75,84.16],[88.75,83.89],[83.75,83.29],[83.0,83.56],[82.57,84.0],[82.93,85.0],[82.5,85.34],[77.25,85.97],[43.25,86.59],[12.75,87.44],[-67.5,88.02],[-125.75,88.89],[-180.0,88.95]]}},{"type":"Feature","properties":{"level":1000},"geometry":{"type":"LineString","coordinates":[[180.0,-85.19],[172.25,-85.29],[169.25,-85.08],[164.0,-85.39],[163.22,-85.25],[165.47,-85.0],[160.0,-84.36],[159.6,-84.25],[161.29,-84.0],[159.22,-83.75],[159.78,-83.25],[159.5,-83.16],[158.75,-83.11],[158.0,-83.46],[157.25,-83.38],[156.42,-83.25],[155.91,-82.75],[155.0,-82.42],[152.5,-82.12],[152.28,-82.0],[152.42,-81.75],[152.25,-81.48],[151.09,-81.25],[152.25,-80.94],[153.84,-81.25],[153.71,-81.5],[154.5,-81.52],[156.91,-80.75],[155.78,-80.5],[155.75,-79.94],[156.69,-79.5],[155.05,-79.0],[156.0,-78.66],[158.17,-78.5],[158.49,-78.0],[156.75,-77.15],[155.0,-77.48],[153.0,-76.89],[151.79,-76.0],[151.75,-75.5],[152.0,-75.26],[155.0,-74.45],[159.75,-73.94],[161.5,-73.98],[161.54,-73.75],[161.0,-73.2],[156.0,-72.37],[148.25,-70.1],[144.25,-69.19],[140.75,-69.36],[138.0,-69.85],[135.0,-70.05],[133.75,-70.36],[131.5,-71.44],[129.25,-72.06],[123.5,-72.71],[114.25,-72.48],[104.5,-70.89],[100.5,-70.81],[95.5,-71.06],[89.62,-72.75],[82.75,-73.44],[81.75,-74.04],[79.75,-74.54],[77.64,-75.5],[75.0,-75.94],[70.75,-75.98],[64.25,-75.63],[59.04,-75.75],[58.5,-75.39],[56.9,-75.0],[56.78,-74.75],[59.11,-74.25],[59.28,-73.5],[59.02,-73.25],[59.54,-73.0],[58.68,-72.25],[60.5,-71.33],[60.65,-70.75],[60.0,-70.34],[58.25,-70.21],[55.25,-70.65],[52.0,-70.46],[50.97,-71.0],[50.36,-71.75],[50.36,-72.75],[51.95,-74.25],[51.83,-75.0],[52.67,-75.75],[52.5,-75.87],[48.75,-75.11],[40.25,-74.1],[36.55,-74.25],[36.53,-73.5],[37.26,-72.75],[37.0,-72.33],[35.25,-72.55],[34.25,-72.04],[32.0,-71.73],[31.0,-71.89],[29.0,-71.74],[26.5,-72.34],[21.75,-71.96],[16.0,-72.3],[12.5,-71.91],[11.0,-72.26],[5.75,-71.93],[1.75,-72.14],[-0.75,-72.58],[-2.5,-72.04],[-3.2,-72.25],[-3.25,-72.52],[-3.5,-72.34],[-4.08,-72.5],[-4.21,-72.25],[-4.75,-72.13],[-8.0,-72.53],[-9.92,-73.75],[-9.64,-74.25],[-13.13,-75.5],[-15.5,-76.06],[-27.25,-76.44],[-31.75,-77.09],[-33.01,-77.0],[-31.16,-75.25],[-30.1,-73.0],[-28.99,-69.75],[-29.23,-69.25],[-28.91,-69.0],[-29.56,-68.75],[-27.16,-67.75],[-27.36,-67.5],[-22.01,-65.75],[-20.99,-64.75],[-20.43,-63.25],[-20.33,-61.25],[-20.61,-57.5],[-21.5,-54.09],[-22.75,-52.6],[-25.14,-51.75],[-26.42,-51.0],[-26.92,-50.0],[-26.76,-49.25],[-25.74,-48.25],[-23.5,-47.11],[-12.0,-45.45],[-5.0,-44.74],[-0.5,-44.81],[3.5,-44.52],[19.75,-45.7],[20.25,-45.45],[22.75,-46.2],[27.5,-48.23],[30.0,-48.73],[39.25,-47.14],[44.75,-46.99],[45.75,-46.73],[54.75,-46.55],[56.27,-47.5],[56.12,-47.75],[56.35,-48.25],[57.0,-48.85],[57.74,-49.0],[58.15,-49.75],[58.66,-49.75],[59.5,-50.24],[59.76,-50.5],[59.92,-51.5],[61.25,-51.65],[63.5,-50.78],[65.0,-50.77],[65.97,-50.0],[67.75,-49.47],[68.5,-48.38],[69.0,-48.32],[74.0,-45.69],[77.25,-43.34],[78.75,-42.66],[80.0,-42.42],[81.0,-42.57],[83.0,-43.36],[86.5,-45.38],[91.25,-47.66],[98.5,-50.0],[102.5,-50.72],[104.5,-50.61],[106.25,-50.95],[107.25,-50.59],[107.02,-50.0],[107.25,-49.88],[112.25,-51.9],[118.75,-54.01],[127.76,-56.0],[132.25,-57.44],[138.0,-57.93],[142.0,-58.96],[148.75,-60.21],[153.82,-62.25],[156.5,-62.63],[158.04,-62.5],[159.87,-61.5],[163.5,-57.24],[167.0,-54.96],[171.5,-53.94],[178.75,-53.31],[180.0,-52.89]]}},{"type":"Feature","properties":{"level":1000},"geometry":{"type":"LineString","coordinates":[[162.32,-84.0],[163.0,-84.17],[163.86,-84.0],[162.32,-84.0]]}},{"type":"Feature","properties":{"level":1000},"geometry":{"type":"LineString","coordinates":[[-64.14,-75.25],[-63.97,-75.25],[-64.14,-75.25]]}},{"type":"Feature","properties":{"level":1000},"geometry":{"type":"LineString","coordinates":[[-180.0,-52.89],[-179.56,-53.0],[-180.0,-52.64]]}},{"type":"Feature","properties":{"level":1000},"geometry":{"type":"LineString","coordinates":[[180.0,-52.64],[179.33,-52.0],[180.0,-51.69]]}},{"type":"Feature","properties":{"level":1000},"geometry":{"type":"LineString","coordinates":[[-180.0,-51.69],[-173.75,-52.95],[-171.25,-53.76],[-165.25,-54.72],[-158.5,-55.2],[-151.75,-55.0],[-142.75,-53.69],[-140.5,-52.86],[-139.25,-52.13],[-133.5,-46.96],[-130.2,-44.5],[-126.5,-42.59],[-122.75,-41.48],[-119.75,-41.69],[-113.75,-43.17],[-110.5,-43.67],[-99.75,-43.9],[-97.75,-44.65],[-97.0,-44.6],[-95.27,-45.5],[-93.5,-46.72],[-91.25,-48.9],[-87.15,-54.25],[-85.25,-57.46],[-83.34,-60.0],[-82.33,-61.75],[-80.95,-65.25],[-80.24,-66.25],[-78.67,-69.5],[-76.33,-71.75],[-75.29,-72.25],[-75.15,-72.75],[-74.41,-73.25],[-74.25,-73.99],[-72.56,-74.5],[-70.0,-74.61],[-67.5,-74.58],[-64.75,-73.94],[-64.42,-74.0],[-64.96,-74.5],[-64.75,-74.63],[-61.64,-74.25],[-62.5,-74.98],[-63.75,-75.46],[-63.38,-75.75],[-63.37,-76.25],[-64.25,-77.07],[-66.25,-77.58],[-72.0,-77.73],[-75.64,-77.0],[-76.02,-76.5],[-77.5,-76.31],[-78.16,-76.5],[-78.07,-76.75],[-77.31,-77.0],[-79.0,-77.28],[-82.5,-76.81],[-84.25,-76.33],[-86.25,-76.26],[-91.22,-77.0],[-91.59,-77.25],[-90.5,-77.48],[-87.0,-77.17],[-86.0,-77.32],[-84.64,-78.5],[-85.25,-78.92],[-86.02,-79.0],[-85.98,-79.25],[-84.25,-79.66],[-84.0,-80.0],[-82.75,-80.18],[-81.63,-80.75],[-82.5,-81.09],[-85.6,-81.25],[-86.22,-81.75],[-86.49,-82.5],[-94.75,-84.12],[-98.0,-84.3],[-104.5,-84.18],[-105.26,-84.25],[-102.68,-84.75],[-112.25,-84.7],[-115.46,-85.0],[-114.86,-85.25],[-115.51,-85.5],[-122.01,-85.75],[-121.5,-86.26],[-112.07,-86.25],[-114.51,-86.5],[-125.5,-86.7],[-126.5,-86.51],[-126.05,-86.25],[-126.5,-86.12],[-129.5,-85.97],[-132.75,-86.19],[-142.5,-86.04],[-159.0,-86.41],[-160.0,-86.27],[-159.67,-86.0],[-160.0,-85.98],[-163.25,-85.98],[-171.25,-85.41],[-175.25,-85.59],[-180.0,-85.19]]}},{"type":"Feature","properties":{"level":1000},"geometry":{"type":"LineString","coordinates":[[95.75,-42.25],[95.52,-42.0],[95.73,-41.75],[96.2,-42.0],[96.22,-42.25],[95.75,-42.25]]}},{"type":"Feature","properties":{"level":1000},"geometry":{"type":"LineString","coordinates":[[-12.0,-37.27],[-13.54,-36.25],[-11.25,-36.0],[-8.94,-36.25],[-8.94,-36.75],[-9.25,-37.17],[-10.75,-37.45],[-12.0,-37.27]]}},{"type":"Feature","properties":{"level":1000},"geometry":{"type":"LineString","coordinates":[[-25.75,17.43],[-25.75,17.76],[-25.75,17.43]]}},{"type":"Feature","properties":{"level":1000},"geometry":{"type":"LineString","coordinates":[[151.25,34.25],[150.39,35.0],[150.5,36.25],[151.75,36.89],[153.15,36.75],[153.66,36.0],[153.31,34.75],[152.5,34.16],[151.25,34.25]]}},{"type":"Feature","properties":{"level":1000},"geometry":{"type":"LineString","coordinates":[[-52.75,40.42],[-53.32,41.25],[-53.46,42.75],[-52.0,44.06],[-48.0,45.7],[-47.26,46.5],[-46.99,48.0],[-47.58,49.75],[-49.25,51.08],[-50.75,52.8],[-53.25,54.38],[-55.25,55.32],[-60.46,59.0],[-66.75,62.34],[-67.0,62.77],[-68.58,63.5],[-69.46,64.25],[-73.68,65.25],[-78.5,65.33],[-81.5,65.13],[-82.75,64.7],[-84.75,64.89],[-89.5,63.61],[-98.25,61.9],[-101.5,61.78],[-104.35,62.0],[-108.0,62.78],[-109.15,63.75],[-110.78,64.5],[-110.39,65.0],[-110.73,65.5],[-110.43,65.75],[-111.6,67.5],[-111.99,68.5],[-111.53,69.25],[-106.0,71.97],[-105.5,72.41],[-105.1,73.5],[-105.5,74.0],[-105.53,75.0],[-105.21,75.5],[-105.31,75.75],[-104.79,76.25],[-105.25,76.79],[-106.0,77.04],[-108.75,77.07],[-123.75,75.99],[-132.7,76.0],[-134.94,76.25],[-141.0,77.89],[-142.05,78.5],[-142.45,79.5],[-142.0,80.02],[-140.5,80.65],[-135.75,81.57],[-129.25,82.08],[-120.25,82.2],[-105.5,81.64],[-93.5,81.55],[-93.23,81.5],[-93.37,81.25],[-93.17,81.0],[-94.8,80.25],[-93.25,79.7],[-90.23,79.5],[-91.24,79.25],[-90.0,79.28],[-89.8,79.0],[-89.0,78.92],[-87.75,79.12],[-86.25,78.62],[-83.91,78.75],[-83.73,79.0],[-84.73,79.25],[-84.25,79.26],[-83.75,79.78],[-82.5,79.7],[-80.5,80.39],[-79.0,80.56],[-76.25,80.54],[-76.6,80.25],[-76.14,80.0],[-76.75,79.72],[-78.36,79.75],[-78.0,79.65],[-78.0,79.44],[-78.5,79.42],[-78.75,79.67],[-80.44,79.25],[-78.75,79.15],[-78.0,78.81],[-77.25,78.97],[-75.0,78.8],[-74.25,79.33],[-67.75,80.32],[-66.5,80.29],[-63.17,79.75],[-63.83,79.25],[-66.95,78.25],[-64.25,77.91],[-60.5,77.03],[-55.0,76.74],[-50.25,76.07],[-35.25,76.98],[-27.75,76.97],[-25.91,76.75],[-25.74,76.5],[-26.34,76.25],[-21.75,75.36],[-19.0,75.67],[-12.25,77.52],[-8.93,78.0],[-6.0,78.06],[-5.5,77.99],[-4.49,77.25],[0.16,76.25],[1.17,74.5],[3.43,72.25],[4.03,70.75],[4.07,68.75],[3.34,65.25],[2.48,63.75],[0.25,62.1],[-2.0,61.45],[-4.25,60.37],[-6.75,59.57],[-16.75,57.21],[-21.75,56.41],[-25.22,55.25],[-26.75,54.51],[-28.25,53.43],[-29.86,51.0],[-31.0,50.07],[-40.52,46.0],[-41.43,45.25],[-42.5,45.22],[-43.71,44.75],[-48.5,41.07],[-51.0,40.33],[-52.75,40.42]]}},{"type":"Feature","properties":{"level":1000},"geometry":{"type":"LineString","coordinates":[[-170.25,59.71],[-172.0,60.15],[-172.93,61.0],[-172.5,62.87],[-171.25,63.83],[-169.5,64.44],[-168.0,64.47],[-165.94,64.0],[-164.91,63.25],[-164.78,62.25],[-165.4,60.75],[-166.0,60.32],[-167.0,59.75],[-169.0,59.51],[-170.25,59.71]]}},{"type":"Feature","properties":{"level":1000},"geometry":{"type":"LineString","coordinates":[[85.25,64.99],[81.5,65.43],[78.68,66.5],[76.82,68.0],[75.87,69.25],[75.87,70.0],[78.25,71.86],[82.53,73.75],[89.75,74.89],[90.7,75.25],[90.85,75.75],[93.5,76.41],[97.25,76.62],[99.0,76.32],[98.75,76.02],[96.0,75.52],[95.66,75.25],[98.25,74.77],[100.5,74.94],[102.5,74.61],[105.0,74.78],[105.22,74.5],[106.0,74.42],[109.25,74.9],[111.0,74.93],[112.21,75.25],[112.37,75.5],[112.05,75.75],[112.09,76.0],[112.59,76.5],[112.25,76.77],[107.25,76.77],[105.91,77.25],[105.75,77.6],[104.96,77.75],[107.5,79.11],[108.75,79.34],[111.0,79.46],[112.0,79.29],[112.25,78.75],[113.25,78.18],[112.91,77.25],[113.07,76.75],[115.07,74.25],[114.77,73.75],[113.92,73.25],[113.24,72.25],[112.25,71.94],[109.5,70.23],[106.97,69.75],[106.29,69.25],[106.89,68.75],[106.88,68.5],[105.0,67.54],[103.0,67.05],[100.25,66.77],[99.14,67.25],[99.09,67.5],[99.91,67.75],[99.66,68.5],[98.0,69.47],[95.0,69.47],[95.34,70.0],[93.5,70.06],[93.29,70.0],[94.26,69.75],[92.5,69.72],[91.98,69.5],[92.07,69.0],[92.98,68.5],[93.06,68.25],[91.75,67.0],[90.55,66.25],[87.25,65.23],[85.25,64.99]]}},{"type":"Feature","properties":{"level":1000},"geometry":{"type":"LineString","coordinates":[[-37.69,68.75],[-36.75,68.66],[-35.99,69.0],[-36.06,69.25],[-34.75,69.52],[-31.25,69.3],[-29.8,69.5],[-30.47,69.25],[-30.25,69.1],[-28.81,69.5],[-29.5,69.87],[-30.94,70.0],[-31.08,70.75],[-30.92,71.75],[-29.88,72.5],[-32.7,73.25],[-32.8,73.5],[-33.5,73.75],[-37.25,73.94],[-37.83,73.75],[-37.18,73.25],[-42.0,72.25],[-42.02,71.75],[-41.75,71.36],[-39.86,70.75],[-42.5,70.34],[-42.5,70.11],[-39.75,69.13],[-38.79,69.25],[-39.39,69.5],[-38.25,69.56],[-38.05,69.5],[-38.24,69.25],[-37.75,69.04],[-37.69,68.75]]}},{"type":"Feature","properties":{"level":1000},"geometry":{"type":"LineString","coordinates":[[-27.08,72.0],[-25.79,72.0],[-25.63,72.25],[-26.85,72.75],[-26.96,73.0],[-26.54,73.5],[-27.2,74.0],[-27.75,74.15],[-28.26,74.0],[-28.55,73.25],[-29.23,73.0],[-29.3,72.5],[-28.25,72.73],[-27.08,72.0]]}},{"type":"Feature","properties":{"level":1000},"geometry":{"type":"LineString","coordinates":[[-90.0,80.96],[-89.63,81.0],[-90.0,80.96]]}},{"type":"Feature","properties":{"level":1000},"geometry":{"type":"LineString","coordinates":[[180.0,87.52],[168.5,87.15],[160.5,86.63],[153.5,85.5],[148.5,84.15],[144.95,83.5],[132.0,82.49],[114.5,80.63],[112.5,80.89],[103.5,80.74],[96.25,81.09],[89.75,80.86],[85.25,81.14],[78.75,81.01],[78.13,81.25],[78.28,81.5],[78.0,81.71],[76.75,81.97],[76.54,82.75],[75.5,83.2],[72.0,84.01],[67.75,84.49],[49.5,85.49],[16.0,86.51],[-19.0,86.8],[-71.5,85.99],[-141.25,87.59],[-160.0,87.72],[-180.0,87.52]]}},{"type":"Feature","properties":{"level":1004},"geometry":{"type":"LineString","coordinates":[[-165.0,-87.0],[-162.5,-86.73],[-158.98,-86.75],[-161.5,-87.03],[-165.0,-87.0]]}},{"type":"Feature","properties":{"level":1004},"geometry":{"type":"LineString","coordinates":[[-145.07,-86.75],[-143.75,-86.79],[-143.48,-86.5],[-141.76,-86.25],[-146.05,-86.25],[-144.66,-86.5],[-145.07,-86.75]]}},{"type":"Feature","properties":{"level":1004},"geometry":{"type":"LineString","coordinates":[[-171.0,-86.5],[-168.81,-86.5],[-171.0,-86.5]]}},{"type":"Feature","properties":{"level":1004},"geometry":{"type":"LineString","coordinates":[[175.25,-86.25],[177.86,-86.25],[175.25,-86.25]]}},{"type":"Feature","properties":{"level":1004},"geometry":{"type":"LineString","coordinates":[[-120.34,-86.0],[-117.5,-86.07],[-116.05,-85.75],[-120.01,-85.75],[-120.34,-86.0]]}},{"type":"Feature","properties":{"level":1004},"geometry":{"type":"LineString","coordinates":[[180.0,-85.6],[179.26,-85.25],[178.5,-85.2],[172.5,-85.53],[169.25,-85.39],[164.0,-85.76],[157.75,-85.44],[151.57,-84.75],[151.74,-84.5],[153.77,-84.25],[153.83,-84.0],[151.25,-83.43],[149.89,-82.75],[146.16,-82.0],[145.93,-81.75],[146.78,-81.5],[146.49,-81.25],[146.78,-81.0],[149.25,-80.45],[152.25,-80.03],[154.0,-80.17],[154.93,-80.0],[153.57,-79.75],[153.84,-79.5],[153.77,-79.25],[153.27,-79.0],[153.64,-78.25],[153.12,-77.75],[151.4,-77.0],[150.25,-76.06],[150.15,-75.75],[151.0,-74.92],[153.96,-74.0],[154.76,-73.5],[150.25,-71.45],[142.75,-69.73],[135.5,-70.44],[134.34,-70.75],[132.5,-71.67],[129.48,-72.5],[122.5,-73.03],[113.25,-72.7],[105.0,-71.36],[100.0,-71.52],[94.1,-72.75],[92.0,-73.47],[91.5,-74.0],[90.75,-74.21],[87.5,-74.27],[84.5,-74.65],[79.5,-76.05],[73.0,-76.67],[71.83,-77.0],[72.49,-77.25],[72.67,-77.75],[83.54,-78.75],[80.25,-79.12],[73.75,-78.77],[64.75,-79.01],[60.0,-78.3],[54.25,-76.99],[47.03,-76.0],[44.25,-76.01],[41.5,-75.57],[36.0,-75.66],[34.38,-74.75],[34.05,-73.75],[34.39,-73.5],[33.75,-73.04],[32.25,-72.72],[31.0,-72.9],[28.75,-72.23],[26.5,-72.53],[19.0,-72.35],[11.0,-72.8],[5.75,-72.19],[3.5,-72.47],[1.5,-72.37],[0.25,-72.81],[-2.0,-73.01],[-2.52,-73.0],[-2.1,-72.75],[-2.5,-72.5],[-5.5,-72.73],[-6.6,-73.0],[-6.5,-73.25],[-8.49,-73.75],[-8.49,-74.0],[-9.19,-74.5],[-10.59,-74.75],[-12.25,-75.66],[-15.07,-76.5],[-24.0,-76.82],[-33.0,-77.68],[-35.1,-78.5],[-36.0,-78.6],[-37.72,-78.25],[-38.15,-78.0],[-38.21,-77.5],[-38.0,-76.85],[-36.97,-75.5],[-34.9,-73.5],[-33.58,-71.75],[-32.73,-69.75],[-32.94,-69.25],[-32.82,-68.5],[-32.3,-67.75],[-29.38,-66.25],[-26.81,-65.5],[-25.2,-64.75],[-24.21,-63.75],[-23.5,-62.25],[-23.43,-59.25],[-23.75,-57.0],[-24.25,-55.99],[-26.25,-53.95],[-30.5,-52.05],[-30.72,-51.75],[-30.57,-50.75],[-29.6,-48.75],[-28.25,-47.32],[-26.25,-46.24],[-19.19,-44.0],[-15.86,-42.75],[-14.57,-42.0],[-14.01,-41.0],[-13.98,-38.75],[-15.54,-36.25],[-16.08,-35.75],[-15.29,-35.0],[-14.0,-34.43],[-10.75,-33.95],[-8.25,-34.77],[-7.75,-35.3],[-7.22,-36.5],[-7.4,-37.5],[-7.78,-38.0],[-7.48,-38.25],[-7.81,-38.75],[-6.0,-40.41],[-5.25,-40.92],[-1.25,-41.91],[8.5,-43.12],[17.0,-43.78],[18.0,-43.66],[22.0,-44.64],[27.75,-46.83],[30.25,-47.29],[33.5,-47.09],[40.5,-45.89],[45.5,-45.58],[47.75,-45.74],[52.75,-45.24],[53.25,-45.56],[54.25,-45.47],[58.5,-45.96],[58.21,-46.5],[58.94,-47.0],[59.0,-47.41],[59.5,-47.22],[59.44,-47.5],[61.75,-48.57],[63.0,-48.21],[66.5,-47.82],[67.5,-47.42],[68.94,-46.5],[71.0,-45.75],[72.5,-44.75],[73.51,-43.75],[75.96,-42.25],[79.0,-41.41],[80.5,-41.44],[82.0,-41.8],[89.5,-44.45],[91.5,-44.73],[92.5,-44.59],[93.62,-44.0],[93.16,-42.75],[92.54,-42.0],[92.58,-41.5],[92.07,-40.5],[91.8,-38.5],[92.01,-38.25],[91.83,-38.0],[92.5,-36.88],[95.0,-36.71],[96.13,-37.5],[97.67,-39.25],[100.5,-43.97],[102.88,-46.0],[105.97,-48.0],[113.32,-51.25],[120.25,-53.34],[131.25,-55.59],[137.5,-56.35],[143.0,-57.53],[149.75,-58.1],[153.5,-58.89],[155.75,-58.57],[157.5,-57.64],[159.34,-56.0],[161.27,-55.0],[162.17,-53.75],[163.75,-52.85],[168.5,-51.9],[170.25,-50.9],[170.41,-50.75],[169.3,-49.75],[168.61,-48.5],[168.66,-47.5],[168.41,-47.0],[169.0,-46.5],[167.98,-45.75],[168.25,-45.42],[169.75,-45.28],[170.75,-44.7],[170.96,-44.25],[171.5,-43.93],[172.29,-44.0],[172.38,-44.5],[173.93,-46.0],[173.5,-46.89],[172.75,-46.45],[172.38,-46.5],[172.26,-47.5],[172.47,-47.75],[173.75,-47.92],[174.75,-47.64],[175.5,-48.29],[178.0,-48.95],[180.0,-50.03]]}},{"type":"Feature","properties":{"level":1004},"geometry":{"type":"LineString","coordinates":[[157.28,-84.0],[159.11,-84.0],[158.25,-83.85],[157.28,-84.0]]}},{"type":"Feature","properties":{"level":1004},"geometry":{"type":"LineString","coordinates":[[-84.29,-78.5],[-83.75,-78.19],[-82.14,-78.25],[-83.5,-77.68],[-85.3,-77.75],[-84.29,-78.5]]}},{"type":"Feature","properties":{"level":1004},"geometry":{"type":"LineString","coordinates":[[156.61,-78.0],[157.25,-78.16],[157.72,-78.0],[157.0,-77.68],[156.44,-77.75],[156.61,-78.0]]}},{"type":"Feature","properties":{"level":1004},"geometry":{"type":"LineString","coordinates":[[54.61,-72.75],[55.76,-72.75],[56.31,-72.0],[56.23,-71.75],[55.5,-71.45],[53.5,-71.51],[51.91,-72.0],[52.5,-72.55],[54.61,-72.75]]}},{"type":"Feature","properties":{"level":1004},"geometry":{"type":"LineString","coordinates":[[159.0,-51.54],[157.25,-50.75],[156.96,-50.0],[157.25,-49.35],[159.25,-49.3],[160.25,-49.75],[160.75,-50.25],[160.88,-51.0],[160.5,-51.35],[159.0,-51.54]]}},{"type":"Feature","properties":{"level":1004},"geometry":{"type":"LineString","coordinates":[[-180.0,-50.03],[-179.0,-50.0],[-176.5,-50.98],[-171.0,-52.57],[-165.25,-53.68],[-157.75,-54.09],[-153.24,-54.0],[-146.5,-52.98],[-144.25,-52.47],[-141.5,-51.4],[-138.0,-49.24],[-134.41,-46.0],[-131.25,-43.53],[-127.68,-41.5],[-124.75,-40.52],[-121.25,-40.44],[-112.0,-41.69],[-107.0,-42.05],[-100.75,-41.66],[-99.0,-41.79],[-95.75,-43.19],[-91.75,-46.33],[-90.49,-47.75],[-85.25,-54.28],[-82.0,-57.82],[-77.51,-64.75],[-75.39,-66.75],[-75.18,-67.25],[-75.72,-68.75],[-75.42,-69.75],[-74.81,-70.0],[-74.63,-70.5],[-73.79,-70.75],[-73.68,-71.25],[-71.77,-71.75],[-71.91,-72.0],[-70.79,-72.75],[-71.0,-73.57],[-69.5,-74.11],[-67.25,-74.14],[-66.65,-73.75],[-65.19,-73.75],[-64.99,-73.25],[-62.75,-72.58],[-62.0,-72.69],[-61.0,-72.17],[-60.0,-72.05],[-56.25,-72.4],[-55.47,-73.5],[-56.21,-74.5],[-58.13,-75.5],[-59.43,-77.0],[-61.25,-77.8],[-63.5,-78.35],[-69.75,-79.0],[-71.75,-79.66],[-77.5,-80.12],[-77.67,-80.25],[-77.14,-80.75],[-78.6,-81.5],[-74.75,-81.75],[-74.65,-82.0],[-76.05,-82.5],[-79.22,-83.0],[-78.93,-83.25],[-86.5,-83.53],[-88.0,-83.77],[-88.48,-84.25],[-89.0,-84.36],[-99.5,-84.44],[-102.25,-84.83],[-107.75,-84.92],[-109.25,-84.74],[-112.94,-85.0],[-107.55,-85.75],[-109.63,-86.5],[-119.75,-86.86],[-129.75,-86.92],[-133.81,-86.75],[-127.25,-86.25],[-135.25,-86.29],[-138.25,-86.38],[-139.75,-86.8],[-144.0,-87.16],[-149.75,-86.49],[-159.75,-86.47],[-161.0,-86.1],[-164.25,-86.05],[-167.75,-85.67],[-172.0,-85.64],[-177.0,-85.98],[-180.0,-85.6]]}},{"type":"Feature","properties":{"level":1004},"geometry":{"type":"LineString","coordinates":[[156.5,-48.62],[154.5,-47.98],[154.0,-48.09],[152.5,-47.13],[152.13,-46.75],[152.12,-45.75],[153.25,-44.97],[157.5,-46.28],[157.75,-46.12],[157.75,-46.75],[158.35,-48.0],[157.79,-48.5],[156.5,-48.62]]}},{"type":"Feature","properties":{"level":1004},"geometry":{"type":"LineString","coordinates":[[58.67,-48.25],[59.25,-48.32],[59.43,-48.0],[59.0,-47.57],[58.75,-47.71],[58.67,-48.25]]}},{"type":"Feature","properties":{"level":1004},"geometry":{"type":"LineString","coordinates":[[171.46,-46.75],[171.78,-46.75],[171.46,-46.75]]}},{"type":"Feature","properties":{"level":1004},"geometry":{"type":"LineString","coordinates":[[170.49,-46.5],[170.84,-46.5],[170.5,-46.17],[170.49,-46.5]]}},{"type":"Feature","properties":{"level":1004},"geometry":{"type":"LineString","coordinates":[[-55.75,-18.05],[-56.5,-17.4],[-57.75,-17.68],[-58.25,-17.31],[-58.75,-17.47],[-59.17,-17.0],[-59.17,-16.5],[-59.0,-16.3],[-57.75,-16.62],[-57.0,-15.95],[-56.25,-16.99],[-55.75,-16.74],[-55.25,-17.12],[-55.29,-17.75],[-55.0,-17.9],[-55.0,-18.16],[-55.75,-18.05]]}},{"type":"Feature","properties":{"level":1004},"geometry":{"type":"LineString","coordinates":[[-63.75,-17.54],[-65.5,-16.81],[-68.35,-13.25],[-68.81,-13.0],[-67.5,-12.35],[-65.34,-12.5],[-65.5,-12.12],[-66.81,-11.25],[-66.75,-10.84],[-66.5,-11.06],[-66.19,-10.5],[-66.9,-9.0],[-66.0,-8.93],[-65.25,-9.31],[-65.81,-8.0],[-65.31,-7.0],[-65.45,-6.5],[-64.91,-5.75],[-64.5,-5.8],[-64.0,-6.35],[-63.25,-6.05],[-62.75,-6.54],[-62.84,-6.0],[-63.74,-5.5],[-63.5,-4.59],[-62.61,-4.25],[-62.8,-3.5],[-63.09,-3.5],[-63.25,-4.14],[-63.5,-3.85],[-63.38,-3.5],[-63.75,-3.22],[-63.61,-2.75],[-63.94,-2.25],[-63.84,-1.5],[-64.09,-0.75],[-63.6,0.0],[-63.65,0.5],[-61.75,1.24],[-60.5,0.61],[-60.25,-0.5],[-59.5,-0.98],[-59.0,-0.67],[-58.75,-0.87],[-56.75,-0.47],[-55.0,-1.53],[-54.99,-2.5],[-55.41,-2.5],[-55.55,-2.75],[-54.99,-4.0],[-55.54,-4.75],[-55.2,-5.0],[-55.55,-5.25],[-55.17,-5.75],[-55.45,-6.0],[-55.5,-6.83],[-55.65,-6.5],[-56.5,-6.45],[-56.17,-6.75],[-56.25,-7.1],[-56.83,-7.25],[-56.63,-7.75],[-57.75,-8.36],[-58.13,-8.25],[-57.73,-7.75],[-57.75,-7.36],[-57.5,-7.64],[-57.32,-7.25],[-58.0,-7.15],[-58.17,-6.5],[-58.75,-5.96],[-59.0,-6.08],[-59.15,-6.25],[-58.73,-6.75],[-58.87,-7.0],[-58.55,-7.25],[-58.67,-7.75],[-59.68,-7.75],[-59.0,-8.38],[-58.5,-8.2],[-58.56,-8.75],[-59.25,-9.93],[-59.75,-9.47],[-60.5,-10.84],[-61.25,-10.21],[-61.65,-10.5],[-61.75,-10.93],[-62.25,-11.22],[-62.0,-10.11],[-62.75,-10.78],[-62.8,-10.5],[-64.0,-9.96],[-64.75,-10.38],[-63.61,-11.25],[-63.5,-11.59],[-62.75,-11.58],[-62.69,-12.0],[-61.27,-13.0],[-61.75,-13.57],[-62.06,-13.5],[-62.25,-14.33],[-63.25,-13.87],[-64.5,-14.44],[-64.25,-15.36],[-63.75,-15.31],[-63.6,-15.5],[-63.65,-16.0],[-63.28,-16.5],[-63.37,-17.0],[-63.05,-17.25],[-63.03,-17.5],[-63.75,-17.54]]}},{"type":"Feature","properties":{"level":1004},"geometry":{"type":"LineString","coordinates":[[-56.25,-15.83],[-56.25,-15.49],[-55.96,-15.75],[-56.25,-15.83]]}},{"type":"Feature","properties":{"level":1004},"geometry":{"type":"LineString","coordinates":[[-51.75,-15.1],[-51.93,-15.0],[-51.59,-14.75],[-51.94,-14.25],[-51.74,-13.0],[-51.22,-12.5],[-51.36,-11.75],[-51.97,-10.75],[-51.92,-10.25],[-51.75,-9.97],[-51.5,-10.19],[-50.5,-9.15],[-50.0,-9.63],[-50.0,-10.34],[-49.5,-10.39],[-49.32,-10.75],[-48.59,-11.0],[-48.71,-11.5],[-48.39,-11.75],[-48.43,-12.0],[-49.0,-12.62],[-49.42,-12.5],[-49.25,-12.01],[-50.0,-12.53],[-50.25,-11.91],[-50.77,-13.5],[-50.45,-14.0],[-51.25,-14.98],[-51.75,-15.1]]}},{"type":"Feature","properties":{"level":1004},"geometry":{"type":"LineString","coordinates":[[-50.75,-15.09],[-50.75,-14.6],[-50.75,-15.09]]}},{"type":"Feature","properties":{"level":1004},"geometry":{"type":"LineString","coordinates":[[-63.64,-13.25],[-63.5,-13.35],[-63.48,-13.0],[-63.75,-12.79],[-63.64,-13.25]]}},{"type":"Feature","properties":{"level":1004},"geometry":{"type":"LineString","coordinates":[[-49.31,-11.75],[-49.25,-11.97],[-49.31,-11.75]]}},{"type":"Feature","properties":{"level":1004},"geometry":{"type":"LineString","coordinates":[[-51.42,-10.5],[-51.17,-10.5],[-51.25,-10.33],[-51.42,-10.5]]}},{"type":"Feature","properties":{"level":1004},"geometry":{"type":"LineString","coordinates":[[-55.25,-10.41],[-55.39,-10.25],[-55.25,-10.41]]}},{"type":"Feature","properties":{"level":1004},"geometry":{"type":"LineString","coordinates":[[-56.0,-9.16],[-56.0,-8.78],[-55.82,-9.0],[-56.0,-9.16]]}},{"type":"Feature","properties":{"level":1004},"geometry":{"type":"LineString","coordinates":[[-60.39,-8.5],[-60.16,-8.5],[-60.39,-8.5]]}},{"type":"Feature","properties":{"level":1004},"geometry":{"type":"LineString","coordinates":[[-60.65,-8.25],[-60.5,-8.43],[-60.39,-8.25],[-60.65,-8.25]]}},{"type":"Feature","properties":{"level":1004},"geometry":{"type":"LineString","coordinates":[[-61.11,-7.5],[-60.92,-7.5],[-61.11,-7.5]]}},{"type":"Feature","properties":{"level":1004},"geometry":{"type":"LineString","coordinates":[[-54.5,-7.58],[-54.94,-7.25],[-54.75,-7.08],[-54.21,-7.25],[-54.25,-7.58],[-54.5,-7.58]]}},{"type":"Feature","properties":{"level":1004},"geometry":{"type":"LineString","coordinates":[[-59.32,-7.25],[-59.12,-7.0],[-59.25,-6.62],[-59.91,-7.0],[-59.32,-7.25]]}},{"type":"Feature","properties":{"level":1004},"geometry":{"type":"LineString","coordinates":[[-54.75,-6.53],[-54.5,-5.99],[-54.38,-6.5],[-54.5,-6.66],[-54.75,-6.53]]}},{"type":"Feature","properties":{"level":1004},"geometry":{"type":"LineString","coordinates":[[-54.0,-6.66],[-54.16,-6.5],[-54.0,-6.11],[-54.0,-6.66]]}},{"type":"Feature","properties":{"level":1004},"geometry":{"type":"LineString","coordinates":[[-60.77,-5.5],[-60.5,-5.67],[-60.46,-5.25],[-60.75,-5.21],[-60.77,-5.5]]}},{"type":"Feature","properties":{"level":1004},"geometry":{"type":"LineString","coordinates":[[-54.5,-5.44],[-54.5,-4.97],[-54.5,-5.44]]}},{"type":"Feature","properties":{"level":1004},"geometry":{"type":"LineString","coordinates":[[-60.27,-4.75],[-60.25,-4.41],[-60.27,-4.75]]}},{"type":"Feature","properties":{"level":1004},"geometry":{"type":"LineString","coordinates":[[-62.05,-4.5],[-61.88,-4.5],[-62.0,-4.33],[-62.05,-4.5]]}},{"type":"Feature","properties":{"level":1004},"geometry":{"type":"LineString","coordinates":[[-60.62,-4.25],[-60.37,-4.25],[-60.62,-4.25]]}},{"type":"Feature","properties":{"level":1004},"geometry":{"type":"LineString","coordinates":[[-59.85,-2.0],[-59.75,-1.87],[-59.85,-2.0]]}},{"type":"Feature","properties":{"level":1004},"geometry":{"type":"LineString","coordinates":[[-62.62,-1.75],[-62.5,-1.98],[-62.43,-1.75],[-62.62,-1.75]]}},{"type":"Feature","properties":{"level":1004},"geometry":{"type":"LineString","coordinates":[[-57.85,-1.0],[-57.62,-1.0],[-57.85,-1.0]]}},{"type":"Feature","properties":{"level":1004},"geometry":{"type":"LineString","coordinates":[[-26.0,17.13],[-26.2,17.75],[-25.5,18.06],[-25.23,17.75],[-25.33,17.25],[-26.0,17.13]]}},{"type":"Feature","properties":{"level":1004},"geometry":{"type":"LineString","coordinates":[[151.5,33.75],[150.5,34.09],[149.79,34.75],[149.57,35.5],[149.75,36.55],[150.0,36.42],[150.75,37.18],[151.5,37.35],[153.0,37.22],[153.75,36.84],[154.23,36.0],[153.9,34.75],[153.25,34.05],[151.5,33.75]]}},{"type":"Feature","properties":{"level":1004},"geometry":{"type":"LineString","coordinates":[[-92.5,42.99],[-92.75,43.04],[-92.75,43.37],[-91.0,45.14],[-88.5,45.92],[-88.0,46.31],[-86.79,46.25],[-86.59,46.5],[-86.82,46.75],[-86.75,47.25],[-86.25,47.35],[-85.2,47.0],[-85.0,46.5],[-85.19,45.25],[-87.0,44.17],[-92.5,42.99]]}},{"type":"Feature","properties":{"level":1004},"geometry":{"type":"LineString","coordinates":[[139.5,54.96],[139.0,55.19],[138.92,55.75],[139.21,56.25],[139.75,56.53],[142.0,56.79],[143.25,56.54],[143.53,56.25],[143.61,55.75],[143.0,55.11],[139.5,54.96]]}},{"type":"Feature","properties":{"level":1004},"geometry":{"type":"LineString","coordinates":[[180.0,56.18],[180.0,57.01]]}},{"type":"Feature","properties":{"level":1004},"geometry":{"type":"LineString","coordinates":[[-180.0,57.01],[-179.8,57.25],[-180.0,57.85]]}},{"type":"Feature","properties":{"level":1004},"geometry":{"type":"LineString","coordinates":[[180.0,57.85],[179.32,58.75],[180.0,59.63]]}},{"type":"Feature","properties":{"level":1004},"geometry":{"type":"LineString","coordinates":[[-180.0,59.63],[-177.75,61.22],[-176.25,63.1],[-174.38,64.5],[-173.25,64.64],[-172.25,65.11],[-171.97,65.5],[-170.74,66.0],[-170.25,66.64],[-166.75,67.34],[-164.25,67.08],[-161.69,66.25],[-161.51,66.0],[-161.91,65.5],[-160.62,65.0],[-160.0,63.25],[-159.25,63.26],[-158.08,62.5],[-158.09,61.75],[-158.55,61.0],[-158.44,60.5],[-157.9,60.25],[-158.5,58.19],[-161.75,56.15],[-164.25,56.35],[-167.75,55.88],[-170.75,56.0],[-179.5,55.75],[-180.0,56.18]]}},{"type":"Feature","properties":{"level":1004},"geometry":{"type":"LineString","coordinates":[[-157.5,60.69],[-157.67,61.0],[-157.5,61.12],[-157.27,61.0],[-157.5,60.69]]}},{"type":"Feature","properties":{"level":1004},"geometry":{"type":"LineString","coordinates":[[-37.44,69.5],[-36.75,69.43],[-35.75,69.83],[-33.75,69.79],[-31.75,70.05],[-31.49,70.25],[-31.78,70.75],[-33.5,70.53],[-34.5,71.25],[-34.0,71.57],[-32.25,71.63],[-31.76,72.25],[-31.85,72.5],[-34.0,73.09],[-36.75,72.72],[-38.71,72.75],[-39.75,72.55],[-41.33,71.75],[-41.23,71.5],[-40.01,71.0],[-39.25,70.9],[-37.84,71.0],[-36.2,71.5],[-36.06,71.25],[-37.25,70.68],[-41.45,70.25],[-41.25,70.03],[-37.55,69.75],[-37.44,69.5]]}},{"type":"Feature","properties":{"level":1004},"geometry":{"type":"LineString","coordinates":[[-135.0,70.25],[-138.5,70.37],[-140.94,70.75],[-138.75,71.64],[-135.25,72.22],[-132.5,72.01],[-131.11,71.25],[-131.43,70.75],[-132.25,70.42],[-135.0,70.25]]}},{"type":"Feature","properties":{"level":1004},"geometry":{"type":"LineString","coordinates":[[-119.0,71.85],[-119.0,72.11],[-118.25,72.57],[-118.25,72.16],[-118.75,71.78],[-119.0,71.85]]}},{"type":"Feature","properties":{"level":1004},"geometry":{"type":"LineString","coordinates":[[-23.03,77.0],[-22.74,77.0],[-23.03,77.0]]}},{"type":"Feature","properties":{"level":1004},"geometry":{"type":"LineString","coordinates":[[-77.12,81.25],[-69.25,81.03],[-65.42,82.0],[-68.5,82.12],[-69.5,82.0],[-69.75,81.74],[-76.5,81.57],[-77.12,81.25]]}},{"type":"Feature","properties":{"level":1004},"geometry":{"type":"LineString","coordinates":[[-46.82,81.75],[-46.25,81.58],[-45.92,81.75],[-46.82,81.75]]}},{"type":"Feature","properties":{"level":1004},"geometry":{"type":"LineString","coordinates":[[-82.95,82.0],[-79.08,82.0],[-79.75,82.28],[-82.95,82.0]]}},{"type":"Feature","properties":{"level":1004},"geometry":{"type":"LineString","coordinates":[[-43.5,82.47],[-43.0,82.68],[-41.92,82.5],[-43.5,82.47]]}},{"type":"Feature","properties":{"level":1004},"geometry":{"type":"LineString","coordinates":[[-30.25,82.75],[-30.87,83.0],[-29.76,83.0],[-29.64,82.75],[-30.25,82.75]]}},{"type":"Feature","properties":{"level":1004},"geometry":{"type":"LineString","coordinates":[[180.0,85.74],[174.25,85.3],[170.25,84.72],[167.25,83.98],[161.47,82.0],[136.75,80.6],[131.75,80.04],[127.5,79.17],[124.57,78.25],[123.24,77.5],[122.25,76.38],[121.14,74.25],[115.95,70.5],[114.78,69.0],[112.5,67.65],[110.0,66.4],[107.75,66.02],[102.75,64.39],[102.0,63.95],[99.25,63.46],[96.25,62.39],[93.75,62.65],[93.36,63.0],[93.13,63.75],[92.25,64.09],[86.0,63.86],[83.25,64.01],[80.0,64.69],[77.0,65.96],[75.04,67.5],[73.74,69.0],[73.33,70.0],[73.57,71.0],[76.0,73.17],[81.33,76.25],[82.76,77.5],[82.88,78.0],[82.25,78.35],[79.0,79.12],[70.18,79.25],[71.75,79.71],[72.04,80.0],[70.46,81.0],[66.5,82.46],[61.75,83.37],[48.5,84.41],[28.2,85.25],[9.25,85.68],[-8.0,85.58],[-18.22,85.25],[-23.82,84.75],[-23.24,84.25],[-21.45,83.75],[-20.52,83.0],[-21.5,82.52],[-24.5,82.98],[-25.5,82.9],[-27.75,83.52],[-32.75,83.64],[-37.0,83.47],[-40.5,82.7],[-43.0,83.13],[-44.58,82.75],[-44.75,82.41],[-46.36,82.25],[-44.45,81.75],[-45.51,81.5],[-47.25,81.5],[-47.08,81.75],[-48.5,81.83],[-49.27,81.75],[-48.65,81.5],[-50.5,81.22],[-57.92,81.0],[-58.06,80.5],[-57.91,80.25],[-58.21,80.0],[-60.15,79.75],[-63.83,78.5],[-63.52,78.25],[-58.75,77.37],[-48.25,76.43],[-35.25,77.28],[-25.0,77.42],[-24.0,77.69],[-22.75,77.63],[-22.09,77.25],[-21.5,77.23],[-15.75,78.84],[-9.5,79.42],[0.0,79.41],[4.75,79.11],[5.51,78.75],[4.75,78.5],[3.75,77.75],[3.74,77.25],[4.79,76.25],[4.72,75.0],[5.55,73.5],[6.16,71.75],[5.94,69.25],[5.27,66.25],[3.75,63.08],[-1.88,56.5],[-2.5,56.35],[-4.25,57.33],[-5.75,57.42],[-6.25,57.05],[-9.0,57.06],[-13.5,55.85],[-14.25,56.29],[-15.5,55.84],[-19.5,55.27],[-23.25,54.29],[-26.25,52.7],[-30.0,49.61],[-37.83,46.0],[-40.75,44.19],[-42.0,43.8],[-43.25,42.97],[-44.75,42.4],[-48.0,40.43],[-52.75,38.89],[-52.5,39.3],[-53.5,39.32],[-54.74,40.0],[-55.42,41.25],[-55.59,42.5],[-53.94,44.25],[-51.75,45.69],[-50.24,47.0],[-49.71,48.25],[-49.79,49.25],[-51.64,51.5],[-53.0,52.69],[-59.5,56.83],[-62.77,58.25],[-63.5,59.26],[-65.0,60.31],[-71.0,62.55],[-73.25,63.14],[-76.25,63.6],[-81.25,63.7],[-85.5,63.22],[-92.5,61.46],[-97.75,60.5],[-106.5,59.83],[-107.75,59.13],[-110.61,58.75],[-110.37,59.25],[-110.5,59.5],[-111.5,59.62],[-112.25,60.24],[-112.5,60.86],[-113.31,61.25],[-113.75,61.13],[-115.56,63.5],[-117.07,64.25],[-117.25,64.75],[-116.93,65.75],[-116.25,66.34],[-115.5,66.43],[-115.34,67.0],[-115.5,67.3],[-117.2,68.25],[-118.25,69.26],[-119.38,70.75],[-119.52,71.25],[-119.5,71.5],[-118.75,71.73],[-117.5,71.57],[-115.66,71.75],[-116.52,72.25],[-116.57,72.5],[-118.07,72.75],[-116.85,73.5],[-117.0,73.8],[-117.75,74.09],[-123.0,74.34],[-125.25,73.8],[-133.0,73.66],[-140.25,74.32],[-144.53,75.25],[-144.95,76.0],[-147.75,77.5],[-148.34,78.75],[-148.39,79.75],[-147.35,80.75],[-145.51,81.5],[-143.0,82.09],[-136.0,82.93],[-119.22,84.0],[-116.74,84.25],[-116.53,84.5],[-119.84,85.0],[-125.75,85.41],[-145.0,86.1],[-166.5,86.2],[-180.0,85.74]]}},{"type":"Feature","properties":{"level":1008},"geometry":{"type":"LineString","coordinates":[[180.0,-86.85],[155.0,-86.09],[147.5,-85.54],[143.13,-84.75],[142.66,-84.0],[141.18,-83.5],[143.17,-83.0],[141.1,-82.0],[141.47,-81.5],[141.27,-81.0],[142.01,-80.75],[145.87,-80.5],[150.95,-79.25],[151.16,-78.25],[149.0,-76.56],[148.75,-76.0],[149.5,-75.06],[151.2,-74.0],[151.37,-73.5],[150.23,-72.5],[149.57,-72.25],[141.25,-70.36],[137.5,-70.67],[130.5,-72.9],[122.75,-73.34],[114.25,-73.14],[108.75,-72.63],[105.25,-71.96],[102.75,-72.06],[101.25,-72.41],[99.75,-73.2],[95.5,-74.17],[95.11,-75.25],[94.5,-75.62],[87.5,-75.55],[85.5,-76.11],[82.04,-76.5],[78.95,-77.5],[79.01,-77.75],[81.5,-78.25],[84.75,-78.24],[86.18,-78.5],[85.5,-78.88],[83.25,-79.34],[78.0,-79.47],[74.0,-79.11],[69.25,-79.56],[64.25,-79.54],[57.0,-78.56],[50.0,-77.25],[35.5,-76.41],[33.89,-76.0],[31.53,-74.5],[31.3,-74.25],[31.66,-73.75],[31.46,-73.5],[29.75,-73.02],[28.25,-73.05],[28.0,-72.71],[25.0,-72.94],[24.0,-72.66],[23.0,-72.82],[20.25,-72.68],[15.25,-73.24],[12.5,-73.29],[10.5,-73.2],[6.5,-72.53],[3.25,-73.04],[-0.75,-73.04],[-2.0,-73.25],[-3.0,-73.2],[-3.5,-72.78],[-5.01,-73.25],[-5.18,-73.5],[-3.52,-73.5],[-5.0,-74.2],[-7.5,-74.13],[-9.76,-74.75],[-10.5,-75.54],[-12.8,-77.0],[-17.59,-77.0],[-18.9,-77.5],[-18.85,-78.0],[-19.25,-78.02],[-20.45,-78.0],[-19.75,-77.88],[-19.66,-77.5],[-24.0,-77.11],[-27.0,-77.58],[-32.25,-77.93],[-32.47,-78.0],[-31.81,-78.75],[-30.0,-79.47],[-28.5,-79.13],[-27.75,-79.2],[-26.25,-78.74],[-26.21,-79.0],[-27.0,-79.38],[-31.75,-79.75],[-32.5,-79.4],[-33.86,-79.5],[-33.7,-79.75],[-32.85,-80.0],[-32.3,-80.75],[-34.75,-81.16],[-36.25,-81.1],[-39.78,-82.25],[-40.5,-82.95],[-41.75,-83.26],[-43.5,-83.27],[-43.63,-83.0],[-44.25,-82.89],[-47.75,-82.91],[-51.5,-83.56],[-54.0,-83.72],[-54.25,-84.05],[-56.25,-84.43],[-62.5,-84.66],[-67.5,-85.11],[-74.25,-84.75],[-74.67,-84.5],[-74.51,-84.25],[-76.5,-84.18],[-93.75,-84.66],[-96.0,-85.04],[-96.7,-85.0],[-95.91,-84.75],[-99.25,-84.54],[-107.71,-85.25],[-104.24,-85.5],[-106.04,-86.25],[-105.61,-86.5],[-106.5,-86.64],[-132.5,-87.56],[-146.5,-87.4],[-150.5,-86.92],[-162.5,-87.28],[-171.25,-86.89],[-180.0,-86.85]]}},{"type":"Feature","properties":{"level":1008},"geometry":{"type":"LineString","coordinates":[[-135.8,-86.5],[-132.68,-86.5],[-135.8,-86.5]]}},{"type":"Feature","properties":{"level":1008},"geometry":{"type":"LineString","coordinates":[[-175.41,-86.25],[-171.69,-86.25],[-172.75,-86.1],[-175.41,-86.25]]}},{"type":"Feature","properties":{"level":1008},"geometry":{"type":"LineString","coordinates":[[-164.67,-86.25],[-162.25,-86.45],[-160.99,-86.25],[-164.67,-86.25]]}},{"type":"Feature","properties":{"level":1008},"geometry":{"type":"LineString","coordinates":[[-171.58,-86.0],[-166.75,-86.16],[-166.22,-86.0],[-169.25,-85.71],[-171.58,-86.0]]}},{"type":"Feature","properties":{"level":1008},"geometry":{"type":"LineString","coordinates":[[-93.25,-85.5],[-95.04,-85.25],[-94.5,-85.08],[-91.71,-85.25],[-91.99,-85.5],[-93.25,-85.5]]}},{"type":"Feature","properties":{"level":1008},"geometry":{"type":"LineString","coordinates":[[134.75,-82.0],[131.5,-81.65],[131.04,-81.25],[131.1,-80.75],[128.49,-80.25],[128.2,-80.0],[128.16,-79.5],[130.01,-78.25],[130.62,-77.5],[131.64,-77.25],[139.33,-77.75],[136.77,-79.25],[137.08,-80.0],[137.06,-80.75],[136.1,-81.25],[135.5,-81.95],[134.75,-82.0]]}},{"type":"Feature","properties":{"level":1008},"geometry":{"type":"LineString","coordinates":[[-51.76,-81.75],[-42.75,-80.99],[-42.5,-80.73],[-41.53,-80.75],[-41.78,-80.5],[-40.0,-80.06],[-38.99,-79.5],[-39.5,-79.17],[-41.5,-79.07],[-43.25,-78.44],[-47.75,-78.64],[-50.25,-80.13],[-51.0,-80.25],[-50.75,-80.75],[-51.95,-81.0],[-52.44,-81.5],[-51.76,-81.75]]}},{"type":"Feature","properties":{"level":1008},"geometry":{"type":"LineString","coordinates":[[-43.17,-81.5],[-41.36,-81.25],[-42.25,-81.11],[-43.17,-81.5]]}},{"type":"Feature","properties":{"level":1008},"geometry":{"type":"LineString","coordinates":[[-30.0,-80.78],[-29.96,-80.5],[-29.5,-80.32],[-28.0,-80.24],[-22.0,-80.38],[-20.99,-80.5],[-20.72,-80.75],[-30.0,-80.78]]}},{"type":"Feature","properties":{"level":1008},"geometry":{"type":"LineString","coordinates":[[-54.96,-80.5],[-51.69,-80.25],[-50.5,-79.67],[-50.29,-79.0],[-50.75,-78.9],[-53.86,-79.5],[-54.75,-79.85],[-54.96,-80.5]]}},{"type":"Feature","properties":{"level":1008},"geometry":{"type":"LineString","coordinates":[[-43.25,-79.76],[-43.25,-79.43],[-42.72,-79.5],[-43.0,-79.86],[-43.25,-79.76]]}},{"type":"Feature","properties":{"level":1008},"geometry":{"type":"LineString","coordinates":[[-17.0,-79.76],[-17.5,-79.23],[-15.72,-78.5],[-12.25,-78.16],[-8.5,-78.07],[-6.24,-78.75],[-6.1,-79.0],[-10.25,-79.87],[-14.0,-79.97],[-17.0,-79.76]]}},{"type":"Feature","properties":{"level":1008},"geometry":{"type":"LineString","coordinates":[[-43.5,-79.28],[-44.13,-79.0],[-43.5,-79.0],[-43.5,-79.28]]}},{"type":"Feature","properties":{"level":1008},"geometry":{"type":"LineString","coordinates":[[113.25,-78.01],[111.75,-77.51],[108.23,-77.0],[109.25,-76.51],[108.91,-76.25],[109.65,-76.25],[109.98,-76.5],[109.45,-76.75],[110.25,-76.77],[110.55,-76.5],[110.2,-76.25],[110.75,-76.17],[113.53,-76.5],[114.56,-77.0],[114.81,-77.5],[114.55,-77.75],[113.25,-78.01]]}},{"type":"Feature","properties":{"level":1008},"geometry":{"type":"LineString","coordinates":[[-7.08,-73.75],[-5.76,-73.75],[-7.08,-73.75]]}},{"type":"Feature","properties":{"level":1008},"geometry":{"type":"LineString","coordinates":[[-180.0,-46.26],[-178.3,-48.0],[-175.0,-49.83],[-171.5,-51.23],[-168.57,-52.0],[-165.0,-52.67],[-160.5,-53.03],[-153.25,-52.78],[-146.75,-51.71],[-141.25,-49.53],[-137.52,-47.0],[-130.6,-41.25],[-126.75,-39.54],[-122.75,-39.01],[-117.5,-39.05],[-110.75,-39.53],[-104.0,-39.0],[-103.5,-39.21],[-102.75,-38.72],[-100.75,-38.99],[-98.25,-39.73],[-95.71,-41.0],[-90.54,-45.75],[-83.18,-53.75],[-77.75,-58.2],[-76.25,-58.91],[-75.25,-59.02],[-71.5,-58.29],[-70.05,-58.75],[-71.25,-59.5],[-73.75,-60.37],[-74.57,-61.75],[-74.66,-62.5],[-74.45,-63.0],[-73.25,-65.02],[-71.78,-66.5],[-71.31,-67.5],[-72.4,-68.75],[-72.28,-69.0],[-71.25,-69.38],[-70.75,-69.84],[-69.84,-70.0],[-70.14,-70.5],[-69.0,-71.03],[-68.5,-71.67],[-67.5,-71.9],[-67.25,-72.42],[-66.75,-72.57],[-63.79,-72.5],[-63.85,-71.75],[-63.11,-71.25],[-63.75,-70.63],[-64.22,-70.5],[-63.91,-70.0],[-64.1,-69.25],[-65.22,-68.75],[-65.4,-68.25],[-65.25,-67.7],[-61.75,-68.14],[-56.25,-70.25],[-52.5,-70.84],[-50.5,-71.44],[-49.84,-72.0],[-50.49,-74.0],[-49.66,-75.25],[-50.51,-76.5],[-51.87,-76.75],[-52.0,-77.09],[-51.5,-77.27],[-50.5,-77.27],[-50.52,-77.0],[-50.0,-76.68],[-48.17,-76.5],[-44.3,-75.5],[-40.0,-73.1],[-38.38,-71.75],[-37.56,-70.5],[-37.5,-70.0],[-37.87,-69.5],[-37.13,-68.5],[-37.07,-68.0],[-34.5,-66.55],[-29.5,-64.55],[-28.15,-63.75],[-27.33,-62.75],[-26.71,-61.25],[-26.63,-58.5],[-28.1,-56.25],[-33.2,-52.75],[-33.7,-52.0],[-33.79,-51.25],[-33.0,-49.5],[-31.57,-47.5],[-30.5,-46.53],[-28.41,-45.25],[-26.5,-44.48],[-21.2,-41.0],[-20.24,-39.5],[-20.04,-37.5],[-20.75,-36.67],[-23.26,-35.0],[-23.0,-34.66],[-21.0,-33.97],[-20.0,-33.23],[-18.75,-32.99],[-18.75,-32.61],[-19.85,-32.25],[-19.5,-32.15],[-18.5,-32.45],[-14.25,-32.18],[-11.25,-32.5],[-9.0,-33.04],[-6.8,-34.0],[-5.87,-35.25],[-5.92,-35.75],[-4.75,-37.53],[-0.75,-38.88],[2.75,-39.52],[3.25,-39.83],[4.0,-39.66],[5.5,-40.3],[6.75,-40.14],[8.0,-40.61],[13.75,-41.28],[17.25,-42.03],[22.79,-43.5],[27.0,-45.22],[30.0,-45.76],[31.5,-45.85],[35.34,-45.5],[39.93,-44.25],[42.25,-44.03],[43.0,-44.38],[44.0,-44.03],[45.5,-44.29],[46.0,-44.11],[48.5,-44.33],[50.75,-44.2],[53.0,-44.55],[58.25,-44.69],[61.41,-45.5],[62.5,-46.28],[63.25,-46.09],[63.5,-46.29],[65.25,-45.94],[66.0,-46.05],[69.25,-44.55],[69.5,-44.14],[73.75,-41.58],[75.5,-41.04],[78.5,-40.52],[80.25,-40.45],[85.0,-41.24],[86.75,-41.41],[87.7,-41.25],[89.0,-40.48],[89.86,-39.0],[90.0,-36.13],[90.71,-34.0],[92.5,-33.22],[93.75,-33.27],[94.25,-32.74],[95.25,-33.16],[96.85,-34.5],[100.6,-41.25],[102.75,-43.95],[105.25,-46.11],[109.25,-48.34],[115.25,-50.81],[120.75,-52.38],[126.0,-53.32],[136.25,-54.55],[142.5,-55.79],[148.32,-55.25],[152.91,-52.25],[152.94,-51.25],[150.67,-48.25],[149.38,-45.5],[148.7,-44.75],[148.74,-44.25],[149.58,-43.75],[151.75,-43.67],[152.75,-43.19],[155.25,-42.82],[157.75,-42.12],[159.15,-42.75],[161.0,-44.15],[162.0,-44.48],[163.6,-44.25],[163.55,-43.75],[163.75,-43.64],[164.46,-43.5],[165.25,-42.99],[166.25,-42.92],[167.25,-43.23],[168.25,-43.2],[168.46,-43.75],[168.08,-44.0],[168.09,-44.25],[168.75,-44.49],[170.5,-43.54],[172.0,-43.05],[174.25,-41.5],[175.46,-42.0],[175.56,-42.5],[177.61,-44.75],[180.0,-46.26]]}},{"type":"Feature","properties":{"level":1008},"geometry":{"type":"LineString","coordinates":[[-68.25,-32.39],[-68.49,-32.25],[-68.5,-31.87],[-67.91,-31.75],[-67.5,-31.26],[-67.3,-31.5],[-67.6,-32.25],[-68.25,-32.39]]}},{"type":"Feature","properties":{"level":1008},"geometry":{"type":"LineString","coordinates":[[-68.5,-31.64],[-68.18,-30.75],[-68.54,-30.25],[-68.59,-29.5],[-68.25,-28.69],[-67.87,-29.75],[-68.1,-30.0],[-67.93,-30.75],[-68.5,-31.64]]}},{"type":"Feature","properties":{"level":1008},"geometry":{"type":"LineString","coordinates":[[94.75,-29.96],[94.25,-29.5],[94.5,-29.3],[94.97,-29.75],[94.75,-29.96]]}},{"type":"Feature","properties":{"level":1008},"geometry":{"type":"LineString","coordinates":[[-54.5,-26.03],[-55.0,-25.68],[-55.51,-25.75],[-55.61,-25.0],[-56.0,-24.57],[-56.25,-24.64],[-56.25,-25.32],[-56.5,-25.15],[-57.0,-25.31],[-57.21,-24.75],[-57.5,-24.66],[-58.25,-24.81],[-59.5,-24.61],[-60.75,-24.93],[-62.0,-24.25],[-63.5,-24.53],[-64.25,-23.86],[-64.57,-24.0],[-64.75,-24.47],[-64.91,-24.0],[-64.52,-23.5],[-64.54,-22.75],[-63.86,-22.25],[-63.68,-21.75],[-64.14,-20.75],[-64.08,-19.0],[-63.66,-18.5],[-63.76,-18.0],[-65.67,-17.0],[-66.75,-15.91],[-67.89,-15.5],[-68.06,-14.5],[-68.5,-13.95],[-71.25,-12.99],[-71.5,-12.47],[-72.25,-11.9],[-73.0,-12.07],[-73.86,-11.25],[-74.5,-9.89],[-74.75,-10.5],[-75.25,-10.28],[-76.0,-7.29],[-76.79,-7.25],[-76.46,-6.25],[-76.63,-5.75],[-78.0,-4.68],[-77.76,-2.75],[-77.24,-1.75],[-77.08,-0.25],[-77.0,-0.05],[-76.5,-0.16],[-75.73,0.25],[-75.75,0.86],[-74.5,0.28],[-74.0,0.65],[-74.0,-0.16],[-74.5,0.07],[-74.52,-0.25],[-74.0,-0.72],[-73.05,0.25],[-72.25,0.61],[-70.75,0.01],[-70.18,0.75],[-70.3,2.25],[-70.02,2.75],[-70.31,3.75],[-69.89,5.0],[-69.25,6.24],[-68.75,6.82],[-68.39,6.5],[-67.48,8.0],[-66.49,8.0],[-66.72,7.75],[-66.73,6.75],[-67.48,5.0],[-67.0,4.36],[-66.52,4.75],[-66.52,5.25],[-65.93,5.5],[-65.47,5.0],[-65.89,4.5],[-65.9,3.5],[-65.75,3.31],[-65.05,3.5],[-64.0,2.34],[-63.36,2.5],[-63.5,3.09],[-63.75,3.2],[-63.75,3.85],[-62.75,3.73],[-62.25,4.44],[-61.75,4.35],[-60.25,4.66],[-59.25,4.22],[-59.25,4.52],[-58.25,4.52],[-57.6,5.0],[-57.75,5.74],[-58.04,5.75],[-57.49,5.75],[-57.43,6.0],[-57.89,6.5],[-57.65,7.0],[-57.0,7.21],[-57.0,7.57],[-56.75,7.33],[-56.17,8.25],[-54.75,7.44],[-54.5,8.11],[-54.25,8.14],[-53.85,7.75],[-53.78,7.25],[-52.39,6.25],[-52.39,5.5],[-51.73,5.5],[-49.27,2.75],[-48.0,2.51],[-46.25,1.5],[-45.75,0.78],[-45.0,0.61],[-44.75,0.14],[-44.24,0.25],[-44.56,-0.75],[-44.25,-1.51],[-43.77,-1.5],[-43.75,-0.99],[-43.0,-0.83],[-42.75,-0.5],[-42.25,-1.01],[-40.71,-1.5],[-40.73,-2.0],[-41.0,-2.11],[-41.25,-1.83],[-41.5,-2.04],[-42.18,-2.0],[-41.48,-2.75],[-41.25,-4.29],[-41.75,-3.92],[-42.18,-4.0],[-42.89,-4.75],[-42.39,-5.5],[-42.87,-5.75],[-42.0,-6.87],[-42.2,-7.75],[-42.78,-8.5],[-43.53,-8.75],[-44.0,-9.43],[-43.92,-10.0],[-44.5,-10.61],[-44.9,-10.75],[-45.05,-10.25],[-45.5,-10.17],[-46.45,-11.25],[-46.11,-14.5],[-46.61,-15.0],[-46.25,-15.54],[-45.67,-15.75],[-45.75,-16.03],[-46.5,-15.62],[-46.7,-15.75],[-46.5,-16.39],[-45.71,-17.0],[-45.75,-17.37],[-46.75,-18.0],[-47.5,-17.93],[-47.47,-18.5],[-48.01,-19.25],[-47.82,-20.0],[-48.05,-21.0],[-48.5,-21.64],[-50.25,-21.63],[-51.0,-22.09],[-52.0,-22.33],[-52.25,-22.14],[-52.75,-22.56],[-53.25,-22.14],[-53.4,-22.25],[-52.64,-23.25],[-52.94,-23.5],[-52.89,-24.25],[-53.75,-24.4],[-54.06,-24.75],[-53.89,-25.5],[-54.5,-26.03]]}},{"type":"Feature","properties":{"level":1008},"geometry":{"type":"LineString","coordinates":[[-60.33,-24.25],[-60.04,-24.25],[-60.33,-24.25]]}},{"type":"Feature","properties":{"level":1008},"geometry":{"type":"LineString","coordinates":[[-57.13,-24.25],[-56.97,-24.25],[-57.13,-24.25]]}},{"type":"Feature","properties":{"level":1008},"geometry":{"type":"LineString","coordinates":[[-56.07,-24.25],[-55.9,-24.25],[-56.07,-24.25]]}},{"type":"Feature","properties":{"level":1008},"geometry":{"type":"LineString","coordinates":[[-54.94,-24.25],[-54.75,-24.42],[-54.57,-24.25],[-54.75,-24.03],[-54.94,-24.25]]}},{"type":"Feature","properties":{"level":1008},"geometry":{"type":"LineString","coordinates":[[-58.22,-23.75],[-58.0,-23.97],[-57.83,-23.75],[-58.0,-23.55],[-58.22,-23.75]]}},{"type":"Feature","properties":{"level":1008},"geometry":{"type":"LineString","coordinates":[[-55.28,-23.5],[-55.05,-23.25],[-55.75,-22.62],[-55.61,-23.25],[-55.28,-23.5]]}},{"type":"Feature","properties":{"level":1008},"geometry":{"type":"LineString","coordinates":[[-53.8,-23.5],[-53.5,-23.71],[-53.4,-23.5],[-53.75,-23.33],[-53.8,-23.5]]}},{"type":"Feature","properties":{"level":1008},"geometry":{"type":"LineString","coordinates":[[-54.21,-23.25],[-53.78,-23.25],[-54.25,-22.27],[-54.45,-23.0],[-54.21,-23.25]]}},{"type":"Feature","properties":{"level":1008},"geometry":{"type":"LineString","coordinates":[[131.75,-18.77],[131.57,-18.5],[131.75,-18.31],[132.28,-18.75],[131.75,-18.77]]}},{"type":"Feature","properties":{"level":1008},"geometry":{"type":"LineString","coordinates":[[132.0,-17.83],[131.76,-17.75],[132.0,-17.6],[132.0,-17.83]]}},{"type":"Feature","properties":{"level":1008},"geometry":{"type":"LineString","coordinates":[[-47.82,-17.0],[-47.39,-17.0],[-47.29,-16.75],[-47.84,-16.0],[-47.75,-15.76],[-47.5,-15.91],[-47.36,-15.75],[-47.5,-15.28],[-47.75,-15.31],[-48.17,-16.0],[-47.81,-16.25],[-47.82,-17.0]]}},{"type":"Feature","properties":{"level":1008},"geometry":{"type":"LineString","coordinates":[[130.75,-16.78],[130.5,-16.43],[131.04,-16.25],[131.0,-15.87],[131.3,-15.75],[131.55,-16.25],[131.5,-16.88],[130.75,-16.78]]}},{"type":"Feature","properties":{"level":1008},"geometry":{"type":"LineString","coordinates":[[129.75,-16.62],[129.57,-16.0],[129.75,-15.9],[129.97,-16.0],[129.75,-16.62]]}},{"type":"Feature","properties":{"level":1008},"geometry":{"type":"LineString","coordinates":[[132.5,-16.05],[132.05,-15.5],[131.5,-15.25],[131.5,-14.16],[131.92,-14.0],[131.75,-13.8],[131.0,-14.33],[130.65,-14.0],[130.77,-13.75],[131.5,-13.56],[132.13,-12.5],[133.0,-12.28],[133.17,-12.75],[132.75,-13.9],[132.41,-14.0],[132.58,-14.75],[132.26,-15.0],[132.5,-15.3],[132.75,-15.11],[132.93,-15.5],[132.61,-15.75],[133.01,-16.0],[132.75,-16.19],[132.5,-16.05]]}},{"type":"Feature","properties":{"level":1008},"geometry":{"type":"LineString","coordinates":[[128.25,-15.68],[128.34,-15.5],[128.25,-15.68]]}},{"type":"Feature","properties":{"level":1008},"geometry":{"type":"LineString","coordinates":[[130.5,-15.52],[130.75,-14.71],[131.04,-15.5],[130.5,-15.52]]}},{"type":"Feature","properties":{"level":1008},"geometry":{"type":"LineString","coordinates":[[131.98,-15.0],[132.14,-15.0],[131.98,-15.0]]}},{"type":"Feature","properties":{"level":1008},"geometry":{"type":"LineString","coordinates":[[-47.89,-14.75],[-47.75,-14.89],[-47.5,-14.73],[-47.32,-14.0],[-47.5,-13.88],[-47.89,-14.75]]}},{"type":"Feature","properties":{"level":1008},"geometry":{"type":"LineString","coordinates":[[134.5,-13.18],[134.5,-12.89],[135.0,-13.0],[134.5,-13.18]]}},{"type":"Feature","properties":{"level":1008},"geometry":{"type":"LineString","coordinates":[[176.75,-9.3],[176.75,-8.96],[177.04,-9.25],[176.75,-9.3]]}},{"type":"Feature","properties":{"level":1008},"geometry":{"type":"LineString","coordinates":[[141.0,-8.8],[140.17,-7.75],[138.47,-7.75],[138.82,-6.5],[138.68,-5.5],[139.0,-5.16],[139.75,-4.99],[140.5,-5.4],[142.0,-5.69],[142.75,-6.82],[143.6,-7.25],[142.59,-8.25],[142.44,-8.75],[141.0,-8.8]]}},{"type":"Feature","properties":{"level":1008},"geometry":{"type":"LineString","coordinates":[[-42.82,-7.75],[-42.64,-7.75],[-42.82,-7.75]]}},{"type":"Feature","properties":{"level":1008},"geometry":{"type":"LineString","coordinates":[[175.75,-7.57],[175.0,-7.37],[174.5,-6.85],[174.1,-7.0],[174.1,-6.25],[173.51,-5.75],[174.0,-5.08],[175.27,-4.25],[176.5,-3.85],[176.95,-4.25],[176.88,-4.5],[177.75,-5.05],[178.27,-5.75],[177.35,-6.75],[177.75,-6.79],[177.78,-7.0],[177.0,-7.01],[176.5,-7.69],[175.75,-7.57]]}},{"type":"Feature","properties":{"level":1008},"geometry":{"type":"LineString","coordinates":[[146.5,-6.8],[146.5,-6.5],[146.5,-6.8]]}},{"type":"Feature","properties":{"level":1008},"geometry":{"type":"LineString","coordinates":[[-45.51,-6.5],[-44.9,-6.5],[-45.25,-6.35],[-45.51,-6.5]]}},{"type":"Feature","properties":{"level":1008},"geometry":{"type":"LineString","coordinates":[[-44.75,-6.25],[-43.75,-6.42],[-43.47,-6.0],[-44.0,-5.76],[-44.75,-6.25]]}},{"type":"Feature","properties":{"level":1008},"geometry":{"type":"LineString","coordinates":[[-44.66,-5.75],[-44.5,-5.9],[-44.11,-5.5],[-44.25,-5.17],[-44.78,-5.5],[-44.66,-5.75]]}},{"type":"Feature","properties":{"level":1008},"geometry":{"type":"LineString","coordinates":[[-43.35,-5.75],[-43.17,-5.75],[-43.25,-5.24],[-43.35,-5.75]]}},{"type":"Feature","properties":{"level":1008},"geometry":{"type":"LineString","coordinates":[[145.25,-5.55],[144.5,-4.86],[143.0,-4.66],[142.3,-4.25],[142.4,-3.75],[143.25,-3.69],[144.5,-4.24],[145.42,-5.0],[145.48,-5.5],[145.25,-5.55]]}},{"type":"Feature","properties":{"level":1008},"geometry":{"type":"LineString","coordinates":[[-46.33,-4.75],[-46.25,-4.91],[-45.24,-4.75],[-46.0,-4.0],[-46.33,-4.75]]}},{"type":"Feature","properties":{"level":1008},"geometry":{"type":"LineString","coordinates":[[-44.35,-4.5],[-44.25,-4.67],[-43.49,-4.25],[-43.75,-4.11],[-44.35,-4.5]]}},{"type":"Feature","properties":{"level":1008},"geometry":{"type":"LineString","coordinates":[[114.75,-3.4],[114.41,-3.0],[115.5,-1.98],[115.52,-2.5],[115.08,-3.25],[114.75,-3.4]]}},{"type":"Feature","properties":{"level":1008},"geometry":{"type":"LineString","coordinates":[[-43.0,-0.33],[-43.72,0.0],[-43.97,1.0],[-43.75,1.16],[-42.91,0.5],[-42.67,0.0],[-42.75,-0.48],[-43.0,-0.33]]}},{"type":"Feature","properties":{"level":1008},"geometry":{"type":"LineString","coordinates":[[-52.87,1.5],[-52.5,1.91],[-51.57,2.25],[-51.6,4.25],[-53.25,5.55],[-55.75,5.35],[-55.93,5.25],[-55.71,5.0],[-56.0,4.93],[-57.0,5.35],[-57.29,4.5],[-57.08,4.0],[-56.75,3.99],[-56.25,3.51],[-55.5,4.12],[-55.25,3.77],[-54.25,4.1],[-53.75,2.91],[-53.27,2.5],[-53.22,1.75],[-52.87,1.5]]}},{"type":"Feature","properties":{"level":1008},"geometry":{"type":"LineString","coordinates":[[-55.05,3.0],[-55.0,2.8],[-55.05,3.0]]}},{"type":"Feature","properties":{"level":1008},"geometry":{"type":"LineString","coordinates":[[-56.5,4.09],[-56.5,4.49],[-56.5,4.09]]}},{"type":"Feature","properties":{"level":1008},"geometry":{"type":"LineString","coordinates":[[-55.25,4.29],[-55.37,4.75],[-55.0,4.95],[-54.82,4.75],[-55.25,4.29]]}},{"type":"Feature","properties":{"level":1008},"geometry":{"type":"LineString","coordinates":[[-63.0,4.64],[-63.25,5.0],[-63.5,4.92],[-63.97,5.25],[-63.79,5.5],[-63.0,5.52],[-63.0,4.64]]}},{"type":"Feature","properties":{"level":1008},"geometry":{"type":"LineString","coordinates":[[166.0,5.74],[164.75,6.14],[163.0,5.95],[161.83,7.5],[161.87,8.25],[161.56,8.75],[161.84,9.5],[162.59,10.25],[163.09,11.5],[164.5,12.74],[165.25,12.66],[166.74,12.0],[167.81,10.5],[168.61,8.25],[168.5,6.37],[167.75,6.81],[166.52,6.25],[166.0,5.74]]}},{"type":"Feature","properties":{"level":1008},"geometry":{"type":"LineString","coordinates":[[-79.25,5.93],[-78.99,6.0],[-79.25,5.93]]}},{"type":"Feature","properties":{"level":1008},"geometry":{"type":"LineString","coordinates":[[-78.75,6.33],[-78.75,6.74],[-78.52,6.5],[-78.75,6.33]]}},{"type":"Feature","properties":{"level":1008},"geometry":{"type":"LineString","coordinates":[[-55.02,6.5],[-55.0,6.7],[-55.02,6.5]]}},{"type":"Feature","properties":{"level":1008},"geometry":{"type":"LineString","coordinates":[[-79.25,7.2],[-79.35,7.5],[-79.0,7.91],[-78.91,7.5],[-79.25,7.2]]}},{"type":"Feature","properties":{"level":1008},"geometry":{"type":"LineString","coordinates":[[-67.37,7.75],[-67.18,7.75],[-67.37,7.75]]}},{"type":"Feature","properties":{"level":1008},"geometry":{"type":"LineString","coordinates":[[-65.0,7.7],[-65.0,8.26],[-64.66,7.75],[-65.0,7.7]]}},{"type":"Feature","properties":{"level":1008},"geometry":{"type":"LineString","coordinates":[[-57.5,7.73],[-57.68,8.25],[-57.5,8.35],[-57.13,7.75],[-57.5,7.73]]}},{"type":"Feature","properties":{"level":1008},"geometry":{"type":"LineString","coordinates":[[-64.25,7.97],[-64.25,8.31],[-63.9,8.25],[-63.96,8.0],[-64.25,7.97]]}},{"type":"Feature","properties":{"level":1008},"geometry":{"type":"LineString","coordinates":[[-67.5,8.46],[-67.75,9.02],[-66.63,9.0],[-67.5,8.46]]}},{"type":"Feature","properties":{"level":1008},"geometry":{"type":"LineString","coordinates":[[-77.75,10.15],[-78.39,10.75],[-78.11,12.25],[-77.5,12.81],[-77.0,12.44],[-76.75,12.64],[-75.87,11.75],[-76.16,10.5],[-76.75,10.04],[-77.75,10.15]]}},{"type":"Feature","properties":{"level":1008},"geometry":{"type":"LineString","coordinates":[[162.0,11.97],[162.33,12.0],[162.0,11.97]]}},{"type":"Feature","properties":{"level":1008},"geometry":{"type":"LineString","coordinates":[[-73.25,12.24],[-72.94,12.25],[-73.25,12.24]]}},{"type":"Feature","properties":{"level":1008},"geometry":{"type":"LineString","coordinates":[[163.0,12.47],[163.23,12.5],[163.0,12.47]]}},{"type":"Feature","properties":{"level":1008},"geometry":{"type":"LineString","coordinates":[[-26.25,16.65],[-26.78,17.25],[-26.75,18.01],[-25.75,18.57],[-24.96,18.25],[-24.58,17.5],[-24.75,17.07],[-25.5,16.57],[-26.25,16.65]]}},{"type":"Feature","properties":{"level":1008},"geometry":{"type":"LineString","coordinates":[[151.0,32.99],[149.75,33.45],[148.39,34.5],[147.95,35.5],[148.11,36.75],[148.82,37.5],[150.0,38.12],[152.0,38.1],[154.0,37.46],[154.85,36.5],[155.17,35.75],[154.62,34.25],[153.5,33.28],[152.5,33.01],[151.0,32.99]]}},{"type":"Feature","properties":{"level":1008},"geometry":{"type":"LineString","coordinates":[[-100.75,36.71],[-100.75,37.06],[-101.5,37.11],[-102.49,37.75],[-104.09,38.0],[-103.92,38.5],[-104.25,38.75],[-104.08,39.0],[-104.64,39.75],[-104.47,40.5],[-102.75,40.81],[-100.5,40.47],[-97.23,40.75],[-96.25,41.68],[-95.83,43.0],[-94.93,44.0],[-94.45,46.5],[-93.12,48.5],[-92.75,48.73],[-91.49,48.75],[-90.0,47.98],[-89.12,48.75],[-87.0,49.18],[-86.0,49.15],[-85.38,48.75],[-84.0,48.6],[-82.25,47.32],[-81.25,46.88],[-79.75,46.62],[-78.49,45.75],[-79.51,45.0],[-80.0,44.31],[-81.5,44.2],[-84.5,42.63],[-86.5,42.24],[-87.5,41.64],[-91.5,40.23],[-93.0,40.03],[-95.25,38.68],[-98.25,37.57],[-98.62,37.0],[-99.1,36.75],[-100.75,36.71]]}},{"type":"Feature","properties":{"level":1008},"geometry":{"type":"LineString","coordinates":[[-93.25,46.5],[-93.0,46.39],[-92.75,46.6],[-92.75,47.23],[-93.25,46.5]]}},{"type":"Feature","properties":{"level":1008},"geometry":{"type":"LineString","coordinates":[[-91.25,47.25],[-90.57,47.5],[-90.75,47.71],[-91.21,47.5],[-91.25,47.25]]}},{"type":"Feature","properties":{"level":1008},"geometry":{"type":"LineString","coordinates":[[-144.25,47.98],[-144.33,48.25],[-143.5,49.08],[-141.5,49.69],[-140.75,49.71],[-140.52,49.5],[-141.0,48.69],[-142.0,48.11],[-143.0,47.87],[-144.25,47.98]]}},{"type":"Feature","properties":{"level":1008},"geometry":{"type":"LineString","coordinates":[[135.25,49.99],[134.57,50.25],[134.98,51.0],[134.39,51.25],[134.89,51.75],[134.5,52.46],[133.25,52.55],[133.17,52.75],[133.72,53.0],[133.43,53.5],[133.59,53.75],[134.75,53.87],[135.2,53.25],[135.75,52.98],[137.25,53.3],[137.72,54.0],[137.47,54.75],[137.56,55.5],[137.94,56.0],[139.0,56.81],[140.5,57.28],[143.25,57.23],[144.75,56.79],[145.42,56.25],[145.69,55.5],[145.54,54.75],[145.0,53.89],[143.41,52.25],[142.0,51.71],[140.75,50.89],[139.0,50.68],[138.5,50.83],[135.25,49.99]]}},{"type":"Feature","properties":{"level":1008},"geometry":{"type":"LineString","coordinates":[[127.5,52.16],[126.31,53.25],[126.04,54.0],[128.38,55.25],[129.5,55.47],[130.25,55.07],[132.2,55.0],[132.05,54.5],[131.27,54.25],[132.02,53.75],[131.75,53.33],[130.5,52.5],[128.75,52.1],[127.5,52.16]]}},{"type":"Feature","properties":{"level":1008},"geometry":{"type":"LineString","coordinates":[[180.0,52.4],[179.0,53.07],[177.09,53.75],[176.0,54.51],[174.78,55.75],[174.65,56.5],[175.0,57.24],[176.91,58.5],[178.0,60.03],[180.0,61.74]]}},{"type":"Feature","properties":{"level":1008},"geometry":{"type":"LineString","coordinates":[[-140.0,61.49],[-142.54,62.5],[-142.5,62.82],[-142.12,63.0],[-143.48,63.5],[-141.61,63.25],[-141.75,62.69],[-140.75,62.84],[-139.5,62.36],[-139.35,62.25],[-140.0,61.95],[-140.0,61.49]]}},{"type":"Feature","properties":{"level":1008},"geometry":{"type":"LineString","coordinates":[[-180.0,61.74],[-177.85,63.75],[-175.75,65.31],[-174.96,65.25],[-174.25,65.49],[-172.23,66.75],[-171.75,67.36],[-168.5,68.71],[-164.0,69.79],[-153.0,70.34],[-150.5,71.08],[-148.3,72.25],[-148.83,72.75],[-152.75,73.77],[-153.8,74.5],[-153.65,75.25],[-153.83,76.0],[-156.36,79.25],[-156.65,80.0],[-156.15,81.5],[-154.17,83.25],[-154.5,83.5],[-158.25,83.98],[-166.5,84.08],[-174.75,83.7],[-180.0,83.13]]}},{"type":"Feature","properties":{"level":1008},"geometry":{"type":"LineString","coordinates":[[-147.0,61.73],[-147.16,62.5],[-146.75,62.91],[-145.98,62.75],[-145.25,62.25],[-147.0,61.73]]}},{"type":"Feature","properties":{"level":1008},"geometry":{"type":"LineString","coordinates":[[-138.75,62.44],[-137.87,62.5],[-138.75,62.44]]}},{"type":"Feature","properties":{"level":1008},"geometry":{"type":"LineString","coordinates":[[-128.0,63.75],[-127.69,64.0],[-127.94,64.25],[-127.76,64.75],[-126.86,64.25],[-128.0,63.75]]}},{"type":"Feature","properties":{"level":1008},"geometry":{"type":"LineString","coordinates":[[-129.75,63.94],[-129.93,64.0],[-129.25,64.06],[-128.75,64.45],[-128.43,64.0],[-129.75,63.94]]}},{"type":"Feature","properties":{"level":1008},"geometry":{"type":"LineString","coordinates":[[-146.43,64.75],[-145.5,64.7],[-145.64,65.0],[-144.9,65.25],[-144.99,65.75],[-145.32,65.75],[-145.08,65.5],[-146.55,65.0],[-146.43,64.75]]}},{"type":"Feature","properties":{"level":1008},"geometry":{"type":"LineString","coordinates":[[-143.09,64.75],[-142.75,64.52],[-142.28,65.0],[-143.25,65.23],[-143.85,65.0],[-143.09,64.75]]}},{"type":"Feature","properties":{"level":1008},"geometry":{"type":"LineString","coordinates":[[-149.77,67.0],[-147.25,67.13],[-145.0,67.78],[-141.25,68.1],[-140.0,67.57],[-139.25,67.59],[-138.24,68.25],[-140.25,69.15],[-142.5,69.18],[-143.75,68.96],[-145.75,69.22],[-147.25,69.05],[-148.0,68.53],[-148.5,68.74],[-150.75,68.34],[-151.25,67.91],[-154.0,68.28],[-155.54,68.0],[-155.4,67.75],[-154.25,67.78],[-153.75,67.39],[-153.0,67.7],[-152.25,67.55],[-151.75,67.89],[-151.53,67.75],[-151.7,67.5],[-149.77,67.0]]}},{"type":"Feature","properties":{"level":1008},"geometry":{"type":"LineString","coordinates":[[-137.97,67.0],[-136.75,67.12],[-136.42,67.75],[-136.75,67.97],[-138.0,67.54],[-138.26,67.25],[-137.97,67.0]]}},{"type":"Feature","properties":{"level":1008},"geometry":{"type":"LineString","coordinates":[[-38.57,70.0],[-37.0,69.84],[-33.8,70.25],[-35.0,70.81],[-39.86,70.25],[-38.57,70.0]]}},{"type":"Feature","properties":{"level":1008},"geometry":{"type":"LineString","coordinates":[[-39.34,71.25],[-38.75,71.18],[-36.75,71.76],[-33.0,71.82],[-32.5,72.25],[-35.5,72.7],[-37.25,72.38],[-39.0,72.43],[-39.54,72.25],[-39.86,71.75],[-39.25,71.63],[-39.34,71.25]]}},{"type":"Feature","properties":{"level":1008},"geometry":{"type":"LineString","coordinates":[[-48.5,76.75],[-41.75,76.99],[-30.25,77.92],[-29.17,78.25],[-28.37,79.0],[-28.41,79.5],[-27.63,80.25],[-28.0,80.6],[-30.75,81.18],[-39.25,81.67],[-42.25,81.57],[-50.25,80.76],[-56.0,80.58],[-56.39,80.5],[-56.0,79.92],[-58.55,79.25],[-59.9,78.5],[-59.25,78.19],[-52.0,77.42],[-48.5,76.75]]}},{"type":"Feature","properties":{"level":1008},"geometry":{"type":"LineString","coordinates":[[-26.26,81.0],[-25.19,81.0],[-26.26,81.0]]}},{"type":"Feature","properties":{"level":1008},"geometry":{"type":"LineString","coordinates":[[-34.56,82.0],[-31.31,82.25],[-34.0,82.4],[-36.82,82.25],[-34.56,82.0]]}},{"type":"Feature","properties":{"level":1008},"geometry":{"type":"LineString","coordinates":[[-37.1,83.0],[-35.21,83.0],[-37.1,83.0]]}},{"type":"Feature","properties":{"level":1008},"geometry":{"type":"LineString","coordinates":[[180.0,83.13],[175.75,82.16],[171.2,80.5],[169.0,80.08],[145.75,79.46],[138.74,78.75],[132.75,77.61],[129.85,76.5],[125.11,73.75],[124.09,72.75],[122.31,72.25],[117.5,67.75],[113.05,65.25],[105.75,62.7],[103.25,62.16],[97.5,60.01],[93.25,59.73],[92.0,60.1],[91.5,60.99],[90.25,61.74],[81.25,63.31],[77.75,64.36],[75.39,65.5],[72.27,68.0],[71.36,69.5],[71.21,70.25],[71.75,72.0],[74.51,75.25],[74.83,76.25],[74.59,76.75],[73.0,77.26],[67.75,77.64],[65.66,78.75],[64.75,79.63],[62.62,80.5],[53.45,82.5],[40.5,83.52],[15.0,84.34],[7.25,84.16],[1.06,83.5],[0.14,83.25],[1.38,82.5],[6.41,81.5],[17.25,80.38],[17.87,80.0],[15.75,79.38],[13.07,79.0],[11.61,77.75],[10.0,77.23],[9.43,76.75],[8.34,74.5],[8.63,72.5],[8.25,70.3],[6.61,65.0],[5.4,62.75],[5.53,62.25],[4.75,61.85],[3.75,60.86],[1.7,57.5],[-1.43,55.0],[-3.25,54.15],[-4.75,55.38],[-6.75,54.8],[-8.25,54.95],[-14.0,54.1],[-16.75,54.18],[-22.0,52.96],[-25.0,51.55],[-30.44,48.25],[-34.75,46.29],[-40.25,43.08],[-48.15,39.25],[-51.5,38.15],[-56.5,37.27],[-57.0,37.76],[-57.08,37.5],[-57.75,37.62],[-58.25,37.3],[-58.75,37.59],[-59.75,37.63],[-60.0,37.23],[-60.54,37.25],[-60.44,37.0],[-61.25,36.41],[-61.25,36.83],[-61.75,36.39],[-62.0,36.5],[-62.25,35.87],[-62.75,36.11],[-63.5,35.82],[-63.75,35.99],[-65.0,35.36],[-66.75,35.15],[-69.25,35.46],[-69.5,36.5],[-69.33,37.0],[-67.12,38.5],[-63.0,39.86],[-58.7,42.0],[-58.25,42.63],[-53.5,46.54],[-52.66,48.5],[-52.69,49.5],[-53.56,51.0],[-54.5,52.01],[-58.5,54.86],[-62.23,56.5],[-62.64,57.25],[-64.3,58.25],[-65.25,59.33],[-72.5,61.36],[-74.0,62.08],[-77.5,62.47],[-84.25,62.04],[-93.75,59.78],[-107.25,57.0],[-108.25,55.99],[-108.25,56.51],[-111.0,56.22],[-113.75,56.93],[-114.25,57.31],[-115.5,57.03],[-116.25,57.64],[-117.33,57.25],[-117.29,57.75],[-120.75,58.76],[-122.25,59.52],[-123.0,59.41],[-125.09,59.75],[-125.61,60.25],[-124.75,60.16],[-124.5,60.5],[-124.59,60.75],[-126.0,60.98],[-126.66,61.5],[-125.96,62.0],[-125.65,62.75],[-125.0,62.46],[-124.74,62.25],[-124.75,61.9],[-124.5,61.88],[-123.0,62.86],[-123.46,64.5],[-125.32,66.25],[-124.78,66.75],[-125.06,67.5],[-128.0,67.87],[-130.47,66.75],[-129.89,66.0],[-130.5,65.89],[-130.5,65.63],[-129.31,65.25],[-130.0,64.95],[-130.75,65.24],[-131.25,65.05],[-131.75,65.53],[-134.25,65.35],[-135.25,64.98],[-138.5,65.59],[-139.25,65.41],[-139.42,65.5],[-139.25,65.63],[-138.62,65.75],[-139.25,66.13],[-140.25,66.26],[-140.44,65.25],[-141.5,65.27],[-142.21,65.0],[-141.26,64.75],[-141.75,64.47],[-140.78,64.25],[-141.5,63.94],[-143.75,64.36],[-144.72,63.75],[-145.75,63.54],[-146.0,63.81],[-146.31,63.75],[-146.5,64.08],[-147.5,64.28],[-150.25,63.83],[-150.75,63.22],[-151.75,63.12],[-153.25,62.35],[-154.3,62.25],[-153.75,61.84],[-153.0,62.15],[-152.75,61.61],[-152.33,61.5],[-152.75,61.4],[-153.32,60.75],[-153.0,60.73],[-151.6,61.5],[-151.9,62.0],[-151.5,62.36],[-149.75,62.56],[-149.25,61.77],[-149.0,62.04],[-148.25,62.06],[-147.66,61.75],[-148.5,61.86],[-148.48,61.5],[-148.04,61.25],[-148.63,61.0],[-148.39,60.5],[-150.04,60.25],[-149.75,59.88],[-148.5,59.96],[-147.5,60.82],[-146.62,60.5],[-146.85,60.25],[-146.88,59.5],[-148.37,57.75],[-148.32,57.0],[-148.78,56.0],[-150.75,54.61],[-152.0,54.14],[-159.0,52.98],[-160.5,53.32],[-165.5,53.27],[-166.5,53.4],[-167.0,53.94],[-172.25,52.73],[-173.75,52.01],[-174.0,51.49],[-175.5,50.53],[-179.5,51.39],[-180.0,52.4]]}},{"type":"Feature","properties":{"level":1012},"geometry":{"type":"LineString","coordinates":[[180.0,-87.62],[170.09,-87.5],[142.75,-86.22],[138.42,-85.5],[138.23,-85.25],[136.47,-84.75],[136.36,-83.75],[135.97,-83.5],[130.84,-82.75],[127.93,-81.5],[125.5,-81.6],[121.0,-80.93],[112.5,-80.21],[109.0,-80.23],[102.25,-81.0],[99.75,-81.05],[99.36,-81.0],[100.15,-80.75],[95.04,-80.25],[95.09,-80.0],[96.0,-79.54],[97.87,-79.25],[98.75,-78.53],[103.31,-78.0],[103.61,-77.5],[103.04,-77.25],[103.16,-77.0],[103.75,-76.97],[104.11,-76.5],[101.75,-75.58],[100.93,-75.75],[100.25,-76.36],[98.0,-76.47],[95.5,-77.19],[90.5,-76.54],[89.75,-76.81],[85.0,-77.13],[83.5,-77.44],[82.35,-78.0],[87.0,-77.87],[88.57,-78.5],[88.0,-79.27],[83.39,-80.0],[83.29,-80.25],[84.75,-80.94],[85.66,-81.0],[85.67,-81.25],[84.5,-80.99],[84.0,-81.3],[82.0,-81.3],[75.75,-80.59],[71.75,-80.78],[65.5,-80.5],[64.28,-80.25],[64.42,-80.0],[63.25,-79.85],[53.08,-79.0],[51.97,-78.75],[52.5,-78.5],[49.72,-78.0],[49.07,-77.5],[45.25,-77.24],[37.0,-77.17],[34.0,-76.57],[28.75,-74.37],[26.75,-74.21],[26.75,-73.95],[28.07,-74.0],[27.84,-73.5],[27.25,-73.31],[22.25,-73.11],[15.75,-73.73],[7.25,-73.25],[4.75,-73.28],[2.0,-73.69],[-0.75,-73.3],[-3.25,-73.75],[-5.3,-75.0],[-6.5,-74.92],[-6.86,-74.75],[-6.83,-74.5],[-7.25,-74.41],[-8.25,-74.79],[-8.5,-75.12],[-9.25,-75.03],[-9.75,-75.23],[-9.25,-76.59],[-1.9,-79.75],[-2.0,-80.27],[-4.25,-81.08],[-16.0,-80.8],[-17.75,-81.68],[-19.75,-82.09],[-26.75,-82.33],[-27.25,-82.25],[-26.31,-82.0],[-28.25,-81.85],[-34.5,-82.51],[-40.55,-83.75],[-42.75,-84.57],[-45.25,-84.58],[-47.0,-84.31],[-57.75,-85.31],[-62.5,-84.9],[-64.5,-85.25],[-61.87,-85.5],[-64.33,-86.0],[-67.5,-86.29],[-70.75,-86.26],[-73.34,-85.75],[-72.67,-85.5],[-79.0,-84.95],[-89.0,-84.87],[-89.65,-85.0],[-87.91,-85.25],[-92.75,-85.65],[-94.75,-85.55],[-97.97,-85.0],[-97.17,-84.75],[-99.25,-84.64],[-103.23,-85.25],[-101.36,-85.5],[-103.69,-86.0],[-103.86,-86.25],[-87.25,-86.36],[-85.19,-86.25],[-84.0,-85.72],[-79.25,-85.47],[-72.37,-86.5],[-72.43,-86.75],[-73.75,-86.86],[-85.0,-87.26],[-104.25,-87.11],[-131.0,-87.85],[-156.0,-87.48],[-180.0,-87.62]]}},{"type":"Feature","properties":{"level":1012},"geometry":{"type":"LineString","coordinates":[[-52.71,-84.0],[-50.75,-84.07],[-46.96,-83.5],[-49.52,-83.5],[-52.1,-83.75],[-52.71,-84.0]]}},{"type":"Feature","properties":{"level":1012},"geometry":{"type":"LineString","coordinates":[[87.0,-81.26],[86.63,-81.0],[92.0,-80.93],[93.25,-80.72],[94.71,-81.0],[93.75,-80.85],[91.5,-81.23],[87.0,-81.26]]}},{"type":"Feature","properties":{"level":1012},"geometry":{"type":"LineString","coordinates":[[-26.29,-81.0],[-23.25,-81.19],[-21.99,-81.0],[-26.29,-81.0]]}},{"type":"Feature","properties":{"level":1012},"geometry":{"type":"LineString","coordinates":[[-17.1,-80.5],[-16.5,-80.69],[-15.95,-80.5],[-17.1,-80.5]]}},{"type":"Feature","properties":{"level":1012},"geometry":{"type":"LineString","coordinates":[[141.7,-79.75],[142.5,-79.87],[144.5,-79.48],[146.57,-78.5],[146.49,-78.0],[146.91,-77.75],[146.25,-77.07],[145.5,-76.95],[142.48,-77.75],[141.07,-79.25],[141.7,-79.75]]}},{"type":"Feature","properties":{"level":1012},"geometry":{"type":"LineString","coordinates":[[124.31,-79.25],[124.67,-79.25],[125.15,-78.25],[127.11,-77.5],[127.5,-76.97],[128.75,-76.45],[132.0,-75.61],[135.32,-75.5],[134.11,-75.0],[134.4,-73.25],[134.18,-73.0],[133.25,-72.9],[129.75,-73.45],[120.0,-73.77],[107.25,-73.11],[104.85,-73.25],[105.27,-73.75],[107.25,-74.6],[114.5,-76.11],[119.25,-78.59],[123.0,-78.69],[124.31,-79.25]]}},{"type":"Feature","properties":{"level":1012},"geometry":{"type":"LineString","coordinates":[[131.25,-74.79],[132.25,-74.49],[132.91,-74.75],[131.25,-74.79]]}},{"type":"Feature","properties":{"level":1012},"geometry":{"type":"LineString","coordinates":[[138.99,-73.0],[140.36,-72.75],[139.97,-72.25],[140.14,-72.0],[139.5,-71.75],[138.62,-72.0],[138.35,-72.25],[139.01,-72.5],[138.7,-72.75],[138.99,-73.0]]}},{"type":"Feature","properties":{"level":1012},"geometry":{"type":"LineString","coordinates":[[-180.0,-43.86],[-176.98,-46.5],[-174.5,-48.2],[-171.45,-49.75],[-168.0,-50.95],[-164.0,-51.63],[-158.5,-52.0],[-152.5,-51.52],[-146.25,-50.04],[-140.56,-47.5],[-137.36,-45.0],[-132.75,-40.5],[-129.25,-38.59],[-122.5,-36.78],[-113.25,-36.18],[-110.25,-35.64],[-105.75,-35.47],[-102.25,-34.77],[-102.19,-34.0],[-101.75,-33.98],[-100.25,-35.37],[-98.93,-36.0],[-99.0,-36.25],[-97.75,-37.5],[-91.25,-43.08],[-84.75,-49.61],[-80.5,-53.0],[-78.0,-54.49],[-77.0,-54.95],[-76.0,-55.06],[-72.75,-54.48],[-70.75,-56.14],[-69.5,-56.32],[-67.75,-56.09],[-65.25,-55.33],[-64.56,-55.75],[-64.36,-57.25],[-65.03,-58.5],[-66.13,-59.5],[-69.08,-61.5],[-69.92,-62.75],[-69.83,-63.5],[-68.93,-65.0],[-68.68,-66.0],[-68.97,-66.75],[-66.98,-68.0],[-67.19,-69.0],[-67.56,-69.5],[-65.75,-70.02],[-65.27,-69.5],[-66.09,-69.0],[-66.25,-68.5],[-66.06,-68.25],[-66.37,-68.0],[-66.0,-67.75],[-65.88,-67.25],[-63.0,-65.83],[-61.9,-65.0],[-58.75,-63.97],[-57.75,-64.14],[-57.0,-63.98],[-56.39,-64.25],[-56.22,-64.75],[-57.04,-65.75],[-57.22,-66.5],[-56.88,-67.25],[-56.25,-67.68],[-52.25,-68.83],[-49.75,-69.14],[-47.0,-69.12],[-44.25,-68.55],[-38.75,-66.2],[-34.59,-64.75],[-32.5,-63.76],[-31.2,-62.75],[-30.44,-61.0],[-30.98,-58.5],[-35.15,-54.75],[-37.0,-54.05],[-37.5,-54.09],[-37.83,-53.75],[-37.13,-51.5],[-35.51,-49.25],[-34.4,-47.25],[-32.75,-45.64],[-28.95,-43.25],[-26.8,-41.5],[-26.27,-40.75],[-25.82,-39.5],[-26.93,-37.5],[-28.25,-36.67],[-30.75,-36.31],[-31.75,-35.94],[-32.89,-35.0],[-32.25,-33.79],[-30.82,-33.5],[-30.75,-33.2],[-30.16,-33.0],[-29.4,-32.25],[-28.96,-32.25],[-28.5,-31.6],[-28.25,-31.87],[-28.07,-31.75],[-28.82,-31.0],[-28.81,-30.75],[-29.44,-30.5],[-29.0,-30.39],[-27.75,-30.62],[-27.5,-31.33],[-27.25,-30.61],[-21.5,-30.32],[-16.75,-30.49],[-11.25,-31.24],[-6.0,-32.83],[-4.81,-33.5],[-3.5,-34.77],[-2.93,-34.75],[-2.31,-35.75],[-2.0,-35.54],[-1.5,-35.65],[-0.25,-36.53],[0.5,-36.35],[1.5,-36.72],[2.25,-36.68],[2.5,-36.93],[3.75,-37.23],[4.25,-37.12],[6.5,-37.96],[8.0,-38.09],[13.75,-39.6],[16.5,-40.04],[23.23,-41.75],[25.75,-42.75],[29.25,-43.76],[33.75,-43.81],[37.0,-43.05],[38.5,-42.18],[38.83,-42.5],[39.75,-42.55],[40.0,-42.37],[41.0,-42.6],[43.0,-41.99],[53.5,-43.49],[64.5,-43.39],[66.5,-42.91],[72.59,-40.5],[77.0,-39.57],[84.25,-39.25],[86.25,-38.64],[87.73,-37.0],[89.19,-32.0],[91.21,-29.75],[92.1,-26.5],[92.5,-25.93],[93.0,-25.8],[94.5,-26.43],[95.0,-26.31],[95.59,-27.0],[96.0,-28.0],[96.55,-28.25],[97.18,-29.25],[97.25,-30.75],[97.87,-31.0],[97.75,-31.28],[98.0,-31.34],[98.25,-31.04],[98.51,-31.25],[98.37,-32.5],[99.75,-35.03],[101.39,-39.25],[103.72,-42.75],[105.33,-44.5],[107.0,-45.66],[114.0,-49.04],[120.03,-51.0],[126.0,-52.07],[135.0,-52.61],[140.75,-53.82],[143.0,-53.78],[145.5,-53.19],[146.75,-52.28],[147.47,-51.25],[148.5,-50.39],[148.76,-49.75],[148.65,-49.0],[147.21,-44.5],[147.44,-43.75],[149.25,-42.03],[152.5,-40.79],[153.25,-40.87],[153.74,-40.0],[154.0,-39.92],[159.25,-39.35],[160.15,-39.0],[159.95,-38.75],[160.53,-38.0],[159.45,-35.0],[159.5,-34.72],[160.0,-34.55],[162.5,-35.53],[163.0,-36.03],[163.5,-36.04],[165.5,-37.91],[168.68,-39.5],[170.5,-40.86],[171.5,-42.11],[172.38,-41.5],[172.28,-41.0],[172.75,-40.44],[173.82,-40.5],[175.0,-41.06],[176.25,-40.56],[178.58,-42.0],[180.0,-43.86]]}},{"type":"Feature","properties":{"level":1012},"geometry":{"type":"LineString","coordinates":[[171.09,-42.75],[171.41,-42.75],[171.25,-42.59],[171.09,-42.75]]}},{"type":"Feature","properties":{"level":1012},"geometry":{"type":"LineString","coordinates":[[176.5,-40.19],[176.5,-39.88],[176.5,-40.19]]}},{"type":"Feature","properties":{"level":1012},"geometry":{"type":"LineString","coordinates":[[176.75,-39.79],[177.0,-39.48],[177.28,-39.75],[176.75,-39.79]]}},{"type":"Feature","properties":{"level":1012},"geometry":{"type":"LineString","coordinates":[[-75.0,-35.0],[-76.69,-33.75],[-76.72,-33.0],[-76.25,-32.37],[-75.0,-32.27],[-74.05,-33.0],[-74.01,-33.75],[-74.29,-34.5],[-75.0,-35.0]]}},{"type":"Feature","properties":{"level":1012},"geometry":{"type":"LineString","coordinates":[[-68.5,-35.2],[-68.58,-34.5],[-68.2,-34.0],[-69.25,-33.09],[-69.78,-32.0],[-69.75,-31.21],[-69.25,-29.62],[-69.0,-29.59],[-68.66,-29.0],[-68.72,-28.5],[-68.03,-28.0],[-67.98,-27.0],[-67.38,-26.75],[-67.75,-26.27],[-68.0,-26.31],[-67.92,-25.75],[-67.75,-25.61],[-67.26,-26.0],[-67.0,-26.56],[-66.51,-26.25],[-66.66,-25.5],[-66.25,-24.75],[-66.0,-24.4],[-65.5,-24.44],[-65.65,-23.75],[-66.0,-23.66],[-66.26,-23.25],[-65.86,-21.5],[-65.75,-21.25],[-65.5,-21.41],[-65.47,-21.0],[-65.75,-20.98],[-65.8,-20.75],[-65.45,-19.5],[-65.62,-18.75],[-66.37,-17.5],[-65.5,-17.69],[-65.07,-17.5],[-66.25,-16.62],[-67.75,-16.19],[-68.6,-15.25],[-69.0,-14.33],[-70.0,-13.65],[-71.5,-13.07],[-72.0,-12.25],[-72.25,-12.2],[-72.5,-12.55],[-73.25,-12.81],[-73.28,-12.25],[-73.75,-11.47],[-73.65,-12.0],[-74.0,-12.46],[-74.54,-11.5],[-75.27,-11.0],[-75.75,-9.45],[-76.25,-9.21],[-77.22,-7.25],[-77.08,-6.25],[-77.58,-5.5],[-78.25,-5.4],[-78.5,-6.08],[-79.03,-6.0],[-79.01,-5.0],[-78.69,-5.0],[-78.67,-4.0],[-78.25,-3.3],[-78.0,-1.31],[-77.46,-0.5],[-77.52,0.25],[-74.61,2.75],[-74.51,3.25],[-74.0,3.55],[-73.25,4.84],[-72.48,5.5],[-71.82,6.5],[-72.12,7.0],[-72.0,7.65],[-71.0,8.09],[-69.68,9.5],[-69.8,9.75],[-70.25,9.76],[-71.0,9.16],[-71.5,8.49],[-72.09,8.25],[-72.29,7.75],[-72.63,7.75],[-73.25,8.4],[-73.25,7.07],[-74.38,5.5],[-74.54,4.25],[-75.5,2.48],[-75.5,3.7],[-74.93,4.75],[-74.84,6.75],[-75.75,7.43],[-76.36,7.25],[-76.51,6.75],[-76.35,5.5],[-76.6,4.5],[-77.8,1.75],[-78.99,0.5],[-79.37,-1.5],[-79.24,-2.25],[-79.7,-2.75],[-80.0,-3.72],[-82.25,-5.18],[-82.78,-5.0],[-82.95,-4.5],[-82.56,-4.25],[-82.88,-3.75],[-86.75,-2.74],[-87.75,-2.86],[-88.5,-2.0],[-90.25,-1.0],[-90.75,-1.01],[-91.25,0.07],[-91.75,-0.27],[-93.5,-0.3],[-93.81,0.0],[-93.6,0.25],[-94.0,0.51],[-94.5,0.35],[-95.75,0.67],[-95.86,0.5],[-95.5,0.17],[-97.5,0.62],[-97.75,0.23],[-98.0,0.42],[-98.5,0.12],[-99.5,0.66],[-99.75,0.24],[-100.27,0.75],[-99.69,1.25],[-100.08,1.75],[-100.09,3.0],[-100.78,3.25],[-100.41,3.5],[-100.35,4.25],[-100.65,4.25],[-100.75,3.71],[-101.0,4.06],[-101.25,3.76],[-101.6,3.75],[-101.7,4.0],[-101.21,4.25],[-102.32,4.75],[-101.54,5.25],[-101.75,5.85],[-103.25,6.58],[-103.13,6.25],[-103.5,6.04],[-103.75,6.93],[-104.34,7.0],[-104.0,7.43],[-103.5,7.24],[-102.64,7.75],[-103.75,7.55],[-103.92,7.75],[-103.55,8.25],[-103.34,9.75],[-103.54,10.25],[-103.34,10.5],[-103.55,11.75],[-103.25,12.23],[-102.75,12.11],[-102.36,12.5],[-102.36,13.5],[-102.75,13.98],[-103.25,13.72],[-103.75,14.04],[-103.85,14.5],[-103.42,15.25],[-103.75,15.69],[-104.11,15.75],[-104.25,16.26],[-105.5,16.34],[-106.81,17.5],[-107.56,19.0],[-107.07,21.25],[-107.58,22.5],[-108.25,23.05],[-108.75,23.91],[-108.75,24.72],[-107.75,24.59],[-105.94,23.0],[-105.49,22.25],[-105.66,20.25],[-105.0,19.36],[-103.75,18.58],[-102.75,17.47],[-101.5,17.5],[-101.05,17.0],[-101.17,16.75],[-101.0,16.59],[-100.5,16.89],[-99.44,16.75],[-96.5,15.73],[-95.75,15.89],[-95.0,16.55],[-94.5,16.53],[-91.75,14.53],[-89.5,13.65],[-88.5,13.93],[-88.25,13.72],[-87.5,13.75],[-85.75,12.62],[-84.68,14.0],[-85.2,14.75],[-84.9,15.5],[-85.25,15.81],[-87.25,15.77],[-88.4,16.0],[-88.16,17.5],[-87.75,18.14],[-82.64,21.0],[-82.0,20.69],[-81.0,20.9],[-80.5,20.63],[-79.5,21.06],[-77.75,20.74],[-76.75,20.89],[-76.36,20.5],[-77.46,20.0],[-76.75,19.81],[-74.2,20.25],[-74.75,20.69],[-75.75,20.71],[-75.88,21.0],[-76.75,21.15],[-76.89,21.5],[-76.5,21.68],[-75.5,21.43],[-74.75,21.66],[-73.75,21.35],[-73.25,21.46],[-73.0,21.21],[-71.5,20.96],[-70.45,20.5],[-70.04,20.0],[-70.17,19.75],[-71.0,19.89],[-71.75,19.52],[-72.75,19.9],[-73.33,19.75],[-72.78,19.5],[-72.46,18.75],[-73.14,18.25],[-71.25,17.89],[-71.0,18.36],[-70.25,18.32],[-69.75,18.79],[-68.75,18.65],[-69.0,19.27],[-67.75,19.28],[-66.25,19.84],[-65.46,19.5],[-64.25,17.92],[-63.25,18.33],[-61.5,17.82],[-60.67,18.25],[-60.62,18.5],[-59.25,18.5],[-58.5,18.96],[-55.0,18.51],[-54.75,18.91],[-53.75,18.81],[-52.5,19.24],[-47.25,18.65],[-44.25,19.13],[-41.5,19.1],[-39.5,18.8],[-38.5,18.38],[-37.75,18.25],[-37.22,18.5],[-36.5,18.21],[-35.0,18.75],[-33.75,18.84],[-33.0,18.63],[-30.75,18.83],[-29.25,19.28],[-28.5,19.78],[-26.25,20.01],[-25.25,19.95],[-23.5,18.99],[-23.08,18.5],[-22.61,17.25],[-22.75,16.0],[-22.44,15.25],[-22.53,14.75],[-23.03,13.75],[-24.66,11.75],[-24.82,11.25],[-24.42,11.25],[-24.5,10.5],[-25.32,9.5],[-24.75,8.99],[-24.25,9.23],[-23.62,9.0],[-23.94,8.5],[-23.75,8.1],[-22.75,8.22],[-22.0,7.31],[-21.5,7.42],[-20.75,8.23],[-20.0,8.0],[-19.5,8.36],[-19.3,8.0],[-19.42,7.75],[-19.02,7.25],[-19.33,7.0],[-19.3,6.75],[-19.5,6.55],[-20.25,6.69],[-21.52,6.0],[-21.63,5.0],[-21.14,4.0],[-20.75,3.71],[-19.65,4.0],[-19.63,3.25],[-20.05,3.0],[-20.14,1.25],[-21.25,1.38],[-22.25,0.97],[-22.47,0.75],[-22.45,0.0],[-22.99,-0.75],[-24.25,-1.12],[-25.25,-1.74],[-26.01,-3.25],[-27.07,-4.0],[-27.75,-4.89],[-28.25,-4.73],[-28.75,-5.06],[-29.0,-4.68],[-30.25,-4.76],[-30.5,-4.88],[-30.75,-6.27],[-31.0,-6.45],[-31.5,-6.12],[-32.0,-6.63],[-32.75,-6.88],[-33.25,-6.68],[-33.31,-7.25],[-34.5,-8.0],[-35.39,-6.5],[-36.0,-6.23],[-36.5,-6.4],[-37.03,-7.0],[-38.55,-7.75],[-37.82,-8.25],[-38.25,-9.15],[-38.61,-9.25],[-38.75,-10.09],[-39.5,-9.58],[-40.5,-10.16],[-41.0,-9.99],[-41.5,-10.42],[-41.5,-11.06],[-42.5,-11.23],[-42.14,-13.25],[-41.37,-14.0],[-41.75,-14.57],[-42.5,-14.57],[-42.68,-15.25],[-42.62,-15.75],[-42.25,-15.96],[-41.93,-16.75],[-42.25,-17.09],[-42.75,-16.86],[-43.25,-16.99],[-43.13,-17.5],[-43.75,-17.74],[-43.61,-19.5],[-44.23,-20.75],[-43.67,-21.25],[-44.25,-21.63],[-45.25,-21.77],[-45.64,-22.5],[-45.0,-22.52],[-44.75,-22.84],[-44.5,-22.81],[-44.31,-22.75],[-44.58,-22.5],[-43.0,-21.89],[-43.39,-22.25],[-42.5,-22.35],[-42.25,-22.25],[-42.94,-21.75],[-42.71,-21.0],[-40.25,-20.4],[-40.0,-20.55],[-39.22,-21.75],[-38.93,-24.25],[-39.78,-25.0],[-39.75,-25.75],[-40.1,-26.75],[-41.0,-26.88],[-42.0,-28.36],[-43.0,-28.05],[-43.25,-28.22],[-43.25,-28.46],[-42.8,-28.75],[-43.75,-29.47],[-44.5,-29.75],[-45.75,-29.8],[-46.5,-30.22],[-48.01,-30.25],[-48.8,-30.75],[-49.0,-31.33],[-49.27,-30.75],[-49.75,-30.57],[-51.0,-30.92],[-51.25,-30.7],[-53.25,-30.87],[-54.0,-30.69],[-54.53,-30.0],[-56.0,-29.16],[-59.5,-29.65],[-61.0,-29.53],[-63.0,-29.91],[-63.75,-29.71],[-64.89,-31.25],[-65.05,-33.5],[-66.25,-34.25],[-66.5,-34.66],[-67.0,-34.5],[-68.25,-34.83],[-68.5,-35.2]]}},{"type":"Feature","properties":{"level":1012},"geometry":{"type":"LineString","coordinates":[[-29.75,-30.63],[-29.75,-30.24],[-29.51,-30.5],[-29.75,-30.63]]}},{"type":"Feature","properties":{"level":1012},"geometry":{"type":"LineString","coordinates":[[-46.54,-25.75],[-45.94,-25.5],[-46.0,-24.75],[-46.42,-24.25],[-46.15,-23.75],[-47.25,-23.04],[-48.25,-23.23],[-48.5,-24.18],[-49.18,-24.25],[-49.0,-24.75],[-48.75,-24.89],[-48.5,-24.51],[-48.0,-24.68],[-47.25,-25.24],[-47.0,-25.09],[-46.54,-25.75]]}},{"type":"Feature","properties":{"level":1012},"geometry":{"type":"LineString","coordinates":[[128.38,-23.25],[128.75,-23.45],[128.93,-23.25],[128.5,-22.81],[128.38,-23.25]]}},{"type":"Feature","properties":{"level":1012},"geometry":{"type":"LineString","coordinates":[[147.5,-23.26],[147.5,-22.9],[147.5,-23.26]]}},{"type":"Feature","properties":{"level":1012},"geometry":{"type":"LineString","coordinates":[[120.18,-22.75],[120.65,-22.75],[120.25,-22.54],[120.18,-22.75]]}},{"type":"Feature","properties":{"level":1012},"geometry":{"type":"LineString","coordinates":[[132.69,-22.75],[133.0,-22.9],[133.2,-22.5],[132.0,-22.03],[131.88,-22.25],[132.08,-22.5],[132.69,-22.75]]}},{"type":"Feature","properties":{"level":1012},"geometry":{"type":"LineString","coordinates":[[148.75,-22.55],[148.25,-22.0],[148.5,-21.68],[148.82,-22.0],[148.75,-22.55]]}},{"type":"Feature","properties":{"level":1012},"geometry":{"type":"LineString","coordinates":[[132.39,-21.5],[132.5,-21.7],[132.5,-21.28],[132.39,-21.5]]}},{"type":"Feature","properties":{"level":1012},"geometry":{"type":"LineString","coordinates":[[120.93,-21.0],[121.38,-21.0],[120.93,-21.0]]}},{"type":"Feature","properties":{"level":1012},"geometry":{"type":"LineString","coordinates":[[144.89,-20.25],[145.25,-20.45],[145.54,-20.25],[145.25,-19.77],[144.25,-19.34],[144.19,-20.0],[144.89,-20.25]]}},{"type":"Feature","properties":{"level":1012},"geometry":{"type":"LineString","coordinates":[[-42.5,-20.05],[-42.5,-19.46],[-42.5,-20.05]]}},{"type":"Feature","properties":{"level":1012},"geometry":{"type":"LineString","coordinates":[[137.18,-19.5],[137.38,-19.5],[137.18,-19.5]]}},{"type":"Feature","properties":{"level":1012},"geometry":{"type":"LineString","coordinates":[[139.46,-17.75],[140.0,-17.99],[140.48,-17.5],[139.75,-14.05],[138.75,-12.88],[137.5,-12.72],[136.63,-13.5],[136.81,-14.25],[136.08,-15.25],[136.72,-16.0],[138.25,-17.01],[139.0,-17.15],[139.46,-17.75]]}},{"type":"Feature","properties":{"level":1012},"geometry":{"type":"LineString","coordinates":[[180.0,-13.53],[177.75,-13.97],[171.5,-14.06],[167.75,-13.32],[166.75,-13.42],[162.5,-12.18],[161.75,-12.21],[160.75,-12.73],[158.75,-12.77],[155.5,-12.36],[153.75,-11.69],[153.0,-11.81],[151.75,-11.56],[148.75,-12.44],[147.75,-12.51],[142.75,-11.43],[143.08,-12.5],[143.06,-14.25],[143.5,-14.58],[144.0,-14.43],[144.5,-14.81],[144.52,-15.75],[144.81,-16.5],[144.68,-16.75],[145.08,-17.5],[144.75,-18.33],[145.17,-18.5],[145.85,-20.0],[147.75,-21.32],[147.75,-20.74],[148.29,-21.25],[148.25,-22.0],[147.25,-22.35],[146.75,-23.21],[146.44,-23.0],[146.61,-22.75],[146.5,-22.34],[145.25,-22.75],[144.5,-22.65],[144.25,-22.3],[143.0,-22.48],[140.5,-22.1],[140.0,-22.22],[139.5,-21.97],[139.24,-22.0],[138.8,-22.75],[135.75,-23.22],[135.7,-22.5],[134.08,-21.75],[134.75,-21.64],[135.02,-21.25],[135.0,-21.07],[134.5,-21.01],[133.66,-21.5],[134.01,-22.0],[133.75,-22.25],[134.13,-22.5],[133.8,-23.25],[134.43,-23.75],[134.0,-23.82],[133.0,-24.66],[132.0,-24.72],[132.0,-24.36],[132.25,-24.7],[132.5,-24.15],[133.0,-23.97],[133.0,-23.39],[131.75,-23.25],[131.25,-23.89],[131.0,-23.48],[130.25,-23.15],[128.87,-24.0],[128.76,-25.25],[129.06,-25.75],[128.75,-26.08],[127.75,-26.14],[126.75,-25.54],[122.0,-24.59],[121.25,-24.18],[120.0,-24.54],[120.45,-23.5],[119.06,-23.0],[119.16,-22.5],[119.75,-22.34],[120.21,-22.5],[120.65,-22.0],[120.31,-20.5],[121.5,-20.08],[122.08,-19.5],[122.86,-18.25],[122.52,-17.25],[122.67,-17.0],[123.0,-16.84],[123.25,-17.09],[123.83,-17.0],[123.8,-16.5],[124.29,-16.25],[124.52,-15.5],[125.25,-14.84],[125.91,-13.5],[128.0,-12.67],[128.22,-11.75],[129.12,-10.25],[130.08,-10.0],[127.5,-8.98],[125.0,-9.91],[124.75,-9.69],[124.45,-10.0],[124.65,-10.25],[124.43,-10.75],[123.75,-11.28],[122.45,-10.75],[121.93,-9.75],[122.0,-9.0],[122.54,-8.75],[122.0,-8.52],[121.75,-8.84],[121.25,-8.93],[120.5,-8.21],[120.19,-8.25],[120.36,-8.5],[120.09,-8.75],[120.16,-9.0],[120.79,-9.25],[120.68,-9.75],[120.25,-10.02],[119.53,-9.5],[119.5,-8.92],[119.16,-8.75],[118.25,-8.69],[117.25,-9.19],[117.0,-8.97],[116.5,-9.23],[115.25,-8.0],[114.0,-7.98],[113.75,-8.61],[113.5,-8.61],[113.31,-8.25],[113.68,-8.0],[113.5,-7.79],[113.25,-8.08],[113.0,-7.8],[112.75,-8.13],[112.5,-7.67],[112.25,-8.14],[111.75,-7.81],[111.25,-8.21],[110.5,-8.11],[109.7,-7.75],[110.1,-7.25],[109.75,-7.03],[107.25,-7.93],[105.75,-7.45],[104.56,-6.5],[101.0,-5.78],[97.75,-3.2],[97.64,-2.5],[97.04,-2.25],[97.75,-2.1],[97.71,-1.75],[97.25,-1.51],[96.75,-1.81],[96.23,-1.25],[96.5,-1.03],[97.25,-1.14],[97.25,-0.89],[96.25,-0.42],[96.25,-0.85],[95.46,-0.75],[94.5,0.15],[94.25,-0.11],[93.75,0.45],[93.25,0.21],[92.5,0.56],[92.74,3.0],[93.36,3.5],[93.28,4.0],[93.55,4.5],[93.0,5.92],[91.75,6.1],[91.5,5.15],[90.0,5.79],[90.0,4.99],[88.82,4.75],[89.06,4.5],[88.75,4.12],[87.5,4.17],[86.5,3.59],[85.75,3.5],[85.25,3.8],[84.5,3.31],[84.25,3.75],[83.75,3.45],[83.13,3.75],[83.12,4.25],[82.5,5.15],[82.25,5.31],[81.75,5.11],[81.67,5.25],[82.17,5.5],[82.05,6.0],[81.5,5.91],[81.25,5.16],[80.5,5.68],[79.83,6.75],[79.83,8.0],[80.0,8.92],[80.5,8.66],[81.05,9.25],[80.73,9.75],[81.01,10.5],[80.75,10.73],[80.81,11.0],[83.22,14.0],[85.5,15.78],[86.5,16.26],[88.5,16.82],[89.5,16.36],[89.47,16.75],[89.75,17.04],[90.44,16.25],[91.5,15.92],[91.75,15.45],[92.75,15.59],[93.25,14.76],[93.54,14.75],[93.75,15.07],[94.21,14.0],[96.0,13.44],[96.25,13.64],[96.5,13.51],[96.75,14.04],[97.37,14.0],[97.17,15.25],[97.36,16.5],[97.15,17.25],[98.0,17.63],[98.12,17.0],[98.54,16.75],[98.33,16.25],[98.63,15.75],[98.52,14.75],[98.26,14.5],[99.5,11.77],[99.92,13.25],[99.59,14.0],[100.0,14.54],[100.5,15.01],[101.0,15.06],[101.25,14.32],[102.71,14.25],[102.65,14.75],[103.26,15.25],[103.21,15.5],[104.5,16.12],[104.75,17.14],[105.0,17.17],[106.75,15.88],[106.83,15.25],[107.29,15.0],[107.36,14.75],[106.66,14.25],[107.5,14.3],[107.75,13.84],[108.41,13.5],[108.08,13.25],[108.0,12.46],[107.5,12.7],[107.15,12.5],[107.61,11.25],[108.0,11.04],[108.75,11.33],[109.0,11.74],[109.25,11.57],[110.0,12.07],[110.77,12.0],[112.0,12.5],[113.25,12.3],[114.18,13.25],[115.5,13.53],[115.75,13.91],[116.25,13.6],[116.96,14.25],[117.79,16.75],[118.75,17.18],[119.75,17.22],[120.5,18.55],[120.75,18.5],[120.73,18.25],[120.34,17.75],[120.5,17.59],[120.8,17.75],[120.37,17.25],[120.3,16.5],[121.25,15.75],[121.14,14.75],[121.43,14.5],[121.44,14.0],[121.84,14.0],[122.25,15.23],[123.41,16.25],[126.25,17.85],[126.75,17.96],[127.0,17.71],[127.02,18.0],[127.75,18.67],[129.01,19.0],[129.49,19.5],[129.82,19.5],[130.75,20.15],[131.73,21.0],[133.0,22.92],[134.25,23.62],[136.25,25.39],[137.68,26.25],[137.3,28.0],[137.58,29.75],[138.25,31.43],[139.75,33.46],[142.5,34.85],[144.0,36.54],[147.25,38.59],[149.25,39.26],[151.0,39.56],[152.95,39.5],[154.0,39.12],[155.25,38.15],[156.82,35.5],[156.49,34.0],[155.54,32.75],[154.0,31.66],[151.25,30.68],[149.5,29.76],[148.08,28.25],[147.71,27.25],[147.65,24.75],[151.25,21.54],[153.14,19.5],[154.0,19.21],[155.75,19.36],[170.75,18.55],[175.75,17.68],[178.25,17.01],[180.0,16.97]]}},{"type":"Feature","properties":{"level":1012},"geometry":{"type":"LineString","coordinates":[[129.96,-11.0],[130.26,-11.0],[129.96,-11.0]]}},{"type":"Feature","properties":{"level":1012},"geometry":{"type":"LineString","coordinates":[[133.14,-11.0],[133.75,-11.23],[134.4,-11.0],[134.42,-10.75],[133.75,-10.5],[132.56,-10.5],[133.14,-11.0]]}},{"type":"Feature","properties":{"level":1012},"geometry":{"type":"LineString","coordinates":[[161.92,-10.75],[162.08,-10.75],[161.92,-10.75]]}},{"type":"Feature","properties":{"level":1012},"geometry":{"type":"LineString","coordinates":[[121.75,-10.56],[121.75,-10.36],[121.75,-10.56]]}},{"type":"Feature","properties":{"level":1012},"geometry":{"type":"LineString","coordinates":[[147.88,-9.5],[148.2,-9.5],[148.22,-9.25],[147.75,-8.82],[147.0,-7.11],[146.45,-7.5],[147.14,-8.75],[147.88,-9.5]]}},{"type":"Feature","properties":{"level":1012},"geometry":{"type":"LineString","coordinates":[[126.45,-8.75],[126.62,-8.75],[126.5,-8.47],[126.45,-8.75]]}},{"type":"Feature","properties":{"level":1012},"geometry":{"type":"LineString","coordinates":[[126.88,-8.5],[127.0,-8.68],[127.37,-8.5],[126.88,-8.5]]}},{"type":"Feature","properties":{"level":1012},"geometry":{"type":"LineString","coordinates":[[118.31,-8.25],[118.55,-8.25],[118.31,-8.25]]}},{"type":"Feature","properties":{"level":1012},"geometry":{"type":"LineString","coordinates":[[126.38,-7.75],[126.59,-7.75],[126.38,-7.75]]}},{"type":"Feature","properties":{"level":1012},"geometry":{"type":"LineString","coordinates":[[109.25,-7.54],[109.5,-7.28],[109.72,-7.5],[109.25,-7.54]]}},{"type":"Feature","properties":{"level":1012},"geometry":{"type":"LineString","coordinates":[[145.7,-7.25],[146.0,-7.42],[146.28,-7.25],[145.75,-6.29],[145.0,-6.28],[145.48,-6.0],[145.25,-5.73],[144.5,-5.71],[143.25,-4.91],[141.25,-4.82],[138.75,-3.42],[137.25,-3.5],[136.5,-3.13],[135.32,-4.0],[135.75,-4.38],[136.5,-4.17],[139.5,-4.61],[140.5,-5.08],[140.75,-4.95],[141.25,-5.28],[142.0,-5.38],[142.75,-6.14],[144.0,-6.77],[144.57,-6.25],[145.7,-7.25]]}},{"type":"Feature","properties":{"level":1012},"geometry":{"type":"LineString","coordinates":[[123.42,-6.5],[124.5,-6.22],[125.07,-5.75],[125.11,-5.0],[124.25,-3.75],[123.5,-3.89],[123.1,-5.0],[123.05,-6.0],[123.42,-6.5]]}},{"type":"Feature","properties":{"level":1012},"geometry":{"type":"LineString","coordinates":[[147.01,-6.5],[147.5,-6.59],[147.61,-6.25],[146.5,-5.71],[145.98,-5.75],[147.01,-6.5]]}},{"type":"Feature","properties":{"level":1012},"geometry":{"type":"LineString","coordinates":[[103.46,-4.5],[103.75,-4.44],[103.75,-4.19],[102.76,-4.0],[103.46,-4.5]]}},{"type":"Feature","properties":{"level":1012},"geometry":{"type":"LineString","coordinates":[[102.5,-3.5],[102.83,-3.5],[101.49,-1.25],[101.5,-0.75],[101.01,0.25],[99.66,1.5],[99.74,2.0],[99.46,2.75],[99.75,3.2],[100.25,3.17],[100.75,3.59],[100.62,4.25],[101.0,4.49],[101.91,2.75],[102.24,2.75],[102.07,3.5],[102.26,3.75],[101.72,4.25],[101.87,5.5],[101.5,6.07],[101.0,6.15],[100.88,6.0],[101.34,5.5],[101.25,5.33],[101.0,5.7],[100.75,5.69],[100.57,5.25],[100.86,5.0],[100.5,4.86],[99.5,6.69],[97.5,7.38],[96.5,6.88],[96.33,6.75],[96.52,5.5],[95.17,5.25],[96.25,4.54],[97.25,3.13],[98.0,2.96],[98.25,2.36],[99.27,1.25],[99.17,0.75],[100.03,0.0],[100.59,-1.5],[102.5,-3.5]]}},{"type":"Feature","properties":{"level":1012},"geometry":{"type":"LineString","coordinates":[[96.25,-3.01],[95.96,-2.75],[96.21,-2.5],[96.15,-2.25],[95.73,-2.0],[96.0,-1.82],[96.42,-2.0],[96.58,-2.5],[96.25,-3.01]]}},{"type":"Feature","properties":{"level":1012},"geometry":{"type":"LineString","coordinates":[[122.23,-3.0],[122.42,-3.0],[122.23,-3.0]]}},{"type":"Feature","properties":{"level":1012},"geometry":{"type":"LineString","coordinates":[[122.85,-3.0],[123.06,-3.0],[123.0,-2.69],[122.85,-3.0]]}},{"type":"Feature","properties":{"level":1012},"geometry":{"type":"LineString","coordinates":[[121.97,-2.75],[122.15,-2.75],[122.0,-2.52],[121.97,-2.75]]}},{"type":"Feature","properties":{"level":1012},"geometry":{"type":"LineString","coordinates":[[122.51,-2.25],[122.75,-2.49],[122.75,-2.0],[122.5,-1.97],[122.51,-2.25]]}},{"type":"Feature","properties":{"level":1012},"geometry":{"type":"LineString","coordinates":[[124.42,-2.0],[124.75,-2.08],[124.89,-1.75],[124.75,-1.63],[124.42,-2.0]]}},{"type":"Feature","properties":{"level":1012},"geometry":{"type":"LineString","coordinates":[[122.85,-1.5],[123.0,-1.68],[123.16,-1.5],[122.85,-1.5]]}},{"type":"Feature","properties":{"level":1012},"geometry":{"type":"LineString","coordinates":[[133.58,-1.5],[134.0,-1.56],[134.14,-1.25],[133.0,-0.49],[132.36,-0.5],[132.91,-1.25],[133.58,-1.5]]}},{"type":"Feature","properties":{"level":1012},"geometry":{"type":"LineString","coordinates":[[122.19,-1.25],[122.25,-1.39],[122.75,-1.14],[122.75,-0.79],[121.71,-1.0],[122.19,-1.25]]}},{"type":"Feature","properties":{"level":1012},"geometry":{"type":"LineString","coordinates":[[94.0,-0.28],[93.78,-0.25],[94.0,-0.28]]}},{"type":"Feature","properties":{"level":1012},"geometry":{"type":"LineString","coordinates":[[-99.53,1.0],[-99.25,0.82],[-98.97,1.0],[-99.25,1.3],[-99.53,1.0]]}},{"type":"Feature","properties":{"level":1012},"geometry":{"type":"LineString","coordinates":[[-101.5,2.55],[-101.62,3.0],[-101.25,3.42],[-101.02,3.25],[-101.39,3.0],[-101.06,2.75],[-101.5,2.55]]}},{"type":"Feature","properties":{"level":1012},"geometry":{"type":"LineString","coordinates":[[-99.94,3.5],[-99.68,3.5],[-99.94,3.5]]}},{"type":"Feature","properties":{"level":1012},"geometry":{"type":"LineString","coordinates":[[115.24,3.5],[116.0,3.47],[115.56,4.0],[116.0,3.98],[116.12,4.75],[115.5,4.72],[115.24,3.5]]}},{"type":"Feature","properties":{"level":1012},"geometry":{"type":"LineString","coordinates":[[92.0,4.4],[91.8,4.5],[92.0,4.64],[92.0,4.4]]}},{"type":"Feature","properties":{"level":1012},"geometry":{"type":"LineString","coordinates":[[101.0,4.58],[101.0,4.8],[101.0,4.58]]}},{"type":"Feature","properties":{"level":1012},"geometry":{"type":"LineString","coordinates":[[-102.5,5.1],[-103.1,5.75],[-102.75,5.72],[-102.38,5.25],[-102.5,5.1]]}},{"type":"Feature","properties":{"level":1012},"geometry":{"type":"LineString","coordinates":[[-19.75,5.98],[-19.77,6.25],[-19.5,6.43],[-19.49,6.0],[-19.75,5.98]]}},{"type":"Feature","properties":{"level":1012},"geometry":{"type":"LineString","coordinates":[[91.15,6.0],[91.38,6.0],[91.25,6.24],[91.15,6.0]]}},{"type":"Feature","properties":{"level":1012},"geometry":{"type":"LineString","coordinates":[[80.38,6.5],[80.5,6.27],[81.34,7.0],[80.75,7.71],[80.38,7.5],[80.38,6.5]]}},{"type":"Feature","properties":{"level":1012},"geometry":{"type":"LineString","coordinates":[[121.92,7.0],[122.17,7.25],[122.0,7.35],[121.92,7.0]]}},{"type":"Feature","properties":{"level":1012},"geometry":{"type":"LineString","coordinates":[[125.13,7.0],[125.44,7.0],[125.44,7.75],[125.18,8.0],[125.46,8.25],[125.0,8.86],[124.75,8.41],[123.94,8.0],[123.91,7.75],[124.5,7.42],[125.0,7.85],[125.21,7.5],[125.13,7.0]]}},{"type":"Feature","properties":{"level":1012},"geometry":{"type":"LineString","coordinates":[[-18.5,7.19],[-18.52,7.5],[-18.25,7.49],[-18.12,7.25],[-18.5,7.19]]}},{"type":"Feature","properties":{"level":1012},"geometry":{"type":"LineString","coordinates":[[16.25,7.48],[15.93,8.0],[17.25,8.78],[17.16,8.0],[16.5,8.22],[16.57,7.75],[16.25,7.48]]}},{"type":"Feature","properties":{"level":1012},"geometry":{"type":"LineString","coordinates":[[122.23,7.5],[122.42,7.75],[122.25,7.85],[122.23,7.5]]}},{"type":"Feature","properties":{"level":1012},"geometry":{"type":"LineString","coordinates":[[99.55,7.75],[99.75,7.58],[99.99,8.25],[99.75,9.12],[99.36,8.75],[99.5,8.25],[99.16,8.0],[99.55,7.75]]}},{"type":"Feature","properties":{"level":1012},"geometry":{"type":"LineString","coordinates":[[122.85,8.0],[123.82,8.25],[123.5,8.37],[122.85,8.0]]}},{"type":"Feature","properties":{"level":1012},"geometry":{"type":"LineString","coordinates":[[-81.91,8.5],[-81.51,8.5],[-82.25,8.84],[-83.75,10.17],[-84.79,10.5],[-84.83,10.25],[-84.0,9.45],[-82.75,8.7],[-82.0,8.71],[-81.91,8.5]]}},{"type":"Feature","properties":{"level":1012},"geometry":{"type":"LineString","coordinates":[[13.5,8.46],[12.5,8.95],[12.25,8.8],[11.25,9.1],[11.12,9.25],[11.86,9.75],[11.08,10.0],[11.0,10.45],[10.5,9.08],[10.34,10.0],[10.0,10.13],[9.75,10.7],[9.0,11.44],[8.5,11.27],[8.04,11.5],[7.75,12.03],[6.25,11.93],[5.25,11.54],[4.94,10.75],[4.0,10.27],[2.25,10.44],[1.75,10.93],[0.5,10.14],[0.25,10.82],[-0.64,10.5],[-0.94,9.5],[-0.79,9.25],[-1.07,9.0],[-1.39,9.25],[-1.29,9.75],[-1.5,10.06],[-2.0,9.96],[-2.5,10.25],[-3.0,9.83],[-3.5,10.32],[-4.5,10.15],[-4.28,11.0],[-4.5,11.3],[-5.75,11.47],[-6.5,11.08],[-7.61,11.5],[-7.24,12.0],[-8.13,12.5],[-7.76,13.25],[-8.0,13.58],[-8.25,13.44],[-9.0,13.78],[-9.5,13.2],[-10.25,13.37],[-10.75,13.19],[-11.49,14.25],[-12.25,14.14],[-12.75,15.18],[-13.5,15.29],[-14.5,16.24],[-14.72,16.75],[-14.58,17.5],[-13.75,18.47],[-12.5,18.86],[-12.25,18.81],[-11.85,18.0],[-12.0,17.4],[-11.52,17.5],[-11.37,18.0],[-10.75,18.31],[-5.25,18.68],[-4.5,19.02],[-3.25,20.08],[-2.49,20.25],[-1.5,21.56],[-0.85,21.5],[-0.75,22.26],[-0.25,22.06],[0.18,22.25],[0.75,22.97],[1.45,22.25],[1.17,22.0],[1.25,21.61],[1.75,22.11],[2.5,21.48],[3.42,22.0],[2.64,22.75],[2.89,23.25],[4.25,22.61],[4.5,22.87],[4.87,22.5],[4.75,22.09],[4.0,21.37],[3.5,21.63],[3.04,21.0],[3.25,20.83],[3.45,21.25],[4.0,21.21],[3.64,20.5],[3.75,20.1],[5.5,21.62],[6.25,21.88],[7.0,21.87],[8.67,21.0],[8.27,20.0],[8.46,19.5],[8.32,17.75],[8.5,17.12],[9.75,17.14],[9.91,19.0],[10.5,19.02],[11.0,19.78],[11.7,19.5],[11.98,18.75],[11.75,17.15],[12.08,16.5],[12.75,16.2],[15.25,15.99],[16.25,16.34],[16.75,16.12],[17.75,16.74],[21.35,15.25],[21.21,14.5],[20.67,14.0],[20.9,12.5],[19.5,11.71],[19.06,11.75],[18.75,10.87],[18.25,11.34],[18.15,10.75],[18.42,10.5],[18.0,9.83],[17.5,10.36],[17.25,10.29],[16.25,9.25],[15.75,9.06],[15.25,9.19],[14.25,8.43],[13.5,8.46]]}},{"type":"Feature","properties":{"level":1012},"geometry":{"type":"LineString","coordinates":[[98.42,8.75],[98.5,8.54],[98.96,8.75],[98.96,9.5],[98.75,9.75],[98.42,8.75]]}},{"type":"Feature","properties":{"level":1012},"geometry":{"type":"LineString","coordinates":[[117.67,8.75],[117.75,9.03],[117.67,8.75]]}},{"type":"Feature","properties":{"level":1012},"geometry":{"type":"LineString","coordinates":[[10.0,9.15],[10.14,9.25],[10.0,9.15]]}},{"type":"Feature","properties":{"level":1012},"geometry":{"type":"LineString","coordinates":[[78.5,9.14],[78.5,9.63],[78.75,9.67],[78.83,9.25],[78.5,9.14]]}},{"type":"Feature","properties":{"level":1012},"geometry":{"type":"LineString","coordinates":[[118.23,9.25],[118.4,9.5],[118.25,9.58],[118.23,9.25]]}},{"type":"Feature","properties":{"level":1012},"geometry":{"type":"LineString","coordinates":[[122.95,9.25],[123.11,9.25],[123.0,9.43],[122.95,9.25]]}},{"type":"Feature","properties":{"level":1012},"geometry":{"type":"LineString","coordinates":[[12.94,9.75],[13.55,10.0],[13.81,10.75],[12.17,10.0],[12.25,9.82],[12.75,9.96],[12.94,9.75]]}},{"type":"Feature","properties":{"level":1012},"geometry":{"type":"LineString","coordinates":[[79.0,9.7],[78.84,9.75],[79.5,11.09],[79.84,10.25],[79.14,10.0],[79.0,9.7]]}},{"type":"Feature","properties":{"level":1012},"geometry":{"type":"LineString","coordinates":[[122.84,9.75],[123.0,9.55],[123.0,10.11],[122.84,9.75]]}},{"type":"Feature","properties":{"level":1012},"geometry":{"type":"LineString","coordinates":[[118.91,10.25],[119.0,10.08],[119.14,10.25],[118.91,10.25]]}},{"type":"Feature","properties":{"level":1012},"geometry":{"type":"LineString","coordinates":[[-101.39,10.5],[-101.16,10.5],[-101.25,10.72],[-101.39,10.5]]}},{"type":"Feature","properties":{"level":1012},"geometry":{"type":"LineString","coordinates":[[-2.06,10.5],[-1.75,10.49],[-1.61,10.75],[-2.07,10.75],[-2.06,10.5]]}},{"type":"Feature","properties":{"level":1012},"geometry":{"type":"LineString","coordinates":[[103.89,10.75],[104.09,10.75],[104.01,11.75],[104.32,12.0],[103.0,12.68],[102.64,12.25],[102.71,12.0],[103.25,11.51],[103.78,11.5],[103.89,10.75]]}},{"type":"Feature","properties":{"level":1012},"geometry":{"type":"LineString","coordinates":[[-104.5,11.36],[-104.22,11.75],[-104.08,11.5],[-104.25,11.26],[-104.5,11.36]]}},{"type":"Feature","properties":{"level":1012},"geometry":{"type":"LineString","coordinates":[[-7.05,11.5],[-6.75,11.48],[-6.58,11.75],[-7.0,11.79],[-7.05,11.5]]}},{"type":"Feature","properties":{"level":1012},"geometry":{"type":"LineString","coordinates":[[8.96,12.0],[9.0,11.82],[8.96,12.0]]}},{"type":"Feature","properties":{"level":1012},"geometry":{"type":"LineString","coordinates":[[32.0,11.82],[30.75,12.67],[30.5,12.62],[30.1,13.5],[30.74,14.25],[30.9,15.0],[31.25,15.39],[31.03,15.75],[31.68,18.0],[32.25,18.29],[32.41,19.5],[32.97,20.25],[33.25,20.03],[34.0,20.83],[35.77,18.75],[37.0,17.78],[37.75,18.52],[38.93,18.25],[39.26,17.5],[39.0,17.3],[38.25,17.97],[37.78,17.75],[37.87,16.75],[37.61,16.25],[37.88,15.5],[36.75,15.52],[36.12,14.25],[35.25,14.24],[34.5,13.43],[33.35,13.25],[32.64,12.75],[32.5,12.07],[32.0,11.82]]}},{"type":"Feature","properties":{"level":1012},"geometry":{"type":"LineString","coordinates":[[79.75,11.96],[79.55,12.0],[80.0,12.76],[79.75,11.96]]}},{"type":"Feature","properties":{"level":1012},"geometry":{"type":"LineString","coordinates":[[121.19,12.5],[121.43,13.0],[121.0,13.49],[120.75,13.42],[120.59,13.25],[121.19,12.5]]}},{"type":"Feature","properties":{"level":1012},"geometry":{"type":"LineString","coordinates":[[102.18,13.0],[102.46,13.0],[102.25,13.15],[102.18,13.0]]}},{"type":"Feature","properties":{"level":1012},"geometry":{"type":"LineString","coordinates":[[40.75,13.17],[40.51,13.25],[39.99,14.75],[40.03,15.25],[40.5,15.57],[41.41,15.25],[41.78,14.5],[41.75,13.94],[41.5,13.94],[41.0,14.53],[40.66,14.5],[40.8,13.75],[40.59,13.5],[41.11,13.5],[40.75,13.17]]}},{"type":"Feature","properties":{"level":1012},"geometry":{"type":"LineString","coordinates":[[96.45,13.25],[96.5,13.41],[96.45,13.25]]}},{"type":"Feature","properties":{"level":1012},"geometry":{"type":"LineString","coordinates":[[-10.62,13.75],[-10.5,13.58],[-10.19,14.0],[-10.25,14.65],[-10.88,14.25],[-10.62,13.75]]}},{"type":"Feature","properties":{"level":1012},"geometry":{"type":"LineString","coordinates":[[104.17,14.5],[104.46,14.5],[104.17,14.5]]}},{"type":"Feature","properties":{"level":1012},"geometry":{"type":"LineString","coordinates":[[120.14,15.25],[120.25,15.15],[120.41,15.5],[120.0,16.0],[119.83,15.5],[120.14,15.25]]}},{"type":"Feature","properties":{"level":1012},"geometry":{"type":"LineString","coordinates":[[122.0,15.39],[122.0,15.83],[122.38,15.75],[122.25,15.37],[122.0,15.39]]}},{"type":"Feature","properties":{"level":1012},"geometry":{"type":"LineString","coordinates":[[-21.75,15.94],[-21.93,16.0],[-21.75,16.26],[-21.75,15.94]]}},{"type":"Feature","properties":{"level":1012},"geometry":{"type":"LineString","coordinates":[[92.25,15.84],[92.25,16.04],[92.25,15.84]]}},{"type":"Feature","properties":{"level":1012},"geometry":{"type":"LineString","coordinates":[[121.5,16.69],[121.45,17.75],[121.75,18.04],[122.04,17.0],[121.75,16.52],[121.5,16.69]]}},{"type":"Feature","properties":{"level":1012},"geometry":{"type":"LineString","coordinates":[[-180.0,16.97],[-174.75,17.32],[-173.75,17.02],[-172.25,17.41],[-171.5,17.36],[-169.25,16.07],[-166.0,14.96],[-163.75,14.88],[-161.0,14.4],[-159.75,14.74],[-155.48,14.5],[-152.0,13.5],[-150.25,12.69],[-147.0,10.49],[-144.75,10.06],[-144.37,9.75],[-144.82,9.5],[-144.83,8.75],[-144.06,7.75],[-144.05,6.75],[-143.53,5.25],[-142.44,3.25],[-141.68,2.5],[-141.25,0.16],[-140.75,-0.33],[-140.14,-0.5],[-140.25,-0.8],[-140.8,-0.75],[-140.34,-2.0],[-140.5,-3.04],[-145.18,-6.0],[-145.76,-6.75],[-146.25,-6.91],[-147.0,-8.1],[-147.79,-8.5],[-148.25,-9.48],[-148.85,-10.0],[-149.06,-11.0],[-149.49,-11.5],[-150.5,-11.84],[-151.0,-12.27],[-151.38,-12.25],[-151.97,-12.75],[-154.0,-13.23],[-155.25,-13.26],[-159.25,-12.83],[-165.0,-12.93],[-167.0,-12.5],[-169.5,-12.69],[-170.25,-12.94],[-171.5,-12.64],[-172.5,-12.96],[-174.5,-12.77],[-177.0,-13.29],[-178.25,-13.15],[-180.0,-13.53]]}},{"type":"Feature","properties":{"level":1012},"geometry":{"type":"LineString","coordinates":[[17.25,16.88],[17.25,17.13],[17.25,16.88]]}},{"type":"Feature","properties":{"level":1012},"geometry":{"type":"LineString","coordinates":[[104.75,17.33],[104.58,17.5],[104.83,17.5],[104.75,17.33]]}},{"type":"Feature","properties":{"level":1012},"geometry":{"type":"LineString","coordinates":[[-92.5,17.95],[-93.18,18.5],[-92.0,19.54],[-91.25,19.55],[-91.11,19.0],[-91.5,18.07],[-91.75,17.83],[-92.5,17.95]]}},{"type":"Feature","properties":{"level":1012},"geometry":{"type":"LineString","coordinates":[[-77.58,18.0],[-76.91,18.25],[-77.92,18.25],[-77.58,18.0]]}},{"type":"Feature","properties":{"level":1012},"geometry":{"type":"LineString","coordinates":[[-76.79,18.0],[-76.31,18.0],[-76.5,18.16],[-76.79,18.0]]}},{"type":"Feature","properties":{"level":1012},"geometry":{"type":"LineString","coordinates":[[-66.28,18.0],[-65.66,18.25],[-66.25,18.44],[-66.96,18.25],[-66.28,18.0]]}},{"type":"Feature","properties":{"level":1012},"geometry":{"type":"LineString","coordinates":[[-74.15,18.25],[-73.59,18.5],[-74.25,18.61],[-74.15,18.25]]}},{"type":"Feature","properties":{"level":1012},"geometry":{"type":"LineString","coordinates":[[97.75,18.07],[97.75,18.3],[97.75,18.07]]}},{"type":"Feature","properties":{"level":1012},"geometry":{"type":"LineString","coordinates":[[-100.75,18.46],[-100.99,18.5],[-100.75,18.46]]}},{"type":"Feature","properties":{"level":1012},"geometry":{"type":"LineString","coordinates":[[1.45,19.75],[2.0,19.97],[2.5,19.87],[3.2,20.5],[3.0,20.7],[2.75,20.48],[2.25,20.53],[1.75,20.93],[1.46,20.75],[1.09,21.25],[0.0,21.71],[-0.66,21.5],[-0.69,21.25],[-0.24,21.0],[-0.34,20.25],[0.0,20.44],[0.0,20.89],[0.25,20.65],[0.75,20.82],[1.3,20.25],[1.45,19.75]]}},{"type":"Feature","properties":{"level":1012},"geometry":{"type":"LineString","coordinates":[[-1.0,22.38],[-1.01,22.75],[-0.25,23.14],[-0.42,22.75],[-1.0,22.38]]}},{"type":"Feature","properties":{"level":1012},"geometry":{"type":"LineString","coordinates":[[1.0,22.93],[-0.19,23.25],[0.18,23.75],[0.55,25.25],[1.09,26.25],[1.5,26.53],[2.27,26.0],[2.18,25.75],[2.5,25.25],[2.25,24.82],[1.64,24.75],[1.55,24.25],[1.6,23.75],[2.28,23.25],[1.0,22.93]]}},{"type":"Feature","properties":{"level":1012},"geometry":{"type":"LineString","coordinates":[[-103.25,24.73],[-103.75,25.21],[-103.77,25.75],[-104.51,26.75],[-103.76,27.25],[-103.5,28.5],[-104.0,29.08],[-104.22,29.0],[-104.0,28.43],[-104.77,28.25],[-104.2,28.0],[-105.5,27.59],[-106.09,28.75],[-106.12,29.5],[-105.55,31.0],[-104.9,31.25],[-105.37,31.5],[-105.48,32.25],[-105.0,32.32],[-104.71,32.0],[-105.0,33.5],[-104.59,34.5],[-104.71,35.25],[-104.5,36.43],[-104.25,36.3],[-104.02,36.5],[-105.35,38.5],[-105.0,38.64],[-104.97,39.0],[-105.42,39.75],[-105.42,40.5],[-105.75,41.08],[-106.12,41.25],[-106.25,41.72],[-107.63,41.25],[-107.71,40.0],[-108.46,39.5],[-108.2,39.25],[-108.25,38.81],[-107.88,38.75],[-109.0,38.8],[-109.37,38.5],[-109.08,38.0],[-110.25,37.76],[-110.26,37.5],[-110.0,37.39],[-109.25,37.53],[-108.77,37.0],[-109.75,36.63],[-110.78,37.0],[-111.4,36.5],[-111.13,36.0],[-111.25,35.43],[-112.1,37.25],[-112.0,37.54],[-111.75,37.39],[-111.67,37.75],[-111.08,38.0],[-111.6,38.75],[-111.42,39.25],[-110.47,40.25],[-110.5,41.07],[-111.51,40.75],[-112.05,39.0],[-111.65,39.0],[-112.25,38.48],[-112.5,38.66],[-112.82,38.0],[-113.61,37.5],[-113.16,37.0],[-113.77,36.25],[-113.62,36.0],[-113.22,36.0],[-113.41,35.0],[-112.5,34.01],[-111.75,33.76],[-111.4,33.0],[-111.56,32.5],[-112.56,31.5],[-112.31,30.75],[-112.67,30.0],[-112.2,29.25],[-112.37,29.0],[-111.75,29.24],[-111.4,29.0],[-111.5,28.34],[-112.0,27.96],[-112.5,28.12],[-113.25,28.8],[-113.37,29.0],[-113.13,29.25],[-113.5,29.69],[-113.75,29.56],[-115.1,30.75],[-116.26,33.25],[-116.17,34.0],[-116.64,34.5],[-116.86,35.25],[-117.75,35.6],[-117.54,36.0],[-118.0,36.75],[-117.0,37.5],[-116.5,37.59],[-116.55,37.25],[-116.17,37.25],[-116.36,38.5],[-115.39,38.5],[-114.89,39.25],[-114.94,39.75],[-114.45,41.0],[-114.0,41.55],[-113.0,41.62],[-112.5,42.12],[-111.75,42.08],[-110.83,43.0],[-110.5,42.88],[-110.0,43.34],[-109.25,42.62],[-109.06,42.75],[-109.51,43.5],[-109.25,44.06],[-108.67,43.5],[-108.75,42.96],[-108.0,43.48],[-107.0,43.67],[-107.27,43.25],[-105.75,42.64],[-105.61,42.5],[-105.81,41.75],[-104.75,41.36],[-100.25,42.69],[-99.22,43.25],[-97.4,45.0],[-97.26,45.75],[-96.54,47.0],[-96.78,48.0],[-96.61,48.75],[-95.83,50.25],[-95.0,50.93],[-93.75,51.31],[-88.5,51.14],[-82.0,50.36],[-81.14,50.0],[-79.69,48.75],[-79.0,48.62],[-78.75,48.26],[-78.24,48.25],[-77.32,47.0],[-77.2,46.0],[-76.6,44.5],[-76.81,43.75],[-78.0,42.96],[-85.42,40.0],[-87.5,38.93],[-91.75,38.16],[-93.25,37.52],[-94.5,36.85],[-95.92,35.5],[-97.76,34.5],[-99.75,32.72],[-100.74,32.5],[-101.35,31.75],[-101.54,30.75],[-99.92,28.75],[-99.5,26.75],[-100.0,26.45],[-100.25,26.92],[-101.75,26.97],[-102.18,26.75],[-101.75,27.07],[-101.48,27.75],[-101.59,28.25],[-101.17,28.5],[-101.5,29.1],[-102.5,29.23],[-103.08,28.0],[-102.84,26.75],[-102.27,26.5],[-102.44,26.25],[-101.98,25.75],[-102.75,24.74],[-103.25,24.73]]}},{"type":"Feature","properties":{"level":1012},"geometry":{"type":"LineString","coordinates":[[-99.25,25.7],[-99.25,26.11],[-99.25,25.7]]}},{"type":"Feature","properties":{"level":1012},"geometry":{"type":"LineString","coordinates":[[67.5,26.71],[67.75,27.56],[68.0,27.73],[68.0,26.7],[67.5,26.71]]}},{"type":"Feature","properties":{"level":1012},"geometry":{"type":"LineString","coordinates":[[-111.75,26.94],[-111.75,27.13],[-111.1,27.0],[-111.75,26.94]]}},{"type":"Feature","properties":{"level":1012},"geometry":{"type":"LineString","coordinates":[[-100.81,28.0],[-100.65,28.0],[-100.81,28.0]]}},{"type":"Feature","properties":{"level":1012},"geometry":{"type":"LineString","coordinates":[[68.25,27.89],[68.02,28.0],[68.25,28.18],[68.25,27.89]]}},{"type":"Feature","properties":{"level":1012},"geometry":{"type":"LineString","coordinates":[[-103.52,30.0],[-102.61,30.25],[-102.73,30.5],[-103.5,30.39],[-103.78,30.75],[-104.25,30.85],[-104.43,30.5],[-104.25,30.12],[-104.0,30.3],[-103.52,30.0]]}},{"type":"Feature","properties":{"level":1012},"geometry":{"type":"LineString","coordinates":[[132.25,37.46],[132.02,37.5],[132.25,37.46]]}},{"type":"Feature","properties":{"level":1012},"geometry":{"type":"LineString","coordinates":[[128.75,37.92],[128.25,38.47],[127.73,38.5],[127.04,39.75],[127.45,40.5],[128.75,40.85],[128.58,40.25],[129.5,40.38],[130.04,39.25],[128.75,37.92]]}},{"type":"Feature","properties":{"level":1012},"geometry":{"type":"LineString","coordinates":[[132.75,37.84],[132.11,38.5],[131.77,39.5],[131.93,40.25],[132.25,40.46],[133.88,39.75],[133.74,38.5],[132.75,37.84]]}},{"type":"Feature","properties":{"level":1012},"geometry":{"type":"LineString","coordinates":[[38.0,41.0],[37.0,41.25],[36.99,41.5],[36.0,42.09],[35.25,42.04],[34.25,42.39],[33.75,42.87],[32.75,42.9],[32.25,43.57],[33.0,44.2],[34.25,43.88],[35.0,44.65],[36.0,44.85],[37.85,43.75],[38.5,42.78],[39.87,42.0],[40.0,41.69],[40.75,41.86],[41.42,41.5],[40.0,41.0],[39.5,41.33],[38.5,41.29],[38.53,41.0],[38.0,41.0]]}},{"type":"Feature","properties":{"level":1012},"geometry":{"type":"LineString","coordinates":[[-147.5,43.0],[-148.36,44.0],[-148.27,46.0],[-147.0,49.1],[-146.0,50.35],[-144.25,51.09],[-142.5,51.0],[-142.0,51.31],[-140.5,51.33],[-138.5,50.87],[-137.08,50.0],[-137.53,49.25],[-138.79,48.25],[-141.52,46.75],[-146.59,43.25],[-147.5,43.0]]}},{"type":"Feature","properties":{"level":1012},"geometry":{"type":"LineString","coordinates":[[134.25,43.16],[134.12,43.25],[134.57,43.75],[135.78,44.5],[135.88,44.25],[135.5,43.7],[134.25,43.16]]}},{"type":"Feature","properties":{"level":1012},"geometry":{"type":"LineString","coordinates":[[32.94,43.5],[33.6,43.5],[32.94,43.5]]}},{"type":"Feature","properties":{"level":1012},"geometry":{"type":"LineString","coordinates":[[-172.5,44.64],[-172.47,45.0],[-171.75,45.3],[-171.27,45.0],[-172.0,44.61],[-172.5,44.64]]}},{"type":"Feature","properties":{"level":1012},"geometry":{"type":"LineString","coordinates":[[34.0,44.75],[33.23,45.0],[34.25,45.16],[34.37,45.0],[34.0,44.75]]}},{"type":"Feature","properties":{"level":1012},"geometry":{"type":"LineString","coordinates":[[136.5,44.89],[136.69,45.0],[136.5,44.89]]}},{"type":"Feature","properties":{"level":1012},"geometry":{"type":"LineString","coordinates":[[137.25,45.28],[137.11,45.75],[137.76,46.25],[137.96,46.75],[137.1,47.25],[137.19,47.75],[137.57,48.0],[137.25,48.54],[135.75,48.18],[133.75,48.21],[131.5,47.43],[129.75,47.34],[123.87,49.0],[123.78,49.5],[124.47,50.0],[124.65,51.0],[124.11,52.25],[124.15,52.75],[123.51,53.75],[123.61,54.25],[125.01,54.75],[125.15,55.5],[126.5,56.05],[128.75,56.35],[129.5,55.95],[131.0,55.87],[131.75,56.23],[133.25,55.88],[134.75,56.19],[136.33,57.0],[141.25,57.88],[144.0,57.73],[146.75,56.57],[147.19,56.0],[147.43,54.5],[146.41,52.0],[145.88,51.25],[144.25,49.81],[143.5,49.75],[142.75,48.83],[142.0,48.68],[141.41,47.75],[139.52,46.25],[137.25,45.28]]}},{"type":"Feature","properties":{"level":1012},"geometry":{"type":"LineString","coordinates":[[180.0,49.2],[177.13,51.5],[175.0,52.68],[172.09,54.75],[171.79,55.0],[171.49,56.0],[172.51,58.0],[176.5,61.06],[177.89,62.5],[179.25,63.03],[180.0,63.72]]}},{"type":"Feature","properties":{"level":1012},"geometry":{"type":"LineString","coordinates":[[-113.5,49.91],[-113.75,50.39],[-112.68,50.75],[-112.68,50.25],[-113.5,49.91]]}},{"type":"Feature","properties":{"level":1012},"geometry":{"type":"LineString","coordinates":[[-132.84,61.25],[-132.75,61.11],[-132.12,61.5],[-132.75,61.86],[-133.54,61.75],[-132.84,61.25]]}},{"type":"Feature","properties":{"level":1012},"geometry":{"type":"LineString","coordinates":[[-143.84,61.75],[-143.25,61.62],[-142.89,62.0],[-144.33,62.0],[-143.84,61.75]]}},{"type":"Feature","properties":{"level":1012},"geometry":{"type":"LineString","coordinates":[[-180.0,63.72],[-179.0,64.66],[-177.56,65.5],[-177.5,65.85],[-174.75,66.74],[-172.5,68.62],[-167.16,71.25],[-166.74,72.0],[-167.4,73.0],[-167.12,73.75],[-165.12,74.5],[-163.57,75.75],[-164.05,77.0],[-164.72,77.5],[-167.25,78.67],[-170.0,79.41],[-172.5,79.66],[-176.0,79.57],[-180.0,78.7]]}},{"type":"Feature","properties":{"level":1012},"geometry":{"type":"LineString","coordinates":[[-38.28,70.0],[-37.25,69.96],[-36.45,70.25],[-38.6,70.25],[-38.28,70.0]]}},{"type":"Feature","properties":{"level":1012},"geometry":{"type":"LineString","coordinates":[[-36.05,70.25],[-34.97,70.25],[-36.05,70.25]]}},{"type":"Feature","properties":{"level":1012},"geometry":{"type":"LineString","coordinates":[[-36.48,72.0],[-34.78,72.0],[-35.75,72.43],[-36.48,72.0]]}},{"type":"Feature","properties":{"level":1012},"geometry":{"type":"LineString","coordinates":[[-47.72,77.0],[-44.25,76.99],[-33.5,77.95],[-31.27,78.5],[-30.42,79.25],[-30.76,80.25],[-32.0,80.81],[-36.0,80.84],[-41.75,81.29],[-52.53,80.25],[-55.63,78.75],[-55.1,78.5],[-49.75,77.71],[-47.72,77.0]]}},{"type":"Feature","properties":{"level":1012},"geometry":{"type":"LineString","coordinates":[[180.0,78.7],[178.0,78.01],[172.5,77.62],[156.25,77.92],[148.0,77.65],[141.25,76.94],[136.5,75.94],[129.0,73.05],[127.78,72.25],[125.5,71.67],[123.56,70.75],[121.25,67.95],[118.97,66.0],[114.5,63.83],[110.98,62.5],[104.33,60.5],[98.5,58.18],[96.75,57.74],[95.75,57.97],[91.5,57.57],[90.33,57.75],[90.22,58.5],[88.75,59.86],[84.5,61.37],[80.49,62.25],[77.5,63.31],[74.5,64.65],[71.5,66.62],[70.14,68.0],[69.13,70.0],[69.01,71.25],[69.51,74.5],[68.75,75.2],[66.0,75.83],[63.5,76.0],[64.84,76.5],[62.24,77.0],[58.34,78.75],[54.75,79.52],[49.75,80.29],[49.0,80.19],[44.75,80.72],[36.09,81.0],[34.96,80.25],[33.62,79.75],[33.68,79.5],[33.11,79.25],[24.5,78.09],[21.25,77.91],[18.5,77.32],[16.75,77.27],[15.75,76.93],[12.76,75.0],[10.41,69.5],[9.23,65.5],[9.13,64.75],[9.52,63.75],[8.5,62.88],[5.68,61.75],[3.5,57.09],[2.25,55.58],[0.36,54.25],[-2.14,53.25],[-3.0,52.67],[-4.25,52.32],[-6.25,52.81],[-6.75,53.13],[-12.0,52.85],[-16.75,52.45],[-21.25,51.34],[-26.3,49.25],[-39.75,41.79],[-47.5,37.92],[-49.75,37.09],[-58.5,34.79],[-63.5,32.32],[-68.0,30.93],[-69.5,31.3],[-71.25,32.3],[-71.99,33.5],[-71.99,34.25],[-72.4,35.25],[-71.0,38.52],[-66.17,41.25],[-60.23,43.5],[-56.63,46.5],[-55.41,48.25],[-55.42,49.25],[-56.05,50.75],[-57.32,52.0],[-58.74,53.0],[-59.35,53.75],[-62.0,55.15],[-65.0,57.57],[-67.0,58.44],[-74.75,60.68],[-79.75,60.94],[-83.0,60.74],[-86.25,60.16],[-102.08,56.0],[-104.75,54.94],[-107.25,54.34],[-109.75,53.21],[-111.7,53.0],[-113.75,52.17],[-113.95,51.75],[-113.61,51.25],[-114.0,50.97],[-114.94,52.25],[-114.3,53.0],[-116.25,53.21],[-117.06,54.0],[-117.0,54.3],[-116.0,54.32],[-116.0,54.86],[-117.5,55.14],[-118.0,55.46],[-119.0,55.44],[-119.5,56.15],[-119.85,56.25],[-119.9,56.5],[-119.59,56.75],[-119.75,56.91],[-121.75,57.06],[-122.11,57.5],[-123.14,57.75],[-123.05,58.0],[-123.5,58.36],[-124.93,59.0],[-126.0,58.97],[-126.75,59.32],[-127.75,59.23],[-128.5,59.67],[-130.0,60.04],[-130.75,60.63],[-131.45,60.75],[-130.89,61.0],[-131.5,61.39],[-131.84,61.25],[-131.49,61.0],[-131.75,60.88],[-133.0,60.79],[-133.75,61.13],[-134.75,60.8],[-135.02,60.5],[-134.36,60.25],[-134.5,59.98],[-136.25,60.43],[-138.75,59.83],[-139.0,60.02],[-138.5,60.09],[-138.14,60.5],[-138.25,60.66],[-139.0,61.06],[-142.25,61.84],[-142.0,61.19],[-141.48,61.0],[-141.81,60.75],[-141.25,60.24],[-140.75,60.08],[-139.22,60.5],[-139.25,60.24],[-140.23,60.0],[-139.25,59.5],[-138.75,58.94],[-138.75,58.59],[-143.25,56.48],[-143.52,55.75],[-147.0,52.43],[-149.5,51.2],[-151.75,50.73],[-167.0,50.57],[-168.75,50.05],[-171.0,48.38],[-172.5,47.82],[-175.5,47.72],[-176.5,47.9],[-180.0,49.2]]}},{"type":"Feature","properties":{"level":1016},"geometry":{"type":"LineString","coordinates":[[180.0,-87.93],[162.75,-87.67],[136.85,-86.75],[129.5,-85.16],[128.95,-84.75],[129.57,-84.5],[129.49,-84.25],[128.5,-84.07],[125.15,-82.75],[122.75,-82.51],[121.09,-82.0],[118.75,-81.66],[110.5,-81.45],[94.0,-82.15],[79.5,-82.38],[67.5,-82.03],[67.03,-81.75],[67.28,-81.25],[53.0,-79.35],[44.0,-77.6],[42.75,-77.55],[39.5,-78.05],[35.39,-77.5],[33.55,-77.0],[32.0,-76.19],[29.25,-75.29],[27.0,-75.03],[21.24,-75.25],[19.53,-75.0],[20.9,-74.5],[20.98,-74.25],[20.5,-74.18],[9.0,-73.68],[6.0,-73.81],[2.0,-74.38],[0.25,-74.13],[-0.75,-73.72],[-2.75,-73.86],[-3.47,-74.25],[-3.25,-74.58],[-1.42,-75.0],[-3.5,-75.18],[-5.25,-75.68],[-7.0,-75.48],[-7.0,-75.77],[-7.83,-76.25],[-7.05,-76.75],[-3.75,-77.73],[-0.9,-79.0],[1.61,-80.75],[4.03,-81.25],[4.13,-81.5],[1.75,-82.03],[-0.75,-82.23],[-6.0,-81.65],[-9.5,-81.56],[-11.61,-81.75],[-16.75,-82.83],[-21.25,-83.09],[-25.5,-82.96],[-28.91,-83.25],[-30.2,-83.5],[-28.5,-83.8],[-27.75,-84.32],[-26.11,-84.5],[-34.5,-85.51],[-38.75,-85.7],[-46.0,-85.45],[-57.5,-85.78],[-70.0,-87.11],[-77.75,-87.5],[-101.75,-87.6],[-126.5,-88.07],[-150.0,-87.77],[-180.0,-87.93]]}},{"type":"Feature","properties":{"level":1016},"geometry":{"type":"LineString","coordinates":[[-96.49,-85.75],[-94.3,-85.75],[-96.49,-85.75]]}},{"type":"Feature","properties":{"level":1016},"geometry":{"type":"LineString","coordinates":[[-97.51,-85.5],[-96.8,-85.25],[-99.0,-85.03],[-98.45,-84.75],[-99.25,-84.73],[-99.91,-85.0],[-99.98,-85.25],[-97.51,-85.5]]}},{"type":"Feature","properties":{"level":1016},"geometry":{"type":"LineString","coordinates":[[-28.0,-83.79],[-28.17,-83.75],[-26.88,-83.75],[-28.0,-83.79]]}},{"type":"Feature","properties":{"level":1016},"geometry":{"type":"LineString","coordinates":[[-11.11,-81.25],[-9.5,-81.43],[-8.78,-81.25],[-11.11,-81.25]]}},{"type":"Feature","properties":{"level":1016},"geometry":{"type":"LineString","coordinates":[[8.75,-76.26],[5.91,-76.0],[9.75,-75.95],[10.6,-76.25],[8.75,-76.26]]}},{"type":"Feature","properties":{"level":1016},"geometry":{"type":"LineString","coordinates":[[121.39,-76.25],[124.07,-76.25],[124.0,-76.0],[121.92,-75.5],[120.75,-74.45],[109.62,-74.0],[109.75,-74.27],[112.5,-74.95],[121.39,-76.25]]}},{"type":"Feature","properties":{"level":1016},"geometry":{"type":"LineString","coordinates":[[4.75,-75.77],[4.59,-75.75],[5.69,-75.75],[4.75,-75.77]]}},{"type":"Feature","properties":{"level":1016},"geometry":{"type":"LineString","coordinates":[[17.75,-75.03],[19.47,-75.0],[17.75,-75.03]]}},{"type":"Feature","properties":{"level":1016},"geometry":{"type":"LineString","coordinates":[[-65.53,-66.5],[-65.5,-66.69],[-64.92,-66.5],[-64.5,-66.12],[-63.44,-65.75],[-62.84,-65.25],[-62.75,-64.84],[-60.83,-64.5],[-60.26,-64.0],[-60.75,-63.85],[-61.08,-64.25],[-61.5,-64.21],[-61.75,-64.6],[-62.0,-64.13],[-62.25,-64.31],[-62.5,-64.11],[-62.75,-64.65],[-63.0,-64.78],[-62.94,-64.5],[-63.25,-64.51],[-63.85,-65.5],[-64.5,-65.66],[-65.53,-66.5]]}},{"type":"Feature","properties":{"level":1016},"geometry":{"type":"LineString","coordinates":[[-48.7,-66.0],[-45.75,-65.67],[-39.75,-64.11],[-36.71,-63.0],[-35.57,-62.0],[-35.09,-61.0],[-35.8,-59.0],[-39.2,-56.0],[-41.0,-55.01],[-41.1,-54.25],[-40.24,-52.0],[-39.27,-50.5],[-38.28,-48.25],[-36.16,-45.75],[-32.72,-43.0],[-31.2,-40.75],[-31.98,-39.25],[-33.25,-38.11],[-34.0,-37.65],[-35.0,-37.53],[-38.25,-36.36],[-42.75,-36.19],[-43.25,-36.38],[-44.0,-36.09],[-46.25,-36.09],[-46.75,-35.71],[-47.5,-35.79],[-48.25,-35.36],[-50.25,-34.85],[-52.25,-35.0],[-54.75,-34.01],[-55.0,-33.58],[-55.5,-33.66],[-56.5,-33.2],[-60.5,-33.69],[-63.0,-35.16],[-65.53,-37.5],[-65.85,-38.0],[-65.45,-38.75],[-65.47,-39.5],[-65.17,-40.25],[-65.5,-40.81],[-66.5,-40.75],[-66.81,-41.25],[-66.0,-41.5],[-64.66,-43.25],[-64.65,-44.75],[-64.0,-46.75],[-63.99,-48.0],[-64.36,-48.25],[-64.03,-49.0],[-64.36,-49.5],[-64.3,-50.0],[-63.84,-50.75],[-60.86,-53.25],[-60.24,-55.25],[-60.49,-57.75],[-61.66,-59.25],[-63.51,-61.0],[-64.19,-62.25],[-63.5,-63.1],[-63.0,-63.36],[-61.75,-63.15],[-60.0,-63.25],[-60.24,-64.0],[-60.0,-64.06],[-58.77,-63.5],[-59.45,-63.5],[-59.66,-63.25],[-59.25,-63.36],[-58.25,-62.68],[-57.25,-63.11],[-55.0,-63.24],[-51.86,-65.25],[-50.0,-65.85],[-48.7,-66.0]]}},{"type":"Feature","properties":{"level":1016},"geometry":{"type":"LineString","coordinates":[[-58.74,-63.5],[-58.27,-63.5],[-58.74,-63.5]]}},{"type":"Feature","properties":{"level":1016},"geometry":{"type":"LineString","coordinates":[[137.78,-51.5],[141.5,-51.61],[142.75,-51.25],[143.96,-50.5],[145.73,-48.25],[145.39,-44.25],[145.61,-43.5],[146.0,-43.27],[146.75,-42.11],[146.45,-41.5],[148.25,-40.25],[151.56,-38.75],[151.95,-38.5],[152.0,-37.8],[153.18,-37.25],[153.4,-35.75],[152.0,-35.0],[150.25,-35.23],[149.75,-35.67],[149.62,-36.5],[149.25,-36.96],[147.38,-37.0],[147.44,-36.5],[148.25,-36.36],[148.54,-35.5],[149.55,-34.5],[149.0,-33.6],[148.48,-33.5],[148.7,-32.25],[148.22,-31.75],[147.99,-31.0],[147.25,-30.36],[146.38,-30.0],[145.15,-29.0],[144.75,-28.37],[144.25,-28.39],[142.75,-27.56],[141.25,-27.62],[139.0,-27.12],[137.07,-26.0],[134.25,-24.96],[133.5,-25.13],[133.25,-25.54],[133.0,-25.39],[132.0,-25.75],[131.5,-25.64],[130.63,-26.75],[129.0,-27.61],[127.5,-27.76],[122.0,-27.13],[118.5,-27.35],[115.78,-28.0],[115.51,-28.25],[116.14,-28.5],[115.0,-29.49],[113.0,-28.13],[112.3,-26.75],[112.53,-25.75],[113.72,-25.0],[113.56,-24.25],[114.02,-23.25],[114.22,-22.0],[114.5,-22.03],[115.5,-21.13],[116.57,-19.25],[116.04,-18.0],[114.97,-17.0],[114.5,-16.13],[113.41,-15.75],[110.5,-15.44],[108.5,-15.79],[103.75,-15.83],[100.75,-16.17],[99.5,-15.93],[97.75,-16.03],[95.75,-17.76],[95.65,-18.75],[96.73,-22.25],[97.74,-23.5],[97.75,-24.0],[98.9,-26.5],[99.81,-27.25],[100.39,-28.5],[101.72,-33.25],[101.76,-34.5],[102.72,-37.25],[104.93,-41.25],[107.12,-43.75],[110.0,-45.74],[112.75,-47.08],[119.75,-49.51],[123.0,-50.29],[126.75,-50.69],[134.75,-50.69],[137.78,-51.5]]}},{"type":"Feature","properties":{"level":1016},"geometry":{"type":"LineString","coordinates":[[53.72,-42.25],[57.75,-42.41],[62.75,-41.94],[74.5,-38.78],[81.75,-37.59],[84.26,-36.25],[86.14,-33.5],[86.18,-31.75],[87.21,-30.0],[87.2,-28.75],[87.53,-28.0],[87.5,-26.75],[87.74,-26.0],[87.47,-25.5],[88.41,-24.0],[88.26,-23.25],[88.5,-22.48],[87.98,-19.25],[88.75,-19.12],[88.74,-18.0],[88.27,-17.0],[87.5,-16.35],[86.75,-15.97],[86.25,-16.09],[84.0,-14.8],[83.0,-14.54],[82.0,-14.68],[80.75,-14.17],[80.5,-14.5],[78.75,-13.23],[75.0,-12.4],[74.0,-11.74],[72.25,-11.56],[68.5,-10.35],[67.5,-10.54],[66.5,-10.41],[65.75,-10.67],[63.5,-10.62],[62.75,-10.2],[61.75,-10.27],[59.5,-9.58],[58.0,-9.7],[54.25,-8.72],[53.75,-8.94],[52.0,-8.32],[51.25,-7.69],[50.25,-7.6],[47.11,-6.25],[45.75,-5.32],[44.75,-5.1],[43.48,-3.5],[43.0,-2.04],[42.5,-1.65],[42.5,-0.58],[41.64,-1.0],[41.7,-0.5],[41.17,0.75],[41.5,1.88],[41.75,1.65],[42.25,2.32],[42.75,1.85],[43.25,2.01],[44.5,3.22],[44.17,4.0],[44.45,4.25],[44.39,4.5],[44.0,4.77],[43.5,4.62],[42.65,3.75],[42.56,3.0],[42.25,2.93],[41.64,3.75],[41.71,4.25],[41.32,5.0],[40.73,5.75],[41.12,6.0],[41.25,6.64],[41.5,6.53],[41.62,6.75],[41.25,6.91],[41.25,7.5],[42.0,8.02],[42.25,7.76],[42.75,8.02],[43.16,7.25],[43.75,6.81],[44.71,7.0],[44.42,8.25],[44.95,8.75],[44.54,9.25],[45.25,9.28],[46.46,8.25],[45.82,8.0],[45.75,7.27],[45.22,7.25],[45.59,6.25],[46.04,6.0],[46.21,5.5],[47.25,5.06],[47.59,5.25],[47.35,5.75],[46.65,6.25],[49.15,8.0],[46.5,8.66],[45.71,9.5],[46.25,9.65],[47.5,9.28],[47.75,8.96],[48.5,9.03],[49.75,8.46],[50.34,10.0],[49.34,10.5],[50.25,10.55],[50.5,11.0],[49.75,11.39],[49.25,10.78],[49.04,11.0],[47.75,11.01],[47.05,10.75],[46.75,9.97],[45.0,10.06],[44.51,9.75],[44.5,9.52],[44.25,9.89],[43.0,10.38],[42.75,9.85],[41.5,9.57],[39.75,8.7],[40.2,11.0],[39.83,12.25],[39.93,14.0],[39.6,15.0],[38.54,16.0],[38.5,16.88],[38.62,15.0],[38.75,14.71],[39.18,14.75],[38.46,14.0],[38.99,13.75],[39.18,13.0],[38.5,12.34],[38.0,12.49],[38.69,13.25],[38.5,13.6],[38.0,13.38],[37.0,12.53],[36.4,11.0],[36.0,10.59],[35.75,10.75],[35.54,10.5],[35.97,10.0],[35.88,9.75],[34.75,10.2],[34.24,9.5],[34.63,8.5],[34.98,8.25],[35.18,7.25],[34.88,6.75],[35.29,6.5],[34.82,6.0],[35.5,5.51],[36.0,6.09],[36.51,5.0],[36.75,4.9],[37.0,5.18],[37.0,4.1],[38.2,2.75],[37.67,2.0],[38.05,1.5],[37.75,1.3],[37.12,2.25],[37.0,2.84],[36.76,1.75],[36.0,0.17],[35.5,1.47],[34.32,1.25],[34.29,1.0],[34.94,0.5],[35.28,-0.25],[34.76,-0.75],[34.83,-1.25],[35.28,-1.5],[35.24,-2.0],[34.66,-3.0],[35.02,-4.0],[34.38,-4.25],[34.5,-5.01],[34.0,-5.25],[33.5,-4.46],[32.25,-5.49],[31.5,-5.6],[30.5,-5.24],[30.22,-6.0],[30.5,-6.44],[31.31,-6.5],[31.95,-7.5],[31.75,-7.73],[31.25,-7.12],[31.0,-7.04],[30.89,-7.25],[30.98,-8.0],[31.44,-8.75],[31.25,-9.41],[32.25,-9.21],[32.7,-9.5],[32.72,-9.75],[32.34,-10.0],[32.5,-10.38],[33.0,-9.81],[33.18,-10.0],[33.25,-10.56],[33.61,-11.0],[33.48,-12.0],[33.0,-12.29],[32.46,-13.5],[30.75,-15.12],[30.75,-15.34],[31.25,-15.47],[30.8,-15.75],[31.3,-16.0],[31.28,-16.25],[30.5,-16.15],[30.25,-15.72],[29.3,-16.25],[29.76,-17.75],[29.25,-17.63],[28.49,-18.0],[27.45,-20.25],[28.0,-20.75],[27.75,-21.37],[26.5,-21.43],[26.1,-21.75],[25.89,-22.75],[26.28,-23.0],[26.25,-23.39],[25.5,-23.71],[24.5,-22.75],[24.0,-22.66],[24.0,-24.31],[23.02,-23.25],[22.16,-23.0],[22.15,-23.75],[21.6,-24.25],[22.0,-24.39],[22.5,-23.87],[23.25,-24.32],[23.5,-24.02],[23.25,-25.29],[23.75,-25.5],[22.75,-26.57],[22.5,-26.3],[22.36,-26.5],[22.58,-26.75],[22.25,-27.26],[21.5,-27.05],[20.69,-26.0],[21.0,-25.93],[22.07,-26.5],[22.25,-25.25],[22.0,-25.76],[20.25,-25.13],[19.98,-25.75],[19.5,-25.77],[18.52,-24.0],[18.75,-23.72],[20.0,-24.16],[20.5,-23.88],[20.3,-23.25],[19.5,-22.82],[19.0,-22.82],[18.75,-23.13],[18.64,-23.0],[18.49,-22.5],[18.65,-22.25],[19.5,-22.73],[20.11,-22.25],[20.0,-21.64],[19.5,-21.28],[18.75,-21.54],[17.0,-21.56],[16.82,-21.25],[17.0,-20.5],[15.87,-21.0],[15.55,-21.75],[15.98,-22.5],[15.78,-22.75],[16.06,-23.0],[15.69,-24.25],[16.0,-24.49],[15.97,-24.75],[15.34,-25.75],[15.0,-25.77],[14.81,-25.25],[15.13,-24.25],[14.76,-23.25],[15.05,-22.75],[14.82,-22.0],[15.02,-21.5],[14.8,-21.25],[14.17,-21.25],[13.76,-20.75],[13.15,-20.5],[12.75,-19.84],[10.0,-18.1],[9.0,-16.75],[4.0,-12.51],[3.5,-12.57],[0.5,-11.74],[-0.25,-11.79],[-2.5,-10.93],[-4.5,-10.78],[-5.0,-11.06],[-6.0,-11.08],[-6.5,-10.87],[-7.5,-11.07],[-9.25,-10.89],[-11.5,-11.26],[-12.75,-12.0],[-14.47,-12.0],[-14.66,-12.5],[-15.75,-13.28],[-16.75,-13.31],[-17.25,-13.03],[-17.75,-13.35],[-20.25,-12.91],[-21.25,-13.89],[-23.25,-14.76],[-23.75,-14.58],[-24.75,-15.4],[-25.25,-15.46],[-25.3,-16.25],[-26.25,-16.91],[-27.5,-16.48],[-29.71,-17.5],[-30.0,-18.6],[-32.19,-19.5],[-32.37,-20.25],[-32.24,-20.75],[-33.18,-21.75],[-32.76,-22.75],[-32.65,-24.25],[-31.65,-25.5],[-30.5,-26.4],[-29.25,-26.36],[-25.0,-27.52],[-15.0,-28.6],[-12.0,-29.28],[-4.5,-31.44],[-1.5,-32.78],[-0.75,-32.76],[0.5,-33.52],[1.5,-33.74],[3.5,-34.75],[6.5,-35.33],[12.5,-37.16],[14.0,-37.21],[18.0,-38.5],[22.5,-39.03],[27.0,-40.24],[27.75,-40.13],[29.75,-40.58],[31.75,-40.32],[32.75,-40.58],[33.38,-40.25],[33.24,-39.75],[32.25,-38.94],[31.88,-39.0],[31.9,-38.5],[34.5,-38.88],[35.0,-38.21],[36.35,-38.5],[37.11,-39.25],[37.79,-39.5],[38.32,-39.5],[39.0,-38.75],[39.25,-38.77],[48.0,-41.43],[51.75,-42.16],[53.72,-42.25]]}},{"type":"Feature","properties":{"level":1016},"geometry":{"type":"LineString","coordinates":[[-180.0,-38.27],[-178.4,-41.75],[-176.5,-43.8],[-171.5,-47.51],[-168.14,-49.25],[-165.25,-50.05],[-160.75,-50.59],[-157.5,-50.6],[-153.75,-50.2],[-147.0,-48.77],[-142.02,-46.5],[-139.4,-44.5],[-136.75,-41.75],[-135.18,-39.75],[-132.53,-37.75],[-129.88,-36.5],[-122.0,-33.38],[-116.75,-32.58],[-115.0,-32.06],[-113.5,-30.92],[-113.0,-31.03],[-112.75,-30.69],[-112.5,-31.55],[-111.75,-31.35],[-111.0,-31.65],[-109.0,-31.2],[-108.25,-30.71],[-108.0,-30.09],[-107.75,-29.93],[-107.5,-30.34],[-107.25,-30.29],[-106.75,-29.71],[-105.75,-30.76],[-105.71,-30.25],[-106.18,-29.75],[-105.75,-29.17],[-105.15,-29.75],[-105.0,-28.62],[-101.76,-30.25],[-101.81,-30.5],[-100.25,-31.54],[-99.0,-32.82],[-98.5,-33.9],[-97.65,-34.5],[-97.25,-35.44],[-94.5,-37.81],[-92.68,-39.75],[-89.75,-42.15],[-83.5,-48.26],[-79.62,-51.0],[-76.25,-52.62],[-73.5,-53.09],[-72.75,-52.44],[-71.25,-52.53],[-69.93,-52.25],[-66.83,-50.75],[-68.15,-49.5],[-69.0,-49.27],[-70.5,-49.82],[-70.98,-49.75],[-69.8,-49.0],[-69.88,-48.75],[-70.89,-48.5],[-70.62,-48.25],[-70.75,-47.9],[-71.5,-47.83],[-71.76,-47.5],[-71.23,-47.25],[-71.86,-47.0],[-71.82,-46.25],[-71.03,-46.0],[-71.22,-45.75],[-70.94,-45.5],[-71.45,-44.75],[-71.08,-44.5],[-71.59,-43.75],[-71.29,-43.5],[-71.75,-42.58],[-72.31,-42.25],[-71.63,-42.0],[-72.3,-41.5],[-72.16,-40.75],[-72.38,-40.5],[-72.15,-40.25],[-73.0,-39.89],[-73.5,-40.15],[-74.0,-40.84],[-75.0,-40.3],[-77.5,-37.22],[-79.0,-34.61],[-79.27,-33.5],[-79.05,-31.75],[-77.88,-30.0],[-77.67,-29.0],[-76.95,-28.0],[-77.5,-27.25],[-77.26,-26.5],[-77.5,-25.86],[-78.08,-25.75],[-78.06,-25.5],[-78.75,-25.08],[-79.7,-24.0],[-79.75,-23.72],[-78.17,-24.5],[-78.67,-23.75],[-78.4,-23.5],[-79.25,-22.97],[-79.38,-22.25],[-79.73,-22.0],[-80.22,-21.0],[-81.25,-20.35],[-82.0,-20.35],[-83.5,-19.61],[-84.25,-18.9],[-87.0,-18.08],[-88.0,-17.52],[-89.42,-17.25],[-91.3,-16.25],[-94.25,-15.46],[-97.38,-15.25],[-98.25,-14.8],[-98.32,-14.0],[-100.25,-12.94],[-102.75,-13.06],[-104.25,-12.78],[-105.98,-12.25],[-107.25,-11.34],[-107.75,-11.29],[-108.5,-11.36],[-109.0,-11.82],[-110.0,-11.93],[-110.5,-11.65],[-111.0,-12.29],[-112.25,-12.2],[-112.75,-13.57],[-113.5,-13.09],[-113.88,-13.25],[-115.75,-12.81],[-116.5,-13.42],[-117.25,-13.22],[-117.33,-13.5],[-118.0,-13.71],[-119.5,-13.07],[-122.0,-12.71],[-123.25,-12.95],[-123.25,-13.26],[-124.5,-13.2],[-124.75,-13.77],[-127.0,-13.13],[-127.25,-13.6],[-127.75,-13.73],[-129.5,-13.62],[-129.82,-14.25],[-130.25,-14.5],[-132.5,-14.47],[-133.25,-14.58],[-134.25,-15.11],[-135.75,-15.27],[-137.5,-15.12],[-140.5,-16.08],[-143.75,-16.58],[-144.25,-16.95],[-146.5,-17.24],[-147.0,-17.55],[-149.25,-17.38],[-149.75,-17.68],[-154.25,-17.17],[-156.5,-17.35],[-158.25,-16.88],[-165.75,-17.87],[-166.25,-17.51],[-167.0,-17.78],[-173.5,-17.94],[-175.0,-18.29],[-176.5,-18.21],[-180.0,-18.61]]}},{"type":"Feature","properties":{"level":1016},"geometry":{"type":"LineString","coordinates":[[-70.57,-35.25],[-70.5,-35.47],[-69.42,-33.75],[-69.58,-32.5],[-69.9,-32.0],[-69.79,-30.75],[-69.25,-29.31],[-68.93,-29.0],[-68.99,-28.5],[-68.27,-27.75],[-68.25,-26.21],[-68.75,-26.21],[-68.98,-27.0],[-69.47,-27.5],[-70.51,-29.5],[-70.3,-30.0],[-70.6,-30.5],[-70.47,-31.0],[-70.73,-31.25],[-70.19,-33.75],[-70.44,-34.0],[-70.35,-35.0],[-70.57,-35.25]]}},{"type":"Feature","properties":{"level":1016},"geometry":{"type":"LineString","coordinates":[[31.75,-32.79],[31.0,-32.32],[30.76,-31.75],[31.0,-31.25],[32.27,-30.25],[32.16,-29.25],[32.5,-28.88],[33.05,-29.5],[33.14,-31.0],[32.38,-32.75],[31.75,-32.79]]}},{"type":"Feature","properties":{"level":1016},"geometry":{"type":"LineString","coordinates":[[-113.25,-30.94],[-113.25,-30.72],[-113.25,-30.94]]}},{"type":"Feature","properties":{"level":1016},"geometry":{"type":"LineString","coordinates":[[-106.25,-28.77],[-106.25,-28.27],[-106.25,-28.77]]}},{"type":"Feature","properties":{"level":1016},"geometry":{"type":"LineString","coordinates":[[29.5,-28.82],[29.26,-28.75],[29.75,-27.94],[30.53,-28.75],[29.5,-28.82]]}},{"type":"Feature","properties":{"level":1016},"geometry":{"type":"LineString","coordinates":[[151.49,-27.75],[151.86,-27.5],[151.75,-27.35],[151.25,-27.46],[151.0,-27.18],[151.75,-27.22],[152.15,-26.75],[150.74,-25.75],[150.25,-24.9],[148.5,-25.08],[147.75,-24.67],[147.25,-24.82],[146.5,-24.54],[145.75,-24.94],[145.75,-25.3],[145.1,-25.5],[146.0,-25.88],[146.25,-25.62],[146.47,-25.75],[146.18,-26.0],[146.91,-26.5],[146.75,-27.29],[148.25,-27.29],[148.0,-26.67],[148.85,-27.0],[149.0,-27.53],[149.42,-27.5],[149.75,-27.1],[150.0,-27.26],[150.25,-27.11],[151.0,-27.73],[151.49,-27.75]]}},{"type":"Feature","properties":{"level":1016},"geometry":{"type":"LineString","coordinates":[[30.75,-27.32],[31.14,-26.5],[31.5,-26.27],[32.0,-26.35],[32.25,-25.88],[32.77,-26.5],[32.75,-26.87],[31.5,-26.95],[30.75,-27.32]]}},{"type":"Feature","properties":{"level":1016},"geometry":{"type":"LineString","coordinates":[[24.5,-26.01],[24.04,-25.25],[24.25,-24.92],[24.59,-25.5],[24.5,-26.01]]}},{"type":"Feature","properties":{"level":1016},"geometry":{"type":"LineString","coordinates":[[146.75,-25.92],[146.53,-25.75],[146.75,-25.48],[146.75,-25.92]]}},{"type":"Feature","properties":{"level":1016},"geometry":{"type":"LineString","coordinates":[[-69.02,-25.5],[-68.5,-25.54],[-68.25,-24.65],[-67.75,-24.24],[-67.23,-24.25],[-67.08,-23.5],[-67.32,-23.0],[-67.0,-23.06],[-66.65,-22.75],[-66.69,-22.25],[-66.25,-21.5],[-66.33,-20.0],[-65.73,-19.75],[-66.0,-19.0],[-66.5,-18.47],[-66.48,-18.0],[-67.11,-17.0],[-67.5,-16.79],[-67.75,-17.14],[-68.13,-16.75],[-67.69,-16.5],[-68.25,-15.74],[-68.63,-15.75],[-68.75,-16.32],[-69.5,-16.13],[-69.91,-15.75],[-70.19,-15.25],[-70.0,-15.08],[-69.75,-15.03],[-69.25,-15.55],[-68.86,-15.0],[-70.0,-13.83],[-71.25,-13.39],[-71.53,-13.75],[-71.13,-14.25],[-71.18,-14.5],[-71.5,-14.61],[-72.37,-14.25],[-72.15,-13.75],[-72.58,-13.5],[-71.56,-13.25],[-72.0,-12.8],[-73.0,-13.0],[-73.23,-13.25],[-73.0,-13.61],[-73.75,-13.89],[-74.25,-13.39],[-74.63,-12.75],[-74.24,-12.5],[-74.94,-12.25],[-74.82,-11.5],[-75.0,-11.25],[-75.43,-11.25],[-75.75,-10.12],[-76.59,-9.25],[-77.5,-6.98],[-77.75,-6.94],[-77.5,-7.75],[-77.75,-7.95],[-78.25,-7.72],[-78.55,-8.0],[-77.97,-8.75],[-78.08,-9.25],[-77.31,-10.5],[-77.37,-10.75],[-75.3,-14.0],[-73.9,-15.5],[-73.0,-15.54],[-72.75,-15.9],[-72.25,-15.9],[-70.89,-16.75],[-69.75,-18.3],[-69.25,-19.51],[-68.82,-21.75],[-68.18,-22.25],[-68.28,-22.5],[-67.93,-23.25],[-68.0,-23.79],[-68.25,-24.02],[-68.75,-24.0],[-69.0,-24.9],[-69.34,-25.0],[-69.02,-25.5]]}},{"type":"Feature","properties":{"level":1016},"geometry":{"type":"LineString","coordinates":[[-77.29,-25.25],[-77.1,-25.25],[-77.25,-24.72],[-77.29,-25.25]]}},{"type":"Feature","properties":{"level":1016},"geometry":{"type":"LineString","coordinates":[[14.86,-20.25],[15.69,-20.25],[14.94,-20.0],[15.31,-19.5],[14.82,-19.25],[14.78,-18.75],[14.06,-17.75],[13.25,-17.56],[13.0,-17.15],[12.97,-18.0],[13.54,-18.0],[13.36,-18.5],[14.16,-19.25],[14.0,-19.75],[14.86,-20.25]]}},{"type":"Feature","properties":{"level":1016},"geometry":{"type":"LineString","coordinates":[[180.0,-18.61],[179.5,-18.8],[178.5,-18.67],[176.25,-19.47],[172.75,-19.3],[169.75,-19.64],[169.5,-19.42],[169.25,-19.79],[166.25,-19.52],[164.75,-19.77],[163.5,-19.27],[159.75,-18.9],[159.25,-19.32],[158.5,-19.52],[157.25,-18.98],[156.0,-19.26],[154.5,-19.16],[153.5,-19.38],[153.0,-19.2],[150.25,-20.5],[150.16,-20.75],[150.34,-22.25],[151.35,-22.75],[155.75,-27.26],[155.78,-27.75],[155.5,-27.56],[155.31,-27.75],[155.59,-28.25],[156.25,-28.79],[156.5,-28.7],[156.99,-29.0],[158.5,-30.31],[159.75,-30.84],[162.25,-32.83],[163.0,-33.13],[164.25,-34.19],[166.75,-35.69],[171.0,-37.79],[173.5,-38.32],[175.25,-39.0],[177.5,-38.41],[178.5,-37.71],[179.25,-37.73],[180.0,-38.27]]}},{"type":"Feature","properties":{"level":1016},"geometry":{"type":"LineString","coordinates":[[177.97,-18.0],[178.37,-18.0],[178.0,-17.73],[177.97,-18.0]]}},{"type":"Feature","properties":{"level":1016},"geometry":{"type":"LineString","coordinates":[[13.71,-15.5],[14.25,-15.71],[14.24,-14.75],[14.5,-14.59],[15.5,-14.91],[16.37,-14.5],[16.68,-14.25],[16.5,-13.8],[16.95,-13.75],[17.0,-12.97],[17.75,-13.66],[18.0,-13.59],[18.54,-12.75],[17.59,-12.25],[17.75,-11.22],[18.46,-11.5],[18.19,-11.75],[18.5,-12.42],[19.0,-12.53],[19.25,-12.05],[19.52,-12.0],[19.28,-10.75],[18.95,-10.75],[18.75,-10.04],[18.34,-10.0],[18.5,-9.35],[19.78,-8.5],[19.3,-7.5],[19.37,-7.0],[19.0,-6.95],[18.75,-7.18],[18.53,-7.0],[19.17,-6.5],[19.0,-5.49],[18.25,-4.78],[17.67,-5.0],[17.25,-4.41],[16.75,-4.9],[16.5,-4.17],[15.77,-4.5],[15.95,-4.75],[15.45,-5.75],[16.5,-5.68],[16.79,-6.25],[16.25,-6.33],[15.75,-6.98],[15.16,-7.25],[15.41,-9.5],[14.59,-10.75],[14.41,-12.5],[14.69,-13.25],[14.16,-13.75],[14.14,-14.25],[13.15,-15.0],[13.71,-15.5]]}},{"type":"Feature","properties":{"level":1016},"geometry":{"type":"LineString","coordinates":[[33.0,-15.02],[32.97,-14.75],[33.25,-14.84],[33.25,-15.04],[33.0,-15.02]]}},{"type":"Feature","properties":{"level":1016},"geometry":{"type":"LineString","coordinates":[[29.52,-14.25],[29.75,-14.4],[30.53,-13.5],[31.0,-13.39],[31.33,-13.0],[31.75,-11.76],[32.0,-11.73],[32.36,-11.0],[32.27,-10.5],[31.67,-10.75],[31.0,-12.41],[30.25,-13.01],[29.73,-13.0],[29.52,-14.25]]}},{"type":"Feature","properties":{"level":1016},"geometry":{"type":"LineString","coordinates":[[17.25,-9.53],[17.0,-9.04],[16.69,-9.0],[16.43,-8.25],[16.58,-8.0],[16.12,-7.5],[16.25,-7.18],[17.0,-6.83],[17.62,-7.5],[17.6,-8.25],[17.92,-8.75],[17.5,-9.66],[17.25,-9.53]]}},{"type":"Feature","properties":{"level":1016},"geometry":{"type":"LineString","coordinates":[[26.93,-8.75],[27.0,-8.92],[27.76,-8.5],[28.14,-8.25],[28.0,-7.92],[29.0,-7.41],[29.5,-8.0],[30.0,-7.87],[30.16,-7.25],[29.25,-6.61],[28.5,-6.87],[28.0,-7.45],[27.5,-7.28],[27.35,-8.25],[26.93,-8.75]]}},{"type":"Feature","properties":{"level":1016},"geometry":{"type":"LineString","coordinates":[[33.25,-8.78],[32.25,-8.33],[32.0,-7.95],[33.0,-8.32],[33.25,-8.78]]}},{"type":"Feature","properties":{"level":1016},"geometry":{"type":"LineString","coordinates":[[28.69,-4.5],[29.17,-3.5],[29.09,-3.0],[28.79,-2.75],[29.0,-2.6],[29.42,-3.0],[29.57,-3.25],[29.41,-3.75],[29.75,-4.2],[30.6,-3.25],[30.5,-2.78],[30.75,-2.99],[30.75,-2.24],[30.5,-2.68],[30.24,-2.5],[31.12,-1.0],[31.16,0.75],[31.0,0.89],[29.75,0.67],[28.71,-0.5],[28.45,-2.5],[28.66,-2.75],[28.18,-3.5],[28.69,-4.5]]}},{"type":"Feature","properties":{"level":1016},"geometry":{"type":"LineString","coordinates":[[138.28,-4.25],[138.99,-4.25],[138.25,-3.74],[136.68,-4.0],[138.28,-4.25]]}},{"type":"Feature","properties":{"level":1016},"geometry":{"type":"LineString","coordinates":[[-79.08,-3.5],[-78.72,-3.25],[-78.34,-2.25],[-78.26,-1.5],[-77.76,-0.5],[-77.73,0.25],[-76.94,1.0],[-75.75,2.8],[-75.84,3.5],[-75.13,4.75],[-75.25,5.55],[-76.86,1.75],[-77.5,1.16],[-78.0,1.02],[-78.16,0.75],[-78.0,0.39],[-78.53,0.5],[-78.42,0.25],[-79.0,-0.75],[-78.93,-2.25],[-79.49,-3.0],[-79.08,-3.5]]}},{"type":"Feature","properties":{"level":1016},"geometry":{"type":"LineString","coordinates":[[-74.5,3.5],[-74.09,3.75],[-73.62,5.0],[-72.75,5.41],[-71.97,6.5],[-72.75,7.46],[-72.96,7.25],[-72.61,6.5],[-74.04,5.25],[-74.0,4.75],[-74.58,3.75],[-74.5,3.5]]}},{"type":"Feature","properties":{"level":1016},"geometry":{"type":"LineString","coordinates":[[42.69,4.5],[42.75,4.35],[42.75,4.68],[42.69,4.5]]}},{"type":"Feature","properties":{"level":1016},"geometry":{"type":"LineString","coordinates":[[45.44,4.75],[45.75,4.61],[45.81,5.25],[45.25,5.66],[45.44,4.75]]}},{"type":"Feature","properties":{"level":1016},"geometry":{"type":"LineString","coordinates":[[10.15,5.25],[10.6,5.25],[10.44,5.75],[10.75,5.73],[10.94,6.5],[10.0,5.97],[10.15,5.25]]}},{"type":"Feature","properties":{"level":1016},"geometry":{"type":"LineString","coordinates":[[42.46,5.25],[42.75,5.07],[42.96,5.25],[42.29,6.0],[41.64,6.25],[42.46,5.25]]}},{"type":"Feature","properties":{"level":1016},"geometry":{"type":"LineString","coordinates":[[53.94,12.5],[54.1,12.5],[53.94,12.5]]}},{"type":"Feature","properties":{"level":1016},"geometry":{"type":"LineString","coordinates":[[-90.83,14.5],[-90.08,14.5],[-90.53,15.0],[-90.0,15.15],[-90.09,15.5],[-91.11,15.75],[-91.67,16.25],[-91.98,17.0],[-92.9,17.0],[-92.5,16.44],[-91.74,16.0],[-92.0,15.61],[-92.54,15.5],[-91.66,14.75],[-90.83,14.5]]}},{"type":"Feature","properties":{"level":1016},"geometry":{"type":"LineString","coordinates":[[-96.54,16.0],[-95.91,16.25],[-96.12,16.5],[-95.71,17.0],[-96.81,18.5],[-96.71,19.75],[-97.75,20.1],[-99.25,21.56],[-99.63,21.5],[-99.48,22.75],[-99.16,23.25],[-100.25,25.3],[-100.5,25.54],[-100.97,25.25],[-100.63,25.0],[-100.52,24.5],[-100.75,24.18],[-101.0,24.54],[-101.0,23.91],[-101.5,24.17],[-102.0,23.79],[-102.5,23.94],[-103.0,23.65],[-104.25,23.68],[-104.75,23.92],[-104.75,24.77],[-105.06,24.75],[-105.25,25.15],[-105.66,25.25],[-105.43,25.5],[-105.79,26.5],[-106.31,26.75],[-106.7,27.5],[-106.75,29.34],[-107.0,29.18],[-108.22,30.5],[-108.68,30.5],[-108.94,30.0],[-108.7,29.5],[-108.73,29.0],[-109.09,28.5],[-109.03,28.0],[-108.75,27.96],[-108.49,27.25],[-107.75,26.76],[-108.0,26.5],[-107.25,25.89],[-107.15,25.5],[-106.19,24.75],[-106.19,24.25],[-105.68,23.5],[-104.92,23.0],[-104.75,22.21],[-104.5,22.6],[-104.37,22.5],[-104.16,22.0],[-104.25,21.5],[-103.75,22.19],[-103.57,22.0],[-103.75,21.24],[-103.0,21.85],[-102.75,21.63],[-102.2,22.0],[-102.25,21.32],[-103.0,21.25],[-102.96,20.5],[-102.61,20.25],[-103.25,20.2],[-103.5,20.61],[-104.25,20.9],[-104.75,20.78],[-104.79,20.25],[-104.5,19.94],[-104.0,20.38],[-103.85,19.5],[-103.25,19.3],[-102.75,19.66],[-102.25,19.24],[-101.5,19.11],[-101.0,19.42],[-100.5,19.35],[-99.75,18.53],[-99.25,18.88],[-98.0,18.8],[-97.75,17.91],[-98.5,17.45],[-98.75,17.65],[-101.26,18.0],[-100.5,17.43],[-99.25,17.47],[-98.75,17.15],[-98.0,17.11],[-97.25,16.57],[-96.75,16.64],[-96.54,16.5],[-96.73,16.25],[-96.54,16.0]]}},{"type":"Feature","properties":{"level":1016},"geometry":{"type":"LineString","coordinates":[[105.43,18.0],[105.66,18.0],[105.58,18.25],[104.75,18.97],[104.69,18.75],[105.43,18.0]]}},{"type":"Feature","properties":{"level":1016},"geometry":{"type":"LineString","coordinates":[[73.64,19.0],[73.75,18.79],[74.38,19.25],[74.09,20.0],[74.46,20.25],[74.25,21.0],[73.99,21.0],[73.57,20.5],[73.64,19.0]]}},{"type":"Feature","properties":{"level":1016},"geometry":{"type":"LineString","coordinates":[[93.85,21.0],[94.0,20.83],[94.19,21.25],[93.89,22.0],[94.0,24.2],[93.31,22.25],[93.85,21.0]]}},{"type":"Feature","properties":{"level":1016},"geometry":{"type":"LineString","coordinates":[[-140.37,21.25],[-140.22,21.25],[-140.37,21.25]]}},{"type":"Feature","properties":{"level":1016},"geometry":{"type":"LineString","coordinates":[[73.94,21.75],[74.49,21.75],[73.94,21.75]]}},{"type":"Feature","properties":{"level":1016},"geometry":{"type":"LineString","coordinates":[[77.2,22.0],[78.25,21.82],[79.34,22.5],[79.0,22.58],[78.0,22.03],[77.5,22.2],[77.2,22.0]]}},{"type":"Feature","properties":{"level":1016},"geometry":{"type":"LineString","coordinates":[[59.75,22.22],[59.25,23.14],[58.5,23.53],[57.5,23.51],[56.71,24.0],[56.5,24.55],[57.75,24.86],[58.5,24.52],[59.25,24.94],[59.81,24.5],[60.06,23.25],[59.75,22.22]]}},{"type":"Feature","properties":{"level":1016},"geometry":{"type":"LineString","coordinates":[[75.49,22.5],[75.82,22.5],[75.49,22.5]]}},{"type":"Feature","properties":{"level":1016},"geometry":{"type":"LineString","coordinates":[[104.0,22.46],[104.17,22.5],[104.0,22.46]]}},{"type":"Feature","properties":{"level":1016},"geometry":{"type":"LineString","coordinates":[[120.72,22.5],[121.83,24.25],[121.5,24.85],[120.99,24.5],[121.12,24.0],[120.66,23.5],[120.72,22.5]]}},{"type":"Feature","properties":{"level":1016},"geometry":{"type":"LineString","coordinates":[[81.12,22.75],[81.78,22.75],[81.18,23.25],[80.62,23.25],[81.12,22.75]]}},{"type":"Feature","properties":{"level":1016},"geometry":{"type":"LineString","coordinates":[[70.95,23.25],[71.5,23.2],[71.54,23.5],[71.25,23.62],[70.95,23.25]]}},{"type":"Feature","properties":{"level":1016},"geometry":{"type":"LineString","coordinates":[[70.24,23.5],[70.5,23.4],[70.75,23.89],[71.25,23.92],[71.25,24.39],[71.0,24.06],[70.5,24.21],[70.25,23.98],[70.24,23.5]]}},{"type":"Feature","properties":{"level":1016},"geometry":{"type":"LineString","coordinates":[[11.25,23.9],[10.98,24.75],[11.25,25.2],[11.25,23.9]]}},{"type":"Feature","properties":{"level":1016},"geometry":{"type":"LineString","coordinates":[[72.73,24.25],[72.99,24.5],[72.75,24.7],[72.52,24.5],[72.73,24.25]]}},{"type":"Feature","properties":{"level":1016},"geometry":{"type":"LineString","coordinates":[[73.21,24.25],[73.5,24.03],[73.9,24.5],[74.1,25.75],[73.04,24.75],[73.21,24.25]]}},{"type":"Feature","properties":{"level":1016},"geometry":{"type":"LineString","coordinates":[[105.0,24.03],[104.57,24.5],[105.0,24.96],[105.75,24.8],[105.75,25.65],[106.0,25.66],[105.9,25.25],[106.25,25.08],[106.81,25.5],[107.31,25.0],[107.0,24.73],[106.25,24.87],[106.0,24.57],[105.25,24.73],[104.94,24.5],[105.34,24.25],[105.0,24.03]]}},{"type":"Feature","properties":{"level":1016},"geometry":{"type":"LineString","coordinates":[[-180.0,24.49],[-174.5,25.56],[-167.23,29.0],[-165.75,29.56],[-164.25,29.63],[-163.27,29.25],[-163.04,28.75],[-163.18,28.25],[-162.38,27.5],[-162.51,26.5],[-161.5,24.76],[-159.75,24.13],[-158.75,24.27],[-156.25,23.29],[-154.5,22.56],[-152.75,21.19],[-151.5,21.01],[-150.75,20.49],[-148.5,20.6],[-147.5,21.0],[-146.25,20.69],[-145.75,20.85],[-144.0,20.73],[-143.0,21.65],[-142.5,21.67],[-141.75,21.24],[-139.75,21.67],[-138.75,21.42],[-138.0,21.59],[-137.25,21.12],[-136.0,21.2],[-132.75,20.78],[-131.75,20.27],[-130.75,20.1],[-127.5,21.65],[-124.75,22.23],[-123.75,23.56],[-120.78,25.5],[-120.44,26.5],[-119.75,27.42],[-119.82,28.0],[-120.31,28.5],[-120.36,29.25],[-121.6,30.0],[-122.12,30.5],[-122.4,31.25],[-123.84,32.5],[-124.08,33.75],[-123.41,35.75],[-123.5,36.75],[-123.91,37.25],[-124.04,38.25],[-124.52,39.0],[-124.32,40.0],[-123.97,40.0],[-123.5,38.94],[-123.0,38.93],[-122.9,40.25],[-122.5,40.73],[-122.0,40.81],[-120.62,38.5],[-119.0,36.74],[-118.93,37.5],[-119.88,38.25],[-119.56,38.5],[-120.05,39.0],[-119.85,39.25],[-120.16,40.5],[-117.75,41.91],[-117.75,40.92],[-117.25,41.18],[-116.75,41.06],[-116.66,41.25],[-117.06,41.5],[-117.13,42.0],[-117.03,42.25],[-116.36,42.5],[-116.75,43.13],[-117.08,43.0],[-117.3,42.5],[-118.36,42.5],[-117.92,43.0],[-117.96,43.75],[-117.5,44.17],[-116.75,44.49],[-116.25,43.86],[-115.5,43.73],[-115.0,44.06],[-114.75,43.56],[-114.5,43.55],[-113.9,43.75],[-114.25,44.28],[-114.82,44.25],[-114.5,44.86],[-113.5,44.44],[-113.25,45.09],[-112.5,44.72],[-112.56,45.0],[-111.0,45.61],[-110.25,45.32],[-109.75,44.74],[-109.45,44.75],[-109.68,45.25],[-109.5,45.4],[-109.0,45.1],[-108.75,45.27],[-107.75,45.16],[-106.34,44.25],[-106.44,43.75],[-106.25,43.59],[-105.75,43.98],[-105.25,43.63],[-104.25,44.42],[-103.56,44.25],[-103.0,43.52],[-102.69,44.5],[-101.87,45.5],[-101.25,46.76],[-100.67,47.25],[-101.02,49.25],[-101.85,51.0],[-102.5,51.43],[-104.0,51.2],[-104.89,50.25],[-107.25,49.3],[-108.25,48.61],[-108.5,48.55],[-108.75,48.86],[-109.0,48.42],[-110.0,48.7],[-110.75,47.98],[-112.0,47.99],[-112.75,48.98],[-113.0,48.81],[-113.88,49.25],[-114.75,50.92],[-115.75,51.56],[-117.18,51.75],[-116.43,52.0],[-117.0,52.33],[-117.39,53.0],[-118.75,53.85],[-119.17,53.75],[-119.24,53.25],[-120.0,52.67],[-120.66,52.75],[-120.23,52.5],[-120.77,52.0],[-120.56,51.75],[-120.75,51.63],[-122.0,52.09],[-122.5,51.69],[-124.25,51.96],[-125.25,51.45],[-125.2,51.75],[-125.5,51.98],[-126.25,51.5],[-126.46,52.25],[-126.02,52.5],[-126.06,52.75],[-125.79,52.75],[-125.5,52.16],[-125.0,52.59],[-124.0,52.66],[-124.3,53.0],[-124.2,53.25],[-124.6,53.5],[-124.25,53.55],[-124.0,54.03],[-123.5,53.93],[-123.25,53.5],[-122.8,53.5],[-122.5,53.78],[-122.0,53.46],[-121.5,53.76],[-120.75,53.64],[-120.5,53.85],[-120.0,53.56],[-119.41,54.0],[-120.68,54.75],[-120.9,55.0],[-120.66,55.25],[-120.75,55.47],[-122.25,55.86],[-123.0,56.5],[-123.75,56.45],[-124.0,56.21],[-124.45,56.5],[-124.06,55.75],[-124.75,55.44],[-125.0,55.5],[-124.84,55.75],[-125.21,56.0],[-126.5,56.02],[-126.75,56.36],[-127.13,56.25],[-126.89,56.0],[-127.25,55.85],[-127.54,56.0],[-127.32,56.25],[-127.51,56.75],[-128.0,57.11],[-129.22,57.25],[-128.77,57.5],[-129.0,57.92],[-129.5,57.88],[-130.0,57.4],[-131.25,57.36],[-131.41,57.5],[-131.03,57.75],[-131.0,58.06],[-132.75,58.13],[-133.53,57.75],[-133.45,56.5],[-132.75,55.48],[-131.47,54.75],[-130.75,52.81],[-129.25,52.06],[-128.0,51.11],[-127.89,50.25],[-128.09,50.0],[-127.44,49.0],[-127.5,48.2],[-133.25,48.04],[-136.5,47.13],[-143.0,43.55],[-148.75,39.5],[-150.0,38.97],[-152.5,37.19],[-155.5,35.58],[-155.75,35.19],[-155.85,35.5],[-154.26,39.25],[-152.18,41.5],[-151.91,42.25],[-152.14,44.5],[-152.94,45.75],[-154.48,46.0],[-156.0,47.13],[-157.5,47.6],[-161.25,47.66],[-165.5,46.58],[-167.75,44.69],[-169.25,43.96],[-170.25,43.59],[-173.0,43.34],[-174.0,44.04],[-176.42,44.75],[-180.0,46.7]]}},{"type":"Feature","properties":{"level":1016},"geometry":{"type":"LineString","coordinates":[[94.4,25.0],[94.75,24.98],[95.39,25.75],[95.25,26.37],[94.9,25.5],[94.4,25.0]]}},{"type":"Feature","properties":{"level":1016},"geometry":{"type":"LineString","coordinates":[[112.75,25.23],[113.01,25.25],[112.75,25.23]]}},{"type":"Feature","properties":{"level":1016},"geometry":{"type":"LineString","coordinates":[[91.28,25.5],[92.29,25.5],[91.28,25.5]]}},{"type":"Feature","properties":{"level":1016},"geometry":{"type":"LineString","coordinates":[[-89.53,25.75],[-86.12,26.0],[-82.75,27.56],[-82.58,27.0],[-82.25,26.9],[-81.5,27.01],[-81.0,27.44],[-81.0,28.18],[-81.62,28.5],[-81.2,29.5],[-81.66,30.25],[-81.65,31.0],[-81.14,32.0],[-78.82,34.25],[-77.0,34.67],[-76.14,35.5],[-76.53,37.75],[-77.34,39.25],[-77.6,40.25],[-77.5,41.03],[-78.25,41.22],[-79.25,40.88],[-81.0,39.64],[-82.25,38.36],[-85.0,37.27],[-86.38,36.5],[-86.5,36.02],[-87.5,36.03],[-88.5,35.22],[-89.25,35.0],[-90.75,33.41],[-92.97,32.5],[-93.25,31.85],[-93.77,31.5],[-94.05,30.75],[-93.44,30.0],[-93.05,28.5],[-92.49,27.5],[-91.75,26.72],[-89.53,25.75]]}},{"type":"Feature","properties":{"level":1016},"geometry":{"type":"LineString","coordinates":[[40.5,25.73],[40.16,26.0],[40.25,26.16],[41.28,26.0],[41.07,25.75],[40.5,25.73]]}},{"type":"Feature","properties":{"level":1016},"geometry":{"type":"LineString","coordinates":[[101.75,25.62],[101.27,26.25],[101.0,26.09],[100.84,26.5],[101.42,27.0],[102.25,27.09],[102.55,26.5],[101.75,25.62]]}},{"type":"Feature","properties":{"level":1016},"geometry":{"type":"LineString","coordinates":[[56.5,27.2],[56.78,27.25],[56.5,27.2]]}},{"type":"Feature","properties":{"level":1016},"geometry":{"type":"LineString","coordinates":[[58.5,27.24],[58.5,27.79],[59.25,27.76],[59.7,27.5],[59.64,27.25],[59.25,27.15],[58.5,27.24]]}},{"type":"Feature","properties":{"level":1016},"geometry":{"type":"LineString","coordinates":[[120.25,27.19],[120.1,27.75],[120.75,28.12],[120.25,27.19]]}},{"type":"Feature","properties":{"level":1016},"geometry":{"type":"LineString","coordinates":[[102.0,27.5],[101.58,28.0],[101.75,28.55],[102.33,28.25],[102.35,27.75],[102.0,27.5]]}},{"type":"Feature","properties":{"level":1016},"geometry":{"type":"LineString","coordinates":[[-9.25,28.47],[-8.75,28.93],[-8.43,28.75],[-9.25,28.47]]}},{"type":"Feature","properties":{"level":1016},"geometry":{"type":"LineString","coordinates":[[101.0,29.13],[100.5,30.26],[99.66,30.75],[100.15,31.0],[100.25,31.36],[100.5,30.64],[100.75,30.71],[100.75,31.38],[101.29,30.75],[101.0,29.13]]}},{"type":"Feature","properties":{"level":1016},"geometry":{"type":"LineString","coordinates":[[101.5,29.46],[101.35,30.0],[101.56,30.75],[102.0,31.23],[102.5,31.02],[102.25,30.99],[102.01,30.5],[101.58,30.5],[101.5,29.46]]}},{"type":"Feature","properties":{"level":1016},"geometry":{"type":"LineString","coordinates":[[97.25,30.75],[96.5,31.25],[96.62,31.5],[95.77,32.0],[95.71,32.25],[96.27,32.5],[98.2,31.75],[98.0,31.15],[97.96,31.5],[97.5,31.87],[97.25,31.81],[97.46,31.5],[97.37,31.0],[97.62,30.75],[97.25,30.75]]}},{"type":"Feature","properties":{"level":1016},"geometry":{"type":"LineString","coordinates":[[69.25,31.03],[68.78,31.75],[69.0,32.39],[69.88,32.0],[69.58,31.25],[69.25,31.03]]}},{"type":"Feature","properties":{"level":1016},"geometry":{"type":"LineString","coordinates":[[82.0,32.45],[81.81,33.0],[83.39,33.0],[82.89,32.75],[83.36,32.5],[82.75,32.38],[82.25,32.71],[82.0,32.45]]}},{"type":"Feature","properties":{"level":1016},"geometry":{"type":"LineString","coordinates":[[22.5,32.69],[20.75,32.95],[18.5,33.65],[17.75,34.24],[16.75,34.03],[16.49,34.25],[16.84,34.5],[16.25,34.6],[16.14,35.0],[15.02,36.0],[14.96,36.25],[15.77,36.75],[16.75,36.84],[18.03,37.5],[17.8,38.25],[18.06,39.0],[17.97,39.75],[18.75,41.35],[19.5,41.64],[19.75,41.5],[21.5,39.79],[22.0,40.16],[22.5,40.0],[23.75,41.67],[26.0,41.14],[26.5,41.16],[27.25,41.81],[28.0,41.79],[28.75,43.9],[30.15,45.75],[30.0,46.0],[30.72,46.25],[31.67,47.25],[32.25,47.37],[34.25,48.65],[35.5,50.46],[38.0,47.59],[42.09,45.5],[41.99,44.75],[42.64,44.0],[40.5,43.96],[40.29,43.75],[40.5,43.43],[42.7,42.5],[43.1,42.0],[42.12,41.75],[41.0,40.95],[37.5,40.53],[36.5,40.05],[35.71,39.25],[36.29,39.25],[35.75,38.63],[35.29,38.5],[35.47,38.25],[34.25,38.14],[34.11,38.0],[34.53,37.75],[33.7,37.25],[32.5,37.36],[32.3,38.0],[32.0,38.1],[31.53,38.0],[31.5,37.67],[31.25,38.29],[30.5,38.17],[30.36,37.75],[30.0,37.46],[29.68,37.5],[29.5,37.19],[29.25,37.45],[29.08,37.25],[29.47,36.25],[29.75,36.19],[30.5,36.35],[30.75,37.0],[31.0,37.04],[32.75,35.89],[34.75,36.5],[35.75,36.55],[35.75,34.85],[35.5,34.48],[35.1,34.5],[35.15,35.0],[34.75,35.2],[34.12,35.0],[34.0,34.2],[33.4,34.5],[33.95,35.25],[33.25,35.42],[32.5,35.23],[32.0,34.49],[31.46,34.5],[31.5,34.79],[31.0,34.7],[29.5,33.71],[28.75,33.89],[28.37,33.5],[26.5,33.05],[25.0,33.19],[23.0,32.63],[22.5,32.69]]}},{"type":"Feature","properties":{"level":1016},"geometry":{"type":"LineString","coordinates":[[-108.31,33.0],[-107.75,32.92],[-107.75,33.33],[-108.5,33.85],[-108.8,33.25],[-108.31,33.0]]}},{"type":"Feature","properties":{"level":1016},"geometry":{"type":"LineString","coordinates":[[80.5,32.99],[80.25,33.29],[79.5,33.5],[80.5,33.88],[80.6,33.5],[81.21,33.25],[80.5,32.99]]}},{"type":"Feature","properties":{"level":1016},"geometry":{"type":"LineString","coordinates":[[-105.83,35.75],[-105.43,35.75],[-105.25,36.7],[-105.83,35.75]]}},{"type":"Feature","properties":{"level":1016},"geometry":{"type":"LineString","coordinates":[[-121.65,36.25],[-121.3,36.25],[-121.26,36.5],[-121.75,36.59],[-121.65,36.25]]}},{"type":"Feature","properties":{"level":1016},"geometry":{"type":"LineString","coordinates":[[-106.32,36.5],[-106.09,36.75],[-106.21,37.25],[-106.75,38.2],[-107.5,38.15],[-108.22,37.5],[-107.0,37.34],[-106.32,36.5]]}},{"type":"Feature","properties":{"level":1016},"geometry":{"type":"LineString","coordinates":[[-122.31,37.25],[-122.16,37.25],[-122.31,37.25]]}},{"type":"Feature","properties":{"level":1016},"geometry":{"type":"LineString","coordinates":[[174.0,37.25],[173.39,37.75],[173.75,38.34],[174.25,38.45],[175.66,37.75],[175.0,37.35],[174.0,37.25]]}},{"type":"Feature","properties":{"level":1016},"geometry":{"type":"LineString","coordinates":[[-124.5,41.2],[-124.72,41.5],[-124.5,42.25],[-123.98,41.5],[-124.25,41.12],[-124.5,41.2]]}},{"type":"Feature","properties":{"level":1016},"geometry":{"type":"LineString","coordinates":[[-115.75,41.5],[-113.75,42.38],[-113.75,42.66],[-114.25,42.81],[-116.17,42.25],[-116.1,41.75],[-115.75,41.5]]}},{"type":"Feature","properties":{"level":1016},"geometry":{"type":"LineString","coordinates":[[-71.2,42.0],[-64.25,44.01],[-61.97,45.0],[-61.0,45.73],[-59.17,49.0],[-59.52,51.0],[-62.4,53.5],[-62.75,54.06],[-65.75,56.24],[-71.75,58.52],[-74.5,59.1],[-79.25,59.28],[-82.5,59.08],[-85.68,58.25],[-86.75,57.4],[-88.75,56.75],[-89.18,56.25],[-89.35,56.0],[-89.18,55.0],[-86.75,53.7],[-84.75,52.88],[-80.5,52.63],[-78.23,51.25],[-76.38,49.5],[-76.25,48.82],[-75.25,47.98],[-74.25,46.0],[-73.5,46.01],[-73.25,45.7],[-72.5,45.88],[-71.25,45.26],[-71.44,44.25],[-72.07,43.5],[-71.92,42.5],[-71.2,42.0]]}},{"type":"Feature","properties":{"level":1016},"geometry":{"type":"LineString","coordinates":[[141.16,42.5],[141.71,42.75],[141.25,42.78],[141.16,42.5]]}},{"type":"Feature","properties":{"level":1016},"geometry":{"type":"LineString","coordinates":[[180.0,46.7],[177.5,48.3],[174.7,50.5],[173.67,51.0],[170.4,53.75],[169.16,55.25],[168.49,57.25],[169.0,60.26],[169.5,60.6],[170.5,60.57],[172.0,60.97],[175.0,62.52],[177.08,63.25],[177.32,63.5],[176.97,64.0],[177.02,64.5],[178.64,65.5],[178.97,66.0],[180.0,66.3]]}},{"type":"Feature","properties":{"level":1016},"geometry":{"type":"LineString","coordinates":[[-127.5,53.93],[-127.5,54.2],[-127.19,54.25],[-127.39,54.5],[-127.25,54.74],[-126.06,54.25],[-126.25,53.94],[-127.25,53.77],[-127.5,53.93]]}},{"type":"Feature","properties":{"level":1016},"geometry":{"type":"LineString","coordinates":[[-180.0,66.3],[-177.27,67.0],[-177.03,67.25],[-177.05,68.25],[-176.8,69.0],[-177.67,69.75],[-177.47,70.5],[-177.97,71.25],[-180.0,72.38]]}},{"type":"Feature","properties":{"level":1016},"geometry":{"type":"LineString","coordinates":[[180.0,72.38],[174.25,74.31],[164.0,75.79],[157.25,76.1],[152.25,76.05],[147.25,75.74],[143.0,75.17],[139.25,74.23],[132.75,71.93],[131.0,70.5],[128.25,70.55],[125.54,69.0],[124.41,68.0],[123.66,67.25],[122.5,65.25],[120.27,64.0],[117.25,62.72],[108.0,59.76],[103.25,57.8],[102.75,57.31],[101.5,57.0],[101.0,56.61],[99.26,56.5],[97.75,55.85],[94.75,55.62],[92.5,56.18],[89.25,56.17],[88.25,56.47],[88.22,57.0],[87.49,57.25],[86.5,58.27],[84.25,59.58],[78.0,61.61],[72.5,64.2],[69.81,66.0],[68.21,67.5],[66.59,70.25],[65.84,72.0],[64.89,73.25],[60.31,74.75],[60.25,75.01],[58.67,75.0],[58.57,75.25],[59.17,75.75],[59.0,75.81],[49.5,77.04],[42.0,77.61],[30.25,77.54],[27.5,77.26],[21.75,76.15],[18.75,75.13],[16.93,74.0],[15.5,72.75],[14.46,71.5],[14.03,70.25],[14.01,69.0],[13.82,68.5],[13.17,68.0],[13.77,67.25],[13.73,67.0],[13.11,66.5],[11.75,64.6],[10.92,64.0],[10.92,63.25],[9.0,62.5],[8.25,62.44],[6.22,61.25],[5.86,60.75],[6.16,60.25],[5.72,59.25],[6.01,59.0],[5.55,58.25],[5.35,56.75],[4.18,54.75],[2.99,53.5],[-5.5,50.21],[-5.46,50.5],[-5.75,50.74],[-7.0,50.85],[-11.25,51.02],[-15.0,50.79],[-18.63,50.25],[-24.25,48.52],[-28.25,46.73],[-36.57,41.75],[-43.5,37.99],[-47.0,36.41],[-50.5,34.01],[-52.5,33.02],[-53.34,31.5],[-52.94,30.75],[-53.37,30.0],[-53.25,28.98],[-50.0,27.96],[-47.25,27.97],[-46.25,27.31],[-45.25,27.19],[-44.5,26.48],[-43.0,25.75],[-41.75,25.55],[-41.5,25.3],[-36.25,24.69],[-35.25,24.2],[-32.5,24.14],[-32.0,23.78],[-30.5,23.55],[-29.75,24.01],[-28.0,23.73],[-27.0,23.96],[-25.0,23.86],[-24.25,23.48],[-23.0,23.39],[-22.75,22.98],[-22.5,23.33],[-22.25,23.3],[-21.25,22.7],[-20.5,22.9],[-19.0,22.47],[-17.25,22.61],[-16.0,23.75],[-15.25,24.1],[-14.5,23.75],[-14.25,24.16],[-13.98,23.75],[-13.61,23.75],[-12.98,24.5],[-12.5,24.71],[-12.25,24.59],[-11.0,25.64],[-10.0,25.8],[-9.6,26.25],[-9.12,27.5],[-8.5,27.88],[-8.25,27.59],[-7.75,27.88],[-7.0,27.92],[-5.75,27.62],[-5.25,27.99],[-4.25,27.96],[-2.81,29.0],[1.0,30.58],[4.5,30.84],[5.56,30.5],[6.39,28.75],[7.5,28.29],[7.25,27.38],[7.75,27.27],[8.75,28.12],[11.12,27.5],[10.5,26.18],[10.0,26.73],[9.5,26.25],[8.17,26.25],[8.0,25.89],[7.98,26.25],[7.37,26.75],[7.75,26.9],[7.75,27.16],[7.0,27.32],[6.5,26.77],[6.0,27.02],[5.57,26.5],[5.61,26.25],[6.25,25.84],[6.25,25.59],[6.0,25.48],[5.75,25.72],[5.38,25.25],[5.97,24.75],[6.09,24.0],[5.34,23.25],[5.5,22.89],[5.75,22.81],[6.5,23.18],[7.25,23.87],[7.75,23.52],[8.02,24.0],[7.45,24.25],[8.25,24.88],[9.03,24.75],[11.25,23.18],[12.25,23.0],[12.5,22.66],[13.75,23.51],[15.0,23.53],[15.25,22.24],[16.0,21.85],[16.5,20.74],[17.0,20.65],[17.5,20.21],[18.0,20.47],[18.3,19.75],[19.25,19.32],[21.25,19.72],[22.5,19.21],[23.5,18.0],[22.47,17.25],[22.86,16.25],[23.25,16.06],[24.02,16.25],[25.5,18.75],[26.5,19.0],[27.25,18.85],[27.69,19.25],[27.96,20.0],[28.75,20.44],[29.1,22.0],[29.92,23.25],[30.48,25.25],[30.75,25.48],[31.0,25.24],[31.66,25.5],[31.14,27.25],[32.25,27.43],[32.88,28.0],[32.75,29.11],[33.45,29.0],[34.0,28.22],[34.75,29.16],[35.25,28.88],[35.92,28.0],[37.53,27.0],[37.41,27.5],[36.27,28.5],[36.08,29.25],[36.25,29.54],[36.75,29.13],[37.93,29.75],[37.35,31.0],[37.94,31.75],[37.5,32.39],[37.25,32.05],[37.05,32.25],[36.92,33.0],[37.25,33.26],[38.47,33.0],[38.73,32.5],[38.38,32.0],[38.5,31.66],[39.25,31.94],[39.86,33.0],[39.5,33.55],[38.23,33.75],[37.85,34.5],[38.25,35.0],[37.54,35.75],[37.75,36.21],[38.25,36.46],[39.25,36.25],[40.75,36.39],[42.75,36.14],[43.25,35.79],[43.5,36.25],[43.75,35.85],[44.5,35.99],[44.75,35.48],[45.75,35.24],[45.93,33.75],[46.75,32.86],[49.05,32.25],[50.55,30.0],[51.13,29.5],[51.25,28.42],[53.75,26.62],[54.7,26.5],[54.08,26.25],[55.25,25.58],[55.06,26.5],[55.75,26.81],[56.75,26.59],[57.0,27.02],[57.5,26.04],[60.43,25.5],[59.0,25.33],[57.25,25.61],[56.25,26.21],[56.0,26.08],[55.78,25.0],[55.08,24.25],[54.75,23.38],[53.76,22.25],[52.98,20.75],[53.16,20.25],[53.0,19.98],[53.61,19.5],[53.13,18.25],[50.75,17.86],[49.75,17.09],[48.5,16.91],[47.5,16.42],[47.25,16.54],[47.23,16.25],[48.35,15.75],[47.25,15.44],[46.5,14.7],[45.66,15.5],[45.67,15.75],[46.62,16.5],[45.67,17.25],[45.75,17.84],[46.5,18.15],[46.71,18.5],[46.6,19.25],[46.17,19.5],[46.21,20.0],[45.85,20.25],[45.89,20.5],[47.46,21.5],[48.0,22.82],[48.25,22.99],[48.5,22.59],[49.0,23.67],[50.0,23.91],[50.18,24.25],[49.75,24.48],[49.25,25.66],[48.75,25.69],[47.02,27.0],[47.25,27.52],[47.0,27.78],[46.75,27.43],[46.5,28.6],[45.25,28.09],[44.68,28.25],[44.25,28.8],[43.0,28.88],[42.59,28.5],[42.36,27.5],[41.5,27.61],[40.75,27.1],[40.25,26.4],[39.79,26.25],[39.76,25.25],[40.0,24.94],[40.5,24.9],[40.78,24.0],[39.99,23.75],[40.23,23.25],[40.0,23.16],[39.93,22.75],[40.25,22.11],[40.6,22.0],[40.25,21.03],[41.75,19.69],[42.16,18.25],[43.01,17.75],[43.5,16.5],[43.73,14.5],[44.04,14.25],[43.95,13.5],[44.25,13.09],[44.75,13.4],[46.0,13.44],[47.75,14.22],[48.75,14.26],[49.34,14.75],[50.25,15.03],[52.0,15.28],[52.5,15.9],[53.25,15.68],[54.5,14.64],[56.75,14.6],[57.5,14.18],[57.75,14.63],[58.5,14.55],[59.25,15.26],[60.2,15.5],[62.5,17.45],[64.5,17.89],[66.25,18.71],[69.46,20.75],[69.45,22.0],[69.84,22.0],[70.45,22.75],[69.99,23.0],[70.09,23.25],[69.0,23.29],[68.5,23.82],[66.0,23.97],[63.75,24.65],[62.75,25.31],[61.25,25.16],[60.57,25.5],[61.0,25.87],[62.25,26.15],[63.5,26.26],[63.75,26.06],[64.25,26.45],[66.5,27.08],[67.03,27.5],[67.47,30.0],[68.25,29.97],[68.5,30.34],[69.5,30.62],[70.11,31.5],[70.1,32.25],[70.4,32.5],[70.5,33.18],[71.25,32.88],[72.0,32.9],[72.21,32.75],[72.0,32.5],[72.25,32.4],[73.4,32.5],[74.99,31.25],[76.5,31.16],[77.47,29.75],[78.5,28.93],[80.25,28.32],[81.25,28.43],[82.5,27.79],[83.75,27.63],[84.5,27.82],[85.0,27.39],[86.5,26.92],[88.0,26.78],[88.5,26.99],[89.75,26.76],[91.25,27.05],[92.0,26.85],[93.0,27.57],[93.25,27.16],[93.66,27.25],[93.74,27.5],[93.43,28.0],[94.5,28.14],[94.75,28.75],[96.25,27.98],[96.67,27.25],[96.57,27.0],[97.0,26.79],[97.35,27.0],[97.25,27.57],[98.0,27.69],[97.83,26.0],[97.5,25.63],[97.0,25.9],[96.87,25.75],[97.33,25.25],[97.25,24.67],[96.75,25.01],[96.6,24.75],[96.0,24.77],[95.95,24.5],[94.86,23.75],[94.66,23.25],[95.0,22.86],[95.1,23.5],[95.5,23.75],[95.43,23.25],[96.03,23.25],[96.5,21.91],[97.32,22.0],[97.25,21.11],[97.0,21.1],[96.75,21.47],[96.42,21.25],[96.75,20.24],[97.0,20.86],[97.25,20.62],[97.75,21.42],[98.0,21.41],[98.25,22.04],[99.0,22.23],[99.33,21.5],[99.75,22.33],[100.25,22.47],[100.25,23.3],[100.5,23.51],[101.0,23.39],[101.53,23.75],[101.5,24.52],[102.38,24.25],[102.5,23.79],[103.5,24.26],[103.63,24.0],[103.33,23.5],[102.69,23.5],[103.0,23.31],[103.0,22.84],[103.89,22.0],[104.0,21.26],[103.58,21.25],[104.0,21.2],[104.74,20.5],[104.03,20.5],[103.89,20.25],[104.25,19.7],[104.75,19.47],[105.06,20.0],[104.79,20.25],[104.91,20.75],[104.5,21.0],[104.71,21.5],[104.18,22.25],[104.25,22.46],[104.75,22.46],[105.0,22.95],[105.51,23.0],[105.5,22.46],[106.0,22.87],[106.5,22.91],[106.81,23.5],[106.5,23.83],[106.0,23.78],[106.0,24.34],[107.0,24.1],[107.27,24.75],[107.75,24.8],[108.25,25.2],[108.75,24.88],[109.16,25.5],[108.82,25.75],[109.0,25.83],[109.75,25.91],[109.75,25.4],[110.37,25.5],[111.0,24.68],[112.25,25.04],[113.0,24.66],[113.75,25.38],[114.12,25.0],[113.9,24.75],[114.75,24.42],[115.25,24.96],[116.75,25.07],[117.25,25.61],[117.75,25.72],[118.0,25.49],[118.52,25.75],[118.63,26.25],[118.5,26.38],[118.25,26.1],[118.23,26.5],[119.0,26.41],[119.5,27.41],[119.75,27.45],[119.89,27.0],[119.52,26.75],[119.75,25.26],[121.0,25.33],[121.75,24.87],[122.14,25.25],[123.75,28.75],[123.54,30.5],[123.75,32.0],[125.33,35.75],[125.22,37.0],[124.86,37.75],[125.32,38.5],[125.0,39.01],[124.88,40.0],[126.0,40.75],[126.25,41.3],[127.75,42.08],[128.34,43.75],[128.13,44.0],[128.33,44.25],[128.25,44.67],[122.75,45.88],[121.75,46.44],[120.82,47.75],[120.83,48.75],[120.28,49.25],[120.51,49.5],[119.2,50.75],[119.24,51.25],[120.35,52.0],[120.25,52.77],[120.82,53.25],[121.18,54.0],[122.35,54.75],[123.08,56.0],[126.25,57.14],[129.75,56.84],[132.5,57.39],[135.25,58.26],[137.0,58.17],[142.5,58.57],[145.25,58.21],[147.25,57.41],[148.65,56.25],[149.28,54.5],[149.06,53.25],[148.25,51.6],[143.62,46.25],[143.57,45.75],[144.0,45.32],[144.27,44.5],[144.08,43.75],[142.56,43.25],[142.75,42.52],[142.14,42.75],[142.02,42.25],[142.36,42.0],[142.5,41.48],[143.75,41.04],[147.75,41.25],[152.0,40.9],[155.0,40.38],[157.5,39.13],[158.02,38.25],[158.23,37.5],[158.09,37.25],[159.04,34.25],[158.75,33.04],[157.24,30.25],[157.01,28.25],[156.79,28.0],[157.75,25.84],[160.25,24.45],[161.75,24.26],[163.0,24.39],[164.75,23.98],[166.0,24.05],[167.0,23.78],[171.25,23.45],[173.75,23.51],[180.0,24.49]]}},{"type":"Feature","properties":{"level":1016},"geometry":{"type":"LineString","coordinates":[[-45.94,77.25],[-43.75,77.16],[-35.5,77.95],[-33.1,78.5],[-32.74,79.0],[-34.75,80.25],[-40.75,80.64],[-47.0,80.12],[-49.94,79.5],[-50.22,79.25],[-50.24,79.0],[-49.25,78.64],[-48.53,78.0],[-46.75,77.75],[-45.94,77.25]]}},{"type":"Feature","properties":{"level":1020},"geometry":{"type":"LineString","coordinates":[[180.0,-88.14],[152.5,-87.96],[136.19,-87.5],[127.48,-86.5],[126.37,-86.0],[123.08,-85.5],[118.97,-83.5],[116.0,-82.84],[109.0,-82.22],[85.25,-83.35],[78.25,-83.14],[61.25,-83.79],[51.25,-83.79],[50.85,-83.75],[52.72,-83.25],[52.93,-83.0],[52.81,-82.75],[51.3,-82.25],[51.47,-82.0],[50.77,-81.75],[54.0,-81.13],[58.27,-81.0],[55.5,-80.48],[53.25,-79.75],[45.75,-78.3],[43.5,-78.17],[43.16,-78.25],[43.63,-78.75],[41.75,-78.86],[35.25,-77.98],[32.5,-77.18],[31.5,-76.45],[27.0,-75.45],[21.75,-75.77],[20.78,-76.0],[20.89,-76.25],[20.44,-76.5],[18.0,-76.78],[11.5,-76.8],[4.25,-76.27],[2.5,-76.42],[2.0,-76.73],[-0.75,-76.61],[-2.0,-76.81],[-2.53,-77.0],[-1.5,-77.82],[4.75,-80.25],[7.87,-81.0],[8.23,-81.5],[7.0,-81.93],[3.0,-82.55],[-10.72,-83.5],[-9.25,-83.55],[-9.07,-83.75],[-18.08,-85.0],[-18.44,-85.25],[-14.87,-86.0],[-17.73,-86.5],[-24.0,-86.57],[-33.5,-86.28],[-48.0,-86.65],[-56.0,-86.52],[-67.5,-87.57],[-119.75,-88.22],[-149.5,-88.01],[-180.0,-88.14]]}},{"type":"Feature","properties":{"level":1020},"geometry":{"type":"LineString","coordinates":[[12.25,-81.5],[10.15,-81.25],[12.99,-81.25],[12.25,-81.5]]}},{"type":"Feature","properties":{"level":1020},"geometry":{"type":"LineString","coordinates":[[5.6,-75.25],[11.5,-75.32],[12.75,-74.98],[14.75,-75.02],[16.53,-74.75],[15.54,-74.25],[13.5,-74.03],[10.0,-74.05],[5.05,-74.75],[5.6,-75.25]]}},{"type":"Feature","properties":{"level":1020},"geometry":{"type":"LineString","coordinates":[[-3.08,-74.25],[-1.95,-74.25],[-2.5,-74.0],[-3.08,-74.25]]}},{"type":"Feature","properties":{"level":1020},"geometry":{"type":"LineString","coordinates":[[-53.29,-58.25],[-51.75,-58.19],[-49.5,-57.46],[-47.25,-56.0],[-45.44,-53.25],[-44.25,-51.89],[-43.32,-50.25],[-42.03,-49.0],[-40.51,-46.75],[-38.21,-44.25],[-37.16,-41.75],[-37.5,-40.63],[-38.53,-40.0],[-39.0,-39.03],[-39.75,-39.33],[-41.0,-38.81],[-41.75,-38.88],[-42.75,-38.54],[-46.0,-38.18],[-53.25,-38.26],[-54.5,-37.95],[-57.75,-37.98],[-60.64,-40.75],[-61.37,-42.5],[-61.76,-44.25],[-61.39,-47.0],[-60.5,-49.75],[-59.62,-51.0],[-59.66,-51.5],[-58.25,-51.89],[-54.32,-56.0],[-54.74,-58.0],[-53.29,-58.25]]}},{"type":"Feature","properties":{"level":1020},"geometry":{"type":"LineString","coordinates":[[-73.89,-51.0],[-73.5,-50.92],[-72.99,-50.0],[-73.33,-49.5],[-72.98,-49.25],[-73.0,-48.29],[-74.15,-48.25],[-74.5,-49.28],[-75.11,-49.5],[-74.63,-49.0],[-75.45,-48.5],[-75.76,-47.0],[-77.16,-44.75],[-78.29,-42.0],[-82.24,-35.5],[-83.2,-33.0],[-83.45,-31.0],[-84.0,-30.28],[-84.86,-30.0],[-85.0,-28.89],[-85.5,-28.84],[-85.75,-28.35],[-86.25,-28.51],[-87.25,-27.49],[-88.4,-26.75],[-88.75,-25.98],[-89.5,-26.17],[-89.26,-26.5],[-89.5,-26.89],[-91.25,-25.56],[-91.75,-25.6],[-93.25,-24.81],[-94.0,-23.93],[-95.0,-23.39],[-95.25,-23.32],[-95.5,-23.74],[-96.1,-23.75],[-95.56,-24.25],[-95.75,-24.51],[-97.5,-23.75],[-98.07,-24.0],[-98.0,-24.3],[-99.25,-24.18],[-98.8,-25.5],[-98.96,-26.0],[-98.75,-26.31],[-97.41,-26.75],[-97.57,-27.0],[-97.01,-27.75],[-97.5,-28.0],[-97.32,-28.75],[-96.75,-29.52],[-96.22,-29.75],[-95.73,-30.5],[-95.82,-31.0],[-95.25,-31.5],[-95.75,-31.48],[-95.9,-31.75],[-95.47,-32.25],[-95.54,-32.75],[-95.25,-32.45],[-95.0,-32.57],[-94.74,-33.5],[-93.03,-35.5],[-89.75,-38.51],[-86.9,-41.75],[-84.25,-44.0],[-81.0,-46.25],[-79.25,-47.0],[-77.75,-47.99],[-75.25,-50.2],[-74.75,-50.26],[-73.89,-51.0]]}},{"type":"Feature","properties":{"level":1020},"geometry":{"type":"LineString","coordinates":[[137.32,-49.25],[139.0,-49.31],[140.25,-49.03],[141.2,-48.5],[142.5,-47.28],[143.13,-46.25],[143.25,-43.51],[143.51,-42.75],[144.14,-42.0],[144.0,-41.5],[145.26,-40.25],[148.05,-38.25],[147.6,-37.75],[146.26,-37.0],[146.01,-36.0],[144.64,-35.0],[144.72,-33.5],[144.31,-32.75],[144.91,-32.25],[143.8,-31.0],[144.13,-30.5],[143.94,-30.25],[140.61,-29.0],[139.0,-28.78],[137.5,-28.9],[137.32,-29.0],[137.59,-29.25],[137.34,-29.5],[138.49,-30.25],[138.25,-30.53],[137.25,-29.82],[134.75,-28.91],[134.25,-28.48],[133.5,-29.09],[132.75,-29.15],[131.0,-29.15],[129.75,-28.86],[126.5,-29.18],[124.75,-28.88],[122.25,-28.93],[119.5,-29.83],[115.75,-32.06],[113.5,-30.98],[111.5,-30.64],[109.77,-30.0],[109.28,-29.0],[109.25,-28.2],[108.75,-27.94],[108.5,-28.33],[108.45,-27.75],[107.81,-27.25],[107.75,-26.71],[107.34,-26.25],[107.43,-25.5],[106.5,-26.03],[106.08,-25.25],[105.75,-25.24],[105.59,-26.25],[104.75,-26.48],[104.47,-27.25],[104.55,-29.25],[104.24,-29.25],[104.16,-30.5],[104.7,-34.75],[105.5,-37.75],[106.08,-39.25],[107.43,-41.5],[109.32,-43.25],[112.5,-45.19],[114.75,-46.23],[118.0,-47.35],[122.25,-48.4],[127.0,-49.01],[134.0,-48.53],[137.32,-49.25]]}},{"type":"Feature","properties":{"level":1020},"geometry":{"type":"LineString","coordinates":[[-74.07,-47.5],[-73.75,-47.68],[-73.01,-47.25],[-73.1,-46.75],[-72.83,-46.5],[-73.0,-46.32],[-73.75,-46.53],[-73.94,-46.75],[-73.74,-47.25],[-74.07,-47.5]]}},{"type":"Feature","properties":{"level":1020},"geometry":{"type":"LineString","coordinates":[[53.8,-40.75],[61.5,-40.77],[68.25,-39.19],[73.5,-37.5],[77.75,-36.61],[80.25,-35.77],[82.0,-34.49],[83.58,-31.25],[83.87,-28.75],[83.61,-27.25],[82.5,-25.08],[81.56,-24.25],[81.37,-23.5],[80.32,-22.0],[79.25,-21.06],[77.71,-20.5],[77.5,-20.11],[76.88,-20.0],[76.5,-19.51],[74.83,-18.75],[72.85,-18.75],[71.0,-18.08],[69.0,-18.01],[68.25,-17.58],[67.0,-17.56],[66.0,-17.16],[65.25,-17.22],[65.0,-16.97],[62.39,-16.5],[61.5,-15.67],[60.25,-15.67],[59.75,-15.42],[58.75,-15.57],[58.25,-15.25],[57.25,-15.26],[57.0,-14.99],[55.5,-15.32],[53.25,-15.19],[50.36,-13.5],[49.5,-13.51],[48.54,-14.5],[48.74,-15.25],[48.51,-15.75],[47.0,-17.21],[46.25,-17.62],[45.75,-16.94],[45.5,-17.23],[45.61,-17.75],[45.36,-18.5],[45.75,-20.32],[44.88,-21.25],[44.94,-21.75],[43.96,-22.5],[45.0,-23.5],[44.64,-24.0],[45.16,-24.5],[45.47,-25.25],[43.75,-27.09],[40.0,-29.11],[39.86,-30.0],[39.47,-30.5],[39.2,-33.75],[40.65,-36.5],[44.25,-38.56],[49.7,-40.25],[53.8,-40.75]]}},{"type":"Feature","properties":{"level":1020},"geometry":{"type":"LineString","coordinates":[[21.76,-36.0],[22.75,-36.11],[23.75,-35.72],[24.5,-35.9],[24.2,-34.75],[24.34,-34.5],[26.25,-34.54],[26.33,-34.25],[25.5,-33.63],[22.5,-33.66],[22.0,-33.46],[21.75,-33.72],[20.5,-33.76],[20.25,-33.58],[19.5,-33.84],[19.46,-33.25],[19.0,-32.5],[18.36,-32.5],[18.5,-31.96],[18.25,-31.53],[17.75,-31.3],[17.5,-30.87],[17.0,-30.78],[15.67,-29.25],[14.75,-29.3],[15.02,-29.0],[14.95,-28.75],[14.5,-28.73],[14.29,-28.25],[13.5,-27.56],[12.75,-27.67],[12.25,-27.32],[12.0,-26.54],[10.75,-25.65],[10.0,-24.65],[9.67,-24.75],[8.75,-23.93],[8.39,-24.0],[8.25,-24.4],[8.0,-23.69],[6.5,-23.29],[4.0,-21.89],[3.75,-22.07],[3.25,-21.78],[2.75,-21.87],[1.25,-21.44],[-3.5,-21.36],[-9.0,-21.91],[-10.75,-22.32],[-11.5,-22.21],[-12.5,-23.1],[-12.83,-23.0],[-12.98,-23.25],[-12.95,-24.5],[-12.5,-24.94],[-11.25,-25.28],[-8.99,-26.5],[-7.75,-26.78],[-7.5,-26.57],[-6.75,-26.85],[-4.75,-28.23],[-3.0,-28.36],[-0.58,-30.0],[2.0,-30.96],[3.0,-30.89],[5.0,-32.18],[5.5,-31.86],[5.78,-32.25],[6.5,-32.16],[8.25,-33.26],[12.5,-33.95],[16.0,-35.25],[17.0,-35.15],[21.76,-36.0]]}},{"type":"Feature","properties":{"level":1020},"geometry":{"type":"LineString","coordinates":[[-180.0,-35.63],[-176.5,-36.98],[-175.03,-38.0],[-174.38,-38.75],[-173.3,-41.5],[-171.92,-43.75],[-168.56,-46.5],[-166.21,-47.75],[-163.5,-48.7],[-160.5,-49.11],[-157.5,-49.05],[-152.5,-48.43],[-147.16,-47.0],[-144.75,-45.88],[-142.44,-44.25],[-139.89,-41.5],[-138.86,-39.75],[-136.84,-37.25],[-131.53,-33.25],[-129.16,-30.5],[-125.06,-28.0],[-125.25,-27.56],[-125.99,-27.25],[-125.81,-27.0],[-126.07,-26.75],[-124.25,-25.79],[-124.09,-25.5],[-124.25,-25.03],[-124.0,-25.15],[-123.5,-24.48],[-123.0,-24.99],[-122.73,-24.5],[-124.26,-23.0],[-124.0,-22.56],[-123.7,-23.25],[-122.5,-23.78],[-122.1,-23.5],[-122.21,-23.0],[-122.5,-22.99],[-123.0,-22.44],[-124.25,-22.03],[-125.0,-21.37],[-125.5,-21.25],[-125.32,-22.0],[-125.5,-22.48],[-126.85,-21.5],[-126.81,-22.25],[-126.35,-22.75],[-126.5,-22.89],[-127.0,-22.79],[-128.0,-21.96],[-129.0,-21.5],[-128.9,-22.5],[-129.44,-23.0],[-129.25,-23.25],[-129.5,-23.26],[-129.75,-22.11],[-130.09,-22.0],[-130.25,-21.25],[-130.75,-20.56],[-131.25,-21.37],[-132.0,-20.53],[-134.25,-19.57],[-134.44,-20.0],[-134.0,-20.63],[-134.5,-20.63],[-135.0,-21.32],[-135.19,-20.5],[-135.5,-20.26],[-136.25,-21.42],[-136.5,-20.45],[-136.75,-20.31],[-137.0,-20.5],[-137.25,-20.23],[-137.5,-21.21],[-137.75,-21.38],[-138.0,-21.07],[-138.72,-22.0],[-139.0,-21.9],[-139.25,-22.3],[-139.75,-21.7],[-140.39,-22.0],[-140.5,-21.46],[-140.75,-21.9],[-142.0,-22.09],[-145.75,-21.69],[-147.5,-21.78],[-150.0,-21.36],[-151.0,-21.64],[-152.75,-21.44],[-158.25,-22.15],[-159.75,-21.84],[-161.0,-21.94],[-161.5,-21.7],[-162.5,-22.16],[-163.5,-22.09],[-163.75,-21.73],[-166.5,-21.64],[-168.5,-22.02],[-168.75,-21.72],[-174.09,-22.25],[-176.0,-22.84],[-178.25,-22.9],[-179.0,-23.2],[-180.0,-23.08]]}},{"type":"Feature","properties":{"level":1020},"geometry":{"type":"LineString","coordinates":[[26.7,-34.0],[27.07,-34.0],[26.7,-34.0]]}},{"type":"Feature","properties":{"level":1020},"geometry":{"type":"LineString","coordinates":[[27.73,-34.0],[28.0,-33.15],[27.63,-33.5],[27.73,-34.0]]}},{"type":"Feature","properties":{"level":1020},"geometry":{"type":"LineString","coordinates":[[-70.06,-33.5],[-70.0,-33.72],[-69.65,-33.25],[-69.65,-32.5],[-70.07,-32.0],[-69.26,-28.75],[-68.33,-27.75],[-68.5,-27.27],[-68.78,-27.25],[-68.33,-27.0],[-68.5,-26.5],[-69.36,-27.5],[-70.42,-29.5],[-70.17,-30.0],[-70.61,-31.25],[-70.06,-33.5]]}},{"type":"Feature","properties":{"level":1020},"geometry":{"type":"LineString","coordinates":[[28.33,-32.75],[28.5,-33.0],[28.75,-32.89],[28.92,-32.25],[29.67,-31.5],[29.62,-31.0],[29.0,-30.68],[28.0,-31.11],[27.72,-30.75],[27.27,-30.75],[27.58,-31.0],[27.15,-31.25],[28.33,-32.75]]}},{"type":"Feature","properties":{"level":1020},"geometry":{"type":"LineString","coordinates":[[12.59,-27.25],[12.78,-27.25],[12.59,-27.25]]}},{"type":"Feature","properties":{"level":1020},"geometry":{"type":"LineString","coordinates":[[105.0,-27.37],[104.85,-27.25],[105.0,-26.64],[105.21,-27.0],[105.0,-27.37]]}},{"type":"Feature","properties":{"level":1020},"geometry":{"type":"LineString","coordinates":[[-94.25,-26.97],[-94.5,-26.4],[-94.13,-26.75],[-94.25,-26.97]]}},{"type":"Feature","properties":{"level":1020},"geometry":{"type":"LineString","coordinates":[[-89.0,-26.54],[-89.19,-26.5],[-89.0,-26.54]]}},{"type":"Feature","properties":{"level":1020},"geometry":{"type":"LineString","coordinates":[[-96.0,-26.44],[-97.25,-25.31],[-98.01,-25.0],[-97.94,-24.5],[-97.75,-24.37],[-96.69,-25.0],[-96.0,-25.77],[-95.83,-26.25],[-96.0,-26.44]]}},{"type":"Feature","properties":{"level":1020},"geometry":{"type":"LineString","coordinates":[[-126.75,-25.79],[-126.92,-25.75],[-126.42,-25.75],[-126.75,-25.79]]}},{"type":"Feature","properties":{"level":1020},"geometry":{"type":"LineString","coordinates":[[-93.25,-25.78],[-92.98,-25.75],[-93.25,-25.78]]}},{"type":"Feature","properties":{"level":1020},"geometry":{"type":"LineString","coordinates":[[-95.75,-25.5],[-96.04,-25.25],[-96.0,-24.98],[-95.75,-25.5]]}},{"type":"Feature","properties":{"level":1020},"geometry":{"type":"LineString","coordinates":[[-124.25,-24.93],[-124.25,-24.62],[-123.99,-24.75],[-124.25,-24.93]]}},{"type":"Feature","properties":{"level":1020},"geometry":{"type":"LineString","coordinates":[[-124.5,-24.33],[-124.52,-24.0],[-124.25,-23.92],[-124.5,-24.33]]}},{"type":"Feature","properties":{"level":1020},"geometry":{"type":"LineString","coordinates":[[-121.15,-24.25],[-120.75,-24.48],[-120.39,-24.25],[-120.75,-23.7],[-121.0,-23.67],[-121.15,-24.25]]}},{"type":"Feature","properties":{"level":1020},"geometry":{"type":"LineString","coordinates":[[-122.75,-23.4],[-123.0,-23.21],[-123.0,-22.82],[-122.64,-23.25],[-122.75,-23.4]]}},{"type":"Feature","properties":{"level":1020},"geometry":{"type":"LineString","coordinates":[[180.0,-23.08],[177.75,-23.37],[176.0,-23.97],[171.0,-25.04],[170.25,-25.67],[166.25,-25.74],[165.94,-26.0],[165.63,-28.25],[166.75,-30.21],[168.75,-32.19],[170.25,-33.29],[172.0,-33.84],[172.75,-34.49],[173.5,-34.29],[175.25,-34.48],[177.0,-35.1],[180.0,-35.63]]}},{"type":"Feature","properties":{"level":1020},"geometry":{"type":"LineString","coordinates":[[-136.25,-22.07],[-136.5,-21.68],[-136.25,-21.65],[-136.25,-22.07]]}},{"type":"Feature","properties":{"level":1020},"geometry":{"type":"LineString","coordinates":[[-135.75,-21.78],[-135.75,-21.13],[-135.75,-21.78]]}},{"type":"Feature","properties":{"level":1020},"geometry":{"type":"LineString","coordinates":[[-131.75,-22.0],[-131.75,-21.32],[-131.51,-21.75],[-131.75,-22.0]]}},{"type":"Feature","properties":{"level":1020},"geometry":{"type":"LineString","coordinates":[[-139.28,-21.25],[-139.0,-21.28],[-138.87,-21.0],[-139.0,-20.43],[-139.28,-21.25]]}},{"type":"Feature","properties":{"level":1020},"geometry":{"type":"LineString","coordinates":[[-132.5,-21.36],[-132.5,-20.98],[-132.5,-21.36]]}},{"type":"Feature","properties":{"level":1020},"geometry":{"type":"LineString","coordinates":[[-68.59,-21.25],[-68.28,-20.75],[-68.7,-20.25],[-68.67,-19.75],[-68.89,-19.5],[-68.9,-18.0],[-69.52,-17.5],[-69.28,-17.25],[-69.5,-16.78],[-69.81,-16.75],[-70.58,-15.25],[-71.0,-15.06],[-71.5,-15.37],[-72.5,-14.64],[-74.0,-14.36],[-74.74,-13.5],[-74.75,-13.13],[-75.8,-12.25],[-74.75,-14.21],[-73.75,-14.88],[-73.46,-14.75],[-72.86,-15.25],[-72.75,-15.64],[-72.25,-15.53],[-71.2,-16.5],[-70.75,-16.57],[-70.63,-17.0],[-70.18,-17.25],[-69.17,-19.0],[-69.0,-20.3],[-68.59,-21.25]]}},{"type":"Feature","properties":{"level":1020},"geometry":{"type":"LineString","coordinates":[[-126.11,-21.0],[-126.0,-21.16],[-125.84,-21.0],[-126.0,-20.83],[-126.11,-21.0]]}},{"type":"Feature","properties":{"level":1020},"geometry":{"type":"LineString","coordinates":[[-134.81,-20.25],[-134.54,-20.25],[-134.75,-19.89],[-134.81,-20.25]]}},{"type":"Feature","properties":{"level":1020},"geometry":{"type":"LineString","coordinates":[[35.42,-9.75],[36.25,-7.77],[34.18,-9.25],[34.5,-9.65],[35.42,-9.75]]}},{"type":"Feature","properties":{"level":1020},"geometry":{"type":"LineString","coordinates":[[36.87,-6.5],[37.0,-6.74],[37.25,-6.09],[37.56,-6.0],[37.5,-5.28],[37.02,-5.75],[36.87,-6.5]]}},{"type":"Feature","properties":{"level":1020},"geometry":{"type":"LineString","coordinates":[[36.65,-3.25],[36.75,-3.49],[37.5,-3.41],[37.7,-3.0],[37.25,-2.8],[36.65,-3.25]]}},{"type":"Feature","properties":{"level":1020},"geometry":{"type":"LineString","coordinates":[[38.43,6.0],[38.75,5.98],[39.25,6.72],[39.96,6.75],[40.0,7.0],[39.75,7.25],[39.25,6.77],[38.75,6.86],[38.35,6.25],[38.43,6.0]]}},{"type":"Feature","properties":{"level":1020},"geometry":{"type":"LineString","coordinates":[[39.32,9.5],[39.5,9.37],[39.76,9.75],[39.75,10.57],[39.19,9.75],[39.32,9.5]]}},{"type":"Feature","properties":{"level":1020},"geometry":{"type":"LineString","coordinates":[[43.48,17.0],[43.66,18.0],[43.25,18.34],[43.08,18.25],[43.46,17.75],[43.48,17.0]]}},{"type":"Feature","properties":{"level":1020},"geometry":{"type":"LineString","coordinates":[[18.41,20.0],[18.5,19.78],[18.7,20.0],[18.75,21.65],[18.32,21.25],[18.41,20.0]]}},{"type":"Feature","properties":{"level":1020},"geometry":{"type":"LineString","coordinates":[[98.71,24.0],[99.26,24.0],[98.88,24.25],[99.0,24.59],[99.5,24.74],[100.0,24.54],[100.33,25.0],[100.25,25.36],[98.27,24.75],[98.71,24.0]]}},{"type":"Feature","properties":{"level":1020},"geometry":{"type":"LineString","coordinates":[[104.68,26.75],[105.75,26.74],[105.84,27.0],[106.25,27.12],[106.75,27.01],[107.05,27.25],[107.14,27.75],[108.25,28.31],[108.75,28.05],[109.0,28.51],[109.3,28.5],[109.0,29.37],[108.28,29.25],[107.5,28.62],[107.39,28.75],[108.36,29.75],[108.25,29.97],[107.25,29.49],[106.0,28.25],[104.24,28.0],[103.56,28.75],[103.71,29.0],[103.5,29.53],[102.62,29.75],[104.75,31.82],[105.25,31.86],[105.5,31.6],[106.25,31.69],[106.0,30.45],[108.0,30.65],[108.48,31.25],[108.75,31.18],[109.09,30.75],[108.72,30.5],[108.9,30.25],[109.25,30.06],[109.48,30.5],[109.97,30.5],[109.57,30.0],[109.65,29.75],[110.25,29.8],[111.0,29.06],[111.42,29.25],[112.0,30.12],[112.57,30.25],[111.83,30.75],[112.29,31.5],[113.0,31.92],[114.0,31.91],[114.44,33.0],[115.28,33.75],[116.39,35.75],[117.25,36.24],[119.0,36.19],[120.25,37.13],[121.86,37.5],[122.23,39.75],[123.13,41.25],[122.98,41.75],[122.06,43.25],[120.71,43.5],[119.5,44.68],[119.68,45.25],[119.23,45.75],[119.07,46.5],[118.05,47.75],[115.5,48.69],[115.0,49.29],[114.0,49.37],[112.47,49.0],[114.28,48.75],[114.22,48.25],[114.51,47.75],[111.75,47.81],[110.5,48.17],[106.5,47.06],[103.5,45.65],[102.0,45.81],[100.0,47.39],[99.25,47.6],[98.5,47.09],[98.25,47.24],[98.47,47.5],[98.25,47.69],[97.75,47.55],[96.54,48.25],[96.03,49.0],[96.75,49.45],[97.5,49.05],[97.75,49.39],[98.32,49.5],[97.63,50.25],[98.25,50.23],[98.75,50.73],[99.5,50.63],[100.19,51.0],[100.11,51.75],[99.5,52.08],[99.35,53.0],[99.0,53.38],[98.25,53.43],[95.75,54.36],[93.25,54.77],[92.04,54.5],[92.3,54.25],[92.0,53.99],[90.75,53.92],[89.5,54.59],[86.75,55.0],[85.5,55.56],[84.5,56.5],[81.0,58.68],[73.1,62.0],[66.76,65.75],[65.36,66.75],[66.02,67.25],[65.72,68.0],[65.99,68.25],[65.06,68.75],[62.25,71.52],[56.5,73.57],[56.0,74.59],[47.25,75.85],[40.0,76.36],[35.25,76.43],[28.5,76.05],[22.96,74.5],[19.87,72.0],[19.35,70.75],[19.47,70.25],[17.33,69.25],[17.53,69.0],[17.22,68.75],[16.4,68.5],[16.39,68.25],[13.49,66.5],[12.49,64.75],[12.71,64.25],[11.83,63.25],[10.25,62.32],[9.0,62.18],[8.0,61.27],[7.69,60.25],[6.84,59.75],[7.02,58.0],[7.41,57.25],[6.67,54.75],[5.75,53.25],[3.25,51.26],[0.85,50.0],[-7.25,47.71],[-9.0,48.25],[-13.5,48.77],[-19.0,48.03],[-24.62,46.5],[-29.0,44.12],[-31.01,43.5],[-30.71,43.0],[-32.75,42.12],[-35.53,40.5],[-40.51,37.25],[-42.62,35.0],[-42.34,34.5],[-42.7,33.5],[-42.5,33.17],[-42.0,33.08],[-41.5,32.24],[-38.25,32.06],[-37.75,31.71],[-35.0,31.34],[-34.75,30.99],[-34.6,31.0],[-34.72,31.5],[-33.82,31.5],[-33.75,31.2],[-31.5,31.79],[-31.36,31.25],[-32.2,30.5],[-31.14,29.75],[-30.0,29.47],[-28.5,29.67],[-26.0,28.66],[-23.5,28.0],[-23.0,28.41],[-21.75,28.5],[-21.5,29.07],[-20.0,28.59],[-19.75,29.1],[-19.0,29.12],[-18.0,29.77],[-16.5,29.85],[-14.75,30.73],[-14.5,31.1],[-13.25,31.4],[-11.75,32.68],[-9.58,33.75],[-8.0,35.94],[-6.75,36.53],[-5.91,36.0],[-5.5,35.03],[-4.55,34.5],[-4.5,34.0],[-5.4,33.75],[-5.77,33.25],[-5.75,32.75],[-6.25,32.1],[-8.86,31.0],[-8.0,30.86],[-7.78,30.5],[-7.99,30.25],[-7.75,30.09],[-7.29,30.5],[-7.25,31.1],[-6.25,31.27],[-6.1,31.25],[-6.25,31.0],[-5.5,30.97],[-5.37,31.5],[-5.0,31.8],[-2.75,32.26],[-1.75,32.13],[2.9,34.25],[4.0,34.49],[4.58,35.0],[4.19,35.5],[4.5,35.73],[6.25,35.0],[8.75,35.08],[9.87,36.25],[9.17,37.25],[8.88,38.5],[9.67,39.25],[10.17,41.25],[11.5,42.17],[12.75,42.1],[13.25,41.61],[14.73,41.25],[15.0,40.87],[15.33,41.25],[15.25,41.88],[15.62,42.75],[16.25,43.36],[19.5,42.56],[20.75,41.56],[21.5,41.67],[21.5,42.07],[23.19,42.5],[24.07,43.0],[24.25,43.25],[23.75,43.84],[22.5,44.47],[22.66,45.25],[23.5,45.46],[25.75,45.29],[27.23,45.75],[29.38,47.75],[30.22,49.0],[30.79,49.25],[30.87,49.75],[31.26,50.0],[32.03,51.25],[32.5,52.75],[35.75,56.39],[37.25,57.07],[39.0,57.0],[39.25,57.46],[39.75,57.15],[41.5,57.25],[42.15,56.75],[41.2,55.25],[41.02,54.25],[40.39,53.0],[40.32,51.5],[41.12,49.75],[42.75,48.21],[46.48,45.75],[48.0,44.48],[49.7,42.75],[50.06,42.25],[50.18,41.5],[49.86,40.75],[49.25,40.58],[47.5,41.39],[47.35,41.75],[46.5,42.34],[44.25,42.71],[43.99,42.5],[44.26,42.0],[43.75,41.75],[43.5,41.17],[42.69,41.25],[42.95,41.0],[42.5,40.44],[41.5,40.18],[41.0,40.77],[39.56,40.5],[38.85,39.25],[39.51,38.75],[38.96,38.75],[38.81,38.25],[40.0,38.17],[40.75,38.5],[40.72,38.25],[41.25,38.18],[41.73,37.5],[43.0,36.87],[43.5,36.85],[44.0,37.37],[44.75,37.14],[44.76,39.0],[44.12,39.5],[44.4,39.75],[43.75,39.86],[43.38,40.25],[43.75,40.56],[44.5,40.39],[45.0,39.83],[45.41,39.75],[45.38,39.5],[45.89,39.0],[45.89,38.5],[46.42,38.25],[46.48,38.0],[46.07,37.75],[46.09,37.5],[46.5,37.3],[47.25,37.61],[48.25,37.56],[48.53,37.25],[48.25,36.71],[46.75,37.14],[46.64,37.0],[46.69,36.25],[46.18,36.0],[46.52,35.25],[46.44,34.75],[47.09,34.25],[46.93,34.0],[47.5,34.03],[48.54,33.5],[48.24,33.0],[48.75,33.22],[49.34,32.5],[49.75,32.35],[50.25,31.1],[50.5,31.14],[50.95,30.5],[51.5,30.35],[52.22,29.0],[52.75,28.63],[54.25,28.77],[55.5,28.38],[56.0,28.64],[57.0,28.25],[57.75,28.89],[58.25,28.39],[58.65,28.5],[57.0,31.56],[56.7,31.75],[56.62,32.0],[57.0,32.47],[57.54,32.5],[57.25,32.69],[57.0,32.55],[56.55,33.5],[56.75,33.84],[57.5,32.87],[58.25,33.04],[58.84,32.75],[60.42,30.75],[60.46,29.75],[60.0,29.48],[60.47,29.25],[60.75,28.62],[62.12,28.0],[61.75,28.58],[61.07,29.0],[61.25,29.19],[62.89,29.25],[62.75,29.48],[61.75,29.36],[60.97,30.0],[60.54,31.0],[61.08,31.75],[61.13,32.25],[61.78,32.75],[62.02,33.5],[62.5,33.73],[64.5,33.22],[65.5,33.79],[67.25,34.1],[67.0,33.28],[67.25,33.58],[67.5,33.38],[67.87,34.25],[68.6,34.5],[68.49,35.0],[69.5,35.31],[70.0,35.0],[70.25,35.26],[71.0,35.12],[71.75,35.86],[72.25,35.04],[73.0,35.09],[74.31,33.5],[75.5,32.55],[77.25,31.75],[77.5,30.79],[78.0,31.01],[79.5,30.08],[81.38,29.5],[81.75,28.94],[83.0,28.36],[84.25,28.34],[86.5,27.46],[87.25,27.6],[88.25,27.31],[88.5,27.52],[89.0,27.16],[89.75,27.72],[90.25,27.54],[91.25,27.8],[92.5,27.52],[95.23,29.5],[95.0,29.92],[94.44,30.0],[95.0,30.09],[95.6,30.0],[95.51,29.25],[96.42,28.75],[96.25,28.48],[96.71,28.5],[96.41,29.0],[96.75,29.01],[97.25,28.59],[97.1,28.0],[97.25,27.87],[98.15,28.0],[98.08,28.75],[97.25,29.82],[96.0,30.61],[94.75,30.89],[94.5,31.15],[93.25,31.31],[92.25,30.94],[91.25,31.29],[90.74,31.0],[91.0,30.64],[91.75,30.54],[91.8,30.25],[92.27,30.0],[92.0,29.58],[91.38,29.5],[92.25,29.45],[92.5,29.19],[94.0,29.35],[94.25,29.16],[93.75,29.24],[93.0,28.81],[92.0,28.83],[91.85,28.75],[92.18,28.5],[92.0,28.43],[90.78,28.75],[90.75,29.02],[90.5,28.65],[89.0,28.67],[86.55,29.25],[86.5,29.51],[87.61,29.5],[87.25,30.25],[86.5,30.01],[86.25,30.36],[86.0,30.06],[84.25,30.66],[83.57,31.25],[83.75,31.75],[83.25,32.27],[83.02,32.0],[83.34,31.25],[82.75,31.18],[82.0,31.56],[81.0,31.68],[80.25,32.27],[80.0,32.12],[79.25,32.73],[78.24,32.75],[78.57,33.0],[78.36,33.25],[79.17,34.5],[78.83,34.75],[79.5,35.45],[80.58,35.0],[81.0,34.2],[81.5,34.95],[81.85,34.25],[82.25,34.22],[82.28,34.0],[82.24,33.75],[81.69,33.5],[82.25,33.35],[82.83,33.75],[82.61,34.25],[83.21,34.5],[83.04,35.25],[84.25,35.69],[85.06,35.5],[85.0,36.13],[84.67,36.25],[85.0,36.56],[85.36,36.5],[85.07,36.25],[85.4,36.0],[85.43,35.5],[85.82,35.25],[84.75,34.8],[84.25,34.91],[84.12,34.75],[84.42,34.5],[83.9,34.0],[84.44,34.0],[84.75,34.41],[85.25,34.25],[85.0,34.0],[85.25,33.86],[86.0,33.93],[86.25,33.39],[85.75,33.28],[85.5,33.67],[85.05,33.5],[85.25,33.18],[86.25,33.11],[86.25,32.85],[86.0,32.97],[85.83,32.75],[86.0,32.54],[86.5,32.77],[87.0,33.46],[87.16,33.25],[87.0,32.97],[88.25,33.04],[88.44,32.75],[87.0,32.59],[86.98,32.25],[88.5,32.18],[88.73,32.25],[88.75,32.6],[88.76,32.25],[89.16,32.0],[88.77,31.5],[89.5,31.21],[90.0,31.24],[90.25,31.56],[92.0,32.29],[93.5,32.4],[94.48,33.25],[95.0,33.08],[96.0,33.37],[97.25,33.12],[98.0,33.5],[98.75,33.3],[98.92,33.5],[98.35,34.25],[98.75,34.55],[100.0,34.05],[100.75,33.48],[101.55,32.0],[102.5,31.93],[103.33,32.25],[103.32,32.0],[102.85,31.75],[103.17,31.5],[101.98,30.0],[101.86,29.25],[102.5,28.87],[102.61,29.0],[102.28,29.25],[102.5,29.71],[102.91,29.25],[102.72,28.75],[103.19,28.25],[103.2,27.75],[104.68,26.75]]}},{"type":"Feature","properties":{"level":1020},"geometry":{"type":"LineString","coordinates":[[-137.28,27.75],[-133.25,27.8],[-131.75,28.5],[-131.51,29.0],[-129.74,30.5],[-128.76,33.25],[-127.68,38.5],[-128.05,41.75],[-130.0,43.85],[-131.75,44.75],[-133.0,44.96],[-135.5,44.77],[-140.94,42.5],[-145.51,39.25],[-147.5,37.04],[-148.5,35.0],[-148.46,33.25],[-147.88,32.75],[-147.91,32.0],[-147.63,31.25],[-146.75,30.21],[-144.5,29.59],[-142.87,28.5],[-142.0,28.5],[-141.0,27.89],[-140.0,28.13],[-139.0,27.88],[-138.0,28.35],[-137.28,27.75]]}},{"type":"Feature","properties":{"level":1020},"geometry":{"type":"LineString","coordinates":[[66.49,28.5],[66.86,29.0],[66.75,29.62],[66.21,29.0],[66.49,28.5]]}},{"type":"Feature","properties":{"level":1020},"geometry":{"type":"LineString","coordinates":[[87.83,29.5],[88.5,29.89],[88.55,29.5],[88.95,29.5],[89.25,30.08],[90.5,29.39],[90.75,29.5],[90.48,30.0],[90.92,30.5],[90.5,30.54],[90.0,30.18],[89.25,30.34],[88.75,29.96],[88.25,30.02],[87.83,29.5]]}},{"type":"Feature","properties":{"level":1020},"geometry":{"type":"LineString","coordinates":[[-180.0,29.51],[-177.75,29.35],[-175.09,30.0],[-168.0,32.2],[-166.5,33.29],[-166.19,33.0],[-166.25,32.71],[-166.0,32.72],[-162.79,34.5],[-162.0,35.3],[-161.5,35.35],[-160.75,35.95],[-158.75,38.25],[-157.65,40.25],[-158.81,42.25],[-162.25,43.52],[-163.5,43.12],[-165.0,43.1],[-168.75,42.08],[-172.5,41.62],[-178.25,40.24],[-180.0,39.48]]}},{"type":"Feature","properties":{"level":1020},"geometry":{"type":"LineString","coordinates":[[13.16,29.75],[13.25,29.5],[13.5,29.6],[13.74,30.25],[12.5,31.02],[12.38,30.75],[13.16,29.75]]}},{"type":"Feature","properties":{"level":1020},"geometry":{"type":"LineString","coordinates":[[105.1,30.75],[105.5,30.7],[105.97,31.0],[105.25,31.07],[105.1,30.75]]}},{"type":"Feature","properties":{"level":1020},"geometry":{"type":"LineString","coordinates":[[98.13,32.25],[98.75,32.01],[99.93,32.5],[98.75,32.69],[98.25,32.56],[98.13,32.25]]}},{"type":"Feature","properties":{"level":1020},"geometry":{"type":"LineString","coordinates":[[79.99,32.75],[81.0,32.53],[81.16,32.75],[81.0,32.92],[80.5,32.75],[80.0,33.03],[79.99,32.75]]}},{"type":"Feature","properties":{"level":1020},"geometry":{"type":"LineString","coordinates":[[77.25,33.96],[76.7,34.25],[77.8,34.0],[77.75,33.76],[77.25,33.96]]}},{"type":"Feature","properties":{"level":1020},"geometry":{"type":"LineString","coordinates":[[79.07,34.0],[79.9,34.0],[80.13,34.25],[79.5,34.39],[79.07,34.0]]}},{"type":"Feature","properties":{"level":1020},"geometry":{"type":"LineString","coordinates":[[96.5,33.98],[96.33,34.25],[96.64,34.5],[96.43,35.0],[97.0,35.07],[97.39,34.5],[97.23,34.0],[96.5,33.98]]}},{"type":"Feature","properties":{"level":1020},"geometry":{"type":"LineString","coordinates":[[100.0,35.18],[99.69,35.75],[99.81,36.25],[101.57,36.0],[101.0,35.92],[100.75,35.39],[100.25,35.57],[100.45,35.25],[100.25,35.01],[100.0,35.18]]}},{"type":"Feature","properties":{"level":1020},"geometry":{"type":"LineString","coordinates":[[73.5,35.41],[73.25,35.5],[74.31,35.5],[73.5,35.41]]}},{"type":"Feature","properties":{"level":1020},"geometry":{"type":"LineString","coordinates":[[97.5,35.98],[96.25,36.34],[94.75,36.1],[94.5,36.33],[92.75,36.69],[92.11,37.25],[93.25,38.13],[94.25,38.34],[94.8,38.0],[94.79,37.5],[97.0,36.97],[97.75,36.54],[97.76,36.0],[97.5,35.98]]}},{"type":"Feature","properties":{"level":1020},"geometry":{"type":"LineString","coordinates":[[52.75,36.22],[51.1,36.75],[50.5,37.17],[49.5,37.16],[49.25,37.59],[49.75,37.75],[50.25,38.3],[53.0,38.32],[53.75,38.66],[54.5,38.42],[55.0,38.54],[55.93,38.0],[55.25,37.06],[54.0,36.83],[53.5,36.22],[52.75,36.22]]}},{"type":"Feature","properties":{"level":1020},"geometry":{"type":"LineString","coordinates":[[43.5,38.24],[42.99,38.75],[43.25,39.13],[43.5,39.15],[44.08,38.5],[43.75,38.55],[43.5,38.24]]}},{"type":"Feature","properties":{"level":1020},"geometry":{"type":"LineString","coordinates":[[101.0,38.19],[99.14,39.5],[99.25,39.82],[100.25,39.61],[100.75,39.29],[100.75,38.99],[101.4,38.75],[101.29,38.25],[101.0,38.19]]}},{"type":"Feature","properties":{"level":1020},"geometry":{"type":"LineString","coordinates":[[7.0,38.78],[6.4,39.25],[6.5,39.77],[7.5,39.81],[7.95,39.5],[8.0,38.97],[7.0,38.78]]}},{"type":"Feature","properties":{"level":1020},"geometry":{"type":"LineString","coordinates":[[89.0,39.38],[88.77,39.5],[88.88,39.75],[91.25,40.33],[92.07,40.25],[92.21,39.75],[92.8,39.5],[89.0,39.38]]}},{"type":"Feature","properties":{"level":1020},"geometry":{"type":"LineString","coordinates":[[180.0,39.48],[179.25,39.6],[178.0,38.72],[177.5,38.87],[176.82,38.5],[176.7,38.25],[177.16,37.5],[176.73,36.5],[177.12,36.25],[176.25,35.41],[173.5,34.59],[167.35,34.0],[166.75,33.68],[165.25,32.07],[165.25,31.5],[164.77,30.75],[165.08,30.5],[165.19,29.75],[165.5,29.56],[168.25,29.13],[169.25,28.75],[176.25,28.76],[180.0,29.51]]}},{"type":"Feature","properties":{"level":1020},"geometry":{"type":"LineString","coordinates":[[-115.9,44.75],[-115.75,44.59],[-115.0,44.75],[-114.79,45.25],[-115.16,45.5],[-115.25,45.88],[-115.75,45.86],[-116.32,45.25],[-115.9,44.75]]}},{"type":"Feature","properties":{"level":1020},"geometry":{"type":"LineString","coordinates":[[-69.27,45.25],[-68.0,45.04],[-65.98,45.75],[-65.25,46.42],[-65.08,47.0],[-63.8,48.0],[-63.48,49.25],[-63.14,49.5],[-63.31,50.75],[-62.84,51.25],[-62.92,51.75],[-64.25,52.96],[-67.5,55.08],[-71.75,56.67],[-75.25,57.19],[-78.0,56.67],[-78.17,56.5],[-77.73,55.5],[-77.75,54.5],[-76.79,53.75],[-76.25,52.87],[-75.33,52.5],[-74.75,51.64],[-73.73,51.0],[-73.58,50.0],[-73.0,49.18],[-71.69,48.5],[-71.27,48.0],[-71.17,47.0],[-70.48,46.25],[-69.5,45.8],[-69.5,45.4],[-69.27,45.25]]}},{"type":"Feature","properties":{"level":1020},"geometry":{"type":"LineString","coordinates":[[-111.37,45.75],[-110.66,46.0],[-110.88,46.75],[-111.25,46.8],[-111.21,46.5],[-111.5,46.45],[-111.37,45.75]]}},{"type":"Feature","properties":{"level":1020},"geometry":{"type":"LineString","coordinates":[[-115.47,46.25],[-114.75,46.21],[-114.28,47.0],[-114.96,47.5],[-114.72,47.75],[-114.85,48.0],[-115.5,48.4],[-116.58,47.25],[-115.84,47.0],[-116.13,46.75],[-115.5,46.5],[-115.47,46.25]]}},{"type":"Feature","properties":{"level":1020},"geometry":{"type":"LineString","coordinates":[[94.25,46.24],[93.5,46.91],[93.01,47.0],[93.25,47.37],[94.0,47.29],[94.25,46.83],[94.75,47.21],[95.55,47.25],[95.5,47.07],[95.0,47.23],[95.0,46.12],[94.25,46.24]]}},{"type":"Feature","properties":{"level":1020},"geometry":{"type":"LineString","coordinates":[[-113.1,46.5],[-112.44,46.5],[-112.33,47.0],[-113.07,47.25],[-112.89,48.0],[-113.25,48.4],[-113.76,48.5],[-114.22,49.25],[-114.7,49.5],[-114.58,50.0],[-114.75,50.29],[-115.17,50.25],[-115.35,50.0],[-114.79,49.5],[-114.85,49.25],[-114.55,49.0],[-114.68,48.75],[-113.88,48.0],[-113.89,46.75],[-113.1,46.5]]}},{"type":"Feature","properties":{"level":1020},"geometry":{"type":"LineString","coordinates":[[92.25,47.23],[91.25,47.94],[91.25,48.39],[92.36,47.75],[92.67,47.25],[92.25,47.23]]}},{"type":"Feature","properties":{"level":1020},"geometry":{"type":"LineString","coordinates":[[111.28,48.5],[111.75,48.33],[112.32,48.5],[112.0,48.67],[111.28,48.5]]}},{"type":"Feature","properties":{"level":1020},"geometry":{"type":"LineString","coordinates":[[-121.36,48.75],[-121.0,48.51],[-120.75,48.89],[-120.25,48.98],[-120.16,49.25],[-120.46,49.5],[-120.14,49.75],[-120.5,49.94],[-120.75,49.64],[-121.25,50.02],[-121.5,49.93],[-121.68,49.5],[-121.35,49.25],[-121.36,48.75]]}},{"type":"Feature","properties":{"level":1020},"geometry":{"type":"LineString","coordinates":[[92.0,48.59],[91.8,48.75],[91.99,49.0],[91.63,49.25],[91.73,49.75],[92.53,49.0],[92.0,48.59]]}},{"type":"Feature","properties":{"level":1020},"geometry":{"type":"LineString","coordinates":[[97.71,48.75],[98.63,48.75],[97.55,49.0],[97.71,48.75]]}},{"type":"Feature","properties":{"level":1020},"geometry":{"type":"LineString","coordinates":[[91.25,50.46],[90.4,50.75],[91.5,50.79],[91.25,50.46]]}},{"type":"Feature","properties":{"level":1020},"geometry":{"type":"LineString","coordinates":[[100.33,52.0],[100.67,52.0],[100.8,52.5],[100.48,53.0],[99.52,52.75],[99.54,52.5],[100.33,52.0]]}},{"type":"Feature","properties":{"level":1020},"geometry":{"type":"LineString","coordinates":[[36.74,56.5],[37.02,56.5],[36.74,56.5]]}},{"type":"Feature","properties":{"level":1020},"geometry":{"type":"LineString","coordinates":[[127.0,64.74],[127.0,64.95],[127.0,64.74]]}},{"type":"Feature","properties":{"level":1020},"geometry":{"type":"LineString","coordinates":[[128.0,64.69],[127.72,65.0],[128.0,65.15],[129.75,65.02],[130.03,64.75],[128.0,64.69]]}},{"type":"Feature","properties":{"level":1020},"geometry":{"type":"LineString","coordinates":[[-180.0,67.47],[-179.52,68.0],[-180.0,68.51]]}},{"type":"Feature","properties":{"level":1020},"geometry":{"type":"LineString","coordinates":[[180.0,68.51],[176.25,69.8],[173.15,70.25],[167.38,72.75],[164.5,73.51],[161.75,73.94],[156.75,74.36],[151.75,74.31],[148.0,73.88],[142.5,72.8],[140.05,72.0],[138.72,71.0],[138.42,70.5],[137.68,70.25],[135.75,70.21],[133.4,69.75],[133.25,69.11],[131.75,68.28],[131.29,67.25],[131.48,67.0],[130.7,66.25],[131.03,65.75],[130.5,65.11],[129.4,66.0],[128.49,66.25],[128.25,66.63],[126.6,66.5],[126.49,66.25],[127.21,66.0],[126.32,65.5],[126.86,65.0],[126.28,64.25],[126.84,63.5],[126.84,63.0],[125.0,61.96],[123.36,61.75],[122.75,61.31],[121.0,61.29],[118.0,60.58],[117.39,60.25],[117.74,59.75],[117.21,59.5],[115.75,59.75],[112.75,59.63],[108.75,58.15],[107.75,57.28],[106.75,55.73],[104.7,55.25],[104.42,54.75],[105.0,54.47],[105.51,53.75],[105.36,53.25],[105.68,53.0],[106.36,53.0],[105.25,51.91],[103.89,51.75],[104.25,51.44],[104.75,51.47],[107.25,52.28],[107.4,52.0],[106.81,51.5],[107.25,51.12],[108.75,51.14],[108.5,51.41],[107.72,51.5],[108.0,51.7],[111.25,51.52],[109.75,51.41],[108.81,51.0],[112.25,51.29],[112.31,51.0],[113.0,50.91],[114.5,50.15],[114.13,50.5],[114.94,51.0],[114.02,52.0],[114.23,52.5],[115.0,53.11],[116.75,53.74],[117.5,53.69],[118.24,54.5],[118.25,54.76],[117.0,54.84],[116.58,55.25],[117.75,55.79],[118.57,55.75],[118.59,56.0],[119.5,56.38],[120.39,56.25],[121.0,56.91],[122.5,56.73],[123.75,57.82],[126.5,58.28],[127.0,58.88],[129.99,59.75],[130.05,60.0],[132.0,60.33],[136.25,61.77],[136.68,61.25],[136.85,60.5],[137.53,60.25],[137.11,59.75],[137.25,59.49],[139.0,59.23],[142.25,59.37],[143.5,59.77],[147.75,58.57],[149.3,57.75],[150.1,57.0],[151.36,54.75],[151.47,53.25],[151.0,52.16],[148.14,47.75],[147.93,46.75],[148.52,45.5],[148.25,45.49],[147.88,45.0],[148.0,44.82],[150.95,43.25],[157.5,41.11],[161.55,38.75],[163.75,38.08],[165.0,38.25],[167.5,37.88],[170.0,38.36],[172.25,39.18],[174.0,40.3],[174.85,40.5],[175.75,41.19],[177.0,41.67],[177.94,42.25],[178.76,43.25],[178.28,43.75],[178.25,44.35],[176.44,46.0],[170.6,49.75],[169.63,51.0],[169.37,51.75],[168.34,52.75],[166.76,55.0],[165.45,57.75],[165.08,59.25],[165.5,60.02],[166.0,60.33],[167.76,60.75],[167.5,61.05],[170.25,61.72],[172.0,61.7],[173.42,62.5],[173.31,62.75],[173.51,63.0],[173.29,63.25],[173.99,64.0],[172.99,65.0],[172.89,65.75],[173.25,66.08],[174.5,66.4],[174.75,66.07],[176.25,66.77],[177.53,66.75],[178.25,67.23],[180.0,67.47]]}},{"type":"Feature","properties":{"level":1020},"geometry":{"type":"LineString","coordinates":[[-43.84,77.5],[-42.5,77.46],[-38.9,78.0],[-36.5,78.45],[-36.16,78.75],[-38.0,79.73],[-41.25,79.97],[-45.0,79.36],[-45.99,78.75],[-45.25,78.5],[-44.75,77.95],[-43.84,77.5]]}},{"type":"Feature","properties":{"level":1024},"geometry":{"type":"LineString","coordinates":[[180.0,-88.36],[146.75,-88.25],[119.25,-87.12],[117.5,-86.96],[115.98,-86.25],[116.44,-86.0],[116.09,-85.5],[116.19,-85.25],[115.45,-84.5],[108.0,-83.49],[101.0,-83.5],[83.5,-84.54],[62.0,-84.69],[61.09,-84.75],[61.12,-85.0],[62.5,-85.25],[62.47,-85.5],[57.34,-86.0],[57.62,-86.25],[55.05,-86.75],[48.25,-87.02],[38.25,-87.02],[29.53,-86.5],[26.47,-86.0],[24.25,-85.23],[19.5,-84.7],[18.41,-84.25],[18.75,-83.83],[20.04,-83.5],[26.75,-83.19],[30.5,-83.37],[34.0,-83.08],[34.4,-83.0],[34.43,-82.75],[33.11,-82.25],[40.93,-81.5],[40.77,-81.25],[38.89,-80.5],[41.0,-80.23],[44.25,-80.53],[45.13,-80.25],[43.0,-79.55],[36.25,-78.75],[32.5,-77.83],[31.0,-76.88],[28.73,-76.0],[26.5,-75.71],[24.5,-76.28],[20.75,-76.82],[9.08,-77.25],[8.68,-77.5],[8.72,-77.75],[8.16,-78.0],[8.25,-78.33],[6.56,-78.75],[7.43,-79.0],[7.98,-79.5],[9.75,-79.45],[12.92,-80.25],[23.5,-81.38],[27.11,-82.0],[27.3,-82.25],[25.5,-82.47],[20.5,-82.25],[17.5,-82.52],[15.75,-83.18],[11.0,-83.13],[8.0,-83.57],[-2.0,-84.12],[-3.08,-84.25],[-3.06,-84.5],[-3.9,-84.75],[-6.75,-85.25],[-6.97,-85.5],[-1.49,-86.25],[-0.79,-86.75],[-3.0,-87.06],[-24.75,-87.85],[-31.49,-87.75],[-36.25,-87.25],[-40.75,-87.17],[-72.0,-87.99],[-118.5,-88.35],[-180.0,-88.36]]}},{"type":"Feature","properties":{"level":1024},"geometry":{"type":"LineString","coordinates":[[45.83,-79.25],[46.93,-79.25],[45.83,-79.25]]}},{"type":"Feature","properties":{"level":1024},"geometry":{"type":"LineString","coordinates":[[10.61,-74.5],[13.62,-74.5],[10.61,-74.5]]}},{"type":"Feature","properties":{"level":1024},"geometry":{"type":"LineString","coordinates":[[-53.79,-51.5],[-52.25,-51.7],[-50.25,-51.38],[-48.75,-50.68],[-47.0,-49.47],[-45.23,-47.75],[-43.54,-45.25],[-43.05,-43.75],[-43.51,-42.5],[-45.17,-41.25],[-48.5,-40.67],[-55.5,-42.22],[-56.75,-42.8],[-57.41,-43.5],[-57.73,-44.5],[-57.88,-46.5],[-57.53,-48.0],[-57.13,-49.0],[-56.01,-50.25],[-55.0,-51.0],[-53.79,-51.5]]}},{"type":"Feature","properties":{"level":1024},"geometry":{"type":"LineString","coordinates":[[-160.78,-47.25],[-157.75,-47.28],[-153.25,-46.58],[-149.25,-45.4],[-146.48,-43.75],[-143.9,-40.75],[-142.77,-38.75],[-142.77,-38.25],[-141.72,-36.0],[-140.09,-33.75],[-139.39,-31.75],[-139.66,-30.5],[-140.42,-29.75],[-140.56,-29.0],[-141.0,-28.79],[-142.0,-29.04],[-147.75,-27.27],[-150.0,-27.32],[-151.75,-26.55],[-157.5,-26.5],[-158.5,-26.16],[-163.25,-26.17],[-164.0,-26.45],[-165.25,-26.35],[-166.75,-26.68],[-169.75,-26.73],[-171.5,-27.71],[-173.09,-28.0],[-173.25,-29.16],[-170.0,-31.4],[-168.42,-33.75],[-167.83,-36.0],[-168.5,-39.0],[-168.48,-40.25],[-167.96,-42.25],[-167.53,-43.0],[-164.16,-46.0],[-162.5,-46.85],[-160.78,-47.25]]}},{"type":"Feature","properties":{"level":1024},"geometry":{"type":"LineString","coordinates":[[125.35,-46.5],[128.25,-46.62],[132.5,-46.0],[136.5,-46.47],[138.25,-46.11],[139.75,-44.94],[140.75,-43.57],[141.92,-41.0],[143.68,-38.75],[143.25,-38.25],[143.47,-37.75],[142.38,-37.0],[142.46,-36.25],[140.5,-35.53],[139.85,-34.5],[139.0,-34.54],[137.89,-33.5],[138.0,-33.0],[136.75,-32.93],[135.75,-33.33],[134.25,-32.55],[133.5,-31.68],[131.75,-31.44],[130.75,-31.04],[128.25,-30.99],[127.25,-31.28],[124.0,-31.54],[123.25,-31.75],[122.0,-32.78],[121.0,-32.8],[117.0,-34.23],[116.81,-34.5],[117.11,-34.75],[116.5,-34.98],[115.0,-34.74],[113.75,-34.11],[111.64,-34.25],[109.34,-36.0],[108.84,-37.5],[109.25,-39.21],[110.49,-41.0],[113.25,-43.32],[116.22,-44.75],[118.5,-45.47],[122.75,-46.28],[125.35,-46.5]]}},{"type":"Feature","properties":{"level":1024},"geometry":{"type":"LineString","coordinates":[[56.47,-39.25],[59.75,-39.27],[65.25,-38.39],[76.3,-34.75],[77.86,-33.5],[78.16,-32.75],[78.78,-32.25],[79.51,-31.0],[79.73,-28.75],[79.28,-28.25],[79.19,-27.5],[78.57,-26.5],[77.25,-25.29],[75.25,-24.75],[73.25,-23.53],[69.75,-22.33],[63.75,-21.55],[61.5,-21.67],[59.52,-21.25],[57.75,-20.47],[57.25,-20.68],[55.75,-20.51],[55.11,-21.0],[55.48,-21.5],[55.0,-21.61],[54.5,-21.25],[54.39,-20.75],[54.0,-20.62],[53.0,-20.92],[49.25,-21.18],[48.75,-20.22],[48.5,-20.65],[48.33,-20.0],[48.81,-19.5],[48.89,-18.0],[47.89,-18.0],[47.5,-19.45],[47.25,-19.21],[47.09,-19.5],[47.24,-20.0],[46.9,-22.5],[46.75,-22.77],[46.23,-22.5],[46.5,-23.72],[47.0,-24.25],[47.25,-24.1],[47.75,-24.55],[47.88,-25.75],[47.5,-26.79],[44.25,-32.19],[44.35,-35.25],[47.0,-37.25],[48.5,-38.02],[52.5,-38.87],[56.47,-39.25]]}},{"type":"Feature","properties":{"level":1024},"geometry":{"type":"LineString","coordinates":[[-70.32,-31.75],[-69.95,-31.75],[-69.93,-30.75],[-69.67,-30.5],[-69.34,-28.75],[-69.0,-28.11],[-69.78,-28.5],[-70.34,-29.5],[-70.08,-30.0],[-70.49,-31.25],[-70.32,-31.75]]}},{"type":"Feature","properties":{"level":1024},"geometry":{"type":"LineString","coordinates":[[87.96,27.5],[89.14,27.75],[89.17,28.0],[86.0,28.44],[85.25,28.65],[85.0,29.12],[83.75,29.43],[83.08,29.0],[83.01,28.75],[83.25,28.59],[84.0,28.43],[85.0,28.58],[86.5,27.67],[87.0,27.6],[87.5,27.83],[87.96,27.5]]}},{"type":"Feature","properties":{"level":1024},"geometry":{"type":"LineString","coordinates":[[90.03,28.0],[90.25,27.79],[90.75,27.87],[91.0,28.42],[91.26,28.5],[90.0,28.4],[89.77,28.25],[90.03,28.0]]}},{"type":"Feature","properties":{"level":1024},"geometry":{"type":"LineString","coordinates":[[57.16,29.25],[57.46,29.25],[57.25,29.66],[56.31,29.5],[57.16,29.25]]}},{"type":"Feature","properties":{"level":1024},"geometry":{"type":"LineString","coordinates":[[80.94,29.75],[81.5,29.75],[81.75,30.04],[83.0,29.64],[82.83,30.25],[83.75,30.45],[84.5,29.74],[84.92,30.0],[83.5,30.91],[82.25,30.91],[80.75,31.54],[81.0,31.08],[81.93,30.75],[80.09,30.75],[78.75,31.64],[78.08,31.25],[79.0,30.62],[79.71,30.5],[79.75,30.15],[80.5,30.11],[80.94,29.75]]}},{"type":"Feature","properties":{"level":1024},"geometry":{"type":"LineString","coordinates":[[92.41,30.25],[93.5,30.05],[94.25,30.37],[95.5,30.31],[95.66,30.5],[94.5,30.73],[94.25,31.01],[93.0,30.72],[92.41,30.25]]}},{"type":"Feature","properties":{"level":1024},"geometry":{"type":"LineString","coordinates":[[77.48,31.75],[78.0,31.51],[78.29,31.75],[76.52,34.0],[75.5,34.35],[75.27,34.0],[75.5,33.35],[75.89,33.25],[75.75,32.86],[76.25,32.85],[76.5,32.25],[77.25,32.17],[77.48,31.75]]}},{"type":"Feature","properties":{"level":1024},"geometry":{"type":"LineString","coordinates":[[104.08,32.25],[104.82,32.5],[105.48,33.25],[104.75,33.98],[104.0,33.96],[103.5,34.48],[103.25,34.43],[102.75,33.75],[102.8,33.0],[103.25,32.81],[103.75,33.02],[104.08,32.25]]}},{"type":"Feature","properties":{"level":1024},"geometry":{"type":"LineString","coordinates":[[91.41,32.5],[91.77,32.5],[92.47,33.25],[91.99,33.25],[91.41,32.5]]}},{"type":"Feature","properties":{"level":1024},"geometry":{"type":"LineString","coordinates":[[-17.79,34.0],[-17.0,33.77],[-16.25,33.89],[-15.75,34.54],[-14.25,35.5],[-13.25,36.93],[-12.5,37.28],[-11.0,39.01],[-9.67,40.0],[-9.0,41.3],[-8.25,40.89],[-7.88,41.75],[-6.5,42.13],[-5.75,42.61],[-3.75,42.89],[-3.73,43.25],[-5.02,43.75],[-5.35,44.75],[-7.25,44.58],[-9.5,43.21],[-11.71,40.75],[-11.75,40.27],[-12.0,40.17],[-12.12,40.75],[-12.5,40.84],[-14.75,39.41],[-15.75,39.34],[-15.85,39.5],[-15.0,40.89],[-13.92,41.5],[-13.5,42.1],[-13.21,44.5],[-13.75,45.01],[-14.5,45.24],[-17.0,45.56],[-18.25,45.43],[-21.0,44.77],[-24.75,43.29],[-25.5,43.25],[-30.25,41.04],[-29.91,40.75],[-30.0,40.53],[-31.0,40.27],[-30.91,40.0],[-31.53,39.75],[-31.53,39.25],[-32.25,38.75],[-32.22,38.5],[-33.37,38.0],[-32.9,37.75],[-33.81,36.75],[-33.25,36.21],[-32.5,36.61],[-31.75,36.57],[-31.59,36.0],[-30.75,35.75],[-29.5,36.33],[-26.0,36.46],[-25.0,36.78],[-20.5,37.13],[-20.1,37.0],[-19.96,35.75],[-19.37,35.0],[-19.58,34.25],[-17.79,34.0]]}},{"type":"Feature","properties":{"level":1024},"geometry":{"type":"LineString","coordinates":[[60.38,34.5],[60.83,34.5],[60.99,35.0],[61.25,35.04],[62.25,34.72],[63.68,34.75],[62.75,35.16],[62.5,35.02],[62.37,36.0],[62.75,36.53],[63.92,36.5],[63.29,37.0],[63.53,38.25],[63.41,38.75],[63.79,39.75],[65.0,40.37],[66.75,40.24],[68.35,39.5],[67.5,39.25],[67.06,38.75],[67.02,38.25],[68.75,38.75],[70.0,38.67],[70.5,38.37],[71.0,38.56],[71.0,38.31],[70.49,38.0],[70.5,37.65],[71.0,37.91],[71.1,38.25],[71.5,38.33],[71.94,38.0],[71.84,37.5],[72.5,37.11],[72.85,37.5],[72.72,37.75],[73.37,38.0],[73.0,38.35],[74.5,38.57],[74.86,37.5],[73.75,37.22],[73.25,37.48],[72.96,37.0],[73.09,36.75],[74.75,36.33],[74.68,36.0],[75.0,35.75],[75.25,35.85],[76.5,35.42],[77.0,34.95],[77.5,34.95],[78.0,34.43],[78.17,34.5],[77.69,35.5],[77.97,36.0],[78.75,35.65],[79.25,35.85],[81.0,35.11],[82.0,35.28],[82.93,35.75],[82.75,35.91],[81.61,35.75],[82.03,36.0],[84.0,36.41],[85.3,37.0],[85.25,37.17],[84.75,37.15],[83.5,36.71],[82.25,36.63],[81.5,36.25],[80.72,36.25],[80.25,36.68],[79.91,36.25],[78.75,36.99],[77.0,37.39],[76.45,38.0],[76.5,38.38],[74.98,39.5],[76.0,40.01],[79.5,40.69],[79.68,41.0],[79.23,41.25],[79.5,41.48],[82.25,41.22],[84.53,42.0],[85.75,41.84],[86.32,42.0],[86.0,42.26],[89.0,42.24],[88.9,42.5],[87.96,42.75],[87.96,43.0],[88.75,43.2],[92.75,43.38],[93.5,43.33],[94.25,42.89],[95.27,43.0],[95.63,43.5],[95.45,43.75],[95.75,44.25],[95.5,44.76],[96.1,44.75],[96.75,44.04],[98.5,43.44],[100.0,43.52],[101.0,43.97],[102.0,43.89],[102.43,44.25],[101.5,44.79],[101.25,44.05],[99.5,44.28],[96.5,45.67],[95.75,45.42],[95.0,45.76],[94.5,45.09],[94.23,45.75],[93.0,46.37],[92.0,46.49],[90.0,48.32],[89.25,48.63],[88.74,48.5],[88.63,49.0],[88.23,49.25],[88.5,49.5],[87.61,50.25],[87.75,50.9],[89.16,51.0],[89.0,51.25],[89.14,52.0],[90.2,53.0],[89.25,53.16],[88.75,53.51],[85.75,53.48],[83.33,54.0],[81.0,55.63],[74.76,58.75],[68.0,62.63],[66.0,64.15],[64.25,65.1],[64.05,65.5],[62.75,65.75],[63.69,66.75],[61.45,68.25],[59.5,70.28],[57.25,71.41],[55.25,72.06],[54.05,73.25],[48.0,74.39],[39.75,75.14],[33.25,74.91],[28.05,73.75],[26.54,73.0],[26.19,72.25],[25.1,71.0],[20.58,69.5],[19.68,69.5],[14.36,66.5],[14.57,66.25],[13.54,65.0],[13.93,64.25],[13.5,63.75],[13.69,63.25],[12.79,62.75],[11.98,61.75],[10.5,61.08],[9.82,60.25],[10.03,59.75],[10.5,59.5],[10.65,58.75],[9.16,55.75],[8.74,54.0],[7.77,52.0],[7.74,51.5],[7.01,51.25],[6.77,50.75],[5.5,50.27],[4.88,49.75],[4.97,49.25],[4.0,47.75],[3.0,47.61],[2.62,47.25],[2.5,46.17],[2.0,46.22],[1.25,45.83],[0.81,45.25],[0.8,45.0],[2.0,43.93],[2.75,43.63],[3.25,43.71],[4.0,44.31],[5.0,44.38],[6.0,44.0],[6.75,44.36],[8.0,44.2],[8.75,44.65],[11.25,44.01],[11.73,44.25],[11.32,44.75],[11.5,44.92],[12.75,45.32],[14.75,44.9],[15.25,44.37],[17.0,43.79],[19.0,43.41],[19.71,43.75],[19.84,44.25],[19.47,45.75],[21.0,47.67],[22.5,48.6],[25.25,48.08],[25.51,48.25],[25.77,50.0],[25.17,51.5],[25.47,53.0],[25.25,53.44],[23.75,53.99],[19.75,54.18],[18.8,54.75],[19.0,55.66],[19.56,56.0],[22.57,56.5],[22.87,56.75],[22.99,57.5],[26.31,59.75],[32.0,61.05],[36.0,61.43],[42.79,60.75],[46.0,60.02],[50.3,58.75],[50.53,58.5],[50.69,58.25],[50.25,57.81],[46.25,55.67],[45.02,54.5],[44.17,52.75],[44.39,51.25],[45.0,50.09],[48.75,46.13],[50.64,44.5],[52.07,42.5],[55.25,40.14],[57.24,39.25],[58.77,38.0],[57.25,38.41],[57.15,38.25],[57.55,37.75],[57.71,37.0],[59.14,36.0],[59.76,35.0],[60.38,34.5]]}},{"type":"Feature","properties":{"level":1024},"geometry":{"type":"LineString","coordinates":[[94.68,34.5],[95.0,34.48],[95.75,35.03],[95.0,35.05],[94.68,34.5]]}},{"type":"Feature","properties":{"level":1024},"geometry":{"type":"LineString","coordinates":[[101.58,34.5],[102.75,34.7],[103.5,34.53],[103.7,34.75],[103.5,35.13],[102.5,35.61],[102.25,34.99],[101.58,34.5]]}},{"type":"Feature","properties":{"level":1024},"geometry":{"type":"LineString","coordinates":[[93.36,35.0],[94.0,34.96],[94.61,35.5],[94.53,35.75],[94.0,35.6],[93.75,35.97],[93.46,35.75],[93.9,35.5],[93.83,35.25],[93.36,35.0]]}},{"type":"Feature","properties":{"level":1024},"geometry":{"type":"LineString","coordinates":[[63.81,35.25],[64.48,35.25],[65.0,35.81],[64.25,35.89],[63.57,35.5],[63.81,35.25]]}},{"type":"Feature","properties":{"level":1024},"geometry":{"type":"LineString","coordinates":[[68.11,35.25],[69.27,35.5],[68.5,35.72],[68.11,35.25]]}},{"type":"Feature","properties":{"level":1024},"geometry":{"type":"LineString","coordinates":[[89.38,35.5],[89.75,35.34],[90.25,35.79],[90.25,35.5],[90.75,35.27],[91.54,35.5],[91.63,36.0],[92.12,36.25],[91.5,36.43],[91.26,36.75],[91.67,37.25],[91.5,37.49],[90.5,37.77],[89.93,37.5],[90.0,36.93],[89.28,36.75],[89.01,36.25],[89.5,36.29],[89.81,36.0],[89.35,35.75],[89.38,35.5]]}},{"type":"Feature","properties":{"level":1024},"geometry":{"type":"LineString","coordinates":[[-138.56,35.75],[-138.0,35.89],[-136.75,35.68],[-135.75,36.1],[-134.7,37.0],[-133.83,38.5],[-134.5,39.38],[-135.25,39.72],[-137.5,39.56],[-138.75,39.02],[-139.54,37.75],[-139.55,36.75],[-139.0,35.89],[-138.56,35.75]]}},{"type":"Feature","properties":{"level":1024},"geometry":{"type":"LineString","coordinates":[[88.66,35.75],[88.85,35.75],[88.76,36.0],[89.0,36.25],[88.49,37.0],[88.68,37.5],[88.0,37.94],[87.61,37.75],[87.46,37.25],[88.0,37.13],[88.0,36.9],[86.82,36.75],[87.25,36.19],[88.25,36.4],[88.59,36.25],[88.66,35.75]]}},{"type":"Feature","properties":{"level":1024},"geometry":{"type":"LineString","coordinates":[[96.2,35.75],[96.75,35.59],[97.28,35.75],[96.75,36.03],[96.2,35.75]]}},{"type":"Feature","properties":{"level":1024},"geometry":{"type":"LineString","coordinates":[[-173.42,36.0],[-173.14,36.0],[-173.25,36.19],[-173.42,36.0]]}},{"type":"Feature","properties":{"level":1024},"geometry":{"type":"LineString","coordinates":[[51.04,36.0],[52.0,35.78],[52.1,36.0],[50.75,36.34],[51.04,36.0]]}},{"type":"Feature","properties":{"level":1024},"geometry":{"type":"LineString","coordinates":[[-32.3,36.25],[-32.1,36.25],[-32.3,36.25]]}},{"type":"Feature","properties":{"level":1024},"geometry":{"type":"LineString","coordinates":[[71.7,36.25],[72.64,36.75],[72.25,36.85],[71.59,36.5],[71.7,36.25]]}},{"type":"Feature","properties":{"level":1024},"geometry":{"type":"LineString","coordinates":[[-174.43,36.5],[-173.91,36.75],[-174.25,36.77],[-174.43,36.5]]}},{"type":"Feature","properties":{"level":1024},"geometry":{"type":"LineString","coordinates":[[97.87,37.5],[98.14,37.5],[97.99,38.0],[98.25,38.16],[99.0,37.88],[99.52,38.25],[98.75,38.72],[96.97,39.0],[96.5,39.56],[96.03,39.25],[96.75,38.69],[96.0,38.82],[95.12,38.25],[95.5,37.83],[96.75,37.69],[97.25,37.85],[97.87,37.5]]}},{"type":"Feature","properties":{"level":1024},"geometry":{"type":"LineString","coordinates":[[110.65,39.0],[112.75,39.73],[113.0,40.2],[113.56,40.0],[112.79,39.25],[113.25,39.08],[113.5,39.03],[114.08,39.75],[114.8,39.75],[114.19,40.5],[113.89,42.0],[112.36,44.0],[111.0,45.14],[108.25,45.27],[107.34,45.0],[106.76,44.5],[106.67,44.0],[105.75,43.3],[104.75,43.2],[103.75,43.76],[102.5,43.76],[102.25,43.23],[102.0,43.45],[101.0,43.19],[100.0,43.46],[99.0,42.88],[98.03,42.75],[98.91,42.25],[98.5,41.7],[99.25,41.65],[99.75,41.91],[104.36,41.0],[104.09,40.75],[104.18,40.5],[104.66,40.25],[104.26,39.75],[104.75,39.22],[105.75,39.46],[106.5,39.38],[106.75,39.77],[107.25,39.22],[108.25,39.17],[108.75,39.45],[110.65,39.0]]}},{"type":"Feature","properties":{"level":1024},"geometry":{"type":"LineString","coordinates":[[73.5,40.12],[73.12,41.25],[73.8,40.75],[73.86,40.5],[73.5,40.12]]}},{"type":"Feature","properties":{"level":1024},"geometry":{"type":"LineString","coordinates":[[166.97,40.75],[168.72,41.25],[170.25,41.39],[171.65,42.0],[172.61,42.75],[173.0,43.46],[172.76,44.5],[169.0,47.75],[166.24,49.5],[165.04,51.0],[165.25,52.0],[164.58,53.25],[163.78,54.25],[162.77,55.0],[162.25,55.14],[161.75,54.97],[161.25,54.35],[160.5,54.12],[160.51,53.75],[159.59,53.25],[159.5,52.88],[158.5,52.91],[159.13,53.25],[158.5,53.75],[159.0,54.23],[159.28,54.25],[159.5,53.92],[160.0,54.3],[160.5,54.26],[161.48,55.0],[161.6,56.5],[162.04,56.75],[161.0,56.97],[160.83,57.25],[161.43,58.5],[162.59,59.75],[162.18,60.0],[162.46,60.25],[162.25,60.35],[161.75,60.07],[160.75,60.08],[160.0,60.38],[159.78,60.75],[162.25,61.62],[162.94,62.25],[162.84,62.5],[163.37,62.75],[165.0,62.77],[167.0,63.37],[167.5,63.96],[169.0,64.12],[169.55,64.5],[169.28,64.75],[170.17,65.5],[174.29,67.75],[174.25,68.43],[175.0,68.0],[175.5,68.15],[176.0,67.98],[176.6,68.25],[176.41,68.5],[175.75,68.61],[175.25,68.33],[174.25,68.87],[173.75,68.64],[173.61,69.0],[173.0,69.0],[173.45,68.75],[172.5,68.73],[171.96,68.25],[171.98,67.75],[171.5,67.75],[171.25,68.07],[168.5,69.09],[165.0,70.0],[159.51,72.0],[157.25,72.36],[153.0,72.42],[150.59,72.25],[149.0,71.88],[145.01,69.75],[142.18,69.5],[142.13,69.0],[141.5,69.29],[141.46,68.5],[140.0,68.29],[139.0,67.59],[138.62,67.75],[138.8,68.0],[138.5,68.04],[138.4,67.75],[137.72,67.5],[138.04,67.25],[138.23,66.5],[136.96,65.75],[136.94,65.25],[136.35,65.0],[136.38,64.5],[135.93,64.25],[136.01,64.0],[136.75,63.72],[138.5,63.66],[139.31,63.0],[139.5,62.57],[140.25,62.84],[140.68,62.75],[139.37,62.25],[139.75,62.16],[140.0,61.78],[140.5,62.22],[140.89,62.25],[141.5,61.19],[141.85,61.25],[141.75,61.71],[142.0,61.58],[142.5,61.83],[143.0,61.46],[143.88,61.5],[144.25,61.16],[146.0,61.12],[147.0,60.7],[147.72,60.75],[148.25,60.42],[149.25,60.46],[149.75,60.06],[150.84,59.75],[151.5,59.76],[151.97,59.25],[151.75,58.92],[154.0,57.89],[154.81,57.25],[154.64,56.75],[155.64,55.75],[155.25,55.39],[154.16,52.0],[152.03,49.0],[152.12,46.75],[152.55,46.0],[155.5,44.02],[159.5,42.3],[164.5,40.88],[165.25,41.02],[166.97,40.75]]}},{"type":"Feature","properties":{"level":1024},"geometry":{"type":"LineString","coordinates":[[88.05,41.5],[89.6,41.5],[88.25,42.07],[88.05,41.5]]}},{"type":"Feature","properties":{"level":1024},"geometry":{"type":"LineString","coordinates":[[-3.17,41.75],[-2.75,41.58],[-2.31,42.0],[-2.75,42.43],[-3.5,42.62],[-3.82,42.25],[-3.17,41.75]]}},{"type":"Feature","properties":{"level":1024},"geometry":{"type":"LineString","coordinates":[[0.75,42.25],[2.25,42.09],[2.54,42.5],[2.25,42.96],[1.75,43.07],[-1.42,43.0],[-0.8,42.5],[0.75,42.25]]}},{"type":"Feature","properties":{"level":1024},"geometry":{"type":"LineString","coordinates":[[11.86,43.75],[12.47,43.75],[12.0,44.24],[11.75,44.19],[11.86,43.75]]}},{"type":"Feature","properties":{"level":1024},"geometry":{"type":"LineString","coordinates":[[8.5,45.37],[8.39,45.5],[8.74,45.5],[8.5,45.37]]}},{"type":"Feature","properties":{"level":1024},"geometry":{"type":"LineString","coordinates":[[93.2,50.75],[93.5,50.58],[94.95,50.75],[93.2,50.75]]}},{"type":"Feature","properties":{"level":1024},"geometry":{"type":"LineString","coordinates":[[96.66,51.0],[98.25,51.37],[98.25,51.78],[98.75,51.8],[98.83,52.0],[98.0,52.21],[97.75,51.64],[96.25,51.76],[95.75,51.53],[93.5,52.97],[92.92,52.25],[93.67,52.25],[93.34,51.75],[92.2,51.5],[96.66,51.0]]}},{"type":"Feature","properties":{"level":1024},"geometry":{"type":"LineString","coordinates":[[-68.13,51.5],[-67.75,51.44],[-66.75,51.85],[-66.0,51.73],[-65.94,52.0],[-66.7,52.5],[-66.75,52.78],[-70.25,53.88],[-71.25,53.63],[-71.7,53.25],[-71.0,52.72],[-70.7,53.0],[-70.75,52.23],[-70.25,52.26],[-69.25,51.55],[-68.25,51.86],[-68.13,51.5]]}},{"type":"Feature","properties":{"level":1024},"geometry":{"type":"LineString","coordinates":[[158.5,51.72],[158.25,52.01],[158.5,52.44],[158.75,52.45],[159.04,52.0],[158.5,51.72]]}},{"type":"Feature","properties":{"level":1024},"geometry":{"type":"LineString","coordinates":[[96.15,52.5],[96.25,52.29],[96.54,52.5],[96.32,52.75],[96.5,53.34],[96.25,53.35],[96.0,52.82],[95.48,52.75],[96.15,52.5]]}},{"type":"Feature","properties":{"level":1024},"geometry":{"type":"LineString","coordinates":[[93.66,53.25],[93.75,53.01],[94.85,53.25],[94.25,53.64],[93.6,53.5],[93.66,53.25]]}},{"type":"Feature","properties":{"level":1024},"geometry":{"type":"LineString","coordinates":[[161.75,54.34],[161.52,54.5],[162.0,54.5],[161.75,54.34]]}},{"type":"Feature","properties":{"level":1024},"geometry":{"type":"LineString","coordinates":[[112.63,56.0],[113.25,55.99],[113.92,56.75],[113.5,56.94],[112.88,56.75],[112.63,56.0]]}},{"type":"Feature","properties":{"level":1024},"geometry":{"type":"LineString","coordinates":[[161.25,56.2],[161.41,56.25],[161.25,56.2]]}},{"type":"Feature","properties":{"level":1024},"geometry":{"type":"LineString","coordinates":[[116.7,57.0],[117.0,56.8],[117.77,57.25],[116.7,57.0]]}},{"type":"Feature","properties":{"level":1024},"geometry":{"type":"LineString","coordinates":[[168.83,62.25],[171.05,62.25],[170.0,62.95],[169.25,62.68],[168.83,62.25]]}},{"type":"Feature","properties":{"level":1024},"geometry":{"type":"LineString","coordinates":[[141.0,65.7],[140.16,66.25],[141.01,66.75],[140.11,66.75],[139.4,67.25],[139.56,67.5],[141.5,67.5],[142.09,67.0],[141.78,66.5],[143.09,65.75],[142.25,65.5],[141.0,65.7]]}},{"type":"Feature","properties":{"level":1024},"geometry":{"type":"LineString","coordinates":[[142.25,68.1],[141.53,68.5],[142.5,68.34],[142.25,68.1]]}},{"type":"Feature","properties":{"level":1024},"geometry":{"type":"LineString","coordinates":[[139.18,68.75],[139.75,68.86],[139.42,69.25],[139.5,69.51],[137.25,69.55],[136.94,69.25],[138.75,68.9],[139.25,69.13],[139.18,68.75]]}},{"type":"Feature","properties":{"level":1024},"geometry":{"type":"LineString","coordinates":[[140.69,69.5],[141.41,69.5],[140.69,69.5]]}},{"type":"Feature","properties":{"level":1024},"geometry":{"type":"LineString","coordinates":[[-42.21,78.0],[-40.93,78.0],[-39.92,78.5],[-40.02,78.75],[-41.0,78.83],[-41.84,78.5],[-42.21,78.0]]}},{"type":"Feature","properties":{"level":1028},"geometry":{"type":"LineString","coordinates":[[180.0,-88.62],[152.5,-88.55],[130.25,-88.2],[126.0,-88.34],[124.94,-88.5],[125.62,-88.75],[124.0,-88.79],[106.25,-88.87],[86.75,-89.56],[61.5,-89.68],[50.25,-89.53],[47.9,-89.25],[65.44,-88.5],[61.5,-88.33],[44.5,-88.42],[36.0,-87.84],[28.5,-87.75],[7.76,-88.25],[-1.75,-88.77],[-18.75,-88.64],[-36.5,-88.01],[-51.0,-87.95],[-112.75,-88.47],[-158.5,-88.38],[-180.0,-88.62]]}},{"type":"Feature","properties":{"level":1028},"geometry":{"type":"LineString","coordinates":[[73.26,-87.75],[85.5,-87.97],[100.75,-87.56],[107.75,-86.64],[109.34,-86.25],[110.88,-85.5],[110.67,-85.25],[108.75,-85.09],[101.25,-84.97],[87.0,-86.27],[72.79,-87.0],[72.84,-87.25],[72.51,-87.5],[73.26,-87.75]]}},{"type":"Feature","properties":{"level":1028},"geometry":{"type":"LineString","coordinates":[[31.51,-81.0],[33.25,-81.1],[34.5,-80.9],[34.9,-80.75],[34.93,-80.25],[30.51,-78.25],[25.5,-76.86],[24.25,-76.74],[15.75,-77.39],[14.11,-77.25],[14.72,-77.5],[14.22,-77.75],[14.38,-78.0],[13.93,-78.25],[13.91,-78.5],[17.25,-79.7],[27.5,-80.83],[31.51,-81.0]]}},{"type":"Feature","properties":{"level":1028},"geometry":{"type":"LineString","coordinates":[[26.77,-76.75],[28.05,-76.75],[28.0,-76.49],[26.75,-76.2],[25.6,-76.25],[25.46,-76.5],[26.77,-76.75]]}},{"type":"Feature","properties":{"level":1028},"geometry":{"type":"LineString","coordinates":[[-160.05,-44.25],[-157.75,-44.44],[-155.25,-43.83],[-153.0,-42.88],[-150.77,-41.25],[-149.53,-39.25],[-149.48,-38.0],[-149.8,-37.0],[-150.16,-36.75],[-150.0,-36.25],[-150.96,-34.75],[-153.5,-33.44],[-154.0,-33.59],[-155.0,-33.27],[-158.0,-33.33],[-159.25,-33.5],[-160.25,-34.17],[-161.25,-34.11],[-161.95,-34.5],[-161.98,-34.75],[-163.0,-35.09],[-164.02,-36.5],[-164.5,-37.83],[-164.57,-38.75],[-164.18,-40.75],[-162.74,-43.0],[-161.25,-43.9],[-160.05,-44.25]]}},{"type":"Feature","properties":{"level":1028},"geometry":{"type":"LineString","coordinates":[[124.68,-43.25],[127.56,-43.25],[130.25,-42.35],[134.0,-42.05],[135.07,-41.75],[135.78,-41.0],[136.21,-40.0],[135.86,-39.0],[135.5,-38.65],[134.85,-38.5],[134.95,-37.25],[134.11,-35.25],[132.25,-34.2],[129.69,-33.5],[127.5,-33.2],[124.25,-33.37],[123.0,-34.14],[119.7,-35.0],[116.0,-37.24],[114.37,-37.75],[113.25,-38.65],[113.5,-39.42],[114.75,-40.71],[117.75,-42.37],[119.5,-42.78],[124.68,-43.25]]}},{"type":"Feature","properties":{"level":1028},"geometry":{"type":"LineString","coordinates":[[132.0,-41.89],[131.91,-41.5],[132.25,-41.28],[132.75,-41.75],[132.0,-41.89]]}},{"type":"Feature","properties":{"level":1028},"geometry":{"type":"LineString","coordinates":[[57.42,-37.25],[60.75,-37.19],[63.66,-36.75],[65.5,-36.29],[68.0,-35.17],[70.58,-34.5],[72.25,-33.56],[73.92,-32.0],[74.28,-31.25],[74.87,-30.75],[74.84,-30.25],[74.15,-28.75],[73.75,-28.37],[72.75,-27.83],[70.75,-27.22],[70.25,-26.74],[69.0,-26.22],[68.0,-25.98],[59.75,-25.34],[57.0,-25.58],[53.5,-26.73],[51.45,-28.75],[51.36,-29.25],[49.79,-31.5],[49.82,-34.25],[52.25,-35.95],[55.67,-37.0],[57.42,-37.25]]}},{"type":"Feature","properties":{"level":1028},"geometry":{"type":"LineString","coordinates":[[-70.02,-30.75],[-69.72,-30.5],[-69.45,-29.5],[-69.5,-28.59],[-70.25,-29.5],[-69.95,-30.0],[-70.02,-30.75]]}},{"type":"Feature","properties":{"level":1028},"geometry":{"type":"LineString","coordinates":[[79.99,35.75],[81.55,36.0],[80.5,36.05],[79.99,35.75]]}},{"type":"Feature","properties":{"level":1028},"geometry":{"type":"LineString","coordinates":[[75.87,36.5],[76.25,36.67],[76.75,36.28],[77.14,36.5],[76.25,37.02],[76.0,36.84],[75.75,37.24],[74.81,37.0],[75.87,36.5]]}},{"type":"Feature","properties":{"level":1028},"geometry":{"type":"LineString","coordinates":[[76.61,41.0],[78.0,40.98],[77.45,41.25],[78.25,41.41],[78.75,41.23],[79.5,41.83],[80.25,41.71],[82.5,42.4],[84.75,42.33],[85.75,42.56],[85.88,43.0],[85.5,43.58],[87.39,43.25],[87.5,43.65],[85.75,43.92],[83.5,44.66],[83.03,44.5],[83.0,44.25],[82.5,44.22],[81.05,45.0],[82.25,45.11],[82.75,45.43],[83.25,45.24],[83.25,45.57],[84.0,45.64],[84.45,46.0],[84.38,46.25],[85.25,46.91],[86.62,47.25],[87.18,47.75],[87.12,48.0],[86.02,48.75],[86.25,48.85],[87.5,48.64],[88.25,47.88],[88.75,47.93],[89.09,48.25],[88.29,48.5],[88.25,49.03],[86.19,50.0],[86.0,50.48],[85.96,50.25],[85.5,50.18],[85.28,50.5],[84.88,50.5],[84.7,51.0],[85.76,51.75],[85.5,51.9],[81.5,52.31],[79.27,53.25],[77.75,54.18],[71.25,56.76],[69.48,56.75],[70.49,56.0],[70.48,55.5],[68.0,55.23],[67.74,55.25],[67.91,55.5],[67.5,55.78],[64.75,55.43],[62.0,55.84],[60.5,55.81],[59.25,56.3],[58.0,56.03],[57.0,56.2],[54.75,55.5],[52.25,55.17],[50.89,54.75],[48.75,53.47],[48.18,52.75],[48.0,52.25],[48.4,51.75],[48.54,50.75],[50.94,47.0],[54.43,43.5],[55.0,43.45],[55.5,42.68],[56.5,42.27],[59.0,41.77],[63.0,42.58],[63.75,42.55],[65.5,43.63],[67.25,44.33],[70.75,42.9],[70.82,43.25],[71.25,43.47],[73.25,43.52],[73.75,44.01],[76.0,42.75],[72.75,42.86],[72.53,42.75],[73.23,42.5],[72.45,42.25],[74.25,42.34],[75.24,42.0],[75.04,41.75],[76.39,41.5],[76.61,41.0]]}},{"type":"Feature","properties":{"level":1028},"geometry":{"type":"LineString","coordinates":[[82.25,43.38],[82.0,43.65],[79.75,43.74],[79.47,44.0],[80.0,44.27],[81.0,43.77],[81.5,43.88],[83.56,43.5],[82.25,43.38]]}},{"type":"Feature","properties":{"level":1028},"geometry":{"type":"LineString","coordinates":[[89.36,43.5],[90.0,43.45],[90.7,43.75],[90.5,43.95],[88.5,44.19],[87.82,43.75],[89.36,43.5]]}},{"type":"Feature","properties":{"level":1028},"geometry":{"type":"LineString","coordinates":[[162.09,44.5],[163.75,44.71],[164.5,44.5],[164.06,45.25],[164.81,46.0],[164.53,46.5],[164.0,46.88],[162.75,47.07],[162.0,47.51],[160.5,47.36],[159.76,47.75],[159.16,47.75],[159.1,47.25],[158.75,46.97],[157.99,47.0],[158.0,46.6],[158.5,46.55],[159.08,45.75],[159.75,45.32],[162.09,44.5]]}},{"type":"Feature","properties":{"level":1028},"geometry":{"type":"LineString","coordinates":[[13.1,46.5],[14.25,46.31],[15.15,46.5],[15.16,47.0],[15.96,47.5],[16.54,49.0],[17.19,49.5],[16.83,50.0],[17.25,50.11],[18.0,49.8],[18.33,50.0],[18.3,50.5],[17.5,50.76],[16.5,50.74],[16.17,51.25],[15.0,51.51],[13.5,51.47],[12.0,50.89],[10.07,50.5],[9.79,50.25],[10.25,49.88],[10.43,49.0],[9.72,48.25],[10.75,48.23],[11.1,47.75],[10.75,47.61],[10.75,47.38],[11.5,47.17],[12.25,47.36],[12.75,47.22],[13.14,47.0],[12.71,46.75],[13.1,46.5]]}},{"type":"Feature","properties":{"level":1028},"geometry":{"type":"LineString","coordinates":[[87.33,47.0],[87.5,46.79],[87.81,47.0],[87.25,47.55],[87.1,47.25],[87.33,47.0]]}},{"type":"Feature","properties":{"level":1028},"geometry":{"type":"LineString","coordinates":[[66.47,57.5],[67.26,57.5],[67.26,57.75],[66.75,57.86],[66.34,58.25],[67.06,59.0],[66.5,59.76],[64.06,61.5],[61.96,62.75],[60.75,63.15],[60.07,63.75],[59.94,64.5],[61.02,65.5],[60.83,65.75],[57.21,67.75],[54.75,70.01],[53.26,71.0],[49.25,72.58],[46.25,73.19],[39.75,73.48],[34.5,72.84],[29.5,70.78],[27.75,70.77],[20.8,69.0],[19.5,68.11],[18.44,68.0],[18.25,67.41],[16.53,66.5],[15.65,65.0],[17.75,62.73],[21.0,63.84],[22.0,63.14],[25.0,62.7],[35.0,62.99],[40.25,62.72],[44.25,62.08],[53.75,59.99],[58.25,60.06],[58.5,59.99],[58.92,59.25],[59.75,58.71],[61.25,58.6],[66.47,57.5]]}},{"type":"Feature","properties":{"level":1028},"geometry":{"type":"LineString","coordinates":[[152.24,60.75],[152.5,60.53],[155.0,60.87],[156.0,61.5],[156.25,61.98],[157.0,61.95],[158.25,62.49],[159.0,62.52],[159.75,63.01],[164.6,63.75],[164.25,63.97],[164.25,64.52],[167.0,64.48],[167.14,64.75],[166.6,65.0],[166.75,65.17],[168.75,66.03],[169.1,66.75],[168.25,66.75],[167.25,67.17],[167.0,67.86],[166.0,67.61],[162.5,68.08],[161.25,68.8],[158.0,69.48],[154.25,69.26],[152.62,68.5],[152.47,67.5],[153.12,67.0],[152.0,65.99],[151.5,64.47],[151.25,64.22],[150.25,64.52],[150.0,64.3],[151.0,64.2],[151.01,63.75],[148.25,64.15],[147.65,63.75],[148.76,63.0],[148.6,62.5],[149.5,62.01],[150.14,62.25],[149.39,62.5],[149.78,62.75],[149.33,63.0],[149.75,63.58],[151.25,63.01],[152.0,63.24],[153.75,62.75],[153.5,62.52],[151.25,62.52],[150.25,62.03],[150.25,61.75],[151.12,61.5],[152.24,60.75]]}},{"type":"Feature","properties":{"level":1028},"geometry":{"type":"LineString","coordinates":[[145.23,62.5],[146.15,62.5],[144.25,63.86],[144.28,63.5],[145.13,63.0],[145.23,62.5]]}},{"type":"Feature","properties":{"level":1028},"geometry":{"type":"LineString","coordinates":[[161.0,65.23],[161.27,65.25],[161.0,65.23]]}},{"type":"Feature","properties":{"level":1028},"geometry":{"type":"LineString","coordinates":[[164.75,67.21],[165.17,67.25],[164.75,67.21]]}},{"type":"Feature","properties":{"level":1028},"geometry":{"type":"LineString","coordinates":[[162.35,69.0],[162.88,69.0],[162.65,69.25],[161.96,69.25],[162.35,69.0]]}},{"type":"Feature","properties":{"level":1032},"geometry":{"type":"LineString","coordinates":[[-180.0,-89.99],[-74.25,-89.95],[-53.28,-89.0],[-53.75,-88.75],[-65.75,-88.39],[-107.25,-88.61],[-161.0,-88.52],[-180.0,-88.88]]}},{"type":"Feature","properties":{"level":1032},"geometry":{"type":"LineString","coordinates":[[180.0,-88.88],[135.75,-88.44],[133.0,-88.54],[131.31,-89.0],[104.5,-89.22],[101.1,-89.5],[111.5,-89.96],[180.0,-89.99]]}},{"type":"Feature","properties":{"level":1032},"geometry":{"type":"LineString","coordinates":[[-40.03,-88.5],[-36.55,-88.5],[-40.03,-88.5]]}},{"type":"Feature","properties":{"level":1032},"geometry":{"type":"LineString","coordinates":[[27.18,-79.75],[29.25,-79.82],[29.67,-79.75],[29.77,-79.5],[27.75,-79.06],[27.22,-78.75],[27.68,-78.5],[26.25,-77.97],[25.5,-78.25],[22.95,-78.0],[23.91,-78.5],[22.0,-78.46],[21.38,-78.75],[23.75,-79.38],[25.5,-79.15],[27.18,-79.75]]}},{"type":"Feature","properties":{"level":1032},"geometry":{"type":"LineString","coordinates":[[60.07,-33.25],[61.0,-33.45],[62.75,-32.92],[63.5,-32.5],[63.89,-31.75],[62.5,-31.19],[60.25,-31.22],[58.5,-32.18],[58.5,-32.64],[60.07,-33.25]]}},{"type":"Feature","properties":{"level":1032},"geometry":{"type":"LineString","coordinates":[[-69.99,-29.75],[-69.75,-29.98],[-69.59,-29.75],[-69.5,-28.79],[-70.05,-29.5],[-69.99,-29.75]]}},{"type":"Feature","properties":{"level":1032},"geometry":{"type":"LineString","coordinates":[[60.72,46.25],[65.75,48.33],[66.47,48.25],[66.75,47.44],[69.25,47.23],[73.0,48.15],[73.19,48.5],[73.82,48.5],[74.25,48.84],[75.5,48.94],[76.5,49.35],[77.0,49.24],[77.32,49.75],[75.75,51.32],[73.0,52.35],[71.5,52.64],[68.0,52.83],[64.0,51.93],[62.25,51.84],[58.25,52.5],[58.0,52.29],[56.5,53.1],[56.23,53.0],[56.25,52.74],[55.5,52.6],[54.47,51.75],[54.53,49.5],[55.75,47.83],[57.0,47.05],[58.25,46.74],[59.25,46.76],[60.72,46.25]]}},{"type":"Feature","properties":{"level":1032},"geometry":{"type":"LineString","coordinates":[[50.94,63.0],[54.75,62.96],[55.32,63.5],[55.47,64.0],[54.02,66.25],[50.68,68.25],[49.75,69.3],[46.25,70.54],[42.5,70.79],[34.25,69.55],[30.5,69.31],[27.75,68.39],[26.5,68.23],[25.59,67.75],[25.12,67.0],[25.33,66.5],[26.2,66.0],[29.0,65.04],[32.25,64.94],[34.75,65.18],[47.5,63.24],[50.94,63.0]]}},{"type":"Feature","properties":{"level":1036},"geometry":{"type":"LineString","coordinates":[[-162.84,-89.75],[-104.04,-89.75],[-94.18,-89.25],[-115.0,-88.74],[-156.5,-88.68],[-163.09,-88.75],[-163.91,-89.0],[-160.0,-89.25],[-129.97,-89.5],[-162.84,-89.75]]}},{"type":"Feature","properties":{"level":1036},"geometry":{"type":"LineString","coordinates":[[124.07,-89.5],[155.75,-89.33],[167.72,-89.0],[138.75,-88.66],[136.04,-88.75],[137.47,-89.0],[136.25,-89.1],[124.07,-89.5]]}},{"type":"Feature","properties":{"level":1036},"geometry":{"type":"LineString","coordinates":[[-93.05,-89.0],[-79.0,-89.15],[-67.49,-89.0],[-64.35,-88.75],[-85.0,-88.71],[-93.05,-89.0]]}}]}