{"type":"FeatureCollection","features":[{"type":"Feature","properties":{"level":948},"geometry":{"type":"LineString","coordinates":[[172.75,59.99],[171.88,60.25],[171.52,60.75],[171.69,61.0],[173.0,61.27],[174.3,61.0],[174.25,60.42],[172.75,59.99]]}},{"type":"Feature","properties":{"level":952},"geometry":{"type":"LineString","coordinates":[[-145.0,-66.77],[-147.47,-65.5],[-147.27,-64.75],[-145.0,-64.0],[-142.75,-64.01],[-139.5,-64.7],[-138.35,-65.25],[-138.62,-65.75],[-141.11,-66.75],[-143.25,-66.95],[-145.0,-66.77]]}},{"type":"Feature","properties":{"level":952},"geometry":{"type":"LineString","coordinates":[[-137.0,-66.03],[-137.24,-66.0],[-136.01,-66.0],[-137.0,-66.03]]}},{"type":"Feature","properties":{"level":952},"geometry":{"type":"LineString","coordinates":[[42.5,-64.27],[41.5,-63.82],[41.56,-63.5],[42.25,-63.29],[43.0,-63.43],[43.93,-64.25],[42.5,-64.27]]}},{"type":"Feature","properties":{"level":952},"geometry":{"type":"LineString","coordinates":[[-137.75,-63.26],[-138.18,-63.0],[-138.31,-62.5],[-138.0,-62.22],[-137.25,-62.11],[-136.0,-62.52],[-135.41,-63.25],[-136.75,-63.44],[-137.75,-63.26]]}},{"type":"Feature","properties":{"level":952},"geometry":{"type":"LineString","coordinates":[[170.75,59.47],[170.0,59.72],[169.69,60.25],[169.74,60.75],[170.75,61.51],[174.0,61.5],[175.0,61.19],[175.53,60.75],[175.27,60.0],[174.75,59.68],[172.5,59.32],[170.75,59.47]]}},{"type":"Feature","properties":{"level":956},"geometry":{"type":"LineString","coordinates":[[-144.75,-67.76],[-147.0,-67.39],[-148.9,-66.75],[-150.13,-66.0],[-150.32,-65.25],[-149.19,-64.0],[-147.63,-63.25],[-140.25,-60.82],[-136.75,-60.2],[-134.5,-60.65],[-132.01,-61.75],[-131.04,-62.75],[-130.86,-64.25],[-129.95,-65.0],[-129.92,-65.25],[-131.38,-66.0],[-134.75,-66.89],[-141.0,-67.73],[-144.75,-67.76]]}},{"type":"Feature","properties":{"level":956},"geometry":{"type":"LineString","coordinates":[[46.5,-65.75],[44.5,-65.59],[42.0,-64.98],[40.54,-64.25],[40.16,-63.5],[40.52,-63.0],[41.5,-62.55],[44.25,-62.33],[48.56,-63.5],[50.64,-64.75],[48.5,-65.65],[46.5,-65.75]]}},{"type":"Feature","properties":{"level":956},"geometry":{"type":"LineString","coordinates":[[169.25,58.47],[168.0,59.18],[167.58,59.75],[167.93,60.5],[169.0,61.33],[170.25,61.88],[174.25,61.78],[175.5,61.35],[176.14,60.75],[176.16,60.25],[175.75,59.61],[174.25,58.88],[172.0,58.41],[169.25,58.47]]}},{"type":"Feature","properties":{"level":960},"geometry":{"type":"LineString","coordinates":[[-146.0,-68.52],[-149.5,-68.05],[-151.93,-67.25],[-152.96,-66.25],[-152.67,-65.0],[-151.0,-63.73],[-148.0,-62.27],[-142.75,-60.22],[-138.5,-58.99],[-135.5,-59.17],[-132.5,-59.76],[-129.5,-61.2],[-127.25,-62.77],[-126.25,-63.06],[-125.5,-63.02],[-125.28,-63.25],[-126.45,-64.5],[-128.32,-65.75],[-132.5,-67.31],[-139.0,-68.4],[-143.0,-68.63],[-146.0,-68.52]]}},{"type":"Feature","properties":{"level":960},"geometry":{"type":"LineString","coordinates":[[50.75,-66.81],[49.75,-66.46],[45.75,-66.62],[41.87,-66.0],[39.01,-64.75],[38.71,-64.25],[38.68,-63.25],[39.49,-62.5],[41.0,-61.93],[43.0,-61.64],[45.25,-61.67],[50.48,-62.75],[54.46,-64.5],[52.5,-64.85],[51.4,-65.5],[51.42,-65.75],[52.44,-66.5],[53.29,-66.75],[50.75,-66.81]]}},{"type":"Feature","properties":{"level":960},"geometry":{"type":"LineString","coordinates":[[123.25,-56.29],[122.85,-55.75],[123.0,-54.63],[123.75,-54.34],[124.71,-54.5],[124.88,-54.75],[123.96,-55.5],[124.09,-56.0],[123.25,-56.29]]}},{"type":"Feature","properties":{"level":960},"geometry":{"type":"LineString","coordinates":[[169.25,57.0],[167.75,57.17],[166.22,57.75],[165.75,58.75],[165.85,59.75],[167.59,60.75],[167.6,61.0],[168.5,61.64],[170.0,62.23],[174.0,62.23],[176.0,61.61],[176.89,60.75],[176.85,60.0],[176.5,59.45],[174.5,58.09],[172.5,57.34],[169.25,57.0]]}},{"type":"Feature","properties":{"level":964},"geometry":{"type":"LineString","coordinates":[[-146.25,-69.5],[-151.0,-69.18],[-154.25,-68.57],[-155.85,-67.75],[-156.13,-67.25],[-156.13,-66.5],[-155.36,-65.5],[-154.0,-64.41],[-149.0,-61.56],[-144.69,-59.75],[-139.0,-58.22],[-133.25,-58.18],[-132.75,-57.99],[-132.81,-58.25],[-128.75,-59.64],[-126.25,-60.92],[-124.75,-61.38],[-123.0,-61.5],[-122.79,-61.75],[-122.87,-62.5],[-123.31,-63.25],[-125.0,-64.94],[-127.37,-66.5],[-130.0,-67.61],[-133.75,-68.51],[-138.0,-69.16],[-142.25,-69.49],[-146.25,-69.5]]}},{"type":"Feature","properties":{"level":964},"geometry":{"type":"LineString","coordinates":[[42.5,-68.0],[41.25,-67.1],[37.75,-65.83],[36.15,-65.0],[35.62,-64.25],[35.78,-63.5],[37.47,-62.25],[39.5,-61.51],[42.0,-61.05],[45.0,-60.95],[48.0,-61.26],[51.25,-61.95],[57.0,-63.58],[60.07,-64.75],[58.25,-65.15],[56.0,-65.06],[54.25,-65.33],[53.91,-65.5],[54.04,-66.25],[53.75,-66.93],[51.24,-67.25],[49.25,-68.22],[48.5,-67.78],[42.5,-68.0]]}},{"type":"Feature","properties":{"level":964},"geometry":{"type":"LineString","coordinates":[[123.75,-57.05],[122.75,-56.65],[122.05,-56.0],[121.83,-55.0],[122.16,-54.25],[123.25,-53.72],[124.5,-53.6],[126.25,-53.96],[126.94,-54.5],[127.06,-55.0],[126.5,-56.1],[125.0,-57.1],[123.75,-57.05]]}},{"type":"Feature","properties":{"level":964},"geometry":{"type":"LineString","coordinates":[[167.25,56.19],[165.75,56.61],[164.89,57.25],[164.51,57.75],[164.48,58.75],[164.95,60.0],[168.0,61.9],[170.5,62.62],[174.25,62.68],[176.52,62.0],[177.7,61.0],[177.82,60.25],[177.5,59.4],[175.0,57.15],[173.25,56.56],[170.75,56.13],[167.25,56.19]]}},{"type":"Feature","properties":{"level":968},"geometry":{"type":"LineString","coordinates":[[-151.5,-70.51],[-158.72,-69.75],[-159.75,-69.19],[-160.05,-68.25],[-159.42,-67.25],[-157.84,-65.75],[-154.0,-63.12],[-150.37,-61.0],[-145.5,-58.99],[-139.5,-57.39],[-133.25,-56.81],[-128.25,-58.14],[-124.25,-59.61],[-121.5,-59.8],[-121.21,-60.25],[-121.0,-61.25],[-121.16,-62.25],[-122.35,-64.25],[-124.52,-66.25],[-127.84,-68.0],[-133.25,-69.42],[-137.75,-70.11],[-144.5,-70.57],[-151.5,-70.51]]}},{"type":"Feature","properties":{"level":968},"geometry":{"type":"LineString","coordinates":[[38.75,-69.75],[36.75,-67.66],[32.75,-66.48],[31.06,-65.5],[30.22,-64.5],[30.35,-63.75],[31.55,-62.75],[34.75,-61.57],[40.25,-60.5],[44.75,-60.23],[47.75,-60.45],[52.0,-61.23],[57.5,-62.53],[59.75,-63.3],[62.75,-63.87],[64.44,-64.5],[62.19,-65.25],[60.0,-65.62],[55.5,-65.84],[54.06,-67.0],[52.04,-67.5],[51.45,-68.5],[51.0,-68.8],[49.0,-68.67],[47.5,-68.14],[46.0,-68.22],[41.79,-68.75],[40.71,-69.0],[40.0,-69.65],[38.75,-69.75]]}},{"type":"Feature","properties":{"level":968},"geometry":{"type":"LineString","coordinates":[[23.5,-60.01],[21.62,-59.5],[24.0,-58.7],[27.5,-58.19],[28.5,-57.84],[28.81,-58.0],[28.7,-58.75],[27.25,-59.6],[25.0,-60.14],[23.5,-60.01]]}},{"type":"Feature","properties":{"level":968},"geometry":{"type":"LineString","coordinates":[[124.25,-57.79],[122.56,-57.25],[121.3,-56.5],[120.39,-55.5],[119.72,-54.0],[119.0,-53.17],[118.25,-52.91],[114.75,-52.6],[114.1,-52.25],[114.0,-51.7],[114.75,-51.22],[117.5,-51.53],[120.5,-50.93],[124.25,-50.67],[125.03,-51.0],[125.55,-52.25],[129.05,-53.25],[129.25,-53.75],[129.0,-54.5],[127.64,-56.75],[126.25,-57.6],[124.25,-57.79]]}},{"type":"Feature","properties":{"level":968},"geometry":{"type":"LineString","coordinates":[[167.0,54.96],[164.76,55.75],[163.29,57.0],[163.37,59.25],[163.89,60.0],[165.25,61.07],[168.5,62.61],[170.25,63.07],[173.0,63.39],[176.25,62.95],[177.75,62.22],[178.62,61.5],[178.91,60.5],[178.5,59.25],[177.45,58.0],[176.0,56.84],[173.0,55.73],[168.5,54.93],[167.0,54.96]]}},{"type":"Feature","properties":{"level":972},"geometry":{"type":"LineString","coordinates":[[-107.25,-75.55],[-110.25,-75.09],[-111.87,-75.25],[-113.75,-74.78],[-113.67,-74.5],[-114.0,-74.2],[-115.5,-74.64],[-117.21,-74.5],[-116.0,-73.91],[-109.25,-72.79],[-106.25,-72.59],[-101.63,-73.25],[-101.28,-73.75],[-99.98,-74.5],[-100.55,-75.0],[-102.86,-75.5],[-107.25,-75.55]]}},{"type":"Feature","properties":{"level":972},"geometry":{"type":"LineString","coordinates":[[-155.75,-71.76],[-160.5,-71.5],[-163.25,-71.07],[-164.76,-70.5],[-165.07,-70.25],[-165.17,-69.75],[-163.53,-68.0],[-153.2,-61.25],[-148.0,-58.88],[-140.25,-56.56],[-136.0,-55.73],[-133.0,-55.64],[-126.75,-56.91],[-123.75,-57.82],[-121.75,-57.64],[-121.0,-57.36],[-120.5,-57.67],[-119.75,-59.04],[-119.45,-60.5],[-119.59,-62.25],[-119.97,-63.5],[-120.87,-65.0],[-123.25,-67.2],[-127.0,-69.08],[-133.0,-70.66],[-139.0,-71.52],[-148.0,-71.9],[-155.75,-71.76]]}},{"type":"Feature","properties":{"level":972},"geometry":{"type":"LineString","coordinates":[[39.0,-70.26],[34.25,-69.83],[31.5,-70.05],[30.0,-69.4],[23.0,-68.09],[21.25,-67.39],[20.28,-66.75],[19.77,-66.0],[21.74,-64.0],[21.35,-62.5],[19.61,-61.25],[16.14,-59.75],[15.2,-58.75],[14.88,-57.5],[15.5,-57.05],[20.0,-57.1],[20.85,-56.75],[20.95,-56.0],[21.25,-55.86],[23.75,-55.88],[24.2,-56.0],[24.6,-56.75],[25.14,-57.0],[30.24,-56.75],[31.1,-58.5],[31.12,-59.5],[32.25,-60.04],[34.75,-60.08],[43.0,-59.41],[47.5,-59.63],[55.25,-60.94],[61.5,-62.61],[68.46,-63.75],[69.44,-64.25],[66.5,-65.43],[62.0,-66.13],[59.75,-66.38],[55.5,-66.31],[54.97,-66.5],[54.5,-67.03],[53.52,-67.25],[53.27,-67.5],[53.5,-68.0],[52.39,-68.75],[51.25,-69.13],[49.5,-69.09],[47.25,-68.6],[43.25,-69.49],[42.25,-69.51],[40.75,-70.27],[39.0,-70.26]]}},{"type":"Feature","properties":{"level":972},"geometry":{"type":"LineString","coordinates":[[133.5,-64.02],[134.0,-63.8],[134.43,-64.0],[134.0,-64.19],[133.5,-64.02]]}},{"type":"Feature","properties":{"level":972},"geometry":{"type":"LineString","coordinates":[[123.0,-58.28],[120.5,-57.65],[118.79,-56.75],[117.2,-55.25],[113.25,-52.52],[112.9,-51.75],[113.12,-51.25],[114.25,-50.62],[116.75,-50.34],[120.25,-49.59],[125.5,-49.6],[126.83,-50.0],[128.38,-51.5],[130.91,-52.5],[131.24,-53.25],[130.9,-54.25],[129.04,-57.75],[126.0,-58.48],[123.0,-58.28]]}},{"type":"Feature","properties":{"level":972},"geometry":{"type":"LineString","coordinates":[[180.0,59.74],[178.16,57.5],[176.0,56.1],[172.75,54.99],[168.0,54.15],[165.5,54.07],[163.59,54.5],[163.0,54.9],[161.25,55.15],[161.29,55.75],[160.91,56.0],[161.0,56.27],[161.34,56.25],[161.42,56.75],[160.5,57.25],[161.75,59.14],[162.66,59.75],[163.69,61.0],[166.64,62.5],[168.81,63.25],[172.75,64.0],[174.75,64.09],[177.78,63.5],[178.79,63.0],[180.0,61.78]]}},{"type":"Feature","properties":{"level":972},"geometry":{"type":"LineString","coordinates":[[-180.0,61.78],[-179.73,60.75],[-180.0,59.74]]}},{"type":"Feature","properties":{"level":976},"geometry":{"type":"LineString","coordinates":[[-114.75,-77.25],[-113.75,-76.93],[-113.02,-77.0],[-113.75,-77.46],[-114.75,-77.25]]}},{"type":"Feature","properties":{"level":976},"geometry":{"type":"LineString","coordinates":[[-109.0,-77.01],[-111.0,-76.29],[-112.5,-76.74],[-113.75,-76.14],[-115.5,-76.45],[-116.3,-76.25],[-115.34,-76.0],[-115.75,-75.82],[-119.75,-75.52],[-121.5,-74.98],[-129.75,-75.22],[-131.0,-74.86],[-133.25,-75.06],[-135.0,-74.79],[-139.25,-75.18],[-140.5,-75.52],[-142.76,-75.25],[-142.25,-75.0],[-147.25,-74.05],[-167.25,-72.89],[-171.0,-72.29],[-171.81,-71.75],[-171.25,-71.0],[-168.98,-69.25],[-161.34,-65.0],[-154.97,-61.0],[-147.75,-57.72],[-140.5,-55.54],[-136.5,-54.67],[-133.5,-54.51],[-123.5,-55.8],[-121.5,-55.14],[-119.71,-56.0],[-118.63,-57.75],[-118.18,-59.0],[-117.71,-61.5],[-118.21,-64.5],[-119.25,-66.51],[-120.67,-68.0],[-122.75,-69.29],[-127.79,-71.75],[-128.21,-72.0],[-128.21,-72.25],[-127.0,-72.73],[-122.25,-72.74],[-108.75,-71.59],[-104.75,-71.45],[-99.75,-71.73],[-98.0,-72.27],[-96.86,-72.0],[-97.0,-71.75],[-97.68,-71.75],[-94.25,-71.78],[-90.5,-72.32],[-89.02,-72.75],[-90.11,-73.25],[-93.0,-73.75],[-93.63,-73.5],[-95.15,-74.0],[-96.4,-74.75],[-97.04,-75.5],[-96.64,-75.75],[-102.0,-76.25],[-107.0,-77.05],[-109.0,-77.01]]}},{"type":"Feature","properties":{"level":976},"geometry":{"type":"LineString","coordinates":[[-125.54,-74.0],[-124.86,-74.0],[-125.54,-74.0]]}},{"type":"Feature","properties":{"level":976},"geometry":{"type":"LineString","coordinates":[[-127.03,-73.75],[-126.42,-73.75],[-126.75,-73.7],[-127.0,-73.26],[-127.27,-73.5],[-127.03,-73.75]]}},{"type":"Feature","properties":{"level":976},"geometry":{"type":"LineString","coordinates":[[24.75,-71.27],[22.25,-70.65],[18.25,-70.27],[14.4,-69.0],[14.17,-68.0],[12.6,-66.0],[12.79,-65.0],[12.64,-64.5],[11.75,-63.88],[8.05,-62.25],[7.83,-61.75],[8.25,-60.75],[9.18,-60.0],[11.5,-59.33],[13.78,-56.75],[15.0,-55.74],[16.5,-55.38],[19.5,-55.53],[22.5,-54.92],[28.0,-55.73],[31.0,-55.78],[32.75,-57.3],[34.5,-58.2],[45.0,-58.53],[52.5,-59.41],[60.5,-61.34],[70.5,-62.91],[72.62,-63.5],[72.77,-63.75],[71.0,-65.81],[58.75,-67.25],[58.27,-68.25],[57.5,-68.62],[56.0,-68.65],[54.0,-68.33],[52.75,-69.15],[51.25,-69.42],[49.5,-69.39],[48.25,-68.99],[47.51,-69.0],[44.25,-69.72],[43.1,-70.25],[40.25,-70.7],[36.5,-70.35],[29.0,-71.22],[24.75,-71.27]]}},{"type":"Feature","properties":{"level":976},"geometry":{"type":"LineString","coordinates":[[132.5,-65.0],[131.18,-64.5],[130.76,-64.0],[130.83,-63.75],[132.08,-63.0],[133.75,-62.75],[135.37,-63.0],[136.39,-63.75],[136.0,-64.59],[135.28,-65.0],[132.5,-65.0]]}},{"type":"Feature","properties":{"level":976},"geometry":{"type":"LineString","coordinates":[[116.75,-61.55],[116.19,-61.25],[115.6,-60.5],[115.67,-59.0],[115.18,-58.75],[114.53,-57.5],[112.68,-56.0],[112.25,-55.25],[111.83,-52.25],[112.16,-51.25],[113.0,-50.5],[119.0,-48.6],[122.5,-48.28],[124.75,-48.34],[126.75,-48.54],[127.75,-48.87],[129.75,-50.2],[132.62,-51.5],[132.85,-52.75],[132.59,-55.0],[131.95,-57.75],[131.49,-58.5],[127.0,-59.56],[120.25,-59.9],[119.18,-60.25],[118.04,-61.5],[117.25,-61.72],[116.75,-61.55]]}},{"type":"Feature","properties":{"level":976},"geometry":{"type":"LineString","coordinates":[[143.0,-55.84],[141.25,-55.01],[140.94,-54.5],[140.86,-53.75],[141.25,-53.63],[142.16,-54.0],[143.29,-54.75],[143.92,-55.5],[143.75,-55.84],[143.0,-55.84]]}},{"type":"Feature","properties":{"level":976},"geometry":{"type":"LineString","coordinates":[[180.0,57.98],[177.7,56.25],[175.25,55.1],[171.75,54.13],[167.0,53.38],[163.25,53.44],[161.0,53.96],[160.11,54.5],[160.5,55.11],[160.26,55.75],[160.55,56.25],[160.0,56.22],[159.8,56.5],[160.43,59.0],[162.77,61.5],[164.86,62.75],[168.75,63.88],[175.25,64.78],[177.5,64.61],[180.0,63.74]]}},{"type":"Feature","properties":{"level":976},"geometry":{"type":"LineString","coordinates":[[-180.0,63.74],[-178.42,62.5],[-178.02,61.5],[-178.57,59.75],[-180.0,57.98]]}},{"type":"Feature","properties":{"level":980},"geometry":{"type":"LineString","coordinates":[[-111.25,-83.51],[-112.59,-83.25],[-111.5,-83.11],[-111.25,-83.4],[-110.14,-83.5],[-111.25,-83.51]]}},{"type":"Feature","properties":{"level":980},"geometry":{"type":"LineString","coordinates":[[-113.5,-83.03],[-114.33,-82.5],[-115.62,-82.25],[-111.25,-81.71],[-103.5,-82.4],[-102.8,-82.5],[-102.77,-82.75],[-113.5,-83.03]]}},{"type":"Feature","properties":{"level":980},"geometry":{"type":"LineString","coordinates":[[-132.0,-82.0],[-135.27,-81.5],[-135.77,-81.25],[-135.53,-81.0],[-135.78,-80.5],[-137.48,-80.0],[-137.25,-79.81],[-134.5,-80.12],[-132.75,-79.9],[-131.25,-80.2],[-129.0,-80.21],[-128.56,-80.5],[-129.33,-81.25],[-129.33,-81.5],[-129.83,-81.75],[-132.0,-82.0]]}},{"type":"Feature","properties":{"level":980},"geometry":{"type":"LineString","coordinates":[[-26.75,-78.01],[-29.75,-77.83],[-30.09,-77.75],[-30.25,-77.27],[-33.0,-77.28],[-34.5,-77.71],[-34.82,-77.5],[-33.64,-76.75],[-28.5,-75.09],[-22.68,-72.25],[-18.75,-71.29],[-13.25,-69.57],[-8.25,-69.03],[-1.0,-69.29],[0.0,-69.52],[3.25,-69.22],[4.59,-68.75],[4.86,-68.0],[3.33,-65.5],[3.99,-64.25],[3.5,-62.0],[3.91,-60.75],[5.75,-59.47],[14.5,-55.12],[18.0,-54.27],[22.25,-53.91],[26.0,-54.51],[31.75,-54.83],[34.25,-56.4],[36.0,-56.9],[49.75,-57.72],[60.75,-60.5],[74.5,-62.63],[75.39,-63.25],[75.32,-64.25],[76.16,-65.5],[74.66,-66.5],[73.25,-66.83],[68.0,-67.22],[66.28,-67.75],[62.0,-68.51],[59.75,-68.56],[57.25,-69.06],[54.25,-69.03],[51.5,-69.67],[48.0,-69.39],[46.25,-69.67],[44.25,-70.49],[41.0,-70.97],[37.25,-70.8],[36.4,-71.0],[36.02,-71.5],[35.25,-71.82],[34.0,-71.31],[27.75,-71.8],[26.5,-72.27],[22.75,-72.26],[22.0,-71.68],[20.75,-71.44],[15.0,-71.04],[13.0,-71.26],[12.75,-70.94],[5.75,-70.76],[1.25,-71.07],[0.75,-71.0],[0.25,-70.39],[-1.5,-70.36],[-2.5,-70.86],[-3.85,-71.0],[-4.41,-71.5],[-4.5,-72.04],[-5.35,-72.0],[-6.0,-71.57],[-8.25,-72.41],[-10.25,-73.83],[-11.39,-74.25],[-10.32,-74.5],[-10.47,-74.75],[-11.75,-75.07],[-12.25,-75.53],[-16.5,-76.12],[-26.0,-76.15],[-27.86,-76.5],[-28.5,-77.1],[-29.34,-77.25],[-23.5,-77.13],[-15.12,-77.5],[-17.0,-77.86],[-20.75,-78.07],[-26.75,-78.01]]}},{"type":"Feature","properties":{"level":980},"geometry":{"type":"LineString","coordinates":[[-136.25,-76.03],[-135.25,-75.79],[-135.06,-76.0],[-136.25,-76.03]]}},{"type":"Feature","properties":{"level":980},"geometry":{"type":"LineString","coordinates":[[75.5,-75.9],[75.04,-75.5],[75.14,-75.25],[76.0,-74.75],[77.24,-75.0],[77.24,-75.25],[76.75,-75.64],[75.5,-75.9]]}},{"type":"Feature","properties":{"level":980},"geometry":{"type":"LineString","coordinates":[[-6.25,-74.28],[-6.41,-74.25],[-6.13,-74.0],[-3.25,-73.43],[-2.75,-73.43],[-2.49,-73.75],[-6.25,-74.28]]}},{"type":"Feature","properties":{"level":980},"geometry":{"type":"LineString","coordinates":[[180.0,-74.14],[177.77,-73.5],[177.04,-72.5],[178.0,-71.44],[180.0,-70.75]]}},{"type":"Feature","properties":{"level":980},"geometry":{"type":"LineString","coordinates":[[-5.75,-73.03],[-6.02,-72.5],[-5.0,-72.48],[-4.43,-73.0],[-5.75,-73.03]]}},{"type":"Feature","properties":{"level":980},"geometry":{"type":"LineString","coordinates":[[-61.67,-71.5],[-61.17,-71.5],[-61.67,-71.5]]}},{"type":"Feature","properties":{"level":980},"geometry":{"type":"LineString","coordinates":[[-5.15,-71.5],[-4.64,-71.5],[-4.54,-71.25],[-6.0,-70.98],[-6.52,-71.25],[-5.15,-71.5]]}},{"type":"Feature","properties":{"level":980},"geometry":{"type":"LineString","coordinates":[[-2.0,-71.53],[-2.2,-71.5],[-2.0,-71.53]]}},{"type":"Feature","properties":{"level":980},"geometry":{"type":"LineString","coordinates":[[-180.0,-70.75],[-174.5,-69.35],[-169.5,-67.54],[-162.5,-64.13],[-154.25,-59.25],[-148.28,-56.75],[-140.0,-54.3],[-136.25,-53.5],[-130.5,-53.44],[-124.25,-54.05],[-121.75,-53.41],[-120.25,-53.85],[-119.12,-54.75],[-118.1,-56.0],[-116.46,-58.75],[-115.37,-63.0],[-115.32,-65.5],[-114.64,-66.75],[-115.12,-68.75],[-114.71,-69.25],[-113.75,-69.64],[-111.25,-69.84],[-106.75,-69.73],[-101.54,-69.25],[-99.64,-68.75],[-98.88,-68.0],[-99.57,-66.25],[-99.4,-64.25],[-99.72,-63.25],[-98.5,-62.89],[-91.5,-65.3],[-84.34,-69.0],[-82.34,-69.75],[-81.36,-70.75],[-79.8,-71.25],[-75.25,-71.9],[-68.75,-71.67],[-65.03,-72.0],[-63.75,-71.32],[-61.86,-71.5],[-63.0,-70.44],[-63.51,-70.5],[-63.05,-71.0],[-63.5,-71.21],[-63.75,-71.07],[-63.78,-70.75],[-64.13,-70.5],[-63.65,-70.0],[-64.4,-69.25],[-64.5,-68.94],[-64.25,-68.81],[-63.5,-69.59],[-63.17,-69.5],[-63.3,-69.25],[-63.0,-69.06],[-59.0,-68.64],[-52.0,-68.95],[-50.5,-69.41],[-49.13,-70.5],[-47.18,-71.5],[-44.31,-73.75],[-44.37,-74.0],[-44.88,-74.25],[-47.25,-74.76],[-54.0,-75.04],[-58.0,-74.58],[-59.75,-73.74],[-60.5,-73.1],[-61.25,-73.38],[-61.83,-73.25],[-61.54,-73.5],[-62.23,-74.0],[-63.75,-74.41],[-64.0,-74.8],[-67.25,-75.81],[-67.65,-75.75],[-67.22,-75.5],[-68.25,-75.15],[-73.0,-74.95],[-79.75,-73.71],[-82.5,-74.22],[-85.25,-73.87],[-87.75,-74.33],[-88.13,-74.5],[-88.08,-74.75],[-90.42,-75.75],[-97.0,-76.88],[-98.86,-77.0],[-98.56,-77.25],[-99.07,-77.5],[-101.72,-78.0],[-103.0,-78.8],[-106.6,-79.5],[-106.48,-79.75],[-106.91,-80.0],[-108.84,-80.25],[-108.86,-80.5],[-109.25,-80.66],[-114.5,-81.44],[-115.78,-81.25],[-116.81,-80.5],[-117.37,-79.5],[-118.52,-79.25],[-118.54,-78.75],[-116.53,-77.25],[-119.25,-76.58],[-120.0,-76.09],[-121.75,-75.55],[-124.0,-75.47],[-124.18,-75.5],[-123.74,-75.75],[-124.25,-75.89],[-129.25,-75.71],[-131.0,-75.41],[-132.75,-75.67],[-134.25,-75.44],[-135.25,-75.72],[-137.0,-75.48],[-137.5,-75.72],[-143.75,-76.4],[-143.95,-76.75],[-143.44,-77.0],[-144.69,-77.75],[-149.75,-77.93],[-155.0,-77.4],[-156.75,-77.51],[-158.25,-77.9],[-160.25,-77.5],[-162.02,-76.75],[-163.09,-76.0],[-166.75,-75.29],[-176.25,-74.65],[-180.0,-74.14]]}},{"type":"Feature","properties":{"level":980},"geometry":{"type":"LineString","coordinates":[[-62.35,-70.25],[-61.97,-70.25],[-62.35,-70.25]]}},{"type":"Feature","properties":{"level":980},"geometry":{"type":"LineString","coordinates":[[98.5,-68.81],[98.05,-68.5],[98.75,-67.76],[101.82,-66.5],[104.29,-66.5],[104.33,-66.75],[99.75,-68.87],[98.5,-68.81]]}},{"type":"Feature","properties":{"level":980},"geometry":{"type":"LineString","coordinates":[[132.25,-65.77],[129.7,-65.25],[128.67,-64.75],[128.5,-63.75],[128.69,-63.0],[129.75,-61.87],[130.58,-61.5],[130.5,-61.18],[129.0,-61.23],[127.25,-61.67],[124.75,-62.71],[119.75,-63.34],[116.75,-62.92],[114.75,-61.95],[112.84,-60.25],[111.37,-58.25],[110.01,-55.75],[109.7,-53.25],[110.25,-52.0],[111.65,-50.5],[113.5,-49.42],[117.25,-47.84],[120.5,-47.16],[124.75,-47.02],[127.0,-47.25],[130.0,-48.62],[133.25,-49.31],[134.34,-50.75],[135.34,-53.0],[136.15,-54.0],[136.89,-54.5],[135.76,-57.75],[135.87,-59.75],[132.75,-60.41],[132.52,-60.75],[132.77,-61.0],[134.0,-61.07],[136.75,-62.09],[138.91,-63.25],[139.18,-64.0],[138.69,-64.75],[137.5,-65.33],[135.5,-65.66],[132.25,-65.77]]}},{"type":"Feature","properties":{"level":980},"geometry":{"type":"LineString","coordinates":[[92.75,-64.54],[92.1,-64.25],[94.25,-63.68],[95.25,-64.0],[94.25,-64.57],[92.75,-64.54]]}},{"type":"Feature","properties":{"level":980},"geometry":{"type":"LineString","coordinates":[[145.0,-58.01],[141.5,-57.3],[138.84,-56.25],[137.81,-55.5],[137.41,-54.5],[138.36,-53.0],[139.92,-52.0],[141.25,-51.71],[143.0,-52.12],[144.5,-53.06],[144.82,-53.75],[147.5,-55.99],[148.0,-57.0],[148.43,-57.25],[148.25,-57.86],[147.75,-58.16],[145.0,-58.01]]}},{"type":"Feature","properties":{"level":980},"geometry":{"type":"LineString","coordinates":[[180.0,56.8],[177.25,55.22],[174.25,54.08],[169.5,53.02],[166.0,52.6],[163.25,52.68],[160.0,53.36],[159.5,53.59],[159.13,54.75],[158.6,55.0],[158.48,55.5],[159.18,57.0],[158.81,58.5],[159.47,60.0],[160.04,60.75],[162.94,62.25],[163.72,63.0],[167.75,64.29],[174.25,65.44],[178.75,65.42],[180.0,65.2]]}},{"type":"Feature","properties":{"level":980},"geometry":{"type":"LineString","coordinates":[[-180.0,65.2],[-178.5,64.61],[-177.0,63.58],[-176.22,62.75],[-176.0,61.75],[-177.06,59.5],[-178.19,58.25],[-180.0,56.8]]}},{"type":"Feature","properties":{"level":984},"geometry":{"type":"LineString","coordinates":[[173.75,-85.01],[173.59,-85.0],[175.35,-85.0],[173.75,-85.01]]}},{"type":"Feature","properties":{"level":984},"geometry":{"type":"LineString","coordinates":[[180.0,-84.8],[176.25,-84.83],[175.73,-84.5],[174.75,-84.38],[172.0,-84.58],[170.25,-84.08],[168.88,-84.25],[168.95,-84.0],[168.5,-83.9],[167.99,-84.0],[168.42,-84.25],[168.0,-84.36],[167.5,-84.1],[166.5,-84.08],[165.5,-84.38],[165.14,-84.25],[167.27,-83.75],[167.35,-83.5],[166.5,-83.35],[166.0,-83.54],[164.75,-83.16],[162.75,-83.32],[162.75,-82.86],[161.73,-82.75],[161.84,-82.0],[159.06,-81.5],[159.11,-81.25],[159.76,-81.0],[159.61,-80.75],[160.0,-80.65],[162.0,-80.24],[165.5,-80.16],[171.25,-79.44],[175.25,-78.5],[176.79,-77.75],[176.66,-77.5],[169.25,-75.2],[168.51,-74.5],[169.09,-73.5],[168.97,-73.25],[169.39,-73.0],[169.0,-72.76],[166.25,-72.95],[165.75,-73.65],[164.75,-73.36],[163.93,-73.75],[164.05,-74.25],[163.75,-74.36],[163.25,-73.99],[162.99,-74.25],[162.25,-73.86],[161.25,-72.89],[159.76,-72.25],[159.6,-72.0],[160.42,-71.75],[159.98,-70.75],[159.38,-70.0],[157.69,-69.25],[159.0,-68.91],[162.0,-68.87],[166.07,-69.25],[168.0,-69.86],[170.25,-69.98],[174.75,-69.4],[180.0,-68.28]]}},{"type":"Feature","properties":{"level":984},"geometry":{"type":"LineString","coordinates":[[-128.04,-84.25],[-124.86,-84.25],[-124.87,-84.0],[-126.75,-83.54],[-128.31,-84.0],[-128.04,-84.25]]}},{"type":"Feature","properties":{"level":984},"geometry":{"type":"LineString","coordinates":[[160.5,-83.27],[159.7,-83.0],[160.25,-82.65],[161.31,-83.0],[161.06,-83.25],[160.5,-83.27]]}},{"type":"Feature","properties":{"level":984},"geometry":{"type":"LineString","coordinates":[[-99.25,-82.82],[-96.75,-82.02],[-94.9,-82.0],[-96.81,-82.75],[-99.25,-82.82]]}},{"type":"Feature","properties":{"level":984},"geometry":{"type":"LineString","coordinates":[[-123.75,-82.5],[-121.74,-82.5],[-123.75,-82.5]]}},{"type":"Feature","properties":{"level":984},"geometry":{"type":"LineString","coordinates":[[-69.25,-80.53],[-69.41,-80.5],[-68.86,-80.5],[-69.25,-80.53]]}},{"type":"Feature","properties":{"level":984},"geometry":{"type":"LineString","coordinates":[[-23.25,-80.56],[-23.47,-80.5],[-23.0,-80.34],[-21.88,-80.5],[-23.25,-80.56]]}},{"type":"Feature","properties":{"level":984},"geometry":{"type":"LineString","coordinates":[[-125.75,-80.25],[-124.5,-80.28],[-121.97,-79.75],[-120.89,-79.25],[-120.1,-78.25],[-120.5,-78.0],[-119.75,-77.76],[-118.5,-78.06],[-118.1,-77.75],[-120.5,-77.11],[-120.82,-77.25],[-120.62,-77.75],[-121.0,-77.94],[-125.25,-77.16],[-127.0,-77.55],[-127.55,-77.25],[-126.5,-76.9],[-122.75,-77.18],[-121.47,-76.75],[-122.75,-76.17],[-129.0,-76.24],[-130.85,-76.0],[-131.0,-75.73],[-132.5,-76.05],[-133.5,-75.95],[-134.75,-76.29],[-137.75,-76.1],[-139.14,-76.25],[-139.34,-76.5],[-138.29,-76.75],[-138.51,-77.25],[-138.25,-77.29],[-136.13,-77.0],[-136.0,-77.26],[-135.25,-77.09],[-133.25,-77.35],[-130.5,-77.98],[-129.52,-78.5],[-126.5,-79.14],[-126.33,-79.25],[-126.94,-80.0],[-125.75,-80.25]]}},{"type":"Feature","properties":{"level":984},"geometry":{"type":"LineString","coordinates":[[-48.65,-79.5],[-47.4,-79.5],[-47.66,-79.25],[-48.25,-79.24],[-48.65,-79.5]]}},{"type":"Feature","properties":{"level":984},"geometry":{"type":"LineString","coordinates":[[-85.75,-79.01],[-85.76,-78.5],[-85.49,-78.25],[-86.15,-77.75],[-86.0,-77.51],[-84.55,-78.5],[-84.75,-78.82],[-85.75,-79.01]]}},{"type":"Feature","properties":{"level":984},"geometry":{"type":"LineString","coordinates":[[-46.35,-78.75],[-46.04,-78.75],[-46.35,-78.75]]}},{"type":"Feature","properties":{"level":984},"geometry":{"type":"LineString","coordinates":[[-25.06,-78.75],[-23.06,-78.75],[-25.06,-78.75]]}},{"type":"Feature","properties":{"level":984},"geometry":{"type":"LineString","coordinates":[[161.75,-78.02],[161.73,-77.75],[162.0,-77.67],[162.78,-78.0],[161.75,-78.02]]}},{"type":"Feature","properties":{"level":984},"geometry":{"type":"LineString","coordinates":[[-80.25,-77.27],[-81.65,-76.75],[-80.0,-76.43],[-78.75,-76.69],[-77.89,-77.25],[-79.25,-77.45],[-80.25,-77.27]]}},{"type":"Feature","properties":{"level":984},"geometry":{"type":"LineString","coordinates":[[-73.2,-75.75],[-72.14,-75.75],[-73.2,-75.75]]}},{"type":"Feature","properties":{"level":984},"geometry":{"type":"LineString","coordinates":[[169.28,-73.5],[169.5,-73.7],[169.68,-73.5],[169.28,-73.5]]}},{"type":"Feature","properties":{"level":984},"geometry":{"type":"LineString","coordinates":[[3.16,-71.75],[4.75,-71.8],[5.19,-71.5],[3.5,-71.44],[3.16,-71.75]]}},{"type":"Feature","properties":{"level":984},"geometry":{"type":"LineString","coordinates":[[81.92,-70.5],[82.23,-70.25],[81.2,-70.25],[81.75,-70.28],[81.92,-70.5]]}},{"type":"Feature","properties":{"level":984},"geometry":{"type":"LineString","coordinates":[[82.28,-70.25],[83.75,-70.12],[85.1,-69.25],[84.25,-68.96],[82.5,-69.14],[81.98,-69.5],[82.66,-70.0],[82.28,-70.25]]}},{"type":"Feature","properties":{"level":984},"geometry":{"type":"LineString","coordinates":[[81.1,-68.75],[81.75,-68.88],[82.04,-68.5],[80.66,-68.5],[81.1,-68.75]]}},{"type":"Feature","properties":{"level":984},"geometry":{"type":"LineString","coordinates":[[-180.0,-68.28],[-176.25,-67.14],[-171.75,-66.21],[-168.66,-65.0],[-165.5,-64.09],[-162.5,-62.68],[-155.6,-58.5],[-149.25,-56.03],[-140.0,-53.24],[-136.5,-52.42],[-134.5,-52.28],[-124.75,-52.46],[-122.5,-51.97],[-119.97,-52.5],[-118.25,-53.9],[-115.68,-56.75],[-111.58,-63.0],[-110.43,-64.0],[-108.75,-64.81],[-107.5,-64.79],[-106.5,-64.47],[-103.22,-62.25],[-102.13,-61.25],[-102.06,-60.25],[-102.96,-59.25],[-103.01,-59.0],[-102.75,-58.91],[-102.37,-59.5],[-101.34,-60.0],[-84.5,-66.34],[-79.74,-67.75],[-77.25,-68.79],[-70.75,-70.56],[-69.25,-70.58],[-68.73,-70.25],[-69.0,-69.8],[-69.81,-69.5],[-70.05,-69.0],[-69.75,-68.96],[-68.75,-69.15],[-68.05,-69.75],[-68.41,-70.0],[-68.25,-70.11],[-66.5,-70.71],[-65.25,-70.67],[-64.42,-69.75],[-65.23,-68.5],[-64.89,-68.0],[-64.5,-67.88],[-59.75,-67.77],[-56.25,-67.35],[-50.25,-67.23],[-48.25,-67.57],[-46.0,-68.63],[-43.25,-70.41],[-40.0,-71.75],[-35.75,-72.26],[-33.0,-72.13],[-30.75,-71.72],[-24.0,-69.4],[-19.25,-68.41],[-17.75,-67.69],[-16.5,-66.55],[-15.25,-66.1],[-6.5,-65.2],[-4.25,-64.75],[-3.0,-64.12],[-1.62,-63.0],[0.87,-60.0],[2.75,-58.7],[15.25,-53.92],[17.75,-53.43],[20.75,-53.19],[24.0,-53.22],[28.96,-53.75],[31.5,-53.47],[34.5,-54.99],[37.25,-55.59],[42.25,-55.76],[44.25,-55.55],[45.5,-55.15],[47.0,-55.3],[55.0,-58.07],[60.5,-59.58],[64.5,-60.32],[72.75,-61.26],[76.0,-61.87],[76.75,-62.22],[77.83,-63.25],[80.46,-64.5],[80.41,-66.0],[79.32,-67.0],[79.22,-67.5],[78.67,-68.0],[81.25,-67.86],[88.32,-66.0],[89.06,-65.5],[89.32,-65.0],[89.25,-64.5],[92.75,-62.5],[93.75,-61.7],[96.5,-61.88],[100.75,-63.48],[101.75,-63.65],[103.75,-63.62],[105.75,-63.16],[106.62,-62.25],[106.69,-61.5],[106.28,-60.25],[106.9,-59.5],[106.95,-57.75],[107.84,-54.25],[108.4,-52.75],[109.59,-51.0],[111.0,-49.75],[115.0,-47.33],[118.75,-46.2],[122.25,-45.72],[126.0,-45.68],[130.5,-47.4],[133.75,-47.93],[137.5,-50.44],[141.25,-50.08],[143.0,-50.43],[144.53,-51.25],[147.09,-53.75],[150.5,-56.53],[151.87,-57.0],[152.04,-57.25],[151.89,-57.75],[152.36,-58.75],[152.12,-59.25],[150.75,-59.55],[145.25,-59.19],[141.5,-59.39],[141.16,-60.0],[142.36,-62.25],[142.11,-63.5],[141.5,-64.54],[140.37,-65.25],[138.75,-65.83],[134.75,-66.6],[133.75,-66.36],[132.25,-66.66],[131.0,-66.62],[130.0,-66.96],[126.5,-66.54],[121.25,-67.15],[117.5,-67.06],[117.04,-66.75],[117.3,-66.25],[116.76,-66.0],[113.75,-65.74],[112.75,-66.44],[112.5,-67.06],[107.75,-67.46],[105.0,-68.4],[103.0,-69.49],[101.43,-70.0],[99.75,-70.28],[93.75,-70.24],[92.42,-71.5],[87.09,-74.0],[79.0,-76.35],[74.75,-76.88],[68.25,-77.04],[62.75,-76.79],[58.5,-75.84],[57.93,-75.5],[57.88,-75.25],[58.78,-74.75],[60.75,-75.86],[62.75,-76.41],[68.25,-76.47],[70.75,-76.11],[72.21,-75.25],[72.49,-74.5],[72.24,-74.0],[73.63,-72.0],[73.63,-71.75],[73.09,-71.5],[74.25,-70.95],[76.25,-70.76],[76.81,-70.5],[76.0,-70.12],[73.75,-70.25],[73.5,-71.0],[73.0,-71.45],[72.25,-71.41],[73.0,-70.33],[73.25,-70.48],[74.25,-69.88],[75.5,-69.86],[76.25,-69.39],[77.5,-69.06],[77.96,-68.5],[77.9,-68.25],[72.5,-68.51],[70.25,-68.16],[66.25,-68.69],[65.16,-69.5],[65.25,-70.05],[65.81,-70.25],[65.5,-70.4],[64.0,-70.39],[59.75,-69.24],[49.5,-70.19],[48.0,-69.75],[46.02,-70.75],[42.88,-71.25],[37.75,-71.51],[36.25,-71.88],[35.0,-72.54],[32.0,-72.39],[31.0,-72.55],[30.25,-72.17],[28.5,-72.04],[24.75,-72.61],[22.25,-72.56],[16.5,-71.57],[15.0,-71.6],[14.75,-71.94],[14.43,-71.5],[13.75,-71.4],[13.09,-71.5],[12.75,-71.94],[11.75,-71.91],[10.75,-71.52],[8.75,-71.81],[7.75,-71.62],[6.5,-72.09],[2.0,-72.22],[0.5,-72.64],[-0.25,-72.47],[-1.75,-72.61],[-2.5,-72.11],[-2.93,-72.25],[-3.1,-72.75],[-2.0,-73.01],[-1.64,-73.75],[-1.75,-73.92],[-4.36,-74.5],[-3.29,-74.75],[-4.28,-75.25],[-10.37,-77.0],[-10.48,-77.5],[-11.28,-77.75],[-16.5,-78.55],[-18.25,-79.24],[-27.0,-79.58],[-27.77,-79.75],[-27.96,-80.0],[-24.43,-80.25],[-25.25,-80.52],[-26.0,-80.48],[-25.97,-80.75],[-26.25,-80.79],[-32.0,-80.62],[-34.1,-81.25],[-39.25,-81.46],[-42.0,-82.67],[-52.5,-82.63],[-55.25,-82.82],[-57.43,-83.25],[-57.25,-83.53],[-56.37,-83.75],[-57.0,-84.02],[-59.0,-83.88],[-61.75,-84.25],[-64.0,-83.85],[-66.25,-83.77],[-67.75,-83.34],[-70.08,-83.25],[-67.75,-83.12],[-66.85,-82.75],[-69.02,-81.75],[-70.97,-81.25],[-70.75,-81.08],[-67.34,-80.5],[-68.81,-80.25],[-67.75,-79.97],[-67.25,-79.5],[-63.69,-79.0],[-60.82,-77.75],[-63.75,-77.16],[-69.0,-77.19],[-73.53,-76.75],[-75.56,-76.0],[-75.29,-75.75],[-73.58,-75.5],[-74.45,-75.0],[-78.25,-74.44],[-80.02,-74.5],[-80.21,-75.0],[-80.5,-75.04],[-86.25,-75.2],[-86.45,-75.5],[-87.57,-76.0],[-91.59,-76.75],[-92.75,-77.25],[-95.0,-77.71],[-97.46,-78.0],[-98.5,-78.38],[-99.51,-79.25],[-103.36,-80.75],[-103.36,-81.0],[-102.34,-81.5],[-102.33,-81.75],[-101.65,-82.25],[-100.58,-82.5],[-103.04,-83.25],[-99.18,-83.5],[-99.83,-83.75],[-112.0,-84.11],[-116.62,-84.5],[-116.41,-84.75],[-126.05,-84.75],[-123.13,-85.0],[-124.57,-85.25],[-123.48,-85.5],[-124.5,-85.62],[-130.35,-85.75],[-134.0,-85.25],[-136.08,-85.75],[-134.05,-86.0],[-135.0,-86.09],[-142.25,-85.87],[-147.5,-86.05],[-152.5,-85.71],[-158.75,-86.34],[-159.59,-86.25],[-157.5,-86.08],[-156.78,-85.75],[-164.0,-85.77],[-170.25,-85.12],[-171.75,-85.18],[-172.75,-84.92],[-174.75,-85.26],[-175.05,-85.25],[-174.75,-85.18],[-174.75,-84.94],[-176.25,-84.72],[-178.75,-84.97],[-180.0,-84.8]]}},{"type":"Feature","properties":{"level":984},"geometry":{"type":"LineString","coordinates":[[78.12,-68.25],[78.28,-68.25],[78.12,-68.25]]}},{"type":"Feature","properties":{"level":984},"geometry":{"type":"LineString","coordinates":[[108.07,-66.75],[109.5,-66.92],[111.0,-66.77],[110.55,-66.5],[112.71,-65.75],[112.76,-65.5],[112.25,-65.16],[110.5,-65.21],[109.26,-65.75],[109.25,-66.42],[108.76,-66.25],[109.04,-66.0],[108.75,-65.84],[108.03,-66.0],[107.65,-66.25],[108.07,-66.75]]}},{"type":"Feature","properties":{"level":984},"geometry":{"type":"LineString","coordinates":[[-99.5,-48.13],[-99.75,-47.75],[-99.5,-47.57],[-98.77,-47.75],[-98.66,-48.0],[-99.5,-48.13]]}},{"type":"Feature","properties":{"level":984},"geometry":{"type":"LineString","coordinates":[[180.0,55.75],[176.84,54.25],[173.0,52.99],[167.0,52.0],[163.25,51.94],[159.0,52.9],[157.57,54.25],[157.48,55.5],[157.89,56.0],[157.3,58.0],[157.87,60.0],[159.5,61.9],[161.25,62.23],[160.91,62.5],[165.57,64.5],[171.25,65.7],[174.5,66.11],[175.25,65.91],[176.25,66.17],[180.0,66.07]]}},{"type":"Feature","properties":{"level":984},"geometry":{"type":"LineString","coordinates":[[-180.0,66.07],[-178.0,65.85],[-176.0,65.04],[-174.59,63.75],[-173.95,62.25],[-174.31,60.75],[-175.9,58.75],[-177.96,57.0],[-180.0,55.75]]}},{"type":"Feature","properties":{"level":984},"geometry":{"type":"LineString","coordinates":[[-11.75,66.2],[-15.75,66.55],[-16.75,66.92],[-17.21,67.5],[-16.75,67.93],[-16.0,68.09],[-13.53,68.0],[-11.73,67.0],[-11.18,66.25],[-11.75,66.2]]}},{"type":"Feature","properties":{"level":988},"geometry":{"type":"LineString","coordinates":[[166.25,-85.25],[167.69,-85.25],[166.25,-85.25]]}},{"type":"Feature","properties":{"level":988},"geometry":{"type":"LineString","coordinates":[[180.0,-85.21],[172.5,-85.13],[170.0,-85.0],[169.0,-84.7],[165.0,-84.67],[163.21,-84.25],[166.07,-83.75],[164.75,-83.48],[164.25,-83.87],[162.0,-83.95],[159.74,-83.75],[159.83,-83.25],[158.75,-83.0],[158.0,-83.35],[156.88,-83.25],[156.93,-83.0],[159.25,-82.25],[159.17,-82.0],[157.8,-81.5],[157.76,-81.0],[158.25,-80.81],[159.56,-79.5],[158.54,-79.25],[159.25,-79.08],[159.75,-79.21],[162.41,-78.5],[162.27,-78.25],[160.66,-77.75],[160.34,-77.25],[160.88,-77.0],[159.64,-76.5],[159.95,-76.25],[159.81,-76.0],[157.98,-75.5],[158.75,-75.04],[161.91,-74.5],[162.03,-74.25],[161.66,-74.0],[161.84,-73.75],[161.5,-73.47],[159.5,-72.98],[157.68,-72.0],[159.58,-71.5],[158.25,-70.54],[154.5,-69.66],[153.62,-69.25],[153.61,-69.0],[154.0,-68.82],[154.25,-68.32],[156.5,-68.06],[165.75,-67.48],[175.5,-67.58],[180.0,-66.69]]}},{"type":"Feature","properties":{"level":988},"geometry":{"type":"LineString","coordinates":[[-69.89,-84.5],[-68.5,-84.59],[-66.15,-84.25],[-70.13,-84.0],[-69.61,-84.25],[-69.89,-84.5]]}},{"type":"Feature","properties":{"level":988},"geometry":{"type":"LineString","coordinates":[[-90.98,-81.25],[-90.0,-81.41],[-88.92,-81.25],[-89.91,-80.75],[-85.25,-80.17],[-80.5,-80.65],[-79.75,-80.5],[-85.0,-79.81],[-88.75,-78.57],[-89.0,-77.97],[-90.0,-77.85],[-96.65,-78.75],[-96.91,-79.0],[-96.49,-79.25],[-96.51,-79.75],[-97.71,-80.0],[-95.0,-80.55],[-91.79,-80.5],[-92.79,-81.0],[-90.98,-81.25]]}},{"type":"Feature","properties":{"level":988},"geometry":{"type":"LineString","coordinates":[[-99.37,-81.0],[-97.9,-80.75],[-99.5,-80.44],[-100.3,-80.75],[-99.37,-81.0]]}},{"type":"Feature","properties":{"level":988},"geometry":{"type":"LineString","coordinates":[[-125.37,-77.75],[-123.57,-77.75],[-126.23,-77.5],[-125.37,-77.75]]}},{"type":"Feature","properties":{"level":988},"geometry":{"type":"LineString","coordinates":[[-125.75,-76.75],[-124.45,-76.75],[-124.75,-76.52],[-125.75,-76.75]]}},{"type":"Feature","properties":{"level":988},"geometry":{"type":"LineString","coordinates":[[-135.72,-76.5],[-132.29,-76.25],[-133.5,-76.11],[-134.0,-76.47],[-135.72,-76.5]]}},{"type":"Feature","properties":{"level":988},"geometry":{"type":"LineString","coordinates":[[-131.95,-76.5],[-130.51,-76.5],[-130.63,-76.25],[-131.5,-76.21],[-131.91,-76.25],[-131.95,-76.5]]}},{"type":"Feature","properties":{"level":988},"geometry":{"type":"LineString","coordinates":[[62.92,-76.0],[67.1,-76.0],[68.73,-75.5],[68.33,-74.75],[66.75,-74.84],[64.94,-74.0],[63.0,-73.6],[60.69,-73.75],[59.96,-74.25],[60.25,-74.79],[61.96,-75.75],[62.92,-76.0]]}},{"type":"Feature","properties":{"level":988},"geometry":{"type":"LineString","coordinates":[[-180.0,-66.69],[-175.0,-65.61],[-164.52,-62.25],[-157.75,-58.44],[-155.28,-56.75],[-148.0,-54.74],[-141.0,-52.41],[-136.0,-51.29],[-126.25,-51.06],[-124.25,-50.58],[-120.75,-51.03],[-119.5,-51.52],[-115.5,-54.51],[-112.5,-57.19],[-110.5,-58.32],[-108.5,-58.87],[-106.5,-58.16],[-105.0,-57.29],[-102.5,-57.23],[-91.58,-61.0],[-85.75,-64.02],[-83.0,-65.03],[-78.75,-66.33],[-76.0,-66.87],[-68.5,-67.82],[-67.0,-68.56],[-66.71,-68.5],[-66.6,-68.0],[-65.77,-67.25],[-62.75,-65.86],[-62.5,-66.17],[-61.5,-66.43],[-60.5,-66.2],[-57.5,-66.25],[-49.75,-65.69],[-45.0,-66.87],[-42.0,-68.24],[-38.75,-69.32],[-36.5,-69.58],[-32.0,-69.31],[-29.77,-68.75],[-24.88,-67.0],[-23.42,-66.25],[-22.63,-65.0],[-22.93,-64.0],[-23.75,-63.57],[-25.75,-63.04],[-29.0,-62.58],[-30.38,-62.0],[-31.11,-61.0],[-31.05,-60.5],[-29.0,-59.18],[-27.0,-58.83],[-21.5,-58.66],[-20.51,-59.0],[-19.07,-60.0],[-18.66,-60.75],[-17.46,-61.25],[-12.75,-61.42],[-8.5,-61.01],[-6.0,-60.43],[1.0,-56.87],[5.5,-55.26],[14.75,-53.12],[20.25,-52.41],[28.0,-52.64],[30.25,-52.54],[30.75,-52.2],[35.25,-53.82],[37.5,-54.2],[40.0,-54.23],[43.5,-53.43],[45.5,-53.45],[55.25,-57.14],[61.0,-58.86],[65.25,-59.67],[75.0,-60.65],[78.25,-61.4],[80.5,-62.49],[85.5,-63.26],[88.75,-62.61],[90.5,-61.8],[91.93,-60.75],[92.82,-59.5],[95.23,-57.0],[99.25,-55.07],[99.75,-54.53],[102.25,-55.53],[104.0,-55.13],[106.0,-53.36],[108.75,-49.81],[111.75,-47.63],[114.26,-46.25],[117.25,-45.2],[119.75,-44.68],[124.75,-44.36],[125.75,-44.43],[130.0,-45.89],[133.5,-46.35],[134.25,-46.26],[136.0,-47.41],[139.05,-48.5],[142.25,-48.59],[144.16,-49.25],[146.3,-51.0],[146.5,-51.44],[147.0,-51.61],[147.75,-52.56],[150.5,-54.84],[151.5,-55.27],[155.4,-58.5],[155.68,-59.0],[155.57,-59.75],[155.0,-59.97],[149.78,-60.75],[147.75,-61.5],[146.91,-63.75],[143.93,-65.5],[142.5,-65.94],[138.5,-66.77],[133.0,-67.19],[130.25,-67.84],[124.5,-68.01],[116.5,-68.82],[114.36,-69.25],[109.0,-69.54],[106.5,-70.33],[99.75,-71.52],[93.68,-72.25],[91.75,-72.9],[88.75,-74.33],[84.5,-75.75],[79.12,-77.0],[74.75,-77.41],[64.5,-77.73],[60.75,-78.33],[59.0,-78.15],[56.75,-77.54],[55.85,-76.75],[55.97,-74.75],[60.0,-73.54],[60.53,-73.0],[60.45,-72.75],[59.83,-72.5],[59.85,-72.25],[63.09,-71.5],[63.04,-70.5],[61.5,-70.12],[59.75,-70.03],[57.0,-70.36],[51.75,-70.46],[49.25,-71.14],[37.5,-72.05],[35.5,-72.95],[34.75,-73.07],[32.25,-72.82],[30.75,-73.01],[28.5,-72.36],[24.5,-73.07],[17.5,-72.31],[16.25,-72.37],[15.5,-72.1],[11.75,-72.12],[10.75,-71.78],[8.0,-71.98],[6.75,-72.51],[4.5,-72.32],[1.75,-72.48],[0.75,-72.81],[-1.25,-72.96],[-1.47,-73.25],[-1.21,-74.0],[-1.45,-74.25],[-7.0,-76.25],[-7.46,-76.5],[-7.26,-77.0],[-8.05,-77.5],[-12.5,-78.29],[-14.0,-78.82],[-15.8,-79.0],[-16.73,-79.75],[-18.11,-80.0],[-18.19,-80.25],[-17.89,-80.5],[-18.5,-81.05],[-21.0,-81.17],[-21.23,-81.25],[-20.91,-81.5],[-22.75,-81.68],[-26.02,-81.5],[-25.43,-81.25],[-22.25,-81.2],[-21.44,-81.0],[-24.0,-80.83],[-27.92,-81.0],[-27.8,-81.25],[-26.69,-81.5],[-37.25,-82.43],[-43.75,-83.88],[-47.71,-83.25],[-53.25,-83.39],[-54.06,-83.5],[-55.0,-84.09],[-57.5,-84.52],[-66.25,-84.92],[-70.8,-84.75],[-72.18,-84.5],[-70.95,-84.0],[-78.64,-83.5],[-79.24,-83.25],[-78.71,-83.0],[-82.17,-82.25],[-81.93,-82.0],[-83.33,-81.5],[-80.43,-81.0],[-81.75,-80.58],[-82.75,-80.53],[-84.5,-80.68],[-85.52,-81.25],[-88.5,-81.89],[-89.0,-82.2],[-90.75,-82.37],[-92.5,-83.15],[-97.0,-83.4],[-99.5,-83.88],[-104.44,-84.0],[-105.99,-84.25],[-105.54,-84.5],[-111.75,-84.46],[-115.0,-84.85],[-119.24,-85.0],[-121.46,-85.25],[-120.88,-85.5],[-123.5,-85.89],[-133.75,-85.72],[-134.22,-85.75],[-132.8,-86.0],[-135.0,-86.27],[-142.25,-86.02],[-148.0,-86.24],[-151.5,-85.98],[-154.75,-86.44],[-158.5,-86.42],[-159.92,-86.25],[-158.7,-86.0],[-159.5,-85.89],[-162.75,-85.97],[-170.75,-85.36],[-174.25,-85.49],[-176.75,-85.14],[-178.25,-85.33],[-180.0,-85.21]]}},{"type":"Feature","properties":{"level":988},"geometry":{"type":"LineString","coordinates":[[-63.04,-66.25],[-62.84,-66.25],[-63.04,-66.25]]}},{"type":"Feature","properties":{"level":988},"geometry":{"type":"LineString","coordinates":[[-100.75,-50.53],[-100.95,-50.0],[-100.75,-49.69],[-100.5,-49.71],[-100.05,-50.25],[-100.75,-50.53]]}},{"type":"Feature","properties":{"level":988},"geometry":{"type":"LineString","coordinates":[[-100.75,-49.05],[-101.56,-48.25],[-101.59,-47.25],[-101.34,-46.75],[-100.13,-45.75],[-98.75,-45.75],[-97.38,-47.25],[-97.23,-48.25],[-97.72,-48.75],[-98.75,-49.12],[-100.75,-49.05]]}},{"type":"Feature","properties":{"level":988},"geometry":{"type":"LineString","coordinates":[[-134.0,51.99],[-134.42,52.25],[-134.5,52.87],[-133.75,52.9],[-133.24,52.5],[-133.5,52.03],[-134.0,51.99]]}},{"type":"Feature","properties":{"level":988},"geometry":{"type":"LineString","coordinates":[[180.0,54.78],[175.54,53.0],[170.75,51.84],[165.0,51.19],[161.5,51.47],[158.25,52.1],[156.79,53.5],[156.75,53.77],[155.5,54.46],[155.54,56.5],[155.2,59.0],[155.78,60.0],[155.61,60.5],[156.75,61.37],[164.25,64.7],[168.82,66.0],[174.75,67.07],[180.0,66.75]]}},{"type":"Feature","properties":{"level":988},"geometry":{"type":"LineString","coordinates":[[23.75,55.75],[23.22,56.0],[23.3,56.5],[24.0,56.66],[24.51,56.5],[24.63,56.0],[23.75,55.75]]}},{"type":"Feature","properties":{"level":988},"geometry":{"type":"LineString","coordinates":[[-21.0,61.47],[-22.5,61.9],[-26.25,63.66],[-28.25,63.65],[-28.85,64.0],[-27.75,64.5],[-27.39,65.0],[-25.85,66.0],[-23.5,66.84],[-21.42,68.0],[-16.25,68.79],[-13.25,68.61],[-10.82,68.0],[-7.75,66.19],[-5.25,65.59],[-4.63,64.75],[-5.5,64.27],[-8.0,63.99],[-14.75,62.39],[-16.75,61.62],[-19.5,61.32],[-21.0,61.47]]}},{"type":"Feature","properties":{"level":988},"geometry":{"type":"LineString","coordinates":[[-180.0,66.75],[-176.25,66.55],[-173.89,66.0],[-172.81,65.25],[-172.56,64.5],[-171.85,63.75],[-171.61,62.5],[-171.76,61.75],[-172.5,60.38],[-175.0,57.7],[-177.17,56.25],[-180.0,54.78]]}},{"type":"Feature","properties":{"level":988},"geometry":{"type":"LineString","coordinates":[[49.75,75.99],[50.0,76.0],[49.75,75.99]]}},{"type":"Feature","properties":{"level":992},"geometry":{"type":"LineString","coordinates":[[180.0,-85.42],[169.25,-85.1],[167.5,-85.45],[164.5,-85.36],[163.71,-85.25],[164.46,-85.0],[163.0,-84.71],[157.25,-84.26],[152.75,-83.05],[153.25,-82.78],[154.75,-82.73],[155.27,-82.5],[152.25,-82.14],[151.89,-82.0],[152.03,-81.75],[156.0,-81.41],[157.5,-80.75],[156.89,-80.0],[158.42,-79.75],[158.28,-79.5],[156.37,-79.0],[160.42,-78.5],[160.1,-78.25],[160.18,-77.75],[159.77,-77.25],[159.83,-77.0],[158.75,-76.64],[158.56,-76.25],[156.92,-75.75],[156.6,-75.25],[157.5,-74.64],[158.8,-74.25],[158.87,-74.0],[157.5,-73.38],[153.74,-72.5],[153.0,-72.13],[152.89,-71.75],[149.78,-70.25],[148.85,-69.5],[149.03,-69.25],[146.25,-68.82],[145.61,-68.5],[146.01,-68.25],[146.0,-67.98],[144.25,-68.03],[143.99,-67.75],[144.05,-67.25],[143.5,-67.17],[135.75,-67.71],[133.94,-68.0],[133.44,-68.5],[132.55,-68.75],[129.34,-69.25],[121.0,-69.41],[117.5,-69.95],[116.66,-70.25],[116.13,-71.5],[115.61,-72.0],[112.5,-72.81],[109.25,-72.83],[105.25,-71.89],[97.5,-72.78],[92.5,-73.75],[88.63,-75.25],[82.75,-76.85],[78.75,-77.63],[71.75,-78.4],[69.91,-78.75],[70.18,-79.0],[69.53,-79.25],[68.25,-79.43],[60.5,-79.07],[55.33,-78.0],[54.23,-77.0],[54.2,-76.25],[53.64,-75.5],[54.75,-74.32],[57.79,-73.0],[58.92,-71.5],[57.75,-71.05],[56.25,-70.93],[52.75,-71.16],[49.5,-71.9],[46.0,-71.99],[38.25,-72.79],[37.25,-73.34],[35.25,-73.57],[32.5,-73.5],[27.5,-72.76],[26.5,-72.82],[25.25,-73.28],[21.75,-73.1],[20.75,-73.25],[15.5,-72.56],[13.0,-72.71],[10.75,-72.12],[7.0,-72.66],[3.61,-72.5],[3.0,-72.78],[-1.0,-73.22],[-0.88,-74.0],[-1.25,-74.48],[-2.25,-74.65],[-6.07,-76.25],[-5.8,-76.5],[-5.69,-77.25],[-11.0,-78.25],[-10.75,-78.59],[-9.71,-78.75],[-10.75,-79.0],[-11.06,-79.25],[-11.0,-79.56],[-13.27,-80.0],[-13.28,-80.25],[-11.42,-80.75],[-16.0,-80.81],[-17.0,-81.4],[-19.75,-82.07],[-34.44,-83.0],[-37.75,-83.46],[-40.88,-84.5],[-42.25,-84.7],[-49.75,-84.7],[-58.25,-85.29],[-60.52,-85.25],[-59.58,-85.0],[-61.0,-84.9],[-68.5,-85.13],[-73.75,-84.83],[-77.0,-84.2],[-85.75,-83.93],[-86.61,-83.5],[-87.5,-83.46],[-89.0,-83.53],[-89.35,-83.75],[-89.05,-84.0],[-89.5,-84.06],[-93.75,-83.59],[-98.57,-84.0],[-99.75,-84.5],[-100.75,-84.61],[-112.25,-84.69],[-114.95,-85.0],[-114.3,-85.25],[-118.5,-85.4],[-119.13,-85.5],[-119.13,-85.75],[-122.75,-86.09],[-130.25,-85.94],[-131.75,-86.0],[-131.31,-86.25],[-131.75,-86.26],[-142.75,-86.13],[-147.25,-86.43],[-150.75,-86.32],[-156.75,-86.57],[-159.75,-86.41],[-160.5,-86.0],[-170.0,-85.84],[-171.5,-85.57],[-172.87,-85.75],[-172.18,-86.0],[-173.75,-86.01],[-174.25,-85.76],[-177.25,-85.46],[-180.0,-85.42]]}},{"type":"Feature","properties":{"level":992},"geometry":{"type":"LineString","coordinates":[[-97.75,-84.26],[-97.94,-84.25],[-95.56,-84.25],[-97.75,-84.26]]}},{"type":"Feature","properties":{"level":992},"geometry":{"type":"LineString","coordinates":[[-52.19,-84.0],[-50.03,-83.75],[-52.0,-83.73],[-52.19,-84.0]]}},{"type":"Feature","properties":{"level":992},"geometry":{"type":"LineString","coordinates":[[158.07,-84.0],[159.42,-84.0],[158.07,-84.0]]}},{"type":"Feature","properties":{"level":992},"geometry":{"type":"LineString","coordinates":[[-90.04,-83.0],[-88.99,-82.75],[-90.54,-82.75],[-90.04,-83.0]]}},{"type":"Feature","properties":{"level":992},"geometry":{"type":"LineString","coordinates":[[-94.3,-79.75],[-93.25,-79.73],[-92.93,-79.5],[-94.0,-79.41],[-94.32,-79.5],[-94.3,-79.75]]}},{"type":"Feature","properties":{"level":992},"geometry":{"type":"LineString","coordinates":[[-92.52,-79.25],[-91.13,-79.25],[-91.5,-79.1],[-92.52,-79.25]]}},{"type":"Feature","properties":{"level":992},"geometry":{"type":"LineString","coordinates":[[-180.0,-65.17],[-169.75,-62.72],[-164.25,-60.47],[-161.52,-59.0],[-159.17,-57.25],[-156.35,-56.0],[-153.44,-55.0],[-149.75,-54.24],[-141.16,-51.25],[-137.25,-50.41],[-131.25,-49.87],[-127.25,-49.79],[-124.75,-49.41],[-121.75,-49.7],[-119.25,-50.44],[-115.25,-52.7],[-112.5,-53.77],[-111.5,-53.75],[-109.25,-52.57],[-107.25,-51.95],[-105.25,-52.41],[-104.75,-52.08],[-104.25,-52.1],[-103.75,-51.63],[-103.73,-48.25],[-103.05,-46.5],[-101.25,-44.98],[-98.75,-44.27],[-97.5,-44.46],[-96.76,-45.0],[-95.92,-47.25],[-96.07,-48.75],[-98.02,-51.0],[-97.86,-51.75],[-98.16,-53.75],[-98.05,-54.5],[-98.56,-55.0],[-97.29,-56.5],[-96.0,-57.15],[-93.5,-57.83],[-90.14,-59.5],[-77.25,-64.89],[-73.0,-65.91],[-67.0,-66.57],[-66.5,-67.0],[-63.62,-66.0],[-61.75,-64.94],[-58.75,-64.21],[-58.5,-63.97],[-57.75,-64.33],[-57.0,-63.75],[-54.5,-64.36],[-51.25,-63.85],[-47.75,-63.73],[-43.0,-64.74],[-40.5,-64.76],[-39.75,-64.56],[-39.0,-62.85],[-36.25,-61.55],[-36.14,-60.75],[-34.88,-59.5],[-33.33,-57.25],[-32.0,-56.14],[-30.75,-55.73],[-27.0,-55.71],[-24.0,-56.12],[-19.5,-56.31],[-13.75,-57.5],[-12.25,-57.5],[-7.5,-56.77],[-4.75,-55.83],[-4.2,-55.25],[-3.01,-54.75],[1.25,-53.85],[17.75,-51.69],[27.0,-51.57],[29.25,-51.36],[29.75,-50.95],[34.75,-52.34],[37.25,-52.73],[39.0,-52.71],[42.25,-51.98],[45.2,-52.25],[50.0,-53.73],[56.71,-56.75],[62.5,-58.32],[66.5,-59.03],[77.0,-60.18],[82.0,-61.36],[84.5,-61.48],[87.5,-61.13],[89.5,-60.39],[91.74,-58.5],[93.21,-56.5],[94.25,-55.69],[99.75,-53.28],[102.0,-53.28],[103.25,-52.89],[109.02,-48.0],[112.27,-45.75],[113.73,-45.0],[118.25,-43.54],[124.0,-42.97],[130.0,-44.42],[133.75,-44.71],[134.5,-44.57],[136.25,-45.61],[139.0,-46.54],[140.0,-46.75],[141.75,-46.68],[143.0,-46.99],[145.5,-48.67],[148.66,-51.75],[153.0,-55.37],[155.5,-56.93],[158.0,-58.04],[159.25,-59.13],[159.43,-59.75],[159.19,-60.0],[154.0,-61.66],[152.13,-63.0],[151.24,-64.25],[151.21,-65.0],[152.0,-65.5],[153.5,-65.9],[156.25,-66.13],[168.5,-66.21],[174.25,-65.89],[180.0,-65.17]]}},{"type":"Feature","properties":{"level":992},"geometry":{"type":"LineString","coordinates":[[162.25,14.19],[161.58,14.75],[161.48,15.25],[161.75,15.52],[162.22,15.5],[162.42,15.25],[162.51,14.75],[162.25,14.19]]}},{"type":"Feature","properties":{"level":992},"geometry":{"type":"LineString","coordinates":[[-126.25,22.05],[-126.5,22.5],[-126.0,22.79],[-125.89,22.25],[-126.25,22.05]]}},{"type":"Feature","properties":{"level":992},"geometry":{"type":"LineString","coordinates":[[-134.0,51.72],[-134.56,52.0],[-134.92,52.75],[-134.5,53.4],[-133.5,53.66],[-132.77,53.25],[-132.4,52.25],[-133.0,51.63],[-134.0,51.72]]}},{"type":"Feature","properties":{"level":992},"geometry":{"type":"LineString","coordinates":[[180.0,53.82],[176.5,52.49],[172.0,51.34],[166.75,50.6],[162.5,50.64],[157.5,51.54],[156.75,52.24],[154.55,53.25],[151.52,55.75],[150.99,56.5],[150.88,57.5],[151.0,57.71],[151.25,57.02],[151.31,58.5],[151.57,58.75],[153.23,59.25],[153.63,59.5],[153.63,60.0],[155.38,60.75],[158.0,62.5],[158.52,62.5],[159.25,63.11],[162.75,64.73],[164.75,65.5],[166.0,65.72],[169.25,66.92],[169.61,67.25],[172.0,67.43],[173.5,68.0],[174.75,68.08],[177.25,68.09],[178.75,67.59],[180.0,67.56]]}},{"type":"Feature","properties":{"level":992},"geometry":{"type":"LineString","coordinates":[[23.25,55.48],[22.32,56.0],[21.96,56.75],[22.39,57.75],[23.16,58.5],[25.25,59.88],[26.5,60.32],[27.2,60.25],[28.1,59.5],[28.19,58.75],[26.25,58.38],[25.88,58.0],[26.07,56.75],[25.41,55.75],[24.5,55.38],[23.25,55.48]]}},{"type":"Feature","properties":{"level":992},"geometry":{"type":"LineString","coordinates":[[-22.0,60.74],[-23.75,61.07],[-28.83,63.0],[-29.86,63.75],[-29.99,64.5],[-28.7,65.75],[-25.33,67.5],[-23.5,68.14],[-19.0,69.23],[-15.0,69.44],[-11.75,69.05],[-8.39,68.0],[-3.85,65.75],[-1.73,63.5],[-2.0,63.01],[-13.5,61.39],[-16.25,60.7],[-18.75,60.51],[-22.0,60.74]]}},{"type":"Feature","properties":{"level":992},"geometry":{"type":"LineString","coordinates":[[-180.0,67.56],[-176.0,67.67],[-172.0,66.78],[-169.7,65.0],[-169.11,64.0],[-168.91,63.0],[-169.13,62.0],[-170.43,60.25],[-173.91,57.0],[-176.0,55.66],[-180.0,53.82]]}},{"type":"Feature","properties":{"level":992},"geometry":{"type":"LineString","coordinates":[[48.75,73.25],[42.25,74.43],[38.03,76.0],[37.24,76.75],[36.55,78.75],[35.62,80.0],[35.59,80.5],[35.05,81.25],[35.5,81.41],[42.5,81.19],[54.5,79.89],[55.99,79.25],[56.45,78.25],[58.61,76.0],[58.45,75.75],[52.25,73.44],[50.75,73.14],[48.75,73.25]]}},{"type":"Feature","properties":{"level":996},"geometry":{"type":"LineString","coordinates":[[-169.25,-86.76],[-171.9,-86.5],[-168.38,-86.5],[-167.49,-86.75],[-169.25,-86.76]]}},{"type":"Feature","properties":{"level":996},"geometry":{"type":"LineString","coordinates":[[-166.5,-86.54],[-166.73,-86.5],[-163.95,-86.5],[-166.5,-86.54]]}},{"type":"Feature","properties":{"level":996},"geometry":{"type":"LineString","coordinates":[[180.0,-86.38],[167.0,-86.25],[163.76,-86.0],[157.5,-84.94],[154.0,-84.6],[149.87,-83.5],[149.48,-83.25],[150.26,-82.25],[148.39,-81.25],[148.41,-81.0],[149.54,-80.5],[153.0,-80.04],[154.5,-80.32],[156.36,-80.25],[155.68,-80.0],[155.92,-79.75],[157.03,-79.5],[155.0,-79.06],[154.84,-79.0],[154.96,-78.75],[158.5,-78.29],[158.77,-78.0],[158.7,-77.75],[159.29,-77.5],[159.2,-77.25],[156.92,-76.75],[155.08,-75.75],[155.34,-74.5],[155.2,-74.0],[154.7,-73.5],[152.25,-72.79],[144.69,-69.25],[139.5,-68.15],[136.25,-68.47],[130.0,-69.7],[123.5,-69.86],[120.5,-70.25],[119.64,-70.75],[120.24,-71.75],[120.19,-72.0],[118.75,-72.76],[116.5,-73.22],[112.75,-73.44],[109.75,-73.91],[104.25,-73.55],[94.25,-74.67],[87.0,-76.86],[81.75,-78.04],[78.31,-78.5],[79.01,-78.75],[76.25,-78.96],[75.22,-80.0],[73.0,-80.29],[68.5,-80.38],[63.75,-80.06],[57.75,-79.0],[55.5,-79.35],[53.5,-78.84],[53.13,-78.5],[52.13,-76.0],[52.68,-75.25],[52.65,-74.5],[53.05,-74.0],[55.72,-72.75],[55.82,-72.0],[55.25,-71.76],[48.0,-72.78],[43.5,-72.96],[40.25,-73.44],[37.0,-74.24],[32.25,-74.07],[29.25,-73.32],[26.75,-73.24],[24.0,-73.77],[19.25,-73.61],[17.25,-73.76],[16.09,-73.25],[14.75,-73.0],[4.25,-72.63],[3.5,-73.12],[-0.5,-73.46],[-0.5,-74.53],[-2.02,-74.75],[-5.01,-76.0],[-4.18,-76.5],[-3.79,-77.0],[-3.87,-77.25],[-4.75,-77.55],[-10.06,-78.25],[-5.56,-78.75],[-8.91,-79.0],[-6.6,-79.5],[-6.29,-79.75],[-6.68,-80.25],[-5.42,-80.75],[-5.75,-80.88],[-12.78,-81.0],[-13.11,-81.25],[-12.03,-81.5],[-17.0,-82.56],[-27.05,-83.25],[-26.4,-83.5],[-23.21,-83.75],[-26.0,-83.95],[-26.27,-84.0],[-26.01,-84.25],[-27.81,-84.5],[-36.0,-85.36],[-53.75,-85.54],[-70.25,-86.62],[-81.75,-86.62],[-83.42,-86.5],[-78.01,-86.25],[-83.75,-85.52],[-90.75,-85.51],[-94.2,-85.25],[-94.43,-84.75],[-92.67,-84.5],[-95.25,-84.36],[-98.0,-84.43],[-103.75,-85.05],[-109.57,-85.25],[-102.77,-85.75],[-104.75,-86.12],[-111.75,-86.13],[-112.16,-86.0],[-110.5,-85.89],[-110.0,-85.65],[-110.5,-85.42],[-112.25,-85.39],[-117.5,-85.55],[-122.0,-86.21],[-129.5,-86.1],[-131.25,-86.35],[-138.75,-86.41],[-141.25,-86.83],[-143.11,-86.75],[-142.22,-86.25],[-142.75,-86.23],[-143.7,-86.25],[-144.53,-86.75],[-145.75,-86.83],[-150.5,-86.6],[-158.96,-86.75],[-156.44,-87.0],[-157.5,-87.12],[-162.25,-87.0],[-160.08,-86.5],[-161.25,-86.14],[-173.75,-86.19],[-177.0,-86.1],[-178.25,-85.7],[-180.0,-85.74]]}},{"type":"Feature","properties":{"level":996},"geometry":{"type":"LineString","coordinates":[[173.05,-86.0],[174.75,-86.18],[179.7,-86.0],[179.0,-85.61],[170.75,-85.37],[169.33,-85.5],[173.05,-86.0]]}},{"type":"Feature","properties":{"level":996},"geometry":{"type":"LineString","coordinates":[[-180.0,-85.8],[-173.84,-86.75],[-180.0,-86.38]]}},{"type":"Feature","properties":{"level":996},"geometry":{"type":"LineString","coordinates":[[180.0,-85.74],[180.0,-85.8]]}},{"type":"Feature","properties":{"level":996},"geometry":{"type":"LineString","coordinates":[[-86.8,-85.25],[-84.25,-85.48],[-83.33,-85.25],[-85.25,-85.07],[-86.8,-85.25]]}},{"type":"Feature","properties":{"level":996},"geometry":{"type":"LineString","coordinates":[[-110.36,-84.75],[-109.25,-84.92],[-108.23,-84.75],[-110.36,-84.75]]}},{"type":"Feature","properties":{"level":996},"geometry":{"type":"LineString","coordinates":[[-84.62,-84.5],[-83.24,-84.5],[-84.62,-84.5]]}},{"type":"Feature","properties":{"level":996},"geometry":{"type":"LineString","coordinates":[[153.48,-81.25],[155.49,-81.25],[155.98,-80.75],[154.0,-80.69],[153.24,-81.0],[153.48,-81.25]]}},{"type":"Feature","properties":{"level":996},"geometry":{"type":"LineString","coordinates":[[-180.0,-63.56],[-179.25,-63.23],[-175.75,-62.82],[-170.25,-61.31],[-164.85,-59.0],[-164.45,-58.5],[-158.38,-55.75],[-154.0,-54.23],[-149.25,-53.0],[-142.25,-50.45],[-138.75,-49.51],[-134.0,-48.87],[-125.75,-48.18],[-120.75,-48.83],[-115.25,-50.77],[-113.5,-51.16],[-111.25,-50.73],[-109.5,-49.96],[-107.31,-48.5],[-106.86,-47.0],[-106.89,-45.75],[-106.0,-43.13],[-103.0,-43.23],[-99.25,-41.76],[-98.0,-40.95],[-95.5,-41.12],[-95.07,-41.75],[-94.41,-47.75],[-95.69,-50.75],[-95.78,-53.0],[-95.28,-54.5],[-93.4,-56.25],[-88.44,-59.0],[-81.75,-61.56],[-72.05,-64.5],[-65.5,-65.35],[-64.5,-65.75],[-63.9,-65.75],[-62.0,-64.86],[-56.0,-62.81],[-50.25,-61.82],[-44.25,-60.19],[-40.25,-59.7],[-38.9,-59.0],[-36.25,-56.87],[-33.43,-55.0],[-26.75,-53.19],[-25.0,-53.3],[-21.25,-54.22],[-13.5,-54.54],[-1.5,-52.2],[17.75,-50.67],[26.75,-50.44],[28.25,-50.18],[28.75,-49.84],[36.0,-51.27],[37.73,-51.25],[42.25,-50.53],[44.0,-50.79],[48.75,-52.12],[56.75,-55.68],[62.25,-57.45],[66.0,-58.29],[76.75,-59.37],[81.75,-60.2],[84.25,-60.18],[88.0,-59.35],[89.79,-58.25],[93.75,-54.95],[99.25,-52.17],[102.5,-51.18],[106.0,-48.67],[109.09,-46.0],[111.5,-44.48],[114.75,-43.03],[117.0,-42.38],[119.5,-41.91],[123.0,-41.64],[124.25,-41.72],[128.75,-42.73],[134.25,-42.93],[139.25,-44.43],[143.0,-44.63],[144.95,-46.5],[145.77,-47.0],[149.39,-50.75],[153.75,-54.51],[155.75,-55.81],[160.93,-58.25],[162.49,-59.75],[162.58,-60.25],[160.25,-61.46],[160.12,-62.0],[159.03,-62.75],[158.44,-63.75],[158.72,-64.0],[168.25,-64.73],[172.5,-64.59],[174.86,-64.0],[177.0,-64.06],[180.0,-63.56]]}},{"type":"Feature","properties":{"level":996},"geometry":{"type":"LineString","coordinates":[[-106.5,-40.53],[-107.2,-40.25],[-106.91,-39.5],[-106.25,-39.35],[-105.42,-39.5],[-105.43,-40.0],[-106.5,-40.53]]}},{"type":"Feature","properties":{"level":996},"geometry":{"type":"LineString","coordinates":[[161.5,13.68],[160.95,15.0],[160.99,15.5],[161.5,16.15],[162.25,16.09],[162.91,15.5],[163.03,14.75],[162.5,13.9],[161.5,13.68]]}},{"type":"Feature","properties":{"level":996},"geometry":{"type":"LineString","coordinates":[[145.5,15.89],[145.15,16.25],[145.25,16.4],[145.65,16.0],[145.5,15.89]]}},{"type":"Feature","properties":{"level":996},"geometry":{"type":"LineString","coordinates":[[-126.5,21.65],[-127.05,22.25],[-127.0,22.79],[-126.43,23.25],[-125.5,23.17],[-125.12,22.5],[-125.33,22.0],[-125.75,21.65],[-126.5,21.65]]}},{"type":"Feature","properties":{"level":996},"geometry":{"type":"LineString","coordinates":[[-169.5,32.23],[-169.5,32.67],[-168.81,32.5],[-169.5,32.23]]}},{"type":"Feature","properties":{"level":996},"geometry":{"type":"LineString","coordinates":[[-134.0,51.45],[-135.18,52.25],[-135.32,52.75],[-134.93,53.5],[-134.5,53.83],[-133.0,54.18],[-131.52,53.75],[-131.22,52.75],[-131.94,51.75],[-133.0,51.29],[-134.0,51.45]]}},{"type":"Feature","properties":{"level":996},"geometry":{"type":"LineString","coordinates":[[180.0,52.82],[175.0,51.22],[170.03,50.25],[164.5,49.87],[160.0,50.35],[157.0,50.99],[156.5,51.38],[153.45,52.5],[150.95,54.0],[149.27,55.5],[148.89,56.25],[148.63,57.75],[148.86,58.75],[150.04,59.75],[155.0,60.87],[157.18,62.25],[157.51,62.75],[158.5,63.45],[160.7,64.5],[161.5,65.16],[164.55,66.0],[165.0,67.06],[166.75,67.25],[169.31,68.0],[170.54,69.25],[172.75,69.47],[174.0,69.96],[175.25,70.08],[180.0,69.38]]}},{"type":"Feature","properties":{"level":996},"geometry":{"type":"LineString","coordinates":[[23.5,54.99],[22.0,55.59],[21.39,56.25],[21.12,57.0],[21.4,58.25],[22.84,59.75],[26.0,61.09],[28.75,61.69],[30.25,61.74],[31.32,61.25],[31.78,60.25],[32.28,59.75],[32.02,57.0],[31.25,56.74],[28.75,56.76],[25.5,55.1],[23.5,54.99]]}},{"type":"Feature","properties":{"level":996},"geometry":{"type":"LineString","coordinates":[[-22.25,60.0],[-23.75,60.03],[-26.25,60.73],[-29.98,62.5],[-30.75,63.06],[-31.2,63.75],[-31.31,64.5],[-31.12,65.0],[-29.97,66.25],[-28.33,67.25],[-27.41,68.5],[-18.75,70.01],[-13.25,70.17],[-8.5,69.36],[-5.0,67.84],[-2.45,66.25],[-0.34,64.0],[0.35,62.5],[0.0,61.53],[-2.5,61.06],[-10.5,60.6],[-17.25,59.83],[-22.25,60.0]]}},{"type":"Feature","properties":{"level":996},"geometry":{"type":"LineString","coordinates":[[-180.0,69.38],[-174.0,68.45],[-170.25,67.18],[-167.75,65.52],[-166.15,63.0],[-167.25,60.83],[-173.25,56.14],[-176.75,54.2],[-180.0,52.82]]}},{"type":"Feature","properties":{"level":996},"geometry":{"type":"LineString","coordinates":[[53.75,71.48],[46.25,72.41],[37.25,74.39],[33.84,75.75],[31.8,77.25],[30.78,78.5],[29.53,79.25],[28.0,79.61],[24.48,79.5],[26.73,80.25],[26.5,80.41],[22.37,81.5],[13.44,83.0],[11.62,83.5],[10.99,84.0],[11.95,84.5],[14.25,84.86],[23.0,85.29],[30.75,85.24],[42.75,84.5],[53.5,83.03],[58.83,82.0],[61.64,81.0],[61.58,80.5],[62.96,80.0],[64.27,79.0],[63.78,77.5],[63.19,76.75],[64.25,76.54],[64.42,76.25],[61.47,75.5],[61.48,75.25],[62.12,74.75],[62.22,74.25],[61.35,72.75],[58.5,71.69],[53.75,71.48]]}},{"type":"Feature","properties":{"level":1000},"geometry":{"type":"LineString","coordinates":[[180.0,-86.89],[165.0,-86.51],[158.73,-86.0],[150.67,-84.75],[146.8,-83.5],[146.74,-83.0],[146.5,-82.82],[144.25,-81.99],[144.04,-81.75],[144.38,-81.0],[148.5,-79.98],[153.1,-79.5],[153.1,-79.0],[153.55,-78.5],[155.5,-78.09],[157.5,-78.17],[157.96,-78.0],[157.94,-77.75],[154.97,-76.75],[153.5,-75.76],[153.25,-75.5],[153.58,-74.5],[152.75,-73.83],[147.57,-72.0],[145.85,-71.0],[142.73,-69.75],[139.75,-69.0],[134.25,-69.35],[131.47,-70.0],[125.5,-70.43],[124.45,-71.0],[123.96,-71.75],[123.25,-72.09],[117.75,-73.35],[114.07,-73.75],[113.69,-74.0],[114.22,-74.25],[113.5,-74.41],[103.25,-74.82],[98.75,-75.37],[93.75,-75.65],[92.3,-76.25],[92.17,-76.5],[92.66,-77.5],[92.13,-78.0],[87.0,-78.16],[79.98,-79.25],[79.38,-79.5],[78.99,-80.0],[78.04,-80.25],[72.5,-81.09],[66.75,-80.79],[61.5,-80.12],[56.86,-80.25],[52.0,-79.52],[50.75,-78.75],[50.6,-78.0],[50.94,-74.75],[50.38,-73.75],[49.75,-73.48],[46.0,-73.46],[36.75,-74.73],[32.0,-74.63],[29.75,-74.27],[25.75,-74.4],[25.44,-74.5],[26.0,-74.81],[27.25,-74.56],[30.27,-75.25],[28.5,-75.36],[24.33,-74.75],[24.13,-75.0],[24.38,-75.5],[25.15,-76.0],[22.8,-76.75],[22.76,-77.0],[23.59,-77.25],[23.25,-77.36],[22.5,-77.28],[22.25,-76.98],[20.06,-76.25],[19.61,-75.5],[20.12,-75.25],[20.05,-75.0],[17.75,-74.11],[13.75,-73.3],[5.0,-72.88],[2.57,-73.75],[0.0,-73.73],[0.16,-74.5],[-0.08,-74.75],[-2.0,-74.97],[-3.53,-75.75],[-3.28,-76.5],[-1.31,-77.25],[-1.5,-77.35],[-3.0,-77.84],[-6.0,-77.89],[-7.91,-78.25],[-4.51,-78.75],[-4.5,-79.31],[-3.0,-79.44],[-0.75,-80.64],[4.37,-81.25],[0.25,-81.63],[-4.5,-81.44],[-9.93,-82.0],[-12.8,-82.75],[-13.02,-83.25],[-14.0,-83.72],[-19.63,-84.75],[-20.38,-85.0],[-20.47,-85.5],[-20.77,-85.75],[-22.5,-85.98],[-29.0,-85.86],[-47.75,-86.39],[-54.85,-86.25],[-61.75,-86.77],[-71.25,-87.01],[-86.5,-86.92],[-89.98,-86.75],[-88.42,-86.5],[-88.6,-86.25],[-88.22,-86.0],[-88.92,-85.75],[-95.0,-85.36],[-95.49,-85.0],[-95.4,-84.75],[-94.46,-84.5],[-95.25,-84.48],[-99.25,-84.67],[-103.68,-85.25],[-99.0,-85.75],[-100.75,-86.17],[-117.5,-86.62],[-127.75,-87.37],[-132.5,-87.37],[-135.5,-87.12],[-144.25,-87.31],[-150.25,-86.88],[-151.52,-87.0],[-152.38,-87.5],[-155.75,-87.71],[-166.83,-87.25],[-165.47,-87.0],[-165.75,-86.97],[-169.5,-87.19],[-180.0,-86.89]]}},{"type":"Feature","properties":{"level":1000},"geometry":{"type":"LineString","coordinates":[[-136.75,-86.5],[-127.5,-86.6],[-125.69,-86.25],[-136.75,-86.5]]}},{"type":"Feature","properties":{"level":1000},"geometry":{"type":"LineString","coordinates":[[-163.42,-86.25],[-161.27,-86.25],[-163.42,-86.25]]}},{"type":"Feature","properties":{"level":1000},"geometry":{"type":"LineString","coordinates":[[-120.0,-86.25],[-117.5,-86.35],[-111.91,-85.75],[-116.5,-85.64],[-120.0,-86.25]]}},{"type":"Feature","properties":{"level":1000},"geometry":{"type":"LineString","coordinates":[[-106.02,-85.25],[-104.26,-85.25],[-106.02,-85.25]]}},{"type":"Feature","properties":{"level":1000},"geometry":{"type":"LineString","coordinates":[[-6.71,-79.25],[-5.58,-79.25],[-6.71,-79.25]]}},{"type":"Feature","properties":{"level":1000},"geometry":{"type":"LineString","coordinates":[[30.5,-77.76],[30.05,-77.5],[31.0,-76.96],[32.5,-77.05],[33.5,-77.5],[32.75,-77.82],[30.5,-77.76]]}},{"type":"Feature","properties":{"level":1000},"geometry":{"type":"LineString","coordinates":[[-180.0,-61.94],[-174.5,-61.09],[-171.5,-59.65],[-157.0,-54.29],[-151.1,-52.5],[-143.25,-49.59],[-138.25,-48.27],[-130.25,-46.94],[-127.0,-46.85],[-123.0,-47.21],[-115.5,-48.75],[-113.0,-48.5],[-111.35,-47.5],[-108.98,-44.75],[-108.68,-42.75],[-109.06,-39.75],[-109.0,-39.19],[-108.5,-38.41],[-104.75,-37.58],[-104.25,-37.61],[-102.75,-38.88],[-102.0,-39.19],[-100.25,-39.27],[-98.0,-38.7],[-95.25,-38.89],[-94.06,-39.5],[-93.56,-40.25],[-93.36,-42.75],[-93.42,-48.25],[-93.83,-51.0],[-93.6,-52.75],[-93.08,-54.0],[-92.45,-54.75],[-89.5,-57.03],[-84.25,-59.46],[-77.25,-61.71],[-71.25,-63.13],[-63.75,-63.94],[-62.75,-64.09],[-62.5,-64.38],[-62.5,-64.07],[-62.71,-64.0],[-62.25,-63.67],[-56.75,-62.41],[-54.75,-61.58],[-54.0,-61.57],[-51.0,-60.73],[-43.25,-57.97],[-36.25,-55.11],[-36.06,-54.75],[-36.89,-54.0],[-36.67,-53.75],[-35.1,-53.0],[-32.25,-52.16],[-26.25,-51.32],[-21.25,-51.58],[-18.25,-52.08],[-12.75,-51.94],[-3.25,-50.51],[1.25,-50.16],[8.5,-50.11],[17.75,-49.47],[24.5,-49.34],[27.75,-48.71],[35.5,-49.89],[38.22,-49.5],[39.75,-48.74],[41.5,-48.99],[47.22,-50.5],[57.5,-54.92],[61.09,-56.25],[64.25,-57.09],[69.75,-58.05],[81.5,-59.07],[83.75,-58.99],[87.56,-58.0],[94.75,-53.09],[102.0,-49.69],[105.25,-47.32],[108.18,-44.75],[111.75,-42.6],[112.29,-42.5],[112.81,-42.0],[115.01,-41.25],[118.25,-40.59],[122.0,-40.25],[128.75,-41.08],[134.5,-40.97],[137.75,-41.94],[140.75,-41.68],[141.31,-42.0],[142.25,-41.94],[143.0,-42.29],[145.17,-44.25],[147.47,-46.5],[149.5,-49.24],[154.55,-53.75],[159.25,-56.48],[166.92,-60.0],[166.34,-61.0],[165.88,-61.25],[166.25,-62.05],[168.25,-62.02],[168.75,-62.62],[170.5,-62.89],[173.0,-62.55],[174.0,-62.83],[175.0,-62.45],[177.5,-62.36],[178.5,-62.03],[180.0,-61.94]]}},{"type":"Feature","properties":{"level":1000},"geometry":{"type":"LineString","coordinates":[[161.5,13.24],[160.78,13.75],[160.25,14.66],[160.19,15.25],[160.57,16.0],[161.25,16.69],[161.75,16.85],[163.5,16.39],[163.85,14.75],[163.5,13.5],[162.75,13.07],[161.5,13.24]]}},{"type":"Feature","properties":{"level":1000},"geometry":{"type":"LineString","coordinates":[[146.0,15.45],[144.92,16.0],[145.0,16.99],[145.75,17.18],[146.31,17.0],[146.51,16.25],[146.0,15.45]]}},{"type":"Feature","properties":{"level":1000},"geometry":{"type":"LineString","coordinates":[[-126.5,21.23],[-127.46,22.0],[-127.46,23.0],[-126.5,23.63],[-125.5,23.6],[-124.79,23.0],[-124.83,22.0],[-125.5,21.33],[-126.5,21.23]]}},{"type":"Feature","properties":{"level":1000},"geometry":{"type":"LineString","coordinates":[[-169.75,31.89],[-170.16,32.5],[-169.75,33.08],[-169.0,33.18],[-168.26,32.75],[-168.31,32.25],[-168.75,31.87],[-169.75,31.89]]}},{"type":"Feature","properties":{"level":1000},"geometry":{"type":"LineString","coordinates":[[-133.5,50.99],[-134.75,51.4],[-135.73,52.25],[-135.86,53.0],[-135.47,53.75],[-133.89,54.75],[-133.0,54.87],[-132.25,54.77],[-130.57,54.0],[-130.3,52.75],[-130.75,51.7],[-132.0,51.09],[-133.5,50.99]]}},{"type":"Feature","properties":{"level":1000},"geometry":{"type":"LineString","coordinates":[[180.0,51.8],[175.0,50.37],[168.75,49.37],[164.25,49.18],[159.5,49.67],[156.5,50.45],[156.0,50.36],[155.68,50.75],[152.5,51.9],[149.25,53.66],[147.75,54.68],[146.14,56.25],[145.75,57.0],[145.56,58.25],[146.3,59.25],[147.5,59.5],[148.75,60.21],[152.5,60.62],[154.83,61.25],[155.51,62.25],[156.25,62.67],[157.41,64.0],[159.2,65.0],[159.75,65.63],[161.87,66.5],[161.73,67.0],[163.06,67.75],[163.46,68.25],[164.25,68.52],[166.66,68.5],[167.5,68.84],[168.5,69.77],[172.5,70.94],[180.0,71.85]]}},{"type":"Feature","properties":{"level":1000},"geometry":{"type":"LineString","coordinates":[[24.25,54.48],[22.0,55.08],[20.97,55.75],[20.4,56.5],[20.16,57.25],[20.21,58.25],[20.75,59.38],[21.63,60.25],[25.53,62.0],[29.75,62.77],[31.75,62.79],[33.64,62.5],[34.89,62.0],[35.31,61.5],[35.53,60.75],[35.09,60.0],[35.12,58.75],[33.91,56.25],[33.0,55.28],[32.0,55.46],[29.5,55.37],[26.0,54.56],[24.25,54.48]]}},{"type":"Feature","properties":{"level":1000},"geometry":{"type":"LineString","coordinates":[[-4.25,58.93],[-4.75,59.25],[-6.5,59.51],[-17.75,59.11],[-24.25,59.54],[-28.17,60.5],[-30.98,61.75],[-32.74,63.25],[-34.0,64.94],[-34.5,64.88],[-35.75,64.05],[-37.0,63.97],[-39.0,64.18],[-40.25,64.58],[-40.5,64.75],[-40.42,65.25],[-39.75,65.58],[-37.75,65.7],[-36.0,66.11],[-34.25,66.9],[-33.5,67.67],[-32.0,68.45],[-26.0,69.13],[-23.25,69.84],[-21.5,69.88],[-18.0,70.95],[-14.0,71.41],[-8.5,70.81],[-6.25,70.25],[-3.75,69.1],[-0.8,67.25],[1.34,65.25],[1.86,63.25],[2.36,62.25],[2.19,60.75],[1.75,59.42],[1.0,58.99],[0.25,59.18],[-4.25,58.93]]}},{"type":"Feature","properties":{"level":1000},"geometry":{"type":"LineString","coordinates":[[54.5,70.25],[47.25,70.96],[37.25,72.82],[32.29,74.0],[29.91,75.0],[27.21,76.75],[24.25,78.16],[20.49,79.25],[20.87,79.5],[20.75,79.64],[19.4,79.75],[19.76,80.0],[19.5,80.24],[2.77,82.75],[-0.22,83.5],[-1.4,84.25],[-0.77,84.75],[1.75,85.34],[10.0,86.09],[24.25,86.44],[39.0,86.21],[52.0,85.52],[61.25,84.56],[66.46,83.5],[70.5,82.31],[71.35,81.75],[71.59,81.25],[71.51,80.25],[70.72,78.75],[68.88,77.25],[68.94,76.75],[67.52,76.25],[65.61,73.25],[64.0,71.84],[62.75,71.24],[59.5,70.54],[54.5,70.25]]}},{"type":"Feature","properties":{"level":1000},"geometry":{"type":"LineString","coordinates":[[-180.0,71.85],[-178.31,71.75],[-177.8,71.5],[-177.53,71.0],[-172.28,69.5],[-168.5,67.86],[-165.75,66.0],[-165.23,65.25],[-165.24,64.75],[-164.2,63.75],[-164.01,62.75],[-164.25,61.54],[-165.96,59.5],[-173.06,55.0],[-176.5,53.24],[-180.0,51.8]]}},{"type":"Feature","properties":{"level":1004},"geometry":{"type":"LineString","coordinates":[[180.0,-87.22],[163.75,-86.81],[155.25,-86.12],[147.75,-84.88],[145.24,-84.0],[142.5,-83.56],[139.75,-82.66],[139.46,-82.5],[139.35,-81.75],[139.77,-81.0],[150.0,-79.09],[151.88,-78.25],[154.44,-77.5],[152.09,-76.25],[151.51,-75.5],[151.42,-74.5],[150.79,-74.0],[142.21,-71.0],[140.25,-69.9],[137.75,-69.7],[134.25,-69.86],[130.75,-70.62],[127.5,-70.98],[125.83,-71.75],[125.25,-72.26],[118.05,-74.0],[118.23,-74.25],[117.61,-74.5],[105.25,-75.43],[102.5,-76.1],[97.25,-76.65],[96.75,-76.83],[96.47,-77.25],[98.26,-78.5],[98.16,-78.75],[97.5,-78.91],[87.0,-78.78],[84.47,-79.25],[81.24,-80.25],[76.75,-80.85],[72.75,-82.04],[71.11,-82.0],[70.12,-81.5],[64.75,-80.98],[62.5,-80.9],[59.75,-81.16],[55.75,-80.5],[52.25,-80.54],[49.5,-79.52],[49.01,-79.0],[49.41,-78.25],[49.63,-76.25],[49.47,-75.75],[49.74,-75.0],[49.0,-74.5],[47.0,-74.29],[40.0,-74.78],[36.63,-75.75],[36.85,-76.0],[36.53,-76.25],[34.77,-76.75],[36.5,-76.98],[36.53,-77.25],[35.91,-77.5],[36.12,-77.75],[34.5,-78.47],[32.25,-78.75],[30.7,-79.25],[29.58,-80.0],[29.22,-80.5],[29.13,-80.75],[29.59,-81.25],[29.44,-81.5],[28.2,-81.75],[27.53,-82.25],[24.0,-82.41],[15.5,-81.41],[8.5,-81.29],[2.0,-83.14],[-8.72,-84.25],[-10.92,-84.75],[-12.18,-85.25],[-12.75,-85.79],[-17.0,-86.37],[-37.5,-86.68],[-61.75,-87.44],[-87.25,-87.54],[-103.5,-87.0],[-103.78,-86.5],[-107.0,-86.42],[-113.3,-86.75],[-114.2,-87.0],[-106.17,-87.25],[-108.5,-87.53],[-143.0,-87.68],[-151.25,-88.08],[-174.5,-87.82],[-176.59,-87.75],[-180.0,-87.22]]}},{"type":"Feature","properties":{"level":1004},"geometry":{"type":"LineString","coordinates":[[-116.56,-86.0],[-113.99,-85.75],[-116.1,-85.75],[-116.56,-86.0]]}},{"type":"Feature","properties":{"level":1004},"geometry":{"type":"LineString","coordinates":[[-97.95,-85.75],[-95.5,-85.93],[-93.26,-85.75],[-96.0,-85.54],[-96.25,-85.18],[-97.0,-85.05],[-99.18,-85.25],[-97.95,-85.75]]}},{"type":"Feature","properties":{"level":1004},"geometry":{"type":"LineString","coordinates":[[-101.02,-85.25],[-99.53,-85.25],[-101.02,-85.25]]}},{"type":"Feature","properties":{"level":1004},"geometry":{"type":"LineString","coordinates":[[-98.91,-84.75],[-97.75,-84.98],[-96.02,-84.75],[-98.91,-84.75]]}},{"type":"Feature","properties":{"level":1004},"geometry":{"type":"LineString","coordinates":[[12.77,-81.0],[14.0,-81.09],[19.5,-80.34],[19.85,-80.25],[19.57,-80.0],[19.75,-79.9],[21.63,-79.5],[20.93,-79.25],[21.26,-79.0],[21.04,-78.75],[20.5,-78.5],[18.14,-76.25],[18.01,-75.75],[18.19,-75.5],[19.08,-75.0],[17.29,-74.25],[14.25,-73.7],[9.5,-73.52],[6.75,-73.1],[5.0,-73.16],[4.39,-73.75],[2.63,-74.25],[1.25,-74.26],[0.5,-74.81],[-1.75,-75.3],[-2.47,-75.75],[-0.5,-75.89],[0.01,-76.25],[-0.62,-76.5],[-0.63,-76.75],[2.99,-77.5],[2.73,-78.0],[2.25,-78.17],[-1.23,-78.5],[1.5,-78.76],[3.0,-79.45],[4.75,-79.47],[5.09,-80.0],[7.0,-80.45],[12.77,-81.0]]}},{"type":"Feature","properties":{"level":1004},"geometry":{"type":"LineString","coordinates":[[-4.57,-78.5],[-3.02,-78.5],[-4.75,-78.1],[-6.13,-78.25],[-4.57,-78.5]]}},{"type":"Feature","properties":{"level":1004},"geometry":{"type":"LineString","coordinates":[[-180.0,-60.15],[-177.25,-59.95],[-173.91,-59.0],[-172.75,-58.45],[-165.22,-56.25],[-159.89,-54.25],[-153.5,-52.2],[-142.25,-48.03],[-135.0,-46.25],[-133.79,-45.75],[-128.0,-45.38],[-117.5,-46.56],[-115.75,-46.53],[-114.5,-46.2],[-113.0,-45.34],[-111.0,-43.0],[-110.41,-39.75],[-109.59,-37.5],[-108.25,-36.74],[-105.5,-36.18],[-105.0,-36.51],[-105.0,-35.93],[-101.0,-37.14],[-96.0,-36.73],[-94.75,-35.97],[-94.0,-36.5],[-92.93,-38.0],[-92.27,-40.25],[-92.04,-50.25],[-91.81,-52.0],[-90.0,-54.58],[-88.37,-56.0],[-85.0,-57.81],[-79.0,-60.03],[-73.25,-61.5],[-69.5,-62.09],[-62.75,-62.14],[-59.5,-61.83],[-55.5,-61.04],[-53.75,-60.22],[-52.25,-59.93],[-47.0,-58.11],[-34.75,-51.42],[-30.0,-49.94],[-24.75,-48.83],[-20.5,-49.34],[-13.25,-49.6],[-5.75,-48.8],[0.75,-48.42],[13.5,-48.38],[22.0,-47.99],[26.25,-47.4],[35.0,-48.16],[36.0,-47.9],[37.75,-46.98],[40.75,-47.35],[43.3,-48.0],[53.25,-51.72],[61.75,-55.43],[66.0,-56.61],[68.75,-57.14],[75.25,-57.76],[80.0,-57.99],[83.0,-57.84],[85.75,-57.23],[88.25,-56.03],[94.25,-51.97],[101.35,-48.25],[103.0,-47.15],[106.25,-44.15],[108.75,-42.29],[110.36,-41.25],[112.35,-40.5],[117.5,-39.1],[119.75,-38.73],[127.5,-39.18],[133.5,-38.63],[136.75,-39.31],[138.75,-39.41],[139.75,-38.76],[140.75,-38.91],[141.5,-38.49],[142.5,-39.4],[143.23,-40.5],[143.75,-40.56],[144.0,-41.26],[145.0,-41.48],[146.25,-42.53],[147.5,-42.75],[149.25,-46.55],[151.25,-49.22],[154.75,-52.5],[158.25,-54.83],[161.5,-56.48],[165.25,-57.84],[172.5,-59.49],[174.25,-60.26],[177.0,-60.44],[177.75,-60.14],[180.0,-60.15]]}},{"type":"Feature","properties":{"level":1004},"geometry":{"type":"LineString","coordinates":[[-56.25,-17.78],[-56.55,-17.25],[-56.25,-17.3],[-56.25,-17.78]]}},{"type":"Feature","properties":{"level":1004},"geometry":{"type":"LineString","coordinates":[[-58.25,-15.96],[-58.25,-15.69],[-58.25,-15.96]]}},{"type":"Feature","properties":{"level":1004},"geometry":{"type":"LineString","coordinates":[[-59.5,-9.59],[-59.5,-9.41],[-59.5,-9.59]]}},{"type":"Feature","properties":{"level":1004},"geometry":{"type":"LineString","coordinates":[[-60.75,-7.57],[-61.25,-7.45],[-61.52,-7.0],[-60.37,-6.0],[-61.1,-6.0],[-60.15,-5.25],[-60.63,-5.0],[-60.54,-4.25],[-60.75,-3.98],[-61.07,-4.0],[-61.25,-4.25],[-60.83,-4.75],[-61.5,-5.04],[-62.25,-4.79],[-62.37,-4.5],[-62.38,-3.75],[-62.06,-3.25],[-61.08,-2.5],[-62.08,-1.25],[-61.5,-0.75],[-61.5,-0.3],[-61.25,-0.17],[-60.75,-0.42],[-60.39,-0.75],[-60.75,-1.01],[-60.25,-1.4],[-59.5,-1.53],[-58.75,-2.88],[-58.04,-2.5],[-58.61,-1.75],[-58.5,-1.37],[-58.0,-1.24],[-57.62,-1.5],[-58.07,-2.0],[-57.75,-2.41],[-57.15,-2.25],[-57.0,-1.65],[-56.5,-1.85],[-55.94,-1.75],[-55.77,-2.0],[-56.09,-2.25],[-56.31,-3.25],[-56.1,-4.0],[-55.68,-4.25],[-56.25,-5.2],[-57.0,-5.82],[-57.25,-5.18],[-58.25,-5.37],[-58.9,-5.75],[-58.57,-6.25],[-59.07,-7.0],[-59.75,-7.54],[-60.25,-7.31],[-60.75,-7.57]]}},{"type":"Feature","properties":{"level":1004},"geometry":{"type":"LineString","coordinates":[[-56.25,-6.11],[-56.68,-5.75],[-56.25,-5.76],[-56.25,-6.11]]}},{"type":"Feature","properties":{"level":1004},"geometry":{"type":"LineString","coordinates":[[-57.09,-5.0],[-57.0,-4.87],[-57.09,-5.0]]}},{"type":"Feature","properties":{"level":1004},"geometry":{"type":"LineString","coordinates":[[-57.0,-1.26],[-56.75,-1.25],[-57.0,-1.26]]}},{"type":"Feature","properties":{"level":1004},"geometry":{"type":"LineString","coordinates":[[-61.5,0.17],[-61.27,0.5],[-61.5,0.98],[-61.25,1.12],[-61.09,0.25],[-61.25,0.06],[-61.5,0.17]]}},{"type":"Feature","properties":{"level":1004},"geometry":{"type":"LineString","coordinates":[[162.0,10.96],[159.9,12.5],[159.28,13.25],[158.58,16.0],[159.58,17.5],[161.25,18.28],[163.5,18.3],[165.25,17.76],[165.88,17.0],[165.78,16.75],[165.25,16.68],[165.17,16.25],[166.25,14.44],[164.7,12.0],[164.0,11.54],[162.0,10.96]]}},{"type":"Feature","properties":{"level":1004},"geometry":{"type":"LineString","coordinates":[[-102.75,12.12],[-102.75,12.59],[-102.4,12.25],[-102.75,12.12]]}},{"type":"Feature","properties":{"level":1004},"geometry":{"type":"LineString","coordinates":[[-101.5,12.37],[-101.5,12.71],[-101.5,12.37]]}},{"type":"Feature","properties":{"level":1004},"geometry":{"type":"LineString","coordinates":[[166.25,13.42],[166.25,13.82],[166.44,13.5],[166.25,13.42]]}},{"type":"Feature","properties":{"level":1004},"geometry":{"type":"LineString","coordinates":[[145.25,14.43],[143.98,15.75],[144.13,17.0],[144.54,17.75],[145.5,18.16],[146.25,18.1],[147.5,17.25],[147.89,16.0],[147.3,15.0],[146.5,14.43],[145.25,14.43]]}},{"type":"Feature","properties":{"level":1004},"geometry":{"type":"LineString","coordinates":[[172.0,15.44],[172.0,16.0],[172.5,16.12],[172.49,15.5],[172.0,15.44]]}},{"type":"Feature","properties":{"level":1004},"geometry":{"type":"LineString","coordinates":[[-94.5,18.44],[-94.81,18.75],[-94.75,19.29],[-94.75,19.0],[-94.33,18.75],[-94.5,18.44]]}},{"type":"Feature","properties":{"level":1004},"geometry":{"type":"LineString","coordinates":[[-126.5,20.47],[-127.86,21.25],[-128.21,22.0],[-128.18,22.75],[-127.5,23.91],[-126.5,24.32],[-125.5,24.31],[-124.32,23.5],[-123.94,22.5],[-123.95,21.75],[-124.4,21.0],[-125.0,20.55],[-126.5,20.47]]}},{"type":"Feature","properties":{"level":1004},"geometry":{"type":"LineString","coordinates":[[-170.0,31.18],[-170.5,31.51],[-170.9,32.25],[-170.5,33.25],[-169.25,33.76],[-168.0,33.12],[-167.73,32.5],[-168.0,31.74],[-169.0,31.13],[-170.0,31.18]]}},{"type":"Feature","properties":{"level":1004},"geometry":{"type":"LineString","coordinates":[[159.0,33.13],[158.62,33.5],[158.57,34.0],[158.86,34.5],[159.5,34.81],[160.04,33.75],[159.75,33.23],[159.0,33.13]]}},{"type":"Feature","properties":{"level":1004},"geometry":{"type":"LineString","coordinates":[[-133.5,50.49],[-135.0,50.94],[-136.18,51.75],[-136.63,52.5],[-136.45,53.75],[-135.5,54.68],[-133.75,55.45],[-131.75,55.63],[-131.0,55.41],[-130.17,54.75],[-129.5,53.52],[-129.01,53.25],[-129.24,52.25],[-129.97,51.25],[-131.0,50.4],[-133.5,50.49]]}},{"type":"Feature","properties":{"level":1004},"geometry":{"type":"LineString","coordinates":[[180.0,50.67],[176.5,49.62],[169.5,48.63],[163.5,48.4],[158.5,49.02],[153.0,50.65],[148.37,52.75],[143.47,56.25],[142.62,57.25],[142.17,58.5],[142.2,59.0],[143.5,60.07],[145.75,60.19],[146.5,60.58],[148.0,60.87],[150.0,60.72],[152.5,61.25],[152.75,61.62],[154.27,62.25],[154.75,63.3],[156.11,64.5],[156.25,65.1],[157.75,65.97],[159.25,67.38],[160.25,67.81],[160.5,68.27],[161.5,68.99],[163.93,69.5],[166.38,70.75],[169.75,71.73],[174.0,72.44],[180.0,73.04]]}},{"type":"Feature","properties":{"level":1004},"geometry":{"type":"LineString","coordinates":[[33.25,53.44],[32.5,53.76],[29.25,53.99],[24.75,53.66],[22.5,54.14],[20.75,55.05],[19.56,56.25],[18.98,58.0],[19.15,59.5],[20.1,60.75],[21.25,61.57],[25.75,63.19],[29.25,63.74],[31.25,63.78],[35.0,63.54],[36.25,63.2],[38.45,61.75],[38.58,61.25],[38.32,60.75],[38.24,59.5],[36.88,56.5],[34.25,54.02],[33.25,53.44]]}},{"type":"Feature","properties":{"level":1004},"geometry":{"type":"LineString","coordinates":[[-77.25,54.23],[-78.76,54.75],[-79.24,55.5],[-79.07,56.0],[-77.75,56.91],[-76.75,57.11],[-74.0,57.07],[-72.95,56.75],[-72.03,56.0],[-72.36,55.25],[-73.5,54.69],[-75.25,54.24],[-77.25,54.23]]}},{"type":"Feature","properties":{"level":1004},"geometry":{"type":"LineString","coordinates":[[-3.5,56.96],[-4.75,57.32],[-5.5,57.95],[-8.0,58.21],[-18.75,58.41],[-25.0,59.0],[-29.49,60.0],[-34.75,61.75],[-36.02,61.5],[-37.04,60.75],[-38.75,60.16],[-43.0,59.95],[-43.25,60.11],[-43.27,61.0],[-43.58,61.5],[-43.13,62.25],[-43.25,62.87],[-42.0,63.71],[-41.19,63.75],[-42.02,64.0],[-41.42,64.75],[-41.55,65.0],[-41.35,65.25],[-40.0,65.9],[-38.74,66.0],[-38.75,66.56],[-36.25,66.59],[-35.55,66.75],[-35.73,67.0],[-34.5,67.2],[-34.68,67.5],[-34.25,68.2],[-33.5,68.02],[-33.25,68.18],[-33.16,68.5],[-33.44,68.75],[-33.0,69.11],[-29.5,68.92],[-28.78,69.25],[-27.0,69.22],[-25.75,69.47],[-25.5,69.76],[-23.49,70.0],[-22.62,70.25],[-22.5,70.62],[-21.5,70.67],[-19.0,71.58],[-14.75,72.59],[-12.0,72.92],[-8.5,72.88],[-3.25,71.23],[-2.01,70.5],[2.66,67.25],[4.17,65.25],[4.62,64.0],[4.8,63.0],[4.68,62.0],[4.19,61.0],[4.12,60.0],[4.42,58.0],[4.0,57.27],[3.0,56.95],[-0.25,57.13],[-3.5,56.96]]}},{"type":"Feature","properties":{"level":1004},"geometry":{"type":"LineString","coordinates":[[90.5,58.48],[84.5,59.2],[82.0,59.98],[81.91,60.25],[82.92,61.25],[84.75,61.98],[87.0,62.27],[89.25,62.06],[91.0,61.26],[91.31,60.75],[91.02,60.25],[91.25,58.67],[90.5,58.48]]}},{"type":"Feature","properties":{"level":1004},"geometry":{"type":"LineString","coordinates":[[54.5,69.0],[49.25,69.24],[45.25,69.73],[33.0,72.19],[28.5,73.33],[18.0,76.72],[16.74,76.75],[16.79,77.0],[15.97,77.5],[16.74,78.0],[15.75,78.2],[15.6,78.5],[18.1,78.75],[17.13,79.5],[13.5,79.57],[-8.31,82.75],[-12.71,83.75],[-13.74,84.25],[-14.13,84.75],[-13.75,85.19],[-13.0,85.5],[-9.5,86.16],[2.5,87.0],[24.25,87.4],[47.25,87.12],[61.5,86.45],[73.25,85.19],[78.82,84.0],[79.76,83.5],[81.02,82.0],[81.15,81.25],[80.31,80.25],[78.5,78.87],[72.46,75.25],[69.93,73.0],[67.5,71.23],[65.19,70.25],[62.5,69.53],[54.5,69.0]]}},{"type":"Feature","properties":{"level":1004},"geometry":{"type":"LineString","coordinates":[[-180.0,73.04],[-169.25,73.58],[-165.02,73.5],[-168.5,72.36],[-168.94,71.75],[-168.18,70.25],[-167.05,69.25],[-165.96,68.75],[-166.18,68.5],[-163.24,66.0],[-163.16,65.0],[-161.64,63.5],[-162.19,62.75],[-162.17,60.25],[-162.5,59.62],[-173.0,53.82],[-180.0,50.67]]}},{"type":"Feature","properties":{"level":1004},"geometry":{"type":"LineString","coordinates":[[-160.25,74.63],[-160.45,74.75],[-160.35,75.0],[-159.92,75.5],[-158.4,76.25],[-155.25,76.46],[-153.32,76.0],[-153.66,75.5],[-155.5,75.02],[-160.25,74.63]]}},{"type":"Feature","properties":{"level":1004},"geometry":{"type":"LineString","coordinates":[[-7.25,76.24],[-8.36,76.5],[-7.5,77.03],[-5.5,77.52],[-3.5,77.68],[-0.4,77.5],[-3.75,76.34],[-7.25,76.24]]}},{"type":"Feature","properties":{"level":1004},"geometry":{"type":"LineString","coordinates":[[14.5,78.4],[14.39,78.5],[14.75,78.62],[15.27,78.5],[14.5,78.4]]}},{"type":"Feature","properties":{"level":1008},"geometry":{"type":"LineString","coordinates":[[180.0,-87.92],[175.02,-87.75],[171.25,-87.35],[158.0,-87.07],[151.35,-86.5],[141.0,-84.76],[139.25,-83.75],[135.29,-83.0],[135.14,-82.75],[135.64,-82.25],[135.25,-81.5],[137.4,-80.75],[138.64,-80.0],[147.5,-78.53],[150.73,-77.25],[148.74,-74.75],[147.96,-74.25],[144.75,-73.45],[142.0,-73.14],[138.25,-71.22],[137.5,-71.11],[136.5,-71.53],[135.0,-71.52],[134.25,-71.41],[133.98,-71.0],[133.5,-70.92],[130.0,-71.5],[129.63,-72.0],[127.5,-72.79],[125.0,-72.92],[118.5,-74.74],[107.75,-75.98],[104.75,-76.67],[104.08,-77.0],[104.8,-77.25],[104.92,-77.75],[104.0,-78.1],[103.83,-78.5],[103.1,-79.0],[101.25,-79.55],[94.5,-79.68],[92.25,-79.57],[90.0,-79.12],[88.0,-79.22],[82.75,-80.41],[78.75,-81.0],[78.16,-81.5],[79.46,-82.0],[79.35,-82.25],[74.5,-82.86],[67.75,-82.53],[57.25,-81.49],[52.25,-81.94],[49.5,-81.56],[48.0,-81.0],[47.75,-80.5],[48.0,-79.5],[47.65,-79.0],[47.96,-78.75],[48.42,-77.25],[47.72,-75.5],[46.75,-75.18],[44.25,-75.08],[41.95,-75.25],[40.84,-75.5],[40.2,-76.0],[38.41,-76.25],[37.39,-77.5],[37.64,-77.75],[37.47,-78.0],[35.25,-78.96],[31.73,-80.0],[31.38,-80.25],[31.49,-80.75],[34.5,-81.75],[35.04,-82.25],[30.61,-82.75],[30.32,-83.0],[31.32,-83.5],[30.5,-83.85],[19.5,-83.87],[15.1,-83.25],[15.45,-83.0],[18.23,-82.5],[17.65,-82.25],[11.75,-82.17],[10.5,-82.47],[9.43,-83.25],[7.5,-83.7],[-2.26,-85.0],[-3.75,-85.61],[-4.47,-86.25],[-5.71,-86.5],[-17.25,-87.39],[-26.25,-87.71],[-44.0,-87.62],[-60.25,-87.96],[-150.25,-88.31],[-180.0,-87.92]]}},{"type":"Feature","properties":{"level":1008},"geometry":{"type":"LineString","coordinates":[[-109.16,-86.75],[-105.46,-86.75],[-109.16,-86.75]]}},{"type":"Feature","properties":{"level":1008},"geometry":{"type":"LineString","coordinates":[[60.25,-84.01],[52.32,-83.25],[50.02,-82.75],[52.0,-82.1],[55.25,-82.59],[59.5,-82.67],[70.12,-83.5],[72.13,-83.75],[72.56,-84.0],[68.5,-84.16],[60.25,-84.01]]}},{"type":"Feature","properties":{"level":1008},"geometry":{"type":"LineString","coordinates":[[11.91,-78.75],[13.25,-78.95],[16.5,-78.32],[16.62,-77.75],[17.2,-77.5],[16.67,-76.75],[16.58,-76.0],[17.45,-75.25],[15.43,-74.75],[14.18,-74.0],[7.25,-73.39],[6.25,-73.43],[5.06,-74.0],[1.5,-74.61],[1.04,-75.0],[1.37,-75.25],[0.48,-75.75],[2.0,-76.15],[2.5,-76.57],[7.65,-77.0],[9.01,-77.5],[10.0,-78.25],[11.91,-78.75]]}},{"type":"Feature","properties":{"level":1008},"geometry":{"type":"LineString","coordinates":[[129.75,-72.77],[130.75,-72.43],[131.2,-72.5],[130.85,-72.75],[129.75,-72.77]]}},{"type":"Feature","properties":{"level":1008},"geometry":{"type":"LineString","coordinates":[[-180.0,-58.38],[-173.25,-57.31],[-164.25,-54.79],[-137.03,-44.75],[-133.5,-44.09],[-130.25,-43.83],[-119.0,-44.49],[-116.08,-44.0],[-115.0,-43.49],[-113.67,-42.25],[-111.0,-37.64],[-110.0,-36.46],[-108.75,-35.66],[-105.75,-34.54],[-102.25,-34.83],[-99.25,-34.68],[-97.5,-34.29],[-95.75,-33.2],[-95.25,-33.9],[-94.75,-33.91],[-94.25,-34.55],[-93.42,-35.0],[-91.22,-38.5],[-90.53,-43.75],[-90.65,-44.75],[-90.17,-50.0],[-89.61,-52.0],[-88.75,-53.29],[-86.0,-55.61],[-82.25,-57.49],[-77.75,-59.13],[-70.25,-60.68],[-65.75,-61.0],[-59.5,-60.55],[-55.25,-59.81],[-53.0,-58.77],[-51.56,-58.5],[-48.21,-57.25],[-38.22,-51.5],[-26.5,-46.45],[-22.75,-46.92],[-16.25,-46.73],[-11.5,-47.03],[-4.5,-46.93],[2.25,-46.49],[15.25,-46.61],[23.5,-45.88],[31.5,-46.34],[33.75,-46.12],[36.0,-45.02],[40.5,-45.85],[53.0,-49.98],[54.75,-50.1],[55.5,-50.59],[56.5,-50.52],[57.75,-50.79],[59.75,-51.73],[60.53,-53.0],[60.45,-53.25],[60.75,-53.46],[63.0,-54.62],[65.75,-55.55],[68.75,-56.21],[74.25,-56.87],[79.0,-57.04],[82.25,-56.74],[86.96,-55.25],[95.4,-49.75],[99.75,-47.45],[101.27,-46.25],[103.75,-43.67],[107.25,-40.88],[108.5,-40.18],[115.0,-37.96],[119.25,-36.94],[128.25,-36.64],[131.5,-35.93],[134.75,-36.3],[136.75,-36.25],[136.88,-35.75],[137.74,-35.25],[137.61,-35.0],[138.0,-34.6],[138.28,-35.0],[138.9,-35.0],[138.59,-33.25],[139.13,-32.75],[138.83,-32.0],[139.4,-31.25],[139.57,-31.25],[139.79,-32.0],[139.39,-32.25],[139.75,-32.61],[140.25,-32.45],[140.5,-31.83],[141.25,-32.6],[141.85,-32.0],[141.75,-31.5],[141.3,-31.0],[141.22,-29.5],[140.75,-29.15],[140.5,-28.14],[139.79,-27.75],[139.5,-26.95],[139.0,-26.77],[138.5,-27.38],[138.02,-26.5],[137.5,-26.47],[137.25,-26.79],[136.97,-26.75],[137.0,-27.07],[136.69,-27.0],[136.77,-27.25],[137.25,-27.19],[137.5,-27.45],[137.75,-27.31],[138.25,-27.53],[138.5,-27.94],[138.62,-29.0],[138.93,-29.25],[138.75,-29.44],[138.24,-29.25],[138.18,-29.75],[138.58,-30.5],[138.0,-30.8],[137.25,-29.91],[136.5,-29.5],[136.0,-28.67],[135.25,-28.79],[133.25,-26.96],[131.0,-25.63],[130.25,-24.69],[129.75,-25.07],[129.0,-24.88],[128.25,-25.01],[127.25,-24.33],[127.0,-24.5],[126.0,-24.12],[123.25,-23.76],[122.5,-23.03],[117.42,-21.25],[117.47,-21.0],[118.25,-20.6],[121.56,-20.0],[122.97,-18.5],[123.0,-17.07],[123.25,-17.45],[123.59,-17.5],[124.25,-16.7],[124.35,-17.25],[125.25,-18.05],[125.81,-17.5],[125.75,-17.1],[126.25,-17.19],[126.69,-18.0],[127.03,-19.5],[127.5,-19.65],[128.0,-18.67],[128.29,-18.75],[128.75,-19.56],[129.75,-19.79],[130.17,-19.25],[129.25,-18.6],[129.25,-18.21],[128.83,-17.75],[128.25,-17.66],[127.9,-16.0],[127.25,-15.75],[127.45,-15.0],[127.25,-14.76],[126.75,-15.01],[126.69,-14.75],[127.0,-14.48],[127.25,-14.7],[127.5,-14.58],[127.79,-14.75],[127.7,-15.0],[128.57,-15.25],[128.55,-15.5],[129.25,-16.13],[129.75,-16.04],[130.0,-16.22],[130.08,-16.0],[129.4,-15.5],[129.41,-15.25],[130.25,-15.16],[130.79,-14.75],[130.1,-13.75],[130.59,-13.25],[130.69,-12.75],[133.0,-12.12],[133.75,-12.67],[135.35,-12.75],[135.16,-14.25],[134.82,-14.75],[134.81,-16.5],[135.41,-17.5],[136.65,-18.0],[136.2,-19.0],[136.55,-19.75],[136.35,-20.0],[136.75,-20.35],[137.0,-20.15],[137.32,-20.25],[137.27,-20.75],[137.5,-20.9],[138.75,-20.61],[138.87,-20.75],[138.57,-21.0],[139.25,-21.9],[139.54,-22.0],[139.75,-21.68],[140.08,-21.75],[140.25,-22.29],[141.25,-22.97],[142.0,-25.28],[142.38,-25.5],[142.7,-26.5],[143.84,-28.5],[144.5,-28.9],[145.98,-30.75],[146.33,-32.5],[147.36,-34.0],[147.53,-35.0],[147.07,-36.0],[146.19,-36.75],[145.84,-37.5],[146.25,-37.84],[149.0,-37.51],[149.0,-37.81],[147.66,-38.0],[147.8,-39.75],[148.12,-40.5],[148.01,-41.0],[149.02,-42.5],[151.09,-46.75],[154.25,-50.43],[157.25,-52.97],[162.0,-55.52],[165.0,-56.67],[170.5,-57.93],[175.75,-58.42],[180.0,-58.38]]}},{"type":"Feature","properties":{"level":1008},"geometry":{"type":"LineString","coordinates":[[146.6,-41.25],[147.72,-41.25],[146.75,-40.48],[146.6,-41.25]]}},{"type":"Feature","properties":{"level":1008},"geometry":{"type":"LineString","coordinates":[[142.73,-36.75],[143.0,-36.82],[143.0,-36.51],[142.73,-36.75]]}},{"type":"Feature","properties":{"level":1008},"geometry":{"type":"LineString","coordinates":[[141.43,-34.75],[141.61,-34.75],[141.43,-34.75]]}},{"type":"Feature","properties":{"level":1008},"geometry":{"type":"LineString","coordinates":[[140.75,-34.25],[141.25,-34.45],[141.29,-34.25],[140.75,-33.96],[140.75,-34.25]]}},{"type":"Feature","properties":{"level":1008},"geometry":{"type":"LineString","coordinates":[[165.25,-34.27],[164.58,-34.0],[164.43,-33.5],[165.5,-32.32],[166.51,-33.0],[166.61,-34.25],[166.25,-34.44],[165.25,-34.27]]}},{"type":"Feature","properties":{"level":1008},"geometry":{"type":"LineString","coordinates":[[-95.84,-34.0],[-95.67,-34.0],[-95.84,-34.0]]}},{"type":"Feature","properties":{"level":1008},"geometry":{"type":"LineString","coordinates":[[137.5,-33.29],[136.8,-32.0],[136.79,-31.5],[137.0,-31.38],[137.82,-31.75],[138.24,-32.5],[138.0,-33.24],[137.5,-33.29]]}},{"type":"Feature","properties":{"level":1008},"geometry":{"type":"LineString","coordinates":[[141.42,-32.75],[141.75,-32.92],[141.89,-32.75],[141.42,-32.75]]}},{"type":"Feature","properties":{"level":1008},"geometry":{"type":"LineString","coordinates":[[139.75,-30.39],[139.53,-30.25],[140.0,-29.69],[139.97,-30.25],[139.75,-30.39]]}},{"type":"Feature","properties":{"level":1008},"geometry":{"type":"LineString","coordinates":[[137.86,-30.0],[138.08,-30.0],[137.86,-30.0]]}},{"type":"Feature","properties":{"level":1008},"geometry":{"type":"LineString","coordinates":[[142.42,-28.5],[142.6,-28.5],[142.42,-28.5]]}},{"type":"Feature","properties":{"level":1008},"geometry":{"type":"LineString","coordinates":[[133.53,-26.5],[134.03,-26.5],[134.0,-25.43],[133.75,-25.37],[133.3,-25.75],[133.53,-26.5]]}},{"type":"Feature","properties":{"level":1008},"geometry":{"type":"LineString","coordinates":[[-55.5,-24.55],[-56.5,-23.74],[-57.25,-24.24],[-57.5,-23.99],[-58.5,-23.95],[-58.75,-23.5],[-58.48,-22.75],[-58.88,-21.25],[-58.52,-20.5],[-58.74,-19.75],[-58.43,-19.25],[-58.35,-18.5],[-58.56,-18.25],[-59.75,-17.64],[-60.0,-17.81],[-60.5,-16.75],[-61.93,-16.0],[-62.0,-15.74],[-62.61,-15.75],[-63.25,-16.37],[-64.13,-16.75],[-64.25,-17.04],[-65.5,-16.79],[-67.0,-15.36],[-67.75,-15.07],[-68.5,-13.92],[-71.25,-13.0],[-71.65,-12.25],[-72.25,-11.89],[-73.0,-12.04],[-73.25,-11.87],[-73.79,-11.25],[-74.46,-9.5],[-74.75,-9.25],[-74.67,-10.25],[-75.0,-10.42],[-75.25,-10.26],[-76.0,-7.4],[-76.25,-7.26],[-76.5,-7.55],[-76.87,-7.25],[-76.5,-6.64],[-76.25,-6.64],[-76.0,-7.1],[-75.7,-6.75],[-76.25,-6.39],[-76.66,-5.5],[-77.4,-4.75],[-77.75,-2.84],[-77.5,-2.32],[-76.75,-2.13],[-76.65,-1.5],[-77.14,-1.25],[-76.25,-1.11],[-75.86,-0.75],[-75.25,0.5],[-74.0,0.71],[-73.75,0.1],[-72.78,0.0],[-72.75,-0.83],[-72.25,-0.36],[-71.75,-0.27],[-71.4,-0.5],[-71.0,-1.7],[-70.67,-1.5],[-70.9,-1.25],[-70.75,-0.96],[-69.0,-1.96],[-68.82,-0.75],[-68.37,0.25],[-68.0,0.26],[-67.75,-0.14],[-66.99,0.0],[-67.11,1.5],[-67.48,2.25],[-67.25,3.65],[-68.87,2.5],[-69.65,3.0],[-69.0,3.6],[-68.38,3.75],[-68.53,5.5],[-67.75,6.0],[-67.65,5.0],[-67.29,4.75],[-67.25,4.34],[-66.5,4.19],[-65.75,3.04],[-65.25,3.32],[-64.72,2.75],[-64.87,2.25],[-65.25,2.11],[-65.5,2.41],[-66.25,0.66],[-66.0,0.53],[-65.75,0.73],[-65.71,0.5],[-65.41,0.5],[-65.25,0.97],[-64.23,1.75],[-64.17,2.0],[-64.65,2.25],[-63.27,2.25],[-63.32,2.75],[-63.0,3.46],[-61.47,4.25],[-60.25,4.39],[-59.1,4.0],[-59.14,3.5],[-59.5,3.21],[-58.75,3.24],[-58.0,2.67],[-57.0,2.97],[-56.66,2.75],[-56.5,1.86],[-55.75,2.07],[-55.0,1.43],[-54.75,-0.16],[-53.94,-1.0],[-53.0,-0.9],[-52.0,-1.33],[-51.75,-2.02],[-50.5,-2.05],[-49.0,-1.56],[-48.67,-2.0],[-49.32,-2.5],[-48.21,-2.5],[-47.5,-5.28],[-47.25,-5.54],[-46.75,-5.45],[-46.25,-5.75],[-46.5,-6.78],[-44.75,-6.98],[-44.37,-7.5],[-44.93,-9.25],[-44.75,-9.48],[-44.25,-9.16],[-44.5,-10.0],[-45.25,-9.79],[-46.0,-10.04],[-46.28,-10.75],[-46.71,-11.0],[-46.53,-12.25],[-46.97,-12.75],[-47.0,-13.4],[-47.75,-13.28],[-48.0,-14.4],[-48.5,-14.55],[-49.1,-15.5],[-50.0,-15.92],[-50.12,-16.5],[-49.53,-17.25],[-49.25,-18.5],[-49.75,-18.79],[-50.21,-18.75],[-51.0,-16.91],[-51.25,-17.13],[-51.75,-17.04],[-53.0,-17.49],[-53.25,-17.38],[-53.45,-17.75],[-53.34,-18.25],[-52.68,-19.25],[-53.75,-19.48],[-55.25,-20.85],[-55.81,-21.75],[-55.83,-22.5],[-55.5,-23.29],[-55.02,-23.75],[-54.97,-24.25],[-55.25,-24.65],[-55.5,-24.55]]}},{"type":"Feature","properties":{"level":1008},"geometry":{"type":"LineString","coordinates":[[133.38,-24.25],[133.83,-24.25],[134.02,-24.0],[133.76,-23.75],[133.99,-23.5],[134.75,-23.55],[134.71,-23.0],[135.43,-22.75],[134.75,-22.0],[134.79,-21.5],[135.49,-21.0],[134.75,-20.53],[134.25,-20.87],[133.75,-20.56],[133.25,-21.24],[132.5,-20.71],[131.71,-21.5],[131.75,-21.78],[132.25,-21.88],[133.5,-23.0],[133.61,-23.25],[133.15,-23.5],[133.38,-24.25]]}},{"type":"Feature","properties":{"level":1008},"geometry":{"type":"LineString","coordinates":[[-57.82,-23.0],[-57.6,-23.0],[-57.82,-23.0]]}},{"type":"Feature","properties":{"level":1008},"geometry":{"type":"LineString","coordinates":[[-57.23,-23.0],[-57.0,-23.21],[-56.75,-22.66],[-57.23,-23.0]]}},{"type":"Feature","properties":{"level":1008},"geometry":{"type":"LineString","coordinates":[[134.0,-22.3],[134.15,-22.25],[134.0,-22.3]]}},{"type":"Feature","properties":{"level":1008},"geometry":{"type":"LineString","coordinates":[[131.4,-21.25],[131.61,-21.25],[131.5,-21.04],[131.4,-21.25]]}},{"type":"Feature","properties":{"level":1008},"geometry":{"type":"LineString","coordinates":[[131.21,-20.75],[131.25,-20.98],[131.38,-20.75],[131.21,-20.75]]}},{"type":"Feature","properties":{"level":1008},"geometry":{"type":"LineString","coordinates":[[-51.5,-20.52],[-52.34,-20.0],[-52.25,-19.05],[-51.75,-19.75],[-51.2,-19.5],[-51.11,-20.25],[-51.5,-20.52]]}},{"type":"Feature","properties":{"level":1008},"geometry":{"type":"LineString","coordinates":[[133.12,-20.25],[133.5,-20.46],[134.0,-20.14],[135.19,-20.0],[134.0,-19.42],[133.73,-19.75],[133.75,-20.14],[133.25,-19.8],[132.47,-20.0],[133.12,-20.25]]}},{"type":"Feature","properties":{"level":1008},"geometry":{"type":"LineString","coordinates":[[138.25,-20.34],[138.07,-20.25],[138.25,-20.34]]}},{"type":"Feature","properties":{"level":1008},"geometry":{"type":"LineString","coordinates":[[131.83,-19.75],[132.07,-19.75],[132.0,-19.33],[131.59,-19.25],[131.68,-19.0],[131.0,-18.83],[131.0,-19.3],[131.46,-19.25],[131.44,-19.5],[131.83,-19.75]]}},{"type":"Feature","properties":{"level":1008},"geometry":{"type":"LineString","coordinates":[[130.34,-19.5],[130.54,-19.5],[130.34,-19.5]]}},{"type":"Feature","properties":{"level":1008},"geometry":{"type":"LineString","coordinates":[[133.38,-19.5],[133.73,-19.25],[133.25,-18.89],[133.38,-19.5]]}},{"type":"Feature","properties":{"level":1008},"geometry":{"type":"LineString","coordinates":[[129.93,-18.0],[130.52,-18.0],[129.75,-17.54],[129.3,-17.75],[129.93,-18.0]]}},{"type":"Feature","properties":{"level":1008},"geometry":{"type":"LineString","coordinates":[[130.1,-17.0],[130.57,-17.0],[130.25,-16.54],[130.0,-16.75],[130.1,-17.0]]}},{"type":"Feature","properties":{"level":1008},"geometry":{"type":"LineString","coordinates":[[135.5,-17.07],[135.5,-16.64],[136.09,-17.0],[135.5,-17.07]]}},{"type":"Feature","properties":{"level":1008},"geometry":{"type":"LineString","coordinates":[[129.45,-16.5],[129.5,-16.7],[129.45,-16.5]]}},{"type":"Feature","properties":{"level":1008},"geometry":{"type":"LineString","coordinates":[[130.93,-15.25],[131.15,-15.25],[131.0,-15.1],[130.93,-15.25]]}},{"type":"Feature","properties":{"level":1008},"geometry":{"type":"LineString","coordinates":[[142.0,-15.38],[141.67,-14.25],[142.0,-12.83],[142.11,-13.75],[142.57,-14.75],[142.48,-15.25],[142.0,-15.38]]}},{"type":"Feature","properties":{"level":1008},"geometry":{"type":"LineString","coordinates":[[-44.5,-10.32],[-44.67,-10.25],[-44.5,-10.01],[-44.5,-10.32]]}},{"type":"Feature","properties":{"level":1008},"geometry":{"type":"LineString","coordinates":[[140.75,-8.86],[139.75,-7.84],[137.86,-8.0],[138.06,-7.75],[137.81,-7.0],[138.17,-6.0],[137.68,-5.0],[137.83,-4.75],[139.5,-4.73],[140.5,-5.27],[142.0,-5.66],[142.75,-6.65],[143.5,-7.13],[143.25,-7.72],[142.53,-8.25],[142.45,-8.75],[140.75,-8.86]]}},{"type":"Feature","properties":{"level":1008},"geometry":{"type":"LineString","coordinates":[[-45.13,-8.25],[-45.0,-8.34],[-45.0,-8.07],[-45.13,-8.25]]}},{"type":"Feature","properties":{"level":1008},"geometry":{"type":"LineString","coordinates":[[-43.75,-7.85],[-43.75,-7.45],[-43.75,-7.85]]}},{"type":"Feature","properties":{"level":1008},"geometry":{"type":"LineString","coordinates":[[110.75,-7.77],[110.52,-7.0],[110.75,-6.86],[112.51,-7.25],[112.25,-7.76],[111.75,-7.53],[111.5,-7.88],[111.25,-7.35],[110.75,-7.77]]}},{"type":"Feature","properties":{"level":1008},"geometry":{"type":"LineString","coordinates":[[146.25,-7.07],[145.85,-6.0],[146.0,-5.94],[146.75,-6.5],[146.58,-7.0],[146.25,-7.07]]}},{"type":"Feature","properties":{"level":1008},"geometry":{"type":"LineString","coordinates":[[145.25,-5.52],[144.5,-4.77],[141.0,-4.55],[140.46,-4.0],[141.5,-3.33],[142.25,-3.67],[144.25,-3.88],[145.38,-5.0],[145.49,-5.5],[145.25,-5.52]]}},{"type":"Feature","properties":{"level":1008},"geometry":{"type":"LineString","coordinates":[[119.5,-5.45],[119.3,-5.25],[119.5,-4.78],[119.77,-5.0],[119.5,-5.45]]}},{"type":"Feature","properties":{"level":1008},"geometry":{"type":"LineString","coordinates":[[120.0,-4.85],[119.18,-4.0],[119.75,-2.96],[119.78,-3.5],[120.19,-4.0],[120.0,-4.85]]}},{"type":"Feature","properties":{"level":1008},"geometry":{"type":"LineString","coordinates":[[121.75,-4.61],[121.75,-4.42],[121.75,-4.61]]}},{"type":"Feature","properties":{"level":1008},"geometry":{"type":"LineString","coordinates":[[136.75,-4.52],[136.6,-4.5],[136.75,-4.52]]}},{"type":"Feature","properties":{"level":1008},"geometry":{"type":"LineString","coordinates":[[122.0,-4.4],[122.0,-3.7],[122.31,-4.0],[122.0,-4.4]]}},{"type":"Feature","properties":{"level":1008},"geometry":{"type":"LineString","coordinates":[[135.0,-4.07],[134.0,-3.39],[133.5,-3.4],[133.25,-3.68],[132.91,-3.5],[132.5,-2.77],[132.15,-2.75],[131.68,-1.5],[131.25,-1.43],[130.38,-0.75],[130.59,-0.25],[130.3,0.0],[130.68,1.0],[131.75,1.27],[132.32,1.75],[132.44,2.0],[132.12,2.25],[132.15,2.5],[133.0,2.59],[133.25,3.29],[134.0,3.94],[134.17,3.0],[133.96,2.25],[134.27,2.0],[134.2,1.25],[134.75,1.16],[135.22,0.75],[135.5,-0.36],[136.0,0.25],[136.25,0.28],[136.39,0.0],[136.25,-0.57],[135.75,-0.71],[135.5,-0.52],[135.35,-0.75],[135.75,-0.8],[136.36,-1.5],[135.87,-1.75],[136.5,-1.91],[137.75,-1.28],[138.5,-1.38],[138.64,-1.75],[137.0,-2.38],[136.83,-2.75],[138.0,-2.71],[139.25,-2.99],[139.39,-3.25],[138.5,-3.02],[137.25,-3.3],[136.5,-3.06],[135.0,-4.07]]}},{"type":"Feature","properties":{"level":1008},"geometry":{"type":"LineString","coordinates":[[114.75,-3.8],[114.25,-3.15],[113.25,-2.73],[112.5,-2.72],[112.0,-3.0],[111.25,-2.6],[111.0,-2.82],[110.5,-2.63],[110.17,-1.25],[109.41,-0.5],[109.25,0.6],[110.12,0.5],[110.75,-0.12],[111.26,0.25],[110.88,0.75],[112.0,1.06],[113.0,0.91],[112.85,0.5],[112.25,0.62],[111.85,0.25],[112.0,-0.28],[111.5,-0.43],[110.95,-0.25],[110.81,-0.5],[111.12,-1.0],[110.73,-1.75],[111.0,-1.86],[111.97,-1.5],[111.75,-1.21],[111.5,-1.47],[111.5,-0.67],[112.5,-1.04],[113.25,-0.89],[113.66,0.0],[114.02,0.25],[115.0,0.68],[116.0,0.68],[117.0,1.67],[117.5,1.53],[117.87,1.75],[117.75,2.07],[118.25,1.98],[118.48,1.75],[118.11,1.5],[118.58,1.0],[117.75,0.75],[117.42,0.25],[117.46,-0.5],[116.63,-1.25],[116.34,-2.75],[115.99,-3.25],[114.75,-3.8]]}},{"type":"Feature","properties":{"level":1008},"geometry":{"type":"LineString","coordinates":[[130.75,-3.53],[130.75,-3.36],[130.75,-3.53]]}},{"type":"Feature","properties":{"level":1008},"geometry":{"type":"LineString","coordinates":[[139.5,-3.53],[139.82,-3.5],[139.5,-3.53]]}},{"type":"Feature","properties":{"level":1008},"geometry":{"type":"LineString","coordinates":[[121.5,-3.07],[121.0,-2.71],[120.91,-2.5],[121.15,-2.25],[120.57,-2.0],[120.75,-1.74],[121.38,-2.0],[121.76,-2.75],[121.5,-3.07]]}},{"type":"Feature","properties":{"level":1008},"geometry":{"type":"LineString","coordinates":[[120.25,-2.91],[120.25,-2.51],[120.72,-2.75],[120.25,-2.91]]}},{"type":"Feature","properties":{"level":1008},"geometry":{"type":"LineString","coordinates":[[112.12,-1.5],[112.25,-1.08],[112.12,-1.5]]}},{"type":"Feature","properties":{"level":1008},"geometry":{"type":"LineString","coordinates":[[133.39,-1.5],[134.0,-1.67],[134.2,-1.5],[134.17,-1.0],[133.0,-0.31],[132.25,-0.43],[132.78,-1.25],[133.39,-1.5]]}},{"type":"Feature","properties":{"level":1008},"geometry":{"type":"LineString","coordinates":[[116.42,-1.0],[116.62,-1.0],[116.42,-1.0]]}},{"type":"Feature","properties":{"level":1008},"geometry":{"type":"LineString","coordinates":[[-53.5,-0.67],[-53.9,-0.25],[-53.75,-0.03],[-53.5,-0.67]]}},{"type":"Feature","properties":{"level":1008},"geometry":{"type":"LineString","coordinates":[[-76.5,-0.29],[-76.52,0.0],[-76.18,0.0],[-76.5,-0.29]]}},{"type":"Feature","properties":{"level":1008},"geometry":{"type":"LineString","coordinates":[[-70.25,-0.27],[-69.84,-0.25],[-70.25,-0.27]]}},{"type":"Feature","properties":{"level":1008},"geometry":{"type":"LineString","coordinates":[[114.39,0.0],[114.5,-0.17],[114.71,0.0],[114.39,0.0]]}},{"type":"Feature","properties":{"level":1008},"geometry":{"type":"LineString","coordinates":[[-77.0,0.15],[-76.75,0.75],[-76.48,0.75],[-77.0,0.15]]}},{"type":"Feature","properties":{"level":1008},"geometry":{"type":"LineString","coordinates":[[128.5,0.49],[127.65,1.0],[128.0,2.16],[129.09,2.0],[128.76,1.5],[128.5,1.67],[128.31,1.25],[129.31,0.75],[128.5,0.49]]}},{"type":"Feature","properties":{"level":1008},"geometry":{"type":"LineString","coordinates":[[-69.25,0.51],[-69.25,1.1],[-69.25,0.51]]}},{"type":"Feature","properties":{"level":1008},"geometry":{"type":"LineString","coordinates":[[114.5,0.67],[114.33,0.75],[115.09,1.25],[115.0,0.8],[114.5,0.67]]}},{"type":"Feature","properties":{"level":1008},"geometry":{"type":"LineString","coordinates":[[-76.25,0.93],[-75.94,1.0],[-76.25,0.93]]}},{"type":"Feature","properties":{"level":1008},"geometry":{"type":"LineString","coordinates":[[109.25,0.97],[109.5,1.59],[109.99,1.5],[109.5,0.91],[109.25,0.97]]}},{"type":"Feature","properties":{"level":1008},"geometry":{"type":"LineString","coordinates":[[127.92,1.0],[128.24,1.0],[127.92,1.0]]}},{"type":"Feature","properties":{"level":1008},"geometry":{"type":"LineString","coordinates":[[-75.75,1.19],[-75.61,1.25],[-75.75,1.19]]}},{"type":"Feature","properties":{"level":1008},"geometry":{"type":"LineString","coordinates":[[111.25,1.12],[111.25,1.43],[111.65,1.25],[111.25,1.12]]}},{"type":"Feature","properties":{"level":1008},"geometry":{"type":"LineString","coordinates":[[123.0,1.17],[123.0,1.46],[124.33,1.5],[124.32,1.25],[124.0,1.13],[123.0,1.17]]}},{"type":"Feature","properties":{"level":1008},"geometry":{"type":"LineString","coordinates":[[-75.5,1.43],[-75.09,1.5],[-75.5,1.43]]}},{"type":"Feature","properties":{"level":1008},"geometry":{"type":"LineString","coordinates":[[-74.75,1.57],[-74.99,1.75],[-74.55,2.25],[-73.92,2.5],[-73.75,3.0],[-73.0,3.05],[-72.69,2.75],[-73.75,1.75],[-74.75,1.57]]}},{"type":"Feature","properties":{"level":1008},"geometry":{"type":"LineString","coordinates":[[112.0,1.92],[112.19,2.0],[112.0,1.92]]}},{"type":"Feature","properties":{"level":1008},"geometry":{"type":"LineString","coordinates":[[117.25,1.96],[117.2,2.25],[117.53,2.25],[117.25,1.96]]}},{"type":"Feature","properties":{"level":1008},"geometry":{"type":"LineString","coordinates":[[133.17,2.0],[133.25,2.25],[133.17,2.0]]}},{"type":"Feature","properties":{"level":1008},"geometry":{"type":"LineString","coordinates":[[-72.5,2.22],[-72.25,2.75],[-71.59,2.5],[-72.25,2.13],[-72.5,2.22]]}},{"type":"Feature","properties":{"level":1008},"geometry":{"type":"LineString","coordinates":[[-71.0,2.71],[-70.79,2.75],[-71.0,2.71]]}},{"type":"Feature","properties":{"level":1008},"geometry":{"type":"LineString","coordinates":[[113.25,2.72],[113.2,3.0],[113.64,3.25],[114.25,4.4],[115.0,4.75],[114.69,4.0],[114.75,3.48],[114.5,3.31],[114.0,3.5],[113.75,2.98],[113.25,2.72]]}},{"type":"Feature","properties":{"level":1008},"geometry":{"type":"LineString","coordinates":[[131.5,2.86],[131.26,3.25],[131.44,3.5],[132.0,3.45],[132.0,2.88],[131.5,2.86]]}},{"type":"Feature","properties":{"level":1008},"geometry":{"type":"LineString","coordinates":[[116.5,3.06],[116.25,3.69],[117.35,4.5],[117.0,5.0],[116.39,5.25],[116.9,5.5],[117.18,6.75],[117.63,6.75],[118.0,6.21],[119.37,5.25],[118.75,5.15],[118.5,4.65],[118.0,4.88],[117.59,4.75],[117.87,4.25],[117.36,3.25],[117.25,3.09],[116.75,3.3],[116.5,3.06]]}},{"type":"Feature","properties":{"level":1008},"geometry":{"type":"LineString","coordinates":[[137.5,3.46],[137.0,4.09],[136.5,3.69],[136.25,3.99],[135.69,4.0],[135.25,5.37],[134.59,5.75],[134.88,6.25],[134.75,6.41],[134.5,6.2],[134.45,6.5],[133.25,7.08],[132.53,7.0],[132.5,6.73],[131.9,6.75],[132.18,6.25],[131.5,6.21],[130.49,5.5],[130.75,5.19],[131.78,5.0],[131.83,4.75],[131.5,4.4],[129.75,5.0],[128.75,4.86],[127.75,5.12],[127.37,5.0],[127.0,4.3],[122.25,5.85],[121.92,6.0],[121.87,6.25],[122.2,6.5],[122.0,6.74],[121.5,6.46],[121.07,7.0],[121.75,7.12],[122.0,6.76],[122.5,7.76],[122.75,7.88],[123.25,7.64],[123.39,8.0],[123.75,8.09],[123.8,7.75],[124.25,7.39],[125.06,7.75],[125.25,6.85],[125.46,7.0],[125.46,7.75],[125.19,8.0],[125.45,8.25],[125.37,8.5],[125.0,8.91],[124.82,8.5],[124.25,8.16],[123.0,8.51],[122.75,8.21],[121.75,8.29],[120.75,8.73],[120.55,10.0],[121.0,10.19],[121.25,9.98],[121.75,10.85],[122.25,10.63],[124.25,12.02],[124.5,11.34],[124.75,11.84],[125.09,11.75],[125.25,11.29],[125.3,12.5],[124.85,12.75],[124.81,13.5],[124.22,14.5],[126.0,17.45],[129.0,19.16],[130.0,18.85],[133.0,18.88],[135.5,18.64],[136.25,18.3],[137.0,18.44],[138.5,18.18],[140.0,19.08],[140.5,18.98],[141.5,19.64],[145.0,20.98],[148.0,20.9],[151.25,20.12],[152.75,20.17],[153.75,20.58],[155.25,20.22],[156.5,20.22],[159.5,20.94],[161.5,21.0],[164.5,20.78],[169.0,19.49],[172.0,19.03],[173.68,18.25],[174.58,17.25],[174.92,15.75],[174.6,14.5],[175.5,13.25],[175.41,13.0],[175.0,12.74],[174.5,12.83],[173.52,11.75],[173.0,10.71],[172.75,10.44],[172.25,10.43],[172.0,9.24],[170.25,9.11],[170.32,8.75],[169.25,8.25],[169.25,7.95],[169.25,8.25],[168.75,8.25],[168.5,7.78],[167.0,6.75],[165.25,7.03],[164.25,6.43],[162.5,5.84],[161.5,6.04],[159.75,5.69],[158.89,6.0],[158.49,6.5],[158.5,7.05],[156.5,7.96],[155.67,8.0],[153.75,9.22],[152.5,9.73],[152.25,9.62],[152.0,9.92],[150.75,9.46],[149.75,8.27],[147.25,7.19],[146.69,6.25],[146.0,6.22],[145.75,5.42],[144.82,6.25],[144.75,6.62],[144.11,6.5],[144.05,6.0],[144.52,6.0],[144.56,5.75],[144.25,5.63],[143.81,5.75],[143.5,6.54],[143.16,5.75],[142.5,5.31],[140.5,5.18],[140.0,4.43],[139.25,4.75],[138.75,4.5],[138.25,3.82],[137.75,4.1],[137.5,3.46]]}},{"type":"Feature","properties":{"level":1008},"geometry":{"type":"LineString","coordinates":[[135.0,3.82],[135.25,4.3],[135.42,4.0],[135.0,3.82]]}},{"type":"Feature","properties":{"level":1008},"geometry":{"type":"LineString","coordinates":[[116.25,4.43],[116.5,4.77],[116.7,4.5],[116.25,4.43]]}},{"type":"Feature","properties":{"level":1008},"geometry":{"type":"LineString","coordinates":[[121.25,5.7],[121.63,5.75],[121.25,5.7]]}},{"type":"Feature","properties":{"level":1008},"geometry":{"type":"LineString","coordinates":[[124.58,6.0],[124.75,5.84],[124.9,6.25],[124.25,6.84],[124.04,6.75],[124.01,6.5],[124.58,6.0]]}},{"type":"Feature","properties":{"level":1008},"geometry":{"type":"LineString","coordinates":[[132.75,5.93],[132.53,6.0],[132.75,5.93]]}},{"type":"Feature","properties":{"level":1008},"geometry":{"type":"LineString","coordinates":[[117.75,8.24],[117.45,8.5],[117.95,8.5],[117.75,8.24]]}},{"type":"Feature","properties":{"level":1008},"geometry":{"type":"LineString","coordinates":[[118.0,8.67],[118.08,9.0],[118.7,9.5],[118.75,9.88],[119.5,10.29],[119.91,10.0],[119.77,9.5],[119.27,9.25],[119.0,8.73],[118.5,8.51],[118.0,8.67]]}},{"type":"Feature","properties":{"level":1008},"geometry":{"type":"LineString","coordinates":[[122.9,9.25],[123.21,9.25],[123.0,9.42],[122.9,9.25]]}},{"type":"Feature","properties":{"level":1008},"geometry":{"type":"LineString","coordinates":[[122.81,10.0],[123.0,9.77],[123.14,10.0],[123.0,10.15],[122.81,10.0]]}},{"type":"Feature","properties":{"level":1008},"geometry":{"type":"LineString","coordinates":[[-101.75,10.21],[-103.7,11.0],[-104.19,11.75],[-105.07,12.25],[-104.82,13.5],[-105.4,14.25],[-105.25,14.9],[-105.67,15.25],[-105.63,16.0],[-105.95,16.75],[-107.09,18.5],[-108.5,19.79],[-108.91,20.75],[-110.39,22.5],[-110.64,23.25],[-111.59,24.0],[-112.01,25.0],[-113.87,26.5],[-113.95,26.75],[-113.25,27.38],[-112.82,27.25],[-112.86,26.75],[-112.1,26.25],[-111.0,24.61],[-110.95,25.0],[-113.12,28.25],[-114.68,29.75],[-115.34,31.5],[-116.34,33.25],[-116.42,33.75],[-115.83,34.0],[-116.25,34.59],[-116.93,35.0],[-116.49,35.5],[-117.38,35.75],[-117.0,35.77],[-116.93,36.0],[-117.36,36.75],[-117.25,36.89],[-116.25,36.59],[-115.75,34.72],[-115.0,34.94],[-114.86,35.5],[-115.26,36.25],[-114.86,36.5],[-114.75,36.91],[-114.25,36.91],[-113.96,36.25],[-114.49,35.5],[-114.0,34.59],[-113.46,34.25],[-113.5,33.82],[-112.25,33.81],[-111.65,33.5],[-111.5,32.7],[-112.0,32.38],[-112.25,32.81],[-112.6,32.5],[-112.25,32.05],[-112.1,31.0],[-111.62,30.5],[-111.95,30.0],[-111.25,29.71],[-111.0,29.86],[-110.0,29.19],[-109.72,29.25],[-109.8,29.0],[-109.25,28.32],[-108.75,27.04],[-108.29,26.75],[-108.21,26.25],[-107.0,24.9],[-105.0,22.0],[-105.54,20.25],[-104.88,19.5],[-103.75,18.86],[-103.25,18.14],[-102.0,17.92],[-101.0,17.12],[-99.25,16.67],[-96.75,15.46],[-96.77,14.75],[-96.27,14.25],[-97.05,14.0],[-97.17,13.75],[-97.22,12.75],[-97.54,12.25],[-97.25,11.98],[-97.75,11.56],[-99.0,11.23],[-99.75,10.44],[-101.75,10.21]]}},{"type":"Feature","properties":{"level":1008},"geometry":{"type":"LineString","coordinates":[[-179.0,10.45],[-178.68,10.5],[-179.0,10.45]]}},{"type":"Feature","properties":{"level":1008},"geometry":{"type":"LineString","coordinates":[[-177.25,10.47],[-177.5,11.0],[-177.0,11.75],[-177.03,12.5],[-176.62,13.0],[-176.65,13.5],[-175.75,14.2],[-175.25,14.18],[-175.12,14.0],[-175.36,13.5],[-174.38,13.0],[-174.42,12.25],[-174.75,12.04],[-175.75,12.22],[-176.08,12.0],[-176.63,10.75],[-177.25,10.47]]}},{"type":"Feature","properties":{"level":1008},"geometry":{"type":"LineString","coordinates":[[105.25,10.31],[104.28,11.5],[104.58,12.5],[104.4,13.25],[104.99,13.25],[105.25,13.63],[105.5,13.5],[105.84,13.75],[105.54,14.0],[105.75,14.09],[106.5,14.21],[106.75,13.84],[107.25,14.17],[107.46,14.0],[106.79,13.75],[108.17,13.5],[107.91,12.75],[106.76,12.75],[106.62,12.25],[106.82,11.75],[107.42,11.25],[106.6,11.0],[106.63,10.75],[106.25,10.44],[105.25,10.31]]}},{"type":"Feature","properties":{"level":1008},"geometry":{"type":"LineString","coordinates":[[119.5,10.94],[119.5,11.18],[119.66,11.0],[119.5,10.94]]}},{"type":"Feature","properties":{"level":1008},"geometry":{"type":"LineString","coordinates":[[124.68,11.0],[124.75,11.21],[124.68,11.0]]}},{"type":"Feature","properties":{"level":1008},"geometry":{"type":"LineString","coordinates":[[105.31,13.25],[105.5,13.03],[105.5,13.49],[105.31,13.25]]}},{"type":"Feature","properties":{"level":1008},"geometry":{"type":"LineString","coordinates":[[106.2,13.5],[106.41,13.5],[106.2,13.5]]}},{"type":"Feature","properties":{"level":1008},"geometry":{"type":"LineString","coordinates":[[108.5,13.43],[108.33,13.5],[108.5,13.43]]}},{"type":"Feature","properties":{"level":1008},"geometry":{"type":"LineString","coordinates":[[110.25,13.58],[109.61,14.25],[109.67,14.5],[110.12,15.0],[110.75,15.12],[111.07,14.75],[111.12,14.25],[110.25,13.58]]}},{"type":"Feature","properties":{"level":1008},"geometry":{"type":"LineString","coordinates":[[106.5,14.3],[106.5,14.57],[106.5,14.3]]}},{"type":"Feature","properties":{"level":1008},"geometry":{"type":"LineString","coordinates":[[109.0,14.36],[109.0,14.57],[109.0,14.36]]}},{"type":"Feature","properties":{"level":1008},"geometry":{"type":"LineString","coordinates":[[107.0,14.74],[107.0,14.94],[107.37,14.75],[107.0,14.74]]}},{"type":"Feature","properties":{"level":1008},"geometry":{"type":"LineString","coordinates":[[120.75,15.14],[120.31,16.0],[121.01,15.75],[120.75,15.14]]}},{"type":"Feature","properties":{"level":1008},"geometry":{"type":"LineString","coordinates":[[-87.25,15.89],[-87.47,16.0],[-86.75,16.41],[-86.13,16.0],[-87.25,15.89]]}},{"type":"Feature","properties":{"level":1008},"geometry":{"type":"LineString","coordinates":[[-95.0,17.73],[-95.91,18.75],[-96.07,19.5],[-94.5,20.79],[-94.0,20.68],[-93.0,19.77],[-93.21,18.5],[-94.0,17.61],[-95.0,17.73]]}},{"type":"Feature","properties":{"level":1008},"geometry":{"type":"LineString","coordinates":[[-126.5,17.97],[-128.0,18.41],[-129.0,19.08],[-129.85,20.75],[-129.87,22.5],[-129.3,23.75],[-128.25,24.84],[-126.5,25.66],[-125.0,25.71],[-123.17,25.0],[-122.19,24.0],[-121.69,22.5],[-121.76,20.75],[-122.5,19.46],[-124.25,18.1],[-125.5,17.82],[-126.5,17.97]]}},{"type":"Feature","properties":{"level":1008},"geometry":{"type":"LineString","coordinates":[[-101.0,18.45],[-101.0,18.63],[-100.67,18.5],[-101.0,18.45]]}},{"type":"Feature","properties":{"level":1008},"geometry":{"type":"LineString","coordinates":[[140.15,18.75],[140.33,18.75],[140.25,18.94],[140.15,18.75]]}},{"type":"Feature","properties":{"level":1008},"geometry":{"type":"LineString","coordinates":[[110.0,19.1],[110.0,19.37],[110.44,19.25],[110.25,19.02],[110.0,19.1]]}},{"type":"Feature","properties":{"level":1008},"geometry":{"type":"LineString","coordinates":[[-110.08,23.0],[-109.68,23.25],[-109.69,23.5],[-110.25,24.08],[-110.49,23.75],[-110.08,23.0]]}},{"type":"Feature","properties":{"level":1008},"geometry":{"type":"LineString","coordinates":[[68.0,25.73],[67.15,26.75],[67.5,29.78],[68.0,29.89],[68.75,29.19],[69.5,28.88],[69.98,29.25],[71.0,30.91],[72.25,31.33],[72.81,31.0],[73.2,30.5],[73.0,29.96],[70.86,28.5],[70.66,27.5],[69.25,26.1],[68.63,25.75],[68.0,25.73]]}},{"type":"Feature","properties":{"level":1008},"geometry":{"type":"LineString","coordinates":[[-115.0,28.71],[-115.75,29.06],[-115.88,29.75],[-115.0,29.76],[-114.18,28.75],[-114.5,28.52],[-115.0,28.71]]}},{"type":"Feature","properties":{"level":1008},"geometry":{"type":"LineString","coordinates":[[-169.75,29.98],[-171.0,30.42],[-171.75,31.0],[-172.05,32.0],[-171.99,32.75],[-171.0,34.13],[-170.0,34.52],[-168.75,34.47],[-168.0,34.18],[-167.16,33.25],[-166.83,32.5],[-166.89,31.75],[-168.0,30.13],[-168.5,29.83],[-169.75,29.98]]}},{"type":"Feature","properties":{"level":1008},"geometry":{"type":"LineString","coordinates":[[-117.0,32.07],[-117.0,32.38],[-117.0,32.07]]}},{"type":"Feature","properties":{"level":1008},"geometry":{"type":"LineString","coordinates":[[158.75,32.9],[158.08,33.5],[158.1,34.25],[158.57,34.75],[160.03,35.25],[160.55,34.5],[160.66,33.75],[159.75,32.84],[158.75,32.9]]}},{"type":"Feature","properties":{"level":1008},"geometry":{"type":"LineString","coordinates":[[-118.25,33.08],[-119.75,33.47],[-120.5,34.17],[-120.53,34.5],[-117.76,34.0],[-117.81,33.25],[-118.25,33.08]]}},{"type":"Feature","properties":{"level":1008},"geometry":{"type":"LineString","coordinates":[[-119.5,35.21],[-121.27,37.5],[-122.0,38.1],[-122.48,39.75],[-122.25,40.34],[-121.49,39.5],[-120.79,38.0],[-119.0,36.31],[-118.83,35.25],[-119.5,35.21]]}},{"type":"Feature","properties":{"level":1008},"geometry":{"type":"LineString","coordinates":[[-131.75,49.1],[-132.0,49.41],[-133.75,49.69],[-136.0,50.5],[-137.63,52.25],[-137.93,53.25],[-137.75,54.11],[-136.5,55.86],[-135.5,56.83],[-134.25,56.85],[-133.75,57.34],[-133.5,57.11],[-133.0,57.19],[-130.74,56.25],[-129.25,54.92],[-129.0,54.19],[-128.25,54.18],[-128.07,53.75],[-127.5,53.46],[-127.3,53.5],[-127.54,54.0],[-127.25,54.16],[-125.75,54.14],[-124.44,53.75],[-124.0,53.0],[-124.38,52.5],[-123.25,51.66],[-122.5,51.5],[-121.61,51.75],[-121.82,51.5],[-121.69,51.25],[-122.25,51.2],[-122.5,51.49],[-126.0,51.97],[-127.5,51.94],[-130.08,49.75],[-131.75,49.1]]}},{"type":"Feature","properties":{"level":1008},"geometry":{"type":"LineString","coordinates":[[180.0,49.47],[175.75,48.23],[167.25,47.48],[162.25,47.52],[158.0,48.16],[152.16,49.75],[147.25,51.81],[141.25,55.4],[139.5,56.7],[139.18,57.25],[140.27,58.0],[140.86,58.75],[140.92,59.25],[141.61,59.75],[141.19,60.75],[141.25,61.18],[141.75,60.71],[142.6,61.25],[145.0,61.0],[147.32,61.25],[148.25,61.77],[150.25,61.73],[151.33,62.25],[151.85,62.75],[151.78,63.0],[153.45,63.5],[153.47,64.5],[154.0,65.51],[154.5,65.96],[155.57,66.25],[155.66,67.0],[156.31,67.5],[156.43,68.0],[158.84,71.0],[160.25,72.01],[167.25,73.7],[176.25,74.29],[180.0,74.78]]}},{"type":"Feature","properties":{"level":1008},"geometry":{"type":"LineString","coordinates":[[32.5,51.25],[32.39,51.5],[30.0,52.47],[23.75,52.95],[20.21,54.25],[18.56,55.75],[17.6,57.5],[17.33,58.75],[17.99,61.25],[19.46,62.75],[21.74,64.0],[23.5,64.44],[27.75,64.86],[32.75,64.98],[36.5,64.74],[38.0,64.3],[41.34,62.5],[41.73,60.75],[39.44,56.5],[36.25,52.97],[32.5,51.25]]}},{"type":"Feature","properties":{"level":1008},"geometry":{"type":"LineString","coordinates":[[-77.0,52.5],[-79.25,52.8],[-80.94,53.75],[-81.7,54.5],[-82.26,56.5],[-82.08,57.5],[-81.5,58.23],[-80.25,58.78],[-78.75,58.95],[-69.75,58.69],[-66.5,57.54],[-63.99,55.25],[-64.25,55.01],[-65.0,55.46],[-65.5,54.96],[-67.0,54.93],[-67.56,54.25],[-69.0,54.02],[-70.0,53.38],[-71.0,53.54],[-71.75,53.14],[-77.0,52.5]]}},{"type":"Feature","properties":{"level":1008},"geometry":{"type":"LineString","coordinates":[[-56.5,53.7],[-57.76,54.5],[-57.53,55.25],[-55.25,55.79],[-54.75,55.74],[-54.14,55.25],[-53.94,54.5],[-54.36,54.0],[-55.25,53.62],[-56.5,53.7]]}},{"type":"Feature","properties":{"level":1008},"geometry":{"type":"LineString","coordinates":[[0.25,55.73],[-3.25,55.85],[-4.75,56.18],[-5.25,56.53],[-10.5,57.12],[-24.25,58.12],[-32.0,59.29],[-41.75,59.13],[-44.0,59.59],[-44.6,60.0],[-44.06,60.75],[-44.23,61.0],[-43.79,61.75],[-43.85,63.0],[-42.55,63.75],[-42.48,64.25],[-41.64,65.5],[-39.71,66.25],[-39.23,66.75],[-38.5,67.03],[-35.48,67.25],[-35.21,68.0],[-34.19,68.5],[-33.99,69.0],[-33.25,69.31],[-31.25,69.22],[-30.59,69.5],[-29.25,69.57],[-27.5,69.46],[-26.45,69.75],[-26.5,70.04],[-26.25,69.88],[-24.75,70.17],[-24.54,70.25],[-25.0,70.41],[-26.1,70.25],[-26.06,70.5],[-25.37,70.75],[-25.25,71.25],[-22.5,71.41],[-21.25,72.16],[-13.0,74.53],[-12.05,75.0],[-11.75,75.43],[-12.1,76.75],[-11.72,77.25],[-9.25,78.22],[-5.67,79.0],[-4.86,79.5],[-5.24,80.0],[-8.75,80.96],[-12.5,81.43],[-12.7,81.5],[-12.32,81.75],[-12.52,82.0],[-19.51,83.0],[-26.14,84.5],[-27.5,85.0],[-27.62,85.25],[-26.26,86.0],[-24.06,86.5],[-12.5,87.49],[6.5,88.04],[35.5,88.16],[60.0,87.75],[73.25,87.13],[83.25,86.11],[86.75,85.5],[91.44,84.25],[93.08,83.5],[93.76,82.75],[92.0,81.11],[88.5,79.15],[80.25,75.9],[77.02,74.25],[71.8,70.0],[70.25,69.14],[66.75,68.12],[65.5,68.26],[63.5,67.74],[50.0,67.74],[44.1,68.0],[29.5,71.27],[18.75,74.38],[12.75,75.78],[8.75,75.87],[5.0,75.62],[3.31,75.25],[1.88,74.75],[0.77,74.0],[0.7,73.25],[1.33,72.0],[2.5,70.48],[5.31,68.5],[6.86,66.75],[8.47,65.5],[8.47,65.25],[9.35,64.5],[9.49,63.75],[8.75,63.0],[6.86,62.25],[6.25,61.54],[5.95,60.75],[6.14,60.25],[5.96,59.5],[6.18,59.25],[5.9,58.5],[6.14,57.75],[6.0,56.73],[4.25,55.97],[0.25,55.73]]}},{"type":"Feature","properties":{"level":1008},"geometry":{"type":"LineString","coordinates":[[92.25,56.21],[91.75,56.61],[88.25,56.44],[86.25,56.81],[81.25,57.19],[80.68,57.75],[78.5,58.99],[76.93,60.75],[76.58,61.5],[76.84,63.25],[77.5,63.7],[79.5,64.35],[82.75,64.92],[88.5,64.89],[93.46,63.25],[94.53,62.75],[94.81,61.5],[95.3,61.0],[95.29,60.5],[95.76,60.25],[95.66,59.0],[95.0,57.44],[94.33,56.75],[92.25,56.21]]}},{"type":"Feature","properties":{"level":1008},"geometry":{"type":"LineString","coordinates":[[-24.45,70.25],[-23.95,70.25],[-24.45,70.25]]}},{"type":"Feature","properties":{"level":1008},"geometry":{"type":"LineString","coordinates":[[143.5,71.49],[129.83,73.25],[126.49,74.0],[125.94,74.25],[125.76,74.75],[126.75,75.02],[129.25,75.1],[146.0,74.18],[150.25,73.38],[151.25,73.0],[151.85,72.5],[151.38,72.0],[150.31,71.75],[143.5,71.49]]}},{"type":"Feature","properties":{"level":1008},"geometry":{"type":"LineString","coordinates":[[-180.0,74.78],[-170.25,75.84],[-163.75,77.02],[-159.0,77.39],[-155.5,77.38],[-151.75,77.02],[-149.78,76.5],[-149.02,75.75],[-149.5,75.13],[-150.75,74.57],[-160.44,71.75],[-161.21,71.0],[-161.13,70.25],[-160.72,69.75],[-162.86,68.75],[-162.74,68.5],[-163.33,68.0],[-162.29,67.5],[-162.04,67.0],[-161.05,66.25],[-160.2,64.75],[-160.29,64.25],[-159.92,63.75],[-160.22,63.25],[-159.66,62.5],[-159.3,61.25],[-160.76,59.75],[-160.87,58.5],[-161.25,57.68],[-180.0,49.47]]}},{"type":"Feature","properties":{"level":1008},"geometry":{"type":"LineString","coordinates":[[-72.5,75.24],[-72.72,75.5],[-72.25,76.0],[-71.0,76.26],[-69.63,76.0],[-69.08,75.5],[-70.75,75.07],[-72.5,75.24]]}},{"type":"Feature","properties":{"level":1008},"geometry":{"type":"LineString","coordinates":[[-73.0,77.47],[-72.44,77.5],[-73.0,77.47]]}},{"type":"Feature","properties":{"level":1012},"geometry":{"type":"LineString","coordinates":[[26.75,-89.75],[15.3,-89.5],[40.5,-88.86],[78.49,-89.25],[76.25,-89.53],[68.5,-89.68],[26.75,-89.75]]}},{"type":"Feature","properties":{"level":1012},"geometry":{"type":"LineString","coordinates":[[30.5,-88.52],[35.25,-87.94],[39.92,-88.0],[39.29,-88.25],[36.75,-88.49],[30.5,-88.52]]}},{"type":"Feature","properties":{"level":1012},"geometry":{"type":"LineString","coordinates":[[180.0,-88.12],[149.5,-87.31],[142.5,-86.33],[140.25,-85.6],[137.25,-85.0],[135.75,-84.34],[134.27,-84.0],[133.5,-83.41],[130.37,-82.75],[130.76,-82.0],[133.65,-81.0],[131.63,-80.5],[131.51,-80.25],[133.0,-79.59],[143.0,-78.03],[146.61,-77.0],[145.65,-75.75],[144.0,-74.91],[143.25,-74.82],[136.25,-75.11],[135.84,-75.0],[135.88,-74.75],[136.41,-74.5],[136.22,-74.25],[134.5,-73.96],[133.25,-73.99],[128.75,-74.83],[124.75,-74.93],[124.33,-74.5],[125.17,-74.0],[125.25,-73.75],[125.0,-73.59],[120.16,-74.75],[108.15,-76.75],[107.31,-77.0],[107.33,-77.25],[110.07,-77.5],[110.56,-78.0],[109.0,-78.78],[103.75,-79.83],[100.5,-80.1],[93.75,-80.1],[89.75,-79.55],[86.89,-80.0],[83.76,-81.0],[84.02,-81.25],[88.2,-81.5],[82.99,-82.5],[88.75,-82.92],[90.5,-83.34],[95.75,-83.39],[99.14,-84.25],[96.5,-84.67],[92.0,-84.64],[82.5,-85.52],[67.75,-85.45],[50.25,-83.98],[46.55,-83.0],[44.83,-82.0],[44.82,-81.75],[45.81,-81.5],[44.64,-80.75],[45.75,-79.57],[45.99,-79.0],[46.75,-78.68],[47.47,-77.25],[46.5,-76.07],[45.25,-76.0],[42.75,-76.09],[39.74,-76.75],[39.25,-77.6],[37.33,-78.5],[36.55,-79.25],[34.98,-80.0],[35.0,-80.3],[36.45,-81.25],[40.0,-82.0],[40.27,-82.25],[39.75,-82.56],[39.56,-83.0],[41.52,-84.0],[41.69,-84.5],[45.67,-85.25],[40.64,-85.5],[40.05,-85.75],[40.32,-86.0],[43.73,-86.75],[38.0,-87.35],[32.0,-87.48],[22.56,-87.25],[18.88,-87.0],[17.5,-86.61],[14.5,-86.58],[12.62,-86.75],[17.0,-87.0],[12.0,-87.75],[6.25,-88.02],[-17.5,-88.54],[-39.25,-88.71],[-71.5,-88.5],[-97.0,-88.75],[-149.25,-88.61],[-180.0,-88.12]]}},{"type":"Feature","properties":{"level":1012},"geometry":{"type":"LineString","coordinates":[[15.93,-86.25],[18.0,-86.38],[20.16,-86.0],[19.25,-85.41],[18.5,-85.27],[14.5,-85.22],[13.66,-85.5],[14.0,-86.05],[15.93,-86.25]]}},{"type":"Feature","properties":{"level":1012},"geometry":{"type":"LineString","coordinates":[[13.54,-77.25],[14.94,-77.25],[14.56,-76.5],[16.09,-75.25],[12.75,-74.61],[11.0,-74.52],[10.25,-74.79],[6.5,-75.07],[5.25,-75.45],[3.75,-75.38],[2.85,-75.75],[4.25,-76.17],[9.75,-76.5],[13.54,-77.25]]}},{"type":"Feature","properties":{"level":1012},"geometry":{"type":"LineString","coordinates":[[1.79,-74.75],[4.0,-74.94],[6.73,-74.5],[6.0,-74.12],[1.79,-74.75]]}},{"type":"Feature","properties":{"level":1012},"geometry":{"type":"LineString","coordinates":[[-180.0,-57.1],[-174.25,-56.33],[-166.25,-54.34],[-156.97,-51.0],[-142.14,-44.75],[-141.2,-44.0],[-137.5,-42.87],[-132.5,-41.98],[-129.25,-41.87],[-121.75,-42.46],[-118.75,-42.09],[-116.5,-41.18],[-115.6,-40.5],[-112.75,-36.97],[-110.5,-34.98],[-109.19,-34.25],[-108.21,-33.25],[-106.75,-32.81],[-104.5,-32.67],[-103.75,-32.28],[-102.5,-32.29],[-101.87,-31.75],[-101.0,-31.61],[-100.25,-31.1],[-99.5,-31.44],[-99.0,-30.65],[-98.5,-30.46],[-98.0,-30.65],[-97.75,-30.22],[-97.25,-30.52],[-96.5,-30.56],[-95.75,-31.15],[-95.64,-31.5],[-95.05,-31.75],[-92.5,-33.92],[-91.25,-35.32],[-90.75,-36.39],[-89.0,-38.84],[-88.74,-41.25],[-88.92,-42.0],[-88.17,-46.0],[-88.13,-49.0],[-87.47,-51.0],[-86.25,-52.84],[-83.39,-55.0],[-79.75,-56.9],[-77.0,-57.88],[-72.25,-58.94],[-68.25,-59.35],[-62.25,-59.5],[-59.23,-59.25],[-54.75,-58.33],[-48.02,-55.75],[-40.52,-51.25],[-34.53,-48.25],[-31.82,-46.5],[-29.8,-45.75],[-28.66,-45.0],[-28.5,-44.67],[-27.0,-44.33],[-24.75,-44.23],[-23.0,-43.77],[-22.38,-43.0],[-22.08,-41.25],[-20.5,-40.67],[-18.5,-40.8],[-16.2,-43.0],[-14.25,-43.85],[-11.5,-44.0],[-8.5,-44.56],[-4.75,-44.64],[-1.5,-44.63],[5.5,-44.1],[14.0,-44.37],[22.75,-43.83],[25.25,-44.03],[27.13,-43.75],[27.22,-43.5],[27.75,-43.42],[28.75,-42.67],[29.54,-42.75],[29.75,-41.98],[30.5,-42.04],[31.25,-41.63],[32.75,-42.06],[34.25,-42.17],[36.5,-42.9],[37.25,-42.89],[43.25,-45.29],[49.0,-47.05],[53.0,-47.76],[61.05,-50.5],[62.52,-51.25],[62.96,-51.75],[63.07,-52.75],[63.79,-53.5],[67.25,-54.91],[70.5,-55.54],[75.5,-56.01],[78.75,-55.97],[82.5,-55.49],[85.25,-54.59],[87.4,-53.5],[95.5,-47.89],[98.5,-46.13],[104.56,-40.0],[108.52,-38.25],[112.5,-36.09],[116.13,-35.0],[116.5,-33.85],[117.25,-33.29],[117.49,-33.5],[117.2,-33.75],[117.54,-33.75],[117.75,-33.25],[117.42,-33.0],[118.25,-32.75],[119.41,-33.0],[120.5,-31.39],[120.94,-31.5],[120.83,-31.75],[121.25,-32.12],[121.52,-31.25],[120.0,-30.57],[119.94,-30.25],[121.5,-30.23],[122.75,-29.85],[123.01,-29.75],[123.27,-29.0],[122.92,-27.75],[122.0,-27.07],[121.25,-26.63],[119.0,-26.09],[116.5,-24.82],[114.41,-23.25],[113.98,-22.25],[114.25,-22.21],[115.1,-20.0],[115.43,-18.75],[115.45,-17.5],[116.05,-16.75],[115.99,-16.25],[114.48,-15.25],[114.25,-14.25],[112.38,-14.0],[112.41,-13.5],[111.86,-13.5],[110.75,-12.51],[110.0,-12.29],[108.75,-11.35],[106.0,-10.27],[103.58,-9.0],[101.75,-7.68],[99.5,-7.25],[98.75,-6.61],[98.51,-6.0],[98.75,-5.75],[97.61,-5.25],[96.75,-4.29],[96.0,-4.28],[95.75,-4.02],[96.07,-3.75],[95.65,-3.25],[95.77,-2.75],[95.5,-2.25],[95.21,-2.5],[94.65,-2.5],[94.95,-1.5],[94.82,-1.25],[95.29,-1.0],[94.61,-0.5],[94.64,0.0],[93.65,0.75],[94.22,2.25],[94.07,3.25],[94.65,4.25],[94.61,4.75],[94.25,4.43],[94.0,4.97],[93.5,5.15],[91.5,5.27],[91.08,5.75],[90.75,7.6],[90.5,7.91],[90.25,7.72],[89.89,8.0],[90.18,8.75],[89.7,9.25],[89.75,9.93],[89.1,10.0],[89.92,11.25],[90.56,13.75],[90.34,14.0],[90.42,15.0],[89.62,15.25],[90.08,17.25],[88.5,18.34],[86.0,18.79],[85.5,19.73],[85.0,19.38],[84.78,19.5],[85.25,19.9],[85.25,21.1],[85.75,21.11],[86.0,21.53],[86.57,21.75],[86.22,23.5],[86.72,24.0],[86.73,24.5],[86.0,24.75],[84.0,24.45],[84.04,24.75],[83.75,24.92],[82.25,24.7],[81.5,24.84],[81.0,25.21],[79.11,25.5],[78.59,25.75],[78.25,26.25],[76.25,26.89],[76.25,27.41],[75.75,27.57],[75.43,27.5],[75.25,26.93],[74.75,27.03],[74.5,26.82],[73.25,25.23],[70.0,24.23],[68.0,24.11],[67.25,24.55],[63.3,25.5],[63.5,25.89],[64.04,26.0],[64.0,26.31],[64.75,26.5],[66.0,27.32],[66.52,27.25],[66.55,28.0],[67.5,30.24],[68.25,30.21],[68.69,30.75],[69.25,30.94],[70.0,30.87],[70.0,31.91],[69.5,31.69],[69.41,32.0],[70.23,32.5],[70.35,33.25],[71.88,33.75],[71.5,33.83],[71.5,34.35],[72.5,34.28],[73.0,33.62],[74.5,32.75],[74.75,32.89],[75.75,32.33],[77.0,30.65],[77.75,30.25],[78.94,29.0],[80.25,28.49],[81.25,28.46],[82.5,27.41],[83.5,27.06],[85.0,27.0],[86.0,26.26],[87.5,26.41],[89.25,26.1],[91.0,26.76],[91.5,26.58],[93.5,26.8],[94.5,27.59],[95.48,28.0],[96.24,27.75],[95.73,27.25],[94.25,26.59],[93.5,26.7],[93.1,26.25],[93.61,25.75],[93.31,25.25],[93.77,24.25],[93.13,23.5],[93.49,23.25],[93.25,22.75],[93.31,22.0],[93.41,21.5],[94.0,20.96],[94.14,21.5],[93.78,22.75],[94.19,24.75],[94.87,25.0],[95.44,25.75],[95.53,26.25],[96.19,26.75],[96.25,27.15],[97.25,26.28],[97.48,27.5],[97.75,27.48],[98.03,26.0],[97.58,24.75],[97.75,24.51],[98.5,24.58],[98.75,23.7],[99.5,23.9],[100.0,23.46],[100.39,24.25],[99.85,25.0],[100.0,25.37],[100.15,25.0],[101.5,23.86],[101.25,24.47],[100.37,25.25],[101.34,26.0],[101.25,26.27],[100.81,26.25],[100.83,26.5],[102.0,26.9],[102.58,26.5],[102.12,25.75],[102.61,25.5],[102.26,24.75],[102.4,24.0],[102.81,23.75],[102.57,23.5],[103.76,22.0],[103.35,21.5],[103.58,21.25],[103.41,21.0],[104.0,20.01],[104.7,19.5],[104.5,19.2],[104.0,19.46],[103.66,19.25],[104.25,19.05],[105.0,17.68],[105.25,17.92],[105.79,17.75],[105.67,19.0],[106.25,19.58],[108.5,19.93],[109.75,20.57],[110.5,20.33],[111.0,20.54],[111.75,20.24],[117.25,20.44],[119.75,21.2],[120.35,22.0],[120.09,23.5],[120.75,24.39],[120.47,23.25],[120.75,21.69],[121.5,21.91],[124.25,23.88],[126.5,23.9],[129.75,24.55],[130.75,24.48],[133.25,25.31],[134.75,25.25],[137.5,24.37],[142.25,24.32],[143.52,24.5],[146.75,25.53],[150.5,25.89],[151.75,26.25],[152.0,25.42],[153.0,24.87],[156.5,25.4],[157.0,25.2],[158.5,25.23],[162.25,24.46],[165.75,24.27],[169.25,23.38],[174.5,22.94],[177.75,23.2],[180.0,24.02]]}},{"type":"Feature","properties":{"level":1012},"geometry":{"type":"LineString","coordinates":[[148.21,-36.5],[148.99,-35.75],[148.75,-35.35],[148.44,-35.5],[148.21,-36.5]]}},{"type":"Feature","properties":{"level":1012},"geometry":{"type":"LineString","coordinates":[[163.75,-35.75],[162.5,-35.38],[161.94,-34.75],[161.86,-32.75],[162.32,-32.25],[163.72,-31.5],[165.0,-31.31],[167.0,-31.8],[167.92,-32.5],[168.41,-33.75],[168.19,-34.75],[167.75,-35.2],[166.0,-35.81],[163.75,-35.75]]}},{"type":"Feature","properties":{"level":1012},"geometry":{"type":"LineString","coordinates":[[129.23,-32.75],[132.5,-32.75],[133.45,-32.25],[131.87,-31.25],[131.5,-31.23],[129.06,-31.75],[128.91,-32.25],[129.23,-32.75]]}},{"type":"Feature","properties":{"level":1012},"geometry":{"type":"LineString","coordinates":[[120.99,-32.5],[121.0,-32.21],[120.99,-32.5]]}},{"type":"Feature","properties":{"level":1012},"geometry":{"type":"LineString","coordinates":[[121.98,-31.5],[122.0,-31.73],[122.25,-31.64],[121.98,-31.5]]}},{"type":"Feature","properties":{"level":1012},"geometry":{"type":"LineString","coordinates":[[-100.25,-30.87],[-100.09,-30.75],[-100.25,-30.87]]}},{"type":"Feature","properties":{"level":1012},"geometry":{"type":"LineString","coordinates":[[-50.64,-29.25],[-50.25,-29.34],[-49.12,-27.75],[-49.61,-27.0],[-48.98,-26.0],[-50.5,-25.91],[-50.95,-25.5],[-50.0,-24.92],[-49.0,-25.19],[-48.55,-25.0],[-47.8,-24.0],[-48.5,-22.81],[-49.25,-22.8],[-49.75,-21.74],[-50.75,-22.68],[-51.1,-22.5],[-51.0,-22.91],[-50.75,-22.83],[-50.69,-23.5],[-51.03,-24.25],[-51.76,-24.75],[-51.72,-25.5],[-52.15,-26.0],[-51.38,-26.75],[-51.6,-27.0],[-51.17,-27.5],[-51.79,-28.5],[-50.64,-29.25]]}},{"type":"Feature","properties":{"level":1012},"geometry":{"type":"LineString","coordinates":[[-66.0,-23.03],[-66.41,-22.25],[-66.25,-21.89],[-66.0,-22.35],[-65.5,-22.29],[-65.69,-23.0],[-66.0,-23.03]]}},{"type":"Feature","properties":{"level":1012},"geometry":{"type":"LineString","coordinates":[[-50.25,-22.82],[-50.25,-22.65],[-49.99,-22.75],[-50.25,-22.82]]}},{"type":"Feature","properties":{"level":1012},"geometry":{"type":"LineString","coordinates":[[139.83,-17.5],[140.0,-17.56],[140.0,-17.36],[139.83,-17.5]]}},{"type":"Feature","properties":{"level":1012},"geometry":{"type":"LineString","coordinates":[[-76.25,-14.11],[-76.75,-13.5],[-76.61,-13.25],[-76.22,-13.5],[-76.25,-14.11]]}},{"type":"Feature","properties":{"level":1012},"geometry":{"type":"LineString","coordinates":[[180.0,-13.02],[176.75,-13.09],[175.75,-13.86],[173.5,-13.93],[171.5,-14.88],[166.75,-14.6],[166.6,-15.0],[166.8,-15.75],[166.0,-16.04],[162.5,-15.34],[161.75,-15.53],[159.0,-14.7],[157.75,-14.9],[157.0,-14.67],[156.25,-15.01],[153.0,-14.69],[149.25,-13.54],[148.75,-13.61],[148.5,-13.37],[146.25,-12.82],[144.25,-12.53],[143.25,-12.06],[143.14,-12.25],[143.25,-13.86],[143.5,-14.15],[144.25,-13.91],[144.76,-14.75],[144.91,-15.75],[144.7,-16.0],[145.22,-17.25],[144.68,-18.25],[145.0,-19.14],[144.25,-19.37],[143.87,-19.75],[145.37,-21.0],[144.84,-22.75],[145.01,-23.0],[144.72,-23.75],[145.01,-24.5],[144.65,-24.75],[144.7,-25.0],[145.25,-25.56],[145.75,-25.55],[147.75,-27.14],[148.0,-26.69],[148.47,-27.75],[148.72,-29.0],[148.61,-30.0],[149.05,-30.75],[148.86,-31.25],[149.13,-32.0],[148.99,-33.25],[149.51,-34.0],[149.33,-34.25],[149.35,-35.5],[150.01,-35.25],[149.9,-34.25],[150.38,-33.75],[150.68,-32.75],[150.0,-32.39],[150.0,-32.06],[150.75,-32.13],[151.43,-32.75],[151.0,-33.38],[150.51,-33.5],[150.59,-34.75],[150.36,-35.0],[150.75,-36.0],[150.0,-36.23],[150.14,-36.5],[149.83,-37.0],[150.39,-38.25],[150.23,-40.5],[151.07,-43.0],[153.75,-47.73],[157.25,-51.26],[161.59,-54.0],[165.0,-55.48],[168.5,-56.5],[172.5,-57.09],[180.0,-57.1]]}},{"type":"Feature","properties":{"level":1012},"geometry":{"type":"LineString","coordinates":[[147.44,-9.0],[147.62,-9.0],[147.46,-8.25],[146.85,-7.75],[146.89,-7.5],[146.55,-7.5],[146.75,-8.13],[147.44,-9.0]]}},{"type":"Feature","properties":{"level":1012},"geometry":{"type":"LineString","coordinates":[[143.96,-6.5],[144.25,-6.06],[144.78,-6.0],[144.25,-5.95],[143.75,-5.24],[143.12,-5.0],[143.15,-5.25],[142.75,-5.69],[142.23,-5.5],[142.5,-5.87],[143.96,-6.5]]}},{"type":"Feature","properties":{"level":1012},"geometry":{"type":"LineString","coordinates":[[141.24,-5.25],[142.0,-5.25],[139.0,-3.72],[138.75,-3.79],[138.75,-3.48],[137.5,-3.7],[136.75,-3.52],[136.5,-3.91],[136.02,-4.0],[139.5,-4.58],[141.24,-5.25]]}},{"type":"Feature","properties":{"level":1012},"geometry":{"type":"LineString","coordinates":[[103.63,-4.75],[103.75,-4.98],[103.75,-4.24],[102.75,-3.95],[103.63,-4.75]]}},{"type":"Feature","properties":{"level":1012},"geometry":{"type":"LineString","coordinates":[[-39.58,-3.75],[-39.42,-3.75],[-39.58,-3.75]]}},{"type":"Feature","properties":{"level":1012},"geometry":{"type":"LineString","coordinates":[[-100.25,-3.52],[-100.78,-3.25],[-100.5,-2.92],[-99.64,-3.25],[-100.25,-3.52]]}},{"type":"Feature","properties":{"level":1012},"geometry":{"type":"LineString","coordinates":[[102.25,-3.5],[102.5,-3.67],[102.67,-3.5],[102.5,-3.06],[101.7,-2.25],[101.6,-1.75],[101.1,-1.5],[99.94,0.75],[99.25,1.36],[99.14,0.75],[100.04,0.0],[100.6,-1.5],[102.25,-3.5]]}},{"type":"Feature","properties":{"level":1012},"geometry":{"type":"LineString","coordinates":[[-135.0,-2.91],[-135.11,-2.75],[-134.8,-2.75],[-135.0,-2.91]]}},{"type":"Feature","properties":{"level":1012},"geometry":{"type":"LineString","coordinates":[[-125.75,-2.76],[-125.5,-2.21],[-125.04,-2.5],[-125.75,-2.76]]}},{"type":"Feature","properties":{"level":1012},"geometry":{"type":"LineString","coordinates":[[94.0,-2.07],[93.81,-2.0],[94.0,-2.07]]}},{"type":"Feature","properties":{"level":1012},"geometry":{"type":"LineString","coordinates":[[-96.27,-1.25],[-96.25,-1.0],[-96.27,-1.25]]}},{"type":"Feature","properties":{"level":1012},"geometry":{"type":"LineString","coordinates":[[-96.53,-1.0],[-96.25,-1.0],[-96.53,-1.0]]}},{"type":"Feature","properties":{"level":1012},"geometry":{"type":"LineString","coordinates":[[94.0,-0.4],[94.0,0.0],[94.18,-0.25],[94.0,-0.4]]}},{"type":"Feature","properties":{"level":1012},"geometry":{"type":"LineString","coordinates":[[98.84,1.75],[99.25,1.55],[99.46,2.25],[98.65,3.25],[98.25,3.27],[98.15,2.5],[98.84,1.75]]}},{"type":"Feature","properties":{"level":1012},"geometry":{"type":"LineString","coordinates":[[-119.29,2.5],[-118.87,2.75],[-119.0,2.93],[-119.44,2.75],[-119.29,2.5]]}},{"type":"Feature","properties":{"level":1012},"geometry":{"type":"LineString","coordinates":[[-125.05,2.75],[-124.62,2.75],[-125.05,2.75]]}},{"type":"Feature","properties":{"level":1012},"geometry":{"type":"LineString","coordinates":[[93.5,2.76],[93.4,3.0],[93.75,3.57],[93.97,3.25],[93.5,2.76]]}},{"type":"Feature","properties":{"level":1012},"geometry":{"type":"LineString","coordinates":[[97.35,3.25],[97.75,3.12],[98.06,3.75],[97.0,5.15],[96.0,5.26],[95.25,5.66],[94.95,5.5],[94.8,5.25],[95.25,4.59],[96.25,4.5],[97.35,3.25]]}},{"type":"Feature","properties":{"level":1012},"geometry":{"type":"LineString","coordinates":[[-123.84,3.75],[-123.75,3.61],[-123.84,3.75]]}},{"type":"Feature","properties":{"level":1012},"geometry":{"type":"LineString","coordinates":[[-121.27,3.75],[-120.75,3.93],[-120.25,3.56],[-119.75,3.91],[-119.5,3.69],[-119.0,3.74],[-118.59,4.75],[-117.79,5.5],[-118.0,5.76],[-118.5,5.21],[-119.19,5.25],[-119.5,4.75],[-120.25,4.47],[-121.0,5.07],[-121.5,4.82],[-121.86,4.25],[-121.27,3.75]]}},{"type":"Feature","properties":{"level":1012},"geometry":{"type":"LineString","coordinates":[[33.0,4.47],[32.75,4.86],[31.74,5.0],[31.75,5.47],[31.21,6.25],[31.41,6.75],[32.7,6.0],[33.39,6.25],[33.5,6.57],[34.25,6.2],[34.5,5.35],[33.0,4.47]]}},{"type":"Feature","properties":{"level":1012},"geometry":{"type":"LineString","coordinates":[[-117.85,4.75],[-117.75,4.52],[-117.5,4.6],[-117.5,5.19],[-117.85,4.75]]}},{"type":"Feature","properties":{"level":1012},"geometry":{"type":"LineString","coordinates":[[-62.29,5.25],[-62.0,5.14],[-61.75,5.61],[-61.13,5.75],[-62.0,5.76],[-62.29,5.25]]}},{"type":"Feature","properties":{"level":1012},"geometry":{"type":"LineString","coordinates":[[-19.5,5.94],[-19.84,6.25],[-19.81,6.5],[-18.5,6.95],[-18.3,6.75],[-18.09,6.25],[-18.25,6.02],[-19.0,5.8],[-19.5,5.94]]}},{"type":"Feature","properties":{"level":1012},"geometry":{"type":"LineString","coordinates":[[-23.11,6.25],[-22.75,6.15],[-22.25,6.5],[-22.5,6.82],[-23.0,6.78],[-23.11,6.25]]}},{"type":"Feature","properties":{"level":1012},"geometry":{"type":"LineString","coordinates":[[-25.63,6.75],[-25.25,6.59],[-24.69,7.0],[-25.63,6.75]]}},{"type":"Feature","properties":{"level":1012},"geometry":{"type":"LineString","coordinates":[[-24.36,6.75],[-24.25,6.59],[-23.75,6.75],[-24.25,7.11],[-24.36,6.75]]}},{"type":"Feature","properties":{"level":1012},"geometry":{"type":"LineString","coordinates":[[-17.75,7.08],[-17.75,7.33],[-17.75,7.08]]}},{"type":"Feature","properties":{"level":1012},"geometry":{"type":"LineString","coordinates":[[20.5,7.43],[20.18,7.75],[20.5,8.06],[20.5,7.43]]}},{"type":"Feature","properties":{"level":1012},"geometry":{"type":"LineString","coordinates":[[-20.09,8.25],[-20.0,8.11],[-19.41,8.5],[-19.25,9.0],[-20.0,9.63],[-20.23,9.5],[-20.26,9.0],[-20.09,8.25]]}},{"type":"Feature","properties":{"level":1012},"geometry":{"type":"LineString","coordinates":[[29.5,8.09],[29.26,8.25],[29.53,9.25],[29.25,9.5],[29.35,10.75],[29.5,10.97],[30.25,10.64],[30.75,10.8],[31.63,11.75],[31.59,12.0],[31.0,12.23],[30.5,11.94],[29.75,11.9],[29.04,12.25],[28.64,13.5],[28.84,14.25],[29.71,15.0],[29.62,16.0],[30.33,16.75],[30.15,17.0],[30.57,18.0],[30.37,19.0],[32.5,20.28],[33.5,20.22],[33.75,19.92],[34.0,20.19],[35.73,19.0],[36.35,18.0],[36.35,17.5],[36.75,17.36],[36.91,15.0],[36.5,14.35],[35.32,13.75],[35.28,13.5],[35.72,13.25],[35.25,12.52],[34.25,12.89],[33.75,12.56],[33.25,12.68],[33.08,12.5],[33.5,12.09],[34.0,12.48],[34.71,12.0],[34.47,11.5],[34.0,11.47],[34.26,10.0],[33.75,9.34],[32.5,9.64],[32.0,9.22],[30.25,9.06],[29.5,8.09]]}},{"type":"Feature","properties":{"level":1012},"geometry":{"type":"LineString","coordinates":[[-82.76,8.75],[-82.28,8.75],[-83.25,9.8],[-84.25,10.34],[-84.75,10.36],[-84.0,9.43],[-82.76,8.75]]}},{"type":"Feature","properties":{"level":1012},"geometry":{"type":"LineString","coordinates":[[29.0,8.59],[28.79,9.0],[29.0,9.23],[29.16,9.0],[29.0,8.59]]}},{"type":"Feature","properties":{"level":1012},"geometry":{"type":"LineString","coordinates":[[-17.5,8.95],[-18.14,9.5],[-18.0,9.95],[-17.11,10.25],[-17.23,10.75],[-17.63,11.0],[-17.0,11.38],[-16.45,10.25],[-16.75,10.23],[-16.75,8.95],[-17.25,9.34],[-17.5,8.95]]}},{"type":"Feature","properties":{"level":1012},"geometry":{"type":"LineString","coordinates":[[15.5,9.16],[13.78,9.75],[14.0,10.14],[14.41,10.25],[14.31,11.0],[13.75,11.4],[12.33,11.75],[12.25,12.07],[12.5,12.38],[12.0,12.46],[11.68,13.25],[12.36,14.25],[11.5,14.43],[11.27,14.75],[12.75,15.35],[14.75,15.04],[16.5,15.72],[17.5,15.61],[18.5,15.83],[19.0,15.61],[19.0,15.14],[19.75,15.16],[20.25,14.62],[21.0,14.47],[21.0,13.63],[20.25,14.1],[19.79,14.0],[20.22,13.25],[19.99,12.75],[20.17,11.75],[20.0,11.26],[19.5,11.36],[18.75,12.29],[18.25,12.25],[17.5,11.33],[16.09,10.75],[17.11,10.25],[16.77,9.25],[15.5,9.16]]}},{"type":"Feature","properties":{"level":1012},"geometry":{"type":"LineString","coordinates":[[-73.06,9.75],[-72.6,10.25],[-72.75,10.67],[-73.14,10.25],[-73.06,9.75]]}},{"type":"Feature","properties":{"level":1012},"geometry":{"type":"LineString","coordinates":[[-15.5,10.21],[-15.65,10.5],[-15.5,10.56],[-15.5,10.21]]}},{"type":"Feature","properties":{"level":1012},"geometry":{"type":"LineString","coordinates":[[30.65,10.25],[30.84,10.25],[30.75,10.44],[30.65,10.25]]}},{"type":"Feature","properties":{"level":1012},"geometry":{"type":"LineString","coordinates":[[-21.54,10.5],[-21.35,10.5],[-21.54,10.5]]}},{"type":"Feature","properties":{"level":1012},"geometry":{"type":"LineString","coordinates":[[15.43,10.75],[15.83,10.75],[15.43,10.75]]}},{"type":"Feature","properties":{"level":1012},"geometry":{"type":"LineString","coordinates":[[-18.5,10.94],[-18.73,11.25],[-18.0,11.73],[-17.82,11.5],[-18.5,10.94]]}},{"type":"Feature","properties":{"level":1012},"geometry":{"type":"LineString","coordinates":[[-18.75,11.66],[-18.37,11.75],[-18.75,11.66]]}},{"type":"Feature","properties":{"level":1012},"geometry":{"type":"LineString","coordinates":[[28.5,11.72],[28.55,12.0],[28.93,12.0],[28.75,11.57],[28.5,11.72]]}},{"type":"Feature","properties":{"level":1012},"geometry":{"type":"LineString","coordinates":[[-50.43,12.0],[-50.25,11.84],[-50.0,12.0],[-50.43,12.0]]}},{"type":"Feature","properties":{"level":1012},"geometry":{"type":"LineString","coordinates":[[-47.84,12.0],[-47.4,12.25],[-47.5,12.72],[-48.0,12.7],[-48.1,12.25],[-47.84,12.0]]}},{"type":"Feature","properties":{"level":1012},"geometry":{"type":"LineString","coordinates":[[-46.78,12.5],[-46.75,12.78],[-46.78,12.5]]}},{"type":"Feature","properties":{"level":1012},"geometry":{"type":"LineString","coordinates":[[9.0,12.61],[8.64,13.0],[8.75,13.59],[9.12,13.5],[9.39,13.0],[9.0,12.61]]}},{"type":"Feature","properties":{"level":1012},"geometry":{"type":"LineString","coordinates":[[-41.0,13.37],[-41.0,13.63],[-41.0,13.37]]}},{"type":"Feature","properties":{"level":1012},"geometry":{"type":"LineString","coordinates":[[-49.25,13.74],[-48.99,14.0],[-48.91,13.75],[-49.25,13.74]]}},{"type":"Feature","properties":{"level":1012},"geometry":{"type":"LineString","coordinates":[[-88.21,14.0],[-87.0,13.78],[-86.39,14.25],[-86.61,14.5],[-86.5,14.79],[-85.79,15.0],[-87.0,15.12],[-87.0,14.38],[-89.0,14.78],[-89.49,14.5],[-88.21,14.0]]}},{"type":"Feature","properties":{"level":1012},"geometry":{"type":"LineString","coordinates":[[40.5,13.96],[40.5,14.29],[40.5,13.96]]}},{"type":"Feature","properties":{"level":1012},"geometry":{"type":"LineString","coordinates":[[-90.51,14.25],[-90.0,14.14],[-89.75,14.5],[-90.0,14.89],[-90.38,15.0],[-90.07,15.25],[-90.19,15.5],[-90.5,15.39],[-91.0,15.65],[-92.0,16.83],[-93.0,17.24],[-92.94,16.75],[-91.93,16.0],[-91.92,15.75],[-93.01,15.75],[-91.75,14.69],[-90.51,14.25]]}},{"type":"Feature","properties":{"level":1012},"geometry":{"type":"LineString","coordinates":[[-2.5,14.04],[-2.67,14.25],[-2.5,14.48],[-2.5,14.04]]}},{"type":"Feature","properties":{"level":1012},"geometry":{"type":"LineString","coordinates":[[-1.5,14.15],[-1.67,14.25],[-1.5,14.37],[-1.5,14.15]]}},{"type":"Feature","properties":{"level":1012},"geometry":{"type":"LineString","coordinates":[[3.25,14.36],[1.75,15.04],[1.62,15.5],[2.25,16.26],[3.0,16.07],[3.36,16.25],[3.75,17.1],[4.25,16.71],[4.5,16.92],[5.04,16.5],[5.0,16.07],[4.25,15.71],[4.0,16.43],[3.71,16.5],[3.51,16.0],[4.19,15.25],[3.75,14.61],[3.25,14.36]]}},{"type":"Feature","properties":{"level":1012},"geometry":{"type":"LineString","coordinates":[[-14.0,14.69],[-14.15,16.5],[-12.25,16.72],[-12.2,16.25],[-12.57,15.5],[-12.25,14.94],[-14.0,14.69]]}},{"type":"Feature","properties":{"level":1012},"geometry":{"type":"LineString","coordinates":[[-61.34,15.5],[-61.25,15.3],[-61.11,15.5],[-61.34,15.5]]}},{"type":"Feature","properties":{"level":1012},"geometry":{"type":"LineString","coordinates":[[37.5,15.5],[37.17,16.25],[37.25,16.65],[37.7,16.0],[37.5,15.5]]}},{"type":"Feature","properties":{"level":1012},"geometry":{"type":"LineString","coordinates":[[-11.5,15.74],[-11.5,16.01],[-11.5,15.74]]}},{"type":"Feature","properties":{"level":1012},"geometry":{"type":"LineString","coordinates":[[-9.5,15.72],[-9.76,16.0],[-9.5,17.2],[-8.5,17.13],[-7.64,16.25],[-8.25,15.68],[-9.5,15.72]]}},{"type":"Feature","properties":{"level":1012},"geometry":{"type":"LineString","coordinates":[[-0.25,15.67],[-0.46,15.75],[-0.25,16.34],[0.25,16.49],[0.58,16.25],[0.25,15.79],[-0.25,15.67]]}},{"type":"Feature","properties":{"level":1012},"geometry":{"type":"LineString","coordinates":[[-4.5,16.82],[-4.71,17.25],[-4.08,17.75],[-4.5,18.0],[-4.47,18.25],[-3.25,18.88],[-1.75,19.06],[-1.29,18.75],[-1.56,18.25],[-1.11,18.0],[-1.12,17.5],[-0.7,17.0],[-1.25,16.87],[-1.5,17.16],[-2.75,16.9],[-3.75,17.18],[-4.5,16.82]]}},{"type":"Feature","properties":{"level":1012},"geometry":{"type":"LineString","coordinates":[[4.5,17.11],[4.37,17.25],[4.75,17.43],[5.01,17.25],[4.5,17.11]]}},{"type":"Feature","properties":{"level":1012},"geometry":{"type":"LineString","coordinates":[[37.5,17.14],[37.21,17.5],[37.5,17.83],[37.5,17.14]]}},{"type":"Feature","properties":{"level":1012},"geometry":{"type":"LineString","coordinates":[[-77.63,18.0],[-76.31,18.0],[-77.25,18.41],[-77.99,18.25],[-77.63,18.0]]}},{"type":"Feature","properties":{"level":1012},"geometry":{"type":"LineString","coordinates":[[-74.19,18.25],[-74.0,18.13],[-73.55,18.5],[-74.25,18.64],[-74.41,18.5],[-74.19,18.25]]}},{"type":"Feature","properties":{"level":1012},"geometry":{"type":"LineString","coordinates":[[-101.76,19.25],[-101.5,19.17],[-101.04,19.5],[-101.16,19.75],[-101.5,19.94],[-102.64,19.75],[-102.25,19.35],[-101.76,19.25]]}},{"type":"Feature","properties":{"level":1012},"geometry":{"type":"LineString","coordinates":[[-162.52,19.75],[-162.5,19.94],[-162.52,19.75]]}},{"type":"Feature","properties":{"level":1012},"geometry":{"type":"LineString","coordinates":[[105.75,19.71],[105.18,20.25],[106.0,20.12],[105.75,19.71]]}},{"type":"Feature","properties":{"level":1012},"geometry":{"type":"LineString","coordinates":[[39.5,20.6],[39.25,21.17],[38.75,20.89],[38.25,21.5],[38.5,22.33],[39.0,21.83],[39.79,21.75],[39.87,21.25],[39.5,20.6]]}},{"type":"Feature","properties":{"level":1012},"geometry":{"type":"LineString","coordinates":[[97.24,20.75],[97.63,21.0],[97.72,21.75],[97.5,21.88],[97.24,20.75]]}},{"type":"Feature","properties":{"level":1012},"geometry":{"type":"LineString","coordinates":[[39.25,22.44],[38.75,23.05],[38.0,22.82],[37.07,23.5],[37.11,24.5],[37.0,24.7],[36.75,24.36],[36.6,25.0],[36.75,26.15],[37.25,25.95],[37.66,24.5],[38.5,24.16],[39.0,23.1],[39.25,23.27],[39.25,22.44]]}},{"type":"Feature","properties":{"level":1012},"geometry":{"type":"LineString","coordinates":[[96.93,23.25],[97.25,23.07],[97.5,23.42],[98.13,23.5],[97.75,23.86],[96.93,23.25]]}},{"type":"Feature","properties":{"level":1012},"geometry":{"type":"LineString","coordinates":[[86.97,23.75],[87.35,24.25],[86.94,24.25],[86.97,23.75]]}},{"type":"Feature","properties":{"level":1012},"geometry":{"type":"LineString","coordinates":[[-180.0,24.02],[-179.0,24.32],[-177.44,25.25],[-175.91,26.5],[-174.62,28.5],[-174.57,29.5],[-174.06,30.0],[-173.92,31.25],[-173.4,32.75],[-172.2,34.5],[-170.5,35.58],[-169.5,35.81],[-168.5,35.72],[-167.5,35.47],[-166.33,34.75],[-164.93,33.0],[-164.07,30.25],[-163.96,27.75],[-163.37,27.0],[-163.48,26.25],[-163.0,24.5],[-163.3,22.75],[-163.06,22.0],[-160.75,17.16],[-159.0,14.87],[-158.39,14.75],[-157.75,13.86],[-156.43,13.75],[-155.5,12.91],[-154.59,13.0],[-153.25,12.61],[-152.5,12.14],[-150.25,12.87],[-148.25,12.98],[-145.0,13.6],[-141.75,13.89],[-140.0,13.61],[-137.75,13.9],[-136.81,14.25],[-136.1,15.25],[-136.1,16.0],[-135.46,17.25],[-134.6,17.25],[-134.35,17.5],[-133.54,21.25],[-133.0,22.6],[-131.57,24.75],[-130.0,26.59],[-126.29,29.0],[-124.63,30.5],[-124.45,31.5],[-124.71,32.25],[-124.88,34.5],[-125.39,35.75],[-126.33,36.75],[-126.58,38.0],[-125.75,40.15],[-125.47,41.75],[-125.02,42.5],[-124.5,42.86],[-124.0,42.48],[-123.5,41.29],[-123.58,40.5],[-123.0,39.55],[-122.75,39.54],[-122.93,40.5],[-122.73,40.75],[-122.25,41.12],[-121.86,41.0],[-121.6,40.0],[-119.0,36.69],[-118.5,35.38],[-118.25,35.33],[-117.76,36.25],[-118.0,36.45],[-118.1,37.25],[-117.78,37.5],[-119.25,38.91],[-119.5,39.71],[-120.03,40.25],[-119.47,41.25],[-119.0,41.5],[-119.2,42.0],[-120.0,42.08],[-120.14,42.5],[-121.09,43.25],[-120.82,43.75],[-121.45,44.25],[-121.74,45.75],[-121.14,46.25],[-120.75,47.9],[-120.39,48.25],[-120.54,49.0],[-121.25,49.87],[-122.25,50.03],[-122.5,49.7],[-123.25,50.04],[-123.35,49.75],[-122.78,49.0],[-122.96,48.5],[-123.25,48.38],[-124.75,49.23],[-127.25,50.07],[-127.84,49.25],[-129.0,48.64],[-132.0,47.54],[-133.25,47.45],[-133.86,48.25],[-135.75,49.08],[-137.5,50.24],[-138.8,51.75],[-139.27,52.75],[-139.45,54.0],[-139.05,55.75],[-137.25,58.23],[-136.5,58.22],[-136.0,57.95],[-135.0,58.45],[-133.5,58.13],[-132.0,57.38],[-130.5,57.19],[-130.25,57.49],[-129.75,56.98],[-127.5,56.71],[-127.0,56.5],[-126.91,56.0],[-126.25,55.58],[-123.0,55.1],[-120.75,53.84],[-119.0,53.48],[-118.22,53.0],[-116.75,52.58],[-116.76,52.0],[-116.23,51.75],[-117.28,51.0],[-117.11,50.25],[-117.5,50.11],[-117.97,49.5],[-117.3,49.0],[-117.25,48.45],[-116.44,48.5],[-116.56,48.25],[-116.37,48.0],[-116.76,47.25],[-116.18,46.5],[-116.09,46.0],[-116.75,45.75],[-117.5,46.1],[-117.9,46.0],[-119.21,45.0],[-119.25,44.61],[-119.67,44.25],[-119.6,43.75],[-118.92,43.75],[-118.25,44.17],[-117.92,44.5],[-118.0,45.13],[-117.75,45.23],[-116.5,44.8],[-115.5,43.36],[-114.25,43.26],[-112.5,44.3],[-112.35,44.25],[-112.54,44.0],[-111.97,43.5],[-112.55,43.5],[-112.2,43.25],[-113.25,42.08],[-113.75,42.32],[-114.75,42.02],[-116.19,42.25],[-116.28,41.25],[-115.26,41.0],[-115.75,40.34],[-117.79,39.5],[-117.7,38.75],[-117.13,38.5],[-116.25,37.52],[-116.09,38.0],[-116.34,38.5],[-115.75,38.98],[-114.99,38.5],[-114.26,37.5],[-112.46,37.0],[-112.75,36.29],[-113.17,36.0],[-113.29,35.0],[-112.52,34.25],[-111.75,34.4],[-111.5,33.96],[-110.2,33.25],[-111.0,31.15],[-110.5,30.55],[-109.23,30.25],[-108.76,29.5],[-108.71,28.25],[-108.41,28.0],[-108.27,27.25],[-107.75,27.02],[-107.7,26.5],[-107.2,26.0],[-107.07,25.5],[-106.17,24.75],[-105.75,23.69],[-104.25,22.45],[-104.0,22.85],[-103.25,22.29],[-103.0,22.44],[-102.75,21.83],[-102.25,22.0],[-101.25,20.75],[-100.65,20.5],[-100.88,19.5],[-100.5,19.46],[-100.0,18.81],[-99.0,18.95],[-98.0,18.74],[-97.78,17.75],[-98.5,17.4],[-98.75,17.65],[-99.1,17.5],[-98.75,17.22],[-98.0,17.14],[-96.61,16.0],[-96.25,15.95],[-95.84,16.25],[-96.12,16.75],[-95.79,17.0],[-96.81,18.25],[-96.95,19.25],[-96.77,19.75],[-97.75,20.15],[-99.26,21.75],[-99.15,23.75],[-100.26,25.75],[-100.27,26.0],[-99.87,26.0],[-99.81,26.25],[-100.08,26.5],[-99.96,28.0],[-99.75,28.41],[-98.25,29.03],[-93.25,29.85],[-93.0,29.45],[-91.5,29.05],[-89.0,29.05],[-88.28,28.75],[-87.47,27.25],[-87.25,25.48],[-86.43,24.75],[-86.25,24.01],[-85.25,23.51],[-84.75,23.78],[-84.5,23.53],[-83.0,23.38],[-84.18,22.5],[-84.25,22.25],[-84.0,22.12],[-82.75,22.54],[-81.25,22.35],[-80.75,21.87],[-79.0,21.29],[-78.76,20.5],[-77.25,20.66],[-77.09,20.5],[-77.66,20.0],[-77.0,19.79],[-75.5,19.83],[-74.19,20.25],[-74.75,20.71],[-76.32,21.25],[-76.0,21.46],[-74.5,21.19],[-72.0,21.35],[-70.19,20.25],[-70.17,19.75],[-70.75,19.83],[-71.22,19.5],[-73.25,19.82],[-72.5,19.25],[-72.69,19.0],[-72.49,18.75],[-73.32,18.25],[-71.25,17.83],[-70.75,18.28],[-70.25,18.13],[-68.25,18.43],[-66.0,17.36],[-64.0,17.24],[-62.25,16.79],[-61.71,16.5],[-61.9,16.25],[-61.75,16.06],[-61.0,16.14],[-58.75,15.45],[-57.0,15.35],[-53.25,14.29],[-51.5,13.52],[-50.5,13.35],[-50.25,12.6],[-49.25,13.03],[-48.75,12.7],[-48.25,12.95],[-47.92,13.5],[-48.0,13.78],[-47.64,13.5],[-47.75,13.21],[-45.5,13.28],[-45.5,12.57],[-44.25,13.55],[-44.25,12.92],[-43.5,13.33],[-43.27,12.75],[-43.0,12.67],[-42.5,13.37],[-41.58,12.75],[-41.25,12.25],[-40.5,12.05],[-40.25,12.41],[-39.25,12.32],[-39.0,12.54],[-38.54,12.25],[-38.55,12.0],[-38.0,11.84],[-37.79,12.0],[-37.87,12.25],[-37.5,12.12],[-36.0,12.54],[-34.75,12.31],[-34.25,12.66],[-33.5,12.59],[-33.0,12.8],[-30.75,12.35],[-30.85,12.75],[-30.0,13.1],[-28.5,12.87],[-28.0,13.25],[-28.0,13.51],[-28.0,13.25],[-27.25,13.13],[-25.75,13.71],[-25.25,13.46],[-24.75,13.78],[-23.0,13.53],[-22.25,13.0],[-21.25,12.98],[-20.0,13.83],[-19.89,12.75],[-20.3,12.25],[-20.16,11.75],[-20.75,11.08],[-21.25,10.91],[-21.25,10.59],[-20.75,10.75],[-20.5,10.14],[-20.25,10.14],[-19.78,10.75],[-20.0,11.3],[-19.49,11.5],[-19.35,11.0],[-18.57,10.25],[-18.32,9.5],[-18.48,9.0],[-18.28,8.75],[-18.5,8.48],[-18.0,8.18],[-17.5,8.36],[-16.94,7.5],[-17.5,7.56],[-17.75,8.25],[-18.0,7.47],[-19.0,7.34],[-19.25,6.88],[-20.0,7.91],[-20.5,7.62],[-21.0,7.81],[-20.87,6.75],[-20.5,6.58],[-20.13,6.75],[-20.12,5.75],[-19.93,5.5],[-21.0,4.64],[-21.5,4.75],[-22.0,4.42],[-22.5,4.49],[-21.89,4.75],[-21.97,5.0],[-22.75,5.3],[-24.0,4.53],[-24.5,4.68],[-25.5,4.17],[-26.5,4.14],[-27.25,3.48],[-27.75,3.79],[-28.5,3.48],[-29.27,2.25],[-30.48,1.0],[-30.44,0.75],[-31.0,0.58],[-31.5,-0.27],[-32.5,0.64],[-33.0,0.17],[-33.25,0.42],[-34.25,-0.49],[-34.0,-1.42],[-34.75,-1.37],[-35.58,-2.25],[-36.0,-4.81],[-38.0,-4.82],[-38.75,-3.96],[-39.25,-4.31],[-39.75,-4.18],[-40.25,-5.24],[-40.77,-5.5],[-40.87,-6.5],[-40.48,-7.0],[-40.59,-8.0],[-41.26,-8.75],[-41.19,-9.75],[-41.75,-10.84],[-42.5,-10.93],[-42.64,-11.25],[-42.9,-13.5],[-42.68,-14.0],[-43.07,-14.5],[-43.0,-15.6],[-43.5,-16.19],[-44.0,-15.85],[-44.3,-16.75],[-44.4,-17.75],[-43.97,-18.25],[-44.0,-19.16],[-45.27,-19.5],[-45.75,-20.24],[-45.97,-20.0],[-45.81,-19.5],[-46.0,-19.04],[-46.25,-18.98],[-46.5,-19.59],[-46.75,-19.46],[-47.12,-19.75],[-46.6,-20.5],[-47.12,-20.75],[-46.54,-22.5],[-46.82,-23.25],[-46.25,-23.44],[-46.0,-23.14],[-45.78,-23.25],[-46.2,-23.5],[-45.75,-23.77],[-44.5,-22.86],[-42.25,-22.4],[-41.09,-21.0],[-40.74,-21.0],[-41.29,-22.0],[-41.11,-22.5],[-41.13,-24.75],[-41.2,-25.0],[-41.75,-25.25],[-41.67,-26.5],[-42.0,-27.0],[-43.0,-26.61],[-43.25,-26.71],[-43.0,-27.39],[-43.38,-27.5],[-43.36,-27.75],[-42.75,-28.25],[-43.0,-28.27],[-43.36,-29.25],[-44.25,-29.23],[-44.53,-29.5],[-43.55,-30.0],[-43.17,-30.75],[-43.55,-32.25],[-42.94,-32.75],[-42.95,-33.0],[-43.5,-33.85],[-44.95,-34.75],[-47.75,-35.52],[-52.5,-35.75],[-53.75,-35.58],[-54.75,-35.02],[-55.0,-33.65],[-53.1,-32.5],[-53.12,-31.5],[-56.92,-29.0],[-59.03,-27.25],[-59.52,-26.25],[-60.6,-25.5],[-61.17,-24.5],[-60.91,-24.25],[-61.45,-23.5],[-61.5,-22.86],[-62.04,-22.5],[-61.69,-22.0],[-61.75,-19.96],[-62.53,-19.5],[-63.6,-19.25],[-63.73,-18.5],[-64.0,-18.36],[-64.58,-19.75],[-65.16,-20.5],[-64.97,-21.0],[-65.25,-21.77],[-65.5,-22.07],[-66.0,-21.87],[-65.75,-21.38],[-65.42,-21.25],[-65.85,-20.75],[-65.94,-20.0],[-65.5,-20.0],[-65.34,-19.5],[-65.44,-18.75],[-66.0,-18.31],[-66.32,-17.5],[-65.75,-17.91],[-64.39,-17.75],[-66.5,-16.38],[-67.75,-16.0],[-68.44,-15.25],[-68.91,-14.25],[-71.5,-13.05],[-72.0,-12.23],[-72.25,-12.16],[-73.0,-12.7],[-73.25,-12.6],[-73.75,-11.44],[-74.0,-12.39],[-74.49,-11.5],[-75.26,-11.0],[-75.25,-10.5],[-75.75,-9.44],[-76.25,-9.24],[-77.26,-7.25],[-77.26,-6.75],[-76.98,-6.5],[-77.57,-5.5],[-78.25,-5.37],[-78.42,-6.25],[-79.0,-6.13],[-78.92,-5.25],[-78.65,-5.0],[-78.55,-3.5],[-78.04,-2.25],[-78.0,-1.26],[-77.47,-0.5],[-77.52,0.25],[-76.5,1.29],[-75.25,2.04],[-74.53,3.25],[-74.0,3.55],[-73.25,4.79],[-72.08,6.0],[-71.81,6.5],[-72.12,7.0],[-72.0,7.65],[-71.0,8.1],[-69.5,9.84],[-70.25,9.79],[-72.5,7.81],[-73.25,8.7],[-73.25,6.75],[-74.01,6.0],[-74.61,4.75],[-74.48,4.5],[-74.9,3.25],[-75.75,2.22],[-75.5,3.74],[-74.96,4.75],[-74.9,6.75],[-75.75,7.52],[-76.35,7.25],[-76.39,6.0],[-76.16,5.5],[-77.15,2.75],[-77.61,2.25],[-77.22,1.75],[-77.75,1.59],[-78.75,0.6],[-79.17,-0.5],[-79.16,-2.25],[-79.64,-2.75],[-79.8,-3.75],[-80.19,-4.0],[-80.17,-5.0],[-79.75,-5.5],[-79.7,-6.25],[-79.31,-6.75],[-79.3,-7.5],[-78.47,-8.75],[-77.5,-11.26],[-78.5,-11.29],[-79.25,-10.83],[-80.0,-10.91],[-81.25,-10.0],[-82.25,-8.97],[-82.5,-8.3],[-83.25,-7.71],[-84.5,-7.9],[-85.25,-7.34],[-87.25,-6.75],[-89.0,-6.76],[-90.25,-7.2],[-91.0,-7.09],[-93.75,-5.79],[-94.25,-5.3],[-94.69,-5.25],[-95.0,-4.77],[-95.5,-4.94],[-96.5,-4.5],[-96.5,-3.0],[-96.75,-3.16],[-97.39,-2.5],[-97.0,-1.88],[-96.5,-2.35],[-96.06,-2.25],[-96.09,-2.0],[-96.5,-1.71],[-96.96,-1.75],[-97.21,-0.5],[-97.5,-0.28],[-98.12,-0.75],[-98.1,-1.75],[-97.79,-2.25],[-98.0,-2.35],[-99.02,-2.0],[-99.5,-1.08],[-100.75,-1.58],[-100.78,-1.25],[-100.19,-0.75],[-100.48,-0.5],[-101.2,-0.75],[-101.25,-1.2],[-101.35,-0.75],[-102.02,0.0],[-102.75,-0.03],[-103.48,0.25],[-103.5,0.77],[-105.0,1.41],[-105.75,1.2],[-106.5,0.62],[-107.38,0.5],[-107.42,-0.5],[-107.96,-1.25],[-108.75,-1.81],[-109.75,-1.97],[-110.25,-2.3],[-113.0,-2.32],[-114.5,-2.62],[-115.0,-2.99],[-116.5,-3.41],[-117.75,-3.16],[-118.5,-3.27],[-120.05,-2.25],[-120.14,-1.25],[-120.75,-0.31],[-121.75,-0.09],[-122.98,-1.0],[-122.72,-1.5],[-123.25,-1.9],[-123.93,-1.75],[-123.42,-1.0],[-124.0,-0.69],[-124.75,-1.38],[-125.75,-1.19],[-125.25,-1.79],[-126.5,-1.59],[-126.71,-2.0],[-126.23,-2.75],[-126.5,-2.93],[-126.87,-2.75],[-127.11,-2.0],[-127.5,-1.7],[-130.25,-3.17],[-131.25,-3.24],[-131.74,-2.75],[-131.75,-2.41],[-132.5,-2.23],[-133.0,-2.59],[-133.01,-3.0],[-132.5,-3.64],[-132.25,-3.37],[-131.84,-3.5],[-132.5,-3.85],[-133.05,-3.75],[-133.95,-3.0],[-133.7,-2.5],[-134.0,-2.63],[-134.31,-2.25],[-134.17,-1.5],[-134.34,-1.25],[-134.08,-0.75],[-134.75,-0.15],[-135.5,-0.83],[-137.0,-0.7],[-137.5,-0.27],[-137.75,-0.6],[-138.75,-0.17],[-138.96,0.25],[-139.75,0.66],[-140.25,0.13],[-141.09,-0.25],[-141.57,-1.25],[-141.67,-1.75],[-141.27,-2.25],[-141.56,-2.5],[-141.75,-3.41],[-142.14,-3.75],[-142.0,-4.07],[-141.75,-3.64],[-141.58,-4.25],[-142.0,-4.56],[-142.25,-4.25],[-143.25,-5.49],[-143.87,-4.25],[-144.42,-4.0],[-144.75,-2.61],[-146.0,-1.48],[-146.75,-1.79],[-147.0,-1.23],[-147.5,-1.31],[-147.69,-2.0],[-148.67,-3.0],[-148.76,-3.25],[-148.38,-3.75],[-149.17,-4.5],[-149.0,-5.14],[-149.25,-5.19],[-149.75,-5.96],[-150.25,-6.06],[-150.5,-5.7],[-150.88,-6.0],[-151.06,-6.75],[-150.82,-7.5],[-151.28,-8.5],[-151.31,-10.75],[-151.75,-10.98],[-152.25,-11.79],[-154.0,-11.54],[-156.25,-10.74],[-157.0,-11.07],[-160.25,-10.5],[-163.5,-10.58],[-164.0,-10.4],[-164.75,-10.74],[-166.75,-10.92],[-169.11,-11.75],[-171.5,-11.99],[-172.5,-12.45],[-178.25,-12.65],[-180.0,-13.02]]}},{"type":"Feature","properties":{"level":1012},"geometry":{"type":"LineString","coordinates":[[-103.5,24.49],[-104.0,25.03],[-104.63,25.25],[-104.25,25.7],[-103.75,25.35],[-103.62,25.5],[-103.75,25.85],[-104.49,26.0],[-104.06,26.5],[-104.36,26.75],[-103.0,27.27],[-103.0,26.32],[-102.0,25.75],[-102.54,25.5],[-101.71,25.0],[-102.75,24.36],[-103.5,24.49]]}},{"type":"Feature","properties":{"level":1012},"geometry":{"type":"LineString","coordinates":[[91.27,25.25],[91.75,25.09],[92.96,25.25],[92.5,26.19],[90.16,25.75],[90.25,25.35],[90.75,25.63],[91.27,25.25]]}},{"type":"Feature","properties":{"level":1012},"geometry":{"type":"LineString","coordinates":[[52.25,25.75],[51.55,26.5],[51.5,27.84],[52.0,27.8],[53.36,27.0],[54.3,26.0],[53.5,25.55],[52.25,25.75]]}},{"type":"Feature","properties":{"level":1012},"geometry":{"type":"LineString","coordinates":[[100.5,25.6],[100.19,26.0],[100.47,26.5],[100.5,27.33],[100.7,26.25],[100.5,25.6]]}},{"type":"Feature","properties":{"level":1012},"geometry":{"type":"LineString","coordinates":[[62.75,25.82],[62.51,26.0],[62.67,26.25],[63.55,26.25],[62.75,25.82]]}},{"type":"Feature","properties":{"level":1012},"geometry":{"type":"LineString","coordinates":[[62.25,26.21],[62.11,26.25],[62.25,26.21]]}},{"type":"Feature","properties":{"level":1012},"geometry":{"type":"LineString","coordinates":[[75.5,26.5],[75.33,26.75],[75.58,26.75],[75.5,26.5]]}},{"type":"Feature","properties":{"level":1012},"geometry":{"type":"LineString","coordinates":[[64.0,27.69],[63.59,28.25],[63.75,28.88],[64.1,28.75],[63.87,28.5],[64.0,28.34],[64.62,28.0],[64.46,27.75],[64.0,27.69]]}},{"type":"Feature","properties":{"level":1012},"geometry":{"type":"LineString","coordinates":[[91.0,29.12],[90.75,29.25],[91.0,29.67],[92.02,29.25],[91.75,29.01],[91.0,29.12]]}},{"type":"Feature","properties":{"level":1012},"geometry":{"type":"LineString","coordinates":[[85.0,30.48],[83.62,31.25],[83.72,31.75],[83.5,31.92],[83.13,31.5],[83.18,31.25],[82.69,31.25],[82.52,31.5],[83.43,32.25],[82.91,32.5],[83.99,32.5],[83.84,32.0],[84.0,31.9],[84.68,32.75],[85.75,33.09],[85.99,33.0],[85.7,32.75],[85.75,32.47],[86.13,32.75],[86.0,33.0],[86.5,33.25],[86.74,34.0],[87.0,34.08],[87.43,33.25],[88.14,33.25],[88.34,33.0],[88.25,32.74],[87.0,32.54],[86.99,32.25],[88.5,32.04],[88.75,32.2],[89.51,31.75],[88.75,31.32],[88.25,31.71],[88.0,31.52],[87.5,31.59],[87.25,31.32],[86.5,31.57],[86.15,31.25],[86.25,30.89],[86.5,31.08],[86.75,30.87],[88.0,31.45],[88.0,31.0],[88.37,31.0],[88.25,30.73],[86.75,30.73],[85.75,30.3],[85.0,30.48]]}},{"type":"Feature","properties":{"level":1012},"geometry":{"type":"LineString","coordinates":[[97.5,30.66],[96.35,31.25],[96.61,31.5],[95.91,32.0],[96.75,31.71],[96.75,32.0],[97.0,32.12],[97.13,31.75],[97.7,31.5],[97.39,31.25],[97.64,30.75],[97.5,30.66]]}},{"type":"Feature","properties":{"level":1012},"geometry":{"type":"LineString","coordinates":[[98.25,30.76],[97.77,31.25],[97.82,31.5],[98.0,31.67],[98.25,31.2],[98.75,31.61],[99.0,31.5],[98.83,31.0],[98.25,30.76]]}},{"type":"Feature","properties":{"level":1012},"geometry":{"type":"LineString","coordinates":[[102.0,31.4],[101.75,31.84],[101.25,31.64],[100.89,32.0],[100.63,32.5],[101.0,32.86],[101.25,32.49],[101.5,32.71],[102.15,32.0],[102.0,31.4]]}},{"type":"Feature","properties":{"level":1012},"geometry":{"type":"LineString","coordinates":[[99.75,31.7],[99.22,32.0],[99.5,32.31],[100.25,32.28],[100.57,32.0],[99.75,31.7]]}},{"type":"Feature","properties":{"level":1012},"geometry":{"type":"LineString","coordinates":[[159.0,31.96],[158.0,32.26],[157.38,32.75],[157.11,33.5],[157.25,34.5],[158.75,35.52],[160.97,35.5],[162.0,34.5],[161.91,34.0],[160.5,32.37],[159.0,31.96]]}},{"type":"Feature","properties":{"level":1012},"geometry":{"type":"LineString","coordinates":[[-70.75,32.15],[-70.76,32.5],[-70.46,32.5],[-70.39,32.25],[-70.75,32.15]]}},{"type":"Feature","properties":{"level":1012},"geometry":{"type":"LineString","coordinates":[[-66.0,33.88],[-66.12,34.0],[-65.79,34.0],[-66.0,33.88]]}},{"type":"Feature","properties":{"level":1012},"geometry":{"type":"LineString","coordinates":[[88.25,34.1],[88.17,34.5],[88.5,34.68],[89.0,34.79],[89.35,34.5],[88.75,34.44],[88.5,34.06],[88.25,34.1]]}},{"type":"Feature","properties":{"level":1012},"geometry":{"type":"LineString","coordinates":[[-61.5,34.47],[-62.31,35.0],[-62.35,35.25],[-61.75,35.92],[-61.0,36.17],[-60.5,35.89],[-60.0,36.08],[-59.75,35.65],[-59.25,36.04],[-58.9,35.75],[-59.25,35.36],[-59.75,35.34],[-61.5,34.47]]}},{"type":"Feature","properties":{"level":1012},"geometry":{"type":"LineString","coordinates":[[-110.5,35.0],[-111.0,35.2],[-111.5,36.06],[-110.75,35.58],[-110.5,35.0]]}},{"type":"Feature","properties":{"level":1012},"geometry":{"type":"LineString","coordinates":[[-109.75,36.72],[-110.5,37.12],[-111.5,36.83],[-111.84,37.0],[-111.81,37.25],[-110.57,38.0],[-111.08,38.5],[-110.63,38.75],[-110.5,39.32],[-109.75,38.95],[-109.16,39.0],[-109.71,38.25],[-110.29,38.25],[-110.26,37.5],[-110.0,37.26],[-109.25,37.41],[-109.15,37.25],[-109.75,36.72]]}},{"type":"Feature","properties":{"level":1012},"geometry":{"type":"LineString","coordinates":[[-113.25,38.57],[-113.5,39.13],[-114.0,39.46],[-113.81,39.75],[-114.49,40.5],[-114.3,41.5],[-112.75,42.16],[-112.25,41.7],[-111.96,40.75],[-112.63,40.5],[-112.64,40.0],[-112.25,39.5],[-112.5,38.94],[-113.25,38.57]]}},{"type":"Feature","properties":{"level":1012},"geometry":{"type":"LineString","coordinates":[[-104.75,39.92],[-104.69,40.5],[-104.02,41.5],[-104.13,42.0],[-103.18,42.0],[-102.81,42.75],[-103.09,43.0],[-102.75,43.4],[-102.53,43.25],[-102.71,42.75],[-102.5,42.64],[-100.75,42.64],[-100.04,42.25],[-99.97,41.75],[-100.5,41.25],[-100.5,40.66],[-99.96,40.25],[-100.25,40.05],[-101.75,39.79],[-102.5,39.89],[-103.0,40.47],[-104.75,39.92]]}},{"type":"Feature","properties":{"level":1012},"geometry":{"type":"LineString","coordinates":[[-108.5,42.71],[-108.78,44.5],[-109.13,45.0],[-108.5,46.05],[-105.25,46.45],[-104.88,45.75],[-105.25,44.8],[-105.65,45.25],[-105.08,46.0],[-105.25,46.04],[-106.75,44.87],[-106.94,45.0],[-106.79,45.5],[-107.0,45.64],[-108.0,45.0],[-107.41,43.75],[-107.72,43.5],[-107.75,42.84],[-108.5,42.71]]}},{"type":"Feature","properties":{"level":1012},"geometry":{"type":"LineString","coordinates":[[-123.0,44.66],[-123.19,44.75],[-122.75,45.54],[-122.63,45.25],[-123.0,44.66]]}},{"type":"Feature","properties":{"level":1012},"geometry":{"type":"LineString","coordinates":[[-66.25,46.59],[-66.38,47.0],[-66.75,47.13],[-68.0,46.87],[-69.5,47.57],[-70.25,47.41],[-70.39,48.5],[-71.0,48.87],[-71.5,48.41],[-73.44,48.5],[-74.03,48.0],[-73.86,47.75],[-74.25,47.52],[-74.75,47.78],[-76.75,47.74],[-77.45,48.5],[-77.39,49.5],[-78.47,49.75],[-78.5,50.28],[-80.46,51.0],[-82.61,52.25],[-86.05,55.75],[-87.25,57.28],[-87.65,58.25],[-87.71,58.75],[-87.31,59.75],[-86.75,60.52],[-84.38,61.5],[-82.5,61.98],[-79.25,62.33],[-77.25,61.84],[-76.5,61.36],[-74.75,61.06],[-67.75,60.93],[-64.75,60.43],[-64.2,60.0],[-65.14,59.5],[-65.08,58.5],[-62.25,57.42],[-60.0,58.4],[-55.0,58.17],[-52.5,57.66],[-49.91,56.25],[-49.87,54.5],[-50.07,54.0],[-54.17,51.0],[-56.5,50.16],[-57.25,50.46],[-59.75,50.08],[-60.48,49.5],[-60.0,48.5],[-60.75,47.89],[-63.5,46.83],[-66.25,46.59]]}},{"type":"Feature","properties":{"level":1012},"geometry":{"type":"LineString","coordinates":[[-110.0,46.99],[-110.1,47.25],[-110.5,47.34],[-111.5,47.12],[-112.25,47.25],[-112.75,48.3],[-112.5,48.52],[-111.5,48.34],[-109.96,48.5],[-109.91,47.75],[-109.49,47.5],[-110.0,46.99]]}},{"type":"Feature","properties":{"level":1012},"geometry":{"type":"LineString","coordinates":[[180.0,47.88],[174.0,46.55],[167.25,46.11],[162.5,46.33],[158.5,46.87],[150.75,48.77],[144.75,51.41],[140.56,53.75],[140.0,53.74],[139.5,54.39],[138.0,55.0],[136.93,56.0],[138.25,57.38],[138.9,57.75],[138.7,58.0],[139.0,58.25],[138.31,59.0],[139.48,59.75],[139.49,60.5],[140.18,61.25],[140.27,62.25],[140.5,62.45],[141.75,61.82],[143.5,61.75],[144.25,61.43],[146.5,61.91],[146.99,62.5],[146.35,63.75],[145.5,64.29],[145.5,64.68],[146.64,64.25],[147.0,63.77],[148.25,63.15],[148.72,62.75],[148.7,62.5],[149.29,62.25],[148.89,62.75],[149.5,62.82],[149.66,63.0],[149.46,63.25],[149.75,63.39],[150.58,63.5],[150.99,64.5],[150.59,65.25],[151.08,65.75],[150.82,66.5],[151.11,67.5],[150.13,68.5],[148.36,69.5],[146.0,69.4],[139.25,70.57],[129.5,71.59],[124.47,72.5],[119.0,73.81],[113.28,76.25],[105.0,77.56],[98.75,77.65],[92.25,76.64],[85.46,74.75],[81.28,72.75],[80.51,71.5],[80.8,70.75],[84.25,68.39],[88.0,67.68],[89.25,67.12],[91.5,66.83],[92.0,66.22],[93.0,66.09],[96.87,64.5],[99.59,59.75],[99.84,59.0],[99.75,58.5],[100.62,57.75],[100.62,57.25],[99.81,56.5],[100.29,55.75],[100.62,54.25],[101.5,52.96],[100.5,53.28],[98.5,53.3],[97.0,53.94],[96.25,53.68],[95.75,54.04],[95.5,53.54],[94.69,53.25],[95.19,53.0],[94.7,52.75],[94.93,52.5],[93.25,52.58],[93.11,52.5],[93.46,52.0],[93.25,51.81],[92.0,51.89],[91.34,51.5],[92.0,51.66],[92.25,51.41],[93.0,51.35],[93.5,51.54],[93.88,51.25],[93.75,51.15],[92.25,51.14],[91.59,50.5],[91.55,50.0],[90.97,50.0],[91.46,50.25],[91.24,50.5],[90.25,50.7],[89.75,50.09],[89.5,50.27],[88.75,50.15],[89.75,50.72],[89.89,51.0],[89.55,51.25],[89.78,51.5],[91.75,52.18],[92.0,52.63],[94.25,53.34],[94.39,53.75],[95.07,54.25],[94.25,54.7],[93.5,54.77],[92.25,53.82],[90.75,53.53],[88.25,54.66],[88.35,55.0],[86.0,54.74],[79.75,55.86],[76.89,57.5],[70.5,62.64],[61.05,65.0],[61.75,65.77],[56.0,66.21],[48.75,66.31],[45.54,66.0],[44.91,65.75],[44.37,65.0],[44.66,64.0],[44.52,63.25],[45.89,61.5],[45.7,60.5],[44.58,59.5],[42.91,57.0],[40.73,54.5],[38.53,52.5],[35.0,50.07],[32.5,48.97],[31.5,49.13],[30.98,50.0],[30.0,50.56],[27.5,51.31],[22.39,52.25],[20.0,53.19],[17.37,54.75],[15.75,56.17],[14.41,58.5],[13.5,58.96],[13.97,59.5],[13.87,59.75],[14.42,60.5],[14.47,61.25],[14.89,61.75],[14.5,62.44],[13.75,62.75],[12.5,62.58],[12.5,62.25],[11.5,61.56],[10.75,62.07],[9.89,61.75],[9.94,61.25],[9.61,61.0],[9.79,60.5],[9.22,60.25],[8.75,59.5],[8.39,59.5],[9.5,59.08],[10.5,59.14],[10.68,59.0],[10.57,58.5],[10.0,57.74],[8.75,57.16],[7.0,55.14],[5.5,54.54],[-2.25,54.72],[-3.75,54.99],[-7.0,54.76],[-7.5,55.03],[-8.0,54.99],[-8.75,55.47],[-11.5,55.93],[-29.0,57.66],[-35.5,57.88],[-40.75,57.65],[-46.5,58.37],[-50.0,58.9],[-51.75,59.79],[-56.22,64.25],[-59.25,68.76],[-60.5,69.5],[-61.75,69.6],[-63.75,69.04],[-64.15,68.75],[-64.12,68.25],[-63.52,67.75],[-64.55,68.0],[-64.32,68.25],[-64.5,68.36],[-66.3,68.25],[-66.75,68.74],[-68.0,68.94],[-67.75,69.2],[-66.98,69.25],[-67.75,69.31],[-68.0,70.1],[-68.75,70.0],[-68.91,70.25],[-68.54,70.5],[-68.75,70.59],[-70.55,71.0],[-71.75,71.71],[-74.0,72.05],[-76.28,73.5],[-81.25,74.27],[-81.43,74.5],[-80.22,75.25],[-80.75,75.57],[-83.75,75.89],[-89.0,75.59],[-89.5,75.8],[-91.75,75.43],[-95.25,75.69],[-96.5,76.08],[-97.06,76.5],[-95.25,76.75],[-95.75,77.05],[-96.25,76.95],[-99.05,78.25],[-101.0,78.88],[-101.51,79.5],[-100.75,80.1],[-98.25,80.83],[-92.5,81.51],[-90.25,81.46],[-88.75,80.82],[-87.75,80.67],[-86.0,80.78],[-85.62,81.25],[-86.68,81.5],[-85.25,81.59],[-80.0,81.58],[-79.77,81.5],[-80.44,81.0],[-78.25,80.65],[-74.0,80.96],[-72.2,80.75],[-75.25,80.02],[-76.0,80.36],[-76.75,79.86],[-79.71,79.75],[-81.03,79.25],[-79.05,79.0],[-79.0,78.73],[-79.72,78.5],[-78.62,78.25],[-79.72,78.0],[-79.25,77.58],[-77.75,78.04],[-76.5,78.11],[-73.75,79.09],[-67.75,80.26],[-64.0,79.75],[-57.5,80.3],[-53.78,80.0],[-54.3,79.5],[-57.08,78.5],[-60.25,77.94],[-61.0,77.37],[-62.24,77.0],[-61.5,76.63],[-58.25,76.1],[-56.2,74.75],[-55.08,73.0],[-55.59,72.75],[-55.29,72.25],[-55.51,71.75],[-54.72,71.0],[-53.99,70.75],[-54.5,70.43],[-54.91,69.75],[-53.5,69.16],[-52.11,69.25],[-52.06,69.0],[-51.53,68.75],[-52.23,68.5],[-52.33,68.25],[-51.14,67.75],[-52.25,67.68],[-53.18,67.25],[-52.57,66.75],[-53.0,66.5],[-52.0,65.67],[-51.5,65.89],[-49.0,65.91],[-47.7,65.5],[-47.57,65.0],[-47.92,64.5],[-47.51,63.0],[-48.02,62.25],[-47.5,61.9],[-44.5,61.46],[-44.24,61.5],[-44.56,62.0],[-44.26,62.5],[-44.28,63.0],[-43.08,63.75],[-42.37,65.75],[-40.1,66.5],[-39.25,67.04],[-36.25,67.41],[-34.77,68.5],[-34.5,69.28],[-30.5,69.84],[-29.5,70.67],[-27.64,71.25],[-27.34,71.5],[-27.5,71.8],[-26.5,71.49],[-26.94,71.75],[-24.79,72.0],[-24.52,72.25],[-24.92,72.5],[-24.75,72.67],[-23.0,73.0],[-23.25,73.3],[-20.93,73.75],[-20.89,74.0],[-20.25,74.33],[-19.42,74.5],[-20.74,75.25],[-19.83,75.5],[-19.77,75.75],[-20.24,76.0],[-19.75,76.5],[-20.94,76.75],[-18.64,77.0],[-18.75,77.21],[-19.75,77.58],[-20.25,77.47],[-20.22,77.75],[-21.28,78.0],[-21.38,78.75],[-21.87,79.0],[-20.99,79.5],[-21.49,79.75],[-20.5,79.9],[-19.0,80.89],[-18.25,81.03],[-23.75,80.95],[-23.75,81.17],[-23.46,81.25],[-27.12,81.75],[-26.59,82.25],[-26.75,82.3],[-28.25,82.26],[-30.33,82.75],[-30.34,83.0],[-28.91,83.25],[-29.5,83.37],[-31.75,83.4],[-36.25,83.93],[-50.2,84.5],[-53.03,85.0],[-53.0,85.25],[-51.48,86.0],[-48.0,86.84],[-43.7,87.5],[-38.08,88.0],[-18.0,88.76],[15.25,89.09],[56.25,88.95],[80.5,88.33],[90.5,87.59],[96.75,86.55],[101.25,85.0],[111.5,79.48],[117.39,78.25],[121.5,77.71],[131.25,77.35],[139.5,77.33],[149.0,76.82],[158.0,76.83],[164.75,76.43],[172.25,76.61],[180.0,77.27]]}},{"type":"Feature","properties":{"level":1012},"geometry":{"type":"LineString","coordinates":[[-123.56,49.5],[-123.33,49.5],[-123.56,49.5]]}},{"type":"Feature","properties":{"level":1012},"geometry":{"type":"LineString","coordinates":[[94.75,50.97],[95.0,51.27],[96.5,51.34],[97.13,51.0],[97.0,50.76],[94.75,50.97]]}},{"type":"Feature","properties":{"level":1012},"geometry":{"type":"LineString","coordinates":[[95.75,52.21],[95.59,52.25],[95.75,52.58],[96.67,52.25],[96.5,52.09],[95.75,52.21]]}},{"type":"Feature","properties":{"level":1012},"geometry":{"type":"LineString","coordinates":[[14.82,64.0],[15.5,63.96],[17.25,64.7],[18.0,64.63],[18.5,65.13],[20.75,65.44],[22.0,65.94],[29.75,66.82],[31.81,67.25],[32.0,67.62],[33.0,68.12],[33.75,67.87],[34.55,68.0],[26.25,70.17],[21.0,70.73],[13.5,72.68],[10.5,72.92],[8.82,72.5],[8.64,72.0],[9.03,71.0],[10.25,70.0],[12.75,69.25],[15.81,69.0],[15.42,68.5],[16.29,68.25],[15.31,67.75],[15.1,67.0],[14.0,66.87],[13.65,66.5],[14.77,66.25],[14.0,66.1],[14.0,65.55],[13.55,65.25],[14.82,64.75],[14.29,64.25],[14.82,64.0]]}},{"type":"Feature","properties":{"level":1012},"geometry":{"type":"LineString","coordinates":[[-51.75,66.67],[-51.42,66.75],[-51.75,66.67]]}},{"type":"Feature","properties":{"level":1012},"geometry":{"type":"LineString","coordinates":[[15.08,68.75],[15.41,68.75],[15.08,68.75]]}},{"type":"Feature","properties":{"level":1012},"geometry":{"type":"LineString","coordinates":[[-52.5,69.95],[-52.28,70.0],[-52.5,69.95]]}},{"type":"Feature","properties":{"level":1012},"geometry":{"type":"LineString","coordinates":[[-86.99,76.75],[-85.25,76.55],[-84.73,76.75],[-86.0,76.94],[-86.99,76.75]]}},{"type":"Feature","properties":{"level":1012},"geometry":{"type":"LineString","coordinates":[[-79.72,77.0],[-79.32,77.0],[-79.72,77.0]]}},{"type":"Feature","properties":{"level":1012},"geometry":{"type":"LineString","coordinates":[[-180.0,77.27],[-173.25,78.0],[-165.0,78.37],[-155.75,78.29],[-150.75,77.81],[-147.25,77.08],[-145.43,76.25],[-144.63,75.0],[-145.12,74.25],[-148.75,71.64],[-153.69,69.5],[-157.0,68.94],[-157.3,68.75],[-157.18,68.5],[-158.5,68.33],[-158.9,67.75],[-160.0,67.42],[-160.0,67.2],[-157.93,66.5],[-157.86,66.25],[-158.22,66.0],[-157.75,65.44],[-157.13,65.25],[-156.95,64.5],[-157.19,64.25],[-156.75,63.25],[-157.36,61.5],[-157.97,61.0],[-158.02,60.5],[-158.63,60.25],[-158.94,59.75],[-158.5,58.25],[-158.57,57.0],[-160.14,55.75],[-160.5,55.06],[-161.5,54.53],[-168.75,52.43],[-180.0,47.88]]}},{"type":"Feature","properties":{"level":1012},"geometry":{"type":"LineString","coordinates":[[102.53,78.5],[103.26,78.75],[101.88,78.75],[102.53,78.5]]}},{"type":"Feature","properties":{"level":1012},"geometry":{"type":"LineString","coordinates":[[-89.86,79.0],[-88.5,79.02],[-87.87,79.25],[-87.38,79.75],[-88.25,80.07],[-89.25,80.09],[-89.64,80.5],[-91.5,80.8],[-92.25,81.2],[-93.5,81.16],[-94.32,80.75],[-94.06,80.5],[-94.0,79.73],[-90.51,79.5],[-91.84,79.25],[-89.86,79.0]]}},{"type":"Feature","properties":{"level":1012},"geometry":{"type":"LineString","coordinates":[[-19.58,80.0],[-19.06,80.0],[-19.58,80.0]]}},{"type":"Feature","properties":{"level":1012},"geometry":{"type":"LineString","coordinates":[[-85.27,81.0],[-84.02,81.0],[-84.5,81.21],[-85.27,81.0]]}},{"type":"Feature","properties":{"level":1012},"geometry":{"type":"LineString","coordinates":[[-83.51,81.0],[-83.0,80.84],[-82.33,81.0],[-83.51,81.0]]}},{"type":"Feature","properties":{"level":1016},"geometry":{"type":"LineString","coordinates":[[125.12,-89.25],[155.5,-89.27],[165.44,-89.0],[156.0,-88.54],[142.45,-87.5],[136.24,-86.5],[133.75,-85.77],[129.76,-85.25],[129.26,-85.0],[130.22,-84.5],[130.17,-84.25],[126.75,-83.34],[120.75,-84.13],[95.0,-86.24],[57.75,-86.98],[52.25,-87.75],[54.96,-88.25],[61.25,-88.52],[125.12,-89.25]]}},{"type":"Feature","properties":{"level":1016},"geometry":{"type":"LineString","coordinates":[[-180.0,-88.51],[-169.72,-88.5],[-180.0,-88.45]]}},{"type":"Feature","properties":{"level":1016},"geometry":{"type":"LineString","coordinates":[[180.0,-88.45],[178.25,-88.5],[180.0,-88.51]]}},{"type":"Feature","properties":{"level":1016},"geometry":{"type":"LineString","coordinates":[[115.46,-83.0],[116.75,-83.2],[124.0,-82.51],[123.85,-82.25],[122.07,-81.75],[123.0,-81.09],[126.77,-80.75],[128.75,-79.68],[130.36,-79.25],[132.48,-78.25],[133.04,-77.75],[136.75,-77.29],[138.25,-76.73],[138.88,-76.75],[138.5,-76.44],[137.5,-76.39],[136.88,-76.0],[135.75,-75.93],[132.75,-76.4],[127.0,-76.49],[123.75,-76.81],[123.41,-76.75],[125.0,-76.42],[125.75,-76.0],[125.77,-75.75],[122.25,-75.33],[119.0,-75.45],[111.75,-76.67],[110.97,-77.0],[116.75,-77.23],[118.25,-76.99],[121.62,-77.0],[116.75,-77.38],[108.98,-79.25],[106.86,-80.0],[106.96,-80.25],[107.74,-80.5],[112.42,-81.0],[112.11,-81.25],[110.44,-81.5],[113.25,-81.96],[115.47,-82.75],[115.46,-83.0]]}},{"type":"Feature","properties":{"level":1016},"geometry":{"type":"LineString","coordinates":[[91.65,-80.75],[93.75,-80.99],[96.57,-80.75],[95.75,-80.54],[91.65,-80.75]]}},{"type":"Feature","properties":{"level":1016},"geometry":{"type":"LineString","coordinates":[[40.39,-80.0],[42.25,-80.13],[44.75,-79.18],[46.25,-78.26],[46.66,-77.75],[46.52,-77.25],[45.5,-76.76],[43.0,-76.65],[40.37,-77.25],[39.5,-78.18],[38.56,-78.5],[38.37,-79.0],[40.39,-80.0]]}},{"type":"Feature","properties":{"level":1016},"geometry":{"type":"LineString","coordinates":[[6.23,-75.75],[8.25,-75.9],[9.75,-75.66],[10.75,-75.82],[14.0,-75.59],[14.48,-75.5],[14.58,-75.25],[11.5,-75.07],[8.25,-75.32],[6.23,-75.75]]}},{"type":"Feature","properties":{"level":1016},"geometry":{"type":"LineString","coordinates":[[-180.0,-55.92],[-173.5,-55.07],[-168.5,-53.84],[-162.34,-51.75],[-152.54,-47.5],[-145.75,-44.0],[-145.0,-43.04],[-144.42,-42.75],[-134.25,-39.26],[-133.26,-38.0],[-132.25,-37.59],[-130.19,-38.75],[-126.25,-39.7],[-122.25,-39.96],[-119.0,-39.12],[-117.0,-38.07],[-113.27,-34.0],[-112.05,-33.25],[-112.01,-32.5],[-111.62,-32.0],[-110.25,-31.14],[-108.25,-30.64],[-107.15,-30.0],[-106.41,-29.25],[-106.04,-28.25],[-105.5,-27.91],[-105.0,-26.95],[-104.25,-26.59],[-103.75,-26.62],[-103.78,-26.0],[-104.64,-25.25],[-104.5,-25.07],[-102.5,-25.31],[-96.0,-27.64],[-91.5,-31.53],[-89.99,-34.25],[-89.0,-34.85],[-88.38,-35.75],[-86.75,-40.29],[-86.14,-40.5],[-86.26,-42.0],[-85.67,-42.0],[-86.0,-43.09],[-84.75,-42.29],[-84.75,-43.28],[-83.75,-42.64],[-83.54,-42.75],[-84.48,-45.5],[-84.76,-48.25],[-83.89,-51.0],[-82.5,-52.71],[-80.3,-54.25],[-75.75,-56.32],[-72.0,-57.27],[-66.5,-57.88],[-58.5,-57.71],[-54.0,-56.79],[-47.0,-53.45],[-39.83,-49.5],[-33.68,-45.5],[-32.07,-44.75],[-30.5,-42.93],[-29.25,-42.58],[-27.18,-41.5],[-26.79,-41.0],[-25.0,-40.34],[-22.5,-38.71],[-19.0,-37.77],[-15.5,-38.68],[-13.25,-37.6],[-12.5,-37.47],[-11.0,-37.82],[-9.5,-38.62],[-8.0,-39.68],[-6.75,-41.22],[-3.0,-41.66],[11.5,-41.59],[13.88,-41.25],[14.5,-40.86],[17.25,-40.86],[17.72,-40.75],[17.75,-40.14],[18.25,-39.86],[18.29,-39.5],[19.18,-38.75],[19.5,-38.17],[19.75,-38.47],[21.25,-38.13],[23.5,-38.22],[26.0,-38.45],[30.25,-39.35],[33.0,-39.35],[34.5,-39.68],[39.5,-41.78],[42.25,-43.22],[46.25,-44.21],[49.1,-44.5],[50.5,-44.99],[62.33,-50.0],[64.28,-51.25],[65.5,-52.79],[67.75,-53.8],[71.75,-54.63],[75.25,-55.0],[78.75,-54.87],[82.0,-54.4],[84.5,-53.64],[86.25,-52.71],[89.75,-50.38],[93.0,-47.6],[96.53,-45.25],[98.5,-43.02],[100.14,-40.5],[101.0,-39.59],[102.52,-38.5],[103.76,-38.0],[107.0,-35.1],[111.75,-31.39],[113.42,-29.5],[114.5,-28.75],[113.38,-26.5],[113.43,-26.0],[112.94,-25.5],[112.93,-25.0],[109.5,-21.46],[106.5,-19.58],[105.21,-19.25],[101.75,-17.41],[95.85,-15.25],[94.0,-15.08],[91.0,-14.2],[90.5,-14.29],[87.5,-13.29],[86.75,-12.8],[83.5,-11.81],[79.25,-10.89],[77.25,-10.88],[74.0,-9.92],[71.0,-10.27],[69.5,-9.83],[68.75,-9.89],[67.75,-9.44],[67.0,-9.67],[62.5,-9.86],[59.75,-8.66],[59.0,-8.74],[58.5,-8.46],[58.25,-8.72],[57.75,-8.11],[57.25,-8.0],[56.5,-8.53],[55.0,-7.72],[53.75,-7.73],[52.5,-7.3],[52.0,-6.76],[50.0,-7.03],[48.5,-6.64],[47.0,-7.06],[46.7,-7.0],[46.5,-6.18],[45.75,-6.87],[45.75,-6.22],[45.25,-6.17],[44.75,-6.44],[43.75,-5.81],[43.61,-5.25],[43.0,-4.53],[43.0,-4.0],[42.5,-3.72],[42.12,-2.75],[42.21,-2.0],[41.75,-1.46],[41.25,-1.58],[40.73,-1.25],[40.29,0.75],[40.51,1.0],[39.79,1.5],[39.9,1.75],[40.75,2.0],[40.75,2.63],[41.0,2.36],[41.15,2.5],[40.9,2.75],[41.31,3.5],[40.96,4.0],[41.46,4.25],[41.4,4.75],[40.75,5.8],[41.5,6.18],[42.55,5.5],[42.31,6.0],[41.39,6.5],[41.61,6.75],[41.39,7.0],[41.48,7.25],[42.0,7.94],[42.75,7.55],[42.5,6.88],[43.0,7.21],[44.0,6.55],[44.54,6.75],[45.25,5.73],[46.5,6.14],[46.75,6.45],[47.5,6.25],[48.0,6.37],[48.5,7.0],[49.5,7.34],[49.36,6.75],[50.25,6.01],[51.5,6.2],[53.01,7.75],[53.16,8.75],[52.85,10.75],[51.75,11.23],[51.33,11.0],[51.0,10.4],[50.75,10.44],[51.19,11.25],[51.23,11.5],[51.0,11.59],[50.5,11.54],[50.25,11.09],[49.75,11.4],[49.25,10.95],[48.0,11.09],[47.25,10.91],[46.75,10.15],[46.25,10.37],[45.75,10.1],[44.5,10.04],[43.0,10.49],[42.36,9.75],[41.0,9.43],[40.0,8.84],[39.77,9.0],[40.3,11.25],[40.0,11.75],[39.92,14.25],[39.64,15.0],[38.68,16.0],[38.5,16.97],[38.22,16.0],[38.5,15.94],[38.58,14.75],[38.79,14.5],[38.34,14.25],[38.43,13.75],[37.0,12.5],[36.51,11.0],[36.03,10.5],[36.0,9.67],[34.64,9.25],[34.75,8.57],[35.2,8.25],[35.75,6.75],[36.0,6.92],[36.66,6.75],[36.52,6.0],[36.75,5.69],[37.0,6.14],[37.25,5.31],[37.75,5.47],[37.99,4.0],[37.67,3.25],[39.48,2.25],[39.62,1.75],[39.28,1.5],[39.25,0.93],[37.75,0.49],[37.42,1.75],[37.0,2.06],[36.0,0.34],[35.69,1.25],[35.5,1.43],[35.11,1.25],[35.35,-0.25],[35.25,-0.64],[34.91,-0.75],[35.31,-1.0],[35.31,-2.25],[34.68,-3.25],[34.75,-3.57],[35.22,-3.75],[35.0,-4.07],[34.4,-4.25],[34.25,-5.13],[34.0,-5.2],[33.5,-4.86],[33.56,-5.5],[32.94,-5.5],[33.25,-6.37],[32.75,-6.18],[32.25,-6.62],[31.75,-6.54],[31.65,-6.75],[32.5,-8.2],[33.0,-8.31],[33.25,-8.77],[32.25,-8.39],[31.25,-7.31],[30.96,-7.75],[31.46,-8.5],[31.25,-9.48],[32.5,-9.34],[33.24,-10.0],[33.24,-10.5],[33.74,-11.0],[32.5,-13.39],[32.0,-13.74],[30.93,-13.75],[31.46,-13.0],[31.75,-11.95],[32.18,-11.5],[32.3,-11.0],[32.0,-10.7],[31.42,-11.25],[31.16,-12.0],[30.25,-12.86],[29.25,-13.07],[29.0,-12.71],[28.5,-12.61],[28.25,-12.96],[28.0,-12.76],[27.5,-12.94],[27.25,-12.8],[26.75,-13.11],[26.0,-12.76],[25.5,-13.07],[24.58,-13.0],[24.48,-12.75],[25.0,-12.19],[26.63,-12.0],[25.0,-11.36],[24.75,-10.9],[23.25,-10.44],[22.82,-10.0],[22.71,-9.5],[23.5,-8.26],[23.75,-8.29],[24.0,-7.83],[24.75,-7.78],[25.23,-7.0],[25.65,-6.75],[25.25,-6.35],[24.5,-6.24],[24.05,-6.5],[24.25,-6.75],[24.79,-6.75],[24.88,-7.0],[24.0,-7.43],[23.0,-5.9],[22.75,-5.93],[22.28,-6.25],[22.43,-6.5],[22.27,-6.75],[21.98,-6.75],[22.04,-7.25],[21.83,-7.5],[20.75,-8.1],[20.53,-8.0],[20.92,-7.75],[19.5,-7.28],[19.0,-6.45],[18.0,-6.04],[17.43,-6.25],[17.5,-6.52],[17.25,-6.46],[16.75,-7.71],[16.31,-7.0],[16.62,-6.75],[16.52,-6.5],[16.25,-6.71],[16.08,-6.5],[15.75,-5.27],[15.25,-5.75],[15.22,-5.5],[14.87,-5.5],[14.84,-6.0],[14.52,-6.25],[14.77,-6.5],[14.75,-7.04],[14.42,-7.0],[14.25,-5.74],[14.14,-6.25],[13.75,-5.94],[13.08,-6.5],[13.08,-7.25],[13.55,-7.75],[13.5,-8.05],[14.0,-8.06],[14.21,-8.5],[14.0,-9.5],[13.34,-9.25],[13.25,-8.98],[13.0,-9.75],[14.0,-9.91],[14.77,-11.0],[14.86,-12.25],[14.69,-12.5],[15.26,-12.75],[15.0,-12.81],[14.75,-13.67],[15.0,-13.92],[15.42,-13.75],[15.11,-13.25],[15.75,-13.1],[16.08,-13.25],[16.25,-14.25],[16.5,-14.32],[16.75,-14.04],[17.05,-14.25],[17.27,-15.0],[16.6,-16.75],[16.75,-17.67],[18.0,-17.59],[17.76,-17.25],[19.25,-16.15],[19.84,-16.25],[19.61,-16.75],[20.75,-17.28],[21.24,-18.25],[20.23,-18.75],[20.5,-19.32],[19.0,-19.57],[18.25,-19.11],[17.75,-19.32],[16.25,-21.0],[16.22,-22.0],[16.53,-22.25],[16.04,-22.75],[16.33,-23.0],[16.15,-24.75],[16.37,-26.0],[16.63,-26.25],[16.5,-26.55],[15.5,-27.16],[14.97,-26.75],[14.62,-26.0],[15.07,-24.75],[14.48,-23.0],[14.7,-22.5],[14.5,-21.92],[12.75,-21.26],[11.25,-20.02],[11.16,-20.5],[10.75,-20.75],[10.2,-20.25],[9.25,-18.59],[8.96,-16.75],[9.25,-16.64],[9.5,-16.88],[9.65,-16.5],[8.78,-13.75],[9.04,-12.75],[8.75,-12.18],[8.31,-12.0],[8.44,-11.5],[7.91,-11.0],[8.84,-9.0],[8.0,-8.29],[7.0,-8.34],[6.25,-7.64],[5.25,-9.34],[3.75,-8.69],[3.45,-8.75],[3.25,-9.32],[2.5,-9.53],[1.75,-9.43],[0.89,-9.0],[0.76,-8.5],[0.25,-8.61],[-0.5,-8.14],[-1.0,-8.48],[-3.0,-8.64],[-3.5,-8.89],[-4.25,-8.59],[-8.0,-8.75],[-8.66,-9.0],[-9.25,-9.69],[-10.25,-9.74],[-11.0,-10.08],[-13.25,-10.11],[-14.0,-10.55],[-14.75,-10.48],[-16.25,-11.01],[-16.75,-11.49],[-17.75,-11.43],[-18.52,-11.75],[-19.75,-12.92],[-21.75,-14.04],[-22.5,-13.88],[-23.0,-14.24],[-24.0,-14.03],[-25.25,-14.44],[-26.75,-14.04],[-28.75,-14.8],[-30.0,-14.69],[-31.26,-15.0],[-32.0,-15.49],[-33.25,-15.61],[-34.24,-16.25],[-35.0,-17.16],[-36.25,-17.71],[-36.75,-18.59],[-37.5,-18.75],[-37.56,-19.0],[-36.82,-20.0],[-37.59,-20.5],[-37.55,-21.75],[-37.82,-22.5],[-37.5,-23.94],[-36.86,-24.75],[-37.24,-25.5],[-37.14,-26.75],[-36.4,-28.25],[-36.52,-28.5],[-34.66,-30.5],[-34.24,-32.25],[-34.7,-33.0],[-36.5,-33.87],[-38.5,-33.97],[-41.0,-34.58],[-41.25,-35.02],[-42.0,-35.08],[-42.5,-35.46],[-45.0,-36.26],[-52.0,-37.28],[-54.75,-36.81],[-56.33,-36.0],[-57.87,-34.0],[-58.19,-32.0],[-59.0,-31.39],[-59.36,-30.25],[-62.75,-27.16],[-63.65,-26.75],[-64.5,-25.9],[-65.0,-25.78],[-64.5,-24.91],[-64.5,-24.35],[-65.0,-25.06],[-65.33,-25.0],[-65.5,-25.61],[-65.31,-24.0],[-65.69,-24.0],[-65.98,-25.0],[-65.75,-26.17],[-66.5,-25.88],[-66.54,-25.25],[-66.11,-25.0],[-66.37,-24.75],[-66.1,-24.5],[-66.51,-23.75],[-66.75,-22.12],[-67.25,-21.84],[-67.47,-21.25],[-67.34,-21.0],[-67.65,-20.75],[-67.5,-20.58],[-67.0,-20.75],[-67.03,-20.5],[-67.5,-19.9],[-68.0,-19.85],[-68.18,-19.25],[-68.5,-19.07],[-68.54,-17.75],[-69.25,-17.05],[-69.26,-16.5],[-69.75,-16.29],[-69.75,-15.97],[-70.0,-16.06],[-69.9,-15.5],[-69.5,-15.33],[-68.9,-16.0],[-69.0,-16.3],[-68.72,-16.25],[-68.75,-16.74],[-68.25,-17.3],[-68.0,-17.14],[-66.75,-17.72],[-66.25,-17.29],[-65.37,-17.5],[-66.5,-16.65],[-67.0,-16.49],[-67.5,-16.62],[-68.25,-15.67],[-68.91,-15.5],[-68.72,-15.25],[-69.07,-14.5],[-70.0,-13.73],[-71.5,-13.21],[-72.0,-12.58],[-72.5,-13.02],[-73.25,-13.0],[-73.0,-13.67],[-73.5,-13.51],[-73.76,-13.75],[-73.91,-13.25],[-73.69,-13.0],[-74.5,-12.1],[-74.78,-12.25],[-74.54,-11.75],[-75.0,-11.2],[-75.36,-11.25],[-75.75,-10.02],[-76.58,-9.25],[-77.75,-6.55],[-77.83,-7.0],[-77.28,-8.5],[-77.6,-8.5],[-77.51,-8.0],[-78.25,-7.73],[-78.33,-8.0],[-77.92,-8.25],[-78.02,-9.25],[-77.2,-10.5],[-77.31,-10.75],[-74.54,-14.75],[-73.5,-15.54],[-73.41,-15.25],[-73.0,-15.23],[-72.75,-15.9],[-72.25,-15.7],[-72.23,-16.0],[-70.85,-16.75],[-70.75,-17.29],[-70.25,-17.44],[-69.25,-19.97],[-69.04,-22.25],[-68.6,-22.5],[-68.75,-22.79],[-69.0,-22.74],[-69.14,-23.25],[-68.75,-23.4],[-68.25,-22.75],[-67.96,-23.25],[-68.04,-23.75],[-68.25,-23.95],[-68.75,-23.87],[-69.57,-25.0],[-69.26,-25.5],[-69.31,-26.25],[-69.75,-28.0],[-70.65,-29.5],[-70.47,-30.0],[-70.89,-31.5],[-70.46,-33.0],[-70.63,-34.0],[-70.49,-34.25],[-70.94,-34.5],[-70.81,-34.75],[-71.0,-34.95],[-70.94,-33.5],[-71.25,-32.71],[-71.8,-33.0],[-73.08,-30.0],[-73.4,-27.75],[-73.34,-26.25],[-73.97,-24.5],[-73.89,-24.0],[-74.82,-22.25],[-75.0,-21.39],[-75.75,-20.74],[-76.0,-21.25],[-77.25,-20.3],[-79.75,-19.94],[-80.5,-19.47],[-82.0,-19.09],[-82.5,-19.29],[-85.75,-18.26],[-91.0,-17.51],[-92.75,-17.89],[-95.75,-16.21],[-98.0,-16.04],[-98.2,-15.75],[-99.5,-15.61],[-100.5,-15.11],[-103.5,-14.4],[-106.0,-14.62],[-107.25,-14.35],[-108.0,-14.65],[-108.75,-14.58],[-109.25,-14.85],[-110.25,-14.9],[-110.5,-15.14],[-115.75,-15.0],[-117.0,-15.46],[-118.0,-15.03],[-120.0,-14.75],[-121.5,-15.73],[-123.5,-16.35],[-124.5,-16.38],[-125.5,-15.74],[-126.25,-15.71],[-128.0,-16.44],[-128.25,-15.94],[-130.0,-16.28],[-133.75,-16.15],[-135.75,-16.75],[-136.5,-16.5],[-137.0,-16.81],[-138.0,-16.37],[-140.75,-16.56],[-142.75,-16.34],[-143.25,-15.92],[-143.5,-16.17],[-143.75,-16.02],[-144.25,-16.33],[-144.75,-16.26],[-145.75,-16.58],[-146.25,-16.35],[-146.75,-16.54],[-147.75,-16.45],[-148.0,-16.21],[-148.75,-16.53],[-150.25,-16.67],[-151.0,-16.5],[-153.25,-16.79],[-161.75,-16.45],[-166.0,-16.55],[-169.25,-17.17],[-172.0,-17.2],[-177.75,-18.14],[-180.0,-18.22]]}},{"type":"Feature","properties":{"level":1016},"geometry":{"type":"LineString","coordinates":[[-77.5,-43.76],[-77.81,-43.0],[-78.5,-42.35],[-79.0,-42.28],[-79.5,-42.78],[-79.7,-42.5],[-79.34,-39.75],[-79.48,-39.25],[-80.0,-39.34],[-80.14,-38.75],[-80.53,-38.5],[-80.0,-38.3],[-79.66,-37.75],[-80.11,-37.25],[-79.65,-37.0],[-79.75,-36.5],[-79.0,-36.17],[-78.75,-35.68],[-78.25,-35.92],[-78.28,-35.25],[-78.0,-35.2],[-76.75,-35.51],[-76.0,-35.28],[-74.25,-35.39],[-73.5,-35.96],[-73.0,-35.6],[-72.98,-36.5],[-73.49,-37.5],[-73.12,-38.0],[-73.08,-38.75],[-73.74,-40.5],[-73.86,-41.75],[-74.21,-42.0],[-74.25,-43.03],[-75.5,-43.6],[-76.25,-43.41],[-77.5,-43.76]]}},{"type":"Feature","properties":{"level":1016},"geometry":{"type":"LineString","coordinates":[[-83.5,-42.66],[-83.5,-42.46],[-83.5,-42.66]]}},{"type":"Feature","properties":{"level":1016},"geometry":{"type":"LineString","coordinates":[[-82.5,-42.23],[-82.75,-42.0],[-82.25,-41.25],[-82.0,-41.5],[-82.5,-42.23]]}},{"type":"Feature","properties":{"level":1016},"geometry":{"type":"LineString","coordinates":[[-80.5,-40.03],[-80.5,-39.69],[-80.5,-40.03]]}},{"type":"Feature","properties":{"level":1016},"geometry":{"type":"LineString","coordinates":[[-81.0,-39.37],[-81.0,-39.22],[-81.0,-39.37]]}},{"type":"Feature","properties":{"level":1016},"geometry":{"type":"LineString","coordinates":[[-80.25,-38.18],[-80.44,-38.0],[-80.25,-37.9],[-80.05,-38.0],[-80.25,-38.18]]}},{"type":"Feature","properties":{"level":1016},"geometry":{"type":"LineString","coordinates":[[159.75,-38.01],[158.18,-36.75],[158.04,-35.0],[158.52,-33.5],[159.4,-32.0],[161.21,-30.25],[163.25,-29.42],[165.75,-29.35],[168.0,-30.09],[169.0,-30.75],[170.12,-32.0],[170.55,-33.0],[170.59,-35.5],[170.0,-36.4],[168.5,-37.49],[162.0,-38.17],[159.75,-38.01]]}},{"type":"Feature","properties":{"level":1016},"geometry":{"type":"LineString","coordinates":[[-78.83,-36.5],[-78.45,-36.5],[-78.83,-36.5]]}},{"type":"Feature","properties":{"level":1016},"geometry":{"type":"LineString","coordinates":[[-74.25,-34.31],[-74.25,-34.13],[-74.25,-34.31]]}},{"type":"Feature","properties":{"level":1016},"geometry":{"type":"LineString","coordinates":[[23.25,-30.31],[22.9,-29.5],[23.25,-29.15],[23.5,-29.2],[24.25,-28.25],[24.3,-29.0],[24.0,-29.25],[24.67,-29.75],[24.47,-30.0],[23.5,-29.44],[23.85,-30.25],[23.25,-30.31]]}},{"type":"Feature","properties":{"level":1016},"geometry":{"type":"LineString","coordinates":[[22.25,-29.75],[22.1,-29.25],[21.5,-28.83],[20.92,-28.75],[20.25,-27.83],[19.86,-27.75],[20.04,-27.25],[19.84,-26.5],[18.87,-25.5],[19.0,-25.29],[20.0,-24.94],[21.0,-25.59],[21.9,-26.75],[22.56,-28.25],[22.37,-28.5],[22.67,-29.25],[22.25,-29.75]]}},{"type":"Feature","properties":{"level":1016},"geometry":{"type":"LineString","coordinates":[[-66.25,-29.19],[-66.34,-29.0],[-66.0,-28.76],[-65.76,-29.0],[-66.25,-29.19]]}},{"type":"Feature","properties":{"level":1016},"geometry":{"type":"LineString","coordinates":[[-66.75,-28.62],[-67.08,-28.25],[-67.0,-27.82],[-66.25,-27.72],[-66.31,-28.5],[-66.5,-28.72],[-66.75,-28.62]]}},{"type":"Feature","properties":{"level":1016},"geometry":{"type":"LineString","coordinates":[[-106.25,-27.55],[-105.23,-26.5],[-105.04,-26.75],[-105.52,-27.25],[-106.25,-27.55]]}},{"type":"Feature","properties":{"level":1016},"geometry":{"type":"LineString","coordinates":[[45.5,-27.41],[45.21,-27.0],[45.5,-26.76],[45.85,-27.0],[45.5,-27.41]]}},{"type":"Feature","properties":{"level":1016},"geometry":{"type":"LineString","coordinates":[[-67.25,-27.18],[-67.76,-26.75],[-67.86,-26.25],[-67.59,-26.0],[-67.0,-26.42],[-66.75,-26.25],[-65.83,-26.5],[-66.25,-26.98],[-66.5,-26.68],[-67.25,-27.18]]}},{"type":"Feature","properties":{"level":1016},"geometry":{"type":"LineString","coordinates":[[18.0,-24.58],[17.25,-23.88],[17.5,-23.2],[18.27,-23.5],[18.35,-24.0],[18.91,-24.5],[18.0,-24.58]]}},{"type":"Feature","properties":{"level":1016},"geometry":{"type":"LineString","coordinates":[[166.25,-22.34],[166.13,-22.0],[166.64,-22.25],[166.25,-22.34]]}},{"type":"Feature","properties":{"level":1016},"geometry":{"type":"LineString","coordinates":[[10.16,-19.25],[10.25,-19.0],[10.0,-18.81],[9.86,-19.0],[10.16,-19.25]]}},{"type":"Feature","properties":{"level":1016},"geometry":{"type":"LineString","coordinates":[[146.13,-19.0],[146.46,-19.0],[146.25,-18.84],[146.13,-19.0]]}},{"type":"Feature","properties":{"level":1016},"geometry":{"type":"LineString","coordinates":[[180.0,-18.22],[178.25,-17.49],[178.0,-17.56],[177.83,-18.0],[178.11,-18.25],[178.04,-18.5],[176.75,-19.36],[173.25,-20.25],[169.0,-21.74],[168.25,-21.47],[167.75,-21.7],[165.75,-21.39],[165.5,-21.79],[165.0,-21.49],[164.5,-21.63],[163.75,-21.3],[163.5,-20.94],[162.5,-21.05],[161.25,-20.43],[160.5,-20.48],[160.0,-19.94],[158.75,-20.07],[157.78,-19.75],[154.0,-19.56],[153.25,-19.81],[149.5,-19.33],[147.75,-19.29],[147.61,-19.5],[148.48,-20.25],[148.29,-20.5],[148.47,-21.25],[149.25,-22.5],[149.5,-22.82],[150.14,-22.75],[150.11,-23.5],[152.5,-25.92],[152.75,-27.46],[153.47,-28.75],[152.49,-31.0],[152.76,-31.75],[152.5,-32.25],[152.71,-33.25],[152.75,-38.0],[153.27,-41.25],[154.87,-45.75],[157.44,-49.25],[160.25,-51.57],[164.17,-53.75],[166.75,-54.67],[172.75,-56.07],[178.25,-56.12],[180.0,-55.92]]}},{"type":"Feature","properties":{"level":1016},"geometry":{"type":"LineString","coordinates":[[20.75,-16.99],[20.69,-16.25],[21.0,-15.92],[21.27,-16.75],[20.75,-16.99]]}},{"type":"Feature","properties":{"level":1016},"geometry":{"type":"LineString","coordinates":[[23.25,-15.61],[22.97,-15.25],[23.25,-15.02],[24.0,-15.25],[23.5,-15.72],[23.25,-15.61]]}},{"type":"Feature","properties":{"level":1016},"geometry":{"type":"LineString","coordinates":[[-22.06,-13.75],[-22.0,-13.92],[-22.06,-13.75]]}},{"type":"Feature","properties":{"level":1016},"geometry":{"type":"LineString","coordinates":[[27.25,-13.76],[27.09,-13.5],[27.25,-13.31],[28.25,-13.06],[27.75,-13.96],[27.25,-13.76]]}},{"type":"Feature","properties":{"level":1016},"geometry":{"type":"LineString","coordinates":[[34.25,-10.25],[33.87,-10.0],[33.97,-9.75],[34.54,-10.25],[34.25,-10.25]]}},{"type":"Feature","properties":{"level":1016},"geometry":{"type":"LineString","coordinates":[[11.43,-9.5],[11.75,-9.5],[11.83,-9.25],[11.5,-8.87],[11.2,-9.0],[11.43,-9.5]]}},{"type":"Feature","properties":{"level":1016},"geometry":{"type":"LineString","coordinates":[[10.88,-7.25],[11.5,-7.42],[12.13,-6.25],[10.5,-6.58],[10.42,-7.0],[10.88,-7.25]]}},{"type":"Feature","properties":{"level":1016},"geometry":{"type":"LineString","coordinates":[[12.34,-6.5],[12.75,-6.66],[13.01,-6.25],[12.5,-6.08],[12.27,-6.25],[12.34,-6.5]]}},{"type":"Feature","properties":{"level":1016},"geometry":{"type":"LineString","coordinates":[[12.42,-5.75],[13.5,-5.71],[13.8,-5.0],[12.31,-4.25],[12.73,-5.0],[12.42,-5.75]]}},{"type":"Feature","properties":{"level":1016},"geometry":{"type":"LineString","coordinates":[[43.44,-4.5],[43.77,-4.5],[43.44,-4.5]]}},{"type":"Feature","properties":{"level":1016},"geometry":{"type":"LineString","coordinates":[[28.53,-4.25],[28.75,-4.42],[28.87,-4.25],[29.25,-2.86],[29.75,-4.15],[30.63,-3.25],[30.48,-3.0],[31.01,-2.75],[30.33,-1.25],[30.78,-1.25],[30.52,-0.25],[29.5,-0.77],[29.42,-0.5],[29.59,0.0],[30.0,0.05],[30.5,0.81],[29.75,0.69],[29.5,0.14],[29.42,0.5],[28.57,0.5],[28.57,0.0],[28.85,-0.25],[28.55,-0.75],[28.78,-1.0],[28.5,-1.5],[28.54,-2.0],[28.21,-2.0],[28.12,-2.25],[28.05,-3.75],[28.6,-4.0],[28.53,-4.25]]}},{"type":"Feature","properties":{"level":1016},"geometry":{"type":"LineString","coordinates":[[14.99,-3.75],[15.35,-3.75],[14.84,-3.0],[15.19,-2.5],[14.69,-2.0],[14.82,-1.25],[14.26,-0.75],[14.38,0.0],[14.78,0.5],[14.83,1.5],[14.25,2.14],[13.17,2.75],[13.75,3.55],[13.25,3.43],[13.0,3.78],[11.5,3.95],[11.29,3.75],[11.59,3.25],[10.52,2.75],[10.1,1.5],[10.2,0.5],[10.78,0.0],[10.95,-1.25],[12.5,-2.75],[13.75,-3.34],[14.75,-3.44],[14.99,-3.75]]}},{"type":"Feature","properties":{"level":1016},"geometry":{"type":"LineString","coordinates":[[-79.06,-3.25],[-79.0,-3.4],[-78.75,-3.16],[-78.72,-2.75],[-78.42,-2.5],[-77.73,0.25],[-76.94,1.0],[-75.75,2.79],[-75.77,3.5],[-75.11,4.75],[-75.25,5.46],[-76.88,1.75],[-78.0,0.92],[-77.88,0.5],[-78.15,0.0],[-78.93,-0.75],[-78.88,-2.25],[-79.44,-3.0],[-79.06,-3.25]]}},{"type":"Feature","properties":{"level":1016},"geometry":{"type":"LineString","coordinates":[[13.75,-1.79],[13.28,-1.5],[13.25,-1.11],[13.5,-1.09],[13.75,-1.79]]}},{"type":"Feature","properties":{"level":1016},"geometry":{"type":"LineString","coordinates":[[12.5,-1.34],[12.15,-0.25],[13.0,0.29],[13.26,0.0],[13.32,-0.75],[12.5,-1.34]]}},{"type":"Feature","properties":{"level":1016},"geometry":{"type":"LineString","coordinates":[[13.75,-0.54],[14.11,-0.5],[13.75,-0.54]]}},{"type":"Feature","properties":{"level":1016},"geometry":{"type":"LineString","coordinates":[[39.5,0.43],[39.5,0.61],[39.5,0.43]]}},{"type":"Feature","properties":{"level":1016},"geometry":{"type":"LineString","coordinates":[[13.5,1.39],[13.5,1.79],[13.75,1.9],[13.5,1.39]]}},{"type":"Feature","properties":{"level":1016},"geometry":{"type":"LineString","coordinates":[[39.75,2.16],[39.63,2.25],[39.75,2.16]]}},{"type":"Feature","properties":{"level":1016},"geometry":{"type":"LineString","coordinates":[[41.31,2.25],[41.75,2.18],[42.11,2.5],[42.2,2.75],[41.75,3.38],[41.54,3.25],[41.31,2.25]]}},{"type":"Feature","properties":{"level":1016},"geometry":{"type":"LineString","coordinates":[[43.04,2.75],[43.32,2.75],[43.25,2.92],[43.04,2.75]]}},{"type":"Feature","properties":{"level":1016},"geometry":{"type":"LineString","coordinates":[[43.32,3.0],[43.55,3.0],[43.32,3.0]]}},{"type":"Feature","properties":{"level":1016},"geometry":{"type":"LineString","coordinates":[[-74.53,3.5],[-74.04,3.75],[-73.43,5.0],[-72.75,5.38],[-71.95,6.5],[-72.5,7.42],[-72.75,7.48],[-72.91,7.25],[-72.57,6.5],[-74.07,5.25],[-74.53,3.5]]}},{"type":"Feature","properties":{"level":1016},"geometry":{"type":"LineString","coordinates":[[10.32,5.0],[10.69,5.0],[11.0,6.43],[11.55,6.5],[11.71,6.75],[11.5,6.94],[11.22,7.0],[11.0,6.62],[9.77,6.0],[10.32,5.0]]}},{"type":"Feature","properties":{"level":1016},"geometry":{"type":"LineString","coordinates":[[53.43,12.5],[53.71,12.5],[53.43,12.5]]}},{"type":"Feature","properties":{"level":1016},"geometry":{"type":"LineString","coordinates":[[53.76,12.5],[54.0,12.28],[54.71,12.5],[54.5,12.67],[53.76,12.5]]}},{"type":"Feature","properties":{"level":1016},"geometry":{"type":"LineString","coordinates":[[60.5,12.95],[60.69,13.0],[60.5,12.95]]}},{"type":"Feature","properties":{"level":1016},"geometry":{"type":"LineString","coordinates":[[53.47,14.5],[53.75,14.29],[54.07,14.5],[53.75,14.78],[53.47,14.5]]}},{"type":"Feature","properties":{"level":1016},"geometry":{"type":"LineString","coordinates":[[52.0,15.98],[51.92,16.25],[52.3,16.25],[52.0,15.98]]}},{"type":"Feature","properties":{"level":1016},"geometry":{"type":"LineString","coordinates":[[57.75,15.99],[57.51,16.25],[57.75,16.43],[57.95,16.25],[57.75,15.99]]}},{"type":"Feature","properties":{"level":1016},"geometry":{"type":"LineString","coordinates":[[67.2,16.5],[67.5,16.34],[67.85,16.5],[68.0,17.39],[67.5,17.24],[67.12,16.75],[67.2,16.5]]}},{"type":"Feature","properties":{"level":1016},"geometry":{"type":"LineString","coordinates":[[-155.89,19.25],[-155.5,19.03],[-154.86,19.5],[-155.09,20.0],[-155.68,20.0],[-155.89,19.25]]}},{"type":"Feature","properties":{"level":1016},"geometry":{"type":"LineString","coordinates":[[-106.62,26.0],[-106.04,26.0],[-105.86,26.5],[-106.0,26.79],[-106.58,27.0],[-106.93,28.0],[-106.74,28.5],[-106.33,28.75],[-106.35,29.75],[-106.5,29.99],[-107.25,29.46],[-108.25,30.24],[-108.44,29.5],[-107.5,28.75],[-107.92,28.0],[-107.14,27.5],[-107.3,27.0],[-106.62,26.0]]}},{"type":"Feature","properties":{"level":1016},"geometry":{"type":"LineString","coordinates":[[4.5,26.66],[4.3,26.75],[4.5,27.0],[4.5,26.66]]}},{"type":"Feature","properties":{"level":1016},"geometry":{"type":"LineString","coordinates":[[113.5,26.54],[113.5,26.87],[113.71,26.75],[113.5,26.54]]}},{"type":"Feature","properties":{"level":1016},"geometry":{"type":"LineString","coordinates":[[108.25,27.6],[108.04,27.75],[108.12,28.25],[108.5,28.71],[108.55,28.0],[108.25,27.6]]}},{"type":"Feature","properties":{"level":1016},"geometry":{"type":"LineString","coordinates":[[87.75,28.22],[86.5,28.44],[85.25,29.09],[83.5,29.51],[82.69,30.25],[83.5,30.29],[84.5,29.66],[85.1,30.0],[83.5,30.93],[82.5,31.1],[82.25,30.95],[82.0,31.29],[81.25,31.44],[80.5,32.08],[80.25,31.66],[80.2,32.0],[79.5,32.62],[78.75,32.84],[78.75,33.21],[79.75,33.11],[80.25,32.69],[80.75,33.36],[81.03,33.25],[80.77,32.75],[81.0,32.6],[81.75,33.33],[83.5,33.19],[84.0,33.46],[84.25,33.09],[85.25,33.23],[85.51,33.5],[85.16,33.75],[85.5,34.0],[86.0,34.05],[88.25,35.35],[89.25,35.58],[90.75,35.25],[90.86,34.75],[91.43,34.25],[91.0,34.03],[90.44,34.25],[90.28,34.0],[90.57,33.25],[89.9,32.75],[90.25,32.52],[91.5,32.78],[92.75,32.31],[92.75,32.11],[91.67,31.75],[91.25,31.18],[91.25,31.55],[90.25,31.21],[89.75,30.74],[89.0,30.89],[88.25,30.29],[86.59,30.25],[86.35,29.75],[88.0,29.32],[88.25,29.54],[88.75,29.24],[89.75,29.46],[90.25,29.93],[90.75,29.83],[92.5,30.42],[93.75,30.08],[93.91,29.75],[93.0,29.9],[92.5,29.5],[93.25,29.0],[91.5,28.54],[91.0,28.69],[89.5,28.52],[89.25,28.15],[87.75,28.22]]}},{"type":"Feature","properties":{"level":1016},"geometry":{"type":"LineString","coordinates":[[-180.0,28.72],[-179.75,29.3],[-178.0,30.39],[-173.0,35.53],[-170.5,36.93],[-167.5,37.33],[-165.75,36.86],[-164.5,36.22],[-162.0,33.63],[-161.1,31.25],[-160.0,29.42],[-159.63,27.5],[-158.28,24.75],[-156.75,22.55],[-156.25,22.33],[-155.7,21.5],[-154.0,20.23],[-152.0,19.56],[-149.75,19.19],[-146.75,19.68],[-145.0,19.61],[-143.5,20.78],[-143.0,20.74],[-141.75,21.19],[-140.25,22.83],[-138.75,23.29],[-137.0,24.36],[-132.81,28.75],[-131.06,31.5],[-129.67,37.75],[-127.14,43.25],[-126.91,45.0],[-127.05,45.5],[-127.75,46.28],[-131.25,46.14],[-133.5,45.62],[-135.77,45.75],[-135.64,46.25],[-136.0,46.86],[-140.0,50.59],[-140.89,52.0],[-141.66,54.5],[-141.89,56.75],[-142.22,57.5],[-141.73,58.75],[-142.62,60.0],[-141.75,59.86],[-141.25,60.02],[-139.75,59.93],[-137.25,58.68],[-136.75,58.71],[-136.75,59.01],[-135.25,59.26],[-134.25,58.69],[-131.0,58.52],[-130.0,58.77],[-127.25,58.22],[-125.5,58.32],[-124.25,57.42],[-124.01,57.0],[-124.19,56.75],[-123.31,56.25],[-123.25,55.99],[-122.25,55.48],[-121.5,55.43],[-121.0,54.98],[-120.0,55.18],[-118.75,54.91],[-118.42,54.5],[-118.81,54.0],[-118.25,53.8],[-116.75,53.41],[-114.5,53.33],[-111.75,52.35],[-110.17,52.25],[-109.72,51.75],[-108.5,51.44],[-105.19,51.25],[-105.63,50.75],[-105.39,50.5],[-105.56,50.25],[-104.0,49.88],[-103.82,49.5],[-101.49,48.5],[-100.75,47.52],[-100.66,47.0],[-100.0,46.66],[-99.95,46.0],[-99.5,45.34],[-98.45,44.75],[-98.29,44.25],[-97.71,44.0],[-96.18,42.5],[-95.55,42.25],[-95.6,42.0],[-95.11,41.5],[-94.98,40.5],[-94.64,40.25],[-95.9,39.0],[-97.0,38.5],[-97.53,37.0],[-97.49,36.75],[-96.91,36.5],[-97.01,36.25],[-96.76,36.0],[-97.75,35.5],[-97.75,35.18],[-97.25,35.03],[-96.5,35.69],[-95.5,35.7],[-94.35,35.25],[-95.05,34.5],[-94.5,34.22],[-92.75,34.23],[-92.0,34.69],[-90.25,34.38],[-89.4,33.75],[-89.38,33.25],[-89.61,33.0],[-88.5,31.75],[-88.0,32.22],[-87.75,32.19],[-86.25,31.8],[-84.5,30.99],[-81.75,31.42],[-79.25,32.76],[-77.25,33.43],[-75.25,33.51],[-72.25,34.42],[-71.65,35.0],[-69.0,35.76],[-68.5,36.16],[-67.25,36.17],[-66.75,37.06],[-66.09,37.0],[-66.0,38.01],[-65.56,37.75],[-65.55,37.25],[-65.25,37.07],[-64.41,37.25],[-64.61,38.0],[-64.0,37.68],[-63.73,38.25],[-63.0,38.05],[-62.0,38.54],[-61.04,38.25],[-61.71,37.75],[-61.5,37.39],[-61.25,37.54],[-60.75,37.14],[-59.25,36.96],[-58.75,37.36],[-56.75,36.59],[-56.25,36.74],[-55.62,36.25],[-54.5,34.73],[-53.75,34.35],[-53.5,34.54],[-53.37,34.25],[-52.53,34.0],[-52.75,33.6],[-53.98,33.25],[-55.25,33.73],[-57.0,33.21],[-63.25,29.12],[-63.85,28.25],[-63.97,26.75],[-63.73,26.25],[-62.63,25.5],[-62.75,25.21],[-61.75,25.38],[-61.25,25.0],[-58.5,25.28],[-56.25,25.87],[-53.25,26.01],[-51.0,25.34],[-50.75,24.87],[-47.5,24.27],[-47.02,24.0],[-46.99,23.5],[-46.7,23.25],[-44.75,23.38],[-43.25,22.46],[-42.25,22.47],[-40.25,21.65],[-38.75,21.74],[-37.5,21.08],[-37.28,21.25],[-37.5,21.52],[-36.25,21.55],[-34.0,20.82],[-31.5,21.21],[-30.75,20.98],[-30.25,21.39],[-28.5,21.06],[-26.0,21.94],[-24.5,21.89],[-23.25,21.42],[-22.0,21.72],[-21.0,21.62],[-18.5,22.48],[-15.25,24.33],[-13.75,23.92],[-13.12,24.5],[-13.22,25.0],[-9.97,25.5],[-9.36,26.0],[-9.42,28.0],[-9.86,28.5],[-9.5,28.92],[-7.0,30.65],[-6.25,30.41],[-5.75,30.59],[-5.25,30.27],[-4.25,31.42],[-3.25,31.72],[-3.0,32.12],[-2.25,31.71],[-1.75,31.07],[-1.25,31.3],[-0.25,30.88],[1.25,31.01],[2.75,30.22],[3.5,30.26],[4.75,30.98],[5.25,30.84],[5.74,29.25],[5.5,28.57],[4.5,28.34],[3.75,28.84],[3.41,28.75],[3.25,28.4],[3.07,28.75],[2.75,28.67],[2.5,29.03],[2.24,29.0],[1.56,28.25],[1.49,27.5],[2.25,27.6],[2.75,28.03],[3.25,28.08],[3.64,27.75],[3.85,27.0],[4.32,26.5],[4.0,26.04],[3.73,26.25],[3.18,25.5],[3.25,25.15],[2.81,25.0],[2.84,24.25],[4.57,23.25],[4.62,21.5],[5.25,20.87],[7.5,20.83],[8.25,20.38],[8.62,18.5],[8.47,17.75],[8.75,17.55],[9.27,17.75],[9.33,18.25],[9.82,18.5],[10.75,20.25],[11.75,21.1],[12.34,21.0],[11.83,20.5],[13.25,20.1],[14.21,20.5],[14.7,21.25],[16.0,21.34],[16.5,20.25],[16.75,20.31],[17.75,19.75],[18.0,20.02],[19.5,18.61],[21.75,18.96],[22.25,18.44],[23.0,18.5],[22.8,17.75],[22.1,17.25],[22.75,16.18],[23.25,15.85],[24.25,16.06],[24.99,17.25],[25.25,17.17],[25.79,17.75],[26.14,18.5],[27.25,18.58],[27.68,19.25],[27.8,20.0],[28.73,20.75],[29.49,23.0],[30.53,24.5],[32.0,24.96],[32.19,25.75],[31.87,26.0],[31.78,26.5],[32.24,27.5],[33.11,28.0],[33.0,29.07],[33.64,28.75],[34.0,28.18],[34.5,28.67],[35.25,28.7],[37.17,27.0],[37.22,26.5],[37.5,26.25],[38.25,26.66],[39.0,26.0],[39.5,26.19],[39.75,24.88],[40.25,24.53],[40.75,24.68],[41.19,24.25],[41.45,23.5],[41.34,23.0],[41.5,22.83],[41.75,22.96],[42.01,22.5],[41.25,21.72],[40.75,21.93],[40.5,21.78],[40.25,21.13],[41.75,19.68],[42.13,18.25],[43.04,17.75],[42.94,17.5],[43.44,16.5],[43.9,13.25],[44.25,13.03],[49.5,14.45],[51.0,14.63],[52.0,14.46],[53.75,15.68],[54.71,15.0],[54.97,14.25],[54.81,13.5],[55.0,12.73],[57.0,12.46],[57.25,12.1],[57.5,12.08],[58.0,12.62],[58.75,12.4],[59.0,13.01],[59.5,13.19],[60.5,12.65],[60.75,12.97],[61.5,13.1],[63.25,13.1],[63.75,13.33],[64.17,14.25],[64.75,14.54],[64.92,15.5],[65.71,15.75],[65.7,16.25],[66.14,16.5],[65.83,17.25],[66.4,18.25],[66.0,19.25],[65.25,19.65],[63.0,19.83],[60.25,19.63],[59.25,19.13],[57.75,17.86],[57.0,17.67],[56.0,16.59],[54.25,16.35],[54.3,16.75],[54.75,16.8],[55.18,17.25],[55.0,17.43],[53.0,16.99],[51.0,17.29],[48.29,16.25],[50.25,16.07],[50.59,15.5],[49.75,15.69],[48.75,15.33],[48.25,15.51],[47.5,15.41],[46.68,14.5],[46.19,14.5],[46.19,14.75],[45.1,15.75],[45.06,16.0],[45.72,16.25],[45.63,16.5],[44.72,17.25],[45.38,17.75],[45.25,19.02],[44.25,19.84],[43.75,19.56],[43.51,19.75],[42.92,21.5],[43.5,22.47],[43.75,21.34],[44.25,20.97],[44.6,21.0],[45.11,22.75],[45.0,22.95],[43.75,22.93],[43.54,23.0],[43.6,23.25],[44.25,23.85],[44.75,23.07],[45.25,23.16],[45.56,23.5],[45.5,24.33],[46.0,24.55],[46.28,24.5],[46.22,23.75],[46.5,23.26],[46.86,23.75],[46.75,25.13],[47.0,24.87],[47.18,25.0],[47.03,26.0],[46.5,26.19],[45.82,27.0],[45.91,27.75],[46.55,28.5],[46.47,29.5],[46.25,30.0],[44.53,31.75],[44.69,32.5],[44.31,33.0],[44.82,33.25],[44.73,33.75],[45.0,33.86],[45.5,33.84],[46.75,32.92],[48.5,32.84],[49.5,32.25],[50.11,31.0],[51.18,30.25],[52.5,28.6],[53.75,28.28],[54.48,28.5],[54.5,28.24],[56.5,28.43],[56.64,28.25],[56.11,28.0],[56.25,27.92],[57.0,28.1],[57.75,28.82],[58.25,28.33],[58.69,28.5],[57.54,30.75],[57.04,31.25],[57.0,31.67],[56.6,32.0],[56.92,32.25],[56.5,33.73],[56.05,33.5],[56.0,32.84],[55.75,33.15],[55.25,33.25],[55.21,34.0],[55.52,34.5],[55.75,34.72],[56.75,34.68],[56.5,33.77],[56.75,33.91],[57.5,32.87],[58.1,32.75],[59.75,31.0],[60.26,28.0],[61.0,27.72],[61.5,27.09],[61.75,27.73],[62.25,27.65],[62.29,28.0],[61.38,29.0],[61.68,29.25],[60.94,30.0],[60.72,31.0],[62.25,33.37],[64.0,32.64],[64.75,32.91],[65.25,32.74],[65.5,33.11],[66.16,32.75],[65.93,32.5],[66.25,32.42],[67.25,32.98],[67.5,32.84],[68.0,33.08],[68.25,33.5],[68.75,32.79],[69.25,33.0],[69.75,33.79],[70.74,34.0],[69.78,34.5],[70.25,35.0],[70.5,34.79],[71.5,35.33],[72.0,35.27],[72.25,35.07],[73.0,35.11],[73.09,34.75],[73.75,34.46],[74.5,33.36],[75.25,33.35],[75.53,32.75],[76.0,32.74],[76.32,32.25],[77.25,31.86],[77.36,31.5],[78.75,30.46],[81.25,29.5],[81.75,28.87],[82.4,28.75],[82.75,28.35],[84.25,28.29],[87.0,27.23],[87.25,27.54],[88.0,26.97],[88.5,27.38],[88.75,27.08],[89.75,26.92],[89.91,27.25],[89.75,27.54],[90.0,27.64],[90.25,27.18],[90.52,27.25],[90.45,27.5],[90.75,27.38],[91.25,27.78],[91.7,27.5],[91.69,27.0],[92.0,27.01],[95.27,29.5],[95.0,29.92],[94.75,29.91],[95.0,30.17],[95.6,30.0],[95.42,29.75],[95.69,29.5],[95.5,29.2],[96.33,28.75],[96.25,28.37],[96.84,28.25],[96.5,29.05],[97.15,28.75],[97.0,27.92],[96.61,27.75],[97.0,27.38],[97.16,27.75],[97.75,27.98],[98.5,27.93],[98.39,28.5],[97.78,29.0],[98.0,29.33],[98.25,29.04],[98.59,29.25],[97.75,30.33],[97.0,30.64],[96.75,30.24],[94.25,30.94],[93.75,30.93],[93.25,30.54],[92.42,30.75],[92.75,31.12],[93.5,31.15],[93.75,31.47],[94.0,31.19],[94.5,31.87],[94.88,31.75],[95.12,32.0],[94.55,32.25],[95.0,32.65],[96.25,32.81],[97.0,32.64],[97.23,32.75],[96.99,33.0],[97.25,33.15],[97.59,32.75],[98.0,32.69],[98.21,32.75],[98.0,33.23],[97.48,33.25],[97.75,33.44],[99.0,33.19],[99.4,33.5],[99.47,34.0],[99.75,34.03],[101.01,33.75],[101.25,33.18],[103.0,33.51],[103.5,33.41],[103.79,33.0],[103.13,31.5],[102.73,31.5],[102.65,31.0],[102.25,30.94],[102.0,30.35],[101.55,30.75],[101.75,31.31],[101.25,31.38],[100.75,31.09],[100.5,31.27],[100.25,30.77],[100.0,31.32],[99.76,30.75],[99.25,30.87],[99.36,30.25],[99.12,29.75],[100.17,29.0],[99.81,28.5],[100.0,27.89],[100.5,28.92],[100.75,28.77],[101.03,29.0],[100.85,29.25],[101.0,29.74],[101.5,28.74],[102.0,28.91],[103.0,28.54],[103.25,27.84],[104.5,27.37],[104.76,28.0],[104.03,29.25],[104.8,29.75],[104.17,30.0],[104.76,31.25],[105.25,31.71],[106.75,32.21],[108.0,31.99],[108.5,31.34],[109.0,31.27],[109.5,31.57],[110.0,31.0],[108.33,30.25],[108.0,29.59],[107.65,29.5],[107.75,29.3],[108.85,29.75],[108.76,29.25],[108.48,29.25],[108.5,28.83],[108.0,29.15],[107.5,28.67],[107.72,29.0],[107.0,29.21],[106.25,28.98],[105.98,28.5],[106.5,27.74],[107.25,27.64],[107.5,26.93],[108.5,27.1],[109.0,27.74],[109.5,27.59],[110.23,28.5],[110.5,28.44],[110.78,28.0],[110.1,27.0],[110.85,25.5],[111.25,25.4],[111.75,25.85],[112.75,25.98],[113.0,26.81],[113.5,26.13],[114.59,26.25],[115.07,26.5],[114.75,26.52],[114.74,27.25],[115.25,27.28],[115.5,27.6],[116.25,27.26],[116.75,27.79],[117.5,27.78],[117.75,27.37],[118.0,27.71],[118.75,27.79],[119.01,27.5],[118.76,27.0],[118.9,26.5],[119.25,26.27],[119.87,26.5],[119.64,26.75],[119.75,27.13],[120.0,26.65],[120.75,26.67],[123.0,28.28],[125.75,28.03],[127.5,28.52],[129.25,28.61],[129.75,29.12],[130.5,29.07],[132.75,29.69],[134.75,28.72],[136.5,28.25],[139.75,27.87],[141.5,28.03],[145.75,29.01],[147.75,29.06],[150.72,30.25],[153.75,31.9],[156.02,34.75],[157.25,35.87],[158.75,36.42],[161.25,36.82],[162.75,36.75],[165.5,37.89],[166.5,37.69],[168.5,37.76],[168.56,37.5],[166.0,35.55],[164.65,33.25],[164.51,30.75],[165.17,29.75],[167.0,28.38],[170.0,27.45],[174.5,27.13],[176.5,27.21],[178.0,27.57],[178.5,28.05],[180.0,28.72]]}},{"type":"Feature","properties":{"level":1016},"geometry":{"type":"LineString","coordinates":[[-10.75,29.71],[-11.75,30.05],[-13.13,31.25],[-13.52,33.5],[-12.75,35.96],[-12.0,36.54],[-10.25,36.92],[-9.0,36.67],[-8.0,36.03],[-5.75,36.07],[-5.56,35.25],[-4.46,34.5],[-4.44,33.75],[-5.07,33.75],[-5.75,32.68],[-6.6,32.0],[-7.75,31.47],[-9.5,31.26],[-9.72,30.75],[-9.25,30.25],[-10.25,29.62],[-10.75,29.71]]}},{"type":"Feature","properties":{"level":1016},"geometry":{"type":"LineString","coordinates":[[-104.31,30.0],[-103.0,30.14],[-102.71,30.25],[-102.71,30.5],[-104.25,30.91],[-104.47,30.25],[-104.31,30.0]]}},{"type":"Feature","properties":{"level":1016},"geometry":{"type":"LineString","coordinates":[[101.0,29.76],[100.68,30.25],[101.0,30.8],[101.2,30.0],[101.0,29.76]]}},{"type":"Feature","properties":{"level":1016},"geometry":{"type":"LineString","coordinates":[[104.95,30.0],[105.12,30.25],[104.95,30.0]]}},{"type":"Feature","properties":{"level":1016},"geometry":{"type":"LineString","coordinates":[[80.5,30.71],[79.07,31.5],[79.25,32.13],[80.25,31.06],[81.03,31.0],[80.96,30.75],[80.5,30.71]]}},{"type":"Feature","properties":{"level":1016},"geometry":{"type":"LineString","coordinates":[[-104.85,32.0],[-104.75,31.79],[-104.6,32.0],[-105.0,32.96],[-105.12,34.0],[-104.82,34.5],[-105.07,35.0],[-103.39,36.5],[-105.03,37.75],[-105.31,38.5],[-104.82,39.0],[-105.36,39.75],[-105.5,41.65],[-106.0,41.48],[-106.75,41.65],[-107.38,41.25],[-107.62,40.5],[-107.98,40.25],[-108.03,39.25],[-108.24,39.0],[-107.78,38.75],[-107.91,38.5],[-108.5,38.64],[-108.48,38.25],[-108.84,37.75],[-108.0,36.98],[-107.25,36.67],[-107.01,35.75],[-106.32,35.5],[-106.62,34.25],[-105.75,32.5],[-105.0,32.36],[-104.85,32.0]]}},{"type":"Feature","properties":{"level":1016},"geometry":{"type":"LineString","coordinates":[[-87.75,32.44],[-87.94,32.5],[-87.75,32.44]]}},{"type":"Feature","properties":{"level":1016},"geometry":{"type":"LineString","coordinates":[[-108.43,32.75],[-108.25,32.58],[-107.55,32.75],[-107.04,34.0],[-107.75,34.8],[-108.01,34.75],[-107.75,35.23],[-107.36,35.25],[-107.5,35.47],[-107.75,35.29],[-108.0,35.52],[-108.65,35.5],[-108.55,34.5],[-109.0,34.32],[-110.5,34.28],[-111.25,34.74],[-111.3,34.5],[-110.75,34.17],[-110.25,34.19],[-109.84,33.5],[-109.0,33.4],[-108.43,32.75]]}},{"type":"Feature","properties":{"level":1016},"geometry":{"type":"LineString","coordinates":[[43.75,32.54],[43.75,32.86],[44.0,32.75],[43.75,32.54]]}},{"type":"Feature","properties":{"level":1016},"geometry":{"type":"LineString","coordinates":[[-103.86,33.0],[-103.75,32.85],[-103.0,33.53],[-101.75,32.84],[-100.66,33.75],[-101.43,34.75],[-101.25,34.93],[-100.7,34.75],[-100.25,35.49],[-99.5,35.13],[-99.0,35.49],[-98.5,35.31],[-98.06,35.5],[-98.5,35.99],[-99.25,36.09],[-99.75,35.61],[-101.0,35.59],[-104.12,35.0],[-104.33,34.75],[-103.9,34.25],[-103.86,33.0]]}},{"type":"Feature","properties":{"level":1016},"geometry":{"type":"LineString","coordinates":[[107.0,32.98],[107.25,33.29],[108.04,33.25],[107.98,33.0],[107.0,32.98]]}},{"type":"Feature","properties":{"level":1016},"geometry":{"type":"LineString","coordinates":[[-118.51,36.0],[-118.25,35.96],[-118.12,36.25],[-118.71,37.75],[-119.79,38.75],[-120.12,39.5],[-120.5,39.52],[-120.12,38.5],[-118.51,36.0]]}},{"type":"Feature","properties":{"level":1016},"geometry":{"type":"LineString","coordinates":[[-96.25,35.9],[-96.37,36.0],[-96.0,36.47],[-95.47,36.25],[-96.0,35.77],[-96.25,35.9]]}},{"type":"Feature","properties":{"level":1016},"geometry":{"type":"LineString","coordinates":[[-112.97,37.5],[-112.75,37.4],[-111.35,38.0],[-111.43,39.0],[-110.69,40.0],[-110.74,40.25],[-109.35,40.75],[-110.5,41.3],[-111.5,41.12],[-111.4,39.5],[-111.57,39.0],[-112.25,38.25],[-112.5,38.47],[-112.97,37.5]]}},{"type":"Feature","properties":{"level":1016},"geometry":{"type":"LineString","coordinates":[[-62.16,37.75],[-61.88,37.75],[-62.52,38.0],[-62.16,37.75]]}},{"type":"Feature","properties":{"level":1016},"geometry":{"type":"LineString","coordinates":[[166.25,37.84],[166.12,38.0],[166.74,38.0],[166.25,37.84]]}},{"type":"Feature","properties":{"level":1016},"geometry":{"type":"LineString","coordinates":[[-64.0,38.24],[-63.83,38.25],[-64.0,38.24]]}},{"type":"Feature","properties":{"level":1016},"geometry":{"type":"LineString","coordinates":[[110.5,40.11],[110.16,40.5],[111.5,40.5],[110.5,40.11]]}},{"type":"Feature","properties":{"level":1016},"geometry":{"type":"LineString","coordinates":[[180.0,40.37],[177.75,39.41],[175.17,39.0],[175.5,39.54],[175.75,39.46],[176.25,39.85],[176.75,39.74],[177.0,40.16],[177.75,40.5],[178.5,40.45],[179.23,40.75],[180.0,42.32]]}},{"type":"Feature","properties":{"level":1016},"geometry":{"type":"LineString","coordinates":[[111.5,41.46],[111.27,41.5],[112.0,41.88],[112.25,42.27],[113.0,41.94],[114.0,42.51],[114.83,42.5],[113.75,42.17],[113.3,41.75],[113.31,41.5],[112.25,41.83],[111.5,41.46]]}},{"type":"Feature","properties":{"level":1016},"geometry":{"type":"LineString","coordinates":[[-110.88,42.25],[-110.5,42.18],[-110.25,42.81],[-109.75,42.85],[-109.0,42.48],[-108.89,42.75],[-109.39,43.5],[-109.16,44.0],[-109.48,44.5],[-109.47,45.0],[-110.25,45.42],[-111.14,45.25],[-111.41,44.75],[-111.0,44.6],[-110.87,44.25],[-111.31,43.0],[-110.88,42.25]]}},{"type":"Feature","properties":{"level":1016},"geometry":{"type":"LineString","coordinates":[[-180.0,42.32],[-179.55,42.5],[-179.32,43.5],[-179.5,44.5],[-180.0,44.84]]}},{"type":"Feature","properties":{"level":1016},"geometry":{"type":"LineString","coordinates":[[103.0,44.44],[101.86,45.0],[103.0,44.99],[103.45,44.5],[103.0,44.44]]}},{"type":"Feature","properties":{"level":1016},"geometry":{"type":"LineString","coordinates":[[25.75,44.72],[25.51,45.0],[26.25,45.23],[26.6,45.0],[26.25,44.67],[25.75,44.72]]}},{"type":"Feature","properties":{"level":1016},"geometry":{"type":"LineString","coordinates":[[99.25,44.93],[98.52,45.5],[98.64,45.75],[99.0,45.82],[99.31,45.5],[100.42,45.25],[99.25,44.93]]}},{"type":"Feature","properties":{"level":1016},"geometry":{"type":"LineString","coordinates":[[180.0,44.84],[179.5,45.06],[177.0,45.22],[170.75,44.3],[165.25,44.2],[158.25,45.31],[150.25,47.06],[146.25,48.27],[143.75,48.51],[142.75,48.95],[142.25,50.11],[141.5,49.95],[141.16,49.5],[140.5,49.21],[140.0,48.27],[139.38,48.75],[139.68,49.0],[139.03,49.25],[139.64,49.5],[139.73,50.0],[139.61,50.5],[139.29,50.75],[139.46,51.25],[139.25,51.31],[137.5,51.4],[136.55,51.0],[136.25,50.33],[135.0,49.83],[134.5,49.96],[135.0,50.76],[135.68,51.0],[135.11,52.0],[135.28,53.0],[134.96,53.75],[135.11,54.5],[133.5,55.25],[133.68,55.5],[135.5,55.65],[136.47,56.25],[136.65,56.5],[136.55,57.25],[135.62,58.0],[135.5,58.89],[136.95,59.75],[137.73,60.75],[137.46,61.0],[137.75,61.55],[138.93,62.25],[138.61,62.5],[139.0,63.0],[138.78,63.5],[140.0,64.07],[141.25,64.29],[141.71,64.75],[140.5,65.67],[140.1,66.25],[140.4,66.5],[138.96,67.75],[139.25,68.23],[139.75,68.19],[140.09,68.5],[139.5,69.16],[138.0,69.58],[137.12,69.5],[136.0,68.97],[134.75,68.84],[132.23,67.75],[134.27,66.5],[133.0,66.14],[132.64,65.5],[131.5,65.17],[131.32,64.75],[131.75,64.46],[133.75,64.08],[134.14,64.25],[134.34,64.0],[132.0,63.82],[130.75,64.1],[129.0,64.01],[127.9,64.75],[128.75,65.19],[129.88,65.25],[129.84,65.5],[128.75,65.75],[129.04,66.0],[128.29,66.5],[128.7,67.0],[128.26,67.5],[128.78,67.75],[128.6,68.5],[128.93,68.75],[128.43,69.25],[129.02,69.75],[128.16,70.5],[114.75,71.46],[102.5,72.77],[100.37,72.25],[102.38,72.25],[102.5,71.75],[103.04,71.75],[102.43,71.25],[98.02,70.0],[99.25,69.21],[100.0,69.09],[100.56,69.25],[100.75,69.59],[102.25,69.79],[103.5,69.36],[108.48,68.5],[109.51,68.0],[108.07,67.5],[108.07,67.25],[108.53,67.0],[105.5,66.4],[104.5,66.05],[104.49,65.75],[103.0,65.53],[102.4,65.0],[102.26,64.25],[102.56,64.0],[102.35,63.25],[102.03,63.0],[103.07,61.75],[103.12,61.25],[102.82,61.0],[102.87,60.75],[103.16,60.5],[103.74,58.75],[103.36,57.75],[103.84,54.75],[104.18,54.0],[103.89,53.5],[104.32,52.5],[104.14,52.0],[103.67,51.75],[104.25,51.37],[105.78,51.5],[105.5,51.09],[104.59,50.75],[105.03,50.25],[104.5,49.83],[103.5,49.66],[102.75,50.03],[102.36,49.5],[104.49,49.25],[103.42,48.75],[103.83,48.5],[103.5,48.13],[103.0,48.17],[102.75,48.76],[102.65,48.0],[103.75,47.21],[104.5,47.38],[104.85,47.0],[103.5,46.88],[102.75,46.1],[100.98,47.0],[97.73,48.0],[96.0,48.81],[95.5,48.35],[94.27,48.0],[94.5,47.43],[95.5,47.42],[95.75,47.08],[95.25,47.16],[94.75,46.58],[94.0,46.42],[93.13,47.5],[92.5,47.9],[92.0,47.64],[91.25,47.74],[90.83,48.25],[90.87,48.75],[89.0,48.76],[88.92,49.0],[88.29,49.25],[88.26,49.75],[87.57,50.0],[86.63,51.0],[86.75,51.32],[87.75,51.34],[89.25,51.88],[90.34,52.0],[89.5,52.66],[89.0,52.84],[86.5,52.48],[85.75,53.17],[84.75,52.98],[83.95,53.25],[82.75,53.15],[81.75,53.68],[80.5,53.86],[77.21,55.0],[74.25,56.43],[69.0,59.93],[66.0,61.39],[60.25,62.87],[58.75,63.59],[55.0,63.79],[52.0,63.28],[51.44,63.0],[49.61,60.0],[48.13,58.75],[43.75,53.32],[41.25,51.03],[35.24,47.75],[31.25,44.68],[30.25,44.36],[29.72,44.5],[28.5,44.04],[28.42,45.5],[27.75,45.59],[27.5,45.21],[26.91,45.75],[27.6,45.75],[28.45,46.5],[28.5,47.0],[28.79,47.25],[28.71,48.0],[28.25,48.83],[26.5,49.75],[19.5,52.12],[16.0,53.75],[11.5,55.15],[10.75,55.15],[6.75,53.38],[4.25,53.1],[-2.75,53.86],[-6.25,53.38],[-6.75,53.58],[-9.5,53.56],[-10.0,54.1],[-12.75,54.7],[-17.25,55.11],[-21.0,55.77],[-25.25,55.96],[-28.0,56.34],[-35.0,56.61],[-42.5,56.46],[-45.52,56.0],[-46.5,55.04],[-47.5,53.18],[-48.25,52.45],[-49.25,51.98],[-53.0,49.21],[-56.29,47.75],[-57.63,46.5],[-60.0,45.14],[-65.25,42.44],[-68.25,41.47],[-72.25,40.55],[-73.37,41.0],[-72.76,43.0],[-73.05,43.5],[-73.0,43.92],[-73.25,43.72],[-73.5,43.9],[-73.75,44.54],[-74.25,44.75],[-76.25,44.75],[-78.0,45.68],[-80.75,48.6],[-85.6,51.5],[-88.28,53.75],[-92.91,56.75],[-94.08,58.0],[-94.61,59.0],[-94.57,59.5],[-93.75,60.29],[-86.65,65.25],[-85.66,66.5],[-83.73,67.25],[-83.0,68.0],[-83.58,68.75],[-85.25,68.68],[-85.64,69.25],[-85.65,69.5],[-84.7,70.0],[-83.48,70.25],[-83.48,70.75],[-85.49,71.75],[-86.47,72.75],[-86.25,73.31],[-89.5,73.04],[-90.75,73.27],[-91.73,73.75],[-94.0,73.67],[-100.25,74.62],[-102.5,75.25],[-109.13,77.75],[-111.25,78.95],[-111.76,79.75],[-111.56,80.5],[-110.92,81.0],[-108.0,82.2],[-99.5,84.01],[-85.62,86.25],[-82.59,87.25],[-82.52,87.75],[-83.0,88.0],[-85.03,88.5],[-88.0,88.81],[-103.75,89.35],[-180.0,89.59]]}},{"type":"Feature","properties":{"level":1016},"geometry":{"type":"LineString","coordinates":[[-115.29,52.0],[-114.67,52.0],[-114.47,52.25],[-115.25,52.49],[-115.71,52.25],[-115.29,52.0]]}},{"type":"Feature","properties":{"level":1016},"geometry":{"type":"LineString","coordinates":[[-45.64,62.25],[-45.0,62.45],[-44.78,63.25],[-43.62,64.0],[-43.71,64.5],[-43.45,65.0],[-43.75,65.4],[-45.75,65.16],[-46.27,64.5],[-46.33,64.0],[-45.77,63.25],[-46.32,62.5],[-45.64,62.25]]}},{"type":"Feature","properties":{"level":1016},"geometry":{"type":"LineString","coordinates":[[-69.08,63.25],[-68.5,63.09],[-68.39,63.25],[-69.5,63.93],[-69.52,63.5],[-69.08,63.25]]}},{"type":"Feature","properties":{"level":1016},"geometry":{"type":"LineString","coordinates":[[-66.63,63.25],[-65.25,63.22],[-65.14,63.75],[-65.75,64.6],[-68.25,65.32],[-69.17,65.0],[-69.37,64.5],[-69.25,64.15],[-66.63,63.25]]}},{"type":"Feature","properties":{"level":1016},"geometry":{"type":"LineString","coordinates":[[144.39,65.25],[145.25,65.17],[146.83,65.75],[146.0,66.39],[144.76,66.5],[143.0,67.29],[141.88,67.25],[142.1,67.0],[141.9,66.5],[142.65,66.0],[142.67,65.75],[143.0,65.96],[143.32,65.75],[143.25,65.5],[144.39,65.25]]}},{"type":"Feature","properties":{"level":1016},"geometry":{"type":"LineString","coordinates":[[-45.58,66.0],[-44.5,65.79],[-43.5,66.5],[-42.75,66.31],[-40.75,66.73],[-39.75,67.23],[-36.25,67.82],[-35.39,68.5],[-35.41,68.75],[-34.93,69.0],[-35.08,69.25],[-34.75,69.48],[-30.71,70.5],[-29.9,71.25],[-29.99,71.75],[-30.44,72.0],[-29.75,72.3],[-28.25,72.52],[-27.0,71.93],[-25.95,72.0],[-25.55,72.25],[-26.49,72.5],[-26.6,73.0],[-25.25,73.25],[-26.0,73.55],[-23.98,74.5],[-23.95,74.75],[-22.75,74.91],[-22.25,75.5],[-21.05,75.75],[-21.25,76.02],[-23.8,76.5],[-23.93,77.25],[-24.85,77.5],[-23.26,78.5],[-24.35,79.0],[-26.92,79.5],[-27.46,79.75],[-27.75,80.25],[-30.0,81.03],[-35.6,81.5],[-35.5,81.73],[-34.54,81.75],[-34.71,82.0],[-34.5,82.07],[-33.0,82.27],[-37.28,82.25],[-35.16,82.0],[-35.5,81.76],[-40.5,81.96],[-45.5,81.22],[-49.92,81.0],[-50.17,80.5],[-48.55,79.75],[-48.86,79.25],[-52.88,78.0],[-55.3,77.5],[-55.53,77.25],[-54.86,76.5],[-55.0,75.75],[-53.8,74.75],[-53.91,73.75],[-53.0,72.58],[-53.0,72.15],[-52.16,72.0],[-52.0,71.49],[-51.25,71.55],[-50.5,71.27],[-49.25,70.0],[-49.02,69.0],[-49.76,68.5],[-49.19,67.0],[-48.75,66.63],[-48.25,66.76],[-46.5,66.53],[-45.58,66.0]]}},{"type":"Feature","properties":{"level":1016},"geometry":{"type":"LineString","coordinates":[[-65.56,66.75],[-65.5,67.01],[-66.75,67.49],[-67.25,67.46],[-67.05,67.75],[-67.25,67.81],[-68.96,67.75],[-67.75,66.95],[-65.56,66.75]]}},{"type":"Feature","properties":{"level":1016},"geometry":{"type":"LineString","coordinates":[[-46.75,67.41],[-46.88,67.5],[-46.22,68.75],[-44.25,69.47],[-43.68,69.25],[-43.76,68.25],[-45.0,67.36],[-46.75,67.41]]}},{"type":"Feature","properties":{"level":1016},"geometry":{"type":"LineString","coordinates":[[16.89,68.0],[18.68,68.0],[18.0,68.28],[16.89,68.0]]}},{"type":"Feature","properties":{"level":1016},"geometry":{"type":"LineString","coordinates":[[96.64,69.0],[97.69,69.0],[96.39,69.25],[96.64,69.0]]}},{"type":"Feature","properties":{"level":1016},"geometry":{"type":"LineString","coordinates":[[-71.6,69.75],[-71.07,69.75],[-71.24,70.25],[-72.69,70.25],[-71.6,69.75]]}},{"type":"Feature","properties":{"level":1016},"geometry":{"type":"LineString","coordinates":[[-83.78,72.25],[-83.0,72.07],[-81.25,72.75],[-82.25,73.39],[-83.75,73.19],[-84.25,72.81],[-85.61,72.75],[-83.78,72.25]]}},{"type":"Feature","properties":{"level":1016},"geometry":{"type":"LineString","coordinates":[[-180.0,80.68],[-172.0,80.6],[-156.0,79.62],[-149.5,78.95],[-145.0,78.13],[-141.25,76.87],[-137.64,74.75],[-136.96,73.5],[-137.17,72.25],[-136.27,70.0],[-136.41,69.5],[-137.5,68.96],[-138.75,68.99],[-140.0,69.4],[-144.0,69.18],[-146.0,69.51],[-147.25,69.33],[-149.34,68.5],[-154.5,68.32],[-156.28,67.75],[-156.56,67.5],[-156.25,67.18],[-154.89,66.5],[-154.5,66.02],[-154.12,66.0],[-154.39,65.0],[-153.7,64.75],[-153.85,64.0],[-154.41,63.5],[-154.25,63.27],[-152.94,63.0],[-153.5,62.48],[-154.32,62.25],[-154.44,61.75],[-154.21,61.0],[-154.82,60.0],[-154.51,59.5],[-156.0,58.3],[-156.07,57.75],[-156.48,57.25],[-157.15,57.0],[-157.94,55.5],[-159.25,54.06],[-160.5,53.13],[-166.25,50.28],[-168.25,49.05],[-171.0,47.03],[-174.5,43.58],[-176.43,42.0],[-177.71,41.25],[-180.0,40.37]]}},{"type":"Feature","properties":{"level":1016},"geometry":{"type":"LineString","coordinates":[[-74.04,81.25],[-69.0,81.18],[-67.87,81.5],[-68.0,81.75],[-66.62,82.0],[-68.5,82.04],[-69.75,81.69],[-73.75,81.5],[-74.04,81.25]]}},{"type":"Feature","properties":{"level":1016},"geometry":{"type":"LineString","coordinates":[[-41.5,82.25],[-40.5,82.04],[-38.9,82.25],[-40.25,82.54],[-41.5,82.25]]}},{"type":"Feature","properties":{"level":1016},"geometry":{"type":"LineString","coordinates":[[180.0,89.59],[146.25,89.32],[129.5,88.71],[123.45,88.0],[119.5,87.03],[117.75,86.26],[116.62,85.25],[116.25,84.5],[116.55,84.0],[118.0,82.96],[121.75,81.56],[124.0,81.06],[130.0,80.39],[135.25,80.24],[144.0,80.91],[151.75,81.2],[167.25,80.38],[180.0,80.68]]}},{"type":"Feature","properties":{"level":1020},"geometry":{"type":"LineString","coordinates":[[125.0,-88.5],[141.25,-88.67],[145.94,-88.5],[127.5,-87.09],[126.78,-87.0],[126.82,-86.75],[125.45,-86.25],[111.75,-85.7],[101.75,-86.48],[72.75,-87.48],[70.95,-87.75],[86.25,-88.24],[114.75,-88.26],[125.0,-88.5]]}},{"type":"Feature","properties":{"level":1020},"geometry":{"type":"LineString","coordinates":[[117.12,-79.25],[123.5,-79.23],[125.75,-79.0],[127.4,-77.75],[127.29,-77.5],[126.5,-77.28],[123.75,-77.5],[117.65,-78.5],[117.21,-78.75],[117.12,-79.25]]}},{"type":"Feature","properties":{"level":1020},"geometry":{"type":"LineString","coordinates":[[42.11,-79.0],[45.0,-78.68],[45.74,-78.25],[45.99,-77.75],[45.25,-77.24],[43.25,-77.09],[41.87,-77.25],[40.98,-77.75],[42.11,-79.0]]}},{"type":"Feature","properties":{"level":1020},"geometry":{"type":"LineString","coordinates":[[116.16,-76.5],[117.75,-76.69],[120.25,-76.54],[121.97,-76.25],[122.12,-76.0],[121.91,-75.75],[121.25,-75.72],[117.25,-76.17],[116.16,-76.5]]}},{"type":"Feature","properties":{"level":1020},"geometry":{"type":"LineString","coordinates":[[-64.56,-56.0],[-59.75,-56.13],[-57.0,-55.82],[-53.0,-54.73],[-49.5,-53.16],[-43.87,-50.25],[-38.66,-46.75],[-36.5,-45.01],[-34.34,-43.75],[-32.72,-41.25],[-30.5,-39.61],[-29.75,-38.65],[-29.0,-38.35],[-28.84,-37.75],[-28.29,-37.25],[-27.5,-37.05],[-27.0,-37.18],[-26.5,-36.71],[-25.5,-36.53],[-24.75,-36.04],[-24.0,-36.01],[-23.27,-35.5],[-22.0,-35.1],[-20.5,-35.03],[-19.21,-34.5],[-18.5,-34.58],[-18.25,-34.26],[-17.75,-34.18],[-16.75,-34.17],[-15.25,-34.54],[-12.75,-34.42],[-11.25,-35.29],[-9.25,-35.72],[-8.0,-36.57],[-4.75,-37.79],[-0.25,-38.44],[2.25,-37.94],[4.5,-38.04],[7.75,-37.51],[8.5,-37.73],[9.25,-37.61],[9.55,-37.25],[9.54,-36.75],[8.55,-35.75],[8.32,-35.0],[8.59,-34.25],[8.08,-33.5],[9.1,-32.75],[8.85,-32.5],[13.25,-33.47],[15.75,-33.52],[21.5,-35.51],[26.25,-35.25],[28.27,-32.75],[25.99,-32.75],[25.25,-32.97],[24.5,-32.63],[24.0,-32.69],[23.5,-33.55],[21.0,-33.41],[20.7,-33.5],[20.75,-34.02],[20.0,-33.83],[19.0,-34.21],[18.86,-33.0],[18.42,-32.75],[18.34,-32.25],[19.15,-31.25],[19.25,-30.6],[18.0,-30.82],[17.25,-30.63],[14.49,-28.75],[13.02,-28.25],[11.55,-27.0],[10.25,-25.47],[8.5,-24.29],[5.25,-23.04],[2.25,-21.11],[1.75,-21.13],[0.5,-20.44],[-1.0,-20.1],[-2.75,-20.54],[-5.75,-20.07],[-7.75,-19.47],[-8.5,-19.53],[-9.25,-19.97],[-11.75,-20.14],[-14.25,-21.0],[-14.75,-21.48],[-21.25,-21.55],[-24.16,-22.0],[-25.68,-22.5],[-25.89,-22.75],[-25.6,-23.0],[-25.75,-23.25],[-26.5,-23.28],[-26.76,-23.5],[-26.69,-23.75],[-27.75,-24.25],[-27.83,-24.75],[-28.31,-25.25],[-28.53,-25.75],[-28.35,-26.25],[-28.91,-27.25],[-28.72,-27.5],[-29.44,-28.0],[-29.02,-30.5],[-29.75,-31.35],[-30.57,-33.25],[-31.5,-33.98],[-32.25,-34.29],[-33.25,-33.96],[-34.5,-35.01],[-36.25,-35.36],[-36.75,-35.17],[-37.25,-35.88],[-37.75,-35.68],[-38.5,-36.22],[-40.0,-36.03],[-40.25,-36.53],[-42.25,-36.75],[-43.25,-37.3],[-46.0,-37.68],[-47.5,-38.27],[-52.0,-38.63],[-55.5,-38.08],[-58.25,-36.61],[-59.5,-35.5],[-61.5,-33.12],[-62.75,-32.25],[-64.13,-30.75],[-64.5,-31.01],[-65.0,-32.72],[-65.25,-32.83],[-65.75,-32.54],[-66.25,-33.39],[-66.5,-33.48],[-67.5,-32.98],[-68.25,-33.1],[-68.75,-32.77],[-69.25,-33.06],[-69.89,-32.0],[-69.88,-30.75],[-69.6,-30.5],[-69.26,-28.75],[-68.19,-27.75],[-68.01,-26.75],[-68.25,-26.05],[-68.5,-25.95],[-68.88,-26.25],[-69.01,-27.0],[-69.36,-27.25],[-69.37,-27.75],[-70.42,-29.5],[-70.29,-30.0],[-70.68,-31.5],[-70.18,-32.75],[-70.15,-33.75],[-70.36,-34.0],[-70.24,-34.75],[-70.79,-35.5],[-70.25,-35.69],[-70.08,-35.0],[-69.5,-34.41],[-69.28,-34.5],[-69.34,-35.0],[-69.75,-35.5],[-69.25,-35.82],[-69.0,-35.62],[-68.56,-35.75],[-68.79,-36.5],[-69.3,-37.0],[-69.75,-37.0],[-70.0,-37.47],[-70.75,-37.31],[-71.65,-38.25],[-71.5,-39.0],[-72.35,-41.25],[-72.54,-44.75],[-72.86,-45.0],[-72.46,-45.5],[-73.05,-46.25],[-72.25,-45.75],[-71.12,-46.25],[-71.99,-47.0],[-71.0,-47.2],[-70.36,-47.75],[-70.32,-48.25],[-69.61,-48.75],[-69.3,-49.5],[-69.5,-50.25],[-69.0,-50.55],[-68.69,-52.25],[-68.4,-52.5],[-68.97,-52.75],[-68.53,-53.0],[-68.87,-53.5],[-68.5,-53.75],[-69.25,-54.5],[-69.9,-54.5],[-69.5,-54.84],[-68.25,-55.02],[-68.01,-55.0],[-68.25,-54.68],[-68.0,-54.97],[-65.45,-55.0],[-65.51,-55.75],[-64.56,-56.0]]}},{"type":"Feature","properties":{"level":1020},"geometry":{"type":"LineString","coordinates":[[-180.0,-54.75],[-176.0,-54.31],[-171.25,-53.4],[-165.95,-51.75],[-162.25,-50.17],[-154.24,-46.25],[-150.05,-43.5],[-149.62,-43.0],[-149.6,-42.5],[-148.75,-41.84],[-140.0,-37.89],[-137.0,-35.28],[-135.5,-34.32],[-129.25,-34.02],[-126.0,-34.76],[-121.5,-33.69],[-119.44,-32.25],[-117.36,-30.0],[-116.43,-29.75],[-116.52,-29.5],[-116.02,-29.25],[-116.0,-28.96],[-115.0,-28.78],[-115.02,-28.25],[-115.34,-28.0],[-114.96,-27.75],[-115.25,-27.6],[-115.43,-27.0],[-115.28,-26.5],[-116.03,-25.5],[-121.75,-22.53],[-126.75,-21.76],[-131.5,-21.66],[-143.5,-20.16],[-146.0,-20.59],[-147.25,-20.31],[-148.25,-20.73],[-149.0,-20.2],[-152.25,-20.71],[-154.25,-20.55],[-154.75,-20.73],[-155.25,-20.38],[-156.25,-20.59],[-157.25,-20.32],[-159.75,-20.52],[-161.25,-20.37],[-163.25,-20.89],[-165.25,-21.1],[-165.5,-21.52],[-166.25,-21.46],[-168.5,-21.99],[-170.25,-21.54],[-172.5,-22.15],[-175.0,-22.32],[-177.0,-23.18],[-178.25,-23.28],[-179.5,-23.79],[-180.0,-24.29]]}},{"type":"Feature","properties":{"level":1020},"geometry":{"type":"LineString","coordinates":[[74.94,-53.75],[79.5,-53.5],[82.5,-52.94],[84.29,-52.25],[88.25,-49.65],[94.36,-44.0],[96.7,-39.75],[99.7,-37.0],[102.16,-32.75],[102.75,-31.32],[103.58,-30.25],[103.75,-28.5],[103.47,-27.75],[103.78,-25.75],[102.5,-23.89],[100.91,-22.75],[97.0,-21.43],[93.75,-20.77],[89.75,-19.44],[87.0,-18.98],[84.71,-18.25],[83.5,-17.6],[81.0,-17.21],[80.0,-17.41],[78.5,-16.75],[75.5,-16.49],[72.75,-16.85],[69.75,-17.7],[63.75,-16.94],[62.5,-17.39],[61.25,-17.4],[60.5,-18.1],[59.25,-17.7],[58.75,-18.04],[57.5,-17.67],[55.25,-17.87],[54.25,-17.22],[53.75,-17.6],[53.0,-17.58],[52.42,-18.0],[51.25,-19.49],[50.5,-19.01],[50.32,-19.25],[49.95,-19.75],[49.74,-21.75],[48.77,-24.5],[48.53,-26.5],[46.89,-28.5],[45.25,-29.14],[43.23,-28.0],[41.81,-25.75],[40.76,-24.75],[40.0,-23.48],[37.75,-22.52],[37.43,-22.0],[36.64,-21.5],[35.25,-21.16],[35.25,-22.48],[34.75,-21.75],[34.5,-21.75],[33.93,-22.75],[34.12,-23.75],[34.96,-24.75],[34.73,-25.0],[34.84,-27.0],[33.79,-30.0],[32.5,-32.25],[32.5,-33.35],[32.05,-34.25],[32.86,-35.5],[34.02,-36.5],[37.5,-38.51],[39.5,-39.03],[40.75,-39.8],[42.25,-40.11],[43.5,-40.82],[44.5,-40.95],[44.8,-40.5],[44.2,-39.5],[44.5,-39.51],[47.0,-41.34],[52.0,-44.33],[55.75,-46.26],[64.0,-49.66],[67.5,-52.2],[70.75,-53.25],[74.94,-53.75]]}},{"type":"Feature","properties":{"level":1020},"geometry":{"type":"LineString","coordinates":[[-73.45,-50.25],[-73.25,-50.45],[-73.12,-49.75],[-73.18,-49.0],[-73.5,-48.79],[-73.45,-50.25]]}},{"type":"Feature","properties":{"level":1020},"geometry":{"type":"LineString","coordinates":[[-29.85,-39.25],[-29.69,-39.25],[-29.85,-39.25]]}},{"type":"Feature","properties":{"level":1020},"geometry":{"type":"LineString","coordinates":[[-83.03,-33.5],[-82.64,-33.5],[-82.75,-33.16],[-83.08,-33.25],[-83.03,-33.5]]}},{"type":"Feature","properties":{"level":1020},"geometry":{"type":"LineString","coordinates":[[-83.39,-32.5],[-83.13,-32.5],[-82.7,-31.75],[-82.75,-31.22],[-83.17,-31.5],[-83.39,-32.5]]}},{"type":"Feature","properties":{"level":1020},"geometry":{"type":"LineString","coordinates":[[-85.08,-31.5],[-84.8,-31.5],[-85.0,-31.23],[-85.08,-31.5]]}},{"type":"Feature","properties":{"level":1020},"geometry":{"type":"LineString","coordinates":[[-84.51,-31.0],[-84.5,-30.56],[-84.51,-31.0]]}},{"type":"Feature","properties":{"level":1020},"geometry":{"type":"LineString","coordinates":[[-84.69,-30.25],[-84.5,-30.4],[-84.5,-30.19],[-84.69,-30.25]]}},{"type":"Feature","properties":{"level":1020},"geometry":{"type":"LineString","coordinates":[[27.74,-30.0],[29.0,-29.99],[29.64,-29.25],[29.07,-28.5],[30.32,-27.0],[30.75,-24.59],[30.25,-24.43],[29.75,-24.67],[29.5,-25.36],[28.75,-25.41],[28.25,-25.73],[26.75,-25.5],[26.15,-25.75],[28.0,-26.44],[28.27,-27.0],[27.74,-30.0]]}},{"type":"Feature","properties":{"level":1020},"geometry":{"type":"LineString","coordinates":[[-7.0,-29.75],[-7.67,-29.25],[-7.61,-28.75],[-6.38,-29.75],[-7.0,-29.75]]}},{"type":"Feature","properties":{"level":1020},"geometry":{"type":"LineString","coordinates":[[-85.8,-29.5],[-85.24,-29.5],[-85.75,-28.67],[-85.98,-29.0],[-85.8,-29.5]]}},{"type":"Feature","properties":{"level":1020},"geometry":{"type":"LineString","coordinates":[[-8.25,-29.1],[-9.68,-28.25],[-9.25,-28.18],[-7.96,-28.75],[-7.82,-29.0],[-8.25,-29.1]]}},{"type":"Feature","properties":{"level":1020},"geometry":{"type":"LineString","coordinates":[[-6.5,-29.07],[-6.69,-29.0],[-6.5,-29.07]]}},{"type":"Feature","properties":{"level":1020},"geometry":{"type":"LineString","coordinates":[[-86.53,-28.75],[-86.25,-28.98],[-85.92,-28.5],[-86.5,-28.52],[-86.53,-28.75]]}},{"type":"Feature","properties":{"level":1020},"geometry":{"type":"LineString","coordinates":[[-68.27,-25.5],[-67.61,-25.5],[-68.39,-24.75],[-68.25,-24.44],[-68.5,-24.41],[-68.52,-25.25],[-68.27,-25.5]]}},{"type":"Feature","properties":{"level":1020},"geometry":{"type":"LineString","coordinates":[[27.74,-24.75],[28.25,-24.9],[28.75,-24.46],[30.0,-24.19],[29.99,-23.25],[30.55,-22.75],[29.0,-22.36],[28.66,-22.0],[28.95,-21.75],[28.75,-21.65],[27.48,-22.0],[27.23,-22.5],[28.02,-23.25],[27.56,-24.25],[27.74,-24.75]]}},{"type":"Feature","properties":{"level":1020},"geometry":{"type":"LineString","coordinates":[[180.0,-24.29],[178.5,-24.92],[177.8,-26.75],[177.24,-27.25],[177.42,-28.0],[177.25,-29.2],[175.19,-34.5],[174.45,-35.5],[173.39,-37.75],[172.42,-38.5],[169.5,-40.0],[166.5,-40.81],[159.75,-41.62],[158.93,-42.25],[158.58,-43.5],[158.85,-45.5],[159.65,-47.25],[162.05,-50.5],[163.02,-51.25],[167.0,-53.24],[169.5,-54.07],[174.25,-54.75],[180.0,-54.75]]}},{"type":"Feature","properties":{"level":1020},"geometry":{"type":"LineString","coordinates":[[-67.91,-24.0],[-67.5,-24.08],[-67.11,-23.75],[-67.52,-22.75],[-67.45,-22.25],[-68.0,-21.5],[-68.2,-21.75],[-67.82,-23.25],[-67.91,-24.0]]}},{"type":"Feature","properties":{"level":1020},"geometry":{"type":"LineString","coordinates":[[34.49,-21.5],[34.5,-21.75],[34.49,-21.5]]}},{"type":"Feature","properties":{"level":1020},"geometry":{"type":"LineString","coordinates":[[-68.76,-21.25],[-68.5,-21.43],[-68.26,-20.75],[-68.88,-19.5],[-69.17,-18.5],[-69.08,-18.0],[-69.5,-17.96],[-68.76,-21.25]]}},{"type":"Feature","properties":{"level":1020},"geometry":{"type":"LineString","coordinates":[[29.17,-21.0],[29.75,-21.16],[31.5,-20.52],[32.25,-19.45],[32.5,-19.42],[32.5,-20.3],[32.75,-20.53],[33.0,-20.42],[33.5,-19.75],[34.04,-19.5],[34.53,-18.25],[33.5,-17.19],[33.0,-17.53],[32.55,-17.5],[32.5,-17.31],[32.5,-17.9],[31.75,-17.6],[30.84,-18.75],[30.71,-19.25],[29.25,-19.72],[29.25,-20.15],[28.53,-20.25],[29.17,-21.0]]}},{"type":"Feature","properties":{"level":1020},"geometry":{"type":"LineString","coordinates":[[46.42,-20.75],[47.25,-20.91],[47.22,-20.5],[47.84,-19.75],[47.75,-19.05],[47.0,-19.05],[46.83,-19.25],[46.84,-19.75],[46.53,-20.0],[46.8,-20.25],[46.31,-20.5],[46.42,-20.75]]}},{"type":"Feature","properties":{"level":1020},"geometry":{"type":"LineString","coordinates":[[33.86,-20.25],[34.08,-20.25],[33.86,-20.25]]}},{"type":"Feature","properties":{"level":1020},"geometry":{"type":"LineString","coordinates":[[34.65,-18.75],[34.75,-18.92],[34.87,-18.75],[34.65,-18.75]]}},{"type":"Feature","properties":{"level":1020},"geometry":{"type":"LineString","coordinates":[[50.37,-18.75],[50.5,-18.98],[50.81,-18.75],[50.5,-18.43],[50.22,-18.5],[50.37,-18.75]]}},{"type":"Feature","properties":{"level":1020},"geometry":{"type":"LineString","coordinates":[[-69.84,-17.5],[-69.75,-17.68],[-69.7,-17.25],[-70.5,-16.13],[-70.56,-17.0],[-69.84,-17.5]]}},{"type":"Feature","properties":{"level":1020},"geometry":{"type":"LineString","coordinates":[[49.42,-15.5],[49.5,-15.74],[50.04,-15.25],[49.5,-14.92],[49.42,-15.5]]}},{"type":"Feature","properties":{"level":1020},"geometry":{"type":"LineString","coordinates":[[-69.76,-14.75],[-69.25,-14.96],[-69.13,-14.75],[-71.0,-13.5],[-71.21,-13.75],[-71.0,-14.12],[-70.25,-14.1],[-70.32,-14.5],[-69.76,-14.75]]}},{"type":"Feature","properties":{"level":1020},"geometry":{"type":"LineString","coordinates":[[34.47,-9.5],[35.25,-9.59],[35.36,-9.0],[36.09,-8.25],[36.02,-7.75],[35.75,-8.25],[34.21,-9.25],[34.47,-9.5]]}},{"type":"Feature","properties":{"level":1020},"geometry":{"type":"LineString","coordinates":[[36.73,-1.0],[37.01,-0.5],[37.5,-0.36],[37.52,0.0],[37.25,0.07],[37.0,-0.49],[36.6,-0.25],[36.73,-1.0]]}},{"type":"Feature","properties":{"level":1020},"geometry":{"type":"LineString","coordinates":[[38.45,6.25],[40.01,6.75],[40.2,7.0],[39.94,7.25],[39.27,7.25],[40.0,8.29],[39.25,8.03],[38.45,6.25]]}},{"type":"Feature","properties":{"level":1020},"geometry":{"type":"LineString","coordinates":[[38.18,9.25],[39.0,9.18],[39.55,9.5],[39.5,9.65],[38.18,9.25]]}},{"type":"Feature","properties":{"level":1020},"geometry":{"type":"LineString","coordinates":[[39.57,9.75],[39.75,9.67],[39.86,10.25],[39.77,11.25],[39.6,12.0],[39.25,12.34],[38.89,11.75],[39.0,11.5],[39.29,11.5],[38.77,11.0],[39.5,10.52],[39.43,10.25],[39.7,10.0],[39.57,9.75]]}},{"type":"Feature","properties":{"level":1020},"geometry":{"type":"LineString","coordinates":[[18.44,19.75],[18.83,19.75],[18.73,20.5],[19.02,20.75],[19.0,21.28],[20.01,23.0],[19.89,23.25],[20.51,23.75],[20.39,24.0],[20.75,24.37],[21.0,24.17],[22.0,24.34],[22.09,24.0],[21.65,23.75],[22.0,23.46],[23.25,24.42],[24.25,24.7],[25.0,24.3],[25.29,23.75],[26.0,23.49],[26.5,23.55],[27.02,24.25],[27.47,25.75],[27.39,26.75],[27.82,27.0],[29.5,29.41],[30.02,29.75],[31.52,32.5],[31.54,33.75],[31.25,34.56],[29.25,35.82],[28.94,36.25],[29.25,36.33],[29.5,36.04],[30.5,36.34],[30.75,37.09],[31.25,37.05],[32.75,36.04],[33.75,36.27],[35.05,37.25],[36.0,37.55],[36.38,37.25],[36.5,36.69],[38.0,37.15],[41.5,37.24],[42.25,37.51],[43.48,37.0],[44.25,37.03],[44.62,36.5],[45.5,36.23],[46.0,35.7],[46.19,35.25],[46.04,34.5],[46.5,33.49],[46.82,33.5],[46.67,33.75],[47.0,33.87],[48.25,33.54],[48.25,33.17],[49.06,33.5],[48.98,33.25],[50.28,31.75],[50.25,31.36],[50.5,31.67],[50.75,31.61],[51.0,30.65],[51.5,30.59],[52.01,30.0],[52.0,29.66],[52.25,29.6],[52.5,30.25],[53.94,30.0],[53.5,30.66],[52.77,31.0],[51.14,32.5],[51.05,33.25],[51.75,33.26],[51.81,33.5],[51.0,34.25],[50.75,34.25],[50.76,33.75],[50.5,33.48],[50.15,33.75],[50.37,34.0],[50.25,34.13],[50.0,33.91],[49.75,34.04],[49.75,34.34],[50.16,34.5],[49.69,35.0],[50.01,35.25],[49.96,35.5],[49.44,35.75],[49.0,36.67],[48.5,37.08],[48.25,36.67],[47.81,36.75],[47.75,36.47],[47.67,36.75],[46.75,37.19],[46.48,37.0],[46.61,36.25],[46.25,36.19],[45.5,36.78],[45.25,36.7],[44.9,37.75],[45.17,38.25],[44.96,38.5],[45.05,39.0],[44.73,39.25],[44.75,39.75],[45.81,39.0],[45.49,38.75],[45.75,38.37],[45.3,38.25],[46.45,38.25],[46.49,38.0],[45.98,37.5],[46.25,37.33],[46.72,37.5],[46.65,38.5],[47.0,38.83],[47.75,38.92],[48.25,38.82],[48.45,38.5],[48.5,37.4],[48.75,37.5],[49.0,36.98],[49.25,37.09],[48.75,38.75],[48.0,39.33],[47.25,39.26],[47.23,40.0],[47.5,40.22],[48.75,40.07],[50.0,39.4],[51.0,39.75],[50.75,40.48],[50.13,40.5],[48.65,41.5],[50.26,43.0],[51.25,43.55],[51.75,43.61],[53.0,42.77],[53.25,42.28],[53.95,42.0],[55.06,40.75],[55.05,40.5],[58.83,38.0],[58.75,37.72],[56.95,38.5],[57.5,37.75],[57.7,37.0],[59.3,35.75],[58.39,35.5],[59.54,35.25],[60.0,34.42],[61.0,34.35],[61.5,34.74],[62.5,34.61],[63.1,34.25],[62.54,34.0],[63.25,33.59],[64.0,33.55],[64.25,33.14],[65.5,33.77],[66.75,33.82],[67.5,33.59],[68.37,34.0],[68.54,34.5],[68.96,34.75],[68.75,35.04],[71.0,35.45],[71.75,36.04],[72.04,36.0],[72.0,35.72],[73.25,35.75],[73.99,36.0],[73.52,36.25],[73.75,36.43],[74.0,36.03],[74.34,36.25],[74.86,35.75],[74.88,35.5],[74.5,35.42],[74.19,35.0],[74.75,34.82],[74.83,34.5],[76.27,33.25],[76.65,32.25],[77.25,32.25],[77.5,31.75],[78.0,31.6],[78.23,31.75],[77.87,32.25],[78.0,32.5],[78.31,32.5],[77.75,32.64],[77.07,33.25],[76.67,33.75],[76.92,34.0],[76.72,34.25],[77.0,34.25],[77.75,33.55],[78.0,33.71],[78.5,33.56],[79.25,34.02],[80.75,34.14],[81.75,34.01],[82.5,33.62],[83.75,34.29],[84.5,34.21],[85.0,34.43],[86.0,34.2],[87.28,35.25],[87.07,35.5],[87.77,36.0],[88.5,36.04],[89.25,36.43],[90.25,36.1],[90.5,36.41],[90.75,35.77],[91.25,35.88],[92.75,35.4],[93.0,34.69],[93.5,34.94],[94.5,34.54],[93.51,34.5],[93.5,34.25],[93.88,34.0],[93.28,33.75],[93.22,33.5],[93.5,33.3],[95.75,33.36],[96.5,33.0],[96.75,33.49],[98.1,34.0],[98.58,34.75],[99.5,34.67],[99.75,34.87],[100.14,34.75],[100.44,34.0],[101.5,33.77],[101.75,34.18],[102.75,34.09],[103.0,34.28],[104.5,33.26],[104.98,33.75],[104.95,34.25],[105.24,34.5],[104.9,34.75],[105.75,35.46],[106.25,35.36],[106.75,35.6],[107.62,36.75],[107.42,37.5],[108.0,37.75],[108.34,39.75],[107.25,40.29],[106.25,40.17],[106.0,40.58],[104.75,40.21],[104.25,40.61],[103.5,40.71],[103.0,41.18],[99.75,41.78],[99.51,42.25],[98.92,42.5],[98.5,43.5],[97.5,43.89],[96.75,43.89],[95.51,44.5],[95.31,45.0],[95.5,45.18],[96.25,45.37],[97.15,45.25],[96.5,45.7],[95.5,45.79],[94.75,45.53],[93.0,46.51],[91.75,46.82],[91.5,47.27],[91.0,47.34],[89.25,48.44],[88.75,48.37],[88.25,48.91],[86.5,49.16],[85.71,49.75],[84.75,50.06],[83.75,50.11],[83.64,50.25],[83.96,50.5],[83.58,51.0],[83.75,51.3],[82.5,51.31],[79.25,52.57],[76.75,53.2],[69.45,56.75],[66.25,58.75],[62.75,59.99],[59.5,60.41],[59.41,60.75],[58.75,61.27],[56.75,60.82],[56.02,60.5],[55.5,59.96],[52.75,59.01],[51.13,57.5],[49.72,55.5],[49.66,55.0],[48.61,53.25],[48.39,52.75],[48.62,51.75],[47.55,50.0],[45.75,48.75],[43.66,47.75],[42.74,46.5],[42.75,45.83],[40.5,45.61],[39.25,45.16],[39.04,44.75],[37.75,44.7],[36.53,43.75],[34.18,42.75],[33.03,42.0],[32.0,41.76],[31.25,41.22],[28.5,41.02],[27.75,41.25],[27.5,40.95],[26.25,40.82],[25.75,41.44],[25.0,41.43],[24.94,41.75],[24.25,41.93],[23.88,42.25],[24.31,42.75],[23.01,43.5],[22.41,44.5],[22.75,45.11],[23.78,45.5],[23.4,46.25],[24.1,46.75],[24.09,47.0],[23.38,48.0],[23.99,48.5],[23.93,48.75],[22.75,49.53],[19.5,50.84],[14.5,52.53],[11.75,52.94],[10.25,52.9],[7.0,52.07],[4.25,51.68],[-1.25,52.43],[-3.0,52.34],[-4.0,52.8],[-7.25,52.28],[-11.25,52.18],[-12.02,52.25],[-13.0,52.86],[-15.0,53.44],[-22.25,54.41],[-35.5,55.18],[-40.75,54.88],[-42.48,54.5],[-43.25,54.09],[-48.25,50.28],[-52.5,47.5],[-53.5,47.12],[-55.78,44.75],[-56.22,44.0],[-56.42,42.75],[-56.84,42.25],[-56.0,41.28],[-55.0,41.37],[-54.75,40.77],[-53.86,40.75],[-53.55,40.25],[-53.5,39.51],[-52.5,39.58],[-51.75,39.17],[-51.0,39.65],[-50.25,39.38],[-48.75,39.49],[-46.25,41.2],[-45.0,41.45],[-43.89,39.75],[-43.99,37.75],[-43.78,36.5],[-42.95,35.5],[-43.12,34.25],[-42.66,33.5],[-42.88,33.0],[-42.5,32.57],[-42.03,32.5],[-42.25,32.1],[-41.4,32.25],[-41.55,31.75],[-40.75,30.94],[-40.48,31.0],[-40.66,30.5],[-40.5,30.13],[-39.5,30.39],[-39.31,30.0],[-37.75,28.87],[-34.25,28.09],[-33.5,28.2],[-29.0,27.52],[-27.0,27.58],[-23.0,28.4],[-20.0,30.17],[-19.05,31.0],[-17.0,34.57],[-15.69,36.25],[-13.25,38.65],[-11.75,39.57],[-9.0,39.88],[-8.75,39.43],[-8.25,39.59],[-7.25,39.05],[-6.5,39.05],[-5.62,38.75],[-5.5,38.5],[-5.0,38.6],[-3.28,38.0],[-3.75,37.81],[-3.87,37.5],[-3.25,36.92],[-2.25,37.0],[-0.25,37.78],[3.0,37.53],[4.06,37.0],[2.0,35.87],[1.64,35.25],[1.19,35.0],[1.67,34.5],[0.75,33.5],[1.0,33.28],[3.0,33.47],[4.0,34.08],[5.05,35.0],[4.33,35.5],[4.5,35.6],[5.15,35.5],[6.0,34.93],[7.25,34.76],[9.0,34.12],[10.75,34.55],[13.25,33.42],[13.45,32.75],[11.25,31.98],[10.31,32.25],[10.42,33.25],[10.0,33.62],[9.87,33.5],[10.13,33.0],[9.94,32.5],[10.26,31.75],[10.07,31.5],[10.19,30.75],[10.77,29.5],[10.6,28.75],[10.75,28.46],[11.28,28.5],[11.75,27.67],[12.75,27.58],[12.9,27.0],[13.31,26.75],[13.5,26.28],[14.25,26.36],[15.75,26.03],[15.67,25.0],[18.0,25.14],[19.25,24.64],[19.71,23.5],[17.96,20.75],[18.44,19.75]]}},{"type":"Feature","properties":{"level":1020},"geometry":{"type":"LineString","coordinates":[[5.64,23.0],[6.45,23.25],[6.81,23.75],[6.25,23.83],[5.75,23.56],[5.41,23.25],[5.64,23.0]]}},{"type":"Feature","properties":{"level":1020},"geometry":{"type":"LineString","coordinates":[[11.7,23.75],[12.25,23.54],[12.65,24.0],[12.75,24.96],[11.97,25.25],[13.0,25.68],[12.95,26.0],[13.19,26.25],[12.25,26.36],[11.49,25.75],[11.63,24.75],[11.44,24.25],[11.7,23.75]]}},{"type":"Feature","properties":{"level":1020},"geometry":{"type":"LineString","coordinates":[[10.19,24.0],[10.39,24.25],[9.75,25.1],[7.96,25.25],[8.0,24.88],[8.5,25.24],[10.19,24.0]]}},{"type":"Feature","properties":{"level":1020},"geometry":{"type":"LineString","coordinates":[[14.5,26.39],[14.5,26.54],[14.5,26.39]]}},{"type":"Feature","properties":{"level":1020},"geometry":{"type":"LineString","coordinates":[[87.85,27.5],[88.25,27.4],[88.5,27.67],[89.0,27.3],[89.75,27.95],[90.25,27.66],[91.13,28.0],[90.84,28.25],[90.0,28.25],[89.0,27.81],[86.0,28.32],[85.0,29.0],[84.29,29.0],[83.75,28.68],[83.75,29.31],[83.25,29.0],[82.75,29.4],[82.44,29.25],[83.25,28.55],[85.25,28.26],[86.5,27.61],[87.25,27.74],[87.85,27.5]]}},{"type":"Feature","properties":{"level":1020},"geometry":{"type":"LineString","coordinates":[[91.94,27.75],[92.5,27.62],[93.05,28.25],[92.75,28.34],[92.5,28.01],[92.0,28.3],[91.28,28.0],[91.5,27.87],[91.75,28.16],[91.94,27.75]]}},{"type":"Feature","properties":{"level":1020},"geometry":{"type":"LineString","coordinates":[[93.23,28.5],[94.0,28.71],[94.0,28.98],[92.97,28.75],[93.23,28.5]]}},{"type":"Feature","properties":{"level":1020},"geometry":{"type":"LineString","coordinates":[[57.3,29.0],[57.66,29.0],[57.5,30.13],[57.0,29.71],[55.89,30.0],[56.25,29.37],[57.3,29.0]]}},{"type":"Feature","properties":{"level":1020},"geometry":{"type":"LineString","coordinates":[[100.19,29.25],[100.75,29.57],[100.75,29.93],[100.5,30.08],[100.25,29.72],[100.0,30.04],[99.5,30.16],[99.36,29.75],[99.93,29.75],[100.19,29.25]]}},{"type":"Feature","properties":{"level":1020},"geometry":{"type":"LineString","coordinates":[[80.94,29.75],[81.5,29.66],[81.75,29.92],[82.87,29.75],[82.0,30.48],[81.25,30.02],[79.86,30.75],[79.75,31.05],[78.88,31.0],[78.77,30.75],[79.5,30.61],[79.75,30.19],[80.5,30.12],[80.94,29.75]]}},{"type":"Feature","properties":{"level":1020},"geometry":{"type":"LineString","coordinates":[[94.34,30.5],[95.5,30.32],[95.61,30.5],[94.34,30.5]]}},{"type":"Feature","properties":{"level":1020},"geometry":{"type":"LineString","coordinates":[[136.91,31.25],[140.75,31.2],[147.0,31.96],[148.25,32.36],[152.99,34.75],[156.0,36.87],[160.03,38.5],[161.33,39.25],[162.37,40.25],[161.25,41.0],[160.31,41.25],[157.8,41.0],[158.05,41.5],[158.0,42.62],[153.75,43.94],[147.25,44.28],[146.0,43.34],[144.75,42.92],[143.75,43.09],[143.57,43.0],[143.87,42.75],[143.5,42.63],[142.98,43.0],[143.08,43.5],[142.85,44.0],[142.0,44.04],[138.5,43.58],[135.0,42.63],[133.25,42.75],[132.74,43.0],[133.0,43.59],[135.55,45.0],[135.38,45.25],[135.98,45.25],[135.99,45.5],[136.44,45.75],[135.9,46.0],[135.93,46.25],[136.77,47.5],[136.5,48.26],[132.28,49.0],[133.32,49.75],[132.93,50.25],[133.61,50.5],[133.6,50.75],[134.34,51.5],[134.0,51.67],[133.25,51.57],[132.75,51.32],[132.67,51.0],[132.35,51.0],[132.19,51.5],[132.68,51.75],[133.1,53.0],[129.5,52.96],[128.76,53.5],[124.89,54.25],[127.08,54.25],[127.1,54.5],[125.88,55.25],[128.25,56.6],[128.5,56.33],[129.43,56.5],[129.71,56.75],[129.39,57.0],[129.68,57.25],[129.38,57.5],[129.5,57.76],[130.03,57.75],[130.5,57.37],[131.25,57.5],[130.68,58.0],[131.0,58.31],[131.85,58.5],[131.77,58.75],[126.25,61.32],[123.05,62.5],[123.26,62.75],[122.5,63.09],[118.5,63.17],[114.5,62.64],[113.75,62.9],[112.75,62.71],[111.75,62.85],[109.75,62.56],[109.31,62.25],[108.76,61.0],[107.66,59.75],[107.35,58.0],[107.53,57.25],[107.26,56.5],[107.39,55.75],[107.0,55.25],[107.5,54.75],[108.25,55.18],[108.47,54.75],[106.75,52.94],[109.25,53.3],[109.57,53.0],[108.75,52.81],[108.33,52.25],[108.5,52.09],[109.75,52.11],[111.0,51.77],[111.75,51.29],[111.75,50.98],[112.78,50.5],[112.75,49.99],[111.94,49.75],[112.5,49.41],[112.91,49.5],[113.0,48.92],[111.68,47.75],[112.06,47.25],[111.04,46.25],[111.0,45.7],[112.0,45.84],[112.14,45.75],[111.79,45.5],[112.25,45.43],[112.42,45.75],[112.19,46.0],[113.0,46.35],[114.0,44.93],[115.0,44.49],[115.75,44.31],[116.75,44.77],[119.25,44.78],[119.84,45.25],[119.82,46.25],[120.46,48.0],[120.26,48.25],[122.08,48.75],[122.25,49.0],[121.81,49.25],[122.5,49.5],[122.27,49.75],[123.25,49.81],[124.5,49.51],[125.52,48.75],[124.85,48.0],[124.83,47.5],[123.44,46.25],[120.75,44.61],[119.25,44.54],[119.0,43.95],[118.66,43.75],[118.56,43.5],[119.04,43.0],[119.03,42.5],[119.75,42.62],[120.36,42.25],[119.97,41.5],[121.0,41.19],[121.5,41.78],[121.54,41.5],[122.48,41.25],[121.0,40.88],[119.77,40.0],[119.25,39.29],[118.07,39.0],[119.19,37.5],[121.19,37.5],[120.5,37.25],[120.5,36.66],[119.75,36.23],[118.0,35.7],[117.5,34.94],[119.75,34.07],[120.65,32.75],[121.25,32.41],[124.5,32.12],[126.07,32.75],[126.37,33.0],[126.25,33.27],[127.25,33.33],[129.0,34.31],[130.5,34.0],[130.95,32.5],[131.25,32.23],[132.25,32.89],[133.5,32.77],[135.0,31.89],[136.91,31.25]]}},{"type":"Feature","properties":{"level":1020},"geometry":{"type":"LineString","coordinates":[[59.95,32.5],[60.15,32.75],[60.03,33.0],[60.46,33.25],[60.38,33.75],[60.25,33.95],[59.25,34.0],[59.01,33.75],[59.95,32.5]]}},{"type":"Feature","properties":{"level":1020},"geometry":{"type":"LineString","coordinates":[[-180.0,33.35],[-176.5,35.68],[-170.75,38.58],[-167.25,39.22],[-161.59,39.0],[-160.33,37.75],[-160.37,37.0],[-159.89,36.5],[-158.95,34.0],[-157.65,32.0],[-157.27,31.0],[-156.0,29.53],[-155.5,28.4],[-154.44,27.25],[-152.0,25.39],[-149.0,24.92],[-147.75,25.08],[-145.75,25.63],[-144.0,26.7],[-142.25,27.02],[-141.25,27.55],[-140.18,28.5],[-139.25,28.79],[-137.5,30.25],[-135.25,32.77],[-132.24,39.25],[-131.69,40.75],[-131.54,42.25],[-132.0,42.91],[-133.25,43.43],[-136.5,43.4],[-138.79,44.0],[-138.91,45.5],[-139.94,47.5],[-145.15,53.75],[-147.5,57.23],[-148.5,57.55],[-150.25,57.05],[-152.75,57.05],[-153.75,57.44],[-154.25,57.25],[-154.19,56.75],[-154.96,55.75],[-157.25,53.64],[-159.5,52.01],[-165.0,49.04],[-168.45,46.75],[-170.35,45.25],[-172.68,42.75],[-176.1,39.75],[-180.0,37.92]]}},{"type":"Feature","properties":{"level":1020},"geometry":{"type":"LineString","coordinates":[[129.25,34.39],[129.25,34.55],[129.25,34.39]]}},{"type":"Feature","properties":{"level":1020},"geometry":{"type":"LineString","coordinates":[[127.0,34.72],[127.0,34.87],[127.0,34.72]]}},{"type":"Feature","properties":{"level":1020},"geometry":{"type":"LineString","coordinates":[[127.5,34.93],[127.33,35.0],[127.5,35.13],[127.5,34.93]]}},{"type":"Feature","properties":{"level":1020},"geometry":{"type":"LineString","coordinates":[[-83.91,35.25],[-83.5,35.01],[-82.59,35.25],[-81.86,36.0],[-80.25,36.98],[-80.16,37.5],[-79.11,38.5],[-79.25,39.81],[-79.75,39.63],[-80.07,39.0],[-82.09,37.0],[-82.17,36.25],[-83.75,35.52],[-83.91,35.25]]}},{"type":"Feature","properties":{"level":1020},"geometry":{"type":"LineString","coordinates":[[100.0,35.23],[100.09,35.75],[99.25,36.64],[100.25,36.32],[101.01,35.5],[100.75,35.23],[100.5,35.63],[100.0,35.23]]}},{"type":"Feature","properties":{"level":1020},"geometry":{"type":"LineString","coordinates":[[52.57,35.5],[53.45,35.75],[53.44,36.0],[53.0,35.9],[52.75,36.32],[51.25,36.71],[50.5,37.16],[50.0,37.0],[50.38,36.25],[50.75,36.03],[52.57,35.5]]}},{"type":"Feature","properties":{"level":1020},"geometry":{"type":"LineString","coordinates":[[87.87,35.75],[88.89,35.75],[88.5,35.98],[87.87,35.75]]}},{"type":"Feature","properties":{"level":1020},"geometry":{"type":"LineString","coordinates":[[-105.36,36.25],[-105.25,37.39],[-105.36,36.25]]}},{"type":"Feature","properties":{"level":1020},"geometry":{"type":"LineString","coordinates":[[97.0,36.24],[94.98,36.5],[94.72,37.0],[96.25,37.15],[96.5,36.96],[96.75,37.28],[97.43,37.25],[97.46,36.25],[97.0,36.24]]}},{"type":"Feature","properties":{"level":1020},"geometry":{"type":"LineString","coordinates":[[53.61,36.5],[54.0,36.27],[54.75,36.4],[55.33,37.0],[54.75,36.69],[54.5,36.92],[54.0,36.86],[53.61,36.5]]}},{"type":"Feature","properties":{"level":1020},"geometry":{"type":"LineString","coordinates":[[81.0,36.48],[80.25,36.93],[78.58,37.25],[77.23,38.0],[77.25,38.46],[77.75,38.35],[79.5,38.98],[80.5,38.72],[81.25,38.94],[85.25,40.87],[86.25,39.94],[86.76,40.0],[86.65,39.5],[86.97,39.0],[88.52,39.25],[88.41,39.0],[85.69,37.75],[81.0,36.48]]}},{"type":"Feature","properties":{"level":1020},"geometry":{"type":"LineString","coordinates":[[-106.61,37.0],[-106.25,37.0],[-106.5,38.22],[-107.25,38.5],[-108.32,37.75],[-108.0,37.4],[-107.0,37.3],[-106.61,37.0]]}},{"type":"Feature","properties":{"level":1020},"geometry":{"type":"LineString","coordinates":[[16.0,37.65],[15.83,37.75],[16.25,37.94],[16.32,37.75],[16.0,37.65]]}},{"type":"Feature","properties":{"level":1020},"geometry":{"type":"LineString","coordinates":[[46.87,37.75],[47.0,37.54],[48.0,37.71],[47.81,38.0],[48.16,38.25],[47.5,38.48],[47.05,38.25],[47.43,38.0],[46.87,37.75]]}},{"type":"Feature","properties":{"level":1020},"geometry":{"type":"LineString","coordinates":[[180.0,37.92],[177.47,37.25],[174.25,35.88],[172.72,34.75],[172.65,34.5],[172.95,34.25],[172.56,33.5],[172.69,32.5],[173.27,32.0],[176.0,31.65],[177.5,31.92],[180.0,33.35]]}},{"type":"Feature","properties":{"level":1020},"geometry":{"type":"LineString","coordinates":[[16.5,38.01],[16.41,38.25],[16.74,38.75],[17.0,38.75],[16.93,39.5],[16.49,39.75],[16.65,40.5],[17.36,40.75],[16.75,40.84],[15.56,41.5],[16.0,41.6],[16.0,41.91],[15.25,41.83],[14.73,42.25],[14.19,43.0],[14.3,43.25],[12.5,44.86],[12.71,45.25],[13.46,45.25],[13.75,44.67],[14.75,44.76],[16.52,43.25],[18.25,42.52],[18.97,41.5],[18.81,39.75],[17.99,39.0],[17.75,38.45],[16.5,38.01]]}},{"type":"Feature","properties":{"level":1020},"geometry":{"type":"LineString","coordinates":[[-106.6,38.5],[-106.5,38.31],[-106.25,38.4],[-106.0,38.93],[-105.5,39.11],[-105.75,40.62],[-106.16,40.25],[-106.09,40.0],[-107.26,39.25],[-107.25,38.5],[-106.6,38.5]]}},{"type":"Feature","properties":{"level":1020},"geometry":{"type":"LineString","coordinates":[[10.25,38.4],[9.74,39.0],[10.0,39.8],[11.73,40.25],[12.5,41.09],[13.36,40.75],[13.0,39.75],[12.03,38.75],[11.0,38.39],[10.25,38.4]]}},{"type":"Feature","properties":{"level":1020},"geometry":{"type":"LineString","coordinates":[[127.5,38.83],[127.03,39.5],[127.37,40.25],[128.0,40.42],[128.0,40.78],[128.75,40.94],[129.25,40.77],[128.5,40.16],[127.87,40.0],[127.84,39.0],[127.5,38.83]]}},{"type":"Feature","properties":{"level":1020},"geometry":{"type":"LineString","coordinates":[[23.5,39.15],[23.35,39.75],[24.0,40.51],[24.75,40.77],[25.07,40.5],[24.5,39.1],[23.5,39.15]]}},{"type":"Feature","properties":{"level":1020},"geometry":{"type":"LineString","coordinates":[[46.75,39.18],[47.24,39.25],[46.75,39.18]]}},{"type":"Feature","properties":{"level":1020},"geometry":{"type":"LineString","coordinates":[[-86.44,40.0],[-84.75,39.89],[-83.0,40.19],[-80.75,40.21],[-80.0,40.59],[-79.75,40.33],[-79.25,40.33],[-78.12,40.75],[-77.2,42.0],[-77.5,42.53],[-78.75,42.58],[-81.05,41.75],[-81.57,41.25],[-80.97,40.75],[-81.81,40.75],[-81.75,41.07],[-82.8,41.5],[-81.66,42.5],[-82.42,43.0],[-82.75,43.83],[-83.5,43.94],[-83.5,45.09],[-85.34,46.5],[-87.0,46.44],[-88.07,47.0],[-87.75,47.46],[-87.25,47.5],[-87.5,47.63],[-89.07,47.25],[-89.3,48.0],[-88.26,49.0],[-89.06,49.75],[-90.25,50.37],[-91.5,50.53],[-92.5,50.59],[-92.25,50.25],[-92.5,50.09],[-93.76,50.25],[-93.31,49.75],[-94.0,49.49],[-94.65,48.75],[-94.6,48.0],[-95.27,47.5],[-95.08,46.25],[-93.75,45.25],[-93.03,45.0],[-92.54,43.25],[-91.25,42.38],[-90.75,41.75],[-89.0,41.07],[-87.8,40.25],[-86.44,40.0]]}},{"type":"Feature","properties":{"level":1020},"geometry":{"type":"LineString","coordinates":[[-80.75,40.92],[-80.38,41.0],[-80.75,40.92]]}},{"type":"Feature","properties":{"level":1020},"geometry":{"type":"LineString","coordinates":[[129.75,40.91],[129.35,41.25],[129.5,41.38],[129.89,41.0],[129.75,40.91]]}},{"type":"Feature","properties":{"level":1020},"geometry":{"type":"LineString","coordinates":[[10.5,41.2],[9.73,41.75],[9.85,42.0],[9.5,42.77],[9.0,42.66],[8.0,41.89],[7.25,41.73],[6.45,42.0],[5.61,43.0],[8.75,44.28],[9.18,44.25],[9.8,44.0],[10.51,43.0],[11.72,42.25],[11.98,41.75],[11.25,41.15],[10.5,41.2]]}},{"type":"Feature","properties":{"level":1020},"geometry":{"type":"LineString","coordinates":[[27.46,41.5],[27.5,41.71],[27.46,41.5]]}},{"type":"Feature","properties":{"level":1020},"geometry":{"type":"LineString","coordinates":[[41.0,41.36],[40.82,41.5],[41.0,41.62],[41.42,41.5],[41.0,41.36]]}},{"type":"Feature","properties":{"level":1020},"geometry":{"type":"LineString","coordinates":[[129.75,42.32],[129.75,42.6],[130.12,42.5],[129.75,42.32]]}},{"type":"Feature","properties":{"level":1020},"geometry":{"type":"LineString","coordinates":[[129.75,42.94],[129.56,43.0],[129.5,43.52],[129.78,43.5],[129.93,43.0],[129.75,42.94]]}},{"type":"Feature","properties":{"level":1020},"geometry":{"type":"LineString","coordinates":[[131.25,42.88],[130.92,43.25],[130.99,43.5],[130.43,43.75],[131.5,44.6],[131.49,44.25],[132.02,43.5],[131.5,42.85],[131.25,42.88]]}},{"type":"Feature","properties":{"level":1020},"geometry":{"type":"LineString","coordinates":[[-86.75,43.2],[-86.89,43.25],[-86.45,43.25],[-86.75,43.2]]}},{"type":"Feature","properties":{"level":1020},"geometry":{"type":"LineString","coordinates":[[128.5,43.96],[128.79,44.5],[129.31,44.5],[129.25,44.0],[128.5,43.96]]}},{"type":"Feature","properties":{"level":1020},"geometry":{"type":"LineString","coordinates":[[-86.25,44.74],[-86.75,44.97],[-86.77,45.5],[-85.0,45.93],[-84.9,45.75],[-85.5,44.94],[-86.25,44.74]]}},{"type":"Feature","properties":{"level":1020},"geometry":{"type":"LineString","coordinates":[[130.0,44.97],[130.0,45.25],[130.37,45.0],[130.0,44.97]]}},{"type":"Feature","properties":{"level":1020},"geometry":{"type":"LineString","coordinates":[[123.75,51.48],[124.25,51.72],[124.9,51.5],[123.75,51.48]]}},{"type":"Feature","properties":{"level":1020},"geometry":{"type":"LineString","coordinates":[[115.25,52.78],[114.75,53.17],[113.75,53.33],[111.0,53.25],[111.27,54.0],[111.99,54.5],[111.84,55.5],[114.0,55.49],[114.75,55.77],[115.25,55.56],[115.45,55.25],[114.94,55.25],[115.17,54.75],[115.75,54.73],[116.5,54.07],[117.03,54.0],[116.25,53.83],[115.25,52.78]]}},{"type":"Feature","properties":{"level":1020},"geometry":{"type":"LineString","coordinates":[[119.0,52.99],[118.17,53.25],[118.71,53.5],[118.5,53.57],[117.75,53.32],[117.33,53.5],[118.75,54.82],[119.05,54.75],[118.87,54.25],[119.75,54.44],[119.75,53.99],[120.23,53.75],[119.5,53.11],[119.0,52.99]]}},{"type":"Feature","properties":{"level":1020},"geometry":{"type":"LineString","coordinates":[[-137.61,59.25],[-137.25,59.09],[-135.34,59.75],[-136.25,60.4],[-136.5,60.35],[-137.61,59.25]]}},{"type":"Feature","properties":{"level":1020},"geometry":{"type":"LineString","coordinates":[[-138.25,61.21],[-138.97,62.0],[-139.59,62.25],[-139.0,62.8],[-139.92,63.25],[-136.49,63.0],[-136.11,62.25],[-136.75,61.86],[-137.75,61.93],[-137.45,62.25],[-137.75,62.65],[-138.25,62.72],[-138.57,62.5],[-138.39,61.75],[-137.88,61.5],[-138.25,61.21]]}},{"type":"Feature","properties":{"level":1020},"geometry":{"type":"LineString","coordinates":[[-151.64,62.5],[-150.75,62.65],[-150.1,63.0],[-150.16,63.25],[-152.09,62.75],[-151.64,62.5]]}},{"type":"Feature","properties":{"level":1020},"geometry":{"type":"LineString","coordinates":[[-148.16,63.0],[-147.75,62.91],[-147.25,63.32],[-146.25,63.14],[-146.05,63.5],[-148.0,63.82],[-148.83,63.25],[-148.16,63.0]]}},{"type":"Feature","properties":{"level":1020},"geometry":{"type":"LineString","coordinates":[[-144.39,64.25],[-143.75,64.14],[-143.88,64.5],[-143.49,64.75],[-143.59,65.0],[-144.25,64.84],[-144.75,65.05],[-144.75,64.71],[-145.5,64.77],[-144.39,64.25]]}},{"type":"Feature","properties":{"level":1020},"geometry":{"type":"LineString","coordinates":[[139.51,64.5],[140.1,64.5],[140.53,65.0],[138.0,66.05],[137.51,65.5],[138.62,65.0],[139.0,64.58],[139.51,64.5]]}},{"type":"Feature","properties":{"level":1020},"geometry":{"type":"LineString","coordinates":[[-143.01,64.75],[-142.25,65.01],[-141.5,64.85],[-141.29,65.0],[-142.1,65.5],[-141.55,65.75],[-142.91,66.0],[-142.64,65.75],[-143.34,65.25],[-143.01,64.75]]}},{"type":"Feature","properties":{"level":1020},"geometry":{"type":"LineString","coordinates":[[-141.55,66.5],[-140.67,66.5],[-141.25,66.79],[-141.54,66.75],[-141.55,66.5]]}},{"type":"Feature","properties":{"level":1020},"geometry":{"type":"LineString","coordinates":[[-45.09,66.5],[-44.32,66.5],[-45.4,66.75],[-45.09,66.5]]}},{"type":"Feature","properties":{"level":1020},"geometry":{"type":"LineString","coordinates":[[-42.98,67.25],[-42.75,67.0],[-42.0,67.32],[-41.5,68.06],[-39.75,68.37],[-36.56,68.5],[-35.5,69.6],[-31.49,70.5],[-30.55,71.25],[-30.95,72.0],[-30.0,72.64],[-28.75,72.78],[-28.0,73.13],[-27.0,72.39],[-26.83,72.5],[-27.18,72.75],[-26.66,73.75],[-26.78,74.0],[-26.47,74.25],[-28.16,74.25],[-25.08,75.25],[-25.67,76.0],[-25.05,76.75],[-26.13,77.0],[-27.0,77.87],[-29.25,78.32],[-30.0,79.0],[-31.11,79.5],[-31.25,80.06],[-32.0,80.54],[-41.5,81.3],[-46.25,80.41],[-46.54,80.25],[-45.44,79.5],[-45.33,79.0],[-47.95,78.0],[-48.68,77.5],[-50.5,77.37],[-51.39,77.0],[-52.5,75.83],[-52.47,75.5],[-51.93,75.0],[-52.17,74.0],[-51.33,73.0],[-50.51,72.5],[-50.36,72.0],[-50.59,71.75],[-49.25,71.81],[-48.0,71.09],[-41.08,70.0],[-41.02,69.75],[-41.64,68.75],[-43.19,67.75],[-42.98,67.25]]}},{"type":"Feature","properties":{"level":1020},"geometry":{"type":"LineString","coordinates":[[-180.0,83.06],[-158.25,81.55],[-145.0,80.21],[-136.75,78.46],[-134.25,77.35],[-132.45,76.0],[-130.92,73.5],[-130.03,72.5],[-129.55,71.0],[-129.75,69.19],[-130.39,68.25],[-131.34,68.0],[-131.5,67.75],[-131.13,67.25],[-131.84,67.0],[-131.99,66.75],[-131.78,66.25],[-132.5,66.05],[-134.5,66.2],[-135.91,67.25],[-135.9,67.75],[-136.25,68.06],[-138.0,68.09],[-138.62,68.5],[-140.5,69.06],[-143.75,68.92],[-144.5,69.15],[-146.0,69.12],[-147.25,68.78],[-148.0,68.28],[-151.25,68.04],[-151.13,67.5],[-149.75,67.12],[-149.64,67.0],[-150.03,66.75],[-149.75,66.66],[-149.0,67.16],[-148.25,67.02],[-148.11,67.25],[-148.51,67.5],[-147.98,67.75],[-147.25,67.8],[-147.25,67.54],[-147.5,67.5],[-146.75,67.35],[-144.75,67.86],[-144.5,67.75],[-144.73,67.5],[-144.5,67.31],[-140.0,67.3],[-139.5,67.22],[-138.84,66.5],[-138.0,66.21],[-137.28,66.25],[-138.0,65.64],[-138.5,64.73],[-139.75,65.09],[-140.35,65.0],[-140.5,64.75],[-140.2,64.25],[-140.53,64.0],[-140.37,63.0],[-141.14,62.5],[-140.75,62.0],[-140.0,61.75],[-140.25,61.5],[-141.5,61.74],[-142.25,62.22],[-142.25,62.95],[-142.74,62.5],[-143.34,62.5],[-143.17,62.75],[-143.76,63.0],[-143.24,63.25],[-143.5,63.53],[-145.25,63.58],[-145.74,63.25],[-145.25,63.03],[-144.5,63.21],[-144.5,62.84],[-145.02,62.5],[-144.75,62.46],[-144.89,62.0],[-144.38,61.75],[-144.5,61.64],[-147.0,61.87],[-147.3,62.0],[-147.25,62.57],[-148.25,62.8],[-149.34,62.0],[-148.72,61.75],[-149.14,61.25],[-149.0,60.99],[-150.5,60.04],[-151.0,59.47],[-149.75,59.85],[-149.5,60.12],[-148.5,60.13],[-148.39,60.5],[-148.8,60.75],[-147.5,61.11],[-145.0,60.7],[-144.25,60.78],[-141.75,60.18],[-139.25,60.12],[-137.5,59.62],[-137.02,60.75],[-137.0,61.42],[-135.7,61.5],[-135.5,61.78],[-134.25,61.64],[-134.0,61.18],[-132.75,61.17],[-132.25,60.64],[-131.75,60.65],[-131.5,60.42],[-131.25,60.74],[-130.0,60.42],[-129.22,60.5],[-128.93,60.75],[-129.0,61.28],[-128.0,61.64],[-127.5,61.43],[-127.25,61.68],[-127.14,61.5],[-127.75,61.0],[-127.0,60.95],[-125.83,60.0],[-125.53,59.25],[-125.14,59.0],[-122.25,57.86],[-120.5,57.55],[-118.75,56.74],[-114.75,57.02],[-114.0,56.62],[-113.0,56.5],[-108.75,56.58],[-106.25,55.78],[-105.25,55.9],[-105.03,55.75],[-105.18,55.5],[-103.25,55.46],[-102.5,55.19],[-102.16,55.25],[-102.24,55.5],[-102.0,55.55],[-100.25,55.5],[-99.46,55.75],[-100.56,56.75],[-100.6,57.0],[-99.87,57.75],[-100.35,58.5],[-100.57,59.75],[-98.43,61.75],[-98.0,62.59],[-96.42,64.25],[-95.5,64.91],[-92.53,66.0],[-92.25,66.34],[-90.3,66.75],[-90.5,67.5],[-91.51,67.75],[-91.13,68.75],[-91.22,69.25],[-91.87,70.0],[-91.71,70.25],[-93.72,71.25],[-95.75,71.56],[-96.75,72.09],[-101.0,72.7],[-107.25,74.33],[-109.5,75.33],[-111.25,75.58],[-112.25,76.11],[-121.5,78.67],[-124.96,80.25],[-125.12,80.75],[-123.91,82.0],[-119.62,84.25],[-118.37,85.25],[-118.6,85.75],[-120.25,86.25],[-127.0,87.01],[-140.25,87.53],[-161.0,87.74],[-180.0,87.57]]}},{"type":"Feature","properties":{"level":1020},"geometry":{"type":"LineString","coordinates":[[180.0,87.57],[161.92,86.75],[156.25,86.04],[153.72,85.5],[153.52,85.25],[154.57,84.75],[158.04,84.25],[180.0,83.06]]}},{"type":"Feature","properties":{"level":1024},"geometry":{"type":"LineString","coordinates":[[128.84,-88.25],[135.19,-88.25],[130.0,-87.79],[125.68,-88.0],[128.84,-88.25]]}},{"type":"Feature","properties":{"level":1024},"geometry":{"type":"LineString","coordinates":[[42.88,-78.5],[44.5,-78.54],[45.22,-78.25],[45.29,-78.0],[44.15,-77.5],[42.84,-77.5],[42.28,-78.0],[42.88,-78.5]]}},{"type":"Feature","properties":{"level":1024},"geometry":{"type":"LineString","coordinates":[[-59.57,-54.25],[-57.0,-54.16],[-53.75,-53.38],[-51.34,-52.5],[-47.75,-50.63],[-40.5,-45.5],[-38.26,-43.5],[-37.76,-42.75],[-37.92,-42.0],[-38.81,-41.0],[-39.75,-40.69],[-40.25,-40.25],[-40.75,-40.46],[-41.19,-39.5],[-42.25,-39.12],[-44.25,-39.76],[-45.75,-39.66],[-49.75,-40.08],[-53.75,-40.19],[-57.25,-39.42],[-61.25,-37.54],[-63.25,-37.13],[-63.75,-36.76],[-65.0,-36.83],[-65.75,-37.21],[-66.75,-38.65],[-68.25,-39.57],[-68.91,-40.25],[-69.01,-40.5],[-68.68,-41.25],[-69.76,-41.25],[-69.78,-41.5],[-68.5,-42.08],[-67.25,-42.19],[-66.89,-42.75],[-68.52,-44.25],[-68.62,-44.5],[-68.31,-45.25],[-68.5,-45.75],[-68.18,-46.25],[-68.5,-46.5],[-68.39,-46.75],[-69.2,-47.0],[-68.27,-47.75],[-66.29,-51.0],[-64.45,-53.0],[-62.75,-53.74],[-59.57,-54.25]]}},{"type":"Feature","properties":{"level":1024},"geometry":{"type":"LineString","coordinates":[[-180.0,-53.46],[-177.75,-53.37],[-174.0,-52.77],[-169.25,-51.41],[-163.75,-48.98],[-158.9,-46.25],[-155.9,-44.25],[-154.46,-43.0],[-153.85,-42.0],[-153.84,-41.0],[-153.55,-40.75],[-149.06,-38.5],[-146.0,-35.86],[-143.95,-32.75],[-143.45,-31.5],[-143.6,-31.25],[-142.09,-30.25],[-140.5,-28.75],[-140.25,-28.24],[-139.0,-28.07],[-138.5,-27.56],[-138.0,-27.43],[-136.75,-27.66],[-136.25,-27.58],[-136.01,-27.25],[-136.75,-27.06],[-137.5,-27.29],[-137.5,-26.75],[-138.0,-26.47],[-139.0,-27.09],[-139.01,-26.25],[-140.0,-25.47],[-141.0,-25.66],[-142.5,-25.46],[-143.5,-25.67],[-145.0,-25.6],[-149.75,-24.38],[-150.25,-24.58],[-155.0,-24.29],[-158.0,-24.55],[-158.75,-24.29],[-159.75,-24.63],[-161.25,-24.36],[-161.75,-24.74],[-162.25,-24.79],[-163.0,-24.55],[-163.75,-25.2],[-164.5,-24.99],[-165.0,-25.53],[-165.25,-25.22],[-166.0,-25.98],[-166.5,-25.79],[-172.0,-27.83],[-172.89,-29.75],[-172.42,-30.5],[-172.5,-30.75],[-173.5,-31.05],[-174.0,-31.85],[-174.5,-31.75],[-175.0,-32.08],[-175.38,-32.0],[-175.5,-32.25],[-175.0,-32.56],[-174.78,-33.25],[-174.0,-33.23],[-173.64,-34.0],[-172.0,-34.78],[-171.81,-35.5],[-171.35,-36.0],[-171.56,-36.25],[-173.0,-37.19],[-180.0,-37.43]]}},{"type":"Feature","properties":{"level":1024},"geometry":{"type":"LineString","coordinates":[[73.12,-52.25],[78.0,-52.37],[81.5,-51.73],[82.75,-51.24],[84.98,-50.0],[86.96,-48.5],[90.75,-44.18],[92.13,-41.75],[92.76,-39.75],[94.98,-37.25],[95.42,-36.25],[95.64,-34.75],[95.66,-32.5],[95.36,-31.25],[95.62,-27.75],[94.75,-26.16],[94.0,-25.47],[91.25,-24.16],[88.25,-23.55],[81.0,-23.01],[79.75,-23.32],[78.5,-23.31],[76.0,-24.2],[74.78,-25.0],[74.75,-25.27],[73.0,-25.25],[71.5,-26.05],[71.0,-26.69],[70.0,-26.85],[69.21,-28.5],[68.35,-29.5],[67.45,-30.25],[65.29,-31.25],[65.25,-31.52],[65.0,-31.61],[64.75,-31.33],[62.25,-32.25],[61.5,-32.27],[60.0,-31.9],[58.94,-31.0],[58.71,-30.5],[58.68,-30.0],[59.25,-28.59],[60.59,-27.5],[60.61,-26.5],[58.0,-25.45],[56.0,-25.51],[55.0,-25.71],[54.0,-26.32],[52.6,-26.75],[50.5,-28.09],[49.78,-29.0],[48.75,-29.73],[43.73,-32.5],[43.54,-33.5],[44.22,-36.25],[46.9,-39.0],[49.5,-41.13],[55.25,-44.55],[59.25,-46.44],[65.0,-48.66],[67.16,-50.25],[69.08,-51.25],[71.0,-51.9],[73.12,-52.25]]}},{"type":"Feature","properties":{"level":1024},"geometry":{"type":"LineString","coordinates":[[166.93,-45.0],[167.08,-45.0],[166.93,-45.0]]}},{"type":"Feature","properties":{"level":1024},"geometry":{"type":"LineString","coordinates":[[167.64,-44.5],[167.75,-44.36],[167.64,-44.5]]}},{"type":"Feature","properties":{"level":1024},"geometry":{"type":"LineString","coordinates":[[168.23,-44.25],[168.91,-44.0],[168.75,-43.81],[168.25,-43.85],[168.23,-44.25]]}},{"type":"Feature","properties":{"level":1024},"geometry":{"type":"LineString","coordinates":[[180.0,-37.43],[179.5,-37.18],[178.25,-37.41],[176.47,-39.25],[176.01,-40.5],[175.5,-40.73],[175.0,-41.44],[174.5,-41.03],[173.52,-41.25],[173.24,-41.75],[173.56,-42.0],[173.5,-42.27],[172.5,-42.45],[172.0,-43.09],[170.5,-44.0],[170.23,-46.5],[169.61,-47.5],[168.32,-48.75],[168.17,-49.75],[169.4,-52.0],[171.0,-52.59],[174.25,-53.35],[180.0,-53.46]]}},{"type":"Feature","properties":{"level":1024},"geometry":{"type":"LineString","coordinates":[[-69.86,-34.5],[-69.66,-34.5],[-69.4,-33.75],[-69.49,-33.0],[-69.75,-32.29],[-70.25,-32.07],[-70.37,-32.25],[-69.92,-32.75],[-70.13,-33.25],[-69.87,-33.75],[-70.13,-34.0],[-69.86,-34.5]]}},{"type":"Feature","properties":{"level":1024},"geometry":{"type":"LineString","coordinates":[[-70.11,-30.25],[-69.75,-30.42],[-69.34,-28.75],[-69.07,-28.5],[-69.25,-28.09],[-69.89,-29.0],[-70.11,-30.25]]}},{"type":"Feature","properties":{"level":1024},"geometry":{"type":"LineString","coordinates":[[-69.11,-27.75],[-68.75,-27.99],[-68.32,-27.75],[-68.4,-27.25],[-68.07,-26.75],[-68.45,-26.5],[-68.3,-26.25],[-68.67,-26.25],[-68.92,-26.75],[-68.81,-27.0],[-69.25,-27.32],[-69.11,-27.75]]}},{"type":"Feature","properties":{"level":1024},"geometry":{"type":"LineString","coordinates":[[-150.25,31.0],[-149.25,30.92],[-148.5,31.19],[-148.0,31.06],[-146.25,31.31],[-145.5,31.92],[-142.75,32.88],[-141.25,33.83],[-139.35,35.5],[-138.09,37.0],[-137.45,39.25],[-138.25,40.11],[-140.0,40.62],[-140.5,41.08],[-143.93,42.0],[-143.23,42.75],[-143.37,43.0],[-142.69,44.25],[-142.75,45.5],[-143.38,47.25],[-144.63,49.25],[-147.75,52.07],[-150.77,53.25],[-152.5,53.55],[-155.25,52.37],[-160.75,49.49],[-164.5,47.22],[-167.5,44.85],[-168.76,42.75],[-168.0,42.24],[-166.75,41.87],[-159.25,41.31],[-154.5,40.45],[-154.26,40.25],[-154.28,39.75],[-155.12,38.25],[-154.9,37.75],[-155.18,37.0],[-155.1,36.25],[-154.49,35.0],[-152.75,32.81],[-151.5,32.13],[-150.25,31.0]]}},{"type":"Feature","properties":{"level":1024},"geometry":{"type":"LineString","coordinates":[[-30.41,32.0],[-27.25,32.06],[-23.42,33.0],[-21.48,34.25],[-19.09,36.75],[-15.91,39.25],[-9.75,42.96],[-9.25,43.04],[-8.62,42.5],[-8.0,40.83],[-7.5,40.26],[-5.25,40.53],[-5.0,40.36],[-4.0,40.53],[-2.25,40.31],[-1.75,39.7],[-1.0,39.39],[-0.24,39.75],[-0.22,40.0],[1.16,40.5],[1.16,41.0],[2.67,41.75],[3.52,42.75],[3.43,43.5],[4.0,44.14],[6.25,45.16],[6.75,44.78],[7.25,45.75],[7.75,45.81],[8.5,46.34],[12.25,46.41],[13.75,46.76],[14.5,46.64],[14.8,46.5],[14.51,46.25],[14.6,45.5],[15.25,44.87],[17.5,44.36],[17.75,44.13],[20.0,43.83],[20.91,44.25],[19.83,46.5],[18.91,47.5],[19.23,47.75],[18.96,48.25],[19.39,48.5],[18.96,48.75],[19.24,49.25],[17.75,49.63],[16.25,50.49],[16.0,50.3],[13.25,51.12],[9.5,51.11],[8.0,50.97],[6.75,50.5],[2.0,50.26],[-4.5,51.19],[-15.5,50.49],[-15.8,51.0],[-17.0,51.56],[-21.25,52.5],[-24.5,53.02],[-32.75,53.43],[-37.5,53.36],[-41.5,52.21],[-43.5,51.17],[-48.13,48.0],[-50.05,46.0],[-49.75,44.75],[-49.89,44.0],[-49.62,43.5],[-49.0,43.32],[-47.84,43.75],[-47.0,43.49],[-46.0,43.82],[-44.75,43.68],[-41.25,43.99],[-38.75,44.5],[-38.19,44.25],[-37.52,43.5],[-38.57,41.5],[-38.34,41.25],[-38.78,40.5],[-38.94,37.75],[-38.9,37.0],[-38.4,36.5],[-38.25,35.66],[-36.69,34.0],[-34.5,32.9],[-31.5,32.06],[-30.41,32.0]]}},{"type":"Feature","properties":{"level":1024},"geometry":{"type":"LineString","coordinates":[[95.54,33.75],[95.99,33.75],[95.84,34.0],[97.5,35.16],[99.19,35.5],[99.1,36.25],[98.75,36.57],[98.0,35.98],[96.56,36.0],[96.3,35.5],[96.45,35.0],[95.15,34.25],[95.54,33.75]]}},{"type":"Feature","properties":{"level":1024},"geometry":{"type":"LineString","coordinates":[[77.49,34.25],[78.0,34.09],[78.25,34.59],[78.73,34.75],[78.5,35.2],[78.25,34.92],[77.76,35.0],[78.0,35.45],[78.25,35.53],[78.5,35.29],[79.25,35.65],[81.0,35.1],[82.18,35.0],[82.25,34.65],[82.75,34.89],[83.25,34.69],[84.31,34.75],[84.5,34.87],[84.5,35.59],[85.25,36.02],[85.5,35.67],[85.83,35.75],[85.58,36.0],[85.74,36.25],[85.19,36.5],[86.0,36.98],[86.51,37.0],[86.5,37.29],[88.0,37.27],[89.5,36.73],[90.25,37.4],[91.5,36.91],[92.08,37.0],[91.75,37.52],[90.17,38.0],[89.61,38.5],[89.75,38.82],[88.25,38.21],[86.75,38.07],[85.25,37.22],[83.75,36.72],[82.25,36.57],[81.5,36.19],[80.35,36.25],[80.48,36.5],[80.25,36.64],[80.0,36.26],[78.5,36.96],[76.75,37.21],[76.5,37.62],[76.03,37.75],[75.97,38.0],[76.35,38.25],[76.25,38.5],[74.44,39.75],[79.03,40.75],[78.45,41.0],[79.5,41.65],[80.25,41.56],[82.75,42.29],[85.75,41.93],[85.75,42.16],[85.47,42.25],[86.25,42.53],[87.35,42.5],[87.1,42.75],[87.25,42.91],[87.75,42.77],[87.87,43.0],[87.61,43.25],[86.5,43.23],[86.25,43.71],[86.0,43.78],[85.75,43.49],[84.95,43.75],[85.42,44.0],[84.27,44.75],[84.24,45.0],[85.0,45.29],[83.5,45.25],[83.23,45.5],[83.25,45.78],[84.25,45.75],[84.52,46.0],[84.22,46.25],[84.5,46.64],[85.41,47.0],[85.0,47.29],[84.0,46.9],[81.5,47.94],[79.2,47.5],[77.5,47.78],[77.14,48.0],[78.25,49.09],[78.22,49.5],[79.67,49.75],[76.64,51.25],[73.25,52.43],[71.05,53.75],[67.75,54.85],[63.5,56.94],[59.5,57.55],[57.75,57.38],[55.88,56.5],[54.75,54.53],[54.7,54.0],[54.98,53.75],[54.74,53.0],[55.22,52.25],[56.57,51.0],[56.71,49.75],[55.46,48.25],[55.51,47.5],[56.53,46.5],[56.39,46.0],[57.08,45.0],[56.86,44.5],[58.58,42.0],[60.66,40.5],[61.25,40.32],[62.5,40.41],[63.5,40.9],[64.0,40.74],[65.5,41.09],[66.14,41.0],[66.26,40.75],[67.5,40.15],[68.14,41.5],[69.75,42.28],[69.85,41.25],[70.2,41.0],[69.9,40.75],[70.0,40.37],[71.75,41.29],[72.25,41.31],[72.5,41.06],[73.25,41.15],[73.77,40.75],[73.5,40.15],[73.0,40.52],[71.75,40.31],[71.0,40.43],[69.5,39.72],[68.75,39.83],[67.5,39.17],[67.19,38.75],[67.25,38.38],[68.75,38.77],[70.0,38.66],[70.45,37.5],[71.0,36.9],[70.5,36.92],[69.75,36.52],[69.25,35.74],[68.5,35.52],[68.25,35.92],[66.5,35.47],[66.5,35.77],[65.25,35.5],[65.34,35.25],[66.5,34.86],[68.0,34.7],[70.0,35.64],[71.0,35.69],[71.25,36.06],[72.5,36.68],[73.5,36.73],[74.5,36.42],[74.75,36.77],[75.03,36.5],[74.92,36.0],[76.0,35.8],[76.84,35.25],[76.5,34.73],[77.0,34.67],[77.25,35.28],[77.73,35.0],[77.83,34.5],[77.49,34.25]]}},{"type":"Feature","properties":{"level":1024},"geometry":{"type":"LineString","coordinates":[[103.46,34.75],[104.5,34.71],[104.5,35.22],[105.05,36.25],[106.25,36.87],[106.35,37.25],[105.74,37.5],[105.62,38.0],[106.0,39.12],[105.68,39.0],[105.25,38.26],[103.5,38.04],[102.75,37.6],[100.5,38.41],[99.95,38.25],[100.02,37.75],[101.0,37.18],[101.25,37.76],[101.75,37.36],[102.25,37.36],[103.25,36.84],[103.0,36.25],[102.24,36.25],[102.68,35.5],[102.46,35.25],[102.62,35.0],[103.46,34.75]]}},{"type":"Feature","properties":{"level":1024},"geometry":{"type":"LineString","coordinates":[[82.75,35.09],[82.49,35.5],[83.0,35.54],[83.25,35.96],[84.26,35.75],[83.75,35.29],[82.75,35.09]]}},{"type":"Feature","properties":{"level":1024},"geometry":{"type":"LineString","coordinates":[[142.9,35.25],[144.5,35.47],[147.53,36.5],[149.3,37.75],[149.35,38.25],[147.7,40.0],[144.25,40.24],[143.5,39.96],[142.5,38.97],[141.25,38.46],[141.24,37.25],[140.75,37.0],[140.53,36.25],[140.75,35.83],[141.5,35.84],[142.9,35.25]]}},{"type":"Feature","properties":{"level":1024},"geometry":{"type":"LineString","coordinates":[[94.45,35.5],[95.21,35.5],[96.1,36.0],[95.25,36.03],[95.0,35.69],[94.5,35.9],[94.45,35.5]]}},{"type":"Feature","properties":{"level":1024},"geometry":{"type":"LineString","coordinates":[[92.73,36.25],[93.84,36.25],[93.0,36.43],[92.73,36.25]]}},{"type":"Feature","properties":{"level":1024},"geometry":{"type":"LineString","coordinates":[[74.0,37.42],[73.61,37.75],[73.7,38.0],[74.0,38.58],[74.5,38.63],[74.66,38.5],[74.5,38.25],[75.01,37.5],[74.0,37.42]]}},{"type":"Feature","properties":{"level":1024},"geometry":{"type":"LineString","coordinates":[[95.35,38.0],[96.3,38.25],[95.25,38.27],[95.35,38.0]]}},{"type":"Feature","properties":{"level":1024},"geometry":{"type":"LineString","coordinates":[[90.31,39.0],[90.75,38.76],[92.03,39.0],[90.31,39.0]]}},{"type":"Feature","properties":{"level":1024},"geometry":{"type":"LineString","coordinates":[[92.85,39.25],[94.09,39.25],[93.5,39.46],[92.85,39.25]]}},{"type":"Feature","properties":{"level":1024},"geometry":{"type":"LineString","coordinates":[[139.26,39.5],[140.0,39.45],[140.0,40.59],[139.26,39.5]]}},{"type":"Feature","properties":{"level":1024},"geometry":{"type":"LineString","coordinates":[[42.23,41.0],[43.0,41.1],[43.25,41.71],[42.39,41.75],[42.03,41.25],[42.23,41.0]]}},{"type":"Feature","properties":{"level":1024},"geometry":{"type":"LineString","coordinates":[[94.05,43.0],[94.64,43.0],[93.75,43.43],[93.72,43.75],[92.45,43.5],[94.05,43.0]]}},{"type":"Feature","properties":{"level":1024},"geometry":{"type":"LineString","coordinates":[[88.88,43.25],[90.0,43.16],[90.67,43.5],[90.25,43.69],[90.0,43.48],[88.5,44.13],[87.92,43.75],[88.88,43.25]]}},{"type":"Feature","properties":{"level":1024},"geometry":{"type":"LineString","coordinates":[[85.38,45.25],[85.5,45.09],[86.16,45.25],[85.5,45.52],[85.3,45.5],[85.38,45.25]]}},{"type":"Feature","properties":{"level":1024},"geometry":{"type":"LineString","coordinates":[[86.45,45.25],[86.84,45.25],[86.45,45.25]]}},{"type":"Feature","properties":{"level":1024},"geometry":{"type":"LineString","coordinates":[[90.37,46.5],[91.0,46.3],[91.11,46.5],[89.64,47.75],[88.84,47.75],[90.0,46.54],[90.37,46.5]]}},{"type":"Feature","properties":{"level":1024},"geometry":{"type":"LineString","coordinates":[[84.49,47.75],[85.5,48.26],[88.75,47.79],[88.81,48.0],[87.75,48.51],[86.25,48.56],[84.75,49.01],[84.39,48.75],[84.22,48.0],[84.49,47.75]]}},{"type":"Feature","properties":{"level":1024},"geometry":{"type":"LineString","coordinates":[[80.15,48.25],[81.25,48.06],[82.19,48.25],[82.03,48.5],[81.17,48.5],[81.0,48.71],[79.55,48.5],[80.15,48.25]]}},{"type":"Feature","properties":{"level":1024},"geometry":{"type":"LineString","coordinates":[[115.95,57.0],[116.83,57.0],[117.41,57.25],[117.39,57.5],[117.0,57.91],[115.75,57.98],[115.68,57.75],[116.08,57.25],[115.95,57.0]]}},{"type":"Feature","properties":{"level":1024},"geometry":{"type":"LineString","coordinates":[[-117.51,59.75],[-117.25,59.58],[-116.75,59.85],[-116.09,59.75],[-116.27,60.25],[-115.94,60.5],[-116.43,61.0],[-114.75,61.97],[-112.5,61.76],[-112.0,61.28],[-109.5,60.94],[-108.25,60.93],[-106.25,61.38],[-101.34,63.5],[-100.5,65.75],[-99.19,66.5],[-99.47,67.0],[-100.9,67.75],[-101.02,68.75],[-101.62,69.5],[-101.25,69.75],[-102.75,70.48],[-106.88,71.75],[-109.12,72.0],[-109.75,72.59],[-114.0,72.9],[-117.75,74.15],[-121.5,74.29],[-122.75,74.11],[-123.07,73.75],[-122.55,73.25],[-122.86,73.0],[-122.25,72.8],[-122.19,72.25],[-123.01,72.0],[-123.09,71.25],[-121.25,71.13],[-118.41,70.0],[-118.35,69.5],[-119.0,69.17],[-121.58,69.25],[-122.5,68.57],[-122.02,67.75],[-122.76,67.25],[-122.67,67.0],[-122.92,66.75],[-120.25,66.81],[-119.91,66.75],[-120.13,66.5],[-119.5,66.34],[-118.0,66.39],[-117.19,66.0],[-117.36,65.5],[-116.89,65.0],[-117.5,64.35],[-119.5,64.18],[-119.88,64.25],[-119.09,64.5],[-119.75,64.62],[-120.25,64.32],[-121.75,64.28],[-122.51,63.75],[-122.0,63.58],[-121.84,63.25],[-123.75,62.59],[-124.36,62.0],[-123.59,61.25],[-123.82,60.75],[-123.5,60.58],[-122.75,60.85],[-120.5,60.61],[-120.0,60.23],[-117.5,60.08],[-117.51,59.75]]}},{"type":"Feature","properties":{"level":1024},"geometry":{"type":"LineString","coordinates":[[-139.77,60.25],[-138.54,60.5],[-139.0,61.01],[-141.5,61.54],[-141.75,60.95],[-142.65,60.75],[-141.75,60.41],[-140.5,60.66],[-139.77,60.25]]}},{"type":"Feature","properties":{"level":1024},"geometry":{"type":"LineString","coordinates":[[-143.61,61.75],[-142.75,61.71],[-142.57,62.0],[-143.5,62.07],[-143.61,61.75]]}},{"type":"Feature","properties":{"level":1024},"geometry":{"type":"LineString","coordinates":[[-130.36,62.75],[-129.75,62.56],[-129.25,62.82],[-128.75,62.66],[-128.31,63.0],[-127.75,62.93],[-126.87,63.25],[-127.25,63.45],[-128.75,63.26],[-128.65,63.75],[-129.0,63.82],[-130.25,63.42],[-130.81,63.0],[-130.36,62.75]]}},{"type":"Feature","properties":{"level":1024},"geometry":{"type":"LineString","coordinates":[[-124.96,63.25],[-124.5,63.01],[-123.75,63.04],[-123.37,63.5],[-123.69,64.0],[-124.25,64.2],[-125.0,63.81],[-124.96,63.25]]}},{"type":"Feature","properties":{"level":1024},"geometry":{"type":"LineString","coordinates":[[-132.69,64.0],[-132.25,63.8],[-131.5,64.13],[-131.0,63.79],[-129.25,64.24],[-128.93,64.75],[-130.25,65.08],[-133.5,65.06],[-133.25,64.75],[-132.44,64.5],[-133.09,64.25],[-132.69,64.0]]}},{"type":"Feature","properties":{"level":1024},"geometry":{"type":"LineString","coordinates":[[-40.74,69.0],[-40.5,68.82],[-39.54,69.0],[-37.0,70.07],[-35.0,70.15],[-31.89,70.75],[-31.28,71.25],[-31.66,71.75],[-31.59,72.0],[-30.75,72.69],[-30.75,73.05],[-30.25,72.94],[-29.25,73.18],[-28.55,73.75],[-29.0,73.94],[-29.75,73.6],[-30.25,73.75],[-29.0,74.13],[-27.15,75.25],[-27.33,76.25],[-27.09,76.75],[-35.75,79.51],[-39.75,79.97],[-42.5,79.97],[-43.23,79.75],[-43.54,79.0],[-44.0,78.57],[-49.78,76.0],[-50.61,75.0],[-50.63,74.25],[-49.94,73.5],[-48.75,72.75],[-48.71,72.25],[-46.5,71.57],[-43.75,71.23],[-40.75,70.54],[-40.5,70.0],[-40.74,69.0]]}},{"type":"Feature","properties":{"level":1028},"geometry":{"type":"LineString","coordinates":[[-59.03,-52.25],[-56.5,-52.15],[-54.5,-51.76],[-50.22,-50.0],[-47.29,-48.0],[-44.82,-45.75],[-43.32,-43.5],[-44.25,-42.66],[-45.25,-42.31],[-48.5,-42.0],[-59.5,-41.96],[-63.0,-42.23],[-63.9,-42.5],[-64.37,-43.25],[-64.83,-45.5],[-64.88,-47.5],[-64.29,-49.25],[-63.16,-50.5],[-61.34,-51.75],[-60.75,-52.04],[-59.03,-52.25]]}},{"type":"Feature","properties":{"level":1028},"geometry":{"type":"LineString","coordinates":[[-180.0,-51.72],[-175.75,-51.39],[-171.0,-49.97],[-167.19,-48.25],[-161.97,-44.75],[-160.86,-43.5],[-160.6,-41.75],[-155.28,-38.25],[-153.62,-36.25],[-153.38,-34.25],[-152.85,-33.25],[-153.19,-31.5],[-153.75,-30.08],[-154.5,-29.24],[-158.0,-28.68],[-161.48,-29.25],[-162.75,-29.73],[-163.75,-30.37],[-164.79,-31.75],[-164.77,-33.25],[-165.65,-36.75],[-166.52,-38.25],[-167.27,-39.0],[-169.5,-39.98],[-175.0,-40.7],[-176.75,-41.15],[-178.69,-42.0],[-180.0,-42.98]]}},{"type":"Feature","properties":{"level":1028},"geometry":{"type":"LineString","coordinates":[[73.18,-50.75],[77.5,-50.73],[80.75,-49.96],[82.37,-49.25],[84.11,-48.0],[86.51,-45.5],[86.93,-44.0],[88.02,-42.0],[88.45,-40.0],[90.41,-37.5],[90.66,-36.25],[90.65,-34.5],[90.09,-32.0],[89.12,-29.75],[87.87,-28.25],[85.75,-27.37],[85.0,-27.28],[84.25,-27.48],[83.75,-27.28],[82.0,-27.29],[78.25,-27.73],[71.0,-30.68],[67.5,-32.58],[65.25,-33.06],[64.75,-33.4],[62.5,-33.78],[60.25,-33.53],[57.25,-32.48],[55.25,-32.34],[54.5,-32.02],[52.75,-32.53],[51.51,-33.5],[50.25,-33.83],[49.75,-35.91],[48.59,-36.25],[49.26,-37.75],[50.73,-39.0],[51.63,-40.25],[52.5,-40.53],[56.25,-43.16],[61.0,-45.64],[66.48,-47.5],[68.75,-49.31],[69.25,-49.22],[71.75,-50.41],[73.18,-50.75]]}},{"type":"Feature","properties":{"level":1028},"geometry":{"type":"LineString","coordinates":[[180.0,-42.98],[175.0,-44.89],[173.46,-45.75],[172.76,-46.75],[172.36,-49.0],[173.21,-50.25],[174.71,-51.0],[177.25,-51.62],[180.0,-51.72]]}},{"type":"Feature","properties":{"level":1028},"geometry":{"type":"LineString","coordinates":[[-69.6,-29.5],[-69.42,-28.75],[-69.13,-28.5],[-69.25,-28.28],[-69.76,-29.0],[-69.6,-29.5]]}},{"type":"Feature","properties":{"level":1028},"geometry":{"type":"LineString","coordinates":[[80.62,35.5],[81.38,35.5],[78.75,36.55],[78.5,36.31],[78.46,36.75],[76.75,36.83],[75.75,37.35],[75.55,37.0],[75.75,36.33],[76.0,36.22],[76.5,36.1],[77.25,36.65],[78.75,35.92],[79.25,36.01],[80.62,35.5]]}},{"type":"Feature","properties":{"level":1028},"geometry":{"type":"LineString","coordinates":[[-31.03,36.0],[-28.75,35.79],[-26.5,35.96],[-24.0,36.72],[-14.5,42.67],[-10.5,44.29],[-8.25,44.6],[-3.25,44.39],[-2.0,44.07],[-1.49,43.5],[-2.89,43.0],[-2.5,42.79],[-1.25,43.15],[0.75,42.76],[0.94,43.0],[0.48,43.5],[0.76,43.75],[0.52,44.25],[1.25,45.14],[2.5,45.25],[3.0,44.84],[3.75,45.1],[4.0,44.76],[4.5,45.17],[4.75,45.92],[5.23,46.0],[5.75,46.73],[6.25,46.97],[8.76,47.25],[9.5,47.58],[13.25,47.7],[14.83,48.0],[14.78,48.25],[14.38,48.25],[13.99,48.75],[13.5,48.91],[12.25,48.69],[11.0,48.88],[8.25,48.56],[7.75,47.9],[7.5,47.87],[7.0,48.39],[5.75,48.09],[5.0,48.48],[3.75,48.25],[-5.25,49.21],[-8.25,49.23],[-12.75,48.96],[-18.25,47.95],[-23.25,47.6],[-23.75,47.75],[-22.9,48.5],[-22.97,49.0],[-23.29,49.25],[-27.73,50.75],[-31.25,50.95],[-35.11,50.5],[-37.13,49.75],[-37.23,48.75],[-38.04,47.75],[-38.14,47.25],[-37.51,46.75],[-36.25,46.56],[-35.25,46.01],[-32.41,45.25],[-32.43,45.0],[-34.2,43.75],[-35.11,42.0],[-35.23,40.5],[-33.75,37.66],[-31.75,36.26],[-31.03,36.0]]}},{"type":"Feature","properties":{"level":1028},"geometry":{"type":"LineString","coordinates":[[71.24,38.5],[71.75,38.61],[72.5,38.36],[72.61,38.75],[71.75,39.13],[71.24,38.5]]}},{"type":"Feature","properties":{"level":1028},"geometry":{"type":"LineString","coordinates":[[-6.01,42.0],[-3.25,43.25],[-5.25,43.44],[-6.77,43.25],[-6.79,42.75],[-6.49,42.5],[-6.77,42.25],[-6.01,42.0]]}},{"type":"Feature","properties":{"level":1028},"geometry":{"type":"LineString","coordinates":[[79.93,42.0],[81.0,42.0],[81.38,42.25],[80.75,42.38],[79.93,42.0]]}},{"type":"Feature","properties":{"level":1028},"geometry":{"type":"LineString","coordinates":[[84.32,42.5],[84.75,42.49],[85.0,42.79],[85.75,42.73],[85.83,43.0],[84.88,43.25],[85.07,43.5],[84.25,43.56],[84.67,43.25],[83.75,43.1],[83.32,42.75],[84.32,42.5]]}},{"type":"Feature","properties":{"level":1028},"geometry":{"type":"LineString","coordinates":[[76.92,42.75],[78.17,42.75],[76.92,42.75]]}},{"type":"Feature","properties":{"level":1028},"geometry":{"type":"LineString","coordinates":[[-156.9,43.75],[-152.5,43.59],[-150.75,43.86],[-149.54,44.5],[-148.78,45.75],[-149.43,47.0],[-149.54,48.0],[-150.36,48.75],[-151.16,48.75],[-151.5,49.15],[-153.0,49.55],[-155.25,49.16],[-158.07,48.0],[-159.25,47.15],[-160.61,45.5],[-159.75,44.68],[-156.9,43.75]]}},{"type":"Feature","properties":{"level":1028},"geometry":{"type":"LineString","coordinates":[[82.57,44.0],[83.75,43.79],[83.98,44.0],[82.57,44.0]]}},{"type":"Feature","properties":{"level":1028},"geometry":{"type":"LineString","coordinates":[[64.35,49.5],[65.25,49.45],[67.0,49.88],[68.75,49.79],[69.28,50.0],[68.1,51.0],[64.75,52.2],[62.25,52.18],[61.6,51.25],[62.15,50.25],[63.25,49.69],[64.35,49.5]]}},{"type":"Feature","properties":{"level":1028},"geometry":{"type":"LineString","coordinates":[[-39.87,69.75],[-39.25,69.7],[-36.75,70.69],[-34.5,70.82],[-32.86,71.25],[-31.2,73.5],[-28.67,75.0],[-28.34,76.0],[-28.42,76.5],[-28.83,76.75],[-34.28,77.75],[-39.25,78.05],[-44.81,77.5],[-47.93,76.25],[-48.89,75.5],[-49.15,74.75],[-46.89,72.5],[-45.52,72.0],[-42.39,71.5],[-39.79,70.75],[-39.54,70.5],[-39.87,69.75]]}},{"type":"Feature","properties":{"level":1032},"geometry":{"type":"LineString","coordinates":[[-58.36,-49.25],[-56.0,-49.37],[-53.74,-48.75],[-52.15,-47.75],[-51.51,-47.0],[-51.31,-46.25],[-51.47,-45.25],[-52.75,-44.94],[-56.0,-44.93],[-58.95,-45.5],[-59.9,-46.25],[-60.13,-46.75],[-59.52,-48.5],[-58.36,-49.25]]}},{"type":"Feature","properties":{"level":1032},"geometry":{"type":"LineString","coordinates":[[73.49,-48.5],[75.25,-48.65],[77.25,-48.4],[78.5,-47.95],[80.25,-47.28],[81.39,-46.5],[82.07,-46.0],[82.09,-45.5],[82.81,-45.0],[83.02,-44.25],[82.94,-43.25],[83.31,-42.25],[83.35,-40.75],[85.84,-37.5],[85.72,-35.75],[84.91,-34.0],[84.4,-33.5],[81.06,-31.5],[79.0,-31.36],[74.75,-32.21],[73.0,-33.03],[65.5,-35.46],[62.0,-35.99],[58.5,-36.09],[56.38,-37.75],[56.39,-38.5],[56.97,-39.25],[56.75,-39.7],[56.25,-39.79],[55.95,-40.25],[58.0,-42.0],[64.25,-44.77],[68.5,-45.78],[70.88,-47.5],[72.4,-48.25],[73.49,-48.5]]}},{"type":"Feature","properties":{"level":1032},"geometry":{"type":"LineString","coordinates":[[-177.9,-48.0],[-177.14,-48.0],[-174.52,-47.0],[-175.5,-46.7],[-176.68,-46.75],[-178.41,-47.75],[-177.9,-48.0]]}},{"type":"Feature","properties":{"level":1032},"geometry":{"type":"LineString","coordinates":[[-26.8,40.75],[-25.0,40.82],[-23.45,41.25],[-20.52,42.75],[-18.68,44.25],[-19.25,44.55],[-21.5,44.51],[-26.0,43.64],[-27.62,42.75],[-28.12,42.0],[-28.0,41.26],[-27.73,41.0],[-26.8,40.75]]}},{"type":"Feature","properties":{"level":1032},"geometry":{"type":"LineString","coordinates":[[-38.34,70.75],[-37.75,70.71],[-36.25,71.16],[-33.5,72.3],[-32.68,73.0],[-30.39,74.25],[-29.98,74.75],[-29.8,75.75],[-30.5,76.27],[-33.0,76.54],[-37.25,76.77],[-43.25,76.4],[-45.5,76.7],[-46.41,76.5],[-47.67,75.5],[-47.71,75.25],[-45.0,72.59],[-43.75,72.1],[-38.53,71.0],[-38.34,70.75]]}},{"type":"Feature","properties":{"level":1036},"geometry":{"type":"LineString","coordinates":[[70.35,-42.5],[71.75,-42.46],[76.02,-40.75],[76.88,-39.75],[76.93,-39.25],[77.93,-38.5],[77.88,-37.5],[76.89,-36.75],[75.75,-36.36],[73.0,-36.41],[70.5,-36.99],[65.09,-39.0],[63.65,-40.5],[63.62,-41.25],[64.25,-41.56],[67.75,-42.37],[70.35,-42.5]]}},{"type":"Feature","properties":{"level":1036},"geometry":{"type":"LineString","coordinates":[[-38.63,71.5],[-37.25,71.3],[-36.89,72.25],[-36.49,72.5],[-34.25,73.12],[-31.5,74.15],[-31.12,74.5],[-32.75,75.32],[-34.25,75.63],[-39.25,75.6],[-45.0,76.2],[-46.0,76.05],[-46.4,75.75],[-44.35,73.25],[-43.25,72.5],[-41.0,71.8],[-38.63,71.5]]}},{"type":"Feature","properties":{"level":1040},"geometry":{"type":"LineString","coordinates":[[-40.77,72.0],[-37.75,71.82],[-37.19,72.5],[-35.1,73.25],[-33.68,74.25],[-33.83,74.5],[-36.25,75.11],[-40.0,75.1],[-44.88,75.75],[-44.58,74.75],[-43.78,73.5],[-42.12,72.5],[-40.77,72.0]]}},{"type":"Feature","properties":{"level":1044},"geometry":{"type":"LineString","coordinates":[[-41.08,72.5],[-40.56,72.75],[-41.88,73.0],[-41.08,72.5]]}},{"type":"Feature","properties":{"level":1044},"geometry":{"type":"LineString","coordinates":[[-37.37,72.75],[-35.79,73.25],[-35.5,73.75],[-36.1,74.25],[-41.37,74.75],[-41.25,74.25],[-40.57,73.75],[-37.37,72.75]]}},{"type":"Feature","properties":{"level":1044},"geometry":{"type":"LineString","coordinates":[[-42.96,73.75],[-42.5,73.68],[-42.14,74.0],[-43.0,74.44],[-43.26,74.25],[-42.96,73.75]]}},{"type":"Feature","properties":{"level":1048},"geometry":{"type":"LineString","coordinates":[[-36.85,73.25],[-36.61,73.25],[-36.64,73.5],[-39.25,74.15],[-39.88,74.0],[-36.85,73.25]]}}]}