{"type":"FeatureCollection","features":[{"type":"Feature","properties":{"level":924},"geometry":{"type":"LineString","coordinates":[[-135.5,-68.27],[-135.72,-68.0],[-135.24,-67.75],[-133.83,-68.0],[-133.96,-68.25],[-134.5,-68.39],[-135.5,-68.27]]}},{"type":"Feature","properties":{"level":928},"geometry":{"type":"LineString","coordinates":[[-136.0,-69.04],[-137.43,-68.5],[-137.63,-68.25],[-137.55,-67.75],[-136.59,-67.25],[-134.75,-67.11],[-133.25,-67.41],[-132.41,-68.0],[-132.51,-68.5],[-133.25,-68.88],[-136.0,-69.04]]}},{"type":"Feature","properties":{"level":932},"geometry":{"type":"LineString","coordinates":[[-136.25,-70.01],[-137.7,-69.75],[-139.0,-69.19],[-139.66,-68.5],[-139.62,-67.75],[-139.07,-67.25],[-138.0,-66.81],[-135.0,-66.52],[-132.0,-67.13],[-130.89,-67.75],[-130.5,-68.25],[-130.78,-69.0],[-132.0,-69.66],[-134.0,-70.02],[-136.25,-70.01]]}},{"type":"Feature","properties":{"level":936},"geometry":{"type":"LineString","coordinates":[[-134.75,-71.01],[-137.75,-70.68],[-140.25,-69.97],[-141.66,-69.0],[-141.94,-68.25],[-141.79,-67.75],[-141.05,-67.0],[-139.25,-66.24],[-137.0,-65.84],[-134.75,-65.82],[-130.75,-66.77],[-129.46,-67.5],[-128.65,-68.5],[-128.81,-69.5],[-130.25,-70.45],[-132.25,-70.99],[-134.75,-71.01]]}},{"type":"Feature","properties":{"level":940},"geometry":{"type":"LineString","coordinates":[[-137.0,-71.75],[-140.13,-71.25],[-142.78,-70.25],[-144.07,-69.0],[-143.99,-67.75],[-142.7,-66.5],[-140.75,-65.6],[-138.0,-65.09],[-135.25,-65.08],[-132.5,-65.51],[-129.25,-66.63],[-127.02,-68.0],[-126.19,-69.25],[-126.14,-70.0],[-126.39,-70.5],[-128.25,-71.36],[-133.25,-71.86],[-137.0,-71.75]]}},{"type":"Feature","properties":{"level":944},"geometry":{"type":"LineString","coordinates":[[-136.0,-72.51],[-140.62,-72.0],[-144.25,-70.83],[-145.25,-70.25],[-145.94,-69.5],[-146.17,-68.75],[-145.94,-67.75],[-144.46,-66.25],[-142.0,-65.12],[-139.0,-64.49],[-135.5,-64.4],[-131.5,-65.09],[-127.35,-66.5],[-124.52,-68.0],[-123.3,-69.5],[-123.38,-70.25],[-123.87,-71.0],[-125.5,-71.76],[-130.5,-72.51],[-136.0,-72.51]]}},{"type":"Feature","properties":{"level":948},"geometry":{"type":"LineString","coordinates":[[-127.75,-73.57],[-127.98,-73.5],[-127.34,-73.5],[-127.75,-73.57]]}},{"type":"Feature","properties":{"level":948},"geometry":{"type":"LineString","coordinates":[[-129.5,-73.26],[-136.5,-73.21],[-143.25,-72.25],[-145.61,-71.5],[-147.02,-70.75],[-148.03,-69.75],[-148.29,-68.5],[-147.81,-67.5],[-146.88,-66.5],[-143.75,-64.8],[-140.75,-63.99],[-136.25,-63.73],[-132.5,-64.16],[-127.36,-65.5],[-123.0,-67.5],[-121.62,-68.5],[-121.07,-69.25],[-120.74,-71.0],[-121.55,-71.75],[-123.85,-72.5],[-127.0,-72.81],[-127.96,-73.0],[-128.25,-73.28],[-129.5,-73.26]]}},{"type":"Feature","properties":{"level":952},"geometry":{"type":"LineString","coordinates":[[-137.0,-74.01],[-143.0,-73.34],[-147.75,-72.03],[-149.59,-71.0],[-150.29,-70.25],[-150.69,-69.25],[-150.5,-68.25],[-149.87,-67.25],[-148.75,-66.2],[-146.81,-65.0],[-144.93,-64.25],[-140.0,-63.23],[-134.75,-63.1],[-129.0,-64.13],[-123.25,-66.16],[-119.44,-68.25],[-118.67,-69.0],[-117.31,-71.25],[-118.06,-72.25],[-119.25,-72.71],[-124.75,-73.28],[-126.0,-73.15],[-126.75,-73.4],[-127.0,-73.77],[-128.25,-74.03],[-137.0,-74.01]]}},{"type":"Feature","properties":{"level":956},"geometry":{"type":"LineString","coordinates":[[-133.5,-75.26],[-134.75,-74.79],[-136.0,-75.23],[-137.5,-74.9],[-138.25,-75.08],[-145.0,-74.18],[-148.25,-73.37],[-151.0,-72.17],[-152.66,-71.0],[-153.39,-70.0],[-153.37,-68.75],[-152.66,-67.5],[-151.5,-66.49],[-149.25,-65.12],[-146.5,-63.92],[-140.75,-62.56],[-137.25,-62.25],[-134.5,-62.32],[-130.75,-62.91],[-126.25,-64.03],[-118.75,-66.91],[-116.32,-67.5],[-116.07,-67.75],[-116.1,-68.75],[-115.29,-69.75],[-112.83,-72.0],[-111.49,-72.5],[-113.0,-72.88],[-119.6,-73.5],[-122.75,-74.21],[-124.25,-74.16],[-128.25,-74.84],[-131.75,-74.86],[-132.75,-75.32],[-133.5,-75.26]]}},{"type":"Feature","properties":{"level":956},"geometry":{"type":"LineString","coordinates":[[83.25,-63.0],[80.75,-62.65],[79.07,-62.0],[78.16,-61.0],[78.35,-60.0],[79.75,-58.95],[81.5,-58.25],[87.0,-57.6],[90.5,-57.9],[93.25,-58.82],[96.23,-59.0],[97.22,-59.5],[97.62,-60.25],[96.9,-60.75],[94.25,-61.32],[91.5,-62.53],[89.75,-62.97],[87.0,-63.15],[83.25,-63.0]]}},{"type":"Feature","properties":{"level":960},"geometry":{"type":"LineString","coordinates":[[-142.75,-76.02],[-146.0,-75.86],[-151.0,-74.34],[-153.7,-73.25],[-155.02,-72.5],[-156.44,-71.25],[-156.95,-70.25],[-156.78,-69.25],[-155.85,-68.0],[-154.04,-66.5],[-151.5,-65.0],[-148.5,-63.64],[-142.25,-61.94],[-138.75,-61.49],[-136.0,-61.42],[-128.25,-62.56],[-122.0,-64.4],[-115.0,-67.09],[-114.25,-67.54],[-113.94,-68.25],[-112.88,-69.25],[-111.75,-70.0],[-108.75,-71.4],[-105.67,-72.25],[-108.22,-73.0],[-114.25,-73.79],[-115.0,-74.08],[-118.0,-74.2],[-118.75,-74.53],[-126.0,-75.13],[-129.75,-75.79],[-131.5,-75.57],[-133.25,-75.99],[-142.75,-76.02]]}},{"type":"Feature","properties":{"level":960},"geometry":{"type":"LineString","coordinates":[[180.0,-65.07],[176.86,-65.25],[174.75,-64.93],[173.7,-64.5],[174.75,-63.77],[176.49,-63.25],[180.0,-62.7]]}},{"type":"Feature","properties":{"level":960},"geometry":{"type":"LineString","coordinates":[[82.75,-64.02],[79.75,-63.56],[77.5,-62.69],[76.29,-61.5],[76.14,-60.75],[76.36,-60.0],[77.75,-58.75],[80.01,-57.75],[82.75,-57.07],[87.0,-56.52],[91.5,-56.8],[96.75,-57.86],[101.0,-58.31],[101.93,-58.75],[101.48,-59.75],[100.5,-60.63],[96.66,-63.25],[89.25,-64.13],[82.75,-64.02]]}},{"type":"Feature","properties":{"level":960},"geometry":{"type":"LineString","coordinates":[[-180.0,-62.7],[-178.25,-62.83],[-177.25,-63.15],[-176.95,-63.5],[-178.17,-64.5],[-180.0,-65.07]]}},{"type":"Feature","properties":{"level":964},"geometry":{"type":"LineString","coordinates":[[-136.0,-78.26],[-136.64,-78.0],[-137.81,-77.0],[-138.75,-76.83],[-140.25,-76.86],[-141.0,-77.27],[-144.5,-77.81],[-148.0,-78.07],[-150.5,-78.03],[-153.5,-77.52],[-157.39,-77.5],[-157.72,-77.25],[-157.54,-77.0],[-155.94,-76.25],[-155.88,-75.75],[-160.58,-72.75],[-161.38,-71.75],[-161.34,-70.5],[-160.52,-69.25],[-157.55,-67.0],[-154.17,-65.0],[-151.48,-63.75],[-148.0,-62.43],[-144.5,-61.47],[-140.59,-60.75],[-137.5,-60.61],[-126.68,-61.75],[-117.25,-64.76],[-112.91,-67.0],[-110.37,-69.0],[-109.13,-69.5],[-104.75,-70.9],[-100.41,-71.25],[-101.92,-72.25],[-103.75,-72.98],[-106.0,-73.46],[-112.0,-74.42],[-113.75,-74.22],[-117.0,-74.81],[-124.25,-75.54],[-127.25,-76.33],[-132.75,-77.14],[-134.25,-77.64],[-135.0,-78.16],[-136.0,-78.26]]}},{"type":"Feature","properties":{"level":964},"geometry":{"type":"LineString","coordinates":[[180.0,-66.28],[176.75,-66.51],[169.25,-66.17],[167.4,-65.75],[166.87,-65.0],[167.34,-64.25],[169.84,-63.25],[175.17,-61.75],[180.0,-60.89]]}},{"type":"Feature","properties":{"level":964},"geometry":{"type":"LineString","coordinates":[[81.5,-65.03],[77.5,-64.28],[75.17,-63.25],[74.33,-62.5],[73.91,-61.75],[73.79,-61.0],[74.11,-60.0],[75.5,-58.64],[79.25,-56.89],[82.5,-56.15],[87.5,-55.64],[92.5,-55.91],[98.0,-56.84],[101.0,-57.06],[103.71,-58.25],[104.14,-58.75],[103.31,-60.25],[101.3,-62.75],[100.13,-63.5],[98.75,-63.92],[91.0,-64.94],[85.5,-65.18],[81.5,-65.03]]}},{"type":"Feature","properties":{"level":964},"geometry":{"type":"LineString","coordinates":[[-180.0,-60.89],[-175.5,-60.86],[-173.26,-61.25],[-172.56,-61.75],[-173.13,-62.75],[-175.25,-64.84],[-177.0,-65.6],[-180.0,-66.28]]}},{"type":"Feature","properties":{"level":964},"geometry":{"type":"LineString","coordinates":[[-98.25,12.38],[-98.25,12.71],[-97.97,12.5],[-98.25,12.38]]}},{"type":"Feature","properties":{"level":968},"geometry":{"type":"LineString","coordinates":[[-137.75,-81.5],[-139.75,-81.03],[-142.52,-81.0],[-141.46,-80.75],[-146.83,-80.75],[-162.75,-77.82],[-164.21,-77.0],[-167.0,-73.71],[-168.14,-71.75],[-168.39,-70.5],[-167.32,-69.0],[-165.6,-68.0],[-161.25,-66.63],[-150.5,-62.28],[-144.5,-60.45],[-141.5,-59.97],[-138.5,-59.82],[-126.5,-60.79],[-120.75,-62.18],[-116.5,-63.87],[-109.0,-68.03],[-107.0,-68.86],[-102.5,-69.99],[-97.75,-70.14],[-97.02,-70.5],[-97.2,-71.0],[-99.0,-72.0],[-99.04,-72.25],[-101.14,-73.0],[-101.11,-73.25],[-102.5,-73.64],[-102.84,-74.0],[-107.5,-74.62],[-110.25,-74.57],[-111.5,-74.94],[-115.75,-75.15],[-124.25,-76.22],[-126.0,-76.91],[-126.0,-77.26],[-126.54,-77.75],[-128.77,-78.75],[-128.82,-79.25],[-129.31,-80.0],[-129.29,-80.75],[-137.75,-81.5]]}},{"type":"Feature","properties":{"level":968},"geometry":{"type":"LineString","coordinates":[[-138.67,-79.75],[-137.75,-79.77],[-137.25,-79.5],[-138.0,-79.35],[-139.21,-79.5],[-138.67,-79.75]]}},{"type":"Feature","properties":{"level":968},"geometry":{"type":"LineString","coordinates":[[-47.0,-71.83],[-47.4,-71.5],[-47.04,-71.25],[-42.75,-70.68],[-41.85,-69.75],[-42.0,-69.07],[-42.59,-68.5],[-41.98,-67.75],[-41.0,-67.35],[-37.53,-67.25],[-33.75,-67.67],[-33.05,-68.0],[-33.11,-68.5],[-33.83,-69.0],[-39.39,-71.0],[-43.25,-71.7],[-47.0,-71.83]]}},{"type":"Feature","properties":{"level":968},"geometry":{"type":"LineString","coordinates":[[180.0,-68.01],[176.0,-68.13],[165.25,-67.74],[162.34,-66.75],[161.64,-66.25],[161.12,-65.5],[160.19,-65.0],[159.95,-64.5],[160.52,-63.75],[180.0,-59.85]]}},{"type":"Feature","properties":{"level":968},"geometry":{"type":"LineString","coordinates":[[79.25,-66.02],[76.5,-65.58],[73.75,-64.67],[72.0,-63.58],[71.14,-62.25],[71.25,-60.75],[72.25,-59.2],[73.83,-57.75],[77.0,-56.37],[82.5,-55.16],[85.25,-54.86],[88.75,-54.72],[92.75,-54.89],[101.75,-56.26],[105.25,-57.59],[105.82,-58.25],[105.62,-59.75],[104.46,-62.5],[103.5,-63.29],[101.5,-64.14],[97.75,-65.0],[90.0,-65.89],[83.0,-66.24],[79.25,-66.02]]}},{"type":"Feature","properties":{"level":968},"geometry":{"type":"LineString","coordinates":[[-180.0,-59.85],[-177.0,-59.48],[-173.75,-59.42],[-170.25,-59.9],[-169.96,-60.0],[-169.74,-60.5],[-170.46,-63.0],[-170.46,-63.75],[-172.17,-65.75],[-176.0,-67.36],[-180.0,-68.01]]}},{"type":"Feature","properties":{"level":968},"geometry":{"type":"LineString","coordinates":[[-98.25,12.31],[-98.43,12.5],[-98.25,12.79],[-97.92,12.5],[-98.25,12.31]]}},{"type":"Feature","properties":{"level":972},"geometry":{"type":"LineString","coordinates":[[180.0,-77.94],[176.84,-76.25],[175.75,-75.31],[176.8,-74.0],[176.81,-73.25],[176.5,-72.75],[174.18,-71.0],[171.25,-69.97],[160.25,-68.58],[156.5,-66.82],[153.09,-64.75],[151.75,-63.5],[163.0,-62.24],[180.0,-58.9]]}},{"type":"Feature","properties":{"level":972},"geometry":{"type":"LineString","coordinates":[[-45.75,-73.26],[-49.25,-72.78],[-50.9,-72.0],[-51.22,-71.5],[-51.17,-71.0],[-50.22,-70.0],[-50.13,-69.5],[-52.0,-68.06],[-51.91,-67.5],[-50.25,-66.61],[-46.56,-65.5],[-42.5,-64.8],[-40.0,-64.67],[-37.5,-64.96],[-35.0,-65.57],[-28.0,-66.08],[-27.5,-66.25],[-26.56,-67.25],[-26.25,-68.25],[-27.14,-69.0],[-30.0,-70.58],[-34.61,-72.25],[-40.5,-73.2],[-45.75,-73.26]]}},{"type":"Feature","properties":{"level":972},"geometry":{"type":"LineString","coordinates":[[168.25,-71.79],[168.09,-71.75],[168.25,-71.56],[169.13,-71.75],[168.25,-71.79]]}},{"type":"Feature","properties":{"level":972},"geometry":{"type":"LineString","coordinates":[[79.0,-67.52],[75.25,-67.01],[72.0,-66.1],[69.51,-64.75],[68.13,-63.25],[68.03,-61.5],[68.93,-59.5],[70.5,-57.54],[72.5,-55.94],[74.0,-55.13],[77.0,-54.6],[84.75,-53.88],[89.25,-53.73],[91.75,-53.87],[101.5,-55.28],[105.5,-56.26],[106.49,-57.0],[107.3,-58.25],[107.6,-60.75],[107.07,-62.0],[105.97,-63.25],[103.43,-64.5],[99.98,-65.5],[89.5,-67.25],[88.0,-67.08],[83.5,-67.64],[79.0,-67.52]]}},{"type":"Feature","properties":{"level":972},"geometry":{"type":"LineString","coordinates":[[-180.0,-58.9],[-173.75,-58.17],[-170.75,-58.31],[-168.25,-58.74],[-167.87,-59.0],[-167.38,-60.75],[-166.45,-62.25],[-164.75,-63.5],[-162.0,-64.08],[-159.0,-63.59],[-155.5,-62.68],[-146.25,-59.89],[-141.75,-59.12],[-134.75,-59.08],[-123.0,-60.25],[-115.72,-62.75],[-112.32,-64.5],[-109.25,-66.4],[-106.25,-67.71],[-101.25,-68.98],[-95.75,-69.3],[-94.75,-69.73],[-94.44,-70.25],[-94.88,-71.25],[-96.47,-72.5],[-98.69,-73.25],[-99.45,-74.0],[-98.64,-74.5],[-99.25,-74.85],[-103.25,-75.13],[-106.5,-75.76],[-110.25,-75.5],[-112.12,-76.0],[-112.15,-76.5],[-112.75,-76.62],[-118.37,-76.25],[-118.01,-76.75],[-118.25,-76.86],[-120.0,-76.83],[-123.01,-77.25],[-126.11,-79.0],[-122.82,-81.25],[-121.06,-81.75],[-124.09,-82.25],[-124.39,-83.0],[-124.75,-83.08],[-131.5,-84.08],[-137.0,-84.34],[-145.5,-84.3],[-158.5,-83.67],[-166.92,-82.75],[-170.68,-82.0],[-170.0,-81.59],[-167.85,-81.25],[-168.25,-80.97],[-171.0,-80.49],[-174.0,-80.47],[-177.99,-79.25],[-180.0,-77.94]]}},{"type":"Feature","properties":{"level":972},"geometry":{"type":"LineString","coordinates":[[-98.25,12.23],[-98.5,12.5],[-98.25,12.85],[-97.86,12.5],[-98.25,12.23]]}},{"type":"Feature","properties":{"level":976},"geometry":{"type":"LineString","coordinates":[[173.0,-85.0],[173.5,-84.84],[175.22,-85.0],[173.0,-85.0]]}},{"type":"Feature","properties":{"level":976},"geometry":{"type":"LineString","coordinates":[[180.0,-84.83],[177.75,-84.77],[176.75,-84.41],[176.45,-84.5],[176.9,-84.75],[176.25,-84.82],[175.5,-84.53],[173.25,-84.33],[173.25,-84.13],[173.74,-84.0],[173.5,-83.65],[172.56,-83.5],[170.65,-82.5],[169.73,-81.75],[169.58,-81.5],[170.9,-80.0],[171.68,-78.0],[170.25,-76.48],[169.75,-76.49],[169.25,-76.13],[168.59,-75.25],[170.36,-73.75],[169.5,-72.85],[168.25,-72.75],[167.5,-72.97],[165.87,-72.75],[166.03,-73.0],[165.75,-73.42],[164.25,-72.93],[163.25,-72.89],[163.03,-73.0],[163.25,-73.24],[164.11,-73.5],[162.25,-73.84],[161.91,-73.25],[162.58,-73.0],[163.18,-71.75],[162.61,-71.5],[162.74,-71.25],[162.25,-70.59],[161.75,-70.31],[160.25,-70.71],[158.42,-70.5],[157.43,-70.25],[157.17,-70.0],[157.5,-69.75],[157.25,-69.64],[155.25,-69.38],[152.16,-68.5],[151.37,-67.25],[148.99,-65.5],[144.17,-63.0],[144.29,-62.25],[144.86,-61.25],[146.25,-60.75],[148.0,-60.78],[151.5,-61.54],[153.75,-61.78],[160.5,-61.55],[169.51,-60.25],[180.0,-58.02]]}},{"type":"Feature","properties":{"level":976},"geometry":{"type":"LineString","coordinates":[[167.75,-84.25],[166.16,-84.0],[168.25,-83.51],[169.62,-83.75],[169.5,-84.16],[168.5,-83.84],[168.01,-84.0],[168.24,-84.25],[167.75,-84.25]]}},{"type":"Feature","properties":{"level":976},"geometry":{"type":"LineString","coordinates":[[170.5,-83.53],[170.3,-83.5],[170.5,-83.21],[170.94,-83.5],[170.5,-83.53]]}},{"type":"Feature","properties":{"level":976},"geometry":{"type":"LineString","coordinates":[[165.75,-83.28],[165.09,-83.0],[165.5,-82.55],[166.31,-83.25],[165.75,-83.28]]}},{"type":"Feature","properties":{"level":976},"geometry":{"type":"LineString","coordinates":[[167.75,-77.54],[167.19,-77.0],[168.67,-77.0],[168.15,-77.25],[168.64,-77.5],[167.75,-77.54]]}},{"type":"Feature","properties":{"level":976},"geometry":{"type":"LineString","coordinates":[[-40.0,-75.51],[-48.75,-74.69],[-52.73,-73.5],[-53.98,-72.5],[-54.47,-71.5],[-54.46,-70.5],[-53.96,-69.5],[-54.19,-68.25],[-53.94,-67.5],[-52.29,-66.0],[-49.21,-64.75],[-44.75,-63.89],[-40.25,-63.59],[-25.0,-64.76],[-23.29,-65.25],[-20.25,-66.63],[-17.0,-67.25],[-17.05,-68.0],[-11.0,-68.07],[-9.25,-67.82],[-6.0,-68.07],[-5.25,-67.83],[-3.82,-68.25],[-3.4,-68.75],[-3.87,-69.5],[-5.25,-69.98],[-11.0,-70.73],[-20.75,-73.22],[-28.75,-74.79],[-34.5,-75.54],[-40.0,-75.51]]}},{"type":"Feature","properties":{"level":976},"geometry":{"type":"LineString","coordinates":[[168.12,-72.5],[168.25,-72.74],[169.25,-72.73],[169.66,-72.5],[167.92,-72.0],[167.85,-72.25],[168.12,-72.5]]}},{"type":"Feature","properties":{"level":976},"geometry":{"type":"LineString","coordinates":[[160.5,-71.53],[159.46,-71.25],[160.0,-70.78],[160.25,-70.83],[160.56,-71.25],[160.5,-71.53]]}},{"type":"Feature","properties":{"level":976},"geometry":{"type":"LineString","coordinates":[[73.5,-70.01],[73.01,-69.75],[72.98,-69.25],[71.75,-68.09],[70.25,-67.58],[68.92,-67.75],[69.22,-67.5],[69.12,-67.25],[66.82,-66.0],[65.25,-64.71],[64.66,-64.0],[64.4,-63.0],[64.36,-61.75],[64.59,-61.0],[68.74,-55.0],[68.8,-53.75],[68.38,-53.25],[68.73,-52.5],[68.23,-52.0],[69.53,-51.5],[72.25,-50.74],[73.25,-50.7],[73.9,-51.25],[74.25,-51.98],[75.0,-51.92],[76.0,-52.44],[79.25,-52.83],[87.75,-52.65],[91.5,-52.86],[96.75,-53.37],[101.75,-54.19],[104.75,-54.93],[105.25,-54.83],[106.35,-55.5],[107.93,-57.0],[109.21,-59.0],[109.41,-60.0],[109.19,-61.5],[108.74,-62.5],[107.92,-63.5],[105.79,-64.75],[102.38,-65.75],[101.76,-66.25],[101.56,-66.75],[101.0,-66.77],[100.25,-67.41],[99.5,-67.58],[93.0,-67.58],[89.5,-67.93],[85.0,-68.03],[83.5,-68.3],[81.17,-68.25],[80.25,-68.48],[79.75,-69.05],[78.5,-69.0],[75.5,-69.83],[73.5,-70.01]]}},{"type":"Feature","properties":{"level":976},"geometry":{"type":"LineString","coordinates":[[98.85,-67.0],[99.25,-67.1],[100.42,-66.75],[99.75,-66.64],[98.85,-67.0]]}},{"type":"Feature","properties":{"level":976},"geometry":{"type":"LineString","coordinates":[[32.25,-65.0],[31.0,-64.68],[30.25,-64.22],[28.06,-61.0],[27.99,-60.5],[28.75,-59.56],[32.75,-59.89],[35.5,-59.52],[39.0,-59.74],[39.79,-60.0],[41.48,-61.5],[41.83,-63.0],[38.5,-64.59],[35.25,-65.11],[32.25,-65.0]]}},{"type":"Feature","properties":{"level":976},"geometry":{"type":"LineString","coordinates":[[-180.0,-58.02],[-177.0,-57.46],[-172.75,-57.11],[-168.25,-57.51],[-166.75,-57.96],[-165.15,-59.75],[-163.25,-60.88],[-162.0,-61.22],[-160.0,-61.34],[-155.5,-61.04],[-146.25,-58.82],[-141.5,-58.12],[-134.75,-58.07],[-127.0,-58.78],[-124.5,-58.78],[-113.0,-62.21],[-107.49,-65.75],[-105.19,-66.75],[-100.75,-67.85],[-94.11,-68.5],[-92.27,-69.5],[-92.05,-71.0],[-92.67,-72.25],[-94.77,-73.25],[-93.76,-73.75],[-93.0,-74.54],[-94.75,-74.45],[-99.25,-75.69],[-102.0,-75.9],[-117.08,-78.0],[-118.63,-79.5],[-118.69,-79.75],[-117.97,-80.25],[-118.6,-80.5],[-114.45,-82.0],[-117.31,-83.0],[-117.22,-83.5],[-118.03,-83.75],[-117.55,-84.0],[-118.59,-84.25],[-122.11,-84.5],[-122.5,-84.75],[-128.43,-85.0],[-126.47,-85.5],[-134.0,-85.21],[-136.5,-85.27],[-138.25,-85.67],[-161.25,-85.44],[-163.25,-85.66],[-168.62,-85.25],[-170.25,-84.87],[-175.0,-85.31],[-175.41,-85.25],[-174.39,-85.0],[-176.5,-84.64],[-178.75,-84.96],[-180.0,-84.83]]}},{"type":"Feature","properties":{"level":976},"geometry":{"type":"LineString","coordinates":[[-98.25,12.17],[-98.56,12.5],[-98.25,12.91],[-97.81,12.5],[-98.25,12.17]]}},{"type":"Feature","properties":{"level":980},"geometry":{"type":"LineString","coordinates":[[180.0,-85.16],[170.75,-85.17],[169.69,-85.0],[170.22,-84.5],[170.0,-84.43],[164.0,-84.46],[163.18,-84.25],[163.72,-84.0],[163.5,-83.9],[160.25,-83.6],[160.02,-83.5],[160.14,-83.25],[158.75,-82.86],[157.25,-83.23],[151.08,-82.5],[151.25,-82.22],[152.63,-82.0],[152.51,-81.75],[150.0,-81.5],[149.58,-81.25],[152.5,-81.16],[153.22,-81.25],[153.75,-81.64],[154.97,-81.75],[154.55,-82.0],[156.0,-82.3],[158.58,-82.25],[158.73,-82.0],[156.7,-81.25],[157.59,-80.75],[159.77,-80.25],[158.96,-80.0],[159.67,-79.75],[159.75,-79.42],[162.92,-78.75],[161.75,-78.24],[160.31,-78.0],[160.5,-77.75],[160.33,-77.5],[159.55,-77.25],[160.5,-77.0],[159.23,-76.5],[160.39,-76.25],[159.75,-75.65],[158.63,-75.5],[159.75,-75.2],[162.25,-75.13],[162.7,-74.75],[162.62,-74.5],[163.3,-74.25],[161.93,-73.75],[161.71,-72.75],[160.28,-72.25],[160.0,-72.0],[160.09,-71.75],[159.47,-71.5],[155.75,-70.4],[153.31,-70.0],[150.25,-68.93],[147.0,-68.67],[146.63,-68.5],[147.56,-68.25],[146.75,-67.86],[145.0,-67.83],[146.5,-67.27],[146.44,-67.0],[144.56,-65.5],[139.96,-63.0],[142.96,-60.5],[144.75,-59.81],[147.5,-59.76],[155.5,-60.67],[162.0,-60.42],[167.0,-59.79],[180.0,-57.08]]}},{"type":"Feature","properties":{"level":980},"geometry":{"type":"LineString","coordinates":[[-39.0,-81.04],[-40.07,-80.75],[-40.11,-80.5],[-38.25,-80.05],[-32.5,-79.77],[-31.37,-80.0],[-32.43,-80.25],[-32.61,-80.5],[-35.63,-81.0],[-39.0,-81.04]]}},{"type":"Feature","properties":{"level":980},"geometry":{"type":"LineString","coordinates":[[-29.0,-80.51],[-29.0,-80.27],[-27.21,-80.5],[-29.0,-80.51]]}},{"type":"Feature","properties":{"level":980},"geometry":{"type":"LineString","coordinates":[[-13.75,-80.5],[-16.5,-80.21],[-20.16,-80.25],[-21.25,-80.08],[-21.38,-79.75],[-23.25,-79.62],[-28.25,-79.7],[-29.25,-79.4],[-29.38,-79.25],[-29.13,-79.0],[-29.5,-78.86],[-34.5,-78.93],[-37.75,-78.7],[-46.0,-77.02],[-53.59,-76.0],[-55.75,-75.15],[-57.0,-73.22],[-57.93,-70.5],[-57.57,-68.0],[-55.43,-65.25],[-52.5,-64.02],[-46.25,-62.97],[-39.75,-62.68],[-22.41,-63.5],[-16.75,-64.9],[-9.25,-65.41],[-5.75,-65.99],[-1.75,-67.17],[-0.09,-68.25],[0.16,-69.25],[-0.55,-70.0],[-6.76,-71.25],[-6.5,-71.71],[-6.0,-71.77],[-9.48,-71.5],[-9.77,-72.0],[-9.5,-72.5],[-9.83,-72.75],[-11.25,-73.28],[-12.5,-73.43],[-13.53,-74.25],[-18.25,-75.52],[-25.72,-76.25],[-29.85,-77.25],[-23.75,-77.12],[-22.75,-77.59],[-20.25,-78.12],[-17.0,-78.01],[-12.75,-78.38],[-6.5,-78.48],[-3.5,-78.86],[-1.87,-79.5],[-3.18,-80.0],[-5.32,-80.25],[-13.75,-80.5]]}},{"type":"Feature","properties":{"level":980},"geometry":{"type":"LineString","coordinates":[[156.5,-80.29],[156.25,-80.25],[157.5,-80.07],[157.71,-80.25],[156.5,-80.29]]}},{"type":"Feature","properties":{"level":980},"geometry":{"type":"LineString","coordinates":[[-73.5,-74.78],[-76.61,-74.0],[-77.85,-73.5],[-77.83,-73.25],[-75.5,-72.6],[-72.75,-72.55],[-71.5,-72.11],[-66.5,-72.04],[-66.39,-71.75],[-65.25,-71.58],[-62.45,-71.5],[-62.94,-72.0],[-62.75,-72.36],[-62.24,-72.5],[-62.2,-72.75],[-63.5,-73.45],[-63.75,-73.49],[-63.9,-73.25],[-63.06,-72.5],[-64.25,-72.32],[-64.82,-72.5],[-64.2,-72.75],[-64.27,-73.0],[-65.0,-72.88],[-66.75,-73.15],[-69.5,-74.35],[-71.73,-74.5],[-70.07,-74.75],[-73.5,-74.78]]}},{"type":"Feature","properties":{"level":980},"geometry":{"type":"LineString","coordinates":[[-82.5,-73.79],[-83.46,-73.5],[-82.0,-73.26],[-80.5,-73.36],[-80.22,-73.25],[-80.25,-73.0],[-79.16,-73.0],[-80.5,-73.79],[-82.5,-73.79]]}},{"type":"Feature","properties":{"level":980},"geometry":{"type":"LineString","coordinates":[[71.25,-73.26],[70.5,-72.71],[69.08,-72.75],[69.25,-72.21],[69.75,-72.31],[70.75,-71.91],[71.53,-71.25],[69.89,-70.25],[69.81,-69.75],[69.25,-69.0],[69.47,-68.75],[69.27,-68.5],[64.75,-68.25],[59.75,-67.3],[58.52,-66.25],[58.69,-65.5],[60.39,-64.25],[61.5,-60.75],[62.98,-58.75],[64.91,-55.0],[64.77,-53.0],[64.44,-52.0],[64.11,-51.75],[64.5,-51.21],[73.25,-49.68],[75.75,-49.64],[77.0,-50.7],[78.25,-51.13],[79.75,-51.08],[80.5,-51.35],[82.5,-51.36],[83.25,-51.59],[90.0,-51.55],[102.0,-52.77],[103.25,-52.71],[107.31,-55.0],[109.95,-57.5],[110.93,-59.25],[111.06,-61.0],[110.51,-63.25],[109.01,-64.75],[107.5,-65.45],[105.25,-66.06],[105.11,-66.25],[106.11,-67.25],[104.25,-67.95],[103.75,-68.42],[100.5,-68.54],[94.0,-68.19],[83.25,-68.84],[76.75,-70.32],[75.22,-70.25],[74.6,-70.5],[75.02,-70.75],[74.0,-71.5],[72.12,-71.75],[72.7,-72.0],[73.11,-72.5],[73.05,-72.75],[71.25,-73.26]]}},{"type":"Feature","properties":{"level":980},"geometry":{"type":"LineString","coordinates":[[30.5,-68.8],[27.45,-67.5],[25.95,-66.5],[24.48,-65.0],[24.37,-64.5],[24.81,-62.75],[25.6,-60.75],[26.26,-59.5],[27.0,-58.95],[30.75,-57.85],[32.25,-57.17],[35.5,-57.36],[39.0,-57.9],[42.78,-59.0],[44.4,-59.75],[46.28,-61.25],[46.33,-62.25],[45.31,-63.75],[43.0,-65.41],[37.99,-67.5],[33.25,-68.61],[32.5,-68.97],[30.5,-68.8]]}},{"type":"Feature","properties":{"level":980},"geometry":{"type":"LineString","coordinates":[[115.75,-66.51],[115.36,-66.25],[116.5,-65.93],[117.16,-66.0],[117.58,-66.5],[115.75,-66.51]]}},{"type":"Feature","properties":{"level":980},"geometry":{"type":"LineString","coordinates":[[-180.0,-57.08],[-176.75,-56.48],[-173.25,-56.21],[-169.25,-56.4],[-166.5,-56.87],[-164.0,-58.55],[-162.0,-59.28],[-157.75,-59.78],[-153.75,-59.37],[-145.0,-57.43],[-138.0,-56.64],[-126.0,-57.21],[-120.75,-58.24],[-112.75,-61.07],[-109.08,-62.75],[-105.25,-65.11],[-102.25,-66.32],[-94.75,-67.27],[-92.5,-67.8],[-90.59,-68.75],[-89.14,-70.5],[-87.42,-71.75],[-85.68,-72.25],[-85.33,-72.5],[-85.5,-72.75],[-83.81,-72.75],[-84.64,-73.25],[-87.5,-73.32],[-89.38,-73.75],[-89.55,-74.25],[-89.03,-74.75],[-90.0,-75.15],[-92.75,-75.45],[-94.0,-75.87],[-98.5,-76.29],[-100.5,-76.62],[-102.0,-77.15],[-105.83,-77.5],[-109.8,-78.25],[-110.31,-79.0],[-109.83,-79.5],[-112.25,-80.5],[-110.25,-81.67],[-109.16,-82.0],[-110.6,-82.75],[-110.14,-83.25],[-110.29,-83.5],[-106.07,-83.5],[-107.37,-83.75],[-116.59,-84.5],[-116.5,-84.75],[-123.17,-85.0],[-124.42,-85.5],[-126.39,-85.75],[-134.0,-85.56],[-135.87,-85.75],[-134.89,-86.0],[-135.25,-86.01],[-142.5,-85.84],[-147.5,-86.01],[-152.0,-85.78],[-158.75,-86.31],[-159.29,-86.25],[-157.68,-86.0],[-159.25,-85.75],[-164.0,-85.84],[-171.25,-85.24],[-175.5,-85.5],[-180.0,-85.16]]}},{"type":"Feature","properties":{"level":980},"geometry":{"type":"LineString","coordinates":[[-98.25,12.11],[-98.62,12.5],[-98.25,12.96],[-97.76,12.5],[-98.25,12.11]]}},{"type":"Feature","properties":{"level":980},"geometry":{"type":"LineString","coordinates":[[139.75,77.25],[135.33,78.0],[131.0,78.4],[128.0,78.39],[121.75,77.75],[118.0,77.64],[109.75,77.74],[106.45,78.25],[107.74,78.75],[107.71,79.25],[108.02,79.5],[110.5,80.08],[130.75,80.99],[137.5,81.02],[143.25,80.74],[147.25,80.25],[149.35,79.5],[148.0,78.6],[146.0,77.84],[142.75,77.37],[139.75,77.25]]}},{"type":"Feature","properties":{"level":984},"geometry":{"type":"LineString","coordinates":[[180.0,-85.4],[174.0,-85.35],[172.5,-85.53],[169.25,-85.12],[166.0,-85.52],[164.25,-85.42],[163.47,-85.25],[164.64,-85.0],[161.51,-84.5],[155.74,-84.25],[155.43,-83.75],[155.0,-83.65],[149.25,-83.05],[147.0,-82.27],[141.97,-81.75],[141.85,-81.5],[142.26,-81.25],[143.5,-80.95],[151.0,-80.74],[155.25,-81.06],[157.0,-80.75],[157.43,-80.5],[156.25,-80.52],[155.52,-80.25],[156.0,-79.84],[157.0,-79.75],[157.06,-79.5],[155.89,-79.25],[155.79,-79.0],[157.75,-78.8],[159.75,-78.91],[160.44,-78.5],[159.64,-78.0],[159.84,-77.5],[158.56,-76.75],[158.9,-76.0],[157.85,-75.75],[157.75,-75.5],[159.5,-74.85],[161.75,-74.82],[162.57,-74.25],[161.25,-73.06],[158.44,-72.25],[156.5,-71.39],[151.75,-70.25],[149.1,-69.25],[146.5,-68.89],[145.3,-68.5],[146.0,-68.2],[143.8,-68.25],[143.29,-68.0],[144.01,-67.75],[143.5,-67.29],[142.5,-67.44],[138.55,-66.75],[139.71,-66.25],[139.34,-65.75],[136.09,-64.25],[134.41,-63.0],[134.49,-62.75],[135.25,-62.4],[138.25,-61.51],[141.66,-59.5],[143.0,-59.22],[147.5,-58.96],[156.75,-59.66],[163.5,-59.25],[167.75,-58.61],[180.0,-56.14]]}},{"type":"Feature","properties":{"level":984},"geometry":{"type":"LineString","coordinates":[[-94.25,-81.01],[-98.46,-80.5],[-97.9,-80.0],[-96.75,-79.92],[-93.75,-80.12],[-90.28,-80.75],[-90.4,-81.0],[-90.75,-81.03],[-94.25,-81.01]]}},{"type":"Feature","properties":{"level":984},"geometry":{"type":"LineString","coordinates":[[-21.73,-76.75],[-19.0,-76.95],[-16.43,-76.25],[-21.25,-76.44],[-21.65,-76.5],[-21.73,-76.75]]}},{"type":"Feature","properties":{"level":984},"geometry":{"type":"LineString","coordinates":[[70.0,-76.01],[68.25,-74.78],[66.47,-74.5],[66.14,-74.25],[68.01,-74.0],[67.5,-73.07],[67.0,-73.51],[66.09,-73.25],[66.0,-73.0],[67.2,-71.0],[66.25,-70.5],[66.25,-70.0],[66.84,-69.5],[66.53,-69.25],[65.25,-69.17],[63.5,-68.49],[59.25,-67.72],[57.0,-67.68],[55.81,-67.25],[55.0,-66.42],[54.24,-66.25],[52.93,-66.5],[52.86,-66.75],[50.75,-67.54],[49.75,-67.54],[49.0,-68.01],[46.0,-67.86],[41.75,-68.75],[39.75,-70.16],[36.25,-70.11],[27.25,-71.45],[19.4,-70.75],[19.25,-70.48],[17.44,-70.5],[17.49,-70.25],[16.25,-69.72],[15.5,-69.85],[13.25,-69.19],[12.71,-68.75],[12.55,-68.0],[12.89,-67.25],[13.75,-66.38],[20.5,-62.5],[23.0,-59.99],[25.25,-58.22],[29.5,-55.98],[31.0,-55.6],[37.25,-55.32],[39.5,-55.68],[42.25,-57.15],[46.0,-58.09],[49.04,-59.75],[49.79,-60.5],[50.0,-61.59],[51.43,-63.0],[52.75,-63.31],[54.5,-63.01],[57.48,-61.25],[59.53,-59.0],[61.83,-55.0],[62.07,-54.0],[61.92,-52.75],[62.13,-50.75],[65.0,-49.94],[68.75,-49.59],[69.25,-49.16],[69.75,-49.33],[73.5,-48.63],[75.75,-48.47],[78.25,-48.71],[83.5,-50.06],[84.0,-49.76],[85.5,-50.03],[87.75,-50.0],[88.25,-50.22],[90.5,-50.0],[93.75,-50.53],[98.25,-50.81],[99.75,-50.63],[103.25,-51.58],[105.75,-52.78],[108.63,-54.75],[111.93,-58.0],[112.5,-59.11],[113.25,-61.75],[113.5,-64.83],[114.5,-65.1],[122.25,-65.45],[124.06,-66.0],[122.0,-67.17],[114.83,-68.75],[111.75,-69.18],[107.25,-69.41],[100.75,-69.34],[95.25,-68.71],[82.75,-69.49],[79.9,-70.25],[76.52,-72.25],[75.86,-73.0],[75.27,-75.0],[74.75,-75.43],[70.0,-76.01]]}},{"type":"Feature","properties":{"level":984},"geometry":{"type":"LineString","coordinates":[[-65.78,-73.75],[-65.0,-73.9],[-64.65,-73.75],[-65.5,-73.54],[-65.78,-73.75]]}},{"type":"Feature","properties":{"level":984},"geometry":{"type":"LineString","coordinates":[[-67.35,-70.0],[-64.75,-70.19],[-63.97,-69.75],[-65.75,-69.41],[-67.75,-69.62],[-67.35,-70.0]]}},{"type":"Feature","properties":{"level":984},"geometry":{"type":"LineString","coordinates":[[-180.0,-56.14],[-176.25,-55.55],[-171.0,-55.3],[-166.5,-55.93],[-163.25,-57.39],[-161.0,-58.07],[-156.5,-58.39],[-152.25,-57.82],[-146.76,-56.25],[-142.25,-55.33],[-139.0,-54.96],[-134.5,-54.87],[-133.62,-54.5],[-134.25,-54.09],[-134.49,-53.75],[-134.25,-53.63],[-129.5,-55.3],[-125.0,-56.01],[-124.79,-56.0],[-124.75,-55.69],[-124.11,-55.75],[-111.25,-60.59],[-102.13,-64.75],[-99.75,-65.44],[-94.25,-66.29],[-91.25,-67.03],[-89.5,-67.75],[-86.25,-69.78],[-83.5,-70.49],[-79.75,-70.71],[-78.5,-71.01],[-76.0,-70.31],[-73.5,-70.02],[-72.25,-69.64],[-69.75,-70.15],[-69.5,-69.67],[-70.5,-69.03],[-71.59,-68.75],[-70.25,-68.21],[-66.75,-68.07],[-66.7,-67.75],[-65.35,-67.25],[-64.18,-66.25],[-60.25,-64.49],[-59.25,-64.32],[-57.0,-63.13],[-56.5,-63.36],[-55.25,-62.93],[-47.25,-62.02],[-40.5,-61.7],[-23.47,-61.75],[-16.0,-63.05],[-7.0,-63.98],[0.91,-66.0],[6.95,-68.0],[7.53,-68.5],[7.89,-69.75],[7.25,-70.15],[1.0,-71.77],[-0.5,-71.93],[-1.25,-71.73],[-3.75,-72.15],[-4.75,-71.99],[-6.0,-73.42],[-11.25,-74.63],[-12.25,-74.96],[-13.21,-75.75],[-14.72,-76.25],[-13.34,-76.5],[-12.5,-76.93],[-9.75,-76.87],[-5.25,-76.36],[-2.17,-75.5],[-1.89,-75.75],[-2.86,-76.5],[-2.62,-76.75],[-2.85,-77.25],[-2.68,-77.5],[-1.03,-78.25],[2.87,-79.0],[2.76,-79.25],[2.02,-79.5],[-5.0,-80.45],[-9.45,-80.75],[-24.25,-80.77],[-30.63,-81.0],[-38.75,-81.96],[-41.75,-82.8],[-49.75,-82.52],[-55.25,-82.87],[-61.5,-84.22],[-70.53,-83.25],[-69.25,-83.06],[-68.97,-82.75],[-70.02,-82.25],[-70.02,-81.5],[-70.51,-81.25],[-67.28,-79.75],[-66.62,-79.0],[-64.5,-77.5],[-64.41,-76.75],[-62.17,-75.5],[-61.25,-74.67],[-61.37,-73.75],[-61.9,-73.5],[-61.61,-73.25],[-61.75,-73.2],[-63.25,-73.71],[-63.5,-74.06],[-64.75,-74.57],[-65.5,-74.69],[-66.0,-75.1],[-66.75,-75.23],[-72.5,-75.03],[-78.5,-74.18],[-83.0,-74.62],[-84.25,-74.5],[-85.25,-74.12],[-86.5,-74.19],[-87.0,-74.46],[-87.25,-74.96],[-88.55,-75.75],[-87.46,-76.25],[-88.76,-76.75],[-88.46,-77.0],[-86.25,-77.32],[-85.34,-78.25],[-84.7,-78.5],[-85.06,-78.75],[-87.75,-78.74],[-88.44,-78.5],[-88.34,-78.25],[-88.76,-78.0],[-93.25,-77.26],[-96.25,-77.43],[-97.43,-77.75],[-97.19,-78.0],[-103.25,-78.82],[-104.79,-80.0],[-104.94,-81.0],[-104.75,-81.25],[-105.96,-81.5],[-103.0,-82.65],[-101.42,-82.75],[-102.0,-82.77],[-103.25,-83.61],[-108.47,-84.25],[-108.29,-84.5],[-113.5,-84.56],[-119.71,-85.0],[-119.5,-85.25],[-124.75,-86.02],[-132.0,-85.87],[-135.25,-86.13],[-142.5,-85.94],[-147.5,-86.15],[-150.25,-85.97],[-158.75,-86.41],[-159.75,-86.3],[-159.75,-86.13],[-159.24,-86.0],[-160.0,-85.94],[-164.25,-85.95],[-169.75,-85.59],[-176.75,-85.75],[-180.0,-85.4]]}},{"type":"Feature","properties":{"level":984},"geometry":{"type":"LineString","coordinates":[[-98.5,12.18],[-98.65,12.75],[-98.0,12.98],[-97.76,12.75],[-97.78,12.25],[-98.0,12.06],[-98.5,12.18]]}},{"type":"Feature","properties":{"level":984},"geometry":{"type":"LineString","coordinates":[[-48.5,71.22],[-46.84,72.25],[-44.5,72.97],[-43.5,72.74],[-41.22,73.0],[-39.5,73.6],[-37.57,73.5],[-38.0,72.95],[-43.25,72.33],[-47.06,71.25],[-48.5,71.22]]}},{"type":"Feature","properties":{"level":984},"geometry":{"type":"LineString","coordinates":[[111.75,74.74],[110.83,75.0],[111.05,75.25],[110.0,75.65],[108.5,75.55],[104.25,76.01],[101.77,77.0],[98.11,77.75],[96.87,78.5],[97.5,78.86],[99.85,79.0],[100.45,79.5],[102.16,80.25],[105.5,81.0],[111.25,81.69],[118.75,82.19],[166.25,83.19],[176.75,83.05],[178.44,82.75],[178.64,82.5],[177.7,82.0],[172.53,81.0],[161.5,79.57],[148.08,76.0],[139.5,74.85],[136.25,74.78],[130.0,75.4],[125.5,75.51],[118.82,75.25],[114.25,74.67],[111.75,74.74]]}},{"type":"Feature","properties":{"level":988},"geometry":{"type":"LineString","coordinates":[[180.0,-86.29],[177.25,-86.49],[168.75,-86.45],[163.25,-86.23],[161.5,-85.82],[157.25,-85.64],[152.27,-84.75],[150.18,-84.0],[145.2,-83.25],[143.96,-82.75],[138.75,-82.1],[138.44,-81.75],[139.66,-80.25],[142.0,-79.71],[143.75,-79.61],[144.07,-79.75],[143.62,-80.25],[145.02,-80.5],[154.55,-80.25],[154.48,-78.75],[158.12,-78.5],[158.6,-78.25],[159.1,-77.5],[157.25,-76.35],[155.8,-75.75],[156.18,-75.25],[159.5,-74.29],[161.5,-74.46],[162.1,-74.25],[162.08,-74.0],[161.0,-73.22],[156.34,-72.25],[145.0,-68.86],[142.5,-68.6],[140.25,-67.65],[134.5,-66.91],[133.25,-66.41],[132.25,-66.74],[130.72,-66.75],[130.31,-67.25],[129.75,-67.45],[126.25,-67.24],[124.75,-67.43],[122.64,-68.5],[121.0,-69.0],[118.0,-69.79],[114.75,-70.25],[100.5,-69.87],[96.5,-69.32],[84.25,-69.82],[80.92,-70.75],[78.57,-72.5],[77.99,-74.0],[78.34,-75.75],[77.75,-76.43],[72.25,-77.0],[69.25,-76.85],[68.25,-75.96],[65.5,-74.94],[64.17,-73.5],[64.76,-73.0],[65.79,-71.25],[65.4,-71.0],[65.25,-70.5],[64.41,-70.0],[64.5,-69.74],[62.1,-68.75],[59.0,-68.06],[56.75,-68.15],[54.91,-67.5],[55.0,-67.25],[54.0,-67.15],[53.34,-67.25],[53.9,-67.5],[53.75,-67.55],[52.0,-67.73],[49.75,-68.39],[47.25,-68.23],[44.0,-68.89],[42.5,-69.33],[40.25,-70.55],[36.75,-70.58],[32.75,-71.53],[22.75,-72.27],[22.3,-72.0],[21.71,-72.0],[21.25,-71.64],[19.0,-71.23],[12.75,-71.18],[10.0,-70.89],[6.75,-71.42],[7.28,-71.75],[5.5,-72.55],[3.5,-72.71],[3.54,-73.0],[-1.25,-73.22],[-3.0,-73.82],[-5.0,-73.86],[-10.43,-74.75],[-10.72,-75.0],[-9.25,-75.47],[-7.75,-75.61],[-4.25,-75.26],[1.04,-75.25],[2.74,-75.75],[0.92,-76.5],[0.74,-76.75],[1.04,-77.0],[6.7,-78.25],[6.92,-78.5],[6.6,-78.75],[2.75,-79.61],[-5.25,-80.82],[-15.5,-80.88],[-22.25,-81.7],[-27.75,-81.62],[-36.45,-82.25],[-43.0,-83.71],[-47.5,-83.16],[-51.5,-83.18],[-54.75,-83.45],[-56.5,-84.2],[-58.0,-84.49],[-67.22,-84.75],[-66.4,-84.5],[-67.25,-84.19],[-78.05,-83.5],[-79.5,-82.75],[-82.89,-82.0],[-82.38,-81.75],[-83.16,-81.5],[-81.47,-81.0],[-81.6,-80.75],[-81.11,-80.25],[-83.75,-79.88],[-86.5,-80.03],[-87.41,-79.75],[-86.75,-79.65],[-86.57,-79.25],[-87.39,-79.25],[-87.75,-79.52],[-88.75,-79.41],[-89.46,-79.25],[-89.0,-78.98],[-90.72,-78.75],[-90.37,-78.5],[-92.75,-78.23],[-92.5,-78.76],[-96.5,-78.47],[-97.75,-78.58],[-98.3,-78.75],[-98.28,-79.0],[-97.0,-79.47],[-94.69,-79.75],[-91.0,-79.49],[-88.0,-80.06],[-87.63,-80.25],[-87.82,-80.5],[-86.16,-81.0],[-88.25,-81.46],[-91.5,-81.48],[-95.0,-81.91],[-101.0,-82.96],[-101.21,-83.0],[-101.09,-83.75],[-103.44,-84.25],[-103.34,-84.5],[-113.5,-84.75],[-116.15,-85.0],[-116.03,-85.25],[-116.64,-85.5],[-120.5,-85.65],[-123.5,-86.2],[-129.75,-85.96],[-135.75,-86.25],[-143.75,-86.09],[-146.94,-86.25],[-146.6,-86.5],[-147.5,-86.56],[-150.5,-86.38],[-160.0,-86.6],[-160.55,-86.5],[-160.33,-86.25],[-161.0,-86.08],[-164.5,-86.12],[-169.75,-85.69],[-180.0,-86.29]]}},{"type":"Feature","properties":{"level":988},"geometry":{"type":"LineString","coordinates":[[-69.25,-84.75],[-68.03,-84.75],[-69.25,-84.75]]}},{"type":"Feature","properties":{"level":988},"geometry":{"type":"LineString","coordinates":[[-102.69,-81.75],[-100.43,-81.75],[-101.25,-81.48],[-102.69,-81.75]]}},{"type":"Feature","properties":{"level":988},"geometry":{"type":"LineString","coordinates":[[-97.48,-81.5],[-94.99,-81.5],[-97.0,-81.31],[-97.48,-81.5]]}},{"type":"Feature","properties":{"level":988},"geometry":{"type":"LineString","coordinates":[[-100.32,-81.25],[-99.5,-81.29],[-98.59,-81.0],[-100.5,-80.67],[-101.14,-81.0],[-100.32,-81.25]]}},{"type":"Feature","properties":{"level":988},"geometry":{"type":"LineString","coordinates":[[-180.0,-55.2],[-173.25,-54.38],[-170.25,-54.51],[-166.0,-55.14],[-159.98,-57.0],[-155.5,-57.08],[-153.0,-56.65],[-143.75,-53.72],[-142.5,-52.75],[-139.5,-52.9],[-138.0,-52.68],[-137.25,-52.12],[-136.5,-51.94],[-130.5,-53.69],[-126.5,-54.22],[-123.25,-55.12],[-100.75,-63.68],[-98.75,-64.32],[-91.75,-65.79],[-85.25,-68.37],[-82.0,-69.05],[-76.25,-68.89],[-66.0,-65.5],[-63.75,-65.44],[-62.8,-65.0],[-62.81,-64.5],[-62.5,-64.41],[-62.01,-63.75],[-56.0,-61.85],[-45.0,-60.92],[-31.0,-60.61],[-24.5,-60.19],[-16.0,-61.45],[-7.38,-62.25],[1.0,-63.96],[6.75,-64.21],[13.75,-62.33],[18.1,-60.75],[22.75,-57.53],[28.0,-54.68],[34.5,-53.49],[36.5,-53.61],[41.0,-54.95],[43.75,-56.08],[50.0,-57.7],[53.0,-58.14],[54.5,-58.03],[56.5,-57.08],[58.21,-55.75],[59.33,-54.0],[59.73,-52.0],[59.69,-50.75],[62.0,-49.34],[63.0,-49.05],[67.75,-48.74],[73.75,-47.57],[78.5,-47.48],[82.75,-48.12],[87.75,-48.11],[89.25,-48.44],[90.0,-48.26],[93.25,-48.7],[98.0,-48.81],[103.0,-50.29],[104.25,-50.76],[106.8,-52.25],[111.75,-56.11],[113.37,-57.75],[114.75,-60.02],[116.96,-62.75],[118.58,-63.5],[121.48,-64.0],[124.5,-63.96],[127.41,-63.5],[141.5,-58.68],[146.5,-58.27],[157.0,-58.7],[163.0,-58.3],[167.0,-57.75],[174.0,-56.15],[180.0,-55.2]]}},{"type":"Feature","properties":{"level":988},"geometry":{"type":"LineString","coordinates":[[-98.25,11.98],[-98.74,12.5],[-98.57,13.0],[-98.25,13.14],[-97.75,12.87],[-97.61,12.5],[-97.75,12.17],[-98.25,11.98]]}},{"type":"Feature","properties":{"level":988},"geometry":{"type":"LineString","coordinates":[[89.25,18.46],[89.25,18.79],[89.67,18.75],[89.67,18.5],[89.25,18.46]]}},{"type":"Feature","properties":{"level":988},"geometry":{"type":"LineString","coordinates":[[-54.5,68.19],[-55.23,68.5],[-55.54,69.0],[-55.11,69.75],[-53.75,69.82],[-53.25,70.3],[-52.75,70.07],[-52.25,70.34],[-50.25,70.24],[-50.18,70.5],[-51.31,71.25],[-51.25,71.51],[-50.07,71.75],[-50.8,72.0],[-49.19,72.25],[-45.5,73.52],[-39.25,74.57],[-36.5,74.4],[-33.25,74.62],[-32.17,74.25],[-32.25,73.92],[-33.75,73.55],[-36.0,73.68],[-36.2,73.25],[-35.24,72.75],[-36.75,72.26],[-38.75,72.35],[-44.76,71.5],[-44.73,71.25],[-45.93,70.75],[-46.33,70.25],[-45.62,69.5],[-45.75,69.25],[-45.25,68.48],[-46.75,68.81],[-49.0,68.88],[-49.32,69.0],[-49.35,69.25],[-51.0,69.68],[-52.49,69.0],[-52.51,68.75],[-53.5,68.18],[-54.5,68.19]]}},{"type":"Feature","properties":{"level":988},"geometry":{"type":"LineString","coordinates":[[-52.5,69.5],[-52.2,69.5],[-52.5,69.5]]}},{"type":"Feature","properties":{"level":988},"geometry":{"type":"LineString","coordinates":[[180.0,79.12],[161.75,77.08],[148.21,74.5],[142.5,73.78],[137.0,73.35],[129.5,73.17],[112.75,71.78],[109.01,72.25],[100.63,74.5],[98.75,75.22],[97.75,76.11],[92.76,78.0],[91.85,79.0],[92.0,79.31],[94.09,80.25],[96.5,80.66],[97.63,81.25],[100.75,81.96],[107.0,82.8],[115.75,83.52],[141.5,84.54],[161.25,84.82],[180.0,84.75]]}},{"type":"Feature","properties":{"level":988},"geometry":{"type":"LineString","coordinates":[[-180.0,84.75],[-161.0,84.12],[-157.5,83.8],[-156.97,83.5],[-163.25,81.22],[-180.0,79.12]]}},{"type":"Feature","properties":{"level":992},"geometry":{"type":"LineString","coordinates":[[140.75,-87.5],[137.65,-87.25],[137.09,-87.0],[140.25,-86.9],[142.86,-87.25],[143.34,-87.5],[140.75,-87.5]]}},{"type":"Feature","properties":{"level":992},"geometry":{"type":"LineString","coordinates":[[180.0,-87.22],[160.5,-87.25],[153.19,-87.0],[152.43,-86.5],[152.52,-86.0],[150.74,-85.25],[147.84,-84.5],[145.36,-84.0],[138.74,-83.25],[135.0,-82.5],[134.3,-82.0],[134.75,-81.5],[138.7,-79.5],[139.02,-79.25],[138.88,-78.75],[140.57,-78.25],[144.5,-78.0],[150.25,-78.54],[155.5,-78.02],[157.5,-78.17],[157.8,-77.75],[157.08,-77.25],[155.17,-76.75],[153.78,-75.5],[155.5,-74.22],[157.3,-73.75],[157.42,-73.25],[154.0,-72.93],[150.6,-71.25],[144.5,-69.35],[141.0,-68.86],[138.5,-68.03],[134.0,-67.57],[133.25,-67.62],[131.75,-68.32],[129.5,-68.12],[126.39,-68.25],[121.08,-70.5],[118.04,-71.0],[112.25,-70.99],[105.75,-70.4],[96.5,-70.0],[83.75,-70.47],[81.75,-71.23],[79.95,-73.0],[80.12,-73.75],[81.36,-75.5],[81.03,-76.5],[80.25,-77.0],[75.5,-77.84],[70.5,-78.02],[68.75,-77.81],[67.28,-76.75],[66.25,-76.48],[63.95,-75.0],[63.79,-74.75],[63.95,-74.0],[62.79,-73.25],[63.5,-72.75],[64.52,-71.25],[63.75,-70.18],[59.5,-68.64],[56.0,-68.49],[55.5,-68.06],[54.5,-67.93],[52.75,-68.18],[52.5,-68.25],[52.5,-68.53],[51.25,-68.76],[49.5,-68.95],[48.25,-68.74],[46.25,-69.01],[44.5,-69.41],[40.75,-70.85],[37.44,-71.0],[35.0,-72.13],[32.75,-72.05],[30.75,-72.39],[28.5,-72.11],[26.0,-72.52],[23.75,-72.45],[22.75,-72.75],[20.07,-72.25],[20.27,-72.0],[20.0,-71.87],[18.25,-71.61],[17.25,-71.76],[13.5,-71.41],[12.5,-71.85],[10.75,-71.41],[9.5,-71.54],[7.75,-71.88],[5.92,-72.75],[3.75,-73.27],[-1.25,-73.85],[-1.88,-74.25],[-1.83,-74.5],[-6.0,-74.51],[-7.25,-74.73],[-7.54,-75.0],[-1.75,-74.93],[3.25,-75.28],[3.56,-75.5],[3.38,-76.0],[3.75,-76.33],[9.5,-77.07],[10.37,-77.5],[10.43,-77.75],[9.55,-78.25],[2.25,-80.13],[-2.5,-81.01],[-14.95,-81.0],[-16.0,-81.36],[-20.5,-82.0],[-31.15,-82.25],[-37.45,-83.0],[-43.5,-84.44],[-45.0,-84.43],[-46.75,-84.08],[-49.75,-84.06],[-53.25,-84.76],[-58.25,-85.27],[-62.0,-84.87],[-67.25,-85.14],[-74.5,-85.05],[-80.25,-84.29],[-85.75,-84.0],[-86.75,-83.58],[-88.62,-83.25],[-88.01,-82.75],[-88.49,-82.5],[-91.25,-82.13],[-99.34,-83.0],[-99.71,-83.25],[-99.5,-83.47],[-98.05,-84.0],[-100.38,-84.5],[-113.9,-85.0],[-112.25,-85.37],[-107.05,-85.5],[-106.0,-85.75],[-108.5,-86.0],[-114.25,-86.2],[-115.4,-85.75],[-118.5,-85.73],[-121.26,-86.25],[-120.91,-86.5],[-127.5,-86.61],[-129.25,-86.21],[-132.75,-86.26],[-138.25,-86.46],[-141.5,-87.07],[-143.75,-87.17],[-151.0,-86.72],[-160.75,-87.27],[-167.75,-87.07],[-180.0,-87.22]]}},{"type":"Feature","properties":{"level":992},"geometry":{"type":"LineString","coordinates":[[-163.23,-86.25],[-161.11,-86.25],[-163.23,-86.25]]}},{"type":"Feature","properties":{"level":992},"geometry":{"type":"LineString","coordinates":[[-145.37,-86.25],[-143.03,-86.25],[-145.37,-86.25]]}},{"type":"Feature","properties":{"level":992},"geometry":{"type":"LineString","coordinates":[[-67.75,-86.01],[-65.32,-85.5],[-63.06,-85.5],[-65.78,-86.0],[-67.75,-86.01]]}},{"type":"Feature","properties":{"level":992},"geometry":{"type":"LineString","coordinates":[[-53.35,-84.0],[-49.75,-83.97],[-48.63,-83.5],[-51.75,-83.43],[-53.75,-83.75],[-53.35,-84.0]]}},{"type":"Feature","properties":{"level":992},"geometry":{"type":"LineString","coordinates":[[160.6,-74.0],[161.5,-74.22],[161.88,-74.0],[161.25,-73.55],[160.43,-73.75],[160.6,-74.0]]}},{"type":"Feature","properties":{"level":992},"geometry":{"type":"LineString","coordinates":[[-180.0,-54.25],[-174.5,-53.57],[-170.5,-53.59],[-167.0,-54.0],[-160.25,-55.65],[-158.0,-55.84],[-155.5,-55.74],[-152.75,-55.03],[-148.0,-52.83],[-145.84,-51.75],[-145.13,-50.75],[-144.0,-50.23],[-138.5,-50.32],[-123.75,-54.11],[-100.0,-62.66],[-91.25,-64.95],[-83.5,-67.42],[-80.25,-67.62],[-76.25,-67.22],[-73.0,-66.33],[-69.0,-64.81],[-64.63,-63.5],[-57.75,-60.86],[-53.0,-60.43],[-32.0,-59.46],[-26.5,-58.5],[-25.5,-58.06],[-24.0,-58.09],[-16.57,-59.75],[-6.0,-60.59],[-1.0,-61.7],[1.75,-61.94],[6.75,-61.68],[11.0,-60.75],[15.25,-59.47],[21.84,-55.75],[26.75,-53.47],[34.75,-51.87],[35.78,-52.0],[44.25,-54.82],[50.0,-56.01],[51.5,-56.01],[54.0,-55.49],[56.0,-54.43],[57.19,-52.75],[57.55,-51.25],[57.28,-50.5],[57.72,-50.0],[62.5,-48.37],[68.5,-47.69],[72.75,-46.7],[84.5,-46.04],[86.5,-45.72],[87.35,-45.75],[88.5,-46.21],[91.5,-46.4],[93.75,-46.21],[96.0,-47.04],[97.5,-47.1],[103.75,-49.35],[105.75,-50.39],[111.0,-54.1],[118.73,-60.75],[120.75,-61.85],[122.5,-62.25],[125.0,-62.27],[127.75,-61.8],[139.52,-58.5],[142.5,-57.93],[146.75,-57.61],[156.5,-57.74],[163.75,-57.27],[172.25,-55.4],[180.0,-54.25]]}},{"type":"Feature","properties":{"level":992},"geometry":{"type":"LineString","coordinates":[[-98.5,11.99],[-98.83,12.75],[-98.5,13.17],[-98.0,13.2],[-97.58,12.75],[-97.59,12.25],[-98.0,11.88],[-98.5,11.99]]}},{"type":"Feature","properties":{"level":992},"geometry":{"type":"LineString","coordinates":[[143.75,13.2],[143.39,13.5],[143.75,13.76],[143.75,13.2]]}},{"type":"Feature","properties":{"level":992},"geometry":{"type":"LineString","coordinates":[[89.5,18.21],[89.04,18.5],[89.25,18.99],[89.88,18.75],[89.5,18.21]]}},{"type":"Feature","properties":{"level":992},"geometry":{"type":"LineString","coordinates":[[-141.5,55.97],[-142.0,56.09],[-143.11,57.0],[-143.29,57.25],[-143.07,57.75],[-141.95,58.0],[-139.75,57.07],[-138.25,57.0],[-137.88,56.75],[-138.75,56.26],[-140.0,55.98],[-141.5,55.97]]}},{"type":"Feature","properties":{"level":992},"geometry":{"type":"LineString","coordinates":[[-56.5,58.97],[-57.75,60.47],[-58.5,61.0],[-60.5,61.66],[-63.25,61.97],[-65.25,61.82],[-71.25,60.32],[-72.18,60.75],[-72.53,61.5],[-72.0,62.07],[-70.25,62.62],[-66.5,61.88],[-66.1,62.0],[-66.5,62.63],[-68.25,63.37],[-70.85,63.25],[-69.0,63.66],[-68.5,64.11],[-66.25,64.34],[-60.5,64.15],[-57.25,63.3],[-55.7,62.5],[-54.92,61.25],[-54.79,60.0],[-54.88,59.75],[-56.5,58.97]]}},{"type":"Feature","properties":{"level":992},"geometry":{"type":"LineString","coordinates":[[-65.55,63.0],[-65.24,63.0],[-65.55,63.0]]}},{"type":"Feature","properties":{"level":992},"geometry":{"type":"LineString","coordinates":[[-66.74,63.25],[-66.27,63.25],[-66.74,63.25]]}},{"type":"Feature","properties":{"level":992},"geometry":{"type":"LineString","coordinates":[[-66.16,63.25],[-65.93,63.25],[-66.16,63.25]]}},{"type":"Feature","properties":{"level":992},"geometry":{"type":"LineString","coordinates":[[-56.5,65.49],[-57.11,66.0],[-58.1,68.75],[-57.52,70.75],[-56.5,71.89],[-55.5,72.12],[-54.0,72.09],[-53.0,72.38],[-52.25,72.14],[-51.25,72.29],[-50.25,72.89],[-44.75,74.17],[-38.75,75.01],[-37.5,75.08],[-36.5,74.8],[-33.75,75.12],[-31.17,75.0],[-31.43,73.0],[-32.91,72.5],[-32.81,72.0],[-31.35,71.75],[-31.07,71.5],[-31.25,71.35],[-36.5,71.44],[-38.75,71.74],[-40.75,71.58],[-42.75,71.0],[-43.48,70.25],[-42.64,69.75],[-42.91,69.0],[-42.35,68.5],[-43.55,67.0],[-43.5,66.12],[-44.0,66.13],[-44.42,67.0],[-45.17,67.5],[-47.5,67.82],[-49.25,67.42],[-50.0,67.03],[-50.5,67.43],[-53.5,67.02],[-53.03,66.75],[-53.01,66.5],[-54.0,65.51],[-55.5,65.33],[-56.5,65.49]]}},{"type":"Feature","properties":{"level":992},"geometry":{"type":"LineString","coordinates":[[180.0,77.19],[158.25,74.79],[141.25,72.53],[111.25,70.29],[95.75,73.96],[95.0,74.42],[93.74,74.75],[92.96,75.75],[89.75,76.75],[87.53,77.75],[86.09,79.25],[86.71,80.25],[88.0,81.0],[94.0,82.69],[100.25,83.89],[110.0,85.11],[137.46,87.25],[139.5,87.77],[149.0,88.5],[161.5,88.84],[180.0,88.95]]}},{"type":"Feature","properties":{"level":992},"geometry":{"type":"LineString","coordinates":[[-55.5,87.75],[-74.5,88.47],[-74.79,88.5],[-74.79,88.75],[-34.25,89.13],[-14.5,89.03],[-8.21,88.75],[-18.25,88.47],[-23.89,88.0],[-32.75,87.66],[-55.5,87.75]]}},{"type":"Feature","properties":{"level":992},"geometry":{"type":"LineString","coordinates":[[-180.0,88.95],[-143.25,88.75],[-130.5,88.25],[-122.73,87.5],[-146.71,86.75],[-142.15,86.0],[-116.99,84.5],[-115.48,84.25],[-118.05,83.75],[-129.75,83.08],[-141.75,81.93],[-163.25,79.0],[-180.0,77.19]]}},{"type":"Feature","properties":{"level":996},"geometry":{"type":"LineString","coordinates":[[180.0,-88.06],[164.75,-87.93],[152.0,-88.26],[137.75,-88.03],[133.07,-87.75],[129.65,-87.0],[129.64,-86.5],[134.75,-85.68],[142.25,-85.89],[144.75,-85.77],[145.56,-85.5],[139.22,-84.25],[132.75,-83.66],[131.75,-83.45],[130.85,-82.75],[131.07,-82.25],[132.25,-81.55],[134.64,-80.75],[135.05,-80.25],[134.12,-79.5],[135.33,-78.75],[138.0,-78.1],[141.0,-77.72],[143.75,-77.63],[148.5,-77.9],[152.9,-77.25],[151.81,-76.25],[151.64,-75.75],[152.5,-74.4],[152.52,-74.0],[151.0,-73.08],[150.5,-72.31],[142.75,-69.69],[139.5,-69.05],[138.03,-68.5],[134.75,-68.09],[132.0,-68.78],[128.65,-69.0],[127.75,-69.38],[126.25,-69.5],[125.71,-70.0],[125.82,-70.25],[125.58,-70.5],[119.75,-71.42],[110.5,-71.41],[105.75,-70.74],[98.75,-70.56],[88.0,-70.8],[84.75,-71.08],[82.75,-71.65],[82.13,-72.25],[81.83,-73.0],[81.84,-73.5],[82.25,-74.11],[83.81,-75.5],[83.63,-76.5],[83.19,-77.0],[82.0,-77.62],[79.59,-78.25],[74.75,-78.81],[71.0,-79.03],[69.75,-78.88],[68.5,-78.52],[67.0,-77.6],[64.85,-77.0],[64.56,-76.5],[63.1,-75.25],[62.88,-74.25],[61.58,-73.25],[61.9,-72.25],[63.29,-71.5],[63.52,-70.5],[59.15,-69.0],[55.25,-68.76],[54.94,-68.25],[54.5,-68.19],[53.75,-68.3],[51.5,-69.3],[49.25,-69.37],[48.5,-69.13],[46.25,-69.4],[41.25,-71.17],[38.25,-71.42],[35.25,-72.43],[31.0,-72.88],[28.25,-72.39],[26.75,-72.68],[25.75,-73.27],[21.75,-72.87],[18.25,-72.09],[14.0,-71.85],[12.5,-71.99],[10.75,-71.7],[10.0,-71.98],[7.75,-72.13],[6.25,-72.78],[3.11,-73.5],[1.75,-74.13],[-1.0,-74.41],[-1.04,-74.75],[-0.75,-74.83],[3.75,-75.07],[4.25,-75.65],[5.5,-75.94],[12.55,-76.5],[12.4,-77.0],[11.35,-77.75],[9.34,-78.5],[6.22,-79.25],[4.77,-80.0],[4.5,-80.54],[2.86,-81.0],[3.22,-81.25],[-0.75,-81.38],[-11.55,-81.0],[-12.77,-81.25],[-13.63,-81.75],[-16.0,-82.23],[-29.69,-83.0],[-34.17,-83.75],[-35.5,-84.19],[-40.75,-84.87],[-56.75,-85.67],[-68.75,-86.59],[-83.75,-86.58],[-84.12,-86.5],[-80.97,-86.25],[-81.75,-86.0],[-84.0,-85.9],[-85.25,-85.51],[-90.75,-85.54],[-94.25,-85.28],[-94.44,-85.25],[-93.63,-84.75],[-92.56,-84.5],[-95.5,-84.35],[-107.3,-85.25],[-101.79,-85.5],[-101.85,-85.75],[-106.13,-86.25],[-118.0,-86.66],[-130.5,-87.46],[-153.5,-87.43],[-165.7,-88.0],[-180.0,-88.06]]}},{"type":"Feature","properties":{"level":996},"geometry":{"type":"LineString","coordinates":[[-134.64,-86.5],[-133.35,-86.5],[-134.64,-86.5]]}},{"type":"Feature","properties":{"level":996},"geometry":{"type":"LineString","coordinates":[[-85.56,-85.25],[-85.25,-85.44],[-84.56,-85.25],[-85.56,-85.25]]}},{"type":"Feature","properties":{"level":996},"geometry":{"type":"LineString","coordinates":[[-36.25,-84.53],[-35.5,-84.29],[-35.13,-84.5],[-36.25,-84.53]]}},{"type":"Feature","properties":{"level":996},"geometry":{"type":"LineString","coordinates":[[-5.25,-56.25],[-6.01,-55.75],[-5.5,-55.31],[-2.69,-55.0],[-2.68,-55.25],[-3.75,-56.08],[-4.75,-56.39],[-5.25,-56.25]]}},{"type":"Feature","properties":{"level":996},"geometry":{"type":"LineString","coordinates":[[-180.0,-53.39],[-175.0,-52.64],[-171.0,-52.63],[-168.0,-52.87],[-161.25,-54.2],[-156.75,-54.33],[-154.25,-53.66],[-151.0,-52.1],[-149.0,-50.99],[-146.25,-48.77],[-144.75,-48.42],[-141.5,-48.49],[-133.25,-50.37],[-129.5,-51.47],[-121.75,-53.95],[-111.0,-57.97],[-98.75,-61.91],[-85.5,-65.66],[-81.75,-66.21],[-76.25,-65.77],[-71.75,-64.42],[-64.69,-61.75],[-63.31,-61.0],[-61.77,-59.75],[-46.25,-59.38],[-34.25,-58.53],[-30.5,-57.86],[-25.5,-56.04],[-23.5,-56.04],[-17.75,-57.64],[-15.5,-58.03],[-11.75,-58.18],[-8.75,-57.68],[-5.5,-57.61],[-3.25,-58.45],[0.75,-59.38],[5.75,-59.42],[9.75,-58.75],[13.5,-57.59],[23.0,-53.18],[31.25,-50.81],[35.75,-51.05],[44.5,-53.59],[49.0,-54.37],[50.75,-54.38],[52.75,-53.86],[55.0,-52.29],[55.8,-51.25],[56.01,-49.75],[56.25,-49.43],[59.75,-48.1],[68.0,-46.79],[71.75,-45.8],[77.25,-45.18],[88.75,-44.42],[93.75,-44.6],[102.0,-47.18],[106.26,-49.5],[117.25,-57.34],[118.25,-57.82],[119.53,-58.0],[120.75,-59.11],[122.5,-59.97],[124.75,-60.44],[129.0,-60.17],[142.75,-57.22],[146.5,-56.91],[154.0,-56.91],[163.0,-56.23],[166.25,-55.55],[167.0,-55.19],[175.75,-53.8],[180.0,-53.39]]}},{"type":"Feature","properties":{"level":996},"geometry":{"type":"LineString","coordinates":[[-98.25,11.73],[-98.72,12.0],[-98.97,12.5],[-98.85,13.0],[-98.25,13.39],[-97.75,13.2],[-97.43,12.5],[-97.64,12.0],[-98.25,11.73]]}},{"type":"Feature","properties":{"level":996},"geometry":{"type":"LineString","coordinates":[[143.25,12.98],[142.88,13.25],[142.76,13.75],[143.25,14.04],[144.0,13.89],[144.0,13.08],[143.25,12.98]]}},{"type":"Feature","properties":{"level":996},"geometry":{"type":"LineString","coordinates":[[89.25,18.04],[88.76,18.75],[89.0,19.17],[89.5,19.27],[89.94,19.0],[90.06,18.5],[89.75,18.11],[89.25,18.04]]}},{"type":"Feature","properties":{"level":996},"geometry":{"type":"LineString","coordinates":[[179.0,49.9],[179.25,50.18],[179.57,50.0],[179.0,49.9]]}},{"type":"Feature","properties":{"level":996},"geometry":{"type":"LineString","coordinates":[[161.75,53.25],[160.5,53.88],[159.71,54.0],[161.25,55.12],[161.38,55.25],[161.15,55.5],[162.05,56.25],[161.9,56.5],[162.77,57.5],[162.29,58.0],[162.47,58.25],[163.23,58.75],[163.5,59.29],[164.22,59.25],[165.19,58.75],[165.87,58.0],[166.24,56.75],[166.98,56.0],[167.0,55.0],[166.59,54.25],[165.5,53.43],[163.0,53.14],[161.75,53.25]]}},{"type":"Feature","properties":{"level":996},"geometry":{"type":"LineString","coordinates":[[-140.5,54.0],[-143.25,54.33],[-145.28,55.5],[-145.55,56.5],[-144.63,58.0],[-143.0,58.84],[-140.75,59.01],[-139.0,58.6],[-136.51,57.5],[-136.45,56.5],[-137.25,55.15],[-138.5,54.43],[-140.5,54.0]]}},{"type":"Feature","properties":{"level":996},"geometry":{"type":"LineString","coordinates":[[-57.0,57.24],[-57.25,57.27],[-58.39,58.5],[-60.0,58.98],[-61.0,59.07],[-62.5,58.62],[-64.25,59.7],[-65.0,59.65],[-65.5,59.33],[-67.0,59.25],[-71.75,59.74],[-73.36,60.75],[-73.76,61.5],[-73.23,63.0],[-72.0,63.89],[-70.89,64.25],[-70.77,64.5],[-71.0,64.83],[-68.0,65.24],[-67.61,65.5],[-67.86,65.75],[-67.59,66.0],[-67.67,66.5],[-68.48,66.75],[-67.25,66.8],[-65.25,66.13],[-63.75,66.05],[-62.75,66.17],[-60.99,67.0],[-61.14,69.75],[-60.51,72.25],[-60.98,73.5],[-60.93,74.25],[-62.19,75.75],[-62.0,75.89],[-59.75,76.01],[-57.41,75.5],[-55.25,74.68],[-54.88,74.0],[-54.27,73.5],[-52.25,72.5],[-48.97,74.0],[-44.0,74.73],[-42.0,74.63],[-36.25,75.46],[-35.75,75.28],[-31.0,75.53],[-30.04,75.25],[-30.37,75.0],[-30.27,74.5],[-30.83,73.75],[-29.98,72.5],[-31.07,72.0],[-30.56,71.5],[-31.25,70.86],[-33.5,70.42],[-33.63,70.5],[-33.18,70.75],[-39.32,71.0],[-39.0,70.55],[-37.75,70.5],[-38.0,70.15],[-38.75,70.08],[-39.15,69.75],[-38.66,69.25],[-38.19,68.25],[-38.31,68.0],[-37.9,67.5],[-38.75,67.12],[-40.0,67.04],[-40.19,66.75],[-40.0,66.48],[-41.5,66.48],[-42.49,65.75],[-42.32,65.25],[-43.0,64.43],[-44.05,64.25],[-45.0,65.24],[-46.5,65.76],[-46.51,66.25],[-47.5,66.87],[-51.09,65.25],[-51.45,64.75],[-51.23,64.25],[-51.72,64.0],[-52.4,63.0],[-52.22,62.0],[-51.19,60.25],[-51.05,59.0],[-52.0,57.78],[-53.0,57.12],[-54.5,57.26],[-55.75,57.04],[-57.0,57.24]]}},{"type":"Feature","properties":{"level":996},"geometry":{"type":"LineString","coordinates":[[157.25,59.34],[157.07,59.5],[157.25,59.86],[157.76,59.5],[157.25,59.34]]}},{"type":"Feature","properties":{"level":996},"geometry":{"type":"LineString","coordinates":[[-34.5,60.22],[-34.5,60.44],[-34.23,60.25],[-34.5,60.22]]}},{"type":"Feature","properties":{"level":996},"geometry":{"type":"LineString","coordinates":[[-39.0,62.47],[-40.74,63.0],[-40.33,63.5],[-39.54,63.75],[-39.67,64.0],[-39.43,64.75],[-36.5,65.26],[-35.24,64.75],[-35.32,63.5],[-36.52,62.75],[-37.75,62.35],[-39.0,62.47]]}},{"type":"Feature","properties":{"level":996},"geometry":{"type":"LineString","coordinates":[[-107.0,65.4],[-108.25,66.05],[-110.5,65.65],[-113.0,66.24],[-113.35,67.0],[-114.26,67.75],[-114.0,68.01],[-112.5,68.39],[-109.75,68.59],[-106.79,68.25],[-104.82,67.5],[-104.74,67.0],[-105.29,66.25],[-107.0,65.4]]}},{"type":"Feature","properties":{"level":996},"geometry":{"type":"LineString","coordinates":[[-32.5,69.17],[-32.79,69.5],[-32.5,69.85],[-30.75,70.12],[-30.28,70.0],[-30.75,69.67],[-31.5,69.9],[-32.09,69.25],[-32.5,69.17]]}},{"type":"Feature","properties":{"level":996},"geometry":{"type":"LineString","coordinates":[[-29.0,69.73],[-26.88,69.75],[-29.0,69.73]]}},{"type":"Feature","properties":{"level":996},"geometry":{"type":"LineString","coordinates":[[180.0,75.48],[144.0,71.71],[132.0,70.84],[129.75,69.79],[128.75,70.39],[127.75,70.66],[121.5,69.62],[117.25,69.24],[109.5,69.52],[98.0,71.92],[87.25,74.82],[82.75,75.7],[80.56,76.5],[79.46,77.75],[78.84,79.5],[79.75,81.04],[83.53,82.75],[85.08,84.0],[85.22,84.75],[84.0,85.5],[79.75,86.28],[73.5,86.77],[53.0,87.16],[1.75,86.78],[-47.0,85.94],[-68.25,85.36],[-70.29,85.25],[-71.89,85.0],[-71.85,84.75],[-74.12,84.5],[-89.5,83.21],[-137.75,80.12],[-180.0,75.48]]}},{"type":"Feature","properties":{"level":1000},"geometry":{"type":"LineString","coordinates":[[180.0,-88.36],[161.0,-88.54],[136.25,-88.3],[129.88,-88.0],[125.34,-87.25],[124.97,-87.0],[125.03,-86.75],[126.67,-86.0],[128.99,-84.25],[128.64,-83.5],[128.81,-82.5],[132.27,-80.75],[131.25,-80.0],[132.42,-79.0],[134.15,-78.25],[136.75,-77.66],[142.25,-76.9],[146.0,-76.66],[147.91,-76.0],[149.44,-74.75],[149.54,-74.5],[149.25,-74.03],[148.5,-73.42],[143.5,-70.88],[141.75,-70.23],[138.5,-69.56],[136.75,-68.64],[135.25,-68.49],[130.25,-69.86],[128.0,-69.93],[127.3,-70.5],[126.25,-70.84],[120.25,-71.66],[111.5,-71.82],[105.75,-71.08],[100.0,-70.97],[92.75,-71.37],[89.0,-71.22],[85.75,-71.56],[84.0,-72.0],[83.6,-72.5],[83.98,-74.0],[85.44,-75.0],[85.81,-75.75],[86.02,-76.75],[85.75,-77.25],[84.33,-78.25],[82.75,-78.72],[77.27,-79.25],[78.36,-79.75],[78.0,-80.05],[76.5,-80.25],[71.0,-79.82],[68.86,-79.25],[66.89,-78.25],[64.24,-77.75],[63.47,-77.25],[62.87,-75.75],[61.58,-75.25],[61.76,-74.5],[60.96,-74.0],[61.04,-73.75],[60.15,-72.25],[62.43,-71.25],[62.9,-70.5],[58.25,-69.17],[56.25,-69.18],[54.25,-68.85],[50.5,-69.87],[48.5,-69.47],[46.75,-69.87],[43.25,-71.19],[37.75,-71.88],[34.75,-72.9],[31.25,-73.13],[29.0,-72.88],[28.25,-73.02],[28.0,-72.73],[27.22,-73.25],[25.5,-73.45],[21.75,-73.13],[17.5,-72.31],[14.5,-72.36],[12.75,-72.09],[11.75,-72.47],[11.0,-72.04],[10.0,-72.3],[8.0,-72.31],[4.1,-73.5],[2.25,-74.38],[0.53,-74.5],[-0.07,-74.75],[4.25,-74.8],[4.43,-75.25],[4.75,-75.39],[11.5,-75.91],[13.0,-76.22],[12.86,-77.0],[11.75,-77.76],[8.2,-79.0],[7.45,-79.5],[7.82,-80.25],[7.67,-80.5],[9.09,-81.0],[5.5,-81.55],[0.25,-81.71],[-4.75,-81.26],[-9.98,-81.25],[-9.36,-81.5],[-14.98,-83.0],[-15.78,-83.5],[-16.98,-83.75],[-24.0,-84.59],[-29.14,-84.75],[-37.5,-85.95],[-47.75,-86.51],[-55.75,-86.33],[-61.75,-86.87],[-71.25,-87.19],[-88.5,-87.14],[-105.25,-86.47],[-112.89,-87.0],[-116.37,-87.5],[-180.0,-88.36]]}},{"type":"Feature","properties":{"level":1000},"geometry":{"type":"LineString","coordinates":[[-94.88,-86.0],[-91.32,-86.0],[-91.35,-85.75],[-95.0,-85.45],[-95.75,-84.75],[-96.5,-84.55],[-101.01,-84.75],[-101.76,-85.25],[-94.88,-86.0]]}},{"type":"Feature","properties":{"level":1000},"geometry":{"type":"LineString","coordinates":[[-180.0,-52.45],[-176.5,-51.84],[-171.25,-51.68],[-168.25,-51.79],[-161.25,-52.84],[-157.75,-52.75],[-156.0,-52.35],[-152.5,-50.69],[-150.73,-49.5],[-148.0,-47.17],[-147.0,-47.04],[-146.75,-46.65],[-146.25,-46.53],[-144.5,-46.69],[-138.25,-47.81],[-134.0,-48.85],[-111.0,-57.04],[-97.5,-61.26],[-85.5,-64.4],[-81.5,-64.92],[-75.25,-64.02],[-68.5,-61.62],[-66.5,-60.3],[-65.72,-59.25],[-66.0,-58.75],[-65.5,-58.61],[-46.5,-58.5],[-36.5,-57.72],[-32.25,-56.89],[-27.15,-55.0],[-24.5,-53.56],[-23.75,-53.39],[-22.25,-53.53],[-20.25,-54.76],[-17.5,-55.57],[-14.0,-55.84],[-11.0,-55.21],[-6.75,-53.11],[-3.5,-51.89],[0.5,-51.27],[2.5,-51.25],[4.7,-52.0],[5.09,-52.75],[5.0,-54.42],[5.62,-55.5],[6.75,-55.92],[8.5,-56.02],[12.25,-55.27],[21.5,-51.9],[27.25,-50.54],[29.75,-49.54],[31.25,-49.43],[35.5,-49.98],[45.0,-52.45],[48.25,-52.88],[50.0,-52.85],[53.0,-51.83],[54.06,-51.0],[55.26,-49.0],[58.0,-47.58],[65.0,-46.32],[67.75,-45.47],[72.0,-44.61],[88.25,-43.26],[92.0,-43.21],[94.5,-43.42],[100.0,-44.69],[106.55,-48.25],[117.75,-55.7],[124.25,-58.32],[126.75,-58.78],[131.0,-58.6],[140.5,-56.8],[144.25,-56.31],[154.75,-55.92],[157.5,-55.42],[163.25,-54.98],[167.25,-53.94],[180.0,-52.45]]}},{"type":"Feature","properties":{"level":1000},"geometry":{"type":"LineString","coordinates":[[113.5,-40.51],[112.71,-39.0],[112.5,-37.16],[114.0,-37.36],[115.53,-38.75],[115.44,-39.75],[115.1,-40.25],[114.25,-40.63],[113.5,-40.51]]}},{"type":"Feature","properties":{"level":1000},"geometry":{"type":"LineString","coordinates":[[-30.25,-33.37],[-31.06,-32.75],[-32.04,-31.25],[-32.04,-30.75],[-31.75,-30.51],[-30.08,-31.75],[-29.68,-33.0],[-29.75,-33.25],[-30.25,-33.37]]}},{"type":"Feature","properties":{"level":1000},"geometry":{"type":"LineString","coordinates":[[-98.5,11.59],[-99.01,12.0],[-99.16,12.75],[-98.75,13.35],[-98.0,13.57],[-97.41,13.0],[-97.29,12.25],[-98.0,11.58],[-98.5,11.59]]}},{"type":"Feature","properties":{"level":1000},"geometry":{"type":"LineString","coordinates":[[142.75,12.17],[142.93,12.5],[142.26,13.25],[142.29,14.0],[143.0,14.49],[143.75,14.37],[144.42,13.75],[144.34,13.0],[143.75,12.22],[142.75,12.17]]}},{"type":"Feature","properties":{"level":1000},"geometry":{"type":"LineString","coordinates":[[89.25,17.68],[88.5,17.91],[87.98,18.5],[87.91,19.0],[88.5,19.57],[89.25,19.83],[90.0,19.52],[90.4,18.75],[90.01,18.0],[89.25,17.68]]}},{"type":"Feature","properties":{"level":1000},"geometry":{"type":"LineString","coordinates":[[180.0,49.2],[178.75,49.32],[178.07,50.0],[178.5,50.65],[180.0,50.81]]}},{"type":"Feature","properties":{"level":1000},"geometry":{"type":"LineString","coordinates":[[-180.0,50.81],[-179.17,50.5],[-178.92,50.0],[-179.25,49.42],[-180.0,49.2]]}},{"type":"Feature","properties":{"level":1000},"geometry":{"type":"LineString","coordinates":[[160.75,52.24],[158.66,52.5],[158.46,52.75],[158.56,53.5],[157.73,54.0],[157.16,54.75],[157.0,55.37],[151.25,55.44],[149.5,55.7],[146.75,56.31],[145.91,56.75],[145.22,57.5],[150.25,59.56],[152.25,59.85],[153.25,59.52],[153.58,60.0],[155.58,60.75],[157.5,61.89],[157.75,62.28],[158.5,62.25],[158.75,62.57],[159.75,62.51],[160.75,62.79],[164.0,62.55],[164.5,62.36],[164.5,62.0],[165.75,61.68],[166.52,61.75],[166.78,61.5],[166.75,61.1],[167.25,60.99],[167.49,60.5],[168.5,60.27],[169.76,59.5],[171.11,58.0],[171.52,56.75],[171.12,56.0],[171.06,55.25],[170.05,53.75],[169.0,52.93],[168.0,52.49],[165.5,52.08],[160.75,52.24]]}},{"type":"Feature","properties":{"level":1000},"geometry":{"type":"LineString","coordinates":[[-146.5,52.97],[-149.64,54.0],[-151.26,56.0],[-151.46,56.75],[-151.25,57.55],[-149.77,58.5],[-149.43,59.0],[-150.13,59.5],[-149.5,60.01],[-148.41,60.25],[-148.27,61.0],[-147.75,61.29],[-145.0,60.65],[-142.5,60.39],[-140.75,61.17],[-139.85,60.75],[-140.38,60.25],[-139.5,60.12],[-139.5,60.5],[-139.0,60.55],[-138.52,59.5],[-137.26,59.25],[-137.33,59.0],[-136.97,58.5],[-135.91,58.25],[-134.74,57.25],[-135.07,56.0],[-135.75,54.99],[-136.5,54.34],[-138.0,53.59],[-141.5,52.88],[-144.75,52.78],[-146.5,52.97]]}},{"type":"Feature","properties":{"level":1000},"geometry":{"type":"LineString","coordinates":[[-55.25,53.68],[-55.5,53.76],[-55.9,55.0],[-59.5,56.8],[-62.25,57.49],[-66.75,58.16],[-70.0,57.99],[-73.0,59.49],[-74.39,60.5],[-74.91,61.25],[-75.31,62.0],[-75.1,62.25],[-75.84,65.25],[-75.72,66.0],[-75.25,66.56],[-71.5,67.84],[-69.25,67.69],[-67.5,67.88],[-65.25,67.47],[-64.33,67.75],[-64.83,68.5],[-65.27,70.25],[-64.9,71.25],[-65.11,72.25],[-67.07,74.0],[-68.3,75.75],[-68.27,76.0],[-65.95,76.5],[-63.75,76.55],[-56.25,75.91],[-53.31,75.0],[-52.94,74.75],[-53.57,74.25],[-53.37,74.0],[-52.0,73.52],[-50.25,74.28],[-43.75,75.13],[-41.5,74.91],[-36.25,75.65],[-28.5,75.73],[-27.14,75.5],[-28.5,74.96],[-30.16,73.5],[-28.91,73.0],[-29.03,72.75],[-28.75,72.43],[-27.08,72.0],[-27.75,71.94],[-28.75,72.24],[-29.94,71.75],[-28.45,71.5],[-29.64,71.25],[-29.75,70.96],[-30.4,70.75],[-29.97,70.5],[-30.46,70.25],[-28.25,69.89],[-25.5,70.31],[-23.35,70.0],[-24.0,69.54],[-25.25,69.53],[-26.25,68.99],[-29.25,68.78],[-31.85,68.25],[-30.7,67.75],[-32.0,67.36],[-32.86,67.75],[-34.25,67.84],[-34.37,68.25],[-34.09,69.25],[-34.25,69.34],[-36.0,70.09],[-37.25,70.11],[-37.58,69.75],[-37.09,69.25],[-37.12,69.0],[-37.75,68.73],[-37.82,68.5],[-37.56,68.25],[-36.0,67.38],[-34.25,66.8],[-33.25,67.18],[-32.5,66.98],[-31.25,66.35],[-30.55,65.5],[-30.19,64.5],[-30.9,63.25],[-31.65,62.5],[-32.23,61.0],[-32.94,60.0],[-33.5,59.68],[-34.75,59.51],[-39.25,60.26],[-41.5,59.82],[-43.0,59.9],[-43.37,60.0],[-44.13,61.75],[-45.0,62.31],[-45.5,62.32],[-46.25,61.8],[-48.25,61.85],[-49.04,61.25],[-48.53,59.75],[-49.0,58.01],[-49.9,57.25],[-51.25,55.51],[-53.5,54.2],[-54.25,54.29],[-54.5,53.85],[-55.25,53.68]]}},{"type":"Feature","properties":{"level":1000},"geometry":{"type":"LineString","coordinates":[[-108.25,58.15],[-110.63,59.0],[-110.74,60.5],[-111.0,60.88],[-114.75,61.32],[-114.93,61.5],[-114.67,61.75],[-114.98,62.5],[-114.54,63.0],[-115.28,64.0],[-116.25,64.7],[-116.8,65.0],[-120.25,65.71],[-121.07,66.25],[-120.58,66.75],[-118.16,67.75],[-117.67,68.25],[-116.63,68.75],[-114.0,69.39],[-110.25,69.55],[-106.25,69.35],[-103.25,68.82],[-101.77,68.25],[-100.81,67.5],[-99.8,66.0],[-99.2,65.5],[-98.25,63.72],[-98.25,63.34],[-98.73,62.75],[-98.57,62.25],[-98.8,61.0],[-101.75,59.19],[-103.5,58.46],[-104.25,58.66],[-106.25,58.25],[-108.25,58.15]]}},{"type":"Feature","properties":{"level":1000},"geometry":{"type":"LineString","coordinates":[[-119.75,60.19],[-120.25,60.49],[-121.5,60.42],[-121.72,60.75],[-118.6,60.5],[-118.69,60.25],[-119.75,60.19]]}},{"type":"Feature","properties":{"level":1000},"geometry":{"type":"LineString","coordinates":[[-43.3,63.25],[-42.75,63.44],[-42.11,64.0],[-42.12,64.25],[-42.5,64.19],[-43.3,63.25]]}},{"type":"Feature","properties":{"level":1000},"geometry":{"type":"LineString","coordinates":[[-32.48,68.0],[-32.0,68.0],[-32.25,68.17],[-32.48,68.0]]}},{"type":"Feature","properties":{"level":1000},"geometry":{"type":"LineString","coordinates":[[-23.75,69.16],[-23.75,69.4],[-22.98,69.25],[-23.75,69.16]]}},{"type":"Feature","properties":{"level":1000},"geometry":{"type":"LineString","coordinates":[[-22.0,69.49],[-22.25,69.76],[-22.0,69.49]]}},{"type":"Feature","properties":{"level":1000},"geometry":{"type":"LineString","coordinates":[[-21.75,69.64],[-22.28,70.25],[-21.96,70.25],[-21.75,69.84],[-21.75,70.25],[-20.5,70.96],[-20.42,71.25],[-18.75,72.39],[-16.75,72.6],[-16.38,72.5],[-16.07,72.0],[-17.0,70.94],[-18.32,70.25],[-19.75,69.76],[-21.75,69.64]]}},{"type":"Feature","properties":{"level":1000},"geometry":{"type":"LineString","coordinates":[[-25.75,71.7],[-25.77,72.0],[-24.81,72.0],[-25.0,71.73],[-25.75,71.7]]}},{"type":"Feature","properties":{"level":1000},"geometry":{"type":"LineString","coordinates":[[180.0,73.95],[164.25,72.04],[152.5,71.25],[149.75,70.81],[148.5,70.88],[144.25,70.04],[135.0,70.0],[133.42,69.75],[130.25,68.15],[128.5,69.32],[127.25,69.52],[120.5,67.97],[114.75,67.74],[99.85,70.25],[99.25,70.58],[86.25,73.45],[77.5,74.4],[72.88,75.25],[72.35,75.5],[72.71,75.75],[72.09,76.0],[71.52,76.75],[71.39,78.25],[70.08,79.5],[68.74,82.0],[68.84,82.5],[69.41,83.0],[68.03,83.75],[65.85,84.25],[60.5,84.74],[53.75,84.95],[28.75,84.44],[-9.25,85.25],[-45.5,84.56],[-58.0,83.94],[-64.5,83.35],[-67.0,82.91],[-68.5,83.07],[-79.5,82.71],[-91.0,82.02],[-107.25,80.34],[-137.75,78.5],[-165.25,75.38],[-180.0,73.95]]}},{"type":"Feature","properties":{"level":1000},"geometry":{"type":"LineString","coordinates":[[31.5,81.53],[30.75,81.83],[26.5,82.13],[25.54,82.75],[29.0,83.34],[33.75,83.46],[36.5,83.3],[38.13,82.75],[36.28,82.0],[31.5,81.53]]}},{"type":"Feature","properties":{"level":1004},"geometry":{"type":"LineString","coordinates":[[53.5,-89.25],[53.29,-89.25],[57.86,-89.25],[53.5,-89.25]]}},{"type":"Feature","properties":{"level":1004},"geometry":{"type":"LineString","coordinates":[[180.0,-88.61],[134.5,-88.54],[126.25,-88.1],[121.64,-87.25],[121.46,-87.0],[126.49,-84.0],[126.84,-82.75],[127.89,-82.0],[127.8,-81.75],[128.98,-81.25],[128.96,-80.75],[128.56,-80.5],[128.96,-79.75],[130.92,-78.5],[132.75,-77.54],[138.28,-76.0],[141.81,-74.5],[141.88,-74.25],[141.23,-73.75],[141.98,-73.25],[141.64,-73.0],[141.82,-72.75],[140.75,-71.21],[139.75,-70.98],[138.99,-70.5],[137.5,-70.31],[135.25,-68.93],[134.36,-69.25],[134.1,-70.5],[133.75,-70.7],[131.75,-70.85],[130.25,-70.68],[120.5,-71.85],[111.5,-72.09],[104.75,-71.33],[87.75,-71.87],[85.72,-72.5],[85.3,-73.25],[85.73,-74.0],[87.25,-75.05],[88.0,-75.85],[88.25,-76.51],[88.91,-77.0],[89.04,-77.75],[89.64,-78.25],[89.42,-78.5],[87.25,-79.31],[77.25,-80.88],[74.43,-80.75],[65.5,-79.32],[62.25,-78.18],[62.02,-78.0],[62.32,-77.75],[62.0,-77.25],[62.19,-77.0],[62.15,-76.0],[59.18,-74.75],[60.02,-74.25],[59.29,-73.25],[59.51,-73.0],[59.13,-72.25],[61.0,-71.4],[62.13,-70.5],[61.66,-70.25],[58.25,-69.7],[55.25,-69.74],[49.5,-70.48],[47.75,-70.32],[46.75,-70.9],[43.0,-71.71],[37.5,-72.31],[35.5,-73.15],[32.5,-73.4],[29.25,-73.24],[28.25,-73.83],[26.75,-73.48],[25.25,-73.63],[21.75,-73.35],[17.25,-72.49],[7.0,-72.73],[4.71,-73.5],[3.66,-74.25],[4.5,-74.5],[4.68,-75.0],[5.0,-75.17],[10.75,-75.54],[13.25,-75.95],[13.36,-76.5],[12.92,-77.25],[9.5,-79.03],[10.75,-79.8],[13.96,-81.0],[15.71,-81.25],[6.75,-81.81],[5.08,-82.0],[4.68,-82.5],[1.75,-83.03],[-13.5,-84.4],[-14.69,-84.75],[-14.84,-85.25],[-14.46,-85.5],[-16.75,-86.16],[-23.53,-86.75],[-16.64,-87.25],[-19.35,-87.5],[-28.0,-87.75],[-40.25,-87.6],[-63.25,-87.94],[-98.5,-87.68],[-180.0,-88.61]]}},{"type":"Feature","properties":{"level":1004},"geometry":{"type":"LineString","coordinates":[[-4.8,-82.0],[-1.51,-81.75],[-6.0,-81.43],[-7.25,-81.75],[-4.8,-82.0]]}},{"type":"Feature","properties":{"level":1004},"geometry":{"type":"LineString","coordinates":[[-180.0,-51.35],[-175.25,-50.72],[-168.75,-50.56],[-162.5,-51.26],[-159.75,-51.17],[-157.75,-50.76],[-156.0,-50.02],[-153.96,-48.75],[-150.72,-46.25],[-148.38,-45.25],[-146.75,-45.17],[-141.0,-45.76],[-137.0,-46.61],[-112.0,-55.74],[-99.75,-59.63],[-88.25,-62.73],[-85.25,-63.34],[-82.0,-63.57],[-79.0,-63.38],[-77.0,-62.96],[-71.25,-60.84],[-69.63,-59.75],[-68.64,-58.25],[-68.75,-57.75],[-67.75,-57.42],[-64.75,-57.3],[-53.75,-57.71],[-47.0,-57.55],[-38.25,-56.83],[-35.5,-56.35],[-32.5,-55.47],[-28.5,-54.03],[-24.5,-52.14],[-22.25,-51.93],[-16.75,-53.44],[-14.25,-53.6],[-9.75,-52.44],[-4.72,-50.5],[-0.25,-49.51],[2.0,-49.43],[7.75,-49.77],[9.43,-50.25],[11.25,-51.4],[13.0,-51.72],[16.0,-51.29],[22.75,-49.57],[31.25,-48.26],[36.75,-49.1],[45.0,-51.18],[49.25,-51.46],[52.0,-50.61],[55.28,-48.0],[56.5,-47.28],[59.5,-46.39],[63.25,-45.67],[68.28,-44.0],[87.0,-42.09],[94.25,-42.05],[99.5,-43.07],[106.5,-46.44],[114.18,-51.5],[118.75,-54.19],[123.74,-56.0],[125.5,-56.87],[128.0,-57.4],[132.5,-57.24],[142.25,-55.82],[154.0,-54.95],[162.25,-53.81],[165.0,-52.94],[170.25,-52.58],[180.0,-51.35]]}},{"type":"Feature","properties":{"level":1004},"geometry":{"type":"LineString","coordinates":[[115.5,-42.5],[113.62,-41.75],[112.39,-40.75],[110.95,-38.25],[110.34,-35.75],[110.54,-35.0],[112.25,-34.86],[115.5,-35.67],[116.5,-36.36],[117.56,-36.5],[118.5,-37.47],[119.75,-37.58],[120.61,-38.25],[120.57,-40.25],[120.21,-40.75],[117.5,-42.31],[115.5,-42.5]]}},{"type":"Feature","properties":{"level":1004},"geometry":{"type":"LineString","coordinates":[[-29.5,-34.28],[-31.25,-33.61],[-32.06,-32.75],[-32.73,-31.5],[-32.84,-30.25],[-32.5,-29.48],[-31.75,-28.91],[-31.25,-28.88],[-29.5,-29.73],[-28.25,-30.72],[-26.58,-32.75],[-26.48,-33.0],[-27.05,-33.75],[-28.5,-34.3],[-29.5,-34.28]]}},{"type":"Feature","properties":{"level":1004},"geometry":{"type":"LineString","coordinates":[[-127.25,-24.78],[-127.89,-24.5],[-127.75,-24.03],[-127.28,-24.0],[-126.56,-24.5],[-127.25,-24.78]]}},{"type":"Feature","properties":{"level":1004},"geometry":{"type":"LineString","coordinates":[[-166.5,-13.77],[-167.25,-13.57],[-167.8,-12.75],[-167.75,-12.31],[-167.25,-11.77],[-166.25,-11.9],[-165.58,-12.5],[-165.6,-13.25],[-166.0,-13.66],[-166.5,-13.77]]}},{"type":"Feature","properties":{"level":1004},"geometry":{"type":"LineString","coordinates":[[-98.5,11.16],[-99.41,12.0],[-99.46,13.0],[-99.0,13.7],[-98.0,14.35],[-97.28,13.5],[-96.96,12.0],[-97.5,11.26],[-98.5,11.16]]}},{"type":"Feature","properties":{"level":1004},"geometry":{"type":"LineString","coordinates":[[142.75,11.41],[141.44,12.0],[140.95,14.0],[141.59,15.25],[143.0,15.9],[144.37,15.5],[145.27,14.0],[145.06,12.5],[144.75,12.09],[143.75,11.42],[142.75,11.41]]}},{"type":"Feature","properties":{"level":1004},"geometry":{"type":"LineString","coordinates":[[88.75,17.22],[87.86,17.5],[87.18,18.75],[87.14,19.25],[87.75,20.45],[88.63,20.75],[88.75,21.09],[90.0,20.99],[90.91,20.0],[91.0,18.38],[90.43,17.75],[88.75,17.22]]}},{"type":"Feature","properties":{"level":1004},"geometry":{"type":"LineString","coordinates":[[89.0,21.01],[89.0,21.3],[89.0,21.01]]}},{"type":"Feature","properties":{"level":1004},"geometry":{"type":"LineString","coordinates":[[180.0,48.57],[178.15,49.0],[177.43,49.75],[177.28,50.25],[177.43,51.0],[178.0,51.63],[179.25,52.0],[180.0,51.87]]}},{"type":"Feature","properties":{"level":1004},"geometry":{"type":"LineString","coordinates":[[-60.75,49.92],[-61.2,50.5],[-59.33,51.75],[-59.06,53.25],[-58.27,54.0],[-58.78,54.25],[-58.97,54.75],[-61.25,55.29],[-63.0,56.3],[-64.5,56.73],[-67.0,57.03],[-69.25,56.97],[-71.29,57.5],[-75.0,59.59],[-76.59,61.0],[-76.77,61.25],[-76.66,61.5],[-77.68,62.25],[-77.39,62.5],[-78.31,63.25],[-79.5,65.89],[-79.35,68.5],[-79.6,69.5],[-78.99,70.0],[-79.34,70.5],[-78.75,70.56],[-76.5,69.89],[-75.0,69.89],[-74.5,70.19],[-73.79,69.75],[-74.11,69.5],[-73.0,69.12],[-69.5,68.88],[-68.75,69.05],[-68.27,69.5],[-69.35,70.25],[-68.89,70.5],[-70.57,71.0],[-72.84,72.75],[-76.38,74.0],[-75.57,74.25],[-76.0,74.75],[-79.95,76.0],[-79.61,76.25],[-78.25,76.4],[-77.07,77.0],[-77.42,77.25],[-77.06,77.5],[-77.1,77.75],[-73.25,78.78],[-72.25,78.64],[-72.75,78.21],[-70.25,77.67],[-69.9,77.5],[-70.38,77.25],[-69.5,77.38],[-69.45,77.0],[-69.25,76.96],[-56.75,76.47],[-54.93,76.25],[-50.5,75.11],[-47.0,74.99],[-42.75,75.46],[-41.0,75.21],[-35.75,75.86],[-28.25,76.03],[-23.15,75.5],[-23.34,75.25],[-22.9,75.0],[-22.89,74.5],[-23.5,74.38],[-23.75,74.08],[-25.25,73.84],[-25.52,73.5],[-25.0,73.16],[-24.75,73.4],[-23.5,73.11],[-23.29,73.5],[-23.74,73.75],[-23.74,74.0],[-23.5,74.09],[-23.25,73.83],[-20.5,73.56],[-19.5,73.95],[-16.75,74.38],[-13.0,74.29],[-11.14,73.5],[-10.83,72.75],[-10.93,72.25],[-12.0,71.38],[-12.01,71.0],[-15.25,69.65],[-18.85,68.75],[-19.5,68.22],[-22.79,67.75],[-25.5,66.63],[-26.0,65.77],[-26.5,65.67],[-27.0,65.13],[-27.49,63.75],[-28.29,62.75],[-30.41,60.5],[-31.75,59.61],[-33.5,58.93],[-35.25,58.74],[-43.75,59.26],[-44.75,59.12],[-46.41,58.25],[-51.25,53.24],[-54.0,51.5],[-58.25,50.13],[-58.75,50.25],[-60.75,49.92]]}},{"type":"Feature","properties":{"level":1004},"geometry":{"type":"LineString","coordinates":[[-149.0,50.23],[-150.69,50.75],[-152.53,51.75],[-154.24,53.5],[-155.66,54.25],[-155.63,54.75],[-156.23,55.75],[-157.35,56.75],[-156.25,57.38],[-155.75,58.06],[-153.96,58.75],[-154.5,59.0],[-154.62,60.0],[-153.5,60.91],[-152.5,61.07],[-152.32,61.25],[-152.67,61.5],[-152.21,62.25],[-151.77,62.75],[-151.0,63.09],[-148.25,62.35],[-147.75,61.78],[-147.25,61.87],[-147.09,62.25],[-147.23,62.5],[-146.5,63.1],[-145.25,63.46],[-141.75,62.5],[-141.7,62.75],[-142.14,63.25],[-142.0,63.32],[-141.0,63.48],[-139.42,63.25],[-139.19,64.0],[-139.49,64.5],[-139.31,64.75],[-138.0,64.86],[-137.0,64.65],[-136.25,65.02],[-134.75,64.88],[-132.75,65.05],[-131.62,64.75],[-133.16,64.25],[-131.0,63.6],[-129.75,63.49],[-129.0,64.28],[-128.25,64.04],[-127.5,64.3],[-126.75,63.75],[-125.75,63.45],[-124.96,62.75],[-124.25,62.6],[-122.95,63.0],[-123.5,64.37],[-122.29,64.25],[-122.39,64.5],[-124.46,65.5],[-125.32,66.25],[-125.56,66.75],[-125.0,67.85],[-122.25,68.53],[-121.75,69.09],[-118.5,70.11],[-116.75,70.4],[-112.5,70.55],[-103.25,69.89],[-99.75,69.02],[-97.59,67.75],[-96.25,65.25],[-95.02,64.0],[-95.31,63.25],[-95.28,61.5],[-96.13,60.5],[-97.25,59.53],[-99.5,58.38],[-100.75,58.16],[-102.5,57.03],[-103.75,57.03],[-104.25,56.68],[-105.25,56.94],[-106.5,56.86],[-108.0,56.26],[-109.25,56.17],[-111.0,56.38],[-113.5,57.37],[-115.25,57.44],[-116.25,57.81],[-117.25,57.41],[-119.75,57.7],[-121.5,57.57],[-123.5,57.93],[-124.75,58.74],[-126.75,58.79],[-127.5,58.5],[-128.5,58.83],[-129.32,58.75],[-130.0,58.37],[-131.0,58.59],[-132.11,57.75],[-132.25,57.38],[-133.0,57.68],[-133.2,57.5],[-133.35,56.25],[-133.82,55.25],[-135.0,54.0],[-136.5,53.11],[-144.25,50.48],[-147.25,50.1],[-149.0,50.23]]}},{"type":"Feature","properties":{"level":1004},"geometry":{"type":"LineString","coordinates":[[161.5,50.98],[157.75,51.72],[157.56,52.25],[157.0,52.65],[152.75,53.07],[151.0,52.97],[148.0,53.44],[146.02,54.0],[143.0,55.34],[140.11,57.75],[142.14,59.75],[142.11,60.5],[142.64,60.75],[143.0,61.33],[143.24,61.25],[143.25,60.97],[144.0,61.3],[145.75,60.92],[146.25,61.04],[150.5,60.59],[152.0,60.81],[153.5,60.65],[155.0,61.0],[155.69,61.75],[155.75,62.37],[156.65,62.5],[157.06,63.0],[157.0,63.65],[157.75,63.75],[157.64,64.0],[158.25,64.66],[159.64,65.0],[160.11,65.5],[160.01,65.75],[161.75,66.11],[166.28,66.5],[165.72,67.25],[166.74,67.5],[167.0,67.84],[167.2,67.75],[167.1,67.25],[168.25,67.07],[168.07,66.75],[168.73,66.5],[167.98,66.25],[168.0,65.95],[168.38,65.75],[167.0,65.62],[166.37,64.75],[169.0,64.18],[170.25,64.21],[171.5,64.97],[172.0,65.01],[172.94,64.5],[172.68,64.25],[173.31,64.0],[173.02,63.5],[173.48,63.0],[173.08,62.75],[172.9,62.0],[173.06,61.75],[174.25,61.63],[174.72,61.25],[175.18,59.5],[176.1,57.75],[176.35,56.25],[177.26,54.5],[176.0,53.77],[174.75,52.32],[170.0,51.12],[166.0,50.84],[161.5,50.98]]}},{"type":"Feature","properties":{"level":1004},"geometry":{"type":"LineString","coordinates":[[-180.0,51.87],[-178.25,51.17],[-177.76,50.75],[-177.44,50.0],[-177.57,49.5],[-178.0,49.14],[-179.0,48.69],[-180.0,48.57]]}},{"type":"Feature","properties":{"level":1004},"geometry":{"type":"LineString","coordinates":[[172.36,63.5],[172.96,63.5],[172.36,63.5]]}},{"type":"Feature","properties":{"level":1004},"geometry":{"type":"LineString","coordinates":[[170.25,66.83],[169.25,67.37],[168.0,67.53],[167.61,68.0],[169.0,68.31],[169.75,67.93],[172.21,67.75],[171.75,67.32],[170.25,66.83]]}},{"type":"Feature","properties":{"level":1004},"geometry":{"type":"LineString","coordinates":[[-35.45,67.5],[-34.38,67.5],[-34.75,67.75],[-34.75,68.12],[-35.49,68.5],[-34.92,69.25],[-36.25,69.73],[-37.0,69.57],[-36.44,69.25],[-36.86,68.75],[-36.75,68.57],[-35.78,68.0],[-35.45,67.5]]}},{"type":"Feature","properties":{"level":1004},"geometry":{"type":"LineString","coordinates":[[172.5,67.99],[172.75,68.1],[172.5,67.99]]}},{"type":"Feature","properties":{"level":1004},"geometry":{"type":"LineString","coordinates":[[173.25,68.37],[173.05,68.5],[174.31,68.5],[173.25,68.37]]}},{"type":"Feature","properties":{"level":1004},"geometry":{"type":"LineString","coordinates":[[176.75,68.71],[175.75,69.0],[176.5,69.06],[177.63,68.75],[176.75,68.71]]}},{"type":"Feature","properties":{"level":1004},"geometry":{"type":"LineString","coordinates":[[136.56,69.25],[137.08,69.25],[136.56,69.25]]}},{"type":"Feature","properties":{"level":1004},"geometry":{"type":"LineString","coordinates":[[-74.85,69.75],[-74.5,69.75],[-74.85,69.75]]}},{"type":"Feature","properties":{"level":1004},"geometry":{"type":"LineString","coordinates":[[180.0,71.91],[174.75,70.87],[170.5,70.42],[161.25,70.08],[153.0,69.05],[149.5,68.85],[148.75,68.73],[148.5,68.24],[147.0,68.76],[143.5,67.58],[142.25,67.71],[141.25,68.41],[139.67,68.25],[140.12,68.5],[140.03,68.75],[138.25,69.33],[137.99,69.25],[139.0,68.7],[139.01,68.25],[137.25,68.73],[136.75,68.59],[136.66,68.25],[136.0,68.41],[134.0,68.1],[132.99,67.75],[133.25,67.62],[133.29,67.25],[132.25,66.75],[131.25,66.7],[130.75,67.13],[129.5,66.98],[128.64,67.5],[128.77,68.0],[128.0,68.51],[127.5,68.13],[125.75,68.1],[123.5,66.97],[122.0,66.62],[116.0,66.34],[112.5,66.62],[105.75,68.17],[98.25,69.46],[98.16,69.75],[97.75,69.89],[89.75,71.63],[81.0,73.02],[73.75,73.72],[69.52,74.5],[65.5,75.86],[64.45,76.0],[65.8,76.5],[65.75,76.65],[64.3,78.25],[60.62,80.5],[52.5,82.3],[49.25,82.28],[35.25,80.01],[30.46,79.5],[26.9,78.75],[23.0,78.63],[20.0,78.93],[19.0,79.22],[18.94,79.5],[25.05,79.5],[22.5,80.07],[16.36,80.0],[17.4,80.5],[17.28,80.75],[15.38,81.5],[9.5,82.72],[0.4,83.5],[-5.75,83.67],[-9.5,83.58],[-22.0,82.28],[-23.25,82.75],[-25.5,82.89],[-27.75,83.37],[-32.5,83.49],[-37.5,83.21],[-39.5,82.72],[-42.75,83.12],[-45.0,83.05],[-45.43,83.0],[-45.42,82.5],[-47.75,82.31],[-51.25,82.4],[-52.0,82.16],[-55.5,82.19],[-62.5,81.8],[-65.0,82.34],[-78.25,82.09],[-79.25,81.7],[-87.54,81.25],[-90.01,80.5],[-90.5,80.15],[-92.75,80.38],[-94.0,80.23],[-95.84,79.75],[-97.0,79.11],[-129.5,77.69],[-141.75,76.66],[-154.0,74.69],[-158.25,73.38],[-160.75,71.92],[-166.25,73.03],[-170.0,72.92],[-180.0,71.91]]}},{"type":"Feature","properties":{"level":1004},"geometry":{"type":"LineString","coordinates":[[-23.13,73.0],[-22.73,73.25],[-23.11,73.25],[-23.13,73.0]]}},{"type":"Feature","properties":{"level":1004},"geometry":{"type":"LineString","coordinates":[[-71.75,81.71],[-71.96,81.75],[-70.83,81.75],[-71.75,81.71]]}},{"type":"Feature","properties":{"level":1008},"geometry":{"type":"LineString","coordinates":[[180.0,-89.27],[147.0,-88.72],[122.33,-89.0],[125.33,-88.75],[120.25,-88.01],[118.54,-87.5],[118.58,-87.0],[120.41,-86.25],[123.44,-84.5],[123.89,-83.75],[123.31,-83.0],[124.9,-82.25],[124.61,-81.5],[124.26,-81.25],[125.33,-80.75],[124.23,-80.25],[126.75,-79.45],[128.22,-78.25],[132.64,-76.0],[135.75,-75.25],[136.33,-74.5],[136.29,-74.0],[136.68,-73.5],[136.58,-73.0],[135.9,-72.5],[134.5,-72.07],[131.75,-71.89],[130.5,-72.04],[127.5,-71.62],[112.75,-72.33],[104.5,-71.63],[97.25,-72.09],[93.0,-72.04],[88.5,-72.6],[87.0,-73.15],[86.92,-73.75],[89.0,-75.26],[92.24,-76.75],[92.36,-77.0],[91.73,-77.5],[93.22,-78.25],[92.31,-79.0],[92.74,-79.5],[90.0,-80.15],[83.04,-81.0],[76.25,-81.12],[64.5,-79.74],[61.25,-78.41],[60.92,-78.0],[61.21,-76.25],[58.24,-75.0],[58.21,-74.75],[58.72,-74.25],[58.18,-73.25],[58.49,-73.0],[58.39,-72.25],[60.31,-70.5],[59.0,-70.35],[52.25,-70.65],[50.2,-71.5],[46.25,-71.68],[40.25,-72.56],[38.0,-72.67],[37.14,-73.25],[36.19,-73.5],[30.25,-73.8],[29.76,-74.25],[29.25,-74.31],[26.25,-73.69],[24.0,-73.81],[17.0,-72.77],[7.0,-72.88],[5.46,-73.5],[4.95,-74.25],[4.98,-75.0],[10.5,-75.21],[13.25,-75.68],[13.61,-76.0],[13.61,-76.5],[13.25,-77.23],[12.43,-78.0],[12.45,-78.25],[13.45,-79.0],[15.82,-80.0],[26.0,-82.05],[25.88,-82.25],[24.25,-82.36],[8.17,-82.0],[7.87,-82.25],[10.12,-83.0],[9.5,-83.28],[-2.02,-85.0],[-1.93,-85.25],[-0.96,-85.75],[1.75,-86.15],[11.75,-86.8],[19.04,-87.0],[8.92,-88.25],[9.75,-88.52],[27.25,-88.43],[33.5,-87.88],[37.25,-87.79],[41.0,-87.97],[43.0,-88.46],[46.0,-88.6],[90.75,-89.25],[44.25,-89.51],[-71.5,-88.39],[-106.25,-88.27],[-161.67,-88.5],[-170.35,-88.75],[-173.93,-89.25],[-180.0,-89.27]]}},{"type":"Feature","properties":{"level":1008},"geometry":{"type":"LineString","coordinates":[[24.25,-87.25],[27.61,-87.0],[25.99,-86.75],[32.75,-86.24],[37.5,-86.68],[38.32,-87.0],[24.25,-87.25]]}},{"type":"Feature","properties":{"level":1008},"geometry":{"type":"LineString","coordinates":[[20.75,-87.0],[23.93,-87.0],[20.75,-87.0]]}},{"type":"Feature","properties":{"level":1008},"geometry":{"type":"LineString","coordinates":[[-180.0,-50.35],[-168.75,-49.14],[-164.0,-49.35],[-160.75,-49.1],[-159.0,-48.58],[-157.09,-47.5],[-155.44,-46.25],[-153.5,-44.39],[-153.38,-44.0],[-152.81,-43.75],[-150.75,-43.45],[-145.0,-43.79],[-142.5,-43.61],[-138.75,-44.6],[-127.25,-49.21],[-107.75,-56.23],[-92.04,-60.75],[-87.25,-61.76],[-83.0,-62.18],[-79.25,-61.79],[-74.0,-59.91],[-72.36,-58.75],[-71.24,-57.25],[-71.49,-56.75],[-71.25,-56.61],[-66.5,-55.64],[-64.5,-56.01],[-63.75,-55.68],[-62.25,-55.69],[-58.0,-56.52],[-53.5,-56.6],[-44.75,-56.36],[-41.0,-56.02],[-36.25,-55.38],[-35.91,-55.25],[-35.75,-54.58],[-35.5,-54.42],[-34.25,-54.36],[-30.92,-53.5],[-26.97,-51.5],[-24.75,-50.76],[-22.25,-50.65],[-17.25,-51.4],[-13.5,-51.25],[-11.0,-50.79],[-4.0,-48.65],[0.5,-47.86],[12.0,-47.72],[13.0,-47.47],[22.0,-46.94],[30.0,-46.99],[35.5,-47.5],[45.0,-49.84],[48.75,-50.04],[51.25,-49.42],[57.25,-46.16],[66.04,-43.25],[72.0,-42.41],[77.75,-41.99],[82.0,-41.2],[90.5,-40.48],[96.25,-40.72],[99.75,-41.59],[108.0,-45.21],[113.38,-48.5],[116.75,-50.92],[121.0,-53.22],[126.5,-55.36],[129.25,-56.04],[133.0,-56.06],[142.75,-54.87],[148.5,-54.47],[157.5,-53.25],[164.0,-51.92],[170.5,-51.58],[180.0,-50.35]]}},{"type":"Feature","properties":{"level":1008},"geometry":{"type":"LineString","coordinates":[[114.75,-44.03],[111.9,-42.75],[110.05,-40.5],[110.05,-40.0],[109.43,-38.75],[109.03,-37.0],[109.05,-35.0],[109.72,-33.75],[111.44,-33.0],[114.0,-33.34],[115.25,-33.95],[116.0,-33.94],[117.0,-34.38],[117.5,-33.98],[120.0,-35.67],[120.75,-35.7],[122.0,-36.17],[122.5,-37.5],[122.69,-38.75],[122.52,-39.5],[122.7,-39.75],[121.67,-41.0],[122.02,-41.25],[122.0,-41.51],[120.17,-43.5],[119.5,-43.96],[118.5,-44.15],[114.75,-44.03]]}},{"type":"Feature","properties":{"level":1008},"geometry":{"type":"LineString","coordinates":[[-30.0,-35.15],[-30.25,-34.75],[-31.25,-34.61],[-31.75,-34.15],[-32.35,-34.0],[-34.15,-32.0],[-34.04,-31.25],[-34.34,-30.75],[-34.09,-29.5],[-32.75,-27.26],[-31.5,-26.72],[-29.0,-27.56],[-25.75,-29.9],[-24.5,-31.46],[-23.36,-32.0],[-22.92,-32.5],[-22.9,-32.75],[-24.2,-34.0],[-26.0,-35.01],[-26.5,-34.81],[-28.0,-35.15],[-29.75,-34.95],[-30.0,-35.15]]}},{"type":"Feature","properties":{"level":1008},"geometry":{"type":"LineString","coordinates":[[23.75,-31.25],[22.71,-30.25],[22.9,-29.5],[23.75,-29.01],[23.71,-29.5],[24.25,-29.5],[24.77,-30.25],[24.71,-30.5],[25.0,-30.51],[25.08,-30.75],[24.75,-31.07],[24.25,-30.99],[23.75,-31.25]]}},{"type":"Feature","properties":{"level":1008},"geometry":{"type":"LineString","coordinates":[[21.5,-27.13],[21.03,-26.25],[21.12,-26.0],[22.0,-25.77],[22.7,-26.75],[22.0,-27.15],[21.5,-27.13]]}},{"type":"Feature","properties":{"level":1008},"geometry":{"type":"LineString","coordinates":[[-132.25,-26.57],[-132.49,-26.25],[-132.47,-24.5],[-131.92,-23.75],[-131.68,-22.5],[-131.12,-22.25],[-130.5,-21.33],[-130.25,-21.46],[-130.23,-21.0],[-129.75,-21.06],[-129.0,-20.47],[-127.5,-20.27],[-126.5,-20.42],[-123.79,-22.75],[-123.44,-23.5],[-123.51,-24.0],[-123.15,-25.25],[-125.0,-26.11],[-126.0,-26.19],[-127.25,-25.93],[-127.5,-26.15],[-128.5,-26.16],[-129.0,-26.7],[-129.5,-26.39],[-131.0,-26.58],[-131.25,-26.25],[-131.53,-26.5],[-132.25,-26.57]]}},{"type":"Feature","properties":{"level":1008},"geometry":{"type":"LineString","coordinates":[[-134.5,-24.85],[-134.71,-24.5],[-134.5,-23.75],[-133.39,-23.75],[-133.1,-24.5],[-133.21,-24.75],[-134.5,-24.85]]}},{"type":"Feature","properties":{"level":1008},"geometry":{"type":"LineString","coordinates":[[-130.78,-23.5],[-130.5,-22.98],[-130.78,-23.5]]}},{"type":"Feature","properties":{"level":1008},"geometry":{"type":"LineString","coordinates":[[24.25,-23.53],[23.75,-23.26],[23.25,-22.37],[22.25,-22.04],[22.31,-21.25],[21.5,-20.94],[21.11,-20.5],[21.16,-19.75],[20.17,-19.75],[20.15,-19.0],[19.25,-19.26],[19.0,-19.64],[18.25,-19.12],[17.5,-19.4],[16.95,-19.25],[16.55,-18.25],[16.7,-17.75],[15.89,-16.5],[16.0,-16.22],[17.04,-16.0],[16.5,-14.84],[17.0,-14.48],[17.25,-15.05],[17.66,-14.75],[17.74,-14.25],[18.5,-14.7],[18.99,-14.5],[19.75,-13.65],[21.0,-13.7],[21.25,-13.5],[21.0,-12.37],[22.0,-12.09],[22.32,-12.25],[22.5,-12.93],[23.0,-12.89],[23.85,-13.25],[23.91,-14.5],[24.6,-14.5],[24.41,-14.75],[24.9,-15.0],[24.74,-15.5],[25.25,-16.05],[25.57,-15.75],[25.61,-15.25],[26.75,-14.84],[28.18,-15.5],[27.73,-16.0],[27.87,-16.25],[28.25,-16.26],[28.75,-15.76],[29.91,-15.25],[30.0,-14.9],[29.25,-15.04],[29.1,-14.75],[30.0,-14.38],[30.25,-14.62],[30.21,-14.0],[30.5,-13.73],[30.79,-14.25],[30.51,-14.75],[30.75,-15.39],[32.0,-15.45],[32.57,-15.25],[32.75,-14.78],[33.0,-14.97],[33.0,-15.55],[32.75,-15.44],[31.5,-16.33],[30.5,-16.35],[29.75,-16.08],[29.25,-16.24],[29.25,-17.67],[28.0,-18.1],[27.82,-18.0],[28.09,-17.75],[27.79,-17.75],[26.5,-18.89],[25.83,-19.0],[26.26,-19.75],[26.19,-20.75],[24.96,-22.0],[24.78,-22.75],[24.94,-23.0],[24.25,-23.53]]}},{"type":"Feature","properties":{"level":1008},"geometry":{"type":"LineString","coordinates":[[-164.0,-18.52],[-169.75,-15.84],[-171.0,-14.69],[-171.5,-13.84],[-171.92,-13.75],[-172.25,-13.35],[-172.92,-13.25],[-172.68,-12.75],[-173.62,-10.5],[-174.65,-9.25],[-174.75,-8.49],[-175.32,-8.0],[-175.0,-7.5],[-175.75,-6.94],[-176.05,-7.0],[-176.02,-5.75],[-175.26,-5.0],[-175.52,-4.25],[-175.36,-3.5],[-176.94,-1.75],[-176.72,-1.25],[-175.0,-0.88],[-174.0,-0.98],[-173.5,-0.72],[-173.25,-0.95],[-172.75,-0.7],[-171.75,-1.69],[-171.25,-1.58],[-170.3,-2.25],[-168.75,-4.46],[-167.5,-3.39],[-167.0,-3.45],[-166.25,-3.09],[-165.75,-3.22],[-164.8,-2.75],[-163.75,-1.34],[-162.75,-1.39],[-162.25,-0.72],[-161.5,-0.99],[-161.34,-0.75],[-161.5,-0.35],[-162.04,0.0],[-162.0,1.46],[-161.25,1.1],[-160.25,1.41],[-159.25,0.87],[-157.0,1.82],[-156.5,1.28],[-155.75,1.36],[-155.0,0.91],[-154.5,1.23],[-154.0,1.11],[-153.16,1.5],[-152.5,2.22],[-151.5,2.34],[-150.25,3.41],[-149.75,3.12],[-149.25,3.29],[-148.99,3.0],[-148.24,3.0],[-147.5,2.03],[-145.75,1.23],[-145.0,1.52],[-144.2,1.5],[-143.64,0.75],[-144.06,0.0],[-143.75,-0.39],[-143.0,-0.58],[-142.83,-1.75],[-142.98,-2.0],[-142.64,-2.5],[-143.09,-3.75],[-144.6,-4.25],[-144.5,-4.85],[-143.75,-5.09],[-144.0,-5.25],[-144.25,-5.01],[-144.36,-5.25],[-145.25,-5.57],[-146.0,-5.4],[-146.68,-4.75],[-146.27,-4.0],[-146.5,-3.8],[-148.0,-3.57],[-148.25,-3.72],[-148.62,-4.0],[-148.57,-4.25],[-149.25,-5.25],[-149.32,-5.5],[-148.75,-5.5],[-149.0,-5.95],[-150.75,-6.51],[-150.84,-7.0],[-151.28,-7.25],[-151.1,-9.25],[-151.5,-9.96],[-151.75,-10.19],[-152.75,-9.59],[-154.25,-9.7],[-154.5,-9.53],[-155.11,-10.0],[-154.93,-11.25],[-155.5,-10.96],[-155.96,-11.25],[-155.5,-11.53],[-155.05,-12.25],[-155.62,-13.25],[-155.9,-15.25],[-156.5,-16.25],[-158.25,-17.56],[-159.5,-17.75],[-160.25,-18.29],[-161.0,-18.38],[-161.5,-18.73],[-162.0,-18.49],[-162.75,-18.67],[-164.0,-18.52]]}},{"type":"Feature","properties":{"level":1008},"geometry":{"type":"LineString","coordinates":[[26.68,-17.5],[27.52,-16.75],[27.5,-16.19],[26.75,-16.26],[26.26,-16.75],[26.34,-17.25],[26.68,-17.5]]}},{"type":"Feature","properties":{"level":1008},"geometry":{"type":"LineString","coordinates":[[-135.0,-15.51],[-135.0,-15.01],[-134.64,-15.5],[-135.0,-15.51]]}},{"type":"Feature","properties":{"level":1008},"geometry":{"type":"LineString","coordinates":[[-155.0,-14.03],[-154.68,-13.75],[-154.75,-14.12],[-155.0,-14.03]]}},{"type":"Feature","properties":{"level":1008},"geometry":{"type":"LineString","coordinates":[[31.75,-13.01],[32.5,-12.05],[32.5,-12.66],[32.0,-13.08],[31.75,-13.01]]}},{"type":"Feature","properties":{"level":1008},"geometry":{"type":"LineString","coordinates":[[-42.25,-10.94],[-42.25,-10.51],[-41.75,-10.18],[-41.73,-10.75],[-42.25,-10.94]]}},{"type":"Feature","properties":{"level":1008},"geometry":{"type":"LineString","coordinates":[[27.25,-10.6],[26.63,-9.75],[27.0,-9.46],[27.26,-9.5],[27.08,-9.75],[27.38,-10.5],[27.25,-10.6]]}},{"type":"Feature","properties":{"level":1008},"geometry":{"type":"LineString","coordinates":[[-41.5,-10.0],[-41.87,-9.75],[-42.0,-9.27],[-42.62,-9.25],[-42.68,-8.75],[-43.75,-8.2],[-44.09,-7.5],[-44.58,-7.25],[-44.38,-6.75],[-44.75,-6.36],[-46.0,-6.12],[-46.5,-6.45],[-46.75,-6.31],[-47.0,-6.63],[-47.75,-6.5],[-47.87,-7.0],[-47.5,-6.84],[-47.2,-7.0],[-47.4,-7.75],[-47.23,-8.0],[-47.5,-8.12],[-48.0,-7.55],[-48.41,-7.5],[-48.27,-7.25],[-48.75,-7.23],[-49.0,-6.74],[-50.75,-5.14],[-51.25,-5.79],[-51.65,-5.75],[-51.75,-5.43],[-52.29,-5.75],[-51.5,-6.85],[-51.75,-6.75],[-52.5,-7.58],[-53.5,-7.55],[-53.75,-7.3],[-54.75,-8.52],[-56.75,-7.67],[-57.25,-8.04],[-58.5,-8.11],[-59.5,-7.14],[-60.25,-7.1],[-60.54,-7.25],[-60.64,-7.75],[-61.25,-7.72],[-61.75,-8.07],[-62.25,-7.5],[-62.75,-7.36],[-63.0,-8.24],[-63.75,-8.77],[-64.5,-7.75],[-65.03,-7.75],[-65.18,-7.25],[-66.25,-7.04],[-67.5,-6.28],[-67.87,-6.5],[-67.52,-6.75],[-67.75,-7.19],[-68.0,-6.85],[-68.47,-6.75],[-68.25,-7.35],[-67.0,-7.45],[-66.0,-8.1],[-65.37,-8.0],[-65.75,-8.85],[-66.25,-8.6],[-67.25,-8.99],[-68.75,-8.14],[-69.28,-7.0],[-69.75,-6.64],[-71.0,-6.92],[-71.75,-6.59],[-71.65,-6.25],[-71.95,-5.75],[-71.53,-5.5],[-72.5,-5.31],[-73.75,-6.23],[-74.0,-6.07],[-74.0,-5.61],[-73.5,-5.55],[-73.32,-5.25],[-73.58,-4.75],[-74.0,-4.59],[-74.57,-5.0],[-74.75,-5.75],[-75.53,-6.0],[-75.54,-6.5],[-76.0,-6.64],[-76.35,-7.5],[-76.75,-7.56],[-76.97,-7.25],[-76.45,-6.25],[-76.64,-5.75],[-77.75,-4.98],[-78.25,-5.23],[-78.45,-4.5],[-78.01,-4.0],[-78.01,-3.0],[-77.62,-2.25],[-77.62,-1.0],[-76.75,0.7],[-76.35,0.5],[-76.35,-0.25],[-76.0,-0.81],[-75.75,-0.9],[-75.5,-0.57],[-75.29,-0.75],[-75.77,-1.25],[-75.6,-1.5],[-74.72,-2.0],[-74.0,-2.07],[-73.64,-2.75],[-73.25,-2.87],[-72.75,-3.57],[-72.0,-3.32],[-71.0,-3.68],[-70.63,-3.0],[-69.91,-2.5],[-70.41,-2.25],[-69.96,-1.5],[-70.43,-1.25],[-70.5,-0.57],[-70.75,-0.53],[-71.5,-1.78],[-72.5,-2.17],[-72.41,-2.5],[-72.75,-2.71],[-73.93,-1.75],[-73.58,-1.5],[-73.75,-1.05],[-74.0,-1.0],[-74.5,-1.68],[-74.75,-1.71],[-74.89,-1.25],[-74.5,-0.81],[-73.75,-0.97],[-73.0,-0.38],[-72.89,-0.75],[-73.39,-1.5],[-73.0,-1.64],[-72.29,-1.0],[-72.47,0.0],[-71.93,0.5],[-71.49,1.75],[-70.5,2.52],[-70.0,2.35],[-68.79,1.25],[-68.52,0.5],[-68.89,-0.5],[-68.58,-0.75],[-68.65,-1.0],[-68.08,-1.25],[-68.0,-2.15],[-67.75,-2.3],[-67.25,-2.03],[-66.5,-2.1],[-65.5,-2.51],[-65.0,-3.01],[-64.75,-2.63],[-63.75,-2.73],[-63.49,-2.5],[-63.2,-1.5],[-63.89,-0.25],[-63.8,0.25],[-63.25,0.5],[-63.08,1.0],[-63.85,1.5],[-63.75,1.79],[-63.11,2.0],[-63.04,2.5],[-63.23,2.75],[-62.5,3.85],[-62.13,3.75],[-62.0,3.42],[-61.54,4.0],[-60.81,4.25],[-58.0,3.81],[-57.75,4.0],[-56.6,3.5],[-56.17,2.5],[-55.5,1.88],[-55.01,1.75],[-55.09,1.5],[-54.69,1.25],[-54.75,0.68],[-54.26,0.5],[-55.0,0.15],[-55.13,-0.25],[-55.0,-0.59],[-54.75,-0.7],[-54.5,-0.42],[-54.25,-0.65],[-54.4,-1.25],[-53.75,-1.17],[-53.5,-0.85],[-52.75,-1.4],[-52.0,-1.18],[-51.06,-1.75],[-50.95,-2.5],[-51.73,-3.0],[-50.5,-3.03],[-49.93,-2.75],[-49.78,-2.25],[-49.5,-2.23],[-48.75,-2.43],[-47.75,-3.47],[-47.25,-2.98],[-46.66,-3.25],[-46.5,-3.75],[-46.12,-4.0],[-47.23,-5.0],[-46.59,-5.25],[-46.02,-5.0],[-45.75,-4.45],[-45.25,-5.07],[-45.0,-5.11],[-44.5,-4.62],[-43.53,-5.0],[-43.5,-5.51],[-42.75,-5.07],[-41.75,-5.31],[-41.5,-5.64],[-41.25,-5.46],[-41.14,-6.75],[-40.81,-7.0],[-40.9,-8.25],[-41.17,-8.5],[-40.25,-8.67],[-40.03,-8.5],[-40.16,-8.0],[-40.0,-7.84],[-39.25,-8.04],[-39.0,-8.48],[-38.24,-8.5],[-38.27,-8.75],[-39.0,-9.11],[-39.5,-9.77],[-41.25,-9.78],[-41.5,-10.0]]}},{"type":"Feature","properties":{"level":1008},"geometry":{"type":"LineString","coordinates":[[-154.8,-9.25],[-154.5,-9.46],[-154.4,-9.25],[-154.8,-9.25]]}},{"type":"Feature","properties":{"level":1008},"geometry":{"type":"LineString","coordinates":[[-75.5,-8.61],[-75.65,-8.5],[-75.48,-8.0],[-75.86,-7.25],[-75.25,-6.9],[-75.23,-7.25],[-74.61,-8.0],[-75.5,-8.61]]}},{"type":"Feature","properties":{"level":1008},"geometry":{"type":"LineString","coordinates":[[-62.75,-8.56],[-62.95,-8.5],[-62.75,-8.56]]}},{"type":"Feature","properties":{"level":1008},"geometry":{"type":"LineString","coordinates":[[-46.0,-7.77],[-46.15,-7.5],[-45.94,-7.0],[-45.75,-6.84],[-45.29,-7.0],[-46.0,-7.77]]}},{"type":"Feature","properties":{"level":1008},"geometry":{"type":"LineString","coordinates":[[-45.0,-7.09],[-45.18,-7.0],[-45.09,-6.75],[-44.76,-6.75],[-44.6,-7.0],[-45.0,-7.09]]}},{"type":"Feature","properties":{"level":1008},"geometry":{"type":"LineString","coordinates":[[-74.5,-6.8],[-74.11,-6.75],[-74.5,-6.8]]}},{"type":"Feature","properties":{"level":1008},"geometry":{"type":"LineString","coordinates":[[-41.63,-6.75],[-41.34,-6.75],[-41.32,-6.25],[-41.53,-6.25],[-41.63,-6.75]]}},{"type":"Feature","properties":{"level":1008},"geometry":{"type":"LineString","coordinates":[[-71.63,-6.0],[-71.5,-6.16],[-71.35,-6.0],[-71.63,-6.0]]}},{"type":"Feature","properties":{"level":1008},"geometry":{"type":"LineString","coordinates":[[-153.04,-5.25],[-152.75,-5.34],[-152.75,-5.01],[-153.04,-5.25]]}},{"type":"Feature","properties":{"level":1008},"geometry":{"type":"LineString","coordinates":[[-70.58,-5.25],[-70.5,-5.43],[-70.0,-5.38],[-69.25,-5.05],[-69.2,-4.75],[-69.75,-4.65],[-70.5,-4.94],[-70.58,-5.25]]}},{"type":"Feature","properties":{"level":1008},"geometry":{"type":"LineString","coordinates":[[-46.5,-4.96],[-46.5,-4.61],[-46.5,-4.96]]}},{"type":"Feature","properties":{"level":1008},"geometry":{"type":"LineString","coordinates":[[-73.31,-4.5],[-72.93,-4.5],[-73.0,-4.15],[-73.31,-4.5]]}},{"type":"Feature","properties":{"level":1008},"geometry":{"type":"LineString","coordinates":[[54.5,-3.48],[54.5,-3.12],[54.67,-3.25],[54.5,-3.48]]}},{"type":"Feature","properties":{"level":1008},"geometry":{"type":"LineString","coordinates":[[-52.36,-3.0],[-52.0,-3.21],[-51.79,-3.0],[-52.5,-2.28],[-52.63,-2.75],[-52.36,-3.0]]}},{"type":"Feature","properties":{"level":1008},"geometry":{"type":"LineString","coordinates":[[54.75,-2.68],[54.5,-2.5],[54.75,-2.16],[55.02,-2.5],[54.75,-2.68]]}},{"type":"Feature","properties":{"level":1008},"geometry":{"type":"LineString","coordinates":[[-173.52,-2.25],[-173.0,-2.42],[-172.45,-2.0],[-173.5,-1.21],[-174.25,-1.15],[-174.4,-1.5],[-173.52,-2.25]]}},{"type":"Feature","properties":{"level":1008},"geometry":{"type":"LineString","coordinates":[[-79.5,-2.26],[-80.25,-1.5],[-79.5,-0.77],[-79.5,-2.26]]}},{"type":"Feature","properties":{"level":1008},"geometry":{"type":"LineString","coordinates":[[-164.5,-2.03],[-164.5,-1.74],[-164.5,-2.03]]}},{"type":"Feature","properties":{"level":1008},"geometry":{"type":"LineString","coordinates":[[-66.25,-1.45],[-66.64,-1.0],[-66.6,-0.5],[-66.25,-0.38],[-65.77,-0.75],[-66.25,-1.45]]}},{"type":"Feature","properties":{"level":1008},"geometry":{"type":"LineString","coordinates":[[-67.75,-1.02],[-67.86,-0.75],[-67.0,-0.27],[-66.83,-0.5],[-67.0,-1.09],[-67.75,-1.02]]}},{"type":"Feature","properties":{"level":1008},"geometry":{"type":"LineString","coordinates":[[-53.75,-0.65],[-54.15,-0.25],[-53.0,0.16],[-53.0,-0.22],[-53.5,-0.72],[-53.75,-0.65]]}},{"type":"Feature","properties":{"level":1008},"geometry":{"type":"LineString","coordinates":[[-55.09,0.5],[-55.0,0.32],[-54.84,0.5],[-55.09,0.5]]}},{"type":"Feature","properties":{"level":1008},"geometry":{"type":"LineString","coordinates":[[-58.05,1.0],[-57.96,1.5],[-58.56,1.5],[-58.05,1.0]]}},{"type":"Feature","properties":{"level":1008},"geometry":{"type":"LineString","coordinates":[[-62.35,1.5],[-62.0,1.33],[-61.66,1.75],[-62.0,1.84],[-62.35,1.5]]}},{"type":"Feature","properties":{"level":1008},"geometry":{"type":"LineString","coordinates":[[-59.32,1.5],[-59.0,1.39],[-59.0,2.01],[-58.5,2.38],[-58.25,2.15],[-57.79,2.75],[-58.0,2.96],[-58.7,2.75],[-59.51,2.0],[-59.32,1.5]]}},{"type":"Feature","properties":{"level":1008},"geometry":{"type":"LineString","coordinates":[[-58.08,2.0],[-57.75,1.81],[-57.65,2.0],[-58.08,2.0]]}},{"type":"Feature","properties":{"level":1008},"geometry":{"type":"LineString","coordinates":[[-75.25,2.89],[-75.34,3.75],[-74.82,4.75],[-74.84,6.0],[-74.12,7.5],[-74.0,8.25],[-74.25,8.44],[-74.47,8.25],[-74.75,7.31],[-76.5,8.38],[-77.0,6.97],[-77.29,7.5],[-77.02,8.25],[-78.0,9.27],[-79.5,9.69],[-80.46,9.25],[-81.0,9.68],[-80.6,11.0],[-79.75,11.44],[-79.25,11.24],[-78.5,11.44],[-78.0,11.06],[-77.75,11.15],[-77.0,11.93],[-75.0,12.9],[-73.0,12.76],[-71.75,11.77],[-70.75,12.34],[-70.25,12.31],[-69.61,11.5],[-70.0,10.9],[-70.5,10.84],[-70.86,10.5],[-70.65,9.5],[-72.5,8.05],[-73.06,9.0],[-72.8,9.75],[-72.05,10.75],[-72.16,11.25],[-74.0,11.43],[-74.14,11.25],[-74.0,10.32],[-73.25,10.1],[-73.64,8.5],[-73.3,7.25],[-74.55,5.5],[-74.61,4.25],[-75.25,2.89]]}},{"type":"Feature","properties":{"level":1008},"geometry":{"type":"LineString","coordinates":[[-59.67,3.25],[-58.86,3.25],[-59.0,3.51],[-59.67,3.25]]}},{"type":"Feature","properties":{"level":1008},"geometry":{"type":"LineString","coordinates":[[-80.5,3.74],[-80.82,4.0],[-80.6,4.5],[-80.81,5.5],[-82.0,6.35],[-82.75,6.21],[-83.75,6.7],[-85.0,6.3],[-85.71,7.0],[-86.04,7.0],[-86.19,7.75],[-86.52,8.0],[-86.28,8.25],[-86.58,9.0],[-86.25,11.1],[-85.75,11.05],[-83.77,9.0],[-83.5,8.31],[-82.18,8.25],[-81.5,7.77],[-80.5,8.46],[-80.0,8.43],[-79.25,9.05],[-78.36,8.5],[-78.29,8.25],[-78.81,8.0],[-78.97,7.5],[-78.88,7.0],[-78.3,6.75],[-78.68,5.25],[-78.5,4.55],[-79.74,4.25],[-80.5,3.74]]}},{"type":"Feature","properties":{"level":1008},"geometry":{"type":"LineString","coordinates":[[-73.25,3.79],[-73.25,4.13],[-73.01,4.0],[-73.25,3.79]]}},{"type":"Feature","properties":{"level":1008},"geometry":{"type":"LineString","coordinates":[[-178.0,4.68],[-178.16,4.75],[-178.0,4.85],[-178.0,4.68]]}},{"type":"Feature","properties":{"level":1008},"geometry":{"type":"LineString","coordinates":[[-176.25,4.74],[-176.46,5.0],[-176.25,5.1],[-176.08,5.0],[-176.25,4.74]]}},{"type":"Feature","properties":{"level":1008},"geometry":{"type":"LineString","coordinates":[[-175.5,4.59],[-175.47,5.0],[-175.84,5.25],[-175.5,6.07],[-174.78,5.5],[-174.71,5.0],[-175.5,4.59]]}},{"type":"Feature","properties":{"level":1008},"geometry":{"type":"LineString","coordinates":[[-178.25,4.9],[-178.25,5.06],[-178.25,4.9]]}},{"type":"Feature","properties":{"level":1008},"geometry":{"type":"LineString","coordinates":[[180.0,4.9],[179.25,5.49],[178.75,5.53],[178.5,5.91],[178.0,5.94],[177.36,6.75],[176.81,7.0],[177.15,7.75],[176.53,9.25],[177.25,9.79],[178.25,9.09],[178.5,9.58],[180.0,9.46]]}},{"type":"Feature","properties":{"level":1008},"geometry":{"type":"LineString","coordinates":[[-71.25,5.49],[-71.13,6.75],[-69.12,8.0],[-69.03,9.25],[-68.78,9.5],[-68.0,9.29],[-67.25,9.52],[-66.75,9.4],[-65.75,8.7],[-65.0,8.86],[-65.0,8.16],[-63.75,8.23],[-63.5,8.43],[-62.88,8.0],[-63.0,7.54],[-64.25,7.41],[-65.0,6.89],[-65.5,7.33],[-65.75,7.13],[-67.5,7.34],[-68.1,6.75],[-68.25,5.6],[-69.5,5.57],[-70.0,5.83],[-71.25,5.49]]}},{"type":"Feature","properties":{"level":1008},"geometry":{"type":"LineString","coordinates":[[-177.46,6.5],[-176.89,6.5],[-176.51,7.0],[-177.0,7.17],[-177.49,6.75],[-177.46,6.5]]}},{"type":"Feature","properties":{"level":1008},"geometry":{"type":"LineString","coordinates":[[-175.0,6.93],[-175.2,7.0],[-175.0,7.11],[-175.0,6.93]]}},{"type":"Feature","properties":{"level":1008},"geometry":{"type":"LineString","coordinates":[[-80.98,7.25],[-80.5,7.07],[-80.08,7.5],[-80.75,7.97],[-81.14,7.75],[-80.98,7.25]]}},{"type":"Feature","properties":{"level":1008},"geometry":{"type":"LineString","coordinates":[[-174.25,8.66],[-174.36,9.0],[-173.75,9.78],[-173.6,9.25],[-174.25,8.66]]}},{"type":"Feature","properties":{"level":1008},"geometry":{"type":"LineString","coordinates":[[14.0,8.73],[14.25,9.06],[14.26,8.75],[14.0,8.73]]}},{"type":"Feature","properties":{"level":1008},"geometry":{"type":"LineString","coordinates":[[143.25,8.69],[142.25,9.12],[139.82,9.5],[138.36,11.75],[138.25,12.33],[137.76,12.5],[137.36,13.25],[138.12,14.5],[138.4,15.75],[139.0,16.47],[140.5,17.42],[142.5,18.14],[145.5,17.66],[147.56,15.75],[147.42,15.0],[147.85,14.25],[147.0,10.93],[145.5,9.45],[143.25,8.69]]}},{"type":"Feature","properties":{"level":1008},"geometry":{"type":"LineString","coordinates":[[-177.5,8.79],[-177.72,9.0],[-177.25,9.48],[-177.15,9.25],[-177.5,8.79]]}},{"type":"Feature","properties":{"level":1008},"geometry":{"type":"LineString","coordinates":[[-99.75,9.17],[-101.76,10.5],[-101.73,11.0],[-102.28,11.75],[-102.46,12.5],[-102.5,13.25],[-102.0,13.46],[-101.88,13.75],[-102.1,15.0],[-102.75,15.96],[-103.09,15.75],[-103.25,16.42],[-104.25,15.28],[-104.17,16.0],[-104.76,16.25],[-104.65,17.0],[-105.25,16.74],[-105.0,18.01],[-105.5,18.26],[-106.23,19.25],[-106.0,20.15],[-105.75,20.24],[-105.36,20.0],[-105.23,19.5],[-104.75,19.15],[-103.75,18.82],[-103.25,18.09],[-102.1,18.0],[-100.0,16.82],[-98.25,16.65],[-97.5,16.09],[-95.84,15.75],[-95.87,14.0],[-96.42,13.5],[-95.87,11.5],[-96.1,10.25],[-96.5,9.77],[-97.0,9.72],[-98.0,9.04],[-99.75,9.17]]}},{"type":"Feature","properties":{"level":1008},"geometry":{"type":"LineString","coordinates":[[-65.25,9.17],[-64.9,9.5],[-64.97,9.75],[-64.53,9.75],[-64.79,9.25],[-65.25,9.17]]}},{"type":"Feature","properties":{"level":1008},"geometry":{"type":"LineString","coordinates":[[-180.0,9.46],[-178.87,9.5],[-179.13,8.75],[-178.25,7.49],[-177.23,7.75],[-178.16,8.25],[-178.0,8.4],[-177.5,8.67],[-176.5,8.48],[-176.66,9.0],[-176.5,9.6],[-176.0,9.51],[-175.69,9.0],[-175.75,8.62],[-175.5,8.81],[-175.4,8.5],[-175.64,7.75],[-176.49,7.0],[-176.31,6.75],[-176.73,6.5],[-177.0,5.87],[-178.5,5.49],[-178.37,6.0],[-178.75,6.13],[-179.04,5.75],[-178.84,5.0],[-178.55,4.75],[-178.95,4.75],[-179.25,5.12],[-179.75,4.77],[-180.0,4.9]]}},{"type":"Feature","properties":{"level":1008},"geometry":{"type":"LineString","coordinates":[[17.25,9.44],[16.79,10.25],[17.0,10.33],[17.34,10.0],[17.25,9.44]]}},{"type":"Feature","properties":{"level":1008},"geometry":{"type":"LineString","coordinates":[[-176.75,9.6],[-176.87,9.75],[-176.63,9.75],[-176.75,9.6]]}},{"type":"Feature","properties":{"level":1008},"geometry":{"type":"LineString","coordinates":[[-118.5,9.71],[-118.25,10.0],[-118.71,10.5],[-118.58,11.25],[-118.44,11.75],[-117.75,12.47],[-115.75,13.35],[-114.96,12.75],[-115.0,12.0],[-115.75,10.94],[-116.25,10.87],[-117.75,9.79],[-118.5,9.71]]}},{"type":"Feature","properties":{"level":1008},"geometry":{"type":"LineString","coordinates":[[14.75,9.79],[14.61,10.0],[14.93,10.0],[14.75,9.79]]}},{"type":"Feature","properties":{"level":1008},"geometry":{"type":"LineString","coordinates":[[-176.75,10.15],[-176.75,10.34],[-176.75,10.15]]}},{"type":"Feature","properties":{"level":1008},"geometry":{"type":"LineString","coordinates":[[-70.25,10.15],[-69.9,10.25],[-70.25,10.15]]}},{"type":"Feature","properties":{"level":1008},"geometry":{"type":"LineString","coordinates":[[20.0,10.14],[19.14,11.0],[19.46,11.75],[20.1,12.0],[19.83,12.5],[18.42,12.75],[19.5,12.84],[20.5,13.24],[21.05,12.25],[21.91,11.5],[21.0,10.99],[19.91,11.5],[19.8,11.25],[20.39,10.5],[20.0,10.14]]}},{"type":"Feature","properties":{"level":1008},"geometry":{"type":"LineString","coordinates":[[31.25,10.14],[31.43,10.25],[31.25,10.14]]}},{"type":"Feature","properties":{"level":1008},"geometry":{"type":"LineString","coordinates":[[16.75,10.33],[16.75,10.55],[16.75,10.33]]}},{"type":"Feature","properties":{"level":1008},"geometry":{"type":"LineString","coordinates":[[15.25,10.6],[15.25,11.43],[15.71,11.5],[13.72,11.5],[13.25,12.03],[14.0,12.52],[14.75,12.58],[14.8,13.0],[15.25,12.94],[16.25,13.32],[17.0,13.36],[17.25,13.08],[18.0,13.0],[18.16,12.75],[17.91,12.5],[18.21,12.25],[17.92,11.75],[15.25,10.6]]}},{"type":"Feature","properties":{"level":1008},"geometry":{"type":"LineString","coordinates":[[-103.75,11.68],[-103.75,12.0],[-103.75,11.68]]}},{"type":"Feature","properties":{"level":1008},"geometry":{"type":"LineString","coordinates":[[15.69,11.75],[15.75,11.57],[16.14,11.75],[15.69,11.75]]}},{"type":"Feature","properties":{"level":1008},"geometry":{"type":"LineString","coordinates":[[16.94,11.75],[17.09,11.75],[16.94,11.75]]}},{"type":"Feature","properties":{"level":1008},"geometry":{"type":"LineString","coordinates":[[32.5,11.65],[30.67,12.75],[30.88,14.5],[31.75,15.5],[33.0,16.24],[32.77,16.5],[33.55,17.25],[34.75,17.98],[35.5,17.89],[36.02,17.0],[36.75,16.49],[36.6,15.5],[36.87,15.0],[36.25,14.37],[35.0,14.19],[34.5,13.55],[33.78,13.25],[33.85,12.75],[33.25,12.78],[32.81,11.75],[32.5,11.65]]}},{"type":"Feature","properties":{"level":1008},"geometry":{"type":"LineString","coordinates":[[-105.5,13.13],[-105.5,13.42],[-105.5,13.13]]}},{"type":"Feature","properties":{"level":1008},"geometry":{"type":"LineString","coordinates":[[-104.5,13.17],[-104.5,13.65],[-104.5,13.17]]}},{"type":"Feature","properties":{"level":1008},"geometry":{"type":"LineString","coordinates":[[-1.25,14.24],[-2.26,14.75],[-1.48,16.0],[-1.91,16.75],[-1.73,17.25],[-1.5,17.5],[0.0,17.47],[0.5,17.9],[1.25,17.74],[1.41,16.75],[1.16,16.5],[1.55,16.0],[1.44,15.25],[-1.25,14.24]]}},{"type":"Feature","properties":{"level":1008},"geometry":{"type":"LineString","coordinates":[[3.5,14.39],[3.17,14.75],[3.5,15.23],[3.92,14.75],[3.5,14.39]]}},{"type":"Feature","properties":{"level":1008},"geometry":{"type":"LineString","coordinates":[[2.75,14.71],[2.19,15.0],[2.75,15.78],[2.93,15.75],[2.75,14.71]]}},{"type":"Feature","properties":{"level":1008},"geometry":{"type":"LineString","coordinates":[[89.25,15.49],[87.35,15.75],[85.64,16.75],[84.95,18.5],[85.17,19.75],[86.15,21.25],[88.0,22.82],[89.0,22.97],[91.75,22.09],[92.25,21.37],[92.56,20.0],[92.22,18.0],[91.7,17.0],[90.13,15.75],[89.25,15.49]]}},{"type":"Feature","properties":{"level":1008},"geometry":{"type":"LineString","coordinates":[[3.25,15.97],[3.25,16.28],[3.25,15.97]]}},{"type":"Feature","properties":{"level":1008},"geometry":{"type":"LineString","coordinates":[[37.5,15.83],[37.5,16.18],[37.5,15.83]]}},{"type":"Feature","properties":{"level":1008},"geometry":{"type":"LineString","coordinates":[[4.0,16.93],[4.0,17.12],[4.0,16.93]]}},{"type":"Feature","properties":{"level":1008},"geometry":{"type":"LineString","coordinates":[[-102.5,18.99],[-102.25,19.0],[-102.5,18.99]]}},{"type":"Feature","properties":{"level":1008},"geometry":{"type":"LineString","coordinates":[[-106.25,20.34],[-106.89,21.5],[-106.86,22.25],[-106.5,22.56],[-105.5,22.51],[-104.96,21.75],[-105.45,20.75],[-106.25,20.34]]}},{"type":"Feature","properties":{"level":1008},"geometry":{"type":"LineString","coordinates":[[117.25,34.43],[117.25,34.58],[117.62,34.5],[117.25,34.43]]}},{"type":"Feature","properties":{"level":1008},"geometry":{"type":"LineString","coordinates":[[118.25,34.55],[118.01,34.75],[118.38,34.75],[118.25,34.55]]}},{"type":"Feature","properties":{"level":1008},"geometry":{"type":"LineString","coordinates":[[117.5,34.85],[117.35,35.0],[117.5,35.37],[117.87,35.0],[117.5,34.85]]}},{"type":"Feature","properties":{"level":1008},"geometry":{"type":"LineString","coordinates":[[116.25,35.41],[115.74,35.75],[115.75,36.0],[116.5,35.79],[116.57,35.5],[116.25,35.41]]}},{"type":"Feature","properties":{"level":1008},"geometry":{"type":"LineString","coordinates":[[-71.75,42.24],[-71.75,42.57],[-71.37,42.25],[-71.75,42.24]]}},{"type":"Feature","properties":{"level":1008},"geometry":{"type":"LineString","coordinates":[[-152.0,44.99],[-152.5,45.62],[-153.86,45.75],[-156.75,46.76],[-159.0,49.5],[-160.5,50.9],[-161.75,51.89],[-163.5,52.41],[-165.08,54.25],[-164.22,55.0],[-164.47,56.25],[-164.23,57.5],[-162.7,59.5],[-161.75,60.27],[-160.0,61.01],[-159.25,60.34],[-158.75,60.48],[-158.74,61.0],[-157.0,62.57],[-153.5,62.47],[-153.69,62.75],[-153.5,62.82],[-152.5,62.83],[-148.75,64.1],[-147.44,64.25],[-147.55,64.5],[-148.25,64.63],[-148.75,65.08],[-150.0,64.87],[-150.48,65.0],[-150.86,65.25],[-150.5,65.53],[-149.25,65.58],[-148.75,65.87],[-147.75,65.63],[-147.25,65.86],[-146.5,65.39],[-145.5,65.47],[-145.5,65.67],[-145.91,65.75],[-144.75,65.92],[-144.25,65.92],[-144.0,65.68],[-143.08,65.75],[-145.0,66.36],[-147.31,66.75],[-147.47,67.0],[-146.75,67.39],[-144.25,67.62],[-142.0,68.38],[-137.25,68.43],[-135.75,67.95],[-135.68,68.5],[-135.35,68.75],[-132.21,69.5],[-131.17,70.25],[-127.0,71.53],[-124.75,71.91],[-122.5,71.49],[-119.25,72.26],[-113.5,71.43],[-109.75,71.26],[-103.25,71.72],[-99.25,71.27],[-96.5,71.5],[-96.52,70.75],[-96.0,70.28],[-94.25,69.59],[-92.57,69.25],[-92.42,69.0],[-93.37,67.25],[-93.46,66.75],[-93.23,66.25],[-93.58,65.75],[-92.88,64.75],[-92.75,63.68],[-92.1,62.5],[-92.1,61.75],[-92.81,60.25],[-96.0,58.11],[-100.75,56.48],[-102.25,55.76],[-102.75,55.85],[-104.75,55.01],[-105.25,55.17],[-107.25,54.64],[-110.75,55.07],[-111.5,54.55],[-113.0,55.14],[-114.75,55.0],[-115.25,55.47],[-117.0,55.81],[-119.0,55.62],[-120.5,56.32],[-121.75,56.21],[-123.2,56.5],[-124.25,57.74],[-125.0,58.09],[-126.25,57.92],[-126.25,57.25],[-127.97,56.75],[-127.54,56.25],[-128.11,56.0],[-127.5,55.5],[-127.75,55.16],[-128.37,55.75],[-128.43,56.75],[-129.25,56.67],[-130.25,57.1],[-131.31,56.75],[-131.01,56.5],[-131.66,56.0],[-131.47,55.5],[-132.25,54.75],[-132.49,54.0],[-133.0,53.91],[-138.0,50.47],[-139.25,49.94],[-139.4,49.75],[-138.84,49.0],[-138.92,48.75],[-140.87,47.25],[-145.5,45.17],[-147.75,44.84],[-149.0,45.03],[-150.25,44.76],[-152.0,44.99]]}},{"type":"Feature","properties":{"level":1008},"geometry":{"type":"LineString","coordinates":[[-64.86,47.5],[-64.47,47.5],[-64.86,47.5]]}},{"type":"Feature","properties":{"level":1008},"geometry":{"type":"LineString","coordinates":[[180.0,47.62],[177.75,47.94],[174.0,49.22],[164.0,49.5],[148.5,51.57],[146.0,52.13],[140.83,54.0],[137.56,56.25],[137.82,56.5],[137.76,56.75],[139.08,57.75],[137.88,59.0],[138.0,59.2],[138.75,59.08],[140.0,59.33],[140.94,60.25],[140.57,60.5],[140.94,61.0],[141.04,61.75],[140.39,62.75],[141.75,62.27],[142.0,61.87],[143.5,62.04],[144.0,61.67],[145.0,62.0],[145.17,61.75],[145.75,61.64],[146.0,62.2],[147.09,62.5],[146.93,63.0],[146.54,63.25],[146.79,63.5],[145.86,64.25],[146.04,64.75],[145.56,64.75],[145.5,64.44],[145.0,65.1],[144.25,65.11],[143.25,65.64],[142.25,65.28],[141.03,65.5],[140.98,65.75],[139.92,66.25],[140.57,66.5],[139.29,67.0],[139.33,67.25],[138.75,67.57],[137.92,67.5],[137.92,67.25],[137.02,67.0],[137.49,66.75],[136.5,66.72],[136.0,66.17],[133.75,66.0],[133.9,65.75],[133.22,65.25],[133.28,65.0],[133.0,64.77],[131.8,65.0],[131.91,65.5],[131.75,65.56],[129.75,65.7],[128.0,66.55],[126.75,66.72],[125.75,66.37],[124.75,65.42],[122.75,65.07],[118.0,64.88],[112.0,65.31],[106.39,66.5],[103.75,67.32],[100.75,67.45],[100.17,68.5],[97.5,69.35],[95.75,69.39],[94.75,69.81],[92.75,69.8],[91.5,70.36],[89.75,70.7],[79.0,72.18],[72.0,72.88],[64.0,74.15],[62.0,75.11],[60.01,75.5],[61.35,76.0],[58.25,77.39],[53.25,78.51],[49.25,79.04],[42.75,78.84],[37.5,78.17],[32.28,76.75],[31.83,76.25],[31.91,75.75],[31.5,75.71],[22.75,75.86],[14.75,76.93],[8.75,76.89],[2.5,77.31],[0.25,76.76],[-1.75,77.34],[-4.25,77.56],[-5.75,77.11],[-8.62,77.25],[-5.75,76.86],[-3.75,76.18],[-2.22,75.25],[-2.44,74.75],[-2.18,74.5],[-2.35,74.25],[-4.02,73.75],[-4.25,73.23],[-5.33,72.75],[-5.76,71.75],[-6.75,71.03],[-16.5,67.46],[-17.43,66.5],[-16.61,66.25],[-19.5,66.04],[-20.75,65.32],[-21.0,64.76],[-22.0,64.93],[-22.72,64.75],[-22.75,64.47],[-23.25,64.4],[-24.5,63.61],[-27.19,61.0],[-30.3,59.0],[-34.75,57.84],[-41.0,57.96],[-42.75,57.77],[-45.0,56.8],[-52.5,50.3],[-55.0,48.97],[-58.25,47.85],[-60.0,46.2],[-61.0,45.89],[-62.5,45.0],[-65.33,42.5],[-65.53,41.75],[-67.5,38.94],[-68.75,38.05],[-69.25,38.11],[-69.25,37.69],[-69.9,37.75],[-69.75,37.23],[-70.75,37.75],[-70.41,38.5],[-70.65,40.25],[-69.76,42.0],[-71.38,43.5],[-71.0,44.02],[-69.12,44.5],[-68.75,45.0],[-68.09,45.0],[-67.89,45.5],[-66.82,46.25],[-66.48,47.25],[-65.42,47.75],[-66.09,48.75],[-64.67,49.25],[-65.08,49.75],[-64.5,50.43],[-62.33,51.25],[-62.0,52.27],[-61.43,53.0],[-64.4,54.25],[-64.32,55.0],[-67.0,55.85],[-69.0,56.02],[-73.0,57.06],[-78.08,59.5],[-79.5,60.58],[-81.94,63.0],[-82.73,64.25],[-82.59,64.5],[-84.36,65.5],[-85.14,66.25],[-84.68,66.75],[-85.15,67.0],[-85.0,67.12],[-83.61,67.25],[-85.75,67.85],[-86.5,67.78],[-86.45,67.5],[-86.81,67.5],[-88.23,68.75],[-88.75,68.9],[-90.25,68.74],[-90.61,69.5],[-91.91,69.75],[-91.6,70.25],[-92.96,71.75],[-92.41,72.5],[-89.83,73.75],[-90.88,74.5],[-88.75,74.8],[-85.75,74.79],[-84.25,75.34],[-82.94,75.25],[-82.44,75.5],[-82.75,75.74],[-86.75,75.45],[-89.0,75.58],[-91.25,76.33],[-92.12,76.25],[-92.25,75.95],[-92.75,75.77],[-100.25,76.6],[-117.75,76.61],[-134.5,75.63],[-142.5,74.81],[-145.5,74.29],[-150.75,72.94],[-159.25,69.7],[-166.0,68.81],[-169.25,67.85],[-170.61,66.5],[-173.0,66.33],[-175.75,65.36],[-176.35,64.75],[-180.0,62.68]]}},{"type":"Feature","properties":{"level":1008},"geometry":{"type":"LineString","coordinates":[[-180.0,58.49],[-177.24,54.0],[-175.73,52.5],[-175.75,52.0],[-175.08,50.25],[-176.0,47.74],[-180.0,47.62]]}},{"type":"Feature","properties":{"level":1008},"geometry":{"type":"LineString","coordinates":[[180.0,62.68],[179.23,62.25],[179.21,61.0],[180.0,58.49]]}},{"type":"Feature","properties":{"level":1008},"geometry":{"type":"LineString","coordinates":[[-154.75,63.09],[-154.97,63.25],[-154.2,63.25],[-154.75,63.09]]}},{"type":"Feature","properties":{"level":1008},"geometry":{"type":"LineString","coordinates":[[146.61,65.25],[146.96,65.25],[146.93,65.5],[145.71,66.0],[144.09,66.0],[144.75,65.67],[146.0,65.69],[146.61,65.25]]}},{"type":"Feature","properties":{"level":1008},"geometry":{"type":"LineString","coordinates":[[-95.75,71.74],[-95.5,71.91],[-95.44,71.75],[-95.75,71.74]]}},{"type":"Feature","properties":{"level":1008},"geometry":{"type":"LineString","coordinates":[[-89.76,72.0],[-89.0,71.95],[-88.5,72.89],[-87.75,72.63],[-87.58,72.75],[-87.75,73.25],[-89.25,72.79],[-89.76,72.0]]}},{"type":"Feature","properties":{"level":1008},"geometry":{"type":"LineString","coordinates":[[-83.84,72.5],[-83.05,72.5],[-83.5,73.0],[-84.0,73.1],[-84.19,73.0],[-83.84,72.5]]}},{"type":"Feature","properties":{"level":1008},"geometry":{"type":"LineString","coordinates":[[-46.79,75.5],[-42.25,75.75],[-40.25,75.56],[-27.5,76.54],[-25.75,76.26],[-25.0,76.5],[-25.22,76.25],[-24.75,76.22],[-22.0,76.32],[-21.58,76.5],[-22.09,76.75],[-22.0,76.93],[-21.0,76.94],[-20.37,77.25],[-20.75,77.87],[-21.28,78.0],[-21.75,78.77],[-24.77,79.5],[-25.32,80.0],[-26.5,80.41],[-29.75,81.16],[-36.0,81.4],[-38.75,81.74],[-50.5,80.95],[-57.5,80.88],[-57.84,80.5],[-59.25,80.09],[-61.25,79.89],[-67.99,78.25],[-64.75,77.9],[-64.37,77.75],[-64.17,77.25],[-63.75,77.14],[-61.75,77.23],[-54.75,76.78],[-49.25,75.74],[-46.79,75.5]]}},{"type":"Feature","properties":{"level":1008},"geometry":{"type":"LineString","coordinates":[[-1.0,75.98],[-0.5,76.31],[1.01,76.25],[0.75,76.0],[-1.0,75.98]]}},{"type":"Feature","properties":{"level":1008},"geometry":{"type":"LineString","coordinates":[[-95.57,76.5],[-94.32,76.5],[-95.25,76.68],[-95.57,76.5]]}},{"type":"Feature","properties":{"level":1008},"geometry":{"type":"LineString","coordinates":[[-83.6,76.75],[-82.0,76.65],[-81.5,77.13],[-80.0,77.64],[-79.75,78.07],[-78.75,78.4],[-77.5,78.43],[-77.08,78.75],[-78.0,78.92],[-80.75,78.78],[-81.11,78.5],[-80.97,78.25],[-81.41,78.0],[-81.12,77.75],[-81.25,77.46],[-82.0,77.64],[-82.5,76.99],[-83.6,76.75]]}},{"type":"Feature","properties":{"level":1008},"geometry":{"type":"LineString","coordinates":[[-12.61,76.75],[-12.39,76.75],[-12.61,76.75]]}},{"type":"Feature","properties":{"level":1008},"geometry":{"type":"LineString","coordinates":[[-85.67,77.0],[-84.63,77.0],[-85.67,77.0]]}},{"type":"Feature","properties":{"level":1008},"geometry":{"type":"LineString","coordinates":[[-83.63,78.0],[-82.49,78.0],[-82.75,78.25],[-83.63,78.0]]}},{"type":"Feature","properties":{"level":1008},"geometry":{"type":"LineString","coordinates":[[-15.87,78.0],[-15.39,78.0],[-15.87,78.0]]}},{"type":"Feature","properties":{"level":1008},"geometry":{"type":"LineString","coordinates":[[-14.86,78.0],[-14.68,78.0],[-14.86,78.0]]}},{"type":"Feature","properties":{"level":1008},"geometry":{"type":"LineString","coordinates":[[-5.29,78.75],[-4.6,78.75],[-5.29,78.75]]}},{"type":"Feature","properties":{"level":1008},"geometry":{"type":"LineString","coordinates":[[-21.78,79.25],[-21.41,79.25],[-21.78,79.25]]}},{"type":"Feature","properties":{"level":1008},"geometry":{"type":"LineString","coordinates":[[-22.59,79.5],[-22.1,79.5],[-22.59,79.5]]}},{"type":"Feature","properties":{"level":1008},"geometry":{"type":"LineString","coordinates":[[-23.6,79.75],[-21.5,80.09],[-20.5,79.79],[-20.33,80.0],[-20.5,80.25],[-20.07,80.5],[-20.21,80.75],[-20.75,80.87],[-22.0,80.4],[-23.5,80.4],[-25.25,81.09],[-27.44,81.0],[-26.11,80.75],[-25.0,80.09],[-23.6,79.75]]}},{"type":"Feature","properties":{"level":1008},"geometry":{"type":"LineString","coordinates":[[-6.85,79.75],[-2.5,79.54],[0.0,79.78],[0.41,80.0],[-3.25,80.19],[-7.3,80.0],[-6.85,79.75]]}},{"type":"Feature","properties":{"level":1008},"geometry":{"type":"LineString","coordinates":[[-19.56,80.0],[-18.93,80.0],[-19.25,80.21],[-19.56,80.0]]}},{"type":"Feature","properties":{"level":1008},"geometry":{"type":"LineString","coordinates":[[-18.8,80.5],[-18.56,80.75],[-19.67,80.75],[-18.8,80.5]]}},{"type":"Feature","properties":{"level":1008},"geometry":{"type":"LineString","coordinates":[[-77.98,81.25],[-77.0,81.12],[-74.56,81.5],[-77.75,81.76],[-77.98,81.25]]}},{"type":"Feature","properties":{"level":1008},"geometry":{"type":"LineString","coordinates":[[-37.49,82.25],[-33.5,82.07],[-30.1,82.5],[-37.49,82.25]]}},{"type":"Feature","properties":{"level":1012},"geometry":{"type":"LineString","coordinates":[[-121.46,-89.75],[-65.79,-89.75],[-107.25,-89.53],[-108.14,-89.5],[-96.61,-89.25],[-98.75,-88.98],[-109.0,-88.68],[-142.25,-88.64],[-156.56,-89.0],[-151.5,-89.32],[-127.73,-89.5],[-121.46,-89.75]]}},{"type":"Feature","properties":{"level":1012},"geometry":{"type":"LineString","coordinates":[[134.63,-89.25],[142.25,-89.43],[157.27,-89.25],[149.0,-88.93],[134.63,-89.25]]}},{"type":"Feature","properties":{"level":1012},"geometry":{"type":"LineString","coordinates":[[94.72,-88.75],[108.25,-88.82],[115.5,-88.35],[115.78,-88.0],[115.55,-87.75],[116.04,-87.0],[117.84,-86.25],[118.36,-85.5],[119.72,-84.5],[119.77,-84.25],[118.4,-83.25],[118.62,-83.0],[121.0,-82.64],[121.84,-82.25],[118.53,-80.75],[118.76,-80.5],[119.87,-80.0],[123.83,-79.0],[127.25,-77.6],[130.75,-75.55],[133.75,-74.48],[133.98,-74.25],[134.07,-73.25],[133.25,-72.79],[130.25,-72.79],[127.0,-72.1],[114.75,-72.58],[105.0,-71.99],[92.25,-72.46],[89.0,-73.32],[88.2,-74.0],[89.23,-74.75],[92.73,-76.25],[94.0,-77.05],[96.25,-77.62],[96.94,-78.0],[97.0,-78.58],[99.95,-79.25],[98.75,-79.79],[96.4,-80.25],[90.25,-81.01],[85.75,-81.41],[81.25,-81.49],[73.25,-81.22],[63.25,-80.07],[61.29,-79.5],[61.37,-79.25],[60.0,-78.25],[60.3,-76.5],[56.54,-74.75],[56.96,-74.5],[57.07,-73.5],[57.5,-72.75],[57.45,-72.0],[57.23,-71.5],[56.6,-71.25],[56.75,-70.99],[53.5,-71.29],[49.5,-72.07],[45.75,-72.24],[39.0,-73.1],[37.5,-73.64],[34.0,-73.92],[30.5,-74.54],[26.25,-74.06],[24.5,-74.14],[20.25,-73.43],[15.0,-73.07],[7.25,-73.03],[6.38,-73.25],[5.1,-74.75],[10.5,-75.03],[13.31,-75.5],[13.85,-76.0],[13.75,-77.32],[15.75,-78.37],[21.25,-80.05],[25.25,-80.82],[31.25,-81.47],[33.31,-82.0],[33.51,-82.25],[30.25,-82.42],[29.76,-82.5],[29.6,-82.75],[37.67,-83.75],[37.36,-84.25],[37.5,-84.39],[38.73,-84.75],[44.54,-85.25],[42.0,-85.5],[41.63,-85.75],[48.75,-86.64],[52.78,-87.75],[56.25,-88.06],[70.0,-88.48],[94.72,-88.75]]}},{"type":"Feature","properties":{"level":1012},"geometry":{"type":"LineString","coordinates":[[32.65,-83.75],[33.74,-83.75],[32.65,-83.75]]}},{"type":"Feature","properties":{"level":1012},"geometry":{"type":"LineString","coordinates":[[-70.0,-50.31],[-70.25,-49.75],[-71.18,-49.75],[-71.21,-49.25],[-71.59,-49.0],[-71.27,-48.75],[-72.0,-48.39],[-72.36,-47.25],[-70.5,-46.94],[-69.75,-48.32],[-68.0,-48.28],[-67.32,-48.5],[-68.02,-49.0],[-68.0,-50.01],[-69.0,-50.27],[-69.25,-50.02],[-69.75,-50.46],[-70.0,-50.31]]}},{"type":"Feature","properties":{"level":1012},"geometry":{"type":"LineString","coordinates":[[-180.0,-49.3],[-172.0,-48.11],[-169.25,-47.49],[-166.75,-47.44],[-163.5,-46.88],[-161.52,-46.0],[-157.5,-43.01],[-155.25,-41.72],[-152.5,-41.38],[-145.5,-41.65],[-143.5,-41.51],[-139.25,-42.97],[-128.16,-47.75],[-108.5,-54.99],[-99.4,-57.75],[-93.25,-59.32],[-88.0,-60.38],[-83.5,-60.64],[-81.0,-60.38],[-77.0,-58.96],[-75.22,-57.5],[-74.37,-56.5],[-74.0,-55.45],[-71.0,-54.83],[-70.75,-54.5],[-68.0,-53.11],[-58.0,-54.99],[-51.25,-55.37],[-46.0,-55.21],[-38.25,-54.22],[-37.0,-54.4],[-36.91,-54.25],[-37.46,-54.0],[-37.33,-53.75],[-35.75,-52.64],[-30.75,-51.28],[-26.25,-49.58],[-22.5,-49.28],[-17.5,-49.65],[-15.75,-49.55],[0.0,-46.42],[21.0,-45.01],[26.25,-45.1],[31.0,-45.52],[33.5,-45.28],[36.0,-45.9],[39.5,-47.3],[42.32,-48.0],[45.0,-48.44],[47.75,-48.56],[49.75,-48.4],[51.75,-47.75],[54.88,-46.0],[60.25,-44.05],[64.0,-42.35],[66.0,-41.94],[74.75,-41.09],[89.0,-38.9],[95.75,-39.02],[97.75,-39.38],[102.5,-40.89],[106.0,-41.33],[107.01,-40.25],[107.79,-34.0],[109.14,-32.5],[110.5,-31.89],[113.75,-31.45],[116.0,-32.11],[117.25,-31.67],[118.5,-32.71],[119.0,-32.63],[120.25,-32.1],[121.0,-32.18],[121.25,-31.54],[121.84,-31.25],[122.0,-30.23],[122.75,-31.12],[123.52,-31.25],[122.75,-31.34],[122.71,-32.0],[123.25,-31.78],[123.75,-32.47],[124.64,-33.0],[124.41,-33.5],[124.75,-35.58],[124.5,-35.68],[124.25,-35.25],[123.95,-35.5],[123.9,-36.0],[124.5,-36.71],[124.83,-37.75],[124.44,-41.0],[123.96,-43.0],[123.04,-44.75],[121.25,-45.78],[120.19,-46.0],[119.16,-47.25],[119.5,-48.21],[120.05,-48.75],[121.03,-49.0],[122.62,-50.0],[122.7,-50.5],[123.3,-50.75],[123.25,-51.77],[127.16,-53.75],[131.25,-54.71],[136.0,-54.64],[146.5,-53.67],[162.5,-51.08],[167.5,-50.87],[180.0,-49.3]]}},{"type":"Feature","properties":{"level":1012},"geometry":{"type":"LineString","coordinates":[[-71.0,-46.09],[-71.09,-45.75],[-70.61,-45.5],[-70.59,-45.25],[-70.82,-45.0],[-70.66,-44.25],[-70.88,-44.0],[-70.5,-43.99],[-69.86,-44.5],[-69.95,-45.25],[-69.66,-45.75],[-70.0,-45.91],[-70.25,-45.45],[-70.42,-45.75],[-70.12,-46.0],[-71.0,-46.09]]}},{"type":"Feature","properties":{"level":1012},"geometry":{"type":"LineString","coordinates":[[-91.0,-43.76],[-91.75,-43.67],[-92.7,-43.0],[-93.21,-42.25],[-93.59,-41.0],[-93.21,-39.75],[-91.5,-38.48],[-90.25,-38.1],[-87.75,-37.92],[-85.25,-36.92],[-83.75,-36.66],[-81.5,-37.0],[-80.44,-38.0],[-80.26,-39.5],[-81.5,-41.47],[-85.0,-42.37],[-87.25,-42.54],[-91.0,-43.76]]}},{"type":"Feature","properties":{"level":1012},"geometry":{"type":"LineString","coordinates":[[-30.0,-37.0],[-32.5,-36.73],[-33.75,-36.28],[-34.01,-35.25],[-35.42,-33.75],[-36.5,-31.75],[-36.65,-31.0],[-36.49,-30.5],[-36.82,-30.25],[-36.77,-29.25],[-36.01,-27.25],[-36.15,-26.0],[-35.5,-24.3],[-34.97,-23.75],[-34.95,-23.25],[-34.25,-22.59],[-33.0,-22.62],[-32.0,-23.21],[-31.0,-23.34],[-29.25,-24.85],[-26.0,-27.09],[-25.25,-28.14],[-20.12,-31.5],[-19.67,-32.0],[-20.06,-32.25],[-20.5,-33.41],[-21.75,-34.31],[-22.75,-34.38],[-24.75,-35.34],[-25.0,-35.69],[-26.0,-36.01],[-26.25,-35.85],[-27.5,-36.07],[-30.0,-37.0]]}},{"type":"Feature","properties":{"level":1012},"geometry":{"type":"LineString","coordinates":[[31.75,-35.53],[31.25,-35.45],[31.0,-34.79],[30.5,-34.54],[30.0,-34.58],[28.5,-35.36],[27.5,-35.3],[26.26,-34.5],[25.33,-33.5],[22.25,-32.97],[21.75,-32.28],[20.68,-32.5],[20.18,-31.25],[20.63,-30.5],[20.74,-29.25],[20.24,-28.75],[19.5,-28.54],[19.34,-27.5],[18.4,-27.0],[18.28,-26.25],[17.6,-25.5],[17.69,-24.75],[18.09,-24.5],[18.06,-23.75],[18.39,-23.25],[18.25,-21.74],[17.25,-21.08],[17.25,-20.49],[16.5,-20.28],[16.44,-20.0],[14.5,-18.9],[14.25,-19.04],[14.02,-18.5],[13.36,-18.25],[13.0,-17.57],[12.5,-18.26],[12.25,-18.29],[11.5,-18.04],[10.53,-17.25],[10.07,-15.75],[10.25,-15.45],[10.84,-15.25],[10.9,-14.25],[9.96,-13.5],[9.89,-13.0],[9.24,-12.5],[9.5,-12.0],[9.05,-11.0],[8.7,-9.0],[7.91,-8.5],[7.5,-7.57],[6.89,-8.0],[6.69,-8.25],[6.75,-8.98],[7.0,-8.94],[7.68,-9.75],[7.25,-10.3],[6.82,-10.0],[6.52,-9.25],[6.71,-9.0],[6.29,-9.0],[6.25,-9.25],[6.17,-8.75],[5.6,-8.5],[5.84,-8.25],[4.25,-7.84],[3.62,-6.75],[3.65,-5.75],[2.69,-2.5],[2.81,-2.0],[2.21,-1.25],[-0.25,0.31],[-0.45,1.0],[-1.36,2.0],[-1.25,2.36],[-0.5,2.5],[-0.55,3.0],[-0.75,3.06],[-1.0,2.57],[-1.71,2.75],[-2.0,3.43],[-1.93,4.25],[-1.5,4.71],[-0.5,5.0],[0.14,6.25],[-2.0,7.62],[-2.52,7.25],[-2.75,7.85],[-3.26,7.25],[-3.72,7.25],[-4.68,9.0],[-5.55,9.25],[-5.5,9.86],[-6.5,9.49],[-7.0,10.38],[-7.91,10.75],[-7.75,11.76],[-6.5,11.16],[-6.25,11.25],[-5.5,10.66],[-4.51,11.0],[-5.04,11.5],[-5.14,13.5],[-6.0,13.64],[-7.0,14.32],[-7.31,14.25],[-7.25,14.51],[-7.75,14.58],[-9.0,14.05],[-9.01,13.75],[-9.75,13.21],[-10.21,13.25],[-10.25,12.99],[-11.0,13.2],[-11.5,12.81],[-12.25,13.26],[-13.5,12.55],[-15.25,12.59],[-16.01,12.25],[-15.6,13.0],[-16.0,12.93],[-16.41,13.25],[-16.15,13.75],[-16.55,14.25],[-15.81,15.25],[-16.91,15.75],[-16.83,16.5],[-15.78,18.0],[-16.5,18.31],[-17.0,19.34],[-16.75,19.73],[-15.0,20.08],[-14.25,20.83],[-12.5,20.14],[-12.0,20.94],[-11.25,21.45],[-10.71,21.5],[-11.23,21.75],[-11.21,22.0],[-10.5,21.99],[-10.5,23.22],[-8.14,25.25],[-8.5,25.57],[-9.36,25.75],[-9.5,27.11],[-9.75,27.18],[-10.0,26.76],[-10.28,27.0],[-9.89,27.5],[-8.5,28.05],[-7.5,28.17],[-6.5,28.78],[-5.0,28.62],[-4.75,28.79],[-3.75,28.61],[-3.25,28.19],[-2.5,28.42],[-2.25,28.19],[-2.02,28.5],[-1.25,28.43],[0.25,29.27],[0.75,29.24],[1.73,28.5],[1.75,27.91],[3.25,28.0],[4.0,27.77],[4.5,28.04],[5.25,27.72],[5.51,28.0],[5.5,28.59],[6.08,28.75],[6.25,29.05],[7.0,28.94],[7.31,28.75],[7.5,28.12],[9.1,27.75],[8.85,27.5],[9.35,26.75],[8.75,26.2],[7.75,26.31],[6.25,26.0],[6.25,25.72],[5.75,25.7],[5.5,25.2],[4.9,25.25],[4.97,25.75],[4.75,26.08],[3.99,25.5],[4.38,24.0],[4.28,23.5],[5.0,22.02],[7.5,22.46],[8.25,22.14],[9.5,22.62],[9.75,22.93],[10.0,22.58],[10.5,22.78],[10.83,22.25],[13.25,20.69],[13.75,20.69],[14.5,21.29],[15.0,21.01],[16.0,21.05],[14.87,18.75],[14.93,18.25],[17.25,18.56],[18.0,17.96],[18.5,18.23],[19.75,17.74],[21.0,17.76],[22.09,16.75],[22.47,16.0],[21.94,15.25],[21.81,14.5],[22.5,13.91],[22.75,14.67],[23.12,14.75],[23.34,14.0],[23.89,13.75],[23.79,13.25],[24.5,12.65],[25.0,13.88],[28.0,15.0],[28.29,16.25],[29.2,17.25],[29.02,17.75],[29.52,18.0],[29.8,19.25],[30.75,20.19],[31.25,19.88],[31.54,20.25],[32.75,20.78],[33.7,22.0],[33.36,22.5],[33.5,22.78],[34.75,22.36],[35.11,21.75],[34.87,21.5],[35.0,20.96],[35.5,21.46],[35.98,21.5],[35.7,21.75],[36.02,21.75],[36.25,20.93],[36.52,20.75],[36.44,19.0],[36.96,18.5],[37.0,18.12],[37.09,18.25],[36.73,22.0],[35.75,22.64],[35.31,23.25],[35.38,24.25],[34.99,25.25],[35.12,26.25],[34.81,27.0],[34.79,28.0],[35.0,28.17],[36.75,26.87],[37.5,25.91],[37.75,25.8],[37.94,26.0],[38.0,26.5],[38.94,25.75],[38.92,25.25],[38.5,25.06],[37.75,25.48],[37.7,24.75],[38.5,24.96],[39.51,23.25],[40.11,21.75],[40.11,21.0],[41.75,19.57],[42.06,18.25],[42.86,17.75],[43.39,16.5],[43.4,15.25],[44.0,13.04],[46.0,13.4],[47.75,14.1],[48.75,14.17],[49.5,14.76],[54.25,15.14],[55.5,14.69],[56.5,14.65],[57.0,14.14],[58.0,13.75],[58.5,13.19],[63.0,12.95],[63.25,13.01],[63.5,13.79],[65.59,14.75],[66.13,15.75],[66.06,17.25],[67.42,19.75],[67.44,20.25],[67.75,20.76],[68.25,21.0],[67.8,21.75],[66.75,21.8],[65.25,22.33],[65.01,22.25],[65.68,21.25],[65.5,21.11],[63.75,20.9],[62.75,21.07],[61.63,20.5],[60.75,19.61],[59.43,18.75],[57.25,17.5],[56.25,17.17],[55.5,17.01],[55.25,17.82],[53.5,17.6],[51.75,18.12],[50.75,18.16],[49.5,17.7],[48.25,17.68],[48.0,17.86],[47.75,18.69],[47.42,18.75],[47.69,19.5],[47.5,19.72],[47.25,19.63],[46.98,20.25],[47.22,20.5],[47.1,22.0],[47.5,23.65],[47.0,23.52],[46.66,24.25],[46.75,24.65],[47.48,24.75],[47.07,25.25],[47.5,25.55],[47.52,26.5],[46.76,27.75],[46.38,29.0],[46.36,30.0],[45.25,30.58],[44.8,31.5],[45.44,33.5],[45.75,33.68],[46.75,32.92],[47.5,32.68],[48.37,32.75],[49.29,32.25],[50.0,30.91],[51.44,29.5],[51.61,28.75],[52.33,28.5],[52.99,28.0],[52.69,27.75],[53.5,27.59],[53.77,27.25],[56.75,27.68],[57.25,28.0],[57.5,27.63],[57.75,28.74],[58.25,28.25],[60.77,27.25],[59.0,26.51],[58.94,26.75],[57.75,27.38],[57.51,26.75],[57.75,26.31],[58.5,26.5],[60.5,26.16],[63.25,26.29],[64.0,25.91],[66.25,26.52],[66.75,26.12],[67.3,27.5],[67.24,28.5],[67.51,29.75],[68.0,29.88],[68.75,29.17],[69.75,29.12],[70.46,30.25],[70.29,32.0],[70.5,32.35],[71.0,32.12],[71.35,32.5],[71.25,32.75],[71.5,32.84],[72.0,32.32],[72.25,32.34],[73.75,33.04],[75.6,32.25],[77.0,30.58],[78.5,29.58],[79.5,29.04],[81.25,28.61],[82.5,27.86],[84.5,27.66],[86.5,26.91],[89.75,26.72],[93.25,26.89],[94.52,27.5],[95.59,27.5],[93.25,25.34],[92.25,25.86],[91.25,25.72],[91.11,25.5],[93.48,25.0],[93.03,23.5],[92.98,22.5],[93.71,20.5],[94.35,19.5],[94.75,17.76],[95.0,17.71],[95.17,18.0],[94.98,19.25],[95.24,19.75],[95.0,20.31],[95.5,20.08],[95.3,19.75],[95.5,19.64],[96.0,17.89],[96.72,17.5],[97.67,16.25],[97.77,15.0],[98.56,13.25],[98.9,11.5],[98.36,9.25],[98.4,8.5],[99.17,8.25],[99.13,10.5],[99.97,12.0],[99.6,14.0],[100.25,15.02],[101.15,13.5],[101.0,12.87],[102.0,12.49],[102.5,12.04],[102.86,11.0],[103.6,10.25],[104.65,9.75],[104.75,8.41],[106.5,9.64],[106.75,8.93],[107.0,9.05],[107.43,8.75],[107.08,8.25],[108.0,6.0],[107.1,5.0],[107.5,4.65],[108.85,4.75],[107.8,4.0],[108.22,2.75],[108.0,2.19],[107.75,1.98],[107.5,2.21],[107.0,1.5],[108.07,-0.25],[106.5,-0.74],[105.25,-0.13],[104.5,0.6],[103.75,0.43],[103.71,0.75],[104.23,1.0],[103.84,1.25],[104.26,1.5],[104.03,2.25],[103.28,3.0],[103.45,4.25],[103.23,5.0],[102.22,6.25],[100.25,7.14],[99.75,7.97],[99.88,7.0],[100.47,6.25],[100.16,5.5],[100.73,4.0],[102.0,2.59],[102.63,2.25],[102.75,1.69],[103.19,1.25],[101.75,1.66],[100.0,1.7],[99.48,3.25],[98.25,3.91],[97.5,5.12],[96.47,5.25],[95.75,5.62],[95.13,5.25],[95.67,4.25],[96.75,3.52],[97.74,2.25],[98.75,1.53],[99.25,0.32],[99.95,-0.5],[99.75,-1.59],[98.63,-1.0],[98.45,-2.75],[97.5,-3.22],[95.5,-3.62],[94.75,-3.34],[94.5,-3.56],[93.5,-3.07],[92.75,-3.44],[91.75,-3.04],[91.0,-3.08],[90.25,-3.51],[89.0,-3.61],[87.5,-4.49],[86.25,-4.86],[85.75,-4.71],[85.5,-5.32],[83.5,-5.2],[83.25,-5.38],[82.75,-5.2],[82.39,-5.75],[81.25,-6.3],[80.0,-6.13],[79.25,-6.49],[77.5,-6.28],[78.0,-5.81],[78.25,-6.1],[78.25,-5.5],[77.75,-5.15],[77.25,-6.01],[77.06,-5.75],[77.23,-5.0],[77.0,-4.81],[76.5,-5.38],[76.0,-5.08],[75.5,-5.92],[75.0,-5.68],[74.75,-6.13],[74.5,-5.75],[73.61,-7.0],[72.5,-6.69],[72.33,-6.75],[72.5,-7.1],[70.75,-7.35],[69.25,-8.13],[68.5,-8.04],[68.0,-8.28],[67.0,-8.1],[66.75,-8.28],[66.0,-8.03],[65.25,-8.21],[62.5,-8.03],[61.5,-8.32],[57.0,-8.63],[51.75,-8.34],[49.5,-7.56],[46.75,-7.42],[45.75,-6.9],[44.75,-7.23],[43.75,-6.77],[42.93,-5.75],[42.5,-4.6],[41.29,-2.75],[40.95,-2.5],[41.46,-1.5],[41.43,0.0],[41.76,0.75],[42.75,1.21],[43.94,2.25],[44.79,3.25],[44.83,4.0],[44.0,4.96],[43.25,4.83],[43.4,5.25],[42.75,5.54],[41.74,6.5],[41.73,7.0],[42.25,7.31],[42.5,6.7],[44.75,6.88],[45.54,8.25],[45.55,8.75],[46.41,8.75],[46.41,9.0],[45.99,9.25],[46.25,9.38],[47.25,9.32],[48.0,8.89],[48.5,9.08],[49.5,8.57],[50.62,10.0],[49.68,10.25],[49.63,10.5],[50.5,10.65],[51.1,11.5],[50.5,11.57],[50.25,11.29],[49.75,11.43],[49.25,11.0],[48.0,11.11],[47.25,10.91],[46.75,10.07],[44.0,10.23],[43.1,10.75],[42.75,11.41],[42.3,10.5],[42.53,10.0],[40.75,9.52],[40.0,8.98],[40.24,10.75],[39.92,12.25],[40.09,13.0],[39.88,14.75],[38.98,15.75],[38.67,17.0],[38.25,17.75],[38.0,17.76],[37.99,17.25],[38.25,17.0],[38.06,16.0],[38.55,15.5],[38.09,14.25],[38.35,13.75],[37.75,13.4],[37.25,13.58],[37.22,13.0],[36.77,12.25],[36.5,12.03],[36.21,12.25],[36.19,11.75],[35.75,11.0],[35.0,10.77],[34.5,10.33],[34.17,9.5],[34.86,8.25],[34.84,6.75],[35.29,6.5],[35.03,6.0],[35.21,5.5],[36.0,6.4],[36.59,5.5],[36.51,5.25],[36.75,5.07],[37.0,5.53],[37.08,4.5],[37.78,4.0],[37.62,3.25],[38.15,2.75],[37.59,2.0],[37.25,2.15],[37.0,2.81],[36.65,1.5],[36.0,0.3],[35.25,2.04],[35.0,1.49],[34.69,1.5],[34.75,1.83],[34.5,1.63],[34.05,1.75],[34.25,1.81],[34.25,2.24],[32.94,3.25],[33.0,4.08],[32.4,4.0],[32.25,3.41],[32.0,3.38],[31.81,3.5],[31.96,3.75],[30.75,4.73],[30.25,4.58],[29.5,4.94],[29.0,4.57],[28.75,5.01],[28.0,4.66],[27.0,5.35],[26.75,4.89],[26.0,4.96],[25.77,4.5],[25.95,3.75],[25.35,3.25],[26.25,2.36],[26.75,2.35],[27.26,1.75],[27.05,1.5],[27.34,1.0],[26.75,1.16],[26.5,1.5],[25.75,1.58],[25.5,2.01],[25.25,1.27],[24.69,1.0],[25.0,0.38],[26.0,0.12],[26.25,0.57],[26.77,0.75],[26.73,-0.75],[28.01,-1.5],[27.25,-1.28],[27.02,-1.5],[27.25,-2.15],[27.75,-2.25],[27.89,-2.5],[27.89,-3.0],[27.47,-3.25],[27.75,-3.28],[27.94,-3.5],[27.81,-3.75],[28.5,-3.99],[28.75,-4.44],[29.25,-3.25],[29.75,-4.13],[30.34,-3.5],[31.0,-3.28],[31.34,-3.5],[30.88,-4.0],[31.0,-4.21],[31.25,-4.26],[31.31,-4.0],[31.75,-3.84],[31.83,-3.25],[32.26,-3.0],[31.75,-2.17],[31.85,-0.75],[32.5,0.19],[33.37,0.5],[34.0,1.24],[34.33,0.75],[34.32,0.25],[34.89,-0.25],[34.47,-1.0],[35.03,-2.25],[34.5,-3.25],[35.07,-3.75],[34.45,-4.25],[34.38,-5.25],[33.69,-6.5],[33.88,-7.0],[33.18,-7.75],[33.39,-8.5],[32.86,-9.25],[33.28,-9.5],[33.88,-11.0],[33.64,-12.25],[33.75,-12.47],[34.3,-11.0],[34.21,-10.5],[33.64,-10.25],[33.75,-9.37],[34.53,-10.0],[34.66,-11.0],[35.18,-11.75],[34.96,-13.0],[35.61,-14.75],[36.18,-15.5],[35.75,-15.6],[35.62,-16.0],[35.75,-16.11],[36.0,-15.84],[36.5,-16.28],[36.74,-15.75],[37.0,-15.68],[38.25,-16.42],[39.0,-16.6],[39.28,-17.0],[39.25,-17.34],[38.95,-17.5],[39.16,-18.25],[39.0,-18.49],[38.66,-18.25],[36.25,-20.21],[35.5,-20.34],[34.75,-18.79],[34.5,-18.89],[34.29,-18.25],[33.55,-17.5],[32.5,-17.83],[32.0,-17.53],[31.5,-17.75],[31.25,-17.38],[30.72,-17.5],[31.0,-17.61],[31.15,-18.25],[31.04,-18.75],[30.62,-19.0],[30.71,-19.5],[31.64,-20.0],[31.56,-19.0],[32.0,-18.9],[32.5,-19.24],[32.67,-20.5],[33.25,-20.5],[33.08,-21.25],[33.83,-23.0],[33.37,-23.5],[33.94,-25.25],[34.0,-26.45],[32.75,-26.31],[31.5,-25.02],[31.34,-24.5],[30.37,-24.0],[30.06,-23.25],[30.74,-22.75],[30.25,-22.6],[29.5,-22.95],[29.8,-23.25],[29.25,-23.47],[28.75,-24.13],[28.5,-23.86],[28.21,-24.0],[28.25,-24.67],[29.0,-24.29],[29.75,-24.28],[29.92,-24.5],[29.25,-25.28],[28.75,-25.33],[28.0,-25.95],[27.41,-26.0],[27.5,-26.39],[27.75,-26.44],[27.78,-27.25],[27.42,-27.5],[27.26,-28.25],[26.75,-28.3],[26.41,-28.75],[27.53,-30.0],[27.35,-30.75],[27.75,-31.1],[28.5,-30.41],[28.93,-30.5],[28.75,-30.24],[29.25,-30.23],[30.25,-30.88],[30.41,-31.25],[30.08,-32.0],[30.25,-32.2],[31.0,-32.39],[31.22,-32.25],[31.75,-31.13],[32.25,-31.42],[32.51,-32.0],[32.53,-32.25],[31.84,-32.75],[32.0,-32.84],[32.5,-32.73],[33.5,-31.59],[34.59,-32.25],[35.64,-34.5],[35.25,-35.08],[34.75,-34.71],[34.25,-35.17],[33.25,-35.35],[32.0,-34.73],[31.75,-34.8],[31.75,-35.53]]}},{"type":"Feature","properties":{"level":1012},"geometry":{"type":"LineString","coordinates":[[-162.25,-33.55],[-163.19,-32.5],[-163.25,-32.24],[-162.75,-31.91],[-162.24,-32.25],[-161.91,-33.25],[-162.25,-33.55]]}},{"type":"Feature","properties":{"level":1012},"geometry":{"type":"LineString","coordinates":[[123.25,-25.27],[123.19,-24.5],[123.75,-21.76],[123.5,-21.64],[122.5,-22.24],[121.5,-22.07],[121.55,-23.0],[121.25,-23.07],[121.11,-22.25],[120.75,-21.83],[119.73,-21.75],[118.51,-20.5],[118.84,-19.0],[119.25,-18.83],[119.75,-19.83],[120.5,-19.94],[121.5,-19.18],[122.75,-19.2],[123.01,-19.0],[122.75,-18.65],[121.75,-18.85],[121.89,-18.0],[122.25,-18.04],[122.75,-17.5],[123.5,-17.44],[124.0,-17.02],[124.75,-17.03],[125.5,-17.38],[125.75,-17.12],[126.25,-17.14],[126.37,-17.5],[127.5,-18.07],[128.2,-18.0],[128.18,-17.75],[128.5,-17.69],[128.29,-18.0],[128.75,-18.5],[128.96,-19.25],[129.25,-19.27],[129.64,-19.75],[129.47,-22.5],[128.75,-22.98],[127.5,-22.57],[127.25,-22.79],[126.25,-22.79],[125.5,-23.58],[125.25,-24.22],[124.5,-24.35],[124.04,-25.0],[123.5,-25.38],[123.25,-25.27]]}},{"type":"Feature","properties":{"level":1012},"geometry":{"type":"LineString","coordinates":[[-70.75,-24.79],[-70.9,-24.5],[-70.75,-24.18],[-70.75,-24.79]]}},{"type":"Feature","properties":{"level":1012},"geometry":{"type":"LineString","coordinates":[[-70.0,-24.26],[-70.06,-23.25],[-69.75,-23.15],[-69.47,-24.0],[-69.75,-24.34],[-70.0,-24.26]]}},{"type":"Feature","properties":{"level":1012},"geometry":{"type":"LineString","coordinates":[[-66.0,-23.1],[-66.27,-21.75],[-66.15,-21.25],[-66.44,-21.0],[-66.18,-20.5],[-66.29,-20.0],[-65.78,-19.75],[-66.67,-18.25],[-66.25,-17.41],[-65.97,-17.75],[-66.41,-18.0],[-66.32,-18.25],[-65.74,-19.0],[-65.6,-19.75],[-65.25,-19.46],[-65.22,-19.75],[-65.72,-21.25],[-65.34,-21.75],[-65.34,-22.25],[-66.0,-23.1]]}},{"type":"Feature","properties":{"level":1012},"geometry":{"type":"LineString","coordinates":[[31.87,-23.0],[32.08,-23.0],[31.87,-23.0]]}},{"type":"Feature","properties":{"level":1012},"geometry":{"type":"LineString","coordinates":[[-69.5,-22.98],[-69.94,-22.25],[-69.75,-20.37],[-69.5,-20.13],[-69.23,-21.75],[-69.5,-22.98]]}},{"type":"Feature","properties":{"level":1012},"geometry":{"type":"LineString","coordinates":[[35.75,-22.15],[35.75,-21.46],[37.25,-20.66],[37.5,-21.25],[35.75,-22.15]]}},{"type":"Feature","properties":{"level":1012},"geometry":{"type":"LineString","coordinates":[[123.78,-21.75],[124.02,-21.75],[123.78,-21.75]]}},{"type":"Feature","properties":{"level":1012},"geometry":{"type":"LineString","coordinates":[[-36.0,-19.8],[-36.25,-19.51],[-39.0,-19.58],[-39.75,-18.41],[-40.5,-17.94],[-41.25,-17.91],[-41.5,-17.49],[-41.25,-17.19],[-39.75,-17.04],[-39.25,-16.72],[-38.0,-17.27],[-37.67,-17.0],[-37.75,-16.37],[-37.25,-15.9],[-36.8,-17.5],[-37.0,-17.75],[-36.73,-18.75],[-36.25,-19.49],[-35.85,-19.5],[-36.0,-19.8]]}},{"type":"Feature","properties":{"level":1012},"geometry":{"type":"LineString","coordinates":[[-67.0,-19.28],[-67.69,-18.5],[-67.75,-17.98],[-68.56,-17.75],[-68.5,-17.37],[-68.0,-17.24],[-66.91,-17.75],[-67.0,-19.28]]}},{"type":"Feature","properties":{"level":1012},"geometry":{"type":"LineString","coordinates":[[-58.25,-19.3],[-59.13,-18.75],[-58.0,-19.0],[-58.25,-19.3]]}},{"type":"Feature","properties":{"level":1012},"geometry":{"type":"LineString","coordinates":[[-54.5,-18.1],[-54.71,-18.0],[-54.34,-18.0],[-54.5,-18.1]]}},{"type":"Feature","properties":{"level":1012},"geometry":{"type":"LineString","coordinates":[[-54.0,-18.13],[-54.19,-18.0],[-54.0,-17.81],[-53.72,-18.0],[-54.0,-18.13]]}},{"type":"Feature","properties":{"level":1012},"geometry":{"type":"LineString","coordinates":[[-47.4,-18.0],[-47.14,-17.75],[-47.23,-17.25],[-46.75,-16.6],[-46.5,-16.48],[-45.5,-16.99],[-45.42,-16.5],[-46.0,-16.0],[-45.43,-16.0],[-45.0,-15.16],[-44.5,-15.28],[-44.12,-15.0],[-44.13,-13.75],[-44.45,-13.5],[-44.06,-12.75],[-44.25,-12.58],[-44.75,-12.89],[-45.5,-12.92],[-46.0,-12.55],[-46.75,-13.13],[-46.41,-14.5],[-47.25,-15.09],[-46.96,-13.75],[-47.75,-13.37],[-47.97,-14.5],[-48.45,-14.75],[-48.5,-15.53],[-49.75,-15.84],[-50.18,-16.25],[-49.0,-17.47],[-47.4,-18.0]]}},{"type":"Feature","properties":{"level":1012},"geometry":{"type":"LineString","coordinates":[[-38.79,-17.5],[-38.41,-17.5],[-38.79,-17.5]]}},{"type":"Feature","properties":{"level":1012},"geometry":{"type":"LineString","coordinates":[[-42.75,-17.04],[-42.8,-16.5],[-42.25,-15.81],[-41.25,-16.09],[-40.97,-16.5],[-42.25,-17.19],[-42.75,-17.04]]}},{"type":"Feature","properties":{"level":1012},"geometry":{"type":"LineString","coordinates":[[-69.25,-16.85],[-69.5,-16.17],[-70.38,-15.75],[-70.75,-15.04],[-71.5,-15.07],[-71.75,-14.75],[-72.98,-14.25],[-72.5,-13.63],[-72.0,-13.46],[-71.73,-14.0],[-71.0,-14.18],[-69.75,-15.05],[-69.09,-16.25],[-68.39,-16.5],[-68.75,-16.55],[-69.0,-16.98],[-69.25,-16.85]]}},{"type":"Feature","properties":{"level":1012},"geometry":{"type":"LineString","coordinates":[[-44.46,-16.75],[-44.0,-16.98],[-43.89,-16.75],[-44.25,-15.92],[-44.46,-16.75]]}},{"type":"Feature","properties":{"level":1012},"geometry":{"type":"LineString","coordinates":[[-55.45,-16.25],[-55.25,-16.43],[-54.75,-15.9],[-53.75,-16.16],[-53.65,-15.0],[-54.25,-14.69],[-55.25,-14.95],[-55.5,-15.28],[-56.25,-15.0],[-55.45,-16.25]]}},{"type":"Feature","properties":{"level":1012},"geometry":{"type":"LineString","coordinates":[[14.18,-15.75],[14.5,-15.5],[14.2,-15.0],[15.16,-13.75],[15.2,-13.0],[15.69,-12.5],[15.55,-12.25],[16.1,-12.0],[15.76,-12.5],[16.0,-12.81],[16.46,-12.75],[17.08,-11.75],[17.02,-11.25],[16.38,-11.0],[16.05,-10.0],[15.75,-10.05],[15.75,-9.5],[15.16,-9.5],[15.25,-9.16],[15.5,-9.23],[15.64,-9.0],[16.0,-7.09],[17.25,-7.08],[17.5,-6.73],[17.85,-6.75],[18.01,-7.5],[18.99,-7.75],[19.0,-8.61],[19.25,-8.9],[19.54,-8.75],[19.09,-8.0],[19.54,-7.5],[19.51,-6.75],[19.0,-6.11],[18.75,-6.34],[18.38,-6.0],[18.64,-5.75],[18.25,-5.29],[17.75,-5.41],[16.75,-6.49],[16.5,-6.29],[15.75,-6.62],[15.53,-6.0],[15.75,-5.58],[15.25,-6.2],[14.75,-6.12],[14.25,-6.4],[13.66,-7.25],[14.39,-7.5],[13.98,-7.75],[14.22,-8.0],[14.03,-9.0],[14.22,-9.5],[13.75,-10.0],[14.03,-11.0],[13.86,-12.5],[14.07,-12.75],[13.5,-13.46],[13.25,-13.35],[12.91,-13.75],[13.19,-15.25],[14.18,-15.75]]}},{"type":"Feature","properties":{"level":1012},"geometry":{"type":"LineString","coordinates":[[-75.25,-15.12],[-76.48,-14.0],[-76.5,-13.38],[-75.0,-14.68],[-74.85,-15.0],[-75.25,-15.12]]}},{"type":"Feature","properties":{"level":1012},"geometry":{"type":"LineString","coordinates":[[-42.0,-15.06],[-42.26,-14.25],[-41.75,-13.71],[-41.0,-14.15],[-40.96,-14.5],[-41.5,-15.12],[-42.0,-15.06]]}},{"type":"Feature","properties":{"level":1012},"geometry":{"type":"LineString","coordinates":[[180.0,-14.81],[178.0,-14.33],[175.0,-12.7],[173.75,-11.63],[172.5,-11.14],[170.5,-11.04],[169.25,-10.44],[168.25,-10.35],[167.65,-9.75],[165.0,-9.73],[164.0,-9.22],[161.0,-8.58],[160.75,-9.21],[160.25,-9.56],[159.5,-8.78],[157.75,-8.0],[157.41,-8.0],[157.56,-8.25],[157.25,-8.43],[156.99,-8.25],[157.2,-8.0],[157.0,-7.76],[156.5,-7.82],[156.0,-7.39],[154.5,-7.63],[153.63,-6.5],[153.91,-5.0],[152.75,-3.86],[152.53,-4.0],[152.5,-4.65],[152.0,-4.65],[150.75,-5.78],[150.0,-5.69],[149.5,-5.98],[149.0,-5.6],[148.0,-5.57],[147.75,-6.3],[145.9,-5.25],[146.1,-4.5],[145.75,-4.69],[145.44,-4.5],[144.0,-3.2],[143.7,-3.25],[144.17,-3.75],[143.12,-4.25],[143.02,-4.0],[143.6,-3.5],[143.5,-3.36],[142.25,-3.19],[140.5,-2.36],[139.75,-2.47],[138.25,-2.13],[136.5,-2.35],[136.29,-3.0],[135.75,-3.03],[135.25,-3.41],[134.75,-2.5],[134.9,-2.0],[135.25,-2.14],[136.71,-1.75],[134.54,-1.25],[135.04,-1.0],[134.25,-1.04],[133.0,-0.31],[132.0,-0.37],[131.88,0.75],[132.16,1.5],[131.82,1.75],[132.15,2.0],[131.04,2.5],[131.0,2.95],[130.5,3.29],[130.25,3.18],[129.75,3.75],[128.89,4.0],[128.25,5.0],[127.25,5.22],[127.41,6.5],[126.75,7.24],[125.75,9.55],[125.5,8.87],[124.75,8.91],[124.66,8.5],[124.25,8.23],[123.5,8.5],[122.25,7.99],[121.79,7.25],[121.75,6.33],[120.8,7.5],[120.75,7.99],[119.89,8.5],[120.5,8.85],[120.49,9.25],[119.44,9.5],[119.48,10.25],[119.85,10.5],[119.82,10.75],[120.44,11.0],[121.12,11.75],[121.75,11.9],[122.03,11.5],[121.98,10.5],[122.46,10.75],[122.8,11.25],[122.08,12.0],[122.25,12.47],[122.5,12.32],[122.68,12.5],[122.39,12.75],[122.75,13.57],[123.0,13.67],[123.5,13.08],[123.81,13.25],[123.66,13.5],[123.87,13.75],[123.25,13.8],[123.02,14.25],[123.1,15.0],[124.0,16.34],[125.25,17.19],[128.0,18.0],[128.25,18.35],[129.5,18.84],[131.25,19.35],[132.0,19.32],[133.25,20.13],[135.5,20.44],[136.25,20.79],[141.75,21.91],[145.98,21.75],[148.5,20.84],[150.5,20.65],[152.33,19.75],[153.75,19.58],[154.54,19.0],[155.5,18.98],[157.5,18.05],[158.5,18.41],[159.0,18.32],[159.5,18.68],[160.75,18.77],[161.0,18.19],[161.5,18.58],[162.0,18.33],[162.25,18.82],[163.0,18.36],[163.5,18.72],[164.75,18.86],[166.5,18.71],[167.0,19.26],[168.0,18.6],[173.25,18.67],[175.0,18.17],[176.5,18.35],[180.0,18.01]]}},{"type":"Feature","properties":{"level":1012},"geometry":{"type":"LineString","coordinates":[[-73.25,-14.32],[-74.25,-13.73],[-74.46,-13.0],[-74.25,-12.89],[-74.01,-13.5],[-73.5,-13.93],[-73.04,-13.75],[-72.99,-13.5],[-72.92,-14.0],[-73.25,-14.32]]}},{"type":"Feature","properties":{"level":1012},"geometry":{"type":"LineString","coordinates":[[-42.5,-13.01],[-42.5,-12.56],[-42.5,-13.01]]}},{"type":"Feature","properties":{"level":1012},"geometry":{"type":"LineString","coordinates":[[-54.46,-11.25],[-53.75,-11.39],[-53.42,-11.0],[-53.75,-10.62],[-54.0,-10.93],[-54.25,-10.64],[-54.46,-11.25]]}},{"type":"Feature","properties":{"level":1012},"geometry":{"type":"LineString","coordinates":[[147.75,-10.03],[147.5,-9.74],[148.48,-10.0],[147.75,-10.03]]}},{"type":"Feature","properties":{"level":1012},"geometry":{"type":"LineString","coordinates":[[13.29,-9.5],[13.5,-9.66],[13.58,-9.5],[13.29,-9.5]]}},{"type":"Feature","properties":{"level":1012},"geometry":{"type":"LineString","coordinates":[[147.0,-9.31],[146.11,-8.25],[146.0,-8.0],[146.25,-7.76],[147.37,-9.25],[147.0,-9.31]]}},{"type":"Feature","properties":{"level":1012},"geometry":{"type":"LineString","coordinates":[[31.68,-9.0],[31.75,-9.16],[32.12,-9.0],[31.86,-8.0],[31.5,-7.74],[31.19,-8.0],[31.68,-9.0]]}},{"type":"Feature","properties":{"level":1012},"geometry":{"type":"LineString","coordinates":[[159.62,-8.5],[159.83,-8.5],[159.75,-8.3],[159.62,-8.5]]}},{"type":"Feature","properties":{"level":1012},"geometry":{"type":"LineString","coordinates":[[-78.0,-7.54],[-78.0,-6.64],[-77.7,-7.5],[-77.75,-7.69],[-78.0,-7.54]]}},{"type":"Feature","properties":{"level":1012},"geometry":{"type":"LineString","coordinates":[[75.25,-6.76],[74.78,-6.5],[75.0,-6.28],[75.63,-6.5],[75.25,-6.76]]}},{"type":"Feature","properties":{"level":1012},"geometry":{"type":"LineString","coordinates":[[155.48,-6.5],[155.98,-6.5],[155.25,-5.66],[154.75,-5.56],[154.7,-6.0],[155.25,-6.13],[155.48,-6.5]]}},{"type":"Feature","properties":{"level":1012},"geometry":{"type":"LineString","coordinates":[[-38.51,-6.25],[-37.75,-6.22],[-37.59,-6.0],[-38.0,-5.33],[-38.51,-6.25]]}},{"type":"Feature","properties":{"level":1012},"geometry":{"type":"LineString","coordinates":[[12.97,-5.0],[13.25,-5.2],[13.46,-5.0],[13.0,-4.71],[12.97,-5.0]]}},{"type":"Feature","properties":{"level":1012},"geometry":{"type":"LineString","coordinates":[[-39.61,-4.5],[-39.39,-4.5],[-39.5,-4.21],[-39.61,-4.5]]}},{"type":"Feature","properties":{"level":1012},"geometry":{"type":"LineString","coordinates":[[-38.5,-4.5],[-38.48,-4.0],[-38.75,-3.84],[-39.15,-4.25],[-38.5,-4.5]]}},{"type":"Feature","properties":{"level":1012},"geometry":{"type":"LineString","coordinates":[[12.38,-4.5],[12.79,-4.5],[11.93,-4.0],[12.38,-4.5]]}},{"type":"Feature","properties":{"level":1012},"geometry":{"type":"LineString","coordinates":[[-39.6,-3.75],[-39.5,-3.91],[-39.34,-3.75],[-39.5,-3.42],[-39.6,-3.75]]}},{"type":"Feature","properties":{"level":1012},"geometry":{"type":"LineString","coordinates":[[11.08,-3.5],[11.45,-3.5],[11.0,-3.18],[11.08,-3.5]]}},{"type":"Feature","properties":{"level":1012},"geometry":{"type":"LineString","coordinates":[[151.87,-3.5],[152.14,-3.5],[152.0,-3.1],[151.87,-3.5]]}},{"type":"Feature","properties":{"level":1012},"geometry":{"type":"LineString","coordinates":[[137.25,-3.09],[138.57,-3.0],[137.25,-3.09]]}},{"type":"Feature","properties":{"level":1012},"geometry":{"type":"LineString","coordinates":[[12.56,-2.75],[12.75,-2.96],[13.33,-2.75],[12.75,-1.67],[11.5,-1.13],[11.04,-1.5],[12.56,-2.75]]}},{"type":"Feature","properties":{"level":1012},"geometry":{"type":"LineString","coordinates":[[140.75,-2.83],[140.75,-2.61],[140.75,-2.83]]}},{"type":"Feature","properties":{"level":1012},"geometry":{"type":"LineString","coordinates":[[135.31,-0.75],[135.5,-0.95],[135.88,-0.75],[135.5,-0.58],[135.31,-0.75]]}},{"type":"Feature","properties":{"level":1012},"geometry":{"type":"LineString","coordinates":[[97.61,0.75],[97.75,0.62],[97.91,1.0],[97.5,1.34],[97.61,0.75]]}},{"type":"Feature","properties":{"level":1012},"geometry":{"type":"LineString","coordinates":[[-39.29,1.0],[-39.04,1.0],[-39.1,1.25],[-39.33,1.25],[-39.29,1.0]]}},{"type":"Feature","properties":{"level":1012},"geometry":{"type":"LineString","coordinates":[[30.25,0.94],[31.14,2.0],[31.25,3.03],[31.5,2.95],[31.86,2.25],[31.76,2.0],[30.25,0.94]]}},{"type":"Feature","properties":{"level":1012},"geometry":{"type":"LineString","coordinates":[[104.27,1.0],[104.5,0.8],[104.63,1.0],[104.27,1.0]]}},{"type":"Feature","properties":{"level":1012},"geometry":{"type":"LineString","coordinates":[[10.4,2.5],[10.5,2.36],[11.31,3.0],[11.5,3.84],[11.25,3.97],[10.96,3.75],[10.4,2.5]]}},{"type":"Feature","properties":{"level":1012},"geometry":{"type":"LineString","coordinates":[[-64.89,3.25],[-64.5,3.33],[-64.4,4.25],[-64.12,4.5],[-64.5,5.0],[-64.75,4.43],[-65.5,4.69],[-65.86,4.5],[-65.89,3.5],[-64.89,3.25]]}},{"type":"Feature","properties":{"level":1012},"geometry":{"type":"LineString","coordinates":[[42.5,3.12],[41.6,4.0],[41.82,4.25],[41.49,5.0],[41.75,5.81],[42.75,4.75],[42.52,4.5],[42.84,4.0],[42.5,3.12]]}},{"type":"Feature","properties":{"level":1012},"geometry":{"type":"LineString","coordinates":[[8.94,4.25],[9.25,4.03],[9.42,4.25],[9.25,4.44],[8.94,4.25]]}},{"type":"Feature","properties":{"level":1012},"geometry":{"type":"LineString","coordinates":[[10.46,4.25],[10.96,4.75],[11.17,6.25],[11.67,6.25],[11.56,5.5],[12.0,5.45],[12.25,5.5],[12.5,6.21],[13.06,6.5],[13.25,5.85],[14.0,5.5],[13.75,5.33],[13.5,5.5],[13.5,4.85],[13.75,4.87],[15.75,6.12],[16.0,6.5],[15.9,6.75],[15.5,7.12],[13.5,7.55],[13.0,7.26],[12.75,7.59],[12.5,7.38],[11.75,7.5],[11.5,7.16],[11.0,7.28],[10.81,6.75],[10.3,6.75],[9.51,6.25],[9.8,5.5],[9.5,5.04],[9.09,5.0],[9.25,4.77],[9.5,4.92],[10.59,4.75],[10.46,4.25]]}},{"type":"Feature","properties":{"level":1012},"geometry":{"type":"LineString","coordinates":[[-67.06,4.5],[-66.45,4.75],[-66.49,5.25],[-66.2,5.5],[-65.18,5.0],[-65.01,5.25],[-65.25,6.2],[-65.5,5.91],[-66.5,6.11],[-67.06,5.75],[-67.24,5.0],[-67.06,4.5]]}},{"type":"Feature","properties":{"level":1012},"geometry":{"type":"LineString","coordinates":[[-60.83,5.0],[-60.0,4.94],[-59.83,5.25],[-60.0,5.58],[-60.5,5.26],[-61.25,5.93],[-62.34,5.5],[-62.25,5.13],[-61.25,5.46],[-60.83,5.0]]}},{"type":"Feature","properties":{"level":1012},"geometry":{"type":"LineString","coordinates":[[41.25,5.24],[41.25,5.54],[41.25,5.24]]}},{"type":"Feature","properties":{"level":1012},"geometry":{"type":"LineString","coordinates":[[-75.5,5.48],[-75.96,6.0],[-75.75,6.64],[-75.37,5.75],[-75.5,5.48]]}},{"type":"Feature","properties":{"level":1012},"geometry":{"type":"LineString","coordinates":[[80.45,6.25],[81.31,7.0],[80.75,7.63],[80.46,7.5],[80.25,7.0],[80.45,6.25]]}},{"type":"Feature","properties":{"level":1012},"geometry":{"type":"LineString","coordinates":[[122.0,6.18],[122.42,6.5],[122.09,6.75],[122.5,7.69],[122.75,7.84],[123.25,7.38],[123.54,7.5],[122.5,6.15],[122.0,6.18]]}},{"type":"Feature","properties":{"level":1012},"geometry":{"type":"LineString","coordinates":[[125.75,6.18],[125.75,6.47],[125.75,6.18]]}},{"type":"Feature","properties":{"level":1012},"geometry":{"type":"LineString","coordinates":[[-4.75,6.68],[-5.06,7.0],[-4.5,7.23],[-4.38,7.0],[-4.75,6.68]]}},{"type":"Feature","properties":{"level":1012},"geometry":{"type":"LineString","coordinates":[[0.3,6.75],[0.75,6.55],[1.17,7.5],[0.75,8.6],[0.3,6.75]]}},{"type":"Feature","properties":{"level":1012},"geometry":{"type":"LineString","coordinates":[[125.75,6.55],[125.75,6.83],[125.75,6.55]]}},{"type":"Feature","properties":{"level":1012},"geometry":{"type":"LineString","coordinates":[[-5.75,7.16],[-5.75,7.39],[-5.5,7.41],[-5.42,7.25],[-5.75,7.16]]}},{"type":"Feature","properties":{"level":1012},"geometry":{"type":"LineString","coordinates":[[-3.01,8.0],[-3.0,7.82],[-2.86,8.25],[-3.24,8.5],[-3.01,8.0]]}},{"type":"Feature","properties":{"level":1012},"geometry":{"type":"LineString","coordinates":[[107.75,7.92],[107.57,8.0],[107.75,8.42],[107.94,8.25],[107.75,7.92]]}},{"type":"Feature","properties":{"level":1012},"geometry":{"type":"LineString","coordinates":[[99.5,8.25],[99.75,8.01],[99.9,8.25],[99.75,9.17],[99.27,9.0],[99.5,8.25]]}},{"type":"Feature","properties":{"level":1012},"geometry":{"type":"LineString","coordinates":[[111.0,8.41],[110.0,8.88],[109.5,8.64],[109.07,9.0],[109.12,9.25],[109.75,9.34],[109.73,9.75],[110.75,10.08],[111.1,9.75],[110.75,9.25],[111.25,9.13],[111.81,10.0],[111.25,10.44],[111.5,10.67],[112.93,10.25],[112.92,10.0],[112.42,9.75],[112.25,8.87],[111.5,8.42],[111.0,8.41]]}},{"type":"Feature","properties":{"level":1012},"geometry":{"type":"LineString","coordinates":[[-82.96,9.0],[-82.53,9.0],[-84.0,10.12],[-83.87,9.5],[-82.96,9.0]]}},{"type":"Feature","properties":{"level":1012},"geometry":{"type":"LineString","coordinates":[[116.0,8.88],[115.9,9.25],[115.44,9.5],[115.63,10.5],[114.36,11.0],[114.5,11.13],[115.5,11.46],[116.0,11.04],[117.5,11.03],[118.25,10.39],[118.75,10.38],[118.0,9.45],[117.25,8.98],[117.0,9.49],[116.95,9.0],[116.0,8.88]]}},{"type":"Feature","properties":{"level":1012},"geometry":{"type":"LineString","coordinates":[[8.61,9.25],[9.0,9.14],[9.3,9.5],[9.0,10.15],[8.25,10.26],[7.99,10.0],[8.05,9.75],[8.61,9.25]]}},{"type":"Feature","properties":{"level":1012},"geometry":{"type":"LineString","coordinates":[[76.87,9.25],[77.25,9.02],[77.43,10.0],[77.71,10.25],[76.75,10.66],[76.46,10.5],[76.87,9.25]]}},{"type":"Feature","properties":{"level":1012},"geometry":{"type":"LineString","coordinates":[[122.86,9.25],[123.31,9.25],[123.11,9.5],[123.41,10.5],[123.25,10.93],[122.43,9.75],[122.86,9.25]]}},{"type":"Feature","properties":{"level":1012},"geometry":{"type":"LineString","coordinates":[[115.0,9.69],[114.15,10.0],[114.75,10.15],[115.0,9.69]]}},{"type":"Feature","properties":{"level":1012},"geometry":{"type":"LineString","coordinates":[[123.42,9.75],[123.5,9.89],[123.42,9.75]]}},{"type":"Feature","properties":{"level":1012},"geometry":{"type":"LineString","coordinates":[[124.12,9.75],[124.35,9.75],[124.12,9.75]]}},{"type":"Feature","properties":{"level":1012},"geometry":{"type":"LineString","coordinates":[[111.25,9.9],[111.39,10.0],[111.25,9.9]]}},{"type":"Feature","properties":{"level":1012},"geometry":{"type":"LineString","coordinates":[[106.0,10.15],[106.16,10.25],[106.0,10.15]]}},{"type":"Feature","properties":{"level":1012},"geometry":{"type":"LineString","coordinates":[[107.75,10.18],[107.9,10.25],[107.75,10.18]]}},{"type":"Feature","properties":{"level":1012},"geometry":{"type":"LineString","coordinates":[[124.91,10.5],[125.07,10.5],[124.91,10.5]]}},{"type":"Feature","properties":{"level":1012},"geometry":{"type":"LineString","coordinates":[[76.32,11.0],[76.75,10.84],[77.75,12.16],[78.75,12.74],[78.99,13.5],[78.25,14.17],[77.73,14.25],[77.16,15.0],[77.3,15.5],[77.0,15.57],[76.42,16.75],[75.75,16.95],[75.75,17.26],[76.25,17.63],[76.73,17.25],[76.75,16.98],[78.25,16.51],[78.72,17.0],[78.64,17.75],[78.25,18.42],[77.75,18.21],[76.02,19.25],[76.75,19.75],[76.79,20.25],[76.5,20.59],[74.75,20.38],[74.47,21.0],[74.0,21.16],[73.68,21.0],[73.24,20.0],[73.59,19.5],[73.36,18.5],[73.85,16.25],[74.3,15.5],[74.68,14.0],[75.49,12.75],[75.39,12.25],[76.32,11.0]]}},{"type":"Feature","properties":{"level":1012},"geometry":{"type":"LineString","coordinates":[[124.64,11.0],[124.87,11.0],[124.75,11.21],[124.64,11.0]]}},{"type":"Feature","properties":{"level":1012},"geometry":{"type":"LineString","coordinates":[[125.22,11.5],[125.25,11.86],[125.22,11.5]]}},{"type":"Feature","properties":{"level":1012},"geometry":{"type":"LineString","coordinates":[[119.0,11.66],[118.39,12.25],[118.5,12.79],[118.75,13.05],[120.25,13.39],[120.39,12.5],[120.0,12.46],[119.5,11.76],[119.0,11.66]]}},{"type":"Feature","properties":{"level":1012},"geometry":{"type":"LineString","coordinates":[[115.25,11.89],[115.25,12.07],[115.25,11.89]]}},{"type":"Feature","properties":{"level":1012},"geometry":{"type":"LineString","coordinates":[[116.0,12.23],[115.73,12.5],[116.0,12.89],[116.5,12.96],[116.73,12.75],[116.25,12.13],[116.0,12.23]]}},{"type":"Feature","properties":{"level":1012},"geometry":{"type":"LineString","coordinates":[[-6.0,12.47],[-6.08,12.75],[-5.75,13.13],[-5.59,12.75],[-6.0,12.47]]}},{"type":"Feature","properties":{"level":1012},"geometry":{"type":"LineString","coordinates":[[53.78,12.5],[54.21,12.5],[53.78,12.5]]}},{"type":"Feature","properties":{"level":1012},"geometry":{"type":"LineString","coordinates":[[-15.57,13.25],[-15.5,13.04],[-15.18,13.25],[-15.57,13.25]]}},{"type":"Feature","properties":{"level":1012},"geometry":{"type":"LineString","coordinates":[[-7.0,13.74],[-6.74,13.75],[-7.0,13.74]]}},{"type":"Feature","properties":{"level":1012},"geometry":{"type":"LineString","coordinates":[[124.11,13.75],[124.37,13.75],[124.25,13.96],[124.11,13.75]]}},{"type":"Feature","properties":{"level":1012},"geometry":{"type":"LineString","coordinates":[[-10.58,14.0],[-10.25,14.0],[-10.58,14.0]]}},{"type":"Feature","properties":{"level":1012},"geometry":{"type":"LineString","coordinates":[[155.24,15.0],[155.9,15.25],[155.0,15.7],[154.93,15.25],[155.24,15.0]]}},{"type":"Feature","properties":{"level":1012},"geometry":{"type":"LineString","coordinates":[[118.0,17.15],[118.0,17.64],[118.56,17.5],[118.5,17.14],[118.0,17.15]]}},{"type":"Feature","properties":{"level":1012},"geometry":{"type":"LineString","coordinates":[[8.5,17.5],[9.0,17.54],[9.25,18.29],[9.64,18.5],[9.1,19.25],[9.36,19.75],[9.0,20.62],[8.34,20.0],[8.65,19.5],[8.5,17.5]]}},{"type":"Feature","properties":{"level":1012},"geometry":{"type":"LineString","coordinates":[[-77.63,18.0],[-76.9,18.25],[-77.5,18.4],[-77.98,18.25],[-77.63,18.0]]}},{"type":"Feature","properties":{"level":1012},"geometry":{"type":"LineString","coordinates":[[-76.82,18.0],[-76.29,18.0],[-76.5,18.16],[-76.82,18.0]]}},{"type":"Feature","properties":{"level":1012},"geometry":{"type":"LineString","coordinates":[[-34.25,17.88],[-34.25,18.19],[-34.04,18.0],[-34.25,17.88]]}},{"type":"Feature","properties":{"level":1012},"geometry":{"type":"LineString","coordinates":[[55.71,18.0],[56.13,18.0],[55.71,18.0]]}},{"type":"Feature","properties":{"level":1012},"geometry":{"type":"LineString","coordinates":[[82.06,18.0],[82.5,17.89],[82.94,18.25],[83.0,19.29],[82.6,19.0],[82.06,18.0]]}},{"type":"Feature","properties":{"level":1012},"geometry":{"type":"LineString","coordinates":[[-180.0,18.01],[-175.75,17.62],[-171.0,16.76],[-168.75,16.87],[-167.0,16.41],[-166.0,16.4],[-165.5,16.02],[-164.5,15.77],[-162.0,15.86],[-161.5,15.67],[-160.75,15.93],[-160.0,15.69],[-157.5,16.1],[-157.0,15.69],[-155.0,15.87],[-151.75,15.76],[-150.25,15.48],[-146.5,16.03],[-144.75,16.92],[-144.25,16.89],[-143.25,17.3],[-140.25,17.0],[-138.5,16.49],[-133.0,16.16],[-127.25,17.75],[-124.75,19.27],[-123.75,19.41],[-122.25,20.27],[-121.49,21.0],[-121.35,21.5],[-121.72,23.25],[-121.52,24.0],[-121.58,25.75],[-122.43,27.25],[-122.16,28.25],[-121.5,28.91],[-120.75,29.24],[-117.5,29.47],[-116.98,29.75],[-116.5,30.7],[-116.25,30.25],[-115.5,29.96],[-115.25,29.48],[-114.0,28.74],[-113.24,28.0],[-112.5,26.77],[-112.0,26.42],[-111.79,26.5],[-111.91,27.0],[-111.69,27.25],[-112.28,28.0],[-112.41,28.75],[-112.0,29.44],[-110.78,29.0],[-110.5,28.68],[-109.5,28.51],[-108.82,27.0],[-106.01,23.5],[-104.75,22.09],[-104.5,22.08],[-104.39,21.5],[-105.03,20.5],[-104.84,20.25],[-104.5,19.9],[-104.0,20.05],[-103.87,19.5],[-102.75,19.64],[-102.29,19.25],[-101.5,19.04],[-100.66,19.25],[-100.0,18.1],[-99.5,18.33],[-99.27,18.0],[-99.5,17.83],[-100.5,17.93],[-101.25,18.3],[-101.32,18.0],[-101.0,17.66],[-98.0,16.98],[-97.32,16.25],[-96.5,15.97],[-95.25,16.27],[-94.75,15.77],[-94.46,16.25],[-94.0,16.3],[-91.75,14.69],[-91.0,14.4],[-90.0,14.26],[-89.5,14.45],[-87.25,13.9],[-86.44,14.25],[-86.65,14.5],[-86.48,14.75],[-85.25,15.14],[-85.14,15.5],[-86.75,15.84],[-87.75,15.54],[-88.75,15.69],[-89.0,15.4],[-89.25,15.46],[-89.08,15.75],[-89.28,16.0],[-88.59,17.0],[-89.5,17.1],[-89.79,17.5],[-89.75,17.95],[-90.64,18.25],[-90.43,18.75],[-90.75,19.36],[-90.27,20.0],[-88.46,21.0],[-88.08,22.5],[-84.99,26.0],[-83.25,26.91],[-82.5,27.0],[-81.25,25.82],[-79.0,26.0],[-76.75,25.51],[-76.45,24.5],[-75.5,23.44],[-75.0,23.45],[-74.85,23.0],[-74.02,22.25],[-73.0,22.32],[-72.5,21.93],[-72.0,21.91],[-70.38,20.75],[-69.77,19.75],[-71.72,19.25],[-71.63,19.0],[-72.47,18.5],[-72.39,18.25],[-71.25,17.85],[-70.75,18.34],[-69.5,18.47],[-68.5,18.27],[-68.0,18.72],[-67.5,18.17],[-67.74,18.5],[-67.25,18.74],[-67.0,17.86],[-62.75,15.13],[-62.0,14.94],[-61.03,14.25],[-61.0,13.96],[-60.5,14.07],[-59.75,13.79],[-56.75,11.93],[-55.75,11.59],[-55.25,11.67],[-55.0,11.41],[-54.0,11.58],[-53.25,11.15],[-52.86,10.5],[-51.92,10.25],[-51.75,9.94],[-50.25,9.62],[-49.75,9.8],[-49.5,9.5],[-48.5,9.18],[-48.25,9.29],[-47.73,9.0],[-47.25,8.31],[-46.75,8.33],[-46.36,7.5],[-44.25,7.28],[-43.5,7.6],[-42.5,6.34],[-40.25,5.91],[-40.04,5.75],[-40.25,5.25],[-39.85,4.25],[-39.01,4.0],[-38.84,0.5],[-37.92,-0.25],[-37.44,-1.0],[-37.69,-1.25],[-37.31,-1.75],[-37.75,-3.0],[-37.25,-3.35],[-36.75,-3.07],[-36.82,-4.0],[-36.17,-4.75],[-36.86,-6.0],[-36.5,-6.78],[-36.75,-6.7],[-37.28,-7.25],[-37.24,-7.5],[-36.5,-9.18],[-35.5,-9.45],[-35.34,-9.75],[-35.74,-13.25],[-36.5,-14.15],[-37.25,-14.61],[-38.75,-11.83],[-39.0,-11.69],[-40.0,-12.99],[-40.75,-13.45],[-41.32,-12.75],[-41.21,-11.5],[-41.5,-11.87],[-42.0,-11.89],[-42.63,-11.5],[-42.75,-12.47],[-43.0,-12.19],[-43.2,-12.5],[-43.1,-14.0],[-43.29,-14.25],[-42.81,-15.5],[-43.84,-17.25],[-43.99,-18.5],[-43.57,-19.0],[-43.5,-19.73],[-43.25,-19.05],[-42.5,-18.8],[-42.68,-18.25],[-42.25,-17.97],[-41.37,-18.25],[-41.38,-19.0],[-42.03,-19.5],[-42.75,-20.58],[-43.01,-20.5],[-43.25,-19.77],[-43.75,-19.76],[-44.75,-20.79],[-45.25,-20.22],[-45.75,-20.48],[-46.25,-20.29],[-45.92,-19.25],[-46.5,-18.15],[-48.25,-18.86],[-48.75,-18.64],[-48.94,-18.75],[-48.61,-19.0],[-49.0,-19.62],[-49.34,-19.75],[-49.0,-19.89],[-48.25,-19.62],[-47.54,-20.0],[-47.86,-21.0],[-48.25,-21.3],[-48.75,-21.09],[-49.5,-20.19],[-50.12,-20.0],[-50.25,-19.71],[-51.0,-19.66],[-51.5,-19.24],[-51.79,-18.5],[-51.5,-18.12],[-51.25,-18.25],[-50.86,-18.0],[-51.0,-17.41],[-52.75,-17.26],[-53.75,-16.63],[-54.75,-17.1],[-54.75,-18.0],[-55.5,-19.67],[-57.34,-19.5],[-57.25,-19.18],[-56.66,-19.0],[-57.5,-18.65],[-57.64,-18.0],[-58.25,-17.69],[-58.93,-16.75],[-58.25,-16.44],[-57.75,-15.89],[-57.5,-16.51],[-56.63,-15.75],[-56.55,-15.25],[-56.75,-15.03],[-57.5,-15.8],[-57.71,-15.75],[-57.75,-15.21],[-57.25,-14.62],[-56.5,-14.44],[-56.5,-14.92],[-56.06,-14.5],[-57.75,-13.5],[-59.25,-14.02],[-60.0,-14.88],[-60.5,-14.41],[-60.7,-14.5],[-60.0,-15.25],[-60.14,-15.75],[-60.5,-15.53],[-62.5,-15.6],[-62.92,-16.0],[-62.94,-16.5],[-63.5,-16.55],[-64.5,-16.21],[-65.28,-16.25],[-65.99,-15.75],[-65.35,-15.5],[-67.07,-15.0],[-67.0,-13.95],[-66.25,-14.12],[-65.9,-13.75],[-66.0,-13.43],[-69.0,-11.44],[-70.44,-11.0],[-71.25,-10.99],[-71.86,-11.25],[-72.02,-11.5],[-71.82,-11.75],[-72.5,-11.93],[-73.0,-12.51],[-73.3,-11.5],[-73.65,-11.25],[-74.25,-10.05],[-74.53,-10.75],[-73.8,-11.75],[-74.0,-12.45],[-74.42,-11.5],[-75.27,-11.0],[-75.21,-10.5],[-75.75,-9.32],[-76.0,-9.44],[-76.25,-9.25],[-77.24,-7.25],[-77.38,-6.75],[-77.11,-6.5],[-77.17,-6.25],[-77.75,-5.58],[-78.25,-5.48],[-78.25,-6.37],[-79.0,-6.32],[-79.2,-5.0],[-78.84,-4.25],[-78.91,-3.75],[-78.11,-2.25],[-77.98,-1.0],[-77.49,-0.5],[-77.53,0.25],[-76.5,1.36],[-76.0,1.39],[-74.55,2.75],[-74.51,3.25],[-74.0,3.48],[-73.25,4.8],[-72.06,6.0],[-71.83,6.5],[-72.1,7.0],[-72.0,7.65],[-71.0,8.11],[-69.69,9.5],[-70.0,9.8],[-71.15,9.0],[-71.5,8.43],[-72.03,8.25],[-72.25,7.75],[-72.75,7.73],[-73.0,8.21],[-73.21,8.0],[-72.9,6.75],[-73.25,6.2],[-73.83,6.0],[-74.81,3.25],[-75.75,1.77],[-76.02,2.0],[-75.06,4.75],[-75.17,6.75],[-75.75,7.29],[-76.27,7.25],[-76.31,6.0],[-76.09,5.5],[-76.25,4.98],[-76.0,4.97],[-75.75,5.42],[-75.69,4.5],[-76.15,4.0],[-76.25,3.25],[-77.23,1.5],[-77.75,1.47],[-78.72,0.5],[-79.11,-0.75],[-79.08,-2.25],[-79.62,-3.0],[-79.43,-4.25],[-80.08,-4.75],[-80.09,-5.0],[-79.72,-5.25],[-79.62,-6.25],[-79.24,-6.75],[-79.19,-7.5],[-78.0,-9.96],[-77.94,-10.5],[-77.0,-12.04],[-78.0,-11.88],[-78.5,-12.21],[-80.75,-10.31],[-81.9,-10.0],[-81.79,-10.5],[-80.18,-12.5],[-80.29,-13.25],[-79.96,-14.0],[-80.25,-14.49],[-80.75,-14.79],[-81.63,-13.75],[-84.0,-11.92],[-85.0,-11.65],[-87.5,-10.04],[-90.25,-9.19],[-91.0,-8.25],[-91.75,-7.99],[-92.0,-8.2],[-92.8,-7.5],[-98.25,-7.17],[-101.0,-6.49],[-103.5,-6.74],[-105.25,-6.59],[-105.65,-7.0],[-105.34,-8.0],[-105.5,-8.14],[-107.75,-8.14],[-107.88,-9.0],[-110.0,-9.43],[-110.5,-10.16],[-112.19,-10.5],[-112.75,-11.07],[-115.25,-10.77],[-115.75,-10.97],[-116.25,-11.91],[-118.0,-11.62],[-118.09,-12.25],[-119.25,-14.48],[-119.25,-15.07],[-120.1,-15.75],[-120.22,-21.75],[-120.58,-22.0],[-120.73,-22.5],[-120.53,-24.75],[-121.25,-25.84],[-122.0,-25.99],[-122.5,-26.55],[-123.5,-26.7],[-125.0,-27.52],[-126.75,-27.36],[-128.0,-27.96],[-130.0,-28.32],[-135.0,-27.57],[-136.5,-26.72],[-137.82,-25.5],[-139.08,-23.5],[-139.32,-21.75],[-139.72,-21.0],[-140.75,-20.11],[-142.71,-19.25],[-143.0,-18.79],[-143.75,-18.53],[-146.25,-18.28],[-149.0,-18.73],[-152.25,-19.74],[-152.75,-20.14],[-154.0,-20.51],[-154.5,-20.98],[-157.75,-22.38],[-159.5,-22.78],[-160.5,-22.74],[-161.0,-23.23],[-162.0,-23.52],[-164.72,-21.75],[-166.5,-20.88],[-173.75,-18.05],[-176.25,-16.55],[-178.0,-15.93],[-180.0,-14.81]]}},{"type":"Feature","properties":{"level":1012},"geometry":{"type":"LineString","coordinates":[[-74.1,18.25],[-73.77,18.5],[-74.25,18.57],[-74.1,18.25]]}},{"type":"Feature","properties":{"level":1012},"geometry":{"type":"LineString","coordinates":[[-73.03,18.25],[-72.64,18.25],[-73.03,18.25]]}},{"type":"Feature","properties":{"level":1012},"geometry":{"type":"LineString","coordinates":[[-72.56,19.0],[-72.25,19.0],[-72.56,19.0]]}},{"type":"Feature","properties":{"level":1012},"geometry":{"type":"LineString","coordinates":[[47.96,19.0],[48.37,19.25],[47.92,19.25],[47.96,19.0]]}},{"type":"Feature","properties":{"level":1012},"geometry":{"type":"LineString","coordinates":[[-72.51,19.5],[-72.36,19.5],[-72.5,19.72],[-72.51,19.5]]}},{"type":"Feature","properties":{"level":1012},"geometry":{"type":"LineString","coordinates":[[-77.12,20.0],[-76.29,20.0],[-76.5,20.24],[-77.12,20.0]]}},{"type":"Feature","properties":{"level":1012},"geometry":{"type":"LineString","coordinates":[[-75.54,20.0],[-74.44,20.25],[-74.75,20.53],[-75.25,20.33],[-75.51,20.5],[-75.54,20.0]]}},{"type":"Feature","properties":{"level":1012},"geometry":{"type":"LineString","coordinates":[[58.65,21.25],[58.75,21.1],[59.35,22.75],[58.5,23.33],[57.22,23.5],[56.13,24.5],[56.2,23.75],[56.75,23.38],[56.86,22.75],[57.44,22.5],[57.5,22.25],[58.56,22.0],[58.74,21.75],[58.65,21.25]]}},{"type":"Feature","properties":{"level":1012},"geometry":{"type":"LineString","coordinates":[[77.04,21.5],[77.25,21.26],[77.75,21.38],[79.2,22.25],[79.28,22.5],[78.25,22.49],[77.27,22.0],[77.04,21.5]]}},{"type":"Feature","properties":{"level":1012},"geometry":{"type":"LineString","coordinates":[[73.88,21.75],[74.65,21.75],[74.5,22.05],[73.88,21.75]]}},{"type":"Feature","properties":{"level":1012},"geometry":{"type":"LineString","coordinates":[[-80.21,22.0],[-79.91,22.0],[-80.21,22.0]]}},{"type":"Feature","properties":{"level":1012},"geometry":{"type":"LineString","coordinates":[[80.43,22.0],[81.0,22.01],[81.81,22.75],[81.72,23.0],[80.74,23.25],[80.43,22.0]]}},{"type":"Feature","properties":{"level":1012},"geometry":{"type":"LineString","coordinates":[[94.75,21.8],[94.7,22.5],[94.36,22.75],[94.25,23.41],[94.5,23.53],[94.55,23.25],[95.0,23.1],[95.75,23.73],[95.6,22.75],[95.2,22.25],[95.52,22.0],[94.75,21.8]]}},{"type":"Feature","properties":{"level":1012},"geometry":{"type":"LineString","coordinates":[[64.0,22.5],[64.62,22.5],[64.67,22.75],[63.77,22.75],[64.0,22.5]]}},{"type":"Feature","properties":{"level":1012},"geometry":{"type":"LineString","coordinates":[[74.93,22.5],[75.75,22.43],[76.67,23.0],[76.0,23.73],[75.25,23.42],[74.75,22.86],[74.93,22.5]]}},{"type":"Feature","properties":{"level":1012},"geometry":{"type":"LineString","coordinates":[[77.19,23.25],[77.38,23.25],[77.19,23.25]]}},{"type":"Feature","properties":{"level":1012},"geometry":{"type":"LineString","coordinates":[[74.96,23.5],[75.12,23.5],[75.0,23.83],[74.96,23.5]]}},{"type":"Feature","properties":{"level":1012},"geometry":{"type":"LineString","coordinates":[[40.75,23.72],[40.18,24.25],[40.5,25.03],[40.75,25.05],[40.89,24.75],[40.45,24.25],[40.81,24.0],[40.75,23.72]]}},{"type":"Feature","properties":{"level":1012},"geometry":{"type":"LineString","coordinates":[[72.74,24.25],[73.5,24.04],[74.25,24.61],[74.38,24.75],[74.0,25.12],[74.0,25.61],[72.87,24.75],[72.74,24.25]]}},{"type":"Feature","properties":{"level":1012},"geometry":{"type":"LineString","coordinates":[[39.25,24.41],[39.0,25.17],[40.0,24.5],[39.25,24.41]]}},{"type":"Feature","properties":{"level":1012},"geometry":{"type":"LineString","coordinates":[[42.25,24.95],[41.5,25.3],[41.25,25.91],[40.79,26.25],[41.0,26.43],[41.25,26.1],[42.0,26.54],[42.5,26.16],[43.0,26.81],[44.5,27.1],[45.24,26.25],[44.49,25.75],[45.25,25.17],[43.5,25.32],[43.16,25.0],[42.5,24.81],[42.25,24.95]]}},{"type":"Feature","properties":{"level":1012},"geometry":{"type":"LineString","coordinates":[[106.0,24.86],[105.5,25.61],[105.0,25.67],[104.5,26.36],[104.0,26.46],[104.78,27.0],[104.5,27.6],[103.89,27.75],[103.35,29.5],[102.74,30.0],[104.5,31.81],[105.75,32.47],[107.5,32.55],[108.25,32.07],[108.81,32.0],[109.0,31.71],[109.25,31.62],[109.5,31.91],[109.9,31.75],[109.92,31.5],[110.5,31.37],[110.49,31.75],[111.32,32.5],[110.87,33.5],[112.21,33.75],[112.77,34.5],[112.18,35.0],[112.06,35.5],[112.25,35.93],[112.57,36.0],[112.14,36.75],[113.0,37.57],[113.75,37.32],[114.03,37.5],[114.3,38.0],[114.25,38.87],[116.5,39.36],[118.2,39.0],[119.64,38.25],[121.92,36.25],[122.42,35.25],[122.45,34.5],[121.85,34.25],[122.02,33.0],[121.64,32.75],[121.5,31.5],[121.25,31.53],[121.0,32.02],[120.5,32.0],[120.22,31.5],[120.25,30.84],[119.75,31.01],[119.04,30.5],[118.5,30.55],[117.11,30.0],[116.65,29.5],[116.43,28.5],[115.75,28.0],[114.72,28.25],[115.25,29.06],[114.25,28.73],[113.89,28.5],[113.5,27.46],[112.44,27.25],[112.62,26.75],[112.29,26.5],[112.0,26.75],[111.91,26.5],[111.58,26.5],[112.1,27.0],[111.75,27.32],[111.5,27.09],[111.48,27.5],[111.0,27.87],[110.25,27.33],[109.75,26.5],[108.5,26.67],[107.75,26.26],[107.0,26.41],[106.56,25.75],[106.93,25.25],[106.56,25.25],[106.25,26.0],[106.07,25.25],[106.52,25.0],[106.0,24.86]]}},{"type":"Feature","properties":{"level":1012},"geometry":{"type":"LineString","coordinates":[[-4.03,26.75],[-4.0,27.18],[-4.18,27.0],[-4.03,26.75]]}},{"type":"Feature","properties":{"level":1012},"geometry":{"type":"LineString","coordinates":[[-9.75,27.9],[-10.07,28.25],[-9.75,28.54],[-8.78,28.75],[-7.33,30.0],[-6.03,29.75],[-7.75,29.13],[-8.0,28.6],[-9.75,27.9]]}},{"type":"Feature","properties":{"level":1012},"geometry":{"type":"LineString","coordinates":[[63.0,28.19],[63.3,28.25],[63.0,28.19]]}},{"type":"Feature","properties":{"level":1012},"geometry":{"type":"LineString","coordinates":[[59.0,28.33],[57.13,31.25],[56.89,31.75],[57.0,32.1],[58.1,32.25],[59.44,30.5],[59.9,28.5],[59.0,28.33]]}},{"type":"Feature","properties":{"level":1012},"geometry":{"type":"LineString","coordinates":[[-118.33,29.0],[-118.13,29.0],[-118.33,29.0]]}},{"type":"Feature","properties":{"level":1012},"geometry":{"type":"LineString","coordinates":[[7.75,28.79],[7.16,29.5],[7.05,30.0],[8.5,30.86],[9.75,31.06],[11.0,30.25],[10.25,29.59],[9.71,30.0],[9.21,30.0],[8.75,29.07],[8.25,29.21],[7.75,28.79]]}},{"type":"Feature","properties":{"level":1012},"geometry":{"type":"LineString","coordinates":[[-117.25,31.38],[-117.47,31.75],[-117.0,32.01],[-116.8,31.75],[-117.25,31.38]]}},{"type":"Feature","properties":{"level":1012},"geometry":{"type":"LineString","coordinates":[[55.75,33.25],[55.25,33.35],[55.34,33.75],[55.0,34.23],[54.25,34.29],[53.75,34.63],[53.47,34.25],[53.0,34.23],[53.0,34.4],[53.44,34.75],[54.5,34.99],[55.0,34.62],[56.25,34.42],[56.39,34.25],[55.75,33.25]]}},{"type":"Feature","properties":{"level":1012},"geometry":{"type":"LineString","coordinates":[[-7.5,33.75],[-8.54,34.0],[-8.28,35.25],[-6.25,36.09],[-5.75,35.84],[-5.5,34.83],[-4.64,34.5],[-4.57,34.25],[-4.75,34.01],[-7.5,33.75]]}},{"type":"Feature","properties":{"level":1012},"geometry":{"type":"LineString","coordinates":[[110.0,36.19],[109.0,36.52],[108.52,37.5],[107.48,38.25],[107.59,38.5],[107.31,39.0],[108.46,40.75],[109.0,41.08],[109.5,40.88],[111.75,41.32],[113.5,40.52],[113.77,39.75],[113.5,39.35],[113.0,39.4],[112.5,39.11],[111.98,38.5],[111.87,37.75],[110.0,36.19]]}},{"type":"Feature","properties":{"level":1012},"geometry":{"type":"LineString","coordinates":[[180.0,45.94],[173.25,47.25],[163.5,48.0],[156.0,49.05],[153.0,49.19],[148.5,48.68],[142.75,49.05],[142.25,49.7],[140.5,50.28],[139.79,51.0],[139.83,51.25],[140.56,51.5],[140.11,52.0],[137.96,53.5],[136.45,54.0],[136.71,54.5],[135.96,55.75],[136.73,56.5],[136.7,57.25],[135.73,58.25],[134.49,60.25],[130.25,62.13],[127.75,62.9],[125.75,63.38],[115.25,63.75],[105.75,64.96],[102.78,65.75],[101.75,66.44],[100.11,66.5],[98.23,67.75],[98.75,68.02],[99.25,67.83],[99.5,68.0],[99.5,68.34],[97.0,69.21],[95.5,69.09],[94.75,69.46],[93.75,69.48],[92.54,69.25],[92.55,69.0],[92.25,68.95],[90.25,69.73],[76.5,71.32],[69.85,71.75],[69.0,72.07],[59.5,73.48],[58.5,74.1],[58.0,74.01],[57.0,74.38],[57.0,75.32],[54.0,76.34],[49.75,76.89],[46.0,77.08],[43.25,76.95],[36.0,75.92],[34.0,75.21],[31.5,74.85],[13.25,75.14],[7.25,74.64],[2.0,73.63],[0.0,72.73],[-0.75,71.9],[-2.5,70.7],[-9.5,68.12],[-13.75,65.88],[-17.0,65.26],[-16.63,64.75],[-16.75,64.55],[-18.5,64.8],[-19.92,64.5],[-20.12,64.0],[-21.83,62.5],[-24.75,60.83],[-27.14,59.0],[-30.0,57.5],[-31.75,57.0],[-40.75,56.52],[-43.25,55.74],[-46.25,53.72],[-50.86,49.75],[-53.0,48.5],[-55.8,47.5],[-60.25,44.51],[-63.25,41.78],[-67.0,37.4],[-70.25,34.6],[-72.0,33.58],[-75.0,32.93],[-76.0,32.38],[-77.0,32.17],[-77.17,32.25],[-77.1,32.75],[-73.42,36.0],[-72.61,37.5],[-72.68,38.75],[-73.25,39.36],[-73.5,39.15],[-73.86,39.5],[-73.6,40.0],[-74.55,40.75],[-74.21,42.0],[-73.5,42.19],[-73.25,42.82],[-70.84,44.75],[-70.26,45.5],[-70.67,46.25],[-69.5,46.43],[-69.04,46.75],[-69.2,47.0],[-69.0,47.14],[-68.0,47.37],[-68.25,48.9],[-66.86,50.5],[-64.45,51.5],[-64.57,52.0],[-66.0,53.12],[-66.87,53.25],[-67.58,54.25],[-68.26,54.75],[-72.25,55.56],[-73.0,55.52],[-76.25,56.59],[-79.5,57.95],[-84.52,60.5],[-85.25,61.1],[-86.5,61.36],[-87.75,61.41],[-89.0,60.9],[-89.85,60.0],[-94.46,57.25],[-98.74,55.75],[-101.39,54.25],[-103.1,53.0],[-103.72,52.25],[-104.13,50.75],[-104.69,50.25],[-104.59,49.75],[-106.5,49.13],[-107.0,48.42],[-107.75,48.13],[-109.44,48.5],[-110.5,49.23],[-111.24,49.25],[-111.75,49.72],[-113.5,49.95],[-116.0,52.37],[-119.75,54.28],[-122.5,54.98],[-123.0,53.88],[-124.75,52.99],[-124.75,53.41],[-125.25,53.63],[-126.0,53.41],[-128.0,54.18],[-129.25,53.98],[-129.83,54.25],[-131.5,52.65],[-132.0,52.62],[-140.5,45.87],[-144.25,43.81],[-147.25,42.65],[-149.75,42.04],[-154.12,42.0],[-158.63,44.5],[-160.88,46.25],[-161.5,47.17],[-162.75,48.07],[-164.5,48.33],[-165.5,48.98],[-168.5,49.62],[-170.5,49.58],[-172.52,48.25],[-173.25,47.39],[-175.75,45.57],[-176.5,45.44],[-178.5,45.89],[-180.0,45.94]]}},{"type":"Feature","properties":{"level":1012},"geometry":{"type":"LineString","coordinates":[[-111.78,50.0],[-111.25,49.93],[-111.08,50.25],[-111.85,50.75],[-112.35,50.75],[-112.5,51.03],[-113.15,51.0],[-112.8,50.75],[-112.85,50.5],[-111.78,50.0]]}},{"type":"Feature","properties":{"level":1012},"geometry":{"type":"LineString","coordinates":[[-172.88,58.75],[-171.75,58.78],[-171.11,59.5],[-170.54,60.5],[-170.83,61.25],[-172.5,61.61],[-173.5,61.3],[-174.15,60.75],[-174.23,60.25],[-174.0,59.75],[-172.88,58.75]]}},{"type":"Feature","properties":{"level":1012},"geometry":{"type":"LineString","coordinates":[[137.84,61.0],[138.0,60.8],[138.5,61.05],[139.25,60.77],[139.99,61.5],[139.82,61.75],[140.09,62.25],[139.19,62.75],[139.67,63.25],[138.94,63.5],[139.0,63.86],[139.52,64.0],[138.66,64.5],[139.25,64.63],[141.25,64.2],[141.61,64.25],[141.47,64.75],[140.48,65.0],[140.0,65.59],[138.5,65.63],[138.32,65.75],[138.5,66.03],[137.87,65.75],[138.47,65.25],[136.82,65.0],[136.5,64.75],[135.75,64.86],[135.03,64.5],[135.0,64.15],[134.0,64.38],[133.74,64.0],[134.0,63.79],[134.5,64.04],[134.63,63.75],[136.25,63.61],[137.27,63.25],[137.18,63.0],[137.55,62.75],[137.27,62.5],[137.36,62.25],[138.06,61.75],[137.74,61.25],[137.84,61.0]]}},{"type":"Feature","properties":{"level":1012},"geometry":{"type":"LineString","coordinates":[[142.86,62.75],[143.5,62.51],[144.5,62.58],[144.78,63.0],[143.5,63.56],[142.54,63.5],[143.0,63.02],[142.86,62.75]]}},{"type":"Feature","properties":{"level":1012},"geometry":{"type":"LineString","coordinates":[[132.02,63.75],[132.67,64.0],[132.0,64.28],[131.5,64.13],[131.0,64.3],[130.75,64.79],[129.43,64.5],[130.0,63.99],[131.75,63.85],[132.0,64.09],[132.02,63.75]]}},{"type":"Feature","properties":{"level":1012},"geometry":{"type":"LineString","coordinates":[[-45.52,76.0],[-44.75,75.77],[-41.5,76.04],[-38.75,75.89],[-25.75,76.84],[-25.06,77.0],[-25.26,77.75],[-23.45,78.5],[-24.75,78.73],[-27.0,78.41],[-28.08,78.5],[-27.89,79.0],[-28.0,79.75],[-28.26,80.0],[-30.75,80.87],[-33.0,81.05],[-34.25,80.87],[-40.5,81.34],[-54.21,80.5],[-60.75,79.04],[-64.9,78.5],[-64.72,78.25],[-60.0,77.6],[-53.0,77.13],[-47.25,76.45],[-45.52,76.0]]}},{"type":"Feature","properties":{"level":1016},"geometry":{"type":"LineString","coordinates":[[85.2,-88.25],[109.25,-88.31],[112.75,-87.82],[113.26,-87.5],[113.17,-87.25],[113.84,-86.5],[113.4,-85.25],[109.0,-84.68],[99.25,-84.45],[97.0,-84.05],[86.25,-84.6],[84.2,-84.5],[94.75,-83.38],[96.04,-83.0],[96.6,-82.5],[96.56,-82.25],[94.5,-81.54],[85.75,-81.84],[75.0,-81.84],[62.75,-80.69],[61.0,-79.88],[59.66,-78.75],[59.07,-78.0],[59.57,-77.0],[59.44,-76.75],[55.16,-75.0],[54.89,-74.75],[55.09,-74.5],[54.4,-74.25],[55.31,-73.5],[55.21,-73.25],[55.69,-73.0],[55.84,-71.75],[55.25,-71.54],[47.75,-72.73],[40.25,-73.38],[37.25,-74.05],[31.0,-74.77],[26.75,-74.31],[24.5,-74.31],[21.5,-73.76],[17.75,-73.75],[15.25,-73.39],[8.25,-73.2],[7.0,-73.45],[5.72,-74.5],[7.75,-74.66],[10.25,-74.42],[11.52,-75.0],[13.76,-75.5],[14.36,-77.0],[14.78,-77.25],[17.89,-77.75],[28.25,-80.51],[38.56,-82.0],[38.85,-82.25],[38.54,-82.5],[39.74,-83.25],[45.75,-84.75],[59.75,-85.87],[79.0,-85.96],[89.23,-86.25],[87.6,-86.5],[64.82,-87.25],[65.03,-87.5],[68.5,-87.84],[85.2,-88.25]]}},{"type":"Feature","properties":{"level":1016},"geometry":{"type":"LineString","coordinates":[[108.27,-80.5],[112.0,-80.7],[113.75,-80.49],[121.0,-78.33],[125.25,-77.4],[126.42,-77.0],[128.0,-76.06],[128.81,-74.75],[131.12,-73.75],[129.25,-73.55],[127.75,-73.02],[126.0,-72.9],[116.75,-72.99],[105.5,-72.39],[93.25,-72.67],[89.59,-73.75],[90.03,-74.5],[90.78,-75.0],[94.25,-76.42],[98.25,-77.17],[100.0,-77.8],[101.78,-78.0],[104.27,-79.5],[104.41,-80.0],[108.27,-80.5]]}},{"type":"Feature","properties":{"level":1016},"geometry":{"type":"LineString","coordinates":[[-85.87,-59.0],[-83.25,-58.75],[-81.04,-58.0],[-79.0,-56.87],[-77.4,-55.25],[-76.57,-53.75],[-75.5,-53.34],[-73.19,-53.25],[-72.82,-51.5],[-73.01,-51.25],[-73.16,-48.5],[-73.75,-48.55],[-74.09,-49.0],[-74.0,-49.29],[-74.5,-49.34],[-75.6,-48.5],[-76.53,-47.0],[-77.75,-46.12],[-78.21,-45.25],[-80.25,-44.59],[-83.25,-44.83],[-84.75,-45.29],[-87.0,-45.51],[-90.0,-46.86],[-93.0,-46.97],[-95.45,-45.5],[-98.25,-42.28],[-100.25,-40.47],[-102.25,-39.5],[-104.25,-39.14],[-105.12,-37.5],[-104.53,-36.0],[-102.75,-34.47],[-101.25,-34.16],[-98.25,-34.25],[-96.75,-33.39],[-95.5,-33.2],[-95.25,-32.97],[-93.5,-32.97],[-92.0,-32.68],[-90.5,-33.1],[-87.0,-33.23],[-84.75,-32.7],[-84.25,-33.18],[-83.5,-32.96],[-83.52,-33.25],[-83.25,-33.37],[-82.5,-33.24],[-82.25,-33.64],[-81.0,-33.47],[-78.25,-35.44],[-77.5,-35.74],[-76.84,-36.5],[-76.0,-36.54],[-75.07,-36.0],[-74.25,-34.93],[-74.33,-33.0],[-73.98,-32.0],[-74.33,-30.0],[-74.75,-29.14],[-75.02,-29.25],[-75.23,-28.75],[-74.72,-28.0],[-75.36,-27.75],[-75.75,-26.41],[-76.0,-26.26],[-76.25,-26.4],[-77.5,-24.77],[-78.19,-25.0],[-78.12,-24.5],[-78.83,-23.0],[-79.5,-22.94],[-80.5,-22.19],[-80.73,-22.25],[-80.75,-22.55],[-81.15,-21.75],[-81.75,-21.38],[-82.25,-21.42],[-82.5,-20.85],[-83.0,-21.03],[-83.25,-20.55],[-83.75,-21.86],[-84.0,-21.0],[-84.28,-21.0],[-84.5,-21.36],[-84.75,-21.04],[-85.0,-21.21],[-87.5,-19.78],[-88.0,-19.87],[-89.25,-19.16],[-89.75,-19.41],[-90.32,-18.75],[-91.25,-18.82],[-92.75,-18.13],[-93.25,-18.61],[-95.0,-18.83],[-95.75,-18.05],[-97.0,-17.48],[-97.21,-17.75],[-96.73,-18.25],[-97.25,-18.49],[-98.5,-18.33],[-100.25,-17.71],[-100.5,-17.92],[-101.25,-17.7],[-101.75,-17.96],[-103.5,-17.88],[-104.5,-18.19],[-105.0,-17.92],[-107.0,-17.68],[-107.81,-18.0],[-109.29,-19.25],[-110.62,-19.5],[-110.96,-20.0],[-111.5,-20.06],[-113.63,-21.25],[-114.25,-22.05],[-115.5,-22.7],[-117.97,-25.5],[-120.14,-27.25],[-122.25,-28.44],[-123.5,-28.53],[-124.75,-29.33],[-126.25,-29.44],[-127.5,-29.95],[-132.25,-30.14],[-135.0,-29.7],[-137.0,-29.02],[-139.25,-27.67],[-140.25,-26.61],[-142.0,-25.73],[-146.5,-24.45],[-147.0,-24.77],[-147.75,-24.54],[-149.0,-24.81],[-150.25,-24.68],[-151.0,-25.36],[-152.5,-25.31],[-153.92,-25.75],[-154.25,-26.12],[-155.0,-26.07],[-156.32,-28.25],[-156.25,-31.5],[-155.88,-33.0],[-153.0,-35.83],[-149.75,-37.33],[-141.75,-40.26],[-128.17,-46.5],[-112.56,-52.5],[-95.93,-57.5],[-90.25,-58.61],[-85.87,-59.0]]}},{"type":"Feature","properties":{"level":1016},"geometry":{"type":"LineString","coordinates":[[-50.22,-53.75],[-47.5,-53.79],[-40.75,-52.96],[-39.0,-52.47],[-31.69,-49.25],[-28.0,-48.34],[-12.75,-47.12],[-7.25,-46.29],[3.25,-44.0],[15.0,-43.11],[18.5,-42.39],[20.0,-42.35],[21.25,-41.88],[25.0,-41.49],[25.0,-41.92],[24.25,-41.83],[24.06,-42.0],[26.0,-41.97],[25.6,-42.5],[25.75,-42.76],[27.75,-42.49],[29.75,-42.75],[31.0,-42.46],[31.25,-41.96],[32.0,-42.1],[32.5,-42.64],[33.75,-42.99],[36.5,-44.56],[37.61,-44.75],[41.0,-46.31],[45.25,-47.0],[49.0,-46.96],[50.75,-46.36],[51.76,-45.75],[53.5,-45.45],[56.0,-44.38],[59.54,-42.5],[61.0,-41.43],[62.25,-41.06],[69.25,-40.43],[79.72,-39.0],[89.75,-37.05],[94.5,-37.12],[100.75,-38.01],[102.5,-37.95],[103.29,-37.5],[104.25,-36.4],[106.4,-32.75],[107.66,-31.5],[109.75,-30.33],[110.25,-29.67],[113.25,-28.68],[114.0,-27.96],[114.47,-28.0],[114.59,-27.5],[114.25,-26.66],[115.5,-27.52],[116.25,-27.5],[117.5,-28.22],[118.07,-28.0],[118.6,-26.75],[118.0,-24.5],[116.75,-23.41],[115.69,-23.0],[114.97,-22.0],[114.25,-20.17],[113.08,-18.75],[110.97,-17.0],[111.06,-16.5],[110.75,-15.94],[106.75,-14.42],[103.91,-13.0],[101.5,-12.45],[101.14,-12.5],[100.75,-13.09],[100.0,-13.0],[99.75,-13.53],[98.25,-13.3],[97.75,-13.01],[97.25,-13.44],[96.0,-13.49],[95.75,-13.92],[95.0,-14.0],[93.5,-13.75],[93.0,-14.02],[90.5,-13.46],[89.75,-13.61],[84.75,-12.95],[81.25,-13.0],[80.0,-13.23],[75.75,-13.0],[73.5,-13.37],[70.25,-13.39],[66.5,-13.83],[63.75,-13.85],[63.25,-13.59],[62.75,-13.76],[59.25,-13.68],[54.75,-13.94],[53.75,-13.91],[52.5,-13.38],[51.75,-13.59],[49.75,-13.11],[48.47,-14.0],[48.28,-15.5],[47.0,-17.06],[46.5,-17.1],[45.75,-16.77],[45.35,-17.0],[45.41,-19.0],[46.0,-20.0],[45.89,-21.0],[45.5,-22.01],[43.97,-22.5],[44.0,-22.78],[44.25,-22.8],[44.5,-22.53],[45.13,-23.5],[45.03,-24.0],[45.57,-24.25],[45.6,-24.75],[46.0,-25.25],[45.68,-26.25],[44.75,-27.0],[42.6,-27.5],[41.38,-28.25],[41.15,-28.75],[40.5,-28.45],[40.0,-28.65],[40.28,-30.0],[39.5,-29.87],[39.19,-30.25],[40.15,-33.25],[39.75,-33.61],[39.75,-34.06],[39.0,-34.05],[38.43,-34.5],[38.66,-35.75],[38.5,-36.0],[37.75,-36.34],[37.25,-37.02],[36.0,-37.33],[35.98,-37.75],[35.75,-37.89],[35.25,-37.39],[34.75,-37.7],[34.0,-37.21],[33.84,-37.5],[34.11,-37.75],[33.5,-37.9],[33.0,-38.7],[30.21,-38.75],[30.05,-39.25],[31.62,-39.75],[31.44,-40.0],[31.77,-40.25],[31.5,-40.36],[29.5,-39.34],[29.0,-39.84],[28.75,-39.77],[28.0,-39.07],[27.4,-39.0],[27.5,-38.74],[27.0,-39.12],[26.79,-39.0],[27.1,-38.5],[26.94,-38.0],[26.0,-37.88],[24.25,-36.85],[24.1,-36.5],[21.93,-34.75],[22.1,-34.0],[19.5,-33.41],[18.75,-34.05],[18.0,-32.25],[18.01,-31.75],[18.52,-31.0],[17.54,-29.75],[17.12,-28.5],[17.19,-28.0],[16.0,-27.08],[15.25,-27.17],[14.28,-26.25],[13.5,-24.75],[11.0,-21.89],[8.95,-21.0],[8.27,-20.25],[6.75,-19.27],[4.82,-18.5],[2.71,-17.25],[1.75,-16.24],[-0.75,-14.97],[-2.5,-13.66],[-5.0,-12.66],[-6.25,-12.51],[-7.0,-12.04],[-8.5,-11.79],[-9.0,-11.94],[-10.5,-11.53],[-11.25,-10.91],[-12.25,-10.59],[-12.75,-10.83],[-13.0,-10.55],[-13.5,-10.74],[-14.25,-10.08],[-16.25,-10.68],[-17.0,-10.42],[-17.5,-10.69],[-17.75,-10.55],[-23.5,-12.45],[-25.75,-12.57],[-26.75,-13.5],[-26.86,-14.25],[-27.53,-15.25],[-27.5,-16.64],[-27.79,-17.0],[-27.63,-17.5],[-28.25,-17.78],[-29.0,-17.49],[-29.43,-19.0],[-28.75,-20.9],[-27.55,-22.25],[-26.5,-22.69],[-25.0,-24.43],[-21.0,-27.71],[-20.0,-28.11],[-16.15,-30.5],[-16.92,-32.0],[-20.0,-35.28],[-20.5,-35.14],[-21.75,-35.64],[-22.0,-36.03],[-23.25,-36.13],[-23.75,-36.86],[-24.75,-36.79],[-27.25,-38.21],[-31.0,-39.36],[-32.5,-40.29],[-34.25,-40.71],[-35.0,-40.3],[-37.0,-39.82],[-37.24,-39.25],[-37.15,-38.5],[-36.6,-37.5],[-37.36,-35.25],[-39.01,-33.5],[-40.0,-31.87],[-40.75,-31.36],[-42.07,-29.5],[-43.0,-28.62],[-43.5,-28.56],[-44.75,-27.2],[-46.25,-26.24],[-46.63,-25.0],[-46.31,-24.25],[-44.76,-23.25],[-45.25,-23.14],[-45.75,-23.38],[-46.03,-23.25],[-45.75,-22.83],[-46.0,-22.85],[-47.5,-23.81],[-48.25,-23.83],[-51.0,-25.07],[-51.75,-25.1],[-52.25,-25.61],[-53.0,-25.79],[-54.5,-25.8],[-55.75,-24.89],[-57.75,-25.07],[-60.0,-24.3],[-62.25,-24.12],[-63.27,-23.0],[-63.04,-22.5],[-63.27,-21.5],[-62.95,-21.25],[-63.25,-19.52],[-63.71,-19.0],[-63.63,-18.0],[-65.73,-17.0],[-66.5,-16.35],[-67.25,-16.22],[-67.25,-16.5],[-67.5,-16.56],[-69.0,-14.54],[-70.0,-13.62],[-71.75,-12.83],[-72.25,-12.93],[-72.25,-13.16],[-71.5,-13.41],[-71.06,-14.0],[-70.24,-14.25],[-69.45,-15.0],[-69.08,-15.75],[-68.5,-15.95],[-67.37,-17.25],[-66.9,-17.25],[-67.0,-16.84],[-66.65,-17.25],[-66.25,-17.18],[-65.5,-17.72],[-64.47,-18.0],[-64.4,-18.5],[-64.75,-18.84],[-64.95,-20.0],[-65.5,-21.14],[-65.24,-21.25],[-65.31,-22.75],[-65.05,-23.25],[-65.58,-23.75],[-65.68,-24.25],[-66.55,-25.5],[-66.33,-26.25],[-66.52,-26.5],[-67.25,-26.97],[-67.75,-26.76],[-68.09,-26.0],[-67.73,-25.5],[-68.11,-24.75],[-67.75,-24.28],[-67.25,-24.3],[-66.78,-23.75],[-66.4,-22.75],[-66.75,-21.8],[-67.5,-21.69],[-68.1,-21.0],[-67.89,-20.25],[-68.44,-19.75],[-68.86,-18.0],[-69.45,-17.5],[-69.5,-16.93],[-70.75,-15.83],[-70.75,-15.31],[-71.0,-15.19],[-71.5,-15.49],[-72.5,-14.68],[-73.25,-14.64],[-74.09,-14.25],[-74.73,-13.5],[-74.87,-12.75],[-75.73,-12.0],[-75.5,-11.67],[-75.0,-12.08],[-74.79,-11.5],[-75.0,-11.25],[-75.46,-11.25],[-75.99,-10.0],[-76.25,-10.37],[-76.47,-10.25],[-76.25,-9.5],[-76.71,-9.25],[-76.7,-8.75],[-77.25,-7.75],[-76.9,-9.0],[-77.25,-9.1],[-77.5,-8.96],[-77.75,-8.16],[-78.25,-7.82],[-78.47,-8.0],[-77.97,-8.75],[-78.06,-9.25],[-77.85,-9.75],[-75.31,-14.0],[-73.84,-15.5],[-73.0,-15.56],[-72.75,-15.89],[-72.5,-15.8],[-71.75,-16.2],[-70.19,-17.5],[-69.25,-19.67],[-69.0,-22.05],[-68.46,-22.25],[-69.03,-23.25],[-68.75,-23.42],[-68.25,-22.78],[-67.97,-23.25],[-68.21,-24.0],[-68.75,-23.77],[-69.47,-25.0],[-69.74,-28.0],[-70.21,-28.5],[-70.19,-29.0],[-70.59,-29.25],[-70.43,-30.0],[-70.69,-30.5],[-70.59,-31.0],[-70.84,-31.25],[-70.3,-33.75],[-70.54,-34.0],[-70.43,-34.25],[-70.84,-35.5],[-70.5,-35.71],[-70.25,-35.4],[-70.28,-36.0],[-70.0,-36.52],[-69.75,-36.27],[-69.25,-36.61],[-68.75,-36.43],[-68.6,-36.75],[-68.8,-37.0],[-68.49,-37.25],[-68.95,-37.75],[-68.66,-38.0],[-68.75,-38.18],[-69.69,-39.0],[-69.56,-39.25],[-69.75,-39.5],[-70.75,-40.22],[-71.09,-40.0],[-71.25,-39.43],[-71.54,-39.5],[-71.78,-40.0],[-71.48,-41.0],[-71.64,-41.25],[-71.25,-41.58],[-70.0,-41.6],[-69.25,-42.11],[-68.53,-42.25],[-68.0,-42.72],[-66.75,-42.73],[-66.0,-43.32],[-64.96,-45.0],[-64.85,-47.75],[-64.18,-49.0],[-63.79,-50.5],[-61.84,-52.25],[-60.75,-52.7],[-58.25,-53.19],[-50.22,-53.75]]}},{"type":"Feature","properties":{"level":1016},"geometry":{"type":"LineString","coordinates":[[-180.0,-48.07],[-174.5,-47.1],[-166.5,-44.71],[-164.0,-42.85],[-162.32,-41.0],[-161.5,-39.38],[-160.0,-38.47],[-159.0,-38.33],[-158.73,-37.75],[-159.0,-37.6],[-159.25,-38.05],[-159.79,-37.5],[-159.41,-37.25],[-159.7,-36.75],[-162.5,-35.9],[-162.66,-35.25],[-163.78,-34.75],[-166.25,-32.01],[-166.63,-31.25],[-166.36,-30.5],[-166.46,-30.0],[-166.15,-29.5],[-167.06,-28.5],[-167.75,-26.75],[-168.4,-26.5],[-168.11,-26.0],[-168.5,-25.37],[-169.23,-25.25],[-169.5,-24.63],[-169.75,-24.64],[-170.0,-25.04],[-170.75,-24.8],[-171.63,-23.75],[-172.93,-23.0],[-174.85,-22.0],[-180.0,-19.96]]}},{"type":"Feature","properties":{"level":1016},"geometry":{"type":"LineString","coordinates":[[35.43,-37.25],[35.58,-37.25],[35.43,-37.25]]}},{"type":"Feature","properties":{"level":1016},"geometry":{"type":"LineString","coordinates":[[-69.5,-31.95],[-69.65,-31.75],[-69.5,-30.85],[-69.3,-31.75],[-69.5,-31.95]]}},{"type":"Feature","properties":{"level":1016},"geometry":{"type":"LineString","coordinates":[[28.47,-29.75],[29.04,-29.0],[28.75,-28.68],[28.3,-29.25],[28.47,-29.75]]}},{"type":"Feature","properties":{"level":1016},"geometry":{"type":"LineString","coordinates":[[-74.6,-29.0],[-74.5,-28.86],[-74.6,-29.0]]}},{"type":"Feature","properties":{"level":1016},"geometry":{"type":"LineString","coordinates":[[-91.75,-19.8],[-92.19,-19.5],[-92.0,-19.15],[-91.4,-19.75],[-91.75,-19.8]]}},{"type":"Feature","properties":{"level":1016},"geometry":{"type":"LineString","coordinates":[[180.0,-19.96],[178.0,-19.21],[174.5,-18.82],[172.5,-17.92],[171.25,-17.82],[168.75,-16.89],[166.25,-16.98],[160.75,-16.19],[159.5,-16.29],[158.25,-15.91],[157.25,-15.91],[156.95,-16.25],[155.5,-16.33],[152.25,-15.82],[151.0,-16.14],[149.25,-15.78],[148.75,-15.42],[148.25,-15.51],[147.75,-15.22],[145.0,-14.71],[145.0,-15.31],[144.51,-16.0],[144.9,-16.5],[143.25,-18.23],[142.0,-18.96],[141.0,-19.89],[139.25,-19.35],[139.3,-19.75],[138.87,-20.5],[139.34,-21.75],[139.25,-22.8],[138.25,-23.11],[137.25,-23.79],[135.75,-22.73],[134.25,-22.31],[133.5,-22.59],[133.0,-22.47],[133.22,-22.75],[133.1,-23.25],[132.36,-23.5],[131.75,-24.78],[129.69,-25.25],[129.33,-26.0],[129.68,-26.5],[128.81,-28.75],[128.91,-29.25],[128.49,-30.5],[128.41,-31.25],[128.73,-31.75],[128.38,-32.25],[128.17,-33.25],[127.88,-36.5],[126.78,-42.5],[126.84,-44.5],[126.67,-45.0],[126.91,-46.25],[126.75,-47.65],[127.5,-48.11],[127.9,-48.75],[129.84,-50.0],[130.08,-51.0],[131.19,-52.25],[132.25,-52.77],[134.0,-53.14],[141.25,-52.82],[147.5,-52.22],[160.0,-50.39],[170.75,-49.52],[180.0,-48.07]]}},{"type":"Feature","properties":{"level":1016},"geometry":{"type":"LineString","coordinates":[[-93.5,-19.29],[-93.5,-19.09],[-93.29,-19.25],[-93.5,-19.29]]}},{"type":"Feature","properties":{"level":1016},"geometry":{"type":"LineString","coordinates":[[-92.75,-19.08],[-92.75,-18.9],[-92.75,-19.08]]}},{"type":"Feature","properties":{"level":1016},"geometry":{"type":"LineString","coordinates":[[-96.25,-18.62],[-96.25,-18.39],[-95.95,-18.5],[-96.25,-18.62]]}},{"type":"Feature","properties":{"level":1016},"geometry":{"type":"LineString","coordinates":[[143.7,-16.5],[144.25,-16.68],[144.32,-16.5],[144.0,-16.14],[143.5,-16.07],[143.37,-16.25],[143.7,-16.5]]}},{"type":"Feature","properties":{"level":1016},"geometry":{"type":"LineString","coordinates":[[-28.28,-16.25],[-28.03,-16.0],[-28.25,-15.89],[-28.28,-16.25]]}},{"type":"Feature","properties":{"level":1016},"geometry":{"type":"LineString","coordinates":[[34.6,-9.75],[35.23,-9.5],[35.0,-8.99],[34.25,-9.01],[34.06,-9.25],[34.6,-9.75]]}},{"type":"Feature","properties":{"level":1016},"geometry":{"type":"LineString","coordinates":[[143.91,-6.0],[144.04,-5.5],[143.17,-5.0],[143.91,-6.0]]}},{"type":"Feature","properties":{"level":1016},"geometry":{"type":"LineString","coordinates":[[139.83,-4.75],[140.25,-4.87],[140.49,-4.5],[139.5,-4.28],[139.35,-4.5],[139.83,-4.75]]}},{"type":"Feature","properties":{"level":1016},"geometry":{"type":"LineString","coordinates":[[136.92,-4.25],[138.75,-4.47],[139.03,-4.25],[138.75,-4.08],[137.75,-4.18],[137.25,-3.66],[136.49,-4.0],[136.92,-4.25]]}},{"type":"Feature","properties":{"level":1016},"geometry":{"type":"LineString","coordinates":[[119.47,-3.0],[120.0,-2.93],[120.25,-2.35],[120.72,-2.25],[120.23,-2.0],[120.35,-1.5],[120.15,-1.5],[119.71,-2.5],[119.29,-2.75],[119.47,-3.0]]}},{"type":"Feature","properties":{"level":1016},"geometry":{"type":"LineString","coordinates":[[-78.83,-2.5],[-78.5,-2.48],[-78.31,-2.0],[-78.36,-1.25],[-78.75,-1.11],[-78.96,-1.5],[-78.65,-1.75],[-78.83,-2.5]]}},{"type":"Feature","properties":{"level":1016},"geometry":{"type":"LineString","coordinates":[[36.74,-1.5],[37.11,-0.5],[37.5,-0.45],[37.66,0.0],[37.25,0.22],[37.0,-0.12],[36.5,0.05],[36.0,-0.36],[35.5,0.47],[35.27,0.25],[35.39,-0.75],[36.0,-1.11],[36.5,-0.93],[36.74,-1.5]]}},{"type":"Feature","properties":{"level":1016},"geometry":{"type":"LineString","coordinates":[[-78.36,-1.0],[-78.25,-1.24],[-77.9,-0.5],[-77.96,0.25],[-78.57,-0.5],[-78.36,-1.0]]}},{"type":"Feature","properties":{"level":1016},"geometry":{"type":"LineString","coordinates":[[-76.61,2.0],[-76.5,1.82],[-75.95,2.75],[-75.75,4.09],[-76.61,2.0]]}},{"type":"Feature","properties":{"level":1016},"geometry":{"type":"LineString","coordinates":[[-73.3,5.5],[-72.75,5.43],[-71.97,6.5],[-72.75,7.39],[-72.81,7.0],[-72.53,6.5],[-72.87,5.75],[-73.3,5.5]]}},{"type":"Feature","properties":{"level":1016},"geometry":{"type":"LineString","coordinates":[[37.96,5.5],[38.25,5.37],[38.5,5.63],[39.25,5.61],[39.26,6.0],[39.7,6.5],[40.5,6.82],[40.7,7.25],[40.1,7.5],[40.25,8.51],[39.5,8.36],[39.06,8.0],[38.37,7.0],[37.96,5.5]]}},{"type":"Feature","properties":{"level":1016},"geometry":{"type":"LineString","coordinates":[[37.73,7.0],[38.23,7.25],[38.5,8.11],[39.25,8.58],[39.86,9.75],[39.84,11.25],[39.52,12.25],[39.81,14.0],[39.5,14.79],[39.27,14.25],[39.51,13.75],[39.27,12.75],[38.84,12.5],[38.82,12.0],[38.5,11.87],[37.75,12.33],[37.86,12.0],[37.0,11.61],[36.63,11.0],[36.65,10.75],[37.25,10.53],[37.35,10.25],[38.0,10.11],[38.42,10.5],[38.5,11.42],[38.88,10.0],[38.25,9.94],[37.75,9.55],[37.0,10.14],[36.48,10.0],[36.97,9.75],[36.94,9.25],[37.5,8.52],[37.84,8.5],[37.5,8.16],[37.25,8.47],[36.75,7.7],[36.4,8.0],[36.59,8.25],[36.25,8.57],[36.14,8.25],[35.35,7.75],[35.5,7.42],[36.25,7.41],[36.5,7.09],[37.25,7.32],[37.5,7.65],[37.73,7.0]]}},{"type":"Feature","properties":{"level":1016},"geometry":{"type":"LineString","coordinates":[[44.16,14.0],[44.75,14.0],[45.0,14.48],[45.34,14.5],[45.0,14.51],[44.61,15.75],[44.0,16.22],[43.67,15.5],[44.11,15.0],[44.16,14.0]]}},{"type":"Feature","properties":{"level":1016},"geometry":{"type":"LineString","coordinates":[[-91.8,15.0],[-91.25,14.88],[-91.02,15.0],[-91.54,15.25],[-90.78,15.5],[-91.5,16.12],[-91.75,15.59],[-92.32,15.5],[-91.8,15.0]]}},{"type":"Feature","properties":{"level":1016},"geometry":{"type":"LineString","coordinates":[[-91.96,16.25],[-91.75,16.22],[-91.68,16.5],[-92.35,17.25],[-93.0,17.43],[-93.38,17.25],[-91.96,16.25]]}},{"type":"Feature","properties":{"level":1016},"geometry":{"type":"LineString","coordinates":[[43.48,16.75],[44.5,16.54],[44.69,16.75],[44.08,17.5],[43.96,18.5],[42.0,19.78],[42.4,18.25],[43.28,17.75],[43.48,16.75]]}},{"type":"Feature","properties":{"level":1016},"geometry":{"type":"LineString","coordinates":[[-155.87,19.25],[-155.5,19.08],[-155.04,19.5],[-155.25,20.14],[-155.65,20.0],[-155.87,19.25]]}},{"type":"Feature","properties":{"level":1016},"geometry":{"type":"LineString","coordinates":[[120.64,22.5],[120.75,22.31],[121.0,22.52],[121.44,23.25],[121.83,24.5],[121.5,24.84],[120.87,24.5],[120.57,23.5],[120.64,22.5]]}},{"type":"Feature","properties":{"level":1016},"geometry":{"type":"LineString","coordinates":[[5.48,23.0],[5.75,22.93],[6.41,23.5],[5.5,23.36],[5.48,23.0]]}},{"type":"Feature","properties":{"level":1016},"geometry":{"type":"LineString","coordinates":[[114.99,23.0],[116.25,23.13],[116.51,23.5],[117.7,24.0],[117.88,24.25],[117.65,24.5],[118.19,24.75],[118.25,25.17],[119.08,25.75],[119.57,26.75],[120.11,27.0],[120.14,27.75],[119.25,27.91],[118.25,25.99],[117.75,26.09],[115.39,25.0],[115.5,24.02],[115.75,24.23],[115.87,24.0],[115.09,24.0],[114.71,23.25],[114.99,23.0]]}},{"type":"Feature","properties":{"level":1016},"geometry":{"type":"LineString","coordinates":[[-180.0,23.35],[-178.0,23.34],[-167.75,21.57],[-165.5,21.55],[-164.5,21.77],[-163.5,21.53],[-162.25,21.8],[-161.25,21.61],[-161.0,22.04],[-160.4,22.0],[-159.75,22.35],[-159.5,21.9],[-158.5,22.14],[-156.5,21.74],[-154.75,20.93],[-153.0,21.25],[-151.5,22.0],[-150.5,21.93],[-147.0,22.5],[-143.0,22.16],[-141.25,22.55],[-135.25,22.69],[-130.32,24.75],[-128.43,27.75],[-122.78,33.0],[-122.02,34.25],[-122.59,36.75],[-122.44,37.75],[-123.08,38.75],[-123.0,39.08],[-122.5,39.21],[-122.66,40.25],[-122.25,40.92],[-120.74,38.25],[-118.98,36.5],[-118.7,35.25],[-119.0,34.99],[-119.75,34.95],[-119.91,34.75],[-119.75,34.59],[-117.25,34.14],[-116.19,31.75],[-115.25,30.51],[-114.99,30.5],[-115.41,32.0],[-115.25,32.53],[-114.5,32.86],[-113.25,33.01],[-112.5,32.22],[-112.0,32.07],[-111.8,31.75],[-111.91,31.25],[-111.05,30.75],[-110.52,30.0],[-109.13,30.0],[-108.78,29.5],[-109.07,29.0],[-109.0,28.32],[-108.51,28.0],[-108.51,27.25],[-108.0,26.45],[-107.24,26.0],[-107.13,25.5],[-105.78,23.5],[-104.75,22.51],[-104.5,22.61],[-103.75,22.12],[-103.5,21.31],[-103.25,21.33],[-102.91,20.75],[-102.06,20.25],[-102.25,19.64],[-101.5,19.33],[-101.0,19.59],[-100.5,19.42],[-99.75,18.79],[-98.49,18.75],[-97.88,18.0],[-98.14,17.25],[-96.75,16.25],[-96.0,16.19],[-95.0,16.83],[-93.96,16.75],[-93.85,17.0],[-94.75,18.0],[-94.33,18.5],[-94.26,20.5],[-92.75,22.38],[-91.49,23.5],[-88.88,25.0],[-84.5,28.41],[-82.0,29.82],[-81.05,30.75],[-80.48,32.0],[-79.0,32.73],[-77.73,33.75],[-75.75,36.12],[-75.7,36.5],[-76.01,37.0],[-76.0,37.25],[-75.74,37.25],[-76.67,38.0],[-76.5,38.25],[-77.05,40.25],[-74.94,42.5],[-74.82,43.5],[-72.74,45.0],[-72.72,46.25],[-72.35,47.0],[-70.74,48.0],[-70.58,48.75],[-68.73,51.25],[-69.2,51.5],[-68.82,51.75],[-69.5,52.63],[-70.5,52.6],[-71.14,53.0],[-71.11,53.25],[-78.25,55.36],[-81.18,56.5],[-82.25,57.18],[-85.75,58.55],[-86.5,58.64],[-88.25,58.39],[-91.35,57.25],[-96.75,54.85],[-99.0,53.41],[-99.25,53.52],[-99.75,52.76],[-101.71,51.5],[-102.47,50.0],[-102.94,49.75],[-102.95,48.75],[-104.76,46.25],[-105.75,43.62],[-106.25,43.47],[-106.79,43.5],[-106.8,44.5],[-107.25,45.36],[-107.66,45.25],[-109.0,45.9],[-109.5,45.64],[-109.81,45.75],[-109.56,46.0],[-109.95,46.25],[-109.93,46.75],[-110.5,47.18],[-111.25,47.45],[-112.25,47.14],[-113.3,48.75],[-114.42,49.5],[-114.49,50.0],[-115.13,50.75],[-116.5,51.37],[-117.25,51.25],[-118.22,52.0],[-117.59,52.25],[-118.25,52.57],[-118.75,52.54],[-119.25,52.93],[-120.0,53.07],[-120.61,53.0],[-120.72,52.75],[-120.5,52.53],[-119.83,52.25],[-119.84,51.0],[-119.54,50.75],[-119.58,50.5],[-119.06,50.5],[-119.05,50.25],[-119.5,50.12],[-119.75,50.34],[-120.25,50.19],[-120.75,50.49],[-121.5,50.46],[-122.75,51.27],[-123.5,51.14],[-125.25,51.6],[-126.75,52.76],[-128.5,53.18],[-129.09,52.75],[-129.21,52.25],[-130.25,50.98],[-132.25,49.44],[-141.0,43.73],[-145.25,41.41],[-150.5,39.58],[-152.0,39.37],[-155.25,39.6],[-159.0,40.62],[-160.06,41.0],[-164.0,44.01],[-167.25,45.62],[-168.25,45.79],[-171.25,45.53],[-173.25,44.14],[-178.0,41.93],[-179.25,41.81],[-180.0,43.06]]}},{"type":"Feature","properties":{"level":1016},"geometry":{"type":"LineString","coordinates":[[113.73,23.75],[114.25,23.83],[114.89,24.5],[114.25,24.5],[113.73,23.75]]}},{"type":"Feature","properties":{"level":1016},"geometry":{"type":"LineString","coordinates":[[-17.97,28.75],[-17.75,28.59],[-17.66,28.75],[-17.97,28.75]]}},{"type":"Feature","properties":{"level":1016},"geometry":{"type":"LineString","coordinates":[[-7.75,30.5],[-7.47,30.5],[-7.48,31.0],[-7.25,31.15],[-6.0,31.35],[-5.5,31.13],[-5.33,31.25],[-5.61,31.5],[-5.12,31.75],[-5.0,32.26],[-4.44,32.5],[-6.0,32.34],[-7.0,31.59],[-8.84,31.0],[-8.0,30.81],[-7.75,30.5]]}},{"type":"Feature","properties":{"level":1016},"geometry":{"type":"LineString","coordinates":[[86.0,30.65],[85.29,31.0],[85.75,31.26],[86.25,31.05],[86.75,31.44],[87.05,31.25],[87.0,31.52],[86.23,31.75],[86.5,32.27],[87.25,31.95],[88.5,31.97],[88.75,32.38],[90.5,32.49],[90.51,32.75],[91.25,32.88],[91.43,32.75],[90.93,32.5],[91.02,32.25],[91.37,31.75],[92.03,31.5],[90.75,31.2],[90.54,31.0],[90.92,30.75],[90.5,30.54],[90.25,30.9],[87.5,30.66],[86.75,30.84],[86.5,30.61],[86.25,30.89],[86.0,30.65]]}},{"type":"Feature","properties":{"level":1016},"geometry":{"type":"LineString","coordinates":[[54.25,31.0],[54.26,31.75],[53.5,32.31],[53.24,32.25],[53.23,31.75],[54.25,31.0]]}},{"type":"Feature","properties":{"level":1016},"geometry":{"type":"LineString","coordinates":[[34.87,31.5],[35.0,31.28],[35.25,31.67],[35.25,32.32],[34.87,31.5]]}},{"type":"Feature","properties":{"level":1016},"geometry":{"type":"LineString","coordinates":[[59.94,31.75],[60.52,32.5],[60.27,32.75],[60.42,33.25],[59.75,33.91],[58.5,34.09],[59.03,33.5],[59.5,32.07],[59.94,31.75]]}},{"type":"Feature","properties":{"level":1016},"geometry":{"type":"LineString","coordinates":[[35.38,33.25],[35.75,33.02],[36.94,34.25],[36.25,34.71],[35.61,34.0],[35.38,33.25]]}},{"type":"Feature","properties":{"level":1016},"geometry":{"type":"LineString","coordinates":[[92.5,33.24],[93.25,33.56],[93.83,33.5],[92.5,33.24]]}},{"type":"Feature","properties":{"level":1016},"geometry":{"type":"LineString","coordinates":[[62.5,34.99],[61.25,35.44],[59.75,37.11],[58.25,37.89],[57.75,37.92],[57.0,38.53],[56.7,38.25],[57.25,37.7],[56.75,37.51],[56.0,37.75],[54.99,37.0],[54.25,36.77],[52.5,36.5],[50.75,36.99],[50.13,38.0],[49.83,39.5],[50.58,40.75],[51.5,41.35],[53.25,41.41],[54.0,41.13],[54.97,40.25],[54.75,39.73],[56.25,39.87],[56.75,39.41],[59.25,38.84],[61.5,37.88],[63.5,38.12],[64.47,39.75],[65.0,40.13],[66.0,39.42],[66.25,39.47],[66.49,38.75],[66.1,38.0],[66.5,37.52],[67.75,37.96],[68.0,37.42],[68.75,37.32],[69.0,37.02],[69.0,36.72],[67.5,36.78],[64.25,35.98],[63.03,35.0],[62.5,34.99]]}},{"type":"Feature","properties":{"level":1016},"geometry":{"type":"LineString","coordinates":[[-121.6,36.0],[-121.42,36.0],[-121.75,36.63],[-121.98,36.5],[-121.92,36.25],[-121.6,36.0]]}},{"type":"Feature","properties":{"level":1016},"geometry":{"type":"LineString","coordinates":[[97.25,35.97],[97.56,36.25],[97.21,36.75],[97.5,36.91],[98.0,36.63],[99.0,36.69],[99.12,36.5],[98.0,36.01],[97.25,35.97]]}},{"type":"Feature","properties":{"level":1016},"geometry":{"type":"LineString","coordinates":[[94.75,36.18],[93.09,36.75],[94.5,36.7],[95.36,36.25],[94.75,36.18]]}},{"type":"Feature","properties":{"level":1016},"geometry":{"type":"LineString","coordinates":[[80.75,36.47],[80.25,36.78],[77.25,37.38],[76.4,38.0],[78.0,38.25],[81.5,36.94],[82.58,36.75],[81.5,36.4],[80.75,36.47]]}},{"type":"Feature","properties":{"level":1016},"geometry":{"type":"LineString","coordinates":[[95.5,36.56],[94.5,36.96],[94.5,37.46],[95.5,37.0],[95.5,36.56]]}},{"type":"Feature","properties":{"level":1016},"geometry":{"type":"LineString","coordinates":[[96.75,36.88],[96.52,37.5],[97.69,37.25],[96.75,36.88]]}},{"type":"Feature","properties":{"level":1016},"geometry":{"type":"LineString","coordinates":[[103.69,37.25],[104.0,37.64],[104.25,37.41],[104.48,37.5],[104.25,37.93],[103.0,38.38],[102.78,38.0],[103.69,37.25]]}},{"type":"Feature","properties":{"level":1016},"geometry":{"type":"LineString","coordinates":[[-121.83,37.5],[-121.5,37.29],[-121.33,37.5],[-121.83,37.5]]}},{"type":"Feature","properties":{"level":1016},"geometry":{"type":"LineString","coordinates":[[34.75,38.0],[34.12,38.5],[33.75,38.42],[33.05,38.75],[32.55,40.0],[33.5,41.41],[34.25,41.52],[35.5,40.87],[35.75,40.98],[36.5,40.31],[38.63,40.25],[37.41,40.0],[37.77,39.75],[37.4,39.5],[37.41,39.25],[36.5,38.74],[35.5,38.61],[35.29,38.5],[35.37,38.25],[34.75,38.0]]}},{"type":"Feature","properties":{"level":1016},"geometry":{"type":"LineString","coordinates":[[37.0,38.14],[36.88,38.25],[37.38,38.5],[37.5,38.98],[37.75,38.63],[38.75,39.08],[39.23,38.75],[38.5,38.37],[37.75,38.48],[37.0,38.14]]}},{"type":"Feature","properties":{"level":1016},"geometry":{"type":"LineString","coordinates":[[45.0,38.33],[44.51,39.75],[43.75,39.96],[43.74,40.25],[44.5,40.26],[45.75,39.07],[45.63,38.5],[45.0,38.33]]}},{"type":"Feature","properties":{"level":1016},"geometry":{"type":"LineString","coordinates":[[47.75,39.69],[47.75,39.84],[47.75,39.69]]}},{"type":"Feature","properties":{"level":1016},"geometry":{"type":"LineString","coordinates":[[0.25,41.45],[-0.28,41.75],[-0.22,42.0],[0.25,42.16],[0.62,42.0],[0.73,41.75],[0.25,41.45]]}},{"type":"Feature","properties":{"level":1016},"geometry":{"type":"LineString","coordinates":[[40.75,41.44],[40.67,42.25],[40.08,43.0],[40.79,43.0],[42.83,42.25],[42.0,41.94],[41.5,41.47],[40.75,41.44]]}},{"type":"Feature","properties":{"level":1016},"geometry":{"type":"LineString","coordinates":[[180.0,43.06],[179.5,43.66],[171.25,45.43],[166.25,45.76],[157.25,47.27],[149.25,46.62],[145.25,45.88],[141.25,46.17],[139.0,45.69],[137.75,46.35],[137.5,47.25],[137.67,48.5],[137.98,48.75],[137.0,49.15],[135.25,49.05],[134.52,49.75],[134.45,50.25],[134.81,50.5],[134.88,51.0],[134.54,51.25],[134.86,52.5],[134.72,53.5],[134.36,54.5],[133.68,54.75],[134.2,55.0],[134.07,55.25],[134.5,55.5],[134.25,55.75],[134.39,56.5],[133.0,57.0],[133.09,57.5],[132.31,58.0],[131.54,59.0],[127.78,60.75],[125.75,61.4],[120.75,62.11],[117.0,62.31],[109.0,63.24],[103.0,64.28],[101.75,64.77],[100.25,64.9],[98.41,65.5],[96.96,66.25],[97.41,66.5],[96.41,67.25],[96.11,67.25],[96.5,66.74],[95.74,66.75],[95.55,67.75],[95.25,67.84],[94.97,67.75],[95.43,67.5],[94.5,67.39],[91.25,67.68],[89.75,68.54],[87.25,68.86],[77.0,70.09],[64.73,71.0],[57.5,72.68],[55.73,72.75],[55.23,73.0],[55.0,73.65],[54.5,74.0],[52.25,74.67],[48.0,75.25],[44.25,75.39],[36.75,74.79],[32.75,73.93],[22.5,73.73],[19.25,73.87],[9.75,73.45],[6.0,72.95],[4.75,72.37],[3.84,72.25],[2.25,71.02],[0.03,70.0],[-6.25,67.97],[-13.5,65.03],[-17.75,64.14],[-18.4,63.0],[-21.47,60.5],[-22.75,59.85],[-26.0,57.45],[-28.37,56.25],[-31.75,55.4],[-39.0,55.17],[-42.0,54.41],[-44.0,53.56],[-50.5,48.35],[-52.75,47.22],[-53.83,47.0],[-56.5,45.43],[-59.66,43.0],[-64.43,37.75],[-65.75,35.65],[-66.5,34.88],[-67.99,32.25],[-68.69,30.0],[-68.32,28.75],[-67.5,27.67],[-63.75,24.65],[-61.0,23.1],[-55.25,21.19],[-52.0,20.86],[-50.5,20.36],[-49.0,20.35],[-48.75,20.77],[-48.5,20.47],[-47.75,20.36],[-43.75,20.67],[-42.75,21.45],[-41.98,21.5],[-41.0,22.4],[-40.25,22.25],[-38.43,23.5],[-37.0,23.59],[-35.5,24.1],[-33.75,24.15],[-32.5,25.22],[-32.0,25.08],[-30.75,25.28],[-30.0,25.95],[-27.75,26.06],[-24.0,25.17],[-22.05,25.5],[-20.76,26.75],[-19.38,27.5],[-18.5,29.24],[-15.7,32.25],[-15.07,33.5],[-14.71,35.25],[-15.05,37.75],[-14.91,38.75],[-13.38,40.75],[-10.89,42.25],[-9.0,42.76],[-8.57,42.25],[-8.0,40.76],[-7.5,40.29],[-2.25,40.3],[-2.33,39.75],[-1.25,39.5],[-1.0,38.75],[-0.5,38.66],[0.71,39.75],[1.05,40.75],[1.51,41.25],[1.45,42.0],[2.75,41.74],[2.78,42.25],[3.0,42.34],[3.5,41.95],[3.59,42.5],[4.5,44.11],[5.75,44.49],[7.0,45.77],[7.25,45.86],[7.5,45.28],[8.75,45.53],[9.25,45.91],[9.79,45.75],[10.31,45.0],[9.98,44.75],[10.25,44.38],[11.23,43.75],[11.45,42.5],[12.25,41.5],[12.45,39.25],[12.11,39.0],[11.97,38.25],[12.75,38.2],[13.25,37.22],[16.45,34.0],[16.75,33.1],[18.05,31.0],[17.64,30.0],[18.11,28.5],[17.5,27.8],[16.75,27.56],[16.37,27.0],[16.46,26.75],[17.23,26.5],[17.04,26.0],[17.25,25.35],[18.0,25.32],[18.03,24.75],[19.0,24.72],[19.34,23.5],[18.9,22.25],[18.0,21.08],[16.5,21.41],[16.42,21.0],[17.5,20.45],[18.0,20.68],[18.5,19.67],[18.9,19.75],[19.25,20.45],[20.0,20.94],[20.25,21.53],[20.73,21.75],[20.5,22.4],[21.0,22.13],[22.5,23.19],[23.25,22.58],[23.5,23.3],[23.78,23.25],[24.26,22.75],[25.01,22.5],[24.94,22.0],[25.3,21.75],[25.25,21.42],[26.5,21.15],[27.34,22.75],[28.67,24.5],[29.09,24.75],[29.16,25.0],[28.79,25.5],[29.75,25.46],[30.0,25.68],[29.88,26.5],[30.57,28.5],[31.56,29.0],[32.25,29.07],[32.75,29.62],[34.0,28.46],[34.75,29.5],[34.49,30.25],[34.85,30.5],[34.82,31.0],[33.75,30.73],[33.15,31.0],[32.25,32.89],[31.4,33.75],[28.0,35.9],[28.0,36.81],[29.07,36.75],[29.5,36.28],[30.37,36.5],[30.75,37.12],[31.25,37.13],[32.75,36.18],[33.25,36.8],[34.0,36.57],[35.75,37.61],[36.36,37.5],[36.5,37.25],[36.26,37.0],[36.5,36.79],[36.88,37.25],[36.83,37.5],[37.14,37.5],[36.98,37.0],[37.25,36.99],[37.55,37.5],[38.5,37.79],[39.0,37.83],[39.5,37.35],[41.0,37.18],[42.25,37.42],[43.25,36.89],[44.23,36.75],[44.42,36.25],[45.1,36.25],[45.25,35.57],[45.75,35.57],[46.12,35.25],[46.01,34.5],[46.5,33.66],[47.25,33.82],[48.11,33.5],[48.25,33.03],[48.99,33.0],[49.83,32.25],[50.25,31.1],[51.5,30.36],[52.25,29.1],[52.75,28.75],[53.99,29.25],[54.0,29.57],[54.22,29.0],[55.0,28.6],[55.26,28.75],[54.83,29.0],[54.75,29.33],[55.69,28.75],[56.25,28.74],[57.0,28.36],[57.25,28.8],[57.75,28.97],[58.33,28.5],[57.27,30.75],[56.25,31.66],[55.94,31.75],[56.52,30.75],[56.33,30.25],[55.75,30.23],[54.75,30.89],[54.5,30.5],[55.17,30.0],[54.5,29.74],[52.48,31.75],[52.25,32.48],[51.5,32.42],[51.75,32.94],[52.25,32.51],[53.0,32.52],[53.08,32.75],[52.75,33.21],[51.25,33.98],[51.0,34.4],[50.5,34.31],[50.2,35.0],[50.6,35.5],[50.18,36.0],[52.75,35.38],[53.98,35.75],[54.25,36.27],[56.75,37.45],[56.84,37.25],[57.5,37.17],[59.08,36.0],[59.0,35.71],[57.88,35.5],[59.29,35.25],[60.5,34.41],[61.1,34.5],[60.75,34.51],[60.63,34.75],[60.7,35.25],[61.06,35.25],[61.75,34.58],[62.65,34.25],[62.04,34.0],[62.5,33.91],[62.75,33.49],[63.74,33.25],[64.0,32.66],[65.0,33.04],[65.25,32.77],[65.5,33.19],[66.09,32.75],[66.25,32.28],[66.96,32.0],[66.48,30.5],[66.75,30.66],[67.03,30.5],[66.78,29.75],[66.14,29.0],[66.01,28.5],[66.25,28.28],[66.96,28.75],[67.07,29.75],[67.5,30.17],[68.25,30.21],[68.75,30.75],[69.79,31.0],[69.97,31.5],[69.75,31.73],[69.5,31.52],[69.29,32.0],[70.03,32.75],[69.9,33.5],[71.03,33.75],[70.98,34.0],[69.87,34.5],[70.25,34.77],[70.75,34.62],[71.75,34.79],[73.0,34.37],[76.0,32.53],[76.92,31.75],[77.41,30.75],[79.49,29.5],[81.25,29.17],[83.0,28.2],[84.5,28.26],[86.5,27.34],[87.0,27.28],[87.25,27.49],[88.0,26.98],[88.5,27.3],[89.75,26.91],[92.0,26.99],[93.0,27.53],[93.25,27.27],[94.0,27.59],[94.13,28.0],[94.75,28.37],[95.75,28.35],[96.37,28.0],[96.88,27.0],[97.25,26.85],[97.23,27.5],[97.75,27.49],[98.28,26.0],[97.97,25.0],[98.25,24.9],[100.0,25.67],[100.25,26.37],[100.75,26.48],[101.77,27.5],[102.21,28.75],[102.02,29.75],[102.29,30.5],[102.75,30.92],[102.75,31.39],[103.21,31.5],[103.0,31.99],[103.25,31.85],[103.85,32.25],[103.7,32.5],[103.94,32.75],[103.44,33.0],[104.02,33.5],[103.09,34.5],[103.27,34.75],[102.73,35.5],[101.75,35.46],[100.75,35.84],[100.5,35.46],[99.18,36.25],[100.0,37.18],[100.5,37.1],[101.0,36.44],[101.75,37.01],[102.5,36.82],[102.72,37.25],[99.75,38.74],[99.27,39.25],[99.31,39.75],[100.25,40.31],[100.75,41.32],[101.13,41.5],[100.97,41.75],[101.41,42.0],[102.5,41.83],[103.0,41.98],[103.45,41.5],[103.49,41.0],[104.0,40.76],[105.25,40.91],[105.75,41.43],[106.5,41.38],[107.79,41.75],[108.31,42.5],[109.5,43.03],[113.25,42.69],[114.37,42.25],[115.0,41.24],[117.5,41.59],[117.68,41.5],[117.52,41.0],[117.75,40.62],[121.25,39.23],[123.72,37.75],[125.01,36.0],[125.14,35.0],[125.5,35.13],[125.75,34.59],[126.28,34.5],[126.37,34.0],[127.08,33.5],[127.0,33.33],[126.42,33.5],[126.3,33.25],[126.71,33.0],[126.7,32.75],[125.74,30.25],[125.88,29.75],[124.84,28.75],[125.13,27.0],[126.41,26.75],[126.5,25.75],[126.75,25.63],[130.0,27.27],[132.75,26.99],[134.5,27.11],[136.5,26.6],[137.5,26.79],[138.75,26.48],[139.75,26.53],[140.5,26.21],[144.25,25.91],[149.75,26.25],[150.75,25.99],[153.5,25.88],[156.25,26.07],[158.25,25.69],[163.25,25.34],[164.25,25.01],[169.0,24.91],[175.0,23.78],[177.5,23.72],[180.0,23.35]]}},{"type":"Feature","properties":{"level":1016},"geometry":{"type":"LineString","coordinates":[[96.64,68.0],[97.01,68.0],[96.75,68.27],[95.85,68.25],[96.64,68.0]]}},{"type":"Feature","properties":{"level":1016},"geometry":{"type":"LineString","coordinates":[[-44.52,76.25],[-43.25,76.13],[-38.0,76.66],[-37.6,76.5],[-37.92,76.25],[-37.25,76.2],[-30.0,76.75],[-29.23,77.0],[-29.66,77.25],[-29.22,77.75],[-30.74,78.75],[-30.71,79.5],[-31.5,80.09],[-33.0,80.4],[-40.5,80.84],[-52.63,80.0],[-53.48,79.5],[-56.4,79.0],[-59.88,78.0],[-49.68,77.5],[-48.5,77.12],[-45.25,76.89],[-44.83,76.75],[-44.52,76.25]]}},{"type":"Feature","properties":{"level":1020},"geometry":{"type":"LineString","coordinates":[[100.26,-88.0],[108.5,-87.81],[110.0,-87.55],[110.13,-87.25],[109.89,-86.75],[109.28,-86.5],[109.14,-86.0],[107.25,-85.83],[74.51,-87.25],[74.06,-87.5],[82.0,-87.82],[100.26,-88.0]]}},{"type":"Feature","properties":{"level":1020},"geometry":{"type":"LineString","coordinates":[[55.23,-83.75],[58.5,-83.86],[66.5,-83.41],[77.25,-83.58],[84.75,-83.0],[86.79,-82.5],[84.5,-82.29],[75.5,-82.57],[61.67,-81.5],[60.86,-80.75],[59.92,-80.5],[60.46,-80.0],[58.19,-78.0],[58.39,-77.5],[58.25,-77.31],[54.07,-75.25],[51.25,-74.56],[50.8,-74.25],[51.25,-73.66],[53.75,-72.68],[54.3,-72.0],[54.0,-71.93],[47.5,-73.06],[40.75,-73.6],[31.5,-75.06],[27.25,-74.51],[24.25,-74.42],[22.75,-74.04],[19.25,-74.04],[13.5,-73.56],[9.61,-73.75],[12.45,-74.5],[12.6,-75.0],[13.99,-75.5],[14.5,-76.23],[15.0,-76.43],[22.0,-77.58],[29.26,-79.25],[32.23,-80.25],[40.5,-81.84],[42.33,-82.5],[43.14,-83.25],[46.75,-83.52],[47.94,-83.25],[47.8,-83.0],[48.25,-82.89],[50.5,-82.81],[53.07,-83.0],[55.23,-83.75]]}},{"type":"Feature","properties":{"level":1020},"geometry":{"type":"LineString","coordinates":[[109.16,-79.5],[110.5,-79.73],[112.75,-79.54],[112.7,-79.25],[114.36,-78.75],[116.51,-78.5],[125.5,-76.28],[126.02,-76.0],[126.03,-74.75],[126.4,-74.25],[122.5,-73.38],[116.5,-73.32],[107.5,-72.77],[94.5,-72.92],[92.75,-73.15],[91.49,-73.75],[91.35,-74.5],[91.71,-75.0],[94.0,-75.96],[103.0,-77.74],[105.0,-78.48],[109.16,-79.5]]}},{"type":"Feature","properties":{"level":1020},"geometry":{"type":"LineString","coordinates":[[-92.87,-56.5],[-88.75,-56.62],[-85.75,-56.27],[-82.75,-54.99],[-82.02,-53.5],[-82.15,-52.75],[-82.99,-51.75],[-82.99,-51.0],[-83.5,-50.68],[-85.0,-50.41],[-89.75,-50.31],[-92.0,-49.6],[-94.0,-48.61],[-105.13,-40.5],[-106.39,-39.25],[-106.79,-38.5],[-106.95,-37.25],[-106.63,-35.25],[-105.95,-33.75],[-105.89,-33.0],[-105.59,-32.75],[-105.66,-32.5],[-105.03,-32.0],[-105.13,-31.75],[-104.28,-31.5],[-104.3,-31.0],[-104.0,-30.82],[-103.5,-30.97],[-103.24,-30.75],[-103.29,-30.0],[-102.75,-29.88],[-102.48,-29.25],[-101.54,-28.75],[-101.89,-28.25],[-101.5,-27.92],[-101.33,-27.25],[-102.25,-25.6],[-103.25,-25.47],[-104.75,-24.82],[-105.75,-24.88],[-106.25,-24.44],[-107.75,-24.44],[-108.25,-24.84],[-108.5,-24.63],[-109.5,-24.68],[-110.75,-24.95],[-111.0,-25.2],[-111.75,-24.93],[-113.0,-25.66],[-114.25,-25.9],[-115.25,-26.38],[-115.85,-27.0],[-117.71,-28.0],[-118.07,-28.5],[-122.25,-30.83],[-123.0,-30.83],[-124.25,-31.4],[-126.5,-31.95],[-128.25,-32.0],[-130.25,-32.49],[-133.5,-32.55],[-136.25,-32.23],[-137.0,-32.4],[-140.0,-31.25],[-140.75,-31.36],[-141.25,-31.04],[-141.75,-31.05],[-143.75,-29.92],[-144.9,-30.5],[-145.75,-33.25],[-145.58,-35.0],[-143.0,-37.03],[-136.25,-40.41],[-130.36,-43.75],[-126.25,-45.78],[-113.5,-50.96],[-99.25,-55.19],[-92.87,-56.5]]}},{"type":"Feature","properties":{"level":1020},"geometry":{"type":"LineString","coordinates":[[-47.36,-51.5],[-44.02,-51.25],[-36.5,-48.41],[-30.5,-46.92],[-21.25,-45.6],[-9.25,-44.98],[-4.75,-43.7],[-2.75,-43.4],[0.25,-42.23],[9.75,-41.05],[15.3,-39.0],[16.41,-38.0],[16.36,-37.75],[15.29,-36.25],[14.84,-35.0],[14.62,-33.5],[14.78,-32.5],[14.42,-32.25],[14.14,-31.0],[13.5,-30.27],[13.0,-30.07],[12.33,-28.75],[9.85,-27.25],[9.5,-26.7],[8.25,-26.03],[6.25,-25.51],[5.0,-24.67],[4.25,-24.82],[3.21,-23.75],[1.75,-22.76],[-1.25,-21.3],[-1.75,-21.42],[-5.75,-20.1],[-9.75,-19.17],[-12.0,-19.09],[-15.75,-18.29],[-16.75,-19.3],[-17.75,-19.16],[-18.83,-19.75],[-18.97,-20.0],[-18.18,-21.25],[-18.85,-21.25],[-18.6,-22.25],[-19.08,-22.25],[-17.0,-25.07],[-15.3,-26.25],[-14.32,-27.75],[-14.0,-28.5],[-13.87,-30.0],[-14.24,-31.5],[-15.4,-32.75],[-16.0,-33.82],[-18.75,-36.3],[-20.0,-36.71],[-20.5,-37.17],[-22.75,-38.19],[-24.25,-39.42],[-28.75,-40.79],[-31.75,-42.12],[-34.0,-42.51],[-36.0,-42.46],[-36.9,-42.25],[-38.26,-41.5],[-39.11,-40.5],[-39.66,-38.75],[-40.96,-37.25],[-42.71,-34.5],[-43.96,-33.5],[-44.97,-32.0],[-45.75,-31.33],[-48.9,-29.75],[-49.21,-29.25],[-49.02,-28.5],[-49.25,-28.16],[-49.62,-28.25],[-50.25,-29.28],[-51.5,-29.08],[-52.0,-28.73],[-52.75,-29.04],[-53.5,-28.81],[-54.5,-29.25],[-56.25,-29.53],[-57.5,-29.44],[-58.0,-29.18],[-59.5,-29.51],[-60.25,-29.04],[-61.5,-28.93],[-62.25,-28.96],[-63.0,-29.52],[-63.5,-29.16],[-64.1,-29.25],[-64.25,-29.55],[-64.37,-29.25],[-64.75,-29.37],[-64.86,-29.5],[-64.43,-29.75],[-65.49,-30.5],[-65.54,-31.0],[-65.02,-31.75],[-65.13,-33.5],[-66.81,-35.75],[-66.64,-38.5],[-66.24,-39.5],[-65.0,-40.18],[-64.42,-41.0],[-63.9,-43.5],[-60.53,-49.0],[-59.2,-50.25],[-57.75,-50.87],[-56.25,-51.07],[-53.0,-50.94],[-50.25,-51.42],[-47.36,-51.5]]}},{"type":"Feature","properties":{"level":1020},"geometry":{"type":"LineString","coordinates":[[-180.0,-46.8],[-175.75,-45.65],[-172.94,-44.25],[-171.25,-43.1],[-169.0,-41.0],[-168.63,-38.5],[-167.6,-37.75],[-167.13,-36.75],[-168.21,-33.5],[-170.19,-31.25],[-172.5,-29.54],[-174.0,-29.08],[-174.31,-28.5],[-175.0,-28.32],[-175.75,-27.76],[-176.32,-27.75],[-180.0,-24.7]]}},{"type":"Feature","properties":{"level":1020},"geometry":{"type":"LineString","coordinates":[[44.82,-45.0],[47.5,-45.15],[51.0,-44.54],[53.2,-43.25],[55.36,-42.5],[56.5,-41.65],[56.67,-41.5],[56.58,-41.0],[57.43,-40.25],[57.22,-39.75],[57.5,-39.67],[64.05,-39.5],[77.5,-37.82],[89.0,-35.25],[97.25,-35.01],[99.75,-34.71],[101.5,-33.49],[103.75,-31.0],[103.95,-30.25],[104.77,-29.5],[105.48,-27.5],[106.0,-26.56],[106.43,-26.25],[106.27,-24.75],[105.5,-23.66],[104.75,-23.45],[104.5,-22.55],[104.0,-22.54],[103.79,-22.0],[103.0,-21.69],[101.75,-20.59],[100.26,-20.0],[100.0,-19.65],[98.75,-19.43],[96.5,-18.36],[94.5,-18.07],[93.5,-18.18],[90.0,-17.9],[86.5,-17.09],[79.5,-16.91],[72.25,-17.36],[71.75,-17.58],[70.5,-17.31],[68.25,-17.95],[66.0,-17.7],[62.5,-18.07],[61.5,-17.92],[58.0,-18.73],[57.5,-18.48],[56.25,-18.9],[55.25,-18.77],[55.0,-19.07],[54.25,-19.28],[51.75,-19.38],[49.27,-20.75],[48.82,-21.25],[48.2,-24.0],[48.39,-26.0],[45.04,-31.0],[44.58,-33.5],[45.05,-35.5],[45.79,-37.0],[45.5,-37.29],[43.0,-37.63],[42.5,-38.04],[41.75,-37.69],[41.0,-37.82],[39.25,-38.58],[39.0,-38.94],[38.5,-38.92],[37.0,-39.71],[36.47,-40.5],[37.27,-42.0],[39.25,-43.56],[42.25,-44.43],[43.0,-44.97],[44.82,-45.0]]}},{"type":"Feature","properties":{"level":1020},"geometry":{"type":"LineString","coordinates":[[-70.37,-34.75],[-70.0,-34.97],[-69.78,-34.75],[-69.87,-34.5],[-69.29,-34.25],[-69.41,-33.25],[-69.21,-33.0],[-69.89,-32.0],[-69.83,-31.0],[-69.29,-29.75],[-69.25,-28.74],[-68.29,-27.75],[-68.32,-27.25],[-68.03,-26.75],[-68.1,-26.25],[-68.5,-25.97],[-68.75,-26.02],[-69.5,-27.92],[-69.95,-28.5],[-69.97,-29.0],[-70.41,-29.5],[-70.15,-30.0],[-70.48,-30.5],[-70.36,-31.0],[-70.59,-31.5],[-70.03,-34.0],[-70.37,-34.75]]}},{"type":"Feature","properties":{"level":1020},"geometry":{"type":"LineString","coordinates":[[-102.63,-30.0],[-102.5,-30.25],[-102.5,-29.89],[-102.63,-30.0]]}},{"type":"Feature","properties":{"level":1020},"geometry":{"type":"LineString","coordinates":[[-65.54,-29.0],[-65.34,-29.0],[-65.25,-28.52],[-64.72,-28.5],[-64.34,-27.0],[-64.47,-26.25],[-65.0,-25.52],[-65.5,-25.81],[-65.66,-26.75],[-66.13,-27.25],[-66.08,-28.5],[-66.0,-28.63],[-65.75,-28.35],[-65.58,-28.5],[-65.54,-29.0]]}},{"type":"Feature","properties":{"level":1020},"geometry":{"type":"LineString","coordinates":[[-65.76,-25.5],[-65.34,-24.5],[-65.28,-24.0],[-65.5,-23.91],[-65.85,-24.75],[-65.76,-25.5]]}},{"type":"Feature","properties":{"level":1020},"geometry":{"type":"LineString","coordinates":[[-68.65,-25.25],[-68.5,-25.45],[-68.36,-25.25],[-68.33,-24.5],[-68.5,-24.41],[-68.65,-25.25]]}},{"type":"Feature","properties":{"level":1020},"geometry":{"type":"LineString","coordinates":[[180.0,-24.7],[179.25,-23.98],[175.25,-22.63],[168.5,-21.26],[167.75,-21.53],[167.5,-21.29],[166.0,-21.32],[166.37,-22.0],[166.0,-22.24],[157.5,-20.22],[153.0,-20.19],[150.5,-20.63],[147.5,-19.85],[147.0,-19.9],[146.5,-20.3],[145.48,-20.25],[145.25,-20.42],[145.25,-21.11],[144.02,-22.25],[144.21,-22.75],[144.0,-23.09],[142.75,-23.98],[141.75,-25.27],[139.56,-27.0],[137.5,-27.6],[136.25,-27.5],[134.75,-27.78],[132.75,-29.14],[132.33,-30.5],[132.42,-32.0],[131.85,-33.0],[131.84,-35.0],[130.31,-39.5],[130.08,-42.5],[130.34,-44.0],[132.0,-46.12],[134.66,-48.0],[135.27,-49.0],[136.07,-49.25],[136.29,-49.75],[137.75,-50.53],[138.75,-50.78],[145.5,-50.93],[158.25,-49.53],[166.82,-49.0],[173.5,-48.12],[180.0,-46.8]]}},{"type":"Feature","properties":{"level":1020},"geometry":{"type":"LineString","coordinates":[[46.96,-24.25],[47.58,-23.5],[47.47,-22.25],[47.94,-22.0],[48.7,-20.75],[49.17,-18.0],[49.0,-17.59],[48.5,-17.95],[48.0,-17.8],[47.25,-18.15],[47.0,-18.62],[46.61,-20.0],[46.91,-20.25],[46.67,-20.75],[46.86,-22.25],[47.18,-22.5],[47.0,-22.85],[46.25,-22.98],[46.24,-23.25],[46.96,-24.25]]}},{"type":"Feature","properties":{"level":1020},"geometry":{"type":"LineString","coordinates":[[-67.73,-24.0],[-67.5,-24.13],[-67.11,-23.75],[-66.96,-23.0],[-67.17,-22.75],[-67.06,-22.5],[-68.0,-21.75],[-68.32,-22.0],[-67.73,-24.0]]}},{"type":"Feature","properties":{"level":1020},"geometry":{"type":"LineString","coordinates":[[-68.77,-21.25],[-68.5,-21.39],[-68.46,-20.75],[-69.0,-18.91],[-68.77,-21.25]]}},{"type":"Feature","properties":{"level":1020},"geometry":{"type":"LineString","coordinates":[[165.67,-21.25],[165.9,-21.25],[165.67,-21.25]]}},{"type":"Feature","properties":{"level":1020},"geometry":{"type":"LineString","coordinates":[[-69.76,-17.75],[-69.89,-17.0],[-70.25,-16.85],[-70.5,-16.31],[-70.73,-16.5],[-70.58,-17.0],[-69.76,-17.75]]}},{"type":"Feature","properties":{"level":1020},"geometry":{"type":"LineString","coordinates":[[-72.0,-15.75],[-71.69,-15.75],[-72.0,-15.34],[-72.75,-15.41],[-72.0,-15.75]]}},{"type":"Feature","properties":{"level":1020},"geometry":{"type":"LineString","coordinates":[[-96.36,17.0],[-95.86,17.0],[-95.76,17.75],[-96.75,18.49],[-96.74,19.25],[-96.5,19.59],[-96.0,19.6],[-95.76,20.0],[-96.13,21.25],[-95.56,22.5],[-90.0,27.0],[-84.75,30.3],[-83.08,31.75],[-83.0,32.42],[-82.5,33.16],[-80.59,34.5],[-79.5,35.61],[-79.04,36.5],[-79.13,38.75],[-78.68,39.25],[-78.25,40.93],[-77.05,42.75],[-77.14,43.75],[-74.98,47.5],[-73.68,49.0],[-73.61,50.25],[-73.95,50.5],[-74.0,51.19],[-75.22,51.5],[-77.5,52.93],[-81.25,54.61],[-85.75,56.18],[-87.75,56.44],[-90.5,55.75],[-91.25,55.29],[-96.5,53.46],[-99.7,50.75],[-100.48,50.5],[-102.69,46.5],[-102.79,45.25],[-102.51,44.25],[-103.39,43.0],[-103.3,42.75],[-103.84,42.5],[-104.25,41.79],[-105.0,41.4],[-105.4,41.75],[-105.48,42.25],[-106.0,42.59],[-107.0,42.27],[-108.75,42.6],[-109.26,43.25],[-109.1,43.75],[-109.41,44.5],[-109.35,45.0],[-110.0,45.54],[-111.75,45.51],[-112.0,45.7],[-113.0,44.84],[-113.15,45.0],[-112.82,45.5],[-112.81,46.0],[-113.0,46.29],[-113.5,46.24],[-113.75,46.45],[-113.86,46.0],[-114.44,45.75],[-114.34,45.25],[-114.75,44.89],[-115.01,45.25],[-115.5,45.15],[-116.0,45.4],[-116.52,45.25],[-116.85,44.75],[-116.5,44.72],[-115.36,43.25],[-113.5,43.12],[-113.08,42.75],[-113.5,42.39],[-114.25,42.4],[-114.75,41.87],[-115.0,42.1],[-115.75,41.85],[-116.0,41.99],[-116.25,41.49],[-116.7,41.25],[-116.25,40.89],[-115.75,40.84],[-115.75,40.6],[-116.17,40.5],[-116.15,40.0],[-117.0,39.62],[-117.25,39.27],[-117.75,39.25],[-117.83,38.25],[-117.38,38.25],[-117.25,37.54],[-117.0,37.6],[-116.62,37.0],[-115.5,36.9],[-115.5,36.58],[-115.75,36.67],[-115.93,36.25],[-115.5,35.81],[-114.93,36.5],[-114.9,37.0],[-113.88,37.0],[-113.8,36.0],[-113.36,35.75],[-113.48,35.25],[-113.25,34.85],[-112.5,34.17],[-111.75,34.12],[-110.91,33.0],[-110.7,31.25],[-109.75,30.69],[-109.25,30.81],[-108.99,30.5],[-108.49,29.5],[-108.55,28.75],[-108.16,27.25],[-107.03,26.0],[-106.94,25.5],[-106.18,24.75],[-105.74,23.75],[-104.75,22.9],[-104.0,22.93],[-102.5,22.53],[-102.14,22.75],[-102.25,22.07],[-102.5,22.42],[-102.56,22.25],[-102.1,21.75],[-102.0,21.13],[-101.18,20.75],[-99.75,19.03],[-98.0,19.03],[-97.5,18.83],[-97.57,18.5],[-97.23,18.25],[-97.45,18.0],[-97.31,17.25],[-96.36,17.0]]}},{"type":"Feature","properties":{"level":1020},"geometry":{"type":"LineString","coordinates":[[-180.0,27.76],[-177.25,27.2],[-170.0,26.7],[-168.31,26.75],[-165.75,27.29],[-161.75,26.88],[-157.75,26.78],[-156.0,26.96],[-154.0,26.71],[-146.63,27.75],[-142.0,28.06],[-137.75,29.28],[-129.53,33.0],[-127.25,34.95],[-126.15,37.0],[-125.18,39.75],[-124.09,40.75],[-124.11,41.5],[-124.66,42.0],[-124.59,42.5],[-123.74,43.0],[-123.25,44.82],[-123.0,44.99],[-122.82,44.25],[-122.5,44.17],[-122.04,44.5],[-122.02,45.0],[-121.67,45.25],[-121.95,45.75],[-121.74,46.0],[-121.86,46.25],[-121.5,46.21],[-121.3,46.5],[-121.45,46.75],[-120.98,47.75],[-121.25,48.2],[-121.56,48.25],[-121.25,48.29],[-121.01,48.75],[-121.43,49.0],[-121.36,49.5],[-122.25,49.7],[-123.0,50.27],[-123.5,49.96],[-124.25,50.06],[-125.5,50.73],[-125.94,50.5],[-125.5,49.72],[-127.25,50.12],[-127.75,50.02],[-127.14,49.25],[-127.61,48.75],[-135.98,44.5],[-141.0,41.32],[-146.25,38.87],[-152.25,37.0],[-155.5,36.48],[-160.0,36.2],[-160.19,36.25],[-159.98,36.75],[-161.25,36.89],[-161.5,37.41],[-162.5,37.34],[-163.75,37.86],[-165.0,38.99],[-166.25,38.69],[-167.0,39.72],[-167.5,38.92],[-168.5,40.6],[-169.0,40.73],[-169.25,41.06],[-170.0,41.16],[-170.75,40.62],[-171.5,40.7],[-171.5,39.98],[-172.0,39.82],[-172.75,40.32],[-173.5,39.61],[-174.0,39.85],[-174.25,39.19],[-174.75,39.03],[-175.0,38.66],[-175.5,38.86],[-176.5,38.45],[-177.0,38.56],[-177.66,38.0],[-178.5,36.74],[-179.0,36.85],[-179.5,37.78],[-180.0,37.37]]}},{"type":"Feature","properties":{"level":1020},"geometry":{"type":"LineString","coordinates":[[91.01,30.75],[91.25,30.52],[91.75,30.54],[91.94,31.0],[91.5,31.17],[90.68,31.0],[91.01,30.75]]}},{"type":"Feature","properties":{"level":1020},"geometry":{"type":"LineString","coordinates":[[100.5,30.68],[100.5,31.73],[100.91,31.0],[100.75,30.65],[100.5,30.68]]}},{"type":"Feature","properties":{"level":1020},"geometry":{"type":"LineString","coordinates":[[166.25,31.75],[165.19,32.5],[165.75,32.77],[166.0,32.34],[166.5,32.45],[166.79,32.25],[166.25,31.75]]}},{"type":"Feature","properties":{"level":1020},"geometry":{"type":"LineString","coordinates":[[50.16,32.25],[50.5,32.21],[50.55,32.5],[50.41,33.0],[50.0,33.26],[49.79,33.0],[50.16,32.25]]}},{"type":"Feature","properties":{"level":1020},"geometry":{"type":"LineString","coordinates":[[170.0,32.41],[169.68,32.75],[169.8,33.0],[170.5,33.14],[170.75,32.68],[170.0,32.41]]}},{"type":"Feature","properties":{"level":1020},"geometry":{"type":"LineString","coordinates":[[132.0,33.05],[131.79,33.25],[132.0,33.76],[132.17,33.5],[132.0,33.05]]}},{"type":"Feature","properties":{"level":1020},"geometry":{"type":"LineString","coordinates":[[180.0,33.68],[174.5,32.85],[173.22,33.25],[174.0,34.33],[174.94,34.25],[175.0,34.54],[175.5,34.46],[176.25,34.76],[177.25,34.47],[177.28,35.0],[177.75,35.27],[177.75,34.68],[178.0,34.84],[178.5,34.53],[179.25,34.52],[180.0,35.92]]}},{"type":"Feature","properties":{"level":1020},"geometry":{"type":"LineString","coordinates":[[99.47,34.0],[100.0,33.93],[100.18,34.25],[99.5,34.96],[98.8,35.0],[98.75,34.74],[98.13,34.5],[99.47,34.0]]}},{"type":"Feature","properties":{"level":1020},"geometry":{"type":"LineString","coordinates":[[97.48,35.25],[98.0,35.02],[98.61,35.5],[97.75,35.77],[97.48,35.25]]}},{"type":"Feature","properties":{"level":1020},"geometry":{"type":"LineString","coordinates":[[-118.03,35.75],[-117.77,36.25],[-118.08,36.75],[-117.92,37.25],[-117.26,37.5],[-118.25,38.01],[-118.43,37.75],[-118.07,37.25],[-118.25,37.06],[-118.67,37.75],[-119.0,37.79],[-120.25,39.09],[-120.25,38.59],[-119.57,37.5],[-119.25,37.38],[-118.5,36.07],[-118.03,35.75]]}},{"type":"Feature","properties":{"level":1020},"geometry":{"type":"LineString","coordinates":[[52.19,35.75],[52.76,36.0],[52.5,36.12],[52.25,35.92],[52.0,36.25],[50.56,36.5],[50.75,36.21],[52.19,35.75]]}},{"type":"Feature","properties":{"level":1020},"geometry":{"type":"LineString","coordinates":[[128.87,35.75],[129.15,35.75],[128.87,35.75]]}},{"type":"Feature","properties":{"level":1020},"geometry":{"type":"LineString","coordinates":[[-180.0,35.92],[-177.25,36.28],[-176.62,36.0],[-177.0,35.5],[-178.15,35.0],[-178.81,34.0],[-180.0,33.68]]}},{"type":"Feature","properties":{"level":1020},"geometry":{"type":"LineString","coordinates":[[80.5,36.2],[80.26,36.25],[80.25,36.51],[80.0,36.27],[78.5,36.92],[76.75,37.1],[76.5,37.62],[76.0,37.77],[75.76,38.5],[74.55,39.5],[75.25,40.14],[77.0,40.47],[78.75,41.26],[79.25,40.99],[78.08,40.25],[78.0,39.9],[77.39,39.75],[78.0,39.26],[79.0,38.85],[80.0,38.78],[80.5,38.22],[82.25,37.82],[82.42,37.5],[85.5,37.73],[85.81,37.5],[83.75,36.73],[82.5,36.63],[81.75,36.2],[80.5,36.2]]}},{"type":"Feature","properties":{"level":1020},"geometry":{"type":"LineString","coordinates":[[180.0,37.37],[179.57,36.5],[178.5,35.53],[178.4,35.75],[179.31,37.25],[179.0,37.42],[178.5,37.11],[178.0,37.46],[178.41,38.25],[177.5,37.84],[177.0,38.35],[176.25,38.56],[176.14,39.25],[176.38,39.75],[176.19,40.25],[176.37,40.5],[175.5,41.31],[173.0,41.77],[169.75,43.07],[167.5,43.21],[158.25,44.95],[148.5,44.38],[143.25,43.19],[142.5,44.12],[141.83,44.0],[141.75,43.75],[141.25,43.83],[140.25,43.46],[137.5,43.13],[136.0,43.08],[134.75,43.33],[134.4,43.5],[134.12,44.25],[134.46,44.5],[134.37,44.75],[134.74,45.25],[134.39,45.75],[135.02,46.5],[134.91,47.5],[132.43,49.0],[133.01,50.0],[132.63,50.5],[132.87,50.75],[132.09,51.5],[132.54,52.0],[132.5,52.5],[131.0,52.66],[130.25,52.97],[129.49,53.5],[129.72,54.0],[129.02,54.25],[128.63,54.75],[129.0,55.13],[129.5,55.09],[130.75,56.06],[131.5,56.12],[132.1,56.5],[129.0,57.5],[129.26,58.25],[129.0,58.45],[124.0,60.08],[121.0,60.73],[116.5,61.04],[105.0,62.53],[99.75,63.75],[97.0,65.04],[95.5,65.25],[93.25,66.15],[87.75,67.35],[77.75,68.73],[60.5,70.06],[53.5,71.86],[49.48,73.25],[44.75,74.07],[41.75,74.16],[38.0,73.92],[32.0,73.13],[24.25,72.72],[14.25,72.59],[9.5,72.04],[6.5,71.34],[1.0,69.02],[-3.48,67.75],[-11.26,65.0],[-13.08,64.25],[-17.0,62.06],[-21.0,58.55],[-23.5,55.68],[-24.75,55.34],[-26.0,54.57],[-27.5,54.26],[-28.75,53.69],[-32.5,52.99],[-35.25,53.28],[-37.75,53.15],[-39.0,53.31],[-43.0,52.16],[-45.0,50.88],[-48.25,48.14],[-54.0,45.0],[-58.89,41.25],[-61.75,37.89],[-63.34,34.75],[-63.06,32.5],[-62.5,31.46],[-60.25,29.64],[-58.0,28.61],[-56.0,28.18],[-51.75,27.78],[-48.75,28.04],[-45.5,28.0],[-44.25,28.61],[-42.25,28.61],[-40.5,29.15],[-38.5,30.54],[-36.0,31.43],[-35.0,32.13],[-34.75,32.01],[-34.13,32.25],[-34.36,32.5],[-33.75,32.55],[-33.02,33.25],[-32.25,33.4],[-30.34,35.75],[-29.28,36.5],[-29.08,37.75],[-28.75,38.25],[-28.11,38.5],[-26.99,40.25],[-28.48,44.0],[-28.12,45.75],[-28.32,46.25],[-27.08,47.0],[-27.0,47.4],[-25.75,48.08],[-24.67,45.0],[-24.46,43.25],[-24.74,41.5],[-26.0,38.52],[-26.26,36.25],[-25.75,35.73],[-24.5,35.79],[-24.0,35.24],[-22.46,35.25],[-22.25,36.52],[-21.75,36.17],[-20.5,36.32],[-19.69,37.0],[-17.5,40.0],[-16.5,41.02],[-15.0,42.07],[-12.0,43.34],[-10.25,43.72],[-8.0,43.76],[-7.43,43.0],[-6.5,42.58],[-6.75,41.81],[-6.0,41.61],[-4.25,42.05],[-2.5,41.63],[-2.08,42.0],[-2.08,42.5],[-1.75,42.68],[1.0,42.71],[1.26,42.5],[1.42,44.0],[3.5,44.22],[5.5,45.85],[5.75,45.53],[6.5,46.52],[8.75,46.78],[9.25,46.62],[10.75,47.06],[11.25,46.72],[12.0,47.14],[12.44,47.0],[12.39,46.25],[13.5,46.04],[14.0,45.4],[14.75,45.08],[15.25,44.37],[19.5,41.99],[20.05,41.0],[19.91,40.25],[20.5,39.57],[21.0,39.45],[21.83,38.25],[21.7,38.0],[21.94,37.25],[22.5,36.76],[23.0,36.82],[22.93,37.5],[23.29,37.5],[23.25,37.9],[24.75,37.94],[25.1,38.75],[25.75,39.32],[26.75,39.5],[27.5,38.99],[28.25,39.14],[28.5,39.54],[29.0,39.64],[29.75,39.41],[30.27,40.0],[30.25,40.32],[29.95,40.5],[30.44,40.75],[30.01,41.25],[30.07,42.5],[30.36,43.75],[30.84,44.25],[30.92,46.75],[29.73,48.25],[27.89,51.25],[28.14,52.0],[28.75,52.37],[29.75,52.49],[33.75,52.22],[36.75,51.84],[38.25,51.41],[39.45,50.75],[41.87,48.25],[42.75,47.75],[43.75,46.74],[44.5,46.58],[45.53,47.0],[46.75,47.14],[48.5,46.86],[50.75,45.87],[52.62,44.5],[52.53,44.0],[53.25,43.38],[54.0,42.93],[54.75,42.88],[55.25,42.11],[56.73,41.5],[58.5,41.35],[59.5,41.62],[61.0,41.39],[63.5,41.93],[64.25,41.76],[64.75,41.35],[67.5,41.7],[69.5,42.46],[70.31,42.25],[69.89,41.75],[70.5,41.1],[72.25,41.48],[73.1,41.0],[73.0,40.36],[71.0,39.86],[68.5,39.59],[67.5,39.18],[67.13,38.75],[67.25,38.4],[67.75,38.7],[68.75,38.77],[70.0,38.47],[70.53,37.0],[69.46,36.25],[69.34,35.75],[68.5,35.51],[68.25,35.84],[66.75,35.56],[65.75,35.65],[64.5,34.41],[65.5,34.05],[67.25,34.07],[66.89,33.25],[67.0,33.03],[68.0,33.37],[69.0,34.75],[68.77,35.0],[69.25,35.18],[70.0,34.98],[71.5,35.3],[73.0,35.05],[74.5,33.49],[75.25,33.4],[75.75,32.87],[76.25,32.75],[76.48,32.25],[77.25,31.92],[78.75,30.58],[80.75,29.84],[83.0,28.48],[84.5,28.46],[86.25,27.84],[86.5,27.56],[87.25,27.67],[88.0,27.35],[88.5,27.56],[89.5,27.14],[89.75,27.14],[89.94,27.5],[90.5,27.24],[91.5,27.51],[92.0,27.18],[93.35,28.25],[94.25,28.4],[95.0,29.07],[95.25,28.67],[96.3,28.5],[96.81,27.75],[97.75,27.94],[98.25,27.8],[98.75,26.85],[99.17,27.0],[99.0,26.5],[99.25,26.48],[100.5,28.35],[100.75,28.12],[101.37,28.5],[101.61,29.0],[101.24,29.25],[101.54,29.5],[101.63,30.25],[101.5,30.59],[101.25,30.59],[100.75,31.81],[100.25,31.97],[100.0,31.05],[99.5,31.61],[98.75,31.8],[98.5,32.2],[98.0,32.03],[97.0,32.81],[96.5,32.19],[96.0,32.39],[95.46,32.25],[95.42,32.75],[96.0,32.61],[97.36,33.5],[95.49,33.75],[95.75,34.21],[96.0,33.76],[96.5,33.76],[97.89,34.25],[96.75,34.64],[96.0,34.66],[95.0,33.87],[94.75,34.4],[94.0,34.13],[93.85,34.0],[94.46,33.75],[93.75,32.74],[92.75,33.02],[92.0,32.87],[91.47,32.25],[93.25,32.1],[93.44,32.0],[93.25,31.75],[93.46,31.5],[92.42,31.0],[92.13,30.75],[92.19,30.5],[91.5,30.31],[91.57,29.75],[91.12,29.5],[91.26,29.25],[90.5,28.74],[89.92,29.5],[90.0,29.68],[90.5,29.37],[90.69,29.5],[90.5,30.0],[90.92,30.5],[88.75,29.89],[88.58,29.75],[88.73,29.5],[89.25,29.84],[89.5,29.25],[88.75,28.86],[87.5,28.92],[86.67,29.25],[87.29,29.5],[87.0,29.84],[85.5,30.09],[84.25,30.67],[83.59,31.25],[83.5,31.87],[83.25,31.73],[83.19,31.25],[82.75,31.18],[81.66,31.75],[81.0,32.98],[80.5,32.86],[79.08,33.75],[80.0,33.89],[80.5,34.37],[80.75,34.1],[81.85,34.0],[82.25,33.4],[83.25,33.36],[83.75,32.98],[84.75,32.88],[85.25,33.07],[86.5,32.52],[87.5,32.46],[88.0,32.68],[89.5,32.74],[89.75,33.0],[90.0,32.87],[90.25,33.29],[90.5,33.08],[91.5,33.12],[92.0,33.5],[92.5,34.54],[93.21,34.75],[92.93,35.0],[93.1,35.25],[94.75,35.41],[94.89,35.75],[93.25,36.41],[92.25,36.08],[91.7,36.75],[91.92,37.0],[91.74,37.5],[90.0,37.92],[89.99,38.25],[90.25,38.13],[90.92,38.5],[91.12,38.75],[91.0,39.0],[91.25,39.08],[92.75,38.88],[93.75,39.46],[94.75,39.37],[96.05,40.0],[95.76,40.5],[95.22,40.5],[95.15,40.75],[95.62,41.25],[95.35,41.75],[96.5,42.01],[96.57,41.5],[97.25,41.65],[98.0,41.18],[98.75,41.57],[99.68,41.5],[100.07,41.75],[100.11,43.25],[101.0,43.85],[102.0,43.93],[103.75,43.5],[104.5,43.01],[106.0,43.28],[107.5,43.11],[110.5,44.37],[112.25,44.26],[112.75,43.87],[113.84,43.75],[114.5,43.25],[117.2,43.75],[116.93,43.0],[118.5,42.14],[120.5,42.29],[120.75,42.04],[121.25,42.26],[122.0,41.78],[123.75,41.57],[124.26,41.0],[124.0,40.73],[125.71,40.25],[125.83,40.0],[126.25,40.06],[126.75,39.05],[127.77,38.5],[128.37,37.5],[128.22,36.75],[128.75,36.57],[129.0,36.08],[130.25,36.41],[131.32,35.75],[131.15,35.25],[131.36,35.0],[130.88,34.5],[131.48,33.75],[130.91,32.5],[131.25,32.08],[132.0,32.77],[136.75,32.8],[141.0,34.25],[143.5,33.35],[145.44,31.25],[146.5,30.93],[150.75,30.71],[154.5,31.29],[157.75,31.57],[160.0,31.5],[160.75,31.72],[164.0,30.98],[164.43,31.25],[164.41,31.5],[165.0,31.71],[165.09,31.5],[164.8,31.25],[164.95,31.0],[165.75,30.63],[167.75,30.73],[169.75,30.52],[170.25,30.24],[173.0,30.15],[173.53,29.5],[174.5,28.95],[178.0,28.35],[180.0,27.76]]}},{"type":"Feature","properties":{"level":1020},"geometry":{"type":"LineString","coordinates":[[99.1,37.75],[99.43,37.75],[99.25,38.83],[98.75,38.89],[97.91,38.25],[98.5,37.78],[99.1,37.75]]}},{"type":"Feature","properties":{"level":1020},"geometry":{"type":"LineString","coordinates":[[22.25,38.21],[22.78,38.25],[22.25,38.21]]}},{"type":"Feature","properties":{"level":1020},"geometry":{"type":"LineString","coordinates":[[95.21,38.25],[95.5,38.0],[96.59,38.25],[95.75,38.45],[95.21,38.25]]}},{"type":"Feature","properties":{"level":1020},"geometry":{"type":"LineString","coordinates":[[-170.25,40.08],[-170.44,40.25],[-170.25,40.51],[-170.03,40.25],[-170.25,40.08]]}},{"type":"Feature","properties":{"level":1020},"geometry":{"type":"LineString","coordinates":[[48.15,41.0],[48.42,41.0],[47.75,41.5],[47.75,42.02],[46.5,42.76],[44.0,42.89],[42.75,43.5],[42.17,43.25],[42.5,42.95],[43.5,42.9],[44.75,42.32],[46.75,41.84],[47.41,41.25],[48.15,41.0]]}},{"type":"Feature","properties":{"level":1020},"geometry":{"type":"LineString","coordinates":[[-104.12,43.75],[-103.75,43.56],[-103.25,43.75],[-104.0,44.34],[-104.34,44.25],[-104.12,43.75]]}},{"type":"Feature","properties":{"level":1020},"geometry":{"type":"LineString","coordinates":[[98.5,44.41],[98.25,44.79],[97.25,44.77],[96.5,45.19],[96.08,45.0],[96.25,44.75],[95.5,44.56],[95.2,44.75],[95.25,44.95],[95.73,45.0],[95.88,45.5],[96.75,45.64],[97.5,45.38],[99.0,45.45],[99.79,44.5],[98.5,44.41]]}},{"type":"Feature","properties":{"level":1020},"geometry":{"type":"LineString","coordinates":[[129.68,54.5],[130.5,54.4],[130.98,55.0],[130.5,55.57],[129.5,54.83],[129.68,54.5]]}},{"type":"Feature","properties":{"level":1020},"geometry":{"type":"LineString","coordinates":[[-43.28,76.5],[-41.86,76.5],[-36.6,77.25],[-34.31,77.75],[-34.1,78.0],[-35.5,78.17],[-36.07,78.5],[-34.91,79.0],[-35.0,79.31],[-40.25,80.1],[-42.5,80.21],[-45.4,80.0],[-48.81,79.5],[-49.69,79.0],[-49.3,78.25],[-47.0,77.98],[-46.1,77.5],[-43.75,77.17],[-43.38,77.0],[-43.28,76.5]]}},{"type":"Feature","properties":{"level":1024},"geometry":{"type":"LineString","coordinates":[[89.46,-87.0],[101.5,-87.15],[104.0,-87.01],[104.45,-86.75],[100.75,-86.55],[89.46,-87.0]]}},{"type":"Feature","properties":{"level":1024},"geometry":{"type":"LineString","coordinates":[[55.21,-82.5],[59.6,-82.25],[59.82,-82.0],[56.88,-81.25],[58.38,-81.0],[58.77,-80.75],[58.75,-80.5],[59.79,-80.0],[58.39,-78.5],[57.0,-77.89],[55.92,-77.0],[52.5,-75.53],[51.25,-75.44],[50.08,-74.75],[49.46,-74.0],[50.63,-73.25],[52.75,-72.45],[45.75,-73.52],[40.25,-73.87],[34.28,-75.0],[35.0,-75.22],[37.6,-75.25],[36.0,-75.61],[32.25,-75.5],[27.25,-74.7],[24.0,-74.59],[22.75,-74.22],[18.5,-74.17],[13.5,-73.69],[11.04,-73.75],[13.93,-74.75],[13.6,-75.0],[13.7,-75.25],[14.75,-76.05],[24.25,-77.08],[26.75,-77.68],[28.75,-77.82],[30.25,-78.3],[32.0,-78.38],[32.5,-78.5],[32.5,-78.75],[36.75,-80.23],[42.05,-81.25],[52.5,-82.03],[55.21,-82.5]]}},{"type":"Feature","properties":{"level":1024},"geometry":{"type":"LineString","coordinates":[[30.75,-78.1],[29.35,-77.5],[30.5,-77.42],[31.62,-77.75],[31.5,-78.13],[30.75,-78.1]]}},{"type":"Feature","properties":{"level":1024},"geometry":{"type":"LineString","coordinates":[[105.7,-78.0],[107.0,-78.07],[108.25,-77.62],[111.0,-77.16],[114.75,-77.2],[118.25,-76.86],[122.5,-75.81],[123.68,-74.75],[123.53,-74.5],[122.0,-73.92],[120.75,-73.66],[103.5,-73.07],[95.0,-73.31],[94.0,-73.65],[93.1,-74.25],[92.81,-74.75],[93.25,-75.21],[95.0,-75.96],[99.5,-76.63],[105.7,-78.0]]}},{"type":"Feature","properties":{"level":1024},"geometry":{"type":"LineString","coordinates":[[-99.33,-53.0],[-97.5,-53.07],[-96.75,-52.8],[-96.04,-52.0],[-96.08,-51.25],[-98.69,-48.5],[-104.75,-43.25],[-108.0,-40.04],[-109.02,-38.0],[-110.0,-33.58],[-111.76,-32.75],[-111.65,-32.0],[-112.0,-31.63],[-112.5,-31.79],[-113.0,-31.42],[-114.0,-31.77],[-114.25,-31.42],[-115.25,-31.42],[-115.75,-31.12],[-116.5,-31.53],[-117.25,-31.57],[-118.75,-32.38],[-120.0,-32.59],[-121.71,-33.5],[-123.75,-33.87],[-123.98,-34.25],[-125.0,-34.78],[-126.75,-35.1],[-127.25,-34.92],[-127.75,-35.44],[-128.75,-35.28],[-130.75,-35.98],[-132.5,-36.97],[-132.94,-37.75],[-132.51,-38.75],[-129.25,-42.02],[-119.5,-47.0],[-114.5,-48.98],[-109.75,-50.52],[-102.0,-52.56],[-99.33,-53.0]]}},{"type":"Feature","properties":{"level":1024},"geometry":{"type":"LineString","coordinates":[[-53.96,-48.5],[-50.5,-48.38],[-44.07,-46.5],[-39.56,-45.0],[-38.94,-44.0],[-42.63,-40.0],[-44.29,-39.0],[-46.25,-37.18],[-48.0,-36.33],[-49.0,-35.09],[-51.3,-34.75],[-52.0,-34.0],[-54.25,-32.7],[-56.5,-33.47],[-59.5,-33.58],[-60.64,-34.25],[-60.73,-34.75],[-61.31,-35.5],[-61.25,-36.04],[-61.5,-35.92],[-62.0,-36.28],[-62.67,-37.5],[-62.57,-38.0],[-61.58,-39.0],[-61.63,-39.75],[-62.07,-40.5],[-61.58,-42.25],[-60.47,-44.5],[-58.58,-46.75],[-56.5,-48.07],[-53.96,-48.5]]}},{"type":"Feature","properties":{"level":1024},"geometry":{"type":"LineString","coordinates":[[-180.0,-45.14],[-177.25,-43.86],[-174.75,-41.68],[-173.57,-38.5],[-173.26,-36.75],[-172.75,-35.75],[-173.0,-35.0],[-172.88,-33.75],[-173.8,-32.5],[-177.0,-30.37],[-180.0,-28.76]]}},{"type":"Feature","properties":{"level":1024},"geometry":{"type":"LineString","coordinates":[[-15.0,-42.5],[-12.5,-42.63],[-9.25,-42.16],[-3.25,-40.65],[4.75,-39.11],[6.5,-38.12],[8.16,-35.25],[7.55,-33.75],[7.38,-32.5],[5.68,-31.25],[5.48,-30.25],[5.0,-29.79],[3.5,-29.41],[2.25,-29.39],[0.75,-28.68],[-2.25,-28.46],[-4.0,-28.75],[-6.5,-28.34],[-6.76,-28.5],[-6.75,-28.88],[-9.13,-29.5],[-9.53,-29.75],[-9.73,-30.25],[-10.29,-30.5],[-10.33,-31.5],[-12.19,-32.5],[-12.2,-32.75],[-13.0,-33.5],[-13.22,-34.5],[-14.0,-35.75],[-15.0,-36.12],[-15.87,-36.75],[-16.54,-37.5],[-16.75,-38.22],[-19.07,-40.0],[-19.25,-41.27],[-15.0,-42.5]]}},{"type":"Feature","properties":{"level":1024},"geometry":{"type":"LineString","coordinates":[[56.77,-37.5],[63.25,-37.59],[75.0,-36.51],[86.25,-33.36],[90.0,-32.73],[93.17,-32.5],[95.75,-31.62],[98.14,-30.0],[98.34,-29.25],[97.77,-28.5],[97.71,-28.0],[98.03,-27.25],[97.67,-26.25],[97.09,-25.5],[96.45,-25.25],[95.68,-24.25],[94.5,-23.36],[93.0,-22.95],[91.5,-22.07],[89.0,-21.48],[87.5,-21.64],[82.25,-20.82],[81.75,-20.57],[81.25,-20.75],[81.0,-20.45],[80.25,-20.83],[76.25,-20.64],[75.75,-20.41],[74.75,-20.53],[74.0,-21.04],[73.25,-21.13],[72.75,-20.72],[72.0,-21.13],[71.0,-20.92],[68.25,-21.6],[67.75,-22.15],[67.25,-21.88],[64.13,-22.75],[59.0,-23.47],[57.5,-24.3],[56.75,-24.39],[56.25,-24.19],[53.75,-25.42],[50.0,-29.74],[49.1,-31.75],[49.04,-32.75],[49.33,-34.0],[50.58,-35.75],[53.25,-36.79],[56.77,-37.5]]}},{"type":"Feature","properties":{"level":1024},"geometry":{"type":"LineString","coordinates":[[-69.9,-34.25],[-69.43,-34.0],[-69.59,-33.25],[-69.4,-33.0],[-70.21,-32.0],[-69.92,-31.75],[-70.0,-31.02],[-70.37,-31.5],[-69.9,-34.25]]}},{"type":"Feature","properties":{"level":1024},"geometry":{"type":"LineString","coordinates":[[-70.14,-30.75],[-70.0,-30.97],[-69.65,-30.5],[-69.44,-28.5],[-68.39,-27.75],[-68.42,-27.25],[-68.13,-26.75],[-68.25,-26.17],[-68.86,-26.5],[-69.82,-29.0],[-70.23,-29.5],[-69.98,-30.0],[-70.3,-30.5],[-70.14,-30.75]]}},{"type":"Feature","properties":{"level":1024},"geometry":{"type":"LineString","coordinates":[[180.0,-28.76],[177.75,-27.22],[177.0,-27.14],[174.75,-26.01],[173.0,-25.87],[172.0,-25.41],[168.75,-25.47],[167.75,-25.22],[167.0,-25.4],[166.5,-25.04],[163.75,-25.12],[162.0,-24.7],[159.75,-24.59],[157.5,-24.02],[155.5,-24.18],[153.5,-23.95],[152.5,-23.6],[152.0,-23.78],[150.25,-23.57],[149.75,-23.87],[149.25,-23.61],[148.0,-23.71],[147.57,-24.25],[147.72,-24.5],[147.29,-24.5],[147.25,-24.11],[146.83,-24.5],[146.75,-25.08],[145.85,-25.5],[145.95,-26.0],[145.5,-26.4],[143.25,-27.56],[142.5,-28.38],[141.75,-28.51],[140.75,-29.44],[139.5,-29.6],[138.5,-31.56],[138.25,-31.36],[137.5,-31.42],[136.37,-32.25],[136.25,-34.0],[135.83,-34.25],[135.0,-35.51],[133.75,-40.25],[133.57,-42.0],[133.79,-43.0],[134.81,-44.5],[136.5,-45.85],[142.0,-47.93],[143.75,-48.41],[147.0,-48.78],[151.25,-48.81],[164.75,-48.23],[175.25,-46.59],[180.0,-45.14]]}},{"type":"Feature","properties":{"level":1024},"geometry":{"type":"LineString","coordinates":[[-97.43,19.25],[-96.51,20.0],[-97.02,21.75],[-97.01,22.75],[-96.0,24.68],[-91.75,28.72],[-85.5,32.15],[-84.59,33.0],[-83.84,34.75],[-82.52,35.5],[-81.16,36.75],[-80.84,38.0],[-80.27,38.75],[-80.59,39.5],[-79.97,41.75],[-80.31,42.0],[-78.09,45.75],[-77.08,49.0],[-77.24,49.75],[-78.25,50.9],[-79.5,51.42],[-81.73,53.0],[-84.5,53.87],[-84.75,54.13],[-85.75,54.22],[-90.75,53.74],[-95.25,52.6],[-97.78,50.75],[-101.0,47.04],[-101.54,45.75],[-101.4,43.5],[-102.94,41.0],[-102.9,40.5],[-103.73,39.5],[-105.39,38.75],[-105.25,38.56],[-104.5,38.75],[-104.0,38.47],[-103.5,38.86],[-102.87,38.25],[-103.0,37.63],[-104.0,37.11],[-104.75,37.22],[-105.26,37.75],[-105.1,38.0],[-105.25,38.19],[-106.0,38.4],[-106.13,39.0],[-105.49,39.5],[-105.37,40.5],[-106.15,41.0],[-106.25,41.46],[-106.5,41.54],[-106.75,41.18],[-107.33,41.25],[-107.59,40.75],[-107.0,40.58],[-107.0,40.38],[-108.0,40.28],[-108.24,40.0],[-109.25,39.72],[-110.0,39.67],[-111.12,40.25],[-109.5,40.57],[-109.0,40.31],[-108.7,40.5],[-108.94,41.0],[-109.5,40.85],[-110.75,41.14],[-111.58,40.5],[-111.17,40.0],[-111.75,38.63],[-112.25,38.33],[-112.5,38.47],[-113.07,37.5],[-112.25,37.14],[-111.0,37.32],[-110.51,38.0],[-111.1,38.25],[-111.11,38.5],[-110.58,38.75],[-110.55,39.0],[-111.0,39.0],[-110.75,39.56],[-109.75,38.86],[-109.16,39.25],[-108.71,39.25],[-109.0,39.14],[-109.5,38.2],[-110.0,38.04],[-110.25,38.38],[-110.43,37.5],[-110.17,37.25],[-110.65,36.75],[-110.0,36.25],[-109.68,36.25],[-109.5,36.67],[-109.28,35.5],[-109.0,35.5],[-108.91,34.25],[-109.72,34.0],[-110.25,33.5],[-109.89,33.0],[-110.19,32.5],[-109.61,32.25],[-109.25,31.5],[-108.31,30.75],[-108.42,30.25],[-107.46,30.0],[-107.89,29.75],[-107.97,29.0],[-108.21,28.75],[-107.86,28.25],[-107.78,27.25],[-106.73,26.25],[-106.69,25.75],[-105.85,24.75],[-105.51,23.75],[-104.5,23.32],[-103.0,23.48],[-102.32,24.0],[-102.25,24.6],[-102.0,24.47],[-101.5,24.86],[-100.75,24.78],[-100.49,24.0],[-99.94,23.75],[-99.88,23.5],[-100.88,22.5],[-101.06,21.5],[-100.01,20.75],[-99.53,19.75],[-98.75,19.98],[-97.43,19.25]]}},{"type":"Feature","properties":{"level":1024},"geometry":{"type":"LineString","coordinates":[[86.58,27.75],[87.16,27.75],[87.13,28.25],[86.0,28.59],[85.33,28.5],[86.58,27.75]]}},{"type":"Feature","properties":{"level":1024},"geometry":{"type":"LineString","coordinates":[[87.62,27.75],[88.25,27.51],[88.5,27.72],[89.0,27.58],[89.5,28.14],[90.75,27.76],[91.25,28.43],[91.5,28.35],[91.46,28.0],[91.75,27.72],[92.14,28.25],[92.0,28.63],[92.5,28.46],[92.61,28.25],[92.36,28.0],[92.75,27.81],[93.03,28.25],[92.89,28.5],[94.0,28.62],[95.5,29.5],[96.35,29.0],[96.23,28.75],[96.5,28.79],[97.0,28.12],[97.5,28.41],[98.23,28.25],[97.25,29.75],[96.25,30.51],[95.25,30.89],[94.75,30.76],[94.5,31.13],[92.74,30.5],[92.64,30.25],[92.95,30.0],[92.75,29.66],[92.07,29.5],[92.24,29.0],[92.0,28.81],[91.25,28.5],[87.75,28.16],[87.62,27.75]]}},{"type":"Feature","properties":{"level":1024},"geometry":{"type":"LineString","coordinates":[[83.13,28.75],[83.5,28.65],[83.75,28.84],[84.0,28.52],[85.21,29.0],[85.0,29.11],[84.75,28.87],[84.25,29.16],[84.0,29.0],[83.75,29.42],[83.5,29.4],[83.13,28.75]]}},{"type":"Feature","properties":{"level":1024},"geometry":{"type":"LineString","coordinates":[[81.22,29.75],[81.48,29.75],[81.5,30.02],[83.0,29.62],[83.14,29.75],[82.75,30.28],[83.72,30.5],[83.5,30.78],[83.0,30.7],[82.5,30.95],[81.25,30.6],[81.0,30.21],[80.5,30.92],[80.21,30.75],[78.75,31.75],[78.3,31.25],[78.83,30.75],[79.75,30.53],[79.75,30.23],[81.22,29.75]]}},{"type":"Feature","properties":{"level":1024},"geometry":{"type":"LineString","coordinates":[[-52.6,31.5],[-49.25,31.31],[-44.75,31.71],[-42.25,32.19],[-39.0,33.45],[-36.45,35.0],[-33.92,37.25],[-31.67,40.75],[-32.71,44.75],[-32.75,46.34],[-33.25,46.4],[-33.5,47.3],[-37.13,48.75],[-37.76,49.25],[-38.0,49.83],[-40.25,50.59],[-41.0,50.56],[-43.75,49.65],[-49.0,45.9],[-53.04,43.5],[-55.4,41.5],[-57.25,39.5],[-58.71,37.0],[-58.9,35.25],[-58.5,34.07],[-57.76,33.25],[-52.6,31.5]]}},{"type":"Feature","properties":{"level":1024},"geometry":{"type":"LineString","coordinates":[[94.24,31.5],[95.19,31.75],[95.0,32.71],[94.25,32.33],[93.73,32.5],[93.66,32.25],[94.24,31.5]]}},{"type":"Feature","properties":{"level":1024},"geometry":{"type":"LineString","coordinates":[[77.57,31.75],[78.18,31.75],[77.97,32.25],[78.43,32.5],[78.07,32.75],[78.31,33.0],[78.12,33.25],[78.5,33.55],[78.25,33.8],[78.0,33.5],[77.61,33.5],[77.6,33.25],[77.15,33.25],[76.78,34.0],[75.96,34.25],[75.68,34.5],[75.75,34.75],[76.25,34.95],[77.0,34.38],[78.5,34.35],[78.73,34.5],[78.25,34.61],[78.55,35.0],[78.31,35.5],[79.25,35.8],[81.0,34.84],[83.5,35.61],[83.85,35.5],[83.49,35.0],[83.95,34.5],[83.34,34.25],[83.5,34.05],[85.5,33.42],[85.65,33.5],[85.5,33.77],[86.0,33.67],[86.5,33.87],[86.67,33.75],[86.44,33.5],[86.75,33.3],[87.25,33.57],[88.5,33.18],[90.0,33.91],[90.86,34.0],[89.75,35.04],[89.25,34.87],[89.0,35.08],[88.79,35.5],[89.0,35.91],[89.25,35.92],[89.3,35.5],[90.0,35.18],[90.21,36.0],[90.35,35.5],[91.0,35.4],[91.31,36.0],[92.03,36.25],[91.18,36.75],[91.67,37.25],[91.5,37.47],[90.5,37.76],[90.25,36.88],[89.26,36.75],[89.25,36.46],[86.76,37.0],[86.25,37.46],[84.0,36.55],[82.5,36.52],[81.75,36.03],[80.0,36.1],[78.5,36.8],[76.75,36.93],[76.25,37.53],[75.25,37.7],[74.75,38.36],[74.27,38.25],[74.25,37.96],[73.48,38.25],[73.62,38.5],[73.0,39.7],[72.25,39.42],[71.73,39.5],[72.14,39.75],[71.38,39.75],[71.08,39.5],[71.6,39.25],[71.28,39.0],[71.45,38.5],[72.02,38.0],[71.32,37.75],[71.0,36.64],[70.5,36.62],[70.01,35.75],[70.75,35.45],[71.5,35.74],[71.46,36.0],[71.75,36.1],[72.02,36.0],[72.06,35.5],[72.5,35.24],[73.75,35.71],[74.47,35.5],[74.25,35.28],[73.5,35.37],[73.27,35.0],[73.5,34.7],[75.36,34.5],[75.21,34.25],[75.52,34.0],[75.5,33.71],[76.5,33.02],[76.73,32.5],[77.25,32.24],[77.57,31.75]]}},{"type":"Feature","properties":{"level":1024},"geometry":{"type":"LineString","coordinates":[[91.92,32.5],[92.75,32.4],[93.13,32.75],[92.5,32.89],[91.92,32.5]]}},{"type":"Feature","properties":{"level":1024},"geometry":{"type":"LineString","coordinates":[[82.5,34.5],[83.0,34.31],[83.22,34.5],[83.0,34.93],[82.05,34.75],[82.5,34.5]]}},{"type":"Feature","properties":{"level":1024},"geometry":{"type":"LineString","coordinates":[[153.04,35.0],[153.5,34.97],[154.0,35.4],[154.75,35.27],[156.47,36.25],[156.5,36.5],[157.0,36.25],[158.75,36.82],[159.12,36.25],[160.0,36.37],[160.25,36.19],[161.5,36.56],[163.0,38.51],[164.0,39.11],[164.17,39.5],[163.75,40.03],[162.75,40.4],[161.25,40.47],[160.25,40.78],[159.75,40.51],[158.25,41.23],[153.5,42.16],[152.14,41.75],[151.0,40.65],[150.5,40.66],[149.0,39.97],[145.5,39.83],[144.37,39.5],[143.93,39.25],[143.12,37.5],[143.25,37.23],[145.0,37.3],[145.0,36.43],[145.5,36.35],[145.66,36.0],[146.75,36.08],[147.5,35.45],[148.5,35.27],[149.25,35.56],[150.5,35.33],[151.0,35.56],[151.25,35.23],[152.25,35.34],[153.04,35.0]]}},{"type":"Feature","properties":{"level":1024},"geometry":{"type":"LineString","coordinates":[[-111.85,35.25],[-111.5,35.25],[-112.0,36.85],[-112.25,36.89],[-112.37,36.5],[-111.79,35.5],[-111.85,35.25]]}},{"type":"Feature","properties":{"level":1024},"geometry":{"type":"LineString","coordinates":[[-136.87,36.25],[-136.25,36.04],[-133.25,36.88],[-131.25,38.05],[-130.51,39.0],[-130.49,40.5],[-131.0,40.22],[-131.5,40.37],[-131.75,40.04],[-132.75,40.09],[-134.0,39.53],[-134.5,39.57],[-136.25,37.83],[-136.94,36.75],[-136.87,36.25]]}},{"type":"Feature","properties":{"level":1024},"geometry":{"type":"LineString","coordinates":[[161.95,36.25],[162.5,36.39],[162.99,37.0],[162.0,36.61],[161.95,36.25]]}},{"type":"Feature","properties":{"level":1024},"geometry":{"type":"LineString","coordinates":[[87.17,37.25],[88.5,37.24],[88.53,37.75],[87.5,37.99],[86.95,37.75],[87.51,37.5],[87.17,37.25]]}},{"type":"Feature","properties":{"level":1024},"geometry":{"type":"LineString","coordinates":[[86.1,38.25],[89.25,39.17],[93.5,39.88],[94.25,39.61],[95.0,39.69],[95.0,39.97],[94.37,40.25],[94.75,41.04],[95.36,41.25],[94.78,42.0],[98.5,42.38],[96.71,43.25],[97.5,43.23],[98.0,42.83],[99.11,43.25],[99.02,43.5],[97.0,44.54],[96.25,44.27],[95.5,44.33],[94.79,45.0],[95.0,45.43],[95.75,45.64],[96.75,45.89],[97.55,45.75],[97.01,46.0],[96.61,46.75],[96.96,47.75],[97.5,47.86],[98.75,47.84],[99.41,47.5],[99.5,47.04],[101.03,46.75],[101.39,46.0],[101.08,45.75],[101.75,44.64],[102.73,44.25],[102.53,44.0],[103.5,43.84],[103.75,43.86],[103.75,44.25],[104.0,44.42],[104.75,44.23],[106.75,44.35],[107.5,44.68],[111.75,45.07],[113.75,44.97],[114.75,44.24],[115.75,44.02],[118.75,44.72],[119.5,43.7],[123.25,44.39],[126.53,44.5],[128.0,45.5],[128.5,45.38],[129.0,45.88],[130.0,45.85],[130.75,46.47],[131.37,46.5],[131.57,46.75],[129.45,46.75],[130.11,47.0],[130.0,47.31],[130.49,48.0],[130.66,49.0],[127.58,52.0],[126.39,53.75],[126.35,54.0],[127.07,54.25],[126.0,55.43],[126.21,56.0],[126.02,56.25],[126.9,57.0],[126.79,57.5],[124.93,58.25],[123.25,58.52],[122.75,58.88],[117.2,59.75],[116.25,59.68],[114.75,60.23],[106.0,61.2],[100.5,62.24],[95.75,64.03],[89.0,65.67],[74.73,67.5],[68.25,67.65],[65.75,68.32],[59.5,68.21],[54.5,68.71],[52.61,69.25],[49.82,70.75],[45.5,72.16],[41.0,72.9],[17.0,71.55],[13.25,71.12],[12.0,70.75],[11.0,70.79],[7.52,70.0],[-6.69,65.5],[-13.25,62.7],[-15.3,61.5],[-17.5,59.67],[-21.11,55.25],[-22.2,53.0],[-22.95,50.25],[-22.92,48.0],[-22.06,45.5],[-21.5,44.55],[-19.75,43.46],[-18.25,43.48],[-12.5,44.75],[-4.59,45.25],[0.58,46.25],[2.09,47.5],[2.0,47.75],[2.5,48.36],[3.64,49.0],[3.93,49.75],[2.5,50.55],[1.84,51.75],[2.5,52.88],[4.25,53.8],[12.75,55.05],[18.0,55.11],[19.0,54.88],[20.25,53.26],[20.75,53.07],[21.83,53.5],[21.91,54.25],[22.23,54.5],[21.8,55.25],[22.13,55.5],[24.25,55.93],[28.25,55.85],[33.75,55.01],[37.0,54.1],[37.91,53.5],[40.75,52.43],[42.75,50.99],[45.04,49.75],[47.0,49.46],[49.8,48.5],[51.75,47.23],[54.0,46.28],[55.75,44.95],[56.75,44.67],[57.25,44.02],[58.32,43.5],[59.0,43.73],[63.94,44.0],[64.5,44.31],[67.0,44.65],[68.0,43.85],[69.67,43.25],[70.25,42.65],[71.5,42.55],[72.25,42.88],[73.0,42.58],[74.5,42.59],[75.25,42.33],[75.5,42.5],[76.21,42.25],[75.25,41.64],[74.5,41.92],[74.57,41.5],[74.32,41.25],[74.5,41.16],[75.5,41.28],[75.75,40.95],[76.75,40.64],[79.25,41.56],[79.9,41.0],[79.75,40.75],[80.0,40.45],[81.75,40.31],[82.25,39.65],[82.73,39.5],[82.63,39.25],[83.0,38.92],[86.1,38.25]]}},{"type":"Feature","properties":{"level":1024},"geometry":{"type":"LineString","coordinates":[[69.83,39.5],[70.5,39.26],[70.96,39.5],[70.5,39.68],[69.83,39.5]]}},{"type":"Feature","properties":{"level":1024},"geometry":{"type":"LineString","coordinates":[[80.25,41.64],[80.09,41.75],[81.25,42.15],[81.45,42.0],[80.75,41.51],[80.25,41.64]]}},{"type":"Feature","properties":{"level":1024},"geometry":{"type":"LineString","coordinates":[[93.75,42.11],[93.0,42.67],[92.75,42.43],[92.27,42.5],[92.18,43.0],[93.75,43.02],[94.25,43.45],[94.86,43.0],[94.75,42.62],[94.25,42.58],[94.24,42.25],[93.75,42.11]]}},{"type":"Feature","properties":{"level":1024},"geometry":{"type":"LineString","coordinates":[[-110.77,44.0],[-110.5,44.33],[-110.0,44.1],[-110.0,44.83],[-110.5,44.98],[-111.25,44.67],[-111.32,44.5],[-110.77,44.0]]}},{"type":"Feature","properties":{"level":1024},"geometry":{"type":"LineString","coordinates":[[26.21,45.75],[26.36,46.0],[25.94,46.75],[26.07,47.0],[25.35,48.0],[23.48,49.0],[22.89,49.0],[23.92,48.25],[24.09,47.75],[24.73,47.5],[25.75,45.85],[26.21,45.75]]}},{"type":"Feature","properties":{"level":1024},"geometry":{"type":"LineString","coordinates":[[15.02,48.75],[16.25,48.78],[17.21,49.25],[17.17,50.25],[17.48,49.75],[18.0,49.74],[18.93,50.75],[19.0,51.21],[17.75,51.46],[17.07,51.25],[17.0,50.93],[14.5,50.83],[14.67,50.0],[13.89,49.5],[15.02,48.75]]}},{"type":"Feature","properties":{"level":1024},"geometry":{"type":"LineString","coordinates":[[20.19,49.25],[21.12,49.5],[20.25,49.81],[19.47,49.75],[20.19,49.25]]}},{"type":"Feature","properties":{"level":1024},"geometry":{"type":"LineString","coordinates":[[4.81,50.0],[5.28,50.0],[4.81,50.0]]}},{"type":"Feature","properties":{"level":1024},"geometry":{"type":"LineString","coordinates":[[11.93,50.0],[13.0,50.08],[13.69,50.75],[13.0,50.78],[12.0,50.25],[11.93,50.0]]}},{"type":"Feature","properties":{"level":1024},"geometry":{"type":"LineString","coordinates":[[18.5,56.25],[18.75,56.25],[18.5,56.25]]}},{"type":"Feature","properties":{"level":1028},"geometry":{"type":"LineString","coordinates":[[49.91,-80.75],[56.75,-80.92],[58.0,-80.58],[58.14,-80.25],[58.71,-80.0],[57.72,-78.5],[56.53,-78.25],[54.5,-77.14],[51.75,-76.22],[48.75,-76.0],[47.89,-75.25],[48.72,-74.75],[48.71,-74.5],[48.25,-73.94],[47.25,-73.66],[40.5,-74.0],[39.25,-74.43],[36.77,-74.75],[40.73,-75.0],[40.5,-75.25],[37.0,-75.89],[33.12,-75.75],[26.75,-74.92],[25.25,-74.95],[23.75,-75.34],[20.75,-75.26],[22.59,-74.5],[15.5,-74.13],[14.11,-74.25],[15.4,-74.75],[14.17,-75.25],[14.5,-75.6],[16.75,-76.04],[26.0,-76.86],[32.19,-77.0],[37.75,-77.53],[42.5,-76.9],[43.42,-77.5],[42.25,-78.15],[37.38,-78.5],[37.91,-79.0],[39.0,-79.38],[42.5,-80.12],[49.91,-80.75]]}},{"type":"Feature","properties":{"level":1028},"geometry":{"type":"LineString","coordinates":[[104.72,-77.25],[106.25,-77.15],[106.45,-77.0],[106.04,-76.25],[107.5,-75.86],[117.0,-75.94],[120.5,-75.43],[121.95,-74.75],[121.28,-74.25],[120.25,-73.98],[103.25,-73.37],[96.0,-73.58],[94.55,-74.0],[93.93,-74.75],[95.25,-75.78],[100.84,-76.25],[102.0,-76.83],[104.72,-77.25]]}},{"type":"Feature","properties":{"level":1028},"geometry":{"type":"LineString","coordinates":[[16.5,-75.02],[16.34,-75.0],[17.65,-75.0],[16.5,-75.02]]}},{"type":"Feature","properties":{"level":1028},"geometry":{"type":"LineString","coordinates":[[39.75,-74.54],[39.52,-74.5],[41.87,-74.5],[41.25,-74.71],[39.75,-74.54]]}},{"type":"Feature","properties":{"level":1028},"geometry":{"type":"LineString","coordinates":[[47.9,-73.5],[48.96,-73.5],[47.9,-73.5]]}},{"type":"Feature","properties":{"level":1028},"geometry":{"type":"LineString","coordinates":[[-107.99,-48.25],[-106.97,-48.0],[-106.8,-46.25],[-108.19,-44.0],[-111.11,-40.75],[-113.25,-36.62],[-114.5,-35.65],[-115.75,-36.19],[-117.0,-35.92],[-117.75,-36.75],[-118.25,-36.6],[-118.5,-37.0],[-118.75,-36.7],[-120.25,-37.12],[-121.0,-36.77],[-121.68,-37.75],[-124.3,-39.25],[-124.0,-40.75],[-123.01,-42.25],[-119.69,-44.5],[-117.0,-45.78],[-109.75,-47.93],[-107.99,-48.25]]}},{"type":"Feature","properties":{"level":1028},"geometry":{"type":"LineString","coordinates":[[-53.58,-45.25],[-51.75,-45.17],[-48.69,-44.0],[-47.48,-42.75],[-47.47,-41.0],[-47.85,-40.5],[-48.75,-39.97],[-51.5,-39.0],[-54.5,-38.46],[-57.25,-38.54],[-57.92,-39.25],[-58.27,-40.25],[-58.25,-41.5],[-57.84,-42.75],[-56.0,-44.41],[-54.5,-45.1],[-53.58,-45.25]]}},{"type":"Feature","properties":{"level":1028},"geometry":{"type":"LineString","coordinates":[[-180.0,-42.1],[-179.01,-40.75],[-178.58,-39.75],[-178.29,-38.0],[-178.68,-34.75],[-179.15,-33.75],[-180.0,-32.97]]}},{"type":"Feature","properties":{"level":1028},"geometry":{"type":"LineString","coordinates":[[-5.7,-37.5],[-5.5,-37.7],[-4.31,-37.5],[-4.25,-37.21],[-4.0,-37.41],[-3.42,-37.25],[-3.12,-37.0],[-3.0,-36.2],[-1.95,-36.75],[-1.69,-36.5],[-1.76,-35.75],[-1.04,-35.25],[-1.49,-34.0],[-1.61,-34.25],[-2.25,-34.17],[-2.5,-34.0],[-2.5,-33.35],[-3.0,-33.16],[-5.25,-33.66],[-5.75,-33.41],[-5.79,-33.75],[-4.99,-34.5],[-6.0,-34.36],[-6.25,-34.92],[-6.75,-35.01],[-7.75,-34.43],[-8.06,-34.5],[-8.26,-35.0],[-8.15,-35.75],[-8.57,-36.0],[-8.2,-36.25],[-8.55,-36.5],[-7.5,-37.23],[-7.37,-36.75],[-8.0,-36.0],[-7.75,-35.8],[-7.1,-36.25],[-6.65,-37.25],[-5.7,-37.5]]}},{"type":"Feature","properties":{"level":1028},"geometry":{"type":"LineString","coordinates":[[62.29,-35.0],[66.25,-35.05],[70.25,-34.73],[74.75,-33.7],[82.16,-31.5],[84.82,-29.75],[85.62,-28.75],[86.2,-28.5],[86.25,-28.2],[86.81,-28.0],[87.03,-27.75],[87.0,-27.0],[85.93,-26.25],[79.75,-25.68],[76.0,-24.82],[73.0,-25.09],[71.75,-25.65],[71.28,-25.5],[71.0,-24.99],[70.0,-25.58],[67.0,-26.55],[66.25,-27.2],[65.5,-26.97],[64.5,-27.36],[63.25,-27.35],[62.75,-27.63],[62.0,-27.27],[61.0,-27.47],[59.0,-29.04],[58.78,-29.5],[57.43,-30.0],[56.79,-32.25],[57.49,-33.25],[58.77,-34.25],[62.29,-35.0]]}},{"type":"Feature","properties":{"level":1028},"geometry":{"type":"LineString","coordinates":[[180.0,-32.97],[178.75,-31.4],[178.0,-30.81],[176.0,-30.02],[173.0,-29.33],[172.75,-28.93],[170.75,-28.61],[168.75,-28.68],[167.25,-28.3],[165.25,-28.56],[163.75,-28.11],[162.75,-28.28],[162.0,-28.14],[161.0,-28.4],[157.75,-27.4],[155.5,-27.42],[153.0,-26.88],[152.55,-27.25],[152.72,-27.5],[152.5,-27.74],[151.62,-28.25],[151.25,-29.15],[150.5,-29.38],[149.25,-28.64],[147.25,-29.08],[146.0,-29.71],[143.5,-32.55],[142.91,-32.75],[142.66,-33.25],[139.75,-34.9],[139.62,-35.5],[139.0,-35.49],[138.45,-36.25],[137.92,-38.25],[137.73,-41.0],[137.84,-42.25],[138.51,-43.75],[140.25,-45.06],[142.0,-45.83],[144.25,-46.41],[147.5,-46.87],[158.5,-47.48],[161.5,-47.43],[167.75,-46.8],[168.31,-46.5],[167.75,-46.15],[167.5,-46.29],[167.48,-46.0],[168.25,-45.6],[168.18,-45.0],[168.42,-44.5],[170.12,-43.75],[171.0,-43.61],[171.5,-43.05],[172.0,-42.88],[172.75,-41.9],[173.46,-41.5],[173.96,-42.0],[173.25,-42.59],[173.0,-42.5],[171.29,-44.25],[171.25,-45.25],[172.5,-45.52],[175.0,-45.03],[178.0,-43.75],[180.0,-42.1]]}},{"type":"Feature","properties":{"level":1028},"geometry":{"type":"LineString","coordinates":[[-69.18,-27.75],[-69.0,-27.95],[-68.54,-27.75],[-68.61,-27.25],[-68.22,-26.75],[-68.5,-26.38],[-69.26,-27.5],[-69.18,-27.75]]}},{"type":"Feature","properties":{"level":1028},"geometry":{"type":"LineString","coordinates":[[-98.88,20.75],[-98.33,21.0],[-98.38,21.25],[-99.5,22.66],[-99.85,21.75],[-98.88,20.75]]}},{"type":"Feature","properties":{"level":1028},"geometry":{"type":"LineString","coordinates":[[-99.4,23.5],[-99.25,23.29],[-98.75,23.59],[-98.41,23.5],[-98.66,24.5],[-97.65,26.0],[-97.67,26.5],[-97.3,27.25],[-94.25,30.19],[-90.75,31.61],[-87.5,33.46],[-86.37,33.75],[-84.25,35.8],[-83.21,35.75],[-83.5,36.04],[-84.0,35.9],[-84.26,36.25],[-83.22,37.5],[-82.88,41.5],[-82.44,42.75],[-83.0,45.17],[-81.0,46.14],[-80.05,47.5],[-80.19,48.5],[-81.12,49.75],[-83.25,50.96],[-88.0,51.83],[-93.75,51.49],[-95.25,50.77],[-96.45,49.75],[-100.0,45.82],[-100.37,43.0],[-101.22,41.5],[-102.3,37.0],[-103.75,35.64],[-105.33,34.75],[-105.72,34.25],[-105.65,34.0],[-106.17,33.5],[-106.25,32.75],[-106.5,33.34],[-107.0,32.96],[-107.25,33.18],[-106.97,34.0],[-107.25,34.21],[-108.36,34.0],[-108.01,32.5],[-106.78,31.75],[-105.89,30.75],[-106.0,30.27],[-106.75,29.33],[-106.73,28.75],[-107.35,28.0],[-106.95,26.75],[-106.25,26.56],[-106.07,25.75],[-105.5,25.39],[-105.25,25.8],[-104.5,25.6],[-104.25,25.78],[-104.25,27.02],[-103.75,27.27],[-103.0,27.14],[-102.79,27.0],[-103.02,26.75],[-102.86,26.25],[-101.91,25.75],[-102.34,25.5],[-101.75,25.17],[-100.5,25.23],[-99.95,24.0],[-99.4,23.5]]}},{"type":"Feature","properties":{"level":1028},"geometry":{"type":"LineString","coordinates":[[79.12,30.75],[79.75,30.69],[79.85,31.0],[78.75,31.56],[78.5,31.25],[79.12,30.75]]}},{"type":"Feature","properties":{"level":1028},"geometry":{"type":"LineString","coordinates":[[77.41,32.25],[77.75,32.04],[77.81,32.25],[76.75,33.37],[76.68,33.0],[77.38,32.5],[77.41,32.25]]}},{"type":"Feature","properties":{"level":1028},"geometry":{"type":"LineString","coordinates":[[85.46,34.25],[86.0,34.09],[86.5,34.5],[85.75,34.83],[85.25,34.71],[85.06,34.5],[85.46,34.25]]}},{"type":"Feature","properties":{"level":1028},"geometry":{"type":"LineString","coordinates":[[76.88,35.0],[77.75,34.81],[78.03,35.0],[77.74,35.25],[78.0,35.55],[79.25,35.97],[81.0,35.0],[82.0,35.08],[82.29,35.5],[83.15,35.75],[82.75,35.98],[82.0,35.75],[80.0,35.96],[79.0,36.39],[78.0,35.89],[77.81,36.0],[78.31,36.5],[78.0,36.84],[76.75,36.84],[75.75,37.52],[75.0,37.47],[74.75,37.79],[73.75,37.61],[73.25,37.94],[72.75,37.55],[72.0,37.64],[71.92,37.25],[71.26,36.75],[71.29,36.5],[70.42,36.25],[70.5,36.05],[70.75,36.23],[71.25,36.07],[71.5,36.33],[72.0,36.26],[72.5,36.58],[72.73,36.25],[72.25,36.08],[72.18,35.75],[72.5,35.62],[73.75,35.89],[73.75,36.15],[72.8,36.25],[73.75,36.42],[75.25,35.51],[75.5,35.62],[76.88,35.0]]}},{"type":"Feature","properties":{"level":1028},"geometry":{"type":"LineString","coordinates":[[-49.53,35.25],[-47.25,35.04],[-45.75,35.45],[-45.0,35.32],[-41.5,36.83],[-40.09,37.75],[-40.09,38.0],[-39.25,38.68],[-39.03,39.25],[-38.28,40.0],[-37.64,41.5],[-37.87,41.75],[-37.66,42.5],[-38.4,45.25],[-38.93,46.0],[-40.0,46.83],[-41.03,47.25],[-43.0,47.22],[-44.09,46.75],[-47.52,44.5],[-48.49,43.5],[-49.97,42.5],[-50.62,41.5],[-52.63,39.5],[-53.15,38.25],[-52.93,37.0],[-52.48,36.25],[-49.53,35.25]]}},{"type":"Feature","properties":{"level":1028},"geometry":{"type":"LineString","coordinates":[[84.93,35.5],[85.25,35.37],[86.45,35.75],[85.75,35.98],[85.0,35.91],[84.67,35.75],[84.93,35.5]]}},{"type":"Feature","properties":{"level":1028},"geometry":{"type":"LineString","coordinates":[[-105.9,35.75],[-105.75,35.57],[-105.52,35.75],[-105.26,36.5],[-105.5,36.82],[-105.9,35.75]]}},{"type":"Feature","properties":{"level":1028},"geometry":{"type":"LineString","coordinates":[[90.78,36.0],[91.0,35.87],[91.77,36.25],[91.25,36.44],[91.0,36.29],[90.83,36.75],[91.5,37.29],[90.75,37.39],[90.34,36.75],[90.5,36.25],[90.9,36.25],[90.78,36.0]]}},{"type":"Feature","properties":{"level":1028},"geometry":{"type":"LineString","coordinates":[[87.42,36.25],[87.73,36.5],[87.5,36.74],[87.0,36.79],[86.71,36.5],[87.42,36.25]]}},{"type":"Feature","properties":{"level":1028},"geometry":{"type":"LineString","coordinates":[[-108.01,37.5],[-107.5,37.4],[-107.19,37.75],[-107.5,38.02],[-107.97,38.0],[-108.29,37.75],[-108.01,37.5]]}},{"type":"Feature","properties":{"level":1028},"geometry":{"type":"LineString","coordinates":[[72.04,38.5],[72.5,38.3],[72.75,39.04],[73.04,39.0],[73.0,39.4],[71.75,39.11],[71.63,39.0],[72.04,38.5]]}},{"type":"Feature","properties":{"level":1028},"geometry":{"type":"LineString","coordinates":[[-107.34,38.75],[-106.75,38.92],[-105.85,39.75],[-106.42,39.75],[-107.0,39.22],[-107.51,39.25],[-107.34,38.75]]}},{"type":"Feature","properties":{"level":1028},"geometry":{"type":"LineString","coordinates":[[90.37,40.5],[90.75,40.42],[91.25,40.85],[91.75,40.72],[93.88,41.0],[92.55,41.5],[92.54,41.75],[91.5,42.13],[90.74,42.75],[91.45,43.25],[93.25,43.4],[93.75,43.15],[94.11,43.5],[93.75,44.16],[94.99,44.5],[94.25,44.91],[94.23,45.25],[93.75,45.66],[92.85,46.0],[93.0,46.12],[94.75,45.71],[96.36,46.0],[96.0,46.31],[95.25,45.92],[94.57,46.0],[94.56,46.25],[95.25,46.52],[95.46,47.0],[95.25,47.44],[94.75,47.49],[94.33,48.0],[95.0,48.24],[94.81,48.5],[95.5,48.76],[98.75,48.25],[99.67,47.75],[99.75,47.36],[102.03,46.5],[102.33,46.25],[102.5,45.37],[102.75,45.28],[104.75,45.22],[105.75,45.7],[108.5,46.3],[110.75,46.11],[111.5,45.81],[113.0,45.91],[115.0,45.19],[115.75,45.13],[118.5,46.05],[120.0,47.01],[122.5,46.83],[123.51,47.0],[123.75,47.75],[123.43,48.0],[123.35,48.5],[124.0,48.69],[124.05,49.0],[123.8,50.0],[123.42,50.5],[123.6,51.0],[123.23,51.25],[123.75,51.38],[124.3,52.25],[123.73,53.25],[122.96,54.0],[122.92,54.25],[123.5,54.77],[123.51,55.25],[122.46,56.25],[122.78,56.75],[120.72,57.0],[120.61,57.25],[120.94,57.5],[120.75,57.8],[120.25,57.73],[118.64,58.25],[117.75,58.21],[116.75,58.73],[115.5,58.79],[113.25,59.46],[107.75,59.73],[101.75,60.57],[93.75,62.67],[91.8,63.5],[89.5,64.04],[86.25,64.18],[82.75,64.77],[75.0,65.55],[65.25,65.92],[64.49,66.25],[64.39,66.5],[65.12,67.0],[64.75,67.12],[55.75,66.45],[45.5,66.47],[45.25,66.5],[45.76,67.0],[45.25,67.5],[45.51,68.25],[45.31,68.75],[44.17,70.0],[42.83,70.5],[40.0,71.15],[37.75,71.37],[29.75,71.44],[18.75,70.75],[12.25,69.73],[-0.5,66.34],[-8.25,63.64],[-11.0,62.4],[-13.5,60.81],[-16.75,58.02],[-19.0,54.83],[-20.05,51.5],[-19.96,49.75],[-19.4,48.5],[-18.5,47.57],[-17.25,46.93],[-15.25,46.6],[-6.75,47.16],[-3.45,48.0],[-3.15,48.25],[-3.36,48.75],[-1.7,49.5],[-0.11,51.0],[0.75,53.33],[2.9,54.75],[5.5,55.75],[8.75,56.19],[13.0,57.14],[15.75,58.15],[17.75,58.57],[22.0,58.75],[35.5,57.64],[37.75,57.94],[38.75,58.36],[39.07,58.25],[38.95,58.0],[40.25,57.71],[40.75,57.01],[41.5,56.57],[42.69,55.0],[42.98,54.25],[45.0,53.44],[46.5,52.4],[48.28,51.75],[53.58,49.0],[55.5,47.45],[57.5,46.24],[61.25,45.72],[65.0,45.74],[67.5,45.19],[68.77,44.25],[68.75,43.75],[69.0,43.69],[69.5,44.05],[70.75,43.78],[74.0,43.85],[74.75,43.15],[75.75,43.07],[76.0,42.84],[78.0,43.35],[78.36,43.0],[78.0,42.46],[79.14,42.5],[77.5,41.97],[76.13,42.0],[76.28,41.75],[75.64,41.5],[76.5,40.89],[77.5,41.4],[78.75,41.47],[79.5,42.12],[80.0,41.84],[81.75,42.46],[82.89,42.25],[82.61,42.0],[83.25,41.62],[85.25,41.93],[87.0,41.65],[87.25,41.42],[88.0,41.49],[88.75,41.09],[89.25,41.31],[90.0,40.95],[90.77,41.5],[90.88,41.0],[90.37,40.5]]}},{"type":"Feature","properties":{"level":1028},"geometry":{"type":"LineString","coordinates":[[95.71,42.25],[96.47,42.5],[96.5,43.51],[95.75,43.78],[94.75,43.64],[94.71,43.25],[95.52,42.75],[95.71,42.25]]}},{"type":"Feature","properties":{"level":1028},"geometry":{"type":"LineString","coordinates":[[88.0,42.72],[87.97,43.0],[88.47,43.0],[88.49,42.75],[88.0,42.72]]}},{"type":"Feature","properties":{"level":1028},"geometry":{"type":"LineString","coordinates":[[-93.25,51.22],[-93.25,51.43],[-93.25,51.22]]}},{"type":"Feature","properties":{"level":1032},"geometry":{"type":"LineString","coordinates":[[50.6,-80.5],[56.25,-80.69],[57.09,-80.5],[57.05,-80.25],[57.73,-79.75],[57.44,-79.0],[57.0,-78.59],[53.42,-77.5],[52.48,-77.0],[50.75,-76.65],[48.75,-76.69],[47.75,-76.34],[46.68,-76.75],[47.06,-77.0],[43.75,-77.93],[41.83,-79.0],[42.0,-79.32],[43.75,-79.77],[50.6,-80.5]]}},{"type":"Feature","properties":{"level":1032},"geometry":{"type":"LineString","coordinates":[[34.76,-77.0],[40.0,-77.1],[41.51,-76.75],[41.5,-76.47],[40.3,-76.25],[42.0,-76.03],[43.07,-76.25],[43.45,-76.75],[44.0,-76.79],[45.25,-76.15],[47.0,-76.02],[46.66,-75.75],[46.99,-75.5],[46.85,-75.25],[47.62,-74.5],[45.0,-74.17],[43.5,-74.22],[43.71,-74.75],[40.0,-75.5],[39.63,-75.75],[39.75,-76.14],[39.25,-76.27],[31.06,-75.75],[27.5,-75.21],[24.0,-75.62],[15.5,-75.29],[14.73,-75.5],[27.75,-76.79],[34.76,-77.0]]}},{"type":"Feature","properties":{"level":1032},"geometry":{"type":"LineString","coordinates":[[102.45,-76.5],[103.18,-76.5],[103.23,-76.0],[104.99,-75.5],[104.96,-75.0],[105.25,-74.8],[108.0,-74.74],[108.27,-74.5],[107.5,-74.18],[106.0,-74.28],[104.25,-73.75],[97.5,-73.68],[95.3,-74.0],[94.49,-74.75],[96.24,-75.75],[101.25,-75.93],[102.45,-76.5]]}},{"type":"Feature","properties":{"level":1032},"geometry":{"type":"LineString","coordinates":[[112.54,-75.0],[117.75,-75.16],[119.5,-74.88],[120.21,-74.5],[115.0,-74.06],[109.25,-74.03],[108.54,-74.25],[109.0,-74.62],[112.54,-75.0]]}},{"type":"Feature","properties":{"level":1032},"geometry":{"type":"LineString","coordinates":[[18.08,-74.5],[19.34,-74.5],[18.08,-74.5]]}},{"type":"Feature","properties":{"level":1032},"geometry":{"type":"LineString","coordinates":[[153.58,-46.0],[157.75,-46.2],[164.75,-45.69],[166.5,-46.0],[167.25,-44.85],[168.5,-43.97],[168.87,-44.0],[169.78,-43.5],[169.75,-43.14],[170.25,-43.33],[171.2,-42.75],[172.5,-40.28],[174.25,-40.0],[173.75,-39.75],[173.8,-39.25],[174.57,-38.75],[174.73,-37.0],[174.25,-36.03],[173.29,-35.0],[173.5,-34.85],[174.25,-35.05],[174.85,-35.5],[175.0,-35.97],[175.62,-34.5],[175.44,-34.0],[174.25,-33.15],[172.25,-32.32],[167.75,-31.4],[166.0,-31.52],[163.25,-31.33],[160.0,-31.64],[154.25,-31.17],[153.25,-30.97],[153.0,-30.44],[152.5,-30.48],[152.57,-31.25],[152.31,-31.5],[151.5,-32.09],[150.0,-32.47],[149.76,-32.75],[149.86,-33.5],[149.5,-34.25],[148.04,-34.5],[143.69,-37.0],[143.75,-37.28],[146.25,-37.53],[147.0,-36.62],[148.06,-36.25],[148.03,-35.75],[148.5,-35.42],[148.83,-35.75],[148.46,-37.0],[149.08,-37.5],[148.91,-37.75],[147.0,-37.76],[146.6,-38.0],[146.5,-38.53],[145.78,-38.5],[145.75,-38.24],[144.94,-38.25],[142.73,-39.75],[142.23,-41.0],[142.34,-42.0],[142.76,-42.75],[144.33,-44.0],[148.5,-45.18],[153.58,-46.0]]}},{"type":"Feature","properties":{"level":1032},"geometry":{"type":"LineString","coordinates":[[174.51,-40.25],[175.0,-40.25],[174.51,-40.25]]}},{"type":"Feature","properties":{"level":1032},"geometry":{"type":"LineString","coordinates":[[-101.82,27.25],[-101.54,27.25],[-101.15,28.5],[-101.62,29.5],[-101.5,29.73],[-100.5,29.49],[-99.25,29.63],[-97.5,30.33],[-95.75,32.07],[-94.5,32.9],[-91.75,33.8],[-90.73,34.75],[-88.75,35.97],[-87.95,37.0],[-87.29,38.75],[-86.84,39.0],[-86.51,39.75],[-86.75,41.18],[-87.25,41.14],[-87.36,42.0],[-86.39,45.0],[-85.46,46.25],[-86.27,46.5],[-87.0,47.71],[-88.61,48.0],[-88.85,48.25],[-88.5,49.24],[-91.5,49.51],[-93.06,48.75],[-93.75,48.97],[-95.19,48.5],[-98.55,44.75],[-99.24,42.5],[-100.22,41.0],[-100.95,36.75],[-101.33,36.25],[-101.15,35.75],[-102.75,33.89],[-103.25,32.87],[-102.95,31.25],[-103.5,30.93],[-104.07,31.0],[-104.0,30.56],[-103.5,30.6],[-103.36,30.25],[-102.62,29.75],[-102.58,29.25],[-102.11,28.75],[-102.22,28.5],[-101.82,27.25]]}},{"type":"Feature","properties":{"level":1032},"geometry":{"type":"LineString","coordinates":[[76.78,35.25],[77.5,35.06],[77.98,35.75],[77.48,36.25],[77.88,36.5],[77.75,36.68],[76.75,36.74],[75.75,37.33],[75.25,37.26],[74.75,37.59],[73.5,37.4],[73.25,37.79],[72.56,37.25],[72.25,37.46],[72.0,36.87],[71.61,36.75],[72.0,36.44],[72.5,36.77],[73.0,36.44],[73.75,36.6],[75.25,35.71],[75.5,35.81],[76.78,35.25]]}},{"type":"Feature","properties":{"level":1032},"geometry":{"type":"LineString","coordinates":[[80.73,35.25],[82.0,35.16],[82.25,35.75],[82.99,35.75],[82.75,35.92],[82.0,35.66],[81.25,35.87],[79.91,35.75],[80.73,35.25]]}},{"type":"Feature","properties":{"level":1032},"geometry":{"type":"LineString","coordinates":[[77.03,41.75],[77.25,41.53],[77.5,41.7],[78.0,41.52],[78.75,42.0],[78.0,42.07],[77.03,41.75]]}},{"type":"Feature","properties":{"level":1032},"geometry":{"type":"LineString","coordinates":[[83.81,42.25],[85.5,42.07],[86.75,42.42],[87.57,42.75],[87.51,43.0],[88.25,43.53],[90.0,43.27],[91.5,43.68],[92.75,43.45],[93.25,43.67],[93.75,43.41],[93.5,43.9],[92.75,43.89],[91.75,44.58],[90.85,44.75],[90.65,45.0],[91.23,45.25],[90.58,45.75],[90.0,46.98],[89.34,47.0],[87.63,47.75],[88.5,47.93],[89.25,48.25],[89.5,48.62],[90.0,48.67],[90.56,48.5],[91.0,47.91],[91.5,47.68],[91.37,48.5],[92.08,48.75],[91.35,49.25],[92.5,49.58],[93.25,49.62],[94.25,49.29],[96.0,49.39],[96.75,49.79],[98.5,49.68],[99.25,49.38],[99.41,48.75],[100.23,48.25],[100.0,47.98],[101.0,47.25],[104.5,46.38],[106.0,46.55],[106.32,47.0],[106.21,47.25],[106.62,47.5],[107.13,48.5],[108.0,48.65],[109.0,48.33],[108.69,47.75],[109.5,47.15],[114.25,46.86],[116.0,47.18],[116.67,47.5],[116.77,48.75],[117.91,50.5],[117.65,50.75],[118.64,51.25],[118.0,51.91],[117.42,52.0],[117.33,52.5],[116.71,53.0],[116.85,53.5],[118.25,54.35],[118.64,55.0],[118.26,55.25],[119.26,55.5],[119.37,56.0],[118.83,56.25],[119.66,56.5],[119.56,57.0],[119.25,57.18],[118.25,56.92],[118.85,57.25],[118.75,57.49],[116.75,57.86],[105.5,58.73],[103.25,59.2],[99.25,59.55],[91.0,61.45],[80.0,63.25],[71.25,63.67],[68.25,63.36],[65.0,62.61],[60.5,62.54],[59.39,63.25],[59.21,63.75],[60.12,65.0],[59.75,65.3],[58.19,64.75],[55.93,62.75],[55.31,61.5],[51.75,60.55],[50.08,59.75],[49.38,59.25],[48.61,57.75],[48.61,57.0],[49.22,55.75],[51.12,53.5],[57.25,48.58],[58.25,48.49],[58.5,48.18],[60.5,47.69],[63.0,47.71],[65.75,47.2],[69.94,46.0],[72.5,45.68],[75.25,44.68],[78.25,44.63],[78.16,44.0],[78.63,43.75],[78.48,43.25],[79.0,42.83],[80.5,42.58],[81.75,42.73],[82.25,42.45],[83.0,42.6],[83.81,42.25]]}},{"type":"Feature","properties":{"level":1032},"geometry":{"type":"LineString","coordinates":[[-86.56,43.25],[-86.22,43.25],[-85.75,44.32],[-86.35,44.0],[-86.56,43.25]]}},{"type":"Feature","properties":{"level":1032},"geometry":{"type":"LineString","coordinates":[[79.75,44.68],[80.25,45.12],[80.77,44.75],[80.25,44.54],[79.75,44.68]]}},{"type":"Feature","properties":{"level":1032},"geometry":{"type":"LineString","coordinates":[[86.0,44.74],[83.68,45.0],[85.06,46.0],[84.82,46.25],[85.06,46.5],[85.75,46.81],[86.75,46.59],[87.0,46.88],[87.5,46.92],[87.82,46.5],[87.71,46.0],[88.56,45.5],[88.25,44.96],[86.0,44.74]]}},{"type":"Feature","properties":{"level":1032},"geometry":{"type":"LineString","coordinates":[[-86.04,48.25],[-85.5,48.06],[-84.86,48.25],[-84.77,48.5],[-85.75,48.67],[-86.04,48.25]]}},{"type":"Feature","properties":{"level":1032},"geometry":{"type":"LineString","coordinates":[[91.25,48.95],[90.5,49.04],[90.08,49.75],[90.77,49.75],[91.25,48.95]]}},{"type":"Feature","properties":{"level":1032},"geometry":{"type":"LineString","coordinates":[[-13.67,49.5],[-11.0,49.29],[-9.0,49.55],[-6.25,51.07],[-2.68,51.75],[-0.16,54.75],[1.5,55.88],[7.67,57.75],[12.1,58.5],[20.75,60.46],[28.0,60.74],[34.25,61.38],[35.1,62.5],[34.35,63.5],[34.13,64.5],[34.31,64.75],[38.75,66.85],[39.27,67.25],[39.47,67.75],[37.5,69.13],[34.5,69.88],[28.5,70.51],[23.75,70.21],[23.25,69.99],[22.0,70.18],[13.0,68.69],[11.53,68.0],[4.08,66.25],[-1.97,64.5],[-9.75,61.24],[-12.7,59.0],[-14.63,57.0],[-16.21,54.0],[-16.35,52.0],[-16.0,51.14],[-15.05,50.0],[-13.67,49.5]]}},{"type":"Feature","properties":{"level":1036},"geometry":{"type":"LineString","coordinates":[[53.93,-80.5],[55.5,-80.53],[56.43,-80.25],[56.84,-79.75],[56.35,-79.25],[56.53,-78.75],[51.75,-77.4],[48.25,-77.15],[44.25,-78.13],[42.54,-79.0],[43.0,-79.29],[46.0,-79.87],[53.93,-80.5]]}},{"type":"Feature","properties":{"level":1036},"geometry":{"type":"LineString","coordinates":[[38.98,-77.0],[40.21,-76.75],[39.75,-76.49],[30.75,-75.91],[27.75,-75.48],[25.14,-76.0],[26.0,-76.37],[28.25,-76.64],[38.98,-77.0]]}},{"type":"Feature","properties":{"level":1036},"geometry":{"type":"LineString","coordinates":[[23.34,-76.0],[24.86,-76.0],[23.34,-76.0]]}},{"type":"Feature","properties":{"level":1036},"geometry":{"type":"LineString","coordinates":[[43.12,-76.0],[43.75,-76.1],[46.0,-75.66],[46.25,-75.5],[46.04,-75.0],[46.71,-74.75],[45.5,-74.71],[40.7,-75.75],[43.12,-76.0]]}},{"type":"Feature","properties":{"level":1036},"geometry":{"type":"LineString","coordinates":[[96.41,-75.5],[100.25,-75.6],[102.0,-75.18],[102.28,-74.75],[102.15,-74.5],[100.5,-74.01],[97.75,-73.92],[96.23,-74.0],[94.93,-74.75],[96.41,-75.5]]}},{"type":"Feature","properties":{"level":1036},"geometry":{"type":"LineString","coordinates":[[114.05,-74.75],[116.19,-74.5],[113.02,-74.5],[114.05,-74.75]]}},{"type":"Feature","properties":{"level":1036},"geometry":{"type":"LineString","coordinates":[[156.63,-44.5],[159.25,-44.49],[162.75,-44.03],[164.75,-43.4],[166.0,-42.65],[167.25,-41.3],[168.08,-39.75],[168.0,-39.0],[168.28,-38.0],[167.99,-36.75],[168.37,-36.0],[168.27,-35.75],[167.6,-35.25],[166.25,-34.97],[163.75,-35.26],[161.5,-35.87],[161.0,-36.38],[160.56,-36.0],[159.75,-35.85],[158.25,-35.79],[156.0,-36.16],[155.25,-35.92],[154.0,-36.2],[152.25,-36.97],[149.65,-40.25],[149.65,-41.25],[150.61,-42.5],[152.25,-43.54],[154.25,-44.18],[156.63,-44.5]]}},{"type":"Feature","properties":{"level":1036},"geometry":{"type":"LineString","coordinates":[[-96.74,35.25],[-95.5,35.37],[-94.75,35.85],[-93.5,36.22],[-91.5,37.76],[-91.17,38.25],[-90.67,40.0],[-90.18,40.75],[-90.23,42.75],[-90.75,43.61],[-91.3,43.75],[-91.16,44.25],[-91.75,45.5],[-92.05,45.5],[-92.75,44.54],[-93.5,44.37],[-94.5,44.56],[-95.91,43.75],[-97.16,41.75],[-98.59,37.5],[-98.5,36.69],[-98.25,36.87],[-97.98,36.75],[-98.42,36.5],[-98.72,35.75],[-98.49,35.5],[-97.5,35.59],[-96.74,35.25]]}},{"type":"Feature","properties":{"level":1036},"geometry":{"type":"LineString","coordinates":[[76.88,35.25],[77.5,35.23],[77.68,35.5],[77.83,35.75],[77.24,36.25],[77.75,36.53],[74.75,37.42],[73.0,37.12],[72.25,37.21],[72.15,37.0],[72.75,36.59],[73.75,36.72],[74.5,36.54],[74.5,36.21],[75.0,36.2],[75.25,35.86],[75.5,35.94],[76.88,35.25]]}},{"type":"Feature","properties":{"level":1036},"geometry":{"type":"LineString","coordinates":[[81.31,35.25],[82.0,35.23],[82.08,35.5],[81.5,35.47],[81.25,35.78],[81.05,35.5],[81.31,35.25]]}},{"type":"Feature","properties":{"level":1036},"geometry":{"type":"LineString","coordinates":[[84.44,42.25],[85.25,42.15],[85.75,42.47],[87.0,42.64],[87.26,42.75],[87.35,43.5],[87.13,43.75],[85.0,44.16],[82.5,44.15],[81.0,44.89],[80.75,44.43],[82.49,43.75],[82.25,43.49],[79.55,43.0],[80.75,42.66],[81.75,42.89],[82.0,42.75],[82.25,43.16],[82.61,43.0],[82.25,42.75],[83.0,42.8],[83.5,42.41],[84.44,42.25]]}},{"type":"Feature","properties":{"level":1036},"geometry":{"type":"LineString","coordinates":[[89.28,43.5],[90.47,43.5],[90.0,43.69],[89.28,43.5]]}},{"type":"Feature","properties":{"level":1036},"geometry":{"type":"LineString","coordinates":[[81.17,45.0],[82.13,45.25],[82.08,45.5],[81.75,45.78],[81.23,45.75],[81.0,46.06],[79.83,45.5],[80.25,45.34],[80.75,45.49],[81.0,45.12],[81.34,45.25],[81.17,45.0]]}},{"type":"Feature","properties":{"level":1036},"geometry":{"type":"LineString","coordinates":[[-90.74,45.25],[-90.5,45.04],[-90.07,45.25],[-90.25,45.44],[-90.74,45.25]]}},{"type":"Feature","properties":{"level":1036},"geometry":{"type":"LineString","coordinates":[[-89.08,45.5],[-88.75,46.38],[-90.0,46.51],[-91.12,46.25],[-90.75,45.62],[-89.75,46.12],[-89.07,45.75],[-89.08,45.5]]}},{"type":"Feature","properties":{"level":1036},"geometry":{"type":"LineString","coordinates":[[82.65,45.5],[83.5,45.33],[83.99,45.75],[83.5,46.08],[82.75,46.12],[82.42,45.75],[82.65,45.5]]}},{"type":"Feature","properties":{"level":1036},"geometry":{"type":"LineString","coordinates":[[83.92,46.25],[84.0,46.08],[85.0,46.78],[85.04,47.25],[84.25,47.59],[83.25,47.51],[82.03,48.0],[81.64,48.75],[81.91,49.0],[81.9,49.5],[81.5,49.75],[81.25,49.35],[81.14,49.5],[81.18,50.5],[82.25,51.25],[83.28,50.75],[83.5,50.15],[84.74,50.0],[85.56,49.25],[86.75,49.18],[88.0,48.64],[88.5,49.41],[89.25,49.62],[89.5,49.46],[90.0,50.04],[91.29,49.75],[91.69,50.5],[92.25,50.84],[94.0,50.93],[95.25,50.65],[96.5,50.92],[97.17,50.75],[96.65,50.25],[97.0,50.2],[98.5,50.82],[100.0,50.78],[100.16,51.25],[100.5,51.38],[100.75,51.25],[100.5,50.3],[101.5,49.75],[101.52,49.25],[103.0,49.05],[103.25,48.59],[103.75,48.43],[103.86,48.75],[104.7,49.25],[105.75,49.49],[106.25,49.21],[107.25,49.13],[108.25,49.42],[108.75,49.18],[111.25,49.56],[111.75,49.38],[112.24,49.75],[112.53,51.25],[112.4,51.75],[111.97,52.0],[112.25,52.28],[110.92,52.75],[112.0,53.16],[112.71,53.75],[112.67,54.0],[113.81,54.75],[113.25,55.05],[112.25,54.67],[112.06,54.75],[112.25,55.23],[115.04,56.0],[113.77,56.25],[114.94,56.75],[114.75,57.17],[114.0,56.94],[112.25,57.25],[111.75,56.93],[110.25,56.9],[109.65,57.0],[109.75,57.25],[109.5,57.36],[106.75,57.31],[96.75,58.28],[94.5,58.72],[93.02,59.25],[92.5,59.66],[91.0,59.28],[84.0,59.76],[78.25,60.77],[74.25,60.7],[72.5,60.56],[71.25,60.13],[67.5,59.49],[66.61,58.5],[66.38,57.0],[65.75,56.7],[63.25,56.36],[60.75,55.54],[59.25,55.44],[58.0,54.92],[57.0,55.32],[56.49,54.75],[56.34,52.75],[58.0,51.32],[60.0,50.38],[66.5,49.12],[67.34,48.5],[71.5,48.11],[73.5,46.98],[77.5,46.74],[79.25,46.96],[80.75,47.48],[83.52,46.75],[83.92,46.25]]}},{"type":"Feature","properties":{"level":1036},"geometry":{"type":"LineString","coordinates":[[108.25,53.3],[108.19,53.75],[108.75,53.99],[109.25,54.85],[109.25,54.1],[108.5,53.3],[108.25,53.3]]}},{"type":"Feature","properties":{"level":1036},"geometry":{"type":"LineString","coordinates":[[-8.28,54.0],[-6.75,54.27],[-6.0,54.71],[-5.75,55.15],[-3.75,55.03],[-2.86,55.5],[-2.44,56.25],[0.58,58.75],[1.78,60.25],[1.78,61.0],[2.25,61.5],[1.87,62.0],[2.25,62.32],[1.75,62.51],[-0.5,62.4],[-2.0,62.0],[-4.78,60.75],[-7.71,58.75],[-8.74,57.75],[-9.77,56.25],[-9.25,55.53],[-8.25,55.25],[-8.54,54.75],[-8.28,54.0]]}},{"type":"Feature","properties":{"level":1036},"geometry":{"type":"LineString","coordinates":[[116.43,56.75],[117.0,56.65],[117.79,57.25],[117.22,57.25],[116.43,56.75]]}},{"type":"Feature","properties":{"level":1036},"geometry":{"type":"LineString","coordinates":[[7.19,59.0],[8.25,59.0],[9.25,59.43],[17.0,61.38],[17.88,62.0],[23.75,64.81],[29.3,65.75],[30.33,66.25],[30.26,66.5],[31.99,67.75],[31.96,68.0],[30.5,68.6],[25.75,68.66],[23.75,68.53],[22.75,68.16],[21.5,68.04],[21.0,68.08],[20.78,68.5],[20.25,68.75],[17.75,68.61],[15.06,67.75],[15.19,67.5],[15.0,67.42],[12.0,66.61],[11.76,66.25],[8.5,65.45],[5.25,64.11],[3.73,63.75],[3.52,63.25],[4.75,63.16],[7.5,64.0],[9.44,63.75],[7.25,62.54],[6.74,62.5],[6.5,62.18],[5.75,62.03],[5.99,61.75],[5.75,61.43],[5.45,61.5],[5.5,61.25],[6.0,61.03],[6.25,60.34],[6.5,60.3],[6.25,60.19],[6.25,59.88],[7.19,59.0]]}},{"type":"Feature","properties":{"level":1036},"geometry":{"type":"LineString","coordinates":[[28.5,65.88],[28.37,66.0],[28.66,66.0],[28.5,65.88]]}},{"type":"Feature","properties":{"level":1036},"geometry":{"type":"LineString","coordinates":[[20.5,67.7],[19.55,68.25],[20.53,68.25],[20.5,67.99],[21.04,67.75],[20.5,67.7]]}},{"type":"Feature","properties":{"level":1040},"geometry":{"type":"LineString","coordinates":[[52.5,-80.25],[55.41,-80.25],[55.54,-79.75],[55.11,-79.5],[54.98,-79.0],[55.29,-78.75],[51.5,-77.62],[49.5,-77.42],[47.0,-77.66],[43.43,-79.0],[43.74,-79.25],[45.75,-79.69],[52.5,-80.25]]}},{"type":"Feature","properties":{"level":1040},"geometry":{"type":"LineString","coordinates":[[52.0,-79.51],[50.13,-79.25],[49.91,-79.0],[51.0,-78.71],[52.5,-78.75],[52.75,-79.26],[53.2,-79.5],[52.0,-79.51]]}},{"type":"Feature","properties":{"level":1040},"geometry":{"type":"LineString","coordinates":[[28.63,-76.5],[33.5,-76.71],[35.26,-76.5],[29.5,-76.16],[26.83,-76.25],[28.63,-76.5]]}},{"type":"Feature","properties":{"level":1040},"geometry":{"type":"LineString","coordinates":[[44.39,-75.5],[45.65,-75.5],[45.5,-75.24],[44.39,-75.5]]}},{"type":"Feature","properties":{"level":1040},"geometry":{"type":"LineString","coordinates":[[96.78,-75.25],[98.75,-75.33],[100.57,-75.0],[100.25,-74.68],[99.0,-74.4],[98.0,-75.03],[96.78,-75.25]]}},{"type":"Feature","properties":{"level":1040},"geometry":{"type":"LineString","coordinates":[[76.98,35.25],[77.25,35.68],[77.5,35.37],[77.67,35.75],[77.04,36.25],[77.39,36.5],[77.25,36.59],[75.25,37.06],[75.0,36.88],[74.75,37.27],[74.5,36.84],[74.25,37.35],[72.63,37.0],[72.75,36.69],[73.25,36.95],[73.5,36.63],[73.75,36.8],[74.5,36.67],[74.59,36.25],[75.25,36.36],[76.0,35.66],[76.25,35.63],[76.5,35.98],[76.98,35.25]]}},{"type":"Feature","properties":{"level":1040},"geometry":{"type":"LineString","coordinates":[[84.88,42.25],[85.3,42.25],[85.25,42.6],[87.0,42.75],[87.0,43.16],[85.75,43.72],[85.25,43.56],[84.25,44.02],[82.69,44.0],[83.5,43.7],[83.75,43.34],[82.99,43.0],[83.5,42.54],[84.88,42.25]]}},{"type":"Feature","properties":{"level":1040},"geometry":{"type":"LineString","coordinates":[[80.37,42.75],[81.65,43.0],[81.0,43.17],[80.37,42.75]]}},{"type":"Feature","properties":{"level":1040},"geometry":{"type":"LineString","coordinates":[[86.79,49.5],[87.0,49.39],[87.75,49.86],[88.0,49.65],[88.29,49.75],[87.82,50.0],[88.0,50.27],[89.5,49.94],[90.75,50.32],[91.46,50.75],[90.31,51.0],[90.5,51.54],[91.75,52.02],[93.0,51.88],[93.75,52.3],[96.25,51.65],[97.25,51.78],[96.9,51.5],[97.0,51.32],[97.75,51.1],[98.5,51.19],[98.75,51.57],[99.25,51.67],[100.0,51.42],[100.5,51.66],[100.95,51.5],[101.0,51.25],[101.59,51.25],[102.0,50.93],[102.5,51.04],[104.03,50.75],[104.46,51.0],[103.77,51.75],[103.75,52.08],[102.84,52.5],[103.42,52.75],[102.82,53.25],[102.65,53.75],[103.25,54.04],[104.25,53.18],[105.19,54.0],[105.23,54.25],[104.61,54.75],[105.2,55.25],[105.0,55.64],[101.75,54.79],[100.75,55.16],[100.38,54.75],[99.75,54.75],[96.75,55.79],[95.0,55.24],[93.75,55.64],[92.75,55.68],[92.0,55.14],[91.5,55.15],[91.12,54.75],[91.5,54.6],[92.0,54.79],[92.56,54.5],[93.01,54.25],[92.94,53.75],[92.2,53.25],[91.5,53.21],[90.7,53.25],[90.42,53.75],[90.4,54.5],[89.0,55.38],[88.04,55.5],[87.76,55.25],[87.89,54.75],[88.76,53.0],[88.03,52.25],[87.0,51.67],[86.25,51.61],[86.0,51.37],[84.75,51.54],[83.74,51.0],[84.25,50.37],[86.06,50.5],[86.74,50.0],[86.79,49.5]]}},{"type":"Feature","properties":{"level":1040},"geometry":{"type":"LineString","coordinates":[[106.12,53.25],[106.5,53.1],[107.99,54.0],[108.43,54.5],[108.41,55.25],[108.03,55.25],[107.24,54.0],[106.12,53.25]]}},{"type":"Feature","properties":{"level":1040},"geometry":{"type":"LineString","coordinates":[[109.96,54.5],[110.75,55.07],[110.75,55.57],[110.5,55.7],[110.16,55.5],[109.96,54.5]]}},{"type":"Feature","properties":{"level":1040},"geometry":{"type":"LineString","coordinates":[[105.58,55.25],[106.25,55.04],[106.61,55.5],[106.0,55.57],[105.58,55.25]]}},{"type":"Feature","properties":{"level":1040},"geometry":{"type":"LineString","coordinates":[[90.39,55.5],[90.85,55.5],[90.39,55.5]]}},{"type":"Feature","properties":{"level":1040},"geometry":{"type":"LineString","coordinates":[[91.01,55.75],[92.0,55.53],[92.31,55.75],[92.0,56.12],[91.01,55.75]]}},{"type":"Feature","properties":{"level":1040},"geometry":{"type":"LineString","coordinates":[[12.43,62.25],[13.5,62.14],[13.68,62.25],[13.39,62.5],[13.77,63.0],[12.75,63.16],[12.0,63.0],[12.43,62.25]]}},{"type":"Feature","properties":{"level":1044},"geometry":{"type":"LineString","coordinates":[[48.07,-79.75],[51.0,-79.9],[51.16,-79.75],[49.0,-79.35],[48.78,-79.25],[48.84,-79.0],[52.45,-78.25],[51.0,-77.74],[47.75,-77.71],[45.17,-78.5],[44.41,-79.0],[45.5,-79.52],[48.07,-79.75]]}},{"type":"Feature","properties":{"level":1044},"geometry":{"type":"LineString","coordinates":[[76.84,35.5],[77.0,35.31],[77.16,35.5],[77.2,35.75],[76.88,36.0],[77.23,36.5],[75.97,36.75],[76.0,36.15],[75.59,36.25],[76.0,35.8],[76.25,36.07],[76.66,36.0],[76.84,35.5]]}},{"type":"Feature","properties":{"level":1044},"geometry":{"type":"LineString","coordinates":[[84.31,42.5],[84.75,42.36],[85.25,42.72],[86.16,42.75],[86.4,43.25],[85.75,43.55],[85.0,43.31],[84.57,43.75],[84.0,43.87],[83.75,43.75],[84.26,43.5],[83.49,43.0],[83.47,42.75],[84.31,42.5]]}},{"type":"Feature","properties":{"level":1044},"geometry":{"type":"LineString","coordinates":[[88.38,50.5],[88.75,50.36],[89.75,50.66],[89.75,50.84],[89.15,51.0],[89.73,51.25],[88.25,51.74],[87.75,51.41],[87.72,51.0],[87.25,50.83],[86.68,51.0],[87.5,50.55],[88.0,51.21],[88.5,51.1],[88.79,50.75],[88.05,50.75],[88.38,50.5]]}},{"type":"Feature","properties":{"level":1044},"geometry":{"type":"LineString","coordinates":[[97.86,51.75],[99.0,51.96],[99.69,52.5],[99.27,52.75],[99.5,53.11],[100.0,53.16],[100.07,53.0],[99.75,52.92],[99.79,52.5],[100.75,51.9],[101.75,51.99],[101.94,52.25],[100.75,53.37],[100.0,53.33],[99.25,53.81],[98.65,53.5],[99.22,53.25],[99.14,53.0],[97.49,52.0],[97.86,51.75]]}},{"type":"Feature","properties":{"level":1044},"geometry":{"type":"LineString","coordinates":[[94.46,54.0],[95.75,53.81],[96.15,54.0],[95.79,54.5],[95.44,54.5],[95.0,54.11],[94.5,54.61],[94.16,54.5],[94.11,54.25],[94.46,54.0]]}},{"type":"Feature","properties":{"level":1048},"geometry":{"type":"LineString","coordinates":[[46.19,-79.5],[47.7,-79.5],[47.32,-79.25],[47.37,-79.0],[48.3,-78.5],[49.74,-78.25],[49.25,-77.96],[48.0,-77.93],[45.24,-79.0],[45.16,-79.25],[46.19,-79.5]]}},{"type":"Feature","properties":{"level":1048},"geometry":{"type":"LineString","coordinates":[[84.47,42.5],[84.9,42.5],[84.5,43.35],[83.62,42.75],[84.47,42.5]]}},{"type":"Feature","properties":{"level":1048},"geometry":{"type":"LineString","coordinates":[[85.51,42.75],[85.89,42.75],[86.23,43.25],[86.0,43.35],[85.14,43.0],[85.51,42.75]]}}]}