{"type":"FeatureCollection","features":[{"type":"Feature","properties":{"level":940},"geometry":{"type":"LineString","coordinates":[[3.75,-63.04],[2.96,-62.75],[2.79,-62.25],[4.25,-62.02],[5.19,-62.5],[5.13,-62.75],[4.5,-63.07],[3.75,-63.04]]}},{"type":"Feature","properties":{"level":940},"geometry":{"type":"LineString","coordinates":[[139.5,-63.04],[139.0,-62.71],[138.88,-62.0],[139.25,-61.46],[140.0,-61.09],[140.58,-61.75],[140.59,-62.75],[140.25,-63.12],[139.5,-63.04]]}},{"type":"Feature","properties":{"level":940},"geometry":{"type":"LineString","coordinates":[[2.5,-60.37],[2.78,-60.25],[2.5,-60.37]]}},{"type":"Feature","properties":{"level":944},"geometry":{"type":"LineString","coordinates":[[7.5,-64.5],[4.25,-64.09],[1.75,-63.09],[1.08,-62.25],[1.31,-60.25],[2.25,-59.73],[3.81,-60.0],[8.23,-62.25],[9.38,-63.0],[9.94,-63.75],[9.53,-64.5],[7.5,-64.5]]}},{"type":"Feature","properties":{"level":944},"geometry":{"type":"LineString","coordinates":[[142.75,-64.26],[140.5,-64.14],[138.75,-63.71],[137.88,-63.0],[137.76,-62.0],[139.0,-60.68],[141.07,-59.75],[142.5,-59.48],[144.25,-59.85],[144.66,-60.25],[144.6,-61.0],[143.33,-62.5],[143.69,-64.0],[142.75,-64.26]]}},{"type":"Feature","properties":{"level":948},"geometry":{"type":"LineString","coordinates":[[16.25,-66.51],[5.75,-65.23],[2.0,-64.24],[0.5,-63.5],[-0.47,-62.5],[-0.73,-61.25],[-0.45,-60.0],[-0.04,-59.5],[1.25,-59.14],[3.0,-59.13],[4.75,-59.42],[12.75,-62.8],[15.5,-63.23],[20.75,-63.59],[21.33,-64.0],[22.0,-65.25],[21.62,-66.0],[20.94,-66.25],[21.44,-66.5],[21.25,-66.54],[20.75,-66.39],[18.75,-66.68],[16.25,-66.51]]}},{"type":"Feature","properties":{"level":948},"geometry":{"type":"LineString","coordinates":[[140.25,-64.77],[138.25,-64.31],[137.06,-63.5],[136.62,-62.5],[137.4,-61.0],[139.25,-59.85],[142.0,-59.11],[144.25,-59.18],[145.72,-60.0],[146.06,-60.75],[145.67,-62.75],[146.5,-64.0],[146.36,-64.5],[145.0,-64.91],[140.25,-64.77]]}},{"type":"Feature","properties":{"level":948},"geometry":{"type":"LineString","coordinates":[[144.25,26.75],[144.32,27.5],[145.09,27.5],[145.02,26.75],[144.25,26.75]]}},{"type":"Feature","properties":{"level":952},"geometry":{"type":"LineString","coordinates":[[18.0,-67.5],[7.75,-66.56],[4.75,-66.02],[1.75,-65.13],[-0.26,-64.25],[-1.75,-63.08],[-2.44,-61.75],[-2.44,-60.25],[-2.0,-59.5],[-0.5,-58.73],[1.75,-58.36],[4.0,-58.44],[7.25,-59.19],[14.5,-61.84],[23.25,-63.1],[25.03,-63.75],[27.38,-64.0],[27.48,-64.25],[26.95,-65.0],[23.94,-67.0],[21.5,-67.45],[18.0,-67.5]]}},{"type":"Feature","properties":{"level":952},"geometry":{"type":"LineString","coordinates":[[141.25,-65.5],[138.25,-65.1],[136.5,-64.23],[135.82,-63.5],[135.53,-62.75],[135.61,-62.0],[136.17,-61.0],[138.0,-59.75],[140.0,-59.01],[142.25,-58.65],[144.5,-58.81],[146.0,-59.39],[147.04,-60.25],[147.77,-62.5],[148.99,-64.0],[148.94,-64.75],[148.0,-65.35],[141.25,-65.5]]}},{"type":"Feature","properties":{"level":952},"geometry":{"type":"LineString","coordinates":[[94.75,-55.05],[93.25,-54.32],[92.98,-54.0],[93.0,-53.45],[94.0,-53.04],[94.68,-53.25],[95.19,-54.0],[95.21,-55.0],[94.75,-55.05]]}},{"type":"Feature","properties":{"level":952},"geometry":{"type":"LineString","coordinates":[[144.25,26.45],[143.82,27.0],[144.07,27.5],[144.5,27.75],[145.25,27.74],[145.48,27.25],[145.38,26.75],[145.0,26.46],[144.25,26.45]]}},{"type":"Feature","properties":{"level":956},"geometry":{"type":"LineString","coordinates":[[15.75,-68.25],[11.0,-67.99],[6.75,-67.45],[3.5,-66.75],[0.25,-65.66],[-1.75,-64.65],[-3.4,-63.25],[-4.23,-61.75],[-4.22,-60.0],[-2.84,-58.75],[-0.75,-57.97],[1.75,-57.61],[5.25,-57.75],[11.25,-58.89],[12.25,-58.76],[12.71,-59.0],[12.96,-59.75],[15.25,-60.75],[29.83,-63.5],[30.46,-63.75],[30.87,-64.25],[30.72,-64.75],[29.57,-65.75],[26.93,-67.25],[22.0,-68.1],[15.75,-68.25]]}},{"type":"Feature","properties":{"level":956},"geometry":{"type":"LineString","coordinates":[[138.5,-66.04],[135.93,-65.0],[134.79,-64.0],[134.31,-63.25],[134.32,-62.0],[135.0,-60.79],[136.39,-59.75],[138.5,-58.84],[140.75,-58.32],[144.5,-58.32],[146.0,-58.71],[147.5,-59.47],[149.36,-61.75],[150.96,-63.25],[151.42,-64.25],[151.43,-65.0],[151.14,-65.5],[149.5,-65.96],[143.25,-66.23],[138.5,-66.04]]}},{"type":"Feature","properties":{"level":956},"geometry":{"type":"LineString","coordinates":[[-133.5,-58.32],[-133.88,-58.0],[-133.43,-57.5],[-131.81,-57.5],[-131.74,-57.75],[-132.25,-58.14],[-133.5,-58.32]]}},{"type":"Feature","properties":{"level":956},"geometry":{"type":"LineString","coordinates":[[11.75,-56.71],[11.56,-56.5],[11.75,-56.41],[11.75,-56.71]]}},{"type":"Feature","properties":{"level":956},"geometry":{"type":"LineString","coordinates":[[95.5,-56.52],[93.5,-55.59],[92.48,-54.75],[92.16,-53.75],[92.63,-53.0],[93.5,-52.66],[94.5,-52.65],[95.34,-53.0],[96.22,-53.75],[96.73,-54.75],[96.46,-55.75],[96.53,-56.5],[95.5,-56.52]]}},{"type":"Feature","properties":{"level":956},"geometry":{"type":"LineString","coordinates":[[144.0,26.4],[143.62,27.0],[143.82,27.5],[144.5,27.9],[145.5,27.76],[145.65,27.0],[145.46,26.5],[144.75,26.3],[144.0,26.4]]}},{"type":"Feature","properties":{"level":960},"geometry":{"type":"LineString","coordinates":[[-158.0,-80.25],[-158.01,-80.0],[-157.45,-79.5],[-156.25,-79.3],[-151.0,-79.99],[-148.71,-79.75],[-150.0,-79.55],[-150.16,-79.25],[-151.0,-79.0],[-153.25,-78.82],[-154.0,-78.19],[-159.0,-77.97],[-160.09,-77.5],[-160.0,-77.17],[-159.42,-76.75],[-158.02,-76.25],[-150.75,-74.62],[-144.0,-73.58],[-140.25,-73.42],[-139.0,-73.59],[-138.28,-74.0],[-145.21,-76.0],[-144.26,-76.25],[-144.1,-76.75],[-143.37,-77.25],[-147.25,-77.19],[-150.69,-77.75],[-151.42,-78.0],[-151.53,-78.25],[-148.46,-78.5],[-148.35,-78.75],[-147.39,-79.0],[-147.97,-79.5],[-147.0,-79.77],[-150.75,-80.49],[-158.0,-80.25]]}},{"type":"Feature","properties":{"level":960},"geometry":{"type":"LineString","coordinates":[[11.75,-69.0],[8.5,-68.72],[4.5,-68.02],[1.0,-67.05],[-1.75,-65.93],[-3.68,-64.75],[-5.27,-63.25],[-6.05,-61.75],[-6.17,-60.75],[-5.93,-60.0],[-4.32,-58.5],[-1.75,-57.45],[2.75,-56.82],[8.5,-56.94],[9.5,-56.74],[9.82,-56.25],[11.0,-55.65],[11.75,-55.61],[14.17,-56.5],[14.04,-57.75],[14.81,-58.75],[15.78,-59.5],[20.17,-60.75],[29.6,-62.5],[32.25,-63.25],[33.34,-64.25],[33.0,-65.22],[30.93,-67.0],[27.5,-67.99],[20.75,-68.89],[14.75,-69.12],[11.75,-69.0]]}},{"type":"Feature","properties":{"level":960},"geometry":{"type":"LineString","coordinates":[[142.5,-67.03],[137.0,-66.74],[135.25,-66.33],[132.72,-63.5],[132.53,-62.25],[132.9,-61.25],[134.75,-59.63],[138.25,-58.23],[141.75,-57.67],[145.5,-57.89],[148.02,-58.75],[152.04,-62.0],[153.43,-63.75],[154.02,-65.5],[153.61,-66.0],[151.5,-66.44],[148.0,-66.75],[144.25,-66.71],[143.0,-67.1],[142.5,-67.03]]}},{"type":"Feature","properties":{"level":960},"geometry":{"type":"LineString","coordinates":[[-133.25,-59.55],[-134.39,-59.0],[-134.75,-58.5],[-134.68,-58.0],[-133.5,-57.2],[-132.0,-56.88],[-130.92,-57.0],[-128.67,-59.0],[-130.5,-59.63],[-133.25,-59.55]]}},{"type":"Feature","properties":{"level":960},"geometry":{"type":"LineString","coordinates":[[-127.25,-58.33],[-127.1,-58.25],[-127.25,-58.33]]}},{"type":"Feature","properties":{"level":960},"geometry":{"type":"LineString","coordinates":[[97.75,-57.54],[94.5,-56.69],[92.5,-55.52],[91.77,-54.75],[91.33,-53.75],[91.75,-52.75],[93.75,-52.2],[95.5,-52.52],[97.1,-53.5],[100.0,-56.1],[101.3,-56.75],[100.86,-57.25],[100.25,-57.48],[97.75,-57.54]]}},{"type":"Feature","properties":{"level":960},"geometry":{"type":"LineString","coordinates":[[144.25,26.2],[143.51,26.75],[143.6,27.5],[144.28,28.0],[145.51,28.0],[145.81,27.25],[145.67,26.5],[145.25,26.24],[144.25,26.2]]}},{"type":"Feature","properties":{"level":964},"geometry":{"type":"LineString","coordinates":[[-159.5,-82.26],[-163.25,-81.7],[-165.25,-80.75],[-165.61,-80.25],[-165.77,-79.0],[-164.86,-77.25],[-162.45,-76.0],[-159.5,-75.13],[-151.0,-73.37],[-146.38,-72.75],[-143.5,-72.5],[-140.0,-72.58],[-137.5,-73.08],[-136.68,-73.75],[-137.25,-74.55],[-138.32,-75.0],[-138.23,-75.25],[-138.56,-75.5],[-140.5,-76.21],[-142.05,-76.25],[-140.75,-76.81],[-138.82,-77.0],[-138.73,-77.25],[-139.69,-77.5],[-139.32,-77.75],[-140.95,-78.0],[-138.51,-78.75],[-137.8,-79.25],[-137.87,-79.5],[-139.18,-80.0],[-140.0,-80.63],[-144.0,-81.4],[-147.82,-81.5],[-148.5,-81.83],[-152.5,-82.38],[-159.5,-82.26]]}},{"type":"Feature","properties":{"level":964},"geometry":{"type":"LineString","coordinates":[[15.0,-70.02],[8.75,-69.59],[5.0,-69.07],[1.25,-68.22],[-2.0,-67.07],[-4.83,-65.5],[-7.0,-63.45],[-7.85,-61.75],[-7.91,-60.75],[-7.66,-60.0],[-6.82,-59.0],[-5.0,-57.83],[-1.25,-56.64],[2.0,-56.03],[7.5,-55.81],[10.0,-55.26],[12.25,-55.17],[14.0,-55.52],[15.25,-56.15],[16.44,-58.0],[17.5,-58.71],[23.25,-60.33],[29.25,-61.33],[34.02,-63.0],[35.22,-63.75],[35.75,-64.5],[34.99,-66.25],[34.0,-67.07],[29.25,-68.52],[24.75,-69.29],[15.0,-70.02]]}},{"type":"Feature","properties":{"level":964},"geometry":{"type":"LineString","coordinates":[[-158.5,-69.01],[-158.91,-68.75],[-157.0,-67.52],[-156.25,-67.44],[-155.59,-67.75],[-155.67,-68.25],[-156.25,-68.61],[-158.5,-69.01]]}},{"type":"Feature","properties":{"level":964},"geometry":{"type":"LineString","coordinates":[[144.75,-67.8],[145.32,-67.75],[144.75,-67.8]]}},{"type":"Feature","properties":{"level":964},"geometry":{"type":"LineString","coordinates":[[142.5,-67.31],[134.5,-66.95],[133.62,-66.5],[132.21,-66.5],[130.78,-64.75],[129.88,-63.0],[132.45,-59.25],[132.75,-59.1],[139.5,-57.24],[142.0,-56.96],[144.5,-57.04],[148.04,-57.75],[152.5,-60.55],[154.16,-62.0],[156.88,-65.75],[156.5,-66.26],[152.78,-67.0],[145.5,-67.42],[144.5,-67.14],[142.5,-67.31]]}},{"type":"Feature","properties":{"level":964},"geometry":{"type":"LineString","coordinates":[[-133.75,-60.56],[-134.25,-60.33],[-135.0,-59.42],[-135.37,-58.25],[-135.0,-57.5],[-133.75,-56.85],[-132.0,-56.43],[-129.75,-56.39],[-125.0,-56.99],[-124.73,-57.25],[-126.16,-59.0],[-128.25,-60.05],[-130.5,-60.57],[-133.75,-60.56]]}},{"type":"Feature","properties":{"level":964},"geometry":{"type":"LineString","coordinates":[[97.5,-58.01],[94.25,-57.16],[92.17,-56.0],[91.42,-55.25],[90.87,-54.25],[90.78,-53.5],[91.04,-52.75],[93.0,-51.78],[95.5,-52.02],[97.85,-53.0],[103.08,-56.0],[102.84,-56.75],[101.5,-57.77],[99.75,-58.09],[97.5,-58.01]]}},{"type":"Feature","properties":{"level":964},"geometry":{"type":"LineString","coordinates":[[144.0,26.14],[143.47,26.5],[143.28,27.0],[143.58,27.75],[144.25,28.19],[145.25,28.22],[145.74,28.0],[145.97,27.25],[145.75,26.36],[145.25,26.09],[144.0,26.14]]}},{"type":"Feature","properties":{"level":968},"geometry":{"type":"LineString","coordinates":[[-159.25,-83.5],[-165.75,-83.3],[-170.25,-82.69],[-171.29,-82.25],[-171.29,-80.5],[-170.01,-78.5],[-169.92,-78.0],[-168.26,-76.75],[-162.75,-74.61],[-156.0,-72.83],[-151.0,-72.06],[-142.75,-71.23],[-137.5,-71.61],[-134.29,-72.75],[-133.7,-73.75],[-135.45,-74.75],[-135.75,-75.45],[-137.0,-75.69],[-137.46,-76.0],[-135.57,-76.25],[-135.96,-76.5],[-135.95,-76.75],[-135.51,-77.25],[-134.5,-77.37],[-133.25,-78.0],[-132.01,-78.75],[-131.71,-79.25],[-133.38,-80.0],[-133.73,-80.5],[-133.66,-81.0],[-138.62,-82.5],[-150.0,-83.43],[-159.25,-83.5]]}},{"type":"Feature","properties":{"level":968},"geometry":{"type":"LineString","coordinates":[[8.75,-70.76],[-0.25,-69.01],[-2.75,-68.09],[-5.75,-66.49],[-8.17,-64.5],[-9.09,-63.25],[-9.69,-61.75],[-9.64,-60.75],[-9.32,-60.0],[-8.26,-58.75],[-6.81,-57.75],[-3.5,-56.44],[-0.75,-55.67],[6.75,-54.61],[10.5,-54.32],[13.5,-54.44],[15.0,-54.85],[16.5,-55.63],[17.5,-56.79],[19.0,-57.66],[24.0,-59.32],[32.0,-61.18],[36.0,-62.65],[37.77,-63.75],[38.15,-64.25],[38.09,-66.0],[37.66,-66.75],[35.81,-67.75],[32.71,-68.5],[33.21,-69.75],[33.0,-69.84],[31.75,-69.35],[31.0,-69.3],[22.5,-70.34],[21.75,-70.66],[19.25,-70.42],[11.0,-70.93],[8.75,-70.76]]}},{"type":"Feature","properties":{"level":968},"geometry":{"type":"LineString","coordinates":[[-158.5,-70.0],[-162.25,-69.42],[-162.99,-69.0],[-163.18,-68.5],[-160.05,-67.25],[-158.25,-66.05],[-157.25,-65.8],[-154.0,-66.59],[-152.75,-67.5],[-153.02,-68.5],[-154.25,-69.37],[-156.25,-69.88],[-158.5,-70.0]]}},{"type":"Feature","properties":{"level":968},"geometry":{"type":"LineString","coordinates":[[144.0,-68.1],[144.0,-67.64],[143.25,-67.45],[137.0,-67.55],[132.75,-67.24],[129.75,-67.42],[127.5,-67.2],[126.41,-66.75],[126.55,-66.25],[125.5,-65.31],[125.34,-64.75],[125.9,-63.75],[130.5,-59.61],[131.12,-58.75],[131.75,-58.39],[139.0,-56.56],[141.25,-56.2],[143.75,-56.15],[148.25,-56.87],[153.6,-59.75],[154.91,-60.75],[160.11,-66.25],[156.5,-67.14],[152.5,-67.68],[148.75,-68.02],[146.25,-67.85],[144.0,-68.1]]}},{"type":"Feature","properties":{"level":968},"geometry":{"type":"LineString","coordinates":[[-130.0,-66.78],[-130.46,-66.25],[-130.25,-65.74],[-129.25,-65.51],[-128.27,-65.75],[-128.19,-66.0],[-128.57,-66.5],[-129.5,-66.85],[-130.0,-66.78]]}},{"type":"Feature","properties":{"level":968},"geometry":{"type":"LineString","coordinates":[[-132.0,-62.53],[-133.25,-62.16],[-135.43,-60.75],[-136.26,-58.5],[-135.62,-57.25],[-134.25,-56.4],[-130.75,-55.03],[-127.5,-54.32],[-126.75,-53.96],[-125.28,-54.0],[-124.0,-55.01],[-123.24,-56.0],[-122.92,-57.25],[-123.24,-58.5],[-124.3,-60.5],[-123.82,-61.25],[-124.0,-61.86],[-125.25,-62.19],[-127.25,-61.83],[-129.75,-62.6],[-132.0,-62.53]]}},{"type":"Feature","properties":{"level":968},"geometry":{"type":"LineString","coordinates":[[97.25,-58.53],[94.0,-57.78],[91.5,-56.3],[90.75,-55.48],[90.18,-54.25],[90.24,-53.25],[90.68,-52.5],[92.5,-51.39],[95.75,-51.52],[98.96,-52.5],[101.75,-53.84],[103.25,-54.24],[104.0,-54.76],[104.49,-55.5],[104.21,-56.75],[102.25,-58.09],[99.75,-58.66],[97.25,-58.53]]}},{"type":"Feature","properties":{"level":968},"geometry":{"type":"LineString","coordinates":[[144.25,25.93],[143.28,26.5],[143.15,27.25],[143.39,27.75],[144.25,28.37],[145.75,28.18],[146.16,27.25],[145.84,26.25],[145.5,25.97],[144.25,25.93]]}},{"type":"Feature","properties":{"level":972},"geometry":{"type":"LineString","coordinates":[[-160.5,-84.26],[-167.75,-84.1],[-173.5,-83.68],[-178.45,-82.5],[-177.98,-81.75],[-177.39,-79.75],[-175.46,-78.0],[-175.11,-77.25],[-165.72,-73.75],[-163.03,-72.25],[-163.04,-71.75],[-163.38,-71.5],[-166.19,-70.0],[-165.86,-68.25],[-163.78,-67.0],[-162.96,-66.75],[-161.0,-65.34],[-158.0,-64.32],[-157.0,-63.75],[-152.38,-60.25],[-151.0,-59.57],[-149.75,-59.31],[-148.99,-59.5],[-149.25,-60.8],[-150.87,-62.0],[-152.85,-62.75],[-153.48,-63.25],[-153.39,-63.75],[-153.8,-64.0],[-153.77,-64.25],[-150.09,-67.0],[-148.75,-69.24],[-146.5,-69.74],[-138.25,-69.02],[-135.75,-69.09],[-134.25,-69.34],[-132.15,-70.25],[-130.22,-71.75],[-129.89,-72.5],[-129.97,-73.25],[-129.51,-73.75],[-131.26,-74.25],[-132.91,-75.5],[-132.9,-75.75],[-134.72,-76.0],[-133.5,-76.19],[-133.33,-76.5],[-132.25,-76.65],[-130.03,-77.5],[-128.25,-77.67],[-127.87,-78.75],[-128.25,-79.75],[-127.46,-80.25],[-127.52,-80.5],[-128.84,-81.0],[-128.64,-81.5],[-130.86,-82.25],[-131.35,-82.75],[-135.75,-83.54],[-147.5,-84.33],[-160.5,-84.26]]}},{"type":"Feature","properties":{"level":972},"geometry":{"type":"LineString","coordinates":[[-18.25,-75.01],[-17.02,-75.0],[-18.25,-75.01]]}},{"type":"Feature","properties":{"level":972},"geometry":{"type":"LineString","coordinates":[[1.75,-72.04],[-0.25,-71.84],[-2.18,-71.25],[-2.32,-70.75],[-3.7,-69.5],[-8.5,-66.25],[-10.0,-64.69],[-11.03,-63.0],[-11.35,-61.25],[-10.84,-59.75],[-9.42,-58.25],[-6.0,-56.44],[-2.94,-55.25],[-0.5,-54.6],[4.5,-53.79],[13.5,-53.04],[15.0,-53.53],[19.5,-56.34],[23.11,-57.75],[30.0,-59.56],[38.25,-62.26],[39.0,-62.76],[39.92,-63.0],[40.71,-64.25],[41.14,-66.0],[40.5,-66.82],[38.0,-68.16],[33.62,-69.0],[34.17,-70.0],[33.75,-70.27],[31.75,-70.3],[29.25,-70.82],[21.75,-71.22],[18.5,-71.1],[16.5,-71.53],[13.5,-71.48],[8.5,-71.95],[6.0,-71.81],[5.64,-71.75],[5.8,-71.5],[4.0,-71.41],[3.43,-71.5],[4.01,-72.0],[1.75,-72.04]]}},{"type":"Feature","properties":{"level":972},"geometry":{"type":"LineString","coordinates":[[147.5,-68.76],[145.5,-68.26],[143.75,-68.37],[142.75,-67.87],[131.25,-68.0],[119.25,-67.29],[117.99,-67.0],[118.48,-66.0],[120.39,-65.0],[122.87,-63.25],[124.0,-62.0],[123.76,-61.75],[127.25,-60.08],[131.0,-57.88],[136.75,-56.14],[142.5,-55.12],[147.75,-55.74],[150.75,-56.94],[155.5,-59.56],[160.01,-63.75],[163.43,-66.0],[163.37,-66.25],[161.75,-66.9],[154.25,-68.11],[153.5,-68.63],[151.75,-68.46],[147.5,-68.76]]}},{"type":"Feature","properties":{"level":972},"geometry":{"type":"LineString","coordinates":[[-131.5,-68.27],[-133.25,-67.98],[-134.37,-67.5],[-134.93,-64.25],[-137.57,-60.25],[-137.63,-59.0],[-137.06,-57.5],[-136.0,-56.43],[-133.0,-54.77],[-130.5,-52.68],[-125.5,-52.93],[-123.25,-53.43],[-122.0,-53.96],[-121.04,-56.25],[-120.25,-56.86],[-119.64,-57.75],[-119.64,-58.25],[-120.27,-59.75],[-122.17,-62.0],[-125.54,-63.5],[-126.37,-64.25],[-126.05,-66.25],[-126.3,-67.25],[-127.0,-68.23],[-128.5,-68.4],[-131.5,-68.27]]}},{"type":"Feature","properties":{"level":972},"geometry":{"type":"LineString","coordinates":[[97.25,-59.27],[95.0,-58.94],[93.25,-58.39],[91.75,-57.64],[90.66,-56.75],[89.75,-55.5],[89.4,-54.25],[89.59,-53.0],[90.35,-52.0],[91.75,-51.15],[93.5,-50.8],[95.5,-50.86],[98.5,-51.4],[101.75,-52.34],[102.75,-52.39],[104.63,-53.75],[105.61,-55.0],[105.8,-55.75],[105.37,-56.75],[104.0,-58.05],[102.86,-58.75],[100.75,-59.32],[97.25,-59.27]]}},{"type":"Feature","properties":{"level":972},"geometry":{"type":"LineString","coordinates":[[144.5,25.73],[143.25,26.3],[142.99,26.75],[143.05,27.5],[143.5,28.14],[144.25,28.53],[145.75,28.35],[146.32,27.5],[146.18,26.5],[145.5,25.84],[144.5,25.73]]}},{"type":"Feature","properties":{"level":976},"geometry":{"type":"LineString","coordinates":[[180.0,-84.56],[177.75,-84.17],[177.49,-84.25],[177.68,-84.5],[177.5,-84.53],[176.75,-84.13],[175.11,-84.0],[174.16,-83.5],[172.8,-82.25],[173.6,-81.25],[172.51,-80.25],[173.84,-79.25],[176.98,-78.25],[177.11,-77.75],[176.49,-76.25],[178.0,-75.22],[180.0,-74.52]]}},{"type":"Feature","properties":{"level":976},"geometry":{"type":"LineString","coordinates":[[-20.25,-75.52],[-20.39,-75.25],[-21.22,-75.0],[-22.07,-74.0],[-22.02,-73.5],[-21.58,-73.0],[-19.27,-72.0],[-13.75,-70.58],[-11.0,-69.43],[-10.15,-68.75],[-10.01,-68.25],[-10.23,-67.5],[-12.5,-64.07],[-13.26,-62.0],[-12.9,-60.25],[-11.71,-58.75],[-9.5,-57.14],[-5.5,-55.13],[-1.75,-53.93],[2.98,-53.0],[7.0,-52.53],[12.75,-52.25],[14.5,-52.57],[19.75,-55.11],[22.75,-56.25],[30.75,-58.74],[36.25,-60.75],[39.25,-61.22],[39.5,-61.5],[41.0,-61.99],[41.5,-61.9],[42.54,-62.75],[42.74,-63.75],[44.95,-66.25],[42.25,-67.5],[41.91,-68.0],[40.68,-68.75],[40.82,-69.5],[40.5,-69.62],[38.75,-69.37],[36.75,-69.77],[36.25,-70.11],[34.5,-70.58],[28.25,-71.49],[25.1,-71.5],[22.0,-72.44],[17.25,-71.94],[12.5,-71.98],[11.25,-72.44],[8.5,-72.56],[6.75,-72.39],[5.25,-72.64],[3.25,-72.61],[1.25,-72.31],[-0.25,-72.55],[-1.72,-72.25],[-2.25,-71.9],[-4.5,-71.8],[-6.87,-72.25],[-8.5,-72.91],[-9.42,-73.5],[-8.99,-73.75],[-11.68,-74.75],[-12.5,-74.48],[-13.77,-74.75],[-12.98,-75.0],[-13.25,-75.34],[-17.5,-75.65],[-20.25,-75.52]]}},{"type":"Feature","properties":{"level":976},"geometry":{"type":"LineString","coordinates":[[-180.0,-74.52],[-175.5,-74.07],[-173.5,-73.46],[-172.05,-72.25],[-171.97,-71.25],[-169.7,-68.25],[-164.0,-64.78],[-160.73,-63.5],[-153.46,-59.25],[-151.0,-58.26],[-149.5,-58.01],[-148.0,-58.08],[-146.95,-59.25],[-146.45,-60.5],[-146.89,-61.0],[-147.82,-63.25],[-147.66,-64.0],[-147.17,-64.5],[-145.0,-65.84],[-142.5,-65.62],[-141.75,-65.17],[-140.59,-63.75],[-140.5,-62.25],[-139.84,-59.75],[-139.49,-58.75],[-138.5,-57.25],[-136.51,-55.5],[-132.0,-52.39],[-130.75,-51.79],[-126.25,-51.68],[-123.0,-52.07],[-122.5,-52.38],[-121.0,-52.29],[-120.06,-53.25],[-120.07,-54.0],[-119.32,-55.25],[-117.25,-56.0],[-117.33,-59.5],[-117.54,-60.0],[-118.5,-61.43],[-121.75,-64.3],[-122.35,-65.25],[-122.42,-65.75],[-121.8,-68.25],[-121.99,-68.75],[-123.84,-70.25],[-124.0,-72.25],[-126.55,-73.25],[-124.76,-74.25],[-126.75,-74.53],[-128.75,-75.34],[-129.13,-75.75],[-129.19,-76.25],[-127.75,-76.76],[-126.5,-76.68],[-126.33,-76.75],[-126.55,-77.0],[-124.48,-77.5],[-124.05,-78.25],[-124.73,-78.75],[-124.64,-79.25],[-124.26,-79.5],[-124.07,-80.0],[-122.33,-80.75],[-121.87,-81.5],[-124.71,-82.25],[-125.28,-82.75],[-125.08,-83.0],[-125.5,-83.25],[-134.45,-84.5],[-142.5,-85.02],[-170.0,-84.78],[-174.25,-85.01],[-174.5,-84.77],[-175.75,-84.54],[-180.0,-84.56]]}},{"type":"Feature","properties":{"level":976},"geometry":{"type":"LineString","coordinates":[[-105.0,-69.76],[-105.75,-69.52],[-107.08,-68.0],[-107.11,-67.0],[-106.45,-66.0],[-104.5,-64.88],[-101.91,-64.0],[-97.25,-63.16],[-96.25,-63.2],[-95.8,-63.5],[-96.25,-64.06],[-98.75,-64.67],[-100.0,-65.6],[-100.53,-66.5],[-100.17,-67.75],[-100.95,-68.5],[-103.25,-69.5],[-105.0,-69.76]]}},{"type":"Feature","properties":{"level":976},"geometry":{"type":"LineString","coordinates":[[153.0,-69.55],[150.5,-69.14],[146.5,-69.01],[142.25,-68.42],[134.25,-68.29],[131.25,-68.53],[122.25,-68.1],[117.5,-67.55],[115.0,-67.55],[114.58,-67.5],[114.5,-67.19],[112.75,-66.05],[111.25,-66.23],[111.0,-66.67],[109.0,-66.77],[107.69,-66.5],[106.94,-65.75],[109.25,-64.83],[114.75,-63.57],[117.75,-62.36],[120.75,-60.8],[127.25,-58.68],[130.5,-57.14],[133.5,-56.05],[141.0,-54.06],[142.0,-54.0],[148.75,-54.97],[153.59,-56.75],[156.5,-58.82],[161.28,-62.75],[164.0,-64.34],[167.0,-65.52],[167.53,-66.0],[166.85,-66.5],[163.5,-67.57],[157.0,-68.6],[154.5,-68.62],[154.05,-69.0],[154.5,-69.43],[155.75,-69.33],[155.82,-69.5],[153.0,-69.55]]}},{"type":"Feature","properties":{"level":976},"geometry":{"type":"LineString","coordinates":[[99.5,-66.33],[98.99,-65.75],[99.75,-64.89],[100.75,-64.42],[104.25,-63.59],[105.0,-63.79],[106.0,-65.48],[106.94,-66.0],[103.5,-65.92],[100.25,-66.49],[99.5,-66.33]]}},{"type":"Feature","properties":{"level":976},"geometry":{"type":"LineString","coordinates":[[93.5,-65.76],[91.71,-65.25],[91.93,-64.5],[94.25,-63.81],[97.75,-63.46],[98.35,-64.5],[98.39,-65.0],[98.0,-65.38],[97.0,-65.24],[95.25,-65.79],[93.5,-65.76]]}},{"type":"Feature","properties":{"level":976},"geometry":{"type":"LineString","coordinates":[[99.5,-61.27],[95.5,-60.58],[93.75,-60.04],[91.75,-59.22],[90.25,-58.23],[88.91,-56.5],[88.4,-54.75],[88.58,-53.25],[89.5,-51.78],[91.0,-50.8],[93.0,-50.25],[99.0,-50.42],[101.25,-51.03],[102.0,-50.91],[106.0,-53.63],[106.83,-54.75],[106.96,-55.75],[106.36,-57.25],[105.27,-58.75],[104.0,-59.81],[101.67,-61.0],[99.5,-61.27]]}},{"type":"Feature","properties":{"level":976},"geometry":{"type":"LineString","coordinates":[[143.75,25.73],[142.8,26.75],[143.1,28.0],[143.5,28.41],[144.5,28.76],[146.0,28.36],[146.61,27.25],[146.25,26.21],[145.25,25.59],[143.75,25.73]]}},{"type":"Feature","properties":{"level":976},"geometry":{"type":"LineString","coordinates":[[12.25,70.47],[11.22,71.0],[11.0,71.66],[11.75,72.37],[12.92,72.75],[15.81,72.75],[17.25,72.25],[17.8,71.75],[17.77,71.5],[15.13,70.5],[13.5,70.32],[12.25,70.47]]}},{"type":"Feature","properties":{"level":980},"geometry":{"type":"LineString","coordinates":[[180.0,-84.81],[176.89,-84.75],[171.75,-83.84],[170.0,-83.73],[169.25,-84.05],[168.74,-83.5],[167.25,-83.37],[166.5,-82.87],[165.25,-83.02],[165.22,-82.5],[164.75,-82.26],[162.25,-81.78],[160.79,-81.25],[161.64,-80.75],[161.79,-80.25],[161.14,-79.75],[160.5,-79.86],[160.41,-79.5],[160.75,-79.23],[162.25,-79.06],[163.16,-78.5],[163.0,-78.2],[161.25,-78.0],[160.61,-77.25],[160.81,-76.75],[160.54,-76.5],[160.79,-76.25],[159.96,-75.5],[162.25,-74.93],[162.75,-74.39],[164.0,-74.32],[164.69,-74.0],[164.29,-73.75],[164.5,-73.57],[165.25,-73.89],[166.0,-73.83],[166.25,-73.5],[167.25,-73.34],[168.5,-72.8],[169.5,-72.87],[170.22,-72.5],[170.04,-72.25],[170.75,-71.86],[171.0,-71.39],[175.25,-72.38],[177.5,-72.25],[180.0,-71.74]]}},{"type":"Feature","properties":{"level":980},"geometry":{"type":"LineString","coordinates":[[-24.0,-76.03],[-23.13,-75.75],[-24.75,-74.77],[-25.14,-74.25],[-24.94,-73.5],[-24.5,-73.01],[-20.94,-71.0],[-15.65,-68.75],[-13.96,-67.5],[-13.8,-66.25],[-14.82,-63.75],[-15.14,-61.75],[-14.68,-60.25],[-13.47,-58.75],[-9.92,-56.0],[-7.5,-54.77],[-4.0,-53.46],[1.25,-52.22],[6.5,-51.53],[11.5,-51.29],[14.5,-51.74],[22.25,-54.83],[27.5,-56.48],[28.0,-56.84],[29.5,-57.2],[34.25,-59.05],[42.5,-61.12],[44.01,-61.75],[45.25,-62.71],[45.45,-63.25],[46.25,-63.48],[47.92,-65.0],[48.74,-65.25],[48.0,-66.5],[46.7,-67.0],[46.28,-67.5],[44.25,-68.14],[41.89,-70.0],[40.18,-70.5],[37.0,-70.57],[31.75,-71.54],[26.25,-71.88],[23.25,-72.59],[17.25,-72.34],[13.25,-72.49],[8.75,-73.0],[7.0,-73.55],[1.5,-72.48],[0.0,-72.89],[-1.75,-72.82],[-2.5,-72.56],[-4.5,-72.58],[-5.0,-72.25],[-5.01,-72.5],[-5.65,-72.75],[-5.63,-73.25],[-6.0,-73.5],[-7.0,-73.66],[-9.11,-74.5],[-10.75,-74.67],[-13.75,-75.68],[-21.25,-76.18],[-24.0,-76.03]]}},{"type":"Feature","properties":{"level":980},"geometry":{"type":"LineString","coordinates":[[-180.0,-71.74],[-177.69,-71.0],[-175.03,-68.5],[-171.25,-66.5],[-169.25,-64.87],[-161.5,-62.15],[-153.5,-57.95],[-150.53,-57.0],[-147.5,-56.79],[-147.0,-56.84],[-145.0,-57.9],[-142.75,-57.88],[-141.5,-57.35],[-133.25,-51.85],[-131.75,-51.08],[-130.25,-50.72],[-126.75,-50.58],[-121.25,-51.03],[-118.75,-52.79],[-117.25,-54.58],[-115.38,-55.25],[-114.72,-56.5],[-113.75,-57.42],[-113.0,-57.55],[-111.25,-57.26],[-110.15,-58.0],[-110.03,-58.75],[-109.44,-59.75],[-109.5,-60.24],[-111.3,-60.5],[-115.44,-64.25],[-115.75,-64.75],[-115.84,-65.5],[-115.29,-66.75],[-114.5,-67.65],[-113.75,-68.08],[-110.72,-66.0],[-102.5,-63.34],[-99.25,-62.64],[-96.5,-62.38],[-94.75,-62.74],[-94.12,-63.5],[-94.43,-64.25],[-96.53,-66.0],[-97.08,-67.0],[-97.4,-68.25],[-97.95,-69.0],[-99.43,-70.25],[-102.5,-72.15],[-104.25,-72.57],[-105.75,-72.57],[-110.0,-71.06],[-111.5,-70.33],[-113.0,-69.15],[-114.5,-68.98],[-114.25,-69.5],[-114.58,-69.75],[-114.64,-70.5],[-115.2,-71.0],[-115.06,-71.75],[-116.25,-72.96],[-120.97,-75.0],[-124.29,-76.0],[-122.0,-76.66],[-121.07,-77.75],[-121.14,-78.0],[-120.25,-78.2],[-119.25,-79.11],[-116.59,-80.0],[-117.19,-80.5],[-117.38,-81.25],[-116.34,-81.75],[-116.37,-82.0],[-119.0,-82.84],[-119.29,-83.0],[-119.14,-83.5],[-119.74,-83.75],[-123.32,-84.25],[-131.08,-84.75],[-131.98,-85.0],[-142.5,-85.89],[-161.25,-85.44],[-167.25,-85.76],[-165.64,-85.5],[-169.49,-85.5],[-169.56,-85.25],[-170.25,-85.16],[-174.5,-85.2],[-175.0,-84.91],[-176.5,-84.68],[-178.75,-84.93],[-180.0,-84.81]]}},{"type":"Feature","properties":{"level":980},"geometry":{"type":"LineString","coordinates":[[153.25,-70.01],[142.25,-68.8],[134.5,-68.65],[131.0,-68.88],[122.5,-68.86],[117.25,-67.98],[114.75,-68.04],[110.25,-67.48],[105.25,-66.43],[100.5,-66.92],[98.0,-66.73],[94.25,-67.02],[92.0,-66.79],[86.75,-67.32],[84.0,-67.28],[84.08,-67.0],[83.12,-66.0],[84.25,-65.18],[87.73,-63.5],[89.22,-62.0],[89.05,-61.0],[86.5,-59.95],[86.05,-59.5],[86.3,-58.5],[86.21,-57.75],[86.82,-56.5],[87.15,-54.0],[88.29,-51.75],[89.75,-50.52],[91.75,-49.69],[98.0,-49.3],[100.25,-49.69],[101.0,-49.47],[105.0,-51.67],[107.0,-53.21],[107.75,-54.11],[108.18,-55.25],[108.15,-56.75],[107.85,-57.75],[107.92,-59.25],[109.5,-60.43],[111.0,-60.86],[113.75,-61.0],[117.75,-60.17],[127.25,-57.39],[133.0,-55.2],[140.0,-53.03],[144.75,-52.9],[148.5,-53.44],[151.29,-54.25],[154.5,-55.96],[163.26,-62.25],[165.83,-63.5],[170.98,-65.0],[172.28,-65.75],[171.87,-66.25],[170.75,-66.84],[165.25,-68.7],[160.0,-69.35],[159.44,-69.5],[159.42,-69.75],[158.5,-69.87],[157.75,-69.71],[153.25,-70.01]]}},{"type":"Feature","properties":{"level":980},"geometry":{"type":"LineString","coordinates":[[111.82,-67.25],[112.5,-67.41],[112.98,-67.25],[112.5,-67.1],[111.82,-67.25]]}},{"type":"Feature","properties":{"level":980},"geometry":{"type":"LineString","coordinates":[[-116.0,20.47],[-116.0,20.79],[-115.44,20.75],[-115.5,20.42],[-116.0,20.47]]}},{"type":"Feature","properties":{"level":980},"geometry":{"type":"LineString","coordinates":[[143.75,25.43],[142.95,26.0],[142.55,26.75],[142.56,27.5],[142.94,28.25],[144.25,28.97],[145.25,28.96],[146.0,28.64],[146.83,27.5],[146.85,26.75],[146.57,26.25],[145.5,25.4],[144.5,25.26],[143.75,25.43]]}},{"type":"Feature","properties":{"level":980},"geometry":{"type":"LineString","coordinates":[[174.75,25.67],[174.7,26.0],[175.09,26.0],[175.12,25.75],[174.75,25.67]]}},{"type":"Feature","properties":{"level":980},"geometry":{"type":"LineString","coordinates":[[4.5,65.24],[3.5,65.75],[2.35,67.0],[2.34,67.75],[3.93,69.0],[5.5,69.77],[7.27,72.5],[9.75,73.9],[13.5,75.1],[17.75,75.68],[20.25,74.86],[21.75,73.97],[22.76,73.0],[22.94,72.0],[21.75,70.76],[20.25,69.83],[17.5,69.5],[16.0,68.81],[12.36,68.0],[12.43,67.5],[9.5,66.62],[7.75,65.82],[5.5,65.25],[4.5,65.24]]}},{"type":"Feature","properties":{"level":984},"geometry":{"type":"LineString","coordinates":[[180.0,-85.04],[176.16,-85.0],[174.75,-84.53],[172.0,-84.61],[170.75,-84.21],[168.0,-84.38],[167.74,-84.25],[168.64,-84.0],[167.0,-83.84],[166.25,-83.21],[163.0,-83.31],[161.75,-83.1],[161.25,-82.43],[160.7,-82.25],[160.79,-82.0],[159.0,-81.67],[157.5,-80.79],[158.56,-80.5],[157.1,-80.25],[158.97,-79.75],[157.76,-79.25],[158.97,-78.5],[158.5,-77.65],[159.0,-77.56],[159.5,-77.78],[159.89,-77.5],[159.25,-77.25],[159.28,-76.75],[158.2,-76.5],[158.81,-75.75],[157.28,-75.5],[159.25,-75.28],[160.5,-74.75],[161.62,-74.75],[163.89,-73.5],[166.0,-72.85],[166.5,-73.01],[168.0,-72.55],[169.0,-72.52],[169.53,-72.0],[169.25,-71.7],[168.0,-71.52],[167.25,-71.75],[166.5,-71.11],[165.75,-70.96],[164.5,-71.15],[164.26,-71.25],[164.35,-71.5],[164.0,-71.58],[162.0,-71.63],[161.0,-71.26],[160.5,-71.53],[159.83,-71.0],[160.33,-70.75],[159.5,-70.4],[150.25,-70.11],[146.1,-69.75],[142.25,-69.1],[134.5,-68.96],[120.75,-69.59],[118.75,-68.81],[113.25,-68.36],[111.75,-67.95],[109.75,-67.84],[108.75,-67.5],[106.25,-67.22],[105.0,-66.79],[102.25,-67.34],[97.25,-67.08],[95.5,-67.39],[91.25,-67.3],[89.25,-67.63],[87.75,-67.55],[80.25,-68.1],[78.13,-69.0],[75.25,-69.75],[74.27,-69.75],[73.5,-69.2],[73.38,-68.75],[82.75,-63.48],[84.55,-62.0],[85.13,-60.75],[84.74,-59.5],[84.42,-55.5],[87.05,-51.5],[88.5,-50.11],[90.0,-49.13],[91.0,-48.78],[97.75,-48.32],[99.5,-48.48],[100.0,-48.18],[104.33,-50.25],[107.31,-52.25],[109.16,-54.25],[109.68,-55.25],[110.22,-57.25],[111.35,-58.25],[113.0,-58.81],[116.5,-58.72],[122.75,-57.45],[135.0,-53.57],[138.75,-51.82],[147.0,-51.19],[148.5,-51.36],[149.0,-51.82],[150.88,-52.25],[162.5,-60.09],[166.5,-62.14],[170.25,-63.41],[177.0,-64.68],[180.0,-64.85]]}},{"type":"Feature","properties":{"level":984},"geometry":{"type":"LineString","coordinates":[[-115.09,-77.75],[-114.75,-77.84],[-113.25,-77.32],[-112.4,-76.5],[-112.75,-76.31],[-113.5,-76.42],[-115.09,-77.75]]}},{"type":"Feature","properties":{"level":984},"geometry":{"type":"LineString","coordinates":[[-118.03,-76.5],[-116.22,-76.0],[-116.75,-75.85],[-117.75,-76.1],[-118.13,-76.25],[-118.03,-76.5]]}},{"type":"Feature","properties":{"level":984},"geometry":{"type":"LineString","coordinates":[[-28.75,-76.55],[-29.52,-76.25],[-29.48,-75.75],[-26.99,-72.5],[-24.5,-70.9],[-18.7,-68.0],[-17.39,-67.0],[-16.84,-65.75],[-17.07,-62.25],[-16.73,-60.5],[-15.6,-59.0],[-11.31,-55.25],[-8.25,-53.66],[-4.5,-52.42],[-0.25,-51.43],[4.75,-50.63],[5.5,-50.31],[11.75,-50.45],[15.75,-51.28],[23.25,-53.63],[34.1,-57.75],[39.5,-59.32],[41.75,-59.7],[44.5,-60.66],[46.75,-61.8],[48.34,-63.0],[51.0,-63.86],[52.75,-63.96],[54.25,-63.76],[55.25,-63.99],[56.75,-63.64],[57.5,-63.75],[54.25,-64.46],[51.0,-65.59],[50.59,-66.0],[51.42,-66.25],[52.02,-66.75],[51.86,-67.0],[50.25,-67.33],[50.12,-67.75],[49.25,-68.23],[48.4,-68.25],[47.9,-68.0],[48.0,-68.25],[47.63,-68.5],[45.75,-68.91],[42.48,-70.5],[40.25,-70.88],[36.75,-71.04],[35.0,-71.7],[31.0,-72.17],[25.75,-72.19],[23.25,-72.81],[13.5,-72.77],[8.0,-74.09],[4.5,-73.29],[3.25,-73.26],[2.74,-73.0],[-2.75,-73.33],[-3.25,-73.25],[-3.04,-73.0],[-3.75,-72.77],[-5.02,-73.5],[-3.41,-73.5],[-4.75,-74.11],[-6.25,-74.41],[-7.5,-74.34],[-10.75,-75.31],[-11.75,-75.24],[-12.75,-75.75],[-14.5,-76.18],[-28.75,-76.55]]}},{"type":"Feature","properties":{"level":984},"geometry":{"type":"LineString","coordinates":[[-112.3,-76.25],[-110.0,-76.44],[-108.83,-75.75],[-110.25,-76.03],[-111.75,-75.9],[-112.3,-76.25]]}},{"type":"Feature","properties":{"level":984},"geometry":{"type":"LineString","coordinates":[[-180.0,-64.85],[-176.0,-64.6],[-167.0,-62.56],[-162.75,-61.19],[-156.45,-58.0],[-151.5,-56.14],[-145.75,-55.41],[-144.5,-55.95],[-143.0,-55.82],[-139.25,-54.2],[-134.19,-51.0],[-132.75,-50.35],[-130.0,-49.63],[-127.5,-49.4],[-123.5,-49.67],[-122.75,-49.37],[-122.25,-49.46],[-120.0,-50.63],[-116.0,-53.52],[-113.96,-54.5],[-112.75,-55.38],[-111.25,-55.94],[-109.25,-56.26],[-108.21,-57.5],[-107.2,-59.25],[-107.13,-60.25],[-108.0,-61.0],[-108.24,-61.5],[-108.1,-62.0],[-107.27,-62.5],[-105.0,-62.62],[-98.0,-61.89],[-95.5,-61.89],[-93.5,-62.47],[-93.03,-63.0],[-92.8,-63.75],[-93.16,-65.0],[-95.43,-69.25],[-96.92,-71.0],[-98.23,-71.75],[-98.4,-72.0],[-97.98,-72.5],[-99.26,-73.0],[-99.35,-73.5],[-100.02,-73.75],[-99.47,-74.25],[-103.5,-74.64],[-106.0,-75.42],[-107.15,-76.0],[-107.25,-76.27],[-107.75,-76.17],[-108.31,-76.5],[-107.5,-76.62],[-107.38,-77.0],[-109.0,-77.67],[-109.4,-78.25],[-111.5,-79.23],[-111.53,-80.0],[-112.58,-80.75],[-111.07,-82.0],[-110.98,-82.5],[-112.46,-83.0],[-113.76,-84.0],[-121.39,-84.5],[-122.97,-84.75],[-121.86,-85.0],[-126.56,-85.25],[-128.59,-85.75],[-134.0,-85.71],[-134.47,-85.75],[-134.09,-86.0],[-136.75,-86.14],[-147.5,-86.27],[-150.75,-85.88],[-154.25,-86.05],[-155.0,-86.31],[-158.75,-86.37],[-159.68,-86.25],[-158.24,-86.0],[-159.5,-85.8],[-167.25,-85.84],[-175.0,-85.39],[-175.93,-85.25],[-175.31,-85.0],[-176.25,-84.9],[-177.96,-85.0],[-178.25,-85.19],[-180.0,-85.04]]}},{"type":"Feature","properties":{"level":984},"geometry":{"type":"LineString","coordinates":[[-116.0,20.19],[-116.29,20.75],[-116.05,21.0],[-115.19,20.75],[-115.5,20.16],[-116.0,20.19]]}},{"type":"Feature","properties":{"level":984},"geometry":{"type":"LineString","coordinates":[[144.25,24.96],[143.25,25.3],[142.54,26.0],[142.23,26.75],[142.27,27.75],[142.72,28.5],[143.5,29.06],[144.5,29.32],[145.5,29.22],[146.84,28.25],[147.16,26.75],[146.77,26.0],[146.0,25.27],[145.0,24.94],[144.25,24.96]]}},{"type":"Feature","properties":{"level":984},"geometry":{"type":"LineString","coordinates":[[174.75,25.48],[174.47,26.0],[175.0,26.22],[175.3,25.75],[174.75,25.48]]}},{"type":"Feature","properties":{"level":984},"geometry":{"type":"LineString","coordinates":[[2.25,64.75],[1.5,65.16],[-1.71,66.0],[-2.71,66.75],[-1.44,68.0],[1.75,70.3],[4.5,73.02],[6.25,74.15],[9.25,75.54],[14.0,77.04],[17.0,76.89],[21.0,77.39],[25.52,77.25],[32.91,74.5],[33.82,74.0],[34.08,73.5],[34.15,72.75],[31.93,71.0],[30.75,70.48],[29.0,70.29],[28.95,70.0],[27.44,69.75],[25.0,68.77],[23.37,68.5],[19.75,66.65],[18.5,66.39],[16.25,66.38],[13.5,66.75],[9.5,65.35],[6.74,64.75],[4.5,64.53],[2.25,64.75]]}},{"type":"Feature","properties":{"level":984},"geometry":{"type":"LineString","coordinates":[[40.5,81.75],[29.61,82.0],[30.23,82.25],[33.68,82.5],[49.0,83.38],[58.0,83.28],[62.0,82.75],[57.0,81.88],[40.5,81.75]]}},{"type":"Feature","properties":{"level":988},"geometry":{"type":"LineString","coordinates":[[172.5,-86.36],[172.34,-86.25],[175.74,-86.0],[173.25,-86.44],[172.5,-86.36]]}},{"type":"Feature","properties":{"level":988},"geometry":{"type":"LineString","coordinates":[[180.0,-85.66],[179.3,-85.5],[180.0,-85.38]]}},{"type":"Feature","properties":{"level":988},"geometry":{"type":"LineString","coordinates":[[-180.0,-85.38],[-179.75,-85.25],[-180.0,-85.22]]}},{"type":"Feature","properties":{"level":988},"geometry":{"type":"LineString","coordinates":[[180.0,-85.22],[170.75,-85.03],[169.23,-84.75],[169.62,-84.5],[168.0,-84.61],[164.26,-84.25],[166.4,-83.75],[165.0,-83.41],[163.5,-83.82],[161.5,-83.45],[160.25,-83.64],[159.98,-83.5],[160.3,-83.25],[158.95,-82.75],[159.29,-82.5],[158.79,-82.0],[157.97,-81.75],[157.99,-81.5],[156.5,-81.37],[155.41,-81.0],[156.35,-80.75],[155.91,-80.25],[156.25,-79.98],[157.22,-79.75],[156.75,-79.13],[155.05,-79.0],[155.05,-78.25],[155.66,-78.0],[155.37,-77.75],[155.5,-77.54],[156.75,-77.61],[158.4,-77.25],[158.25,-76.97],[156.36,-76.75],[157.25,-76.3],[157.38,-76.0],[156.25,-75.62],[154.86,-75.75],[154.71,-75.5],[157.82,-75.0],[157.18,-74.75],[157.5,-74.52],[160.0,-74.33],[161.25,-74.56],[162.23,-74.25],[162.63,-73.75],[161.75,-73.24],[163.25,-73.63],[163.45,-73.5],[163.31,-73.25],[164.25,-73.28],[164.25,-72.98],[166.04,-72.5],[165.75,-72.18],[163.75,-71.95],[163.25,-72.29],[162.75,-71.75],[161.5,-72.04],[161.25,-72.46],[159.75,-71.37],[156.75,-70.7],[146.75,-70.16],[142.75,-69.43],[136.75,-69.53],[134.5,-69.24],[129.25,-69.89],[120.0,-70.53],[118.25,-70.31],[118.26,-69.75],[118.0,-69.44],[116.0,-68.98],[113.25,-68.79],[111.25,-68.3],[105.75,-67.61],[104.25,-67.61],[102.25,-67.96],[101.0,-67.61],[99.75,-67.68],[98.5,-67.35],[95.77,-67.75],[93.0,-67.66],[88.75,-68.1],[87.0,-68.01],[80.5,-68.41],[79.8,-69.0],[77.44,-69.75],[73.75,-70.34],[71.0,-71.93],[69.5,-72.26],[68.95,-72.0],[69.01,-71.0],[68.22,-70.75],[68.67,-70.5],[68.9,-70.0],[68.38,-69.75],[69.1,-68.75],[68.75,-68.44],[66.99,-68.0],[68.78,-67.75],[70.21,-66.5],[77.15,-64.0],[81.25,-61.68],[82.19,-60.75],[82.59,-60.0],[83.02,-57.75],[83.12,-55.5],[83.74,-53.75],[86.28,-50.5],[88.75,-48.34],[91.0,-47.79],[97.25,-47.33],[98.5,-47.45],[99.25,-46.96],[102.75,-48.4],[107.0,-50.86],[109.56,-53.0],[112.25,-56.34],[113.75,-57.03],[115.75,-57.32],[120.75,-56.75],[128.0,-54.83],[134.09,-52.75],[135.06,-52.25],[137.0,-50.64],[140.0,-50.46],[142.25,-50.03],[144.53,-49.25],[144.5,-49.0],[148.0,-49.14],[148.25,-49.56],[149.0,-49.48],[153.25,-52.54],[161.75,-58.05],[165.38,-60.0],[169.33,-61.5],[172.25,-62.26],[180.0,-63.16]]}},{"type":"Feature","properties":{"level":988},"geometry":{"type":"LineString","coordinates":[[-32.5,-77.27],[-33.68,-77.0],[-33.75,-76.47],[-33.14,-75.5],[-31.05,-73.25],[-28.59,-71.25],[-22.02,-67.5],[-20.2,-66.0],[-19.33,-64.5],[-18.88,-61.25],[-18.4,-60.0],[-13.2,-54.5],[-10.55,-53.0],[-6.09,-51.75],[-4.25,-51.0],[2.0,-49.87],[5.25,-49.47],[10.25,-49.47],[13.0,-49.74],[16.25,-50.44],[25.5,-52.87],[26.25,-53.27],[27.25,-53.28],[35.25,-56.81],[44.75,-59.55],[48.37,-61.0],[49.75,-61.81],[52.75,-62.54],[56.0,-62.48],[62.25,-61.54],[63.75,-61.73],[64.05,-62.25],[63.61,-63.25],[64.12,-64.25],[61.5,-64.93],[55.25,-65.66],[54.17,-66.25],[54.6,-67.0],[52.62,-67.25],[51.5,-67.7],[51.0,-68.8],[49.25,-69.26],[46.54,-69.25],[43.35,-70.75],[37.5,-71.35],[35.0,-72.11],[30.5,-72.6],[26.0,-72.37],[23.25,-73.05],[14.25,-73.29],[10.0,-74.31],[7.25,-74.31],[5.69,-73.75],[2.5,-73.7],[0.25,-73.25],[-3.0,-73.77],[-5.75,-74.86],[-9.75,-75.37],[-14.0,-76.45],[-24.0,-76.71],[-32.5,-77.27]]}},{"type":"Feature","properties":{"level":988},"geometry":{"type":"LineString","coordinates":[[166.8,-72.25],[167.0,-72.39],[167.44,-72.0],[165.52,-71.5],[165.5,-71.29],[164.98,-71.5],[166.8,-72.25]]}},{"type":"Feature","properties":{"level":988},"geometry":{"type":"LineString","coordinates":[[67.5,-70.27],[67.7,-70.25],[67.5,-70.27]]}},{"type":"Feature","properties":{"level":988},"geometry":{"type":"LineString","coordinates":[[-180.0,-63.16],[-174.25,-62.76],[-167.5,-61.4],[-164.06,-60.25],[-156.3,-56.75],[-152.25,-55.24],[-145.5,-54.07],[-143.25,-54.15],[-140.5,-53.19],[-135.5,-50.11],[-133.03,-49.0],[-130.0,-48.3],[-126.5,-48.05],[-123.75,-48.12],[-122.5,-48.4],[-119.97,-49.5],[-114.89,-52.5],[-111.75,-54.02],[-108.5,-54.76],[-106.37,-56.75],[-104.78,-59.25],[-104.28,-60.5],[-103.75,-60.9],[-102.0,-61.21],[-96.5,-61.25],[-94.0,-61.59],[-92.75,-62.07],[-91.82,-62.75],[-91.13,-63.75],[-90.96,-64.5],[-93.07,-69.75],[-95.38,-72.75],[-96.21,-73.5],[-95.2,-74.0],[-96.59,-75.0],[-100.56,-75.75],[-100.78,-76.0],[-100.84,-77.0],[-102.66,-78.0],[-104.41,-78.5],[-105.94,-79.25],[-105.86,-80.0],[-106.41,-81.5],[-104.77,-83.0],[-104.94,-83.25],[-106.25,-83.58],[-113.73,-84.25],[-115.63,-84.5],[-115.62,-84.75],[-116.5,-84.9],[-123.71,-85.5],[-122.93,-85.75],[-123.57,-86.0],[-126.25,-86.25],[-131.25,-86.02],[-148.25,-86.73],[-154.75,-86.79],[-159.25,-86.61],[-161.0,-86.05],[-173.75,-85.6],[-178.25,-85.82],[-180.0,-85.66]]}},{"type":"Feature","properties":{"level":988},"geometry":{"type":"LineString","coordinates":[[-103.25,-53.55],[-104.08,-53.0],[-104.09,-52.5],[-103.75,-52.12],[-103.25,-52.1],[-102.73,-52.75],[-102.84,-53.5],[-103.25,-53.55]]}},{"type":"Feature","properties":{"level":988},"geometry":{"type":"LineString","coordinates":[[148.5,-49.39],[148.5,-49.15],[148.66,-49.25],[148.5,-49.39]]}},{"type":"Feature","properties":{"level":988},"geometry":{"type":"LineString","coordinates":[[-116.0,19.98],[-116.44,20.5],[-116.4,21.0],[-115.75,21.19],[-115.25,21.0],[-115.04,20.75],[-115.19,20.25],[-116.0,19.98]]}},{"type":"Feature","properties":{"level":988},"geometry":{"type":"LineString","coordinates":[[144.5,24.48],[143.25,24.76],[142.47,25.25],[141.93,26.0],[141.7,27.25],[142.14,28.5],[142.75,29.24],[145.0,29.7],[146.25,29.35],[147.04,28.75],[147.54,27.75],[147.59,27.0],[147.33,26.0],[146.64,25.25],[145.5,24.61],[144.5,24.48]]}},{"type":"Feature","properties":{"level":988},"geometry":{"type":"LineString","coordinates":[[174.5,25.48],[174.33,25.75],[174.5,26.22],[175.25,26.24],[175.42,25.75],[175.27,25.5],[174.5,25.48]]}},{"type":"Feature","properties":{"level":988},"geometry":{"type":"LineString","coordinates":[[3.0,63.98],[-3.75,64.78],[-4.95,65.5],[-5.2,66.5],[-4.48,67.75],[0.25,72.77],[4.89,76.0],[7.0,77.77],[9.5,79.13],[10.75,79.42],[12.25,79.08],[12.25,78.73],[13.25,78.65],[13.63,78.75],[13.53,79.0],[13.75,79.13],[14.5,79.18],[17.5,78.66],[20.0,78.83],[21.5,79.33],[25.5,79.32],[26.25,79.53],[26.76,80.0],[23.75,80.17],[18.75,79.84],[17.52,80.0],[17.6,80.75],[16.82,81.75],[18.67,82.5],[23.75,83.21],[33.5,83.87],[44.5,84.33],[56.25,84.5],[67.5,84.28],[75.5,83.79],[79.67,83.25],[81.34,82.75],[82.04,82.25],[81.91,81.75],[81.25,81.47],[75.5,80.73],[67.75,80.43],[59.25,80.6],[45.75,80.39],[31.0,79.84],[29.47,79.25],[31.59,78.5],[35.13,77.75],[37.0,76.45],[41.0,75.66],[41.9,75.25],[41.97,74.75],[39.67,72.5],[36.55,70.75],[33.5,69.49],[26.5,67.47],[22.25,65.75],[20.5,65.45],[16.5,65.52],[15.5,65.34],[13.75,65.63],[12.5,65.51],[10.0,64.66],[6.19,64.0],[3.0,63.98]]}},{"type":"Feature","properties":{"level":992},"geometry":{"type":"LineString","coordinates":[[180.0,-87.02],[165.25,-87.34],[165.02,-87.25],[167.75,-86.83],[170.78,-86.0],[175.63,-85.5],[174.5,-85.23],[169.25,-85.01],[167.5,-85.3],[164.5,-85.32],[163.9,-85.25],[166.75,-85.02],[167.12,-84.75],[165.0,-84.89],[159.75,-84.38],[159.46,-84.25],[161.2,-84.0],[158.45,-83.75],[159.65,-83.25],[158.75,-83.0],[157.25,-83.29],[157.25,-82.94],[155.28,-82.5],[155.12,-82.0],[153.56,-81.75],[154.25,-81.5],[153.0,-81.56],[152.03,-81.25],[152.3,-80.75],[152.87,-80.5],[154.75,-80.35],[155.68,-80.0],[154.25,-79.64],[154.1,-79.5],[154.24,-79.25],[153.66,-78.75],[151.95,-78.25],[152.25,-77.68],[151.0,-77.16],[150.75,-76.65],[148.75,-76.53],[147.5,-76.83],[142.0,-75.98],[136.66,-75.5],[136.89,-75.25],[139.5,-74.9],[145.0,-74.8],[147.75,-75.19],[147.4,-75.5],[147.74,-75.75],[149.5,-76.09],[152.33,-75.75],[150.33,-75.25],[150.75,-75.01],[153.0,-74.97],[155.25,-74.32],[159.5,-73.94],[161.0,-74.35],[162.0,-74.04],[161.25,-73.24],[160.53,-73.0],[160.63,-72.75],[160.14,-72.5],[160.25,-72.22],[159.33,-72.0],[159.72,-71.75],[159.69,-71.5],[158.25,-71.66],[157.0,-71.25],[146.5,-70.54],[142.55,-69.75],[140.25,-69.64],[137.25,-69.91],[134.25,-69.59],[130.5,-70.28],[123.75,-70.94],[118.5,-71.02],[117.39,-70.75],[116.25,-69.67],[111.5,-69.03],[110.75,-68.72],[108.25,-68.62],[105.25,-67.94],[102.25,-68.69],[100.75,-67.98],[99.25,-67.93],[98.5,-67.57],[96.0,-68.08],[88.75,-68.59],[86.5,-68.43],[81.75,-69.0],[79.67,-69.5],[78.0,-70.21],[75.5,-70.27],[72.34,-72.5],[71.0,-72.85],[69.75,-72.66],[68.75,-73.02],[68.0,-73.64],[66.75,-73.6],[66.06,-73.25],[66.39,-71.5],[65.81,-70.25],[66.59,-69.25],[66.25,-68.89],[65.75,-68.98],[63.5,-68.1],[56.75,-67.5],[54.0,-67.88],[51.5,-69.34],[47.75,-69.62],[43.75,-71.04],[37.5,-71.72],[34.0,-72.63],[30.25,-72.92],[26.0,-72.58],[24.25,-73.19],[18.25,-73.61],[12.0,-74.54],[6.5,-74.54],[4.25,-74.2],[0.25,-74.5],[-0.75,-74.09],[-2.5,-73.93],[-3.25,-74.25],[-2.3,-74.75],[-2.5,-74.81],[-9.75,-75.89],[-12.91,-76.75],[-24.5,-76.97],[-30.92,-77.5],[-35.5,-78.35],[-37.21,-78.0],[-37.54,-77.0],[-37.18,-75.75],[-35.76,-74.25],[-31.7,-71.0],[-26.25,-67.61],[-22.75,-65.0],[-21.76,-63.75],[-20.63,-60.5],[-19.75,-58.84],[-14.48,-53.0],[-11.04,-51.75],[-4.75,-50.16],[0.25,-49.2],[5.5,-48.55],[11.75,-48.62],[22.5,-50.58],[25.0,-50.75],[30.0,-52.42],[36.75,-55.86],[51.75,-60.79],[56.0,-61.22],[62.25,-60.26],[64.75,-60.24],[66.25,-60.68],[68.0,-61.93],[69.0,-61.95],[70.25,-62.5],[71.75,-62.68],[75.25,-62.14],[77.75,-61.21],[79.75,-60.0],[81.13,-57.75],[82.25,-53.87],[84.25,-50.94],[87.2,-47.75],[89.75,-46.93],[97.25,-46.25],[98.0,-46.01],[98.0,-45.58],[98.25,-45.63],[101.5,-46.8],[106.5,-49.42],[109.75,-51.74],[112.18,-54.0],[113.75,-55.12],[115.5,-55.75],[117.25,-55.87],[122.25,-55.29],[127.25,-53.93],[132.46,-52.0],[136.25,-49.57],[141.0,-48.74],[143.25,-47.09],[144.75,-46.76],[145.25,-46.85],[145.5,-46.45],[146.25,-46.58],[146.49,-46.5],[146.5,-46.13],[153.75,-51.56],[164.5,-57.99],[169.0,-59.23],[173.0,-60.68],[180.0,-61.54]]}},{"type":"Feature","properties":{"level":992},"geometry":{"type":"LineString","coordinates":[[-139.58,-86.5],[-135.0,-86.68],[-130.86,-86.5],[-139.58,-86.5]]}},{"type":"Feature","properties":{"level":992},"geometry":{"type":"LineString","coordinates":[[-177.28,-86.25],[-172.75,-86.43],[-167.68,-86.0],[-173.5,-85.81],[-177.28,-86.25]]}},{"type":"Feature","properties":{"level":992},"geometry":{"type":"LineString","coordinates":[[-163.67,-86.25],[-162.75,-86.44],[-161.0,-86.25],[-163.67,-86.25]]}},{"type":"Feature","properties":{"level":992},"geometry":{"type":"LineString","coordinates":[[148.25,-85.25],[146.81,-85.0],[148.0,-84.7],[152.25,-84.68],[154.68,-84.75],[155.59,-85.0],[148.25,-85.25]]}},{"type":"Feature","properties":{"level":992},"geometry":{"type":"LineString","coordinates":[[162.26,-84.0],[163.0,-84.18],[163.86,-84.0],[162.26,-84.0]]}},{"type":"Feature","properties":{"level":992},"geometry":{"type":"LineString","coordinates":[[159.0,-72.51],[158.56,-72.25],[158.75,-72.06],[159.95,-72.5],[159.0,-72.51]]}},{"type":"Feature","properties":{"level":992},"geometry":{"type":"LineString","coordinates":[[-180.0,-61.54],[-174.25,-61.32],[-168.0,-60.14],[-163.68,-58.75],[-152.75,-54.25],[-145.5,-52.85],[-143.0,-52.66],[-140.5,-51.55],[-136.52,-48.75],[-133.25,-47.27],[-130.0,-46.68],[-127.75,-46.51],[-126.75,-46.7],[-125.5,-46.38],[-120.5,-48.09],[-114.75,-51.07],[-112.25,-52.09],[-110.25,-52.66],[-108.25,-52.64],[-106.0,-53.67],[-105.25,-53.57],[-104.99,-52.25],[-104.25,-51.5],[-103.0,-51.05],[-102.0,-51.14],[-101.04,-52.0],[-100.54,-53.0],[-100.46,-53.75],[-101.75,-54.4],[-104.63,-54.5],[-103.31,-57.25],[-101.92,-59.0],[-101.25,-59.52],[-100.0,-59.97],[-94.75,-60.67],[-92.0,-61.4],[-90.5,-62.19],[-89.54,-63.0],[-89.07,-64.5],[-90.0,-68.5],[-90.58,-70.0],[-91.91,-72.75],[-93.22,-73.5],[-92.02,-74.0],[-91.58,-74.5],[-91.62,-74.75],[-96.25,-76.82],[-96.95,-77.75],[-100.61,-79.25],[-100.86,-80.5],[-99.93,-81.0],[-99.89,-81.5],[-98.65,-82.25],[-102.97,-83.5],[-104.25,-83.77],[-111.06,-84.25],[-110.5,-84.58],[-108.77,-84.75],[-109.0,-84.79],[-117.93,-85.25],[-121.33,-86.0],[-123.87,-86.25],[-123.64,-86.75],[-128.0,-86.99],[-147.5,-87.4],[-159.25,-87.11],[-174.0,-87.54],[-176.3,-87.5],[-177.07,-87.25],[-175.11,-87.0],[-180.0,-87.02]]}},{"type":"Feature","properties":{"level":992},"geometry":{"type":"LineString","coordinates":[[-38.0,-44.03],[-38.5,-43.93],[-38.73,-43.5],[-37.34,-42.5],[-36.0,-42.43],[-35.16,-43.0],[-35.24,-43.5],[-36.0,-44.02],[-36.75,-44.21],[-38.0,-44.03]]}},{"type":"Feature","properties":{"level":992},"geometry":{"type":"LineString","coordinates":[[-116.25,19.92],[-116.63,20.5],[-116.5,21.28],[-115.75,21.39],[-115.25,21.19],[-114.89,20.75],[-115.0,20.24],[-115.75,19.75],[-116.25,19.92]]}},{"type":"Feature","properties":{"level":992},"geometry":{"type":"LineString","coordinates":[[143.5,23.96],[142.0,24.69],[141.0,25.99],[140.79,27.0],[141.3,28.5],[142.24,29.5],[143.25,30.12],[145.0,30.24],[146.5,29.8],[147.3,29.25],[147.97,28.25],[148.19,27.25],[147.95,26.0],[147.0,24.78],[146.0,24.14],[144.75,23.86],[143.5,23.96]]}},{"type":"Feature","properties":{"level":992},"geometry":{"type":"LineString","coordinates":[[174.75,25.24],[174.31,25.5],[174.2,26.0],[174.5,26.39],[175.0,26.46],[175.41,26.25],[175.54,25.75],[175.25,25.34],[174.75,25.24]]}},{"type":"Feature","properties":{"level":992},"geometry":{"type":"LineString","coordinates":[[-157.0,54.94],[-159.5,55.64],[-159.75,56.0],[-159.32,56.25],[-159.53,56.75],[-159.38,57.25],[-158.75,58.1],[-157.0,59.35],[-155.75,59.84],[-154.5,59.81],[-154.0,59.56],[-152.0,59.4],[-151.2,58.75],[-151.03,58.25],[-151.21,57.75],[-153.14,55.75],[-155.25,54.82],[-157.0,54.94]]}},{"type":"Feature","properties":{"level":992},"geometry":{"type":"LineString","coordinates":[[14.0,62.69],[14.25,63.01],[15.12,63.0],[14.0,62.69]]}},{"type":"Feature","properties":{"level":992},"geometry":{"type":"LineString","coordinates":[[-0.25,63.48],[-3.93,64.0],[-6.83,65.25],[-7.39,66.0],[-7.54,67.0],[-6.41,69.75],[-0.92,76.0],[1.47,78.25],[2.11,79.25],[7.63,82.0],[11.31,83.0],[18.75,83.97],[28.75,84.65],[42.0,85.13],[56.25,85.27],[69.5,85.06],[80.94,84.5],[88.51,83.75],[91.2,83.25],[92.26,82.75],[90.75,81.75],[87.25,80.38],[82.5,79.4],[76.25,79.07],[56.75,79.18],[49.5,78.56],[46.09,77.0],[46.45,76.5],[48.9,75.0],[48.71,74.5],[47.37,73.0],[43.5,70.56],[37.69,68.75],[34.0,67.91],[33.25,67.93],[25.0,65.05],[21.75,64.36],[19.5,64.27],[18.75,64.04],[17.25,64.37],[14.5,64.23],[12.75,64.41],[10.75,63.92],[4.75,63.26],[-0.25,63.48]]}},{"type":"Feature","properties":{"level":996},"geometry":{"type":"LineString","coordinates":[[180.0,-88.36],[157.07,-88.0],[165.01,-86.75],[163.93,-86.25],[164.5,-86.14],[174.48,-85.5],[174.0,-85.41],[169.25,-85.17],[167.5,-85.49],[164.0,-85.46],[162.03,-85.25],[162.37,-85.0],[157.75,-84.63],[157.23,-84.75],[158.65,-85.0],[158.9,-85.25],[149.0,-85.61],[143.26,-85.25],[142.83,-85.0],[147.25,-84.53],[156.75,-84.55],[158.65,-84.0],[156.69,-83.5],[155.93,-83.0],[153.77,-82.75],[154.5,-82.49],[149.28,-81.75],[149.32,-81.5],[148.82,-81.25],[150.39,-80.25],[150.5,-79.75],[152.02,-79.5],[149.63,-78.5],[149.25,-77.97],[142.75,-76.84],[129.53,-75.5],[128.96,-75.25],[133.25,-75.1],[140.25,-74.44],[147.75,-74.7],[153.0,-74.54],[155.5,-74.0],[157.75,-73.92],[158.39,-73.75],[158.41,-73.5],[159.14,-73.25],[159.22,-73.0],[157.75,-72.36],[155.0,-71.65],[151.5,-71.54],[145.5,-70.81],[141.0,-69.98],[137.25,-70.24],[134.0,-70.01],[130.75,-70.71],[123.25,-71.39],[119.0,-71.49],[117.67,-71.25],[116.5,-70.46],[114.5,-69.89],[107.0,-68.93],[106.86,-69.25],[107.25,-69.76],[105.0,-69.63],[101.16,-69.0],[100.0,-68.27],[98.75,-68.23],[98.0,-67.95],[93.25,-68.73],[89.0,-69.01],[86.25,-68.89],[82.5,-69.31],[76.75,-71.13],[75.5,-71.84],[74.85,-72.5],[74.75,-72.92],[73.25,-73.28],[72.5,-73.12],[70.25,-73.88],[67.25,-74.24],[64.61,-73.5],[65.0,-72.5],[64.39,-71.25],[64.88,-70.75],[64.86,-70.25],[64.43,-70.0],[64.49,-69.75],[63.69,-68.75],[62.5,-68.44],[59.0,-68.14],[56.0,-68.53],[54.5,-68.45],[52.18,-69.5],[47.75,-70.21],[44.75,-71.19],[37.25,-72.1],[34.5,-72.86],[30.5,-73.19],[26.25,-72.81],[25.33,-73.25],[23.75,-73.55],[14.77,-74.75],[5.0,-74.91],[0.0,-76.07],[-8.25,-76.35],[-13.25,-77.18],[-17.25,-77.21],[-20.25,-77.55],[-21.0,-77.33],[-23.0,-77.31],[-29.75,-77.73],[-31.13,-78.0],[-31.5,-78.28],[-36.0,-78.7],[-40.09,-78.0],[-41.13,-77.5],[-41.75,-76.69],[-42.5,-76.19],[-44.0,-75.91],[-46.03,-76.0],[-46.39,-75.75],[-45.75,-75.27],[-42.5,-74.29],[-36.4,-71.75],[-26.07,-64.75],[-24.93,-63.75],[-23.99,-62.5],[-22.23,-59.25],[-18.28,-54.0],[-18.25,-53.5],[-17.81,-53.25],[-14.75,-51.79],[-10.63,-50.5],[-1.75,-48.54],[5.5,-47.57],[9.5,-47.45],[18.25,-48.35],[21.5,-48.43],[23.25,-48.06],[25.75,-48.55],[27.0,-48.51],[28.75,-48.94],[29.25,-49.47],[29.75,-49.26],[30.5,-50.25],[31.48,-50.5],[31.76,-51.0],[34.71,-53.25],[39.0,-55.4],[42.53,-56.75],[49.75,-58.67],[52.96,-59.75],[56.5,-59.95],[64.0,-58.92],[67.0,-59.41],[69.25,-60.33],[72.5,-60.55],[75.5,-60.03],[77.0,-59.28],[78.0,-58.43],[79.54,-56.5],[80.65,-53.75],[84.1,-49.0],[85.75,-47.25],[88.75,-46.12],[93.75,-45.46],[96.0,-44.82],[96.5,-44.02],[101.25,-45.58],[105.0,-47.44],[108.5,-49.62],[112.5,-52.64],[114.5,-53.86],[116.25,-54.4],[117.75,-54.53],[122.0,-54.06],[126.29,-53.0],[130.25,-51.52],[134.75,-49.09],[139.58,-47.5],[141.5,-46.03],[144.75,-44.98],[145.75,-45.08],[146.25,-44.76],[152.75,-49.56],[161.25,-54.31],[166.75,-56.7],[175.0,-58.06],[176.0,-58.41],[177.55,-59.5],[180.0,-60.01]]}},{"type":"Feature","properties":{"level":996},"geometry":{"type":"LineString","coordinates":[[153.07,-80.0],[154.19,-80.0],[153.07,-80.0]]}},{"type":"Feature","properties":{"level":996},"geometry":{"type":"LineString","coordinates":[[160.03,-74.0],[161.0,-74.2],[161.78,-74.0],[160.5,-73.28],[159.58,-73.5],[160.03,-74.0]]}},{"type":"Feature","properties":{"level":996},"geometry":{"type":"LineString","coordinates":[[-180.0,-60.01],[-174.25,-60.03],[-168.0,-58.86],[-163.25,-57.34],[-153.25,-53.29],[-143.0,-51.14],[-141.25,-50.05],[-136.73,-46.5],[-133.84,-45.25],[-129.75,-44.72],[-127.0,-44.83],[-121.0,-46.69],[-114.5,-49.74],[-111.5,-50.8],[-109.75,-51.09],[-107.5,-50.91],[-106.25,-51.17],[-102.5,-50.51],[-100.25,-51.12],[-98.44,-53.5],[-98.56,-54.0],[-99.96,-55.5],[-99.97,-56.75],[-99.5,-57.58],[-97.0,-59.0],[-92.0,-60.1],[-89.25,-61.11],[-87.68,-62.25],[-87.16,-63.75],[-87.52,-67.75],[-88.25,-71.0],[-88.05,-72.5],[-89.02,-73.5],[-89.01,-73.75],[-87.5,-74.97],[-87.9,-75.75],[-94.75,-77.46],[-96.16,-78.0],[-96.11,-78.25],[-95.0,-79.01],[-93.0,-79.33],[-90.0,-79.22],[-87.25,-78.5],[-86.48,-78.5],[-86.31,-78.75],[-89.9,-80.0],[-90.53,-80.5],[-95.07,-81.75],[-95.0,-82.03],[-93.54,-82.0],[-94.69,-82.5],[-102.75,-83.9],[-108.26,-84.25],[-104.43,-84.75],[-104.14,-85.0],[-114.95,-85.25],[-116.47,-86.0],[-113.75,-85.96],[-112.78,-86.25],[-113.84,-86.5],[-121.25,-87.04],[-132.64,-87.25],[-140.0,-87.9],[-158.0,-87.92],[-172.25,-88.4],[-180.0,-88.36]]}},{"type":"Feature","properties":{"level":996},"geometry":{"type":"LineString","coordinates":[[-38.5,-45.04],[-39.75,-44.56],[-40.3,-43.75],[-40.16,-43.0],[-39.0,-42.15],[-37.75,-41.74],[-36.0,-41.65],[-34.72,-42.0],[-33.75,-42.75],[-33.69,-43.5],[-35.0,-44.75],[-36.5,-45.17],[-38.5,-45.04]]}},{"type":"Feature","properties":{"level":996},"geometry":{"type":"LineString","coordinates":[[-116.25,19.62],[-116.77,20.25],[-116.85,21.0],[-116.5,21.57],[-115.5,21.6],[-114.81,21.0],[-114.76,20.25],[-115.5,19.6],[-116.25,19.62]]}},{"type":"Feature","properties":{"level":996},"geometry":{"type":"LineString","coordinates":[[143.5,22.97],[142.75,23.09],[141.75,23.74],[140.36,25.25],[139.87,26.75],[140.09,28.5],[141.0,29.84],[143.0,30.81],[144.25,31.02],[146.0,30.82],[147.5,30.01],[148.54,28.75],[148.91,27.5],[148.65,26.0],[147.75,24.32],[146.5,23.44],[145.25,22.93],[143.5,22.97]]}},{"type":"Feature","properties":{"level":996},"geometry":{"type":"LineString","coordinates":[[174.5,25.16],[174.05,25.75],[174.17,26.25],[174.75,26.62],[175.25,26.52],[175.68,26.0],[175.59,25.5],[175.0,25.09],[174.5,25.16]]}},{"type":"Feature","properties":{"level":996},"geometry":{"type":"LineString","coordinates":[[-159.0,53.97],[-161.84,55.0],[-162.06,55.25],[-161.86,55.5],[-161.97,55.75],[-162.85,56.5],[-164.87,59.75],[-164.12,60.0],[-164.05,61.25],[-162.68,62.75],[-163.25,62.92],[-163.25,63.19],[-161.25,64.29],[-159.75,63.19],[-157.84,64.0],[-153.75,64.93],[-150.75,64.89],[-148.5,65.19],[-147.5,65.6],[-144.5,65.07],[-142.75,65.04],[-142.56,65.0],[-143.31,64.5],[-143.14,64.0],[-143.96,63.5],[-143.25,63.29],[-142.0,62.42],[-141.25,62.32],[-139.86,61.5],[-139.0,61.44],[-138.89,61.25],[-140.25,61.07],[-140.75,61.38],[-141.79,61.5],[-141.73,61.75],[-142.5,62.04],[-143.25,61.77],[-144.25,62.15],[-144.5,62.01],[-144.72,62.25],[-143.49,62.75],[-144.25,62.95],[-145.0,62.73],[-145.75,63.11],[-146.75,62.79],[-147.25,62.92],[-147.62,62.5],[-148.25,62.62],[-148.75,61.96],[-147.5,61.71],[-147.25,62.05],[-145.6,61.75],[-146.0,61.42],[-146.25,61.69],[-148.0,61.33],[-148.62,61.0],[-148.72,60.5],[-148.0,60.8],[-146.5,60.76],[-145.08,59.5],[-145.59,58.5],[-147.82,56.5],[-151.45,54.75],[-153.75,54.04],[-156.25,53.76],[-159.0,53.97]]}},{"type":"Feature","properties":{"level":996},"geometry":{"type":"LineString","coordinates":[[-109.5,59.92],[-113.75,60.78],[-115.12,61.5],[-115.75,61.52],[-115.98,62.0],[-115.47,62.5],[-115.59,62.75],[-115.0,62.95],[-110.25,62.3],[-108.79,61.25],[-108.82,60.25],[-109.5,59.92]]}},{"type":"Feature","properties":{"level":996},"geometry":{"type":"LineString","coordinates":[[12.75,61.23],[9.25,61.48],[8.9,62.25],[7.5,62.92],[-0.25,62.77],[-4.5,63.29],[-9.11,64.25],[-10.09,64.75],[-12.05,67.5],[-12.14,68.0],[-10.37,70.75],[-8.99,72.25],[-7.72,74.5],[-6.25,76.0],[-4.74,78.25],[-4.4,79.25],[-3.08,80.75],[-1.18,81.75],[1.62,82.75],[7.91,84.0],[18.25,84.99],[31.0,85.66],[46.75,86.02],[64.5,85.98],[79.5,85.54],[91.56,84.75],[98.3,83.75],[100.0,83.19],[100.61,82.5],[100.33,82.0],[99.88,81.75],[97.32,81.0],[96.75,80.6],[93.5,80.43],[89.56,78.75],[85.25,77.85],[78.0,77.59],[64.0,77.76],[56.71,77.0],[55.75,76.59],[55.09,76.0],[55.3,75.5],[55.05,75.25],[55.09,74.75],[52.25,73.22],[50.22,71.25],[46.94,69.5],[40.25,67.73],[32.25,65.95],[27.23,64.25],[23.38,63.25],[20.71,62.0],[19.0,61.5],[16.25,61.11],[12.75,61.23]]}},{"type":"Feature","properties":{"level":996},"geometry":{"type":"LineString","coordinates":[[-140.25,64.7],[-140.46,64.75],[-138.83,65.0],[-140.25,64.7]]}},{"type":"Feature","properties":{"level":996},"geometry":{"type":"LineString","coordinates":[[-122.0,66.7],[-123.28,67.25],[-121.5,67.71],[-119.35,67.25],[-119.37,67.0],[-120.0,66.71],[-122.0,66.7]]}},{"type":"Feature","properties":{"level":1000},"geometry":{"type":"LineString","coordinates":[[180.0,-88.65],[159.55,-88.5],[145.67,-88.0],[158.8,-87.25],[159.74,-87.0],[158.65,-86.25],[155.25,-85.81],[142.5,-85.86],[139.85,-86.25],[144.75,-86.6],[155.25,-86.45],[156.53,-86.5],[156.6,-86.75],[136.25,-87.5],[129.75,-87.55],[127.58,-87.25],[127.56,-87.0],[128.0,-86.93],[133.84,-86.5],[131.41,-86.25],[131.11,-86.0],[132.09,-85.75],[137.5,-85.32],[142.5,-84.49],[146.75,-84.25],[151.5,-84.53],[157.85,-84.0],[156.25,-83.7],[153.79,-83.75],[151.11,-82.5],[146.21,-82.0],[147.32,-81.5],[147.21,-81.25],[148.29,-80.5],[147.87,-80.25],[148.05,-80.0],[148.58,-79.75],[147.74,-78.75],[146.5,-78.15],[143.0,-77.69],[141.5,-77.27],[132.75,-76.41],[121.29,-76.0],[121.5,-75.72],[122.75,-75.71],[127.75,-74.85],[133.5,-74.82],[140.75,-74.07],[145.5,-74.44],[148.23,-74.25],[149.5,-73.95],[150.5,-73.33],[153.0,-73.24],[152.75,-73.54],[151.25,-74.0],[152.5,-74.12],[157.25,-73.67],[158.33,-73.0],[155.25,-72.7],[154.63,-73.0],[153.5,-73.03],[153.21,-72.75],[151.5,-72.63],[150.5,-72.13],[147.4,-71.5],[145.25,-71.35],[142.83,-70.5],[141.0,-70.25],[134.5,-70.52],[131.25,-71.1],[127.25,-71.23],[123.0,-71.73],[119.5,-71.79],[118.0,-71.6],[116.0,-70.78],[114.0,-70.29],[112.0,-70.1],[109.0,-70.15],[108.67,-70.25],[108.7,-70.5],[109.13,-70.75],[108.75,-70.85],[107.0,-70.18],[102.99,-69.75],[97.25,-68.36],[92.0,-69.3],[85.25,-69.45],[82.5,-69.86],[77.87,-71.25],[74.25,-73.62],[72.81,-73.75],[70.0,-74.5],[67.5,-74.62],[65.75,-74.43],[63.42,-73.5],[63.34,-72.75],[62.96,-72.5],[63.1,-72.0],[62.82,-71.5],[63.9,-70.5],[63.65,-70.0],[62.95,-69.75],[62.79,-69.25],[61.5,-68.77],[59.5,-68.54],[54.5,-69.06],[52.75,-69.72],[48.5,-70.52],[46.16,-71.25],[37.5,-72.38],[34.5,-73.1],[30.75,-73.46],[26.25,-73.35],[18.96,-74.75],[7.25,-75.25],[5.0,-76.37],[3.05,-77.0],[-11.2,-77.5],[-13.0,-77.87],[-18.75,-78.24],[-19.75,-78.8],[-26.59,-79.25],[-27.8,-79.5],[-28.0,-79.84],[-29.95,-80.0],[-27.32,-80.25],[-27.75,-80.52],[-30.25,-80.5],[-30.98,-80.25],[-30.1,-80.0],[-31.75,-80.1],[-39.25,-79.36],[-44.25,-78.38],[-47.73,-78.75],[-45.06,-79.0],[-45.25,-79.08],[-51.0,-79.56],[-51.81,-79.25],[-51.56,-79.0],[-51.69,-78.75],[-53.26,-77.5],[-50.58,-74.75],[-48.4,-73.75],[-46.25,-72.23],[-44.0,-71.47],[-40.75,-70.95],[-37.79,-70.0],[-35.96,-69.0],[-28.5,-63.76],[-24.01,-58.5],[-22.23,-55.25],[-22.3,-55.0],[-21.3,-53.75],[-17.7,-51.75],[-11.5,-49.68],[-1.25,-47.41],[6.5,-46.47],[15.5,-46.6],[17.75,-46.28],[19.5,-45.79],[20.25,-45.06],[20.75,-45.21],[21.38,-44.75],[21.42,-44.0],[21.14,-43.5],[21.5,-42.81],[21.75,-42.76],[28.25,-45.38],[30.0,-47.23],[33.83,-50.5],[39.91,-54.5],[46.25,-56.82],[54.25,-58.7],[57.5,-58.72],[64.25,-57.94],[68.75,-58.59],[69.75,-58.5],[72.25,-58.79],[75.49,-57.75],[77.54,-55.75],[83.0,-48.42],[84.5,-46.9],[87.0,-45.65],[89.75,-44.84],[92.5,-44.36],[94.37,-43.5],[94.75,-42.61],[98.52,-43.5],[103.25,-45.35],[107.5,-47.58],[112.25,-50.96],[114.75,-52.45],[116.09,-53.0],[118.25,-53.22],[122.25,-52.77],[126.75,-51.5],[131.75,-49.19],[133.25,-48.13],[133.79,-48.0],[133.77,-47.5],[137.25,-46.58],[139.75,-44.99],[143.25,-44.05],[145.25,-43.87],[145.25,-43.43],[146.25,-43.45],[154.0,-48.9],[159.75,-51.93],[161.25,-52.34],[163.75,-52.48],[168.25,-55.07],[169.75,-55.68],[172.75,-56.43],[178.13,-57.25],[180.0,-57.92]]}},{"type":"Feature","properties":{"level":1000},"geometry":{"type":"LineString","coordinates":[[170.13,-85.5],[171.3,-85.5],[170.13,-85.5]]}},{"type":"Feature","properties":{"level":1000},"geometry":{"type":"LineString","coordinates":[[148.0,-83.53],[146.64,-83.25],[148.0,-83.25],[148.71,-83.5],[148.0,-83.53]]}},{"type":"Feature","properties":{"level":1000},"geometry":{"type":"LineString","coordinates":[[-35.0,-81.02],[-34.0,-80.29],[-32.98,-80.5],[-32.94,-80.75],[-35.0,-81.02]]}},{"type":"Feature","properties":{"level":1000},"geometry":{"type":"LineString","coordinates":[[-20.0,-80.25],[-20.75,-80.0],[-20.57,-79.75],[-18.0,-79.25],[-17.47,-79.5],[-18.75,-80.25],[-20.0,-80.25]]}},{"type":"Feature","properties":{"level":1000},"geometry":{"type":"LineString","coordinates":[[160.57,-74.0],[161.51,-74.0],[161.0,-73.61],[160.04,-73.75],[160.57,-74.0]]}},{"type":"Feature","properties":{"level":1000},"geometry":{"type":"LineString","coordinates":[[-180.0,-57.92],[-177.75,-58.7],[-174.0,-58.7],[-171.0,-58.34],[-166.5,-57.26],[-154.0,-52.43],[-144.25,-50.06],[-143.0,-49.31],[-137.67,-44.25],[-136.68,-43.75],[-133.75,-42.8],[-130.0,-42.95],[-122.25,-44.99],[-111.75,-49.23],[-109.5,-49.56],[-107.0,-49.36],[-100.25,-49.9],[-99.5,-50.28],[-98.0,-51.42],[-96.44,-53.25],[-96.25,-53.75],[-96.43,-54.75],[-96.28,-55.75],[-95.44,-57.0],[-92.75,-58.17],[-88.5,-59.29],[-87.25,-59.89],[-86.17,-60.75],[-85.22,-63.5],[-85.37,-67.0],[-85.22,-69.5],[-84.71,-71.25],[-83.68,-73.0],[-84.53,-73.5],[-84.64,-74.0],[-84.04,-74.5],[-82.27,-75.0],[-83.5,-75.79],[-85.85,-76.25],[-90.5,-76.7],[-93.22,-77.5],[-92.9,-77.75],[-91.0,-78.08],[-87.0,-77.7],[-86.0,-77.89],[-84.98,-78.5],[-87.22,-79.25],[-86.0,-79.75],[-88.77,-80.75],[-89.18,-81.25],[-93.62,-82.5],[-100.85,-84.0],[-104.73,-84.25],[-100.61,-84.75],[-103.5,-85.06],[-111.63,-85.25],[-111.04,-85.5],[-108.02,-85.75],[-108.16,-86.0],[-110.56,-86.5],[-116.25,-87.03],[-125.04,-87.25],[-127.86,-87.5],[-128.05,-87.75],[-133.58,-88.5],[-141.29,-88.75],[-161.25,-88.95],[-180.0,-88.65]]}},{"type":"Feature","properties":{"level":1000},"geometry":{"type":"LineString","coordinates":[[133.25,-47.5],[133.43,-47.5],[133.25,-47.5]]}},{"type":"Feature","properties":{"level":1000},"geometry":{"type":"LineString","coordinates":[[-39.5,-45.79],[-40.5,-45.25],[-41.28,-44.0],[-40.92,-42.75],[-39.5,-41.62],[-38.0,-41.0],[-35.5,-40.94],[-33.0,-41.67],[-32.44,-42.25],[-32.23,-42.75],[-32.4,-43.75],[-34.25,-45.29],[-37.0,-45.96],[-39.5,-45.79]]}},{"type":"Feature","properties":{"level":1000},"geometry":{"type":"LineString","coordinates":[[21.5,-42.66],[21.5,-42.2],[21.5,-42.66]]}},{"type":"Feature","properties":{"level":1000},"geometry":{"type":"LineString","coordinates":[[-65.0,-18.79],[-65.55,-18.25],[-65.48,-18.0],[-64.89,-18.0],[-64.87,-18.25],[-64.3,-18.5],[-64.24,-18.75],[-65.0,-18.79]]}},{"type":"Feature","properties":{"level":1000},"geometry":{"type":"LineString","coordinates":[[-63.0,-18.64],[-63.16,-18.5],[-62.9,-18.5],[-63.0,-18.64]]}},{"type":"Feature","properties":{"level":1000},"geometry":{"type":"LineString","coordinates":[[-116.0,19.22],[-116.99,19.75],[-117.32,20.5],[-116.95,21.5],[-116.25,22.0],[-115.75,22.07],[-114.63,21.5],[-114.36,20.5],[-115.0,19.41],[-116.0,19.22]]}},{"type":"Feature","properties":{"level":1000},"geometry":{"type":"LineString","coordinates":[[144.5,21.5],[142.25,21.66],[140.3,22.5],[138.89,23.75],[138.33,25.0],[138.26,27.0],[138.72,28.5],[140.0,30.39],[141.75,31.67],[144.25,32.02],[147.0,31.51],[148.89,30.0],[149.81,28.0],[149.96,26.75],[149.75,25.7],[148.66,23.75],[147.5,22.6],[144.5,21.5]]}},{"type":"Feature","properties":{"level":1000},"geometry":{"type":"LineString","coordinates":[[174.5,24.96],[173.9,25.5],[173.87,26.0],[174.5,26.72],[175.25,26.7],[175.78,26.25],[175.8,25.5],[175.25,24.96],[174.5,24.96]]}},{"type":"Feature","properties":{"level":1000},"geometry":{"type":"LineString","coordinates":[[138.5,44.98],[138.37,45.5],[138.75,45.99],[139.91,45.75],[139.86,45.5],[139.05,45.0],[138.5,44.98]]}},{"type":"Feature","properties":{"level":1000},"geometry":{"type":"LineString","coordinates":[[-66.5,48.25],[-67.0,49.36],[-68.0,49.2],[-68.12,49.75],[-69.0,49.9],[-70.25,49.47],[-71.25,50.49],[-72.32,50.5],[-72.27,51.0],[-72.64,51.25],[-72.27,51.5],[-73.32,51.5],[-72.35,52.0],[-73.6,53.0],[-73.4,53.5],[-73.67,53.75],[-73.28,54.0],[-73.25,54.43],[-72.25,54.79],[-71.25,54.76],[-67.69,53.0],[-66.56,51.25],[-66.45,50.5],[-65.93,50.0],[-65.86,49.25],[-66.5,48.25]]}},{"type":"Feature","properties":{"level":1000},"geometry":{"type":"LineString","coordinates":[[-160.0,52.47],[-163.25,53.28],[-165.32,54.25],[-165.3,54.75],[-165.93,55.75],[-170.22,61.0],[-169.63,63.0],[-167.59,65.25],[-164.33,65.75],[-164.5,65.94],[-166.2,66.0],[-166.37,66.25],[-165.48,67.0],[-164.5,67.31],[-163.0,67.04],[-162.25,67.2],[-159.25,66.96],[-156.75,67.37],[-152.25,66.97],[-149.0,67.53],[-146.5,67.33],[-145.25,67.61],[-142.0,67.56],[-140.25,67.2],[-139.0,67.42],[-138.25,66.89],[-137.0,67.3],[-136.72,67.25],[-136.2,66.25],[-136.49,66.0],[-136.37,65.75],[-135.5,65.26],[-131.75,65.54],[-128.0,65.13],[-125.75,64.35],[-125.09,64.0],[-124.75,63.46],[-123.87,63.75],[-124.19,64.0],[-124.27,64.75],[-125.75,65.04],[-127.25,66.02],[-130.01,66.75],[-130.33,67.0],[-130.25,67.75],[-129.72,68.5],[-127.81,70.0],[-125.75,70.27],[-122.75,70.17],[-116.75,69.25],[-114.75,68.72],[-112.74,67.75],[-112.17,66.75],[-111.5,66.2],[-107.64,64.0],[-106.05,62.75],[-105.31,62.0],[-104.6,60.5],[-105.88,58.0],[-108.75,56.69],[-111.0,56.63],[-112.75,56.83],[-114.5,57.46],[-115.5,57.48],[-116.75,58.29],[-117.63,58.0],[-117.25,57.99],[-117.18,57.75],[-117.5,57.46],[-119.5,57.65],[-120.41,58.0],[-119.25,58.35],[-118.99,58.5],[-119.07,58.75],[-121.0,58.85],[-122.5,59.46],[-123.06,59.25],[-122.75,59.0],[-123.5,58.9],[-125.49,59.75],[-125.5,60.03],[-124.71,60.25],[-124.98,61.0],[-124.74,61.5],[-125.25,61.99],[-126.43,62.0],[-126.38,61.75],[-126.75,61.59],[-128.8,62.0],[-129.75,62.75],[-131.75,62.89],[-132.17,62.75],[-131.72,62.5],[-132.43,62.0],[-131.5,62.02],[-131.34,61.75],[-133.5,61.59],[-133.74,61.5],[-133.68,61.25],[-134.75,60.89],[-135.25,60.35],[-137.75,60.54],[-139.0,60.02],[-140.25,60.4],[-141.25,60.41],[-141.75,60.16],[-142.25,60.28],[-141.1,59.5],[-141.28,58.5],[-141.93,57.75],[-143.75,56.42],[-150.0,53.64],[-154.5,52.58],[-160.0,52.47]]}},{"type":"Feature","properties":{"level":1000},"geometry":{"type":"LineString","coordinates":[[66.5,54.46],[66.25,55.25],[67.25,55.72],[68.69,55.75],[69.58,55.25],[68.25,54.49],[67.25,54.28],[66.5,54.46]]}},{"type":"Feature","properties":{"level":1000},"geometry":{"type":"LineString","coordinates":[[9.75,60.21],[9.5,60.5],[8.25,60.92],[8.28,61.5],[8.0,61.69],[6.25,62.33],[0.5,62.0],[-9.5,62.5],[-18.25,61.76],[-20.47,62.5],[-21.15,63.0],[-21.33,63.5],[-20.25,64.4],[-19.0,64.99],[-18.75,64.84],[-17.75,65.25],[-17.02,65.25],[-16.29,66.0],[-16.3,66.25],[-16.95,66.75],[-17.91,68.75],[-17.31,69.5],[-15.14,71.25],[-14.33,72.75],[-12.28,75.25],[-11.74,77.5],[-10.86,79.5],[-9.6,81.0],[-8.03,82.25],[-6.0,83.13],[0.0,84.45],[11.25,85.62],[27.75,86.47],[46.75,86.84],[68.75,86.76],[85.5,86.27],[98.75,85.37],[106.11,84.25],[107.8,83.5],[108.45,82.75],[108.42,82.25],[108.05,81.75],[106.66,81.0],[100.75,79.68],[97.5,79.6],[95.75,79.25],[95.04,78.75],[93.0,78.05],[88.0,76.85],[78.25,75.73],[69.5,75.61],[64.25,74.71],[56.75,72.48],[54.5,71.43],[53.01,70.25],[50.5,68.91],[45.75,67.22],[42.5,66.27],[31.25,63.83],[20.75,60.47],[18.25,60.1],[9.75,60.21]]}},{"type":"Feature","properties":{"level":1000},"geometry":{"type":"LineString","coordinates":[[70.75,61.46],[70.93,61.75],[71.66,62.0],[72.75,62.16],[73.56,62.0],[72.0,61.43],[70.75,61.46]]}},{"type":"Feature","properties":{"level":1000},"geometry":{"type":"LineString","coordinates":[[61.19,75.75],[62.72,75.75],[61.19,75.75]]}},{"type":"Feature","properties":{"level":1004},"geometry":{"type":"LineString","coordinates":[[180.0,-89.16],[159.0,-88.99],[140.25,-88.43],[125.5,-87.78],[118.92,-87.0],[119.6,-86.75],[123.25,-86.4],[126.5,-86.34],[130.05,-85.75],[131.39,-85.25],[137.25,-84.91],[144.25,-83.34],[145.76,-82.75],[144.2,-82.25],[143.93,-82.0],[144.08,-81.75],[144.92,-81.0],[145.84,-80.75],[146.79,-80.0],[147.07,-79.25],[145.25,-78.39],[137.5,-77.54],[108.0,-75.84],[103.25,-75.21],[102.25,-74.97],[101.55,-74.5],[102.0,-74.31],[111.75,-75.15],[118.0,-75.24],[129.25,-74.55],[134.0,-74.58],[136.25,-74.06],[138.75,-74.13],[140.0,-73.8],[146.32,-73.5],[144.63,-73.0],[144.78,-72.75],[142.75,-70.86],[140.75,-70.57],[138.0,-70.67],[135.25,-71.16],[119.5,-72.01],[117.75,-71.8],[115.75,-71.15],[111.75,-70.63],[110.25,-70.72],[110.57,-71.25],[110.0,-71.52],[107.0,-70.54],[104.0,-70.24],[97.0,-68.89],[92.0,-69.73],[85.5,-69.92],[81.75,-70.57],[78.25,-71.76],[76.32,-72.75],[75.47,-74.0],[74.1,-74.75],[72.5,-74.51],[69.23,-75.0],[65.0,-74.72],[61.28,-73.25],[60.87,-72.5],[61.4,-72.0],[60.9,-71.75],[63.14,-70.5],[62.75,-70.14],[60.25,-69.11],[58.25,-68.96],[50.42,-70.5],[47.5,-71.32],[37.75,-72.64],[32.25,-73.68],[26.75,-73.82],[19.0,-75.01],[10.5,-75.37],[9.79,-75.5],[6.75,-77.31],[-1.0,-78.01],[-3.05,-78.0],[-7.25,-78.88],[-8.5,-79.56],[-12.0,-79.62],[-13.87,-80.25],[-19.25,-80.67],[-26.25,-80.37],[-34.25,-81.46],[-40.25,-81.95],[-40.75,-81.65],[-44.5,-80.97],[-44.83,-80.75],[-44.46,-80.5],[-45.0,-79.95],[-52.5,-80.38],[-57.77,-79.25],[-58.46,-78.5],[-58.38,-77.75],[-57.03,-76.0],[-57.02,-75.5],[-56.36,-75.0],[-56.46,-74.5],[-57.75,-73.72],[-57.75,-74.0],[-58.0,-74.03],[-61.26,-73.75],[-61.18,-73.5],[-60.15,-73.0],[-60.5,-72.69],[-59.75,-72.77],[-57.04,-72.25],[-49.25,-69.99],[-41.25,-68.97],[-38.5,-67.9],[-34.12,-65.0],[-31.0,-62.5],[-29.24,-60.75],[-26.71,-57.5],[-26.13,-55.5],[-25.5,-54.48],[-24.0,-53.44],[-20.18,-51.5],[-12.04,-48.75],[-4.25,-46.84],[5.75,-45.38],[13.75,-44.93],[16.66,-44.25],[17.41,-43.75],[18.25,-41.58],[18.0,-39.73],[19.0,-39.62],[19.25,-39.84],[19.5,-39.57],[19.75,-40.07],[20.25,-39.13],[20.5,-39.09],[22.75,-40.05],[23.5,-39.87],[24.25,-40.76],[28.0,-42.91],[31.5,-46.85],[34.53,-49.75],[38.75,-52.73],[42.5,-54.58],[45.87,-55.75],[54.25,-57.49],[57.5,-57.62],[64.0,-57.02],[69.75,-57.26],[71.5,-57.04],[73.83,-56.25],[77.0,-53.56],[83.5,-46.41],[86.13,-44.75],[92.0,-42.71],[92.77,-42.0],[92.87,-41.75],[92.49,-41.25],[92.75,-41.14],[97.0,-41.83],[101.5,-43.27],[107.5,-46.15],[114.5,-50.69],[117.0,-51.71],[119.0,-51.86],[121.89,-51.5],[124.75,-50.75],[129.6,-48.5],[132.97,-46.0],[135.5,-45.52],[137.61,-44.25],[139.5,-43.54],[142.75,-42.71],[144.29,-42.75],[144.75,-42.25],[151.5,-44.19],[153.81,-47.0],[155.0,-47.92],[159.5,-50.17],[161.0,-50.48],[163.5,-50.4],[165.0,-51.07],[167.5,-53.12],[170.0,-54.44],[173.5,-55.42],[180.0,-56.4]]}},{"type":"Feature","properties":{"level":1004},"geometry":{"type":"LineString","coordinates":[[144.75,-86.25],[149.5,-86.33],[151.21,-86.25],[151.31,-86.0],[146.25,-86.0],[144.75,-86.25]]}},{"type":"Feature","properties":{"level":1004},"geometry":{"type":"LineString","coordinates":[[-95.0,-85.5],[-95.37,-85.25],[-92.63,-85.25],[-92.7,-85.5],[-95.0,-85.5]]}},{"type":"Feature","properties":{"level":1004},"geometry":{"type":"LineString","coordinates":[[149.15,-84.25],[152.25,-84.34],[153.18,-84.25],[153.43,-84.0],[151.25,-83.75],[149.25,-84.0],[149.15,-84.25]]}},{"type":"Feature","properties":{"level":1004},"geometry":{"type":"LineString","coordinates":[[123.25,-84.03],[123.7,-83.25],[128.87,-82.5],[132.45,-82.5],[131.35,-82.75],[132.82,-83.25],[126.0,-84.06],[123.25,-84.03]]}},{"type":"Feature","properties":{"level":1004},"geometry":{"type":"LineString","coordinates":[[149.71,-83.0],[151.02,-83.0],[149.24,-82.75],[149.71,-83.0]]}},{"type":"Feature","properties":{"level":1004},"geometry":{"type":"LineString","coordinates":[[-80.75,-77.03],[-80.91,-77.0],[-80.25,-76.84],[-79.21,-77.0],[-80.75,-77.03]]}},{"type":"Feature","properties":{"level":1004},"geometry":{"type":"LineString","coordinates":[[-73.0,-75.35],[-73.52,-75.0],[-71.75,-75.25],[-72.0,-75.42],[-73.0,-75.35]]}},{"type":"Feature","properties":{"level":1004},"geometry":{"type":"LineString","coordinates":[[-67.0,-75.36],[-66.5,-74.95],[-64.83,-75.0],[-67.0,-75.36]]}},{"type":"Feature","properties":{"level":1004},"geometry":{"type":"LineString","coordinates":[[-62.25,-72.83],[-62.5,-72.48],[-61.51,-72.75],[-62.25,-72.83]]}},{"type":"Feature","properties":{"level":1004},"geometry":{"type":"LineString","coordinates":[[-180.0,-56.4],[-176.25,-57.37],[-173.25,-57.43],[-170.13,-57.0],[-164.75,-55.49],[-154.64,-51.5],[-146.75,-49.5],[-144.66,-48.5],[-143.5,-47.53],[-139.44,-42.75],[-136.01,-40.75],[-136.04,-40.5],[-132.75,-40.81],[-123.5,-43.17],[-112.0,-47.56],[-109.75,-47.95],[-106.75,-47.93],[-102.75,-48.47],[-100.5,-48.52],[-98.25,-49.58],[-96.5,-50.82],[-91.5,-55.57],[-89.75,-56.53],[-86.75,-57.67],[-84.75,-58.94],[-83.38,-62.0],[-83.2,-66.25],[-82.57,-69.0],[-81.56,-70.75],[-79.63,-72.75],[-79.95,-73.75],[-80.7,-74.25],[-80.34,-74.5],[-75.58,-75.0],[-81.75,-75.71],[-81.87,-76.0],[-83.5,-76.62],[-87.13,-76.5],[-90.51,-77.0],[-90.0,-77.24],[-87.25,-77.29],[-86.0,-77.55],[-85.33,-78.25],[-84.74,-78.5],[-86.12,-79.0],[-86.09,-79.25],[-84.4,-79.75],[-86.99,-80.5],[-87.41,-81.0],[-88.1,-81.25],[-98.23,-83.75],[-97.54,-84.25],[-96.39,-84.5],[-99.97,-85.0],[-108.35,-85.25],[-105.75,-85.47],[-105.28,-85.75],[-107.0,-86.25],[-111.0,-86.85],[-121.07,-87.5],[-121.44,-87.75],[-121.32,-88.0],[-121.6,-88.25],[-118.2,-88.5],[-119.25,-88.79],[-147.75,-89.27],[-180.0,-89.16]]}},{"type":"Feature","properties":{"level":1004},"geometry":{"type":"LineString","coordinates":[[-59.5,-54.02],[-61.25,-53.66],[-61.94,-53.0],[-61.56,-50.75],[-60.5,-49.55],[-58.75,-49.32],[-55.75,-49.45],[-55.3,-49.0],[-54.75,-47.39],[-53.25,-46.61],[-51.25,-46.82],[-49.0,-47.78],[-48.0,-47.55],[-46.5,-46.62],[-45.5,-46.36],[-44.5,-46.68],[-44.12,-47.25],[-43.66,-50.0],[-43.9,-51.0],[-43.67,-51.5],[-44.36,-52.5],[-44.75,-52.7],[-46.25,-52.98],[-47.75,-52.56],[-48.2,-50.5],[-49.5,-49.99],[-50.41,-50.75],[-50.59,-52.25],[-52.0,-53.23],[-55.89,-54.0],[-59.5,-54.02]]}},{"type":"Feature","properties":{"level":1004},"geometry":{"type":"LineString","coordinates":[[-40.25,-46.79],[-41.72,-46.0],[-42.41,-45.0],[-42.56,-44.25],[-42.09,-42.75],[-39.75,-40.64],[-38.5,-40.2],[-34.5,-40.1],[-32.5,-40.41],[-31.22,-41.5],[-30.87,-42.75],[-31.28,-44.0],[-33.5,-45.85],[-35.5,-46.59],[-37.25,-46.93],[-40.25,-46.79]]}},{"type":"Feature","properties":{"level":1004},"geometry":{"type":"LineString","coordinates":[[-84.25,-39.55],[-85.5,-39.17],[-87.68,-37.5],[-88.33,-36.0],[-88.0,-35.34],[-87.0,-34.82],[-86.0,-34.85],[-84.75,-36.19],[-82.75,-36.67],[-81.86,-37.25],[-81.0,-37.1],[-80.0,-36.57],[-79.27,-37.25],[-79.5,-38.17],[-80.36,-39.0],[-82.25,-39.67],[-84.25,-39.55]]}},{"type":"Feature","properties":{"level":1004},"geometry":{"type":"LineString","coordinates":[[-58.5,-24.09],[-58.5,-23.94],[-58.5,-24.09]]}},{"type":"Feature","properties":{"level":1004},"geometry":{"type":"LineString","coordinates":[[-59.0,-22.81],[-60.0,-22.36],[-61.25,-20.38],[-63.25,-19.13],[-64.35,-19.5],[-64.39,-20.5],[-64.75,-21.42],[-65.0,-21.33],[-65.5,-22.08],[-66.0,-21.87],[-66.5,-22.32],[-66.25,-21.71],[-65.75,-21.35],[-65.45,-21.5],[-65.45,-21.0],[-65.7,-20.75],[-65.5,-20.35],[-65.0,-20.77],[-64.65,-20.0],[-65.0,-19.62],[-65.25,-19.69],[-65.48,-18.75],[-66.5,-17.5],[-65.84,-17.5],[-65.75,-17.81],[-65.25,-17.73],[-64.25,-18.1],[-63.75,-18.13],[-63.64,-17.75],[-65.54,-17.0],[-67.0,-15.43],[-67.75,-15.84],[-68.0,-15.68],[-68.54,-15.0],[-68.5,-14.79],[-67.98,-15.25],[-68.18,-14.0],[-69.03,-13.5],[-69.25,-12.94],[-69.5,-13.12],[-70.94,-12.25],[-69.75,-12.43],[-69.25,-12.05],[-68.41,-12.75],[-68.29,-12.5],[-68.68,-11.75],[-68.5,-11.47],[-67.75,-12.08],[-67.5,-11.67],[-67.15,-12.25],[-66.0,-12.48],[-65.5,-13.54],[-65.5,-12.93],[-64.75,-13.26],[-64.75,-12.72],[-64.0,-12.67],[-62.93,-13.25],[-62.0,-14.36],[-61.75,-14.41],[-61.5,-13.92],[-61.25,-14.06],[-60.75,-15.01],[-61.0,-15.2],[-61.5,-14.57],[-62.47,-14.75],[-62.0,-14.91],[-61.68,-15.5],[-62.25,-15.83],[-62.5,-15.66],[-62.77,-16.25],[-61.5,-17.09],[-61.25,-16.64],[-60.74,-17.0],[-60.31,-17.75],[-60.5,-18.39],[-60.25,-18.21],[-59.75,-18.43],[-59.6,-18.25],[-59.75,-17.74],[-58.83,-18.25],[-58.0,-19.35],[-57.42,-19.25],[-57.5,-18.9],[-57.9,-18.75],[-57.5,-18.15],[-56.75,-18.15],[-56.58,-19.0],[-55.67,-19.75],[-55.75,-20.06],[-56.5,-20.56],[-57.11,-20.0],[-57.59,-21.5],[-58.79,-21.75],[-58.5,-22.12],[-58.0,-22.18],[-57.98,-22.5],[-58.5,-22.49],[-58.61,-22.75],[-59.0,-22.81]]}},{"type":"Feature","properties":{"level":1004},"geometry":{"type":"LineString","coordinates":[[-59.92,-21.75],[-59.62,-21.75],[-59.92,-21.75]]}},{"type":"Feature","properties":{"level":1004},"geometry":{"type":"LineString","coordinates":[[-59.28,-21.5],[-58.97,-21.5],[-59.0,-21.09],[-59.28,-21.5]]}},{"type":"Feature","properties":{"level":1004},"geometry":{"type":"LineString","coordinates":[[-59.81,-21.0],[-59.61,-20.75],[-59.75,-20.51],[-59.81,-21.0]]}},{"type":"Feature","properties":{"level":1004},"geometry":{"type":"LineString","coordinates":[[-60.76,-17.75],[-60.75,-17.97],[-60.76,-17.75]]}},{"type":"Feature","properties":{"level":1004},"geometry":{"type":"LineString","coordinates":[[-58.75,-17.91],[-58.75,-17.0],[-59.13,-16.25],[-59.0,-15.88],[-57.75,-16.65],[-57.6,-17.0],[-57.59,-17.25],[-58.0,-17.38],[-58.25,-17.87],[-58.75,-17.91]]}},{"type":"Feature","properties":{"level":1004},"geometry":{"type":"LineString","coordinates":[[-60.0,-17.28],[-60.43,-16.75],[-60.25,-16.28],[-59.71,-17.0],[-60.0,-17.28]]}},{"type":"Feature","properties":{"level":1004},"geometry":{"type":"LineString","coordinates":[[-58.29,-17.25],[-58.25,-17.05],[-58.29,-17.25]]}},{"type":"Feature","properties":{"level":1004},"geometry":{"type":"LineString","coordinates":[[-55.75,-17.38],[-55.91,-17.25],[-55.5,-16.7],[-55.4,-17.25],[-55.5,-17.47],[-55.75,-17.38]]}},{"type":"Feature","properties":{"level":1004},"geometry":{"type":"LineString","coordinates":[[-56.25,-17.02],[-56.25,-16.84],[-55.95,-17.0],[-56.25,-17.02]]}},{"type":"Feature","properties":{"level":1004},"geometry":{"type":"LineString","coordinates":[[-63.1,-15.5],[-62.61,-15.5],[-62.96,-15.0],[-62.92,-14.25],[-63.25,-14.08],[-63.39,-14.25],[-63.03,-14.75],[-63.1,-15.5]]}},{"type":"Feature","properties":{"level":1004},"geometry":{"type":"LineString","coordinates":[[-68.85,-13.25],[-68.35,-13.25],[-68.5,-13.09],[-68.85,-13.25]]}},{"type":"Feature","properties":{"level":1004},"geometry":{"type":"LineString","coordinates":[[-62.5,-13.01],[-62.75,-12.96],[-63.0,-12.19],[-62.12,-12.75],[-62.25,-13.1],[-62.5,-13.01]]}},{"type":"Feature","properties":{"level":1004},"geometry":{"type":"LineString","coordinates":[[-66.0,-12.1],[-66.0,-11.91],[-66.0,-12.1]]}},{"type":"Feature","properties":{"level":1004},"geometry":{"type":"LineString","coordinates":[[-62.75,-5.36],[-63.5,-5.1],[-63.76,-4.75],[-63.31,-4.5],[-63.18,-4.0],[-63.5,-3.83],[-64.0,-4.0],[-64.55,-3.5],[-64.0,-2.99],[-63.5,-3.33],[-62.25,-3.33],[-62.18,-3.0],[-62.52,-2.75],[-62.32,-2.25],[-62.0,-2.18],[-61.46,-2.75],[-61.38,-3.5],[-60.83,-4.0],[-60.91,-4.5],[-61.5,-4.91],[-62.25,-4.93],[-62.75,-5.36]]}},{"type":"Feature","properties":{"level":1004},"geometry":{"type":"LineString","coordinates":[[168.75,13.45],[168.75,13.65],[168.75,13.45]]}},{"type":"Feature","properties":{"level":1004},"geometry":{"type":"LineString","coordinates":[[-116.0,18.22],[-117.5,19.0],[-118.04,19.75],[-118.22,20.75],[-117.99,21.5],[-117.25,22.26],[-116.25,22.66],[-115.5,22.69],[-114.09,22.0],[-113.68,21.25],[-113.6,20.5],[-113.8,19.75],[-114.34,19.0],[-115.0,18.5],[-116.0,18.22]]}},{"type":"Feature","properties":{"level":1004},"geometry":{"type":"LineString","coordinates":[[140.5,18.5],[136.82,20.75],[136.01,22.0],[135.51,23.75],[135.67,28.0],[137.01,30.5],[139.5,32.82],[143.25,33.79],[146.25,33.37],[146.47,33.0],[148.0,32.39],[149.07,31.5],[150.49,29.5],[151.04,27.5],[150.96,26.0],[150.56,24.5],[150.0,23.28],[149.0,21.9],[146.75,19.76],[140.5,18.5]]}},{"type":"Feature","properties":{"level":1004},"geometry":{"type":"LineString","coordinates":[[174.25,24.75],[173.59,25.5],[173.66,26.25],[174.5,26.94],[175.5,26.8],[176.13,26.0],[176.0,25.25],[175.25,24.62],[174.25,24.75]]}},{"type":"Feature","properties":{"level":1004},"geometry":{"type":"LineString","coordinates":[[135.75,41.9],[135.5,42.0],[135.92,42.0],[135.75,41.9]]}},{"type":"Feature","properties":{"level":1004},"geometry":{"type":"LineString","coordinates":[[137.25,42.91],[136.77,43.25],[136.13,44.5],[137.75,46.46],[139.75,47.18],[140.33,47.0],[141.63,46.0],[141.86,45.5],[141.8,44.5],[141.25,43.75],[140.75,43.97],[139.0,43.06],[137.25,42.91]]}},{"type":"Feature","properties":{"level":1004},"geometry":{"type":"LineString","coordinates":[[-63.75,44.92],[-64.75,45.52],[-66.75,45.17],[-67.05,45.75],[-66.8,46.5],[-66.94,46.75],[-67.5,46.58],[-67.75,46.23],[-68.25,46.2],[-70.75,47.13],[-71.0,47.76],[-71.5,48.18],[-75.5,49.47],[-76.22,50.25],[-77.57,52.75],[-77.25,55.22],[-75.5,56.22],[-72.5,56.39],[-70.25,56.07],[-67.5,55.2],[-66.5,54.64],[-65.21,53.5],[-64.82,52.5],[-64.92,52.0],[-64.46,51.5],[-64.39,50.25],[-63.27,47.75],[-62.0,46.9],[-61.25,46.94],[-61.11,46.75],[-61.83,45.25],[-62.75,44.82],[-63.75,44.92]]}},{"type":"Feature","properties":{"level":1004},"geometry":{"type":"LineString","coordinates":[[-105.5,49.41],[-105.71,49.75],[-106.5,50.12],[-107.09,51.0],[-106.5,51.49],[-106.03,51.5],[-106.0,51.75],[-105.72,51.5],[-104.51,51.25],[-104.36,51.0],[-104.61,49.75],[-105.25,49.26],[-105.5,49.41]]}},{"type":"Feature","properties":{"level":1004},"geometry":{"type":"LineString","coordinates":[[-162.5,51.24],[-165.0,51.53],[-167.25,52.67],[-168.01,53.75],[-169.37,54.75],[-170.38,56.5],[-171.25,57.25],[-173.16,60.5],[-173.47,62.25],[-173.32,63.5],[-173.78,64.0],[-173.68,64.25],[-172.0,64.51],[-171.35,65.5],[-170.3,66.0],[-169.14,67.5],[-166.5,68.62],[-161.0,68.33],[-159.25,67.73],[-158.81,67.75],[-158.0,68.28],[-157.37,68.25],[-157.25,67.78],[-156.5,67.68],[-153.0,68.01],[-151.75,67.8],[-143.75,69.02],[-143.16,68.75],[-142.0,68.71],[-139.57,69.5],[-139.87,70.0],[-138.25,70.2],[-132.5,71.62],[-125.25,71.92],[-118.0,71.2],[-117.02,71.0],[-117.04,70.75],[-116.75,70.64],[-114.38,70.25],[-111.24,69.0],[-109.25,67.91],[-108.27,66.75],[-103.95,63.75],[-102.51,61.75],[-102.23,60.25],[-102.51,59.5],[-103.3,58.75],[-104.25,56.94],[-106.46,56.0],[-106.75,55.25],[-108.75,54.53],[-110.0,54.7],[-111.0,54.47],[-113.5,54.98],[-115.25,55.66],[-122.5,56.34],[-123.0,56.5],[-124.25,58.05],[-125.75,58.81],[-127.75,58.78],[-130.5,59.53],[-131.75,59.21],[-133.25,59.52],[-133.52,59.5],[-133.75,59.14],[-135.0,59.32],[-135.75,59.14],[-136.25,58.63],[-136.75,59.05],[-138.0,59.26],[-138.15,58.0],[-140.2,56.25],[-143.25,54.72],[-148.5,52.57],[-155.25,51.09],[-159.0,51.01],[-162.5,51.24]]}},{"type":"Feature","properties":{"level":1004},"geometry":{"type":"LineString","coordinates":[[66.0,52.98],[64.25,53.96],[63.76,55.0],[64.65,58.0],[64.08,59.5],[64.14,60.25],[64.73,61.0],[66.5,62.34],[69.75,63.33],[74.0,63.93],[80.75,63.79],[83.5,63.33],[85.06,62.75],[84.73,62.25],[84.0,61.95],[81.0,61.66],[78.61,61.0],[78.0,60.35],[76.25,59.24],[75.42,58.25],[74.0,57.74],[73.45,57.0],[72.83,55.0],[71.25,53.67],[68.75,52.85],[66.0,52.98]]}},{"type":"Feature","properties":{"level":1004},"geometry":{"type":"LineString","coordinates":[[16.25,58.99],[15.0,59.05],[14.25,59.33],[12.75,59.1],[9.0,59.29],[8.5,59.95],[7.61,60.25],[7.25,60.96],[6.57,61.5],[5.25,61.86],[1.0,61.19],[-9.5,61.3],[-20.5,60.37],[-22.25,60.45],[-27.26,62.5],[-27.04,63.0],[-26.93,65.75],[-26.0,66.92],[-25.48,67.0],[-25.5,67.27],[-27.3,66.75],[-27.64,65.75],[-29.47,64.5],[-30.29,63.0],[-31.36,62.0],[-34.5,62.21],[-36.25,62.68],[-37.0,63.12],[-39.0,63.16],[-40.26,63.5],[-41.0,64.3],[-41.62,64.25],[-41.05,64.75],[-41.22,65.25],[-40.0,65.72],[-38.75,65.84],[-38.47,66.0],[-38.56,66.5],[-36.75,66.81],[-35.0,66.63],[-34.0,66.94],[-32.25,67.94],[-32.0,68.34],[-31.0,68.16],[-28.75,68.44],[-25.38,69.25],[-25.01,69.5],[-26.33,70.25],[-27.0,70.21],[-27.17,70.5],[-26.82,70.75],[-27.5,71.08],[-28.25,71.1],[-28.5,70.6],[-30.0,70.46],[-31.29,71.0],[-31.54,71.75],[-29.5,72.75],[-28.25,72.36],[-29.2,71.75],[-27.25,71.37],[-26.0,71.49],[-25.75,71.12],[-25.61,71.5],[-26.86,71.75],[-25.0,72.16],[-24.75,72.55],[-24.11,72.0],[-24.47,71.5],[-23.5,71.44],[-22.75,72.22],[-22.45,72.25],[-23.5,72.57],[-24.0,72.42],[-24.05,73.0],[-24.42,73.25],[-24.01,73.25],[-23.5,72.8],[-23.18,73.0],[-23.5,73.25],[-23.5,73.65],[-23.0,73.31],[-22.5,73.71],[-22.25,73.4],[-22.0,73.45],[-21.93,73.75],[-21.21,73.75],[-21.15,74.25],[-19.71,74.5],[-20.5,74.72],[-20.98,75.25],[-20.58,75.5],[-20.75,76.1],[-22.27,76.75],[-19.87,77.25],[-20.5,77.37],[-20.75,77.82],[-21.4,78.0],[-21.31,78.75],[-21.58,79.0],[-20.51,79.25],[-20.25,79.65],[-18.77,80.0],[-19.68,80.25],[-18.5,80.4],[-18.33,80.75],[-14.21,81.5],[-14.01,81.75],[-16.0,82.25],[-16.5,82.75],[-16.45,83.0],[-15.05,84.0],[-12.34,84.75],[-6.5,85.61],[9.25,86.87],[27.75,87.54],[53.25,87.83],[78.5,87.62],[95.75,87.09],[108.75,86.16],[113.47,85.5],[116.25,84.83],[118.4,84.0],[119.11,83.25],[118.45,82.5],[115.68,81.25],[108.77,79.0],[105.75,78.65],[103.75,78.78],[101.0,78.59],[94.25,76.9],[83.0,74.81],[75.75,73.94],[70.0,73.64],[65.25,72.87],[59.93,71.25],[54.15,68.25],[51.25,67.0],[48.75,66.46],[44.75,64.96],[39.5,63.58],[34.25,62.74],[29.0,60.77],[24.5,59.72],[18.75,58.99],[16.25,58.99]]}},{"type":"Feature","properties":{"level":1004},"geometry":{"type":"LineString","coordinates":[[129.5,58.94],[128.23,59.5],[128.55,60.75],[128.17,61.75],[128.61,62.75],[129.25,63.18],[131.0,63.68],[133.23,63.5],[133.66,63.25],[134.03,62.5],[133.65,61.25],[132.0,59.77],[131.5,59.71],[130.38,59.0],[129.5,58.94]]}},{"type":"Feature","properties":{"level":1004},"geometry":{"type":"LineString","coordinates":[[156.0,65.99],[153.75,66.7],[151.5,66.73],[149.98,67.0],[148.78,68.0],[147.75,68.33],[145.4,68.25],[144.77,68.5],[145.0,68.81],[146.0,68.97],[149.25,68.77],[151.5,69.23],[155.5,69.41],[156.6,69.75],[156.69,70.0],[156.44,70.25],[154.03,70.75],[144.5,71.66],[142.25,72.21],[141.76,72.75],[143.75,73.69],[147.37,74.5],[153.75,74.88],[157.5,74.54],[161.75,73.77],[163.28,73.25],[164.74,72.0],[165.11,71.25],[164.75,70.69],[162.5,70.34],[160.75,69.59],[161.57,68.25],[161.7,67.75],[161.5,67.58],[160.0,67.56],[159.91,67.0],[159.5,66.79],[157.8,66.5],[157.75,66.25],[157.0,65.88],[156.0,65.99]]}},{"type":"Feature","properties":{"level":1004},"geometry":{"type":"LineString","coordinates":[[-24.17,70.25],[-23.94,70.25],[-24.17,70.25]]}},{"type":"Feature","properties":{"level":1004},"geometry":{"type":"LineString","coordinates":[[-22.36,70.75],[-22.0,70.55],[-21.71,70.75],[-22.0,71.32],[-23.0,71.5],[-23.0,70.98],[-22.5,70.97],[-22.36,70.75]]}},{"type":"Feature","properties":{"level":1004},"geometry":{"type":"LineString","coordinates":[[-23.5,71.91],[-23.65,72.0],[-23.5,72.4],[-23.5,71.91]]}},{"type":"Feature","properties":{"level":1004},"geometry":{"type":"LineString","coordinates":[[-20.41,75.75],[-20.2,75.75],[-20.41,75.75]]}},{"type":"Feature","properties":{"level":1004},"geometry":{"type":"LineString","coordinates":[[-20.0,79.78],[-20.0,80.08],[-19.83,80.0],[-20.0,79.78]]}},{"type":"Feature","properties":{"level":1004},"geometry":{"type":"LineString","coordinates":[[-17.59,80.5],[-17.21,80.5],[-17.59,80.5]]}},{"type":"Feature","properties":{"level":1008},"geometry":{"type":"LineString","coordinates":[[-51.01,-89.75],[78.25,-89.91],[108.25,-89.72],[119.75,-89.36],[123.75,-89.0],[120.15,-88.25],[110.35,-87.25],[115.25,-86.41],[118.66,-86.25],[126.0,-85.16],[133.76,-84.5],[134.32,-84.25],[134.25,-83.78],[120.0,-84.57],[118.49,-84.5],[118.46,-84.0],[119.9,-83.25],[123.75,-82.75],[137.5,-81.72],[141.25,-81.76],[143.44,-80.25],[144.28,-80.0],[144.88,-79.25],[143.25,-78.52],[137.5,-77.96],[120.75,-77.5],[120.5,-77.25],[104.0,-76.05],[99.5,-75.07],[98.7,-74.75],[98.15,-74.0],[101.5,-73.96],[109.25,-74.87],[116.0,-75.14],[133.75,-74.3],[135.5,-73.56],[137.0,-73.33],[138.25,-73.55],[138.75,-73.07],[139.6,-72.75],[140.5,-71.75],[140.56,-71.25],[140.25,-70.96],[137.5,-71.07],[135.75,-71.53],[128.0,-71.64],[122.75,-72.14],[118.75,-72.2],[114.25,-71.42],[111.0,-72.03],[106.5,-70.7],[96.75,-69.42],[91.75,-70.2],[86.0,-70.33],[82.0,-70.94],[79.75,-71.7],[77.25,-72.94],[76.0,-74.37],[75.0,-75.08],[73.25,-74.99],[69.25,-75.3],[63.82,-75.0],[59.33,-73.25],[59.72,-73.0],[59.29,-72.75],[59.7,-72.25],[59.57,-71.75],[62.23,-70.5],[62.23,-70.25],[59.75,-69.41],[58.0,-69.27],[49.42,-71.25],[38.0,-72.87],[34.04,-73.75],[27.25,-74.24],[21.5,-75.08],[14.5,-75.42],[14.16,-75.5],[14.34,-75.75],[14.06,-76.0],[12.0,-76.33],[10.75,-77.15],[8.5,-77.8],[-6.25,-79.4],[-7.47,-80.0],[-9.0,-80.24],[-16.75,-80.7],[-18.0,-81.28],[-22.25,-81.63],[-23.12,-81.5],[-23.0,-81.24],[-21.44,-80.75],[-26.25,-80.56],[-27.15,-80.75],[-24.8,-81.25],[-29.5,-81.82],[-38.25,-82.35],[-41.75,-83.28],[-49.0,-82.71],[-53.5,-83.06],[-55.75,-83.36],[-57.0,-84.04],[-61.0,-84.35],[-64.27,-84.25],[-66.79,-83.5],[-66.71,-83.0],[-67.05,-82.75],[-66.93,-82.5],[-62.5,-82.07],[-61.49,-81.75],[-61.73,-80.75],[-65.02,-79.75],[-65.53,-79.5],[-65.99,-78.75],[-64.38,-76.5],[-64.16,-75.75],[-66.0,-75.68],[-67.75,-76.11],[-71.75,-76.42],[-75.75,-76.16],[-77.75,-75.63],[-80.38,-75.75],[-80.78,-76.25],[-78.75,-76.62],[-78.28,-77.25],[-79.75,-77.34],[-84.75,-76.83],[-86.29,-77.0],[-85.5,-77.37],[-85.5,-77.75],[-84.6,-78.5],[-85.33,-79.0],[-85.26,-79.25],[-83.78,-79.5],[-83.5,-79.87],[-82.5,-80.05],[-85.75,-80.63],[-86.5,-81.09],[-90.16,-82.0],[-90.92,-82.5],[-93.44,-83.0],[-94.07,-83.75],[-93.5,-84.0],[-90.39,-84.25],[-89.96,-84.5],[-91.68,-85.0],[-91.1,-85.25],[-91.38,-85.5],[-94.0,-85.71],[-96.25,-85.56],[-97.75,-85.16],[-103.75,-85.25],[-103.29,-85.5],[-103.4,-85.75],[-104.09,-86.0],[-108.75,-86.99],[-113.78,-87.5],[-110.75,-88.26],[-80.42,-88.5],[-78.05,-89.0],[-78.73,-89.25],[-78.4,-89.5],[-51.01,-89.75]]}},{"type":"Feature","properties":{"level":1008},"geometry":{"type":"LineString","coordinates":[[-58.0,-55.5],[-60.75,-55.28],[-62.5,-54.82],[-64.12,-53.75],[-64.82,-52.5],[-64.69,-50.25],[-64.18,-49.25],[-63.25,-48.37],[-59.0,-45.61],[-55.0,-44.24],[-53.25,-43.96],[-51.0,-44.01],[-45.5,-42.61],[-43.92,-42.0],[-42.25,-40.4],[-40.44,-39.75],[-35.75,-38.63],[-34.25,-38.55],[-33.5,-38.03],[-31.82,-39.0],[-30.15,-40.5],[-29.67,-41.25],[-29.47,-42.5],[-30.21,-44.25],[-31.02,-45.25],[-33.75,-47.13],[-38.8,-49.25],[-40.0,-50.36],[-41.31,-52.75],[-43.0,-54.14],[-44.81,-54.75],[-47.25,-55.08],[-58.0,-55.5]]}},{"type":"Feature","properties":{"level":1008},"geometry":{"type":"LineString","coordinates":[[-180.0,-55.26],[-174.5,-56.13],[-170.0,-55.73],[-165.25,-54.45],[-156.0,-50.86],[-148.0,-48.48],[-146.45,-47.75],[-144.6,-46.25],[-141.75,-42.01],[-139.81,-39.75],[-139.33,-39.5],[-139.25,-38.67],[-137.25,-38.41],[-134.25,-38.74],[-130.75,-39.44],[-123.75,-41.47],[-111.75,-45.86],[-104.25,-46.7],[-101.75,-46.72],[-99.5,-47.4],[-97.75,-48.26],[-90.16,-53.25],[-85.25,-55.61],[-83.63,-56.75],[-82.25,-58.52],[-80.91,-61.0],[-80.85,-65.25],[-79.95,-68.5],[-77.97,-70.75],[-76.25,-71.94],[-75.17,-72.25],[-75.09,-72.5],[-75.36,-72.75],[-75.11,-73.25],[-76.8,-74.0],[-76.71,-74.25],[-72.5,-74.72],[-68.25,-74.82],[-64.25,-74.02],[-62.88,-72.75],[-63.12,-72.25],[-62.73,-72.0],[-62.97,-71.75],[-62.49,-71.25],[-63.41,-70.25],[-63.52,-69.25],[-64.34,-68.75],[-64.25,-68.49],[-62.0,-68.2],[-59.25,-68.33],[-56.25,-68.82],[-53.75,-68.74],[-44.5,-67.72],[-41.34,-66.75],[-38.45,-64.75],[-36.29,-62.75],[-36.18,-61.0],[-36.71,-60.5],[-36.78,-60.0],[-33.0,-58.17],[-30.08,-55.0],[-26.72,-52.75],[-18.25,-49.53],[-10.5,-47.18],[-3.75,-45.63],[9.5,-43.56],[12.25,-42.89],[13.67,-42.0],[13.87,-41.25],[14.28,-41.0],[14.18,-40.5],[14.88,-39.5],[15.35,-39.25],[15.81,-38.0],[16.24,-37.5],[16.19,-37.0],[17.0,-37.23],[17.56,-36.75],[17.75,-36.05],[18.25,-35.96],[19.5,-36.41],[19.75,-36.2],[19.78,-36.5],[20.0,-36.53],[20.75,-36.23],[21.75,-36.24],[23.0,-36.61],[23.25,-36.05],[23.75,-36.15],[24.08,-35.75],[23.78,-34.25],[24.0,-33.87],[24.61,-33.75],[24.04,-33.25],[24.56,-33.25],[24.75,-32.93],[25.25,-33.0],[25.5,-33.37],[26.0,-33.52],[26.25,-34.0],[25.69,-34.5],[25.65,-35.0],[25.15,-35.75],[24.0,-36.31],[24.0,-36.64],[24.75,-36.44],[25.04,-37.75],[28.68,-41.0],[32.25,-45.72],[36.25,-49.95],[39.25,-52.08],[42.0,-53.46],[45.96,-55.0],[54.0,-56.41],[57.0,-56.55],[62.0,-56.16],[68.0,-56.23],[72.25,-55.3],[74.47,-53.75],[81.95,-46.25],[86.25,-43.23],[89.75,-41.63],[90.33,-41.0],[90.05,-39.75],[91.25,-39.53],[96.25,-40.25],[100.75,-41.48],[106.0,-43.93],[112.75,-47.56],[115.0,-49.1],[117.5,-49.98],[119.5,-50.25],[122.0,-49.91],[125.0,-48.98],[129.71,-46.5],[129.93,-46.0],[130.34,-45.75],[138.67,-42.25],[143.0,-41.07],[143.25,-40.69],[145.75,-41.77],[146.75,-41.76],[147.25,-42.02],[147.75,-41.51],[148.25,-41.5],[148.75,-41.78],[150.53,-42.0],[153.5,-43.63],[156.0,-46.65],[158.22,-48.0],[160.25,-48.73],[163.0,-48.64],[164.5,-49.22],[166.37,-50.25],[168.6,-52.25],[170.65,-53.5],[174.5,-54.57],[180.0,-55.26]]}},{"type":"Feature","properties":{"level":1008},"geometry":{"type":"LineString","coordinates":[[-84.25,-40.55],[-87.25,-39.43],[-89.0,-38.06],[-89.83,-36.5],[-89.79,-36.0],[-89.19,-35.0],[-88.0,-34.2],[-86.25,-33.72],[-82.75,-33.8],[-81.25,-33.42],[-80.25,-33.58],[-79.75,-33.43],[-78.75,-33.93],[-78.5,-33.66],[-77.84,-34.75],[-77.5,-36.5],[-77.6,-37.25],[-78.29,-38.75],[-79.5,-39.69],[-81.0,-40.35],[-82.75,-40.64],[-84.25,-40.55]]}},{"type":"Feature","properties":{"level":1008},"geometry":{"type":"LineString","coordinates":[[25.12,-33.75],[25.32,-33.75],[25.25,-33.4],[24.97,-33.5],[25.12,-33.75]]}},{"type":"Feature","properties":{"level":1008},"geometry":{"type":"LineString","coordinates":[[22.5,-33.53],[22.25,-33.31],[20.84,-33.25],[21.47,-32.5],[22.0,-32.45],[22.26,-32.5],[22.5,-33.15],[23.0,-33.16],[23.18,-33.5],[22.5,-33.53]]}},{"type":"Feature","properties":{"level":1008},"geometry":{"type":"LineString","coordinates":[[-78.75,-33.38],[-79.0,-32.96],[-78.71,-33.0],[-78.75,-33.38]]}},{"type":"Feature","properties":{"level":1008},"geometry":{"type":"LineString","coordinates":[[20.0,-33.01],[19.5,-32.22],[20.12,-32.5],[20.0,-33.01]]}},{"type":"Feature","properties":{"level":1008},"geometry":{"type":"LineString","coordinates":[[-69.5,-31.72],[-69.55,-30.75],[-69.25,-29.55],[-68.89,-29.75],[-68.75,-30.24],[-68.52,-30.0],[-68.91,-29.0],[-67.77,-26.75],[-67.59,-26.0],[-67.86,-25.75],[-67.6,-25.25],[-67.79,-24.75],[-67.46,-24.5],[-66.75,-25.31],[-66.17,-24.5],[-66.5,-23.99],[-67.0,-24.08],[-66.54,-22.75],[-66.8,-22.0],[-67.41,-21.75],[-67.95,-21.0],[-67.94,-20.5],[-67.5,-20.2],[-66.75,-20.37],[-66.37,-20.25],[-66.25,-19.94],[-65.75,-19.94],[-65.62,-19.75],[-65.95,-19.25],[-65.73,-19.0],[-66.5,-18.4],[-66.84,-17.5],[-67.5,-16.67],[-67.45,-17.5],[-66.8,-17.75],[-67.15,-18.5],[-66.79,-19.25],[-67.25,-19.88],[-68.25,-19.56],[-67.99,-19.25],[-68.3,-19.0],[-68.01,-18.25],[-68.65,-17.5],[-68.13,-17.25],[-68.09,-17.0],[-68.5,-16.84],[-68.75,-17.25],[-69.0,-17.16],[-69.3,-16.5],[-67.64,-16.5],[-68.63,-15.25],[-68.88,-14.5],[-68.76,-14.25],[-69.25,-13.68],[-71.43,-13.0],[-72.06,-12.0],[-72.5,-11.87],[-72.75,-12.3],[-73.0,-12.19],[-73.84,-11.25],[-74.5,-9.45],[-74.75,-9.32],[-74.54,-9.75],[-74.75,-10.45],[-75.3,-10.25],[-75.81,-7.75],[-76.25,-7.35],[-76.75,-7.55],[-77.01,-7.25],[-76.75,-6.55],[-76.43,-6.5],[-76.66,-5.5],[-77.75,-4.7],[-78.0,-4.89],[-78.18,-4.75],[-78.2,-4.5],[-77.88,-4.25],[-77.81,-2.75],[-77.25,-2.27],[-76.48,-2.5],[-76.92,-1.25],[-76.22,-1.0],[-75.64,1.0],[-75.0,1.25],[-74.75,1.79],[-74.5,1.81],[-74.25,1.45],[-73.25,2.19],[-72.5,1.86],[-72.0,2.73],[-68.6,4.75],[-68.95,5.75],[-68.42,6.5],[-68.77,6.75],[-68.25,6.66],[-67.25,7.42],[-66.64,7.5],[-66.62,6.75],[-66.25,6.37],[-65.75,7.35],[-65.65,6.25],[-66.5,6.17],[-67.06,5.75],[-66.5,5.47],[-65.75,5.59],[-65.08,4.75],[-65.78,4.5],[-65.9,3.5],[-65.75,3.29],[-65.0,3.56],[-64.75,3.16],[-64.25,3.46],[-64.38,2.5],[-64.0,2.29],[-63.14,2.5],[-63.7,2.75],[-63.85,3.25],[-64.22,3.5],[-63.93,4.25],[-63.75,4.36],[-63.5,4.0],[-63.29,4.25],[-63.4,4.75],[-63.89,5.0],[-64.0,5.35],[-64.24,5.0],[-64.42,5.25],[-64.25,5.9],[-63.5,5.15],[-63.25,5.18],[-63.0,5.64],[-62.25,4.69],[-60.75,4.45],[-60.25,4.7],[-59.5,4.55],[-59.2,5.0],[-59.54,5.75],[-59.44,6.25],[-59.31,6.5],[-59.0,6.37],[-58.5,6.77],[-57.25,5.87],[-54.5,5.87],[-53.21,5.25],[-52.15,4.25],[-51.59,2.25],[-50.82,1.5],[-51.23,0.75],[-51.25,-0.16],[-50.5,-0.28],[-50.0,-0.82],[-49.25,-0.86],[-48.95,-1.25],[-49.15,-1.75],[-48.5,-2.28],[-47.69,-2.5],[-47.62,-3.0],[-48.52,-3.75],[-48.19,-4.0],[-48.75,-4.75],[-48.5,-5.32],[-47.0,-5.12],[-46.74,-5.25],[-47.0,-5.78],[-46.15,-6.0],[-45.5,-6.65],[-45.0,-6.64],[-45.52,-5.0],[-45.47,-4.5],[-46.41,-3.5],[-46.21,-3.0],[-45.75,-2.72],[-45.0,-2.72],[-44.5,-3.16],[-43.75,-2.67],[-43.0,-3.12],[-41.31,-3.25],[-41.64,-4.5],[-41.28,-5.0],[-41.68,-6.75],[-40.97,-7.0],[-42.5,-7.86],[-43.25,-7.51],[-43.5,-7.65],[-44.32,-9.5],[-44.15,-10.0],[-44.55,-11.0],[-45.5,-11.35],[-46.62,-11.25],[-46.5,-12.86],[-47.0,-12.77],[-47.3,-13.25],[-48.0,-13.14],[-48.06,-13.5],[-48.25,-13.59],[-48.5,-13.33],[-49.0,-13.78],[-49.5,-13.87],[-50.0,-13.56],[-50.0,-13.03],[-50.61,-13.0],[-50.73,-12.75],[-50.26,-12.5],[-50.12,-12.0],[-50.25,-11.46],[-50.6,-11.75],[-50.45,-12.25],[-51.25,-13.06],[-51.53,-13.0],[-51.26,-12.5],[-51.32,-12.0],[-52.22,-10.25],[-51.25,-10.6],[-51.37,-9.75],[-52.25,-9.39],[-52.75,-8.66],[-53.25,-8.95],[-53.25,-8.37],[-54.31,-7.5],[-54.25,-7.13],[-54.62,-7.25],[-55.0,-9.0],[-55.38,-9.25],[-55.25,-9.45],[-54.52,-9.5],[-54.85,-9.75],[-54.6,-10.0],[-54.75,-10.17],[-55.25,-10.1],[-55.75,-10.36],[-56.25,-10.11],[-56.75,-10.33],[-57.75,-9.97],[-58.24,-10.5],[-58.17,-10.75],[-58.7,-10.75],[-58.62,-11.5],[-58.92,-12.0],[-58.5,-11.88],[-58.25,-12.17],[-57.75,-11.68],[-57.5,-12.32],[-57.0,-12.25],[-56.01,-13.25],[-56.55,-14.25],[-56.32,-15.0],[-55.68,-15.0],[-55.67,-15.5],[-54.7,-16.75],[-54.5,-17.63],[-53.75,-17.56],[-52.77,-19.25],[-51.75,-19.38],[-51.5,-19.11],[-50.85,-19.5],[-50.67,-20.0],[-51.02,-20.25],[-51.03,-21.25],[-51.0,-21.46],[-50.65,-21.5],[-52.5,-22.01],[-52.75,-22.51],[-53.5,-22.97],[-54.5,-22.68],[-55.5,-22.84],[-56.14,-24.25],[-56.01,-24.75],[-56.5,-26.39],[-58.75,-27.31],[-58.95,-27.0],[-60.0,-26.66],[-60.34,-26.25],[-60.51,-26.75],[-61.45,-27.25],[-61.25,-28.03],[-62.24,-27.25],[-62.75,-26.47],[-63.5,-26.31],[-63.98,-25.25],[-63.82,-24.25],[-64.5,-24.06],[-65.57,-25.75],[-65.76,-26.75],[-66.18,-27.25],[-66.09,-28.0],[-66.41,-28.75],[-66.25,-28.9],[-65.75,-28.39],[-65.75,-29.31],[-66.5,-29.54],[-66.54,-29.0],[-67.0,-28.57],[-67.5,-28.97],[-67.75,-28.54],[-67.99,-29.0],[-67.61,-29.5],[-67.8,-30.5],[-67.67,-31.0],[-68.25,-31.37],[-68.81,-30.75],[-68.75,-30.28],[-69.0,-30.3],[-68.96,-31.25],[-69.25,-31.27],[-69.5,-31.72]]}},{"type":"Feature","properties":{"level":1008},"geometry":{"type":"LineString","coordinates":[[-67.0,-31.38],[-67.0,-31.16],[-67.0,-31.38]]}},{"type":"Feature","properties":{"level":1008},"geometry":{"type":"LineString","coordinates":[[-62.5,-27.58],[-62.27,-27.5],[-62.5,-27.58]]}},{"type":"Feature","properties":{"level":1008},"geometry":{"type":"LineString","coordinates":[[-63.0,-27.28],[-63.0,-26.97],[-62.65,-27.25],[-62.75,-27.42],[-63.0,-27.28]]}},{"type":"Feature","properties":{"level":1008},"geometry":{"type":"LineString","coordinates":[[-65.8,-25.25],[-65.75,-25.4],[-65.25,-24.03],[-64.56,-23.5],[-64.59,-22.75],[-64.11,-22.25],[-64.5,-21.71],[-65.0,-22.35],[-65.3,-22.25],[-65.12,-23.5],[-65.8,-24.0],[-65.8,-25.25]]}},{"type":"Feature","properties":{"level":1008},"geometry":{"type":"LineString","coordinates":[[-55.75,-24.89],[-56.0,-24.75],[-55.75,-24.35],[-55.44,-24.75],[-55.75,-24.89]]}},{"type":"Feature","properties":{"level":1008},"geometry":{"type":"LineString","coordinates":[[-56.3,-23.25],[-56.08,-23.25],[-56.3,-23.25]]}},{"type":"Feature","properties":{"level":1008},"geometry":{"type":"LineString","coordinates":[[-66.53,-21.25],[-66.25,-21.41],[-65.95,-21.0],[-66.25,-20.33],[-66.53,-21.25]]}},{"type":"Feature","properties":{"level":1008},"geometry":{"type":"LineString","coordinates":[[19.75,-21.12],[18.5,-20.62],[17.75,-20.98],[17.53,-20.75],[18.09,-20.25],[18.5,-19.25],[16.75,-17.33],[16.29,-17.75],[16.48,-18.5],[16.29,-19.0],[16.0,-19.17],[15.71,-19.0],[15.17,-18.0],[15.52,-17.25],[15.25,-16.5],[15.65,-15.0],[15.01,-14.75],[14.99,-14.5],[15.5,-14.17],[15.78,-14.25],[15.5,-14.5],[16.0,-14.68],[17.98,-14.0],[18.5,-13.24],[19.25,-13.29],[20.32,-12.75],[21.0,-11.47],[21.5,-11.76],[22.0,-11.22],[22.94,-12.0],[23.0,-12.9],[23.25,-12.94],[23.5,-12.63],[23.81,-12.75],[24.59,-14.0],[25.26,-15.75],[24.25,-17.2],[24.23,-17.75],[23.75,-18.06],[23.34,-18.75],[23.29,-19.5],[22.58,-20.5],[21.5,-20.89],[20.25,-20.73],[19.75,-21.12]]}},{"type":"Feature","properties":{"level":1008},"geometry":{"type":"LineString","coordinates":[[-65.59,-17.5],[-65.0,-17.67],[-64.71,-17.5],[-66.25,-16.57],[-67.05,-16.5],[-66.5,-17.31],[-65.59,-17.5]]}},{"type":"Feature","properties":{"level":1008},"geometry":{"type":"LineString","coordinates":[[28.75,-16.11],[28.75,-15.94],[29.29,-16.0],[29.0,-16.23],[28.75,-16.11]]}},{"type":"Feature","properties":{"level":1008},"geometry":{"type":"LineString","coordinates":[[-70.25,-15.8],[-70.86,-14.75],[-70.5,-14.48],[-69.89,-15.0],[-69.91,-15.5],[-70.25,-15.8]]}},{"type":"Feature","properties":{"level":1008},"geometry":{"type":"LineString","coordinates":[[-52.0,-15.25],[-51.68,-15.25],[-52.0,-15.25]]}},{"type":"Feature","properties":{"level":1008},"geometry":{"type":"LineString","coordinates":[[-72.0,-14.24],[-72.5,-13.93],[-72.64,-13.5],[-72.0,-13.44],[-71.5,-13.71],[-71.5,-14.11],[-72.0,-14.24]]}},{"type":"Feature","properties":{"level":1008},"geometry":{"type":"LineString","coordinates":[[-43.25,-13.28],[-43.52,-13.0],[-43.25,-12.84],[-43.25,-13.28]]}},{"type":"Feature","properties":{"level":1008},"geometry":{"type":"LineString","coordinates":[[-74.0,-12.39],[-74.64,-11.25],[-74.5,-11.11],[-74.14,-11.25],[-73.88,-11.75],[-74.0,-12.39]]}},{"type":"Feature","properties":{"level":1008},"geometry":{"type":"LineString","coordinates":[[-58.59,-12.25],[-58.35,-12.25],[-58.59,-12.25]]}},{"type":"Feature","properties":{"level":1008},"geometry":{"type":"LineString","coordinates":[[-43.25,-12.32],[-43.43,-12.25],[-43.25,-12.0],[-43.25,-12.32]]}},{"type":"Feature","properties":{"level":1008},"geometry":{"type":"LineString","coordinates":[[-59.33,-12.0],[-59.05,-12.0],[-59.25,-11.8],[-59.33,-12.0]]}},{"type":"Feature","properties":{"level":1008},"geometry":{"type":"LineString","coordinates":[[-45.0,-12.14],[-44.75,-11.35],[-44.0,-11.31],[-43.17,-11.75],[-43.25,-12.0],[-45.0,-12.14]]}},{"type":"Feature","properties":{"level":1008},"geometry":{"type":"LineString","coordinates":[[-50.28,-10.5],[-50.46,-9.75],[-50.22,-9.75],[-50.0,-10.11],[-49.51,-9.0],[-49.75,-8.5],[-50.25,-8.62],[-50.54,-8.25],[-50.0,-7.47],[-51.5,-7.19],[-51.9,-7.5],[-51.75,-8.09],[-52.56,-7.75],[-52.69,-8.25],[-52.5,-8.47],[-51.5,-8.26],[-51.0,-8.72],[-50.75,-8.45],[-50.32,-8.75],[-50.5,-9.75],[-50.98,-10.0],[-50.28,-10.5]]}},{"type":"Feature","properties":{"level":1008},"geometry":{"type":"LineString","coordinates":[[-48.86,-10.5],[-48.75,-10.66],[-48.6,-10.5],[-48.75,-10.2],[-48.86,-10.5]]}},{"type":"Feature","properties":{"level":1008},"geometry":{"type":"LineString","coordinates":[[-55.82,-9.5],[-55.6,-9.5],[-55.82,-9.5]]}},{"type":"Feature","properties":{"level":1008},"geometry":{"type":"LineString","coordinates":[[-51.25,-9.5],[-50.79,-9.5],[-50.62,-9.0],[-51.0,-8.79],[-51.25,-8.98],[-51.5,-8.65],[-51.81,-9.0],[-51.25,-9.5]]}},{"type":"Feature","properties":{"level":1008},"geometry":{"type":"LineString","coordinates":[[26.25,-8.94],[26.15,-8.5],[26.58,-7.75],[26.16,-6.25],[25.32,-6.25],[25.66,-5.25],[24.72,-2.5],[24.89,-2.25],[24.77,-1.5],[25.25,-1.24],[25.75,-1.19],[26.25,-2.05],[27.75,-2.49],[27.25,-2.88],[26.96,-3.75],[28.26,-4.25],[28.75,-4.85],[28.99,-6.0],[28.45,-7.5],[28.89,-8.0],[28.75,-8.2],[27.5,-7.82],[26.25,-8.94]]}},{"type":"Feature","properties":{"level":1008},"geometry":{"type":"LineString","coordinates":[[30.5,-8.54],[30.61,-8.25],[30.17,-7.25],[29.71,-7.0],[29.01,-6.0],[29.34,-5.5],[29.06,-4.25],[29.25,-3.06],[29.3,-3.75],[30.06,-5.25],[29.8,-6.25],[30.5,-6.64],[30.85,-6.5],[30.93,-5.75],[30.37,-5.0],[30.53,-4.75],[30.2,-4.25],[30.25,-3.75],[32.25,-3.6],[32.75,-3.02],[33.34,-3.0],[33.34,-4.0],[33.0,-4.06],[32.5,-3.65],[32.24,-4.25],[32.18,-5.0],[32.54,-5.5],[32.31,-6.25],[31.4,-6.25],[31.9,-6.5],[31.59,-6.75],[31.64,-7.0],[32.6,-8.25],[32.25,-8.36],[31.37,-7.25],[31.0,-7.1],[30.74,-7.25],[31.05,-8.5],[30.5,-8.54]]}},{"type":"Feature","properties":{"level":1008},"geometry":{"type":"LineString","coordinates":[[-49.78,-8.25],[-49.75,-8.49],[-49.75,-7.95],[-49.78,-8.25]]}},{"type":"Feature","properties":{"level":1008},"geometry":{"type":"LineString","coordinates":[[-44.53,-8.25],[-44.25,-8.47],[-44.04,-8.25],[-44.25,-7.51],[-44.53,-8.25]]}},{"type":"Feature","properties":{"level":1008},"geometry":{"type":"LineString","coordinates":[[-53.57,-7.5],[-53.18,-7.5],[-53.5,-6.96],[-53.57,-7.5]]}},{"type":"Feature","properties":{"level":1008},"geometry":{"type":"LineString","coordinates":[[-50.75,-7.0],[-50.75,-6.38],[-50.75,-7.0]]}},{"type":"Feature","properties":{"level":1008},"geometry":{"type":"LineString","coordinates":[[-50.36,-7.0],[-50.0,-7.15],[-49.86,-7.0],[-50.25,-6.71],[-50.36,-7.0]]}},{"type":"Feature","properties":{"level":1008},"geometry":{"type":"LineString","coordinates":[[-48.35,-6.75],[-47.83,-6.75],[-48.0,-6.57],[-48.35,-6.75]]}},{"type":"Feature","properties":{"level":1008},"geometry":{"type":"LineString","coordinates":[[23.75,-6.81],[23.25,-6.15],[23.25,-5.62],[23.75,-5.82],[24.32,-6.5],[24.25,-6.72],[23.75,-6.81]]}},{"type":"Feature","properties":{"level":1008},"geometry":{"type":"LineString","coordinates":[[-53.86,-6.5],[-53.65,-6.5],[-53.86,-6.5]]}},{"type":"Feature","properties":{"level":1008},"geometry":{"type":"LineString","coordinates":[[-48.54,-6.5],[-48.5,-6.08],[-48.54,-6.5]]}},{"type":"Feature","properties":{"level":1008},"geometry":{"type":"LineString","coordinates":[[-51.83,-6.25],[-51.5,-6.32],[-51.25,-6.09],[-51.0,-6.28],[-50.15,-6.25],[-50.5,-5.79],[-51.0,-5.8],[-51.83,-6.25]]}},{"type":"Feature","properties":{"level":1008},"geometry":{"type":"LineString","coordinates":[[-50.81,-5.25],[-50.5,-5.41],[-50.29,-5.25],[-50.5,-4.93],[-50.81,-5.25]]}},{"type":"Feature","properties":{"level":1008},"geometry":{"type":"LineString","coordinates":[[-49.58,-4.75],[-49.02,-4.75],[-49.25,-4.36],[-49.65,-4.5],[-49.58,-4.75]]}},{"type":"Feature","properties":{"level":1008},"geometry":{"type":"LineString","coordinates":[[-49.64,-4.0],[-49.42,-4.0],[-49.64,-4.0]]}},{"type":"Feature","properties":{"level":1008},"geometry":{"type":"LineString","coordinates":[[-48.0,-3.77],[-47.71,-3.75],[-48.0,-3.77]]}},{"type":"Feature","properties":{"level":1008},"geometry":{"type":"LineString","coordinates":[[-47.5,-3.61],[-47.65,-3.5],[-47.15,-3.5],[-47.25,-3.74],[-47.5,-3.61]]}},{"type":"Feature","properties":{"level":1008},"geometry":{"type":"LineString","coordinates":[[-48.47,-3.0],[-48.05,-3.0],[-48.25,-2.8],[-48.47,-3.0]]}},{"type":"Feature","properties":{"level":1008},"geometry":{"type":"LineString","coordinates":[[-49.44,-2.25],[-49.25,-2.41],[-49.09,-2.25],[-49.25,-2.01],[-49.44,-2.25]]}},{"type":"Feature","properties":{"level":1008},"geometry":{"type":"LineString","coordinates":[[-48.25,-1.85],[-48.25,-1.39],[-48.0,-1.23],[-47.75,-1.38],[-47.75,-1.97],[-48.25,-1.85]]}},{"type":"Feature","properties":{"level":1008},"geometry":{"type":"LineString","coordinates":[[-65.85,0.5],[-65.45,0.5],[-65.75,0.6],[-65.67,1.25],[-65.04,1.25],[-65.5,1.83],[-66.17,0.75],[-65.85,0.5]]}},{"type":"Feature","properties":{"level":1008},"geometry":{"type":"LineString","coordinates":[[24.5,0.74],[24.26,0.75],[24.66,0.75],[24.5,0.74]]}},{"type":"Feature","properties":{"level":1008},"geometry":{"type":"LineString","coordinates":[[30.5,1.11],[30.48,1.5],[31.24,2.25],[30.99,3.0],[31.37,4.0],[31.0,4.31],[30.75,4.01],[30.5,4.12],[29.5,5.16],[29.08,4.5],[30.01,4.0],[29.92,3.5],[28.0,3.42],[26.9,4.25],[27.25,4.56],[27.76,4.5],[27.25,5.35],[26.25,5.42],[25.0,5.05],[24.8,5.25],[25.2,5.75],[25.0,6.0],[26.4,6.25],[25.76,8.0],[24.75,8.82],[24.0,8.95],[23.5,9.33],[22.12,8.75],[20.45,8.5],[20.11,7.75],[21.04,7.0],[20.58,6.25],[21.48,5.25],[21.25,5.02],[20.75,5.18],[19.5,3.61],[19.38,4.25],[19.75,4.29],[19.83,4.75],[19.0,5.11],[18.61,5.0],[18.58,5.25],[18.96,5.5],[19.11,6.5],[18.67,6.5],[18.42,6.0],[18.53,5.75],[18.25,5.58],[17.0,5.9],[16.0,7.38],[15.44,7.5],[15.84,8.75],[14.75,9.49],[13.75,8.56],[13.0,8.59],[12.84,9.25],[14.0,10.06],[14.72,10.25],[14.07,10.5],[13.4,12.5],[12.5,12.9],[11.0,11.91],[9.5,11.42],[8.5,11.49],[7.0,13.01],[6.75,12.76],[5.75,13.15],[5.58,13.75],[6.5,14.67],[7.0,14.44],[8.25,14.62],[10.0,14.47],[11.25,15.26],[13.25,15.78],[14.75,15.39],[17.0,16.79],[20.0,16.71],[21.0,15.79],[21.33,15.75],[21.5,14.75],[21.25,14.45],[21.25,13.75],[22.16,12.5],[22.75,12.85],[22.85,12.5],[23.5,12.0],[24.75,12.39],[25.5,13.47],[27.0,14.62],[27.75,14.56],[28.67,16.25],[29.5,16.58],[30.28,17.25],[30.25,17.95],[30.75,18.6],[32.27,19.0],[32.56,18.25],[32.42,18.0],[33.0,17.83],[33.63,18.25],[33.5,18.83],[33.92,18.75],[34.14,18.25],[35.91,17.0],[36.0,16.45],[36.71,16.25],[37.07,15.25],[36.87,14.75],[37.04,14.25],[36.03,13.25],[35.57,12.25],[34.5,11.39],[34.0,11.61],[33.77,11.25],[34.21,10.0],[33.89,9.5],[34.12,8.25],[33.75,7.82],[32.94,8.0],[34.5,5.62],[34.54,4.75],[34.0,4.9],[33.11,4.25],[32.5,4.11],[32.5,3.0],[31.75,2.97],[31.53,2.0],[30.5,1.11]]}},{"type":"Feature","properties":{"level":1008},"geometry":{"type":"LineString","coordinates":[[36.25,1.41],[36.5,2.18],[36.25,1.41]]}},{"type":"Feature","properties":{"level":1008},"geometry":{"type":"LineString","coordinates":[[-74.5,2.12],[-74.61,2.25],[-74.25,2.77],[-74.25,2.33],[-74.5,2.12]]}},{"type":"Feature","properties":{"level":1008},"geometry":{"type":"LineString","coordinates":[[-75.25,3.67],[-74.87,4.75],[-75.0,6.0],[-74.7,6.75],[-75.08,7.5],[-74.8,8.5],[-75.11,8.75],[-74.78,10.0],[-75.37,10.75],[-74.75,11.16],[-74.23,10.75],[-74.69,10.0],[-74.67,9.5],[-74.03,9.5],[-73.99,10.0],[-73.46,10.0],[-73.63,8.5],[-73.32,7.25],[-74.11,6.0],[-75.0,3.63],[-75.25,3.67]]}},{"type":"Feature","properties":{"level":1008},"geometry":{"type":"LineString","coordinates":[[18.5,4.0],[17.8,4.5],[18.25,5.29],[18.31,4.75],[18.87,4.25],[18.75,3.92],[18.5,4.0]]}},{"type":"Feature","properties":{"level":1008},"geometry":{"type":"LineString","coordinates":[[-67.22,4.5],[-67.0,4.33],[-66.54,4.75],[-66.75,5.29],[-67.48,5.0],[-67.22,4.5]]}},{"type":"Feature","properties":{"level":1008},"geometry":{"type":"LineString","coordinates":[[-71.0,5.09],[-71.03,5.75],[-70.75,5.85],[-70.38,5.5],[-70.5,5.21],[-71.0,5.09]]}},{"type":"Feature","properties":{"level":1008},"geometry":{"type":"LineString","coordinates":[[20.22,5.5],[20.31,6.0],[19.58,6.5],[19.69,6.0],[20.0,5.93],[20.22,5.5]]}},{"type":"Feature","properties":{"level":1008},"geometry":{"type":"LineString","coordinates":[[-70.0,5.97],[-70.0,6.5],[-69.45,6.5],[-70.0,5.97]]}},{"type":"Feature","properties":{"level":1008},"geometry":{"type":"LineString","coordinates":[[-63.0,5.97],[-63.25,6.62],[-63.0,5.97]]}},{"type":"Feature","properties":{"level":1008},"geometry":{"type":"LineString","coordinates":[[-61.75,6.2],[-62.3,6.5],[-62.5,6.9],[-63.25,6.82],[-63.25,7.25],[-63.63,7.5],[-63.32,7.75],[-63.4,8.0],[-64.14,8.0],[-63.0,8.76],[-62.0,8.92],[-61.61,8.5],[-62.25,8.38],[-62.59,8.0],[-62.0,8.05],[-61.5,7.56],[-61.0,7.81],[-60.81,7.0],[-61.37,6.25],[-61.75,6.2]]}},{"type":"Feature","properties":{"level":1008},"geometry":{"type":"LineString","coordinates":[[-71.5,6.34],[-71.75,7.43],[-71.34,7.0],[-71.5,6.34]]}},{"type":"Feature","properties":{"level":1008},"geometry":{"type":"LineString","coordinates":[[17.7,6.75],[18.36,6.75],[18.25,7.02],[17.75,7.12],[17.7,6.75]]}},{"type":"Feature","properties":{"level":1008},"geometry":{"type":"LineString","coordinates":[[-74.51,7.5],[-74.25,7.3],[-74.12,7.5],[-74.02,8.25],[-74.25,8.5],[-74.63,7.75],[-74.51,7.5]]}},{"type":"Feature","properties":{"level":1008},"geometry":{"type":"LineString","coordinates":[[-72.5,7.73],[-73.19,9.0],[-72.14,10.5],[-72.25,11.0],[-71.5,10.83],[-69.72,11.5],[-70.0,10.95],[-70.5,10.94],[-70.75,10.59],[-70.88,10.0],[-70.5,9.77],[-70.57,9.5],[-71.13,9.5],[-71.75,10.45],[-71.92,9.75],[-71.24,9.25],[-72.5,7.73]]}},{"type":"Feature","properties":{"level":1008},"geometry":{"type":"LineString","coordinates":[[13.0,8.2],[12.83,8.25],[13.0,8.42],[13.0,8.2]]}},{"type":"Feature","properties":{"level":1008},"geometry":{"type":"LineString","coordinates":[[-74.76,8.75],[-74.5,8.6],[-74.5,9.07],[-74.77,9.0],[-74.76,8.75]]}},{"type":"Feature","properties":{"level":1008},"geometry":{"type":"LineString","coordinates":[[-65.5,8.94],[-65.37,9.75],[-64.5,9.92],[-64.05,9.75],[-64.3,9.5],[-64.22,9.25],[-65.0,8.78],[-65.5,8.94]]}},{"type":"Feature","properties":{"level":1008},"geometry":{"type":"LineString","coordinates":[[17.48,9.25],[17.81,9.25],[17.5,9.66],[17.48,9.25]]}},{"type":"Feature","properties":{"level":1008},"geometry":{"type":"LineString","coordinates":[[-67.25,9.34],[-67.25,9.76],[-67.25,9.34]]}},{"type":"Feature","properties":{"level":1008},"geometry":{"type":"LineString","coordinates":[[18.67,9.5],[19.25,9.7],[19.25,9.96],[18.75,9.83],[18.41,10.25],[18.75,10.33],[19.0,10.03],[19.21,10.75],[18.5,11.61],[18.0,11.79],[18.31,11.0],[17.95,10.25],[18.67,9.5]]}},{"type":"Feature","properties":{"level":1008},"geometry":{"type":"LineString","coordinates":[[19.97,9.75],[20.12,9.75],[19.97,9.75]]}},{"type":"Feature","properties":{"level":1008},"geometry":{"type":"LineString","coordinates":[[-70.25,9.98],[-70.25,10.3],[-69.83,10.25],[-70.25,9.98]]}},{"type":"Feature","properties":{"level":1008},"geometry":{"type":"LineString","coordinates":[[167.25,9.94],[166.75,10.12],[166.51,10.75],[166.44,12.5],[167.0,13.46],[168.75,14.13],[169.77,13.0],[169.97,11.25],[169.49,10.75],[169.43,10.25],[168.75,9.92],[167.25,9.94]]}},{"type":"Feature","properties":{"level":1008},"geometry":{"type":"LineString","coordinates":[[19.61,10.25],[19.84,10.25],[19.61,10.25]]}},{"type":"Feature","properties":{"level":1008},"geometry":{"type":"LineString","coordinates":[[-73.0,10.7],[-73.0,10.86],[-73.0,10.7]]}},{"type":"Feature","properties":{"level":1008},"geometry":{"type":"LineString","coordinates":[[-72.75,10.96],[-73.5,11.54],[-72.25,12.06],[-72.75,10.96]]}},{"type":"Feature","properties":{"level":1008},"geometry":{"type":"LineString","coordinates":[[134.25,10.77],[134.0,11.02],[132.75,11.0],[131.25,11.45],[130.75,11.17],[130.25,11.78],[129.75,11.32],[127.64,12.75],[127.36,13.25],[128.51,14.0],[128.42,15.5],[128.61,16.0],[128.34,16.5],[128.53,18.0],[128.92,18.75],[128.68,19.25],[129.63,21.25],[130.55,24.5],[131.42,26.25],[131.43,27.0],[131.85,27.75],[132.12,30.0],[133.75,32.6],[134.98,33.5],[135.25,33.68],[135.75,33.57],[137.0,34.15],[137.5,34.75],[138.75,35.12],[139.0,34.96],[141.44,36.75],[142.25,37.61],[143.0,37.63],[143.75,36.99],[146.5,35.88],[149.54,33.25],[151.04,31.5],[152.13,29.5],[152.75,27.25],[152.92,25.5],[152.75,24.11],[151.32,20.5],[150.47,19.5],[149.75,17.86],[149.26,17.5],[148.12,15.75],[147.75,15.35],[147.25,15.35],[146.75,14.52],[146.25,14.75],[145.75,14.23],[144.75,14.33],[142.25,13.05],[141.75,12.57],[141.25,12.73],[140.0,11.95],[139.5,12.19],[138.75,11.35],[138.25,11.32],[137.75,10.97],[137.25,10.91],[136.25,11.27],[135.0,10.88],[134.5,11.0],[134.25,10.77]]}},{"type":"Feature","properties":{"level":1008},"geometry":{"type":"LineString","coordinates":[[-69.25,11.16],[-69.38,11.25],[-69.07,11.25],[-69.25,11.16]]}},{"type":"Feature","properties":{"level":1008},"geometry":{"type":"LineString","coordinates":[[18.21,12.5],[18.25,12.34],[18.21,12.5]]}},{"type":"Feature","properties":{"level":1008},"geometry":{"type":"LineString","coordinates":[[2.25,13.19],[1.75,13.63],[0.48,14.0],[0.66,14.5],[0.5,14.76],[1.25,14.95],[1.5,14.67],[2.17,14.75],[2.74,14.0],[2.25,13.19]]}},{"type":"Feature","properties":{"level":1008},"geometry":{"type":"LineString","coordinates":[[3.0,13.02],[3.0,13.52],[3.15,13.25],[3.0,13.02]]}},{"type":"Feature","properties":{"level":1008},"geometry":{"type":"LineString","coordinates":[[4.75,14.14],[4.42,14.75],[4.73,15.25],[4.22,15.75],[4.98,15.5],[5.08,15.0],[5.52,14.5],[5.25,14.02],[4.75,14.14]]}},{"type":"Feature","properties":{"level":1008},"geometry":{"type":"LineString","coordinates":[[1.25,15.11],[0.94,15.5],[1.32,15.5],[1.25,15.11]]}},{"type":"Feature","properties":{"level":1008},"geometry":{"type":"LineString","coordinates":[[30.48,15.25],[31.0,15.39],[31.24,16.0],[31.0,17.38],[30.62,17.25],[30.67,16.5],[29.98,16.5],[30.57,15.5],[30.48,15.25]]}},{"type":"Feature","properties":{"level":1008},"geometry":{"type":"LineString","coordinates":[[37.5,15.41],[37.01,15.75],[37.5,16.3],[37.8,15.5],[37.5,15.41]]}},{"type":"Feature","properties":{"level":1008},"geometry":{"type":"LineString","coordinates":[[-115.75,15.73],[-117.25,16.18],[-118.8,17.25],[-119.94,19.25],[-120.12,20.75],[-119.89,22.25],[-118.87,23.5],[-118.0,23.95],[-115.5,24.17],[-113.5,23.57],[-112.5,22.75],[-111.66,21.25],[-111.62,19.25],[-112.25,17.48],[-114.0,15.97],[-115.75,15.73]]}},{"type":"Feature","properties":{"level":1008},"geometry":{"type":"LineString","coordinates":[[174.5,23.95],[173.25,24.66],[172.96,25.25],[172.97,26.0],[173.75,27.03],[175.25,27.27],[176.26,26.5],[176.57,25.5],[175.75,24.29],[174.5,23.95]]}},{"type":"Feature","properties":{"level":1008},"geometry":{"type":"LineString","coordinates":[[68.0,25.99],[67.23,26.75],[67.48,29.75],[67.75,29.95],[68.33,29.75],[69.0,28.79],[69.75,28.95],[70.26,30.25],[70.03,32.0],[70.35,33.0],[71.25,33.1],[71.5,33.55],[72.22,33.75],[71.49,34.0],[71.66,34.25],[72.12,34.25],[72.51,34.0],[72.38,33.5],[72.79,33.25],[71.92,32.5],[73.75,32.62],[74.5,32.09],[75.2,31.0],[75.6,29.5],[75.53,29.0],[74.0,29.16],[72.0,28.3],[70.25,27.89],[69.22,27.25],[68.47,26.25],[68.0,25.99]]}},{"type":"Feature","properties":{"level":1008},"geometry":{"type":"LineString","coordinates":[[139.0,39.77],[138.75,40.18],[137.75,40.1],[137.25,40.57],[135.35,40.75],[133.5,41.75],[132.92,42.5],[134.08,44.0],[133.88,45.5],[133.46,46.25],[134.35,47.0],[134.0,47.47],[133.03,47.5],[132.12,48.0],[132.77,49.0],[134.66,50.0],[134.24,50.25],[134.44,50.5],[135.5,50.41],[136.01,50.75],[135.75,50.79],[135.25,51.69],[135.02,52.5],[135.2,52.75],[135.0,52.95],[134.5,52.42],[134.35,52.75],[134.96,53.25],[134.5,53.51],[133.75,53.35],[131.76,52.0],[130.49,50.5],[129.88,49.0],[127.0,48.7],[126.25,48.05],[125.67,48.25],[125.79,49.25],[126.0,49.47],[126.73,49.5],[127.04,50.25],[127.18,51.75],[127.11,52.75],[126.67,53.25],[126.83,53.75],[127.48,54.0],[127.75,54.74],[129.0,55.41],[129.5,55.56],[129.75,55.32],[130.25,55.38],[130.55,55.75],[130.0,55.82],[129.25,56.62],[128.51,57.0],[126.75,57.52],[125.92,57.5],[126.38,58.0],[126.46,58.25],[126.23,58.5],[126.76,59.25],[125.17,61.5],[125.25,64.56],[126.0,64.6],[127.75,64.16],[131.5,64.49],[134.0,64.11],[134.5,64.31],[136.0,64.25],[136.84,63.75],[137.24,62.75],[136.43,60.75],[136.5,60.0],[136.01,59.5],[136.1,58.75],[135.72,58.5],[136.25,57.9],[136.75,58.0],[136.86,57.75],[136.48,57.25],[137.75,57.39],[138.5,57.79],[139.75,57.59],[141.75,57.87],[142.23,57.5],[145.02,56.5],[143.88,55.75],[143.45,54.25],[141.76,52.5],[141.41,49.75],[141.1,49.25],[141.75,48.92],[143.25,47.34],[144.06,47.0],[144.45,46.0],[144.45,45.25],[144.76,45.0],[144.61,44.25],[143.75,43.67],[142.25,43.33],[142.46,42.25],[142.89,41.75],[142.21,40.25],[142.0,40.08],[141.0,40.62],[140.25,40.61],[139.0,39.77]]}},{"type":"Feature","properties":{"level":1008},"geometry":{"type":"LineString","coordinates":[[-63.25,42.24],[-64.25,42.83],[-64.75,42.52],[-65.5,42.58],[-66.25,43.0],[-66.5,42.83],[-69.0,43.06],[-70.0,43.48],[-70.72,44.75],[-70.61,45.5],[-76.91,49.5],[-77.76,50.5],[-78.94,52.75],[-78.88,54.75],[-78.28,56.0],[-76.75,57.1],[-75.25,57.48],[-72.0,57.85],[-68.75,57.77],[-66.44,57.25],[-64.25,55.37],[-63.0,54.05],[-62.84,52.75],[-62.25,51.97],[-62.52,50.25],[-60.53,48.0],[-60.17,47.25],[-60.42,46.75],[-60.25,46.51],[-59.75,46.78],[-59.22,46.0],[-59.27,45.0],[-60.19,43.75],[-62.1,42.5],[-63.25,42.24]]}},{"type":"Feature","properties":{"level":1008},"geometry":{"type":"LineString","coordinates":[[-103.75,45.71],[-104.5,46.22],[-106.0,46.43],[-107.0,46.94],[-108.0,46.68],[-108.75,46.86],[-109.25,47.42],[-110.25,47.45],[-111.97,48.5],[-112.25,48.9],[-113.5,49.39],[-113.84,50.0],[-116.12,52.25],[-118.0,53.4],[-118.41,54.25],[-120.0,54.64],[-123.25,55.98],[-125.0,57.38],[-125.22,57.0],[-124.6,56.75],[-124.35,56.25],[-125.0,56.27],[-125.91,56.75],[-126.01,57.5],[-127.0,57.76],[-127.5,57.42],[-129.75,57.5],[-130.25,57.75],[-131.25,57.43],[-131.5,57.94],[-133.5,57.63],[-134.5,57.07],[-135.37,57.25],[-136.75,56.09],[-141.25,53.62],[-148.16,51.25],[-151.16,50.5],[-157.75,49.69],[-164.0,49.92],[-166.5,50.33],[-168.88,51.25],[-173.55,54.75],[-174.5,56.9],[-179.04,63.0],[-179.44,64.0],[-179.44,64.75],[-179.0,65.81],[-178.0,66.04],[-177.0,65.82],[-175.0,66.97],[-175.14,68.0],[-174.87,68.25],[-173.5,68.83],[-170.25,69.61],[-164.75,70.16],[-160.0,69.68],[-158.5,69.78],[-156.0,70.25],[-154.5,70.99],[-146.25,72.05],[-144.25,72.58],[-142.75,73.28],[-137.25,74.29],[-128.25,74.7],[-123.5,74.17],[-122.17,73.75],[-116.75,72.91],[-116.21,72.5],[-114.92,72.25],[-113.28,71.25],[-108.49,69.75],[-106.63,68.75],[-106.63,68.5],[-102.0,64.17],[-100.72,62.25],[-100.44,61.0],[-100.62,59.5],[-102.12,56.25],[-101.75,53.25],[-101.26,52.75],[-101.41,52.25],[-100.99,51.75],[-101.35,51.25],[-101.15,50.25],[-101.44,49.5],[-101.05,48.25],[-101.49,47.25],[-102.75,45.77],[-103.75,45.71]]}},{"type":"Feature","properties":{"level":1008},"geometry":{"type":"LineString","coordinates":[[137.97,48.5],[138.0,48.35],[139.25,48.38],[140.43,49.25],[140.6,49.5],[140.35,49.75],[140.22,51.0],[138.75,51.2],[138.5,51.49],[138.24,50.0],[138.88,49.5],[138.25,48.54],[137.97,48.5]]}},{"type":"Feature","properties":{"level":1008},"geometry":{"type":"LineString","coordinates":[[65.0,51.46],[63.0,52.5],[61.59,54.0],[60.93,55.25],[60.4,58.0],[59.85,59.25],[60.45,60.75],[61.41,62.0],[62.75,62.93],[64.99,64.0],[68.48,65.0],[72.75,65.43],[82.25,65.12],[84.25,64.81],[88.0,63.77],[90.04,62.5],[90.39,62.0],[89.25,61.61],[84.18,60.75],[82.75,60.11],[80.5,58.43],[78.03,57.0],[76.39,55.0],[75.72,54.5],[72.75,52.85],[68.25,51.68],[65.0,51.46]]}},{"type":"Feature","properties":{"level":1008},"geometry":{"type":"LineString","coordinates":[[140.26,52.25],[141.19,52.25],[140.75,52.77],[140.21,52.5],[140.26,52.25]]}},{"type":"Feature","properties":{"level":1008},"geometry":{"type":"LineString","coordinates":[[123.0,54.14],[122.5,54.61],[122.0,54.4],[121.88,54.75],[124.25,56.11],[124.53,56.0],[124.0,55.39],[124.15,55.0],[123.5,54.75],[123.5,54.5],[123.0,54.14]]}},{"type":"Feature","properties":{"level":1008},"geometry":{"type":"LineString","coordinates":[[15.5,57.98],[13.25,58.32],[9.25,58.4],[7.25,58.83],[6.45,60.25],[5.25,60.9],[1.25,60.16],[-8.5,60.2],[-20.5,59.33],[-26.5,59.79],[-30.25,59.86],[-33.0,59.53],[-43.09,60.0],[-43.38,60.5],[-43.12,61.0],[-43.47,61.75],[-43.39,63.0],[-42.42,63.75],[-41.75,65.58],[-38.75,67.06],[-36.25,67.32],[-35.44,67.75],[-34.25,67.98],[-34.47,68.25],[-33.75,69.07],[-33.25,68.94],[-32.75,69.25],[-32.0,68.91],[-31.59,69.25],[-30.75,69.36],[-30.25,69.0],[-29.54,69.5],[-29.75,69.75],[-30.89,70.0],[-31.25,70.42],[-34.25,70.87],[-35.66,72.0],[-35.0,72.79],[-32.25,72.76],[-30.25,73.57],[-28.75,74.88],[-26.69,75.5],[-26.49,75.75],[-26.61,76.0],[-27.23,76.25],[-24.91,77.0],[-24.73,77.25],[-25.97,77.5],[-24.36,78.25],[-24.41,78.5],[-26.47,78.75],[-26.55,79.25],[-28.58,79.5],[-28.82,79.75],[-27.93,80.0],[-28.9,80.5],[-28.46,80.75],[-27.25,80.79],[-25.25,80.2],[-24.0,80.1],[-23.75,80.18],[-23.75,80.48],[-29.25,81.86],[-30.85,81.75],[-31.62,82.0],[-31.19,82.25],[-32.69,82.75],[-30.25,83.15],[-29.0,83.11],[-27.32,83.5],[-27.75,83.6],[-36.0,84.12],[-48.5,84.09],[-49.58,84.25],[-41.0,84.82],[-15.75,87.55],[-7.5,88.17],[10.5,88.8],[39.5,89.15],[88.5,89.09],[116.25,88.53],[129.0,87.67],[134.5,86.73],[136.07,86.25],[137.3,85.25],[137.18,84.75],[136.16,84.25],[135.8,83.75],[136.59,83.0],[136.5,82.5],[134.17,80.75],[132.25,78.75],[132.61,78.25],[134.0,77.61],[134.09,77.25],[132.0,76.19],[131.5,76.22],[129.7,77.75],[128.5,78.25],[125.5,78.65],[117.75,77.93],[109.75,77.63],[102.25,77.01],[99.0,76.22],[91.2,75.25],[84.26,73.5],[69.25,71.65],[67.0,70.96],[64.03,69.5],[61.5,69.0],[60.83,68.5],[58.55,67.75],[53.25,65.26],[49.5,64.56],[40.68,61.75],[35.0,60.62],[32.0,59.49],[28.75,58.83],[22.5,58.14],[16.5,57.85],[15.5,57.98]]}},{"type":"Feature","properties":{"level":1008},"geometry":{"type":"LineString","coordinates":[[141.5,58.41],[141.26,58.5],[141.73,58.5],[141.5,58.41]]}},{"type":"Feature","properties":{"level":1008},"geometry":{"type":"LineString","coordinates":[[142.0,58.49],[141.71,58.75],[142.18,59.5],[141.97,60.25],[142.5,61.38],[145.25,60.68],[146.25,60.89],[146.35,60.75],[146.06,60.5],[147.75,60.07],[149.0,60.11],[149.5,60.43],[149.65,60.25],[149.27,60.0],[149.73,59.75],[149.58,59.5],[147.75,58.95],[144.5,58.35],[142.0,58.49]]}},{"type":"Feature","properties":{"level":1008},"geometry":{"type":"LineString","coordinates":[[147.75,61.24],[147.59,61.5],[147.75,61.63],[148.75,61.88],[149.77,61.75],[149.15,61.25],[147.75,61.24]]}},{"type":"Feature","properties":{"level":1008},"geometry":{"type":"LineString","coordinates":[[154.72,61.75],[155.5,61.57],[155.75,62.17],[156.75,61.99],[157.25,62.38],[157.61,62.25],[157.08,62.75],[157.18,63.0],[156.96,63.25],[155.75,62.84],[155.0,63.59],[154.94,63.0],[154.36,62.25],[154.72,61.75]]}},{"type":"Feature","properties":{"level":1008},"geometry":{"type":"LineString","coordinates":[[157.79,62.75],[158.19,62.75],[158.36,63.25],[157.75,63.31],[157.27,63.0],[157.79,62.75]]}},{"type":"Feature","properties":{"level":1008},"geometry":{"type":"LineString","coordinates":[[167.69,66.25],[168.64,66.75],[168.56,67.0],[167.0,67.03],[166.44,66.75],[167.69,66.25]]}},{"type":"Feature","properties":{"level":1008},"geometry":{"type":"LineString","coordinates":[[-156.11,68.75],[-155.5,68.58],[-155.4,68.75],[-156.11,68.75]]}},{"type":"Feature","properties":{"level":1008},"geometry":{"type":"LineString","coordinates":[[-161.74,69.0],[-161.0,68.93],[-159.89,69.25],[-161.25,69.35],[-161.74,69.0]]}},{"type":"Feature","properties":{"level":1008},"geometry":{"type":"LineString","coordinates":[[135.24,69.0],[135.67,69.0],[135.24,69.0]]}},{"type":"Feature","properties":{"level":1008},"geometry":{"type":"LineString","coordinates":[[180.0,68.82],[179.0,68.83],[176.75,69.38],[174.08,69.0],[173.77,68.75],[174.5,68.39],[174.25,68.35],[174.0,67.88],[173.75,68.08],[172.92,68.0],[173.51,67.75],[172.95,67.5],[172.97,67.25],[172.14,66.25],[172.82,65.5],[170.5,64.37],[169.61,64.5],[169.31,64.75],[169.5,65.03],[168.5,64.91],[167.75,64.41],[166.23,64.75],[166.75,65.17],[167.39,65.25],[167.5,65.6],[167.83,65.75],[167.0,65.84],[166.75,66.33],[165.23,65.5],[165.25,65.05],[166.0,64.93],[164.45,65.0],[164.49,65.5],[163.75,65.87],[162.81,65.75],[163.99,65.0],[163.03,64.25],[164.36,63.75],[163.75,63.47],[162.86,63.5],[163.18,63.25],[162.87,62.75],[164.09,62.5],[163.86,62.0],[163.0,61.73],[162.5,62.27],[162.0,62.26],[160.99,61.5],[161.25,61.23],[162.25,61.3],[162.1,61.0],[156.5,59.8],[155.0,59.81],[153.92,60.5],[154.62,61.0],[153.6,61.25],[153.58,61.75],[153.25,61.9],[152.86,61.75],[153.07,61.0],[152.75,60.82],[152.25,61.12],[152.12,60.75],[151.75,60.62],[151.25,60.76],[150.5,60.52],[149.5,60.76],[149.5,61.1],[150.58,61.25],[150.62,62.0],[150.0,61.93],[149.7,62.5],[150.0,63.53],[150.25,63.15],[150.64,63.5],[149.05,64.25],[149.36,64.75],[149.0,65.5],[146.25,66.54],[143.75,67.08],[143.17,67.0],[143.54,66.75],[143.25,66.58],[141.75,66.49],[140.21,67.0],[139.0,68.17],[138.25,68.56],[136.0,68.37],[133.7,67.75],[132.54,67.25],[132.32,67.0],[132.51,66.75],[132.25,66.64],[129.92,67.0],[129.62,67.75],[129.75,68.06],[132.5,68.88],[133.49,69.5],[136.25,69.62],[137.49,70.0],[133.5,71.26],[132.0,73.25],[130.84,74.25],[130.37,75.25],[129.56,75.75],[130.25,76.06],[133.0,75.55],[137.25,76.28],[144.25,77.03],[157.44,76.5],[172.5,74.19],[177.0,73.78],[180.0,72.16]]}},{"type":"Feature","properties":{"level":1008},"geometry":{"type":"LineString","coordinates":[[-59.5,70.21],[-60.12,70.5],[-60.44,71.0],[-60.25,72.05],[-61.5,72.79],[-63.24,73.25],[-63.5,73.89],[-72.75,75.83],[-74.68,76.75],[-74.9,77.25],[-74.75,77.62],[-73.25,78.15],[-69.75,77.9],[-63.0,79.06],[-61.88,78.75],[-62.3,78.5],[-62.25,78.04],[-59.11,78.25],[-59.09,78.75],[-59.79,79.0],[-57.25,79.81],[-50.75,79.39],[-48.74,79.0],[-51.86,78.25],[-52.31,77.75],[-53.19,77.5],[-52.71,77.0],[-52.76,75.75],[-53.89,74.0],[-53.72,73.75],[-52.35,73.25],[-52.35,73.0],[-53.0,72.64],[-54.25,73.13],[-55.11,73.0],[-54.83,72.5],[-55.25,72.28],[-55.49,71.75],[-54.99,71.0],[-55.25,70.61],[-57.0,70.06],[-59.5,70.21]]}},{"type":"Feature","properties":{"level":1008},"geometry":{"type":"LineString","coordinates":[[-180.0,70.82],[-178.41,70.25],[-177.17,68.75],[-177.33,68.5],[-178.25,68.36],[-180.0,68.82]]}},{"type":"Feature","properties":{"level":1008},"geometry":{"type":"LineString","coordinates":[[180.0,71.44],[178.91,71.0],[180.0,70.82]]}},{"type":"Feature","properties":{"level":1008},"geometry":{"type":"LineString","coordinates":[[-180.0,72.16],[-179.47,71.75],[-180.0,71.44]]}},{"type":"Feature","properties":{"level":1008},"geometry":{"type":"LineString","coordinates":[[-63.75,72.24],[-62.61,72.25],[-63.75,72.24]]}},{"type":"Feature","properties":{"level":1008},"geometry":{"type":"LineString","coordinates":[[127.0,73.99],[126.96,74.25],[127.5,74.48],[129.03,74.25],[127.0,73.99]]}},{"type":"Feature","properties":{"level":1008},"geometry":{"type":"LineString","coordinates":[[-142.5,74.21],[-143.05,74.5],[-142.93,74.75],[-143.77,75.5],[-143.51,76.0],[-143.56,76.75],[-143.25,76.92],[-141.25,76.32],[-140.57,75.5],[-140.91,74.75],[-140.75,74.25],[-142.5,74.21]]}},{"type":"Feature","properties":{"level":1008},"geometry":{"type":"LineString","coordinates":[[137.41,75.5],[138.5,75.48],[139.11,75.75],[139.17,76.0],[137.5,76.19],[137.3,76.0],[137.41,75.5]]}},{"type":"Feature","properties":{"level":1008},"geometry":{"type":"LineString","coordinates":[[-61.36,76.5],[-60.93,76.5],[-60.97,76.75],[-61.46,77.0],[-61.22,77.25],[-61.75,77.56],[-62.5,77.51],[-61.9,77.25],[-63.51,76.75],[-61.36,76.5]]}},{"type":"Feature","properties":{"level":1008},"geometry":{"type":"LineString","coordinates":[[-23.25,80.0],[-22.73,80.0],[-23.25,80.0]]}},{"type":"Feature","properties":{"level":1008},"geometry":{"type":"LineString","coordinates":[[-33.0,81.23],[-31.83,81.25],[-33.0,81.23]]}},{"type":"Feature","properties":{"level":1008},"geometry":{"type":"LineString","coordinates":[[-32.5,81.73],[-32.31,81.75],[-32.5,81.73]]}},{"type":"Feature","properties":{"level":1008},"geometry":{"type":"LineString","coordinates":[[-35.0,83.24],[-33.99,83.25],[-35.0,83.24]]}},{"type":"Feature","properties":{"level":1012},"geometry":{"type":"LineString","coordinates":[[-6.09,-89.5],[68.0,-89.53],[101.25,-88.9],[105.74,-88.5],[103.24,-88.0],[102.24,-87.5],[103.22,-87.0],[108.43,-86.0],[116.43,-85.5],[116.18,-85.25],[117.33,-85.0],[113.75,-84.79],[112.93,-84.5],[113.24,-84.0],[113.93,-83.75],[118.45,-83.0],[134.0,-81.49],[142.5,-79.51],[143.3,-79.0],[142.25,-78.67],[135.5,-78.52],[130.5,-78.04],[119.0,-77.99],[114.0,-77.22],[104.42,-76.5],[97.75,-75.37],[96.5,-74.96],[95.8,-74.25],[96.35,-73.75],[98.0,-73.47],[109.75,-74.82],[116.75,-75.03],[133.5,-74.09],[134.75,-73.34],[138.58,-72.5],[139.33,-71.75],[139.0,-71.48],[137.25,-71.48],[136.25,-71.86],[130.25,-71.79],[122.75,-72.32],[117.25,-72.38],[113.25,-72.76],[110.1,-72.25],[106.5,-70.91],[100.75,-70.34],[97.75,-70.43],[95.75,-69.98],[92.0,-70.6],[85.5,-70.9],[81.75,-71.52],[78.25,-73.08],[75.52,-75.5],[66.25,-75.63],[61.5,-75.05],[60.52,-74.75],[59.5,-73.92],[57.6,-73.75],[57.58,-73.0],[58.11,-72.5],[58.26,-72.0],[60.73,-70.5],[60.81,-70.25],[58.25,-69.63],[49.75,-71.41],[38.5,-73.09],[35.0,-73.88],[27.75,-74.49],[21.5,-75.42],[21.0,-75.8],[20.0,-75.76],[19.25,-76.08],[15.0,-76.71],[13.75,-77.04],[13.05,-77.5],[9.75,-78.33],[1.25,-79.85],[-11.45,-80.75],[-16.75,-81.76],[-23.5,-82.13],[-28.25,-81.99],[-35.0,-82.52],[-38.25,-82.94],[-43.75,-84.13],[-45.25,-84.07],[-48.41,-83.25],[-51.75,-83.35],[-54.77,-83.75],[-54.95,-84.25],[-54.7,-84.5],[-55.0,-84.54],[-64.5,-84.83],[-67.5,-85.15],[-73.87,-85.0],[-74.11,-84.75],[-71.24,-84.25],[-72.5,-83.93],[-79.5,-83.75],[-80.72,-83.5],[-80.86,-83.25],[-80.42,-82.75],[-82.25,-81.92],[-83.75,-81.7],[-86.5,-81.79],[-88.16,-82.0],[-88.34,-82.25],[-88.12,-82.75],[-89.32,-83.25],[-87.25,-83.56],[-84.73,-84.75],[-89.75,-85.24],[-89.31,-85.5],[-90.35,-85.75],[-88.25,-86.22],[-75.75,-86.34],[-74.25,-86.5],[-73.97,-87.0],[-72.61,-87.25],[-53.0,-88.51],[-30.0,-89.24],[-6.09,-89.5]]}},{"type":"Feature","properties":{"level":1012},"geometry":{"type":"LineString","coordinates":[[-99.13,-87.0],[-93.75,-86.87],[-90.37,-86.5],[-90.24,-86.25],[-95.25,-85.93],[-99.68,-85.25],[-100.75,-85.38],[-104.39,-86.5],[-99.13,-87.0]]}},{"type":"Feature","properties":{"level":1012},"geometry":{"type":"LineString","coordinates":[[120.2,-85.0],[121.77,-85.0],[120.2,-85.0]]}},{"type":"Feature","properties":{"level":1012},"geometry":{"type":"LineString","coordinates":[[-83.07,-78.75],[-82.21,-78.5],[-85.0,-77.93],[-84.25,-78.66],[-83.5,-78.4],[-83.07,-78.75]]}},{"type":"Feature","properties":{"level":1012},"geometry":{"type":"LineString","coordinates":[[-180.0,-54.27],[-174.0,-54.81],[-170.0,-54.41],[-164.54,-53.0],[-159.25,-50.89],[-151.98,-48.5],[-149.0,-47.35],[-147.5,-46.5],[-146.25,-45.43],[-144.78,-43.25],[-142.48,-38.5],[-141.96,-38.0],[-141.75,-37.05],[-140.25,-36.59],[-135.75,-36.47],[-132.75,-36.92],[-126.5,-38.65],[-112.0,-43.68],[-107.0,-44.4],[-104.25,-44.33],[-101.0,-45.0],[-85.0,-52.66],[-79.5,-56.59],[-78.5,-56.8],[-76.75,-56.4],[-76.14,-56.5],[-76.07,-57.0],[-77.45,-58.25],[-77.77,-59.75],[-78.13,-65.0],[-77.9,-66.5],[-77.34,-67.75],[-75.53,-69.75],[-74.52,-70.25],[-74.42,-70.75],[-73.8,-71.0],[-73.75,-71.38],[-71.27,-71.75],[-71.44,-72.0],[-70.33,-72.25],[-70.5,-72.85],[-71.84,-73.5],[-71.57,-74.0],[-71.91,-74.25],[-69.25,-74.31],[-67.5,-74.13],[-66.75,-73.7],[-64.59,-73.75],[-64.15,-73.25],[-64.29,-73.0],[-63.48,-72.5],[-63.64,-71.75],[-63.27,-71.25],[-64.3,-70.25],[-64.22,-70.0],[-64.5,-69.75],[-64.4,-69.25],[-65.77,-68.5],[-65.9,-68.0],[-65.55,-67.0],[-62.93,-65.75],[-61.9,-65.0],[-58.25,-63.9],[-56.75,-64.07],[-55.0,-65.66],[-52.75,-66.34],[-48.25,-66.25],[-46.25,-65.73],[-44.5,-64.88],[-43.83,-64.25],[-43.36,-63.25],[-43.19,-62.75],[-43.45,-62.25],[-43.64,-59.75],[-42.87,-58.0],[-43.5,-57.27],[-44.25,-57.12],[-58.0,-56.87],[-61.75,-56.56],[-64.24,-56.0],[-67.25,-54.71],[-68.5,-54.68],[-69.0,-55.2],[-69.75,-55.34],[-71.0,-55.07],[-71.0,-54.45],[-71.25,-54.56],[-71.17,-54.25],[-72.52,-53.5],[-72.89,-52.5],[-71.5,-51.34],[-70.47,-51.0],[-70.75,-50.73],[-70.25,-50.82],[-69.25,-50.04],[-69.0,-51.29],[-68.0,-50.83],[-67.56,-50.0],[-68.09,-49.75],[-67.75,-49.19],[-67.5,-49.32],[-67.24,-49.0],[-67.75,-48.75],[-67.23,-47.5],[-67.75,-47.31],[-68.75,-47.7],[-69.25,-47.31],[-71.41,-47.75],[-70.81,-48.0],[-71.5,-48.48],[-72.03,-48.0],[-71.84,-47.75],[-72.06,-47.5],[-71.67,-47.0],[-72.06,-46.75],[-71.78,-46.0],[-71.25,-46.03],[-71.27,-45.75],[-70.95,-45.5],[-71.15,-45.0],[-70.93,-44.5],[-70.0,-44.02],[-69.94,-43.75],[-68.1,-43.0],[-68.81,-42.5],[-68.53,-42.25],[-69.5,-41.8],[-69.58,-41.5],[-69.0,-41.68],[-67.85,-41.25],[-67.47,-40.75],[-67.75,-40.21],[-62.0,-39.62],[-61.82,-40.25],[-62.11,-40.5],[-62.0,-41.01],[-64.52,-41.0],[-64.25,-41.38],[-63.25,-41.72],[-58.0,-41.02],[-56.5,-41.24],[-50.0,-41.12],[-40.5,-38.3],[-38.81,-37.5],[-38.29,-37.0],[-37.25,-36.91],[-37.0,-36.49],[-36.25,-36.19],[-34.89,-35.0],[-35.14,-34.25],[-35.0,-34.14],[-34.75,-34.45],[-34.5,-34.15],[-33.83,-35.0],[-33.0,-35.24],[-31.75,-36.51],[-31.0,-36.87],[-30.37,-38.25],[-29.53,-39.0],[-28.38,-40.75],[-28.13,-42.0],[-28.64,-44.0],[-29.68,-45.75],[-34.98,-51.0],[-35.0,-51.4],[-34.75,-51.64],[-33.0,-52.22],[-30.25,-51.8],[-18.5,-48.15],[-8.25,-45.45],[7.82,-42.0],[10.13,-41.0],[11.5,-39.56],[11.48,-39.0],[12.17,-37.5],[13.0,-36.46],[13.8,-36.0],[14.01,-34.75],[14.75,-34.24],[15.19,-34.25],[15.5,-33.27],[16.8,-33.0],[16.87,-32.25],[18.5,-32.13],[19.04,-31.5],[18.89,-30.75],[17.88,-30.0],[17.7,-29.25],[17.11,-28.5],[16.72,-26.0],[15.46,-25.0],[15.75,-24.63],[16.5,-25.39],[16.59,-25.0],[16.29,-24.5],[16.56,-23.5],[16.5,-23.18],[15.66,-22.5],[15.84,-22.0],[15.4,-21.5],[15.62,-21.0],[14.53,-21.0],[15.0,-20.71],[15.25,-20.21],[14.25,-20.3],[14.18,-19.75],[13.76,-19.25],[14.03,-19.0],[14.01,-18.5],[12.93,-18.25],[13.0,-17.45],[12.75,-17.41],[12.5,-17.76],[12.3,-17.5],[12.29,-17.25],[14.11,-15.5],[13.75,-15.04],[13.94,-14.75],[13.75,-14.5],[13.11,-14.5],[13.5,-14.48],[13.55,-13.75],[13.75,-13.62],[14.25,-14.29],[14.59,-13.75],[14.5,-13.51],[14.17,-13.5],[14.25,-13.17],[14.75,-12.87],[14.52,-13.5],[14.75,-13.55],[15.25,-12.82],[16.0,-12.88],[17.0,-12.2],[17.22,-11.5],[17.53,-11.25],[16.99,-10.25],[17.15,-10.0],[17.0,-9.03],[16.59,-8.75],[16.19,-7.5],[16.55,-6.5],[15.89,-6.0],[15.97,-5.25],[15.0,-5.4],[14.34,-6.5],[14.63,-6.75],[14.54,-7.75],[14.25,-7.92],[13.75,-7.61],[13.52,-6.75],[13.0,-6.73],[12.5,-6.12],[12.08,-6.0],[11.95,-5.75],[12.25,-5.75],[12.19,-5.5],[11.25,-4.29],[11.06,-4.75],[10.75,-4.65],[10.82,-4.25],[10.31,-3.75],[10.75,-3.49],[11.5,-3.7],[11.69,-3.5],[11.43,-2.5],[10.53,-2.0],[10.69,-1.75],[10.25,-0.96],[9.65,-1.0],[9.86,-0.75],[9.75,-0.51],[9.09,-0.5],[9.75,-0.05],[10.25,-0.65],[10.44,-0.5],[10.4,0.0],[11.25,0.13],[11.69,-0.25],[11.5,-0.6],[11.25,-0.36],[10.88,-0.5],[11.0,-0.94],[11.25,-0.81],[11.45,-1.0],[11.0,-1.07],[10.96,-1.5],[12.5,-1.8],[12.7,-1.75],[12.25,-1.0],[11.65,-1.0],[11.73,-0.75],[12.25,-0.44],[12.75,-0.93],[12.62,-0.5],[13.0,-0.22],[13.25,-0.44],[14.51,0.5],[14.32,2.0],[13.77,2.75],[12.01,4.25],[11.01,4.25],[11.0,6.25],[11.75,6.36],[12.72,7.25],[11.75,7.53],[11.5,7.13],[11.25,7.12],[11.0,7.36],[10.88,6.75],[10.0,6.25],[9.48,6.25],[9.79,5.5],[9.5,5.13],[8.75,5.3],[9.0,4.58],[10.0,4.59],[10.23,4.0],[10.62,3.75],[9.75,2.32],[9.25,2.07],[9.0,1.07],[8.75,0.88],[8.39,1.0],[8.5,0.4],[7.66,0.5],[7.95,0.75],[7.91,1.0],[6.5,2.03],[6.3,2.5],[6.42,3.25],[6.08,3.75],[6.24,4.25],[5.25,5.33],[5.0,5.34],[4.54,4.5],[4.9,4.25],[4.5,3.63],[3.0,4.09],[2.5,4.57],[2.21,4.5],[2.5,3.81],[3.0,3.85],[3.14,3.5],[3.0,3.25],[2.5,3.68],[2.25,3.25],[2.25,2.48],[1.75,2.85],[1.25,2.62],[1.25,1.2],[0.61,1.75],[-0.5,3.56],[-1.5,3.6],[-1.75,3.08],[-2.17,4.25],[-2.5,4.38],[-3.25,3.72],[-3.75,3.84],[-4.0,3.45],[-5.0,3.45],[-6.25,2.95],[-7.5,3.76],[-8.25,3.46],[-10.25,3.74],[-11.19,4.5],[-10.66,5.0],[-11.25,5.31],[-12.11,4.0],[-11.96,3.75],[-12.25,3.29],[-12.75,3.72],[-13.25,3.35],[-14.0,3.46],[-13.8,5.0],[-13.26,5.5],[-13.33,6.25],[-12.69,7.0],[-13.34,7.75],[-12.75,10.38],[-12.25,10.06],[-11.66,10.25],[-11.53,10.0],[-11.81,9.5],[-11.88,8.5],[-11.03,7.75],[-10.77,6.25],[-10.5,6.43],[-9.77,6.0],[-9.63,5.5],[-9.82,5.25],[-9.3,5.0],[-8.0,4.95],[-7.74,5.25],[-8.5,6.3],[-9.11,5.5],[-9.25,5.75],[-9.0,6.5],[-9.47,6.75],[-9.48,7.0],[-8.75,7.23],[-8.5,6.88],[-8.0,6.94],[-7.29,7.75],[-7.25,9.47],[-6.38,9.25],[-6.07,9.5],[-6.17,10.0],[-4.14,11.0],[-4.25,11.29],[-4.5,11.08],[-5.0,11.39],[-6.19,11.5],[-6.25,12.19],[-7.0,12.11],[-7.5,12.4],[-8.5,13.73],[-9.05,15.0],[-9.98,15.75],[-10.03,16.5],[-9.5,18.59],[-9.0,18.61],[-8.0,19.54],[-7.5,19.4],[-6.75,19.68],[-6.25,20.4],[-6.0,20.26],[-4.75,20.88],[-3.5,21.11],[-2.5,20.72],[-2.04,21.0],[-2.17,21.75],[-2.5,22.12],[-3.25,21.61],[-3.75,21.91],[-5.5,21.74],[-6.68,23.0],[-6.03,23.5],[-6.75,24.33],[-6.1,24.25],[-5.79,23.75],[-5.5,23.68],[-4.0,23.89],[-3.25,23.77],[-2.25,24.2],[0.0,24.11],[1.51,24.5],[1.66,25.0],[1.25,25.07],[1.12,25.5],[1.25,26.2],[2.5,26.11],[3.12,25.75],[3.15,25.25],[2.5,24.64],[1.94,24.5],[2.62,23.75],[2.48,23.25],[1.5,21.94],[1.0,21.96],[-0.31,21.25],[0.25,20.67],[1.0,21.37],[1.38,21.25],[1.14,20.25],[1.43,19.5],[2.19,19.0],[3.75,19.53],[5.5,19.57],[6.25,19.84],[7.25,19.69],[8.34,19.0],[8.5,17.63],[9.25,17.41],[11.46,19.5],[12.5,19.67],[13.0,19.49],[14.75,20.83],[16.0,20.5],[15.13,19.5],[16.75,19.53],[16.99,18.75],[17.5,18.41],[19.75,18.16],[22.0,18.65],[23.4,18.25],[23.47,18.0],[22.19,17.5],[22.1,17.25],[22.75,16.53],[23.7,17.25],[24.23,18.0],[25.0,18.43],[27.46,18.25],[28.5,19.7],[31.71,22.0],[31.75,22.59],[33.0,23.69],[33.25,23.24],[34.75,22.31],[35.06,21.75],[34.87,21.0],[35.0,20.67],[35.55,21.0],[35.5,21.29],[36.5,20.91],[36.08,19.75],[36.13,19.0],[37.06,18.0],[37.33,18.75],[36.93,19.75],[36.91,20.75],[36.54,21.5],[36.6,22.0],[35.38,23.25],[36.02,25.5],[35.22,26.25],[35.39,27.0],[34.75,28.0],[35.0,28.32],[35.75,27.31],[37.28,26.0],[37.61,24.75],[38.25,24.48],[38.5,24.87],[39.5,23.11],[39.53,21.5],[39.82,20.75],[41.21,19.5],[41.59,18.25],[43.0,17.03],[43.6,13.0],[43.98,12.5],[43.5,11.66],[43.18,11.75],[43.45,12.25],[42.75,12.44],[42.35,11.75],[42.52,11.5],[42.27,11.0],[41.79,10.75],[42.15,10.0],[40.75,9.57],[40.0,8.9],[40.25,10.75],[40.0,12.25],[40.06,14.25],[39.87,15.0],[39.14,15.75],[38.62,17.25],[38.0,17.86],[37.9,17.25],[38.12,17.0],[37.94,16.25],[38.52,15.5],[38.1,14.25],[38.31,13.75],[37.75,13.38],[37.25,13.65],[37.52,13.0],[36.95,12.75],[36.5,11.6],[36.16,11.5],[36.25,10.93],[35.56,10.75],[36.25,9.49],[34.75,10.27],[34.37,9.5],[34.66,8.5],[34.93,8.25],[34.92,6.75],[35.36,6.5],[35.47,6.0],[36.0,6.56],[36.5,6.58],[36.42,6.0],[36.75,5.03],[37.0,5.68],[36.97,4.25],[37.5,3.9],[37.58,3.25],[37.93,3.0],[37.65,2.25],[37.95,1.75],[37.5,1.81],[37.0,2.44],[36.0,0.06],[35.5,1.49],[34.5,1.46],[34.28,1.25],[35.18,-0.25],[34.61,-1.0],[35.25,-1.49],[35.1,-1.75],[35.38,-3.0],[34.88,-3.25],[35.0,-3.51],[35.44,-3.5],[34.88,-4.25],[34.5,-5.94],[33.88,-6.0],[33.84,-6.75],[34.52,-7.0],[34.25,-7.34],[33.75,-7.31],[33.17,-7.75],[33.33,-8.75],[32.69,-9.25],[32.75,-9.55],[33.25,-9.84],[33.45,-11.0],[32.99,-12.0],[32.62,-14.0],[33.75,-15.39],[34.5,-15.78],[34.86,-15.5],[34.86,-16.0],[35.56,-16.75],[34.75,-16.91],[32.25,-16.38],[31.0,-16.46],[30.71,-16.5],[30.5,-17.3],[29.75,-17.71],[27.25,-17.85],[27.12,-17.75],[27.47,-17.0],[27.25,-16.66],[26.4,-17.0],[26.5,-17.59],[26.25,-17.32],[25.66,-17.75],[25.88,-18.75],[25.5,-19.14],[25.0,-19.16],[24.5,-19.5],[25.0,-20.25],[23.95,-21.5],[23.29,-21.75],[21.59,-24.5],[21.84,-24.75],[21.31,-26.25],[21.64,-26.75],[22.23,-27.0],[22.06,-27.5],[22.75,-29.1],[23.68,-29.25],[23.47,-29.75],[23.87,-30.25],[23.65,-31.0],[24.0,-32.06],[24.5,-31.9],[25.25,-32.33],[24.99,-31.5],[25.25,-31.36],[25.75,-31.42],[26.25,-31.98],[27.25,-31.8],[27.5,-32.04],[26.25,-32.07],[26.25,-32.31],[26.75,-32.31],[27.0,-32.63],[27.5,-32.54],[27.75,-32.13],[28.25,-32.28],[29.26,-32.0],[28.57,-34.5],[28.84,-35.5],[28.74,-36.5],[29.31,-38.5],[30.04,-40.0],[34.56,-46.5],[37.44,-49.5],[40.57,-51.75],[43.72,-53.25],[46.75,-54.36],[54.5,-55.39],[57.25,-55.53],[62.25,-55.19],[67.5,-55.14],[70.0,-54.56],[72.82,-53.25],[81.1,-45.25],[84.0,-42.73],[85.75,-41.64],[87.23,-40.0],[87.31,-38.0],[90.0,-37.71],[94.5,-38.16],[100.0,-39.42],[102.75,-40.48],[107.75,-43.33],[115.75,-47.28],[118.0,-48.07],[119.75,-48.35],[121.75,-48.14],[126.0,-46.62],[127.24,-46.0],[128.3,-45.0],[136.66,-41.25],[138.82,-40.5],[141.0,-39.49],[141.25,-39.15],[149.75,-40.46],[152.5,-41.04],[154.5,-41.84],[157.41,-44.5],[158.04,-45.5],[158.9,-46.25],[160.75,-47.21],[163.75,-47.67],[165.42,-48.25],[169.25,-51.15],[171.75,-52.66],[175.25,-53.62],[180.0,-54.27]]}},{"type":"Feature","properties":{"level":1012},"geometry":{"type":"LineString","coordinates":[[-72.75,-50.03],[-72.75,-49.63],[-72.25,-49.46],[-72.04,-49.0],[-71.39,-49.25],[-71.75,-49.88],[-72.25,-49.55],[-72.5,-49.73],[-72.0,-50.04],[-72.75,-50.03]]}},{"type":"Feature","properties":{"level":1012},"geometry":{"type":"LineString","coordinates":[[-68.4,-46.75],[-68.09,-46.75],[-67.75,-46.27],[-67.25,-46.42],[-66.21,-46.25],[-65.49,-45.0],[-65.72,-44.25],[-67.5,-44.16],[-69.0,-44.87],[-69.39,-45.25],[-69.35,-45.5],[-70.02,-45.75],[-69.5,-45.9],[-69.25,-45.67],[-68.0,-45.71],[-68.57,-46.0],[-68.35,-46.25],[-68.4,-46.75]]}},{"type":"Feature","properties":{"level":1012},"geometry":{"type":"LineString","coordinates":[[-85.0,-41.77],[-87.54,-41.0],[-90.04,-39.25],[-90.74,-38.25],[-91.29,-36.75],[-91.39,-35.75],[-91.1,-35.0],[-88.98,-33.25],[-85.75,-31.7],[-82.0,-30.36],[-81.5,-29.9],[-79.75,-30.37],[-78.25,-31.11],[-76.89,-32.75],[-75.72,-35.75],[-75.65,-37.5],[-76.25,-39.14],[-78.0,-40.75],[-79.75,-41.58],[-82.5,-41.97],[-85.0,-41.77]]}},{"type":"Feature","properties":{"level":1012},"geometry":{"type":"LineString","coordinates":[[157.25,-40.54],[156.88,-39.75],[157.5,-39.26],[157.96,-39.25],[158.18,-40.0],[157.75,-40.59],[157.25,-40.54]]}},{"type":"Feature","properties":{"level":1012},"geometry":{"type":"LineString","coordinates":[[-70.0,-39.45],[-70.55,-38.0],[-70.25,-37.3],[-69.77,-37.25],[-70.1,-36.75],[-69.8,-35.0],[-69.3,-34.25],[-69.36,-33.25],[-69.1,-33.0],[-69.5,-32.69],[-69.76,-32.0],[-69.76,-30.75],[-69.27,-28.75],[-69.0,-28.72],[-68.34,-27.75],[-68.33,-27.25],[-67.94,-26.75],[-68.13,-25.75],[-67.87,-25.5],[-68.15,-24.75],[-67.27,-24.0],[-67.23,-23.25],[-66.97,-23.0],[-67.35,-22.25],[-68.25,-21.3],[-69.0,-17.81],[-69.46,-17.5],[-69.5,-17.0],[-70.25,-16.17],[-70.77,-16.0],[-70.75,-15.25],[-71.25,-15.21],[-71.5,-15.5],[-72.5,-14.55],[-74.0,-14.46],[-74.77,-13.75],[-74.63,-13.25],[-75.75,-12.45],[-76.93,-10.25],[-77.5,-9.66],[-77.41,-9.0],[-77.75,-8.03],[-78.4,-7.5],[-78.0,-6.56],[-76.83,-9.5],[-76.5,-10.01],[-76.25,-9.85],[-76.15,-10.0],[-76.21,-10.5],[-75.82,-11.25],[-75.0,-12.09],[-74.43,-11.75],[-75.0,-11.12],[-75.32,-11.25],[-75.34,-10.5],[-75.75,-9.48],[-76.0,-9.62],[-76.3,-9.25],[-76.38,-8.75],[-77.67,-6.5],[-77.25,-6.45],[-77.33,-6.0],[-77.75,-5.56],[-78.25,-5.47],[-78.25,-6.3],[-78.75,-6.17],[-79.0,-6.47],[-79.19,-5.0],[-78.71,-4.5],[-79.0,-4.01],[-79.5,-4.58],[-80.0,-4.66],[-80.09,-5.0],[-79.75,-5.28],[-79.6,-6.25],[-78.82,-7.5],[-78.84,-8.0],[-78.34,-8.75],[-78.25,-9.55],[-79.5,-8.52],[-80.5,-8.28],[-81.25,-7.75],[-82.79,-5.75],[-84.75,-4.2],[-86.5,-3.85],[-87.5,-3.11],[-88.25,-2.88],[-88.64,-2.5],[-88.19,-1.75],[-89.25,-0.79],[-90.5,-0.71],[-91.75,-1.11],[-93.5,-0.92],[-96.5,-1.87],[-97.5,-1.63],[-99.5,-1.82],[-98.5,-1.61],[-97.53,-1.0],[-98.5,-0.5],[-101.25,-1.02],[-102.5,-0.75],[-102.88,0.0],[-103.77,0.5],[-103.5,1.27],[-102.87,1.5],[-103.1,2.0],[-104.25,3.21],[-106.0,3.68],[-106.75,3.52],[-106.75,3.97],[-106.25,4.12],[-106.0,3.92],[-106.0,4.17],[-107.55,6.25],[-108.7,7.0],[-108.64,7.75],[-109.0,7.97],[-109.5,7.64],[-110.25,8.43],[-110.5,8.09],[-111.0,8.47],[-112.0,8.5],[-113.0,8.45],[-114.0,7.79],[-114.25,8.35],[-114.75,7.81],[-115.25,8.15],[-115.75,8.04],[-116.34,8.25],[-116.23,9.0],[-118.5,8.87],[-120.0,9.07],[-120.75,8.87],[-121.75,9.5],[-121.88,9.75],[-121.32,10.0],[-122.85,11.25],[-122.07,11.75],[-124.32,14.75],[-124.16,15.75],[-124.54,19.0],[-123.17,24.0],[-120.64,28.0],[-119.23,30.75],[-119.64,32.0],[-119.55,33.0],[-119.99,34.0],[-120.34,34.25],[-120.14,34.5],[-117.39,34.0],[-117.58,33.75],[-117.04,33.5],[-116.25,31.5],[-115.25,29.84],[-114.0,29.12],[-113.83,29.25],[-114.59,30.0],[-115.9,33.25],[-113.56,32.75],[-113.5,32.47],[-114.22,32.5],[-113.75,31.72],[-112.49,30.75],[-112.5,29.89],[-112.25,29.61],[-110.75,29.15],[-110.63,28.5],[-109.75,27.38],[-109.0,26.69],[-108.3,26.75],[-108.44,26.25],[-108.26,26.0],[-106.41,24.75],[-106.49,24.25],[-105.91,23.5],[-105.06,23.0],[-104.75,22.14],[-104.49,22.5],[-104.35,21.5],[-103.94,21.25],[-103.6,20.5],[-103.96,20.5],[-103.83,20.75],[-104.0,20.86],[-104.25,20.62],[-104.75,20.86],[-105.17,20.5],[-104.25,19.35],[-103.42,19.25],[-103.25,18.32],[-102.19,18.25],[-102.4,18.75],[-102.91,19.0],[-102.75,19.48],[-101.58,18.75],[-101.67,18.0],[-101.0,17.47],[-100.0,17.2],[-99.25,17.29],[-98.0,16.85],[-97.5,16.24],[-96.5,15.83],[-95.51,16.25],[-95.6,16.5],[-95.0,17.29],[-94.25,16.56],[-94.0,16.52],[-93.75,17.0],[-93.5,16.5],[-93.73,16.25],[-93.5,15.95],[-91.75,14.63],[-90.25,14.2],[-89.89,14.5],[-90.5,14.83],[-90.69,15.25],[-90.5,15.38],[-90.0,15.08],[-89.9,15.5],[-91.0,15.69],[-92.5,17.35],[-93.25,17.39],[-93.75,17.0],[-94.0,17.51],[-95.0,17.56],[-95.14,18.0],[-95.54,18.25],[-95.4,18.5],[-95.0,18.38],[-94.75,17.96],[-94.5,18.25],[-95.75,19.19],[-96.06,19.0],[-96.0,18.22],[-96.25,18.15],[-96.64,18.5],[-96.5,19.25],[-95.61,19.5],[-95.25,20.38],[-94.61,20.75],[-94.92,21.0],[-94.77,21.75],[-94.5,22.01],[-94.0,21.9],[-93.5,22.57],[-92.0,22.76],[-91.74,22.25],[-91.0,21.76],[-88.5,21.91],[-87.25,21.7],[-86.89,21.25],[-87.47,20.5],[-87.5,19.92],[-87.0,19.74],[-86.5,19.93],[-85.0,19.5],[-84.0,19.54],[-81.5,18.37],[-80.5,18.2],[-80.0,18.67],[-78.75,18.55],[-78.0,19.22],[-75.5,18.14],[-75.0,18.33],[-74.0,18.04],[-71.79,18.0],[-70.75,17.22],[-67.75,16.6],[-66.0,16.53],[-65.0,15.99],[-63.75,16.47],[-63.0,16.32],[-62.75,16.68],[-62.0,16.66],[-61.67,16.5],[-61.75,16.2],[-61.5,16.34],[-61.53,16.0],[-61.25,15.82],[-60.5,16.17],[-60.0,15.9],[-59.0,16.02],[-58.25,15.52],[-57.75,14.72],[-56.78,14.25],[-56.03,14.25],[-55.5,13.96],[-55.25,14.34],[-54.5,14.48],[-54.25,13.94],[-53.75,14.21],[-53.44,13.5],[-52.25,13.3],[-51.75,12.77],[-50.25,12.81],[-49.75,13.05],[-49.31,12.75],[-49.0,12.93],[-47.75,12.55],[-46.25,11.61],[-45.0,11.46],[-44.25,12.3],[-42.0,12.27],[-40.5,12.1],[-40.25,11.87],[-40.0,12.03],[-37.25,11.76],[-36.75,11.99],[-35.75,11.65],[-35.55,11.75],[-35.64,12.5],[-34.45,13.0],[-33.75,14.07],[-32.83,14.0],[-33.67,13.25],[-33.25,13.13],[-31.75,14.28],[-30.75,14.27],[-29.0,14.89],[-28.5,15.32],[-27.75,15.21],[-26.5,15.62],[-25.5,15.34],[-23.25,16.22],[-22.75,16.19],[-22.73,16.5],[-21.43,17.0],[-21.0,17.71],[-20.22,18.0],[-20.23,18.5],[-18.35,19.75],[-17.37,21.5],[-15.64,21.75],[-15.54,21.0],[-14.78,20.25],[-15.03,20.0],[-14.36,19.25],[-14.53,17.5],[-13.74,15.5],[-13.75,15.2],[-14.25,15.35],[-14.78,14.75],[-14.5,14.17],[-16.0,13.74],[-16.51,13.25],[-16.75,12.49],[-17.75,12.2],[-18.25,12.79],[-20.5,12.24],[-21.5,12.6],[-22.0,12.11],[-22.19,11.25],[-23.5,10.93],[-24.75,9.81],[-28.0,9.0],[-27.7,8.75],[-27.6,8.25],[-27.78,8.0],[-27.05,7.5],[-28.5,5.61],[-29.5,5.61],[-30.75,4.89],[-31.03,4.5],[-31.0,4.09],[-30.45,4.0],[-30.92,3.5],[-30.71,2.75],[-30.09,2.25],[-31.5,0.51],[-30.73,-0.5],[-31.0,-0.71],[-31.25,-0.8],[-31.5,-0.33],[-32.5,-0.82],[-33.25,-2.02],[-34.25,-1.8],[-34.5,-1.37],[-35.5,-1.62],[-35.69,-0.75],[-35.25,-0.25],[-36.0,-0.05],[-36.6,-0.75],[-36.19,-1.25],[-36.6,-2.0],[-37.25,-2.52],[-37.75,-2.37],[-37.75,-1.68],[-38.0,-1.8],[-38.5,-1.53],[-38.75,-1.79],[-38.77,-3.5],[-37.5,-4.64],[-37.25,-4.65],[-37.0,-4.2],[-36.25,-4.69],[-35.76,-5.25],[-35.85,-5.75],[-36.63,-7.0],[-36.41,-7.5],[-37.13,-8.5],[-36.87,-8.75],[-36.98,-9.5],[-37.82,-10.25],[-38.5,-10.34],[-38.41,-11.0],[-38.88,-11.5],[-38.95,-12.0],[-40.59,-13.25],[-40.62,-14.0],[-41.18,-14.5],[-41.25,-15.01],[-41.73,-15.25],[-41.63,-15.5],[-41.88,-15.75],[-41.66,-16.5],[-42.0,-17.18],[-43.0,-17.8],[-43.2,-17.5],[-43.06,-17.0],[-43.5,-16.76],[-43.61,-17.0],[-43.29,-17.25],[-43.5,-17.44],[-44.0,-17.54],[-44.25,-17.34],[-44.75,-17.88],[-45.0,-17.82],[-45.25,-17.16],[-45.51,-17.25],[-45.56,-16.75],[-46.67,-15.75],[-46.82,-15.5],[-46.55,-15.25],[-46.75,-15.13],[-47.25,-15.11],[-47.75,-14.67],[-49.5,-15.63],[-50.0,-15.37],[-50.16,-16.25],[-50.0,-16.92],[-49.14,-18.25],[-49.16,-19.0],[-48.53,-19.5],[-47.5,-19.82],[-47.25,-20.21],[-46.5,-20.49],[-45.75,-19.73],[-45.5,-18.49],[-44.53,-19.0],[-44.33,-19.5],[-44.75,-20.24],[-45.0,-20.36],[-45.25,-20.14],[-46.02,-20.5],[-46.25,-20.96],[-46.75,-21.0],[-46.83,-22.5],[-47.23,-23.25],[-47.83,-23.25],[-47.38,-23.0],[-47.75,-22.91],[-48.13,-23.25],[-49.43,-23.5],[-50.0,-23.97],[-50.5,-23.56],[-51.28,-23.5],[-51.75,-24.82],[-52.0,-24.85],[-52.5,-25.63],[-52.79,-25.5],[-52.5,-26.02],[-52.25,-25.72],[-52.02,-26.0],[-52.32,-26.25],[-52.05,-27.25],[-52.52,-27.5],[-52.48,-28.5],[-53.25,-29.56],[-55.25,-30.19],[-56.0,-30.05],[-57.75,-30.25],[-60.5,-31.38],[-61.5,-31.23],[-62.98,-31.75],[-62.66,-32.0],[-63.0,-32.47],[-63.75,-33.16],[-64.25,-33.24],[-65.2,-34.25],[-64.75,-35.27],[-65.5,-35.15],[-65.58,-35.75],[-66.5,-36.46],[-67.25,-36.37],[-67.75,-36.0],[-68.0,-36.12],[-68.5,-37.75],[-69.0,-37.51],[-69.5,-37.58],[-69.75,-37.32],[-69.45,-38.0],[-69.95,-39.0],[-69.43,-39.25],[-70.0,-39.45]]}},{"type":"Feature","properties":{"level":1012},"geometry":{"type":"LineString","coordinates":[[-64.81,-32.25],[-64.61,-31.5],[-64.75,-31.15],[-64.81,-32.25]]}},{"type":"Feature","properties":{"level":1012},"geometry":{"type":"LineString","coordinates":[[22.43,-32.0],[22.75,-31.52],[23.06,-31.5],[22.5,-30.88],[22.13,-31.0],[22.43,-32.0]]}},{"type":"Feature","properties":{"level":1012},"geometry":{"type":"LineString","coordinates":[[75.5,-30.02],[75.24,-29.25],[75.75,-28.27],[77.5,-27.77],[78.25,-27.76],[78.54,-28.0],[78.71,-29.25],[78.54,-29.5],[76.75,-29.74],[75.75,-30.19],[75.5,-30.02]]}},{"type":"Feature","properties":{"level":1012},"geometry":{"type":"LineString","coordinates":[[80.0,-28.09],[80.0,-27.94],[80.0,-28.09]]}},{"type":"Feature","properties":{"level":1012},"geometry":{"type":"LineString","coordinates":[[-70.25,-26.51],[-70.34,-26.0],[-70.04,-25.5],[-70.29,-24.75],[-69.99,-24.5],[-70.27,-24.0],[-69.87,-21.75],[-70.17,-19.0],[-70.0,-18.64],[-69.47,-19.5],[-69.25,-20.42],[-69.21,-23.25],[-69.03,-23.75],[-69.82,-25.0],[-69.53,-25.25],[-69.5,-25.75],[-70.0,-26.62],[-70.25,-26.51]]}},{"type":"Feature","properties":{"level":1012},"geometry":{"type":"LineString","coordinates":[[116.25,-24.53],[115.5,-24.45],[114.92,-24.0],[115.0,-23.45],[115.5,-22.89],[115.88,-23.0],[116.25,-24.53]]}},{"type":"Feature","properties":{"level":1012},"geometry":{"type":"LineString","coordinates":[[-68.5,-23.9],[-68.94,-23.5],[-68.25,-22.77],[-68.09,-23.5],[-68.5,-23.9]]}},{"type":"Feature","properties":{"level":1012},"geometry":{"type":"LineString","coordinates":[[124.0,-20.79],[123.98,-20.25],[123.52,-19.75],[123.64,-19.25],[124.0,-19.29],[124.21,-19.0],[124.0,-17.43],[124.75,-17.24],[125.25,-18.04],[126.0,-17.57],[126.5,-17.83],[127.11,-17.75],[127.75,-18.76],[128.08,-18.25],[127.72,-17.5],[128.34,-17.25],[128.17,-17.0],[128.29,-16.5],[127.53,-15.5],[127.51,-15.25],[128.1,-14.75],[127.75,-14.0],[128.0,-13.97],[129.32,-15.0],[129.5,-15.69],[130.0,-15.49],[130.25,-15.7],[130.25,-16.32],[131.0,-16.31],[131.08,-17.0],[131.7,-17.5],[131.49,-17.75],[131.69,-18.25],[131.0,-18.51],[129.75,-17.43],[129.43,-17.75],[129.47,-18.5],[128.84,-18.75],[128.5,-19.36],[127.5,-19.51],[127.4,-19.25],[126.5,-18.94],[126.0,-20.24],[125.25,-20.38],[124.75,-19.95],[124.25,-19.95],[124.0,-20.79]]}},{"type":"Feature","properties":{"level":1012},"geometry":{"type":"LineString","coordinates":[[120.75,-18.54],[120.79,-18.0],[121.4,-17.5],[121.61,-16.75],[121.07,-16.0],[121.5,-15.54],[121.75,-16.1],[122.5,-16.38],[122.52,-16.75],[121.5,-17.75],[121.25,-18.44],[120.75,-18.54]]}},{"type":"Feature","properties":{"level":1012},"geometry":{"type":"LineString","coordinates":[[-42.0,-18.46],[-42.37,-18.0],[-42.08,-18.0],[-42.0,-18.46]]}},{"type":"Feature","properties":{"level":1012},"geometry":{"type":"LineString","coordinates":[[-70.75,-17.79],[-71.5,-17.02],[-73.75,-15.84],[-74.0,-15.29],[-75.25,-15.13],[-76.12,-14.25],[-76.23,-13.75],[-75.75,-13.76],[-74.5,-15.14],[-73.5,-14.94],[-73.08,-15.25],[-72.75,-15.98],[-71.5,-16.49],[-71.5,-16.91],[-70.89,-16.75],[-70.89,-17.25],[-70.46,-17.5],[-70.75,-17.79]]}},{"type":"Feature","properties":{"level":1012},"geometry":{"type":"LineString","coordinates":[[123.5,-17.4],[123.5,-17.23],[123.5,-17.4]]}},{"type":"Feature","properties":{"level":1012},"geometry":{"type":"LineString","coordinates":[[129.92,-17.25],[130.25,-17.35],[130.39,-17.0],[130.25,-16.87],[129.92,-17.25]]}},{"type":"Feature","properties":{"level":1012},"geometry":{"type":"LineString","coordinates":[[129.97,-16.5],[130.0,-16.65],[130.15,-16.5],[129.97,-16.5]]}},{"type":"Feature","properties":{"level":1012},"geometry":{"type":"LineString","coordinates":[[-69.31,-16.25],[-68.75,-16.08],[-67.95,-16.25],[-68.25,-15.7],[-68.75,-15.96],[-69.25,-15.8],[-69.31,-16.25]]}},{"type":"Feature","properties":{"level":1012},"geometry":{"type":"LineString","coordinates":[[27.42,-16.25],[27.69,-16.25],[27.93,-15.5],[27.75,-15.27],[27.21,-16.0],[27.42,-16.25]]}},{"type":"Feature","properties":{"level":1012},"geometry":{"type":"LineString","coordinates":[[-69.3,-15.25],[-68.89,-15.0],[-68.93,-14.75],[-69.52,-14.0],[-71.5,-13.13],[-71.97,-12.75],[-72.0,-12.39],[-72.18,-12.5],[-72.02,-12.75],[-72.38,-13.0],[-72.25,-13.16],[-71.34,-13.5],[-71.0,-14.1],[-70.5,-13.91],[-70.0,-14.08],[-69.3,-15.25]]}},{"type":"Feature","properties":{"level":1012},"geometry":{"type":"LineString","coordinates":[[126.5,-15.11],[126.5,-14.87],[126.66,-15.0],[126.5,-15.11]]}},{"type":"Feature","properties":{"level":1012},"geometry":{"type":"LineString","coordinates":[[125.0,-14.88],[125.0,-14.56],[125.0,-14.88]]}},{"type":"Feature","properties":{"level":1012},"geometry":{"type":"LineString","coordinates":[[126.0,-14.81],[125.27,-14.5],[124.88,-13.75],[125.5,-13.07],[125.75,-13.51],[126.58,-13.5],[126.74,-13.25],[126.24,-12.75],[126.5,-12.49],[127.25,-12.44],[126.92,-13.5],[127.39,-13.75],[127.0,-13.81],[126.75,-14.59],[126.25,-14.44],[126.0,-14.81]]}},{"type":"Feature","properties":{"level":1012},"geometry":{"type":"LineString","coordinates":[[29.14,-14.5],[29.52,-14.5],[30.29,-13.5],[31.28,-13.0],[31.94,-11.5],[31.77,-11.25],[31.43,-11.25],[30.57,-12.75],[30.0,-13.22],[29.75,-12.9],[29.5,-13.33],[29.06,-13.5],[29.22,-13.75],[29.0,-13.87],[28.75,-13.34],[28.2,-13.5],[28.09,-13.75],[28.5,-13.73],[28.64,-14.25],[29.14,-14.5]]}},{"type":"Feature","properties":{"level":1012},"geometry":{"type":"LineString","coordinates":[[-41.48,-13.75],[-41.2,-13.75],[-41.09,-13.0],[-41.5,-12.26],[-42.0,-12.24],[-42.03,-13.5],[-41.48,-13.75]]}},{"type":"Feature","properties":{"level":1012},"geometry":{"type":"LineString","coordinates":[[127.75,-13.98],[127.75,-13.75],[127.75,-13.98]]}},{"type":"Feature","properties":{"level":1012},"geometry":{"type":"LineString","coordinates":[[-40.85,-12.75],[-40.5,-12.69],[-40.25,-11.75],[-40.5,-10.63],[-40.7,-11.0],[-41.25,-11.23],[-41.53,-12.0],[-40.85,-12.75]]}},{"type":"Feature","properties":{"level":1012},"geometry":{"type":"LineString","coordinates":[[25.88,-12.5],[26.0,-12.74],[26.5,-12.39],[27.21,-12.5],[27.2,-12.25],[26.25,-11.0],[25.97,-11.0],[26.19,-10.75],[26.0,-9.85],[24.41,-10.0],[24.75,-9.49],[24.83,-8.5],[24.5,-8.27],[24.19,-8.5],[24.2,-8.25],[23.75,-7.96],[23.6,-8.5],[23.11,-9.0],[23.45,-9.5],[23.3,-10.0],[23.5,-10.32],[24.04,-10.5],[24.25,-11.45],[24.75,-11.55],[25.0,-12.07],[25.88,-12.5]]}},{"type":"Feature","properties":{"level":1012},"geometry":{"type":"LineString","coordinates":[[34.75,-12.12],[34.35,-10.75],[33.76,-10.0],[33.75,-9.49],[34.5,-10.0],[34.75,-12.12]]}},{"type":"Feature","properties":{"level":1012},"geometry":{"type":"LineString","coordinates":[[-78.0,-10.22],[-78.18,-10.0],[-78.0,-9.87],[-78.0,-10.22]]}},{"type":"Feature","properties":{"level":1012},"geometry":{"type":"LineString","coordinates":[[15.0,-9.76],[14.25,-9.63],[13.81,-9.25],[14.0,-8.93],[14.5,-9.33],[15.0,-9.27],[14.5,-8.22],[15.0,-8.2],[15.76,-9.5],[15.25,-9.89],[15.0,-9.76]]}},{"type":"Feature","properties":{"level":1012},"geometry":{"type":"LineString","coordinates":[[168.99,-8.75],[169.32,-8.75],[168.99,-8.75]]}},{"type":"Feature","properties":{"level":1012},"geometry":{"type":"LineString","coordinates":[[18.79,-8.5],[19.03,-8.5],[18.85,-7.25],[18.0,-6.7],[17.95,-7.0],[18.61,-8.0],[18.5,-8.35],[18.79,-8.5]]}},{"type":"Feature","properties":{"level":1012},"geometry":{"type":"LineString","coordinates":[[159.34,-8.25],[159.5,-8.4],[159.65,-8.25],[159.5,-8.08],[159.34,-8.25]]}},{"type":"Feature","properties":{"level":1012},"geometry":{"type":"LineString","coordinates":[[113.0,-7.5],[113.0,-7.17],[113.16,-7.25],[113.0,-7.5]]}},{"type":"Feature","properties":{"level":1012},"geometry":{"type":"LineString","coordinates":[[180.0,-7.51],[179.5,-8.3],[178.75,-7.79],[177.5,-7.93],[177.0,-8.0],[176.5,-8.41],[176.2,-8.25],[175.5,-8.71],[174.75,-8.42],[174.56,-8.75],[173.25,-8.79],[172.75,-9.16],[172.0,-8.74],[170.5,-8.9],[170.0,-9.2],[169.0,-9.18],[168.75,-8.92],[168.5,-9.15],[168.38,-8.75],[167.75,-8.53],[167.0,-8.67],[166.75,-9.01],[166.25,-8.91],[163.75,-9.68],[161.75,-9.65],[160.75,-8.36],[160.75,-9.4],[159.75,-9.26],[159.5,-9.69],[157.5,-7.79],[157.18,-7.75],[157.0,-7.5],[157.42,-7.25],[157.0,-6.82],[156.5,-6.64],[156.25,-6.85],[155.0,-5.51],[154.53,-5.5],[153.85,-4.5],[153.25,-4.37],[152.5,-3.67],[152.34,-4.0],[152.5,-4.25],[151.5,-4.16],[151.5,-4.66],[151.0,-5.21],[150.51,-5.25],[150.0,-4.63],[149.25,-4.84],[149.0,-4.58],[148.75,-4.9],[148.0,-5.01],[147.75,-5.61],[147.0,-5.75],[147.0,-5.49],[146.75,-5.5],[146.74,-4.75],[146.0,-4.36],[145.75,-4.66],[145.0,-4.37],[144.75,-4.78],[144.5,-4.79],[142.0,-4.5],[141.5,-4.07],[141.0,-4.5],[140.88,-4.0],[141.5,-3.48],[142.25,-3.82],[143.75,-3.96],[143.86,-3.75],[143.25,-3.34],[141.5,-2.98],[141.25,-2.72],[140.75,-2.82],[140.31,-2.5],[139.58,-2.75],[140.04,-3.5],[139.75,-3.66],[138.5,-3.2],[137.08,-3.25],[136.95,-3.0],[138.25,-2.61],[139.0,-2.87],[139.37,-2.5],[138.75,-2.27],[137.0,-2.37],[136.37,-3.0],[135.25,-3.58],[134.1,-2.25],[134.2,-1.25],[132.75,-0.37],[130.57,-1.0],[131.25,-1.57],[131.75,-1.5],[132.17,-1.75],[132.0,-2.08],[130.82,-2.75],[130.75,-3.11],[129.5,-2.78],[128.5,-2.78],[128.0,-3.01],[127.0,-2.78],[126.0,-2.95],[125.47,-2.5],[125.66,-2.0],[125.0,-1.6],[124.25,-1.53],[123.98,-1.0],[124.61,-0.75],[125.0,-0.23],[125.07,0.25],[124.71,0.75],[125.11,1.25],[125.0,1.49],[124.25,0.94],[122.75,0.75],[121.75,1.11],[121.5,0.89],[121.0,1.27],[120.75,0.82],[120.09,0.5],[120.25,0.29],[121.0,0.52],[123.0,0.49],[123.68,-0.5],[123.5,-0.76],[123.25,-0.54],[121.5,-0.84],[120.75,-1.34],[120.0,-0.26],[118.88,-3.0],[119.0,-3.32],[119.67,-3.75],[119.63,-5.25],[120.26,-6.0],[119.0,-6.9],[119.17,-7.5],[118.5,-7.4],[118.32,-8.0],[116.75,-8.3],[116.25,-7.92],[117.15,-7.5],[116.0,-6.77],[114.5,-6.97],[114.44,-7.25],[114.75,-7.59],[115.35,-7.5],[115.13,-8.0],[114.72,-8.0],[114.25,-7.6],[113.29,-7.5],[113.31,-7.25],[113.86,-7.0],[112.79,-6.75],[112.25,-6.21],[112.0,-6.18],[112.02,-6.5],[111.75,-6.56],[111.0,-6.38],[110.5,-6.93],[106.0,-6.01],[105.75,-6.3],[105.59,-6.0],[105.98,-5.75],[105.89,-5.0],[105.75,-4.75],[105.25,-4.66],[105.17,-3.5],[104.91,-3.25],[104.75,-2.4],[104.5,-2.16],[103.5,-2.18],[103.25,-1.93],[103.0,-2.11],[103.14,-1.25],[102.5,-0.66],[101.93,-0.75],[102.04,-1.25],[101.5,-1.18],[101.35,-0.5],[100.25,1.23],[100.38,2.0],[99.5,3.37],[98.4,4.0],[97.5,5.08],[96.37,5.25],[95.27,5.75],[94.55,7.0],[94.0,7.19],[93.5,7.75],[93.98,8.25],[93.82,8.5],[91.77,9.0],[91.74,9.75],[90.47,11.75],[90.77,14.75],[89.5,15.11],[88.0,17.28],[87.25,17.35],[85.25,16.92],[83.62,15.75],[83.0,15.68],[81.79,14.0],[80.74,13.25],[80.42,11.5],[79.88,11.5],[80.39,13.25],[80.14,14.25],[79.75,14.4],[79.64,14.75],[79.8,15.75],[80.28,16.25],[79.82,17.0],[80.25,17.36],[81.0,16.89],[82.25,17.12],[84.5,18.82],[84.73,19.75],[85.02,19.75],[85.3,20.5],[84.88,21.25],[85.0,21.4],[85.75,21.03],[86.68,21.75],[86.29,22.5],[85.88,22.75],[86.01,23.5],[85.88,24.0],[85.5,24.24],[84.0,23.87],[82.0,24.06],[81.25,23.85],[80.58,24.0],[80.5,24.22],[80.25,24.02],[79.5,24.11],[78.25,24.63],[77.5,25.37],[77.0,25.3],[76.79,24.75],[76.25,24.62],[74.5,26.21],[72.29,24.75],[72.53,23.25],[72.86,22.75],[72.5,21.84],[72.13,22.0],[71.5,23.16],[71.0,23.17],[70.25,22.74],[70.0,23.43],[68.75,23.7],[67.37,23.0],[66.49,21.75],[65.25,20.79],[62.0,19.33],[59.31,18.5],[56.75,18.17],[55.75,18.61],[54.75,18.01],[50.75,18.11],[50.0,17.59],[48.95,17.75],[48.44,19.0],[49.07,19.75],[48.05,20.5],[49.03,20.75],[48.34,21.25],[48.61,21.75],[48.25,21.88],[48.06,22.5],[48.25,22.76],[48.75,22.57],[49.0,22.71],[48.84,23.25],[49.0,23.58],[49.5,23.31],[50.14,23.5],[50.41,24.75],[48.47,27.0],[47.25,29.65],[46.25,29.81],[45.39,29.25],[44.75,28.38],[43.25,28.84],[43.27,29.25],[42.83,29.5],[42.88,30.0],[43.25,30.24],[44.25,30.25],[44.75,31.59],[47.0,32.46],[48.25,32.55],[49.0,32.28],[49.88,31.0],[50.98,30.25],[51.5,29.5],[51.51,28.75],[53.22,28.0],[54.0,27.14],[54.87,27.5],[54.68,27.75],[55.0,28.05],[55.75,28.12],[55.89,27.75],[56.75,27.75],[57.75,28.66],[58.5,28.13],[60.25,27.75],[60.95,27.25],[60.75,26.93],[59.66,26.5],[60.0,26.36],[61.0,26.24],[62.75,26.56],[65.0,26.47],[65.75,26.69],[66.5,26.42],[66.75,26.07],[66.59,27.25],[67.25,29.75],[67.5,30.12],[68.25,30.12],[68.67,30.5],[68.23,30.75],[69.0,31.09],[69.26,31.5],[69.12,32.0],[69.91,32.5],[69.82,33.25],[70.0,33.59],[71.08,33.75],[70.99,34.0],[69.8,34.5],[70.25,34.8],[70.75,34.62],[71.75,34.81],[72.65,34.5],[73.25,33.92],[76.55,32.0],[76.86,31.0],[77.25,30.59],[77.75,30.48],[79.5,29.2],[81.25,28.8],[82.5,27.86],[84.5,27.62],[86.5,26.83],[88.25,26.55],[89.15,26.75],[91.07,26.25],[90.25,25.85],[90.25,25.39],[93.07,24.75],[92.19,23.75],[92.47,22.75],[92.34,21.75],[92.75,20.99],[93.0,21.06],[94.0,19.9],[94.75,17.85],[94.92,18.25],[94.79,19.0],[94.21,20.5],[94.53,22.25],[94.12,23.25],[94.25,24.06],[95.75,26.05],[96.25,25.48],[96.5,25.79],[97.0,25.49],[97.5,25.67],[97.67,25.5],[97.25,23.96],[97.0,23.49],[96.14,23.0],[96.43,21.75],[96.31,20.0],[97.0,18.05],[97.25,17.73],[97.5,17.91],[98.25,16.85],[98.5,16.81],[98.34,16.25],[98.51,15.75],[98.13,15.0],[98.4,14.0],[99.5,11.99],[99.49,13.25],[99.02,14.0],[99.5,15.0],[99.12,17.0],[99.75,17.74],[100.25,17.62],[100.68,16.5],[101.41,15.5],[101.41,14.75],[101.21,14.5],[101.5,14.28],[102.6,14.25],[102.13,14.75],[102.25,14.95],[102.75,14.85],[104.25,16.16],[105.5,15.68],[106.56,14.75],[106.75,14.21],[107.5,14.03],[107.87,13.5],[107.87,13.0],[107.03,12.5],[107.59,11.25],[108.0,11.03],[108.75,11.32],[109.16,11.75],[109.39,12.75],[109.12,15.75],[109.25,16.56],[109.75,17.14],[114.25,19.75],[118.81,20.75],[119.51,21.5],[120.25,23.1],[120.54,22.25],[121.25,21.68],[126.0,24.75],[127.21,26.0],[128.45,28.0],[128.48,28.5],[129.8,31.25],[131.5,32.75],[131.19,34.0],[132.38,34.75],[131.4,34.75],[131.0,35.82],[129.84,36.5],[129.9,37.5],[129.25,38.66],[128.72,39.0],[128.91,39.25],[128.66,39.5],[128.72,40.25],[129.69,41.0],[129.75,42.05],[130.51,43.25],[129.75,44.44],[129.0,44.47],[129.32,44.75],[129.0,45.39],[128.5,45.04],[127.5,45.33],[127.0,44.7],[124.75,43.34],[123.25,43.49],[122.04,45.25],[121.87,48.0],[122.25,48.92],[122.64,49.25],[122.58,50.75],[122.75,51.18],[123.0,51.12],[123.0,51.41],[122.35,51.75],[122.48,52.0],[122.25,52.16],[120.75,51.71],[120.5,51.98],[120.0,51.84],[118.5,52.52],[117.73,52.5],[117.25,52.04],[116.3,52.25],[116.75,52.71],[117.5,52.58],[117.22,53.0],[117.6,53.5],[117.08,53.75],[118.1,54.0],[118.16,55.0],[117.41,55.5],[118.35,55.75],[118.15,56.0],[118.37,56.25],[120.0,56.89],[122.75,56.81],[125.04,58.5],[124.44,58.75],[123.08,61.5],[121.57,63.0],[121.04,64.0],[121.16,65.25],[120.97,65.5],[121.67,66.25],[122.33,67.5],[123.25,68.44],[124.25,69.0],[124.75,68.61],[126.0,68.77],[126.54,68.5],[126.17,68.25],[126.48,67.25],[126.08,66.75],[125.93,66.0],[127.36,64.75],[128.25,64.61],[130.93,65.0],[130.83,65.5],[130.36,66.0],[128.07,66.5],[128.3,67.25],[127.84,67.75],[128.32,68.0],[128.46,68.5],[128.26,69.0],[128.94,69.75],[128.63,70.0],[129.22,70.25],[127.94,70.5],[127.65,71.0],[127.75,71.32],[125.0,72.14],[121.18,72.0],[118.5,73.93],[116.75,74.64],[112.0,74.72],[111.7,75.0],[112.06,75.25],[111.83,75.75],[110.0,76.08],[104.75,75.9],[103.0,75.54],[100.5,74.6],[92.14,74.0],[88.5,72.66],[80.32,71.25],[75.0,69.88],[74.23,69.25],[74.25,68.76],[76.25,67.97],[88.75,65.24],[89.81,64.25],[92.2,63.0],[93.59,61.5],[92.55,60.5],[90.3,60.5],[87.75,60.0],[85.57,59.25],[83.96,57.75],[80.5,55.82],[77.77,53.75],[73.25,51.47],[68.5,50.64],[64.0,50.39],[60.57,51.25],[60.0,52.05],[58.5,52.77],[57.96,54.5],[55.25,56.99],[55.0,58.0],[53.39,60.75],[52.75,61.13],[47.25,60.91],[45.5,60.5],[37.75,57.71],[35.25,57.71],[30.0,56.87],[24.75,56.97],[20.0,56.69],[16.25,56.75],[12.25,57.36],[10.5,57.25],[7.5,57.59],[5.97,58.0],[4.84,58.75],[4.0,58.87],[-8.25,58.89],[-21.5,58.1],[-41.5,59.05],[-44.34,60.0],[-43.79,61.5],[-44.05,62.0],[-44.0,62.75],[-42.94,63.75],[-42.71,65.75],[-40.25,67.14],[-36.25,67.59],[-34.91,68.5],[-35.26,68.75],[-35.12,69.0],[-35.33,69.5],[-33.89,70.0],[-33.78,70.25],[-36.5,70.43],[-37.41,70.75],[-37.25,72.3],[-36.0,73.28],[-33.0,73.44],[-30.83,74.0],[-30.61,74.5],[-31.61,75.0],[-31.47,75.25],[-31.75,75.59],[-32.75,75.79],[-34.22,75.25],[-35.5,75.12],[-37.5,75.81],[-38.25,75.28],[-39.25,75.11],[-40.02,75.75],[-39.75,76.07],[-39.87,76.5],[-40.25,76.78],[-40.6,76.75],[-40.75,76.18],[-41.25,76.07],[-44.5,76.49],[-47.5,76.49],[-49.5,74.8],[-49.54,74.5],[-48.5,74.35],[-47.31,73.5],[-48.28,72.5],[-48.46,70.0],[-47.44,69.0],[-47.33,68.5],[-46.59,67.75],[-46.66,67.5],[-49.0,67.15],[-49.75,67.29],[-49.66,66.75],[-51.25,66.33],[-53.0,66.19],[-53.5,66.59],[-54.75,66.57],[-53.56,66.25],[-53.86,66.0],[-53.8,65.75],[-52.58,64.5],[-52.48,63.5],[-53.75,63.24],[-58.25,63.16],[-59.75,63.31],[-60.93,63.75],[-60.59,64.25],[-61.11,65.25],[-60.58,65.75],[-57.46,66.75],[-57.26,67.0],[-57.64,67.25],[-60.43,67.5],[-61.25,66.66],[-62.0,66.37],[-64.0,66.81],[-64.25,67.15],[-64.75,66.85],[-65.56,67.5],[-65.5,67.81],[-69.0,68.54],[-69.28,68.75],[-68.81,69.0],[-69.03,69.5],[-69.75,70.07],[-71.87,70.75],[-72.0,71.0],[-73.7,71.0],[-73.58,71.25],[-74.09,71.5],[-77.5,72.07],[-78.48,72.0],[-77.5,71.62],[-77.64,71.25],[-75.75,70.78],[-75.99,70.5],[-75.75,70.39],[-75.25,70.22],[-74.75,70.45],[-73.5,70.3],[-72.84,70.0],[-73.75,69.92],[-74.25,70.12],[-74.41,70.0],[-74.0,69.4],[-69.69,68.5],[-71.5,67.43],[-79.5,66.85],[-81.43,68.0],[-85.0,68.67],[-87.6,69.5],[-88.03,70.5],[-87.84,71.75],[-89.25,72.62],[-89.61,73.25],[-90.75,74.02],[-90.09,74.5],[-88.75,74.83],[-86.25,74.73],[-82.49,75.75],[-86.25,75.57],[-88.75,75.83],[-89.25,76.12],[-89.25,76.37],[-86.75,76.96],[-85.26,77.0],[-85.29,77.25],[-87.0,77.59],[-88.75,77.22],[-90.25,77.55],[-91.75,77.36],[-97.5,79.1],[-98.61,79.75],[-98.25,80.28],[-96.75,80.66],[-95.25,80.5],[-94.76,80.75],[-94.82,80.5],[-94.0,80.49],[-92.75,80.83],[-92.65,81.0],[-93.0,81.14],[-94.69,81.25],[-94.83,81.5],[-94.25,81.81],[-75.58,85.25],[-67.52,86.5],[-65.67,87.25],[-67.25,87.65],[-72.0,88.22],[-78.12,88.5],[-112.0,88.94],[-154.25,88.73],[-180.0,87.87]]}},{"type":"Feature","properties":{"level":1012},"geometry":{"type":"LineString","coordinates":[[35.25,-6.47],[34.92,-6.0],[35.25,-5.41],[35.5,-5.53],[35.56,-6.0],[35.25,-6.47]]}},{"type":"Feature","properties":{"level":1012},"geometry":{"type":"LineString","coordinates":[[137.0,-6.13],[134.0,-5.05],[132.73,-5.25],[132.61,-4.75],[133.13,-4.5],[133.08,-4.25],[133.47,-4.0],[133.24,-3.0],[133.5,-2.66],[133.79,-3.0],[133.54,-3.5],[135.0,-4.46],[136.32,-4.75],[136.53,-5.25],[137.22,-5.75],[137.0,-6.13]]}},{"type":"Feature","properties":{"level":1012},"geometry":{"type":"LineString","coordinates":[[121.75,-5.42],[121.55,-5.25],[121.75,-5.12],[121.75,-5.42]]}},{"type":"Feature","properties":{"level":1012},"geometry":{"type":"LineString","coordinates":[[13.07,-5.0],[13.25,-5.23],[13.55,-5.0],[13.25,-4.85],[13.07,-5.0]]}},{"type":"Feature","properties":{"level":1012},"geometry":{"type":"LineString","coordinates":[[121.0,-4.32],[121.0,-3.96],[121.47,-4.25],[121.0,-4.32]]}},{"type":"Feature","properties":{"level":1012},"geometry":{"type":"LineString","coordinates":[[132.75,-4.32],[132.08,-4.0],[132.5,-3.3],[132.75,-4.32]]}},{"type":"Feature","properties":{"level":1012},"geometry":{"type":"LineString","coordinates":[[-178.02,-4.0],[-177.37,-3.75],[-177.75,-3.43],[-178.02,-4.0]]}},{"type":"Feature","properties":{"level":1012},"geometry":{"type":"LineString","coordinates":[[10.0,-4.04],[9.56,-3.5],[9.72,-3.25],[10.17,-3.75],[10.0,-4.04]]}},{"type":"Feature","properties":{"level":1012},"geometry":{"type":"LineString","coordinates":[[28.74,-4.0],[29.09,-3.5],[28.75,-2.75],[28.42,-3.25],[28.74,-4.0]]}},{"type":"Feature","properties":{"level":1012},"geometry":{"type":"LineString","coordinates":[[-79.57,-3.75],[-79.03,-3.75],[-79.33,-3.25],[-78.75,-3.29],[-78.48,-3.0],[-78.01,-1.0],[-77.53,-0.5],[-77.58,0.25],[-76.5,1.49],[-76.03,1.5],[-76.0,2.5],[-75.62,3.0],[-75.72,3.5],[-75.09,4.75],[-75.25,5.64],[-75.59,4.5],[-76.11,4.0],[-76.2,3.25],[-77.13,1.5],[-77.5,1.34],[-77.75,1.51],[-78.24,1.0],[-77.89,0.5],[-78.0,0.34],[-78.25,0.36],[-78.44,0.75],[-78.82,0.5],[-78.24,0.0],[-78.5,-0.3],[-78.75,-0.07],[-79.09,-0.5],[-79.07,-2.25],[-79.59,-2.75],[-79.76,-3.5],[-79.57,-3.75]]}},{"type":"Feature","properties":{"level":1012},"geometry":{"type":"LineString","coordinates":[[115.24,-3.5],[115.5,-3.62],[115.99,-3.0],[115.75,-2.38],[115.24,-3.5]]}},{"type":"Feature","properties":{"level":1012},"geometry":{"type":"LineString","coordinates":[[151.78,-3.5],[152.0,-3.71],[152.2,-3.25],[152.0,-3.09],[151.78,-3.5]]}},{"type":"Feature","properties":{"level":1012},"geometry":{"type":"LineString","coordinates":[[12.87,-3.25],[13.16,-3.25],[12.87,-3.25]]}},{"type":"Feature","properties":{"level":1012},"geometry":{"type":"LineString","coordinates":[[140.25,-3.38],[140.07,-3.25],[140.37,-3.25],[140.25,-3.38]]}},{"type":"Feature","properties":{"level":1012},"geometry":{"type":"LineString","coordinates":[[151.38,-3.0],[151.5,-3.17],[151.38,-3.0]]}},{"type":"Feature","properties":{"level":1012},"geometry":{"type":"LineString","coordinates":[[12.91,-2.75],[13.25,-2.96],[13.59,-2.75],[13.0,-2.24],[12.75,-2.46],[11.63,-2.25],[12.25,-2.26],[12.5,-2.72],[12.75,-2.54],[12.91,-2.75]]}},{"type":"Feature","properties":{"level":1012},"geometry":{"type":"LineString","coordinates":[[103.75,-2.8],[103.58,-2.75],[103.75,-2.8]]}},{"type":"Feature","properties":{"level":1012},"geometry":{"type":"LineString","coordinates":[[132.75,-2.77],[132.0,-2.5],[132.75,-2.47],[132.75,-2.77]]}},{"type":"Feature","properties":{"level":1012},"geometry":{"type":"LineString","coordinates":[[28.38,-2.5],[28.75,-2.74],[29.0,-1.82],[29.25,-1.67],[29.5,-2.19],[30.13,-1.5],[30.0,-0.82],[29.5,-1.26],[29.06,-1.0],[29.43,0.0],[29.25,0.36],[28.59,-0.75],[28.6,-2.0],[28.38,-2.5]]}},{"type":"Feature","properties":{"level":1012},"geometry":{"type":"LineString","coordinates":[[35.75,-2.7],[35.61,-2.5],[36.24,-1.5],[36.5,-1.61],[36.25,-2.57],[35.75,-2.7]]}},{"type":"Feature","properties":{"level":1012},"geometry":{"type":"LineString","coordinates":[[126.7,-2.5],[127.91,-2.25],[127.78,-2.0],[128.07,-1.5],[127.75,-1.29],[127.25,-1.74],[126.0,-1.53],[125.88,-2.0],[126.0,-2.14],[126.25,-1.95],[126.7,-2.5]]}},{"type":"Feature","properties":{"level":1012},"geometry":{"type":"LineString","coordinates":[[110.98,-2.25],[112.0,-2.25],[112.25,-2.02],[112.47,-1.5],[112.25,-1.19],[112.0,-1.3],[111.75,-1.1],[113.25,-0.85],[114.25,-0.26],[114.5,-0.35],[115.18,0.5],[116.0,0.59],[116.37,1.0],[116.72,1.75],[116.31,3.5],[116.5,4.0],[117.2,4.5],[117.14,5.0],[116.72,5.25],[116.94,6.25],[116.5,6.34],[114.57,3.75],[114.0,3.48],[113.25,2.59],[112.75,2.53],[112.52,2.25],[112.67,2.0],[111.91,1.5],[113.0,1.07],[113.18,0.75],[112.17,0.25],[112.25,-0.14],[112.78,-0.25],[112.25,-0.34],[111.5,-0.95],[111.25,-0.33],[110.64,-0.5],[110.66,-2.0],[110.98,-2.25]]}},{"type":"Feature","properties":{"level":1012},"geometry":{"type":"LineString","coordinates":[[133.75,-2.35],[133.56,-2.25],[133.75,-2.35]]}},{"type":"Feature","properties":{"level":1012},"geometry":{"type":"LineString","coordinates":[[129.98,-2.0],[130.25,-2.08],[130.34,-1.75],[129.98,-2.0]]}},{"type":"Feature","properties":{"level":1012},"geometry":{"type":"LineString","coordinates":[[-32.0,-1.78],[-32.0,-1.5],[-31.5,-1.01],[-31.5,-1.75],[-32.0,-1.78]]}},{"type":"Feature","properties":{"level":1012},"geometry":{"type":"LineString","coordinates":[[136.08,-1.75],[136.36,-1.75],[136.08,-1.75]]}},{"type":"Feature","properties":{"level":1012},"geometry":{"type":"LineString","coordinates":[[-180.0,-1.58],[-178.25,-1.48],[-178.08,-2.25],[-178.25,-2.63],[-177.25,-2.39],[-176.5,-2.66],[-177.2,-3.75],[-176.75,-4.63],[-176.44,-4.75],[-176.75,-5.31],[-177.25,-5.21],[-178.0,-5.77],[-178.81,-5.75],[-179.32,-6.5],[-179.23,-7.0],[-179.99,-7.0],[-180.0,-7.51]]}},{"type":"Feature","properties":{"level":1012},"geometry":{"type":"LineString","coordinates":[[-150.75,-0.86],[-151.25,-0.44],[-151.5,-0.68],[-151.83,-0.5],[-151.25,0.7],[-151.0,0.41],[-150.5,0.49],[-150.25,0.16],[-150.41,-0.75],[-150.75,-0.86]]}},{"type":"Feature","properties":{"level":1012},"geometry":{"type":"LineString","coordinates":[[125.68,-0.75],[125.75,-0.54],[125.68,-0.75]]}},{"type":"Feature","properties":{"level":1012},"geometry":{"type":"LineString","coordinates":[[127.29,-0.75],[127.5,-0.93],[127.88,-0.75],[127.5,-0.36],[127.22,-0.5],[127.29,-0.75]]}},{"type":"Feature","properties":{"level":1012},"geometry":{"type":"LineString","coordinates":[[-32.56,-0.5],[-32.18,-0.25],[-32.5,0.16],[-32.77,0.0],[-32.56,-0.5]]}},{"type":"Feature","properties":{"level":1012},"geometry":{"type":"LineString","coordinates":[[127.66,-0.25],[127.84,-0.25],[127.84,0.25],[128.53,0.5],[128.33,0.75],[128.66,1.25],[128.5,1.47],[128.0,1.14],[127.75,1.7],[127.39,1.25],[127.66,-0.25]]}},{"type":"Feature","properties":{"level":1012},"geometry":{"type":"LineString","coordinates":[[130.83,-0.25],[131.0,-0.43],[131.21,-0.25],[130.83,-0.25]]}},{"type":"Feature","properties":{"level":1012},"geometry":{"type":"LineString","coordinates":[[7.0,-0.01],[6.46,0.75],[7.29,0.25],[7.0,-0.01]]}},{"type":"Feature","properties":{"level":1012},"geometry":{"type":"LineString","coordinates":[[10.0,0.06],[9.8,0.25],[10.0,0.67],[10.36,0.25],[10.0,0.06]]}},{"type":"Feature","properties":{"level":1012},"geometry":{"type":"LineString","coordinates":[[5.5,0.62],[4.98,1.25],[5.5,1.55],[5.5,0.62]]}},{"type":"Feature","properties":{"level":1012},"geometry":{"type":"LineString","coordinates":[[127.15,0.75],[127.25,0.6],[127.35,0.75],[127.15,0.75]]}},{"type":"Feature","properties":{"level":1012},"geometry":{"type":"LineString","coordinates":[[-161.25,0.99],[-161.98,1.75],[-161.25,1.91],[-161.25,2.64],[-160.44,2.5],[-160.54,2.0],[-160.25,1.75],[-159.75,2.02],[-159.37,1.75],[-160.0,1.17],[-160.5,1.64],[-160.75,1.54],[-161.0,1.76],[-161.25,0.99]]}},{"type":"Feature","properties":{"level":1012},"geometry":{"type":"LineString","coordinates":[[-144.25,0.75],[-144.25,1.04],[-144.25,0.75]]}},{"type":"Feature","properties":{"level":1012},"geometry":{"type":"LineString","coordinates":[[-103.38,1.0],[-102.97,1.0],[-103.38,1.0]]}},{"type":"Feature","properties":{"level":1012},"geometry":{"type":"LineString","coordinates":[[127.75,0.89],[127.58,1.0],[127.75,1.13],[127.75,0.89]]}},{"type":"Feature","properties":{"level":1012},"geometry":{"type":"LineString","coordinates":[[38.5,1.2],[38.04,1.75],[38.5,2.05],[38.85,1.25],[38.5,1.2]]}},{"type":"Feature","properties":{"level":1012},"geometry":{"type":"LineString","coordinates":[[-11.75,2.47],[-11.94,2.75],[-11.44,2.75],[-11.75,2.47]]}},{"type":"Feature","properties":{"level":1012},"geometry":{"type":"LineString","coordinates":[[7.98,2.75],[8.75,3.13],[8.89,3.75],[9.47,4.25],[9.25,4.5],[9.0,4.49],[8.79,4.25],[8.89,4.0],[8.25,3.52],[7.9,3.5],[7.74,3.0],[7.98,2.75]]}},{"type":"Feature","properties":{"level":1012},"geometry":{"type":"LineString","coordinates":[[101.87,2.75],[102.25,2.68],[102.07,3.5],[102.31,4.0],[102.75,3.86],[103.0,4.02],[103.1,4.75],[102.5,5.61],[102.0,5.55],[101.5,6.21],[101.0,6.37],[100.62,5.5],[100.68,4.75],[101.0,4.62],[101.87,2.75]]}},{"type":"Feature","properties":{"level":1012},"geometry":{"type":"LineString","coordinates":[[-74.64,3.5],[-74.5,3.34],[-74.07,3.5],[-73.25,4.99],[-72.75,5.22],[-71.99,6.25],[-71.85,6.5],[-72.3,7.0],[-72.25,7.53],[-73.0,7.58],[-73.0,7.01],[-72.58,6.5],[-72.69,6.0],[-73.7,5.25],[-73.61,5.0],[-74.0,4.52],[-74.25,4.57],[-74.64,3.5]]}},{"type":"Feature","properties":{"level":1012},"geometry":{"type":"LineString","coordinates":[[3.5,3.71],[3.5,3.89],[3.5,3.71]]}},{"type":"Feature","properties":{"level":1012},"geometry":{"type":"LineString","coordinates":[[-165.75,3.93],[-165.5,4.31],[-165.34,4.0],[-165.5,3.82],[-165.75,3.93]]}},{"type":"Feature","properties":{"level":1012},"geometry":{"type":"LineString","coordinates":[[-164.0,3.91],[-164.02,4.75],[-163.75,5.12],[-163.64,4.0],[-163.75,3.78],[-164.0,3.91]]}},{"type":"Feature","properties":{"level":1012},"geometry":{"type":"LineString","coordinates":[[5.5,3.86],[5.28,4.0],[5.5,4.14],[5.5,3.86]]}},{"type":"Feature","properties":{"level":1012},"geometry":{"type":"LineString","coordinates":[[102.0,4.17],[102.32,4.25],[102.25,4.04],[102.0,4.17]]}},{"type":"Feature","properties":{"level":1012},"geometry":{"type":"LineString","coordinates":[[6.46,4.5],[6.5,4.29],[6.77,4.5],[6.5,4.98],[6.46,4.5]]}},{"type":"Feature","properties":{"level":1012},"geometry":{"type":"LineString","coordinates":[[-157.75,4.74],[-157.75,4.89],[-157.5,4.75],[-157.75,4.74]]}},{"type":"Feature","properties":{"level":1012},"geometry":{"type":"LineString","coordinates":[[-155.75,4.7],[-155.97,4.75],[-155.75,4.87],[-155.75,4.7]]}},{"type":"Feature","properties":{"level":1012},"geometry":{"type":"LineString","coordinates":[[-150.0,4.64],[-150.12,5.0],[-149.75,5.17],[-149.58,5.0],[-150.0,4.64]]}},{"type":"Feature","properties":{"level":1012},"geometry":{"type":"LineString","coordinates":[[10.25,4.74],[10.51,4.75],[10.25,4.74]]}},{"type":"Feature","properties":{"level":1012},"geometry":{"type":"LineString","coordinates":[[-157.0,4.92],[-157.5,5.47],[-157.75,5.05],[-158.2,5.25],[-158.23,5.75],[-158.75,5.8],[-159.0,6.27],[-160.1,6.25],[-160.25,6.75],[-161.25,6.25],[-161.31,6.0],[-160.73,5.25],[-161.25,5.37],[-162.16,6.0],[-162.03,6.25],[-162.25,6.86],[-161.75,7.08],[-161.5,6.75],[-160.62,8.25],[-160.75,8.43],[-161.22,8.25],[-161.43,7.5],[-162.25,7.02],[-162.75,7.16],[-163.0,6.98],[-163.5,7.84],[-163.75,7.63],[-164.5,7.88],[-164.25,8.25],[-163.71,8.25],[-164.6,9.25],[-164.0,9.47],[-163.5,8.9],[-162.75,9.11],[-162.25,8.43],[-161.69,8.5],[-162.18,8.75],[-161.53,9.25],[-161.42,9.75],[-162.53,9.75],[-162.52,10.25],[-161.99,10.5],[-162.34,10.75],[-161.75,11.15],[-161.25,10.92],[-160.5,11.31],[-159.75,11.08],[-159.55,11.25],[-159.87,11.5],[-159.87,12.0],[-159.32,12.75],[-158.5,13.12],[-157.75,13.11],[-156.98,12.75],[-156.5,11.23],[-155.0,11.57],[-154.73,11.0],[-154.91,10.5],[-153.67,9.75],[-153.5,9.33],[-152.75,9.28],[-151.0,8.57],[-149.0,7.62],[-148.5,7.07],[-148.75,6.64],[-150.0,6.78],[-150.49,6.5],[-150.0,6.35],[-149.46,5.75],[-150.18,5.5],[-150.5,5.01],[-151.42,5.25],[-151.69,5.75],[-152.5,6.18],[-152.75,5.53],[-153.25,5.87],[-154.0,5.68],[-154.25,6.0],[-154.73,5.75],[-154.26,5.5],[-154.5,5.31],[-155.0,5.14],[-155.5,5.38],[-156.0,5.1],[-156.25,5.35],[-157.0,4.92]]}},{"type":"Feature","properties":{"level":1012},"geometry":{"type":"LineString","coordinates":[[-2.29,5.0],[-2.0,4.83],[-2.0,5.03],[-2.29,5.0]]}},{"type":"Feature","properties":{"level":1012},"geometry":{"type":"LineString","coordinates":[[6.2,5.0],[6.48,5.0],[6.25,5.21],[6.2,5.0]]}},{"type":"Feature","properties":{"level":1012},"geometry":{"type":"LineString","coordinates":[[4.22,5.5],[4.59,5.5],[4.58,5.75],[4.25,5.86],[4.22,5.5]]}},{"type":"Feature","properties":{"level":1012},"geometry":{"type":"LineString","coordinates":[[-76.31,6.0],[-76.25,5.77],[-76.25,6.8],[-76.31,6.0]]}},{"type":"Feature","properties":{"level":1012},"geometry":{"type":"LineString","coordinates":[[-27.0,6.44],[-27.32,6.75],[-26.92,7.5],[-25.78,7.5],[-27.0,6.44]]}},{"type":"Feature","properties":{"level":1012},"geometry":{"type":"LineString","coordinates":[[-160.69,7.25],[-160.5,7.15],[-160.5,7.5],[-160.69,7.25]]}},{"type":"Feature","properties":{"level":1012},"geometry":{"type":"LineString","coordinates":[[0.59,7.25],[0.75,7.15],[0.97,7.5],[0.75,8.81],[0.49,8.25],[0.59,7.25]]}},{"type":"Feature","properties":{"level":1012},"geometry":{"type":"LineString","coordinates":[[124.31,7.5],[124.62,7.5],[125.25,8.16],[125.0,8.74],[124.75,8.28],[124.0,7.86],[124.31,7.5]]}},{"type":"Feature","properties":{"level":1012},"geometry":{"type":"LineString","coordinates":[[-133.25,7.69],[-133.68,8.25],[-133.5,8.6],[-133.0,8.77],[-132.5,8.0],[-133.25,7.69]]}},{"type":"Feature","properties":{"level":1012},"geometry":{"type":"LineString","coordinates":[[-28.76,7.75],[-28.37,7.75],[-28.26,8.0],[-28.77,8.25],[-28.95,8.0],[-28.76,7.75]]}},{"type":"Feature","properties":{"level":1012},"geometry":{"type":"LineString","coordinates":[[-72.08,8.0],[-71.0,8.13],[-70.27,9.0],[-70.25,9.41],[-71.0,9.14],[-71.41,8.75],[-71.5,8.22],[-72.08,8.0]]}},{"type":"Feature","properties":{"level":1012},"geometry":{"type":"LineString","coordinates":[[-11.0,7.76],[-11.04,8.25],[-10.75,8.34],[-10.56,8.0],[-11.0,7.76]]}},{"type":"Feature","properties":{"level":1012},"geometry":{"type":"LineString","coordinates":[[-29.31,8.25],[-29.25,8.09],[-29.31,8.25]]}},{"type":"Feature","properties":{"level":1012},"geometry":{"type":"LineString","coordinates":[[-159.78,8.5],[-159.5,8.28],[-159.36,8.5],[-159.5,8.67],[-159.78,8.5]]}},{"type":"Feature","properties":{"level":1012},"geometry":{"type":"LineString","coordinates":[[-81.93,8.5],[-81.53,8.5],[-83.75,10.09],[-84.46,10.25],[-84.0,9.46],[-81.93,8.5]]}},{"type":"Feature","properties":{"level":1012},"geometry":{"type":"LineString","coordinates":[[-115.72,8.75],[-115.25,8.58],[-114.92,9.25],[-115.82,9.0],[-115.72,8.75]]}},{"type":"Feature","properties":{"level":1012},"geometry":{"type":"LineString","coordinates":[[98.45,8.75],[98.85,9.25],[98.75,9.86],[98.41,9.25],[98.45,8.75]]}},{"type":"Feature","properties":{"level":1012},"geometry":{"type":"LineString","coordinates":[[99.42,8.75],[99.62,8.75],[99.42,8.75]]}},{"type":"Feature","properties":{"level":1012},"geometry":{"type":"LineString","coordinates":[[77.75,9.23],[77.75,9.55],[77.99,9.5],[77.75,9.23]]}},{"type":"Feature","properties":{"level":1012},"geometry":{"type":"LineString","coordinates":[[-17.0,9.42],[-16.68,9.5],[-17.0,9.42]]}},{"type":"Feature","properties":{"level":1012},"geometry":{"type":"LineString","coordinates":[[-18.25,9.83],[-18.25,10.36],[-17.86,10.0],[-18.25,9.83]]}},{"type":"Feature","properties":{"level":1012},"geometry":{"type":"LineString","coordinates":[[11.46,10.0],[11.5,10.19],[11.46,10.0]]}},{"type":"Feature","properties":{"level":1012},"geometry":{"type":"LineString","coordinates":[[12.63,10.0],[12.98,10.0],[12.98,10.75],[12.48,11.0],[12.5,11.55],[12.0,11.56],[11.5,11.25],[11.62,11.0],[11.25,10.98],[11.25,10.16],[11.75,10.65],[12.63,10.0]]}},{"type":"Feature","properties":{"level":1012},"geometry":{"type":"LineString","coordinates":[[-3.6,10.5],[-3.0,10.42],[-1.95,10.75],[-1.98,11.5],[-3.0,11.5],[-3.75,11.16],[-4.07,10.75],[-3.6,10.5]]}},{"type":"Feature","properties":{"level":1012},"geometry":{"type":"LineString","coordinates":[[44.0,10.48],[43.65,10.75],[43.71,11.25],[44.25,11.31],[45.25,11.93],[47.0,11.91],[47.74,11.5],[47.74,11.25],[46.75,10.72],[44.5,10.29],[44.0,10.48]]}},{"type":"Feature","properties":{"level":1012},"geometry":{"type":"LineString","coordinates":[[-18.75,11.0],[-18.75,11.32],[-18.5,11.35],[-18.47,11.0],[-18.75,11.0]]}},{"type":"Feature","properties":{"level":1012},"geometry":{"type":"LineString","coordinates":[[-2.75,11.16],[-2.75,11.4],[-2.75,11.16]]}},{"type":"Feature","properties":{"level":1012},"geometry":{"type":"LineString","coordinates":[[11.17,11.25],[11.25,11.03],[11.5,11.25],[11.25,11.51],[11.17,11.25]]}},{"type":"Feature","properties":{"level":1012},"geometry":{"type":"LineString","coordinates":[[81.25,11.16],[81.33,12.0],[82.0,12.4],[81.92,11.75],[81.25,11.16]]}},{"type":"Feature","properties":{"level":1012},"geometry":{"type":"LineString","coordinates":[[154.21,11.25],[155.75,11.05],[156.5,11.25],[157.16,12.0],[157.66,13.25],[156.68,13.75],[156.5,14.14],[156.25,14.21],[156.0,13.42],[155.0,14.37],[154.6,14.25],[154.13,13.5],[153.48,13.25],[153.19,12.25],[153.54,12.0],[153.69,11.5],[154.21,11.25]]}},{"type":"Feature","properties":{"level":1012},"geometry":{"type":"LineString","coordinates":[[-13.25,11.97],[-13.25,12.64],[-12.37,12.75],[-13.25,11.97]]}},{"type":"Feature","properties":{"level":1012},"geometry":{"type":"LineString","coordinates":[[-37.0,12.19],[-37.2,12.25],[-37.0,12.19]]}},{"type":"Feature","properties":{"level":1012},"geometry":{"type":"LineString","coordinates":[[-34.37,12.25],[-33.71,12.5],[-34.0,12.58],[-34.37,12.25]]}},{"type":"Feature","properties":{"level":1012},"geometry":{"type":"LineString","coordinates":[[-4.54,12.25],[-4.32,12.25],[-4.54,12.25]]}},{"type":"Feature","properties":{"level":1012},"geometry":{"type":"LineString","coordinates":[[-88.09,14.0],[-87.9,14.0],[-87.94,14.25],[-88.5,14.73],[-89.29,14.5],[-88.09,14.0]]}},{"type":"Feature","properties":{"level":1012},"geometry":{"type":"LineString","coordinates":[[-13.5,14.17],[-13.5,14.64],[-13.25,14.72],[-13.0,14.25],[-13.25,14.05],[-13.5,14.17]]}},{"type":"Feature","properties":{"level":1012},"geometry":{"type":"LineString","coordinates":[[-24.51,14.75],[-24.15,14.75],[-24.04,15.0],[-24.25,15.23],[-24.62,15.0],[-24.51,14.75]]}},{"type":"Feature","properties":{"level":1012},"geometry":{"type":"LineString","coordinates":[[78.5,14.55],[78.04,15.0],[78.5,15.62],[78.78,14.75],[78.5,14.55]]}},{"type":"Feature","properties":{"level":1012},"geometry":{"type":"LineString","coordinates":[[-61.36,15.5],[-61.25,15.26],[-61.07,15.5],[-61.25,15.73],[-61.36,15.5]]}},{"type":"Feature","properties":{"level":1012},"geometry":{"type":"LineString","coordinates":[[121.19,16.0],[121.65,16.25],[121.2,16.5],[121.35,17.5],[121.0,18.4],[120.58,16.5],[121.19,16.0]]}},{"type":"Feature","properties":{"level":1012},"geometry":{"type":"LineString","coordinates":[[-98.5,17.55],[-98.75,17.8],[-101.0,18.25],[-101.24,18.5],[-101.07,19.0],[-100.69,19.25],[-100.0,18.06],[-99.31,18.75],[-97.93,18.75],[-97.73,17.75],[-98.5,17.55]]}},{"type":"Feature","properties":{"level":1012},"geometry":{"type":"LineString","coordinates":[[81.0,17.64],[81.0,17.84],[81.25,17.76],[81.0,17.64]]}},{"type":"Feature","properties":{"level":1012},"geometry":{"type":"LineString","coordinates":[[-77.58,18.0],[-77.25,17.89],[-77.0,18.1],[-76.5,17.81],[-76.03,18.0],[-77.25,18.43],[-77.5,18.36],[-77.58,18.0]]}},{"type":"Feature","properties":{"level":1012},"geometry":{"type":"LineString","coordinates":[[-73.25,18.47],[-73.37,18.75],[-73.0,18.5],[-73.25,18.47]]}},{"type":"Feature","properties":{"level":1012},"geometry":{"type":"LineString","coordinates":[[-71.5,18.47],[-71.75,18.5],[-71.06,18.5],[-71.5,18.47]]}},{"type":"Feature","properties":{"level":1012},"geometry":{"type":"LineString","coordinates":[[-69.75,18.49],[-70.75,19.42],[-71.84,19.5],[-71.72,19.75],[-70.65,20.0],[-68.64,18.5],[-68.75,18.35],[-69.25,18.57],[-69.75,18.49]]}},{"type":"Feature","properties":{"level":1012},"geometry":{"type":"LineString","coordinates":[[-66.25,18.42],[-66.4,18.5],[-66.25,18.59],[-66.25,18.42]]}},{"type":"Feature","properties":{"level":1012},"geometry":{"type":"LineString","coordinates":[[-96.25,19.55],[-96.43,19.75],[-96.25,19.84],[-96.25,19.55]]}},{"type":"Feature","properties":{"level":1012},"geometry":{"type":"LineString","coordinates":[[-75.0,19.68],[-75.75,19.95],[-75.75,20.41],[-76.0,20.22],[-76.5,20.39],[-77.31,20.25],[-77.18,20.5],[-77.5,20.84],[-77.75,20.71],[-78.36,21.0],[-78.95,22.25],[-75.75,21.08],[-75.75,20.57],[-75.25,20.71],[-75.04,20.5],[-74.84,20.0],[-75.0,19.68]]}},{"type":"Feature","properties":{"level":1012},"geometry":{"type":"LineString","coordinates":[[-96.0,20.74],[-96.5,20.82],[-96.81,21.25],[-96.0,21.33],[-95.5,21.67],[-95.22,20.75],[-96.0,20.74]]}},{"type":"Feature","properties":{"level":1012},"geometry":{"type":"LineString","coordinates":[[73.25,21.92],[73.2,22.5],[73.5,23.15],[73.58,22.0],[73.25,21.92]]}},{"type":"Feature","properties":{"level":1012},"geometry":{"type":"LineString","coordinates":[[-2.31,22.25],[-2.16,22.25],[-2.31,22.25]]}},{"type":"Feature","properties":{"level":1012},"geometry":{"type":"LineString","coordinates":[[-81.5,22.49],[-81.07,22.5],[-81.5,22.49]]}},{"type":"Feature","properties":{"level":1012},"geometry":{"type":"LineString","coordinates":[[58.91,22.5],[59.25,22.42],[59.28,22.75],[58.5,23.16],[56.96,23.5],[57.0,23.1],[58.91,22.5]]}},{"type":"Feature","properties":{"level":1012},"geometry":{"type":"LineString","coordinates":[[34.25,23.55],[34.09,23.75],[34.25,23.92],[34.25,23.55]]}},{"type":"Feature","properties":{"level":1012},"geometry":{"type":"LineString","coordinates":[[-5.5,24.42],[-5.18,24.5],[-5.5,24.42]]}},{"type":"Feature","properties":{"level":1012},"geometry":{"type":"LineString","coordinates":[[-9.0,24.96],[-9.3,25.5],[-9.0,25.87],[-8.47,25.0],[-9.0,24.96]]}},{"type":"Feature","properties":{"level":1012},"geometry":{"type":"LineString","coordinates":[[38.25,25.22],[37.9,25.75],[38.0,26.29],[38.25,26.32],[38.5,25.94],[39.11,25.75],[38.75,25.21],[38.25,25.22]]}},{"type":"Feature","properties":{"level":1012},"geometry":{"type":"LineString","coordinates":[[96.75,26.12],[96.41,26.5],[96.75,26.58],[96.75,26.12]]}},{"type":"Feature","properties":{"level":1012},"geometry":{"type":"LineString","coordinates":[[-10.5,26.49],[-11.25,26.93],[-12.09,27.0],[-11.25,27.63],[-11.0,27.5],[-10.75,27.83],[-9.93,27.0],[-9.92,26.5],[-10.5,26.49]]}},{"type":"Feature","properties":{"level":1012},"geometry":{"type":"LineString","coordinates":[[57.65,26.5],[58.25,26.47],[58.85,26.75],[57.75,27.19],[57.65,26.5]]}},{"type":"Feature","properties":{"level":1012},"geometry":{"type":"LineString","coordinates":[[-109.0,27.22],[-109.17,27.25],[-109.0,27.22]]}},{"type":"Feature","properties":{"level":1012},"geometry":{"type":"LineString","coordinates":[[-113.04,27.75],[-113.0,27.53],[-112.86,28.25],[-113.5,28.92],[-113.75,28.92],[-113.86,28.5],[-113.02,28.0],[-113.04,27.75]]}},{"type":"Feature","properties":{"level":1012},"geometry":{"type":"LineString","coordinates":[[64.0,27.74],[63.69,28.0],[63.75,28.41],[65.6,28.75],[65.25,27.93],[64.0,27.74]]}},{"type":"Feature","properties":{"level":1012},"geometry":{"type":"LineString","coordinates":[[-10.5,28.14],[-10.5,28.35],[-10.28,28.25],[-10.5,28.14]]}},{"type":"Feature","properties":{"level":1012},"geometry":{"type":"LineString","coordinates":[[59.0,28.68],[58.86,29.25],[57.75,30.47],[57.75,31.09],[58.5,31.13],[59.29,30.5],[59.33,30.0],[59.76,29.5],[59.75,28.75],[59.0,28.68]]}},{"type":"Feature","properties":{"level":1012},"geometry":{"type":"LineString","coordinates":[[64.75,28.97],[64.51,29.25],[65.0,29.85],[65.5,29.61],[64.75,28.97]]}},{"type":"Feature","properties":{"level":1012},"geometry":{"type":"LineString","coordinates":[[63.75,30.6],[63.31,31.5],[62.91,31.75],[62.89,32.25],[64.0,32.36],[64.75,32.8],[65.25,32.7],[65.5,33.07],[66.1,32.75],[65.68,32.25],[66.84,32.25],[66.0,31.09],[64.5,31.01],[64.0,30.54],[63.75,30.6]]}},{"type":"Feature","properties":{"level":1012},"geometry":{"type":"LineString","coordinates":[[-114.75,33.36],[-114.84,33.5],[-114.5,33.62],[-114.75,33.36]]}},{"type":"Feature","properties":{"level":1012},"geometry":{"type":"LineString","coordinates":[[-120.5,34.41],[-120.5,35.01],[-120.2,34.75],[-120.5,34.41]]}},{"type":"Feature","properties":{"level":1012},"geometry":{"type":"LineString","coordinates":[[80.75,36.41],[80.25,36.84],[79.5,36.94],[77.25,37.95],[75.76,39.25],[76.25,39.77],[78.5,39.84],[79.5,40.31],[81.25,40.17],[82.75,40.88],[86.75,39.9],[87.71,40.25],[87.07,41.0],[87.25,41.05],[87.91,41.0],[88.5,40.62],[91.5,40.81],[92.75,40.33],[93.4,40.5],[93.24,40.25],[93.46,40.0],[92.75,39.85],[92.25,39.46],[90.5,39.34],[88.75,38.9],[87.5,38.21],[87.0,38.25],[86.25,37.9],[85.25,37.95],[83.03,36.75],[80.75,36.41]]}},{"type":"Feature","properties":{"level":1012},"geometry":{"type":"LineString","coordinates":[[83.35,38.0],[84.5,38.0],[85.27,38.5],[84.0,39.0],[84.13,39.25],[84.88,39.5],[84.91,40.0],[84.25,40.11],[83.63,39.75],[83.35,38.0]]}},{"type":"Feature","properties":{"level":1012},"geometry":{"type":"LineString","coordinates":[[-68.5,38.47],[-69.94,38.75],[-69.51,40.0],[-69.75,40.7],[-70.25,40.64],[-71.25,41.0],[-71.59,41.5],[-71.53,42.25],[-72.5,43.31],[-72.86,43.25],[-72.97,44.0],[-72.47,44.5],[-72.5,45.09],[-74.31,45.75],[-75.11,46.75],[-76.25,47.52],[-78.2,49.5],[-80.16,52.5],[-80.6,54.25],[-80.3,55.75],[-79.45,57.0],[-77.75,58.38],[-75.5,59.27],[-72.75,59.8],[-70.75,59.84],[-69.75,59.43],[-65.5,59.65],[-65.0,58.93],[-64.5,58.65],[-63.75,58.71],[-63.5,58.97],[-63.11,58.75],[-63.26,58.0],[-60.75,57.48],[-59.76,56.75],[-59.83,55.5],[-59.65,55.25],[-60.35,54.0],[-60.28,53.5],[-59.92,53.25],[-60.12,52.75],[-60.07,51.5],[-60.64,51.0],[-59.55,49.25],[-58.24,48.25],[-58.87,47.5],[-57.75,45.99],[-57.01,45.75],[-57.56,42.75],[-57.24,41.75],[-58.58,41.25],[-59.44,40.5],[-60.0,40.57],[-61.5,39.7],[-62.25,39.93],[-63.5,39.23],[-68.5,38.47]]}},{"type":"Feature","properties":{"level":1012},"geometry":{"type":"LineString","coordinates":[[180.0,58.15],[178.5,58.75],[176.25,58.5],[172.25,58.71],[167.25,59.91],[166.75,60.58],[166.25,60.29],[164.79,60.25],[164.5,59.82],[163.5,59.47],[162.75,59.86],[161.75,59.5],[161.25,59.6],[153.25,57.61],[150.88,56.5],[148.75,55.0],[147.42,53.75],[145.15,50.5],[145.02,49.75],[145.78,48.75],[146.59,46.5],[146.83,44.75],[147.18,44.0],[147.16,43.0],[147.85,42.75],[148.73,41.25],[148.89,40.5],[148.36,39.5],[148.63,38.0],[149.19,36.75],[150.37,35.5],[151.2,34.0],[152.21,33.25],[152.29,32.75],[153.88,30.0],[155.12,26.75],[155.4,24.5],[156.12,23.25],[156.17,22.75],[157.03,21.75],[156.69,21.5],[156.72,21.0],[157.75,19.45],[158.25,19.66],[158.75,20.62],[159.5,20.71],[160.0,20.38],[162.5,20.93],[164.25,20.85],[165.0,21.14],[166.5,20.97],[168.25,21.26],[168.5,21.69],[169.25,21.87],[170.18,22.75],[172.11,26.75],[173.25,27.77],[174.75,27.99],[176.0,27.61],[176.99,26.75],[177.38,25.75],[177.37,24.75],[176.75,22.92],[176.19,22.25],[175.5,20.45],[174.91,19.75],[175.75,18.57],[176.81,18.0],[177.65,16.5],[177.57,16.0],[177.86,15.0],[177.15,10.75],[177.55,10.25],[177.23,10.0],[177.16,9.0],[176.24,8.0],[176.32,6.25],[175.5,6.77],[175.25,6.32],[174.92,3.5],[175.49,2.5],[175.23,2.0],[175.75,0.93],[177.06,0.5],[177.5,-0.25],[178.5,-1.19],[180.0,-1.58]]}},{"type":"Feature","properties":{"level":1012},"geometry":{"type":"LineString","coordinates":[[138.89,62.0],[139.25,61.82],[140.09,62.25],[139.67,62.5],[139.61,63.25],[139.0,63.58],[138.63,63.5],[139.0,63.0],[138.3,62.5],[139.25,62.51],[138.89,62.0]]}},{"type":"Feature","properties":{"level":1012},"geometry":{"type":"LineString","coordinates":[[169.06,62.0],[170.84,62.0],[170.5,62.26],[170.0,62.0],[169.06,62.0]]}},{"type":"Feature","properties":{"level":1012},"geometry":{"type":"LineString","coordinates":[[145.15,63.0],[145.25,62.84],[145.38,63.25],[144.77,64.0],[143.77,64.5],[144.75,64.84],[146.25,64.65],[146.41,64.75],[146.23,65.25],[145.5,65.4],[144.75,65.19],[144.0,65.51],[143.0,65.56],[142.5,65.27],[140.94,66.0],[141.33,66.25],[139.5,67.01],[138.5,67.01],[138.0,66.44],[136.75,66.4],[135.75,65.91],[135.0,65.95],[134.56,65.5],[135.5,65.3],[136.75,65.6],[138.25,65.32],[137.74,64.25],[138.25,64.07],[139.5,63.97],[141.0,64.35],[142.5,64.39],[143.53,63.5],[145.15,63.0]]}},{"type":"Feature","properties":{"level":1012},"geometry":{"type":"LineString","coordinates":[[147.86,63.25],[148.41,63.25],[148.65,63.75],[147.75,63.89],[147.65,64.25],[147.25,64.38],[146.8,64.0],[146.76,63.75],[147.5,63.6],[147.86,63.25]]}},{"type":"Feature","properties":{"level":1012},"geometry":{"type":"LineString","coordinates":[[-63.62,67.0],[-63.42,67.0],[-63.62,67.0]]}},{"type":"Feature","properties":{"level":1012},"geometry":{"type":"LineString","coordinates":[[-83.66,72.25],[-82.68,72.5],[-83.75,73.04],[-83.94,72.5],[-83.66,72.25]]}},{"type":"Feature","properties":{"level":1012},"geometry":{"type":"LineString","coordinates":[[-88.06,72.75],[-87.09,72.75],[-88.06,72.75]]}},{"type":"Feature","properties":{"level":1012},"geometry":{"type":"LineString","coordinates":[[-82.57,72.75],[-81.23,72.75],[-81.28,73.0],[-81.75,73.13],[-82.57,72.75]]}},{"type":"Feature","properties":{"level":1012},"geometry":{"type":"LineString","coordinates":[[-87.61,73.25],[-86.87,73.25],[-87.25,73.48],[-87.61,73.25]]}},{"type":"Feature","properties":{"level":1012},"geometry":{"type":"LineString","coordinates":[[-86.54,73.75],[-86.18,73.75],[-86.54,73.75]]}},{"type":"Feature","properties":{"level":1012},"geometry":{"type":"LineString","coordinates":[[-180.0,75.38],[-175.5,74.52],[-171.58,73.25],[-169.5,72.98],[-166.0,72.92],[-164.25,73.27],[-161.25,73.43],[-160.16,74.0],[-159.69,75.25],[-160.0,76.75],[-159.57,77.75],[-159.0,78.27],[-157.24,79.0],[-155.25,79.49],[-150.0,79.87],[-138.75,79.85],[-128.25,79.15],[-114.5,77.38],[-112.5,76.94],[-111.59,76.5],[-111.6,76.0],[-114.25,75.59],[-114.6,75.25],[-113.25,75.14],[-109.71,74.25],[-109.01,73.75],[-108.54,73.0],[-109.33,72.5],[-109.44,71.75],[-107.75,71.81],[-102.08,69.0],[-100.77,66.25],[-99.25,64.24],[-98.65,62.25],[-98.53,60.0],[-99.5,58.17],[-99.78,56.25],[-99.23,54.75],[-99.54,53.5],[-99.32,52.25],[-99.5,51.75],[-98.68,49.5],[-98.82,48.25],[-98.63,46.75],[-99.7,43.25],[-101.0,42.53],[-102.41,42.25],[-103.02,41.75],[-102.5,41.58],[-102.75,41.24],[-104.0,41.26],[-105.13,42.0],[-106.0,43.39],[-106.75,43.27],[-106.95,43.5],[-107.0,44.58],[-108.5,45.22],[-108.75,44.92],[-108.25,44.82],[-107.48,43.75],[-108.5,43.63],[-109.17,44.5],[-109.36,45.25],[-110.65,45.75],[-110.16,46.0],[-110.65,46.5],[-110.5,46.75],[-111.0,47.03],[-112.25,47.05],[-113.47,48.75],[-114.5,49.28],[-114.75,49.78],[-115.45,50.0],[-115.47,50.75],[-116.41,51.25],[-117.25,52.16],[-119.25,52.49],[-119.5,52.85],[-120.72,53.5],[-120.57,53.75],[-121.75,54.4],[-123.25,54.15],[-123.75,54.32],[-124.5,53.98],[-125.5,54.45],[-126.25,54.12],[-127.12,54.5],[-127.0,54.86],[-127.25,54.69],[-127.27,55.0],[-128.0,55.31],[-130.17,55.25],[-129.63,55.5],[-130.16,55.75],[-129.31,56.25],[-129.22,56.5],[-129.5,56.55],[-130.62,56.25],[-132.0,54.97],[-133.25,55.01],[-139.25,52.51],[-148.0,49.67],[-153.0,48.75],[-156.5,48.38],[-161.5,48.41],[-164.75,48.68],[-169.0,49.56],[-173.25,51.26],[-176.61,54.0],[-177.46,55.0],[-178.25,56.56],[-180.0,58.15]]}},{"type":"Feature","properties":{"level":1012},"geometry":{"type":"LineString","coordinates":[[-83.57,76.75],[-80.75,76.6],[-80.0,76.87],[-79.87,77.25],[-80.5,77.63],[-81.35,77.75],[-80.84,78.0],[-80.71,78.75],[-80.13,79.25],[-81.5,79.38],[-82.47,79.0],[-81.75,78.74],[-83.97,78.25],[-84.25,77.75],[-83.7,77.5],[-84.89,77.25],[-84.94,77.0],[-83.57,76.75]]}},{"type":"Feature","properties":{"level":1012},"geometry":{"type":"LineString","coordinates":[[-78.41,78.5],[-76.98,78.5],[-77.75,78.88],[-78.39,78.75],[-78.41,78.5]]}},{"type":"Feature","properties":{"level":1012},"geometry":{"type":"LineString","coordinates":[[-39.93,78.75],[-39.0,78.63],[-35.84,79.25],[-36.5,80.11],[-40.75,80.77],[-45.5,80.08],[-45.8,80.0],[-46.09,79.5],[-44.75,79.02],[-41.5,79.03],[-39.93,78.75]]}},{"type":"Feature","properties":{"level":1012},"geometry":{"type":"LineString","coordinates":[[-62.79,80.25],[-62.62,80.25],[-62.79,80.25]]}},{"type":"Feature","properties":{"level":1012},"geometry":{"type":"LineString","coordinates":[[-62.43,80.5],[-60.5,80.34],[-59.06,80.5],[-61.0,80.93],[-62.43,80.5]]}},{"type":"Feature","properties":{"level":1012},"geometry":{"type":"LineString","coordinates":[[180.0,87.87],[172.5,87.23],[168.01,86.5],[153.05,82.25],[151.49,81.5],[151.01,80.75],[151.3,80.25],[152.97,79.5],[156.46,78.75],[174.5,76.34],[180.0,75.38]]}},{"type":"Feature","properties":{"level":1016},"geometry":{"type":"LineString","coordinates":[[14.08,-89.25],[68.25,-89.08],[90.79,-88.5],[91.95,-88.25],[91.41,-88.0],[98.05,-87.5],[97.9,-87.25],[95.84,-87.0],[100.42,-86.25],[108.96,-85.5],[109.21,-85.0],[106.97,-84.5],[107.95,-84.0],[131.57,-81.5],[134.01,-81.0],[133.92,-80.75],[132.25,-80.54],[132.02,-80.25],[130.23,-79.75],[129.85,-79.5],[130.73,-78.75],[129.25,-78.38],[125.75,-78.34],[122.23,-79.0],[120.06,-79.0],[112.75,-77.62],[104.75,-76.83],[96.5,-75.64],[93.53,-74.75],[93.4,-74.5],[93.75,-74.0],[94.75,-73.4],[98.25,-73.24],[110.25,-74.79],[118.0,-74.95],[133.5,-73.93],[134.25,-73.15],[135.5,-72.5],[133.75,-72.1],[131.0,-71.98],[128.5,-72.42],[126.5,-72.21],[113.5,-73.09],[110.0,-72.51],[105.75,-71.03],[102.0,-70.84],[96.75,-71.27],[95.25,-70.84],[94.5,-71.05],[94.31,-71.25],[94.69,-71.5],[94.25,-71.68],[92.21,-72.5],[90.5,-72.76],[90.34,-72.5],[90.49,-72.0],[90.25,-71.72],[86.75,-71.85],[85.5,-71.53],[84.0,-71.54],[79.5,-73.09],[78.07,-74.0],[77.25,-75.04],[76.0,-75.7],[67.25,-76.17],[60.75,-75.49],[57.5,-74.63],[54.75,-74.5],[54.44,-74.25],[54.84,-73.75],[56.93,-72.5],[59.23,-70.5],[58.5,-70.26],[56.25,-70.26],[49.75,-71.65],[39.25,-73.27],[35.5,-74.08],[29.0,-74.6],[24.25,-75.28],[21.61,-76.25],[16.5,-77.2],[11.0,-79.07],[1.88,-81.0],[-1.25,-81.25],[-4.75,-81.14],[-12.25,-81.75],[-16.5,-82.38],[-27.75,-82.87],[-41.5,-84.85],[-51.0,-85.12],[-58.25,-85.62],[-59.14,-85.75],[-59.28,-86.25],[-58.99,-86.5],[-60.71,-86.75],[-49.87,-87.75],[-27.5,-88.66],[14.08,-89.25]]}},{"type":"Feature","properties":{"level":1016},"geometry":{"type":"LineString","coordinates":[[-67.99,-71.25],[-66.85,-71.25],[-67.7,-70.25],[-67.25,-69.75],[-65.5,-69.88],[-64.98,-69.5],[-66.15,-69.25],[-66.52,-68.5],[-66.42,-68.25],[-66.8,-68.0],[-66.25,-66.95],[-65.5,-66.64],[-65.25,-66.3],[-63.61,-65.75],[-62.5,-64.86],[-60.87,-64.5],[-60.5,-64.1],[-59.21,-63.75],[-58.25,-63.15],[-53.58,-62.25],[-52.87,-61.0],[-52.99,-60.5],[-54.64,-59.5],[-57.25,-58.85],[-65.75,-58.13],[-68.75,-58.29],[-71.95,-59.5],[-74.0,-62.25],[-74.27,-63.5],[-74.1,-64.5],[-71.61,-68.25],[-71.76,-68.75],[-72.12,-69.0],[-70.5,-68.92],[-67.99,-71.25]]}},{"type":"Feature","properties":{"level":1016},"geometry":{"type":"LineString","coordinates":[[-180.0,-53.17],[-173.25,-53.41],[-168.25,-52.67],[-163.75,-51.48],[-151.25,-46.77],[-149.33,-45.75],[-147.58,-44.0],[-146.37,-41.5],[-145.01,-37.75],[-144.87,-36.0],[-144.45,-35.5],[-138.25,-33.64],[-136.5,-33.59],[-134.5,-33.09],[-132.5,-33.35],[-127.25,-35.09],[-116.36,-39.75],[-114.0,-40.52],[-111.5,-41.05],[-104.25,-41.97],[-97.25,-44.31],[-93.75,-45.03],[-93.46,-44.25],[-93.31,-41.75],[-93.37,-39.75],[-93.9,-37.25],[-93.69,-35.5],[-91.16,-32.0],[-90.97,-31.25],[-89.23,-30.0],[-88.56,-29.0],[-88.25,-28.0],[-86.75,-27.14],[-85.0,-26.7],[-82.25,-26.69],[-77.65,-27.75],[-77.84,-28.0],[-76.89,-28.75],[-76.25,-28.78],[-75.75,-29.08],[-75.75,-28.74],[-76.75,-28.42],[-76.75,-27.85],[-76.5,-28.2],[-75.5,-28.49],[-74.42,-27.25],[-75.1,-26.75],[-74.64,-26.5],[-74.93,-26.0],[-74.54,-25.75],[-74.85,-25.25],[-74.59,-25.0],[-75.5,-24.0],[-75.0,-23.75],[-75.25,-23.66],[-75.34,-23.25],[-75.25,-21.89],[-75.76,-21.75],[-76.75,-20.65],[-77.75,-20.07],[-78.68,-18.75],[-80.54,-17.75],[-83.66,-15.25],[-84.75,-14.85],[-86.86,-13.5],[-89.25,-12.4],[-92.0,-11.73],[-96.75,-11.45],[-100.5,-10.57],[-103.0,-10.26],[-103.5,-10.43],[-103.75,-10.16],[-104.25,-10.3],[-105.0,-10.0],[-107.5,-9.87],[-108.5,-9.48],[-110.5,-9.75],[-111.25,-10.25],[-111.5,-10.17],[-112.25,-10.59],[-115.0,-11.38],[-116.25,-12.38],[-116.75,-12.08],[-117.5,-12.1],[-121.75,-10.86],[-122.25,-10.86],[-122.75,-11.25],[-124.33,-11.0],[-125.5,-10.54],[-125.8,-10.75],[-125.99,-11.5],[-125.42,-13.75],[-125.91,-14.0],[-125.15,-15.0],[-124.96,-15.75],[-126.0,-16.48],[-127.5,-16.54],[-128.75,-17.08],[-130.0,-16.92],[-130.25,-17.28],[-131.25,-16.93],[-132.75,-16.81],[-133.25,-16.5],[-134.75,-16.57],[-135.25,-16.3],[-135.75,-16.43],[-137.5,-16.01],[-138.0,-16.15],[-140.0,-15.97],[-140.75,-15.65],[-141.25,-15.94],[-141.75,-15.62],[-145.0,-15.44],[-145.5,-15.06],[-149.0,-14.03],[-150.75,-13.16],[-158.75,-12.34],[-161.0,-12.47],[-163.5,-13.21],[-164.5,-12.98],[-166.0,-13.61],[-167.25,-13.03],[-168.37,-14.25],[-168.46,-14.75],[-169.0,-14.95],[-169.75,-15.02],[-170.5,-14.28],[-171.25,-14.27],[-172.75,-15.29],[-175.25,-14.86],[-175.75,-15.98],[-176.5,-15.5],[-177.0,-16.01],[-178.0,-15.68],[-179.0,-15.91],[-179.25,-16.19],[-180.0,-16.15]]}},{"type":"Feature","properties":{"level":1016},"geometry":{"type":"LineString","coordinates":[[-82.18,-50.5],[-81.0,-50.68],[-79.5,-50.57],[-75.75,-49.11],[-75.75,-48.81],[-77.59,-47.25],[-79.0,-46.48],[-83.0,-45.07],[-86.25,-44.59],[-87.0,-44.27],[-89.0,-44.73],[-90.0,-45.23],[-87.0,-48.11],[-84.81,-49.5],[-82.18,-50.5]]}},{"type":"Feature","properties":{"level":1016},"geometry":{"type":"LineString","coordinates":[[-25.42,-47.75],[-22.75,-47.65],[-20.25,-47.14],[-5.5,-43.45],[0.25,-42.3],[4.5,-40.95],[8.0,-39.27],[8.75,-38.18],[10.2,-35.0],[11.17,-33.75],[11.15,-32.0],[11.47,-30.0],[12.14,-28.25],[10.87,-24.75],[9.72,-23.0],[8.96,-21.5],[8.83,-20.75],[8.18,-19.75],[6.25,-18.07],[3.5,-16.45],[1.95,-15.25],[-1.14,-13.75],[-9.25,-12.11],[-14.5,-11.79],[-15.75,-12.1],[-17.75,-11.91],[-18.5,-12.22],[-20.0,-12.21],[-22.0,-11.67],[-24.0,-11.99],[-25.5,-11.89],[-27.25,-12.32],[-30.5,-12.45],[-32.5,-12.97],[-34.75,-13.14],[-35.25,-13.45],[-36.67,-13.5],[-37.25,-14.23],[-39.0,-14.91],[-38.87,-16.0],[-39.37,-18.5],[-39.69,-19.0],[-39.49,-21.0],[-39.66,-22.75],[-38.97,-25.25],[-38.97,-26.25],[-38.17,-27.75],[-38.28,-28.25],[-36.0,-30.83],[-30.88,-34.5],[-30.0,-35.39],[-29.31,-36.75],[-28.33,-37.75],[-28.08,-38.25],[-28.44,-38.5],[-28.26,-38.75],[-27.75,-39.02],[-27.49,-38.75],[-26.91,-39.75],[-27.03,-40.0],[-26.56,-42.0],[-26.96,-45.25],[-27.54,-46.5],[-27.56,-47.25],[-27.25,-47.49],[-25.42,-47.75]]}},{"type":"Feature","properties":{"level":1016},"geometry":{"type":"LineString","coordinates":[[-73.72,-45.5],[-72.5,-45.36],[-71.69,-44.25],[-71.41,-43.5],[-71.5,-42.5],[-71.21,-42.25],[-71.5,-40.11],[-72.18,-40.5],[-72.5,-41.65],[-73.84,-41.75],[-73.56,-43.25],[-73.75,-43.44],[-74.25,-43.48],[-74.5,-42.75],[-74.87,-43.0],[-74.75,-43.49],[-73.86,-44.25],[-73.55,-45.0],[-73.72,-45.5]]}},{"type":"Feature","properties":{"level":1016},"geometry":{"type":"LineString","coordinates":[[-54.05,-38.5],[-44.5,-37.55],[-42.27,-36.25],[-40.33,-34.75],[-40.04,-34.0],[-40.08,-33.5],[-41.5,-30.41],[-41.23,-30.0],[-41.5,-29.55],[-42.81,-28.5],[-43.25,-27.73],[-44.75,-26.9],[-45.5,-27.0],[-46.0,-26.26],[-46.63,-26.25],[-46.79,-25.75],[-47.67,-24.75],[-48.75,-25.08],[-49.75,-27.21],[-50.09,-27.25],[-49.75,-27.35],[-49.72,-28.25],[-50.75,-30.34],[-51.6,-30.5],[-52.75,-31.51],[-54.25,-32.23],[-55.0,-32.29],[-56.25,-33.48],[-56.5,-33.58],[-57.01,-33.25],[-57.5,-33.87],[-58.61,-34.5],[-58.44,-35.5],[-57.75,-36.19],[-55.58,-37.5],[-54.88,-38.25],[-54.05,-38.5]]}},{"type":"Feature","properties":{"level":1016},"geometry":{"type":"LineString","coordinates":[[-27.75,-38.64],[-27.9,-38.5],[-27.75,-38.64]]}},{"type":"Feature","properties":{"level":1016},"geometry":{"type":"LineString","coordinates":[[-70.62,-36.0],[-70.5,-36.21],[-70.06,-35.25],[-70.33,-34.75],[-69.88,-34.0],[-70.18,-32.0],[-69.94,-31.75],[-69.99,-30.75],[-69.48,-29.75],[-69.44,-28.75],[-68.48,-27.75],[-68.13,-26.75],[-68.25,-26.1],[-69.0,-25.7],[-69.0,-26.46],[-69.42,-26.5],[-69.94,-28.0],[-70.7,-29.0],[-70.63,-30.0],[-70.95,-31.25],[-70.44,-33.5],[-70.73,-34.5],[-70.62,-36.0]]}},{"type":"Feature","properties":{"level":1016},"geometry":{"type":"LineString","coordinates":[[79.75,-34.01],[77.75,-33.79],[73.75,-32.11],[71.84,-30.25],[70.37,-27.75],[70.35,-26.25],[70.75,-25.25],[71.75,-23.94],[72.25,-23.45],[73.5,-23.03],[73.75,-22.69],[74.86,-22.5],[75.36,-22.0],[75.75,-21.13],[77.0,-21.27],[80.25,-23.15],[82.09,-27.0],[82.83,-28.0],[82.54,-28.5],[82.99,-29.25],[82.87,-30.0],[83.07,-30.5],[82.3,-31.75],[81.38,-32.5],[81.4,-33.0],[81.1,-33.5],[80.5,-33.92],[79.75,-34.01]]}},{"type":"Feature","properties":{"level":1016},"geometry":{"type":"LineString","coordinates":[[-56.14,-32.75],[-55.84,-32.75],[-56.14,-32.75]]}},{"type":"Feature","properties":{"level":1016},"geometry":{"type":"LineString","coordinates":[[-178.5,-31.44],[-178.58,-31.25],[-178.25,-31.21],[-178.5,-31.44]]}},{"type":"Feature","properties":{"level":1016},"geometry":{"type":"LineString","coordinates":[[29.75,-29.03],[29.06,-28.5],[29.75,-28.05],[30.0,-27.54],[30.72,-28.0],[30.55,-28.5],[30.72,-28.75],[29.75,-29.03]]}},{"type":"Feature","properties":{"level":1016},"geometry":{"type":"LineString","coordinates":[[-77.0,-27.82],[-77.15,-27.75],[-77.0,-27.82]]}},{"type":"Feature","properties":{"level":1016},"geometry":{"type":"LineString","coordinates":[[26.18,-26.75],[26.75,-26.12],[27.5,-26.24],[27.91,-26.0],[26.75,-25.64],[26.42,-25.75],[26.18,-26.75]]}},{"type":"Feature","properties":{"level":1016},"geometry":{"type":"LineString","coordinates":[[141.5,-25.76],[141.14,-25.5],[141.25,-25.39],[141.5,-25.76]]}},{"type":"Feature","properties":{"level":1016},"geometry":{"type":"LineString","coordinates":[[-68.55,-25.5],[-68.35,-25.25],[-68.41,-24.75],[-67.44,-23.75],[-68.0,-21.99],[-68.26,-22.0],[-67.9,-23.0],[-67.92,-23.75],[-68.63,-24.5],[-68.55,-25.5]]}},{"type":"Feature","properties":{"level":1016},"geometry":{"type":"LineString","coordinates":[[138.75,-24.8],[138.75,-24.57],[138.75,-24.8]]}},{"type":"Feature","properties":{"level":1016},"geometry":{"type":"LineString","coordinates":[[-45.85,-23.75],[-45.68,-23.75],[-45.85,-23.75]]}},{"type":"Feature","properties":{"level":1016},"geometry":{"type":"LineString","coordinates":[[34.75,-22.52],[34.75,-22.34],[34.75,-22.52]]}},{"type":"Feature","properties":{"level":1016},"geometry":{"type":"LineString","coordinates":[[35.5,-21.79],[35.5,-21.47],[35.75,-21.54],[35.84,-21.75],[35.5,-21.79]]}},{"type":"Feature","properties":{"level":1016},"geometry":{"type":"LineString","coordinates":[[-68.92,-21.5],[-68.75,-21.7],[-68.47,-21.25],[-68.95,-19.0],[-69.94,-17.0],[-70.5,-16.58],[-70.69,-17.0],[-70.02,-17.5],[-69.11,-19.5],[-68.92,-21.5]]}},{"type":"Feature","properties":{"level":1016},"geometry":{"type":"LineString","coordinates":[[45.0,-20.8],[44.88,-20.5],[45.48,-20.25],[45.53,-20.5],[45.0,-20.8]]}},{"type":"Feature","properties":{"level":1016},"geometry":{"type":"LineString","coordinates":[[-41.86,-20.5],[-41.5,-20.28],[-41.0,-20.52],[-40.71,-20.0],[-41.25,-19.96],[-41.5,-20.2],[-42.0,-19.88],[-41.86,-20.5]]}},{"type":"Feature","properties":{"level":1016},"geometry":{"type":"LineString","coordinates":[[44.0,-20.25],[44.37,-20.25],[44.25,-20.48],[44.0,-20.25]]}},{"type":"Feature","properties":{"level":1016},"geometry":{"type":"LineString","coordinates":[[43.25,-20.04],[43.25,-19.59],[43.58,-20.0],[43.5,-20.16],[43.25,-20.04]]}},{"type":"Feature","properties":{"level":1016},"geometry":{"type":"LineString","coordinates":[[46.0,-17.51],[45.85,-17.0],[46.0,-16.8],[46.33,-17.0],[46.05,-17.25],[46.35,-17.5],[46.0,-17.51]]}},{"type":"Feature","properties":{"level":1016},"geometry":{"type":"LineString","coordinates":[[42.75,-16.79],[41.9,-15.25],[42.0,-15.1],[42.25,-15.39],[43.25,-15.71],[42.71,-14.75],[43.0,-14.28],[44.25,-13.88],[44.75,-13.31],[45.25,-13.5],[46.0,-13.29],[46.75,-13.9],[46.75,-14.08],[44.75,-14.91],[44.4,-14.5],[44.0,-14.6],[43.87,-14.75],[44.6,-16.0],[44.25,-16.25],[43.75,-15.94],[43.25,-16.68],[42.75,-16.79]]}},{"type":"Feature","properties":{"level":1016},"geometry":{"type":"LineString","coordinates":[[180.0,-16.15],[177.5,-16.95],[176.0,-16.62],[174.75,-17.05],[174.0,-16.99],[173.75,-17.31],[172.25,-16.81],[170.75,-16.92],[169.75,-17.31],[168.5,-17.35],[168.0,-17.78],[166.5,-18.04],[165.5,-17.94],[161.75,-18.84],[159.25,-18.36],[157.75,-18.43],[153.5,-17.78],[151.5,-17.04],[149.75,-16.7],[149.0,-16.95],[146.25,-15.35],[145.0,-14.89],[144.76,-15.0],[144.83,-15.25],[144.5,-15.27],[144.44,-14.75],[143.5,-14.23],[142.85,-15.0],[143.0,-15.5],[142.66,-16.25],[143.13,-17.5],[142.81,-19.25],[144.34,-20.75],[144.63,-21.75],[144.23,-22.5],[144.55,-23.0],[145.53,-23.5],[145.6,-24.5],[145.35,-24.75],[144.75,-24.61],[144.0,-24.9],[142.75,-24.38],[142.5,-24.96],[141.75,-24.5],[141.25,-24.52],[140.75,-25.12],[140.25,-25.11],[139.5,-24.08],[138.89,-24.5],[138.0,-23.55],[137.75,-23.72],[137.13,-23.0],[136.75,-22.88],[136.25,-22.2],[135.25,-22.31],[134.75,-21.91],[134.5,-22.07],[134.0,-21.94],[133.75,-22.2],[133.25,-21.96],[131.02,-22.25],[130.87,-23.0],[129.0,-23.19],[128.75,-23.4],[128.25,-23.24],[127.75,-23.63],[127.0,-23.51],[126.5,-23.79],[126.25,-23.43],[125.25,-23.43],[124.0,-23.48],[123.0,-23.93],[121.75,-23.81],[121.5,-22.81],[121.25,-22.83],[120.25,-23.37],[119.38,-24.5],[119.5,-24.78],[120.29,-24.75],[120.05,-25.25],[120.39,-25.5],[119.25,-25.9],[118.25,-26.8],[117.75,-26.82],[117.25,-27.75],[114.25,-27.94],[112.09,-25.25],[111.82,-23.5],[110.94,-21.25],[111.01,-18.75],[109.87,-17.5],[109.2,-17.25],[107.75,-17.41],[105.0,-16.77],[104.0,-15.91],[102.75,-15.92],[101.0,-14.89],[99.25,-14.68],[97.5,-14.09],[94.75,-13.96],[92.0,-14.91],[89.25,-15.11],[87.5,-15.5],[86.52,-16.25],[86.5,-16.87],[81.25,-14.38],[79.25,-14.08],[78.25,-13.6],[77.25,-13.7],[76.75,-13.99],[71.75,-12.96],[70.25,-13.11],[69.75,-13.68],[69.0,-13.8],[68.25,-13.8],[67.5,-13.45],[66.5,-13.56],[64.5,-13.27],[62.0,-12.23],[59.5,-11.58],[57.5,-11.35],[56.75,-10.85],[55.95,-11.0],[55.35,-10.5],[55.13,-9.75],[53.93,-8.75],[53.0,-8.33],[50.75,-7.8],[49.25,-8.11],[48.0,-7.74],[47.5,-8.27],[45.75,-7.91],[43.75,-8.53],[42.0,-8.36],[39.75,-9.6],[39.25,-9.06],[38.75,-9.01],[38.55,-9.25],[38.46,-9.75],[39.25,-11.02],[39.41,-11.75],[39.16,-13.25],[39.67,-13.75],[39.52,-14.5],[40.62,-15.75],[40.77,-17.0],[39.75,-17.66],[38.74,-19.75],[37.5,-20.05],[37.0,-19.82],[35.25,-20.47],[34.64,-22.25],[33.74,-23.5],[34.06,-23.75],[31.77,-25.75],[32.0,-26.53],[33.0,-25.46],[33.64,-25.5],[34.35,-26.0],[33.0,-26.96],[32.0,-27.03],[31.71,-27.5],[31.43,-26.75],[31.73,-25.75],[31.25,-25.32],[31.14,-24.5],[30.5,-24.33],[30.32,-24.0],[30.42,-23.25],[30.96,-22.75],[31.1,-22.0],[32.02,-20.75],[32.05,-20.25],[31.37,-19.5],[31.55,-19.25],[31.25,-18.68],[30.5,-19.11],[29.87,-19.0],[30.15,-18.75],[30.0,-18.66],[28.75,-19.33],[28.75,-18.78],[29.14,-18.75],[28.75,-18.74],[28.5,-18.11],[28.19,-18.25],[27.66,-18.75],[27.71,-19.0],[28.54,-20.0],[28.67,-20.75],[29.25,-20.98],[29.52,-21.75],[29.0,-22.01],[28.75,-21.24],[28.0,-21.83],[26.5,-21.88],[25.75,-23.25],[26.33,-23.5],[26.0,-23.58],[26.0,-23.84],[27.0,-23.97],[27.75,-24.82],[28.25,-24.86],[29.0,-24.28],[29.75,-24.21],[29.99,-24.5],[29.66,-25.0],[29.87,-26.0],[29.63,-26.5],[29.68,-27.25],[29.25,-27.5],[29.0,-28.1],[28.5,-27.97],[27.95,-28.5],[28.3,-28.75],[27.72,-29.5],[27.64,-30.0],[28.4,-30.0],[27.85,-30.5],[28.0,-31.13],[28.37,-30.75],[28.5,-30.11],[28.91,-30.25],[28.77,-30.5],[29.5,-30.73],[30.5,-30.27],[31.5,-29.01],[32.22,-28.5],[32.41,-27.5],[33.0,-27.07],[33.51,-27.5],[33.28,-28.0],[33.37,-28.75],[32.75,-29.5],[31.59,-31.75],[31.19,-36.0],[31.65,-38.75],[33.45,-42.5],[35.25,-45.35],[38.88,-49.25],[42.0,-51.38],[46.25,-53.14],[50.1,-54.0],[56.75,-54.62],[65.75,-54.17],[68.5,-53.64],[71.0,-52.65],[75.25,-48.96],[78.91,-45.0],[80.46,-43.75],[82.43,-41.25],[83.08,-40.75],[83.8,-39.0],[84.22,-38.5],[84.16,-37.75],[83.04,-36.25],[83.56,-35.5],[84.0,-35.33],[87.5,-34.99],[90.25,-35.38],[92.5,-35.22],[95.75,-35.9],[96.5,-35.76],[97.5,-36.59],[98.5,-36.96],[99.25,-36.86],[101.5,-37.66],[107.5,-40.45],[109.25,-41.61],[114.25,-44.15],[118.5,-45.6],[120.75,-45.73],[122.75,-45.4],[125.25,-44.5],[129.25,-42.37],[135.02,-39.75],[138.95,-37.5],[143.25,-37.95],[144.5,-37.63],[146.0,-37.94],[149.25,-37.19],[150.72,-33.5],[151.21,-33.25],[151.26,-32.75],[152.0,-32.58],[152.5,-32.0],[153.15,-31.75],[153.5,-30.95],[154.07,-31.25],[154.2,-32.0],[154.81,-32.25],[155.34,-33.5],[158.0,-35.59],[158.55,-36.75],[157.87,-37.25],[159.0,-37.9],[159.68,-39.75],[159.79,-41.75],[160.18,-42.5],[160.02,-43.0],[161.44,-45.0],[164.0,-46.4],[166.25,-47.12],[167.5,-47.9],[168.0,-48.54],[168.5,-48.67],[170.58,-50.25],[173.15,-51.75],[176.5,-52.68],[180.0,-53.17]]}},{"type":"Feature","properties":{"level":1016},"geometry":{"type":"LineString","coordinates":[[41.25,-15.83],[40.71,-15.5],[40.56,-15.0],[40.75,-14.87],[41.52,-15.75],[41.25,-15.83]]}},{"type":"Feature","properties":{"level":1016},"geometry":{"type":"LineString","coordinates":[[-171.82,-14.0],[-171.5,-14.18],[-171.33,-14.0],[-171.82,-14.0]]}},{"type":"Feature","properties":{"level":1016},"geometry":{"type":"LineString","coordinates":[[-172.6,-13.75],[-172.27,-13.75],[-172.29,-13.5],[-172.5,-13.41],[-172.6,-13.75]]}},{"type":"Feature","properties":{"level":1016},"geometry":{"type":"LineString","coordinates":[[34.48,-9.75],[35.25,-9.65],[35.25,-8.88],[36.0,-8.36],[36.25,-7.84],[36.82,-7.75],[36.75,-6.86],[36.5,-6.79],[36.42,-7.0],[36.74,-7.5],[36.0,-7.53],[35.27,-8.0],[34.77,-9.0],[33.5,-8.99],[34.48,-9.75]]}},{"type":"Feature","properties":{"level":1016},"geometry":{"type":"LineString","coordinates":[[148.22,-9.75],[148.24,-9.25],[147.69,-8.75],[147.0,-7.34],[146.75,-7.1],[146.25,-7.14],[146.0,-6.41],[145.25,-5.71],[144.75,-5.59],[144.5,-5.78],[143.25,-4.94],[142.5,-5.21],[142.3,-5.0],[141.5,-5.04],[138.75,-3.49],[137.5,-3.63],[136.5,-3.41],[136.23,-3.5],[136.25,-3.81],[135.75,-3.77],[135.48,-4.0],[135.75,-4.21],[136.5,-4.07],[137.25,-4.33],[139.25,-4.46],[140.5,-5.06],[142.0,-5.34],[142.5,-5.9],[143.75,-6.54],[144.69,-6.25],[145.75,-7.37],[146.5,-7.62],[147.09,-8.75],[148.22,-9.75]]}},{"type":"Feature","properties":{"level":1016},"geometry":{"type":"LineString","coordinates":[[38.82,-8.5],[39.0,-8.67],[39.13,-8.5],[39.0,-8.25],[38.82,-8.5]]}},{"type":"Feature","properties":{"level":1016},"geometry":{"type":"LineString","coordinates":[[36.8,-6.5],[37.0,-6.64],[37.25,-6.05],[37.5,-6.21],[38.0,-5.94],[38.5,-6.01],[38.88,-5.0],[38.5,-4.41],[38.99,-4.25],[39.15,-3.75],[38.82,-3.5],[38.5,-3.33],[38.07,-3.5],[38.18,-3.75],[37.76,-4.0],[38.25,-5.07],[37.61,-5.0],[37.42,-4.75],[37.47,-5.0],[36.88,-5.5],[36.8,-6.5]]}},{"type":"Feature","properties":{"level":1016},"geometry":{"type":"LineString","coordinates":[[147.05,-6.5],[147.46,-6.5],[147.57,-6.25],[145.94,-5.75],[146.25,-6.15],[147.05,-6.5]]}},{"type":"Feature","properties":{"level":1016},"geometry":{"type":"LineString","coordinates":[[119.48,-3.0],[120.0,-2.87],[120.25,-2.35],[120.61,-2.25],[120.5,-2.06],[120.0,-1.87],[119.35,-2.75],[119.48,-3.0]]}},{"type":"Feature","properties":{"level":1016},"geometry":{"type":"LineString","coordinates":[[-78.27,-1.25],[-77.87,-0.5],[-78.0,0.05],[-78.01,-0.25],[-78.39,-0.5],[-78.27,-1.25]]}},{"type":"Feature","properties":{"level":1016},"geometry":{"type":"LineString","coordinates":[[36.61,-1.0],[36.75,-1.19],[37.7,-0.25],[37.5,0.23],[37.25,0.23],[37.0,-0.17],[36.5,-0.03],[36.25,-0.66],[35.75,-0.16],[35.55,-0.25],[35.47,-0.5],[36.0,-0.97],[36.5,-0.84],[36.61,-1.0]]}},{"type":"Feature","properties":{"level":1016},"geometry":{"type":"LineString","coordinates":[[97.19,3.5],[97.5,3.28],[97.77,3.75],[96.75,4.65],[96.68,4.25],[97.19,3.5]]}},{"type":"Feature","properties":{"level":1016},"geometry":{"type":"LineString","coordinates":[[38.21,4.25],[38.75,5.31],[39.5,5.24],[39.75,5.0],[40.06,5.75],[39.81,6.0],[39.9,6.25],[40.75,6.65],[41.12,7.25],[40.99,7.5],[41.33,7.75],[41.25,8.2],[40.5,7.78],[40.17,8.0],[40.25,8.37],[40.75,8.42],[41.25,8.81],[41.75,8.72],[42.5,9.26],[42.75,8.85],[43.76,9.0],[43.52,9.75],[43.25,9.83],[41.5,9.47],[39.25,8.23],[38.75,7.4],[38.25,7.47],[38.75,8.5],[39.25,8.77],[39.79,9.5],[39.96,10.5],[39.67,12.25],[39.83,14.25],[39.53,15.0],[38.75,15.81],[38.75,15.22],[39.38,14.75],[39.15,14.25],[39.36,14.0],[39.13,13.75],[39.3,13.0],[38.81,12.5],[38.93,12.0],[38.75,11.82],[38.0,11.95],[37.72,11.5],[38.0,11.35],[38.5,11.64],[38.75,11.53],[38.68,10.75],[39.15,10.0],[38.5,9.89],[37.75,9.09],[37.5,9.21],[37.4,8.75],[37.9,8.5],[37.71,7.25],[38.28,6.75],[37.75,5.75],[38.23,4.75],[38.21,4.25]]}},{"type":"Feature","properties":{"level":1016},"geometry":{"type":"LineString","coordinates":[[35.98,7.25],[36.5,7.06],[36.75,7.37],[37.34,7.5],[36.75,7.78],[36.25,8.49],[36.0,8.47],[35.2,7.75],[35.5,7.32],[35.98,7.25]]}},{"type":"Feature","properties":{"level":1016},"geometry":{"type":"LineString","coordinates":[[37.57,10.25],[38.14,10.25],[38.25,10.89],[37.0,11.41],[36.75,11.23],[36.75,10.75],[37.25,10.7],[37.57,10.25]]}},{"type":"Feature","properties":{"level":1016},"geometry":{"type":"LineString","coordinates":[[43.98,13.5],[44.25,13.43],[44.5,13.75],[45.25,13.66],[46.88,14.25],[45.75,14.37],[45.0,15.01],[44.71,15.75],[44.16,16.25],[44.25,16.54],[44.89,16.5],[44.17,17.5],[44.0,19.18],[43.25,19.18],[43.0,19.58],[42.5,19.64],[41.25,20.7],[41.0,21.15],[40.25,21.27],[41.79,19.75],[42.24,18.25],[43.2,17.75],[43.42,16.75],[43.87,16.5],[43.57,15.5],[44.03,15.0],[43.82,14.75],[44.05,14.25],[43.98,13.5]]}},{"type":"Feature","properties":{"level":1016},"geometry":{"type":"LineString","coordinates":[[48.08,14.75],[48.75,14.52],[49.31,15.0],[47.72,15.0],[48.08,14.75]]}},{"type":"Feature","properties":{"level":1016},"geometry":{"type":"LineString","coordinates":[[106.23,17.5],[106.04,18.75],[107.0,20.3],[108.5,20.69],[109.75,21.79],[110.75,22.24],[111.25,21.94],[113.0,22.14],[113.75,22.68],[114.25,22.6],[116.25,23.19],[116.5,23.52],[119.25,24.89],[120.75,25.26],[121.0,25.2],[121.18,24.75],[121.14,24.0],[120.81,23.5],[121.0,22.92],[121.95,24.5],[122.36,26.0],[125.19,29.0],[125.46,30.0],[126.25,31.22],[126.27,33.0],[126.73,33.5],[124.0,38.5],[122.25,38.46],[120.5,38.84],[119.75,39.23],[119.37,39.75],[120.28,41.25],[120.46,42.5],[119.62,43.5],[120.39,45.25],[119.92,47.0],[120.11,47.5],[119.75,47.99],[119.0,47.87],[118.25,48.16],[117.75,47.7],[117.68,48.0],[116.5,48.54],[116.5,49.35],[114.5,49.75],[113.6,50.25],[113.5,50.53],[112.5,50.39],[112.36,50.5],[112.71,50.75],[112.32,51.0],[112.37,51.25],[111.34,51.25],[112.0,51.31],[112.35,51.75],[111.78,52.0],[111.75,52.53],[110.91,52.75],[111.14,53.0],[110.96,53.25],[111.1,53.75],[111.5,54.12],[112.38,54.25],[111.91,54.5],[111.98,55.25],[113.73,55.75],[113.25,55.95],[113.0,56.5],[115.0,56.71],[117.25,57.37],[119.5,57.14],[121.5,57.24],[122.35,57.75],[122.33,58.75],[121.5,60.17],[117.79,62.5],[117.37,63.25],[117.56,65.25],[119.55,68.5],[119.89,69.75],[117.5,70.62],[116.75,71.46],[116.0,71.87],[112.0,72.81],[104.75,73.05],[98.25,71.68],[88.25,70.52],[86.37,70.0],[85.7,69.5],[85.57,68.75],[85.75,68.4],[87.12,67.5],[87.95,67.25],[88.25,66.82],[89.0,66.56],[89.57,66.0],[90.75,65.5],[91.97,64.5],[95.09,62.75],[96.91,60.5],[98.47,59.0],[100.5,57.69],[103.21,56.5],[104.32,55.5],[106.75,54.61],[106.75,54.12],[105.87,53.5],[105.75,52.74],[106.27,52.75],[106.5,53.37],[106.75,53.2],[107.75,53.94],[108.25,54.02],[109.26,55.0],[109.25,53.94],[108.0,52.76],[107.0,52.25],[107.12,51.75],[106.79,51.5],[107.1,51.25],[106.5,50.55],[105.25,50.19],[105.47,50.5],[105.15,50.75],[105.88,51.25],[105.25,51.37],[105.0,51.07],[104.5,51.39],[103.25,50.92],[103.0,51.49],[102.25,50.89],[101.33,51.0],[101.05,50.5],[102.14,50.0],[102.5,49.44],[102.98,49.25],[103.0,48.89],[103.25,49.15],[103.57,49.0],[103.0,48.33],[102.98,48.75],[102.5,48.79],[102.25,49.27],[101.93,48.75],[102.36,48.5],[102.25,47.94],[101.92,48.0],[101.5,48.65],[100.77,48.75],[100.78,49.25],[99.9,49.25],[99.11,50.0],[100.17,50.75],[100.08,51.25],[100.31,51.75],[99.76,52.25],[100.33,52.75],[99.88,53.0],[100.0,53.25],[101.25,53.36],[101.46,54.5],[100.5,54.8],[99.75,55.49],[97.25,56.22],[94.75,58.05],[92.0,58.84],[89.75,58.63],[88.25,58.14],[86.25,56.67],[83.86,55.5],[83.0,54.65],[81.19,53.5],[76.75,51.75],[75.25,50.88],[72.5,50.02],[66.0,49.08],[61.46,49.5],[58.75,50.16],[56.75,51.67],[54.68,52.75],[52.75,54.25],[50.25,54.95],[49.0,54.79],[48.75,55.26],[47.0,55.22],[46.75,54.7],[45.31,53.75],[45.06,53.0],[44.5,52.8],[43.96,52.0],[43.0,51.47],[37.25,52.7],[36.87,53.25],[34.5,54.41],[32.75,54.42],[30.75,54.91],[21.75,55.66],[18.75,55.46],[3.25,55.88],[-3.0,55.44],[-4.0,55.52],[-4.51,56.0],[-4.76,56.75],[-5.75,57.29],[-12.75,56.75],[-21.0,56.74],[-40.75,58.03],[-49.5,59.98],[-54.75,59.89],[-55.18,59.75],[-54.65,57.75],[-54.75,56.61],[-55.78,54.75],[-55.96,53.25],[-56.68,52.25],[-56.39,51.5],[-56.75,51.2],[-57.33,51.25],[-57.0,50.94],[-57.03,50.0],[-56.35,49.25],[-56.7,48.75],[-56.56,48.0],[-56.89,47.5],[-56.0,46.93],[-55.75,45.92],[-55.39,45.75],[-54.5,42.08],[-54.0,41.5],[-54.25,40.75],[-54.12,40.25],[-55.75,38.09],[-56.75,37.64],[-57.5,37.72],[-58.75,37.41],[-60.5,36.53],[-61.75,36.41],[-64.0,35.25],[-64.5,34.41],[-66.17,32.75],[-66.5,31.98],[-67.25,31.66],[-68.51,30.5],[-68.88,29.5],[-68.25,29.07],[-68.32,29.5],[-67.88,29.5],[-67.62,29.25],[-68.35,28.75],[-68.0,28.25],[-67.15,28.0],[-66.01,27.0],[-64.25,26.27],[-63.71,25.75],[-62.0,25.01],[-58.75,24.22],[-58.0,23.84],[-57.75,24.05],[-55.25,23.99],[-54.0,24.26],[-52.75,23.98],[-52.25,24.31],[-51.5,24.15],[-50.75,24.5],[-49.25,24.54],[-48.75,24.86],[-48.0,24.94],[-47.5,25.4],[-47.25,25.32],[-46.75,25.84],[-46.25,25.92],[-46.0,26.54],[-44.47,27.0],[-43.75,27.69],[-41.0,27.95],[-39.25,27.74],[-38.5,28.13],[-36.75,27.44],[-36.25,27.7],[-34.0,26.75],[-33.46,26.75],[-32.0,25.54],[-30.75,25.74],[-28.25,25.04],[-25.5,25.32],[-24.25,25.76],[-23.75,26.38],[-22.25,26.74],[-21.44,27.25],[-20.62,28.25],[-18.5,29.36],[-17.25,29.75],[-16.75,29.62],[-14.74,30.25],[-14.35,31.0],[-13.33,31.75],[-12.0,32.56],[-10.5,32.95],[-10.34,33.25],[-10.6,34.0],[-10.14,35.25],[-10.29,36.0],[-12.75,35.56],[-14.5,36.68],[-14.86,37.75],[-14.66,38.5],[-12.33,41.75],[-9.25,43.14],[-8.37,43.0],[-7.75,42.48],[-7.75,42.15],[-8.64,41.75],[-8.0,41.56],[-8.13,41.0],[-7.5,40.75],[-7.72,40.0],[-6.55,39.25],[-7.75,37.71],[-9.01,37.25],[-8.75,36.86],[-7.25,36.2],[-7.2,35.75],[-7.58,35.25],[-7.33,34.75],[-7.48,34.25],[-7.75,33.62],[-8.21,33.5],[-7.5,32.67],[-6.25,32.91],[-5.89,32.75],[-7.17,31.75],[-8.0,31.72],[-8.5,31.43],[-9.25,31.54],[-9.54,30.75],[-8.38,30.5],[-9.13,30.0],[-9.61,29.25],[-9.0,29.12],[-7.0,29.77],[-6.61,29.5],[-7.09,29.25],[-6.75,28.77],[-5.75,28.76],[-3.25,28.1],[0.0,28.63],[1.75,27.67],[2.25,27.79],[4.0,27.42],[5.03,27.0],[6.0,25.42],[6.25,25.56],[6.86,25.25],[6.5,24.35],[6.0,23.96],[5.5,24.91],[5.39,24.75],[5.52,23.75],[5.26,23.25],[5.5,22.64],[6.0,22.62],[7.0,23.28],[7.5,23.13],[7.75,22.56],[8.25,22.23],[9.25,22.67],[10.0,22.25],[12.25,21.84],[14.75,22.38],[15.75,21.9],[16.5,20.87],[17.0,20.78],[17.5,20.27],[18.0,20.42],[18.37,19.75],[19.25,19.23],[22.5,20.05],[23.75,19.97],[25.75,20.69],[26.75,21.25],[30.0,23.9],[30.5,24.88],[31.3,24.75],[31.86,25.5],[31.75,26.68],[32.25,26.72],[32.5,26.99],[32.91,28.0],[32.35,29.0],[32.75,29.99],[34.0,28.22],[35.0,30.12],[35.16,29.25],[34.98,29.0],[35.5,28.56],[35.82,28.75],[35.75,29.5],[36.5,30.39],[36.92,30.25],[36.78,29.5],[37.25,29.17],[37.59,29.75],[37.01,30.0],[37.26,30.5],[36.94,30.75],[36.68,31.75],[37.25,32.42],[37.75,32.04],[37.49,33.25],[38.5,33.11],[39.32,34.25],[38.5,34.15],[38.25,34.5],[38.94,34.75],[39.61,35.5],[38.62,35.75],[38.75,36.72],[40.0,37.16],[42.25,37.25],[43.25,36.72],[44.0,36.68],[44.25,36.16],[45.01,36.25],[44.9,35.75],[45.25,35.11],[45.87,35.25],[45.57,35.0],[45.91,33.75],[46.75,33.12],[47.25,32.95],[47.75,33.26],[49.75,32.26],[50.05,31.25],[50.98,30.5],[51.5,30.37],[52.24,29.0],[52.75,28.72],[53.11,29.0],[52.58,29.5],[52.5,30.02],[54.0,29.8],[54.18,30.0],[53.87,30.75],[53.17,31.0],[53.0,31.5],[53.25,31.61],[55.5,29.76],[55.82,29.25],[55.46,29.0],[55.75,28.79],[57.0,28.31],[57.25,28.76],[57.75,28.89],[58.25,28.41],[58.63,28.5],[56.75,31.75],[56.67,32.0],[57.0,32.38],[57.63,32.5],[57.0,32.62],[56.66,33.25],[56.75,33.79],[57.5,32.86],[58.56,32.75],[58.43,32.5],[59.42,31.5],[59.75,31.46],[60.0,30.75],[59.97,29.5],[60.5,28.5],[60.5,28.0],[62.25,27.59],[62.29,28.0],[61.41,29.0],[62.88,29.25],[62.75,29.45],[61.75,29.39],[61.0,30.12],[60.65,31.0],[62.25,33.33],[64.0,33.25],[63.69,33.0],[64.0,32.8],[66.25,33.7],[66.68,33.5],[66.48,32.75],[66.75,32.68],[68.12,33.5],[69.1,34.5],[69.24,35.0],[70.75,34.92],[71.5,35.27],[73.0,34.98],[74.5,33.38],[75.25,33.17],[75.55,32.75],[76.0,32.66],[77.12,31.75],[77.5,30.86],[78.36,30.75],[81.26,29.5],[81.75,28.88],[82.34,28.75],[82.75,28.33],[84.38,28.25],[86.5,27.32],[87.0,27.18],[87.25,27.41],[88.0,26.93],[88.5,27.28],[89.75,26.86],[93.5,27.16],[94.75,28.28],[95.75,28.35],[96.3,28.0],[96.63,27.0],[97.25,26.78],[97.28,27.5],[97.5,27.56],[97.88,27.25],[98.09,26.0],[97.75,24.71],[98.5,24.69],[98.75,24.33],[99.25,24.49],[99.42,24.25],[99.05,24.0],[99.1,23.25],[99.63,22.5],[99.39,21.5],[99.5,20.96],[101.0,21.84],[101.0,20.91],[101.25,20.73],[101.5,20.96],[102.0,20.28],[102.59,20.5],[102.2,19.5],[102.42,19.25],[103.25,18.8],[103.5,19.09],[103.75,19.01],[105.0,17.9],[106.23,17.5]]}},{"type":"Feature","properties":{"level":1016},"geometry":{"type":"LineString","coordinates":[[93.72,21.25],[93.85,21.5],[93.55,22.0],[93.5,22.95],[93.36,22.5],[93.72,21.25]]}},{"type":"Feature","properties":{"level":1016},"geometry":{"type":"LineString","coordinates":[[-98.6,23.25],[-98.19,23.25],[-98.5,23.78],[-98.72,23.5],[-98.6,23.25]]}},{"type":"Feature","properties":{"level":1016},"geometry":{"type":"LineString","coordinates":[[-9.31,24.0],[-9.0,23.98],[-8.98,24.25],[-9.31,24.0]]}},{"type":"Feature","properties":{"level":1016},"geometry":{"type":"LineString","coordinates":[[93.77,25.25],[94.75,25.19],[95.33,26.0],[95.25,26.56],[94.0,25.68],[93.77,25.25]]}},{"type":"Feature","properties":{"level":1016},"geometry":{"type":"LineString","coordinates":[[-180.0,25.38],[-179.5,24.18],[-178.25,22.76],[-177.5,21.47],[-176.5,20.29],[-175.0,19.09],[-174.0,19.21],[-172.5,18.49],[-171.0,18.3],[-169.75,18.52],[-168.0,18.11],[-164.75,18.65],[-163.25,19.35],[-159.5,19.6],[-158.25,20.38],[-157.5,20.24],[-156.5,20.52],[-156.0,20.39],[-155.94,19.25],[-155.5,19.02],[-155.25,19.27],[-154.75,19.21],[-152.0,20.15],[-147.75,20.47],[-146.5,21.39],[-146.0,21.24],[-143.07,22.0],[-142.75,21.77],[-139.5,22.23],[-138.75,22.75],[-137.5,22.61],[-136.0,22.92],[-133.75,23.83],[-131.5,25.24],[-131.07,25.75],[-131.0,26.26],[-129.17,27.5],[-126.8,31.25],[-126.55,32.75],[-125.66,34.25],[-125.57,39.5],[-124.82,41.0],[-124.78,42.25],[-124.5,42.74],[-124.0,42.59],[-123.75,42.02],[-123.46,42.0],[-123.5,41.72],[-123.25,41.79],[-123.34,41.5],[-123.0,40.9],[-121.88,41.25],[-121.52,40.0],[-120.75,39.56],[-120.32,38.5],[-118.93,36.75],[-118.46,35.5],[-118.5,34.91],[-117.75,35.93],[-117.39,36.0],[-117.25,36.97],[-115.89,36.75],[-115.99,36.25],[-115.5,35.8],[-114.92,36.5],[-114.81,37.0],[-113.87,37.0],[-114.02,36.75],[-113.88,36.25],[-114.31,35.5],[-114.06,35.0],[-113.75,34.74],[-113.5,34.88],[-112.5,34.08],[-111.75,34.02],[-110.72,33.0],[-110.88,32.5],[-110.64,32.0],[-110.86,31.75],[-110.71,31.0],[-110.5,30.68],[-110.0,30.69],[-109.75,30.3],[-109.25,30.48],[-108.93,30.25],[-109.13,29.75],[-108.65,29.0],[-109.0,28.73],[-109.0,28.07],[-108.5,28.29],[-108.0,27.26],[-106.86,26.25],[-106.86,25.75],[-106.39,25.5],[-105.61,23.75],[-104.5,22.91],[-104.0,23.01],[-102.75,22.64],[-102.5,22.14],[-102.3,22.75],[-102.75,23.25],[-101.75,24.01],[-101.5,23.67],[-101.0,24.02],[-100.0,23.8],[-99.53,22.75],[-99.75,22.21],[-100.25,22.19],[-101.25,22.93],[-102.04,22.0],[-101.25,22.03],[-101.25,21.75],[-100.32,21.25],[-99.67,20.25],[-99.25,20.29],[-97.5,19.55],[-97.25,18.85],[-96.87,19.75],[-97.75,20.18],[-99.26,21.75],[-99.47,22.75],[-99.11,23.25],[-98.94,24.25],[-98.43,24.75],[-98.59,25.0],[-97.65,27.75],[-97.16,28.0],[-97.0,28.76],[-94.5,30.33],[-93.25,30.63],[-92.75,30.32],[-92.5,30.42],[-92.07,30.75],[-92.71,31.25],[-92.6,31.5],[-88.5,33.39],[-87.5,33.42],[-87.0,33.7],[-85.25,33.5],[-84.0,33.78],[-83.0,33.64],[-82.91,33.5],[-84.25,32.37],[-84.5,32.58],[-84.9,32.5],[-84.25,32.21],[-83.0,32.58],[-81.5,32.46],[-79.08,33.25],[-78.75,33.56],[-78.0,33.63],[-76.25,34.7],[-75.25,34.74],[-73.73,37.0],[-73.86,37.5],[-73.69,37.75],[-74.04,38.5],[-74.94,39.25],[-74.48,40.25],[-74.66,40.5],[-74.52,41.25],[-75.93,44.0],[-76.65,44.5],[-76.66,45.5],[-77.66,47.0],[-79.5,48.99],[-82.27,53.5],[-83.27,60.0],[-86.2,62.25],[-87.06,63.5],[-87.25,64.63],[-87.77,65.0],[-87.93,65.75],[-88.46,66.25],[-90.9,67.25],[-94.0,67.39],[-94.64,67.25],[-95.18,66.75],[-95.19,65.75],[-95.61,64.25],[-95.35,63.75],[-95.36,62.5],[-96.34,59.5],[-96.36,58.5],[-96.89,57.75],[-97.47,56.0],[-97.21,54.5],[-97.53,53.25],[-97.31,51.0],[-96.43,47.25],[-96.64,45.5],[-98.31,42.75],[-100.62,40.75],[-101.16,40.0],[-102.0,39.41],[-103.25,39.16],[-103.72,38.75],[-103.75,38.41],[-104.41,38.75],[-103.78,37.75],[-104.0,37.64],[-104.5,37.82],[-104.75,37.67],[-104.76,38.0],[-105.28,38.5],[-104.56,38.75],[-105.25,39.39],[-105.57,41.0],[-106.25,41.68],[-107.0,41.69],[-106.81,42.0],[-107.17,42.25],[-107.75,42.29],[-107.91,42.0],[-108.31,42.0],[-108.32,42.25],[-109.6,43.5],[-109.04,43.75],[-109.74,44.5],[-109.45,45.0],[-110.0,45.31],[-110.59,45.0],[-110.21,44.75],[-110.5,44.36],[-110.79,44.5],[-110.59,44.75],[-111.0,44.96],[-113.25,44.29],[-113.25,43.86],[-113.75,44.34],[-113.99,44.25],[-113.77,44.0],[-114.0,43.93],[-114.69,44.25],[-114.5,44.56],[-115.28,44.5],[-115.32,44.0],[-114.75,43.56],[-113.75,43.48],[-113.5,43.74],[-113.0,43.54],[-111.5,44.27],[-110.89,44.0],[-111.6,43.25],[-111.5,42.64],[-113.03,42.25],[-113.0,41.86],[-112.5,41.68],[-111.92,42.0],[-111.81,40.75],[-112.65,40.5],[-113.5,39.28],[-114.21,40.25],[-114.37,41.25],[-114.11,41.5],[-114.32,41.75],[-115.25,41.9],[-116.53,41.25],[-116.25,40.88],[-115.75,40.97],[-115.75,41.36],[-115.49,41.25],[-115.34,41.0],[-115.75,40.47],[-116.0,40.6],[-116.25,40.16],[-118.25,39.57],[-118.25,39.21],[-119.25,39.29],[-119.35,39.75],[-119.12,40.0],[-119.44,40.25],[-119.48,40.75],[-118.14,42.25],[-118.83,42.0],[-118.24,43.25],[-118.5,43.6],[-119.0,43.35],[-119.37,43.75],[-119.0,44.17],[-118.52,44.25],[-118.15,45.0],[-118.5,45.33],[-117.91,46.0],[-119.0,45.29],[-120.0,45.21],[-120.5,45.5],[-120.38,45.75],[-121.09,46.25],[-120.99,46.75],[-120.48,47.25],[-120.72,47.5],[-120.19,49.0],[-121.04,50.0],[-125.0,51.66],[-126.5,52.61],[-126.75,53.06],[-128.25,53.7],[-129.51,53.75],[-130.0,53.06],[-131.25,52.38],[-132.0,52.37],[-136.5,50.73],[-138.0,50.6],[-141.75,49.63],[-143.0,49.07],[-146.75,48.24],[-147.5,47.85],[-150.5,47.54],[-152.0,46.96],[-155.0,47.01],[-155.75,46.66],[-157.25,46.77],[-159.25,46.5],[-160.25,46.77],[-163.0,46.73],[-167.61,47.5],[-172.75,48.97],[-175.22,50.0],[-176.84,51.0],[-180.0,54.09]]}},{"type":"Feature","properties":{"level":1016},"geometry":{"type":"LineString","coordinates":[[-12.0,25.75],[-11.58,25.75],[-12.0,26.25],[-12.39,26.25],[-12.0,25.75]]}},{"type":"Feature","properties":{"level":1016},"geometry":{"type":"LineString","coordinates":[[55.22,28.5],[55.29,28.75],[54.67,29.25],[55.43,29.25],[55.07,29.75],[54.25,29.68],[54.05,29.0],[55.22,28.5]]}},{"type":"Feature","properties":{"level":1016},"geometry":{"type":"LineString","coordinates":[[66.2,28.5],[66.5,28.44],[66.91,29.0],[66.75,29.69],[66.08,29.0],[66.2,28.5]]}},{"type":"Feature","properties":{"level":1016},"geometry":{"type":"LineString","coordinates":[[-17.95,28.75],[-17.75,28.57],[-17.57,28.75],[-17.75,28.99],[-17.95,28.75]]}},{"type":"Feature","properties":{"level":1016},"geometry":{"type":"LineString","coordinates":[[63.15,29.5],[64.29,29.5],[63.5,29.79],[63.15,29.5]]}},{"type":"Feature","properties":{"level":1016},"geometry":{"type":"LineString","coordinates":[[35.25,30.26],[35.1,30.75],[35.5,32.05],[35.62,31.25],[35.25,30.26]]}},{"type":"Feature","properties":{"level":1016},"geometry":{"type":"LineString","coordinates":[[67.42,30.5],[67.88,30.5],[67.5,31.09],[66.75,31.03],[67.25,30.99],[67.42,30.5]]}},{"type":"Feature","properties":{"level":1016},"geometry":{"type":"LineString","coordinates":[[-8.63,32.0],[-8.0,31.76],[-7.8,32.25],[-8.0,32.66],[-8.6,32.5],[-8.77,32.25],[-8.63,32.0]]}},{"type":"Feature","properties":{"level":1016},"geometry":{"type":"LineString","coordinates":[[69.14,33.25],[69.25,33.07],[69.75,33.78],[70.53,34.0],[69.5,34.39],[69.1,33.75],[69.14,33.25]]}},{"type":"Feature","properties":{"level":1016},"geometry":{"type":"LineString","coordinates":[[80.25,33.23],[79.0,33.48],[78.74,33.75],[80.25,33.72],[80.8,33.25],[80.5,33.04],[80.25,33.23]]}},{"type":"Feature","properties":{"level":1016},"geometry":{"type":"LineString","coordinates":[[-82.75,33.66],[-82.89,33.75],[-82.36,33.75],[-82.75,33.66]]}},{"type":"Feature","properties":{"level":1016},"geometry":{"type":"LineString","coordinates":[[-35.5,33.68],[-36.48,34.5],[-36.49,35.0],[-36.06,35.75],[-35.0,36.38],[-33.82,36.0],[-33.25,35.0],[-33.5,34.23],[-34.75,33.6],[-35.5,33.68]]}},{"type":"Feature","properties":{"level":1016},"geometry":{"type":"LineString","coordinates":[[77.75,33.69],[76.78,34.25],[77.5,34.44],[77.97,34.25],[77.75,33.69]]}},{"type":"Feature","properties":{"level":1016},"geometry":{"type":"LineString","coordinates":[[-4.75,33.95],[-5.19,34.25],[-4.99,34.5],[-4.49,34.5],[-4.34,34.25],[-4.75,33.95]]}},{"type":"Feature","properties":{"level":1016},"geometry":{"type":"LineString","coordinates":[[126.84,35.25],[127.25,35.1],[127.75,35.36],[127.98,35.75],[127.75,36.2],[127.25,36.19],[126.84,35.25]]}},{"type":"Feature","properties":{"level":1016},"geometry":{"type":"LineString","coordinates":[[73.75,35.43],[73.54,35.5],[74.25,35.56],[74.5,35.95],[74.77,35.75],[74.62,35.5],[73.75,35.43]]}},{"type":"Feature","properties":{"level":1016},"geometry":{"type":"LineString","coordinates":[[80.5,36.21],[80.25,36.6],[80.0,36.34],[78.25,37.08],[77.0,37.25],[76.31,38.0],[76.52,38.25],[75.0,39.52],[76.0,40.08],[78.87,40.75],[79.28,41.0],[78.97,41.25],[79.5,41.63],[80.25,41.57],[82.75,42.28],[85.75,41.93],[86.08,42.0],[85.75,42.25],[86.25,42.41],[89.0,42.17],[88.87,42.5],[88.01,42.75],[88.12,43.0],[92.0,43.34],[93.25,43.25],[94.88,42.5],[95.25,42.25],[94.8,41.75],[94.78,41.0],[96.0,40.8],[96.93,40.25],[94.09,39.5],[90.5,39.14],[89.0,38.77],[88.87,38.5],[83.5,36.56],[82.25,36.55],[81.5,36.09],[80.5,36.21]]}},{"type":"Feature","properties":{"level":1016},"geometry":{"type":"LineString","coordinates":[[74.75,37.49],[74.0,38.05],[74.0,38.57],[74.7,38.5],[74.47,38.25],[74.75,37.88],[75.0,38.15],[75.32,38.0],[74.75,37.49]]}},{"type":"Feature","properties":{"level":1016},"geometry":{"type":"LineString","coordinates":[[126.02,40.0],[126.75,39.85],[128.5,40.73],[129.22,41.75],[128.75,42.15],[127.5,42.45],[126.5,42.27],[125.0,41.22],[124.18,41.0],[125.0,40.71],[125.0,40.1],[126.02,40.0]]}},{"type":"Feature","properties":{"level":1016},"geometry":{"type":"LineString","coordinates":[[-117.93,40.25],[-117.5,40.03],[-116.88,40.25],[-117.25,40.25],[-117.5,40.56],[-117.84,40.5],[-117.93,40.25]]}},{"type":"Feature","properties":{"level":1016},"geometry":{"type":"LineString","coordinates":[[-7.5,42.46],[-7.72,42.5],[-7.5,42.64],[-7.35,42.5],[-7.5,42.46]]}},{"type":"Feature","properties":{"level":1016},"geometry":{"type":"LineString","coordinates":[[95.5,43.4],[94.0,43.99],[93.89,44.25],[95.25,44.26],[96.14,43.75],[95.5,43.4]]}},{"type":"Feature","properties":{"level":1016},"geometry":{"type":"LineString","coordinates":[[94.5,45.89],[93.5,46.66],[93.25,46.49],[92.56,47.0],[92.0,47.08],[91.25,47.8],[90.8,48.75],[90.18,49.0],[90.0,49.98],[90.75,49.89],[91.25,49.37],[91.75,49.8],[92.0,49.52],[94.25,49.56],[94.66,49.25],[95.5,49.15],[95.84,48.25],[96.59,47.5],[96.43,46.75],[97.01,46.5],[96.5,46.36],[96.0,46.86],[95.5,46.9],[95.4,46.75],[96.19,46.25],[96.19,46.0],[94.5,45.89]]}},{"type":"Feature","properties":{"level":1016},"geometry":{"type":"LineString","coordinates":[[180.0,54.09],[179.0,54.96],[176.75,56.04],[168.75,56.87],[165.5,57.64],[161.5,57.63],[160.98,57.75],[160.64,58.25],[160.25,58.33],[158.0,57.31],[155.98,56.75],[152.6,54.75],[149.06,51.75],[148.63,51.0],[148.56,50.0],[149.23,44.75],[149.5,44.26],[150.21,43.75],[150.5,42.7],[151.0,42.77],[151.56,42.25],[152.26,39.0],[153.11,37.25],[153.09,36.25],[153.68,35.25],[153.78,34.5],[154.25,34.32],[154.64,33.75],[156.0,30.75],[157.91,28.5],[158.76,28.0],[159.5,27.04],[160.75,26.11],[163.0,25.65],[163.5,25.35],[165.75,25.53],[167.5,25.96],[171.75,28.63],[173.25,29.0],[175.25,29.11],[176.25,28.97],[177.5,28.25],[179.14,26.75],[180.0,25.38]]}},{"type":"Feature","properties":{"level":1016},"geometry":{"type":"LineString","coordinates":[[-46.6,61.5],[-44.5,61.31],[-44.09,61.5],[-44.99,62.0],[-43.64,63.75],[-43.75,64.71],[-45.0,65.96],[-48.52,66.0],[-49.1,65.25],[-48.44,64.75],[-48.0,63.82],[-47.11,63.0],[-47.96,62.5],[-47.25,61.74],[-46.6,61.5]]}},{"type":"Feature","properties":{"level":1016},"geometry":{"type":"LineString","coordinates":[[128.02,65.25],[129.08,65.25],[128.02,65.25]]}},{"type":"Feature","properties":{"level":1016},"geometry":{"type":"LineString","coordinates":[[127.82,65.75],[128.86,65.75],[127.82,65.75]]}},{"type":"Feature","properties":{"level":1016},"geometry":{"type":"LineString","coordinates":[[-44.43,66.5],[-43.5,66.34],[-40.75,67.78],[-38.25,68.01],[-37.25,67.63],[-36.11,68.0],[-36.25,68.4],[-36.74,68.75],[-36.88,69.5],[-37.56,70.0],[-39.25,70.61],[-41.25,70.95],[-41.69,71.25],[-41.82,71.5],[-41.5,71.54],[-41.0,72.29],[-40.5,71.53],[-39.88,71.75],[-40.37,73.0],[-40.14,73.25],[-41.25,73.38],[-41.15,74.0],[-41.75,74.37],[-43.5,74.41],[-44.36,74.0],[-44.07,73.25],[-44.21,72.75],[-44.53,72.25],[-45.25,71.99],[-45.43,71.75],[-45.34,70.75],[-46.2,70.25],[-46.45,69.75],[-44.47,67.0],[-44.43,66.5]]}},{"type":"Feature","properties":{"level":1016},"geometry":{"type":"LineString","coordinates":[[-38.97,73.0],[-38.25,72.77],[-37.75,72.97],[-36.69,74.0],[-36.75,74.28],[-38.5,74.71],[-39.51,74.25],[-39.83,74.0],[-39.76,73.75],[-39.49,73.25],[-38.97,73.0]]}},{"type":"Feature","properties":{"level":1016},"geometry":{"type":"LineString","coordinates":[[-36.04,74.25],[-34.5,74.24],[-34.3,74.5],[-36.04,74.25]]}},{"type":"Feature","properties":{"level":1016},"geometry":{"type":"LineString","coordinates":[[-180.0,81.63],[-172.25,81.73],[-162.75,82.74],[-145.75,83.24],[-136.75,83.2],[-117.75,82.28],[-113.66,83.0],[-113.25,83.25],[-113.34,83.75],[-113.05,84.25],[-113.07,84.5],[-114.28,85.0],[-121.3,85.75],[-144.5,86.24],[-157.5,85.83],[-166.35,85.25],[-174.68,84.25],[-180.0,83.26]]}},{"type":"Feature","properties":{"level":1016},"geometry":{"type":"LineString","coordinates":[[180.0,83.26],[178.88,83.0],[177.34,82.25],[177.39,82.0],[177.75,81.91],[180.0,81.63]]}},{"type":"Feature","properties":{"level":1020},"geometry":{"type":"LineString","coordinates":[[21.77,-88.75],[51.25,-88.96],[79.98,-88.5],[82.26,-88.0],[90.06,-87.5],[88.5,-87.25],[88.16,-87.0],[88.78,-86.75],[97.82,-86.0],[98.12,-85.75],[97.58,-85.5],[101.17,-84.25],[123.19,-82.25],[124.83,-81.75],[128.66,-81.25],[127.34,-80.5],[127.87,-80.25],[127.86,-80.0],[127.27,-79.5],[127.38,-79.25],[127.0,-79.14],[117.75,-79.52],[108.61,-77.5],[94.11,-75.75],[92.15,-75.25],[91.45,-74.75],[91.06,-74.0],[90.0,-73.42],[87.84,-73.25],[88.21,-73.0],[88.0,-72.77],[85.75,-72.73],[84.0,-73.03],[84.28,-72.75],[83.5,-72.5],[82.13,-73.25],[82.0,-73.81],[80.91,-74.25],[80.32,-74.0],[80.57,-73.5],[80.16,-73.5],[79.19,-74.5],[78.5,-74.84],[78.16,-75.5],[77.0,-75.92],[68.25,-76.69],[65.75,-76.66],[62.5,-75.84],[59.75,-75.79],[57.0,-75.11],[53.75,-75.13],[52.69,-74.75],[53.07,-74.0],[54.25,-73.29],[55.75,-72.82],[56.72,-72.0],[57.82,-70.75],[57.0,-70.55],[52.33,-71.25],[47.0,-72.46],[40.0,-73.43],[36.5,-74.24],[25.5,-75.38],[24.5,-75.68],[23.82,-76.25],[19.77,-77.0],[17.56,-77.75],[15.26,-79.0],[8.61,-80.75],[1.29,-81.5],[-0.25,-81.85],[-3.25,-81.81],[-10.54,-82.25],[-20.58,-84.0],[-30.5,-84.72],[-34.7,-85.5],[-40.06,-86.0],[-41.99,-86.5],[-45.51,-86.75],[-35.25,-87.63],[-7.5,-88.57],[21.77,-88.75]]}},{"type":"Feature","properties":{"level":1020},"geometry":{"type":"LineString","coordinates":[[110.67,-74.75],[119.0,-74.88],[130.75,-74.03],[133.5,-73.79],[133.73,-73.0],[133.25,-72.5],[131.5,-72.24],[128.75,-72.72],[125.75,-72.55],[116.5,-73.29],[113.25,-73.31],[109.5,-72.63],[106.0,-71.32],[103.75,-71.22],[100.0,-71.62],[99.25,-71.85],[99.05,-72.25],[99.05,-72.5],[99.5,-72.49],[100.25,-73.05],[103.16,-73.75],[110.67,-74.75]]}},{"type":"Feature","properties":{"level":1020},"geometry":{"type":"LineString","coordinates":[[54.52,-53.5],[57.5,-53.62],[65.25,-53.09],[69.5,-51.91],[70.75,-51.0],[74.74,-47.25],[78.98,-42.0],[80.08,-40.0],[80.45,-38.5],[80.1,-37.75],[79.0,-36.74],[72.25,-33.33],[70.0,-31.4],[67.5,-28.02],[66.37,-26.25],[65.74,-24.75],[64.87,-24.0],[64.29,-22.0],[63.22,-20.75],[63.0,-19.9],[60.5,-17.95],[59.06,-17.25],[57.75,-16.8],[54.5,-16.42],[53.0,-16.01],[49.5,-13.5],[48.57,-14.25],[48.6,-15.75],[47.75,-16.98],[47.5,-17.0],[47.4,-17.75],[46.71,-18.25],[46.62,-21.0],[46.29,-22.0],[45.75,-22.18],[45.64,-22.5],[45.91,-23.25],[45.85,-24.0],[46.43,-24.25],[46.5,-25.4],[44.0,-26.96],[42.62,-27.25],[40.5,-29.69],[37.31,-31.25],[36.92,-31.75],[35.43,-32.5],[34.32,-34.0],[33.75,-35.25],[33.81,-37.5],[34.06,-39.0],[34.82,-41.25],[36.5,-44.69],[38.58,-47.0],[42.0,-49.97],[44.25,-51.33],[46.0,-52.02],[49.5,-52.82],[54.52,-53.5]]}},{"type":"Feature","properties":{"level":1020},"geometry":{"type":"LineString","coordinates":[[-180.0,-51.96],[-177.25,-52.11],[-172.25,-51.91],[-166.75,-50.91],[-164.33,-50.25],[-153.5,-46.24],[-150.75,-44.29],[-149.18,-42.0],[-147.88,-37.5],[-147.63,-37.25],[-147.87,-35.5],[-147.73,-35.0],[-144.87,-32.5],[-144.38,-31.25],[-143.25,-29.77],[-142.5,-29.41],[-141.5,-29.35],[-141.0,-28.86],[-137.5,-28.59],[-136.0,-28.9],[-128.75,-31.1],[-120.0,-35.36],[-115.5,-37.09],[-108.0,-38.91],[-101.75,-39.99],[-99.5,-39.93],[-97.62,-39.0],[-96.89,-37.25],[-96.65,-35.75],[-96.78,-35.25],[-96.29,-34.0],[-96.67,-33.25],[-96.1,-32.75],[-96.89,-32.25],[-96.5,-30.98],[-97.25,-30.9],[-97.62,-30.25],[-97.28,-29.75],[-97.75,-29.12],[-98.5,-29.22],[-99.0,-28.67],[-100.5,-27.99],[-101.0,-28.22],[-101.37,-27.5],[-102.0,-27.42],[-102.75,-26.94],[-103.62,-27.0],[-104.67,-25.5],[-107.0,-24.92],[-108.25,-24.18],[-110.0,-24.08],[-110.5,-24.28],[-111.25,-24.0],[-112.25,-24.34],[-113.0,-24.0],[-113.92,-24.0],[-114.0,-23.66],[-114.5,-23.42],[-115.0,-23.81],[-117.0,-23.76],[-117.5,-24.04],[-122.0,-24.76],[-122.75,-24.53],[-123.75,-24.85],[-124.75,-24.43],[-125.5,-25.41],[-126.38,-24.75],[-128.75,-23.77],[-130.25,-23.44],[-130.75,-23.54],[-132.5,-22.8],[-134.25,-22.98],[-134.22,-23.5],[-134.75,-23.73],[-136.0,-23.01],[-137.0,-21.91],[-137.14,-22.25],[-137.75,-22.42],[-137.75,-22.78],[-138.75,-22.82],[-141.0,-21.87],[-142.5,-22.12],[-143.25,-21.66],[-145.0,-21.53],[-145.42,-21.0],[-146.25,-20.54],[-147.5,-20.44],[-150.25,-19.24],[-152.0,-18.92],[-152.5,-19.07],[-154.0,-18.9],[-155.0,-18.46],[-156.75,-18.54],[-158.75,-17.99],[-161.75,-18.59],[-163.25,-18.57],[-164.0,-18.79],[-168.0,-18.74],[-169.0,-19.27],[-169.75,-19.08],[-170.25,-19.67],[-170.7,-19.75],[-171.0,-20.36],[-171.75,-20.25],[-172.0,-20.99],[-172.4,-21.0],[-172.75,-20.59],[-172.59,-21.0],[-173.0,-21.38],[-173.5,-20.91],[-174.0,-21.43],[-175.0,-21.58],[-176.5,-22.4],[-176.83,-23.25],[-177.4,-23.75],[-178.25,-25.32],[-179.5,-25.06],[-180.0,-25.2]]}},{"type":"Feature","properties":{"level":1020},"geometry":{"type":"LineString","coordinates":[[-21.18,-45.25],[-16.0,-44.22],[-15.0,-44.25],[-14.0,-43.88],[-13.5,-44.04],[-12.75,-43.6],[-2.5,-41.33],[2.0,-39.95],[4.75,-38.3],[6.26,-37.25],[7.99,-32.5],[7.53,-30.0],[6.3,-27.75],[4.5,-25.82],[2.55,-24.25],[2.46,-23.75],[1.0,-22.85],[-3.92,-20.25],[-9.41,-18.75],[-11.0,-18.5],[-16.25,-18.58],[-21.75,-18.04],[-24.75,-18.44],[-28.25,-19.37],[-29.25,-19.43],[-29.55,-19.75],[-31.47,-20.5],[-32.0,-21.19],[-34.0,-22.16],[-34.2,-23.25],[-34.75,-23.57],[-35.13,-24.25],[-34.08,-27.5],[-32.75,-30.0],[-29.93,-33.0],[-28.91,-34.75],[-25.59,-39.25],[-24.89,-40.75],[-24.57,-41.75],[-24.59,-42.5],[-23.89,-44.0],[-21.18,-45.25]]}},{"type":"Feature","properties":{"level":1020},"geometry":{"type":"LineString","coordinates":[[119.4,-42.25],[122.25,-42.11],[125.5,-41.12],[132.11,-37.5],[132.51,-36.5],[133.25,-35.93],[134.75,-35.42],[138.0,-35.08],[138.5,-35.25],[139.25,-34.81],[141.0,-34.72],[141.26,-34.25],[140.92,-33.25],[141.11,-32.25],[139.75,-31.92],[139.11,-31.25],[139.22,-30.5],[139.0,-30.33],[138.25,-30.5],[137.75,-30.03],[137.0,-29.82],[135.43,-28.0],[132.25,-26.05],[130.75,-26.2],[129.75,-25.92],[128.25,-26.34],[127.75,-27.1],[126.75,-26.63],[126.25,-26.9],[124.0,-27.03],[122.94,-28.0],[123.05,-29.5],[122.68,-30.0],[121.75,-30.35],[119.75,-30.42],[119.5,-30.64],[118.5,-30.8],[118.25,-30.65],[117.5,-30.93],[116.25,-30.61],[116.0,-31.78],[115.25,-32.01],[114.75,-31.59],[114.0,-31.76],[113.0,-31.09],[111.25,-30.84],[110.54,-30.0],[110.25,-30.01],[109.13,-29.0],[108.5,-28.75],[108.52,-28.5],[107.72,-27.75],[107.51,-27.0],[105.5,-24.2],[104.75,-23.5],[103.0,-22.98],[102.25,-22.37],[101.0,-22.37],[100.25,-22.88],[100.0,-22.7],[99.5,-22.85],[98.25,-22.66],[96.5,-23.62],[96.0,-23.64],[94.62,-25.0],[94.5,-25.58],[94.18,-25.5],[94.2,-26.0],[93.5,-27.26],[93.0,-26.88],[92.5,-26.94],[91.75,-25.97],[90.83,-26.0],[90.85,-26.25],[91.95,-27.25],[91.46,-27.75],[91.5,-28.71],[91.61,-28.5],[92.15,-28.5],[92.04,-29.25],[92.75,-29.83],[93.0,-30.53],[93.75,-30.82],[94.25,-31.42],[95.0,-31.24],[96.25,-31.86],[97.25,-31.67],[97.93,-32.5],[99.25,-32.78],[100.0,-33.26],[101.25,-32.95],[103.5,-33.95],[105.5,-34.25],[107.5,-35.0],[108.5,-35.9],[110.25,-36.72],[111.21,-37.75],[111.41,-38.5],[112.0,-39.25],[113.44,-40.0],[113.89,-40.5],[116.5,-41.91],[119.4,-42.25]]}},{"type":"Feature","properties":{"level":1020},"geometry":{"type":"LineString","coordinates":[[-178.75,-32.31],[-179.23,-32.0],[-179.46,-31.5],[-179.36,-30.75],[-179.0,-30.22],[-177.75,-29.65],[-176.75,-29.81],[-176.25,-30.81],[-175.88,-31.0],[-176.67,-31.5],[-177.13,-32.25],[-178.75,-32.31]]}},{"type":"Feature","properties":{"level":1020},"geometry":{"type":"LineString","coordinates":[[100.5,-32.37],[100.28,-31.5],[100.75,-29.63],[100.89,-32.25],[100.75,-32.48],[100.5,-32.37]]}},{"type":"Feature","properties":{"level":1020},"geometry":{"type":"LineString","coordinates":[[-70.52,-29.5],[-70.25,-29.72],[-69.5,-28.37],[-68.74,-27.75],[-68.82,-27.5],[-68.42,-27.0],[-68.5,-26.33],[-68.75,-26.35],[-69.25,-27.0],[-69.61,-28.0],[-70.5,-29.06],[-70.52,-29.5]]}},{"type":"Feature","properties":{"level":1020},"geometry":{"type":"LineString","coordinates":[[156.89,-28.5],[157.25,-28.75],[157.41,-28.5],[157.0,-27.93],[156.89,-28.5]]}},{"type":"Feature","properties":{"level":1020},"geometry":{"type":"LineString","coordinates":[[92.25,-27.86],[92.0,-27.5],[92.25,-27.2],[92.25,-27.86]]}},{"type":"Feature","properties":{"level":1020},"geometry":{"type":"LineString","coordinates":[[155.99,-27.5],[156.38,-27.5],[155.99,-27.5]]}},{"type":"Feature","properties":{"level":1020},"geometry":{"type":"LineString","coordinates":[[155.68,-27.25],[155.97,-27.25],[155.68,-27.25]]}},{"type":"Feature","properties":{"level":1020},"geometry":{"type":"LineString","coordinates":[[156.61,-26.75],[156.83,-26.75],[156.61,-26.75]]}},{"type":"Feature","properties":{"level":1020},"geometry":{"type":"LineString","coordinates":[[-125.78,-25.0],[-125.75,-25.23],[-125.78,-25.0]]}},{"type":"Feature","properties":{"level":1020},"geometry":{"type":"LineString","coordinates":[[180.0,-25.2],[178.5,-25.31],[178.16,-25.75],[176.5,-26.25],[174.25,-26.38],[172.5,-26.24],[171.0,-25.31],[170.18,-25.25],[169.25,-24.38],[168.0,-24.01],[164.75,-24.2],[162.75,-23.82],[161.25,-23.85],[158.5,-24.25],[157.53,-25.25],[157.3,-26.0],[157.51,-26.75],[157.33,-27.25],[158.59,-30.25],[158.51,-31.25],[159.88,-33.5],[160.71,-35.5],[161.05,-37.25],[162.51,-41.75],[164.3,-44.25],[165.28,-45.25],[166.18,-45.75],[169.0,-46.6],[170.0,-46.67],[171.5,-48.15],[174.75,-50.56],[176.52,-51.25],[180.0,-51.96]]}},{"type":"Feature","properties":{"level":1020},"geometry":{"type":"LineString","coordinates":[[105.5,-24.88],[105.5,-24.52],[105.73,-24.75],[105.5,-24.88]]}},{"type":"Feature","properties":{"level":1020},"geometry":{"type":"LineString","coordinates":[[-134.88,-22.75],[-134.75,-22.92],[-134.54,-22.75],[-134.88,-22.75]]}},{"type":"Feature","properties":{"level":1020},"geometry":{"type":"LineString","coordinates":[[39.23,10.75],[39.5,10.6],[39.63,11.0],[39.52,12.0],[39.25,12.16],[39.11,11.75],[39.47,11.5],[38.96,11.0],[39.23,10.75]]}},{"type":"Feature","properties":{"level":1020},"geometry":{"type":"LineString","coordinates":[[18.4,20.0],[18.75,19.84],[19.5,20.75],[20.16,21.0],[21.25,22.01],[21.75,21.78],[22.25,22.0],[23.25,21.96],[25.25,22.75],[25.5,23.3],[26.5,23.44],[27.5,24.35],[28.25,25.18],[28.0,25.55],[28.95,25.75],[28.5,26.38],[28.0,26.08],[27.5,26.45],[26.64,26.25],[26.25,27.01],[24.75,27.47],[24.25,28.03],[23.5,28.22],[23.65,28.75],[23.3,29.0],[23.33,30.5],[25.09,30.75],[25.43,31.0],[25.29,31.5],[25.73,32.25],[25.58,34.0],[25.83,34.25],[25.76,34.75],[26.5,35.2],[26.58,35.5],[25.84,36.75],[25.59,38.25],[25.75,38.66],[26.0,38.4],[25.95,38.75],[26.5,38.69],[26.75,39.12],[27.25,38.76],[29.25,38.91],[30.5,38.27],[30.75,38.46],[31.12,38.25],[31.25,37.69],[31.5,37.97],[31.94,37.75],[31.82,37.0],[32.5,36.74],[32.53,38.0],[32.29,38.5],[33.5,39.72],[33.75,39.24],[34.75,38.98],[35.0,39.33],[35.75,39.09],[36.42,39.25],[36.24,39.0],[36.5,38.74],[36.03,38.5],[36.5,38.08],[36.75,38.14],[36.73,38.5],[37.25,38.97],[37.75,38.73],[38.75,39.08],[42.0,38.25],[43.0,37.43],[44.5,37.32],[44.91,36.5],[45.3,36.5],[44.69,37.75],[44.89,38.75],[44.59,39.75],[43.76,40.0],[43.75,40.26],[44.5,40.26],[45.74,39.25],[45.95,38.5],[46.65,38.25],[46.69,38.0],[46.25,37.66],[46.5,37.56],[47.25,38.11],[47.55,38.0],[47.54,37.75],[48.25,37.61],[48.42,37.0],[49.25,35.89],[50.25,36.5],[50.8,36.0],[52.25,35.44],[52.75,35.35],[53.5,35.63],[54.0,35.44],[54.4,36.25],[55.25,36.05],[55.5,35.73],[56.0,36.0],[56.0,36.29],[56.34,36.5],[56.24,36.75],[56.5,36.78],[56.67,36.5],[57.5,36.19],[57.54,35.75],[58.97,35.0],[59.16,34.5],[58.56,34.0],[59.58,33.0],[59.83,32.25],[60.25,32.1],[60.65,32.5],[60.55,33.0],[61.0,33.98],[61.5,33.94],[62.0,34.38],[62.7,34.25],[62.11,34.0],[63.0,33.62],[64.25,33.66],[64.75,33.45],[66.25,34.12],[66.75,33.98],[67.25,34.24],[67.75,33.9],[68.83,34.75],[68.75,35.03],[70.0,35.12],[70.25,35.35],[71.07,35.25],[71.62,36.0],[73.0,36.85],[73.25,36.47],[74.5,36.37],[74.87,37.0],[74.65,37.25],[72.98,37.75],[73.51,38.0],[72.95,38.25],[73.14,39.0],[74.5,39.17],[75.25,38.71],[75.21,39.0],[74.61,39.5],[74.64,39.75],[75.34,40.25],[76.85,40.5],[77.0,40.85],[77.98,41.0],[77.75,41.37],[77.44,41.25],[77.62,41.75],[77.47,42.0],[76.19,42.25],[76.5,42.66],[78.25,42.64],[78.5,42.34],[79.87,42.5],[79.85,42.25],[79.44,42.0],[80.0,41.7],[82.75,42.54],[85.5,42.47],[86.25,42.97],[86.91,42.75],[87.91,43.25],[88.0,43.57],[89.99,43.5],[88.5,44.22],[87.5,44.03],[86.75,44.5],[86.25,45.23],[84.75,45.26],[84.58,45.5],[85.21,46.5],[85.75,46.77],[86.5,46.76],[86.61,46.5],[88.0,46.02],[88.27,47.0],[87.48,47.75],[87.75,48.08],[88.5,48.02],[88.86,48.25],[88.44,48.5],[88.12,49.25],[88.2,49.75],[87.71,50.25],[87.74,50.5],[88.72,50.75],[88.15,51.0],[88.31,51.25],[91.0,51.57],[92.0,51.91],[92.52,51.75],[91.81,51.5],[91.83,51.25],[94.25,51.22],[94.23,51.75],[94.75,52.07],[95.33,51.75],[95.18,51.5],[95.5,51.3],[98.0,50.82],[98.4,51.25],[98.31,51.75],[97.43,52.0],[97.0,52.57],[95.66,53.0],[95.56,53.25],[96.0,53.49],[97.33,53.5],[96.81,53.75],[96.75,54.18],[96.0,54.34],[95.42,54.75],[96.08,55.0],[96.0,55.56],[94.0,56.72],[92.0,56.62],[89.75,56.23],[88.5,55.5],[87.5,55.24],[85.27,53.25],[84.0,52.69],[83.75,51.98],[81.25,51.42],[77.25,49.42],[75.25,49.4],[74.25,48.99],[68.75,47.88],[63.75,47.38],[60.5,47.64],[58.25,48.38],[55.25,48.96],[50.5,49.04],[44.75,47.21],[43.75,47.11],[40.5,47.51],[38.75,47.47],[36.65,48.0],[34.5,49.62],[28.25,52.71],[25.5,53.35],[21.5,53.82],[9.68,54.0],[5.75,53.85],[0.25,53.11],[-2.0,53.39],[-4.25,53.26],[-6.0,52.62],[-10.25,52.43],[-14.5,51.63],[-15.03,51.75],[-14.24,52.5],[-14.33,53.75],[-18.25,54.86],[-34.0,56.52],[-45.25,57.06],[-47.75,56.95],[-49.75,56.39],[-52.25,54.89],[-53.38,53.5],[-54.25,51.25],[-54.12,50.0],[-54.39,49.25],[-54.26,48.25],[-54.49,47.5],[-54.16,46.5],[-52.51,44.5],[-52.25,43.49],[-50.97,42.5],[-50.14,41.5],[-49.25,41.3],[-48.5,41.7],[-48.0,41.54],[-48.2,40.75],[-48.03,40.5],[-48.5,39.5],[-48.25,38.93],[-47.62,38.75],[-47.5,38.16],[-45.25,36.74],[-44.5,36.84],[-43.75,36.5],[-43.0,36.77],[-41.25,36.66],[-36.25,38.9],[-34.5,39.18],[-32.69,38.0],[-29.0,34.26],[-27.75,33.68],[-25.5,33.79],[-23.65,33.5],[-21.65,33.75],[-20.62,34.25],[-19.18,35.75],[-18.75,37.6],[-16.59,41.75],[-14.5,43.8],[-12.0,45.44],[-9.5,46.23],[-5.75,46.69],[-3.25,47.6],[-0.5,47.59],[1.49,46.75],[1.0,46.23],[0.81,45.5],[1.26,45.25],[1.25,43.14],[-1.21,43.0],[-0.45,42.25],[0.28,42.25],[1.24,41.75],[0.85,41.25],[1.0,41.14],[1.75,41.4],[3.58,41.25],[4.75,40.04],[5.81,39.5],[6.25,37.32],[5.25,37.49],[4.87,37.0],[3.0,36.62],[2.0,35.95],[1.89,35.5],[1.21,35.25],[1.0,34.7],[0.5,34.87],[-1.14,34.25],[0.65,34.25],[-0.83,33.5],[-2.0,33.42],[-3.0,33.84],[-3.86,32.75],[-5.25,32.74],[-6.56,31.75],[-8.84,31.0],[-7.85,30.75],[-7.72,30.5],[-7.99,30.25],[-7.75,30.13],[-7.41,30.25],[-7.25,31.15],[-5.5,30.94],[-5.3,31.25],[-5.5,31.5],[-5.0,31.8],[-3.0,32.19],[-2.0,31.65],[-1.38,31.75],[-1.0,31.27],[0.25,30.82],[3.0,30.7],[5.25,31.42],[6.75,30.84],[8.75,29.4],[9.02,28.0],[11.57,26.25],[11.36,25.5],[11.51,24.5],[11.75,24.34],[12.15,24.75],[13.05,25.0],[13.0,25.36],[13.5,25.17],[14.75,25.67],[15.58,25.5],[15.5,24.99],[16.0,25.39],[16.5,24.85],[18.55,24.5],[18.88,23.75],[18.59,23.25],[19.1,22.25],[18.2,21.0],[18.4,20.0]]}},{"type":"Feature","properties":{"level":1020},"geometry":{"type":"LineString","coordinates":[[103.53,22.5],[103.75,22.35],[103.75,22.92],[104.5,22.75],[105.5,23.0],[105.75,22.71],[106.5,22.88],[107.25,23.64],[108.35,24.0],[109.5,24.79],[110.0,24.71],[110.25,24.24],[110.75,24.6],[112.5,24.38],[113.5,24.77],[114.0,24.49],[114.75,24.47],[116.25,26.11],[117.75,27.19],[118.61,27.25],[118.75,26.98],[119.25,27.34],[120.0,27.41],[120.52,28.0],[121.5,28.54],[122.05,30.25],[121.81,32.0],[120.25,34.26],[118.75,35.16],[118.25,35.15],[118.17,36.25],[117.42,36.25],[116.5,35.09],[114.21,35.5],[114.17,37.5],[113.81,38.25],[114.0,38.81],[114.75,39.16],[115.46,40.0],[115.44,40.5],[116.25,40.76],[117.93,42.0],[118.14,42.75],[117.77,43.75],[117.82,44.0],[118.37,44.25],[118.25,44.63],[117.75,44.4],[116.75,44.94],[116.0,44.81],[115.88,45.0],[116.24,45.25],[115.5,46.06],[114.0,45.94],[113.24,45.25],[113.75,44.73],[113.75,44.17],[112.5,42.84],[110.75,42.26],[109.0,42.64],[108.27,42.25],[107.0,42.3],[106.5,41.99],[103.62,43.75],[102.97,43.75],[103.49,43.5],[103.61,43.25],[103.32,42.75],[103.96,42.0],[105.32,41.5],[104.25,41.05],[102.95,41.0],[102.7,40.75],[103.12,40.5],[102.37,39.5],[101.84,39.25],[101.8,39.0],[101.25,38.82],[101.0,39.01],[100.75,38.57],[97.5,39.73],[95.5,39.74],[92.5,39.08],[90.65,39.0],[90.21,38.5],[91.25,38.1],[91.33,37.75],[91.0,37.7],[90.0,38.34],[89.0,38.37],[86.75,37.19],[85.75,37.26],[84.55,36.75],[84.99,36.5],[84.0,36.46],[83.0,35.97],[82.5,36.42],[82.28,36.25],[82.63,36.0],[82.0,35.77],[80.0,35.98],[79.5,36.24],[79.25,36.05],[79.0,36.39],[79.0,36.08],[81.0,34.95],[82.25,35.05],[82.73,35.5],[83.36,35.25],[83.09,34.75],[82.75,34.68],[82.25,34.99],[82.0,34.43],[81.36,34.5],[82.0,34.06],[82.25,34.39],[82.46,34.25],[81.39,33.5],[82.25,33.33],[82.75,33.59],[83.0,33.26],[83.5,33.18],[84.25,33.68],[84.55,33.0],[84.4,32.5],[85.11,32.25],[85.2,32.0],[84.25,31.86],[83.0,32.33],[82.0,31.7],[81.0,31.73],[80.25,32.26],[79.91,32.0],[80.0,31.68],[80.25,31.93],[80.25,31.38],[80.5,31.53],[81.68,30.75],[81.5,30.64],[80.75,30.7],[79.14,31.5],[78.91,31.75],[79.1,32.25],[79.55,32.5],[79.25,32.65],[78.5,32.48],[78.0,33.21],[77.29,33.25],[77.35,33.5],[75.82,34.5],[75.86,35.0],[75.25,35.38],[74.25,35.17],[73.5,35.35],[73.18,35.0],[73.26,34.75],[73.75,34.58],[74.5,34.73],[75.0,34.38],[75.4,33.5],[75.88,33.25],[76.49,32.25],[77.25,32.0],[78.75,30.68],[79.5,30.61],[79.75,30.16],[80.5,30.14],[81.0,29.72],[81.5,29.62],[82.0,29.91],[82.31,29.5],[82.0,28.99],[82.75,29.04],[82.75,28.74],[83.25,28.55],[85.25,28.23],[86.5,27.6],[87.25,27.7],[88.25,27.38],[88.5,27.59],[89.25,27.24],[89.75,27.7],[90.5,27.33],[91.25,27.67],[91.86,27.5],[91.7,27.25],[92.0,27.14],[93.25,28.16],[94.25,28.48],[95.0,29.15],[95.25,28.68],[95.75,28.77],[96.5,28.29],[96.75,27.59],[97.0,27.49],[97.25,27.82],[98.1,27.75],[98.75,26.14],[99.25,25.91],[99.75,26.16],[100.0,25.8],[100.5,26.58],[100.94,25.5],[100.83,25.25],[102.07,25.0],[101.92,24.0],[102.34,23.5],[102.12,23.25],[102.87,23.25],[102.76,23.0],[103.25,22.93],[103.53,22.5]]}},{"type":"Feature","properties":{"level":1020},"geometry":{"type":"LineString","coordinates":[[22.25,22.54],[22.03,23.0],[22.5,23.35],[22.7,23.25],[22.25,22.54]]}},{"type":"Feature","properties":{"level":1020},"geometry":{"type":"LineString","coordinates":[[-105.61,25.5],[-105.41,25.5],[-105.48,26.0],[-105.22,26.25],[-105.75,26.94],[-106.35,26.0],[-105.61,25.5]]}},{"type":"Feature","properties":{"level":1020},"geometry":{"type":"LineString","coordinates":[[15.75,26.22],[16.0,26.5],[16.36,26.5],[16.25,26.19],[15.75,26.22]]}},{"type":"Feature","properties":{"level":1020},"geometry":{"type":"LineString","coordinates":[[-101.91,26.75],[-101.75,26.58],[-101.55,26.75],[-101.7,27.0],[-101.45,27.75],[-101.44,29.0],[-102.25,29.69],[-102.48,29.5],[-102.73,27.5],[-102.5,26.99],[-101.91,27.0],[-101.91,26.75]]}},{"type":"Feature","properties":{"level":1020},"geometry":{"type":"LineString","coordinates":[[-107.07,27.25],[-106.55,27.25],[-106.54,27.75],[-107.0,28.37],[-107.75,28.0],[-107.07,27.25]]}},{"type":"Feature","properties":{"level":1020},"geometry":{"type":"LineString","coordinates":[[87.75,28.15],[87.25,28.47],[85.75,28.72],[85.0,29.16],[84.75,28.99],[83.36,29.75],[83.21,30.25],[85.84,29.25],[86.0,28.89],[86.25,29.06],[87.5,28.65],[88.0,28.74],[88.75,28.38],[89.05,28.5],[89.0,28.76],[88.25,28.99],[87.75,28.81],[86.6,29.25],[89.0,29.45],[90.5,29.32],[91.25,29.93],[91.66,29.75],[91.31,29.5],[93.14,29.0],[90.75,28.9],[90.25,29.23],[89.25,28.11],[87.75,28.15]]}},{"type":"Feature","properties":{"level":1020},"geometry":{"type":"LineString","coordinates":[[-106.73,28.75],[-106.5,28.56],[-106.3,28.75],[-105.75,29.75],[-105.5,29.85],[-105.25,29.35],[-105.0,29.58],[-104.85,29.75],[-105.22,30.0],[-105.25,30.35],[-105.75,30.08],[-106.0,30.31],[-106.75,29.86],[-107.0,29.0],[-107.35,29.0],[-106.73,28.75]]}},{"type":"Feature","properties":{"level":1020},"geometry":{"type":"LineString","coordinates":[[57.08,29.25],[57.5,29.02],[57.77,29.25],[57.5,30.25],[57.0,29.67],[56.22,29.75],[56.5,29.35],[57.08,29.25]]}},{"type":"Feature","properties":{"level":1020},"geometry":{"type":"LineString","coordinates":[[-180.0,29.31],[-174.75,25.59],[-172.75,24.48],[-171.75,24.4],[-170.75,24.0],[-169.25,24.26],[-167.0,23.96],[-163.75,24.39],[-160.73,25.75],[-157.88,26.75],[-157.0,26.84],[-154.5,28.1],[-154.0,28.86],[-153.0,28.99],[-151.75,29.69],[-150.5,30.81],[-149.25,30.91],[-147.5,30.26],[-146.5,30.15],[-144.75,30.4],[-143.0,30.81],[-142.0,31.3],[-139.5,31.78],[-137.02,33.0],[-136.27,33.75],[-133.5,35.36],[-130.25,37.88],[-126.23,43.0],[-124.0,45.12],[-123.75,45.69],[-122.75,46.09],[-122.52,46.5],[-122.64,46.75],[-122.25,47.27],[-122.29,48.25],[-121.99,48.5],[-122.45,48.75],[-122.49,49.25],[-123.25,49.52],[-123.5,49.38],[-124.75,50.06],[-125.1,50.0],[-124.65,49.5],[-122.97,48.5],[-123.75,48.31],[-124.5,49.01],[-125.65,49.25],[-126.46,50.25],[-126.0,50.5],[-127.11,51.25],[-127.5,51.98],[-128.0,52.05],[-128.75,51.19],[-132.25,49.55],[-140.25,47.35],[-143.5,46.06],[-144.25,46.22],[-145.25,45.71],[-146.0,45.63],[-146.5,45.91],[-147.0,45.83],[-150.5,44.38],[-150.97,44.5],[-150.99,45.0],[-151.25,45.08],[-153.0,44.54],[-155.0,44.56],[-156.25,44.22],[-156.75,44.41],[-157.25,44.3],[-157.75,44.77],[-159.25,43.76],[-159.75,44.06],[-160.5,43.88],[-161.75,44.3],[-162.0,44.61],[-163.0,44.24],[-163.08,44.5],[-164.5,44.97],[-169.0,45.61],[-171.75,46.37],[-177.53,48.5],[-180.0,50.51]]}},{"type":"Feature","properties":{"level":1020},"geometry":{"type":"LineString","coordinates":[[-103.26,29.75],[-102.75,29.7],[-102.67,30.0],[-102.0,30.39],[-100.46,30.75],[-100.99,31.5],[-100.48,32.0],[-99.25,32.03],[-99.0,31.53],[-98.0,32.19],[-97.5,32.87],[-96.16,33.0],[-95.52,33.5],[-95.49,34.25],[-92.75,34.35],[-89.25,35.83],[-87.25,36.16],[-85.25,36.86],[-84.25,36.66],[-82.5,36.9],[-79.38,38.75],[-78.94,40.0],[-78.97,41.25],[-78.69,42.25],[-80.12,43.75],[-80.11,44.25],[-79.71,44.75],[-79.98,45.25],[-81.57,46.5],[-80.62,47.75],[-81.75,49.35],[-83.13,50.75],[-85.75,55.23],[-87.5,56.8],[-88.75,57.0],[-88.89,57.5],[-89.25,57.66],[-91.75,57.94],[-92.44,57.75],[-93.33,56.75],[-93.97,55.0],[-94.18,53.5],[-95.1,52.0],[-94.84,50.25],[-95.0,49.5],[-94.41,48.0],[-95.0,44.4],[-98.53,40.25],[-98.84,39.5],[-101.14,36.75],[-102.75,36.13],[-104.25,36.77],[-104.51,36.75],[-104.29,36.25],[-104.5,35.96],[-105.45,36.25],[-105.19,37.25],[-105.52,38.0],[-106.0,38.25],[-106.25,37.8],[-106.61,37.75],[-106.02,38.25],[-106.14,39.0],[-105.68,39.5],[-105.75,40.54],[-106.0,39.91],[-108.08,39.0],[-107.75,38.94],[-107.5,39.19],[-107.43,39.0],[-107.66,38.25],[-108.25,38.34],[-108.67,37.75],[-108.44,37.5],[-108.61,37.25],[-108.5,36.98],[-107.56,36.75],[-108.25,36.56],[-108.5,35.96],[-109.0,36.77],[-109.25,36.63],[-109.24,36.0],[-109.5,35.64],[-109.84,36.0],[-109.72,36.25],[-110.5,36.75],[-111.59,36.5],[-111.54,36.25],[-111.0,36.29],[-111.0,35.97],[-110.5,35.92],[-110.25,35.36],[-109.59,35.25],[-109.01,34.5],[-109.75,34.0],[-109.75,33.42],[-108.56,33.0],[-108.53,32.5],[-108.25,32.36],[-106.5,31.97],[-106.25,32.3],[-106.06,31.75],[-105.0,31.02],[-104.5,31.13],[-104.38,30.5],[-103.25,30.08],[-103.26,29.75]]}},{"type":"Feature","properties":{"level":1020},"geometry":{"type":"LineString","coordinates":[[-103.25,30.62],[-103.98,31.25],[-103.75,31.86],[-103.25,31.6],[-102.88,31.0],[-102.88,30.75],[-103.25,30.62]]}},{"type":"Feature","properties":{"level":1020},"geometry":{"type":"LineString","coordinates":[[51.12,30.75],[51.75,30.59],[52.25,31.25],[51.0,32.2],[50.75,32.06],[51.17,33.25],[51.5,33.3],[52.75,32.69],[53.03,32.75],[52.91,33.0],[51.11,34.0],[51.0,34.28],[50.7,34.25],[50.85,34.0],[50.5,33.61],[50.28,33.75],[50.25,34.2],[49.75,34.02],[49.5,34.32],[48.75,34.28],[48.75,34.82],[48.0,34.88],[47.75,35.11],[47.48,35.0],[47.75,34.08],[48.0,34.68],[48.71,34.25],[48.01,34.0],[48.5,33.66],[48.75,33.93],[49.0,33.77],[49.06,33.25],[50.25,31.92],[50.75,31.96],[51.03,31.5],[50.78,31.25],[51.12,30.75]]}},{"type":"Feature","properties":{"level":1020},"geometry":{"type":"LineString","coordinates":[[-5.31,33.0],[-5.25,32.79],[-5.0,32.82],[-4.0,33.29],[-3.85,33.75],[-5.0,33.47],[-5.31,33.0]]}},{"type":"Feature","properties":{"level":1020},"geometry":{"type":"LineString","coordinates":[[77.89,34.5],[78.5,34.28],[78.75,34.5],[78.78,35.0],[78.5,35.5],[77.99,35.75],[77.77,36.25],[77.97,36.75],[77.75,36.92],[77.25,36.78],[77.25,36.33],[76.78,36.5],[76.5,36.95],[76.0,36.55],[75.75,36.9],[75.11,37.0],[75.17,36.5],[74.62,36.0],[75.0,35.66],[75.25,35.89],[75.67,35.75],[77.89,34.5]]}},{"type":"Feature","properties":{"level":1020},"geometry":{"type":"LineString","coordinates":[[-4.34,34.75],[-3.75,34.69],[-3.54,35.0],[-3.73,35.75],[-3.56,36.0],[-3.75,36.24],[-4.0,35.91],[-4.17,36.0],[-4.05,36.25],[-4.28,36.5],[-3.75,36.82],[-2.75,36.88],[-1.96,37.5],[-1.85,38.0],[-2.0,38.5],[-1.77,38.75],[-2.0,39.1],[-2.5,39.12],[-3.25,38.52],[-3.88,38.75],[-2.65,41.0],[-3.25,41.32],[-4.25,41.1],[-4.75,40.64],[-5.85,40.75],[-5.76,40.25],[-5.5,40.14],[-4.15,40.25],[-4.17,39.75],[-4.43,39.5],[-4.13,39.0],[-4.98,38.0],[-4.76,37.75],[-4.86,37.25],[-5.5,36.69],[-5.72,35.5],[-5.5,35.13],[-4.34,34.75]]}},{"type":"Feature","properties":{"level":1020},"geometry":{"type":"LineString","coordinates":[[25.5,34.63],[25.73,34.75],[25.5,34.63]]}},{"type":"Feature","properties":{"level":1020},"geometry":{"type":"LineString","coordinates":[[72.21,35.25],[72.75,35.17],[73.67,36.0],[72.75,36.23],[72.25,36.1],[71.93,35.75],[72.21,35.25]]}},{"type":"Feature","properties":{"level":1020},"geometry":{"type":"LineString","coordinates":[[-111.86,35.75],[-111.75,35.6],[-111.65,36.0],[-112.0,36.76],[-112.27,36.5],[-111.82,36.0],[-111.86,35.75]]}},{"type":"Feature","properties":{"level":1020},"geometry":{"type":"LineString","coordinates":[[-5.25,35.72],[-5.38,36.25],[-5.0,36.37],[-4.74,36.0],[-5.25,35.72]]}},{"type":"Feature","properties":{"level":1020},"geometry":{"type":"LineString","coordinates":[[46.36,35.75],[46.75,35.52],[47.0,35.75],[46.96,36.0],[47.46,36.5],[47.25,36.92],[46.75,37.02],[46.75,36.68],[47.04,36.5],[46.36,35.75]]}},{"type":"Feature","properties":{"level":1020},"geometry":{"type":"LineString","coordinates":[[-118.28,36.25],[-118.23,36.75],[-118.75,37.6],[-118.98,37.25],[-118.28,36.25]]}},{"type":"Feature","properties":{"level":1020},"geometry":{"type":"LineString","coordinates":[[2.09,36.5],[2.35,36.5],[2.09,36.5]]}},{"type":"Feature","properties":{"level":1020},"geometry":{"type":"LineString","coordinates":[[9.0,36.49],[8.78,36.5],[9.0,36.49]]}},{"type":"Feature","properties":{"level":1020},"geometry":{"type":"LineString","coordinates":[[33.43,37.0],[34.25,36.93],[34.65,37.25],[34.61,37.5],[33.43,37.0]]}},{"type":"Feature","properties":{"level":1020},"geometry":{"type":"LineString","coordinates":[[8.75,37.2],[8.59,37.5],[9.0,37.73],[9.55,37.5],[9.25,37.2],[8.75,37.2]]}},{"type":"Feature","properties":{"level":1020},"geometry":{"type":"LineString","coordinates":[[-112.42,37.5],[-112.25,37.38],[-111.3,38.0],[-111.75,38.2],[-112.42,37.5]]}},{"type":"Feature","properties":{"level":1020},"geometry":{"type":"LineString","coordinates":[[-109.82,37.5],[-108.84,37.75],[-109.0,37.93],[-109.75,37.83],[-109.93,37.75],[-109.82,37.5]]}},{"type":"Feature","properties":{"level":1020},"geometry":{"type":"LineString","coordinates":[[34.81,37.75],[35.25,37.64],[35.42,38.0],[34.75,38.0],[34.5,38.42],[34.46,38.0],[34.75,37.99],[34.81,37.75]]}},{"type":"Feature","properties":{"level":1020},"geometry":{"type":"LineString","coordinates":[[-4.0,37.96],[-4.0,38.37],[-3.25,38.4],[-3.25,37.85],[-4.0,37.96]]}},{"type":"Feature","properties":{"level":1020},"geometry":{"type":"LineString","coordinates":[[31.75,38.91],[31.46,39.25],[31.62,39.75],[32.25,39.92],[32.38,39.25],[32.0,38.86],[31.75,38.91]]}},{"type":"Feature","properties":{"level":1020},"geometry":{"type":"LineString","coordinates":[[-1.05,39.5],[-0.75,39.31],[0.5,40.75],[0.25,40.91],[-0.25,40.67],[-1.0,41.08],[-1.25,40.82],[-2.25,40.85],[-2.0,39.94],[-1.05,39.5]]}},{"type":"Feature","properties":{"level":1020},"geometry":{"type":"LineString","coordinates":[[-110.97,40.75],[-110.75,40.57],[-109.81,40.75],[-110.5,40.92],[-110.97,40.75]]}},{"type":"Feature","properties":{"level":1020},"geometry":{"type":"LineString","coordinates":[[83.25,44.91],[83.77,45.0],[83.25,44.91]]}},{"type":"Feature","properties":{"level":1020},"geometry":{"type":"LineString","coordinates":[[87.2,45.5],[87.59,45.5],[87.25,45.79],[87.2,45.5]]}},{"type":"Feature","properties":{"level":1020},"geometry":{"type":"LineString","coordinates":[[-123.75,47.45],[-124.06,47.75],[-123.75,48.18],[-122.68,48.0],[-123.0,47.59],[-123.75,47.45]]}},{"type":"Feature","properties":{"level":1020},"geometry":{"type":"LineString","coordinates":[[107.73,48.5],[108.5,48.35],[108.75,48.67],[110.25,49.36],[110.8,50.0],[110.77,50.25],[110.25,49.79],[109.75,50.15],[109.25,50.12],[108.25,49.14],[107.5,49.16],[107.46,48.75],[107.73,48.5]]}},{"type":"Feature","properties":{"level":1020},"geometry":{"type":"LineString","coordinates":[[180.0,50.51],[178.0,51.89],[176.5,52.61],[175.25,52.76],[173.75,52.48],[172.85,52.75],[173.0,53.0],[172.75,53.05],[172.0,52.82],[170.25,52.98],[168.0,54.17],[166.0,54.73],[165.0,54.85],[162.5,54.09],[161.0,54.3],[160.87,54.5],[161.5,55.0],[161.38,55.75],[160.85,56.0],[160.75,56.34],[160.25,56.23],[159.5,56.66],[157.94,56.25],[156.04,55.0],[152.03,51.25],[151.62,50.5],[151.33,47.0],[151.63,45.75],[152.74,44.25],[152.62,44.0],[153.24,42.5],[153.86,42.25],[154.75,40.25],[154.79,39.25],[155.83,38.25],[157.25,35.57],[158.86,33.5],[159.01,32.75],[159.51,32.0],[161.5,30.52],[163.75,29.81],[165.5,29.84],[167.75,29.42],[172.25,30.74],[175.25,30.86],[179.0,30.25],[179.46,29.5],[180.0,29.31]]}},{"type":"Feature","properties":{"level":1020},"geometry":{"type":"LineString","coordinates":[[90.09,51.0],[91.71,51.25],[91.5,51.54],[90.09,51.0]]}},{"type":"Feature","properties":{"level":1020},"geometry":{"type":"LineString","coordinates":[[106.45,57.5],[107.5,57.69],[111.5,57.65],[113.25,58.08],[116.5,57.83],[117.25,58.09],[117.5,57.66],[118.0,57.47],[119.4,57.75],[119.35,58.0],[119.69,58.25],[119.01,59.25],[115.5,61.78],[114.75,62.79],[114.46,64.75],[115.18,66.25],[115.14,67.5],[114.93,67.75],[115.13,68.0],[114.25,68.19],[113.25,68.92],[112.65,69.0],[113.87,69.25],[111.19,70.0],[111.33,70.25],[110.84,71.0],[109.5,71.42],[107.25,71.37],[103.75,70.84],[103.6,70.75],[104.12,70.5],[103.98,70.0],[103.11,68.75],[102.5,68.59],[100.96,69.5],[101.25,69.75],[101.19,70.25],[102.0,70.27],[102.25,70.5],[102.0,70.59],[98.5,70.19],[96.0,70.35],[93.5,70.21],[90.07,69.75],[90.38,69.5],[90.0,68.9],[90.94,68.25],[89.92,68.0],[90.03,67.75],[91.25,67.31],[92.0,66.4],[93.01,66.0],[93.66,65.25],[96.1,64.0],[96.5,63.39],[100.25,60.96],[106.45,57.5]]}},{"type":"Feature","properties":{"level":1020},"geometry":{"type":"LineString","coordinates":[[-45.84,63.5],[-44.75,63.37],[-44.34,64.0],[-45.0,64.76],[-46.44,65.5],[-47.15,65.5],[-47.62,64.75],[-47.5,64.29],[-45.84,63.5]]}},{"type":"Feature","properties":{"level":1020},"geometry":{"type":"LineString","coordinates":[[-40.79,68.25],[-38.75,68.86],[-38.16,69.25],[-38.22,69.75],[-39.25,70.25],[-40.5,70.35],[-41.25,70.05],[-42.58,69.0],[-42.55,68.75],[-40.79,68.25]]}},{"type":"Feature","properties":{"level":1024},"geometry":{"type":"LineString","coordinates":[[45.11,-88.75],[71.0,-88.33],[71.75,-88.25],[70.61,-88.0],[74.92,-87.5],[75.29,-87.25],[76.86,-87.0],[85.18,-86.5],[80.46,-86.0],[87.25,-85.48],[96.77,-84.25],[111.06,-83.25],[112.99,-83.0],[112.92,-82.75],[113.75,-82.63],[120.74,-82.25],[121.61,-82.0],[121.22,-81.75],[123.68,-81.0],[122.68,-80.75],[122.52,-80.5],[123.05,-80.25],[122.25,-79.82],[117.25,-79.92],[114.0,-79.62],[111.25,-79.03],[107.75,-77.84],[93.5,-76.1],[91.75,-75.71],[89.25,-74.46],[87.25,-73.96],[84.25,-74.3],[83.0,-75.15],[81.82,-75.25],[81.71,-75.75],[81.12,-76.25],[79.83,-76.75],[78.5,-76.8],[78.0,-76.18],[67.5,-77.26],[65.0,-77.12],[62.0,-76.18],[59.25,-76.14],[57.0,-75.6],[53.25,-75.68],[52.5,-75.53],[51.68,-75.0],[51.99,-74.5],[51.73,-74.25],[52.25,-73.82],[55.25,-72.71],[56.19,-72.0],[56.37,-71.25],[57.05,-71.0],[56.75,-70.78],[48.5,-72.69],[41.0,-73.51],[36.25,-74.49],[26.64,-75.5],[25.72,-75.75],[25.48,-76.25],[22.75,-76.85],[20.49,-78.0],[19.0,-79.12],[16.81,-79.75],[14.25,-80.85],[12.25,-81.17],[7.75,-81.33],[3.16,-82.25],[-13.25,-83.9],[-19.98,-85.0],[-20.76,-85.25],[-21.64,-86.0],[-23.0,-86.22],[-27.25,-86.63],[-30.75,-86.47],[-34.26,-87.0],[-30.5,-87.28],[-23.75,-86.99],[-8.25,-88.04],[-2.43,-88.0],[-2.14,-87.75],[-3.07,-87.5],[-2.25,-87.47],[22.25,-88.45],[45.11,-88.75]]}},{"type":"Feature","properties":{"level":1024},"geometry":{"type":"LineString","coordinates":[[111.97,-74.75],[119.75,-74.79],[130.75,-73.95],[133.25,-73.63],[133.39,-73.25],[133.0,-72.75],[131.75,-72.53],[128.75,-72.94],[125.75,-72.82],[121.5,-73.3],[113.75,-73.52],[109.0,-72.83],[105.5,-71.47],[102.5,-71.82],[101.75,-72.05],[101.3,-72.5],[101.82,-73.0],[103.5,-73.57],[109.01,-74.5],[111.97,-74.75]]}},{"type":"Feature","properties":{"level":1024},"geometry":{"type":"LineString","coordinates":[[54.82,-52.5],[60.0,-52.46],[63.5,-52.12],[66.25,-51.6],[67.96,-51.0],[69.5,-49.91],[69.63,-49.75],[69.35,-49.5],[69.5,-49.32],[70.33,-49.0],[72.87,-46.5],[75.45,-42.75],[75.98,-41.75],[76.44,-40.0],[75.54,-37.75],[74.83,-37.0],[67.25,-32.49],[66.11,-31.5],[64.75,-29.37],[61.75,-26.55],[58.75,-24.66],[57.75,-23.76],[57.0,-23.49],[55.75,-23.64],[55.25,-23.02],[54.5,-22.75],[53.0,-23.27],[51.25,-23.11],[50.75,-23.3],[49.25,-24.49],[47.32,-27.0],[45.0,-29.08],[42.75,-30.47],[42.82,-30.75],[41.5,-31.28],[41.25,-31.84],[40.75,-31.73],[40.5,-32.14],[39.73,-32.5],[37.75,-34.35],[36.85,-35.5],[36.39,-38.25],[36.75,-40.75],[37.57,-43.0],[39.31,-45.75],[40.97,-47.5],[44.75,-50.07],[47.0,-51.0],[51.25,-52.09],[54.82,-52.5]]}},{"type":"Feature","properties":{"level":1024},"geometry":{"type":"LineString","coordinates":[[-180.0,-50.38],[-177.5,-50.59],[-173.5,-50.43],[-169.5,-49.93],[-166.25,-49.23],[-157.36,-46.25],[-155.26,-45.25],[-153.29,-43.75],[-152.43,-42.75],[-151.66,-41.25],[-151.12,-38.0],[-150.7,-37.25],[-151.9,-35.0],[-151.74,-34.25],[-150.78,-33.25],[-150.58,-32.25],[-150.79,-31.75],[-150.66,-29.75],[-151.33,-28.5],[-151.14,-27.25],[-151.63,-26.5],[-151.25,-26.25],[-151.3,-26.0],[-152.25,-24.73],[-152.61,-24.75],[-151.75,-25.9],[-151.75,-26.41],[-152.07,-26.25],[-152.33,-25.5],[-153.64,-24.5],[-156.0,-23.62],[-158.25,-23.28],[-159.75,-23.54],[-160.25,-23.28],[-161.0,-23.45],[-162.5,-23.33],[-163.25,-23.45],[-163.5,-23.77],[-164.5,-23.4],[-164.75,-23.82],[-165.25,-23.66],[-165.75,-23.98],[-166.51,-24.0],[-167.0,-24.36],[-167.75,-24.22],[-170.75,-25.57],[-172.75,-27.0],[-174.47,-31.75],[-175.25,-32.51],[-177.5,-33.62],[-179.25,-33.72],[-180.0,-33.51]]}},{"type":"Feature","properties":{"level":1024},"geometry":{"type":"LineString","coordinates":[[-20.12,-42.25],[-17.5,-42.49],[-13.01,-42.0],[-11.25,-41.42],[-9.11,-41.25],[-8.84,-41.0],[-7.25,-40.76],[0.0,-38.56],[2.42,-36.25],[3.59,-34.5],[3.93,-33.5],[3.75,-33.0],[3.89,-31.75],[3.41,-30.5],[2.92,-30.25],[3.26,-29.75],[2.25,-28.91],[-4.5,-25.31],[-6.75,-24.49],[-11.25,-23.37],[-16.75,-22.99],[-22.0,-23.33],[-27.0,-24.64],[-28.0,-25.65],[-28.33,-26.5],[-28.61,-28.0],[-28.31,-29.0],[-28.49,-30.25],[-24.89,-37.25],[-23.29,-39.75],[-21.75,-41.89],[-20.12,-42.25]]}},{"type":"Feature","properties":{"level":1024},"geometry":{"type":"LineString","coordinates":[[-109.67,-34.75],[-106.0,-34.87],[-105.32,-34.25],[-104.89,-33.25],[-105.29,-32.5],[-104.99,-31.75],[-105.15,-31.5],[-106.56,-31.25],[-106.94,-30.75],[-108.0,-30.16],[-108.25,-30.31],[-109.0,-29.96],[-109.5,-30.37],[-110.25,-30.2],[-110.5,-29.55],[-110.75,-29.52],[-111.5,-29.64],[-112.25,-30.12],[-112.45,-29.75],[-113.0,-29.58],[-114.25,-30.28],[-114.75,-29.91],[-115.75,-30.23],[-116.25,-29.95],[-117.5,-30.22],[-117.8,-30.5],[-117.77,-31.75],[-116.55,-32.5],[-112.75,-34.11],[-109.67,-34.75]]}},{"type":"Feature","properties":{"level":1024},"geometry":{"type":"LineString","coordinates":[[180.0,-33.51],[178.75,-33.02],[177.0,-31.23],[175.75,-30.91],[174.5,-30.81],[173.25,-31.23],[170.0,-31.44],[168.25,-31.19],[166.75,-32.0],[166.25,-31.76],[165.25,-33.38],[164.74,-33.75],[164.05,-37.0],[164.42,-39.0],[165.15,-40.75],[165.31,-41.75],[166.75,-45.13],[167.75,-45.23],[168.0,-45.46],[169.75,-45.41],[170.06,-45.25],[170.92,-43.75],[172.0,-43.33],[174.0,-41.8],[174.5,-41.8],[174.96,-42.25],[175.25,-44.25],[174.75,-46.25],[175.47,-48.0],[176.07,-48.75],[177.25,-49.59],[180.0,-50.38]]}},{"type":"Feature","properties":{"level":1024},"geometry":{"type":"LineString","coordinates":[[105.8,26.25],[106.0,26.02],[107.0,26.04],[108.75,26.73],[109.11,27.25],[109.0,27.37],[108.75,27.12],[108.74,27.5],[110.55,29.0],[111.1,30.25],[110.97,30.75],[111.58,31.5],[111.4,32.0],[110.5,32.55],[108.5,32.4],[108.19,32.75],[108.3,33.0],[109.25,32.96],[110.25,33.55],[111.74,33.75],[111.55,34.0],[110.25,34.31],[109.25,33.89],[107.25,34.18],[106.77,34.5],[106.25,35.77],[105.92,34.5],[105.25,34.09],[105.1,34.25],[105.3,34.5],[103.0,35.57],[102.14,36.5],[103.59,37.0],[103.4,37.25],[101.5,38.24],[97.5,39.52],[97.0,39.22],[96.5,39.57],[96.04,39.5],[95.86,39.25],[96.3,39.0],[96.0,38.94],[95.25,39.37],[94.45,39.25],[95.33,38.75],[94.67,38.5],[95.75,37.42],[96.25,37.3],[96.75,37.51],[98.49,37.0],[97.83,36.0],[96.0,36.3],[94.75,36.05],[93.0,36.52],[92.25,36.44],[91.62,36.75],[91.7,37.25],[90.5,37.56],[90.25,37.5],[90.55,37.0],[90.25,36.74],[89.0,36.77],[88.29,36.5],[88.3,36.0],[88.75,35.31],[89.25,35.29],[89.42,34.5],[88.5,33.91],[88.0,34.06],[87.63,33.5],[88.75,33.11],[89.5,33.53],[90.35,33.5],[90.52,33.25],[90.18,33.0],[90.76,32.0],[90.51,31.0],[91.06,30.75],[90.0,30.46],[89.5,30.82],[88.25,30.8],[88.0,31.16],[87.16,30.75],[86.53,29.75],[87.5,30.23],[88.0,29.7],[90.0,29.84],[91.75,30.54],[92.5,30.27],[93.25,30.84],[94.5,30.89],[95.0,31.2],[95.9,31.0],[95.89,30.75],[94.5,30.71],[94.08,30.5],[94.25,30.3],[95.25,30.33],[96.25,29.13],[96.42,29.25],[96.12,29.5],[96.25,29.62],[96.97,29.5],[97.0,29.18],[97.46,29.5],[97.5,29.9],[98.5,29.1],[99.0,29.5],[100.5,29.85],[101.25,29.4],[101.15,28.25],[101.75,27.4],[102.0,27.81],[102.5,27.69],[102.62,27.25],[103.25,26.78],[103.75,26.98],[104.75,26.37],[105.8,26.25]]}},{"type":"Feature","properties":{"level":1024},"geometry":{"type":"LineString","coordinates":[[86.85,27.75],[87.09,27.75],[87.13,28.25],[86.16,28.25],[86.85,27.75]]}},{"type":"Feature","properties":{"level":1024},"geometry":{"type":"LineString","coordinates":[[98.46,28.0],[98.62,28.0],[98.5,28.25],[98.0,28.59],[97.18,28.25],[98.46,28.0]]}},{"type":"Feature","properties":{"level":1024},"geometry":{"type":"LineString","coordinates":[[107.5,28.64],[107.39,29.0],[107.79,29.5],[106.84,29.75],[106.75,30.37],[105.5,30.1],[103.83,30.75],[104.25,31.52],[106.0,33.03],[106.06,32.5],[107.77,32.25],[109.76,31.0],[108.49,30.25],[108.46,30.0],[108.75,30.11],[108.9,29.75],[108.75,29.31],[107.5,28.64]]}},{"type":"Feature","properties":{"level":1024},"geometry":{"type":"LineString","coordinates":[[84.5,30.0],[85.5,29.81],[85.59,30.0],[84.75,30.44],[84.5,30.0]]}},{"type":"Feature","properties":{"level":1024},"geometry":{"type":"LineString","coordinates":[[77.63,31.75],[78.12,31.75],[77.75,32.48],[76.5,33.84],[75.7,34.25],[76.75,32.35],[77.25,32.39],[77.63,31.75]]}},{"type":"Feature","properties":{"level":1024},"geometry":{"type":"LineString","coordinates":[[13.86,32.5],[14.08,32.5],[13.86,32.5]]}},{"type":"Feature","properties":{"level":1024},"geometry":{"type":"LineString","coordinates":[[15.3,32.75],[16.0,32.82],[16.5,33.35],[17.07,35.0],[16.68,35.75],[15.75,35.8],[14.68,36.5],[15.05,37.0],[15.07,37.5],[15.5,38.0],[16.0,37.84],[16.9,39.25],[16.25,39.71],[16.42,40.0],[16.16,40.5],[15.5,41.0],[14.82,40.75],[15.12,40.5],[15.05,40.25],[15.75,39.77],[15.9,39.0],[15.75,38.8],[15.25,38.9],[14.43,38.25],[13.75,38.38],[12.61,38.0],[13.25,37.38],[14.25,37.5],[14.48,36.75],[14.0,36.29],[13.0,36.22],[12.76,36.0],[12.66,35.25],[13.01,34.25],[14.5,33.03],[15.3,32.75]]}},{"type":"Feature","properties":{"level":1024},"geometry":{"type":"LineString","coordinates":[[-180.0,32.87],[-178.75,32.53],[-176.75,32.58],[-174.75,31.76],[-171.75,32.28],[-168.0,31.91],[-167.5,32.04],[-167.0,32.54],[-166.5,32.59],[-163.5,31.35],[-162.0,31.49],[-160.75,32.15],[-159.75,32.13],[-156.5,33.17],[-155.75,33.12],[-154.25,33.7],[-152.5,33.95],[-145.5,36.34],[-143.5,35.97],[-140.25,36.64],[-137.0,37.95],[-135.69,38.75],[-132.26,41.25],[-131.18,42.75],[-131.3,43.5],[-133.42,45.25],[-136.0,45.61],[-140.75,44.15],[-142.75,43.76],[-152.75,40.36],[-154.75,39.97],[-157.88,39.75],[-164.25,38.12],[-169.25,37.93],[-169.72,38.0],[-169.63,38.25],[-167.5,39.55],[-167.27,39.75],[-167.2,40.5],[-166.75,40.72],[-167.0,41.22],[-168.16,42.25],[-168.88,42.5],[-169.46,43.25],[-180.0,47.33]]}},{"type":"Feature","properties":{"level":1024},"geometry":{"type":"LineString","coordinates":[[106.5,32.96],[106.32,33.0],[106.59,33.25],[107.25,33.31],[107.8,33.25],[107.97,33.0],[106.5,32.96]]}},{"type":"Feature","properties":{"level":1024},"geometry":{"type":"LineString","coordinates":[[85.99,34.0],[86.79,34.25],[85.75,34.98],[85.0,34.75],[85.25,34.27],[85.99,34.0]]}},{"type":"Feature","properties":{"level":1024},"geometry":{"type":"LineString","coordinates":[[64.09,34.5],[64.75,34.38],[66.0,34.8],[67.08,34.5],[68.25,34.5],[68.75,35.18],[70.0,35.49],[70.25,35.75],[71.0,35.7],[72.0,36.41],[72.39,36.75],[72.12,37.0],[72.39,37.75],[71.76,38.0],[71.94,38.25],[72.72,38.5],[72.79,39.0],[73.25,39.42],[73.89,39.5],[74.0,39.88],[74.78,40.0],[75.24,40.75],[74.25,42.09],[72.86,42.25],[73.02,42.5],[75.5,42.65],[78.25,43.36],[78.61,43.5],[77.96,44.0],[78.5,44.12],[78.53,44.5],[79.0,45.06],[80.25,45.21],[81.25,45.68],[82.25,45.55],[82.75,46.1],[83.75,45.83],[84.16,46.0],[84.02,46.25],[84.64,47.0],[84.25,47.17],[83.75,46.86],[83.25,47.06],[82.99,47.25],[83.57,47.5],[83.09,48.0],[83.5,48.53],[85.25,48.94],[86.0,49.37],[85.7,49.75],[86.1,50.25],[85.66,51.0],[84.75,51.39],[84.0,51.2],[83.75,50.89],[83.25,50.91],[82.93,50.0],[82.5,49.58],[79.75,48.28],[78.86,48.25],[76.88,47.25],[76.25,46.54],[74.5,46.28],[73.5,46.4],[68.25,45.57],[64.0,45.46],[60.5,44.61],[58.0,44.63],[56.0,44.22],[55.57,44.25],[55.54,44.75],[55.25,44.82],[52.0,44.9],[50.66,44.5],[50.5,44.05],[50.04,43.75],[49.95,43.5],[51.2,43.0],[51.1,42.0],[51.52,41.25],[53.75,40.83],[55.04,40.0],[56.5,39.69],[58.61,38.5],[58.92,38.0],[58.5,37.86],[56.99,38.5],[57.23,38.0],[58.07,37.75],[58.38,37.25],[58.09,37.0],[59.0,36.34],[60.25,34.78],[60.54,34.75],[60.46,35.0],[60.75,35.31],[61.75,35.38],[62.75,36.23],[64.01,36.0],[64.1,35.75],[63.84,35.5],[64.86,35.25],[63.91,34.75],[64.09,34.5]]}},{"type":"Feature","properties":{"level":1024},"geometry":{"type":"LineString","coordinates":[[77.78,34.75],[78.16,34.75],[77.5,35.92],[76.25,36.27],[75.5,36.88],[75.3,36.75],[75.49,36.5],[74.76,36.0],[75.25,36.09],[76.07,35.75],[77.0,34.97],[77.25,35.22],[77.78,34.75]]}},{"type":"Feature","properties":{"level":1024},"geometry":{"type":"LineString","coordinates":[[80.47,35.25],[81.5,35.08],[82.36,35.5],[82.25,35.73],[79.76,35.75],[80.47,35.25]]}},{"type":"Feature","properties":{"level":1024},"geometry":{"type":"LineString","coordinates":[[100.25,36.0],[99.75,36.3],[100.98,36.25],[100.25,36.0]]}},{"type":"Feature","properties":{"level":1024},"geometry":{"type":"LineString","coordinates":[[68.75,36.05],[68.25,36.47],[67.75,36.33],[67.5,36.73],[66.75,36.59],[66.0,36.8],[65.53,37.25],[65.56,37.75],[66.5,38.04],[66.5,37.75],[66.75,37.77],[68.0,38.55],[69.75,38.4],[69.86,37.5],[68.75,36.05]]}},{"type":"Feature","properties":{"level":1024},"geometry":{"type":"LineString","coordinates":[[86.51,36.25],[87.75,36.08],[87.98,36.5],[87.5,36.75],[86.51,36.25]]}},{"type":"Feature","properties":{"level":1024},"geometry":{"type":"LineString","coordinates":[[14.75,37.42],[14.88,37.5],[14.75,37.42]]}},{"type":"Feature","properties":{"level":1024},"geometry":{"type":"LineString","coordinates":[[21.71,38.75],[22.32,38.75],[20.5,41.0],[21.5,41.75],[21.05,42.0],[21.0,42.37],[20.23,41.75],[20.25,40.75],[21.71,38.75]]}},{"type":"Feature","properties":{"level":1024},"geometry":{"type":"LineString","coordinates":[[-93.3,39.0],[-91.0,39.12],[-88.0,39.73],[-84.75,40.05],[-84.61,40.25],[-84.94,41.0],[-84.71,41.5],[-85.11,42.0],[-85.12,42.75],[-85.95,43.75],[-85.81,44.5],[-85.25,44.87],[-85.25,45.28],[-86.75,45.69],[-88.37,45.0],[-89.87,45.0],[-90.3,44.5],[-90.32,44.0],[-92.0,43.06],[-94.0,40.66],[-94.36,39.5],[-93.3,39.0]]}},{"type":"Feature","properties":{"level":1024},"geometry":{"type":"LineString","coordinates":[[-27.48,39.5],[-24.25,39.44],[-22.75,40.05],[-21.25,41.02],[-17.87,44.75],[-17.69,45.25],[-18.25,45.83],[-19.36,46.0],[-20.5,46.69],[-22.59,47.0],[-22.33,47.75],[-20.66,49.5],[-20.5,50.75],[-19.89,51.0],[-20.29,52.0],[-20.91,52.75],[-23.0,53.44],[-33.75,55.04],[-41.0,55.41],[-45.0,55.11],[-48.25,54.29],[-50.0,53.13],[-50.89,52.25],[-52.07,49.25],[-52.07,48.25],[-51.36,46.5],[-50.65,45.5],[-48.5,44.55],[-48.25,43.89],[-47.5,43.96],[-44.5,42.97],[-42.6,42.75],[-42.63,42.5],[-43.63,41.75],[-43.5,41.33],[-40.5,41.36],[-35.75,42.23],[-32.75,43.06],[-31.75,42.44],[-29.75,40.25],[-29.0,39.82],[-27.48,39.5]]}},{"type":"Feature","properties":{"level":1024},"geometry":{"type":"LineString","coordinates":[[54.57,39.75],[54.97,39.75],[54.75,39.94],[54.57,39.75]]}},{"type":"Feature","properties":{"level":1024},"geometry":{"type":"LineString","coordinates":[[36.07,40.75],[37.15,41.0],[36.5,41.13],[35.0,41.96],[34.14,41.75],[36.07,40.75]]}},{"type":"Feature","properties":{"level":1024},"geometry":{"type":"LineString","coordinates":[[44.65,41.0],[45.0,40.83],[45.1,41.0],[44.48,41.5],[44.75,41.86],[45.5,41.64],[46.25,41.75],[48.0,40.8],[48.5,40.79],[48.66,41.0],[47.86,41.5],[47.71,42.25],[47.25,42.6],[45.25,43.11],[44.5,42.92],[43.5,43.45],[43.25,43.24],[42.5,43.45],[42.4,44.0],[41.0,44.4],[38.89,44.5],[39.0,44.19],[40.5,43.1],[41.56,42.75],[41.78,42.0],[41.5,41.47],[41.02,41.25],[41.25,41.08],[42.0,41.23],[42.5,41.72],[43.5,41.66],[44.65,41.0]]}},{"type":"Feature","properties":{"level":1024},"geometry":{"type":"LineString","coordinates":[[14.49,41.25],[15.04,41.5],[13.0,43.31],[12.84,42.0],[14.49,41.25]]}},{"type":"Feature","properties":{"level":1024},"geometry":{"type":"LineString","coordinates":[[23.65,41.5],[24.75,41.26],[25.36,41.5],[24.75,42.11],[24.13,42.25],[24.75,42.58],[26.75,42.37],[27.75,41.49],[28.0,41.51],[28.5,42.15],[32.0,42.68],[34.5,42.64],[36.25,42.08],[37.75,41.98],[38.5,42.13],[38.71,42.5],[37.94,43.25],[36.5,43.84],[35.75,44.01],[34.25,43.88],[32.0,44.44],[30.67,44.25],[28.75,43.38],[28.25,43.6],[27.5,43.46],[27.0,42.92],[23.75,42.86],[22.5,43.55],[22.19,43.0],[21.75,42.77],[20.5,44.32],[17.1,45.0],[16.24,45.75],[16.62,46.25],[16.21,46.75],[16.42,47.5],[16.07,48.0],[13.68,48.0],[13.53,48.25],[13.75,48.35],[14.95,48.5],[13.25,49.34],[12.76,49.0],[13.5,48.35],[12.25,48.44],[11.12,48.0],[11.34,47.75],[10.25,47.8],[9.75,47.42],[7.25,46.68],[6.5,45.79],[6.51,45.5],[6.0,45.25],[6.29,44.25],[6.9,44.0],[6.39,43.75],[6.75,43.69],[8.18,44.25],[7.41,44.5],[7.38,45.0],[8.5,45.83],[11.25,45.57],[13.25,46.19],[14.0,45.46],[14.75,45.16],[15.25,44.47],[17.75,43.5],[18.5,42.83],[19.75,42.27],[20.75,42.83],[21.75,42.73],[22.5,42.09],[22.7,42.25],[22.74,43.0],[23.25,42.89],[23.5,42.75],[23.15,42.5],[23.09,41.75],[23.65,41.5]]}},{"type":"Feature","properties":{"level":1024},"geometry":{"type":"LineString","coordinates":[[-167.49,42.0],[-166.98,42.0],[-167.49,42.0]]}},{"type":"Feature","properties":{"level":1024},"geometry":{"type":"LineString","coordinates":[[80.04,43.5],[81.0,43.67],[82.0,43.28],[82.5,43.5],[81.5,44.27],[80.75,44.35],[80.09,44.25],[80.32,43.75],[80.04,43.5]]}},{"type":"Feature","properties":{"level":1024},"geometry":{"type":"LineString","coordinates":[[10.61,44.0],[11.04,44.25],[9.25,44.78],[9.06,44.5],[10.0,44.39],[10.61,44.0]]}},{"type":"Feature","properties":{"level":1024},"geometry":{"type":"LineString","coordinates":[[33.68,44.5],[34.0,44.37],[34.46,45.0],[34.0,44.99],[33.68,44.5]]}},{"type":"Feature","properties":{"level":1024},"geometry":{"type":"LineString","coordinates":[[21.78,45.0],[22.0,44.79],[23.0,45.13],[25.75,45.11],[26.75,45.47],[26.89,45.75],[25.99,47.75],[24.5,49.02],[22.5,49.64],[19.5,49.84],[18.07,49.5],[17.85,49.0],[18.75,48.56],[20.75,48.64],[21.75,49.14],[23.21,48.25],[23.5,47.58],[24.5,47.09],[24.84,46.25],[24.25,45.99],[23.54,46.0],[23.86,46.75],[23.5,47.11],[22.5,47.19],[22.25,47.01],[22.19,46.25],[22.83,46.0],[22.25,45.86],[21.78,45.0]]}},{"type":"Feature","properties":{"level":1024},"geometry":{"type":"LineString","coordinates":[[17.1,45.5],[17.25,45.28],[17.88,45.5],[17.25,45.71],[17.1,45.5]]}},{"type":"Feature","properties":{"level":1024},"geometry":{"type":"LineString","coordinates":[[-86.79,46.25],[-85.95,46.75],[-86.08,47.0],[-85.75,47.11],[-85.74,47.5],[-86.25,48.36],[-86.75,48.25],[-88.0,48.7],[-91.0,47.54],[-91.55,47.0],[-90.5,46.59],[-87.75,46.68],[-86.79,46.25]]}},{"type":"Feature","properties":{"level":1024},"geometry":{"type":"LineString","coordinates":[[180.0,47.33],[175.75,49.24],[173.25,49.72],[168.0,51.3],[164.25,51.76],[158.39,51.75],[158.19,52.0],[158.34,52.5],[157.85,52.75],[158.04,53.0],[157.75,53.42],[156.71,52.0],[155.75,51.45],[154.5,50.25],[154.2,49.5],[153.85,47.0],[154.41,45.0],[155.34,43.5],[155.6,42.75],[155.41,42.5],[156.5,41.42],[156.94,40.5],[159.0,38.32],[160.34,37.5],[161.25,36.53],[161.75,36.57],[161.95,35.75],[163.0,35.25],[163.5,34.62],[164.23,34.5],[164.15,34.25],[164.75,33.91],[168.0,33.19],[169.5,33.25],[170.25,32.98],[171.0,33.17],[171.75,32.94],[172.75,33.17],[173.03,33.0],[174.75,33.51],[175.75,33.08],[180.0,32.87]]}},{"type":"Feature","properties":{"level":1024},"geometry":{"type":"LineString","coordinates":[[-88.92,49.5],[-88.25,49.34],[-88.05,49.5],[-88.0,50.2],[-87.25,50.42],[-87.29,50.75],[-88.75,51.0],[-88.87,50.75],[-88.59,50.25],[-88.92,49.5]]}},{"type":"Feature","properties":{"level":1024},"geometry":{"type":"LineString","coordinates":[[-90.88,51.0],[-90.66,51.0],[-90.88,51.0]]}},{"type":"Feature","properties":{"level":1024},"geometry":{"type":"LineString","coordinates":[[-89.27,51.75],[-88.75,51.61],[-88.32,52.0],[-88.55,52.25],[-89.25,52.35],[-89.51,52.25],[-89.27,51.75]]}},{"type":"Feature","properties":{"level":1024},"geometry":{"type":"LineString","coordinates":[[88.04,52.25],[89.5,52.01],[90.09,52.25],[90.0,52.72],[90.75,52.17],[93.0,52.49],[93.87,53.25],[92.5,53.59],[92.16,53.5],[92.61,53.25],[92.25,53.02],[90.75,53.17],[89.94,54.0],[89.0,54.18],[88.55,54.0],[88.4,53.5],[89.07,53.25],[88.75,53.16],[88.53,52.75],[87.67,52.5],[88.04,52.25]]}},{"type":"Feature","properties":{"level":1024},"geometry":{"type":"LineString","coordinates":[[157.11,53.5],[157.25,53.38],[157.93,54.0],[157.75,54.51],[157.25,54.5],[156.97,53.75],[157.11,53.5]]}},{"type":"Feature","properties":{"level":1024},"geometry":{"type":"LineString","coordinates":[[113.07,58.75],[113.5,58.52],[115.05,58.75],[116.39,59.5],[115.75,59.9],[114.0,60.14],[112.59,61.25],[111.78,61.5],[111.9,62.0],[111.25,62.33],[110.9,63.0],[110.6,64.0],[110.82,64.25],[110.01,65.0],[111.25,65.69],[111.39,66.0],[109.75,66.33],[109.25,66.83],[107.5,66.87],[105.75,67.28],[104.75,66.98],[100.5,66.73],[98.75,67.39],[96.78,68.5],[98.5,68.55],[98.63,68.75],[97.25,69.31],[94.25,69.44],[92.54,69.0],[92.54,68.75],[93.28,68.25],[93.25,67.98],[93.75,67.97],[94.25,68.52],[94.75,68.15],[95.5,68.23],[96.0,67.96],[96.5,68.17],[97.44,67.75],[96.69,67.0],[96.53,66.5],[95.5,66.76],[95.49,66.25],[96.0,66.36],[96.5,66.12],[96.65,65.75],[96.43,65.5],[96.63,65.25],[98.0,64.92],[98.09,64.5],[99.0,64.25],[103.53,61.0],[106.25,59.81],[107.75,59.5],[109.75,59.21],[112.75,59.52],[113.07,58.75]]}},{"type":"Feature","properties":{"level":1024},"geometry":{"type":"LineString","coordinates":[[107.5,70.5],[108.92,70.5],[107.5,70.5]]}},{"type":"Feature","properties":{"level":1028},"geometry":{"type":"LineString","coordinates":[[22.85,-88.25],[37.75,-88.44],[51.41,-88.25],[47.41,-88.0],[56.42,-87.75],[56.44,-87.5],[55.68,-87.25],[64.18,-86.75],[63.75,-86.45],[61.25,-86.25],[75.0,-85.66],[109.5,-83.18],[110.92,-83.0],[111.21,-82.5],[112.0,-82.28],[115.51,-82.25],[116.34,-82.0],[116.5,-81.75],[118.1,-81.25],[119.17,-80.25],[113.25,-79.99],[110.35,-79.5],[104.78,-77.75],[90.75,-76.17],[89.0,-75.65],[86.75,-75.47],[83.73,-76.25],[83.63,-76.5],[82.5,-77.02],[81.01,-77.25],[78.5,-77.29],[76.5,-76.73],[69.25,-77.74],[65.0,-77.6],[61.0,-76.53],[56.75,-76.11],[52.5,-76.24],[51.5,-75.63],[50.81,-75.5],[50.94,-74.75],[50.58,-74.25],[50.79,-74.0],[50.5,-73.75],[52.75,-73.28],[54.75,-72.5],[55.69,-71.75],[55.25,-71.55],[52.5,-72.15],[50.0,-73.29],[41.25,-73.75],[36.5,-74.67],[27.36,-75.75],[27.04,-76.25],[24.58,-77.25],[23.32,-78.5],[19.56,-80.25],[19.34,-80.75],[18.68,-81.0],[19.2,-81.25],[18.75,-81.36],[8.75,-81.97],[-3.47,-83.5],[-4.57,-83.75],[-4.67,-84.0],[-3.64,-84.5],[-4.26,-84.75],[-8.57,-85.25],[-8.0,-85.58],[-5.0,-86.14],[-3.0,-86.22],[5.84,-87.5],[22.85,-88.25]]}},{"type":"Feature","properties":{"level":1028},"geometry":{"type":"LineString","coordinates":[[36.25,-86.5],[30.04,-86.25],[30.81,-86.0],[36.0,-85.89],[53.2,-86.25],[36.25,-86.5]]}},{"type":"Feature","properties":{"level":1028},"geometry":{"type":"LineString","coordinates":[[112.98,-74.75],[118.0,-74.82],[122.89,-74.5],[130.75,-73.86],[131.94,-73.5],[132.1,-73.25],[131.5,-72.95],[130.25,-72.85],[128.75,-73.12],[125.75,-73.03],[121.5,-73.63],[117.75,-73.85],[112.5,-73.73],[108.48,-73.25],[105.75,-71.98],[105.0,-71.85],[103.75,-72.25],[103.21,-73.0],[107.06,-74.0],[112.98,-74.75]]}},{"type":"Feature","properties":{"level":1028},"geometry":{"type":"LineString","coordinates":[[54.95,-51.25],[57.5,-51.37],[61.5,-51.09],[65.75,-50.07],[67.5,-49.02],[69.06,-47.75],[70.75,-45.75],[72.15,-42.75],[72.6,-40.75],[72.53,-40.0],[71.61,-38.25],[68.94,-36.0],[67.75,-35.21],[64.56,-33.75],[62.5,-32.12],[61.3,-31.5],[60.1,-30.25],[57.25,-28.44],[53.0,-28.29],[50.5,-28.62],[49.0,-29.16],[45.75,-31.42],[43.22,-32.75],[42.01,-33.75],[40.25,-35.77],[39.21,-38.0],[39.47,-42.25],[40.34,-44.25],[42.3,-46.75],[46.25,-49.25],[50.75,-50.7],[54.95,-51.25]]}},{"type":"Feature","properties":{"level":1028},"geometry":{"type":"LineString","coordinates":[[-180.0,-47.88],[-177.0,-48.57],[-172.75,-48.33],[-164.5,-46.85],[-160.25,-45.59],[-157.25,-44.05],[-155.75,-42.75],[-155.01,-41.25],[-154.8,-39.25],[-155.07,-37.0],[-155.5,-36.48],[-156.64,-36.0],[-157.03,-35.5],[-157.2,-34.0],[-156.95,-33.5],[-157.25,-32.84],[-158.06,-32.0],[-159.75,-31.04],[-160.5,-30.87],[-162.09,-29.5],[-163.12,-29.5],[-162.81,-29.0],[-163.25,-28.85],[-167.5,-28.68],[-169.5,-29.96],[-171.62,-33.0],[-173.0,-33.92],[-175.25,-34.45],[-176.1,-35.0],[-180.0,-35.52]]}},{"type":"Feature","properties":{"level":1028},"geometry":{"type":"LineString","coordinates":[[-17.55,-40.0],[-16.5,-40.12],[-16.0,-39.68],[-12.0,-39.53],[-11.0,-39.13],[-7.5,-38.62],[-5.75,-38.08],[-3.51,-37.0],[-2.93,-36.5],[-2.92,-36.0],[-2.46,-35.5],[-1.93,-34.25],[-2.11,-31.75],[-2.73,-30.5],[-4.88,-29.0],[-6.64,-28.25],[-8.25,-27.73],[-11.0,-27.36],[-11.75,-27.03],[-12.25,-27.34],[-13.5,-27.08],[-15.0,-27.16],[-15.75,-27.5],[-16.25,-27.23],[-17.0,-27.78],[-18.5,-27.43],[-19.18,-28.0],[-20.0,-27.99],[-20.5,-28.55],[-22.25,-29.2],[-22.58,-31.0],[-22.43,-32.25],[-22.75,-32.89],[-23.36,-32.75],[-22.77,-34.5],[-22.91,-35.0],[-22.65,-36.0],[-21.89,-37.0],[-21.16,-37.5],[-20.52,-38.75],[-17.55,-40.0]]}},{"type":"Feature","properties":{"level":1028},"geometry":{"type":"LineString","coordinates":[[180.0,-35.52],[178.5,-35.61],[175.25,-35.06],[174.5,-35.38],[173.75,-35.33],[173.5,-35.85],[169.28,-37.25],[168.62,-38.0],[168.36,-38.75],[168.74,-41.25],[168.16,-44.25],[168.5,-44.54],[169.5,-44.4],[171.25,-43.22],[172.0,-42.96],[173.19,-41.5],[172.75,-40.59],[174.0,-40.7],[175.5,-41.3],[176.25,-40.92],[176.82,-41.5],[177.27,-42.75],[177.59,-45.25],[177.95,-46.25],[178.55,-47.0],[180.0,-47.88]]}},{"type":"Feature","properties":{"level":1028},"geometry":{"type":"LineString","coordinates":[[101.89,29.75],[102.0,29.51],[102.25,29.76],[102.75,29.69],[102.79,30.5],[103.9,31.5],[103.79,31.75],[104.31,32.75],[103.59,33.75],[103.35,34.75],[102.5,35.45],[101.0,35.67],[100.5,35.29],[100.0,35.36],[99.59,36.0],[98.75,36.36],[98.5,35.75],[98.0,35.57],[96.75,35.97],[96.5,35.73],[96.25,36.02],[95.75,35.65],[94.25,35.62],[94.1,35.5],[94.44,35.25],[93.8,34.0],[93.35,33.75],[93.5,33.1],[92.5,32.75],[93.0,32.25],[94.5,31.94],[94.75,31.65],[95.0,31.91],[96.0,31.52],[96.25,31.8],[98.0,32.22],[98.0,32.59],[99.67,32.5],[100.09,32.0],[100.16,31.5],[99.25,31.93],[99.09,31.75],[99.75,31.06],[100.0,31.0],[100.25,31.42],[100.5,31.17],[100.75,31.29],[101.66,31.0],[102.13,30.25],[101.89,29.75]]}},{"type":"Feature","properties":{"level":1028},"geometry":{"type":"LineString","coordinates":[[85.62,34.25],[86.0,34.1],[86.25,34.5],[85.75,34.7],[85.16,34.5],[85.62,34.25]]}},{"type":"Feature","properties":{"level":1028},"geometry":{"type":"LineString","coordinates":[[92.95,34.5],[93.61,34.5],[93.25,34.52],[92.5,35.26],[92.05,35.0],[92.95,34.5]]}},{"type":"Feature","properties":{"level":1028},"geometry":{"type":"LineString","coordinates":[[77.65,35.0],[77.5,35.75],[77.0,35.96],[76.38,35.75],[77.65,35.0]]}},{"type":"Feature","properties":{"level":1028},"geometry":{"type":"LineString","coordinates":[[80.67,35.25],[81.65,35.25],[81.25,35.56],[80.3,35.5],[80.67,35.25]]}},{"type":"Feature","properties":{"level":1028},"geometry":{"type":"LineString","coordinates":[[90.64,35.75],[91.25,36.02],[92.0,35.83],[92.18,36.25],[91.25,36.67],[90.75,36.36],[90.52,36.0],[90.64,35.75]]}},{"type":"Feature","properties":{"level":1028},"geometry":{"type":"LineString","coordinates":[[92.38,35.75],[92.75,35.52],[93.92,35.75],[93.77,36.0],[93.0,36.17],[92.38,35.75]]}},{"type":"Feature","properties":{"level":1028},"geometry":{"type":"LineString","coordinates":[[100.72,37.0],[101.5,37.2],[102.5,37.0],[102.74,37.25],[101.16,38.0],[99.5,38.44],[98.63,37.75],[98.75,37.41],[99.25,37.18],[100.0,37.34],[100.72,37.0]]}},{"type":"Feature","properties":{"level":1028},"geometry":{"type":"LineString","coordinates":[[-180.0,37.32],[-178.5,38.1],[-178.28,38.0],[-178.57,37.75],[-178.25,37.75],[-177.0,39.0],[-176.59,38.75],[-176.88,38.25],[-176.75,38.12],[-176.25,38.3],[-175.93,38.75],[-176.17,39.25],[-175.32,40.0],[-175.56,40.25],[-175.23,40.75],[-175.64,42.25],[-177.23,43.5],[-180.0,44.92]]}},{"type":"Feature","properties":{"level":1028},"geometry":{"type":"LineString","coordinates":[[95.73,38.0],[96.5,37.9],[96.75,38.25],[96.0,38.42],[95.67,38.25],[95.73,38.0]]}},{"type":"Feature","properties":{"level":1028},"geometry":{"type":"LineString","coordinates":[[-41.99,44.5],[-38.75,44.49],[-35.5,44.78],[-30.0,45.95],[-26.79,47.75],[-25.37,49.5],[-25.25,50.38],[-26.25,51.33],[-30.0,52.67],[-36.75,53.57],[-40.25,53.51],[-43.75,53.1],[-46.5,52.33],[-48.12,51.25],[-48.49,49.5],[-48.96,49.0],[-48.68,48.0],[-48.07,47.5],[-47.73,46.75],[-45.75,46.36],[-45.14,45.75],[-43.5,44.83],[-42.25,44.88],[-41.99,44.5]]}},{"type":"Feature","properties":{"level":1028},"geometry":{"type":"LineString","coordinates":[[180.0,44.92],[174.5,47.1],[168.75,48.94],[162.75,49.75],[160.25,49.7],[158.75,49.23],[157.46,48.25],[156.7,46.5],[157.25,44.51],[157.63,44.25],[157.5,43.98],[158.63,43.0],[158.34,42.25],[159.4,42.0],[159.27,41.75],[159.5,40.99],[160.0,40.88],[160.25,40.45],[163.0,38.94],[166.0,37.68],[166.5,37.11],[167.75,36.37],[174.0,35.67],[177.0,35.79],[179.71,37.0],[180.0,37.32]]}},{"type":"Feature","properties":{"level":1032},"geometry":{"type":"LineString","coordinates":[[20.74,-86.75],[22.36,-86.75],[19.9,-86.0],[21.25,-85.72],[28.0,-85.6],[62.75,-85.63],[83.75,-84.73],[108.25,-82.87],[111.14,-81.75],[113.72,-81.25],[114.58,-80.5],[108.47,-80.0],[108.43,-79.75],[107.5,-79.36],[101.5,-77.8],[96.75,-77.19],[91.75,-77.0],[89.0,-76.47],[86.75,-76.79],[86.0,-77.13],[84.75,-77.1],[82.5,-77.55],[77.25,-77.66],[76.25,-77.97],[75.64,-78.5],[75.74,-78.75],[75.25,-78.84],[74.25,-78.82],[73.89,-78.25],[73.0,-77.98],[72.33,-78.0],[72.63,-78.25],[72.0,-78.59],[67.5,-77.96],[65.25,-78.16],[63.25,-78.04],[58.75,-76.79],[56.0,-76.67],[53.75,-76.9],[51.5,-76.54],[51.0,-76.05],[49.99,-75.75],[50.11,-75.0],[49.87,-74.75],[50.09,-74.5],[49.75,-74.32],[45.5,-73.84],[41.75,-74.15],[29.25,-75.88],[28.68,-76.5],[28.96,-77.25],[27.75,-77.61],[27.42,-78.0],[23.06,-80.25],[23.04,-80.75],[22.79,-81.0],[23.07,-81.75],[10.75,-82.48],[1.92,-83.5],[1.61,-83.75],[2.13,-84.5],[5.37,-85.0],[2.88,-85.25],[3.75,-85.53],[7.61,-86.0],[13.36,-86.25],[13.0,-86.51],[20.74,-86.75]]}},{"type":"Feature","properties":{"level":1032},"geometry":{"type":"LineString","coordinates":[[116.31,-74.75],[119.0,-74.75],[128.5,-73.79],[130.5,-73.81],[131.38,-73.5],[130.25,-73.07],[128.5,-73.35],[126.0,-73.21],[123.34,-73.75],[114.25,-74.19],[113.62,-74.25],[113.56,-74.5],[115.5,-74.47],[116.31,-74.75]]}},{"type":"Feature","properties":{"level":1032},"geometry":{"type":"LineString","coordinates":[[52.32,-72.5],[53.25,-72.71],[53.88,-72.5],[53.75,-72.24],[52.32,-72.5]]}},{"type":"Feature","properties":{"level":1032},"geometry":{"type":"LineString","coordinates":[[55.87,-50.0],[60.25,-49.72],[61.75,-49.41],[65.0,-48.27],[66.72,-47.0],[68.39,-44.5],[68.73,-42.0],[68.95,-41.75],[68.65,-40.25],[67.01,-38.25],[64.5,-36.32],[59.0,-33.25],[52.75,-32.02],[50.5,-32.55],[49.5,-33.1],[46.75,-33.98],[46.11,-34.75],[44.0,-36.23],[42.43,-39.0],[42.12,-41.0],[42.24,-43.25],[42.51,-44.0],[43.93,-46.0],[47.3,-48.0],[52.0,-49.53],[55.87,-50.0]]}},{"type":"Feature","properties":{"level":1032},"geometry":{"type":"LineString","coordinates":[[-175.91,-44.75],[-168.75,-44.14],[-167.0,-44.5],[-164.75,-44.33],[-163.25,-43.84],[-161.12,-42.75],[-160.34,-41.75],[-160.26,-40.75],[-160.5,-40.11],[-161.5,-39.3],[-164.75,-39.49],[-165.75,-39.04],[-165.71,-38.5],[-166.15,-38.25],[-165.84,-37.25],[-166.28,-37.0],[-166.0,-35.98],[-166.5,-35.49],[-167.75,-35.09],[-178.08,-38.75],[-179.25,-39.48],[-179.66,-40.5],[-179.66,-41.25],[-179.0,-43.01],[-175.91,-44.75]]}},{"type":"Feature","properties":{"level":1032},"geometry":{"type":"LineString","coordinates":[[175.84,-39.0],[176.25,-39.14],[177.41,-38.5],[176.0,-38.23],[175.81,-38.5],[176.17,-38.75],[175.84,-39.0]]}},{"type":"Feature","properties":{"level":1032},"geometry":{"type":"LineString","coordinates":[[-13.78,-35.75],[-13.5,-35.91],[-13.19,-35.75],[-13.68,-35.5],[-13.5,-35.28],[-13.0,-35.29],[-12.75,-34.96],[-11.0,-35.3],[-10.51,-35.0],[-10.5,-34.75],[-11.21,-34.0],[-11.0,-33.8],[-10.39,-34.0],[-10.41,-33.75],[-11.19,-33.0],[-11.04,-32.75],[-11.25,-32.57],[-11.5,-32.42],[-11.69,-32.75],[-11.34,-33.0],[-12.75,-33.24],[-14.0,-32.7],[-15.25,-33.16],[-16.04,-33.0],[-15.97,-33.75],[-16.18,-34.0],[-15.75,-34.39],[-15.25,-34.46],[-14.75,-35.08],[-14.14,-35.0],[-14.51,-35.25],[-13.78,-35.75]]}},{"type":"Feature","properties":{"level":1032},"geometry":{"type":"LineString","coordinates":[[-15.79,-34.75],[-15.47,-34.75],[-15.79,-34.75]]}},{"type":"Feature","properties":{"level":1032},"geometry":{"type":"LineString","coordinates":[[96.32,33.25],[97.0,33.21],[97.77,34.0],[96.5,34.25],[96.34,34.0],[96.5,33.68],[96.95,33.5],[96.32,33.25]]}},{"type":"Feature","properties":{"level":1032},"geometry":{"type":"LineString","coordinates":[[90.64,36.0],[92.0,36.25],[91.25,36.37],[90.64,36.0]]}},{"type":"Feature","properties":{"level":1032},"geometry":{"type":"LineString","coordinates":[[168.74,39.25],[169.25,39.05],[174.0,39.08],[176.25,39.97],[177.25,40.76],[177.5,40.75],[177.75,40.22],[178.08,41.0],[178.01,41.5],[177.5,41.32],[177.28,41.5],[176.82,42.75],[175.5,43.84],[174.0,44.04],[172.78,44.75],[169.0,45.99],[168.0,46.05],[166.0,46.74],[165.25,46.46],[162.25,47.0],[161.25,46.63],[161.28,45.0],[161.78,44.25],[161.91,43.5],[162.75,43.25],[163.0,42.5],[163.5,42.0],[164.25,41.74],[164.5,41.28],[165.75,41.03],[165.81,40.5],[167.0,39.94],[168.11,39.75],[168.74,39.25]]}},{"type":"Feature","properties":{"level":1032},"geometry":{"type":"LineString","coordinates":[[-38.27,47.25],[-35.0,47.78],[-34.04,48.25],[-33.86,48.5],[-34.54,50.25],[-35.0,50.59],[-36.0,50.78],[-36.75,50.33],[-39.25,50.26],[-40.39,50.0],[-40.98,49.0],[-40.44,48.25],[-40.47,47.75],[-38.27,47.25]]}},{"type":"Feature","properties":{"level":1036},"geometry":{"type":"LineString","coordinates":[[48.29,-85.5],[64.0,-85.4],[81.0,-84.66],[102.75,-82.75],[107.71,-81.75],[107.46,-81.5],[105.11,-81.0],[105.49,-80.75],[105.04,-80.5],[104.5,-79.69],[100.0,-78.05],[96.0,-77.64],[93.0,-77.77],[91.75,-77.63],[90.5,-77.19],[89.75,-77.49],[88.28,-77.5],[88.75,-77.82],[90.04,-78.0],[89.77,-78.25],[83.25,-77.81],[77.75,-78.27],[76.88,-78.75],[78.25,-79.26],[74.0,-79.3],[69.0,-78.89],[66.25,-78.99],[58.37,-78.0],[58.08,-77.5],[57.75,-77.44],[56.25,-77.6],[52.75,-77.35],[52.0,-76.97],[50.5,-76.7],[50.09,-76.5],[50.21,-76.25],[49.32,-76.0],[49.0,-75.56],[48.46,-75.5],[48.38,-75.25],[49.08,-75.0],[48.75,-74.7],[46.75,-74.42],[43.75,-74.41],[39.78,-74.75],[31.25,-76.16],[30.96,-76.5],[31.41,-77.0],[30.7,-77.75],[29.31,-78.25],[28.38,-79.0],[27.08,-79.5],[25.97,-80.25],[26.0,-80.78],[25.62,-81.5],[26.14,-82.0],[25.5,-82.22],[15.5,-83.07],[9.5,-83.26],[5.51,-83.75],[6.5,-84.16],[9.25,-84.58],[17.75,-85.11],[48.29,-85.5]]}},{"type":"Feature","properties":{"level":1036},"geometry":{"type":"LineString","coordinates":[[117.04,-74.5],[119.0,-74.62],[120.69,-74.25],[119.5,-74.14],[117.04,-74.5]]}},{"type":"Feature","properties":{"level":1036},"geometry":{"type":"LineString","coordinates":[[123.39,-74.0],[124.5,-74.11],[127.97,-73.75],[125.75,-73.52],[123.39,-74.0]]}},{"type":"Feature","properties":{"level":1036},"geometry":{"type":"LineString","coordinates":[[129.23,-73.5],[130.25,-73.73],[130.96,-73.5],[130.0,-73.25],[129.23,-73.5]]}},{"type":"Feature","properties":{"level":1036},"geometry":{"type":"LineString","coordinates":[[53.41,-48.25],[56.5,-48.35],[59.5,-47.93],[62.0,-47.08],[63.35,-46.25],[64.05,-45.5],[64.45,-44.5],[64.48,-43.5],[64.73,-43.25],[64.42,-42.0],[62.81,-39.25],[60.5,-37.25],[57.5,-35.91],[56.0,-35.52],[52.0,-35.57],[49.25,-36.04],[46.5,-38.25],[46.35,-39.0],[45.61,-40.25],[45.4,-41.25],[45.57,-41.75],[45.39,-42.75],[45.59,-43.25],[45.39,-43.75],[45.77,-44.75],[46.39,-45.5],[48.47,-46.75],[51.0,-47.77],[53.41,-48.25]]}},{"type":"Feature","properties":{"level":1040},"geometry":{"type":"LineString","coordinates":[[45.11,-85.25],[57.25,-85.4],[67.5,-85.18],[86.95,-84.0],[98.25,-82.17],[99.17,-81.75],[99.23,-81.0],[101.25,-80.56],[101.91,-80.0],[99.72,-78.75],[98.5,-78.45],[95.5,-78.22],[91.5,-78.78],[84.75,-78.28],[81.5,-78.57],[79.5,-79.41],[77.0,-79.82],[76.57,-80.0],[76.53,-80.25],[74.25,-80.53],[74.06,-80.5],[74.3,-80.0],[74.12,-79.75],[70.0,-79.36],[65.25,-79.34],[60.5,-79.0],[54.53,-78.25],[53.75,-77.82],[51.75,-77.75],[51.25,-77.37],[50.0,-77.13],[47.25,-75.15],[45.75,-74.83],[42.75,-74.87],[40.5,-75.05],[33.56,-76.5],[33.98,-77.5],[32.0,-78.17],[31.79,-78.5],[28.7,-80.25],[28.67,-80.75],[29.6,-81.5],[29.55,-81.75],[27.67,-82.75],[28.31,-83.25],[28.0,-83.37],[13.75,-83.87],[12.21,-84.0],[12.2,-84.25],[20.25,-84.8],[34.75,-84.83],[45.11,-85.25]]}},{"type":"Feature","properties":{"level":1040},"geometry":{"type":"LineString","coordinates":[[54.13,-46.0],[55.75,-45.99],[57.75,-45.55],[58.93,-45.0],[59.54,-44.0],[59.48,-42.75],[59.07,-41.75],[58.43,-41.0],[56.25,-39.62],[52.75,-39.46],[50.5,-39.99],[49.63,-40.75],[49.28,-41.5],[48.91,-43.5],[51.28,-45.25],[54.13,-46.0]]}},{"type":"Feature","properties":{"level":1044},"geometry":{"type":"LineString","coordinates":[[50.87,-85.25],[65.75,-85.14],[81.49,-84.25],[83.9,-84.0],[85.43,-83.25],[90.86,-82.75],[93.57,-82.25],[96.75,-80.88],[99.06,-80.5],[99.4,-80.25],[98.7,-80.0],[98.53,-79.75],[98.75,-79.46],[97.0,-79.08],[90.75,-79.21],[85.0,-78.7],[82.25,-78.86],[81.87,-79.0],[82.25,-79.25],[81.75,-79.58],[78.25,-79.86],[76.21,-80.5],[73.0,-80.94],[72.25,-80.75],[72.81,-80.5],[72.72,-80.25],[72.25,-80.21],[65.75,-79.75],[59.29,-79.75],[59.5,-79.5],[59.0,-79.32],[50.75,-78.02],[50.25,-77.62],[48.75,-77.25],[48.04,-76.25],[46.86,-75.5],[44.75,-75.18],[41.0,-75.42],[36.26,-76.5],[35.75,-76.75],[35.99,-77.0],[35.9,-77.75],[33.0,-79.0],[32.49,-79.5],[31.41,-80.0],[31.28,-80.5],[31.81,-81.0],[33.25,-81.32],[40.25,-81.22],[42.7,-82.0],[42.74,-82.25],[41.66,-83.0],[41.82,-83.75],[42.75,-84.58],[44.97,-85.0],[50.87,-85.25]]}},{"type":"Feature","properties":{"level":1044},"geometry":{"type":"LineString","coordinates":[[43.75,-82.01],[43.35,-81.75],[44.5,-81.73],[45.43,-82.0],[43.75,-82.01]]}},{"type":"Feature","properties":{"level":1044},"geometry":{"type":"LineString","coordinates":[[41.25,-81.07],[42.17,-81.0],[41.25,-81.07]]}},{"type":"Feature","properties":{"level":1044},"geometry":{"type":"LineString","coordinates":[[43.5,-80.86],[44.0,-80.62],[44.97,-80.75],[43.5,-80.86]]}},{"type":"Feature","properties":{"level":1048},"geometry":{"type":"LineString","coordinates":[[48.22,-85.0],[64.0,-85.11],[76.23,-84.5],[85.5,-82.68],[91.5,-81.87],[93.33,-81.5],[95.0,-80.68],[97.46,-80.25],[96.75,-79.57],[96.25,-79.45],[94.25,-79.28],[90.25,-79.44],[87.0,-79.14],[84.0,-79.4],[82.0,-79.93],[78.25,-80.07],[72.75,-81.22],[70.75,-80.6],[68.0,-80.25],[62.75,-80.52],[61.25,-80.19],[58.82,-80.25],[58.0,-80.0],[57.75,-79.52],[54.25,-79.27],[51.82,-78.5],[50.0,-78.39],[47.5,-77.85],[47.25,-77.55],[47.58,-76.75],[47.34,-76.25],[44.75,-75.56],[42.75,-75.63],[37.75,-76.6],[37.21,-77.0],[37.85,-77.75],[37.69,-78.0],[36.75,-78.25],[35.51,-79.0],[34.47,-80.0],[35.19,-80.5],[36.5,-80.6],[42.75,-79.23],[44.58,-79.25],[46.86,-80.75],[45.69,-81.25],[50.82,-82.75],[50.53,-83.0],[45.0,-83.32],[44.19,-83.5],[44.01,-83.75],[44.81,-84.0],[45.25,-84.52],[48.22,-85.0]]}},{"type":"Feature","properties":{"level":1052},"geometry":{"type":"LineString","coordinates":[[51.31,-85.0],[64.25,-85.04],[73.75,-84.5],[75.92,-84.0],[79.5,-83.59],[86.0,-82.2],[90.84,-81.5],[90.2,-81.0],[90.25,-80.75],[92.25,-80.44],[93.44,-80.0],[93.06,-79.75],[91.75,-79.64],[79.5,-80.08],[72.25,-81.41],[70.5,-80.96],[67.0,-80.65],[62.25,-80.84],[58.0,-80.47],[56.01,-79.75],[53.25,-79.61],[49.99,-78.75],[48.75,-78.59],[47.25,-78.79],[45.51,-78.0],[46.57,-77.25],[46.68,-76.5],[44.57,-75.75],[42.75,-75.81],[39.75,-76.35],[38.1,-77.0],[39.26,-77.75],[38.75,-78.24],[37.92,-78.5],[38.0,-79.09],[41.0,-79.26],[46.0,-78.96],[46.18,-79.0],[45.71,-79.25],[45.8,-79.5],[49.47,-81.25],[49.04,-81.5],[55.55,-83.0],[47.14,-83.5],[46.56,-83.75],[49.69,-84.0],[47.46,-84.25],[47.49,-84.5],[51.31,-85.0]]}},{"type":"Feature","properties":{"level":1052},"geometry":{"type":"LineString","coordinates":[[74.0,-81.92],[73.77,-81.75],[77.0,-81.16],[78.75,-81.15],[79.49,-81.5],[76.0,-81.95],[74.0,-81.92]]}},{"type":"Feature","properties":{"level":1056},"geometry":{"type":"LineString","coordinates":[[56.19,-85.0],[69.25,-84.77],[70.98,-84.5],[70.25,-84.21],[66.75,-84.14],[60.77,-84.5],[52.37,-84.5],[56.19,-85.0]]}},{"type":"Feature","properties":{"level":1056},"geometry":{"type":"LineString","coordinates":[[70.21,-83.5],[73.5,-83.71],[78.59,-83.5],[87.5,-81.51],[85.48,-81.25],[88.37,-80.5],[85.75,-80.16],[79.5,-80.19],[73.98,-81.25],[74.5,-81.38],[78.75,-80.84],[80.44,-81.0],[81.62,-81.5],[75.75,-82.28],[72.25,-82.18],[71.52,-82.0],[71.83,-81.75],[71.0,-81.42],[67.5,-81.06],[66.25,-81.18],[66.11,-81.25],[66.66,-81.5],[65.84,-81.75],[60.74,-82.25],[64.75,-83.11],[70.21,-83.5]]}},{"type":"Feature","properties":{"level":1056},"geometry":{"type":"LineString","coordinates":[[54.95,-82.25],[57.0,-82.44],[60.25,-82.2],[60.58,-82.0],[59.72,-81.5],[55.5,-80.34],[52.5,-79.83],[50.25,-79.16],[48.5,-79.03],[47.25,-79.2],[46.94,-79.5],[48.5,-80.32],[51.66,-81.25],[50.5,-81.52],[54.95,-82.25]]}},{"type":"Feature","properties":{"level":1056},"geometry":{"type":"LineString","coordinates":[[89.12,-80.25],[90.51,-80.25],[89.12,-80.25]]}},{"type":"Feature","properties":{"level":1056},"geometry":{"type":"LineString","coordinates":[[41.29,-78.75],[44.49,-78.75],[44.76,-78.5],[44.34,-78.0],[45.86,-76.5],[45.25,-76.23],[42.75,-75.94],[40.0,-76.5],[38.88,-77.0],[39.74,-77.5],[40.5,-78.45],[41.29,-78.75]]}},{"type":"Feature","properties":{"level":1060},"geometry":{"type":"LineString","coordinates":[[62.72,-84.75],[65.14,-84.75],[62.72,-84.75]]}},{"type":"Feature","properties":{"level":1060},"geometry":{"type":"LineString","coordinates":[[67.68,-83.25],[71.5,-83.35],[77.75,-83.08],[83.25,-82.1],[84.2,-81.75],[84.0,-81.49],[78.5,-82.27],[74.5,-82.55],[68.25,-81.93],[64.44,-82.75],[67.68,-83.25]]}},{"type":"Feature","properties":{"level":1060},"geometry":{"type":"LineString","coordinates":[[53.69,-81.75],[56.0,-81.95],[58.39,-81.75],[58.25,-81.5],[55.19,-81.25],[55.05,-81.0],[55.25,-80.71],[52.25,-80.43],[50.75,-79.68],[48.75,-79.31],[48.05,-79.5],[48.4,-80.0],[49.09,-80.25],[52.0,-80.58],[53.74,-81.25],[51.42,-81.5],[53.69,-81.75]]}},{"type":"Feature","properties":{"level":1060},"geometry":{"type":"LineString","coordinates":[[81.99,-81.0],[84.5,-81.14],[86.01,-80.75],[85.0,-80.36],[81.55,-80.5],[82.0,-80.6],[81.99,-81.0]]}},{"type":"Feature","properties":{"level":1060},"geometry":{"type":"LineString","coordinates":[[78.75,-80.5],[81.17,-80.5],[78.75,-80.5]]}},{"type":"Feature","properties":{"level":1060},"geometry":{"type":"LineString","coordinates":[[41.82,-78.5],[43.0,-78.71],[43.74,-78.5],[43.65,-77.5],[44.36,-77.0],[44.52,-76.5],[42.75,-76.16],[40.5,-76.61],[39.76,-77.0],[39.77,-77.25],[41.82,-78.5]]}},{"type":"Feature","properties":{"level":1064},"geometry":{"type":"LineString","coordinates":[[66.49,-83.0],[74.5,-83.0],[68.25,-82.63],[66.27,-82.75],[66.49,-83.0]]}},{"type":"Feature","properties":{"level":1064},"geometry":{"type":"LineString","coordinates":[[76.45,-82.75],[77.66,-82.75],[76.45,-82.75]]}},{"type":"Feature","properties":{"level":1064},"geometry":{"type":"LineString","coordinates":[[52.45,-81.5],[56.39,-81.5],[52.45,-81.5]]}},{"type":"Feature","properties":{"level":1064},"geometry":{"type":"LineString","coordinates":[[42.0,-78.25],[42.62,-78.25],[41.44,-77.5],[42.0,-77.08],[43.25,-76.87],[43.37,-76.5],[42.25,-76.45],[40.5,-76.94],[40.25,-77.25],[42.0,-78.25]]}}]}