{"type":"FeatureCollection","features":[{"type":"Feature","properties":{"level":948},"geometry":{"type":"LineString","coordinates":[[180.0,-65.99],[179.54,-65.5],[180.0,-64.99]]}},{"type":"Feature","properties":{"level":948},"geometry":{"type":"LineString","coordinates":[[-180.0,-64.99],[-178.75,-64.73],[-177.5,-64.89],[-176.52,-65.25],[-176.24,-65.75],[-176.75,-66.21],[-177.75,-66.4],[-179.0,-66.36],[-180.0,-65.99]]}},{"type":"Feature","properties":{"level":952},"geometry":{"type":"LineString","coordinates":[[180.0,-67.45],[178.0,-66.6],[176.53,-65.5],[176.21,-65.0],[177.35,-64.5],[180.0,-64.26]]}},{"type":"Feature","properties":{"level":952},"geometry":{"type":"LineString","coordinates":[[-180.0,-64.26],[-178.0,-64.24],[-176.0,-64.64],[-174.83,-65.25],[-174.53,-66.0],[-175.95,-67.5],[-175.55,-67.75],[-176.0,-67.9],[-177.25,-67.98],[-180.0,-67.45]]}},{"type":"Feature","properties":{"level":956},"geometry":{"type":"LineString","coordinates":[[-115.75,-69.76],[-115.37,-69.75],[-115.75,-69.76]]}},{"type":"Feature","properties":{"level":956},"geometry":{"type":"LineString","coordinates":[[180.0,-68.32],[176.75,-67.09],[175.33,-66.0],[174.93,-65.25],[175.22,-64.75],[176.25,-64.21],[180.0,-63.75]]}},{"type":"Feature","properties":{"level":956},"geometry":{"type":"LineString","coordinates":[[-180.0,-63.75],[-177.0,-63.88],[-174.6,-64.5],[-173.42,-65.25],[-172.5,-66.81],[-171.43,-67.5],[-172.75,-68.41],[-174.74,-69.0],[-180.0,-68.32]]}},{"type":"Feature","properties":{"level":960},"geometry":{"type":"LineString","coordinates":[[-119.75,-71.01],[-122.34,-70.5],[-122.78,-70.0],[-122.7,-69.75],[-120.75,-68.97],[-116.5,-68.49],[-114.0,-68.77],[-112.88,-69.25],[-112.58,-69.75],[-113.25,-70.44],[-114.75,-70.89],[-117.0,-71.14],[-119.75,-71.01]]}},{"type":"Feature","properties":{"level":960},"geometry":{"type":"LineString","coordinates":[[180.0,-69.51],[175.0,-67.17],[174.0,-66.4],[173.38,-65.5],[174.0,-64.5],[175.0,-64.01],[177.5,-63.5],[180.0,-63.31]]}},{"type":"Feature","properties":{"level":960},"geometry":{"type":"LineString","coordinates":[[-180.0,-63.31],[-177.0,-63.43],[-174.25,-64.03],[-172.59,-64.75],[-170.0,-66.33],[-168.75,-66.72],[-168.51,-67.25],[-169.35,-68.5],[-172.0,-70.2],[-175.25,-71.69],[-176.75,-71.81],[-178.75,-71.28],[-179.4,-70.75],[-179.26,-70.0],[-180.0,-69.51]]}},{"type":"Feature","properties":{"level":960},"geometry":{"type":"LineString","coordinates":[[-0.5,-60.52],[-2.39,-59.75],[-2.91,-59.0],[-2.5,-58.0],[-1.97,-57.5],[0.25,-56.41],[2.25,-57.41],[2.53,-57.75],[2.6,-58.5],[1.0,-60.32],[0.5,-60.56],[-0.5,-60.52]]}},{"type":"Feature","properties":{"level":964},"geometry":{"type":"LineString","coordinates":[[-120.75,-72.53],[-123.5,-71.95],[-124.59,-71.5],[-125.32,-70.75],[-125.29,-69.75],[-124.25,-68.88],[-122.5,-68.19],[-119.5,-67.33],[-116.75,-67.08],[-114.25,-67.44],[-112.25,-68.05],[-110.94,-68.75],[-110.22,-69.75],[-110.19,-70.5],[-110.5,-70.84],[-113.5,-72.2],[-117.5,-72.72],[-120.75,-72.53]]}},{"type":"Feature","properties":{"level":964},"geometry":{"type":"LineString","coordinates":[[180.0,-71.56],[177.68,-69.75],[173.0,-67.15],[172.14,-66.5],[171.47,-65.5],[172.03,-64.25],[173.0,-63.75],[176.25,-63.03],[180.0,-62.82]]}},{"type":"Feature","properties":{"level":964},"geometry":{"type":"LineString","coordinates":[[-180.0,-62.82],[-176.5,-63.03],[-174.07,-63.5],[-169.25,-65.18],[-166.5,-65.62],[-165.58,-66.75],[-166.11,-69.0],[-166.53,-69.75],[-169.25,-71.54],[-172.0,-72.27],[-174.75,-72.49],[-177.75,-72.24],[-180.0,-71.56]]}},{"type":"Feature","properties":{"level":964},"geometry":{"type":"LineString","coordinates":[[-1.0,-62.0],[-3.0,-61.58],[-4.5,-60.94],[-5.91,-59.75],[-6.62,-58.5],[-6.46,-57.75],[-6.0,-57.16],[-2.75,-54.55],[1.25,-54.4],[3.25,-54.89],[5.73,-56.5],[7.66,-58.75],[7.28,-59.5],[6.09,-60.5],[4.03,-61.5],[1.75,-62.04],[-1.0,-62.0]]}},{"type":"Feature","properties":{"level":964},"geometry":{"type":"LineString","coordinates":[[-41.75,61.15],[-42.25,61.63],[-41.5,61.9],[-40.68,61.5],[-41.0,61.2],[-41.75,61.15]]}},{"type":"Feature","properties":{"level":964},"geometry":{"type":"LineString","coordinates":[[-37.75,63.16],[-37.94,63.25],[-37.62,63.5],[-36.5,63.81],[-35.0,63.82],[-34.58,63.5],[-36.0,63.04],[-37.75,63.16]]}},{"type":"Feature","properties":{"level":968},"geometry":{"type":"LineString","coordinates":[[-114.5,-75.0],[-116.0,-74.78],[-118.5,-74.88],[-123.0,-74.28],[-125.0,-73.7],[-125.25,-73.39],[-126.25,-73.35],[-126.5,-73.08],[-127.5,-73.6],[-128.07,-73.25],[-128.0,-72.98],[-127.15,-72.75],[-127.99,-71.5],[-128.04,-70.25],[-127.22,-69.0],[-125.75,-67.88],[-123.5,-66.58],[-121.0,-65.62],[-117.25,-65.22],[-114.75,-65.47],[-112.75,-66.0],[-110.75,-66.89],[-108.48,-68.5],[-107.72,-69.5],[-107.55,-70.75],[-108.15,-72.25],[-111.23,-74.0],[-110.58,-74.5],[-110.75,-74.87],[-113.5,-75.21],[-114.5,-75.0]]}},{"type":"Feature","properties":{"level":968},"geometry":{"type":"LineString","coordinates":[[180.0,-72.36],[178.25,-71.69],[172.07,-68.0],[169.8,-66.25],[168.75,-65.04],[166.22,-64.25],[166.05,-64.0],[168.48,-63.0],[168.98,-62.25],[169.5,-62.08],[180.0,-62.25]]}},{"type":"Feature","properties":{"level":968},"geometry":{"type":"LineString","coordinates":[[110.25,-66.29],[109.25,-66.1],[108.73,-65.75],[110.0,-65.31],[111.25,-65.5],[110.96,-66.0],[110.25,-66.29]]}},{"type":"Feature","properties":{"level":968},"geometry":{"type":"LineString","coordinates":[[-1.5,-63.02],[-3.75,-62.42],[-5.75,-61.45],[-7.0,-60.44],[-7.85,-59.0],[-7.9,-58.0],[-7.25,-56.8],[-5.35,-55.0],[-3.75,-53.87],[0.0,-52.85],[3.75,-52.83],[6.0,-53.77],[10.53,-56.75],[10.6,-57.75],[10.0,-59.09],[8.54,-60.75],[7.0,-61.74],[4.75,-62.58],[2.5,-63.04],[-1.5,-63.02]]}},{"type":"Feature","properties":{"level":968},"geometry":{"type":"LineString","coordinates":[[-180.0,-62.25],[-175.25,-62.69],[-168.75,-64.2],[-164.75,-64.62],[-163.33,-65.5],[-162.82,-67.0],[-162.25,-67.56],[-161.95,-68.5],[-163.15,-70.0],[-164.5,-70.94],[-166.75,-71.96],[-168.75,-72.55],[-171.5,-73.03],[-174.5,-73.15],[-177.5,-72.9],[-180.0,-72.36]]}},{"type":"Feature","properties":{"level":968},"geometry":{"type":"LineString","coordinates":[[-110.5,-55.03],[-111.75,-54.55],[-112.75,-53.79],[-113.5,-52.75],[-113.54,-51.75],[-110.74,-49.75],[-109.5,-49.41],[-108.5,-49.5],[-108.1,-50.0],[-108.38,-51.0],[-108.33,-52.25],[-107.79,-53.75],[-106.85,-54.5],[-106.84,-54.75],[-109.0,-55.12],[-110.5,-55.03]]}},{"type":"Feature","properties":{"level":968},"geometry":{"type":"LineString","coordinates":[[28.25,-50.83],[27.78,-50.5],[28.0,-49.97],[28.75,-49.9],[29.22,-50.25],[29.09,-50.75],[28.25,-50.83]]}},{"type":"Feature","properties":{"level":968},"geometry":{"type":"LineString","coordinates":[[-43.25,59.73],[-44.16,60.25],[-44.12,60.75],[-44.5,61.55],[-45.25,61.75],[-45.65,62.25],[-44.5,61.81],[-42.5,62.23],[-42.21,62.75],[-39.75,63.76],[-37.25,64.44],[-34.25,64.48],[-32.04,63.75],[-33.37,62.5],[-35.25,61.45],[-36.09,59.75],[-36.5,59.55],[-37.5,59.58],[-39.25,60.26],[-43.25,59.73]]}},{"type":"Feature","properties":{"level":972},"geometry":{"type":"LineString","coordinates":[[-113.25,-76.28],[-114.75,-75.58],[-119.5,-75.11],[-123.5,-75.47],[-123.73,-75.75],[-124.5,-75.79],[-129.5,-75.48],[-130.19,-75.25],[-130.03,-75.0],[-130.59,-74.5],[-132.92,-74.25],[-132.26,-73.75],[-132.1,-72.75],[-130.5,-69.45],[-127.0,-65.59],[-124.25,-64.1],[-121.25,-63.1],[-118.75,-62.57],[-116.0,-62.56],[-113.5,-63.03],[-110.24,-64.25],[-107.0,-66.74],[-105.27,-69.0],[-104.46,-70.5],[-104.47,-72.25],[-105.86,-73.75],[-107.02,-75.5],[-108.25,-76.04],[-113.25,-76.28]]}},{"type":"Feature","properties":{"level":972},"geometry":{"type":"LineString","coordinates":[[180.0,-73.21],[175.61,-71.5],[169.46,-67.5],[163.55,-64.25],[162.89,-63.75],[162.4,-62.75],[162.9,-62.25],[164.73,-61.75],[166.5,-60.69],[172.75,-60.92],[175.75,-61.4],[180.0,-61.64]]}},{"type":"Feature","properties":{"level":972},"geometry":{"type":"LineString","coordinates":[[109.75,-67.76],[105.25,-66.1],[104.0,-65.79],[102.5,-65.85],[101.64,-65.0],[103.9,-64.0],[103.98,-63.75],[102.75,-63.66],[100.5,-64.21],[98.5,-64.38],[97.75,-64.71],[95.0,-63.87],[93.95,-63.25],[93.89,-63.0],[95.3,-62.5],[97.25,-62.18],[105.75,-61.69],[118.75,-62.07],[119.76,-62.25],[119.93,-62.5],[119.91,-63.5],[120.29,-64.75],[118.5,-64.71],[117.75,-64.93],[117.51,-65.25],[117.47,-66.75],[116.5,-67.03],[116.0,-66.6],[112.75,-66.07],[112.12,-66.25],[111.75,-66.92],[109.99,-67.5],[110.25,-67.78],[109.75,-67.76]]}},{"type":"Feature","properties":{"level":972},"geometry":{"type":"LineString","coordinates":[[97.75,-65.05],[97.75,-64.8],[97.75,-65.05]]}},{"type":"Feature","properties":{"level":972},"geometry":{"type":"LineString","coordinates":[[-1.25,-64.02],[-3.5,-63.53],[-5.75,-62.64],[-7.56,-61.5],[-8.88,-60.0],[-9.32,-58.75],[-9.15,-57.5],[-8.25,-56.04],[-6.88,-54.75],[-4.75,-53.36],[-2.75,-52.5],[0.0,-51.78],[4.0,-51.3],[5.0,-51.38],[6.75,-51.93],[9.25,-53.14],[11.5,-53.81],[11.94,-54.25],[12.58,-56.5],[12.35,-58.5],[11.33,-60.25],[9.83,-61.75],[7.5,-62.99],[4.75,-63.82],[2.0,-64.17],[-1.25,-64.02]]}},{"type":"Feature","properties":{"level":972},"geometry":{"type":"LineString","coordinates":[[-180.0,-61.64],[-175.25,-62.1],[-168.25,-63.29],[-163.5,-63.61],[-161.77,-64.5],[-160.9,-65.5],[-159.38,-66.25],[-158.21,-67.25],[-158.18,-67.5],[-158.83,-69.0],[-160.49,-70.5],[-163.32,-72.0],[-166.25,-72.96],[-169.5,-73.6],[-173.0,-73.86],[-176.49,-73.75],[-180.0,-73.21]]}},{"type":"Feature","properties":{"level":972},"geometry":{"type":"LineString","coordinates":[[-111.75,-58.04],[-112.62,-57.75],[-113.75,-56.77],[-114.94,-55.25],[-115.28,-54.0],[-115.34,-52.5],[-114.79,-50.5],[-113.5,-48.77],[-110.25,-48.5],[-107.75,-48.98],[-106.92,-49.75],[-104.57,-53.75],[-103.66,-54.25],[-106.78,-56.5],[-107.93,-56.75],[-110.25,-58.06],[-111.75,-58.04]]}},{"type":"Feature","properties":{"level":972},"geometry":{"type":"LineString","coordinates":[[29.25,-51.27],[27.75,-50.92],[27.41,-50.5],[27.49,-50.0],[28.5,-49.58],[29.71,-50.0],[29.98,-50.5],[29.91,-51.0],[29.25,-51.27]]}},{"type":"Feature","properties":{"level":972},"geometry":{"type":"LineString","coordinates":[[-42.75,59.0],[-48.0,60.04],[-50.75,60.99],[-51.31,61.5],[-51.64,62.25],[-51.7,63.5],[-51.25,63.83],[-50.25,63.27],[-49.0,63.04],[-48.0,63.5],[-46.25,63.04],[-44.25,63.13],[-41.5,63.58],[-39.0,64.69],[-35.75,65.1],[-32.5,64.84],[-31.23,64.5],[-30.4,64.0],[-30.32,63.0],[-30.75,62.34],[-33.71,60.0],[-35.0,59.36],[-37.25,58.9],[-42.75,59.0]]}},{"type":"Feature","properties":{"level":976},"geometry":{"type":"LineString","coordinates":[[-112.5,-76.76],[-115.16,-75.75],[-119.25,-75.49],[-122.75,-76.01],[-127.25,-76.04],[-130.25,-75.86],[-131.0,-75.36],[-132.25,-75.59],[-134.0,-75.36],[-138.75,-75.32],[-140.26,-75.75],[-139.99,-76.0],[-140.25,-76.01],[-140.75,-75.77],[-143.09,-75.5],[-141.5,-75.23],[-140.0,-75.36],[-139.63,-74.75],[-137.87,-73.75],[-134.25,-70.56],[-132.09,-67.5],[-131.07,-65.5],[-129.0,-63.57],[-126.25,-61.83],[-122.16,-59.75],[-119.5,-58.72],[-118.53,-58.0],[-117.75,-57.18],[-117.5,-56.5],[-117.57,-55.0],[-117.25,-52.75],[-115.49,-49.5],[-114.59,-48.5],[-113.5,-47.74],[-110.25,-46.97],[-108.25,-47.56],[-106.75,-48.51],[-102.18,-53.0],[-102.0,-54.75],[-102.43,-56.25],[-103.54,-56.75],[-104.92,-58.25],[-105.99,-59.75],[-106.03,-60.5],[-105.76,-62.5],[-103.79,-65.5],[-101.18,-70.5],[-100.95,-71.25],[-101.4,-72.0],[-100.56,-72.25],[-101.54,-73.0],[-101.17,-73.25],[-101.42,-73.75],[-100.31,-74.5],[-101.27,-74.75],[-102.75,-76.24],[-104.5,-76.59],[-109.5,-76.99],[-112.5,-76.76]]}},{"type":"Feature","properties":{"level":976},"geometry":{"type":"LineString","coordinates":[[180.0,-73.94],[176.75,-73.06],[173.75,-71.51],[170.99,-70.5],[167.2,-67.5],[162.49,-65.0],[161.37,-64.0],[160.89,-62.75],[161.25,-62.02],[164.07,-60.0],[164.25,-59.67],[165.0,-59.4],[172.5,-59.97],[180.0,-60.97]]}},{"type":"Feature","properties":{"level":976},"geometry":{"type":"LineString","coordinates":[[113.5,-69.78],[110.0,-68.31],[105.25,-66.72],[102.25,-66.6],[100.25,-67.11],[99.5,-66.82],[95.75,-66.94],[95.2,-66.75],[95.25,-66.48],[94.71,-66.5],[94.4,-66.25],[89.5,-65.45],[83.25,-65.25],[78.25,-65.65],[75.0,-65.23],[73.65,-64.75],[73.78,-64.25],[72.96,-63.75],[72.79,-63.25],[71.35,-62.5],[70.61,-60.25],[71.51,-59.25],[73.0,-58.89],[78.75,-58.54],[85.25,-57.64],[87.81,-58.0],[89.23,-59.25],[90.75,-59.88],[93.5,-60.04],[94.12,-60.5],[95.25,-60.75],[107.5,-60.65],[114.5,-61.06],[119.25,-61.08],[122.57,-61.5],[123.84,-64.75],[121.18,-68.25],[118.5,-69.26],[117.26,-69.25],[115.25,-68.77],[113.18,-68.75],[113.18,-69.25],[113.87,-69.75],[113.5,-69.78]]}},{"type":"Feature","properties":{"level":976},"geometry":{"type":"LineString","coordinates":[[115.64,-68.5],[117.5,-68.16],[118.29,-67.75],[115.34,-68.25],[115.64,-68.5]]}},{"type":"Feature","properties":{"level":976},"geometry":{"type":"LineString","coordinates":[[-0.5,-65.01],[-3.0,-64.64],[-5.91,-63.75],[-7.8,-62.75],[-9.67,-61.25],[-10.63,-59.75],[-10.89,-58.25],[-10.57,-57.0],[-9.5,-55.49],[-6.75,-53.36],[-4.25,-52.08],[-1.5,-51.13],[2.75,-50.22],[6.5,-50.36],[11.5,-51.75],[12.5,-52.3],[13.44,-53.5],[14.01,-54.75],[14.61,-56.5],[14.7,-57.5],[14.53,-58.75],[14.11,-59.75],[12.56,-61.75],[10.25,-63.42],[7.0,-64.54],[3.0,-65.05],[-0.5,-65.01]]}},{"type":"Feature","properties":{"level":976},"geometry":{"type":"LineString","coordinates":[[-180.0,-60.97],[-169.25,-62.2],[-163.0,-62.56],[-161.54,-63.0],[-159.0,-64.53],[-157.68,-64.75],[-155.5,-65.67],[-154.84,-67.25],[-155.59,-69.0],[-157.1,-70.5],[-160.32,-72.25],[-163.5,-73.34],[-167.5,-74.12],[-171.25,-74.44],[-176.0,-74.42],[-180.0,-73.94]]}},{"type":"Feature","properties":{"level":976},"geometry":{"type":"LineString","coordinates":[[-139.25,-58.26],[-139.9,-58.0],[-139.36,-57.25],[-134.0,-54.32],[-132.88,-53.0],[-130.65,-51.75],[-130.6,-52.75],[-131.0,-53.56],[-132.74,-55.0],[-134.23,-56.75],[-137.0,-58.06],[-139.25,-58.26]]}},{"type":"Feature","properties":{"level":976},"geometry":{"type":"LineString","coordinates":[[28.0,-51.5],[27.25,-51.06],[26.9,-50.5],[27.13,-49.75],[27.75,-49.36],[29.5,-49.3],[30.36,-49.75],[30.75,-50.25],[30.71,-51.0],[30.0,-51.58],[28.0,-51.5]]}},{"type":"Feature","properties":{"level":976},"geometry":{"type":"LineString","coordinates":[[-109.5,-46.87],[-109.7,-46.75],[-109.25,-46.75],[-109.5,-46.87]]}},{"type":"Feature","properties":{"level":976},"geometry":{"type":"LineString","coordinates":[[-38.75,58.0],[-45.75,58.75],[-50.5,59.94],[-52.65,61.25],[-53.33,62.5],[-53.32,63.5],[-52.21,65.0],[-51.0,64.97],[-50.25,65.34],[-49.25,64.92],[-49.0,65.6],[-48.5,65.76],[-47.0,64.78],[-43.25,64.56],[-42.0,64.83],[-40.85,64.75],[-40.78,65.0],[-41.18,65.25],[-40.0,65.23],[-39.75,65.52],[-39.0,65.67],[-32.75,65.54],[-29.75,64.85],[-28.99,64.5],[-28.27,63.75],[-28.13,63.0],[-28.64,61.75],[-31.75,59.17],[-35.25,58.2],[-38.75,58.0]]}},{"type":"Feature","properties":{"level":980},"geometry":{"type":"LineString","coordinates":[[-111.5,-77.27],[-115.75,-76.79],[-117.5,-76.1],[-117.86,-76.25],[-117.4,-76.5],[-118.25,-76.85],[-120.5,-76.19],[-125.25,-76.15],[-126.5,-76.47],[-127.5,-76.21],[-131.0,-76.14],[-131.75,-75.87],[-133.25,-76.06],[-134.0,-75.87],[-135.25,-76.15],[-142.75,-76.67],[-144.0,-76.23],[-145.5,-76.48],[-147.89,-76.0],[-148.0,-75.5],[-147.35,-75.0],[-142.01,-72.75],[-138.14,-69.75],[-135.34,-66.25],[-133.91,-62.75],[-133.9,-62.25],[-134.25,-61.89],[-135.32,-61.25],[-137.5,-60.5],[-141.75,-60.52],[-146.86,-61.0],[-139.0,-55.63],[-130.75,-50.47],[-129.75,-50.22],[-129.36,-50.5],[-128.25,-52.97],[-127.0,-54.17],[-125.75,-54.51],[-125.5,-54.83],[-122.75,-54.95],[-121.5,-54.4],[-120.27,-53.5],[-116.3,-48.75],[-114.25,-46.96],[-111.0,-45.86],[-109.75,-45.87],[-108.72,-46.25],[-104.09,-49.0],[-101.0,-51.94],[-99.38,-55.75],[-99.93,-57.5],[-100.81,-58.5],[-101.83,-60.25],[-101.81,-62.25],[-100.3,-66.0],[-97.84,-70.25],[-97.75,-71.25],[-98.0,-71.82],[-96.57,-72.5],[-97.06,-73.25],[-96.75,-73.58],[-93.92,-74.25],[-94.82,-74.5],[-95.5,-75.31],[-98.29,-76.5],[-100.05,-76.75],[-101.35,-77.25],[-104.25,-77.47],[-111.5,-77.27]]}},{"type":"Feature","properties":{"level":980},"geometry":{"type":"LineString","coordinates":[[180.0,-74.69],[176.5,-73.92],[172.05,-71.75],[169.0,-71.71],[165.5,-70.91],[163.75,-71.34],[163.25,-71.08],[163.0,-71.2],[161.88,-70.0],[163.25,-69.3],[165.67,-69.0],[165.22,-68.75],[164.5,-67.73],[160.25,-65.0],[159.32,-63.75],[159.09,-62.75],[159.62,-61.25],[162.0,-58.99],[164.25,-58.41],[171.0,-58.97],[180.0,-60.23]]}},{"type":"Feature","properties":{"level":980},"geometry":{"type":"LineString","coordinates":[[114.75,-70.26],[112.56,-69.75],[107.0,-67.77],[104.25,-67.17],[101.25,-67.22],[100.0,-67.51],[99.25,-67.18],[95.5,-67.44],[91.75,-67.08],[89.5,-67.28],[88.0,-67.08],[83.25,-67.48],[79.25,-67.41],[70.5,-66.52],[68.16,-66.0],[65.41,-64.75],[64.42,-62.25],[64.64,-61.0],[65.86,-58.5],[66.98,-57.25],[67.91,-56.75],[67.99,-56.0],[64.32,-54.75],[63.84,-54.0],[65.66,-53.25],[67.75,-52.95],[68.35,-53.25],[68.83,-54.0],[68.81,-55.0],[68.46,-55.5],[69.95,-56.0],[72.75,-56.4],[79.75,-56.62],[85.75,-56.05],[87.25,-56.15],[89.47,-56.5],[92.5,-57.8],[99.0,-59.3],[123.75,-60.47],[124.56,-61.0],[126.52,-63.5],[128.06,-66.25],[128.03,-66.75],[127.25,-67.3],[123.84,-69.0],[121.25,-69.92],[118.5,-70.39],[114.75,-70.26]]}},{"type":"Feature","properties":{"level":980},"geometry":{"type":"LineString","coordinates":[[160.25,-69.9],[160.0,-69.75],[160.25,-69.57],[160.7,-69.75],[160.25,-69.9]]}},{"type":"Feature","properties":{"level":980},"geometry":{"type":"LineString","coordinates":[[-1.75,-66.02],[-5.5,-65.1],[-9.25,-63.37],[-11.38,-61.5],[-12.43,-59.5],[-12.51,-57.75],[-11.5,-55.74],[-9.0,-53.51],[-5.75,-51.63],[-2.0,-50.25],[2.75,-49.11],[6.25,-49.06],[10.9,-49.75],[12.63,-50.5],[14.29,-52.0],[18.13,-57.0],[18.05,-58.75],[17.13,-60.25],[13.73,-64.25],[11.25,-65.5],[3.5,-66.21],[-1.75,-66.02]]}},{"type":"Feature","properties":{"level":980},"geometry":{"type":"LineString","coordinates":[[-180.0,-60.23],[-169.5,-61.25],[-166.0,-61.18],[-161.75,-61.72],[-158.0,-63.13],[-153.0,-63.98],[-152.5,-64.6],[-151.47,-64.75],[-150.99,-66.75],[-151.22,-67.75],[-152.2,-69.5],[-154.0,-71.15],[-156.71,-72.75],[-160.0,-73.82],[-164.0,-74.7],[-169.0,-75.15],[-175.25,-75.15],[-180.0,-74.69]]}},{"type":"Feature","properties":{"level":980},"geometry":{"type":"LineString","coordinates":[[22.5,-55.79],[21.99,-55.5],[22.0,-54.9],[22.75,-55.29],[22.75,-55.75],[22.5,-55.79]]}},{"type":"Feature","properties":{"level":980},"geometry":{"type":"LineString","coordinates":[[28.75,-52.26],[27.25,-51.9],[26.13,-51.0],[25.97,-50.0],[26.6,-49.25],[27.5,-48.82],[29.25,-48.69],[30.91,-49.25],[31.77,-50.0],[31.83,-50.75],[30.98,-51.75],[30.0,-52.16],[28.75,-52.26]]}},{"type":"Feature","properties":{"level":980},"geometry":{"type":"LineString","coordinates":[[-39.25,57.24],[-43.25,57.59],[-47.25,58.29],[-50.0,59.01],[-52.25,59.97],[-53.62,61.0],[-54.43,62.25],[-54.64,63.5],[-54.29,65.25],[-53.5,66.05],[-52.43,66.0],[-52.0,65.68],[-50.0,65.64],[-47.75,66.75],[-46.25,65.97],[-44.75,65.79],[-40.73,66.0],[-37.75,66.75],[-36.5,66.23],[-32.25,66.18],[-29.75,65.89],[-27.57,65.0],[-26.28,63.75],[-26.1,62.5],[-26.63,61.0],[-27.96,59.5],[-29.41,58.5],[-31.25,57.82],[-33.25,57.49],[-39.25,57.24]]}},{"type":"Feature","properties":{"level":984},"geometry":{"type":"LineString","coordinates":[[-155.75,-77.01],[-155.59,-77.0],[-155.75,-77.01]]}},{"type":"Feature","properties":{"level":984},"geometry":{"type":"LineString","coordinates":[[180.0,-75.62],[175.18,-74.5],[172.45,-72.75],[170.01,-72.25],[170.16,-72.0],[170.0,-71.93],[169.75,-72.05],[167.75,-71.52],[165.25,-71.41],[164.95,-71.5],[165.08,-71.75],[164.78,-72.0],[163.75,-72.12],[163.42,-72.25],[163.5,-72.5],[163.21,-72.5],[163.03,-71.75],[161.5,-71.78],[161.44,-71.5],[160.16,-71.0],[160.48,-70.75],[158.0,-69.43],[152.45,-68.25],[152.55,-68.0],[153.5,-67.84],[155.5,-68.17],[158.4,-67.75],[158.63,-66.5],[156.99,-63.75],[156.94,-61.75],[157.75,-60.19],[160.25,-58.04],[162.25,-57.77],[166.25,-57.73],[180.0,-59.41]]}},{"type":"Feature","properties":{"level":984},"geometry":{"type":"LineString","coordinates":[[117.75,-70.75],[112.75,-70.05],[105.5,-67.82],[99.75,-67.88],[98.5,-67.51],[88.5,-67.94],[87.5,-67.7],[84.25,-68.12],[81.25,-68.22],[80.0,-68.45],[78.25,-69.29],[75.5,-69.75],[72.96,-69.75],[70.75,-68.31],[66.0,-67.78],[65.15,-67.25],[60.25,-65.89],[58.94,-65.25],[58.19,-64.5],[59.91,-62.75],[62.06,-59.0],[62.68,-57.25],[62.83,-56.25],[61.53,-54.25],[61.46,-53.75],[63.5,-52.81],[68.25,-51.69],[69.75,-52.11],[73.25,-54.17],[75.25,-54.65],[80.5,-55.12],[86.0,-54.95],[89.25,-55.1],[98.5,-57.49],[101.0,-57.91],[115.0,-59.12],[124.75,-59.42],[125.5,-59.78],[128.5,-62.2],[131.38,-64.0],[132.07,-64.75],[131.94,-65.5],[130.75,-66.25],[130.73,-66.75],[130.25,-67.47],[128.97,-68.25],[124.74,-69.5],[122.67,-70.5],[117.75,-70.75]]}},{"type":"Feature","properties":{"level":984},"geometry":{"type":"LineString","coordinates":[[-0.75,-67.77],[-4.77,-67.0],[-8.75,-65.49],[-12.0,-63.21],[-13.92,-60.75],[-14.43,-59.0],[-14.45,-58.0],[-13.49,-55.75],[-11.5,-53.68],[-8.01,-51.5],[-3.75,-49.67],[1.5,-48.19],[4.5,-47.85],[8.75,-47.81],[9.75,-47.53],[11.5,-48.02],[17.25,-52.53],[18.25,-52.87],[19.25,-52.78],[20.0,-52.42],[22.0,-50.72],[23.25,-50.24],[24.39,-48.5],[26.25,-47.88],[28.25,-47.82],[30.25,-48.18],[31.85,-48.75],[33.25,-49.91],[33.3,-50.5],[32.6,-51.5],[31.25,-52.49],[29.5,-52.92],[25.5,-53.2],[26.22,-56.75],[25.5,-57.17],[22.65,-58.0],[21.32,-59.0],[19.17,-62.0],[18.26,-65.25],[17.77,-66.25],[17.17,-66.75],[14.25,-67.32],[9.0,-67.88],[2.25,-67.99],[-0.75,-67.77]]}},{"type":"Feature","properties":{"level":984},"geometry":{"type":"LineString","coordinates":[[-144.11,-65.25],[-143.5,-65.25],[-143.23,-64.75],[-143.75,-64.75],[-144.11,-65.25]]}},{"type":"Feature","properties":{"level":984},"geometry":{"type":"LineString","coordinates":[[-180.0,-59.41],[-171.25,-60.23],[-165.75,-60.15],[-162.0,-60.63],[-155.5,-62.16],[-152.5,-62.0],[-150.5,-61.39],[-146.0,-58.88],[-137.0,-52.9],[-130.5,-49.11],[-129.75,-49.05],[-128.75,-49.47],[-127.41,-50.5],[-126.0,-51.12],[-124.25,-51.55],[-122.75,-51.54],[-120.25,-50.34],[-116.36,-47.25],[-113.33,-45.25],[-112.25,-44.84],[-111.0,-44.73],[-107.5,-45.72],[-104.0,-47.38],[-102.25,-49.0],[-101.25,-49.6],[-98.42,-53.25],[-96.06,-55.5],[-95.23,-57.0],[-95.06,-58.25],[-95.25,-58.55],[-97.16,-59.5],[-97.79,-60.25],[-98.21,-61.25],[-98.06,-63.0],[-97.47,-64.75],[-94.87,-69.0],[-94.0,-69.75],[-92.25,-70.68],[-90.68,-72.0],[-90.35,-73.0],[-91.65,-73.75],[-87.72,-74.75],[-88.0,-75.01],[-89.5,-75.06],[-92.38,-76.25],[-96.98,-77.0],[-98.5,-77.57],[-108.5,-78.32],[-117.0,-77.62],[-125.0,-76.39],[-126.16,-76.75],[-125.71,-77.0],[-126.5,-77.33],[-127.89,-77.0],[-127.18,-76.75],[-127.34,-76.5],[-129.25,-76.78],[-132.5,-76.49],[-133.75,-76.59],[-135.5,-77.13],[-140.5,-76.94],[-141.5,-77.4],[-144.25,-78.02],[-149.75,-78.03],[-154.11,-77.5],[-154.25,-77.19],[-155.4,-77.0],[-155.76,-76.5],[-157.5,-76.12],[-170.5,-76.23],[-176.25,-76.03],[-180.0,-75.62]]}},{"type":"Feature","properties":{"level":984},"geometry":{"type":"LineString","coordinates":[[148.5,32.14],[148.5,32.69],[149.0,32.6],[149.0,32.18],[148.5,32.14]]}},{"type":"Feature","properties":{"level":984},"geometry":{"type":"LineString","coordinates":[[-41.0,56.47],[-48.0,57.62],[-50.5,58.39],[-53.25,59.7],[-54.61,60.75],[-55.48,62.0],[-55.82,64.0],[-55.36,65.5],[-54.5,66.22],[-53.5,66.46],[-51.5,65.97],[-49.75,65.94],[-48.94,66.5],[-49.54,68.25],[-49.04,69.25],[-49.5,69.5],[-48.75,69.79],[-47.0,69.33],[-46.25,68.66],[-44.92,68.25],[-45.36,67.75],[-43.0,66.79],[-41.0,66.84],[-38.0,67.31],[-35.5,66.69],[-31.75,66.91],[-27.75,66.54],[-25.5,65.5],[-23.9,63.75],[-23.62,62.0],[-24.28,60.25],[-26.09,58.5],[-28.0,57.41],[-30.28,56.75],[-35.5,56.28],[-41.0,56.47]]}},{"type":"Feature","properties":{"level":984},"geometry":{"type":"LineString","coordinates":[[-14.25,58.41],[-14.75,58.73],[-14.65,59.0],[-14.25,59.22],[-13.63,59.0],[-13.55,58.75],[-14.25,58.41]]}},{"type":"Feature","properties":{"level":988},"geometry":{"type":"LineString","coordinates":[[180.0,-76.93],[175.0,-75.91],[173.25,-75.27],[172.06,-74.5],[171.11,-73.25],[169.5,-72.2],[167.75,-71.64],[166.0,-71.72],[166.0,-72.07],[163.5,-72.7],[162.75,-72.53],[162.25,-72.12],[161.22,-72.0],[159.75,-71.25],[159.57,-71.0],[159.79,-70.75],[159.25,-70.47],[154.0,-69.81],[153.25,-69.32],[151.5,-69.12],[150.25,-68.72],[146.96,-68.5],[147.07,-67.75],[149.0,-66.74],[154.26,-66.0],[154.07,-62.5],[154.46,-61.0],[155.68,-59.0],[158.25,-57.24],[161.25,-56.88],[165.0,-56.85],[180.0,-58.55]]}},{"type":"Feature","properties":{"level":988},"geometry":{"type":"LineString","coordinates":[[68.75,-72.41],[68.25,-71.82],[67.82,-71.75],[68.17,-71.0],[67.19,-70.25],[68.25,-69.54],[68.26,-68.75],[64.75,-68.47],[61.5,-67.85],[60.0,-67.97],[57.75,-67.35],[56.0,-67.27],[55.97,-66.5],[53.59,-65.75],[53.04,-64.25],[58.17,-60.25],[59.19,-59.0],[59.97,-56.25],[59.56,-54.25],[59.1,-53.5],[60.47,-52.75],[63.75,-51.67],[68.0,-50.58],[70.0,-50.77],[73.0,-52.25],[76.75,-53.34],[81.75,-53.84],[89.5,-53.93],[98.5,-55.59],[101.75,-55.79],[112.25,-57.64],[120.25,-58.2],[125.5,-58.23],[130.25,-61.01],[134.28,-62.5],[135.0,-63.21],[135.35,-64.5],[135.34,-65.25],[135.0,-65.75],[133.5,-66.22],[132.65,-66.75],[132.56,-67.75],[131.91,-69.0],[123.4,-71.0],[116.5,-70.85],[111.25,-69.96],[105.25,-68.35],[101.75,-68.46],[98.75,-68.25],[98.0,-67.89],[95.75,-68.2],[88.5,-68.48],[86.5,-68.35],[83.42,-68.75],[77.5,-70.16],[75.75,-70.04],[74.34,-70.25],[73.5,-70.83],[72.46,-71.0],[72.03,-71.5],[71.0,-72.03],[68.75,-72.41]]}},{"type":"Feature","properties":{"level":988},"geometry":{"type":"LineString","coordinates":[[0.0,-69.79],[-4.75,-68.91],[-7.25,-68.14],[-11.5,-65.87],[-13.25,-64.64],[-14.37,-63.5],[-15.85,-61.5],[-16.69,-58.75],[-15.95,-56.0],[-14.05,-53.75],[-12.25,-52.44],[-9.63,-51.0],[-3.25,-48.24],[1.5,-47.07],[9.25,-46.23],[10.5,-46.35],[16.25,-49.85],[17.5,-50.5],[18.5,-50.72],[20.25,-50.32],[22.8,-48.5],[24.25,-47.78],[27.5,-47.19],[29.0,-47.18],[31.75,-47.66],[34.0,-48.61],[34.68,-49.25],[34.89,-50.0],[35.25,-50.17],[35.3,-50.5],[34.63,-51.25],[33.0,-52.54],[29.51,-54.5],[28.76,-55.25],[28.65,-56.5],[28.07,-57.25],[25.18,-59.0],[23.6,-60.5],[22.9,-61.75],[22.77,-62.5],[23.55,-65.75],[23.28,-66.5],[22.75,-67.07],[18.25,-68.83],[14.25,-69.49],[3.25,-69.97],[0.0,-69.79]]}},{"type":"Feature","properties":{"level":988},"geometry":{"type":"LineString","coordinates":[[-180.0,-58.55],[-173.0,-59.19],[-167.75,-58.99],[-161.25,-59.64],[-155.75,-60.67],[-153.0,-60.52],[-151.0,-60.07],[-147.75,-58.51],[-137.25,-51.6],[-131.5,-48.25],[-129.75,-47.96],[-126.25,-49.2],[-123.0,-49.34],[-121.0,-48.7],[-116.11,-45.75],[-113.5,-44.49],[-112.0,-44.15],[-109.0,-44.25],[-106.79,-44.75],[-102.75,-46.68],[-100.75,-48.34],[-96.53,-53.0],[-94.52,-54.75],[-93.21,-57.0],[-92.62,-58.75],[-92.69,-60.0],[-94.07,-61.25],[-94.43,-62.25],[-93.33,-65.75],[-91.85,-67.25],[-88.0,-69.35],[-87.0,-70.24],[-85.23,-72.5],[-85.42,-73.0],[-85.81,-73.25],[-87.31,-73.75],[-87.27,-74.0],[-85.73,-75.0],[-86.9,-75.75],[-86.9,-76.0],[-92.95,-76.75],[-94.46,-77.25],[-94.9,-77.75],[-95.25,-77.81],[-105.75,-78.74],[-110.25,-78.85],[-113.25,-78.57],[-116.9,-78.75],[-118.52,-78.5],[-120.66,-77.5],[-122.75,-77.29],[-125.0,-76.66],[-125.47,-76.75],[-125.2,-77.0],[-125.5,-77.4],[-126.75,-77.49],[-128.0,-77.18],[-132.5,-76.77],[-133.03,-77.0],[-132.55,-77.5],[-132.76,-77.75],[-132.39,-78.25],[-135.0,-78.61],[-138.75,-78.52],[-139.5,-78.25],[-140.25,-78.46],[-145.75,-78.43],[-154.75,-78.78],[-155.03,-78.75],[-154.41,-78.25],[-160.25,-78.28],[-165.75,-77.82],[-174.75,-77.54],[-180.0,-76.93]]}},{"type":"Feature","properties":{"level":988},"geometry":{"type":"LineString","coordinates":[[148.5,31.87],[148.12,32.25],[148.3,32.75],[148.75,32.93],[149.2,32.75],[149.15,32.0],[148.5,31.87]]}},{"type":"Feature","properties":{"level":988},"geometry":{"type":"LineString","coordinates":[[-40.75,55.24],[-46.25,56.02],[-51.0,57.58],[-54.44,59.5],[-56.36,61.5],[-57.04,63.25],[-57.07,65.0],[-56.4,66.25],[-54.72,67.5],[-54.5,69.21],[-54.0,69.28],[-53.29,68.75],[-53.89,67.5],[-51.44,67.0],[-51.71,66.5],[-51.25,66.27],[-50.25,66.6],[-49.47,66.5],[-49.68,67.75],[-50.17,68.5],[-49.74,69.25],[-50.45,69.5],[-49.8,70.0],[-49.92,70.5],[-50.99,71.25],[-51.35,71.75],[-51.25,72.02],[-49.75,72.46],[-49.0,72.34],[-48.75,71.75],[-48.5,71.7],[-45.75,72.03],[-44.5,71.92],[-44.21,71.75],[-44.39,71.25],[-45.54,70.75],[-45.67,70.5],[-45.0,69.73],[-44.0,70.2],[-43.0,69.09],[-42.98,68.5],[-40.25,67.88],[-39.25,68.26],[-38.75,67.96],[-37.75,68.17],[-36.75,67.91],[-36.25,68.04],[-36.1,68.0],[-36.42,67.25],[-36.25,67.21],[-34.25,67.1],[-32.25,67.58],[-30.5,67.7],[-26.25,67.47],[-22.5,67.69],[-21.5,67.57],[-21.04,67.25],[-21.57,66.25],[-22.13,66.0],[-21.22,64.5],[-21.22,64.0],[-20.24,62.75],[-19.0,60.0],[-19.25,59.2],[-21.25,58.57],[-24.25,57.05],[-28.75,55.78],[-35.5,55.13],[-40.75,55.24]]}},{"type":"Feature","properties":{"level":988},"geometry":{"type":"LineString","coordinates":[[-13.0,56.98],[-14.81,57.5],[-15.64,58.5],[-15.74,59.25],[-14.5,60.06],[-12.5,59.87],[-11.76,59.5],[-11.48,59.0],[-11.32,57.5],[-12.0,57.1],[-13.0,56.98]]}},{"type":"Feature","properties":{"level":988},"geometry":{"type":"LineString","coordinates":[[77.75,68.24],[76.76,68.5],[75.75,69.25],[75.5,70.0],[76.03,70.75],[77.75,71.37],[80.0,71.48],[82.16,71.0],[83.05,70.25],[82.89,69.5],[81.72,68.75],[79.75,68.23],[77.75,68.24]]}},{"type":"Feature","properties":{"level":988},"geometry":{"type":"LineString","coordinates":[[-53.0,69.17],[-52.89,69.5],[-52.56,69.5],[-53.0,69.17]]}},{"type":"Feature","properties":{"level":988},"geometry":{"type":"LineString","coordinates":[[-52.25,69.23],[-52.0,69.52],[-51.58,69.5],[-52.0,69.14],[-52.25,69.23]]}},{"type":"Feature","properties":{"level":988},"geometry":{"type":"LineString","coordinates":[[-52.5,69.57],[-52.49,70.0],[-51.83,70.0],[-52.5,69.57]]}},{"type":"Feature","properties":{"level":992},"geometry":{"type":"LineString","coordinates":[[-19.5,-79.51],[-22.0,-79.16],[-26.0,-79.02],[-25.42,-78.5],[-26.75,-78.08],[-33.08,-78.0],[-28.0,-76.46],[-23.25,-75.99],[-22.5,-76.09],[-21.21,-76.75],[-19.0,-77.43],[-16.75,-77.95],[-15.73,-78.5],[-16.22,-79.0],[-17.5,-79.43],[-19.5,-79.51]]}},{"type":"Feature","properties":{"level":992},"geometry":{"type":"LineString","coordinates":[[180.0,-78.9],[170.25,-76.18],[168.44,-74.5],[169.0,-73.53],[169.16,-73.0],[169.0,-72.73],[167.5,-72.76],[166.75,-72.34],[165.25,-72.33],[164.79,-72.5],[165.14,-73.0],[165.0,-73.08],[163.25,-72.9],[163.15,-73.25],[162.75,-73.33],[162.5,-73.25],[162.81,-73.0],[162.0,-72.42],[160.64,-72.0],[160.2,-71.5],[158.75,-71.0],[155.25,-70.26],[152.5,-70.08],[149.61,-69.0],[146.5,-68.83],[145.47,-68.5],[145.63,-68.25],[145.25,-68.11],[144.0,-68.27],[143.25,-67.47],[142.0,-67.78],[141.48,-68.5],[140.35,-69.0],[137.36,-69.75],[135.25,-69.62],[135.16,-69.5],[135.75,-69.17],[137.41,-68.75],[137.39,-67.75],[138.0,-68.05],[138.39,-67.75],[137.25,-67.35],[134.75,-68.17],[135.41,-68.75],[134.5,-69.47],[133.13,-70.0],[130.26,-70.75],[124.0,-71.27],[116.5,-71.06],[112.25,-70.43],[105.75,-69.03],[99.75,-68.94],[97.5,-68.4],[85.0,-69.01],[82.25,-69.46],[79.0,-70.56],[77.0,-70.94],[76.0,-71.43],[74.25,-71.32],[74.0,-71.76],[72.74,-72.25],[72.61,-72.5],[70.75,-72.83],[69.75,-72.65],[68.75,-73.01],[68.25,-73.69],[66.5,-73.9],[64.6,-73.5],[65.28,-73.25],[66.74,-71.25],[66.71,-71.0],[65.75,-70.56],[66.01,-70.25],[65.67,-70.0],[65.95,-69.5],[65.75,-69.41],[65.25,-69.74],[63.75,-69.54],[62.96,-69.0],[62.95,-68.75],[61.0,-68.41],[59.75,-68.52],[58.5,-68.29],[55.51,-68.5],[55.46,-67.75],[54.95,-67.5],[55.02,-67.25],[54.57,-66.75],[53.75,-66.85],[52.75,-66.43],[51.48,-66.5],[51.48,-66.75],[52.0,-67.22],[52.36,-67.25],[52.21,-67.5],[51.89,-67.5],[51.75,-67.23],[49.75,-67.76],[48.75,-68.34],[47.75,-67.96],[46.25,-67.89],[43.25,-68.22],[40.25,-68.89],[39.55,-69.75],[39.0,-69.94],[35.5,-69.6],[34.17,-69.0],[35.25,-68.51],[38.25,-68.37],[48.0,-64.04],[52.75,-61.6],[54.75,-60.28],[56.32,-58.75],[57.48,-56.0],[57.3,-54.0],[57.45,-53.75],[57.2,-53.25],[57.5,-52.89],[59.75,-51.92],[66.75,-49.64],[68.75,-49.58],[69.25,-49.23],[75.25,-51.58],[80.75,-52.53],[88.5,-52.66],[97.75,-53.4],[100.0,-52.96],[102.25,-52.84],[103.0,-52.08],[103.5,-52.17],[110.5,-54.67],[113.5,-56.0],[116.0,-56.64],[120.25,-56.97],[124.25,-56.89],[126.0,-57.13],[131.0,-59.44],[135.5,-60.51],[140.5,-62.25],[140.87,-63.25],[142.93,-64.25],[145.75,-64.8],[147.75,-64.7],[149.7,-64.0],[150.35,-62.5],[150.7,-60.25],[151.37,-59.0],[153.89,-57.0],[155.02,-56.5],[159.25,-55.93],[164.25,-55.9],[180.0,-57.51]]}},{"type":"Feature","properties":{"level":992},"geometry":{"type":"LineString","coordinates":[[-130.59,-77.5],[-129.75,-77.69],[-127.73,-77.5],[-131.15,-77.25],[-130.59,-77.5]]}},{"type":"Feature","properties":{"level":992},"geometry":{"type":"LineString","coordinates":[[-31.75,-76.01],[-33.34,-75.75],[-34.17,-75.0],[-33.0,-74.46],[-30.4,-74.25],[-28.19,-74.75],[-27.72,-75.25],[-29.25,-75.88],[-31.75,-76.01]]}},{"type":"Feature","properties":{"level":992},"geometry":{"type":"LineString","coordinates":[[-2.5,-71.5],[-6.0,-71.31],[-9.67,-70.25],[-14.32,-67.0],[-16.89,-64.5],[-18.75,-60.79],[-19.17,-59.0],[-18.67,-55.75],[-17.93,-54.5],[-16.7,-53.25],[-11.25,-50.25],[-4.25,-47.35],[0.0,-46.21],[7.5,-44.91],[8.25,-45.1],[8.75,-44.79],[11.95,-46.0],[16.5,-48.33],[18.25,-48.91],[20.0,-48.77],[25.0,-46.88],[28.75,-46.46],[31.25,-46.62],[34.25,-47.21],[35.27,-47.5],[36.67,-48.5],[36.98,-49.5],[35.38,-52.5],[33.08,-54.25],[31.68,-55.75],[30.59,-57.75],[28.29,-59.75],[27.24,-61.5],[27.5,-62.77],[29.04,-65.0],[30.32,-66.25],[29.93,-66.75],[22.25,-69.45],[15.25,-70.68],[8.5,-71.19],[7.75,-71.47],[4.5,-71.1],[-0.25,-71.7],[-2.5,-71.5]]}},{"type":"Feature","properties":{"level":992},"geometry":{"type":"LineString","coordinates":[[-180.0,-57.51],[-175.0,-57.99],[-169.0,-57.93],[-161.75,-58.55],[-157.25,-59.27],[-151.75,-58.91],[-149.0,-57.75],[-146.27,-56.25],[-138.0,-50.62],[-131.75,-47.18],[-129.75,-46.85],[-125.75,-47.75],[-123.0,-47.61],[-121.0,-46.95],[-116.5,-44.62],[-113.5,-43.55],[-110.5,-43.15],[-106.75,-43.44],[-103.5,-44.84],[-100.25,-47.0],[-92.25,-55.12],[-90.1,-59.25],[-89.78,-60.75],[-89.77,-62.25],[-88.71,-64.5],[-87.03,-66.75],[-84.0,-69.69],[-81.57,-72.5],[-81.79,-73.5],[-83.56,-74.0],[-83.17,-74.25],[-81.75,-74.43],[-80.66,-75.0],[-84.65,-76.25],[-89.42,-76.5],[-91.57,-77.0],[-91.52,-77.25],[-91.0,-77.35],[-87.25,-77.65],[-85.36,-78.5],[-88.0,-78.91],[-90.5,-78.62],[-97.25,-78.48],[-110.0,-79.58],[-118.5,-79.3],[-119.5,-79.05],[-120.5,-78.33],[-122.75,-78.07],[-124.75,-78.19],[-126.98,-78.75],[-126.43,-79.25],[-127.0,-80.0],[-125.51,-80.5],[-125.71,-80.75],[-125.12,-81.0],[-125.07,-81.25],[-122.86,-81.5],[-124.0,-81.67],[-135.75,-81.78],[-141.05,-81.25],[-140.99,-81.0],[-144.0,-80.95],[-147.18,-81.25],[-145.0,-81.48],[-144.75,-81.76],[-149.75,-81.76],[-153.55,-81.25],[-149.61,-81.0],[-150.0,-80.89],[-160.0,-79.76],[-162.25,-79.96],[-166.75,-79.9],[-175.25,-79.43],[-180.0,-78.9]]}},{"type":"Feature","properties":{"level":992},"geometry":{"type":"LineString","coordinates":[[148.5,31.68],[147.92,32.25],[148.09,32.75],[148.75,33.11],[149.25,32.98],[149.56,32.5],[149.41,32.0],[148.5,31.68]]}},{"type":"Feature","properties":{"level":992},"geometry":{"type":"LineString","coordinates":[[-44.0,53.99],[-48.0,54.62],[-49.5,55.15],[-55.2,58.75],[-57.4,61.0],[-58.4,63.25],[-58.69,65.5],[-57.15,69.5],[-56.0,71.53],[-55.5,71.72],[-54.75,71.45],[-54.25,71.75],[-52.25,72.15],[-45.21,75.0],[-43.75,75.31],[-43.56,75.25],[-44.17,74.75],[-44.38,74.25],[-46.5,72.75],[-46.0,72.61],[-42.25,73.06],[-40.72,73.0],[-41.06,72.75],[-40.35,71.75],[-40.79,71.25],[-40.78,70.75],[-41.13,70.5],[-41.23,69.0],[-41.02,68.75],[-34.5,68.5],[-33.77,69.0],[-33.0,69.12],[-31.75,68.53],[-30.0,68.82],[-28.75,68.51],[-27.5,68.75],[-25.0,68.68],[-19.0,69.55],[-15.75,69.42],[-14.25,69.11],[-13.11,68.5],[-13.32,68.0],[-13.17,67.75],[-13.74,67.0],[-13.83,66.25],[-14.26,66.0],[-14.25,65.68],[-13.63,65.75],[-13.75,65.52],[-15.25,65.54],[-16.25,65.03],[-16.75,65.16],[-17.25,64.73],[-17.75,64.69],[-18.0,64.23],[-17.5,63.89],[-15.75,63.58],[-15.71,63.0],[-15.2,62.5],[-13.5,61.45],[-11.75,60.62],[-10.25,60.33],[-9.79,60.0],[-9.4,58.75],[-9.49,57.75],[-10.0,57.03],[-12.0,56.11],[-14.08,56.25],[-16.5,55.83],[-19.0,56.48],[-21.0,56.05],[-22.74,55.25],[-32.25,54.14],[-38.0,53.81],[-44.0,53.99]]}},{"type":"Feature","properties":{"level":992},"geometry":{"type":"LineString","coordinates":[[77.75,67.25],[75.38,67.75],[73.35,68.75],[72.16,70.25],[72.05,71.0],[72.25,71.75],[73.25,72.49],[74.5,72.86],[78.0,73.39],[81.0,73.51],[82.75,73.18],[84.5,72.46],[86.27,71.25],[86.42,70.0],[85.75,69.09],[84.62,68.25],[81.25,67.28],[77.75,67.25]]}},{"type":"Feature","properties":{"level":992},"geometry":{"type":"LineString","coordinates":[[-54.17,71.5],[-53.85,71.5],[-54.17,71.5]]}},{"type":"Feature","properties":{"level":992},"geometry":{"type":"LineString","coordinates":[[-53.37,71.5],[-53.18,71.5],[-53.37,71.5]]}},{"type":"Feature","properties":{"level":992},"geometry":{"type":"LineString","coordinates":[[-90.0,72.97],[-91.08,73.25],[-90.88,73.5],[-91.0,73.78],[-93.25,74.05],[-94.74,74.5],[-94.65,74.75],[-95.09,75.25],[-94.91,75.5],[-94.25,75.62],[-91.75,75.52],[-87.0,74.8],[-86.82,74.75],[-86.94,74.5],[-85.86,74.0],[-87.0,73.42],[-88.75,72.99],[-90.0,72.97]]}},{"type":"Feature","properties":{"level":992},"geometry":{"type":"LineString","coordinates":[[-133.0,80.95],[-134.24,81.5],[-132.13,81.25],[-131.91,81.0],[-133.0,80.95]]}},{"type":"Feature","properties":{"level":992},"geometry":{"type":"LineString","coordinates":[[3.5,86.74],[-0.03,87.0],[-0.5,87.25],[9.5,87.65],[18.41,87.5],[19.81,87.25],[19.51,87.0],[13.25,86.68],[3.5,86.74]]}},{"type":"Feature","properties":{"level":996},"geometry":{"type":"LineString","coordinates":[[-178.75,-85.01],[-179.13,-84.75],[-178.0,-84.57],[-177.44,-84.75],[-178.75,-85.01]]}},{"type":"Feature","properties":{"level":996},"geometry":{"type":"LineString","coordinates":[[-174.25,-85.14],[-174.47,-85.0],[-174.25,-84.83],[-173.33,-85.0],[-174.25,-85.14]]}},{"type":"Feature","properties":{"level":996},"geometry":{"type":"LineString","coordinates":[[174.0,-85.01],[176.25,-84.79],[176.97,-85.0],[174.0,-85.01]]}},{"type":"Feature","properties":{"level":996},"geometry":{"type":"LineString","coordinates":[[173.5,-84.58],[173.29,-84.5],[175.75,-84.19],[176.35,-84.5],[173.5,-84.58]]}},{"type":"Feature","properties":{"level":996},"geometry":{"type":"LineString","coordinates":[[180.0,-84.52],[179.25,-84.18],[178.5,-84.23],[177.0,-83.86],[175.5,-83.27],[177.5,-83.13],[177.76,-83.0],[177.5,-82.73],[178.2,-82.5],[177.18,-82.0],[171.4,-80.5],[170.52,-80.0],[169.19,-78.75],[167.25,-78.57],[166.75,-78.26],[163.5,-78.28],[163.25,-77.96],[161.84,-78.0],[162.81,-77.75],[162.5,-77.13],[161.49,-76.75],[161.62,-76.25],[161.2,-76.0],[161.29,-75.75],[161.06,-75.5],[162.25,-75.09],[162.71,-74.75],[162.75,-74.25],[163.26,-74.0],[162.75,-73.65],[162.25,-73.9],[161.75,-73.58],[161.75,-72.71],[159.6,-72.0],[159.94,-71.5],[158.25,-71.47],[155.0,-70.63],[151.25,-70.29],[145.0,-68.83],[142.25,-68.57],[137.75,-69.87],[134.25,-69.92],[130.5,-70.85],[123.25,-71.45],[116.75,-71.29],[107.0,-69.7],[101.0,-69.56],[97.0,-68.94],[87.0,-69.44],[83.9,-69.75],[77.98,-71.25],[75.75,-72.4],[75.0,-73.17],[73.5,-73.4],[72.5,-73.15],[71.31,-73.5],[70.75,-74.04],[66.0,-74.66],[64.5,-74.28],[62.92,-73.5],[63.06,-73.0],[63.52,-72.75],[63.97,-72.0],[64.85,-71.5],[64.12,-71.0],[64.95,-70.5],[59.5,-68.95],[57.5,-68.94],[56.25,-69.3],[53.75,-69.13],[53.0,-69.52],[52.56,-69.5],[52.69,-69.25],[53.75,-68.96],[54.84,-68.25],[54.5,-68.15],[53.5,-68.2],[50.5,-69.36],[49.5,-69.41],[49.0,-69.03],[48.25,-69.18],[47.0,-68.54],[44.75,-68.67],[42.5,-69.43],[41.34,-70.25],[40.0,-70.75],[37.0,-70.18],[34.5,-70.06],[31.0,-70.74],[29.9,-70.75],[26.0,-71.94],[22.25,-72.01],[19.75,-72.4],[12.5,-72.11],[8.25,-72.29],[6.75,-72.06],[6.25,-71.76],[-0.75,-72.41],[-4.75,-71.94],[-9.25,-72.55],[-9.76,-73.0],[-8.64,-73.25],[-8.87,-73.5],[-10.04,-74.0],[-10.25,-74.35],[-11.75,-74.82],[-12.64,-74.75],[-12.39,-75.25],[-13.59,-75.75],[-14.02,-76.25],[-12.39,-77.75],[-12.32,-79.25],[-14.25,-80.08],[-17.18,-80.5],[-18.11,-81.0],[-22.5,-81.46],[-33.25,-80.98],[-35.0,-81.18],[-35.71,-80.75],[-33.34,-79.75],[-33.22,-79.5],[-30.48,-79.0],[-35.25,-78.63],[-36.95,-78.25],[-37.88,-77.25],[-38.27,-75.5],[-37.47,-74.25],[-35.75,-73.35],[-31.75,-72.78],[-22.5,-72.5],[-20.46,-72.0],[-18.89,-71.0],[-18.16,-69.75],[-18.13,-68.75],[-20.39,-65.0],[-21.15,-63.25],[-22.95,-57.0],[-22.79,-55.75],[-23.02,-55.25],[-22.95,-54.75],[-22.02,-53.75],[-19.27,-52.25],[-11.52,-48.75],[-6.5,-46.84],[-1.25,-45.29],[5.5,-43.72],[6.5,-43.8],[6.75,-43.46],[9.75,-44.11],[16.5,-46.78],[18.25,-47.23],[20.25,-47.27],[26.0,-45.87],[28.25,-45.63],[33.75,-45.76],[36.75,-46.51],[37.77,-47.0],[38.51,-48.0],[38.79,-49.5],[38.3,-50.5],[37.73,-51.0],[38.04,-51.25],[37.57,-51.75],[37.89,-52.25],[37.03,-53.25],[37.53,-53.5],[37.25,-54.51],[38.1,-55.25],[36.59,-56.0],[35.42,-57.0],[35.03,-58.5],[34.19,-59.75],[34.72,-60.5],[36.22,-61.25],[37.25,-62.19],[39.75,-63.28],[42.0,-63.07],[45.75,-62.05],[50.95,-59.75],[54.63,-56.0],[54.79,-55.5],[54.5,-55.0],[55.01,-54.25],[55.12,-53.0],[56.25,-52.11],[65.0,-48.96],[68.5,-48.26],[71.25,-48.76],[74.25,-49.93],[77.0,-50.67],[80.75,-51.21],[84.5,-51.39],[96.25,-51.17],[99.0,-50.06],[99.4,-49.5],[99.0,-49.0],[99.25,-48.94],[106.5,-51.98],[117.0,-55.06],[125.75,-55.67],[131.0,-57.77],[133.75,-58.3],[137.5,-58.43],[140.5,-58.22],[146.0,-56.82],[147.5,-56.01],[150.31,-55.0],[155.75,-54.6],[163.25,-54.71],[172.25,-55.65],[174.5,-55.62],[178.5,-56.34],[180.0,-56.35]]}},{"type":"Feature","properties":{"level":996},"geometry":{"type":"LineString","coordinates":[[165.5,-84.33],[165.31,-84.25],[165.75,-84.01],[168.25,-83.73],[168.43,-84.0],[168.0,-84.33],[165.5,-84.33]]}},{"type":"Feature","properties":{"level":996},"geometry":{"type":"LineString","coordinates":[[165.69,-72.75],[166.25,-72.95],[166.77,-72.75],[166.5,-72.48],[165.36,-72.5],[165.69,-72.75]]}},{"type":"Feature","properties":{"level":996},"geometry":{"type":"LineString","coordinates":[[-180.0,-56.35],[-170.25,-56.84],[-158.0,-58.03],[-152.0,-57.65],[-146.5,-55.17],[-140.5,-51.09],[-138.99,-49.75],[-135.5,-47.51],[-132.75,-46.33],[-129.75,-45.69],[-126.5,-46.34],[-124.25,-46.17],[-121.25,-45.45],[-118.25,-43.93],[-114.25,-42.58],[-110.5,-41.96],[-107.0,-42.14],[-103.0,-43.73],[-98.88,-46.25],[-90.25,-54.95],[-88.92,-57.0],[-84.1,-66.5],[-81.0,-69.96],[-78.72,-71.75],[-78.27,-72.25],[-78.31,-72.5],[-77.74,-72.75],[-77.72,-73.0],[-78.07,-73.25],[-79.91,-73.5],[-80.21,-74.0],[-80.0,-74.23],[-72.29,-75.25],[-79.0,-75.33],[-81.29,-75.75],[-82.7,-76.5],[-79.65,-77.0],[-80.0,-77.05],[-84.0,-76.64],[-88.43,-76.75],[-88.6,-77.0],[-86.25,-77.43],[-86.24,-77.75],[-85.01,-78.5],[-88.75,-79.27],[-97.0,-78.92],[-104.5,-79.58],[-108.0,-80.13],[-113.75,-80.16],[-116.98,-80.5],[-117.16,-80.75],[-116.65,-81.0],[-113.0,-81.24],[-111.04,-82.0],[-111.19,-82.25],[-112.0,-82.41],[-116.7,-83.0],[-116.64,-83.5],[-119.14,-84.25],[-122.87,-84.5],[-120.18,-84.75],[-126.75,-84.97],[-126.94,-85.0],[-125.02,-85.25],[-127.67,-85.75],[-134.25,-85.3],[-136.25,-85.35],[-137.23,-85.75],[-138.0,-85.79],[-146.75,-85.83],[-153.0,-85.55],[-156.0,-85.74],[-163.75,-85.54],[-164.25,-85.34],[-169.5,-85.02],[-171.0,-84.66],[-172.25,-84.85],[-173.25,-84.58],[-178.5,-84.32],[-179.25,-84.58],[-180.0,-84.52]]}},{"type":"Feature","properties":{"level":996},"geometry":{"type":"LineString","coordinates":[[-31.0,-55.51],[-31.4,-55.25],[-31.26,-55.0],[-30.4,-54.75],[-30.36,-55.25],[-31.0,-55.51]]}},{"type":"Feature","properties":{"level":996},"geometry":{"type":"LineString","coordinates":[[154.0,-50.01],[154.0,-49.7],[154.36,-49.75],[154.0,-50.01]]}},{"type":"Feature","properties":{"level":996},"geometry":{"type":"LineString","coordinates":[[145.0,-47.76],[145.25,-47.47],[145.4,-47.75],[145.0,-47.76]]}},{"type":"Feature","properties":{"level":996},"geometry":{"type":"LineString","coordinates":[[146.0,-47.88],[145.75,-47.75],[146.0,-47.38],[146.5,-47.35],[146.88,-47.75],[146.0,-47.88]]}},{"type":"Feature","properties":{"level":996},"geometry":{"type":"LineString","coordinates":[[147.25,-47.29],[147.51,-47.0],[147.54,-47.25],[147.25,-47.29]]}},{"type":"Feature","properties":{"level":996},"geometry":{"type":"LineString","coordinates":[[148.25,31.59],[147.7,32.25],[147.84,32.75],[148.5,33.26],[149.5,33.16],[149.79,32.75],[149.67,32.0],[149.0,31.53],[148.25,31.59]]}},{"type":"Feature","properties":{"level":996},"geometry":{"type":"LineString","coordinates":[[-53.25,47.7],[-54.5,48.0],[-53.63,48.5],[-53.08,49.75],[-52.5,50.17],[-49.75,50.99],[-47.75,51.29],[-46.33,50.25],[-46.51,49.75],[-46.11,49.0],[-46.65,48.5],[-50.25,47.81],[-53.25,47.7]]}},{"type":"Feature","properties":{"level":996},"geometry":{"type":"LineString","coordinates":[[-47.0,51.74],[-49.0,52.17],[-51.09,53.25],[-52.25,54.57],[-55.5,57.04],[-58.74,60.5],[-59.56,61.75],[-60.2,63.25],[-60.92,66.25],[-60.62,67.25],[-61.07,69.25],[-61.02,70.0],[-60.33,71.5],[-57.16,73.5],[-56.75,73.52],[-56.0,73.07],[-55.72,73.25],[-55.25,72.81],[-54.0,72.46],[-53.5,72.65],[-52.5,72.38],[-45.1,75.25],[-43.25,75.77],[-41.33,76.0],[-41.23,75.75],[-41.47,75.5],[-40.88,75.25],[-41.61,74.0],[-41.35,73.75],[-40.25,73.55],[-37.5,73.78],[-36.67,73.5],[-38.5,72.66],[-39.13,72.0],[-38.66,71.5],[-38.64,71.0],[-37.25,70.65],[-36.69,70.25],[-39.25,69.71],[-39.66,69.25],[-38.75,69.63],[-37.0,69.82],[-34.75,69.31],[-33.0,69.43],[-31.0,69.05],[-30.25,69.26],[-28.75,68.92],[-26.0,69.1],[-25.0,69.55],[-23.0,69.85],[-21.25,69.88],[-19.75,70.41],[-17.5,70.45],[-14.25,70.11],[-11.97,69.5],[-10.5,68.66],[-10.01,67.25],[-9.1,66.25],[-9.34,65.25],[-9.2,64.75],[-9.58,64.25],[-9.0,64.22],[-9.0,64.58],[-8.5,64.82],[-7.75,64.39],[-7.5,63.86],[-6.98,63.5],[-6.87,62.25],[-7.3,62.0],[-7.09,61.5],[-7.93,57.5],[-9.5,56.1],[-11.0,55.42],[-15.25,54.72],[-18.5,54.66],[-23.0,53.84],[-30.5,52.9],[-41.5,52.24],[-46.0,51.6],[-47.0,51.74]]}},{"type":"Feature","properties":{"level":996},"geometry":{"type":"LineString","coordinates":[[-170.25,60.96],[-171.77,61.5],[-172.25,62.27],[-172.34,63.25],[-171.25,64.2],[-169.75,64.7],[-168.0,64.71],[-167.19,64.5],[-165.88,63.5],[-165.7,63.0],[-165.91,62.25],[-166.81,61.5],[-168.25,61.02],[-170.25,60.96]]}},{"type":"Feature","properties":{"level":996},"geometry":{"type":"LineString","coordinates":[[-110.75,64.0],[-111.25,64.26],[-112.99,64.25],[-115.9,65.25],[-116.48,65.5],[-116.59,66.0],[-117.36,66.75],[-116.17,67.5],[-116.37,67.75],[-116.25,68.0],[-114.77,68.75],[-114.0,69.42],[-112.0,70.01],[-111.0,69.79],[-109.5,70.12],[-105.75,69.97],[-102.25,69.76],[-98.92,69.25],[-100.18,68.0],[-104.82,65.5],[-108.5,64.32],[-110.75,64.0]]}},{"type":"Feature","properties":{"level":996},"geometry":{"type":"LineString","coordinates":[[-9.0,64.92],[-9.2,65.0],[-9.0,65.14],[-9.0,64.92]]}},{"type":"Feature","properties":{"level":996},"geometry":{"type":"LineString","coordinates":[[79.25,66.25],[75.25,66.74],[72.25,67.84],[71.29,68.5],[69.99,70.0],[69.72,71.0],[70.01,72.0],[71.75,73.57],[74.5,74.63],[78.5,75.32],[82.75,75.42],[87.0,74.7],[93.43,71.25],[95.0,71.03],[95.4,70.75],[94.75,70.46],[90.25,70.3],[90.0,69.99],[88.77,69.5],[88.75,69.21],[87.11,68.0],[85.75,67.34],[82.75,66.55],[79.25,66.25]]}},{"type":"Feature","properties":{"level":996},"geometry":{"type":"LineString","coordinates":[[-78.5,69.0],[-86.5,70.26],[-92.25,70.6],[-93.5,70.46],[-96.75,71.74],[-97.75,72.36],[-100.66,73.0],[-100.75,73.25],[-101.83,73.75],[-102.15,74.5],[-101.84,75.5],[-100.26,76.0],[-100.25,76.28],[-99.75,76.14],[-99.56,76.25],[-99.99,76.75],[-98.75,77.1],[-88.75,77.31],[-85.25,77.07],[-84.0,76.52],[-81.5,76.46],[-79.25,75.97],[-76.5,75.97],[-74.75,75.35],[-72.11,74.0],[-70.39,71.5],[-70.5,71.23],[-71.0,71.16],[-71.75,71.43],[-74.5,71.68],[-76.0,72.29],[-78.25,72.05],[-78.88,71.5],[-77.61,70.75],[-77.38,70.0],[-76.45,69.25],[-77.14,69.0],[-78.5,69.0]]}},{"type":"Feature","properties":{"level":996},"geometry":{"type":"LineString","coordinates":[[-55.0,72.8],[-55.0,73.05],[-55.0,72.8]]}},{"type":"Feature","properties":{"level":996},"geometry":{"type":"LineString","coordinates":[[-142.5,78.73],[-149.9,79.75],[-151.49,80.25],[-152.02,80.75],[-150.91,81.5],[-147.5,82.21],[-142.25,82.68],[-136.75,82.85],[-130.5,82.75],[-125.25,82.35],[-121.99,81.75],[-121.0,81.26],[-120.88,81.0],[-121.37,80.5],[-122.75,80.0],[-129.25,78.91],[-136.0,78.52],[-142.5,78.73]]}},{"type":"Feature","properties":{"level":996},"geometry":{"type":"LineString","coordinates":[[-0.75,85.74],[-16.0,86.61],[-19.7,87.0],[-21.42,87.5],[-18.76,88.0],[-11.25,88.32],[19.0,88.53],[41.25,88.03],[47.25,87.5],[48.71,87.0],[48.25,86.63],[47.0,86.4],[40.25,86.34],[21.75,85.6],[9.25,85.51],[-0.75,85.74]]}},{"type":"Feature","properties":{"level":1000},"geometry":{"type":"LineString","coordinates":[[180.0,-85.33],[174.25,-85.37],[172.5,-85.6],[170.27,-85.0],[170.5,-84.57],[171.4,-84.5],[171.49,-84.25],[172.31,-84.0],[171.75,-83.89],[170.25,-83.83],[169.88,-84.25],[168.0,-84.48],[165.25,-84.58],[164.49,-84.25],[167.74,-83.5],[166.75,-83.29],[166.0,-83.54],[163.75,-83.15],[163.39,-83.25],[163.41,-83.5],[162.45,-83.75],[160.25,-83.65],[160.05,-83.5],[160.33,-83.25],[159.57,-83.0],[159.75,-82.8],[161.44,-82.5],[159.25,-81.78],[156.27,-81.5],[156.81,-81.0],[158.33,-80.5],[158.11,-80.25],[158.75,-80.29],[159.43,-79.75],[158.86,-79.25],[160.5,-79.05],[160.18,-78.75],[160.75,-78.33],[161.5,-78.61],[162.06,-78.25],[161.5,-78.24],[159.45,-77.25],[160.85,-77.0],[160.46,-76.75],[160.64,-76.25],[159.87,-75.75],[161.0,-74.87],[161.75,-74.75],[161.91,-74.5],[162.04,-74.0],[161.35,-73.0],[160.25,-72.43],[159.5,-72.57],[158.21,-72.25],[157.02,-71.5],[150.5,-70.6],[148.41,-70.0],[142.0,-68.98],[137.5,-70.1],[134.5,-70.1],[130.75,-70.96],[125.75,-71.5],[121.5,-71.68],[116.25,-71.45],[106.5,-70.05],[101.5,-70.06],[97.0,-69.45],[85.75,-70.07],[81.94,-70.75],[77.75,-72.06],[76.14,-72.75],[75.54,-73.5],[75.47,-74.0],[74.75,-74.18],[73.38,-74.0],[74.0,-74.56],[72.75,-74.32],[70.45,-74.75],[69.25,-75.29],[67.75,-75.36],[63.5,-75.2],[61.49,-73.5],[61.78,-73.25],[61.5,-72.75],[61.88,-72.25],[63.26,-71.75],[63.34,-70.5],[58.75,-69.33],[57.75,-69.42],[54.17,-70.5],[51.75,-70.84],[50.25,-71.35],[50.37,-71.0],[50.05,-70.5],[49.5,-70.4],[48.64,-71.25],[49.0,-71.72],[50.1,-71.5],[50.0,-71.89],[49.5,-72.31],[48.5,-72.77],[46.3,-73.0],[44.5,-73.5],[41.0,-73.48],[40.0,-73.14],[38.75,-73.06],[36.41,-73.25],[37.6,-71.75],[38.79,-71.25],[38.5,-71.02],[36.75,-70.96],[34.02,-71.0],[33.25,-71.37],[31.25,-71.47],[30.63,-71.75],[29.25,-71.86],[28.25,-72.37],[24.5,-72.28],[20.5,-72.93],[12.0,-72.69],[10.5,-73.05],[7.0,-72.74],[5.5,-72.38],[4.0,-72.66],[1.75,-72.34],[0.0,-72.97],[-2.5,-73.27],[-2.61,-72.75],[-4.0,-72.71],[-4.75,-72.4],[-5.75,-72.71],[-6.21,-73.25],[-7.0,-73.43],[-7.44,-73.75],[-7.41,-74.0],[-8.49,-74.75],[-8.49,-75.0],[-6.38,-75.75],[-5.3,-77.25],[-5.58,-78.0],[-6.48,-78.5],[-6.04,-79.0],[-6.67,-79.25],[-6.82,-80.0],[-7.95,-80.5],[-7.5,-80.75],[-8.0,-80.96],[-12.87,-81.0],[-12.85,-81.25],[-23.0,-82.24],[-36.25,-82.46],[-41.75,-83.37],[-45.75,-83.25],[-47.25,-82.95],[-50.0,-83.29],[-52.75,-83.28],[-53.24,-83.25],[-51.93,-83.0],[-53.66,-82.75],[-53.25,-82.39],[-48.84,-81.75],[-44.98,-80.75],[-44.82,-80.5],[-46.33,-80.0],[-46.13,-79.5],[-46.67,-79.0],[-45.88,-78.5],[-47.35,-78.0],[-47.32,-77.75],[-44.0,-76.1],[-40.72,-73.5],[-40.79,-73.0],[-40.5,-72.86],[-36.0,-71.87],[-27.25,-70.84],[-25.5,-70.05],[-24.25,-68.89],[-23.82,-67.75],[-23.77,-66.5],[-25.16,-62.0],[-26.25,-60.0],[-27.34,-59.0],[-28.75,-58.39],[-36.53,-57.25],[-36.82,-57.0],[-36.69,-56.5],[-35.43,-55.0],[-36.48,-54.25],[-35.83,-53.5],[-33.25,-53.12],[-30.0,-51.84],[-28.0,-51.46],[-24.5,-51.83],[-23.5,-51.62],[-20.5,-50.69],[-8.52,-46.0],[-0.75,-43.55],[4.25,-42.57],[4.56,-42.25],[7.0,-42.45],[9.59,-43.0],[16.25,-45.26],[18.5,-45.76],[22.0,-45.7],[27.0,-44.57],[33.25,-44.38],[36.5,-45.04],[38.75,-45.82],[40.15,-46.75],[40.65,-47.5],[39.98,-49.25],[40.38,-49.5],[40.16,-50.25],[40.76,-51.0],[40.12,-51.75],[39.95,-52.5],[40.5,-52.55],[40.87,-53.25],[41.5,-53.7],[43.25,-53.89],[43.88,-54.25],[44.08,-55.5],[42.99,-56.25],[44.0,-56.3],[45.68,-55.75],[45.67,-56.0],[44.5,-56.42],[43.14,-57.5],[43.58,-58.0],[43.24,-58.25],[43.5,-58.51],[45.5,-57.88],[45.76,-57.75],[45.44,-57.5],[46.25,-56.89],[48.5,-56.1],[49.0,-55.49],[51.5,-53.67],[51.43,-53.0],[61.75,-48.78],[66.75,-47.35],[69.25,-47.21],[71.75,-47.72],[76.0,-49.18],[79.0,-49.74],[85.5,-50.02],[90.0,-49.8],[95.0,-48.72],[95.5,-48.14],[96.73,-47.5],[96.43,-47.0],[96.5,-46.37],[103.75,-49.85],[109.5,-51.78],[117.25,-53.53],[126.11,-54.25],[131.0,-56.08],[132.25,-56.35],[136.1,-56.25],[141.0,-54.64],[142.25,-53.92],[145.5,-53.44],[146.75,-52.89],[147.01,-52.25],[146.03,-51.25],[143.81,-50.25],[142.81,-49.25],[140.47,-47.75],[141.25,-47.73],[144.0,-46.13],[146.0,-45.42],[149.25,-45.61],[150.25,-46.03],[150.84,-46.0],[150.87,-46.25],[151.52,-46.5],[151.25,-46.82],[152.45,-48.25],[154.0,-48.84],[155.75,-49.03],[157.88,-51.75],[158.5,-52.09],[164.0,-53.28],[166.16,-53.25],[168.25,-53.59],[170.25,-53.49],[171.5,-53.73],[172.0,-54.08],[173.25,-54.09],[173.75,-53.86],[178.0,-54.78],[180.0,-54.81]]}},{"type":"Feature","properties":{"level":1000},"geometry":{"type":"LineString","coordinates":[[-177.63,-85.0],[-176.75,-85.2],[-175.41,-85.0],[-177.63,-85.0]]}},{"type":"Feature","properties":{"level":1000},"geometry":{"type":"LineString","coordinates":[[-57.5,-84.02],[-57.65,-83.75],[-55.85,-83.25],[-55.28,-83.5],[-55.84,-84.0],[-57.5,-84.02]]}},{"type":"Feature","properties":{"level":1000},"geometry":{"type":"LineString","coordinates":[[161.18,-83.25],[162.0,-83.36],[162.85,-83.0],[161.18,-83.25]]}},{"type":"Feature","properties":{"level":1000},"geometry":{"type":"LineString","coordinates":[[42.95,-70.75],[44.5,-70.62],[45.36,-70.25],[45.72,-69.75],[45.25,-69.26],[44.25,-69.47],[42.95,-70.75]]}},{"type":"Feature","properties":{"level":1000},"geometry":{"type":"LineString","coordinates":[[46.74,-70.5],[47.0,-70.72],[47.66,-70.5],[48.32,-69.75],[48.0,-69.73],[46.74,-70.5]]}},{"type":"Feature","properties":{"level":1000},"geometry":{"type":"LineString","coordinates":[[41.79,-58.0],[42.0,-58.24],[42.98,-57.5],[42.25,-57.5],[41.79,-58.0]]}},{"type":"Feature","properties":{"level":1000},"geometry":{"type":"LineString","coordinates":[[42.45,-56.5],[42.62,-56.5],[42.45,-56.5]]}},{"type":"Feature","properties":{"level":1000},"geometry":{"type":"LineString","coordinates":[[-180.0,-54.81],[-179.5,-54.68],[-178.0,-55.03],[-177.5,-54.87],[-167.0,-56.24],[-160.75,-56.73],[-157.5,-56.82],[-152.5,-56.49],[-147.16,-54.25],[-137.5,-47.21],[-136.25,-46.44],[-134.25,-45.66],[-129.75,-44.53],[-127.0,-44.9],[-124.25,-44.68],[-121.86,-44.0],[-115.75,-41.42],[-114.0,-40.94],[-110.75,-40.37],[-108.25,-40.54],[-104.25,-41.68],[-100.25,-43.55],[-97.5,-45.61],[-90.0,-52.85],[-87.41,-55.75],[-83.43,-61.5],[-82.62,-63.0],[-81.82,-65.5],[-80.75,-67.13],[-77.5,-70.35],[-75.77,-71.25],[-75.37,-71.75],[-73.72,-72.25],[-73.75,-72.57],[-74.93,-73.0],[-75.25,-73.25],[-75.12,-73.5],[-75.87,-73.75],[-75.96,-74.0],[-74.0,-74.53],[-70.5,-74.89],[-67.25,-74.92],[-65.25,-74.22],[-64.25,-74.21],[-63.8,-74.5],[-63.99,-74.75],[-67.75,-76.01],[-72.25,-76.37],[-75.0,-76.29],[-78.5,-75.8],[-79.95,-76.0],[-80.08,-76.25],[-78.53,-76.75],[-78.22,-77.25],[-78.5,-77.35],[-80.25,-77.39],[-82.0,-77.01],[-85.0,-77.04],[-85.48,-77.25],[-85.6,-77.75],[-84.69,-78.5],[-85.0,-78.82],[-87.31,-79.25],[-87.22,-79.5],[-87.5,-79.57],[-89.25,-79.75],[-89.25,-80.25],[-91.38,-80.5],[-91.27,-80.75],[-94.75,-81.42],[-98.5,-81.69],[-101.19,-81.25],[-98.0,-80.71],[-94.75,-80.75],[-93.0,-80.2],[-92.78,-80.0],[-92.96,-79.75],[-98.25,-79.44],[-103.08,-79.75],[-104.4,-80.25],[-104.88,-80.75],[-104.5,-81.03],[-107.3,-81.5],[-104.25,-82.23],[-99.46,-82.5],[-101.75,-83.28],[-112.0,-83.81],[-112.89,-84.0],[-113.01,-84.25],[-114.32,-84.75],[-120.35,-85.0],[-122.21,-85.5],[-120.9,-86.0],[-134.0,-85.59],[-135.39,-85.75],[-133.8,-86.0],[-135.0,-86.13],[-136.5,-85.96],[-147.5,-86.12],[-151.25,-85.85],[-158.75,-86.37],[-159.77,-86.25],[-158.31,-86.0],[-165.25,-85.8],[-170.75,-85.13],[-174.5,-85.44],[-180.0,-85.33]]}},{"type":"Feature","properties":{"level":1000},"geometry":{"type":"LineString","coordinates":[[96.99,-47.25],[97.27,-47.25],[96.99,-47.25]]}},{"type":"Feature","properties":{"level":1000},"geometry":{"type":"LineString","coordinates":[[-64.75,-21.76],[-65.0,-21.2],[-65.25,-21.49],[-65.32,-21.25],[-64.75,-20.38],[-64.75,-21.76]]}},{"type":"Feature","properties":{"level":1000},"geometry":{"type":"LineString","coordinates":[[-65.25,-18.88],[-65.85,-18.5],[-66.31,-17.5],[-64.69,-18.5],[-65.25,-18.88]]}},{"type":"Feature","properties":{"level":1000},"geometry":{"type":"LineString","coordinates":[[148.0,31.45],[147.34,32.25],[147.37,32.75],[147.63,33.0],[148.75,33.55],[149.91,33.25],[150.18,32.5],[149.75,31.65],[149.0,31.29],[148.0,31.45]]}},{"type":"Feature","properties":{"level":1000},"geometry":{"type":"LineString","coordinates":[[-60.0,40.72],[-60.5,40.95],[-62.0,40.81],[-62.67,41.0],[-62.82,41.25],[-62.54,42.25],[-61.25,42.42],[-60.0,42.17],[-59.39,41.25],[-59.75,41.0],[-59.61,40.75],[-60.0,40.72]]}},{"type":"Feature","properties":{"level":1000},"geometry":{"type":"LineString","coordinates":[[-54.75,46.75],[-57.25,47.1],[-57.78,47.5],[-57.5,47.88],[-56.0,48.43],[-55.3,49.0],[-55.03,49.75],[-53.72,51.5],[-53.76,53.0],[-54.74,54.5],[-56.83,56.25],[-59.24,59.0],[-62.0,62.56],[-63.0,63.31],[-65.25,64.36],[-66.57,66.25],[-65.25,66.44],[-65.36,67.0],[-65.75,67.41],[-67.14,68.0],[-68.5,67.95],[-68.74,67.75],[-68.75,67.0],[-68.42,66.5],[-68.5,66.27],[-69.75,66.06],[-74.0,66.31],[-82.25,67.29],[-86.0,68.05],[-88.5,67.75],[-91.75,67.88],[-95.25,67.2],[-105.25,63.53],[-113.25,61.92],[-115.96,62.5],[-118.88,63.75],[-120.56,64.75],[-121.45,65.0],[-123.52,66.5],[-123.62,66.75],[-123.18,67.0],[-123.12,67.75],[-122.15,68.5],[-121.7,69.25],[-121.68,69.75],[-123.25,70.24],[-124.01,71.0],[-123.75,71.29],[-123.0,71.14],[-120.75,71.69],[-120.25,72.14],[-118.5,72.9],[-116.0,73.57],[-115.75,73.75],[-116.0,74.0],[-111.75,74.3],[-108.75,75.48],[-108.18,75.5],[-108.37,75.75],[-108.24,76.0],[-108.94,76.75],[-109.54,77.0],[-108.9,78.0],[-108.45,78.25],[-108.5,78.61],[-110.0,78.84],[-112.25,78.78],[-134.25,77.27],[-145.5,77.28],[-150.92,77.75],[-157.17,79.75],[-158.11,80.25],[-158.35,80.75],[-157.66,81.5],[-155.55,82.25],[-148.0,83.32],[-136.5,83.83],[-124.0,83.65],[-115.0,82.83],[-107.27,81.25],[-106.49,81.0],[-106.97,80.0],[-106.76,79.75],[-104.83,79.5],[-105.42,79.25],[-104.75,79.12],[-103.75,79.11],[-103.5,79.45],[-98.75,80.57],[-98.24,81.0],[-96.25,81.03],[-96.01,81.0],[-96.1,80.75],[-95.56,80.25],[-94.4,79.75],[-91.01,79.5],[-92.08,79.25],[-90.25,78.75],[-82.75,78.32],[-81.0,78.9],[-80.87,78.75],[-81.15,78.5],[-80.94,78.25],[-81.16,78.0],[-80.1,77.5],[-79.88,77.25],[-80.12,77.0],[-80.0,76.73],[-77.99,77.0],[-77.85,77.25],[-76.43,77.75],[-72.25,77.85],[-71.63,77.75],[-72.5,77.49],[-71.5,77.18],[-70.87,77.25],[-71.0,76.87],[-66.25,74.76],[-64.5,74.68],[-61.0,75.81],[-59.25,75.79],[-55.5,74.6],[-53.75,73.66],[-52.0,73.24],[-50.5,73.48],[-50.25,73.76],[-44.5,75.58],[-40.75,76.26],[-39.29,75.75],[-40.37,74.75],[-39.6,74.5],[-28.5,75.07],[-28.28,75.0],[-30.88,73.75],[-30.94,73.5],[-30.29,73.0],[-30.81,72.25],[-33.6,71.75],[-33.67,71.5],[-32.91,71.0],[-33.08,70.5],[-32.38,70.0],[-32.39,69.75],[-31.92,69.5],[-28.28,69.25],[-26.5,69.37],[-25.75,69.86],[-23.46,70.0],[-22.7,70.25],[-22.5,70.67],[-21.5,70.7],[-20.0,71.55],[-19.25,71.66],[-13.07,71.25],[-11.25,70.75],[-8.5,69.31],[-6.56,67.0],[-4.91,65.5],[-4.26,64.25],[-4.27,62.5],[-4.9,59.75],[-4.69,59.25],[-5.18,58.0],[-6.38,57.25],[-6.5,56.85],[-8.19,55.25],[-10.25,54.27],[-11.75,54.09],[-15.25,53.09],[-17.75,52.93],[-23.75,51.66],[-40.5,50.7],[-43.0,49.68],[-44.69,48.0],[-45.75,47.59],[-49.0,46.92],[-53.0,46.55],[-54.75,46.75]]}},{"type":"Feature","properties":{"level":1000},"geometry":{"type":"LineString","coordinates":[[128.5,54.2],[128.47,54.5],[129.03,54.5],[128.75,54.11],[128.5,54.2]]}},{"type":"Feature","properties":{"level":1000},"geometry":{"type":"LineString","coordinates":[[-171.75,58.49],[-175.5,58.99],[-178.01,60.25],[-178.09,61.0],[-177.67,62.25],[-174.92,64.75],[-173.25,64.91],[-172.75,65.25],[-172.51,65.75],[-171.25,66.25],[-171.25,66.85],[-170.25,67.26],[-167.56,67.5],[-165.38,67.0],[-163.55,66.25],[-162.59,64.5],[-162.24,64.25],[-162.05,63.25],[-162.46,62.75],[-162.79,61.0],[-163.84,59.75],[-165.0,59.11],[-166.5,58.72],[-171.75,58.49]]}},{"type":"Feature","properties":{"level":1000},"geometry":{"type":"LineString","coordinates":[[78.0,65.49],[75.75,65.77],[73.5,66.37],[71.73,67.0],[69.94,68.0],[68.75,69.01],[67.72,70.5],[67.58,72.0],[68.03,73.0],[69.0,74.0],[70.25,74.78],[74.5,76.18],[79.75,76.9],[87.0,77.09],[93.68,76.5],[94.46,76.25],[94.18,76.0],[94.3,75.75],[94.0,75.22],[96.0,74.99],[96.21,74.75],[96.28,74.5],[95.34,74.0],[95.95,73.75],[99.58,73.75],[105.0,72.86],[106.02,72.25],[105.9,72.0],[104.13,71.5],[104.87,71.25],[103.5,71.17],[98.75,70.09],[98.49,70.0],[98.41,69.5],[95.0,69.41],[93.8,70.0],[92.91,70.0],[92.18,69.5],[92.29,69.25],[92.07,69.0],[92.4,68.75],[92.25,68.62],[87.72,66.5],[85.75,65.85],[81.5,65.42],[78.0,65.49]]}},{"type":"Feature","properties":{"level":1000},"geometry":{"type":"LineString","coordinates":[[-64.93,66.0],[-64.5,65.84],[-63.88,66.25],[-64.25,66.4],[-64.93,66.0]]}},{"type":"Feature","properties":{"level":1000},"geometry":{"type":"LineString","coordinates":[[-72.4,70.0],[-71.75,69.96],[-71.43,70.25],[-72.75,70.42],[-72.81,70.25],[-72.4,70.0]]}},{"type":"Feature","properties":{"level":1000},"geometry":{"type":"LineString","coordinates":[[-27.0,75.71],[-27.0,75.97],[-25.22,75.75],[-26.25,75.53],[-27.0,75.71]]}},{"type":"Feature","properties":{"level":1000},"geometry":{"type":"LineString","coordinates":[[-99.59,80.0],[-98.82,80.0],[-99.59,80.0]]}},{"type":"Feature","properties":{"level":1000},"geometry":{"type":"LineString","coordinates":[[50.75,83.71],[49.25,84.39],[45.0,84.58],[10.25,84.62],[-15.75,85.4],[-49.14,87.0],[-54.95,87.5],[-56.56,87.75],[-57.7,88.25],[-56.07,88.75],[-53.27,89.0],[-42.5,89.35],[18.0,89.59],[60.5,89.21],[68.72,88.75],[69.87,88.5],[70.42,88.0],[69.53,87.5],[65.46,86.5],[53.25,83.88],[50.75,83.71]]}},{"type":"Feature","properties":{"level":1004},"geometry":{"type":"LineString","coordinates":[[180.0,-85.69],[178.21,-85.75],[177.73,-86.0],[179.78,-86.25],[178.25,-86.4],[168.0,-86.2],[167.01,-86.0],[171.23,-85.5],[169.25,-85.1],[167.5,-85.46],[163.75,-85.3],[169.25,-84.76],[169.37,-84.5],[165.0,-84.8],[163.75,-84.67],[163.19,-84.25],[166.21,-83.75],[165.0,-83.47],[162.0,-83.95],[158.57,-83.75],[159.5,-83.59],[159.93,-83.25],[158.73,-82.75],[159.3,-82.5],[158.54,-82.0],[156.0,-82.05],[154.43,-81.75],[155.55,-81.0],[156.57,-80.75],[155.75,-80.23],[157.19,-79.75],[155.19,-79.0],[158.68,-78.75],[158.39,-78.25],[159.76,-78.0],[159.78,-77.75],[158.81,-77.25],[158.73,-77.0],[159.75,-76.71],[158.25,-76.07],[157.44,-76.0],[157.6,-75.75],[159.5,-75.13],[160.25,-74.48],[161.5,-74.38],[161.8,-74.0],[161.25,-73.25],[156.76,-72.25],[155.44,-71.75],[152.75,-71.47],[141.25,-69.37],[137.5,-70.38],[134.0,-70.41],[131.0,-71.12],[122.5,-71.89],[117.25,-71.79],[106.5,-70.48],[100.5,-70.44],[96.0,-69.86],[91.75,-70.36],[85.75,-70.67],[82.0,-71.25],[77.5,-72.79],[75.6,-74.75],[74.75,-75.12],[73.25,-75.19],[71.06,-76.5],[66.0,-77.04],[59.08,-76.25],[55.87,-74.75],[55.56,-74.0],[55.75,-73.9],[57.92,-74.5],[59.2,-74.0],[59.22,-73.25],[60.04,-73.0],[59.5,-72.25],[61.2,-71.75],[62.53,-70.5],[61.75,-70.21],[59.0,-69.89],[57.5,-69.97],[55.02,-71.25],[53.5,-71.61],[52.52,-72.25],[50.93,-72.25],[50.65,-72.75],[51.1,-73.75],[49.51,-74.0],[49.85,-74.25],[49.75,-74.41],[48.75,-74.03],[48.0,-74.08],[45.75,-74.91],[45.5,-75.3],[44.25,-74.65],[43.0,-74.81],[38.0,-74.45],[37.0,-74.62],[36.0,-75.2],[34.75,-74.78],[34.0,-74.0],[32.99,-74.0],[32.98,-73.75],[34.0,-72.94],[35.72,-72.25],[35.0,-71.94],[32.0,-72.42],[31.86,-72.75],[31.0,-72.96],[30.5,-73.38],[28.75,-73.37],[27.0,-72.62],[25.75,-72.54],[23.5,-72.67],[20.75,-73.36],[16.25,-73.79],[11.75,-73.74],[7.75,-73.13],[5.25,-73.2],[2.0,-73.71],[-2.25,-73.6],[-4.75,-74.2],[-7.33,-74.5],[-7.22,-75.0],[-4.75,-76.32],[-3.27,-77.75],[-3.59,-78.5],[-3.59,-79.25],[-4.37,-80.25],[-4.17,-81.0],[-4.5,-81.11],[-16.75,-82.79],[-32.17,-83.5],[-42.25,-84.72],[-48.75,-84.57],[-56.75,-84.93],[-61.0,-84.74],[-67.25,-85.06],[-71.42,-84.75],[-72.3,-84.5],[-71.29,-84.0],[-79.71,-83.5],[-80.02,-83.25],[-79.72,-83.0],[-80.0,-82.75],[-80.75,-82.65],[-83.0,-82.9],[-85.84,-83.75],[-88.5,-83.8],[-88.9,-84.0],[-87.5,-84.21],[-87.23,-84.5],[-90.5,-85.11],[-90.75,-85.0],[-90.33,-84.5],[-89.14,-84.25],[-91.12,-83.75],[-88.25,-83.3],[-87.5,-82.75],[-89.5,-82.42],[-92.25,-82.82],[-94.5,-82.7],[-98.5,-82.9],[-101.5,-83.58],[-109.44,-84.25],[-100.41,-84.75],[-106.25,-84.88],[-111.5,-84.67],[-116.89,-85.25],[-115.35,-85.5],[-118.75,-85.62],[-119.56,-85.75],[-119.37,-86.0],[-121.5,-86.2],[-132.0,-85.87],[-135.0,-86.3],[-143.0,-86.13],[-147.75,-86.34],[-150.25,-86.14],[-154.75,-86.51],[-158.5,-86.52],[-159.75,-86.44],[-160.5,-86.02],[-164.5,-86.0],[-171.5,-85.36],[-174.25,-85.7],[-180.0,-85.69]]}},{"type":"Feature","properties":{"level":1004},"geometry":{"type":"LineString","coordinates":[[-69.89,-84.5],[-68.58,-84.5],[-69.25,-84.29],[-69.89,-84.5]]}},{"type":"Feature","properties":{"level":1004},"geometry":{"type":"LineString","coordinates":[[-95.75,-84.27],[-93.63,-84.25],[-95.75,-84.27]]}},{"type":"Feature","properties":{"level":1004},"geometry":{"type":"LineString","coordinates":[[-53.43,-84.0],[-51.5,-84.09],[-50.6,-83.75],[-52.25,-83.71],[-53.43,-84.0]]}},{"type":"Feature","properties":{"level":1004},"geometry":{"type":"LineString","coordinates":[[-85.09,-81.0],[-83.14,-81.0],[-85.09,-81.0]]}},{"type":"Feature","properties":{"level":1004},"geometry":{"type":"LineString","coordinates":[[-73.87,-80.5],[-73.69,-80.5],[-73.87,-80.5]]}},{"type":"Feature","properties":{"level":1004},"geometry":{"type":"LineString","coordinates":[[-101.14,-80.25],[-96.5,-80.42],[-95.9,-80.25],[-99.0,-79.93],[-101.14,-80.25]]}},{"type":"Feature","properties":{"level":1004},"geometry":{"type":"LineString","coordinates":[[-85.01,-80.25],[-83.75,-80.47],[-81.52,-80.25],[-83.25,-79.89],[-84.67,-80.0],[-85.01,-80.25]]}},{"type":"Feature","properties":{"level":1004},"geometry":{"type":"LineString","coordinates":[[157.53,-79.75],[158.55,-79.75],[157.53,-79.75]]}},{"type":"Feature","properties":{"level":1004},"geometry":{"type":"LineString","coordinates":[[53.5,-75.52],[52.52,-74.75],[52.75,-74.55],[53.25,-74.62],[55.36,-75.5],[53.5,-75.52]]}},{"type":"Feature","properties":{"level":1004},"geometry":{"type":"LineString","coordinates":[[-180.0,-53.0],[-172.55,-54.5],[-163.5,-55.5],[-159.25,-55.64],[-153.75,-55.26],[-150.25,-54.38],[-148.37,-53.5],[-143.85,-50.5],[-141.58,-48.5],[-138.5,-46.25],[-135.25,-44.76],[-129.25,-43.26],[-126.5,-43.33],[-124.75,-43.05],[-120.5,-41.66],[-116.7,-40.0],[-115.0,-39.77],[-114.38,-39.25],[-112.5,-38.82],[-109.75,-38.78],[-105.5,-39.62],[-103.0,-40.42],[-100.75,-41.56],[-97.24,-44.0],[-93.0,-47.82],[-91.5,-49.49],[-86.71,-53.5],[-78.5,-61.35],[-77.44,-63.0],[-78.66,-64.25],[-78.5,-65.53],[-77.86,-66.75],[-75.41,-69.25],[-75.21,-69.75],[-73.25,-70.53],[-72.41,-71.25],[-69.0,-71.78],[-68.87,-72.25],[-69.22,-72.75],[-71.24,-73.5],[-71.6,-74.25],[-69.58,-74.5],[-65.0,-73.95],[-64.5,-73.67],[-64.26,-73.0],[-63.5,-72.56],[-63.5,-72.19],[-63.25,-72.11],[-60.94,-73.0],[-61.79,-73.25],[-61.55,-73.5],[-62.0,-74.31],[-64.89,-75.25],[-64.55,-75.5],[-64.65,-75.75],[-65.5,-75.9],[-66.0,-75.69],[-66.5,-76.14],[-67.25,-75.99],[-66.84,-76.25],[-68.14,-76.75],[-70.75,-77.19],[-75.25,-77.37],[-75.37,-77.5],[-74.89,-77.75],[-75.75,-78.03],[-82.06,-77.75],[-78.75,-78.5],[-79.75,-78.74],[-81.5,-78.62],[-84.25,-77.85],[-84.49,-78.0],[-84.44,-78.25],[-83.59,-78.75],[-83.75,-79.06],[-80.5,-79.94],[-79.25,-80.11],[-78.81,-80.0],[-79.26,-79.75],[-79.0,-79.62],[-72.25,-80.15],[-59.25,-78.94],[-55.0,-78.12],[-51.75,-76.98],[-47.52,-74.5],[-46.14,-73.25],[-46.8,-72.75],[-46.35,-72.0],[-43.25,-71.0],[-33.75,-69.83],[-31.75,-69.33],[-30.52,-68.75],[-29.86,-68.25],[-29.2,-67.25],[-28.77,-65.25],[-29.69,-63.0],[-30.5,-61.97],[-31.5,-61.13],[-33.0,-60.44],[-35.25,-59.85],[-39.25,-59.25],[-41.0,-58.78],[-41.31,-58.5],[-41.0,-57.51],[-40.13,-56.25],[-38.5,-54.98],[-36.63,-54.5],[-37.56,-54.0],[-37.5,-53.49],[-35.0,-52.03],[-31.0,-50.4],[-21.25,-48.67],[-15.75,-46.45],[-10.0,-44.58],[-7.75,-43.62],[2.0,-40.98],[5.0,-41.05],[8.5,-41.5],[18.75,-44.23],[22.0,-44.16],[24.75,-43.54],[29.75,-43.03],[34.25,-43.09],[35.25,-43.47],[36.0,-43.47],[38.5,-44.21],[42.0,-46.02],[42.64,-46.75],[42.51,-47.25],[42.76,-48.25],[43.47,-48.75],[43.22,-49.25],[43.51,-49.5],[43.4,-50.0],[44.0,-50.36],[44.28,-51.0],[44.25,-51.26],[43.5,-50.64],[43.05,-51.0],[43.17,-51.25],[44.0,-51.57],[44.75,-51.47],[45.75,-51.96],[48.75,-51.95],[52.0,-51.16],[61.0,-47.71],[66.25,-46.16],[67.75,-46.0],[70.0,-46.14],[75.25,-47.77],[79.5,-48.4],[84.25,-48.58],[88.25,-48.07],[90.84,-47.25],[92.25,-46.38],[92.64,-46.0],[92.59,-45.5],[93.25,-44.5],[93.5,-43.41],[94.0,-43.5],[102.77,-48.25],[109.64,-50.75],[117.0,-52.21],[126.5,-52.75],[130.7,-54.25],[132.25,-54.48],[133.75,-54.49],[135.75,-54.07],[141.17,-51.5],[141.34,-51.0],[141.17,-50.5],[139.27,-48.0],[139.11,-47.5],[140.13,-45.5],[144.5,-44.51],[147.75,-44.05],[151.0,-44.2],[154.0,-45.8],[156.5,-46.4],[158.5,-47.2],[159.25,-46.92],[160.57,-47.0],[160.17,-45.0],[160.5,-44.56],[162.75,-44.92],[163.27,-45.5],[165.25,-46.58],[166.25,-46.9],[167.0,-46.66],[168.25,-47.69],[168.75,-47.48],[170.0,-48.14],[170.79,-49.0],[170.61,-49.25],[170.76,-49.5],[172.25,-50.41],[174.25,-51.32],[180.0,-53.0]]}},{"type":"Feature","properties":{"level":1004},"geometry":{"type":"LineString","coordinates":[[43.0,-49.0],[43.15,-48.75],[43.0,-48.58],[42.77,-48.75],[43.0,-49.0]]}},{"type":"Feature","properties":{"level":1004},"geometry":{"type":"LineString","coordinates":[[161.23,-46.75],[161.5,-46.76],[161.5,-46.49],[161.25,-46.48],[161.23,-46.75]]}},{"type":"Feature","properties":{"level":1004},"geometry":{"type":"LineString","coordinates":[[167.0,-46.31],[166.86,-46.25],[167.0,-46.31]]}},{"type":"Feature","properties":{"level":1004},"geometry":{"type":"LineString","coordinates":[[-23.0,-37.25],[-23.49,-37.0],[-19.75,-35.77],[-18.23,-36.0],[-18.75,-36.99],[-19.5,-37.22],[-23.0,-37.25]]}},{"type":"Feature","properties":{"level":1004},"geometry":{"type":"LineString","coordinates":[[-69.5,-31.9],[-69.41,-30.25],[-69.25,-29.88],[-69.0,-29.92],[-69.16,-31.25],[-69.5,-31.9]]}},{"type":"Feature","properties":{"level":1004},"geometry":{"type":"LineString","coordinates":[[-68.25,-30.43],[-68.79,-29.25],[-68.45,-29.0],[-68.53,-28.5],[-68.0,-28.3],[-67.86,-28.5],[-68.07,-29.0],[-67.74,-29.75],[-68.25,-30.43]]}},{"type":"Feature","properties":{"level":1004},"geometry":{"type":"LineString","coordinates":[[-67.5,-28.59],[-67.91,-27.75],[-67.75,-27.0],[-67.33,-27.25],[-67.16,-28.5],[-67.5,-28.59]]}},{"type":"Feature","properties":{"level":1004},"geometry":{"type":"LineString","coordinates":[[-66.75,-27.42],[-67.61,-26.25],[-67.5,-26.06],[-67.0,-26.57],[-66.28,-26.25],[-66.66,-25.5],[-65.75,-24.57],[-65.28,-25.0],[-65.79,-26.0],[-65.81,-26.75],[-66.25,-27.26],[-66.75,-27.42]]}},{"type":"Feature","properties":{"level":1004},"geometry":{"type":"LineString","coordinates":[[-65.5,-24.03],[-65.44,-23.5],[-66.0,-23.16],[-66.18,-22.0],[-65.86,-21.0],[-65.96,-20.0],[-65.61,-19.75],[-65.72,-19.0],[-66.5,-18.28],[-66.64,-17.75],[-66.25,-17.35],[-64.69,-18.0],[-64.0,-18.69],[-63.5,-18.63],[-63.38,-18.25],[-63.57,-17.75],[-64.33,-17.25],[-64.5,-16.36],[-65.5,-15.66],[-66.47,-15.5],[-67.0,-14.51],[-68.27,-13.5],[-68.17,-11.25],[-68.5,-10.89],[-69.0,-11.27],[-68.97,-10.75],[-69.36,-10.5],[-68.75,-10.46],[-68.39,-9.75],[-68.75,-8.25],[-68.45,-7.75],[-69.14,-6.75],[-68.86,-6.25],[-69.0,-5.95],[-68.0,-5.75],[-67.75,-5.44],[-67.44,-5.5],[-67.25,-5.9],[-66.75,-5.8],[-66.42,-5.0],[-66.5,-3.34],[-65.75,-2.52],[-65.5,-2.92],[-65.2,-2.75],[-65.25,-2.41],[-65.64,-2.5],[-65.62,-1.5],[-65.09,-1.0],[-65.56,-0.75],[-65.61,0.0],[-65.0,0.41],[-64.75,0.11],[-64.61,0.25],[-65.0,0.6],[-64.82,1.0],[-64.25,1.08],[-63.25,0.62],[-62.99,1.25],[-61.75,1.34],[-61.5,1.97],[-61.25,2.02],[-58.75,0.81],[-58.25,1.0],[-57.75,0.36],[-56.75,1.15],[-56.5,0.7],[-55.5,0.41],[-54.75,-1.25],[-54.5,-1.0],[-54.25,-1.25],[-53.5,-1.28],[-52.5,-0.85],[-52.12,-1.25],[-52.66,-1.5],[-52.5,-1.67],[-51.75,-1.61],[-51.5,-1.83],[-51.0,-1.15],[-50.6,-1.25],[-50.46,-1.5],[-51.23,-2.0],[-51.11,-2.25],[-50.43,-2.25],[-49.74,-3.0],[-50.31,-3.5],[-50.14,-4.0],[-50.5,-4.64],[-50.75,-4.78],[-51.01,-4.5],[-50.78,-5.5],[-51.06,-5.75],[-50.69,-6.25],[-50.94,-6.5],[-50.95,-7.0],[-50.5,-7.45],[-50.0,-7.01],[-49.75,-7.62],[-49.25,-6.95],[-49.0,-7.25],[-48.75,-7.08],[-48.8,-7.5],[-48.5,-7.56],[-48.38,-7.25],[-48.68,-7.0],[-48.3,-6.5],[-48.25,-5.84],[-48.0,-7.19],[-47.5,-7.07],[-46.85,-7.5],[-47.04,-9.0],[-46.86,-10.0],[-47.61,-11.25],[-47.0,-11.54],[-46.39,-12.5],[-46.5,-12.91],[-46.87,-13.0],[-46.44,-13.5],[-46.48,-14.5],[-46.75,-14.73],[-47.25,-14.88],[-47.25,-14.28],[-46.89,-13.75],[-48.0,-12.9],[-47.81,-13.75],[-48.05,-14.5],[-48.45,-14.75],[-48.0,-15.25],[-48.5,-15.45],[-48.75,-15.17],[-49.25,-15.18],[-49.5,-15.85],[-49.75,-15.32],[-50.0,-15.33],[-50.0,-16.69],[-49.75,-16.3],[-49.23,-16.75],[-49.5,-16.67],[-49.75,-17.21],[-50.08,-17.25],[-49.15,-17.25],[-50.0,-17.7],[-50.07,-18.0],[-49.2,-18.25],[-49.88,-19.25],[-49.26,-20.0],[-50.16,-20.5],[-50.5,-21.09],[-51.25,-20.64],[-51.75,-20.86],[-52.5,-19.96],[-53.75,-20.54],[-53.75,-19.67],[-54.25,-19.55],[-54.5,-19.03],[-54.75,-19.0],[-54.88,-19.25],[-54.5,-19.86],[-54.81,-20.0],[-54.87,-19.75],[-55.25,-19.65],[-55.71,-21.0],[-56.25,-21.27],[-56.86,-20.5],[-57.0,-19.76],[-57.25,-20.62],[-57.75,-20.11],[-58.25,-20.26],[-58.75,-19.9],[-58.92,-19.25],[-59.5,-18.76],[-59.75,-18.69],[-60.25,-19.23],[-60.5,-19.0],[-60.5,-18.5],[-59.69,-18.25],[-60.75,-17.89],[-60.96,-18.0],[-60.9,-18.25],[-60.5,-18.5],[-61.12,-18.75],[-61.21,-19.0],[-60.77,-19.25],[-61.0,-19.56],[-62.25,-18.85],[-63.75,-18.95],[-63.56,-19.75],[-63.97,-20.25],[-63.62,-21.25],[-64.0,-21.32],[-64.25,-21.01],[-64.37,-21.25],[-64.02,-21.75],[-64.5,-22.33],[-64.75,-21.97],[-65.0,-22.52],[-65.25,-21.95],[-65.92,-22.25],[-64.98,-23.25],[-65.06,-23.75],[-65.5,-24.03]]}},{"type":"Feature","properties":{"level":1004},"geometry":{"type":"LineString","coordinates":[[-63.25,-21.58],[-63.25,-21.38],[-63.01,-21.5],[-63.25,-21.58]]}},{"type":"Feature","properties":{"level":1004},"geometry":{"type":"LineString","coordinates":[[-49.0,-20.52],[-48.75,-20.12],[-48.73,-20.5],[-49.0,-20.52]]}},{"type":"Feature","properties":{"level":1004},"geometry":{"type":"LineString","coordinates":[[-49.0,-20.08],[-49.23,-20.0],[-49.0,-19.89],[-49.0,-20.08]]}},{"type":"Feature","properties":{"level":1004},"geometry":{"type":"LineString","coordinates":[[-53.36,-19.5],[-53.0,-19.57],[-52.25,-18.73],[-51.87,-19.0],[-51.75,-19.48],[-51.75,-18.65],[-51.25,-18.62],[-51.0,-18.89],[-50.82,-18.75],[-51.13,-18.5],[-51.0,-18.13],[-50.5,-18.44],[-50.38,-18.25],[-50.75,-17.75],[-50.5,-16.72],[-50.75,-16.85],[-51.5,-16.52],[-51.75,-16.84],[-52.25,-16.48],[-52.75,-17.29],[-53.29,-17.25],[-53.15,-17.0],[-53.5,-16.61],[-53.96,-16.75],[-54.1,-17.5],[-53.46,-18.0],[-53.64,-19.25],[-53.36,-19.5]]}},{"type":"Feature","properties":{"level":1004},"geometry":{"type":"LineString","coordinates":[[-67.5,-19.04],[-67.57,-18.75],[-68.25,-18.34],[-67.95,-18.0],[-68.0,-17.58],[-68.5,-17.72],[-69.3,-17.0],[-69.25,-16.58],[-68.25,-17.45],[-67.03,-17.75],[-67.44,-18.75],[-67.25,-19.15],[-67.5,-19.04]]}},{"type":"Feature","properties":{"level":1004},"geometry":{"type":"LineString","coordinates":[[-58.83,-18.25],[-58.2,-18.25],[-59.0,-17.8],[-59.2,-18.0],[-58.83,-18.25]]}},{"type":"Feature","properties":{"level":1004},"geometry":{"type":"LineString","coordinates":[[-55.26,-16.25],[-54.75,-15.47],[-54.03,-15.25],[-54.25,-14.77],[-55.46,-15.5],[-55.26,-16.25]]}},{"type":"Feature","properties":{"level":1004},"geometry":{"type":"LineString","coordinates":[[-59.52,-16.0],[-59.24,-16.0],[-59.52,-16.0]]}},{"type":"Feature","properties":{"level":1004},"geometry":{"type":"LineString","coordinates":[[-70.25,-15.75],[-70.75,-14.75],[-70.5,-14.47],[-69.71,-15.0],[-70.25,-15.75]]}},{"type":"Feature","properties":{"level":1004},"geometry":{"type":"LineString","coordinates":[[-52.52,-15.75],[-52.24,-15.75],[-52.52,-15.75]]}},{"type":"Feature","properties":{"level":1004},"geometry":{"type":"LineString","coordinates":[[-59.06,-14.75],[-58.25,-14.94],[-58.17,-14.5],[-57.25,-14.0],[-57.25,-13.75],[-57.5,-13.46],[-58.0,-14.17],[-58.75,-14.13],[-59.0,-13.5],[-59.61,-13.25],[-59.5,-12.97],[-59.25,-13.2],[-58.75,-12.85],[-58.75,-12.64],[-59.25,-12.65],[-59.5,-12.25],[-59.0,-12.22],[-58.84,-11.5],[-59.0,-11.23],[-60.25,-10.74],[-61.14,-11.25],[-60.73,-12.75],[-61.07,-13.25],[-60.24,-13.0],[-59.94,-13.25],[-59.95,-13.75],[-59.06,-14.75]]}},{"type":"Feature","properties":{"level":1004},"geometry":{"type":"LineString","coordinates":[[-66.8,-14.0],[-66.69,-13.75],[-67.0,-13.64],[-66.8,-14.0]]}},{"type":"Feature","properties":{"level":1004},"geometry":{"type":"LineString","coordinates":[[-68.75,-12.27],[-68.92,-12.25],[-68.75,-12.27]]}},{"type":"Feature","properties":{"level":1004},"geometry":{"type":"LineString","coordinates":[[-61.83,-12.25],[-61.75,-11.96],[-61.83,-12.25]]}},{"type":"Feature","properties":{"level":1004},"geometry":{"type":"LineString","coordinates":[[-60.25,-11.52],[-60.25,-11.27],[-59.96,-11.5],[-60.25,-11.52]]}},{"type":"Feature","properties":{"level":1004},"geometry":{"type":"LineString","coordinates":[[-56.06,-11.25],[-55.75,-11.4],[-55.61,-11.25],[-56.06,-11.25]]}},{"type":"Feature","properties":{"level":1004},"geometry":{"type":"LineString","coordinates":[[-67.59,-10.5],[-67.39,-10.5],[-67.5,-10.13],[-67.59,-10.5]]}},{"type":"Feature","properties":{"level":1004},"geometry":{"type":"LineString","coordinates":[[-54.35,-10.5],[-53.92,-10.5],[-54.0,-10.31],[-54.35,-10.5]]}},{"type":"Feature","properties":{"level":1004},"geometry":{"type":"LineString","coordinates":[[-48.33,-10.0],[-48.25,-9.81],[-48.33,-10.0]]}},{"type":"Feature","properties":{"level":1004},"geometry":{"type":"LineString","coordinates":[[-49.31,-9.25],[-49.25,-9.09],[-49.31,-9.25]]}},{"type":"Feature","properties":{"level":1004},"geometry":{"type":"LineString","coordinates":[[-48.81,-9.25],[-48.75,-9.1],[-48.81,-9.25]]}},{"type":"Feature","properties":{"level":1004},"geometry":{"type":"LineString","coordinates":[[-48.76,-8.5],[-48.75,-8.16],[-48.76,-8.5]]}},{"type":"Feature","properties":{"level":1004},"geometry":{"type":"LineString","coordinates":[[-62.68,-8.25],[-62.5,-8.45],[-62.5,-8.14],[-62.68,-8.25]]}},{"type":"Feature","properties":{"level":1004},"geometry":{"type":"LineString","coordinates":[[-65.47,-7.25],[-65.25,-7.39],[-65.09,-7.0],[-65.4,-7.0],[-65.47,-7.25]]}},{"type":"Feature","properties":{"level":1004},"geometry":{"type":"LineString","coordinates":[[-64.2,-7.25],[-64.0,-7.44],[-63.79,-7.0],[-64.49,-7.0],[-64.2,-7.25]]}},{"type":"Feature","properties":{"level":1004},"geometry":{"type":"LineString","coordinates":[[-63.69,-7.25],[-63.5,-7.29],[-63.5,-6.98],[-63.69,-7.25]]}},{"type":"Feature","properties":{"level":1004},"geometry":{"type":"LineString","coordinates":[[-49.75,-7.01],[-49.94,-7.0],[-49.59,-7.0],[-49.75,-7.01]]}},{"type":"Feature","properties":{"level":1004},"geometry":{"type":"LineString","coordinates":[[-50.5,-6.85],[-50.5,-6.52],[-50.5,-6.85]]}},{"type":"Feature","properties":{"level":1004},"geometry":{"type":"LineString","coordinates":[[-69.25,-5.8],[-69.25,-5.65],[-69.25,-5.8]]}},{"type":"Feature","properties":{"level":1004},"geometry":{"type":"LineString","coordinates":[[-49.5,-5.52],[-49.7,-5.5],[-49.02,-5.5],[-49.5,-5.52]]}},{"type":"Feature","properties":{"level":1004},"geometry":{"type":"LineString","coordinates":[[-48.25,-5.67],[-48.25,-5.34],[-48.0,-5.28],[-48.0,-5.69],[-48.25,-5.67]]}},{"type":"Feature","properties":{"level":1004},"geometry":{"type":"LineString","coordinates":[[-49.0,-5.49],[-49.0,-5.13],[-48.85,-5.25],[-49.0,-5.49]]}},{"type":"Feature","properties":{"level":1004},"geometry":{"type":"LineString","coordinates":[[-52.55,-3.25],[-52.5,-3.06],[-52.55,-3.25]]}},{"type":"Feature","properties":{"level":1004},"geometry":{"type":"LineString","coordinates":[[-52.4,-3.0],[-52.23,-3.0],[-52.25,-2.55],[-52.4,-3.0]]}},{"type":"Feature","properties":{"level":1004},"geometry":{"type":"LineString","coordinates":[[-64.4,-0.5],[-64.01,-0.5],[-64.0,-0.08],[-64.29,0.0],[-64.4,-0.5]]}},{"type":"Feature","properties":{"level":1004},"geometry":{"type":"LineString","coordinates":[[-57.85,-0.25],[-57.67,-0.25],[-58.0,0.19],[-58.13,0.0],[-57.85,-0.25]]}},{"type":"Feature","properties":{"level":1004},"geometry":{"type":"LineString","coordinates":[[-58.78,0.0],[-58.62,0.0],[-58.78,0.0]]}},{"type":"Feature","properties":{"level":1004},"geometry":{"type":"LineString","coordinates":[[-62.15,0.75],[-62.0,0.52],[-61.78,0.75],[-62.15,0.75]]}},{"type":"Feature","properties":{"level":1004},"geometry":{"type":"LineString","coordinates":[[-63.75,1.49],[-63.75,1.79],[-63.25,1.75],[-63.75,1.49]]}},{"type":"Feature","properties":{"level":1004},"geometry":{"type":"LineString","coordinates":[[-60.5,2.65],[-60.69,2.75],[-60.5,2.65]]}},{"type":"Feature","properties":{"level":1004},"geometry":{"type":"LineString","coordinates":[[-60.75,3.91],[-60.88,4.0],[-60.39,4.0],[-60.75,3.91]]}},{"type":"Feature","properties":{"level":1004},"geometry":{"type":"LineString","coordinates":[[-26.0,15.97],[-26.41,16.5],[-25.75,16.9],[-25.46,16.75],[-25.38,16.25],[-26.0,15.97]]}},{"type":"Feature","properties":{"level":1004},"geometry":{"type":"LineString","coordinates":[[148.25,30.93],[147.5,31.26],[146.91,32.0],[146.76,32.75],[147.03,33.25],[147.5,33.68],[148.25,33.87],[149.5,33.86],[150.25,33.54],[150.74,32.75],[150.47,31.75],[149.5,31.03],[148.25,30.93]]}},{"type":"Feature","properties":{"level":1004},"geometry":{"type":"LineString","coordinates":[[-66.25,37.43],[-66.25,37.62],[-66.25,37.43]]}},{"type":"Feature","properties":{"level":1004},"geometry":{"type":"LineString","coordinates":[[-65.75,37.82],[-65.97,38.0],[-65.75,38.15],[-65.51,38.0],[-65.75,37.82]]}},{"type":"Feature","properties":{"level":1004},"geometry":{"type":"LineString","coordinates":[[-66.0,38.59],[-65.85,39.0],[-66.25,39.29],[-68.5,39.32],[-70.14,39.75],[-66.54,40.75],[-64.75,42.4],[-61.5,44.06],[-59.47,43.25],[-58.57,42.25],[-58.37,41.25],[-58.54,40.5],[-59.5,39.8],[-61.25,39.35],[-62.75,39.79],[-63.75,39.6],[-64.25,39.76],[-65.25,38.84],[-66.0,38.59]]}},{"type":"Feature","properties":{"level":1004},"geometry":{"type":"LineString","coordinates":[[-101.5,39.23],[-103.25,39.82],[-103.75,39.75],[-103.71,40.0],[-102.75,40.32],[-100.83,40.25],[-100.0,41.39],[-97.71,42.5],[-97.97,43.5],[-97.75,43.75],[-95.75,44.12],[-95.5,45.01],[-94.5,44.92],[-94.0,45.2],[-92.75,45.34],[-92.0,45.05],[-93.25,44.43],[-93.27,43.75],[-93.68,43.25],[-95.5,41.91],[-96.75,40.56],[-99.5,39.18],[-101.5,39.23]]}},{"type":"Feature","properties":{"level":1004},"geometry":{"type":"LineString","coordinates":[[-105.0,39.65],[-105.28,40.0],[-105.0,40.7],[-104.28,40.5],[-104.99,40.0],[-105.0,39.65]]}},{"type":"Feature","properties":{"level":1004},"geometry":{"type":"LineString","coordinates":[[-60.81,39.75],[-60.61,39.75],[-60.81,39.75]]}},{"type":"Feature","properties":{"level":1004},"geometry":{"type":"LineString","coordinates":[[-103.75,41.49],[-105.06,42.0],[-104.75,42.27],[-104.5,42.03],[-103.5,42.11],[-103.35,42.0],[-103.75,41.49]]}},{"type":"Feature","properties":{"level":1004},"geometry":{"type":"LineString","coordinates":[[-93.56,44.5],[-93.34,44.5],[-93.5,44.68],[-93.56,44.5]]}},{"type":"Feature","properties":{"level":1004},"geometry":{"type":"LineString","coordinates":[[-93.82,44.75],[-93.57,44.75],[-93.82,44.75]]}},{"type":"Feature","properties":{"level":1004},"geometry":{"type":"LineString","coordinates":[[127.75,52.45],[126.75,52.99],[126.19,53.75],[127.11,55.25],[129.5,55.62],[131.5,55.08],[131.81,54.25],[131.47,54.0],[132.1,53.25],[131.25,53.41],[130.0,52.55],[129.25,52.32],[127.75,52.45]]}},{"type":"Feature","properties":{"level":1004},"geometry":{"type":"LineString","coordinates":[[132.5,53.08],[132.35,53.25],[133.25,53.82],[133.91,53.75],[132.5,53.08]]}},{"type":"Feature","properties":{"level":1004},"geometry":{"type":"LineString","coordinates":[[180.0,56.63],[176.75,57.0],[174.28,57.75],[174.87,58.25],[175.0,58.78],[175.66,59.25],[178.25,60.25],[178.91,60.75],[180.0,62.72]]}},{"type":"Feature","properties":{"level":1004},"geometry":{"type":"LineString","coordinates":[[-180.0,62.72],[-178.43,64.25],[-176.43,65.25],[-176.66,65.5],[-175.25,65.66],[-174.0,66.23],[-173.23,67.25],[-171.71,68.25],[-169.25,69.13],[-165.5,69.86],[-162.25,70.22],[-156.5,70.39],[-151.25,71.83],[-145.5,72.38],[-143.23,72.25],[-140.0,71.66],[-136.99,70.5],[-136.06,69.75],[-136.25,69.47],[-138.75,69.13],[-140.0,69.45],[-145.75,69.66],[-146.75,69.47],[-147.75,69.66],[-150.5,69.25],[-156.25,69.58],[-157.25,69.12],[-158.75,69.4],[-159.02,69.0],[-157.22,68.5],[-157.34,67.75],[-157.9,67.5],[-157.95,67.25],[-156.24,66.75],[-156.33,66.5],[-155.75,66.18],[-153.87,66.0],[-153.67,65.5],[-154.35,65.0],[-153.69,64.75],[-153.47,64.25],[-153.57,64.0],[-154.75,63.41],[-154.97,62.5],[-156.25,61.74],[-157.59,60.25],[-157.72,60.0],[-157.16,59.25],[-157.5,58.46],[-158.0,58.01],[-162.5,55.58],[-164.5,55.1],[-167.0,54.98],[-172.25,55.47],[-180.0,56.63]]}},{"type":"Feature","properties":{"level":1004},"geometry":{"type":"LineString","coordinates":[[81.75,64.24],[78.0,64.5],[74.5,65.16],[71.25,66.12],[68.32,67.5],[67.5,68.03],[65.3,70.75],[64.87,72.25],[65.27,73.75],[67.62,76.0],[72.0,77.78],[77.0,79.35],[82.58,80.5],[82.67,80.75],[82.25,80.8],[76.36,81.0],[77.59,82.25],[81.5,83.36],[87.25,84.16],[94.25,84.48],[109.25,84.26],[116.95,83.75],[104.0,82.63],[97.0,82.43],[82.96,80.75],[89.75,80.35],[93.25,79.22],[100.5,78.15],[110.75,77.7],[111.21,77.5],[111.34,77.0],[110.69,76.5],[106.0,76.81],[105.0,76.44],[104.61,76.0],[104.68,75.75],[105.42,75.5],[105.23,75.25],[105.61,75.0],[106.73,75.0],[107.5,74.62],[110.75,74.01],[111.55,72.5],[110.94,72.0],[110.5,71.15],[109.0,70.63],[106.03,69.0],[106.19,68.75],[105.69,68.25],[102.8,67.25],[101.0,67.17],[100.0,67.61],[99.5,68.34],[98.5,68.46],[97.01,67.75],[96.75,67.12],[95.75,67.35],[95.04,67.0],[94.91,66.0],[92.0,64.88],[90.0,64.43],[89.25,64.43],[88.75,64.78],[87.25,64.46],[81.75,64.24]]}},{"type":"Feature","properties":{"level":1004},"geometry":{"type":"LineString","coordinates":[[-29.64,70.25],[-27.75,70.38],[-27.35,70.75],[-28.25,70.71],[-28.75,70.38],[-29.0,70.52],[-29.64,70.25]]}},{"type":"Feature","properties":{"level":1004},"geometry":{"type":"LineString","coordinates":[[103.77,76.75],[104.25,76.66],[104.45,76.75],[104.18,77.0],[104.5,77.19],[105.95,77.5],[104.5,77.6],[103.08,77.25],[103.03,77.0],[103.77,76.75]]}},{"type":"Feature","properties":{"level":1004},"geometry":{"type":"LineString","coordinates":[[-83.77,81.0],[-82.61,81.0],[-83.77,81.0]]}},{"type":"Feature","properties":{"level":1004},"geometry":{"type":"LineString","coordinates":[[96.25,81.23],[96.1,81.25],[96.5,81.45],[98.0,81.55],[100.12,81.25],[96.25,81.23]]}},{"type":"Feature","properties":{"level":1004},"geometry":{"type":"LineString","coordinates":[[180.0,89.23],[133.25,88.94],[119.0,88.68],[107.25,88.18],[95.2,87.25],[73.85,84.5],[63.5,83.54],[56.0,82.19],[47.0,81.06],[41.5,82.55],[32.75,83.23],[-34.0,84.82],[-40.1,84.75],[-43.75,84.41],[-52.5,83.06],[-53.72,82.75],[-53.64,82.5],[-54.0,82.21],[-61.25,82.03],[-64.0,82.45],[-67.0,82.4],[-70.5,82.66],[-73.0,82.17],[-74.46,82.25],[-74.46,82.5],[-75.0,82.63],[-85.37,82.0],[-84.5,81.81],[-79.5,81.8],[-79.24,81.75],[-79.77,81.5],[-78.7,81.25],[-79.57,81.0],[-78.25,80.67],[-77.75,80.95],[-74.5,80.81],[-74.0,81.1],[-71.94,81.0],[-76.25,80.44],[-78.25,79.91],[-79.25,80.02],[-79.41,79.75],[-79.15,79.5],[-80.3,79.25],[-80.0,79.21],[-77.25,79.09],[-75.0,78.72],[-74.26,79.0],[-74.62,79.25],[-74.43,79.5],[-71.5,79.62],[-68.75,80.04],[-63.5,79.77],[-64.25,79.25],[-65.7,78.75],[-68.83,78.0],[-67.9,77.5],[-67.63,77.0],[-66.75,76.71],[-59.25,76.23],[-56.75,75.78],[-53.08,74.25],[-51.5,73.88],[-48.5,74.51],[-43.75,75.91],[-41.0,76.32],[-27.25,76.6],[-26.25,75.95],[-23.9,75.75],[-23.9,75.5],[-27.0,74.89],[-29.97,73.75],[-30.05,73.5],[-28.8,73.0],[-28.59,72.25],[-29.75,71.69],[-28.75,71.38],[-26.0,71.45],[-25.85,71.5],[-26.73,71.75],[-25.0,72.08],[-23.47,71.5],[-22.5,71.42],[-19.9,72.75],[-16.0,73.23],[-9.75,71.73],[-5.9,70.0],[-5.0,69.03],[-4.64,68.25],[-3.25,66.85],[-2.55,65.75],[-2.03,64.25],[-2.11,60.75],[-2.39,58.5],[-2.82,57.75],[-3.02,57.5],[-5.0,57.02],[-5.61,56.5],[-5.48,56.25],[-6.07,55.25],[-7.28,54.25],[-11.25,51.88],[-11.5,52.17],[-12.0,52.15],[-15.5,50.96],[-18.5,50.25],[-21.5,50.25],[-25.75,49.65],[-37.5,49.14],[-40.0,48.5],[-40.68,48.0],[-41.75,47.81],[-44.5,46.69],[-49.5,45.79],[-58.0,45.02],[-60.75,45.21],[-62.0,44.83],[-63.5,44.74],[-63.91,45.0],[-63.25,45.25],[-63.5,45.46],[-64.81,45.75],[-63.0,45.97],[-60.7,47.0],[-59.56,48.0],[-59.44,48.5],[-57.42,50.25],[-57.8,51.5],[-57.64,53.0],[-56.93,53.75],[-57.26,54.5],[-59.07,56.75],[-62.21,60.0],[-64.11,61.5],[-66.75,62.5],[-67.08,63.25],[-66.93,63.5],[-67.25,63.83],[-69.25,63.74],[-69.63,64.25],[-71.0,64.58],[-76.25,64.96],[-77.5,65.28],[-84.25,66.0],[-90.75,66.27],[-95.0,65.41],[-105.5,61.81],[-111.25,60.36],[-114.75,58.98],[-117.0,59.61],[-120.5,58.93],[-123.75,59.96],[-125.25,59.72],[-125.25,60.1],[-124.58,60.25],[-125.45,60.75],[-126.25,60.58],[-126.58,60.75],[-126.94,61.25],[-126.93,61.75],[-126.75,62.06],[-126.21,62.25],[-126.75,62.34],[-127.15,63.0],[-127.06,63.25],[-129.75,64.51],[-131.0,64.49],[-132.0,64.75],[-132.5,64.51],[-132.62,64.75],[-132.26,65.0],[-132.75,65.25],[-132.73,65.5],[-130.43,65.75],[-131.59,66.5],[-131.76,67.0],[-129.99,68.25],[-130.52,68.5],[-130.34,69.0],[-131.28,69.25],[-132.52,70.5],[-131.5,71.15],[-130.25,72.5],[-128.21,73.5],[-127.79,74.25],[-128.25,74.73],[-132.0,75.59],[-152.32,76.0],[-159.73,76.75],[-160.76,77.0],[-161.25,77.75],[-162.49,78.75],[-164.9,80.0],[-165.31,80.5],[-165.38,81.0],[-164.56,82.0],[-162.25,83.0],[-158.5,83.8],[-153.0,84.39],[-143.75,84.88],[-131.5,85.15],[-103.5,84.88],[-98.21,85.25],[-96.81,86.0],[-97.24,86.25],[-103.32,87.25],[-108.5,87.76],[-125.0,88.67],[-144.0,89.07],[-180.0,89.23]]}},{"type":"Feature","properties":{"level":1008},"geometry":{"type":"LineString","coordinates":[[180.0,-87.27],[165.99,-86.75],[160.22,-86.0],[157.51,-85.25],[158.5,-85.04],[163.35,-85.0],[159.75,-84.55],[156.25,-84.47],[156.01,-84.25],[156.25,-84.09],[158.76,-84.0],[157.0,-83.8],[155.93,-83.25],[156.67,-83.0],[156.5,-82.82],[153.85,-82.25],[152.25,-81.34],[150.56,-81.25],[151.06,-81.0],[150.69,-80.75],[151.0,-80.67],[155.25,-80.18],[155.48,-80.0],[155.25,-79.62],[154.27,-79.25],[154.25,-78.75],[154.5,-78.57],[157.5,-78.51],[157.75,-77.76],[158.97,-77.5],[157.73,-77.0],[158.3,-76.5],[158.0,-76.25],[157.0,-76.1],[156.69,-75.75],[157.0,-75.32],[157.75,-75.23],[158.95,-74.5],[158.76,-74.0],[158.95,-73.75],[158.56,-73.0],[141.0,-69.81],[139.67,-70.0],[137.5,-70.72],[134.25,-70.76],[130.5,-71.49],[122.25,-72.26],[117.75,-72.09],[106.5,-70.9],[99.25,-70.88],[95.75,-70.49],[92.25,-70.91],[85.5,-71.19],[82.75,-71.7],[78.69,-73.0],[77.0,-74.24],[76.25,-75.53],[74.23,-76.5],[72.25,-77.06],[63.5,-78.18],[62.25,-78.11],[59.25,-77.34],[53.75,-76.81],[51.54,-76.25],[49.5,-76.76],[44.75,-75.78],[40.75,-75.26],[38.5,-75.62],[38.39,-76.0],[38.81,-76.25],[38.5,-76.38],[34.75,-76.03],[33.25,-75.05],[30.75,-74.88],[30.2,-74.5],[28.0,-73.85],[27.75,-73.44],[26.0,-72.78],[25.25,-73.12],[18.25,-74.15],[10.25,-73.83],[8.25,-73.4],[6.53,-73.75],[6.0,-74.08],[3.75,-74.08],[2.0,-74.36],[-2.75,-73.91],[-3.56,-74.25],[-3.92,-74.75],[-3.75,-74.94],[-0.75,-76.06],[3.11,-78.25],[3.96,-78.5],[3.74,-78.75],[4.04,-79.0],[5.5,-79.47],[6.0,-79.92],[7.5,-80.5],[10.56,-81.0],[3.0,-82.28],[-1.5,-82.51],[-3.75,-82.13],[-5.75,-82.28],[-15.25,-83.64],[-22.75,-85.04],[-32.5,-85.72],[-42.25,-85.95],[-57.5,-85.68],[-65.0,-86.33],[-73.75,-86.58],[-75.81,-86.5],[-73.25,-86.11],[-70.3,-86.0],[-76.25,-84.95],[-83.75,-85.29],[-84.03,-85.25],[-82.75,-85.05],[-82.94,-84.75],[-81.66,-84.5],[-84.75,-84.33],[-85.36,-84.75],[-84.82,-85.0],[-86.38,-85.25],[-85.06,-85.5],[-85.75,-85.55],[-92.74,-85.5],[-92.54,-85.0],[-93.92,-84.75],[-93.12,-84.5],[-93.75,-84.46],[-98.0,-84.57],[-102.0,-85.08],[-110.91,-85.25],[-102.5,-85.46],[-101.87,-85.5],[-101.63,-85.75],[-105.05,-86.25],[-115.0,-86.37],[-115.77,-86.25],[-114.5,-86.05],[-114.5,-85.84],[-117.0,-85.69],[-118.36,-85.75],[-118.5,-86.03],[-121.0,-86.49],[-124.86,-86.5],[-124.24,-86.25],[-130.25,-85.99],[-130.72,-86.0],[-130.64,-86.25],[-131.5,-86.31],[-141.5,-86.49],[-142.64,-86.25],[-144.76,-86.25],[-145.31,-86.75],[-146.0,-86.85],[-149.75,-86.55],[-158.25,-86.74],[-158.5,-86.75],[-158.11,-87.0],[-158.5,-87.11],[-160.75,-87.34],[-180.0,-87.27]]}},{"type":"Feature","properties":{"level":1008},"geometry":{"type":"LineString","coordinates":[[-163.58,-86.5],[-162.25,-86.64],[-160.66,-86.25],[-165.0,-86.18],[-170.75,-85.71],[-173.11,-86.0],[-173.38,-86.25],[-170.75,-86.16],[-163.58,-86.5]]}},{"type":"Feature","properties":{"level":1008},"geometry":{"type":"LineString","coordinates":[[-78.0,-85.76],[-80.88,-85.5],[-78.5,-85.38],[-77.36,-85.5],[-77.09,-85.75],[-78.0,-85.76]]}},{"type":"Feature","properties":{"level":1008},"geometry":{"type":"LineString","coordinates":[[-103.69,-84.25],[-97.0,-84.15],[-94.73,-83.5],[-97.25,-83.22],[-99.33,-83.75],[-104.28,-84.0],[-103.69,-84.25]]}},{"type":"Feature","properties":{"level":1008},"geometry":{"type":"LineString","coordinates":[[162.51,-84.0],[163.77,-84.0],[162.51,-84.0]]}},{"type":"Feature","properties":{"level":1008},"geometry":{"type":"LineString","coordinates":[[51.0,-79.61],[50.07,-79.25],[50.75,-79.16],[52.42,-79.5],[51.0,-79.61]]}},{"type":"Feature","properties":{"level":1008},"geometry":{"type":"LineString","coordinates":[[45.25,-79.28],[44.0,-79.18],[43.28,-78.75],[43.48,-78.5],[44.91,-78.5],[45.29,-78.25],[44.84,-77.5],[43.42,-76.75],[43.5,-76.55],[47.5,-77.79],[50.04,-78.25],[50.27,-78.5],[47.0,-78.74],[46.5,-79.22],[45.25,-79.28]]}},{"type":"Feature","properties":{"level":1008},"geometry":{"type":"LineString","coordinates":[[160.75,-74.0],[161.25,-74.09],[161.45,-73.75],[160.76,-73.25],[160.06,-73.5],[160.13,-73.75],[160.75,-74.0]]}},{"type":"Feature","properties":{"level":1008},"geometry":{"type":"LineString","coordinates":[[51.96,-73.5],[53.25,-73.73],[53.89,-73.5],[53.25,-72.99],[51.24,-72.75],[51.28,-73.0],[51.96,-73.5]]}},{"type":"Feature","properties":{"level":1008},"geometry":{"type":"LineString","coordinates":[[55.19,-72.75],[55.75,-72.87],[57.0,-72.57],[58.25,-71.75],[59.71,-71.25],[59.86,-70.5],[59.0,-70.31],[56.97,-70.75],[55.4,-71.75],[55.0,-72.5],[55.19,-72.75]]}},{"type":"Feature","properties":{"level":1008},"geometry":{"type":"LineString","coordinates":[[-75.75,-57.86],[-76.21,-57.5],[-74.5,-56.54],[-71.75,-56.23],[-70.7,-56.5],[-70.79,-56.75],[-73.25,-57.9],[-75.75,-57.86]]}},{"type":"Feature","properties":{"level":1008},"geometry":{"type":"LineString","coordinates":[[-68.75,-55.26],[-69.1,-55.0],[-69.04,-54.75],[-68.33,-54.75],[-68.24,-55.0],[-68.75,-55.26]]}},{"type":"Feature","properties":{"level":1008},"geometry":{"type":"LineString","coordinates":[[-180.0,-51.68],[-173.5,-53.14],[-164.5,-54.37],[-160.0,-54.59],[-153.5,-53.96],[-150.25,-52.96],[-146.83,-51.0],[-140.25,-45.74],[-136.8,-44.0],[-131.75,-42.41],[-125.5,-41.33],[-115.75,-37.55],[-112.0,-37.06],[-107.5,-37.1],[-105.0,-37.76],[-102.5,-38.81],[-98.85,-41.0],[-94.0,-44.84],[-90.5,-48.11],[-82.75,-53.46],[-80.75,-53.84],[-77.25,-52.26],[-75.5,-52.39],[-75.35,-52.75],[-75.75,-53.35],[-77.05,-54.5],[-78.09,-55.0],[-77.64,-55.5],[-77.95,-56.0],[-77.72,-56.5],[-76.94,-57.0],[-77.0,-57.28],[-76.32,-57.5],[-76.59,-58.5],[-76.41,-59.0],[-75.03,-61.0],[-74.02,-62.0],[-74.18,-63.0],[-74.83,-64.25],[-74.71,-65.25],[-72.68,-68.0],[-72.62,-68.75],[-72.27,-69.0],[-70.5,-69.21],[-70.46,-69.5],[-69.7,-69.75],[-69.72,-70.25],[-69.5,-70.47],[-68.25,-71.38],[-66.25,-71.37],[-65.25,-71.67],[-63.34,-71.25],[-63.98,-70.75],[-64.83,-70.5],[-64.56,-69.75],[-64.17,-69.5],[-65.39,-68.5],[-65.5,-68.23],[-65.25,-68.03],[-60.75,-68.91],[-58.0,-69.81],[-56.25,-70.0],[-53.75,-69.87],[-50.83,-69.25],[-49.75,-68.36],[-47.75,-67.78],[-39.0,-67.88],[-36.5,-67.29],[-35.25,-66.25],[-34.98,-65.5],[-35.47,-64.0],[-36.75,-62.95],[-39.0,-62.2],[-40.75,-62.02],[-45.25,-62.1],[-45.75,-62.04],[-45.88,-61.75],[-45.38,-59.75],[-44.01,-57.25],[-42.97,-56.0],[-38.32,-52.25],[-33.0,-49.72],[-23.15,-46.5],[-21.5,-45.75],[-17.75,-43.46],[-14.25,-42.09],[-12.25,-42.07],[-11.0,-41.41],[-9.5,-41.4],[-7.75,-40.68],[-2.75,-39.76],[0.5,-39.49],[6.5,-39.9],[19.0,-42.11],[25.0,-41.65],[25.5,-41.42],[26.99,-41.5],[29.0,-40.24],[31.5,-41.07],[34.0,-41.19],[37.5,-42.29],[43.97,-45.25],[44.7,-45.75],[45.58,-47.0],[45.5,-48.42],[46.5,-48.48],[47.75,-49.34],[48.25,-49.05],[49.75,-49.65],[52.5,-49.36],[53.5,-48.76],[61.07,-46.5],[62.75,-45.66],[65.5,-45.12],[68.25,-44.95],[71.5,-45.28],[74.25,-46.03],[75.25,-46.04],[79.5,-46.96],[81.0,-47.02],[83.57,-46.75],[87.0,-45.79],[88.8,-45.0],[89.25,-44.5],[89.74,-43.25],[89.01,-41.75],[89.04,-41.0],[87.36,-37.75],[88.5,-37.59],[89.75,-37.96],[91.25,-38.89],[96.25,-43.14],[99.75,-45.34],[103.96,-47.5],[108.0,-49.06],[111.48,-50.0],[116.5,-50.88],[121.75,-51.16],[126.75,-51.08],[129.75,-52.18],[132.25,-52.51],[134.5,-52.2],[137.25,-50.66],[137.97,-49.75],[137.68,-47.5],[138.28,-46.0],[139.5,-44.89],[142.75,-43.69],[144.43,-43.25],[146.0,-43.19],[146.75,-42.81],[147.5,-42.85],[148.75,-42.52],[149.25,-42.15],[152.0,-42.62],[154.0,-43.55],[155.5,-43.75],[156.75,-43.24],[157.5,-43.33],[157.82,-42.75],[158.31,-42.5],[162.0,-42.25],[163.0,-43.06],[163.5,-43.04],[164.5,-44.25],[165.5,-44.61],[166.5,-45.54],[167.0,-45.7],[168.25,-45.51],[169.25,-45.94],[170.75,-45.76],[172.73,-47.5],[173.71,-48.75],[175.0,-49.72],[177.0,-50.71],[180.0,-51.68]]}},{"type":"Feature","properties":{"level":1008},"geometry":{"type":"LineString","coordinates":[[-69.25,-50.15],[-70.23,-49.75],[-69.25,-49.5],[-69.77,-48.75],[-69.31,-48.5],[-68.5,-47.47],[-67.96,-47.5],[-67.11,-48.5],[-67.1,-49.5],[-68.0,-50.15],[-69.25,-50.15]]}},{"type":"Feature","properties":{"level":1008},"geometry":{"type":"LineString","coordinates":[[44.81,-47.25],[45.0,-47.42],[45.17,-47.25],[45.0,-46.77],[44.74,-47.0],[44.81,-47.25]]}},{"type":"Feature","properties":{"level":1008},"geometry":{"type":"LineString","coordinates":[[148.25,-41.87],[148.09,-41.75],[148.25,-41.63],[148.25,-41.87]]}},{"type":"Feature","properties":{"level":1008},"geometry":{"type":"LineString","coordinates":[[-24.75,-38.53],[-26.25,-38.32],[-27.25,-37.69],[-29.42,-37.0],[-26.5,-35.45],[-23.0,-34.65],[-22.5,-34.27],[-21.25,-34.44],[-18.75,-33.62],[-18.0,-33.67],[-16.05,-34.75],[-15.97,-36.0],[-16.55,-36.5],[-16.4,-37.0],[-17.5,-38.03],[-19.25,-38.39],[-20.25,-38.29],[-20.75,-37.99],[-21.5,-38.69],[-22.0,-38.51],[-22.5,-38.73],[-24.75,-38.53]]}},{"type":"Feature","properties":{"level":1008},"geometry":{"type":"LineString","coordinates":[[-32.75,-37.01],[-32.51,-37.0],[-32.75,-37.01]]}},{"type":"Feature","properties":{"level":1008},"geometry":{"type":"LineString","coordinates":[[-69.5,-35.6],[-69.75,-35.48],[-69.81,-35.0],[-69.25,-34.53],[-68.93,-35.25],[-69.0,-35.47],[-69.5,-35.6]]}},{"type":"Feature","properties":{"level":1008},"geometry":{"type":"LineString","coordinates":[[-69.0,-34.04],[-69.26,-33.5],[-69.14,-33.0],[-69.58,-32.75],[-69.82,-32.0],[-69.74,-30.75],[-69.25,-29.33],[-68.22,-28.0],[-67.76,-26.75],[-68.23,-25.75],[-67.71,-25.5],[-68.0,-24.75],[-67.75,-24.43],[-67.25,-24.56],[-67.0,-24.29],[-66.5,-24.91],[-66.16,-24.5],[-66.63,-23.75],[-66.68,-23.25],[-66.37,-22.75],[-66.75,-22.01],[-67.25,-21.9],[-67.5,-21.58],[-67.75,-21.0],[-67.63,-20.5],[-68.24,-19.75],[-68.88,-17.75],[-69.34,-17.5],[-70.25,-16.13],[-70.92,-15.75],[-70.75,-15.22],[-71.54,-15.5],[-72.37,-14.5],[-72.74,-13.5],[-71.81,-13.5],[-71.0,-14.41],[-70.06,-14.25],[-69.23,-15.0],[-69.25,-15.42],[-69.77,-15.5],[-69.47,-16.25],[-67.75,-16.66],[-67.25,-17.34],[-67.12,-17.0],[-68.79,-14.75],[-68.81,-14.25],[-68.5,-14.0],[-69.0,-14.01],[-69.0,-13.75],[-71.18,-13.0],[-72.25,-11.92],[-72.5,-11.9],[-73.09,-12.5],[-73.01,-12.25],[-73.42,-11.5],[-73.93,-11.25],[-74.5,-9.46],[-74.65,-10.5],[-74.9,-10.75],[-74.05,-11.25],[-73.77,-12.0],[-74.0,-12.44],[-74.19,-12.25],[-74.44,-11.5],[-75.26,-11.0],[-75.05,-10.5],[-75.31,-10.25],[-76.0,-7.62],[-76.75,-7.76],[-77.06,-7.25],[-77.12,-7.0],[-76.56,-6.25],[-76.67,-5.75],[-77.75,-5.03],[-78.32,-5.25],[-78.52,-4.25],[-78.25,-4.35],[-77.97,-4.0],[-77.87,-3.25],[-78.09,-3.0],[-77.68,-2.25],[-77.76,-1.0],[-77.34,-0.75],[-77.0,0.05],[-76.5,0.22],[-75.99,-0.25],[-75.84,0.25],[-76.25,0.31],[-76.26,0.75],[-75.61,1.5],[-75.25,1.43],[-75.0,1.85],[-74.56,2.0],[-74.63,2.25],[-74.25,2.86],[-73.0,1.62],[-71.75,1.86],[-71.5,1.39],[-70.75,2.42],[-70.25,2.69],[-69.5,2.67],[-69.3,3.75],[-68.44,4.0],[-67.75,4.88],[-67.25,4.82],[-67.0,4.42],[-66.59,4.75],[-66.75,5.21],[-67.0,5.39],[-67.33,5.25],[-67.42,5.5],[-67.25,5.75],[-67.54,6.25],[-67.25,6.86],[-66.75,6.89],[-67.01,6.5],[-66.75,6.29],[-65.9,6.25],[-66.75,6.21],[-67.25,5.75],[-67.0,5.59],[-66.0,5.66],[-65.5,6.32],[-65.6,5.5],[-64.75,4.5],[-65.5,4.58],[-65.72,4.25],[-64.75,3.87],[-64.66,4.25],[-64.14,4.5],[-64.12,5.75],[-64.9,6.5],[-64.91,7.0],[-64.54,7.5],[-65.0,7.49],[-65.25,8.21],[-65.0,7.88],[-64.75,8.01],[-65.19,8.25],[-64.5,8.52],[-63.5,8.44],[-62.75,9.57],[-62.5,9.26],[-61.55,9.0],[-60.0,7.46],[-59.5,7.85],[-59.01,7.5],[-58.91,6.75],[-59.25,6.51],[-59.5,6.71],[-59.6,6.5],[-59.27,5.75],[-59.5,5.57],[-60.25,5.85],[-60.5,5.04],[-61.05,5.75],[-60.34,6.0],[-60.75,6.6],[-61.13,6.0],[-62.0,6.07],[-62.25,5.84],[-62.22,6.25],[-62.5,6.2],[-62.84,5.75],[-62.25,5.12],[-61.75,5.26],[-60.75,4.88],[-59.75,4.89],[-59.5,4.63],[-58.85,5.25],[-59.07,5.5],[-59.0,6.25],[-58.25,6.69],[-57.25,5.97],[-55.25,6.09],[-53.0,5.4],[-51.5,4.24],[-50.9,2.25],[-50.15,1.5],[-50.32,0.25],[-49.65,-0.25],[-48.75,-0.43],[-48.5,-0.75],[-48.0,-0.57],[-46.25,-1.3],[-45.4,-1.75],[-44.5,-2.79],[-44.0,-2.49],[-41.75,-2.89],[-41.0,-2.68],[-39.25,-3.8],[-39.0,-4.42],[-38.13,-4.75],[-37.75,-5.28],[-37.0,-5.66],[-36.5,-5.22],[-36.44,-5.5],[-37.07,-6.25],[-36.93,-6.75],[-38.5,-7.98],[-38.75,-7.83],[-39.75,-8.28],[-40.5,-8.03],[-40.75,-8.42],[-42.26,-9.25],[-41.98,-9.5],[-42.22,-9.75],[-41.42,-10.0],[-41.65,-10.5],[-41.57,-11.0],[-42.4,-12.0],[-42.09,-13.25],[-42.57,-13.75],[-42.67,-14.25],[-42.66,-15.25],[-42.44,-15.5],[-42.75,-15.76],[-42.09,-16.0],[-42.22,-16.5],[-41.86,-16.75],[-41.97,-17.0],[-43.25,-18.02],[-43.5,-18.09],[-43.75,-17.78],[-44.0,-19.25],[-44.75,-20.0],[-46.25,-20.38],[-46.25,-19.67],[-46.88,-19.75],[-47.04,-20.0],[-46.54,-20.5],[-47.16,-21.0],[-47.12,-21.5],[-47.5,-21.54],[-48.09,-22.25],[-48.0,-22.98],[-48.92,-22.75],[-49.0,-23.0],[-48.39,-23.5],[-48.5,-23.62],[-49.5,-23.98],[-50.75,-23.67],[-52.25,-24.32],[-52.25,-24.91],[-52.67,-25.0],[-52.75,-25.27],[-52.67,-24.75],[-53.0,-24.37],[-53.25,-25.03],[-53.75,-24.31],[-54.0,-24.5],[-53.81,-25.75],[-54.3,-26.75],[-54.14,-27.0],[-54.75,-27.05],[-55.0,-27.36],[-55.25,-26.7],[-55.88,-26.5],[-56.54,-25.5],[-57.07,-25.25],[-57.0,-24.85],[-56.75,-24.98],[-56.5,-24.75],[-57.11,-24.5],[-56.96,-24.0],[-57.25,-24.21],[-58.25,-24.26],[-58.31,-24.0],[-57.69,-23.75],[-58.75,-23.27],[-59.0,-23.5],[-58.68,-24.0],[-59.0,-24.19],[-59.75,-23.95],[-60.75,-25.24],[-62.5,-26.3],[-63.5,-27.36],[-63.75,-27.43],[-64.75,-26.9],[-64.82,-26.5],[-65.25,-26.35],[-65.5,-25.94],[-65.61,-26.75],[-66.08,-27.25],[-65.62,-28.5],[-65.75,-29.37],[-66.5,-30.0],[-66.75,-29.95],[-67.0,-29.36],[-66.98,-30.0],[-67.25,-29.98],[-67.68,-30.5],[-67.25,-31.03],[-66.75,-30.69],[-66.7,-31.75],[-67.64,-33.5],[-68.0,-33.75],[-68.75,-33.76],[-69.0,-34.04]]}},{"type":"Feature","properties":{"level":1008},"geometry":{"type":"LineString","coordinates":[[-69.75,-23.49],[-69.84,-22.25],[-69.5,-21.64],[-69.25,-23.0],[-69.75,-23.49]]}},{"type":"Feature","properties":{"level":1008},"geometry":{"type":"LineString","coordinates":[[-59.43,-23.0],[-59.1,-23.0],[-59.43,-23.0]]}},{"type":"Feature","properties":{"level":1008},"geometry":{"type":"LineString","coordinates":[[-69.5,-21.45],[-69.75,-19.58],[-69.39,-20.25],[-69.5,-21.45]]}},{"type":"Feature","properties":{"level":1008},"geometry":{"type":"LineString","coordinates":[[-66.57,-19.75],[-66.21,-19.75],[-66.13,-19.5],[-66.5,-18.73],[-66.57,-19.75]]}},{"type":"Feature","properties":{"level":1008},"geometry":{"type":"LineString","coordinates":[[-65.0,-17.75],[-64.25,-17.92],[-64.16,-17.75],[-65.65,-17.0],[-66.5,-16.14],[-67.27,-15.75],[-67.37,-16.0],[-66.56,-17.25],[-65.0,-17.75]]}},{"type":"Feature","properties":{"level":1008},"geometry":{"type":"LineString","coordinates":[[22.0,-17.66],[22.06,-17.25],[22.53,-16.75],[22.5,-16.11],[22.75,-16.46],[23.3,-16.0],[22.77,-15.25],[22.99,-14.75],[22.59,-14.25],[23.0,-14.12],[23.28,-15.0],[23.5,-15.16],[23.77,-15.0],[23.75,-15.31],[23.26,-15.5],[23.68,-15.75],[23.64,-16.0],[22.74,-17.25],[22.0,-17.66]]}},{"type":"Feature","properties":{"level":1008},"geometry":{"type":"LineString","coordinates":[[-43.48,-17.0],[-43.25,-17.2],[-42.5,-17.13],[-42.35,-16.5],[-43.0,-16.2],[-43.48,-17.0]]}},{"type":"Feature","properties":{"level":1008},"geometry":{"type":"LineString","coordinates":[[-73.5,-14.29],[-73.1,-13.75],[-73.49,-13.5],[-73.25,-13.25],[-72.76,-13.5],[-73.25,-14.42],[-73.5,-14.29]]}},{"type":"Feature","properties":{"level":1008},"geometry":{"type":"LineString","coordinates":[[-42.53,-10.5],[-42.28,-10.0],[-42.5,-9.74],[-42.79,-10.0],[-42.53,-10.5]]}},{"type":"Feature","properties":{"level":1008},"geometry":{"type":"LineString","coordinates":[[-170.25,-9.57],[-170.44,-9.5],[-170.0,-9.5],[-170.25,-9.57]]}},{"type":"Feature","properties":{"level":1008},"geometry":{"type":"LineString","coordinates":[[26.0,-9.39],[25.85,-9.0],[26.05,-8.25],[26.79,-7.75],[26.75,-7.1],[26.45,-6.75],[27.83,-6.0],[27.74,-6.5],[28.46,-7.75],[28.25,-7.98],[27.5,-7.62],[26.0,-9.39]]}},{"type":"Feature","properties":{"level":1008},"geometry":{"type":"LineString","coordinates":[[-39.25,-8.9],[-39.25,-8.42],[-38.75,-8.68],[-38.5,-8.03],[-37.44,-8.25],[-37.5,-8.47],[-38.0,-8.28],[-38.39,-8.75],[-39.25,-8.9]]}},{"type":"Feature","properties":{"level":1008},"geometry":{"type":"LineString","coordinates":[[175.25,-8.27],[174.89,-8.0],[175.25,-7.84],[175.45,-8.0],[175.25,-8.27]]}},{"type":"Feature","properties":{"level":1008},"geometry":{"type":"LineString","coordinates":[[-40.54,-7.5],[-40.0,-7.7],[-39.25,-7.67],[-39.21,-7.5],[-39.5,-7.31],[-40.54,-7.5]]}},{"type":"Feature","properties":{"level":1008},"geometry":{"type":"LineString","coordinates":[[30.25,-7.09],[29.48,-6.5],[29.5,-5.65],[29.75,-5.75],[29.57,-6.25],[30.26,-6.75],[30.25,-7.09]]}},{"type":"Feature","properties":{"level":1008},"geometry":{"type":"LineString","coordinates":[[-38.69,-6.5],[-38.0,-6.67],[-37.56,-6.25],[-38.0,-5.91],[-38.25,-6.14],[-38.5,-6.02],[-38.69,-6.5]]}},{"type":"Feature","properties":{"level":1008},"geometry":{"type":"LineString","coordinates":[[-79.0,-6.18],[-79.0,-4.87],[-78.38,-5.75],[-79.0,-6.18]]}},{"type":"Feature","properties":{"level":1008},"geometry":{"type":"LineString","coordinates":[[-40.05,-5.75],[-39.61,-5.5],[-39.84,-5.0],[-39.5,-4.46],[-40.14,-4.75],[-40.05,-5.75]]}},{"type":"Feature","properties":{"level":1008},"geometry":{"type":"LineString","coordinates":[[-74.02,0.25],[-73.5,0.04],[-73.35,0.25],[-73.5,0.99],[-74.02,0.25]]}},{"type":"Feature","properties":{"level":1008},"geometry":{"type":"LineString","coordinates":[[-70.25,3.16],[-70.25,3.35],[-70.09,3.25],[-70.25,3.16]]}},{"type":"Feature","properties":{"level":1008},"geometry":{"type":"LineString","coordinates":[[-64.75,4.99],[-64.75,5.57],[-64.75,4.99]]}},{"type":"Feature","properties":{"level":1008},"geometry":{"type":"LineString","coordinates":[[163.75,7.47],[163.06,8.25],[163.1,9.5],[164.0,10.07],[165.0,10.29],[165.5,10.13],[166.04,9.0],[165.54,7.75],[164.5,7.38],[163.75,7.47]]}},{"type":"Feature","properties":{"level":1008},"geometry":{"type":"LineString","coordinates":[[-72.5,8.19],[-73.01,9.0],[-72.39,10.25],[-72.5,11.04],[-72.75,10.92],[-74.0,11.49],[-74.25,10.44],[-74.75,9.94],[-75.0,10.13],[-75.46,10.0],[-75.57,10.25],[-75.0,10.48],[-75.0,10.84],[-75.25,10.54],[-75.5,10.64],[-77.38,9.75],[-77.12,9.5],[-77.25,9.33],[-77.59,9.5],[-77.94,10.5],[-77.58,11.25],[-76.25,11.98],[-75.75,11.95],[-75.5,11.57],[-74.0,11.57],[-73.72,12.5],[-72.5,12.98],[-71.7,12.5],[-71.58,11.75],[-71.25,11.51],[-71.0,11.64],[-70.5,11.41],[-70.25,11.87],[-69.89,11.5],[-69.96,11.25],[-70.75,10.78],[-71.0,10.26],[-71.5,10.61],[-71.75,10.41],[-71.8,8.75],[-72.5,8.19]]}},{"type":"Feature","properties":{"level":1008},"geometry":{"type":"LineString","coordinates":[[-62.16,8.25],[-61.38,8.25],[-61.5,8.45],[-62.16,8.25]]}},{"type":"Feature","properties":{"level":1008},"geometry":{"type":"LineString","coordinates":[[14.0,8.23],[11.75,9.23],[10.67,8.75],[10.59,9.0],[11.83,9.75],[11.25,10.05],[11.15,10.75],[10.67,11.0],[11.16,11.5],[10.0,12.19],[9.5,12.21],[9.0,12.75],[9.09,13.75],[9.5,14.09],[11.5,14.32],[12.47,13.75],[12.75,12.91],[13.5,12.56],[14.36,14.0],[14.75,14.29],[19.5,14.91],[20.75,14.85],[20.79,13.75],[21.21,13.0],[20.96,12.25],[21.3,11.75],[21.25,11.39],[21.0,11.26],[20.5,11.55],[19.75,10.64],[19.25,10.42],[19.0,10.93],[18.73,10.75],[18.75,9.92],[18.5,10.13],[17.5,9.76],[17.0,9.94],[16.75,9.4],[16.25,9.37],[15.75,8.9],[15.25,8.97],[14.58,8.25],[14.0,8.23]]}},{"type":"Feature","properties":{"level":1008},"geometry":{"type":"LineString","coordinates":[[-76.5,8.87],[-76.5,9.08],[-76.5,8.87]]}},{"type":"Feature","properties":{"level":1008},"geometry":{"type":"LineString","coordinates":[[-65.25,8.94],[-65.5,9.25],[-65.34,9.75],[-64.5,9.95],[-64.38,9.25],[-65.25,8.94]]}},{"type":"Feature","properties":{"level":1008},"geometry":{"type":"LineString","coordinates":[[12.86,10.0],[13.5,9.84],[13.98,10.75],[13.75,10.97],[12.77,10.25],[12.86,10.0]]}},{"type":"Feature","properties":{"level":1008},"geometry":{"type":"LineString","coordinates":[[10.75,10.07],[10.54,10.25],[10.75,10.57],[10.75,10.07]]}},{"type":"Feature","properties":{"level":1008},"geometry":{"type":"LineString","coordinates":[[25.0,10.48],[24.51,11.25],[24.73,11.5],[25.25,11.86],[25.97,11.5],[25.75,11.2],[25.25,11.23],[25.0,10.48]]}},{"type":"Feature","properties":{"level":1008},"geometry":{"type":"LineString","coordinates":[[-73.0,10.72],[-73.0,10.98],[-73.0,10.72]]}},{"type":"Feature","properties":{"level":1008},"geometry":{"type":"LineString","coordinates":[[22.0,10.7],[21.5,12.12],[21.75,12.16],[22.5,11.4],[22.95,11.25],[22.0,10.7]]}},{"type":"Feature","properties":{"level":1008},"geometry":{"type":"LineString","coordinates":[[1.0,10.99],[0.78,11.5],[1.04,11.75],[1.0,12.1],[0.6,12.0],[0.68,11.5],[-0.5,11.32],[-1.0,11.84],[-2.0,12.12],[-3.75,12.22],[-4.25,12.98],[-5.21,13.25],[-5.41,14.0],[-4.21,14.5],[-4.1,14.25],[-4.61,13.75],[-4.25,13.5],[-4.25,13.18],[-2.09,15.5],[-1.75,15.61],[-1.25,16.39],[-0.75,16.37],[-0.57,17.0],[1.29,18.25],[1.75,18.43],[2.25,18.3],[3.5,19.09],[4.25,19.27],[5.25,19.02],[6.75,19.48],[7.34,19.25],[7.62,17.75],[7.5,16.75],[6.75,16.91],[6.28,16.75],[6.0,16.0],[6.44,15.5],[6.0,14.64],[6.75,14.98],[7.25,14.37],[8.25,14.9],[8.24,14.5],[8.73,14.25],[8.25,14.14],[8.0,13.46],[7.5,13.76],[7.25,13.35],[6.2,13.0],[5.5,12.23],[4.5,12.03],[4.17,11.5],[3.25,11.3],[2.5,11.54],[1.0,10.99]]}},{"type":"Feature","properties":{"level":1008},"geometry":{"type":"LineString","coordinates":[[27.5,11.0],[27.0,11.33],[26.5,11.16],[26.5,11.49],[26.75,11.73],[27.5,11.28],[27.5,11.0]]}},{"type":"Feature","properties":{"level":1008},"geometry":{"type":"LineString","coordinates":[[25.75,11.94],[25.75,12.27],[26.11,12.0],[25.75,11.94]]}},{"type":"Feature","properties":{"level":1008},"geometry":{"type":"LineString","coordinates":[[32.0,11.97],[30.39,12.75],[30.58,13.0],[30.33,13.75],[31.51,15.25],[31.75,16.99],[32.58,17.0],[32.29,17.75],[33.13,18.0],[33.5,19.19],[34.0,19.25],[34.5,20.22],[34.8,20.0],[34.82,19.5],[36.1,16.75],[36.67,16.5],[36.75,16.12],[36.32,15.0],[35.75,14.73],[35.0,14.8],[33.75,13.68],[33.5,13.7],[33.4,14.25],[33.94,14.5],[33.5,14.77],[33.25,14.5],[32.25,14.8],[31.72,14.25],[31.69,13.75],[32.0,13.88],[32.0,13.45],[32.85,13.25],[32.92,13.0],[32.75,12.52],[32.0,11.97]]}},{"type":"Feature","properties":{"level":1008},"geometry":{"type":"LineString","coordinates":[[41.25,12.96],[41.25,13.11],[41.25,12.96]]}},{"type":"Feature","properties":{"level":1008},"geometry":{"type":"LineString","coordinates":[[40.5,13.95],[40.5,14.14],[40.78,14.0],[40.75,13.82],[40.5,13.95]]}},{"type":"Feature","properties":{"level":1008},"geometry":{"type":"LineString","coordinates":[[9.0,14.38],[8.77,14.5],[9.0,14.6],[9.15,14.5],[9.0,14.38]]}},{"type":"Feature","properties":{"level":1008},"geometry":{"type":"LineString","coordinates":[[-26.75,15.18],[-27.25,15.45],[-27.34,15.75],[-27.0,17.26],[-25.0,17.64],[-24.34,17.25],[-24.1,16.5],[-24.77,15.5],[-25.75,15.01],[-26.75,15.18]]}},{"type":"Feature","properties":{"level":1008},"geometry":{"type":"LineString","coordinates":[[34.1,15.25],[34.47,15.25],[34.25,15.45],[34.1,15.25]]}},{"type":"Feature","properties":{"level":1008},"geometry":{"type":"LineString","coordinates":[[34.58,15.25],[34.82,15.25],[34.58,15.25]]}},{"type":"Feature","properties":{"level":1008},"geometry":{"type":"LineString","coordinates":[[5.62,15.5],[5.87,15.5],[5.62,15.5]]}},{"type":"Feature","properties":{"level":1008},"geometry":{"type":"LineString","coordinates":[[37.5,15.6],[37.25,16.32],[37.61,16.0],[37.5,15.6]]}},{"type":"Feature","properties":{"level":1008},"geometry":{"type":"LineString","coordinates":[[140.5,29.97],[140.47,30.25],[140.75,30.45],[141.55,30.5],[141.46,30.0],[140.75,29.8],[140.5,29.97]]}},{"type":"Feature","properties":{"level":1008},"geometry":{"type":"LineString","coordinates":[[147.25,30.18],[145.79,30.75],[145.89,31.25],[145.45,32.75],[145.67,34.0],[146.25,34.48],[148.25,34.82],[150.81,34.5],[151.38,33.75],[151.68,32.75],[151.57,32.0],[151.14,31.25],[150.25,30.47],[149.5,30.19],[148.25,30.03],[147.25,30.18]]}},{"type":"Feature","properties":{"level":1008},"geometry":{"type":"LineString","coordinates":[[-103.0,36.46],[-104.75,37.22],[-105.08,38.25],[-104.92,38.75],[-105.59,39.75],[-105.53,40.5],[-106.21,41.0],[-106.63,41.75],[-105.96,42.25],[-107.0,42.05],[-107.3,41.75],[-106.65,41.5],[-106.75,41.18],[-107.5,41.64],[-109.75,40.91],[-110.52,41.0],[-111.0,41.35],[-111.25,41.23],[-111.26,41.5],[-109.5,42.48],[-109.2,42.25],[-109.13,41.75],[-108.75,41.71],[-108.95,42.0],[-108.7,42.25],[-109.12,43.0],[-108.25,42.74],[-107.43,43.0],[-107.0,43.61],[-106.84,43.25],[-106.5,43.17],[-105.25,43.48],[-104.33,44.0],[-104.25,44.42],[-102.75,44.67],[-101.25,44.42],[-100.97,44.0],[-100.5,43.97],[-99.75,44.92],[-99.19,45.25],[-99.26,45.5],[-99.0,45.72],[-98.0,45.42],[-97.71,45.75],[-98.0,46.01],[-97.0,46.26],[-96.5,47.08],[-94.75,48.14],[-92.75,47.75],[-93.32,47.25],[-93.0,46.48],[-91.25,46.24],[-90.0,46.84],[-87.75,46.67],[-86.75,47.0],[-86.0,46.97],[-85.0,46.65],[-84.7,46.25],[-85.38,45.75],[-84.5,45.65],[-83.81,45.25],[-83.99,44.75],[-86.5,44.2],[-87.58,43.5],[-87.62,43.25],[-89.25,42.8],[-92.25,40.8],[-94.0,40.25],[-95.61,39.0],[-97.5,38.37],[-99.25,37.47],[-99.75,36.96],[-101.5,36.43],[-103.0,36.46]]}},{"type":"Feature","properties":{"level":1008},"geometry":{"type":"LineString","coordinates":[[-113.25,38.65],[-113.74,39.5],[-112.83,40.0],[-112.25,39.25],[-112.5,38.85],[-113.25,38.65]]}},{"type":"Feature","properties":{"level":1008},"geometry":{"type":"LineString","coordinates":[[-109.5,39.75],[-110.0,39.81],[-110.46,40.25],[-109.25,40.26],[-109.5,39.75]]}},{"type":"Feature","properties":{"level":1008},"geometry":{"type":"LineString","coordinates":[[134.0,50.5],[133.0,50.7],[131.0,50.61],[130.5,50.85],[128.5,50.74],[127.0,51.02],[125.1,52.5],[124.59,53.5],[124.57,54.25],[125.34,54.75],[125.43,55.25],[126.0,55.68],[129.0,56.38],[130.75,55.89],[131.5,56.13],[132.79,55.75],[133.56,55.25],[133.75,54.7],[136.53,54.5],[137.06,53.75],[137.59,53.5],[137.14,53.0],[137.06,52.5],[137.6,51.5],[136.84,51.0],[136.0,51.3],[135.0,50.69],[134.0,50.5]]}},{"type":"Feature","properties":{"level":1008},"geometry":{"type":"LineString","coordinates":[[-115.0,51.2],[-115.75,51.6],[-116.25,52.35],[-117.0,52.58],[-117.17,53.0],[-116.25,52.89],[-116.0,52.43],[-114.93,52.0],[-114.66,51.5],[-115.0,51.2]]}},{"type":"Feature","properties":{"level":1008},"geometry":{"type":"LineString","coordinates":[[136.22,54.0],[136.57,54.0],[136.22,54.0]]}},{"type":"Feature","properties":{"level":1008},"geometry":{"type":"LineString","coordinates":[[137.5,53.89],[137.3,54.25],[137.5,54.4],[137.83,54.0],[137.5,53.89]]}},{"type":"Feature","properties":{"level":1008},"geometry":{"type":"LineString","coordinates":[[180.0,54.43],[177.0,54.55],[173.25,55.45],[170.6,56.75],[169.59,57.75],[169.23,58.5],[169.5,59.21],[170.0,59.57],[172.0,60.27],[172.41,60.75],[174.73,62.0],[178.49,63.25],[179.1,64.25],[180.0,64.95]]}},{"type":"Feature","properties":{"level":1008},"geometry":{"type":"LineString","coordinates":[[-132.75,59.7],[-133.4,60.0],[-132.5,60.04],[-132.26,59.75],[-132.75,59.7]]}},{"type":"Feature","properties":{"level":1008},"geometry":{"type":"LineString","coordinates":[[-180.0,64.95],[-178.0,66.28],[-175.61,66.75],[-174.0,68.33],[-171.25,69.67],[-168.0,70.65],[-160.27,72.25],[-156.64,73.25],[-155.81,73.75],[-155.84,74.0],[-157.25,74.35],[-168.75,75.52],[-170.29,75.75],[-171.64,76.25],[-171.91,76.75],[-171.21,77.5],[-171.42,78.0],[-172.75,79.25],[-175.59,81.25],[-176.3,82.5],[-175.75,83.6],[-173.75,84.7],[-171.2,85.5],[-170.9,86.0],[-173.02,86.5],[-180.0,86.91]]}},{"type":"Feature","properties":{"level":1008},"geometry":{"type":"LineString","coordinates":[[-149.87,67.75],[-149.45,67.75],[-149.75,68.11],[-150.62,68.0],[-149.87,67.75]]}},{"type":"Feature","properties":{"level":1008},"geometry":{"type":"LineString","coordinates":[[-139.3,68.0],[-138.98,68.0],[-139.3,68.0]]}},{"type":"Feature","properties":{"level":1008},"geometry":{"type":"LineString","coordinates":[[-140.36,68.25],[-139.6,68.25],[-140.36,68.25]]}},{"type":"Feature","properties":{"level":1008},"geometry":{"type":"LineString","coordinates":[[-27.09,73.25],[-26.55,73.25],[-27.25,73.65],[-27.81,73.5],[-27.09,73.25]]}},{"type":"Feature","properties":{"level":1008},"geometry":{"type":"LineString","coordinates":[[-63.23,80.25],[-59.53,80.5],[-61.0,80.84],[-63.1,80.5],[-63.23,80.25]]}},{"type":"Feature","properties":{"level":1008},"geometry":{"type":"LineString","coordinates":[[63.03,80.75],[63.98,80.75],[63.03,80.75]]}},{"type":"Feature","properties":{"level":1008},"geometry":{"type":"LineString","coordinates":[[-72.64,81.25],[-69.97,81.25],[-68.56,81.5],[-68.44,81.75],[-72.64,81.25]]}},{"type":"Feature","properties":{"level":1008},"geometry":{"type":"LineString","coordinates":[[-37.5,81.74],[-37.81,82.0],[-36.47,81.75],[-37.5,81.74]]}},{"type":"Feature","properties":{"level":1008},"geometry":{"type":"LineString","coordinates":[[-43.57,82.25],[-42.01,82.25],[-43.57,82.25]]}},{"type":"Feature","properties":{"level":1008},"geometry":{"type":"LineString","coordinates":[[-31.0,82.98],[-29.32,83.0],[-31.0,82.98]]}},{"type":"Feature","properties":{"level":1008},"geometry":{"type":"LineString","coordinates":[[180.0,86.91],[171.25,87.12],[156.25,86.99],[146.02,86.5],[141.5,85.9],[140.9,85.5],[141.08,85.25],[150.22,82.5],[149.0,81.96],[146.75,81.55],[129.25,80.12],[124.75,79.55],[123.0,79.09],[120.91,78.25],[118.65,76.5],[114.71,71.5],[112.71,69.75],[111.0,69.21],[109.78,68.0],[107.25,66.91],[105.0,66.4],[101.25,64.85],[99.5,64.36],[96.5,64.0],[93.75,62.87],[92.0,62.54],[88.75,61.08],[86.5,60.55],[83.5,60.63],[83.25,60.75],[83.84,61.75],[83.11,62.0],[82.5,62.59],[76.25,63.58],[73.25,64.31],[69.25,65.6],[66.07,67.0],[65.54,68.25],[63.87,69.25],[62.72,70.5],[61.88,72.25],[61.71,73.0],[62.07,74.25],[62.05,75.25],[60.96,75.5],[64.69,76.5],[64.29,77.5],[64.43,78.75],[64.25,79.22],[63.66,80.0],[62.0,80.46],[62.13,80.75],[61.75,80.87],[59.0,80.61],[58.0,80.95],[57.5,80.7],[56.15,80.75],[57.06,80.5],[53.0,79.96],[45.5,79.09],[42.75,79.01],[38.21,79.25],[37.75,79.5],[37.75,79.79],[36.0,80.5],[33.96,80.75],[31.42,81.5],[27.5,81.9],[3.69,82.75],[-7.25,82.91],[-11.75,82.83],[-18.75,82.15],[-22.5,82.03],[-24.52,82.25],[-23.12,82.5],[-27.75,82.91],[-28.21,83.0],[-28.27,83.25],[-29.75,83.37],[-37.0,83.26],[-37.8,83.0],[-36.05,82.75],[-37.5,82.43],[-41.0,82.56],[-41.98,82.25],[-38.59,82.0],[-42.5,81.82],[-45.5,81.35],[-47.75,81.35],[-49.75,80.97],[-58.34,81.0],[-58.08,80.5],[-58.16,80.0],[-61.64,79.5],[-64.77,78.5],[-65.68,78.0],[-64.89,77.75],[-64.14,77.0],[-55.75,76.11],[-52.0,74.75],[-48.75,74.74],[-44.0,76.01],[-39.75,76.57],[-28.5,76.93],[-26.0,76.78],[-25.83,76.5],[-26.2,76.25],[-26.0,76.15],[-22.08,75.5],[-22.25,75.2],[-21.42,74.75],[-22.0,74.35],[-24.25,74.22],[-24.44,74.25],[-24.23,74.75],[-24.5,75.01],[-25.0,74.1],[-27.17,74.0],[-26.0,73.85],[-25.55,73.5],[-26.44,73.25],[-25.76,73.0],[-26.56,72.75],[-26.25,72.7],[-25.79,72.75],[-25.75,72.96],[-25.25,72.78],[-24.75,73.09],[-24.5,72.95],[-24.25,73.36],[-23.5,73.16],[-23.33,73.25],[-23.5,73.64],[-23.25,73.79],[-20.75,73.91],[-20.29,74.25],[-15.63,75.25],[-12.25,75.63],[-9.87,75.5],[-9.47,74.5],[-8.7,73.75],[-5.87,72.0],[-2.25,70.22],[-0.91,69.0],[-0.69,66.75],[0.22,63.0],[-0.33,60.0],[-1.29,57.5],[-2.25,56.39],[-4.54,55.0],[-4.4,54.5],[-6.0,53.12],[-6.61,53.0],[-8.5,51.9],[-10.5,50.28],[-13.5,48.32],[-14.75,48.57],[-18.75,48.02],[-23.0,48.2],[-36.5,47.53],[-43.25,45.69],[-51.5,44.43],[-54.59,43.5],[-54.89,43.0],[-56.09,42.25],[-57.56,40.75],[-58.25,39.54],[-58.75,39.16],[-60.25,38.56],[-63.25,38.08],[-67.75,36.18],[-68.0,36.35],[-72.0,36.19],[-73.76,37.0],[-74.02,37.75],[-73.72,38.75],[-72.42,40.75],[-72.49,41.0],[-73.12,41.25],[-72.75,42.66],[-70.35,45.25],[-68.97,46.0],[-66.75,46.79],[-65.0,46.48],[-63.25,47.57],[-61.36,49.5],[-60.71,50.5],[-60.31,52.5],[-59.66,53.5],[-60.28,54.0],[-60.55,54.75],[-62.5,57.34],[-63.52,58.25],[-63.64,59.25],[-64.93,60.25],[-69.75,62.39],[-71.75,63.05],[-74.5,63.53],[-83.5,64.29],[-84.75,64.86],[-87.75,64.49],[-90.25,64.62],[-97.0,62.97],[-100.0,62.47],[-104.72,60.5],[-108.88,59.5],[-109.45,59.0],[-111.25,58.32],[-111.75,57.9],[-113.0,57.69],[-114.5,57.03],[-115.0,57.17],[-118.0,56.32],[-118.75,56.53],[-120.5,56.41],[-120.93,56.25],[-120.72,56.0],[-121.25,55.85],[-122.65,56.5],[-124.41,58.0],[-125.5,58.6],[-126.75,59.0],[-128.72,59.0],[-130.25,59.63],[-131.25,59.72],[-131.17,60.25],[-132.0,60.66],[-133.51,60.5],[-134.25,59.71],[-135.75,60.62],[-137.5,60.58],[-138.25,60.89],[-138.5,60.71],[-139.0,61.05],[-143.0,62.06],[-143.77,61.75],[-143.55,61.5],[-143.64,61.25],[-144.41,61.0],[-144.24,60.5],[-142.77,59.75],[-142.75,59.48],[-147.5,57.31],[-152.84,55.75],[-155.25,54.24],[-158.5,53.1],[-162.25,52.5],[-165.5,52.26],[-174.5,54.0],[-180.0,54.43]]}},{"type":"Feature","properties":{"level":1012},"geometry":{"type":"LineString","coordinates":[[180.0,-87.75],[162.75,-86.82],[155.62,-86.0],[148.05,-84.5],[147.89,-84.25],[148.38,-84.0],[146.31,-83.5],[147.25,-83.12],[149.5,-82.96],[149.65,-82.75],[145.25,-82.13],[144.75,-82.0],[144.84,-81.75],[146.66,-81.5],[146.39,-81.25],[148.75,-80.32],[152.86,-79.5],[152.02,-79.25],[151.88,-79.0],[152.75,-78.34],[157.2,-78.25],[157.25,-77.73],[158.21,-77.25],[155.72,-76.75],[156.33,-76.0],[154.75,-76.23],[154.04,-75.75],[154.5,-75.27],[155.75,-74.7],[157.5,-74.33],[157.62,-74.0],[158.13,-73.75],[157.25,-73.15],[153.01,-73.0],[148.41,-71.5],[142.0,-70.54],[138.75,-71.07],[135.0,-71.25],[131.25,-71.83],[123.75,-72.52],[110.0,-71.85],[105.25,-71.24],[95.5,-71.2],[91.75,-71.7],[88.5,-71.62],[86.75,-71.9],[84.5,-71.9],[79.47,-73.5],[77.97,-74.5],[76.73,-76.25],[77.5,-76.87],[78.51,-77.0],[75.07,-77.75],[74.11,-78.25],[74.75,-78.38],[76.0,-78.1],[76.9,-78.25],[76.54,-78.5],[74.5,-78.6],[72.82,-79.0],[67.51,-79.25],[66.25,-79.58],[61.68,-79.75],[63.75,-80.07],[69.51,-80.25],[70.55,-80.5],[69.61,-81.0],[67.45,-81.5],[69.0,-81.89],[75.0,-81.99],[78.5,-82.44],[85.5,-82.63],[91.3,-83.5],[80.75,-84.26],[75.25,-84.45],[60.5,-84.39],[45.41,-83.75],[44.66,-83.5],[48.52,-83.0],[50.63,-81.75],[42.75,-80.35],[41.18,-79.5],[41.0,-78.75],[40.71,-78.5],[41.44,-77.75],[41.03,-77.5],[39.0,-77.01],[36.0,-76.76],[34.38,-77.0],[35.44,-77.25],[34.5,-77.31],[33.25,-76.4],[29.75,-75.51],[28.24,-74.5],[26.74,-74.0],[26.92,-73.5],[26.0,-73.19],[19.25,-74.59],[11.5,-74.13],[9.1,-74.25],[8.75,-74.75],[8.25,-74.92],[5.0,-74.62],[1.25,-74.93],[1.03,-75.0],[2.25,-75.1],[2.56,-75.75],[3.75,-76.5],[5.2,-77.0],[8.25,-79.29],[13.98,-81.0],[16.41,-81.25],[16.32,-81.5],[9.5,-83.26],[-3.41,-84.0],[-10.42,-84.75],[-11.94,-85.0],[-12.75,-85.5],[-12.69,-85.75],[-13.47,-86.0],[-17.25,-86.46],[-29.75,-86.69],[-56.5,-86.48],[-72.0,-87.14],[-85.0,-87.21],[-90.5,-86.95],[-91.83,-86.5],[-91.29,-86.25],[-89.06,-86.0],[-94.75,-85.54],[-97.57,-85.0],[-95.23,-84.75],[-96.5,-84.66],[-100.75,-85.22],[-106.72,-85.25],[-100.75,-85.29],[-98.87,-85.75],[-101.0,-86.24],[-123.75,-87.0],[-128.25,-87.5],[-152.0,-87.5],[-168.75,-87.94],[-180.0,-87.75]]}},{"type":"Feature","properties":{"level":1012},"geometry":{"type":"LineString","coordinates":[[-136.7,-86.5],[-132.75,-86.68],[-126.17,-86.25],[-136.7,-86.5]]}},{"type":"Feature","properties":{"level":1012},"geometry":{"type":"LineString","coordinates":[[-163.21,-86.25],[-161.34,-86.25],[-163.21,-86.25]]}},{"type":"Feature","properties":{"level":1012},"geometry":{"type":"LineString","coordinates":[[39.25,-83.51],[37.24,-83.25],[39.0,-83.14],[41.78,-83.5],[39.25,-83.51]]}},{"type":"Feature","properties":{"level":1012},"geometry":{"type":"LineString","coordinates":[[69.12,-78.5],[69.75,-78.68],[71.19,-78.5],[69.12,-78.5]]}},{"type":"Feature","properties":{"level":1012},"geometry":{"type":"LineString","coordinates":[[-2.26,-74.5],[-0.91,-74.5],[-1.48,-74.25],[-2.52,-74.25],[-2.26,-74.5]]}},{"type":"Feature","properties":{"level":1012},"geometry":{"type":"LineString","coordinates":[[-63.25,-64.59],[-63.25,-64.39],[-63.25,-64.59]]}},{"type":"Feature","properties":{"level":1012},"geometry":{"type":"LineString","coordinates":[[-71.68,-54.25],[-71.25,-54.48],[-70.75,-54.26],[-70.74,-53.75],[-71.0,-53.58],[-71.95,-53.75],[-71.68,-54.25]]}},{"type":"Feature","properties":{"level":1012},"geometry":{"type":"LineString","coordinates":[[-180.0,-49.84],[-177.5,-50.98],[-175.75,-51.48],[-168.5,-52.88],[-162.5,-53.4],[-160.0,-53.4],[-153.5,-52.62],[-149.5,-50.96],[-146.85,-49.25],[-141.87,-45.0],[-139.5,-43.64],[-136.32,-42.25],[-125.25,-38.81],[-119.0,-35.94],[-114.5,-35.15],[-111.0,-34.22],[-110.75,-34.49],[-109.75,-34.3],[-108.5,-34.47],[-107.0,-34.35],[-104.75,-35.37],[-98.0,-39.6],[-90.5,-45.78],[-84.0,-50.05],[-82.25,-50.71],[-80.75,-50.89],[-76.5,-50.5],[-73.75,-51.72],[-73.68,-51.5],[-74.11,-51.25],[-73.96,-51.0],[-73.25,-50.9],[-72.75,-48.75],[-72.17,-48.25],[-72.11,-44.25],[-71.62,-43.75],[-71.87,-43.25],[-71.79,-42.5],[-72.46,-41.25],[-72.26,-40.75],[-73.0,-39.78],[-73.25,-39.75],[-73.32,-38.5],[-72.0,-38.83],[-71.37,-38.0],[-71.46,-37.0],[-70.25,-35.43],[-70.33,-34.75],[-69.96,-34.0],[-69.95,-33.5],[-70.29,-33.0],[-70.26,-32.25],[-69.93,-31.75],[-70.18,-30.75],[-69.7,-30.5],[-69.35,-28.75],[-68.39,-27.75],[-68.13,-26.75],[-68.27,-26.25],[-68.75,-26.09],[-69.0,-26.55],[-69.25,-26.28],[-69.59,-26.5],[-69.39,-27.0],[-69.79,-27.5],[-69.7,-28.0],[-70.31,-28.5],[-70.1,-29.0],[-70.5,-29.19],[-70.59,-29.5],[-70.24,-30.0],[-70.78,-30.5],[-70.68,-31.0],[-70.97,-31.25],[-70.97,-31.75],[-70.53,-32.0],[-70.95,-32.0],[-71.28,-31.25],[-71.32,-30.5],[-71.06,-30.0],[-71.21,-28.75],[-70.51,-26.5],[-70.56,-25.75],[-70.35,-25.25],[-70.56,-23.25],[-70.19,-22.0],[-70.75,-21.55],[-71.0,-21.88],[-71.77,-21.0],[-70.25,-21.44],[-70.25,-19.74],[-75.97,-16.5],[-79.75,-13.06],[-81.98,-10.0],[-83.57,-6.5],[-85.15,-4.75],[-85.63,-3.5],[-87.46,-2.25],[-88.75,-0.85],[-89.5,-0.83],[-89.75,-0.52],[-91.05,-0.75],[-91.25,0.11],[-91.3,-0.25],[-91.75,-0.26],[-94.54,1.75],[-94.87,2.5],[-94.53,3.5],[-96.34,4.75],[-96.25,5.05],[-97.0,4.88],[-97.41,6.5],[-97.24,7.25],[-97.73,8.0],[-98.0,9.06],[-98.75,9.58],[-99.0,9.24],[-99.25,9.4],[-99.94,10.5],[-99.75,11.08],[-99.47,10.75],[-99.29,12.5],[-99.54,13.75],[-99.31,14.75],[-100.11,16.0],[-100.95,16.75],[-100.94,17.0],[-98.09,16.75],[-97.25,15.87],[-96.75,15.77],[-96.0,15.86],[-95.46,16.25],[-95.5,16.52],[-94.5,16.61],[-91.75,14.57],[-90.0,14.05],[-89.75,13.74],[-89.5,14.36],[-88.0,13.85],[-87.5,13.91],[-86.33,13.0],[-85.75,12.86],[-85.19,13.75],[-85.5,13.77],[-85.52,14.25],[-86.05,14.5],[-86.01,14.75],[-84.75,15.4],[-84.29,17.0],[-83.25,17.61],[-82.25,18.7],[-81.75,18.55],[-79.0,19.37],[-76.75,19.01],[-75.76,19.25],[-75.48,20.0],[-76.75,20.24],[-77.25,20.1],[-77.75,20.75],[-77.25,21.06],[-76.0,21.13],[-74.98,20.75],[-75.12,20.25],[-74.57,19.75],[-75.44,18.75],[-75.43,18.5],[-74.25,18.26],[-73.5,17.78],[-72.75,17.84],[-68.29,15.5],[-67.75,15.41],[-66.75,15.72],[-66.5,16.4],[-65.5,16.83],[-64.5,16.67],[-64.0,16.96],[-63.25,16.59],[-62.0,17.16],[-61.25,16.43],[-61.0,17.03],[-60.0,17.14],[-58.25,16.74],[-57.75,17.25],[-56.75,16.97],[-56.25,17.72],[-55.5,17.89],[-55.25,18.18],[-54.0,17.86],[-51.0,18.74],[-48.75,19.03],[-46.0,18.94],[-45.5,18.71],[-44.5,19.15],[-43.75,18.95],[-42.25,19.59],[-39.5,19.03],[-37.25,19.14],[-36.75,18.84],[-36.25,19.0],[-35.5,18.7],[-34.25,18.64],[-33.5,18.74],[-32.75,19.31],[-30.75,19.23],[-29.75,19.57],[-28.5,19.37],[-27.25,19.74],[-25.5,19.38],[-24.5,18.88],[-22.83,17.0],[-22.59,15.25],[-23.09,11.75],[-22.62,11.0],[-22.85,9.75],[-22.5,9.0],[-22.85,8.5],[-22.5,7.8],[-22.25,8.27],[-21.75,8.04],[-21.09,8.75],[-21.34,9.25],[-21.0,10.08],[-19.97,10.5],[-19.5,11.09],[-19.25,11.08],[-18.63,11.75],[-17.05,12.75],[-16.74,14.0],[-15.93,14.75],[-16.46,15.0],[-16.35,15.5],[-15.38,16.5],[-15.15,17.25],[-15.6,18.5],[-15.7,19.25],[-15.5,19.49],[-14.29,19.75],[-13.5,20.58],[-13.25,20.59],[-13.0,20.18],[-12.0,19.92],[-11.5,20.22],[-10.96,20.0],[-11.0,20.3],[-10.5,20.13],[-10.0,20.55],[-9.5,20.32],[-8.75,20.38],[-6.8,21.5],[-6.51,23.75],[-5.25,23.7],[-5.0,24.0],[-5.07,24.25],[-5.5,24.2],[-5.73,24.5],[-5.29,25.0],[-5.88,25.75],[-5.74,26.0],[-5.0,26.32],[-4.0,26.22],[-2.5,26.56],[-1.25,27.4],[-1.0,28.28],[-0.25,28.14],[0.25,27.22],[2.25,26.8],[3.4,27.0],[3.44,26.75],[2.7,25.0],[1.59,23.5],[1.35,22.75],[0.25,22.11],[-0.08,22.25],[-0.83,21.0],[-0.88,20.75],[-0.25,20.08],[0.0,20.42],[0.25,20.14],[1.75,20.47],[2.25,20.25],[4.32,21.75],[3.87,22.25],[4.75,22.01],[7.5,23.32],[8.0,22.72],[8.79,23.25],[8.63,23.5],[9.0,23.83],[9.25,23.75],[9.75,22.78],[10.25,23.08],[11.25,22.67],[12.5,21.17],[13.25,20.99],[13.45,22.0],[14.5,22.11],[15.75,21.35],[16.23,20.25],[16.75,20.28],[17.5,19.46],[17.8,19.5],[18.0,20.32],[18.1,19.75],[19.0,19.13],[21.0,19.13],[22.37,18.75],[23.04,18.0],[21.76,17.5],[23.0,16.09],[26.0,17.42],[28.53,18.0],[29.07,19.25],[30.75,21.28],[31.74,23.0],[31.46,23.25],[32.0,23.34],[32.56,24.0],[32.75,25.12],[33.24,25.5],[33.0,25.84],[32.69,25.75],[32.75,26.27],[33.5,26.01],[33.28,25.5],[35.0,23.9],[35.17,24.0],[33.2,28.5],[33.5,28.58],[34.25,27.98],[34.75,28.64],[36.63,27.0],[37.5,25.76],[37.93,26.0],[38.0,26.64],[38.5,26.08],[39.5,26.0],[38.95,25.25],[39.95,24.5],[39.5,24.19],[38.75,25.15],[38.55,25.0],[38.77,24.25],[39.58,23.25],[39.99,21.0],[41.0,20.18],[41.75,19.15],[41.91,18.25],[43.01,17.25],[43.83,12.75],[43.5,12.54],[42.35,12.5],[42.63,12.25],[42.29,11.75],[42.35,11.0],[41.96,10.75],[42.22,10.0],[40.75,9.47],[40.0,8.73],[39.63,8.75],[40.26,11.25],[39.99,14.25],[39.76,15.0],[38.98,15.75],[38.64,17.0],[38.0,17.79],[37.94,17.25],[38.2,17.0],[37.98,16.0],[38.5,15.25],[37.94,14.5],[37.92,13.75],[37.18,14.0],[36.48,13.25],[35.75,11.38],[35.3,11.25],[35.25,10.94],[34.26,10.75],[33.94,9.5],[34.01,8.75],[33.75,7.87],[33.5,7.75],[34.75,5.32],[35.5,5.38],[35.75,5.63],[36.25,5.51],[36.75,3.7],[37.25,3.87],[37.54,3.25],[38.19,2.75],[37.5,1.97],[37.0,2.87],[36.0,0.28],[35.33,2.5],[35.01,2.75],[35.19,3.75],[35.0,3.87],[34.75,3.66],[34.5,4.18],[33.75,4.55],[32.0,4.62],[31.5,4.35],[30.5,5.13],[30.0,5.14],[29.75,4.83],[29.25,4.9],[29.0,5.11],[29.0,5.55],[28.5,5.69],[28.25,6.31],[26.82,6.25],[27.1,7.5],[27.5,8.03],[26.75,7.94],[26.25,8.5],[25.25,8.3],[24.5,8.83],[24.0,8.65],[23.5,9.27],[21.25,8.48],[20.89,8.0],[20.94,7.25],[20.5,6.34],[20.0,6.65],[19.64,6.5],[19.75,6.03],[20.5,5.58],[21.5,4.43],[22.5,4.25],[24.52,3.0],[24.05,0.5],[23.29,0.25],[22.63,-0.5],[20.91,-1.25],[20.76,-1.5],[21.34,-2.25],[21.1,-2.5],[21.75,-3.16],[22.3,-3.25],[22.0,-3.65],[20.75,-3.07],[20.27,-3.5],[20.5,-3.87],[20.75,-3.52],[20.95,-3.75],[21.25,-4.81],[22.0,-4.94],[22.25,-4.06],[22.47,-4.5],[22.36,-5.0],[22.75,-5.25],[23.25,-5.16],[24.25,-5.78],[24.93,-5.5],[25.5,-4.33],[26.25,-4.05],[26.86,-4.25],[27.0,-3.88],[27.5,-3.8],[28.75,-4.54],[29.17,-3.5],[29.1,-3.0],[29.25,-2.87],[29.6,-3.25],[29.45,-3.75],[29.75,-4.09],[29.84,-3.25],[30.5,-2.6],[30.75,-2.82],[30.92,-2.25],[31.5,-1.96],[31.85,-1.25],[31.7,-0.75],[32.25,-0.2],[33.5,-0.51],[33.93,-1.0],[33.9,-2.0],[34.73,-2.25],[34.44,-2.5],[34.42,-3.0],[34.61,-3.5],[35.0,-3.75],[34.47,-4.25],[34.49,-5.25],[33.7,-6.0],[33.68,-7.0],[33.09,-7.75],[33.32,-8.75],[32.36,-9.25],[32.55,-9.75],[32.22,-10.0],[32.25,-10.58],[32.5,-10.64],[32.6,-10.0],[33.0,-9.86],[33.35,-11.25],[32.5,-13.52],[31.5,-14.15],[30.59,-15.25],[31.75,-15.75],[31.29,-16.25],[30.5,-16.27],[30.25,-15.6],[29.94,-16.0],[29.21,-16.25],[29.08,-17.0],[29.72,-17.75],[29.5,-18.48],[29.0,-18.02],[28.0,-18.16],[28.0,-17.57],[27.25,-18.39],[25.81,-18.75],[26.75,-19.29],[27.75,-18.9],[27.97,-19.0],[27.81,-19.25],[28.02,-19.5],[26.82,-20.25],[26.25,-21.24],[25.0,-21.46],[24.79,-21.75],[25.1,-23.25],[24.14,-24.25],[24.49,-25.75],[23.36,-27.5],[23.26,-28.25],[23.75,-28.42],[24.75,-27.46],[25.22,-28.25],[25.92,-28.75],[25.78,-29.25],[26.02,-29.75],[25.49,-30.25],[26.44,-30.5],[26.45,-30.75],[25.75,-31.2],[24.25,-29.96],[24.0,-30.0],[23.81,-30.75],[23.25,-30.98],[22.75,-30.85],[22.32,-29.5],[22.66,-29.0],[21.75,-27.39],[21.5,-27.55],[21.25,-27.3],[20.75,-25.64],[20.29,-25.5],[20.59,-25.25],[20.39,-25.0],[19.75,-24.96],[19.25,-25.36],[18.5,-25.39],[18.76,-26.0],[18.0,-26.1],[17.42,-25.25],[17.3,-24.5],[17.5,-24.38],[18.25,-24.93],[18.79,-24.25],[18.5,-23.72],[17.75,-23.18],[17.75,-22.83],[18.0,-22.7],[18.5,-22.89],[19.55,-22.5],[20.06,-22.0],[19.75,-21.09],[19.26,-20.75],[19.16,-20.25],[19.33,-20.0],[18.5,-18.99],[16.75,-19.64],[16.75,-20.05],[16.5,-20.26],[15.5,-20.58],[15.72,-20.0],[14.63,-19.25],[14.21,-18.25],[13.57,-18.0],[13.78,-17.75],[12.83,-17.0],[14.38,-15.5],[15.25,-15.0],[15.75,-14.84],[16.25,-15.08],[16.75,-14.73],[17.0,-15.05],[17.5,-14.5],[18.11,-14.75],[17.69,-15.0],[18.0,-15.16],[19.5,-14.41],[20.05,-14.5],[20.07,-14.25],[20.76,-13.75],[20.5,-13.25],[20.79,-12.5],[20.18,-12.5],[20.25,-11.39],[19.5,-11.07],[18.75,-11.07],[18.01,-10.5],[18.0,-9.76],[17.34,-10.0],[17.46,-10.25],[17.25,-10.32],[17.06,-10.25],[17.34,-9.75],[17.0,-9.46],[16.47,-9.5],[16.09,-7.5],[16.5,-6.39],[16.25,-6.62],[15.75,-6.57],[15.51,-6.25],[16.28,-4.5],[16.85,-4.0],[16.5,-3.23],[15.5,-3.3],[14.86,-3.0],[14.89,-2.5],[14.25,-1.75],[14.49,-1.0],[13.79,-0.5],[13.81,0.25],[11.75,0.84],[11.7,1.5],[11.25,2.43],[10.99,2.5],[11.13,3.75],[10.41,3.25],[9.96,2.5],[9.5,1.25],[9.53,0.5],[9.95,0.25],[9.95,0.0],[9.5,-0.0],[9.25,-0.29],[8.75,1.0],[8.0,0.91],[7.0,1.15],[5.0,2.86],[4.5,2.68],[3.75,2.92],[3.5,2.32],[2.75,2.22],[0.94,3.25],[0.0,3.28],[-2.5,4.04],[-3.75,3.66],[-4.25,3.76],[-6.75,3.3],[-9.0,2.66],[-9.3,2.75],[-9.33,3.25],[-9.75,3.74],[-10.25,3.51],[-11.5,3.61],[-12.25,3.24],[-13.2,4.25],[-12.89,4.75],[-13.0,5.18],[-14.15,5.25],[-16.0,6.02],[-16.53,6.0],[-17.0,6.58],[-17.5,5.99],[-18.51,6.75],[-18.5,7.32],[-20.25,7.28],[-20.75,7.96],[-21.75,7.92],[-21.71,7.5],[-20.5,7.1],[-20.62,6.25],[-20.25,5.87],[-20.28,5.5],[-19.88,5.25],[-20.08,4.5],[-19.52,4.25],[-19.7,4.0],[-19.5,3.82],[-19.32,4.0],[-19.45,4.25],[-19.0,4.75],[-18.42,4.75],[-18.53,4.25],[-17.93,3.75],[-18.36,3.0],[-19.0,2.23],[-20.75,2.0],[-20.89,1.75],[-20.38,1.25],[-20.75,0.76],[-21.35,0.75],[-21.67,0.25],[-22.25,-0.04],[-22.75,0.09],[-24.0,-0.3],[-24.75,-1.02],[-25.5,-1.13],[-25.35,-1.5],[-25.5,-1.8],[-26.0,-1.62],[-27.75,-2.41],[-29.0,-2.63],[-30.0,-3.19],[-31.5,-4.65],[-33.25,-4.48],[-33.75,-5.0],[-34.25,-4.97],[-34.5,-5.28],[-35.25,-5.48],[-35.17,-7.25],[-35.26,-7.75],[-35.71,-8.25],[-35.61,-8.75],[-36.59,-10.25],[-37.35,-10.75],[-38.48,-12.75],[-39.0,-12.7],[-39.77,-13.25],[-39.5,-15.75],[-39.29,-16.0],[-39.48,-18.0],[-39.89,-18.5],[-39.69,-21.25],[-39.88,-21.75],[-40.29,-22.0],[-40.42,-23.0],[-40.75,-23.52],[-42.5,-23.88],[-44.0,-23.87],[-44.86,-23.25],[-44.26,-22.75],[-44.62,-22.5],[-43.96,-21.75],[-44.5,-21.42],[-45.75,-21.95],[-46.5,-21.62],[-46.65,-21.75],[-46.35,-22.75],[-46.0,-22.87],[-45.25,-22.64],[-44.89,-23.0],[-45.75,-23.61],[-46.25,-23.51],[-47.85,-24.0],[-48.28,-24.25],[-48.27,-24.75],[-49.25,-25.25],[-49.17,-25.75],[-49.61,-27.0],[-49.24,-28.0],[-50.04,-28.75],[-50.5,-29.62],[-52.25,-29.15],[-53.0,-29.93],[-53.75,-30.02],[-54.5,-30.48],[-55.25,-29.82],[-55.75,-30.06],[-57.0,-29.58],[-58.0,-30.21],[-60.25,-29.88],[-61.0,-30.32],[-61.5,-29.99],[-62.25,-29.93],[-62.75,-30.51],[-63.25,-30.46],[-63.5,-29.98],[-64.0,-29.91],[-64.75,-31.05],[-65.0,-33.81],[-66.25,-34.5],[-66.96,-35.25],[-66.99,-37.5],[-66.64,-38.25],[-67.25,-39.04],[-68.45,-39.25],[-67.8,-40.5],[-68.75,-40.5],[-68.83,-40.75],[-68.76,-42.0],[-67.25,-42.16],[-66.27,-42.75],[-65.69,-44.25],[-65.62,-45.25],[-66.43,-47.0],[-65.92,-47.5],[-64.84,-50.0],[-64.65,-51.0],[-65.07,-52.5],[-66.44,-54.5],[-65.2,-55.0],[-65.09,-55.5],[-65.35,-56.25],[-66.52,-57.5],[-68.82,-58.75],[-70.39,-60.0],[-70.69,-63.0],[-70.03,-64.5],[-68.82,-65.75],[-68.42,-67.0],[-66.5,-67.37],[-66.25,-66.85],[-65.5,-66.57],[-65.25,-66.19],[-64.0,-65.76],[-62.75,-64.78],[-60.66,-64.25],[-60.25,-63.79],[-60.0,-64.01],[-59.5,-63.72],[-57.5,-63.4],[-56.9,-63.75],[-57.6,-64.0],[-56.5,-64.39],[-54.75,-64.05],[-53.77,-63.25],[-52.63,-61.0],[-47.75,-57.49],[-42.31,-52.75],[-38.4,-50.5],[-31.9,-47.25],[-27.97,-44.25],[-27.36,-43.25],[-27.75,-41.57],[-28.38,-41.0],[-29.98,-40.25],[-30.25,-39.87],[-38.25,-36.62],[-42.75,-36.48],[-45.26,-35.5],[-44.94,-34.5],[-45.01,-34.0],[-43.25,-33.0],[-42.0,-32.98],[-40.25,-33.31],[-39.25,-33.03],[-38.5,-33.37],[-37.0,-33.57],[-35.25,-33.09],[-34.93,-32.75],[-31.75,-32.18],[-31.46,-32.0],[-31.41,-31.5],[-30.75,-31.17],[-25.25,-32.0],[-21.5,-32.0],[-18.75,-32.31],[-16.25,-32.93],[-14.18,-34.5],[-14.14,-35.25],[-14.51,-35.5],[-13.92,-36.0],[-14.16,-36.25],[-13.91,-36.5],[-13.9,-37.5],[-13.5,-37.83],[-10.75,-38.04],[-3.75,-37.6],[-3.0,-37.8],[2.75,-37.72],[15.0,-39.35],[18.5,-39.5],[22.5,-37.76],[26.25,-37.86],[26.53,-38.75],[27.0,-38.91],[27.75,-38.64],[30.75,-39.12],[32.75,-38.68],[39.5,-41.51],[43.0,-43.43],[47.13,-44.75],[48.54,-45.5],[48.71,-46.25],[49.25,-46.38],[49.5,-46.79],[50.75,-47.0],[52.5,-46.69],[55.0,-46.61],[55.75,-46.25],[58.43,-45.75],[62.25,-44.42],[64.75,-44.05],[67.75,-44.08],[70.5,-43.78],[73.25,-44.15],[75.5,-44.87],[77.5,-45.01],[82.51,-44.5],[83.25,-43.78],[84.0,-43.45],[85.44,-41.75],[85.16,-38.0],[84.41,-36.25],[84.46,-34.25],[84.75,-33.76],[86.25,-32.57],[87.25,-32.43],[87.71,-32.75],[88.24,-32.75],[88.75,-33.26],[90.0,-33.31],[90.75,-33.67],[92.75,-35.96],[94.95,-39.75],[97.25,-41.91],[100.25,-43.99],[106.0,-47.0],[110.5,-48.49],[115.25,-49.45],[121.0,-49.67],[127.25,-49.2],[128.5,-49.73],[131.5,-50.32],[132.75,-50.26],[134.18,-49.75],[135.37,-48.5],[136.63,-46.25],[137.47,-45.25],[138.72,-44.25],[141.32,-42.75],[145.25,-41.53],[145.96,-41.0],[147.5,-40.54],[152.25,-40.81],[153.25,-40.69],[154.75,-40.06],[157.0,-40.01],[157.75,-39.75],[159.25,-38.65],[159.63,-38.75],[159.75,-39.26],[160.25,-39.3],[160.75,-38.95],[163.25,-40.19],[164.5,-41.71],[166.25,-42.94],[167.25,-45.0],[169.5,-45.02],[170.5,-44.46],[171.0,-43.77],[173.0,-42.82],[174.0,-42.0],[174.39,-42.0],[175.6,-43.5],[176.02,-46.25],[176.82,-47.75],[177.5,-48.54],[180.0,-49.84]]}},{"type":"Feature","properties":{"level":1012},"geometry":{"type":"LineString","coordinates":[[-69.34,-39.5],[-68.75,-39.53],[-68.52,-39.25],[-69.34,-39.5]]}},{"type":"Feature","properties":{"level":1012},"geometry":{"type":"LineString","coordinates":[[-76.5,-34.78],[-77.11,-34.25],[-77.23,-33.75],[-77.0,-33.38],[-75.5,-32.81],[-75.0,-32.85],[-74.51,-33.25],[-74.44,-33.75],[-74.75,-34.41],[-76.5,-34.78]]}},{"type":"Feature","properties":{"level":1012},"geometry":{"type":"LineString","coordinates":[[30.25,-33.35],[29.75,-32.94],[29.25,-33.16],[29.51,-32.75],[29.13,-31.75],[30.25,-31.02],[30.5,-31.59],[31.0,-31.38],[31.19,-31.75],[31.03,-33.25],[30.25,-33.35]]}},{"type":"Feature","properties":{"level":1012},"geometry":{"type":"LineString","coordinates":[[29.0,-32.78],[29.16,-32.75],[29.0,-32.78]]}},{"type":"Feature","properties":{"level":1012},"geometry":{"type":"LineString","coordinates":[[26.5,-32.03],[26.25,-31.65],[27.33,-31.75],[27.25,-32.07],[26.5,-32.03]]}},{"type":"Feature","properties":{"level":1012},"geometry":{"type":"LineString","coordinates":[[-63.75,-31.64],[-63.75,-31.25],[-63.5,-31.08],[-63.14,-31.25],[-63.75,-31.64]]}},{"type":"Feature","properties":{"level":1012},"geometry":{"type":"LineString","coordinates":[[31.25,-31.18],[31.09,-31.0],[31.25,-30.69],[31.25,-31.18]]}},{"type":"Feature","properties":{"level":1012},"geometry":{"type":"LineString","coordinates":[[-59.99,-29.25],[-59.35,-29.25],[-59.75,-28.89],[-60.24,-29.0],[-59.99,-29.25]]}},{"type":"Feature","properties":{"level":1012},"geometry":{"type":"LineString","coordinates":[[20.0,-28.82],[19.5,-28.68],[19.5,-28.41],[20.75,-27.72],[21.16,-28.0],[21.28,-28.75],[20.5,-28.98],[20.0,-28.82]]}},{"type":"Feature","properties":{"level":1012},"geometry":{"type":"LineString","coordinates":[[-47.0,-26.84],[-47.41,-25.5],[-47.25,-25.17],[-46.53,-25.75],[-46.87,-26.25],[-46.75,-26.73],[-47.0,-26.84]]}},{"type":"Feature","properties":{"level":1012},"geometry":{"type":"LineString","coordinates":[[-69.02,-25.5],[-68.75,-24.95],[-68.43,-25.25],[-68.25,-24.31],[-68.0,-24.17],[-68.5,-24.26],[-69.0,-24.9],[-69.25,-24.62],[-69.35,-25.25],[-69.02,-25.5]]}},{"type":"Feature","properties":{"level":1012},"geometry":{"type":"LineString","coordinates":[[-67.82,-23.75],[-67.5,-23.92],[-67.24,-23.5],[-67.25,-22.53],[-68.34,-21.25],[-68.72,-19.0],[-69.07,-18.5],[-69.0,-18.0],[-70.47,-16.5],[-70.74,-16.5],[-70.89,-17.0],[-70.2,-17.5],[-69.31,-19.5],[-69.04,-22.0],[-68.5,-21.88],[-68.25,-22.08],[-67.82,-23.75]]}},{"type":"Feature","properties":{"level":1012},"geometry":{"type":"LineString","coordinates":[[-70.5,-22.57],[-70.75,-22.11],[-70.5,-22.18],[-70.5,-22.57]]}},{"type":"Feature","properties":{"level":1012},"geometry":{"type":"LineString","coordinates":[[132.75,-20.8],[132.73,-20.5],[132.25,-20.32],[131.0,-20.48],[130.25,-20.13],[130.46,-19.0],[130.0,-18.38],[129.25,-17.92],[128.25,-17.98],[128.06,-17.5],[128.38,-17.25],[128.08,-17.0],[128.0,-16.25],[127.67,-16.0],[127.5,-15.4],[128.25,-15.08],[129.0,-15.34],[129.36,-15.75],[130.0,-15.6],[130.18,-16.25],[130.51,-16.25],[130.75,-15.94],[131.25,-16.02],[132.25,-16.83],[132.99,-17.0],[133.25,-17.49],[133.69,-17.5],[133.34,-17.75],[133.59,-18.25],[134.25,-18.55],[134.63,-19.25],[134.54,-19.5],[135.0,-20.0],[133.75,-19.83],[132.76,-20.5],[132.75,-20.8]]}},{"type":"Feature","properties":{"level":1012},"geometry":{"type":"LineString","coordinates":[[130.0,-20.37],[130.11,-20.25],[130.0,-20.37]]}},{"type":"Feature","properties":{"level":1012},"geometry":{"type":"LineString","coordinates":[[139.25,-18.8],[138.5,-18.58],[137.75,-16.78],[136.59,-16.0],[135.68,-15.0],[135.75,-13.5],[136.05,-13.5],[136.5,-14.16],[137.5,-14.54],[139.02,-16.75],[139.91,-18.5],[139.75,-18.81],[139.25,-18.8]]}},{"type":"Feature","properties":{"level":1012},"geometry":{"type":"LineString","coordinates":[[26.46,-17.75],[26.83,-17.75],[28.5,-15.92],[30.0,-15.4],[30.06,-15.0],[28.5,-15.2],[27.39,-16.25],[26.5,-16.5],[25.93,-17.5],[26.46,-17.75]]}},{"type":"Feature","properties":{"level":1012},"geometry":{"type":"LineString","coordinates":[[-71.4,-16.5],[-71.25,-16.67],[-70.75,-16.5],[-71.5,-15.95],[-72.0,-15.83],[-72.22,-16.0],[-71.4,-16.5]]}},{"type":"Feature","properties":{"level":1012},"geometry":{"type":"LineString","coordinates":[[-73.65,-16.25],[-73.38,-16.25],[-73.65,-16.25]]}},{"type":"Feature","properties":{"level":1012},"geometry":{"type":"LineString","coordinates":[[-69.03,-15.0],[-68.79,-15.0],[-69.56,-14.0],[-71.5,-13.09],[-72.0,-12.29],[-72.28,-12.25],[-72.5,-13.18],[-72.75,-12.92],[-73.26,-13.0],[-72.75,-13.33],[-72.0,-13.22],[-71.0,-13.9],[-70.0,-14.12],[-69.03,-15.0]]}},{"type":"Feature","properties":{"level":1012},"geometry":{"type":"LineString","coordinates":[[29.14,-14.5],[29.75,-14.59],[30.1,-13.75],[30.5,-13.43],[31.0,-13.39],[31.75,-11.77],[32.32,-11.25],[32.2,-10.75],[31.5,-10.84],[30.9,-12.25],[30.25,-12.91],[29.75,-12.9],[29.1,-13.5],[29.32,-13.75],[29.14,-14.5]]}},{"type":"Feature","properties":{"level":1012},"geometry":{"type":"LineString","coordinates":[[-75.29,-13.75],[-75.05,-13.25],[-75.96,-12.5],[-75.97,-12.0],[-76.84,-10.5],[-77.21,-10.25],[-77.14,-9.75],[-77.51,-9.5],[-77.14,-9.25],[-77.46,-9.0],[-77.66,-8.25],[-78.75,-7.7],[-78.5,-8.45],[-77.97,-8.75],[-78.2,-9.0],[-78.08,-9.5],[-76.1,-13.25],[-75.5,-13.31],[-75.29,-13.75]]}},{"type":"Feature","properties":{"level":1012},"geometry":{"type":"LineString","coordinates":[[134.75,-12.06],[134.41,-11.75],[134.5,-11.56],[135.0,-11.75],[135.05,-12.0],[134.75,-12.06]]}},{"type":"Feature","properties":{"level":1012},"geometry":{"type":"LineString","coordinates":[[180.0,-12.05],[178.0,-12.16],[175.25,-11.82],[173.25,-11.33],[172.25,-10.83],[171.25,-10.64],[170.5,-10.79],[170.0,-10.43],[167.25,-9.94],[164.25,-8.38],[162.8,-8.25],[161.25,-7.74],[160.75,-8.08],[160.0,-7.59],[159.5,-7.8],[158.75,-7.61],[158.25,-7.79],[158.0,-7.26],[155.63,-6.0],[155.0,-5.32],[154.75,-5.31],[154.54,-5.75],[154.81,-6.5],[154.25,-6.39],[153.67,-5.75],[153.89,-5.0],[153.75,-4.79],[152.0,-3.04],[151.75,-3.15],[151.5,-2.86],[151.26,-3.0],[151.35,-3.25],[152.0,-3.72],[152.25,-3.66],[152.5,-4.53],[151.75,-4.04],[151.5,-4.1],[151.3,-4.25],[151.53,-4.75],[150.75,-5.31],[150.25,-5.29],[150.0,-4.92],[149.65,-5.25],[149.97,-4.5],[149.75,-4.33],[147.75,-4.62],[147.63,-4.75],[148.25,-5.1],[148.75,-5.02],[149.11,-5.25],[148.0,-5.44],[147.75,-6.07],[146.75,-5.75],[146.18,-5.25],[146.25,-4.74],[146.78,-4.5],[146.28,-4.25],[146.0,-4.24],[145.75,-4.64],[144.75,-4.32],[144.48,-4.75],[144.39,-4.25],[144.79,-4.0],[144.0,-3.86],[143.5,-3.31],[140.5,-2.46],[139.5,-2.72],[139.25,-2.35],[138.75,-2.23],[137.0,-2.4],[135.25,-3.63],[134.52,-3.0],[134.5,-2.7],[133.75,-3.5],[134.25,-3.82],[135.0,-3.78],[135.5,-4.45],[137.1,-4.5],[138.75,-5.57],[139.5,-5.7],[139.75,-5.34],[140.25,-5.34],[141.82,-5.75],[142.0,-6.08],[142.51,-6.25],[142.82,-7.0],[141.75,-7.32],[141.43,-6.75],[141.82,-6.25],[141.5,-6.18],[141.0,-6.68],[139.82,-7.0],[139.85,-7.25],[139.44,-7.5],[140.44,-8.0],[140.5,-8.75],[140.31,-9.0],[139.25,-9.34],[138.96,-9.0],[138.0,-9.15],[136.75,-8.81],[135.75,-9.6],[134.25,-9.83],[134.01,-10.0],[134.29,-10.5],[134.0,-10.56],[129.75,-7.93],[129.5,-8.18],[128.25,-8.2],[127.81,-8.0],[128.36,-6.5],[127.93,-5.25],[128.67,-5.0],[127.78,-4.0],[128.36,-3.75],[128.07,-3.5],[128.25,-3.39],[130.75,-3.84],[130.5,-3.17],[128.5,-2.83],[127.83,-3.25],[127.96,-3.5],[127.75,-3.93],[127.0,-3.01],[126.0,-3.06],[125.78,-3.25],[126.0,-3.83],[125.22,-3.0],[125.19,-1.75],[124.51,-1.5],[124.0,-0.75],[122.75,-0.55],[121.5,-0.81],[121.0,-1.26],[120.21,-0.75],[120.14,0.0],[120.37,0.25],[123.0,0.36],[124.0,0.03],[124.5,0.31],[125.16,1.25],[125.0,1.52],[124.25,0.92],[123.5,0.85],[121.5,1.06],[121.0,1.39],[120.75,0.95],[120.16,0.75],[119.32,-2.25],[118.82,-3.0],[119.0,-3.48],[119.6,-3.75],[119.5,-5.84],[118.75,-5.54],[118.0,-6.18],[117.25,-6.08],[116.0,-4.96],[114.49,-6.5],[114.37,-7.5],[114.0,-7.55],[113.36,-7.5],[113.75,-6.94],[112.75,-6.9],[111.0,-6.36],[110.5,-6.87],[109.32,-6.75],[109.0,-6.48],[106.75,-6.39],[106.0,-6.06],[105.71,-6.5],[105.25,-6.64],[104.25,-6.34],[103.5,-6.41],[100.75,-5.04],[99.5,-3.76],[98.25,-3.81],[98.0,-3.48],[97.0,-3.72],[96.75,-4.24],[96.25,-4.29],[95.75,-3.89],[95.26,-2.75],[94.75,-2.63],[93.0,-0.94],[92.25,-0.84],[91.49,-0.25],[92.0,0.09],[92.5,-0.4],[93.0,-0.3],[93.13,0.0],[91.97,0.5],[91.25,1.64],[90.58,1.75],[90.66,2.0],[91.29,2.25],[92.08,3.25],[92.31,4.0],[92.0,4.85],[91.25,4.44],[90.75,5.12],[89.75,4.86],[88.75,3.72],[88.75,2.88],[88.17,3.0],[88.75,2.22],[88.97,2.25],[89.0,2.62],[89.64,2.25],[89.65,1.75],[89.5,1.4],[89.12,1.25],[89.0,0.48],[87.98,0.25],[86.5,0.92],[86.45,1.25],[86.0,1.47],[85.25,1.49],[85.44,2.25],[84.5,1.98],[84.25,2.25],[84.5,2.78],[83.75,3.8],[83.5,3.86],[83.0,3.3],[82.5,4.02],[82.16,4.0],[82.09,5.0],[82.31,5.75],[81.79,6.25],[81.94,7.25],[81.63,8.25],[81.75,8.46],[82.0,8.13],[82.44,9.75],[82.75,9.64],[83.04,10.25],[82.39,10.25],[82.68,10.75],[82.44,11.25],[82.75,11.47],[82.75,12.1],[84.52,14.5],[88.0,17.0],[89.0,17.2],[90.0,17.23],[91.0,16.5],[91.42,16.75],[91.5,17.13],[91.75,17.13],[92.5,16.72],[92.75,16.04],[93.5,15.42],[94.29,15.25],[94.49,14.75],[95.0,14.8],[95.16,14.5],[95.5,14.54],[97.0,13.41],[97.5,13.74],[98.25,13.52],[98.51,12.75],[98.07,12.5],[98.72,11.25],[98.27,8.75],[98.5,8.3],[99.25,7.84],[99.75,8.06],[99.91,8.5],[99.75,9.21],[99.25,9.04],[99.15,10.25],[100.25,12.27],[101.0,12.07],[102.0,12.34],[103.25,11.19],[103.75,11.01],[104.0,10.55],[105.0,10.29],[106.03,10.5],[106.25,11.14],[107.0,11.13],[107.25,10.78],[107.75,10.9],[109.27,11.75],[109.75,13.49],[111.0,14.33],[111.5,14.35],[112.5,14.91],[112.75,14.76],[115.0,15.29],[116.25,15.36],[116.75,15.15],[118.25,15.45],[118.89,16.0],[119.21,16.75],[119.0,17.5],[119.25,17.72],[120.0,17.55],[120.17,17.25],[120.1,16.5],[119.7,16.25],[119.78,15.5],[120.87,13.75],[120.48,13.5],[120.56,13.25],[121.25,12.37],[121.48,13.0],[121.2,13.5],[122.03,14.25],[122.25,14.41],[122.75,13.83],[123.14,14.0],[122.38,14.5],[122.5,14.67],[126.25,16.48],[128.25,16.82],[129.0,17.35],[130.0,17.4],[131.0,18.12],[131.81,19.25],[132.33,19.5],[132.47,20.0],[133.48,20.75],[133.75,21.31],[134.04,21.25],[134.12,22.25],[134.6,22.5],[135.25,23.72],[136.15,24.5],[138.0,27.21],[138.53,28.5],[138.41,30.25],[138.7,31.25],[140.5,33.56],[143.75,35.56],[146.25,36.51],[148.0,36.9],[148.75,36.88],[150.25,36.36],[152.0,34.73],[152.98,34.5],[153.42,33.5],[153.28,31.25],[152.75,30.08],[151.21,28.25],[150.26,26.0],[150.12,25.5],[150.36,25.25],[150.08,24.75],[150.46,24.0],[150.39,22.75],[152.0,20.36],[153.25,19.44],[153.75,19.37],[155.0,18.03],[156.25,17.53],[156.25,17.18],[156.75,17.31],[158.25,16.97],[159.75,16.34],[160.25,16.71],[161.25,16.41],[165.25,16.95],[169.25,16.92],[170.25,17.12],[171.5,16.98],[173.25,16.18],[180.0,15.16]]}},{"type":"Feature","properties":{"level":1012},"geometry":{"type":"LineString","coordinates":[[-75.63,-11.5],[-75.26,-11.5],[-75.35,-10.5],[-75.75,-9.55],[-76.37,-9.25],[-76.42,-8.75],[-77.75,-6.55],[-77.9,-7.0],[-77.65,-8.0],[-76.96,-9.0],[-76.89,-9.5],[-76.5,-9.94],[-76.13,-10.0],[-76.1,-10.5],[-76.39,-11.0],[-76.0,-10.84],[-75.63,-11.5]]}},{"type":"Feature","properties":{"level":1012},"geometry":{"type":"LineString","coordinates":[[23.48,-11.0],[23.79,-11.0],[23.61,-10.75],[23.81,-10.25],[23.29,-9.75],[23.86,-9.25],[23.5,-7.34],[23.25,-7.87],[23.16,-7.5],[22.94,-7.5],[22.9,-7.75],[23.47,-8.25],[22.0,-8.95],[21.5,-8.71],[20.5,-9.03],[20.21,-8.25],[19.5,-7.89],[18.62,-6.75],[18.84,-6.0],[17.75,-5.63],[17.0,-5.75],[17.0,-6.37],[18.61,-7.75],[18.69,-8.0],[18.23,-8.5],[18.92,-9.0],[19.0,-9.4],[19.75,-8.94],[21.33,-10.0],[21.5,-10.48],[22.25,-10.45],[22.5,-10.76],[23.0,-10.32],[23.35,-10.5],[23.48,-11.0]]}},{"type":"Feature","properties":{"level":1012},"geometry":{"type":"LineString","coordinates":[[19.44,-10.25],[19.75,-10.37],[20.44,-10.0],[20.02,-9.5],[19.5,-9.52],[19.26,-9.75],[19.44,-10.25]]}},{"type":"Feature","properties":{"level":1012},"geometry":{"type":"LineString","coordinates":[[34.25,-10.44],[33.87,-10.0],[34.0,-9.66],[34.55,-10.25],[34.25,-10.44]]}},{"type":"Feature","properties":{"level":1012},"geometry":{"type":"LineString","coordinates":[[147.25,-10.29],[146.25,-9.53],[146.09,-8.75],[146.5,-8.78],[146.92,-9.5],[147.86,-10.25],[147.25,-10.29]]}},{"type":"Feature","properties":{"level":1012},"geometry":{"type":"LineString","coordinates":[[31.17,-9.25],[32.0,-9.02],[32.07,-8.5],[31.85,-8.0],[31.25,-7.65],[31.04,-7.75],[31.46,-8.75],[31.17,-9.25]]}},{"type":"Feature","properties":{"level":1012},"geometry":{"type":"LineString","coordinates":[[29.45,-8.0],[29.5,-8.23],[30.0,-7.89],[30.0,-7.22],[29.52,-7.5],[29.45,-8.0]]}},{"type":"Feature","properties":{"level":1012},"geometry":{"type":"LineString","coordinates":[[113.0,-7.52],[113.0,-7.19],[113.15,-7.5],[113.0,-7.52]]}},{"type":"Feature","properties":{"level":1012},"geometry":{"type":"LineString","coordinates":[[-79.18,-7.0],[-78.5,-7.24],[-78.16,-7.0],[-78.5,-6.41],[-79.12,-6.75],[-79.18,-7.0]]}},{"type":"Feature","properties":{"level":1012},"geometry":{"type":"LineString","coordinates":[[11.25,-6.78],[10.82,-5.75],[10.65,-4.5],[10.75,-3.99],[11.52,-3.75],[11.31,-3.25],[11.75,-2.63],[12.5,-2.93],[13.72,-2.75],[14.5,-3.45],[14.75,-4.0],[14.27,-4.75],[14.58,-5.0],[14.5,-5.47],[15.28,-5.0],[15.34,-4.75],[14.79,-4.25],[15.0,-4.08],[15.64,-4.25],[15.71,-5.5],[15.25,-5.97],[15.0,-5.77],[14.75,-5.93],[14.5,-5.56],[14.0,-6.45],[13.25,-6.85],[11.25,-6.78]]}},{"type":"Feature","properties":{"level":1012},"geometry":{"type":"LineString","coordinates":[[139.9,-6.0],[140.31,-6.0],[139.6,-5.75],[139.9,-6.0]]}},{"type":"Feature","properties":{"level":1012},"geometry":{"type":"LineString","coordinates":[[104.46,-5.75],[105.0,-5.87],[105.46,-5.5],[104.29,-3.75],[103.5,-3.75],[103.17,-3.5],[102.53,-1.75],[101.59,-1.25],[101.47,-0.75],[100.07,1.25],[100.0,1.9],[100.25,2.25],[100.0,2.72],[99.56,2.75],[99.61,3.25],[98.25,3.73],[97.73,4.75],[97.25,5.12],[96.5,5.25],[95.75,5.71],[95.0,5.38],[94.75,6.95],[94.25,7.01],[93.75,7.42],[93.25,6.51],[93.0,6.65],[92.57,6.0],[92.67,5.75],[93.0,5.85],[93.32,5.5],[93.25,4.68],[93.73,4.0],[93.5,2.88],[93.75,3.1],[94.21,3.0],[94.0,2.66],[93.75,2.87],[93.61,2.75],[93.61,2.25],[93.98,1.75],[94.25,2.28],[94.68,2.0],[95.0,2.09],[96.0,1.44],[96.25,0.95],[96.75,1.28],[97.75,0.53],[98.0,0.63],[98.75,0.19],[99.75,0.0],[101.18,-2.5],[104.46,-5.75]]}},{"type":"Feature","properties":{"level":1012},"geometry":{"type":"LineString","coordinates":[[21.75,-4.41],[21.65,-4.25],[21.93,-4.25],[21.75,-4.41]]}},{"type":"Feature","properties":{"level":1012},"geometry":{"type":"LineString","coordinates":[[141.0,-4.34],[140.8,-4.0],[141.59,-3.75],[141.0,-4.34]]}},{"type":"Feature","properties":{"level":1012},"geometry":{"type":"LineString","coordinates":[[142.25,-4.36],[142.02,-4.25],[142.56,-4.25],[142.25,-4.36]]}},{"type":"Feature","properties":{"level":1012},"geometry":{"type":"LineString","coordinates":[[-79.62,-3.75],[-78.75,-3.5],[-78.17,-2.25],[-78.03,-1.0],[-77.53,-0.5],[-77.56,0.25],[-76.5,1.44],[-76.06,1.5],[-76.18,2.0],[-75.64,2.75],[-75.5,3.75],[-74.96,4.75],[-74.94,6.0],[-74.6,6.75],[-75.75,7.36],[-76.28,7.25],[-76.24,5.5],[-77.1,2.75],[-77.61,2.25],[-77.5,2.07],[-76.75,2.75],[-76.65,3.75],[-76.26,3.75],[-76.25,3.39],[-76.74,2.75],[-77.2,1.5],[-77.75,1.58],[-78.82,0.5],[-78.68,0.25],[-79.14,-0.75],[-79.14,-2.25],[-79.6,-2.75],[-79.78,-3.5],[-79.62,-3.75]]}},{"type":"Feature","properties":{"level":1012},"geometry":{"type":"LineString","coordinates":[[115.34,-3.5],[115.68,-3.5],[115.92,-3.0],[116.0,-2.5],[115.75,-2.34],[115.34,-3.5]]}},{"type":"Feature","properties":{"level":1012},"geometry":{"type":"LineString","coordinates":[[139.5,-3.58],[139.0,-3.3],[137.25,-3.29],[136.84,-3.0],[138.0,-2.57],[139.0,-2.9],[139.49,-2.75],[140.02,-3.5],[139.5,-3.58]]}},{"type":"Feature","properties":{"level":1012},"geometry":{"type":"LineString","coordinates":[[148.98,-3.5],[149.77,-3.5],[149.0,-3.07],[148.7,-3.25],[148.98,-3.5]]}},{"type":"Feature","properties":{"level":1012},"geometry":{"type":"LineString","coordinates":[[19.72,-3.25],[20.25,-3.46],[20.41,-2.75],[20.25,-2.57],[19.8,-2.75],[19.72,-3.25]]}},{"type":"Feature","properties":{"level":1012},"geometry":{"type":"LineString","coordinates":[[120.75,-3.33],[120.75,-3.05],[120.75,-3.33]]}},{"type":"Feature","properties":{"level":1012},"geometry":{"type":"LineString","coordinates":[[132.36,-3.0],[132.68,-3.0],[132.25,-2.67],[132.36,-3.0]]}},{"type":"Feature","properties":{"level":1012},"geometry":{"type":"LineString","coordinates":[[20.66,-2.75],[20.75,-2.97],[20.89,-2.75],[20.66,-2.75]]}},{"type":"Feature","properties":{"level":1012},"geometry":{"type":"LineString","coordinates":[[25.25,-2.69],[25.05,-2.5],[25.5,-2.26],[25.74,-2.5],[25.25,-2.69]]}},{"type":"Feature","properties":{"level":1012},"geometry":{"type":"LineString","coordinates":[[150.03,-2.5],[150.25,-2.68],[150.42,-2.5],[150.03,-2.5]]}},{"type":"Feature","properties":{"level":1012},"geometry":{"type":"LineString","coordinates":[[18.98,-2.25],[19.0,-2.41],[19.0,-2.1],[18.98,-2.25]]}},{"type":"Feature","properties":{"level":1012},"geometry":{"type":"LineString","coordinates":[[19.73,-2.25],[19.98,-2.0],[19.75,-1.39],[19.31,-1.75],[19.73,-2.25]]}},{"type":"Feature","properties":{"level":1012},"geometry":{"type":"LineString","coordinates":[[125.34,-2.0],[126.0,-2.21],[126.1,-1.75],[125.34,-2.0]]}},{"type":"Feature","properties":{"level":1012},"geometry":{"type":"LineString","coordinates":[[13.5,-1.95],[13.31,-1.75],[13.5,-1.37],[13.88,-1.75],[13.5,-1.95]]}},{"type":"Feature","properties":{"level":1012},"geometry":{"type":"LineString","coordinates":[[98.94,-1.75],[99.12,-1.5],[98.75,-1.09],[98.94,-1.75]]}},{"type":"Feature","properties":{"level":1012},"geometry":{"type":"LineString","coordinates":[[111.74,-1.75],[112.31,-1.5],[111.75,-1.39],[111.58,-1.5],[111.74,-1.75]]}},{"type":"Feature","properties":{"level":1012},"geometry":{"type":"LineString","coordinates":[[115.87,-1.75],[116.0,-1.4],[115.87,-1.75]]}},{"type":"Feature","properties":{"level":1012},"geometry":{"type":"LineString","coordinates":[[133.43,-1.75],[134.0,-1.91],[134.22,-1.25],[134.0,-0.97],[133.0,-0.4],[132.13,-0.5],[132.05,-1.25],[133.43,-1.75]]}},{"type":"Feature","properties":{"level":1012},"geometry":{"type":"LineString","coordinates":[[127.38,-1.5],[127.75,-1.74],[127.96,-1.5],[127.75,-1.33],[127.38,-1.5]]}},{"type":"Feature","properties":{"level":1012},"geometry":{"type":"LineString","coordinates":[[13.25,-1.34],[13.25,-1.15],[13.25,-1.34]]}},{"type":"Feature","properties":{"level":1012},"geometry":{"type":"LineString","coordinates":[[102.64,-1.25],[102.87,-1.25],[102.5,-0.85],[102.35,-1.0],[102.64,-1.25]]}},{"type":"Feature","properties":{"level":1012},"geometry":{"type":"LineString","coordinates":[[-162.04,-1.0],[-162.0,-1.22],[-161.75,-1.03],[-161.34,0.25],[-161.57,1.0],[-162.0,1.09],[-161.78,0.5],[-161.96,-0.25],[-161.79,-0.75],[-162.04,-1.0]]}},{"type":"Feature","properties":{"level":1012},"geometry":{"type":"LineString","coordinates":[[-162.52,-0.75],[-162.5,-0.38],[-162.52,-0.75]]}},{"type":"Feature","properties":{"level":1012},"geometry":{"type":"LineString","coordinates":[[111.04,-0.75],[111.25,-0.98],[111.27,-0.5],[111.0,-0.33],[110.81,-0.5],[111.04,-0.75]]}},{"type":"Feature","properties":{"level":1012},"geometry":{"type":"LineString","coordinates":[[111.96,-0.75],[112.5,-0.98],[113.25,-0.83],[113.83,-0.5],[113.5,0.02],[114.25,0.04],[114.5,-0.39],[115.25,0.31],[115.75,0.24],[116.25,0.61],[116.75,1.41],[117.5,1.16],[117.74,1.75],[117.5,1.97],[117.0,1.84],[116.72,2.5],[116.96,3.0],[116.47,3.5],[117.36,4.5],[118.08,4.5],[118.08,5.0],[117.5,5.36],[117.14,6.5],[116.5,6.42],[114.89,4.25],[114.5,3.32],[114.0,3.25],[113.63,2.25],[113.79,1.75],[113.22,1.25],[113.62,0.75],[112.64,0.25],[113.13,-0.5],[111.96,-0.75]]}},{"type":"Feature","properties":{"level":1012},"geometry":{"type":"LineString","coordinates":[[127.35,-0.75],[127.79,-0.75],[127.5,-0.39],[127.35,-0.75]]}},{"type":"Feature","properties":{"level":1012},"geometry":{"type":"LineString","coordinates":[[12.0,-0.66],[11.06,0.0],[11.5,0.6],[11.75,0.1],[12.25,0.0],[12.28,-0.5],[12.0,-0.66]]}},{"type":"Feature","properties":{"level":1012},"geometry":{"type":"LineString","coordinates":[[14.8,-0.5],[15.0,-0.59],[15.01,-0.25],[14.75,-0.25],[14.8,-0.5]]}},{"type":"Feature","properties":{"level":1012},"geometry":{"type":"LineString","coordinates":[[16.14,-0.5],[16.25,-0.61],[16.44,-0.25],[16.0,0.15],[15.44,-0.25],[16.14,-0.5]]}},{"type":"Feature","properties":{"level":1012},"geometry":{"type":"LineString","coordinates":[[93.42,-0.5],[93.5,-0.07],[93.28,-0.25],[93.42,-0.5]]}},{"type":"Feature","properties":{"level":1012},"geometry":{"type":"LineString","coordinates":[[-163.34,-0.25],[-163.25,-0.4],[-162.5,-0.13],[-162.24,0.0],[-162.33,0.25],[-162.92,0.5],[-163.34,-0.25]]}},{"type":"Feature","properties":{"level":1012},"geometry":{"type":"LineString","coordinates":[[114.5,0.19],[114.69,0.25],[114.5,0.19]]}},{"type":"Feature","properties":{"level":1012},"geometry":{"type":"LineString","coordinates":[[-163.28,0.5],[-163.1,0.5],[-163.28,0.5]]}},{"type":"Feature","properties":{"level":1012},"geometry":{"type":"LineString","coordinates":[[127.68,0.5],[127.75,0.33],[128.0,0.5],[128.64,1.25],[128.5,1.5],[127.68,0.5]]}},{"type":"Feature","properties":{"level":1012},"geometry":{"type":"LineString","coordinates":[[-162.5,1.0],[-162.5,1.35],[-162.5,1.0]]}},{"type":"Feature","properties":{"level":1012},"geometry":{"type":"LineString","coordinates":[[127.51,1.25],[127.78,1.25],[127.75,1.81],[127.51,1.25]]}},{"type":"Feature","properties":{"level":1012},"geometry":{"type":"LineString","coordinates":[[90.25,1.5],[89.99,1.75],[90.25,1.9],[90.42,1.75],[90.25,1.5]]}},{"type":"Feature","properties":{"level":1012},"geometry":{"type":"LineString","coordinates":[[98.25,1.49],[98.5,1.73],[98.5,1.49],[98.25,1.49]]}},{"type":"Feature","properties":{"level":1012},"geometry":{"type":"LineString","coordinates":[[87.1,1.75],[87.59,1.75],[87.25,1.91],[87.1,1.75]]}},{"type":"Feature","properties":{"level":1012},"geometry":{"type":"LineString","coordinates":[[-75.6,2.0],[-75.12,2.25],[-74.66,2.75],[-74.63,3.25],[-74.0,3.49],[-73.15,4.75],[-71.87,6.0],[-71.72,7.0],[-70.5,8.54],[-69.25,9.3],[-67.75,9.6],[-66.66,10.5],[-69.24,10.25],[-69.25,10.0],[-70.0,9.82],[-71.0,9.15],[-71.45,8.5],[-72.5,7.72],[-72.75,7.74],[-73.25,8.42],[-73.49,8.25],[-73.26,7.25],[-74.5,5.5],[-74.5,4.25],[-75.6,2.0]]}},{"type":"Feature","properties":{"level":1012},"geometry":{"type":"LineString","coordinates":[[100.42,2.0],[100.5,1.78],[100.42,2.0]]}},{"type":"Feature","properties":{"level":1012},"geometry":{"type":"LineString","coordinates":[[128.43,2.25],[128.5,2.46],[128.43,2.25]]}},{"type":"Feature","properties":{"level":1012},"geometry":{"type":"LineString","coordinates":[[103.08,2.5],[103.25,2.33],[103.41,2.5],[103.25,2.74],[103.08,2.5]]}},{"type":"Feature","properties":{"level":1012},"geometry":{"type":"LineString","coordinates":[[101.93,2.75],[102.25,2.6],[103.0,3.28],[103.35,4.5],[102.5,5.69],[102.0,5.81],[101.5,6.42],[100.75,6.61],[100.51,6.5],[100.39,5.25],[100.75,4.22],[101.32,4.25],[101.32,3.75],[101.93,2.75]]}},{"type":"Feature","properties":{"level":1012},"geometry":{"type":"LineString","coordinates":[[8.33,3.25],[8.5,3.09],[8.77,3.25],[8.75,3.85],[8.33,3.25]]}},{"type":"Feature","properties":{"level":1012},"geometry":{"type":"LineString","coordinates":[[94.5,3.25],[93.81,4.0],[94.0,4.46],[94.25,4.46],[94.33,4.0],[94.99,3.5],[94.5,3.25]]}},{"type":"Feature","properties":{"level":1012},"geometry":{"type":"LineString","coordinates":[[-10.0,4.0],[-9.75,3.76],[-9.22,4.25],[-9.75,4.44],[-10.0,4.0]]}},{"type":"Feature","properties":{"level":1012},"geometry":{"type":"LineString","coordinates":[[8.93,4.0],[9.35,4.0],[9.25,4.49],[8.81,4.25],[8.93,4.0]]}},{"type":"Feature","properties":{"level":1012},"geometry":{"type":"LineString","coordinates":[[89.75,3.85],[89.62,4.0],[90.0,4.71],[90.3,4.25],[89.75,3.85]]}},{"type":"Feature","properties":{"level":1012},"geometry":{"type":"LineString","coordinates":[[-14.5,4.21],[-14.0,4.58],[-13.63,4.5],[-14.5,4.21]]}},{"type":"Feature","properties":{"level":1012},"geometry":{"type":"LineString","coordinates":[[10.21,4.25],[10.75,4.23],[11.05,6.25],[11.25,6.38],[12.5,6.8],[12.57,6.5],[13.16,6.25],[13.25,5.9],[14.41,5.25],[14.91,6.25],[15.5,6.46],[16.24,7.25],[16.0,7.55],[15.0,7.09],[14.0,7.49],[13.0,7.37],[12.75,7.71],[12.5,7.33],[11.75,7.52],[11.5,7.15],[11.0,7.42],[10.75,6.78],[10.0,6.74],[9.38,6.25],[9.78,5.5],[9.5,5.14],[8.77,5.25],[9.0,4.62],[9.25,4.54],[10.67,4.75],[10.21,4.25]]}},{"type":"Feature","properties":{"level":1012},"geometry":{"type":"LineString","coordinates":[[-10.04,4.75],[-9.71,4.75],[-10.04,4.75]]}},{"type":"Feature","properties":{"level":1012},"geometry":{"type":"LineString","coordinates":[[94.25,4.53],[94.25,4.78],[94.25,4.53]]}},{"type":"Feature","properties":{"level":1012},"geometry":{"type":"LineString","coordinates":[[-8.09,5.0],[-7.81,5.25],[-8.41,5.5],[-8.48,5.25],[-8.09,5.0]]}},{"type":"Feature","properties":{"level":1012},"geometry":{"type":"LineString","coordinates":[[-96.76,5.25],[-96.75,5.55],[-96.76,5.25]]}},{"type":"Feature","properties":{"level":1012},"geometry":{"type":"LineString","coordinates":[[125.27,5.75],[125.5,5.66],[125.68,6.0],[125.31,6.75],[125.61,7.0],[125.75,7.73],[125.78,7.25],[126.25,6.75],[126.54,7.25],[126.25,8.03],[125.75,8.08],[125.64,8.5],[126.11,8.75],[126.01,9.25],[125.75,9.63],[125.51,9.5],[125.6,8.75],[124.75,8.99],[124.0,8.24],[123.26,9.0],[123.47,9.25],[123.18,9.75],[123.42,10.5],[123.25,10.93],[122.44,9.75],[122.75,9.13],[121.89,7.0],[122.0,6.83],[122.5,7.56],[123.25,7.37],[123.62,7.5],[124.1,6.25],[124.75,5.83],[125.25,6.01],[125.27,5.75]]}},{"type":"Feature","properties":{"level":1012},"geometry":{"type":"LineString","coordinates":[[121.89,6.5],[122.19,6.5],[122.0,6.66],[121.89,6.5]]}},{"type":"Feature","properties":{"level":1012},"geometry":{"type":"LineString","coordinates":[[100.16,6.75],[100.26,7.0],[99.75,7.84],[99.75,7.25],[100.16,6.75]]}},{"type":"Feature","properties":{"level":1012},"geometry":{"type":"LineString","coordinates":[[4.83,7.5],[5.0,7.36],[5.43,7.75],[4.97,8.0],[4.83,7.5]]}},{"type":"Feature","properties":{"level":1012},"geometry":{"type":"LineString","coordinates":[[125.89,8.25],[126.0,8.08],[125.89,8.25]]}},{"type":"Feature","properties":{"level":1012},"geometry":{"type":"LineString","coordinates":[[-81.77,8.5],[-81.69,8.75],[-82.25,8.85],[-83.25,9.81],[-84.37,10.25],[-83.99,9.5],[-82.75,8.72],[-81.77,8.5]]}},{"type":"Feature","properties":{"level":1012},"geometry":{"type":"LineString","coordinates":[[-9.38,8.75],[-9.25,8.58],[-9.0,8.94],[-8.5,8.9],[-8.58,9.5],[-9.64,9.25],[-9.7,9.0],[-9.38,8.75]]}},{"type":"Feature","properties":{"level":1012},"geometry":{"type":"LineString","coordinates":[[117.55,8.75],[117.75,8.68],[117.94,9.0],[117.75,9.1],[117.55,8.75]]}},{"type":"Feature","properties":{"level":1012},"geometry":{"type":"LineString","coordinates":[[118.13,9.25],[118.57,9.5],[118.5,9.71],[118.13,9.5],[118.13,9.25]]}},{"type":"Feature","properties":{"level":1012},"geometry":{"type":"LineString","coordinates":[[124.68,9.25],[124.75,9.04],[124.68,9.25]]}},{"type":"Feature","properties":{"level":1012},"geometry":{"type":"LineString","coordinates":[[123.34,9.75],[123.5,9.58],[123.65,9.75],[123.5,10.03],[123.34,9.75]]}},{"type":"Feature","properties":{"level":1012},"geometry":{"type":"LineString","coordinates":[[123.89,9.75],[124.25,9.57],[124.52,9.75],[124.25,10.02],[123.89,9.75]]}},{"type":"Feature","properties":{"level":1012},"geometry":{"type":"LineString","coordinates":[[-12.21,10.25],[-11.25,10.28],[-11.26,11.25],[-10.92,11.75],[-11.25,12.05],[-12.0,11.99],[-12.5,12.3],[-13.0,11.25],[-12.21,10.25]]}},{"type":"Feature","properties":{"level":1012},"geometry":{"type":"LineString","coordinates":[[118.92,10.25],[119.0,10.03],[119.13,10.25],[118.92,10.25]]}},{"type":"Feature","properties":{"level":1012},"geometry":{"type":"LineString","coordinates":[[124.96,10.25],[125.18,10.5],[124.75,11.3],[124.6,11.0],[124.91,10.75],[124.76,10.5],[124.96,10.25]]}},{"type":"Feature","properties":{"level":1012},"geometry":{"type":"LineString","coordinates":[[44.5,10.46],[44.42,10.75],[45.0,11.23],[46.75,11.5],[47.27,11.25],[46.7,10.75],[46.0,10.92],[45.5,10.4],[44.5,10.46]]}},{"type":"Feature","properties":{"level":1012},"geometry":{"type":"LineString","coordinates":[[123.69,10.5],[123.75,10.29],[123.93,10.5],[123.69,10.5]]}},{"type":"Feature","properties":{"level":1012},"geometry":{"type":"LineString","coordinates":[[82.25,10.66],[82.25,11.08],[82.25,10.66]]}},{"type":"Feature","properties":{"level":1012},"geometry":{"type":"LineString","coordinates":[[105.25,10.52],[104.95,11.25],[105.13,11.5],[104.5,11.71],[104.41,12.25],[103.0,13.35],[103.0,13.85],[103.5,14.09],[103.9,13.5],[105.0,13.21],[105.25,13.78],[105.48,13.5],[105.1,13.0],[105.19,12.25],[105.75,11.61],[106.5,11.5],[105.75,11.19],[105.25,10.52]]}},{"type":"Feature","properties":{"level":1012},"geometry":{"type":"LineString","coordinates":[[122.06,10.75],[122.25,10.61],[122.54,11.0],[122.25,11.7],[122.06,10.75]]}},{"type":"Feature","properties":{"level":1012},"geometry":{"type":"LineString","coordinates":[[125.07,11.25],[125.47,11.25],[125.25,12.23],[124.5,12.38],[125.02,11.75],[125.07,11.25]]}},{"type":"Feature","properties":{"level":1012},"geometry":{"type":"LineString","coordinates":[[101.25,12.38],[101.12,12.5],[101.25,12.38]]}},{"type":"Feature","properties":{"level":1012},"geometry":{"type":"LineString","coordinates":[[100.75,12.61],[100.51,13.0],[100.75,13.27],[100.75,12.61]]}},{"type":"Feature","properties":{"level":1012},"geometry":{"type":"LineString","coordinates":[[121.92,13.25],[122.08,13.25],[122.0,13.55],[121.92,13.25]]}},{"type":"Feature","properties":{"level":1012},"geometry":{"type":"LineString","coordinates":[[123.43,13.25],[123.78,13.25],[123.75,13.92],[123.28,13.75],[123.43,13.25]]}},{"type":"Feature","properties":{"level":1012},"geometry":{"type":"LineString","coordinates":[[124.06,13.75],[124.25,13.58],[124.44,13.75],[124.25,14.11],[124.06,13.75]]}},{"type":"Feature","properties":{"level":1012},"geometry":{"type":"LineString","coordinates":[[-10.62,14.0],[-10.5,13.85],[-10.37,14.0],[-10.62,14.0]]}},{"type":"Feature","properties":{"level":1012},"geometry":{"type":"LineString","coordinates":[[-180.0,15.16],[-178.5,15.04],[-172.5,15.35],[-169.75,14.52],[-168.25,13.63],[-168.0,13.87],[-167.25,13.53],[-166.5,13.52],[-165.0,12.65],[-163.5,12.49],[-159.25,12.75],[-158.75,12.47],[-156.25,12.53],[-154.3,12.25],[-153.0,11.64],[-151.53,10.25],[-151.38,9.75],[-150.75,9.47],[-149.55,8.0],[-149.57,6.75],[-147.94,4.5],[-148.19,4.0],[-148.36,2.25],[-148.86,1.75],[-148.9,1.25],[-149.5,1.13],[-149.97,0.75],[-150.05,0.25],[-150.5,-0.07],[-151.0,0.05],[-151.16,-0.25],[-151.01,-0.75],[-151.3,-1.25],[-151.04,-1.75],[-151.6,-2.25],[-151.24,-2.75],[-151.67,-3.0],[-151.68,-4.0],[-152.58,-5.5],[-152.5,-6.48],[-152.87,-6.75],[-152.84,-7.25],[-153.35,-8.0],[-153.5,-9.26],[-154.98,-9.5],[-155.25,-9.84],[-156.5,-10.4],[-157.5,-10.39],[-158.5,-10.83],[-159.9,-11.0],[-160.5,-11.38],[-163.25,-11.62],[-166.0,-11.34],[-166.75,-11.47],[-168.5,-10.72],[-168.77,-10.75],[-169.25,-11.36],[-171.25,-10.94],[-174.0,-11.51],[-176.75,-11.35],[-178.0,-11.81],[-180.0,-12.05]]}},{"type":"Feature","properties":{"level":1012},"geometry":{"type":"LineString","coordinates":[[-86.5,15.5],[-86.5,15.93],[-85.5,15.98],[-84.78,15.75],[-85.25,15.4],[-86.5,15.5]]}},{"type":"Feature","properties":{"level":1012},"geometry":{"type":"LineString","coordinates":[[-61.29,15.5],[-61.25,15.34],[-61.29,15.5]]}},{"type":"Feature","properties":{"level":1012},"geometry":{"type":"LineString","coordinates":[[25.43,15.5],[25.75,15.48],[26.5,15.98],[26.87,16.5],[26.5,16.57],[25.27,16.0],[25.43,15.5]]}},{"type":"Feature","properties":{"level":1012},"geometry":{"type":"LineString","coordinates":[[-87.75,15.53],[-87.75,15.89],[-87.54,15.75],[-87.75,15.53]]}},{"type":"Feature","properties":{"level":1012},"geometry":{"type":"LineString","coordinates":[[-72.0,17.5],[-72.21,17.75],[-72.0,18.01],[-71.77,17.75],[-72.0,17.5]]}},{"type":"Feature","properties":{"level":1012},"geometry":{"type":"LineString","coordinates":[[8.47,17.75],[8.75,17.56],[9.07,17.75],[9.09,18.5],[9.5,18.5],[9.55,18.75],[8.75,19.46],[8.59,19.0],[8.96,18.5],[8.47,17.75]]}},{"type":"Feature","properties":{"level":1012},"geometry":{"type":"LineString","coordinates":[[-76.59,18.0],[-76.12,18.0],[-76.25,18.17],[-76.59,18.0]]}},{"type":"Feature","properties":{"level":1012},"geometry":{"type":"LineString","coordinates":[[36.99,18.0],[37.22,18.5],[36.76,19.5],[36.75,20.52],[36.43,19.25],[36.99,18.0]]}},{"type":"Feature","properties":{"level":1012},"geometry":{"type":"LineString","coordinates":[[-69.0,18.47],[-68.78,18.5],[-69.0,18.47]]}},{"type":"Feature","properties":{"level":1012},"geometry":{"type":"LineString","coordinates":[[-66.5,18.42],[-66.71,18.5],[-66.5,18.68],[-66.12,18.5],[-66.5,18.42]]}},{"type":"Feature","properties":{"level":1012},"geometry":{"type":"LineString","coordinates":[[-73.75,18.73],[-73.5,18.75],[-73.75,18.73]]}},{"type":"Feature","properties":{"level":1012},"geometry":{"type":"LineString","coordinates":[[-72.75,18.59],[-72.75,18.85],[-72.01,18.75],[-72.75,18.59]]}},{"type":"Feature","properties":{"level":1012},"geometry":{"type":"LineString","coordinates":[[-71.75,18.93],[-71.99,19.0],[-71.75,19.12],[-71.75,18.93]]}},{"type":"Feature","properties":{"level":1012},"geometry":{"type":"LineString","coordinates":[[-70.25,18.99],[-70.5,19.39],[-70.25,19.39],[-70.25,18.99]]}},{"type":"Feature","properties":{"level":1012},"geometry":{"type":"LineString","coordinates":[[-72.75,19.16],[-72.99,19.25],[-72.43,19.25],[-72.75,19.16]]}},{"type":"Feature","properties":{"level":1012},"geometry":{"type":"LineString","coordinates":[[-73.0,19.29],[-73.0,19.87],[-72.79,19.75],[-73.0,19.29]]}},{"type":"Feature","properties":{"level":1012},"geometry":{"type":"LineString","coordinates":[[-71.75,19.41],[-71.95,19.75],[-71.75,20.18],[-71.0,20.21],[-70.42,19.75],[-70.75,19.43],[-71.75,19.41]]}},{"type":"Feature","properties":{"level":1012},"geometry":{"type":"LineString","coordinates":[[-75.86,20.5],[-75.48,20.5],[-75.75,20.73],[-75.86,20.5]]}},{"type":"Feature","properties":{"level":1012},"geometry":{"type":"LineString","coordinates":[[-78.5,20.99],[-78.5,21.36],[-78.12,21.0],[-78.5,20.99]]}},{"type":"Feature","properties":{"level":1012},"geometry":{"type":"LineString","coordinates":[[31.7,21.75],[31.93,21.75],[31.75,21.97],[31.7,21.75]]}},{"type":"Feature","properties":{"level":1012},"geometry":{"type":"LineString","coordinates":[[3.25,22.24],[3.08,22.25],[3.25,22.24]]}},{"type":"Feature","properties":{"level":1012},"geometry":{"type":"LineString","coordinates":[[95.0,22.16],[94.96,22.5],[95.5,22.91],[95.64,22.5],[95.0,22.16]]}},{"type":"Feature","properties":{"level":1012},"geometry":{"type":"LineString","coordinates":[[-103.5,25.34],[-103.75,25.89],[-104.03,26.0],[-103.75,26.46],[-102.76,25.5],[-103.5,25.34]]}},{"type":"Feature","properties":{"level":1012},"geometry":{"type":"LineString","coordinates":[[68.0,26.17],[67.46,26.5],[67.36,28.5],[67.61,29.5],[68.0,29.75],[68.53,28.75],[69.32,28.25],[68.94,27.25],[68.0,26.17]]}},{"type":"Feature","properties":{"level":1012},"geometry":{"type":"LineString","coordinates":[[37.75,28.64],[37.77,29.0],[38.35,29.75],[39.0,30.06],[39.1,29.75],[38.84,29.25],[39.27,29.0],[39.0,28.68],[38.0,28.82],[37.75,28.64]]}},{"type":"Feature","properties":{"level":1012},"geometry":{"type":"LineString","coordinates":[[43.25,28.53],[42.75,29.2],[42.25,29.0],[41.62,29.5],[41.39,30.0],[41.5,31.68],[42.0,31.77],[42.2,32.25],[42.75,32.59],[43.25,33.98],[44.75,34.04],[45.75,32.89],[47.75,32.25],[48.25,32.43],[48.7,32.25],[49.54,31.0],[49.53,30.0],[49.25,29.68],[47.75,29.98],[47.0,30.42],[46.0,30.33],[45.75,29.67],[45.5,29.74],[44.0,28.71],[43.5,28.74],[43.25,28.53]]}},{"type":"Feature","properties":{"level":1012},"geometry":{"type":"LineString","coordinates":[[71.0,29.22],[70.89,29.5],[71.25,30.15],[71.5,30.26],[72.24,30.0],[72.0,29.34],[71.5,29.1],[71.0,29.22]]}},{"type":"Feature","properties":{"level":1012},"geometry":{"type":"LineString","coordinates":[[3.0,29.93],[3.0,30.1],[3.0,29.93]]}},{"type":"Feature","properties":{"level":1012},"geometry":{"type":"LineString","coordinates":[[70.75,30.16],[70.75,30.67],[70.75,30.16]]}},{"type":"Feature","properties":{"level":1012},"geometry":{"type":"LineString","coordinates":[[43.73,31.0],[43.75,31.26],[43.73,31.0]]}},{"type":"Feature","properties":{"level":1012},"geometry":{"type":"LineString","coordinates":[[70.75,30.86],[70.75,31.25],[70.75,30.86]]}},{"type":"Feature","properties":{"level":1012},"geometry":{"type":"LineString","coordinates":[[70.5,31.22],[70.74,31.25],[70.5,31.22]]}},{"type":"Feature","properties":{"level":1012},"geometry":{"type":"LineString","coordinates":[[44.22,33.25],[44.5,33.58],[44.13,33.5],[44.22,33.25]]}},{"type":"Feature","properties":{"level":1012},"geometry":{"type":"LineString","coordinates":[[-117.38,38.5],[-117.25,38.4],[-116.5,39.15],[-115.74,39.25],[-114.58,40.75],[-114.75,40.93],[-115.39,40.75],[-116.52,39.75],[-117.65,39.25],[-117.38,38.5]]}},{"type":"Feature","properties":{"level":1012},"geometry":{"type":"LineString","coordinates":[[31.75,38.71],[30.95,39.25],[30.81,39.75],[31.5,40.15],[32.25,40.13],[32.57,39.25],[32.17,38.75],[31.75,38.71]]}},{"type":"Feature","properties":{"level":1012},"geometry":{"type":"LineString","coordinates":[[38.0,40.97],[36.5,41.16],[35.0,41.99],[33.5,42.2],[32.15,42.0],[31.75,41.5],[31.25,41.48],[31.12,41.75],[31.33,42.25],[32.5,42.99],[33.75,43.17],[34.25,43.51],[35.5,43.57],[37.66,43.25],[40.25,42.05],[41.5,41.81],[41.0,41.25],[40.27,41.0],[39.25,41.15],[38.0,40.97]]}},{"type":"Feature","properties":{"level":1012},"geometry":{"type":"LineString","coordinates":[[-77.0,42.19],[-77.0,42.59],[-77.0,42.19]]}},{"type":"Feature","properties":{"level":1012},"geometry":{"type":"LineString","coordinates":[[36.85,42.25],[37.14,42.25],[36.85,42.25]]}},{"type":"Feature","properties":{"level":1012},"geometry":{"type":"LineString","coordinates":[[-152.25,43.19],[-152.45,43.5],[-152.31,43.75],[-151.3,44.75],[-149.25,46.26],[-148.24,46.5],[-148.49,46.0],[-150.48,44.5],[-150.72,43.75],[-151.5,43.24],[-152.25,43.19]]}},{"type":"Feature","properties":{"level":1012},"geometry":{"type":"LineString","coordinates":[[-115.25,43.2],[-115.44,43.5],[-114.99,43.75],[-115.27,44.5],[-114.5,44.82],[-114.25,44.16],[-113.5,44.58],[-113.25,44.33],[-112.96,44.5],[-113.75,43.59],[-114.5,43.56],[-114.72,43.25],[-115.25,43.2]]}},{"type":"Feature","properties":{"level":1012},"geometry":{"type":"LineString","coordinates":[[132.75,47.49],[131.75,47.71],[131.0,48.32],[127.75,48.83],[124.5,50.06],[123.38,51.25],[123.5,51.75],[122.71,53.5],[122.61,54.25],[124.11,55.75],[125.5,56.39],[127.0,56.81],[131.0,57.07],[132.75,56.63],[133.75,56.62],[135.5,56.05],[136.0,56.14],[136.21,56.0],[135.83,55.75],[136.25,55.45],[137.25,55.61],[140.0,55.34],[141.6,54.25],[141.77,53.5],[141.28,52.25],[141.0,52.18],[141.01,52.5],[140.69,52.5],[140.71,51.75],[140.5,51.46],[138.58,50.75],[138.09,49.75],[136.29,48.0],[135.25,47.39],[133.75,47.3],[132.75,47.49]]}},{"type":"Feature","properties":{"level":1012},"geometry":{"type":"LineString","coordinates":[[-123.5,51.0],[-123.89,51.25],[-123.25,51.61],[-122.41,51.25],[-123.5,51.0]]}},{"type":"Feature","properties":{"level":1012},"geometry":{"type":"LineString","coordinates":[[180.0,51.52],[178.25,50.8],[177.0,50.67],[175.25,50.79],[172.03,51.75],[171.65,52.0],[171.42,53.0],[170.81,53.75],[168.04,56.0],[165.76,58.25],[165.27,59.0],[166.0,60.18],[167.74,60.75],[167.36,61.0],[167.5,61.08],[169.75,61.77],[172.0,61.84],[173.0,62.2],[173.64,62.75],[175.24,63.5],[174.96,63.75],[175.71,64.5],[176.26,65.5],[179.0,66.46],[180.0,66.47]]}},{"type":"Feature","properties":{"level":1012},"geometry":{"type":"LineString","coordinates":[[-124.5,52.23],[-125.06,52.75],[-124.78,53.0],[-125.12,53.25],[-125.1,53.5],[-123.95,53.75],[-124.18,53.5],[-123.82,53.0],[-124.33,52.75],[-124.5,52.23]]}},{"type":"Feature","properties":{"level":1012},"geometry":{"type":"LineString","coordinates":[[-140.81,60.5],[-139.5,60.4],[-139.22,60.75],[-140.0,60.96],[-140.81,60.5]]}},{"type":"Feature","properties":{"level":1012},"geometry":{"type":"LineString","coordinates":[[-180.0,66.47],[-177.84,67.0],[-175.5,69.15],[-170.58,71.75],[-169.86,72.5],[-170.22,73.0],[-170.75,73.18],[-176.25,73.87],[-180.0,74.74]]}},{"type":"Feature","properties":{"level":1012},"geometry":{"type":"LineString","coordinates":[[180.0,74.74],[171.26,77.75],[166.5,78.54],[155.75,79.1],[147.75,79.15],[139.0,78.78],[130.77,77.75],[126.96,76.75],[123.5,75.01],[119.75,72.71],[118.49,71.25],[115.65,69.0],[114.46,68.5],[113.75,68.0],[113.77,67.75],[112.89,67.5],[110.93,66.25],[105.25,64.54],[102.5,63.23],[101.0,63.13],[100.0,62.69],[93.47,61.25],[93.2,61.0],[93.25,60.63],[91.0,60.31],[89.96,59.5],[87.75,58.65],[84.0,58.01],[80.86,58.75],[80.68,59.75],[80.24,60.5],[79.25,61.2],[69.79,64.0],[64.75,65.97],[64.08,66.5],[64.25,66.85],[59.4,69.75],[58.35,70.75],[57.98,71.75],[57.39,72.5],[57.41,73.0],[56.74,73.25],[57.9,74.25],[58.28,75.0],[60.06,76.0],[57.75,77.35],[56.5,77.8],[54.0,78.06],[46.0,77.56],[21.5,77.79],[17.25,77.44],[16.62,77.5],[16.76,77.75],[15.5,78.24],[15.5,78.62],[14.5,78.4],[15.06,78.75],[15.09,79.0],[13.75,79.26],[12.25,79.23],[11.5,78.88],[11.0,79.05],[8.75,78.56],[4.5,78.4],[1.64,78.5],[0.5,79.06],[-0.75,79.18],[-3.5,78.99],[-5.41,78.5],[-6.8,77.5],[-6.61,77.25],[-5.37,77.0],[1.81,76.5],[0.25,75.68],[-0.33,74.5],[-1.19,74.0],[-0.89,73.0],[-1.07,72.5],[-0.08,71.5],[2.75,70.22],[3.37,69.25],[2.44,67.75],[2.28,63.5],[1.66,60.25],[1.17,59.25],[0.99,57.75],[-1.0,54.52],[-2.25,54.06],[-3.0,53.0],[-4.0,52.91],[-6.0,51.12],[-15.0,45.48],[-15.5,45.34],[-15.75,45.51],[-16.25,45.2],[-16.5,45.55],[-17.0,45.35],[-21.25,46.08],[-23.5,46.24],[-33.75,46.11],[-36.0,45.82],[-38.75,44.98],[-41.0,44.82],[-47.0,43.64],[-51.75,42.11],[-52.75,41.21],[-53.75,41.13],[-55.25,40.53],[-55.97,39.5],[-56.84,38.75],[-58.5,37.79],[-63.25,36.01],[-66.5,34.35],[-70.25,32.9],[-71.75,32.6],[-74.75,33.28],[-75.75,34.21],[-76.75,34.62],[-77.74,35.5],[-77.52,36.25],[-77.0,36.75],[-76.68,38.0],[-77.25,39.75],[-77.11,41.0],[-77.33,41.25],[-77.0,41.51],[-76.22,41.5],[-76.37,41.75],[-76.01,42.0],[-75.99,42.5],[-75.25,42.65],[-74.91,43.0],[-75.44,43.5],[-75.43,44.0],[-76.5,44.26],[-78.0,44.21],[-79.25,43.86],[-79.75,43.36],[-84.75,42.02],[-87.69,40.0],[-92.13,38.25],[-95.0,37.51],[-97.24,36.0],[-98.75,35.28],[-100.5,33.07],[-101.0,33.0],[-102.54,32.0],[-102.36,31.0],[-102.75,30.59],[-103.5,30.43],[-104.25,30.99],[-104.48,30.75],[-104.69,30.0],[-103.98,29.75],[-104.0,29.33],[-103.25,29.14],[-103.0,29.45],[-102.9,28.5],[-103.25,28.46],[-104.0,29.21],[-104.25,29.12],[-104.5,28.61],[-105.14,28.5],[-105.0,27.41],[-105.84,28.0],[-105.67,29.0],[-105.86,29.25],[-105.75,29.41],[-105.5,29.07],[-104.86,29.75],[-104.9,30.0],[-105.49,30.25],[-104.6,31.75],[-104.61,32.25],[-105.29,33.0],[-105.11,34.25],[-105.6,35.25],[-105.09,37.25],[-105.25,38.04],[-105.75,38.25],[-106.0,37.78],[-106.5,38.23],[-107.34,38.25],[-107.0,38.61],[-106.5,38.51],[-106.31,38.75],[-106.5,39.19],[-107.0,39.19],[-107.25,39.47],[-107.75,39.36],[-108.26,39.0],[-107.94,38.75],[-108.0,38.31],[-108.75,38.91],[-109.41,38.5],[-109.5,38.11],[-109.97,37.75],[-109.0,37.31],[-108.7,36.5],[-109.25,36.97],[-109.75,36.66],[-110.5,36.64],[-110.87,36.0],[-110.74,35.25],[-109.76,34.75],[-110.0,34.59],[-111.75,35.73],[-112.25,35.56],[-112.5,34.84],[-112.75,34.84],[-112.75,36.1],[-113.25,35.42],[-114.0,35.13],[-114.07,34.5],[-113.75,34.06],[-113.25,34.28],[-113.08,34.0],[-113.25,33.75],[-112.0,33.64],[-111.66,32.75],[-112.5,32.6],[-113.07,31.25],[-114.5,30.16],[-115.25,30.95],[-116.51,34.0],[-117.25,34.4],[-118.25,34.46],[-118.5,34.89],[-119.25,34.55],[-119.81,34.75],[-119.75,35.06],[-119.09,35.0],[-119.04,36.5],[-119.21,37.0],[-120.11,37.75],[-121.01,39.75],[-120.5,40.06],[-120.25,39.72],[-119.5,39.58],[-118.75,39.79],[-118.5,40.28],[-116.38,41.5],[-116.0,42.1],[-114.75,41.31],[-114.0,41.79],[-113.25,41.59],[-112.0,42.11],[-111.44,43.0],[-111.3,43.75],[-111.0,44.0],[-111.03,44.5],[-110.13,45.0],[-110.53,45.25],[-110.25,45.5],[-109.39,45.0],[-109.41,44.5],[-108.5,43.28],[-107.75,43.3],[-107.1,43.75],[-107.77,44.75],[-107.5,44.84],[-106.96,44.5],[-106.75,43.48],[-106.0,43.7],[-105.0,44.73],[-104.5,45.92],[-99.75,47.04],[-99.36,47.25],[-99.51,47.75],[-97.75,48.43],[-96.75,49.38],[-95.65,49.5],[-94.75,49.95],[-93.5,49.49],[-91.5,49.24],[-89.75,48.12],[-86.25,48.5],[-84.42,47.75],[-82.15,46.25],[-80.75,45.96],[-78.0,45.84],[-77.0,46.06],[-76.75,45.8],[-74.75,46.36],[-73.25,46.29],[-71.0,47.44],[-70.84,47.25],[-71.43,46.75],[-70.0,46.68],[-68.75,47.08],[-68.28,47.75],[-64.5,49.12],[-63.91,50.0],[-63.77,51.0],[-62.88,52.0],[-62.36,53.25],[-62.25,54.0],[-62.9,55.25],[-64.17,56.5],[-65.75,59.04],[-68.7,60.5],[-71.25,61.35],[-72.75,61.59],[-74.25,62.36],[-76.75,62.46],[-78.5,62.9],[-85.5,63.26],[-93.25,62.49],[-101.0,60.71],[-106.0,58.58],[-110.0,57.38],[-111.25,56.28],[-113.75,54.96],[-114.26,55.0],[-115.34,54.25],[-115.38,53.75],[-115.07,53.5],[-115.0,53.07],[-114.43,52.75],[-114.0,51.75],[-114.16,50.75],[-113.91,50.0],[-114.25,49.74],[-117.63,52.75],[-118.0,52.66],[-117.98,53.0],[-120.11,53.75],[-120.1,54.0],[-120.72,54.5],[-123.5,56.08],[-123.78,56.5],[-124.93,56.75],[-124.15,55.75],[-124.5,55.57],[-125.75,55.61],[-127.75,56.92],[-128.0,56.65],[-128.75,56.74],[-129.75,57.21],[-131.25,57.23],[-131.75,57.57],[-132.25,57.22],[-133.75,58.66],[-134.9,58.5],[-134.72,58.25],[-134.89,58.0],[-135.88,57.75],[-136.25,57.23],[-141.0,56.57],[-148.0,54.72],[-151.25,53.34],[-155.5,51.09],[-157.75,50.52],[-160.0,50.24],[-165.5,50.39],[-175.0,51.99],[-178.5,51.86],[-180.0,51.52]]}},{"type":"Feature","properties":{"level":1012},"geometry":{"type":"LineString","coordinates":[[-48.69,75.25],[-44.0,76.2],[-40.0,76.68],[-33.5,76.74],[-28.5,77.18],[-26.25,77.09],[-24.26,76.5],[-24.82,76.25],[-22.93,76.0],[-23.25,76.44],[-24.25,76.56],[-24.05,77.0],[-24.48,77.25],[-24.05,77.75],[-22.46,78.0],[-21.87,78.5],[-30.25,81.03],[-40.75,81.52],[-48.75,80.72],[-55.75,80.63],[-56.19,80.5],[-55.99,80.0],[-56.25,79.87],[-62.09,78.5],[-63.43,78.0],[-63.57,77.75],[-60.8,77.0],[-55.2,76.5],[-51.5,75.53],[-48.69,75.25]]}},{"type":"Feature","properties":{"level":1012},"geometry":{"type":"LineString","coordinates":[[11.3,79.25],[11.84,79.25],[11.3,79.25]]}},{"type":"Feature","properties":{"level":1012},"geometry":{"type":"LineString","coordinates":[[-24.32,80.25],[-23.86,80.25],[-24.32,80.25]]}},{"type":"Feature","properties":{"level":1012},"geometry":{"type":"LineString","coordinates":[[-22.61,80.25],[-21.0,80.15],[-20.3,80.5],[-20.75,80.65],[-22.61,80.25]]}},{"type":"Feature","properties":{"level":1012},"geometry":{"type":"LineString","coordinates":[[-34.57,82.25],[-32.65,82.25],[-34.57,82.25]]}},{"type":"Feature","properties":{"level":1016},"geometry":{"type":"LineString","coordinates":[[180.0,-88.04],[158.25,-87.02],[142.97,-84.75],[142.42,-84.25],[140.08,-83.5],[139.75,-83.12],[138.67,-82.75],[138.58,-82.5],[138.9,-82.25],[136.9,-81.75],[136.13,-81.25],[136.2,-81.0],[137.47,-81.0],[139.75,-81.83],[140.5,-81.79],[141.5,-81.5],[142.19,-81.0],[144.48,-80.75],[148.5,-79.55],[150.5,-79.25],[150.04,-78.25],[150.5,-78.08],[152.75,-77.85],[156.75,-78.09],[157.0,-77.47],[157.85,-77.25],[155.25,-77.0],[153.22,-76.25],[152.45,-75.5],[153.21,-74.25],[153.0,-73.79],[151.25,-73.51],[149.5,-72.84],[146.0,-72.14],[142.25,-71.0],[134.56,-72.25],[131.25,-72.25],[126.5,-72.64],[110.0,-72.28],[105.0,-71.63],[97.5,-71.71],[94.0,-71.98],[91.0,-72.63],[89.25,-72.24],[88.0,-72.53],[86.75,-72.5],[83.13,-73.25],[81.94,-74.0],[79.0,-75.1],[78.24,-75.75],[78.22,-76.0],[79.75,-76.36],[80.57,-77.0],[80.64,-77.25],[79.34,-78.25],[86.55,-78.75],[87.09,-79.0],[84.25,-79.55],[79.75,-79.31],[77.5,-78.83],[75.25,-78.91],[72.49,-79.25],[72.25,-79.66],[71.62,-80.0],[73.21,-80.25],[74.75,-81.37],[75.75,-81.58],[77.75,-81.76],[84.75,-81.17],[93.5,-81.93],[94.5,-82.33],[99.5,-82.48],[100.57,-82.75],[98.74,-83.25],[93.25,-83.98],[86.25,-84.55],[85.53,-85.0],[84.5,-85.11],[83.0,-85.03],[83.33,-84.75],[82.25,-84.62],[62.75,-84.64],[42.0,-84.05],[38.75,-83.9],[35.25,-83.37],[30.75,-82.25],[31.2,-82.0],[32.5,-81.94],[40.5,-82.28],[43.53,-82.0],[42.82,-81.25],[40.0,-80.0],[40.05,-79.5],[39.65,-79.0],[38.5,-78.3],[35.25,-78.13],[32.39,-77.5],[31.25,-76.69],[28.5,-75.81],[26.75,-74.5],[25.5,-74.15],[23.75,-74.05],[19.75,-74.85],[16.75,-74.92],[15.25,-74.59],[14.79,-75.0],[12.5,-74.98],[12.77,-75.25],[12.5,-75.28],[10.25,-74.79],[9.75,-74.94],[9.75,-75.25],[9.5,-75.32],[7.25,-75.41],[5.91,-75.75],[11.27,-78.75],[14.0,-79.83],[20.69,-81.25],[23.15,-82.0],[19.31,-82.5],[18.87,-82.75],[19.04,-83.25],[18.5,-83.52],[13.5,-84.08],[5.0,-84.62],[-1.88,-85.5],[-2.63,-85.75],[-2.56,-86.25],[-4.44,-86.75],[-26.75,-87.63],[-51.0,-87.34],[-61.75,-87.71],[-75.0,-87.76],[-93.0,-87.67],[-102.25,-87.37],[-108.0,-87.7],[-130.75,-87.91],[-180.0,-88.04]]}},{"type":"Feature","properties":{"level":1016},"geometry":{"type":"LineString","coordinates":[[-108.85,-87.0],[-105.25,-87.12],[-102.92,-86.75],[-105.25,-86.52],[-110.38,-86.75],[-108.85,-87.0]]}},{"type":"Feature","properties":{"level":1016},"geometry":{"type":"LineString","coordinates":[[-134.45,-86.5],[-132.28,-86.5],[-134.45,-86.5]]}},{"type":"Feature","properties":{"level":1016},"geometry":{"type":"LineString","coordinates":[[-97.71,-85.75],[-97.25,-85.99],[-96.57,-85.75],[-97.5,-85.25],[-98.89,-85.5],[-97.71,-85.75]]}},{"type":"Feature","properties":{"level":1016},"geometry":{"type":"LineString","coordinates":[[134.25,-79.26],[134.33,-79.0],[135.5,-78.8],[135.7,-78.5],[134.36,-77.25],[136.0,-77.05],[138.75,-77.48],[140.5,-78.25],[141.35,-79.0],[138.75,-79.25],[136.0,-78.96],[135.25,-79.38],[134.25,-79.26]]}},{"type":"Feature","properties":{"level":1016},"geometry":{"type":"LineString","coordinates":[[37.93,-78.0],[38.75,-78.21],[39.93,-78.0],[38.75,-77.44],[37.75,-77.31],[37.2,-77.5],[37.5,-77.91],[37.93,-78.0]]}},{"type":"Feature","properties":{"level":1016},"geometry":{"type":"LineString","coordinates":[[-62.01,-60.0],[-61.75,-60.18],[-60.25,-60.04],[-56.3,-59.0],[-51.7,-56.75],[-47.07,-53.5],[-39.26,-49.0],[-35.2,-46.25],[-33.36,-43.75],[-33.27,-43.0],[-34.75,-41.21],[-36.75,-39.9],[-40.25,-38.82],[-42.0,-38.59],[-45.0,-37.75],[-46.5,-36.73],[-48.25,-36.33],[-48.65,-35.75],[-49.45,-35.75],[-49.36,-35.0],[-50.5,-35.1],[-50.98,-34.25],[-51.5,-34.54],[-53.5,-34.24],[-55.5,-34.49],[-56.0,-34.21],[-57.0,-34.49],[-58.25,-34.15],[-59.5,-34.4],[-59.77,-34.75],[-59.6,-35.0],[-59.75,-35.2],[-61.0,-35.4],[-62.04,-36.25],[-62.55,-37.5],[-61.5,-38.2],[-61.55,-38.5],[-61.98,-39.0],[-62.39,-39.0],[-62.61,-39.25],[-63.19,-41.25],[-64.23,-42.0],[-63.85,-42.75],[-64.17,-44.0],[-63.56,-47.75],[-62.44,-50.75],[-61.87,-54.5],[-60.27,-57.0],[-61.76,-58.5],[-62.37,-59.5],[-62.01,-60.0]]}},{"type":"Feature","properties":{"level":1016},"geometry":{"type":"LineString","coordinates":[[-180.0,-47.48],[-178.26,-48.75],[-176.0,-49.89],[-172.0,-51.07],[-168.5,-51.63],[-159.75,-52.13],[-154.5,-51.35],[-151.5,-50.26],[-149.44,-49.0],[-144.13,-44.5],[-142.0,-43.12],[-138.25,-41.1],[-133.74,-39.5],[-129.25,-37.27],[-125.45,-34.5],[-119.0,-32.44],[-118.75,-32.77],[-117.75,-32.77],[-116.75,-32.6],[-116.25,-32.04],[-115.5,-31.89],[-115.25,-31.59],[-114.0,-31.66],[-113.25,-31.25],[-112.75,-31.5],[-112.25,-31.05],[-111.0,-31.13],[-110.54,-30.75],[-110.45,-30.0],[-109.75,-29.34],[-109.25,-29.93],[-107.0,-30.47],[-106.5,-31.1],[-105.25,-31.83],[-103.75,-33.26],[-102.75,-33.57],[-102.0,-34.52],[-100.0,-36.06],[-99.0,-36.55],[-89.25,-44.35],[-86.25,-46.29],[-82.75,-47.95],[-80.25,-48.45],[-76.75,-48.47],[-74.25,-49.1],[-73.75,-49.55],[-73.16,-48.5],[-73.5,-47.75],[-72.97,-46.5],[-73.27,-46.25],[-73.38,-45.5],[-73.1,-45.25],[-73.3,-44.75],[-72.95,-43.75],[-73.01,-43.0],[-73.25,-42.75],[-73.75,-43.16],[-74.16,-43.0],[-74.38,-41.5],[-76.75,-38.0],[-78.34,-36.25],[-78.96,-34.75],[-78.77,-32.0],[-78.16,-30.25],[-77.95,-28.75],[-78.32,-27.75],[-78.19,-27.25],[-78.46,-25.75],[-79.25,-25.24],[-79.78,-24.0],[-80.53,-23.25],[-78.94,-23.5],[-79.07,-22.75],[-80.75,-21.42],[-86.44,-18.5],[-87.49,-17.5],[-89.27,-16.5],[-89.43,-16.25],[-89.13,-16.0],[-89.31,-15.25],[-90.0,-14.06],[-92.5,-12.26],[-96.5,-11.1],[-99.75,-9.63],[-101.25,-9.63],[-103.75,-9.11],[-105.5,-8.33],[-106.5,-8.3],[-107.5,-7.72],[-109.75,-7.85],[-110.25,-7.63],[-111.5,-8.04],[-112.75,-7.96],[-115.0,-9.0],[-115.75,-9.77],[-118.0,-9.97],[-121.0,-9.26],[-121.5,-9.54],[-122.25,-9.47],[-122.69,-10.0],[-123.75,-10.3],[-124.25,-10.83],[-125.0,-11.09],[-126.0,-10.74],[-126.5,-11.02],[-127.0,-10.95],[-127.25,-10.65],[-128.25,-10.43],[-128.75,-10.76],[-130.25,-10.54],[-130.75,-10.99],[-131.25,-10.94],[-133.5,-9.51],[-134.01,-10.75],[-135.0,-10.75],[-135.51,-11.0],[-136.15,-12.0],[-136.14,-12.5],[-139.64,-13.75],[-141.0,-13.85],[-143.0,-15.0],[-144.25,-15.05],[-147.75,-16.34],[-149.5,-16.52],[-158.75,-15.82],[-160.25,-16.06],[-162.5,-15.83],[-163.5,-15.26],[-164.0,-15.68],[-164.75,-15.52],[-165.25,-15.88],[-166.0,-15.59],[-167.0,-15.68],[-170.0,-16.43],[-172.75,-16.07],[-174.75,-16.81],[-180.0,-16.66]]}},{"type":"Feature","properties":{"level":1016},"geometry":{"type":"LineString","coordinates":[[54.68,-44.5],[56.5,-44.38],[62.5,-43.08],[68.25,-42.71],[69.75,-42.38],[75.25,-43.15],[76.25,-43.04],[77.25,-42.58],[77.75,-42.73],[78.41,-42.25],[80.75,-41.78],[80.93,-41.0],[81.66,-40.25],[82.32,-38.25],[82.37,-34.0],[81.78,-31.0],[82.53,-29.75],[83.71,-28.75],[83.83,-27.25],[83.48,-26.75],[84.21,-25.75],[84.42,-25.0],[83.62,-22.5],[83.6,-20.0],[83.0,-19.08],[81.25,-18.63],[79.5,-17.29],[79.25,-17.54],[78.0,-16.05],[77.25,-15.75],[75.25,-14.06],[74.75,-14.0],[72.61,-12.5],[68.0,-11.72],[67.25,-11.23],[66.75,-11.39],[66.0,-10.93],[64.5,-10.86],[62.5,-9.82],[58.25,-9.32],[57.5,-9.83],[55.25,-9.45],[51.25,-8.32],[50.25,-8.45],[47.0,-7.47],[46.25,-7.54],[45.0,-7.19],[44.0,-7.4],[40.25,-5.08],[39.8,-4.25],[39.75,-2.82],[38.5,-2.71],[37.75,-2.3],[37.51,-2.75],[36.45,-3.25],[36.75,-3.5],[37.51,-3.5],[36.5,-3.65],[36.46,-4.75],[36.02,-5.0],[36.53,-6.5],[36.25,-6.68],[36.32,-7.25],[35.15,-8.0],[34.75,-8.82],[33.75,-8.91],[33.38,-9.25],[34.0,-9.34],[34.75,-10.08],[35.5,-9.86],[35.48,-9.0],[36.25,-8.03],[36.75,-7.94],[37.25,-7.43],[37.72,-7.5],[37.97,-8.0],[37.84,-9.0],[38.21,-9.25],[37.75,-9.43],[37.48,-10.0],[37.75,-9.97],[38.0,-9.57],[38.52,-10.75],[39.01,-11.25],[39.0,-12.75],[38.62,-13.5],[38.84,-14.0],[38.23,-15.25],[37.75,-15.41],[37.25,-15.13],[36.86,-15.25],[37.07,-15.75],[36.38,-16.25],[36.25,-17.44],[35.75,-17.24],[35.0,-18.3],[34.25,-18.08],[33.75,-18.38],[33.53,-18.25],[33.64,-17.75],[33.25,-17.46],[32.75,-17.56],[32.5,-17.89],[32.0,-17.55],[31.25,-17.74],[30.86,-19.0],[30.47,-19.5],[30.84,-20.25],[31.5,-20.36],[31.85,-20.0],[31.44,-19.5],[31.7,-19.0],[32.0,-18.84],[32.5,-19.36],[32.43,-20.5],[33.0,-20.69],[33.5,-21.28],[34.02,-23.25],[33.87,-24.25],[33.2,-25.0],[33.14,-25.75],[33.77,-31.0],[33.81,-32.5],[33.49,-33.25],[33.52,-34.0],[33.96,-35.5],[37.0,-38.4],[44.75,-42.44],[48.75,-43.68],[54.68,-44.5]]}},{"type":"Feature","properties":{"level":1016},"geometry":{"type":"LineString","coordinates":[[148.75,-36.55],[148.77,-35.75],[148.44,-35.25],[148.75,-34.84],[149.5,-34.86],[149.69,-35.0],[149.55,-36.5],[148.75,-36.55]]}},{"type":"Feature","properties":{"level":1016},"geometry":{"type":"LineString","coordinates":[[11.39,-36.25],[15.75,-36.22],[18.75,-35.58],[19.86,-34.5],[19.49,-34.0],[19.72,-33.25],[19.26,-32.25],[19.94,-31.75],[19.73,-31.5],[19.77,-30.5],[18.71,-30.0],[18.75,-29.67],[18.16,-29.0],[18.24,-28.5],[17.91,-27.75],[17.5,-27.78],[17.12,-27.5],[16.5,-25.72],[16.0,-25.43],[15.0,-25.47],[14.74,-24.25],[13.45,-23.25],[13.0,-22.46],[10.78,-21.25],[9.73,-20.25],[6.29,-18.0],[5.89,-17.5],[3.75,-16.43],[1.5,-14.5],[0.25,-13.85],[-3.75,-12.5],[-6.0,-12.26],[-6.75,-11.98],[-9.5,-12.27],[-14.5,-11.45],[-16.0,-11.82],[-17.25,-11.77],[-18.0,-12.53],[-18.75,-12.1],[-19.5,-12.54],[-20.75,-12.08],[-21.5,-12.91],[-22.5,-13.09],[-23.0,-13.47],[-23.75,-13.14],[-24.5,-13.73],[-25.0,-13.32],[-26.5,-13.83],[-27.25,-13.77],[-28.0,-14.41],[-29.0,-14.63],[-29.25,-15.48],[-29.5,-15.23],[-30.75,-16.01],[-32.5,-16.48],[-33.52,-17.25],[-33.88,-18.5],[-34.57,-19.5],[-34.88,-21.0],[-34.38,-24.75],[-33.68,-26.0],[-32.51,-27.25],[-30.25,-28.3],[-27.5,-29.05],[-18.0,-30.74],[-15.25,-31.58],[-13.11,-32.75],[-12.25,-34.01],[-12.0,-33.63],[-11.75,-33.68],[-10.0,-34.85],[-7.75,-34.75],[-7.0,-35.08],[-5.5,-34.98],[-4.25,-35.33],[-0.5,-35.24],[5.0,-35.98],[8.25,-35.85],[11.39,-36.25]]}},{"type":"Feature","properties":{"level":1016},"geometry":{"type":"LineString","coordinates":[[24.43,-35.0],[26.25,-35.06],[27.5,-34.77],[28.25,-34.92],[28.54,-34.25],[27.73,-33.75],[27.93,-32.5],[25.25,-32.21],[24.25,-31.49],[23.45,-31.5],[23.35,-31.75],[23.72,-32.25],[24.23,-32.5],[24.11,-33.0],[23.25,-33.68],[21.62,-34.0],[21.49,-34.5],[22.25,-34.87],[22.75,-34.75],[23.25,-34.95],[23.75,-34.73],[24.43,-35.0]]}},{"type":"Feature","properties":{"level":1016},"geometry":{"type":"LineString","coordinates":[[149.0,-32.56],[148.75,-32.18],[149.25,-32.23],[149.31,-32.5],[149.0,-32.56]]}},{"type":"Feature","properties":{"level":1016},"geometry":{"type":"LineString","coordinates":[[27.64,-31.0],[28.0,-31.14],[28.36,-30.75],[28.5,-30.12],[28.75,-30.08],[28.75,-30.5],[29.58,-30.75],[30.28,-29.25],[29.5,-29.11],[29.04,-28.5],[30.0,-27.54],[31.17,-27.75],[30.96,-27.5],[31.46,-27.0],[31.24,-26.5],[31.6,-25.75],[31.15,-24.5],[30.47,-24.0],[30.27,-23.25],[30.77,-22.75],[30.5,-22.62],[29.0,-23.17],[28.96,-24.25],[29.82,-24.5],[29.3,-25.75],[29.8,-26.75],[29.58,-27.5],[29.2,-27.5],[28.21,-28.25],[28.31,-28.75],[27.65,-29.75],[27.62,-30.0],[27.96,-30.25],[27.44,-30.75],[27.64,-31.0]]}},{"type":"Feature","properties":{"level":1016},"geometry":{"type":"LineString","coordinates":[[147.5,-31.13],[147.5,-30.22],[147.97,-30.75],[147.5,-31.13]]}},{"type":"Feature","properties":{"level":1016},"geometry":{"type":"LineString","coordinates":[[146.25,-30.88],[145.52,-30.25],[146.25,-29.25],[146.13,-28.75],[146.67,-27.5],[147.75,-25.97],[148.33,-26.0],[148.79,-25.75],[148.93,-26.25],[149.75,-26.86],[150.02,-28.5],[149.75,-28.13],[148.25,-27.35],[147.25,-27.13],[147.1,-27.25],[148.0,-28.52],[147.93,-29.0],[148.25,-29.54],[147.5,-29.54],[147.25,-30.14],[146.75,-29.85],[146.39,-30.5],[146.5,-30.79],[146.25,-30.88]]}},{"type":"Feature","properties":{"level":1016},"geometry":{"type":"LineString","coordinates":[[147.17,-29.25],[147.54,-28.75],[147.25,-28.4],[147.05,-28.5],[147.17,-29.25]]}},{"type":"Feature","properties":{"level":1016},"geometry":{"type":"LineString","coordinates":[[146.99,-28.25],[147.0,-27.98],[146.99,-28.25]]}},{"type":"Feature","properties":{"level":1016},"geometry":{"type":"LineString","coordinates":[[138.25,-27.38],[138.0,-27.0],[138.25,-26.88],[138.25,-27.38]]}},{"type":"Feature","properties":{"level":1016},"geometry":{"type":"LineString","coordinates":[[142.5,-27.12],[142.39,-27.0],[142.75,-26.7],[142.83,-27.0],[142.5,-27.12]]}},{"type":"Feature","properties":{"level":1016},"geometry":{"type":"LineString","coordinates":[[31.96,-26.5],[32.5,-26.74],[32.76,-26.5],[32.35,-25.75],[32.0,-25.62],[31.96,-26.5]]}},{"type":"Feature","properties":{"level":1016},"geometry":{"type":"LineString","coordinates":[[14.0,-21.75],[14.25,-21.94],[14.52,-21.75],[14.25,-21.49],[14.0,-21.75]]}},{"type":"Feature","properties":{"level":1016},"geometry":{"type":"LineString","coordinates":[[167.42,-16.5],[167.68,-16.5],[167.5,-16.2],[167.42,-16.5]]}},{"type":"Feature","properties":{"level":1016},"geometry":{"type":"LineString","coordinates":[[180.0,-16.66],[179.5,-16.37],[178.5,-16.82],[177.25,-16.65],[173.5,-17.38],[171.0,-17.36],[166.0,-16.77],[162.75,-15.98],[160.0,-15.94],[157.0,-15.12],[156.0,-15.63],[155.0,-15.25],[154.25,-15.58],[151.75,-15.37],[150.5,-15.79],[149.75,-15.52],[149.25,-15.71],[145.25,-15.72],[144.75,-16.06],[144.2,-16.0],[144.25,-16.41],[144.81,-16.5],[144.69,-17.5],[144.5,-17.68],[143.92,-17.5],[143.96,-18.0],[144.25,-17.79],[144.51,-18.25],[144.25,-18.46],[143.75,-18.25],[143.63,-19.5],[145.44,-21.5],[145.99,-24.25],[145.65,-24.5],[145.5,-25.04],[144.75,-24.84],[144.5,-25.54],[143.0,-25.35],[142.75,-24.57],[142.25,-24.64],[142.0,-25.0],[142.5,-25.54],[141.5,-25.83],[140.75,-24.82],[140.0,-25.15],[139.75,-24.58],[139.25,-24.36],[138.25,-26.19],[135.5,-25.53],[134.4,-25.0],[134.0,-24.36],[133.99,-25.0],[133.5,-25.26],[133.43,-25.0],[133.0,-25.17],[132.5,-24.93],[132.0,-25.23],[131.25,-25.24],[131.0,-25.61],[130.5,-25.32],[128.0,-26.07],[127.25,-25.72],[125.5,-26.07],[121.5,-25.34],[120.75,-25.48],[120.49,-25.75],[119.5,-25.82],[118.25,-26.78],[117.75,-26.82],[116.0,-27.89],[115.0,-27.96],[114.5,-28.67],[113.58,-28.25],[113.25,-27.82],[113.0,-27.0],[113.25,-26.0],[113.75,-25.43],[115.61,-24.5],[116.5,-24.47],[116.47,-23.75],[116.07,-23.25],[116.25,-23.03],[117.0,-22.92],[117.52,-22.25],[116.76,-21.75],[116.17,-20.75],[116.14,-20.5],[116.81,-19.75],[116.45,-18.75],[115.01,-17.0],[113.75,-16.05],[110.25,-15.51],[109.34,-15.75],[108.0,-16.77],[104.5,-16.27],[100.75,-16.39],[97.89,-17.75],[97.58,-18.25],[97.75,-19.01],[95.84,-22.25],[95.75,-23.22],[95.32,-24.25],[95.86,-25.5],[95.25,-25.61],[95.01,-26.0],[95.44,-26.25],[95.25,-26.58],[95.0,-26.31],[94.64,-26.75],[94.81,-27.25],[94.67,-27.75],[94.25,-28.19],[94.0,-27.93],[93.9,-28.25],[94.25,-28.55],[94.84,-28.5],[94.39,-29.0],[94.27,-30.0],[94.69,-30.5],[94.76,-32.75],[95.26,-33.75],[96.0,-36.62],[98.78,-40.75],[101.5,-43.01],[105.0,-44.94],[107.5,-46.03],[112.25,-47.33],[115.0,-47.85],[118.75,-48.15],[123.75,-47.9],[127.25,-47.13],[130.25,-47.52],[132.5,-47.07],[138.5,-42.5],[141.25,-40.92],[144.5,-39.5],[150.75,-38.51],[151.2,-38.25],[151.25,-37.94],[152.5,-37.54],[152.65,-37.25],[152.46,-36.5],[152.25,-36.2],[151.75,-36.26],[151.9,-35.5],[151.12,-34.5],[150.5,-34.21],[149.89,-34.5],[150.33,-33.75],[150.27,-33.0],[152.25,-31.49],[152.31,-30.75],[152.64,-30.25],[152.49,-29.0],[153.0,-28.69],[154.0,-29.01],[155.5,-30.87],[156.5,-31.39],[159.97,-35.0],[160.75,-35.23],[163.5,-37.3],[164.5,-37.72],[165.25,-38.64],[168.25,-40.73],[169.03,-42.25],[169.01,-43.5],[168.75,-44.04],[169.75,-44.04],[172.0,-42.93],[174.25,-41.09],[175.75,-41.19],[176.63,-41.75],[177.91,-43.25],[178.75,-45.74],[180.0,-47.48]]}},{"type":"Feature","properties":{"level":1016},"geometry":{"type":"LineString","coordinates":[[166.73,-15.5],[167.02,-15.5],[166.75,-14.93],[166.73,-15.5]]}},{"type":"Feature","properties":{"level":1016},"geometry":{"type":"LineString","coordinates":[[44.0,-14.56],[43.5,-14.07],[43.75,-13.73],[45.16,-14.0],[44.75,-14.64],[44.0,-14.56]]}},{"type":"Feature","properties":{"level":1016},"geometry":{"type":"LineString","coordinates":[[14.25,-13.75],[14.76,-13.75],[15.5,-13.19],[15.59,-12.75],[15.25,-11.58],[14.68,-11.75],[14.58,-12.5],[14.84,-13.25],[14.25,-13.75]]}},{"type":"Feature","properties":{"level":1016},"geometry":{"type":"LineString","coordinates":[[16.23,-13.0],[16.59,-12.5],[16.25,-11.92],[16.05,-12.0],[16.36,-12.5],[15.99,-12.75],[16.23,-13.0]]}},{"type":"Feature","properties":{"level":1016},"geometry":{"type":"LineString","coordinates":[[-135.25,-12.77],[-135.0,-12.6],[-134.9,-12.75],[-135.25,-12.77]]}},{"type":"Feature","properties":{"level":1016},"geometry":{"type":"LineString","coordinates":[[-134.75,-12.59],[-134.99,-12.25],[-134.65,-12.25],[-134.75,-12.59]]}},{"type":"Feature","properties":{"level":1016},"geometry":{"type":"LineString","coordinates":[[147.96,-9.5],[148.33,-9.5],[148.26,-9.0],[147.78,-8.75],[146.75,-6.77],[146.5,-6.85],[146.26,-6.5],[147.5,-6.61],[147.5,-6.14],[146.25,-5.7],[145.5,-5.91],[145.0,-5.64],[144.5,-5.74],[143.25,-4.97],[142.25,-5.31],[142.2,-5.5],[142.75,-6.02],[144.0,-6.51],[144.25,-6.14],[145.13,-6.25],[145.81,-7.25],[146.5,-7.45],[147.96,-9.5]]}},{"type":"Feature","properties":{"level":1016},"geometry":{"type":"LineString","coordinates":[[37.0,-7.11],[37.25,-6.66],[37.46,-6.75],[37.25,-7.21],[37.0,-7.11]]}},{"type":"Feature","properties":{"level":1016},"geometry":{"type":"LineString","coordinates":[[141.27,-5.25],[142.2,-5.25],[142.02,-5.0],[141.5,-4.99],[139.5,-4.07],[138.75,-3.49],[136.75,-3.55],[136.44,-3.75],[136.38,-4.0],[137.25,-4.32],[139.25,-4.47],[141.27,-5.25]]}},{"type":"Feature","properties":{"level":1016},"geometry":{"type":"LineString","coordinates":[[119.37,-3.0],[119.5,-3.13],[120.56,-2.25],[120.53,-1.5],[120.25,-1.3],[119.69,-2.5],[119.29,-2.75],[119.37,-3.0]]}},{"type":"Feature","properties":{"level":1016},"geometry":{"type":"LineString","coordinates":[[36.7,-2.5],[38.0,-1.73],[38.01,-1.0],[37.5,-1.1],[37.24,-0.75],[37.68,-0.5],[37.81,0.0],[37.5,0.23],[36.5,0.16],[36.0,-0.28],[35.5,0.59],[35.27,0.5],[35.11,0.25],[35.29,-0.75],[36.56,-1.25],[36.7,-2.5]]}},{"type":"Feature","properties":{"level":1016},"geometry":{"type":"LineString","coordinates":[[28.66,-2.25],[28.75,-2.37],[29.0,-1.7],[29.5,-1.92],[30.0,-1.57],[30.0,-0.96],[28.75,-1.19],[28.66,-2.25]]}},{"type":"Feature","properties":{"level":1016},"geometry":{"type":"LineString","coordinates":[[-78.25,-1.25],[-78.0,0.01],[-78.37,-0.5],[-78.25,-1.25]]}},{"type":"Feature","properties":{"level":1016},"geometry":{"type":"LineString","coordinates":[[28.71,-0.75],[29.0,-0.95],[29.44,0.0],[29.25,0.18],[28.71,-0.75]]}},{"type":"Feature","properties":{"level":1016},"geometry":{"type":"LineString","coordinates":[[34.33,1.0],[35.5,0.8],[35.6,1.25],[34.5,1.45],[34.33,1.0]]}},{"type":"Feature","properties":{"level":1016},"geometry":{"type":"LineString","coordinates":[[38.22,4.0],[39.01,4.0],[39.0,4.26],[38.43,4.5],[39.25,5.09],[39.75,4.88],[40.11,5.0],[40.47,5.75],[40.25,6.26],[40.5,6.07],[40.74,6.25],[41.1,7.25],[40.75,7.61],[40.25,7.67],[40.25,8.61],[39.25,8.16],[38.75,7.41],[38.32,7.5],[38.62,8.5],[38.25,8.67],[38.25,9.0],[39.25,8.85],[39.85,9.75],[39.85,14.0],[39.5,14.95],[39.09,14.25],[39.37,14.0],[39.14,13.5],[39.25,12.8],[38.83,12.5],[38.98,12.0],[38.5,11.84],[37.76,12.5],[38.59,13.25],[38.25,13.48],[36.68,12.0],[36.4,10.75],[37.17,10.25],[36.18,10.0],[36.25,9.71],[36.75,9.85],[36.75,9.33],[36.25,8.89],[35.5,9.7],[35.0,9.79],[34.55,9.0],[34.75,8.45],[35.25,8.68],[35.39,8.5],[35.0,8.17],[34.91,7.75],[35.5,6.84],[35.75,6.7],[36.0,6.99],[36.75,6.97],[37.31,6.75],[37.0,6.25],[37.18,5.5],[37.75,5.39],[38.13,4.75],[38.22,4.0]]}},{"type":"Feature","properties":{"level":1016},"geometry":{"type":"LineString","coordinates":[[-73.08,5.5],[-72.75,5.39],[-71.91,6.5],[-72.75,7.38],[-72.96,7.25],[-72.67,6.5],[-73.05,6.25],[-73.13,6.0],[-72.89,5.75],[-73.08,5.5]]}},{"type":"Feature","properties":{"level":1016},"geometry":{"type":"LineString","coordinates":[[-71.53,8.25],[-71.0,8.27],[-70.44,9.0],[-71.0,8.98],[-71.25,8.75],[-71.25,8.35],[-71.53,8.25]]}},{"type":"Feature","properties":{"level":1016},"geometry":{"type":"LineString","coordinates":[[40.46,8.75],[42.5,9.12],[43.25,8.93],[43.41,9.25],[43.0,9.6],[42.5,9.63],[41.25,9.34],[40.46,8.75]]}},{"type":"Feature","properties":{"level":1016},"geometry":{"type":"LineString","coordinates":[[38.5,9.89],[38.18,10.25],[38.42,10.75],[37.83,11.25],[38.75,11.68],[38.86,11.25],[38.66,10.75],[39.25,10.0],[39.0,9.81],[38.5,9.89]]}},{"type":"Feature","properties":{"level":1016},"geometry":{"type":"LineString","coordinates":[[44.21,13.25],[44.5,13.61],[47.25,14.08],[48.0,14.68],[48.75,14.39],[49.25,14.81],[51.25,15.31],[51.88,15.75],[51.75,16.05],[51.0,16.15],[50.5,15.47],[50.0,15.54],[48.25,15.03],[47.5,15.27],[46.75,14.37],[46.0,14.36],[45.25,14.91],[45.0,14.72],[44.92,15.5],[44.12,16.25],[44.14,16.5],[45.02,16.5],[44.27,17.5],[44.31,18.25],[44.0,19.17],[43.48,19.0],[43.0,19.6],[42.5,19.64],[42.25,20.09],[41.25,20.62],[41.25,20.23],[42.06,19.25],[42.32,18.25],[43.22,17.75],[43.43,16.75],[43.92,16.5],[43.61,15.5],[44.06,15.0],[43.95,13.75],[44.21,13.25]]}},{"type":"Feature","properties":{"level":1016},"geometry":{"type":"LineString","coordinates":[[108.11,14.75],[108.36,14.75],[108.25,15.02],[107.5,15.5],[107.61,16.0],[107.0,16.36],[106.88,16.0],[107.15,15.5],[108.11,14.75]]}},{"type":"Feature","properties":{"level":1016},"geometry":{"type":"LineString","coordinates":[[50.04,16.5],[52.75,16.44],[54.25,17.02],[54.75,16.87],[55.4,17.25],[55.5,17.96],[56.09,18.0],[56.14,18.25],[53.5,17.43],[52.75,17.51],[52.5,17.33],[51.5,17.55],[49.94,16.75],[50.04,16.5]]}},{"type":"Feature","properties":{"level":1016},"geometry":{"type":"LineString","coordinates":[[120.71,16.5],[121.0,16.44],[121.18,17.0],[121.0,17.62],[120.71,16.5]]}},{"type":"Feature","properties":{"level":1016},"geometry":{"type":"LineString","coordinates":[[-96.56,17.25],[-96.0,17.09],[-95.93,17.25],[-96.5,17.74],[-97.0,17.59],[-97.5,18.37],[-97.48,17.5],[-97.25,17.3],[-96.75,17.46],[-96.56,17.25]]}},{"type":"Feature","properties":{"level":1016},"geometry":{"type":"LineString","coordinates":[[60.61,18.0],[61.75,17.86],[63.5,18.77],[66.18,20.75],[66.73,21.75],[66.64,22.0],[65.75,22.37],[64.25,22.44],[63.25,22.22],[62.25,21.66],[59.92,19.75],[60.61,18.0]]}},{"type":"Feature","properties":{"level":1016},"geometry":{"type":"LineString","coordinates":[[82.2,18.0],[82.5,17.88],[82.98,18.25],[83.16,19.25],[83.0,19.37],[82.2,18.0]]}},{"type":"Feature","properties":{"level":1016},"geometry":{"type":"LineString","coordinates":[[-97.09,18.25],[-96.85,18.25],[-96.94,19.75],[-97.75,20.05],[-99.22,21.25],[-99.15,21.5],[-99.5,21.35],[-99.74,21.5],[-100.38,22.5],[-100.72,22.25],[-100.69,21.75],[-101.1,21.75],[-100.89,22.0],[-101.09,22.75],[-100.68,23.5],[-100.75,23.65],[-101.0,23.36],[-101.25,23.46],[-101.55,23.0],[-101.51,22.25],[-101.15,22.0],[-101.38,21.75],[-101.37,21.25],[-100.75,21.31],[-99.5,20.38],[-99.25,20.55],[-99.0,19.95],[-98.5,20.31],[-98.0,19.79],[-97.75,19.84],[-98.06,19.25],[-97.5,19.61],[-97.41,18.5],[-97.09,18.25]]}},{"type":"Feature","properties":{"level":1016},"geometry":{"type":"LineString","coordinates":[[-100.06,19.0],[-99.04,19.0],[-99.5,19.84],[-100.06,19.0]]}},{"type":"Feature","properties":{"level":1016},"geometry":{"type":"LineString","coordinates":[[-155.94,19.25],[-155.5,19.03],[-154.95,19.5],[-155.25,20.11],[-155.75,20.17],[-156.03,19.75],[-155.94,19.25]]}},{"type":"Feature","properties":{"level":1016},"geometry":{"type":"LineString","coordinates":[[81.22,19.25],[81.91,19.5],[82.02,19.75],[81.5,20.01],[81.0,19.6],[81.22,19.25]]}},{"type":"Feature","properties":{"level":1016},"geometry":{"type":"LineString","coordinates":[[96.76,19.5],[97.0,19.35],[97.11,20.0],[97.5,20.09],[97.77,20.5],[98.08,21.5],[97.75,22.16],[97.0,21.02],[96.48,21.25],[96.43,20.5],[96.76,19.5]]}},{"type":"Feature","properties":{"level":1016},"geometry":{"type":"LineString","coordinates":[[18.42,19.75],[18.76,19.75],[18.71,20.5],[19.48,22.0],[19.5,22.87],[19.05,22.75],[18.0,20.77],[17.75,21.06],[17.0,21.09],[16.5,21.4],[16.42,21.25],[16.5,20.87],[17.0,20.92],[17.5,20.46],[18.0,20.75],[18.42,19.75]]}},{"type":"Feature","properties":{"level":1016},"geometry":{"type":"LineString","coordinates":[[-158.08,21.5],[-157.91,21.5],[-158.08,21.5]]}},{"type":"Feature","properties":{"level":1016},"geometry":{"type":"LineString","coordinates":[[58.41,21.75],[59.0,21.58],[59.25,21.8],[59.46,22.25],[59.37,22.75],[58.5,23.3],[57.14,23.5],[56.25,24.65],[56.25,23.79],[56.8,23.5],[57.0,22.93],[57.6,22.5],[57.56,22.25],[58.41,21.75]]}},{"type":"Feature","properties":{"level":1016},"geometry":{"type":"LineString","coordinates":[[78.09,21.75],[79.32,22.0],[79.43,22.5],[78.5,22.45],[78.09,21.75]]}},{"type":"Feature","properties":{"level":1016},"geometry":{"type":"LineString","coordinates":[[-159.81,22.0],[-159.5,21.8],[-159.21,22.0],[-159.26,22.25],[-159.5,22.42],[-159.81,22.0]]}},{"type":"Feature","properties":{"level":1016},"geometry":{"type":"LineString","coordinates":[[80.41,22.0],[80.75,21.76],[81.25,22.34],[82.19,22.75],[81.75,23.15],[80.75,23.32],[80.44,23.0],[80.41,22.0]]}},{"type":"Feature","properties":{"level":1016},"geometry":{"type":"LineString","coordinates":[[107.5,22.41],[107.35,22.5],[107.75,22.61],[107.86,23.0],[108.13,23.0],[108.16,22.5],[107.5,22.41]]}},{"type":"Feature","properties":{"level":1016},"geometry":{"type":"LineString","coordinates":[[108.5,22.34],[108.5,22.57],[108.5,22.34]]}},{"type":"Feature","properties":{"level":1016},"geometry":{"type":"LineString","coordinates":[[83.12,22.75],[84.25,22.91],[84.67,23.5],[83.5,23.55],[83.12,22.75]]}},{"type":"Feature","properties":{"level":1016},"geometry":{"type":"LineString","coordinates":[[109.0,22.73],[109.39,22.75],[109.0,22.73]]}},{"type":"Feature","properties":{"level":1016},"geometry":{"type":"LineString","coordinates":[[109.5,22.78],[109.42,23.0],[109.75,23.39],[110.79,23.5],[110.67,23.25],[109.5,22.78]]}},{"type":"Feature","properties":{"level":1016},"geometry":{"type":"LineString","coordinates":[[113.0,22.88],[112.74,23.25],[113.0,23.5],[113.3,23.25],[113.0,22.88]]}},{"type":"Feature","properties":{"level":1016},"geometry":{"type":"LineString","coordinates":[[-180.0,23.19],[-170.75,25.49],[-170.29,26.0],[-170.5,26.75],[-170.3,27.0],[-169.5,26.94],[-169.0,28.06],[-167.0,29.99],[-165.25,31.07],[-163.75,31.54],[-161.75,31.06],[-161.86,30.0],[-161.54,29.0],[-161.77,27.75],[-163.51,25.25],[-163.7,24.25],[-163.5,23.91],[-162.25,23.78],[-161.5,23.17],[-161.0,23.41],[-160.25,23.03],[-159.75,23.22],[-159.25,23.08],[-159.14,22.5],[-158.71,22.25],[-158.0,22.22],[-157.0,22.56],[-156.0,22.39],[-153.33,21.0],[-152.0,19.78],[-149.25,18.82],[-146.75,17.33],[-145.5,17.19],[-143.5,17.45],[-143.0,17.81],[-141.5,17.47],[-140.25,18.46],[-139.82,18.5],[-139.75,18.77],[-138.75,18.33],[-138.25,18.83],[-138.0,18.75],[-138.42,18.0],[-138.25,17.72],[-137.0,18.94],[-135.75,19.37],[-133.25,20.86],[-130.0,20.99],[-127.84,21.75],[-124.48,24.25],[-123.67,26.0],[-121.99,27.5],[-122.0,27.76],[-122.56,27.75],[-122.75,28.25],[-122.57,28.75],[-122.92,29.0],[-123.0,29.45],[-123.75,30.51],[-124.71,31.25],[-125.67,32.75],[-126.42,35.0],[-126.48,36.5],[-126.07,40.0],[-125.57,41.25],[-124.56,42.75],[-123.75,42.85],[-123.65,42.25],[-123.0,42.14],[-123.09,41.75],[-122.75,41.4],[-122.36,41.5],[-122.25,41.89],[-121.5,41.6],[-121.37,41.5],[-121.89,41.0],[-121.5,40.83],[-120.75,41.18],[-120.5,41.07],[-119.99,41.5],[-120.5,42.02],[-120.75,41.68],[-121.75,42.81],[-122.17,42.5],[-122.25,42.1],[-122.86,42.25],[-122.59,42.5],[-122.94,43.0],[-122.88,43.5],[-122.34,44.25],[-122.24,45.0],[-121.75,45.58],[-121.48,45.5],[-121.32,44.0],[-120.55,43.5],[-121.08,43.0],[-120.5,42.34],[-120.0,42.18],[-119.75,41.67],[-118.75,42.22],[-118.56,42.75],[-117.87,43.25],[-118.0,43.88],[-119.5,43.35],[-119.79,43.5],[-119.5,43.93],[-118.44,44.5],[-118.76,44.75],[-118.5,44.99],[-118.0,45.16],[-117.75,44.94],[-117.55,45.5],[-118.07,45.75],[-117.75,46.22],[-117.5,46.3],[-116.75,45.68],[-116.25,45.84],[-115.75,45.66],[-114.75,45.75],[-114.5,45.99],[-114.0,45.83],[-113.75,46.4],[-113.5,46.19],[-113.25,46.36],[-112.78,45.75],[-113.32,45.0],[-112.75,44.68],[-112.5,44.65],[-111.5,45.46],[-110.25,45.7],[-109.5,45.42],[-109.0,44.49],[-108.5,45.27],[-106.75,44.72],[-106.56,45.5],[-106.16,45.75],[-105.6,47.0],[-104.16,48.25],[-103.0,49.05],[-101.31,49.75],[-101.11,50.25],[-100.4,50.75],[-97.25,51.73],[-95.5,51.76],[-92.5,51.18],[-89.25,50.07],[-88.25,50.05],[-85.5,49.36],[-80.25,47.66],[-77.31,48.0],[-78.0,48.22],[-78.0,48.44],[-77.25,48.37],[-76.5,48.68],[-75.5,48.69],[-75.0,48.45],[-74.0,48.7],[-73.01,48.5],[-71.75,49.4],[-70.0,49.48],[-68.0,50.18],[-65.79,51.75],[-65.08,53.5],[-65.78,55.75],[-66.28,56.5],[-68.0,58.23],[-69.5,58.98],[-73.75,60.56],[-77.25,61.51],[-85.25,61.88],[-90.25,61.53],[-95.0,60.7],[-101.5,58.93],[-105.25,57.02],[-106.5,56.91],[-107.66,56.5],[-109.88,54.75],[-110.5,53.5],[-110.53,52.0],[-111.0,51.51],[-111.77,51.25],[-111.75,50.25],[-111.19,49.5],[-111.75,49.07],[-112.76,49.0],[-112.88,48.5],[-112.36,47.25],[-112.5,46.99],[-113.75,47.37],[-113.68,48.5],[-114.0,48.8],[-114.5,48.67],[-114.75,48.84],[-115.0,49.45],[-115.58,49.75],[-115.75,50.35],[-115.99,49.75],[-115.47,48.75],[-116.5,49.19],[-116.5,48.75],[-116.75,48.52],[-117.5,48.46],[-117.5,49.16],[-119.25,49.0],[-119.42,49.75],[-118.52,50.25],[-118.82,51.0],[-119.0,51.26],[-119.75,51.14],[-120.25,51.46],[-120.31,51.0],[-121.31,50.75],[-121.25,50.57],[-120.32,50.5],[-121.14,50.25],[-120.5,49.31],[-119.91,50.5],[-119.7,50.5],[-119.88,49.75],[-119.65,48.75],[-120.5,47.58],[-120.24,47.25],[-120.71,47.0],[-120.88,46.5],[-120.4,46.0],[-121.75,45.93],[-122.04,46.25],[-121.66,46.5],[-121.94,46.75],[-121.51,47.25],[-121.37,48.5],[-121.82,48.75],[-121.27,49.5],[-121.5,49.7],[-123.5,49.83],[-124.35,50.25],[-124.49,50.5],[-124.05,50.75],[-124.43,50.75],[-124.5,50.51],[-125.27,50.75],[-124.47,51.0],[-125.25,51.21],[-125.5,50.88],[-125.75,51.55],[-126.0,50.97],[-126.75,51.3],[-127.0,51.5],[-126.64,51.75],[-127.0,51.88],[-127.15,52.25],[-126.9,52.5],[-127.41,52.75],[-127.35,53.25],[-128.0,53.9],[-128.25,54.61],[-128.75,54.55],[-128.86,54.25],[-129.65,53.75],[-129.75,53.25],[-129.0,52.22],[-128.1,51.75],[-128.31,51.5],[-127.85,50.75],[-128.43,50.5],[-129.14,49.25],[-130.25,48.43],[-136.25,48.73],[-137.25,48.56],[-138.19,48.75],[-138.63,49.0],[-137.82,49.25],[-137.66,49.75],[-138.37,50.5],[-138.01,51.0],[-138.75,53.02],[-139.75,53.25],[-142.5,52.87],[-143.34,53.0],[-144.25,52.66],[-144.62,52.25],[-146.46,51.75],[-146.22,51.5],[-147.05,51.25],[-147.09,50.25],[-147.51,50.0],[-147.35,49.75],[-146.87,49.75],[-147.0,50.16],[-146.25,50.05],[-145.25,49.79],[-144.0,48.97],[-143.0,49.84],[-142.0,49.17],[-141.54,49.25],[-142.0,49.5],[-141.0,49.54],[-140.25,49.32],[-140.1,49.0],[-139.5,48.72],[-138.75,48.9],[-138.75,48.31],[-139.25,47.95],[-141.0,47.53],[-143.75,46.4],[-146.5,44.64],[-153.19,39.0],[-157.0,36.88],[-158.5,33.92],[-159.25,34.3],[-160.52,34.5],[-160.0,34.58],[-159.58,36.25],[-155.51,43.0],[-155.0,44.95],[-154.02,47.0],[-154.25,47.19],[-155.25,47.25],[-157.5,46.53],[-158.75,46.41],[-161.0,47.29],[-163.75,47.86],[-171.5,48.84],[-174.25,48.96],[-180.0,48.3]]}},{"type":"Feature","properties":{"level":1016},"geometry":{"type":"LineString","coordinates":[[-105.16,23.25],[-105.0,23.07],[-104.74,23.5],[-105.25,24.93],[-105.63,24.75],[-105.62,24.25],[-105.38,24.0],[-105.71,23.75],[-105.16,23.25]]}},{"type":"Feature","properties":{"level":1016},"geometry":{"type":"LineString","coordinates":[[-99.94,23.25],[-99.62,23.25],[-99.5,23.94],[-100.19,25.25],[-100.5,25.44],[-100.64,25.25],[-99.99,24.0],[-99.94,23.25]]}},{"type":"Feature","properties":{"level":1016},"geometry":{"type":"LineString","coordinates":[[5.36,23.25],[5.75,23.07],[6.38,23.5],[6.25,23.72],[5.36,23.25]]}},{"type":"Feature","properties":{"level":1016},"geometry":{"type":"LineString","coordinates":[[25.87,23.25],[26.0,23.03],[26.25,23.11],[26.75,23.89],[27.06,24.0],[27.33,24.5],[27.05,25.25],[26.5,25.25],[26.25,24.64],[25.31,24.0],[25.27,23.75],[25.87,23.25]]}},{"type":"Feature","properties":{"level":1016},"geometry":{"type":"LineString","coordinates":[[61.5,23.25],[62.5,23.25],[62.96,23.5],[61.25,23.9],[60.25,23.79],[61.5,23.25]]}},{"type":"Feature","properties":{"level":1016},"geometry":{"type":"LineString","coordinates":[[108.75,23.24],[108.75,23.59],[109.38,24.0],[109.5,24.34],[109.75,24.29],[109.62,23.5],[109.0,23.11],[108.75,23.24]]}},{"type":"Feature","properties":{"level":1016},"geometry":{"type":"LineString","coordinates":[[-90.29,23.75],[-87.75,23.89],[-82.25,25.09],[-81.94,25.25],[-81.75,26.12],[-80.75,26.21],[-80.25,26.54],[-79.75,26.32],[-78.39,27.25],[-78.1,28.0],[-78.07,29.0],[-79.25,29.87],[-80.0,31.02],[-80.75,31.25],[-81.5,30.91],[-81.75,32.14],[-82.74,33.0],[-82.63,33.75],[-83.0,34.29],[-83.37,34.25],[-83.25,34.75],[-82.35,35.25],[-82.13,35.75],[-81.25,36.49],[-80.31,37.0],[-80.11,38.25],[-79.5,38.92],[-79.75,39.35],[-81.5,39.36],[-82.0,39.59],[-82.25,39.11],[-82.75,38.82],[-83.5,38.76],[-87.5,36.61],[-88.25,36.6],[-89.75,35.89],[-91.25,35.58],[-93.5,36.06],[-94.14,35.75],[-93.39,35.5],[-93.65,35.25],[-95.46,34.5],[-96.32,33.5],[-96.53,33.0],[-96.36,32.0],[-96.53,31.0],[-95.72,29.75],[-96.09,28.5],[-95.32,27.25],[-94.29,25.75],[-93.75,25.57],[-92.5,24.47],[-90.29,23.75]]}},{"type":"Feature","properties":{"level":1016},"geometry":{"type":"LineString","coordinates":[[63.04,23.75],[63.56,23.75],[63.04,23.75]]}},{"type":"Feature","properties":{"level":1016},"geometry":{"type":"LineString","coordinates":[[73.45,24.25],[73.88,24.75],[73.94,25.25],[73.75,25.35],[73.06,24.75],[73.45,24.25]]}},{"type":"Feature","properties":{"level":1016},"geometry":{"type":"LineString","coordinates":[[92.46,25.25],[92.9,25.25],[92.25,25.82],[91.29,25.75],[91.08,25.5],[92.46,25.25]]}},{"type":"Feature","properties":{"level":1016},"geometry":{"type":"LineString","coordinates":[[7.75,27.12],[7.67,27.5],[8.0,27.62],[8.01,27.25],[7.75,27.12]]}},{"type":"Feature","properties":{"level":1016},"geometry":{"type":"LineString","coordinates":[[63.5,27.33],[62.5,28.02],[62.17,28.5],[62.36,28.75],[63.0,29.03],[64.25,29.09],[65.0,29.93],[65.82,30.25],[65.96,29.5],[65.5,28.01],[64.47,27.5],[63.5,27.33]]}},{"type":"Feature","properties":{"level":1016},"geometry":{"type":"LineString","coordinates":[[6.22,27.75],[6.5,27.59],[6.58,27.75],[6.22,27.75]]}},{"type":"Feature","properties":{"level":1016},"geometry":{"type":"LineString","coordinates":[[59.0,28.69],[58.81,29.25],[57.75,30.36],[57.5,31.47],[58.5,31.49],[58.91,31.0],[59.25,30.96],[59.86,28.75],[59.75,28.51],[59.0,28.69]]}},{"type":"Feature","properties":{"level":1016},"geometry":{"type":"LineString","coordinates":[[7.45,30.0],[7.61,30.0],[7.45,30.0]]}},{"type":"Feature","properties":{"level":1016},"geometry":{"type":"LineString","coordinates":[[32.94,30.25],[33.16,30.25],[33.0,30.51],[32.94,30.25]]}},{"type":"Feature","properties":{"level":1016},"geometry":{"type":"LineString","coordinates":[[130.3,30.25],[130.5,30.05],[130.72,30.25],[130.5,30.47],[130.3,30.25]]}},{"type":"Feature","properties":{"level":1016},"geometry":{"type":"LineString","coordinates":[[63.25,30.49],[63.25,31.0],[62.1,31.25],[62.25,32.08],[63.0,32.38],[64.0,32.27],[64.75,32.86],[65.25,32.74],[65.5,33.16],[66.11,32.75],[65.2,32.0],[66.31,32.0],[66.31,31.5],[66.04,31.25],[64.75,31.27],[64.0,30.41],[63.25,30.49]]}},{"type":"Feature","properties":{"level":1016},"geometry":{"type":"LineString","coordinates":[[8.15,31.0],[8.25,30.83],[8.51,31.0],[8.15,31.0]]}},{"type":"Feature","properties":{"level":1016},"geometry":{"type":"LineString","coordinates":[[130.31,31.25],[131.0,31.03],[131.46,31.5],[131.97,33.0],[131.5,33.65],[130.52,33.5],[130.63,32.75],[130.11,32.0],[130.31,31.25]]}},{"type":"Feature","properties":{"level":1016},"geometry":{"type":"LineString","coordinates":[[-9.0,31.3],[-9.19,31.75],[-7.75,32.66],[-6.25,32.92],[-5.87,32.75],[-7.77,31.5],[-9.0,31.3]]}},{"type":"Feature","properties":{"level":1016},"geometry":{"type":"LineString","coordinates":[[130.08,32.75],[130.25,32.57],[130.41,32.75],[130.11,33.25],[129.75,33.27],[130.08,32.75]]}},{"type":"Feature","properties":{"level":1016},"geometry":{"type":"LineString","coordinates":[[130.16,33.5],[130.25,33.34],[130.48,33.5],[130.16,33.5]]}},{"type":"Feature","properties":{"level":1016},"geometry":{"type":"LineString","coordinates":[[-5.75,34.22],[-5.78,34.5],[-5.25,34.71],[-4.45,34.25],[-5.75,34.22]]}},{"type":"Feature","properties":{"level":1016},"geometry":{"type":"LineString","coordinates":[[2.0,34.5],[1.78,34.5],[2.59,35.5],[3.17,35.5],[2.86,35.25],[3.04,35.0],[2.0,34.5]]}},{"type":"Feature","properties":{"level":1016},"geometry":{"type":"LineString","coordinates":[[9.5,35.21],[10.0,35.79],[10.63,35.5],[10.0,35.01],[9.5,35.21]]}},{"type":"Feature","properties":{"level":1016},"geometry":{"type":"LineString","coordinates":[[10.75,35.69],[11.45,35.75],[10.75,35.69]]}},{"type":"Feature","properties":{"level":1016},"geometry":{"type":"LineString","coordinates":[[32.57,36.25],[32.98,36.25],[33.11,36.75],[31.25,37.78],[30.88,37.75],[31.0,37.43],[32.57,36.25]]}},{"type":"Feature","properties":{"level":1016},"geometry":{"type":"LineString","coordinates":[[-106.55,37.0],[-106.52,37.5],[-107.0,37.85],[-108.02,37.75],[-108.0,37.38],[-107.0,37.3],[-106.55,37.0]]}},{"type":"Feature","properties":{"level":1016},"geometry":{"type":"LineString","coordinates":[[14.52,37.0],[14.75,36.82],[14.88,37.0],[14.52,37.0]]}},{"type":"Feature","properties":{"level":1016},"geometry":{"type":"LineString","coordinates":[[129.5,37.01],[128.56,38.0],[128.29,38.75],[127.5,39.25],[127.42,39.75],[129.54,41.0],[129.49,41.5],[130.0,42.3],[130.75,42.86],[131.5,42.89],[131.46,42.25],[130.9,41.0],[130.59,38.5],[130.21,37.5],[129.5,37.01]]}},{"type":"Feature","properties":{"level":1016},"geometry":{"type":"LineString","coordinates":[[156.0,38.24],[156.0,38.52],[156.0,38.24]]}},{"type":"Feature","properties":{"level":1016},"geometry":{"type":"LineString","coordinates":[[12.25,38.47],[11.24,40.0],[11.91,41.0],[11.14,42.25],[11.25,42.45],[12.0,42.17],[12.5,42.38],[13.0,41.47],[14.25,41.15],[15.75,40.03],[16.13,39.25],[16.02,38.75],[15.5,38.5],[12.25,38.47]]}},{"type":"Feature","properties":{"level":1016},"geometry":{"type":"LineString","coordinates":[[9.75,38.55],[9.51,39.0],[10.0,39.23],[10.33,38.75],[9.75,38.55]]}},{"type":"Feature","properties":{"level":1016},"geometry":{"type":"LineString","coordinates":[[131.0,43.23],[130.25,43.29],[129.97,43.75],[129.5,43.98],[130.0,44.11],[130.16,44.5],[129.5,44.97],[129.33,45.75],[128.74,46.0],[128.5,46.61],[126.5,46.94],[123.5,47.91],[122.75,48.47],[122.5,49.11],[121.11,50.75],[120.82,52.25],[120.99,52.5],[120.59,53.25],[120.68,53.75],[121.0,54.25],[121.82,54.75],[121.74,55.0],[122.46,56.0],[125.5,57.23],[126.5,57.49],[127.75,57.42],[128.25,57.74],[130.5,57.92],[135.75,57.8],[137.67,57.5],[137.87,57.0],[137.47,56.5],[137.75,56.27],[139.25,56.52],[140.75,56.19],[143.0,55.29],[143.7,54.75],[143.88,53.75],[143.5,52.2],[142.5,51.33],[140.75,48.82],[140.25,48.5],[139.0,48.94],[138.0,48.63],[136.81,47.0],[135.5,46.17],[134.75,45.38],[132.84,44.25],[132.62,43.75],[131.0,43.23]]}},{"type":"Feature","properties":{"level":1016},"geometry":{"type":"LineString","coordinates":[[-120.5,44.2],[-120.75,44.53],[-119.72,44.25],[-120.5,44.2]]}},{"type":"Feature","properties":{"level":1016},"geometry":{"type":"LineString","coordinates":[[-110.25,45.82],[-110.5,46.5],[-111.12,47.0],[-110.5,47.16],[-110.0,46.75],[-110.49,46.5],[-110.09,46.25],[-110.25,45.82]]}},{"type":"Feature","properties":{"level":1016},"geometry":{"type":"LineString","coordinates":[[-115.25,46.16],[-116.0,46.89],[-116.43,47.0],[-116.0,47.62],[-114.44,46.75],[-114.5,46.3],[-115.0,46.58],[-115.25,46.16]]}},{"type":"Feature","properties":{"level":1016},"geometry":{"type":"LineString","coordinates":[[-118.5,48.25],[-119.27,48.5],[-119.0,48.93],[-118.26,48.75],[-118.5,48.25]]}},{"type":"Feature","properties":{"level":1016},"geometry":{"type":"LineString","coordinates":[[180.0,48.3],[176.75,48.25],[174.5,48.68],[171.5,49.7],[166.98,51.75],[166.4,52.25],[166.48,52.5],[165.3,54.25],[165.04,55.0],[164.35,55.5],[164.27,56.0],[163.05,57.75],[162.21,58.5],[163.5,60.45],[164.42,61.25],[165.33,61.25],[165.71,61.75],[168.5,62.69],[169.5,62.42],[171.0,62.74],[171.87,63.5],[170.7,63.75],[170.56,64.0],[172.16,65.75],[174.63,66.75],[178.75,67.42],[180.0,67.84]]}},{"type":"Feature","properties":{"level":1016},"geometry":{"type":"LineString","coordinates":[[29.0,57.73],[27.56,58.25],[27.44,58.5],[27.65,59.0],[29.5,59.58],[31.5,59.75],[33.75,59.48],[34.75,59.08],[36.5,58.82],[37.02,58.5],[31.5,57.72],[29.0,57.73]]}},{"type":"Feature","properties":{"level":1016},"geometry":{"type":"LineString","coordinates":[[172.37,63.75],[172.5,63.89],[172.37,63.75]]}},{"type":"Feature","properties":{"level":1016},"geometry":{"type":"LineString","coordinates":[[171.81,64.75],[172.31,64.75],[171.81,64.75]]}},{"type":"Feature","properties":{"level":1016},"geometry":{"type":"LineString","coordinates":[[-180.0,67.84],[-178.85,68.5],[-178.94,69.0],[-178.3,70.25],[-178.34,70.75],[-177.55,71.25],[-180.0,71.81]]}},{"type":"Feature","properties":{"level":1016},"geometry":{"type":"LineString","coordinates":[[180.0,71.81],[175.0,72.54],[163.0,75.89],[156.5,76.87],[151.5,77.17],[146.0,77.12],[136.5,76.18],[132.44,75.25],[126.9,73.5],[124.83,72.5],[122.68,72.25],[122.49,72.0],[122.97,71.75],[121.1,70.75],[116.99,67.25],[111.75,64.7],[105.0,62.21],[100.25,61.1],[97.75,60.78],[97.6,60.5],[96.75,60.44],[95.0,59.72],[93.0,59.28],[91.75,58.03],[88.0,56.7],[84.75,55.88],[83.5,55.9],[81.75,56.13],[79.4,57.0],[78.5,57.78],[77.75,59.09],[76.25,59.97],[68.66,62.5],[66.0,63.92],[63.0,65.22],[62.0,65.37],[62.38,66.0],[62.25,66.13],[56.48,69.25],[54.57,70.75],[54.34,71.25],[53.5,71.75],[53.94,72.5],[53.85,72.75],[55.25,73.34],[56.03,74.25],[54.25,75.35],[52.5,75.99],[50.5,76.2],[31.75,76.55],[21.25,76.31],[12.0,75.59],[9.29,75.0],[6.88,74.0],[5.75,73.25],[4.9,72.0],[5.23,71.0],[6.62,69.5],[6.98,67.5],[4.82,64.0],[4.6,62.5],[3.7,61.0],[1.79,54.75],[1.0,53.0],[-0.25,51.2],[-7.0,48.22],[-14.75,43.41],[-18.0,41.86],[-19.53,43.0],[-21.75,43.72],[-29.25,44.26],[-36.25,43.79],[-41.25,42.43],[-44.79,42.0],[-47.5,40.75],[-51.26,39.75],[-52.75,39.05],[-55.25,37.22],[-57.75,35.76],[-58.74,35.5],[-60.4,34.25],[-61.6,33.75],[-62.87,32.25],[-62.85,31.5],[-61.85,30.0],[-61.0,29.89],[-58.71,29.0],[-56.75,27.92],[-52.0,27.03],[-48.25,27.03],[-46.5,27.48],[-46.0,27.26],[-44.0,27.57],[-43.81,27.25],[-41.75,26.7],[-38.0,26.37],[-37.5,26.11],[-35.75,26.68],[-35.08,26.25],[-34.8,25.75],[-34.0,25.8],[-33.84,25.5],[-33.0,25.23],[-32.5,25.47],[-32.08,25.0],[-31.25,24.65],[-30.83,24.75],[-30.75,25.0],[-29.75,24.11],[-28.75,24.23],[-28.25,23.98],[-27.25,24.16],[-26.75,23.95],[-26.75,24.27],[-25.75,24.28],[-24.75,23.63],[-23.13,23.5],[-22.5,23.09],[-21.5,23.07],[-21.0,22.52],[-19.25,23.09],[-18.0,23.09],[-17.25,23.78],[-17.0,23.63],[-16.87,24.0],[-15.75,24.44],[-15.5,24.8],[-15.0,24.82],[-14.5,25.67],[-13.72,26.25],[-13.39,27.0],[-13.0,27.3],[-11.75,27.56],[-11.17,28.25],[-11.44,29.5],[-10.5,31.31],[-9.5,31.57],[-9.23,31.0],[-8.75,30.7],[-8.25,30.82],[-7.77,30.5],[-8.31,30.25],[-7.75,30.19],[-7.49,30.25],[-7.43,31.0],[-6.25,31.29],[-5.95,31.25],[-6.16,31.0],[-6.0,30.9],[-5.5,30.92],[-5.42,31.5],[-5.0,31.84],[-4.25,32.0],[-4.0,31.99],[-3.86,31.5],[-3.25,30.95],[-3.18,31.75],[-3.7,32.0],[-3.0,32.31],[-2.5,32.32],[-2.0,31.81],[-1.25,32.26],[0.75,32.8],[0.97,32.25],[1.25,32.24],[1.89,33.0],[1.87,33.5],[2.5,34.02],[3.25,34.33],[3.75,34.22],[5.07,35.0],[4.15,35.25],[3.64,35.75],[4.5,35.82],[6.25,34.83],[8.25,34.4],[8.75,34.63],[9.25,34.33],[9.5,34.83],[10.5,34.42],[10.81,34.0],[10.5,33.47],[10.0,33.71],[9.5,33.64],[7.63,32.75],[8.48,32.25],[8.41,32.0],[9.0,30.93],[9.25,31.26],[9.99,30.75],[9.0,29.33],[8.25,29.62],[8.0,29.03],[7.5,29.09],[7.5,28.72],[6.85,28.5],[7.23,28.0],[7.18,27.5],[7.75,26.86],[8.46,26.5],[8.25,26.21],[7.6,26.25],[8.11,25.75],[8.25,25.18],[8.75,25.07],[9.04,25.5],[9.17,26.0],[8.82,26.5],[8.98,28.5],[9.25,28.65],[10.25,27.71],[11.0,28.02],[12.0,27.72],[12.25,27.43],[13.25,27.75],[14.5,27.58],[14.75,27.23],[15.25,27.36],[15.5,26.85],[16.0,26.87],[16.5,26.5],[15.95,26.0],[16.0,25.52],[16.28,25.5],[16.31,25.25],[16.5,25.1],[16.75,25.41],[17.25,24.97],[19.0,24.73],[19.75,23.58],[20.0,24.23],[20.56,24.5],[20.54,25.25],[21.43,26.25],[21.75,27.0],[22.75,27.38],[23.02,28.0],[23.01,28.75],[22.78,29.0],[22.23,29.5],[21.45,29.5],[22.02,31.75],[22.25,31.9],[24.0,31.16],[25.0,31.07],[25.03,30.75],[25.91,30.5],[27.5,30.52],[28.06,30.75],[27.75,31.12],[26.8,31.5],[26.65,31.75],[26.83,32.5],[26.0,32.79],[25.75,33.33],[24.0,33.42],[23.5,33.16],[22.25,33.63],[21.75,33.46],[20.25,33.7],[20.2,35.0],[20.0,35.23],[19.75,35.27],[19.0,34.57],[18.0,35.23],[17.5,35.13],[16.75,35.8],[13.53,37.0],[13.4,37.25],[13.75,37.16],[13.76,37.5],[15.0,37.54],[15.5,37.99],[16.0,37.96],[16.44,38.5],[16.39,38.75],[16.86,39.25],[16.38,39.75],[17.37,40.75],[16.93,41.5],[16.92,42.0],[17.5,42.75],[19.5,42.26],[21.25,40.87],[21.75,40.88],[23.49,41.75],[23.5,42.01],[24.5,41.75],[24.97,42.0],[24.86,42.25],[26.75,43.0],[27.38,44.25],[28.59,45.0],[30.15,47.5],[32.16,49.0],[32.48,49.75],[33.25,50.59],[35.25,52.24],[36.75,52.93],[37.03,52.75],[36.99,51.5],[37.25,50.25],[38.3,49.0],[38.44,48.25],[39.94,47.25],[41.8,45.5],[41.88,45.25],[41.34,44.5],[39.6,44.0],[40.5,43.26],[43.0,42.26],[43.04,42.0],[42.0,41.76],[41.75,41.41],[40.25,40.78],[37.25,40.56],[36.4,39.75],[36.63,39.5],[36.4,38.75],[33.56,37.0],[33.49,36.75],[34.0,36.67],[35.0,37.4],[36.0,37.78],[36.45,37.5],[36.5,36.8],[36.75,37.03],[37.5,36.83],[38.0,37.23],[38.46,36.75],[38.32,36.5],[38.75,36.21],[38.95,36.5],[38.55,37.0],[39.0,37.13],[42.5,36.99],[43.98,36.5],[44.25,36.13],[44.93,36.0],[45.25,35.17],[45.81,35.25],[45.87,34.0],[46.47,33.25],[47.25,32.92],[47.75,33.2],[49.57,32.25],[50.1,31.0],[50.59,30.75],[51.46,29.5],[51.69,28.75],[53.5,27.87],[53.75,27.22],[54.0,27.1],[57.25,27.76],[57.5,27.54],[57.75,27.72],[57.51,28.25],[57.75,28.72],[58.25,28.17],[60.19,27.25],[59.75,26.9],[59.0,26.82],[57.75,27.39],[57.53,26.5],[58.25,25.93],[59.25,26.15],[61.25,26.07],[62.25,26.6],[64.0,25.65],[65.18,26.25],[65.25,26.61],[66.5,26.56],[66.75,26.33],[67.5,29.99],[68.44,30.0],[69.25,30.43],[69.43,30.25],[69.0,29.72],[69.75,29.55],[70.0,29.92],[69.99,30.25],[69.59,30.5],[70.03,30.75],[70.02,31.75],[69.45,32.0],[70.14,32.5],[70.34,33.25],[71.0,33.39],[71.39,33.75],[71.25,34.02],[70.09,34.5],[72.0,34.56],[73.25,33.44],[74.75,32.93],[75.9,32.25],[76.94,30.75],[78.5,29.76],[79.5,29.19],[81.25,28.75],[82.75,27.88],[83.75,27.71],[84.5,27.86],[85.0,27.42],[86.75,26.91],[89.75,26.75],[93.5,27.06],[95.25,28.05],[96.05,28.0],[96.29,27.75],[96.25,27.39],[94.5,26.37],[93.3,25.25],[93.66,24.75],[93.05,23.5],[93.02,22.5],[93.75,20.79],[94.0,20.83],[94.15,21.25],[93.82,22.25],[94.12,24.5],[96.25,26.94],[97.0,26.75],[97.25,26.22],[97.5,26.76],[97.75,26.76],[97.94,25.75],[97.45,23.5],[98.07,23.25],[98.25,22.86],[98.5,23.31],[98.91,23.25],[98.52,22.75],[98.77,22.5],[98.66,22.25],[98.88,22.0],[98.67,21.75],[99.13,20.75],[99.5,20.48],[100.5,21.53],[101.0,22.46],[102.25,22.02],[101.68,21.25],[101.64,20.25],[101.75,20.1],[102.33,20.25],[101.9,19.25],[103.0,18.67],[103.75,18.91],[105.0,17.94],[105.75,17.65],[106.0,17.75],[105.21,19.0],[105.92,20.5],[105.66,21.0],[106.25,21.18],[107.25,20.96],[108.29,21.75],[108.5,22.23],[110.0,21.57],[110.75,21.69],[111.25,21.46],[113.0,21.68],[114.0,22.15],[116.0,22.37],[118.41,23.25],[119.77,24.5],[120.75,25.02],[121.01,24.75],[120.76,24.5],[120.52,23.25],[120.74,22.25],[121.0,22.39],[124.24,26.5],[124.22,28.0],[123.29,29.5],[122.7,32.25],[123.02,33.25],[123.75,33.9],[126.5,34.69],[127.75,34.2],[129.0,34.37],[129.25,34.18],[130.25,34.96],[130.75,34.68],[131.75,35.19],[132.08,35.0],[131.0,34.24],[132.0,33.83],[132.55,34.0],[132.31,33.5],[132.41,33.0],[132.75,32.78],[133.5,33.3],[134.25,33.26],[135.25,33.59],[135.75,33.41],[136.93,34.25],[137.25,34.75],[138.75,35.01],[139.0,34.78],[139.25,35.08],[140.0,35.18],[140.95,36.25],[142.5,37.33],[147.5,38.63],[151.0,38.88],[154.0,38.61],[155.3,38.25],[155.63,36.25],[156.62,35.25],[157.0,31.5],[156.4,29.5],[156.88,28.25],[157.09,26.75],[157.99,24.75],[159.75,23.41],[164.5,22.37],[166.25,22.61],[169.5,22.16],[172.25,22.35],[174.5,22.14],[176.0,22.53],[177.75,22.6],[180.0,23.19]]}},{"type":"Feature","properties":{"level":1016},"geometry":{"type":"LineString","coordinates":[[-49.96,76.0],[-47.5,75.79],[-38.75,76.98],[-27.5,77.54],[-24.61,78.25],[-25.25,78.61],[-27.5,78.56],[-27.75,78.68],[-27.75,79.02],[-29.5,79.69],[-30.25,80.25],[-31.5,80.62],[-41.5,81.21],[-48.5,80.43],[-52.9,80.25],[-54.0,79.65],[-61.1,78.0],[-58.75,77.27],[-52.5,76.63],[-49.96,76.0]]}},{"type":"Feature","properties":{"level":1020},"geometry":{"type":"LineString","coordinates":[[180.0,-88.24],[160.75,-87.92],[148.5,-87.31],[139.25,-85.62],[132.67,-85.0],[133.62,-84.75],[133.78,-84.5],[131.49,-84.0],[131.02,-83.75],[131.12,-83.5],[129.03,-82.75],[130.1,-82.25],[129.79,-81.75],[133.0,-81.15],[133.6,-80.75],[128.89,-80.5],[129.0,-80.23],[130.5,-80.0],[131.77,-78.75],[131.48,-78.0],[129.75,-76.73],[139.0,-76.01],[141.08,-76.25],[142.77,-76.75],[142.52,-77.25],[143.47,-77.75],[143.0,-77.97],[141.45,-78.0],[142.75,-78.03],[143.0,-78.25],[142.36,-78.75],[145.0,-79.59],[145.57,-79.5],[144.25,-78.93],[143.08,-78.75],[144.5,-78.51],[146.75,-78.74],[148.0,-78.55],[148.22,-78.5],[148.13,-77.5],[148.75,-77.36],[152.25,-77.08],[153.5,-77.63],[155.59,-77.5],[154.5,-77.12],[152.5,-77.04],[151.28,-76.5],[151.02,-76.25],[151.06,-75.0],[149.44,-73.75],[143.25,-72.07],[140.5,-71.71],[134.75,-72.47],[127.75,-72.85],[111.75,-72.71],[107.75,-72.52],[106.75,-72.2],[103.75,-71.99],[101.25,-72.09],[101.0,-72.27],[99.5,-72.16],[99.25,-72.33],[98.0,-72.21],[97.75,-72.41],[96.25,-72.32],[92.0,-73.11],[89.5,-73.07],[86.76,-73.5],[84.25,-74.24],[83.25,-74.8],[81.75,-75.11],[81.01,-75.75],[81.29,-76.5],[81.96,-77.0],[81.17,-78.0],[81.5,-78.19],[88.42,-78.75],[88.0,-79.54],[83.85,-80.5],[84.25,-80.69],[92.75,-81.0],[99.25,-81.59],[105.25,-81.7],[105.55,-81.75],[105.39,-82.0],[106.09,-82.75],[105.25,-83.08],[101.75,-83.19],[100.18,-83.5],[100.41,-83.75],[100.09,-84.25],[98.25,-84.79],[92.25,-85.42],[81.0,-85.87],[74.0,-85.87],[70.25,-85.57],[69.8,-85.5],[70.68,-85.25],[68.4,-85.0],[47.75,-84.49],[39.06,-84.5],[39.23,-84.75],[40.22,-85.0],[45.65,-85.5],[44.88,-85.75],[44.87,-86.0],[44.15,-86.25],[44.06,-86.5],[38.75,-86.72],[28.64,-86.25],[20.5,-84.88],[15.5,-85.21],[12.75,-85.65],[12.25,-86.1],[10.89,-86.5],[7.7,-87.0],[7.24,-87.25],[7.75,-87.5],[7.0,-87.57],[-22.0,-88.12],[-180.0,-88.24]]}},{"type":"Feature","properties":{"level":1020},"geometry":{"type":"LineString","coordinates":[[32.44,-84.25],[34.5,-84.41],[35.87,-84.25],[35.25,-83.9],[33.5,-83.73],[32.25,-84.0],[32.44,-84.25]]}},{"type":"Feature","properties":{"level":1020},"geometry":{"type":"LineString","coordinates":[[112.0,-82.5],[110.53,-82.25],[109.5,-81.76],[106.96,-81.5],[107.5,-80.77],[110.0,-80.72],[113.0,-81.4],[113.57,-81.75],[112.0,-82.5]]}},{"type":"Feature","properties":{"level":1020},"geometry":{"type":"LineString","coordinates":[[36.58,-81.5],[38.25,-81.54],[39.44,-81.25],[39.4,-81.0],[38.34,-80.5],[38.4,-80.25],[37.96,-80.0],[38.02,-79.5],[36.47,-79.25],[28.75,-76.55],[26.34,-75.5],[25.87,-75.0],[24.5,-74.51],[20.73,-75.0],[14.5,-75.33],[11.25,-75.94],[9.68,-76.0],[9.6,-76.25],[12.23,-77.25],[13.8,-78.25],[16.26,-79.25],[20.92,-80.5],[25.75,-81.31],[29.5,-81.02],[36.58,-81.5]]}},{"type":"Feature","properties":{"level":1020},"geometry":{"type":"LineString","coordinates":[[77.26,-80.75],[77.75,-80.98],[79.25,-80.92],[81.29,-80.75],[83.41,-80.25],[82.75,-79.98],[77.0,-79.15],[74.12,-79.25],[73.88,-79.5],[73.97,-80.0],[75.0,-80.49],[76.75,-80.47],[77.26,-80.75]]}},{"type":"Feature","properties":{"level":1020},"geometry":{"type":"LineString","coordinates":[[140.95,-80.0],[142.25,-80.15],[143.02,-80.0],[143.15,-79.75],[141.5,-79.5],[140.47,-79.75],[140.95,-80.0]]}},{"type":"Feature","properties":{"level":1020},"geometry":{"type":"LineString","coordinates":[[-56.3,-53.25],[-54.0,-53.35],[-50.25,-52.43],[-47.0,-51.02],[-43.01,-48.75],[-41.25,-47.5],[-39.48,-45.0],[-39.12,-43.75],[-39.42,-42.75],[-42.55,-40.75],[-47.75,-39.1],[-49.75,-38.83],[-50.25,-38.4],[-54.75,-38.28],[-55.13,-38.0],[-56.25,-37.91],[-58.25,-38.5],[-59.92,-40.0],[-61.07,-41.5],[-61.42,-43.25],[-61.47,-45.5],[-60.98,-47.75],[-59.58,-51.25],[-59.0,-51.65],[-57.98,-51.75],[-57.45,-52.25],[-57.43,-52.75],[-56.3,-53.25]]}},{"type":"Feature","properties":{"level":1020},"geometry":{"type":"LineString","coordinates":[[115.65,-46.0],[118.75,-46.19],[122.25,-46.0],[131.75,-44.05],[133.93,-43.0],[136.75,-41.12],[140.74,-39.25],[142.15,-38.25],[144.0,-37.76],[145.5,-38.01],[146.43,-37.75],[146.63,-37.0],[146.01,-36.25],[146.24,-36.0],[146.34,-34.25],[144.75,-32.71],[143.91,-32.25],[143.75,-31.65],[142.75,-30.88],[142.0,-30.76],[141.75,-30.34],[140.75,-30.47],[139.75,-29.93],[138.75,-30.37],[137.25,-29.66],[136.5,-28.91],[136.0,-28.9],[134.75,-28.04],[133.0,-27.57],[132.5,-27.15],[128.0,-27.69],[127.25,-27.51],[123.0,-27.56],[121.5,-28.37],[121.25,-28.2],[120.5,-28.7],[120.25,-28.56],[120.0,-29.07],[119.0,-29.35],[118.5,-29.81],[115.75,-30.18],[115.0,-30.92],[114.0,-31.09],[113.5,-30.95],[111.68,-29.25],[108.57,-24.75],[107.75,-24.6],[106.75,-24.84],[106.25,-24.54],[105.25,-25.0],[105.0,-24.74],[101.75,-28.13],[100.25,-30.54],[99.5,-32.5],[99.23,-33.5],[99.26,-35.25],[100.85,-39.25],[101.54,-40.25],[103.49,-42.0],[107.5,-44.2],[110.5,-45.11],[115.65,-46.0]]}},{"type":"Feature","properties":{"level":1020},"geometry":{"type":"LineString","coordinates":[[-81.59,-44.5],[-80.25,-44.68],[-78.79,-44.0],[-78.48,-43.25],[-78.75,-41.87],[-79.5,-40.28],[-82.08,-36.5],[-82.33,-35.0],[-82.92,-33.5],[-82.93,-32.75],[-83.62,-31.5],[-84.68,-30.75],[-84.52,-30.25],[-86.11,-29.0],[-86.03,-28.75],[-86.78,-28.0],[-87.02,-27.25],[-87.94,-26.75],[-87.93,-26.25],[-88.5,-26.03],[-89.23,-24.0],[-90.5,-22.39],[-93.75,-20.76],[-96.0,-20.29],[-98.0,-19.52],[-100.75,-19.1],[-102.5,-19.3],[-104.5,-20.45],[-105.5,-20.75],[-106.75,-20.32],[-108.75,-20.5],[-108.62,-21.0],[-108.81,-21.25],[-108.41,-22.5],[-107.77,-22.75],[-105.85,-24.75],[-104.8,-26.75],[-103.5,-27.61],[-103.67,-28.0],[-102.93,-28.75],[-102.23,-30.25],[-99.5,-33.15],[-98.75,-33.47],[-98.25,-34.21],[-97.32,-34.5],[-96.0,-36.12],[-95.25,-36.5],[-90.25,-40.6],[-84.5,-43.69],[-81.59,-44.5]]}},{"type":"Feature","properties":{"level":1020},"geometry":{"type":"LineString","coordinates":[[52.83,-42.75],[54.75,-42.91],[65.75,-41.68],[71.75,-41.38],[76.5,-40.24],[77.88,-39.5],[79.02,-38.0],[79.89,-35.25],[79.72,-32.5],[77.79,-27.5],[77.96,-26.75],[77.75,-26.05],[74.5,-23.65],[74.17,-22.75],[73.25,-22.68],[73.09,-22.5],[73.63,-22.0],[72.5,-22.05],[71.75,-21.04],[70.73,-20.75],[70.55,-20.25],[70.16,-20.0],[66.79,-18.5],[66.58,-18.0],[65.99,-17.75],[64.75,-16.57],[61.25,-15.88],[60.0,-15.29],[59.0,-15.62],[58.25,-15.2],[57.25,-15.03],[55.75,-15.21],[53.31,-14.75],[52.75,-14.4],[51.5,-14.25],[49.75,-13.39],[48.91,-13.75],[48.48,-14.25],[48.49,-15.25],[46.31,-18.5],[46.52,-19.25],[46.08,-20.5],[46.21,-21.0],[45.75,-21.5],[45.5,-22.31],[44.85,-22.75],[45.0,-23.14],[45.5,-23.25],[45.63,-24.0],[46.35,-25.25],[44.25,-26.57],[41.21,-27.25],[39.75,-28.32],[38.1,-30.0],[37.24,-32.0],[37.16,-33.25],[38.54,-36.0],[40.88,-38.5],[43.75,-40.07],[48.11,-41.75],[50.25,-42.4],[52.83,-42.75]]}},{"type":"Feature","properties":{"level":1020},"geometry":{"type":"LineString","coordinates":[[-180.0,-40.54],[-176.75,-46.75],[-175.25,-47.89],[-173.25,-48.85],[-168.75,-49.81],[-161.75,-50.42],[-158.75,-50.42],[-156.25,-50.03],[-153.42,-49.0],[-151.62,-48.0],[-147.48,-44.5],[-142.96,-41.25],[-137.05,-37.75],[-134.25,-35.28],[-133.85,-34.25],[-131.5,-31.8],[-127.75,-30.5],[-126.97,-29.75],[-126.76,-29.0],[-126.0,-28.71],[-125.0,-27.89],[-124.75,-28.44],[-124.5,-28.32],[-124.15,-27.5],[-123.5,-27.12],[-123.5,-28.1],[-122.75,-27.58],[-122.25,-26.81],[-121.25,-27.05],[-121.0,-27.61],[-120.75,-27.23],[-120.42,-27.25],[-120.0,-27.76],[-120.5,-25.67],[-120.07,-25.75],[-119.37,-27.0],[-119.0,-27.2],[-118.72,-27.0],[-118.93,-26.25],[-118.75,-25.97],[-118.43,-26.0],[-118.5,-26.3],[-118.0,-26.15],[-117.5,-26.53],[-117.0,-26.51],[-117.0,-25.54],[-116.25,-25.85],[-115.8,-25.75],[-115.75,-25.5],[-115.85,-24.5],[-116.5,-23.81],[-118.0,-22.99],[-118.25,-23.4],[-118.5,-23.28],[-121.5,-21.29],[-122.5,-21.13],[-123.0,-21.36],[-124.75,-20.48],[-125.75,-20.24],[-126.0,-20.38],[-128.75,-19.35],[-129.0,-19.08],[-130.75,-18.73],[-131.5,-18.77],[-132.25,-19.39],[-133.0,-19.44],[-133.75,-18.68],[-134.69,-18.75],[-134.98,-19.5],[-135.5,-19.55],[-135.5,-19.82],[-134.93,-20.25],[-135.25,-20.32],[-135.5,-20.8],[-135.95,-20.25],[-136.25,-19.11],[-136.5,-19.0],[-137.75,-19.84],[-138.0,-19.44],[-138.59,-20.0],[-138.42,-20.75],[-138.75,-21.3],[-139.0,-19.9],[-139.25,-21.22],[-140.25,-20.44],[-140.5,-21.34],[-140.75,-21.39],[-141.25,-20.02],[-141.5,-21.14],[-141.75,-21.22],[-142.0,-20.95],[-142.75,-21.29],[-146.25,-20.48],[-146.75,-20.6],[-148.0,-20.31],[-149.0,-20.57],[-150.5,-20.14],[-154.5,-20.25],[-155.25,-20.58],[-156.75,-20.58],[-158.0,-19.87],[-163.5,-20.2],[-166.5,-20.87],[-170.5,-20.65],[-172.25,-21.26],[-173.25,-20.96],[-178.5,-21.41],[-179.0,-21.29],[-180.0,-21.58]]}},{"type":"Feature","properties":{"level":1020},"geometry":{"type":"LineString","coordinates":[[-2.66,-32.5],[-2.25,-32.5],[-2.25,-31.99],[-1.75,-32.29],[0.0,-32.41],[4.5,-32.07],[5.5,-31.75],[7.5,-31.76],[8.25,-32.02],[9.8,-30.75],[9.81,-30.5],[10.49,-30.25],[9.78,-29.5],[10.05,-28.75],[9.37,-27.75],[8.89,-27.5],[8.5,-26.86],[8.0,-26.71],[7.75,-26.25],[7.0,-25.96],[6.5,-25.15],[5.48,-24.25],[2.5,-22.64],[-2.25,-21.46],[-9.0,-21.03],[-11.0,-21.21],[-12.75,-22.0],[-14.25,-21.94],[-17.0,-23.13],[-18.25,-23.42],[-19.0,-23.32],[-20.25,-24.24],[-20.15,-25.25],[-18.68,-27.0],[-16.91,-27.75],[-15.23,-29.0],[-13.75,-29.46],[-12.25,-30.32],[-11.25,-30.25],[-10.0,-30.91],[-8.25,-31.26],[-7.25,-31.72],[-6.5,-31.64],[-6.0,-31.92],[-3.25,-32.21],[-2.66,-32.5]]}},{"type":"Feature","properties":{"level":1020},"geometry":{"type":"LineString","coordinates":[[-123.4,-29.75],[-122.37,-29.25],[-122.25,-28.95],[-123.25,-29.15],[-123.51,-29.5],[-123.4,-29.75]]}},{"type":"Feature","properties":{"level":1020},"geometry":{"type":"LineString","coordinates":[[-121.94,-27.75],[-121.75,-27.83],[-121.52,-27.5],[-121.75,-27.29],[-121.94,-27.75]]}},{"type":"Feature","properties":{"level":1020},"geometry":{"type":"LineString","coordinates":[[-121.25,-26.57],[-121.4,-26.25],[-121.25,-26.2],[-121.25,-26.57]]}},{"type":"Feature","properties":{"level":1020},"geometry":{"type":"LineString","coordinates":[[-115.84,-26.0],[-115.75,-26.21],[-115.5,-26.0],[-115.75,-25.76],[-115.84,-26.0]]}},{"type":"Feature","properties":{"level":1020},"geometry":{"type":"LineString","coordinates":[[-114.55,-24.75],[-114.23,-24.75],[-114.55,-24.75]]}},{"type":"Feature","properties":{"level":1020},"geometry":{"type":"LineString","coordinates":[[-137.25,-22.63],[-137.5,-21.43],[-137.04,-22.0],[-137.25,-22.63]]}},{"type":"Feature","properties":{"level":1020},"geometry":{"type":"LineString","coordinates":[[-139.0,-21.86],[-139.34,-21.5],[-139.25,-21.25],[-138.88,-21.5],[-139.0,-21.86]]}},{"type":"Feature","properties":{"level":1020},"geometry":{"type":"LineString","coordinates":[[-135.0,-21.61],[-135.0,-21.14],[-135.0,-21.61]]}},{"type":"Feature","properties":{"level":1020},"geometry":{"type":"LineString","coordinates":[[180.0,-21.58],[177.0,-21.8],[174.5,-22.64],[172.25,-22.5],[170.0,-22.75],[167.5,-22.6],[166.25,-21.62],[166.04,-21.75],[166.83,-22.5],[166.5,-22.81],[164.0,-23.18],[160.5,-22.63],[160.0,-23.17],[158.75,-23.45],[158.25,-23.98],[157.75,-24.06],[157.49,-25.0],[158.39,-26.75],[158.09,-27.5],[158.5,-28.21],[163.5,-33.28],[166.25,-35.11],[168.25,-35.29],[172.25,-36.65],[174.0,-37.94],[174.89,-39.25],[175.75,-39.25],[176.0,-39.73],[177.0,-38.87],[178.0,-38.4],[178.5,-37.67],[178.75,-37.71],[179.38,-38.75],[180.0,-40.54]]}},{"type":"Feature","properties":{"level":1020},"geometry":{"type":"LineString","coordinates":[[-139.08,-19.5],[-138.9,-19.5],[-139.08,-19.5]]}},{"type":"Feature","properties":{"level":1020},"geometry":{"type":"LineString","coordinates":[[38.93,6.5],[39.75,6.57],[40.14,7.0],[39.73,7.25],[38.75,6.76],[38.93,6.5]]}},{"type":"Feature","properties":{"level":1020},"geometry":{"type":"LineString","coordinates":[[104.19,23.0],[104.21,23.25],[103.75,23.59],[103.15,23.25],[104.19,23.0]]}},{"type":"Feature","properties":{"level":1020},"geometry":{"type":"LineString","coordinates":[[120.96,23.25],[121.55,24.25],[121.25,24.57],[121.21,24.0],[120.84,23.5],[120.96,23.25]]}},{"type":"Feature","properties":{"level":1020},"geometry":{"type":"LineString","coordinates":[[-143.81,27.0],[-140.5,27.11],[-137.25,27.58],[-135.75,27.47],[-134.25,27.8],[-132.75,28.48],[-130.47,30.5],[-129.72,32.5],[-129.46,37.75],[-128.37,42.25],[-128.71,43.0],[-128.62,43.5],[-129.0,44.02],[-129.75,44.54],[-131.75,44.83],[-132.75,45.29],[-134.75,45.68],[-137.75,45.73],[-140.75,45.07],[-143.08,44.0],[-146.21,41.75],[-150.94,37.25],[-152.86,34.25],[-152.99,32.5],[-153.41,31.5],[-152.5,29.71],[-151.5,29.54],[-150.25,28.34],[-149.75,28.59],[-149.5,27.92],[-148.25,28.15],[-147.25,27.43],[-143.81,27.0]]}},{"type":"Feature","properties":{"level":1020},"geometry":{"type":"LineString","coordinates":[[-180.0,28.06],[-179.25,28.51],[-174.75,29.26],[-171.0,31.34],[-167.52,33.75],[-165.5,34.74],[-163.75,36.04],[-162.75,37.09],[-161.22,39.5],[-160.94,40.75],[-161.06,41.5],[-161.75,41.94],[-161.95,42.5],[-163.0,43.46],[-164.5,43.93],[-165.5,44.57],[-168.25,45.32],[-172.0,45.54],[-174.75,45.05],[-177.25,45.11],[-177.9,45.0],[-178.18,44.5],[-180.0,43.72]]}},{"type":"Feature","properties":{"level":1020},"geometry":{"type":"LineString","coordinates":[[60.6,28.5],[61.0,28.3],[61.36,28.5],[61.03,29.25],[61.27,29.5],[60.75,30.05],[60.53,30.0],[60.81,29.25],[60.6,28.5]]}},{"type":"Feature","properties":{"level":1020},"geometry":{"type":"LineString","coordinates":[[66.44,28.5],[66.81,28.75],[66.9,29.5],[66.36,29.0],[66.44,28.5]]}},{"type":"Feature","properties":{"level":1020},"geometry":{"type":"LineString","coordinates":[[104.5,28.5],[103.83,29.25],[103.75,29.68],[104.25,29.48],[105.0,29.66],[105.76,29.0],[105.25,28.47],[104.5,28.5]]}},{"type":"Feature","properties":{"level":1020},"geometry":{"type":"LineString","coordinates":[[54.69,28.75],[55.0,28.58],[55.29,28.75],[54.62,29.25],[55.04,29.5],[54.25,29.52],[54.21,29.0],[54.69,28.75]]}},{"type":"Feature","properties":{"level":1020},"geometry":{"type":"LineString","coordinates":[[88.5,28.97],[86.97,29.25],[88.25,29.58],[89.44,29.25],[88.5,28.97]]}},{"type":"Feature","properties":{"level":1020},"geometry":{"type":"LineString","coordinates":[[12.44,29.5],[12.78,29.5],[13.5,30.67],[14.01,30.5],[13.89,31.0],[13.22,31.25],[13.39,31.5],[13.25,31.79],[11.75,31.56],[11.37,31.0],[11.74,30.0],[12.25,30.03],[12.44,29.5]]}},{"type":"Feature","properties":{"level":1020},"geometry":{"type":"LineString","coordinates":[[103.5,29.87],[103.29,30.25],[103.9,31.0],[104.5,31.27],[103.75,29.85],[103.5,29.87]]}},{"type":"Feature","properties":{"level":1020},"geometry":{"type":"LineString","coordinates":[[67.1,30.25],[68.0,30.37],[67.75,31.14],[66.75,31.08],[67.36,30.75],[67.1,30.25]]}},{"type":"Feature","properties":{"level":1020},"geometry":{"type":"LineString","coordinates":[[108.75,30.93],[108.54,31.0],[108.75,30.93]]}},{"type":"Feature","properties":{"level":1020},"geometry":{"type":"LineString","coordinates":[[-45.18,31.25],[-44.0,31.51],[-43.0,31.23],[-41.75,31.6],[-41.0,31.5],[-39.0,31.9],[-35.75,32.08],[-32.5,33.02],[-30.75,33.93],[-25.94,37.5],[-25.12,37.75],[-24.8,39.75],[-25.6,40.5],[-26.75,40.38],[-28.0,40.86],[-29.75,41.02],[-31.25,41.45],[-33.25,41.54],[-34.5,41.13],[-36.5,40.95],[-37.5,40.41],[-40.25,39.89],[-43.25,38.99],[-44.5,38.75],[-45.0,39.03],[-45.75,38.5],[-47.02,38.25],[-47.5,37.79],[-48.5,37.8],[-51.23,36.0],[-51.78,34.75],[-51.25,34.48],[-50.95,33.75],[-51.0,33.04],[-49.28,32.25],[-49.24,32.0],[-48.75,31.73],[-48.0,31.64],[-46.5,32.02],[-45.18,31.25]]}},{"type":"Feature","properties":{"level":1020},"geometry":{"type":"LineString","coordinates":[[108.5,31.04],[108.5,31.27],[108.5,31.04]]}},{"type":"Feature","properties":{"level":1020},"geometry":{"type":"LineString","coordinates":[[112.91,31.5],[113.08,31.5],[112.91,31.5]]}},{"type":"Feature","properties":{"level":1020},"geometry":{"type":"LineString","coordinates":[[79.75,32.47],[79.4,32.75],[79.5,32.91],[80.71,32.5],[80.0,32.3],[79.75,32.47]]}},{"type":"Feature","properties":{"level":1020},"geometry":{"type":"LineString","coordinates":[[82.5,32.48],[82.26,33.0],[83.34,33.0],[82.86,32.75],[83.34,32.5],[82.5,32.48]]}},{"type":"Feature","properties":{"level":1020},"geometry":{"type":"LineString","coordinates":[[81.5,32.74],[81.0,33.12],[80.5,32.89],[78.9,33.75],[80.0,33.9],[80.5,34.27],[80.97,34.0],[80.72,33.5],[81.55,33.25],[81.69,33.0],[81.5,32.74]]}},{"type":"Feature","properties":{"level":1020},"geometry":{"type":"LineString","coordinates":[[69.2,33.25],[69.5,33.22],[69.81,33.75],[70.53,34.0],[69.5,34.37],[69.2,33.25]]}},{"type":"Feature","properties":{"level":1020},"geometry":{"type":"LineString","coordinates":[[77.25,33.96],[76.73,34.25],[77.25,34.31],[77.83,34.0],[77.25,33.96]]}},{"type":"Feature","properties":{"level":1020},"geometry":{"type":"LineString","coordinates":[[47.75,35.97],[47.66,36.75],[46.89,37.5],[48.21,37.75],[48.25,38.06],[48.39,36.75],[48.25,36.57],[47.88,36.75],[48.32,36.0],[47.75,35.97]]}},{"type":"Feature","properties":{"level":1020},"geometry":{"type":"LineString","coordinates":[[80.75,36.48],[80.25,36.87],[78.69,37.25],[77.82,37.75],[77.25,38.81],[76.75,38.98],[76.75,39.35],[76.25,39.49],[76.25,39.75],[76.7,39.75],[77.5,39.07],[78.0,39.4],[78.25,39.16],[78.19,39.75],[79.0,40.01],[78.88,39.5],[79.25,39.45],[80.75,40.84],[82.75,41.54],[83.05,41.5],[82.52,41.25],[82.64,41.0],[85.5,40.4],[85.85,40.5],[85.9,41.0],[86.5,41.35],[87.53,41.0],[87.5,40.62],[88.0,40.51],[91.5,40.88],[91.58,40.5],[92.1,40.25],[92.39,39.75],[88.75,38.98],[87.0,38.33],[86.18,37.75],[85.25,37.6],[83.75,36.96],[82.5,36.87],[81.5,36.37],[80.75,36.48]]}},{"type":"Feature","properties":{"level":1020},"geometry":{"type":"LineString","coordinates":[[53.0,36.84],[52.82,37.0],[53.19,37.25],[53.58,37.25],[53.7,37.0],[53.0,36.84]]}},{"type":"Feature","properties":{"level":1020},"geometry":{"type":"LineString","coordinates":[[82.24,38.5],[83.75,38.31],[84.28,38.75],[84.25,39.25],[85.8,39.75],[85.25,40.07],[84.75,40.02],[84.5,39.61],[82.79,39.0],[82.24,38.5]]}},{"type":"Feature","properties":{"level":1020},"geometry":{"type":"LineString","coordinates":[[141.24,39.5],[141.75,39.43],[141.87,40.0],[141.0,40.32],[141.24,39.5]]}},{"type":"Feature","properties":{"level":1020},"geometry":{"type":"LineString","coordinates":[[-1.07,39.75],[-0.61,39.75],[0.36,40.75],[-0.25,40.73],[-1.25,41.24],[-2.14,41.0],[-2.24,40.75],[-1.97,40.25],[-1.5,40.1],[-1.25,40.49],[-0.89,40.25],[-1.07,39.75]]}},{"type":"Feature","properties":{"level":1020},"geometry":{"type":"LineString","coordinates":[[180.0,43.72],[177.5,43.4],[174.98,43.75],[174.68,44.0],[175.37,44.5],[175.38,44.75],[174.05,45.5],[173.01,46.5],[172.11,46.75],[169.0,48.42],[166.16,49.5],[162.5,51.56],[159.55,52.25],[159.0,52.63],[158.89,53.0],[159.83,54.25],[161.06,55.0],[160.75,56.39],[160.34,56.5],[160.74,58.25],[160.5,58.67],[159.75,58.56],[159.05,59.0],[158.52,60.25],[158.75,61.19],[160.0,61.73],[160.25,61.77],[160.5,61.47],[161.63,61.75],[161.9,62.0],[161.33,62.5],[161.82,62.75],[166.25,63.62],[166.6,63.75],[166.52,64.0],[168.63,64.5],[168.75,64.79],[171.5,66.43],[172.25,66.58],[172.1,67.25],[172.25,67.33],[173.25,67.27],[176.0,68.26],[177.5,68.14],[178.05,68.75],[176.75,69.56],[173.53,70.0],[170.5,71.15],[166.42,72.0],[160.91,73.75],[158.0,74.43],[151.0,75.23],[143.0,74.91],[137.75,73.85],[131.75,71.64],[129.75,71.29],[128.25,71.52],[125.5,70.94],[124.75,70.47],[124.35,69.5],[121.5,67.59],[120.5,66.3],[118.0,64.52],[105.25,60.55],[98.75,58.92],[97.0,58.07],[96.25,57.99],[95.1,56.75],[94.0,56.71],[93.02,56.0],[91.25,55.85],[89.0,55.01],[87.5,55.18],[86.0,54.3],[82.25,53.97],[80.0,54.28],[78.5,54.84],[76.25,55.98],[75.38,57.0],[75.25,57.51],[73.2,58.75],[71.59,59.25],[70.93,59.75],[65.75,61.47],[63.25,62.93],[60.0,64.15],[59.75,65.57],[56.0,67.28],[51.7,69.75],[50.46,71.25],[49.59,73.0],[48.7,74.0],[46.5,74.58],[38.75,75.21],[30.25,75.38],[24.5,75.18],[20.5,74.82],[15.97,74.0],[11.5,71.9],[11.17,71.5],[11.26,71.0],[10.62,70.25],[9.9,66.25],[8.62,64.5],[9.79,63.75],[9.13,63.25],[9.31,63.0],[8.0,62.63],[6.24,61.75],[5.5,60.5],[5.63,59.75],[5.29,59.0],[5.17,57.5],[3.05,50.5],[2.25,50.08],[2.16,49.75],[1.5,49.42],[1.0,48.82],[0.15,48.5],[-0.36,47.5],[-2.5,46.41],[-5.0,45.56],[-8.25,43.96],[-8.75,43.41],[-10.5,42.87],[-12.25,41.6],[-19.6,37.5],[-21.38,36.25],[-23.25,34.34],[-23.79,32.5],[-23.55,32.25],[-23.69,31.5],[-23.25,30.57],[-23.0,31.03],[-22.0,30.68],[-21.25,30.77],[-21.02,31.25],[-20.75,31.33],[-19.75,30.94],[-17.75,30.87],[-13.0,33.55],[-10.48,36.0],[-9.38,38.75],[-8.26,40.25],[-7.96,41.0],[-8.16,41.5],[-7.86,41.75],[-8.28,42.25],[-7.88,43.0],[-7.5,43.22],[-7.0,43.16],[-6.25,42.6],[-5.5,42.81],[-4.75,42.59],[-4.25,42.7],[-3.5,41.76],[-1.75,41.65],[-1.64,41.75],[-2.39,42.5],[-1.75,42.64],[2.13,42.0],[2.03,41.75],[2.5,41.59],[2.98,42.5],[2.69,42.75],[2.63,43.25],[3.0,43.52],[4.75,44.46],[5.5,44.26],[6.25,44.54],[6.5,43.96],[7.75,43.98],[8.25,44.5],[7.68,44.5],[7.5,45.06],[8.75,45.61],[9.5,45.0],[9.15,44.75],[9.28,44.5],[11.25,44.15],[11.75,43.73],[12.75,43.46],[12.92,43.5],[12.74,44.0],[13.25,44.46],[14.75,44.83],[15.25,44.34],[18.75,43.17],[19.75,42.59],[21.0,42.9],[21.75,44.03],[21.31,45.75],[21.74,46.75],[23.08,46.75],[22.38,47.5],[22.54,48.0],[23.5,48.25],[26.5,46.67],[26.65,47.5],[26.42,48.5],[27.26,49.5],[27.4,50.25],[27.0,51.13],[26.43,51.25],[25.75,52.19],[24.75,52.18],[22.25,52.96],[20.76,54.25],[19.46,54.75],[17.93,56.25],[17.5,57.5],[17.67,57.75],[19.75,58.72],[26.5,60.68],[30.75,61.28],[33.0,61.3],[48.75,59.99],[51.67,59.0],[51.25,58.75],[51.32,58.25],[51.0,58.05],[46.75,56.73],[43.17,55.0],[41.7,53.25],[41.17,52.0],[41.4,50.5],[43.9,46.5],[45.0,45.57],[47.25,44.46],[48.0,43.8],[49.5,42.07],[49.66,41.5],[49.49,41.0],[49.0,40.9],[47.82,41.5],[47.6,42.0],[46.5,42.6],[44.0,42.89],[42.5,43.65],[41.5,43.54],[41.35,43.5],[41.99,43.0],[43.25,42.61],[43.99,42.0],[43.25,41.42],[42.5,41.42],[41.97,41.0],[42.0,40.68],[41.5,40.54],[41.37,40.75],[41.6,41.0],[41.25,41.03],[40.5,40.61],[39.63,40.5],[40.14,40.25],[39.75,40.18],[39.5,39.73],[39.25,40.1],[38.56,39.25],[39.82,39.0],[40.25,38.56],[40.75,38.66],[41.75,38.29],[43.0,37.32],[44.5,37.02],[44.84,36.5],[45.75,36.29],[45.74,36.75],[45.25,36.83],[45.04,38.0],[44.74,38.25],[44.87,38.75],[44.4,39.75],[43.75,39.89],[43.48,40.25],[43.75,40.5],[44.5,40.38],[45.0,39.88],[45.53,39.75],[45.92,39.0],[45.9,38.5],[46.48,38.25],[46.02,37.75],[46.41,37.25],[46.59,36.25],[45.77,36.25],[46.44,35.5],[46.35,35.0],[47.0,34.74],[47.25,34.36],[47.57,34.5],[47.55,34.0],[47.75,33.88],[48.75,33.43],[49.0,33.63],[49.49,32.5],[50.28,31.75],[50.25,31.2],[50.75,31.13],[51.0,30.57],[51.5,30.44],[52.25,29.08],[52.75,28.83],[52.85,29.0],[52.45,29.5],[52.5,30.15],[53.25,30.4],[53.52,30.0],[54.07,30.0],[53.75,30.5],[52.84,31.0],[52.28,32.25],[51.22,32.5],[51.75,32.91],[53.13,32.25],[53.39,31.75],[54.5,30.94],[54.64,30.5],[55.74,29.5],[55.82,29.25],[55.5,28.93],[57.0,28.29],[57.25,28.76],[57.75,28.94],[58.25,28.43],[58.58,28.5],[57.36,30.75],[56.25,32.01],[55.75,32.33],[55.47,32.25],[56.56,30.25],[56.25,30.16],[54.6,31.0],[54.69,31.25],[53.32,32.5],[53.0,33.33],[52.25,33.44],[50.5,34.6],[50.24,35.0],[50.72,35.25],[50.71,35.5],[49.89,35.75],[49.64,36.0],[49.75,36.25],[52.0,35.31],[53.5,35.38],[54.0,35.01],[55.75,35.25],[56.25,35.55],[57.12,35.0],[57.25,34.62],[57.75,35.19],[58.25,35.04],[58.36,34.75],[57.94,34.5],[58.0,33.74],[57.5,33.66],[57.0,34.04],[57.16,33.5],[57.5,33.12],[58.0,33.47],[58.25,33.4],[59.32,32.5],[59.48,32.0],[60.25,31.59],[60.75,31.92],[61.0,32.86],[62.25,33.61],[63.0,33.36],[64.0,33.41],[64.16,33.25],[63.83,33.0],[64.25,32.9],[65.75,33.81],[66.75,33.93],[67.25,34.23],[67.33,34.0],[66.47,33.25],[66.54,32.75],[66.75,32.69],[68.06,33.5],[68.25,34.04],[69.07,34.75],[68.75,35.0],[69.5,35.1],[70.75,34.79],[71.5,35.08],[72.5,34.79],[74.5,33.31],[76.0,32.57],[77.0,31.75],[77.43,30.75],[78.77,30.25],[79.0,29.96],[80.33,29.75],[80.75,29.28],[81.25,29.25],[82.75,28.29],[84.45,28.25],[86.5,27.37],[87.0,27.29],[87.25,27.5],[88.0,26.97],[88.5,27.32],[89.75,26.9],[92.0,27.0],[93.0,27.67],[93.25,27.32],[93.59,27.5],[93.2,27.75],[93.46,28.0],[95.0,28.63],[96.45,28.0],[97.0,27.12],[97.25,27.72],[98.0,27.62],[98.33,26.0],[98.25,25.14],[99.0,25.34],[99.5,25.21],[100.06,25.5],[100.25,26.27],[100.75,26.4],[101.26,27.0],[102.0,27.4],[102.25,27.34],[102.5,26.79],[103.0,26.88],[103.5,25.82],[103.74,25.75],[103.45,25.25],[103.61,24.75],[103.75,24.48],[104.0,24.5],[104.23,25.25],[103.74,26.0],[104.0,26.36],[104.5,26.54],[104.75,26.34],[106.0,26.37],[107.0,26.86],[106.83,27.5],[108.01,28.5],[108.25,29.41],[108.65,29.5],[108.43,29.25],[108.75,28.88],[109.25,29.52],[110.75,29.57],[111.38,30.25],[111.02,30.75],[112.15,31.25],[112.25,31.79],[113.0,32.23],[114.13,32.0],[113.71,32.5],[114.21,33.75],[114.58,34.5],[115.96,35.75],[116.03,36.5],[117.75,36.82],[118.01,37.5],[119.75,38.02],[120.16,38.5],[121.5,39.1],[124.0,40.91],[125.34,41.25],[126.06,42.0],[125.96,42.75],[126.34,43.5],[126.0,44.11],[121.53,46.75],[121.01,47.5],[120.94,48.5],[119.75,48.94],[118.99,49.75],[118.37,50.0],[118.72,51.75],[118.25,52.25],[118.16,53.0],[119.36,54.0],[119.5,54.53],[119.82,54.75],[119.3,55.0],[119.47,55.25],[119.2,55.5],[119.59,56.0],[121.25,56.35],[124.75,58.32],[129.0,58.64],[131.75,59.32],[135.0,59.76],[136.05,59.5],[137.0,58.72],[139.5,58.1],[139.81,57.75],[142.25,57.97],[144.0,57.32],[146.0,55.96],[146.88,54.75],[146.85,53.5],[146.34,51.25],[144.0,48.98],[143.0,47.59],[142.07,47.5],[141.92,46.25],[142.0,45.98],[142.64,45.75],[142.65,45.5],[141.77,45.25],[141.37,43.25],[140.72,43.0],[140.63,42.5],[141.0,42.0],[141.78,41.75],[142.34,40.75],[144.75,40.64],[151.25,41.21],[157.25,40.38],[162.0,40.05],[164.75,40.64],[168.25,40.77],[170.72,40.0],[171.0,39.62],[171.69,39.5],[172.0,39.18],[172.25,39.38],[172.51,39.25],[172.15,38.75],[172.1,37.0],[171.75,36.67],[168.25,35.26],[167.0,34.4],[165.25,33.8],[164.59,33.25],[163.81,32.0],[163.89,30.25],[163.66,29.75],[164.14,28.25],[166.5,27.05],[168.0,26.86],[169.25,27.24],[173.0,26.93],[180.0,28.06]]}},{"type":"Feature","properties":{"level":1020},"geometry":{"type":"LineString","coordinates":[[11.25,44.45],[11.09,44.5],[11.25,44.45]]}},{"type":"Feature","properties":{"level":1020},"geometry":{"type":"LineString","coordinates":[[-80.57,50.5],[-78.0,50.66],[-76.5,51.21],[-73.0,51.17],[-69.75,51.89],[-68.57,52.5],[-68.12,54.25],[-68.55,55.25],[-70.17,57.0],[-73.25,58.76],[-76.75,59.94],[-81.75,60.39],[-88.17,60.25],[-93.0,59.55],[-96.25,58.36],[-98.75,57.8],[-100.25,56.96],[-101.0,56.87],[-102.51,55.75],[-102.73,55.25],[-96.75,54.58],[-92.0,52.73],[-88.0,51.68],[-85.09,51.0],[-80.57,50.5]]}},{"type":"Feature","properties":{"level":1020},"geometry":{"type":"LineString","coordinates":[[-49.05,76.5],[-46.25,76.34],[-32.28,77.75],[-30.89,78.0],[-30.29,78.5],[-32.98,79.75],[-34.75,80.11],[-42.75,80.47],[-50.75,79.67],[-58.24,78.0],[-58.38,77.75],[-51.5,77.08],[-49.05,76.5]]}},{"type":"Feature","properties":{"level":1024},"geometry":{"type":"LineString","coordinates":[[52.0,-89.26],[75.25,-89.02],[79.94,-89.25],[65.75,-89.42],[52.0,-89.26]]}},{"type":"Feature","properties":{"level":1024},"geometry":{"type":"LineString","coordinates":[[180.0,-88.39],[162.25,-88.48],[140.82,-88.0],[137.32,-87.75],[129.75,-86.15],[123.75,-85.71],[119.25,-85.08],[112.0,-84.79],[103.5,-85.76],[98.0,-86.08],[58.5,-86.89],[37.75,-87.63],[25.0,-87.68],[-1.25,-88.77],[-49.5,-88.77],[-124.25,-88.35],[-180.0,-88.39]]}},{"type":"Feature","properties":{"level":1024},"geometry":{"type":"LineString","coordinates":[[117.46,-82.75],[123.33,-82.5],[123.97,-82.25],[122.91,-81.75],[123.73,-81.5],[123.47,-81.25],[126.25,-80.86],[126.5,-80.5],[129.17,-79.5],[129.62,-79.0],[129.2,-77.5],[126.9,-76.5],[127.3,-76.25],[133.25,-76.06],[139.5,-75.52],[143.25,-75.73],[147.75,-76.4],[149.5,-76.29],[149.7,-76.0],[148.82,-74.5],[148.0,-74.07],[143.5,-72.83],[139.5,-72.07],[134.5,-72.74],[127.75,-73.02],[108.75,-73.02],[106.75,-72.72],[101.75,-72.48],[100.0,-72.85],[98.5,-72.71],[98.25,-72.93],[97.75,-72.74],[97.25,-73.05],[95.0,-73.26],[92.23,-73.75],[91.75,-74.02],[88.75,-74.07],[86.0,-74.67],[82.84,-76.0],[82.62,-76.25],[82.93,-77.0],[82.12,-78.0],[85.0,-78.48],[89.25,-78.7],[89.33,-79.0],[90.61,-79.75],[90.39,-80.0],[92.6,-80.5],[99.0,-80.84],[101.25,-80.4],[103.94,-80.5],[104.18,-80.25],[103.66,-79.75],[103.73,-79.5],[103.11,-79.25],[103.75,-79.11],[104.25,-79.37],[105.75,-79.46],[106.75,-79.27],[110.5,-77.31],[112.32,-77.75],[114.0,-78.5],[115.03,-79.25],[115.5,-80.27],[117.5,-80.23],[119.04,-80.5],[119.35,-80.75],[117.5,-80.71],[115.84,-81.0],[115.54,-81.25],[115.92,-81.5],[115.79,-81.75],[113.94,-82.25],[115.25,-82.64],[117.46,-82.75]]}},{"type":"Feature","properties":{"level":1024},"geometry":{"type":"LineString","coordinates":[[128.44,-81.25],[129.65,-81.25],[128.44,-81.25]]}},{"type":"Feature","properties":{"level":1024},"geometry":{"type":"LineString","coordinates":[[34.12,-80.75],[35.42,-80.75],[36.33,-80.5],[36.46,-80.25],[34.92,-79.75],[35.14,-79.5],[31.74,-78.5],[32.65,-78.25],[30.25,-77.96],[28.47,-77.25],[28.5,-77.0],[27.49,-76.5],[23.5,-74.95],[16.0,-75.52],[15.53,-75.75],[15.74,-76.0],[14.46,-76.5],[14.93,-77.0],[12.76,-76.75],[14.25,-77.27],[15.75,-77.4],[18.02,-78.5],[23.5,-79.94],[34.12,-80.75]]}},{"type":"Feature","properties":{"level":1024},"geometry":{"type":"LineString","coordinates":[[120.25,-80.52],[120.02,-80.5],[121.05,-80.5],[120.25,-80.52]]}},{"type":"Feature","properties":{"level":1024},"geometry":{"type":"LineString","coordinates":[[75.5,-80.0],[76.75,-80.16],[78.32,-79.75],[78.07,-79.5],[76.5,-79.32],[74.8,-79.5],[75.5,-80.0]]}},{"type":"Feature","properties":{"level":1024},"geometry":{"type":"LineString","coordinates":[[-54.12,-50.5],[-52.75,-50.49],[-50.43,-50.0],[-47.71,-48.75],[-45.93,-46.75],[-45.2,-45.5],[-45.5,-44.01],[-47.75,-42.78],[-49.75,-42.29],[-52.25,-42.43],[-56.35,-43.5],[-57.61,-45.25],[-57.69,-46.5],[-57.46,-47.75],[-56.5,-49.34],[-55.25,-50.13],[-54.12,-50.5]]}},{"type":"Feature","properties":{"level":1024},"geometry":{"type":"LineString","coordinates":[[117.6,-43.75],[121.0,-43.8],[122.75,-43.57],[127.25,-42.23],[131.33,-40.5],[134.11,-39.25],[134.86,-38.75],[135.55,-37.75],[137.61,-36.75],[138.39,-35.75],[139.5,-35.0],[139.48,-34.25],[139.75,-33.85],[140.21,-33.75],[138.75,-32.49],[137.5,-33.23],[136.75,-32.02],[135.5,-31.89],[134.75,-31.42],[133.0,-30.99],[131.48,-30.25],[125.0,-29.35],[123.0,-29.64],[122.06,-30.5],[120.25,-31.29],[116.5,-31.91],[115.75,-33.09],[114.75,-33.28],[113.0,-33.38],[109.75,-32.11],[107.5,-31.55],[106.75,-31.65],[106.0,-32.49],[105.75,-32.42],[104.98,-34.5],[104.61,-35.25],[104.25,-35.46],[104.08,-37.0],[105.0,-39.79],[107.75,-41.71],[110.75,-42.9],[114.25,-43.55],[117.6,-43.75]]}},{"type":"Feature","properties":{"level":1024},"geometry":{"type":"LineString","coordinates":[[54.43,-41.25],[55.5,-41.35],[63.25,-40.67],[68.0,-40.01],[72.25,-39.12],[74.79,-37.75],[75.58,-36.75],[75.51,-36.25],[75.99,-35.25],[76.04,-34.25],[76.42,-33.75],[76.4,-32.0],[75.46,-30.25],[75.42,-29.75],[74.05,-28.25],[71.75,-27.03],[68.23,-25.75],[67.93,-25.0],[67.0,-24.31],[63.75,-22.71],[58.75,-20.98],[55.5,-20.82],[55.22,-21.0],[55.25,-21.58],[53.5,-21.04],[52.0,-20.94],[50.0,-21.24],[48.9,-20.25],[49.16,-18.0],[49.09,-17.0],[48.75,-16.78],[47.5,-18.23],[47.19,-18.25],[46.73,-20.0],[46.91,-20.25],[46.67,-20.75],[46.75,-22.28],[46.25,-22.66],[46.17,-23.0],[46.36,-23.75],[46.81,-24.25],[46.75,-24.52],[47.6,-25.0],[47.43,-26.25],[45.92,-28.0],[43.17,-30.25],[42.0,-31.65],[41.61,-32.5],[41.46,-34.75],[41.67,-35.75],[43.36,-37.5],[44.73,-38.25],[46.91,-39.0],[47.25,-39.43],[51.0,-40.74],[54.43,-41.25]]}},{"type":"Feature","properties":{"level":1024},"geometry":{"type":"LineString","coordinates":[[-180.0,-31.33],[-178.75,-31.58],[-176.5,-31.6],[-174.25,-31.15],[-171.75,-32.51],[-171.25,-32.57],[-171.0,-32.22],[-170.7,-32.5],[-170.45,-33.25],[-170.67,-33.5],[-169.92,-34.0],[-169.72,-34.5],[-169.81,-35.5],[-169.25,-36.62],[-168.93,-36.75],[-169.5,-36.83],[-169.98,-37.25],[-170.69,-39.0],[-170.98,-40.75],[-170.95,-42.75],[-171.36,-43.75],[-171.32,-44.75],[-171.64,-45.5],[-170.88,-46.75],[-169.0,-47.72],[-166.5,-48.2],[-159.0,-48.17],[-156.37,-47.5],[-153.5,-45.94],[-148.93,-42.5],[-146.69,-40.25],[-144.99,-39.0],[-141.31,-34.75],[-140.7,-33.5],[-141.12,-32.0],[-141.02,-31.0],[-141.19,-30.5],[-140.49,-30.25],[-140.64,-29.75],[-141.25,-29.47],[-142.5,-29.37],[-144.0,-28.12],[-145.5,-27.62],[-146.0,-26.89],[-147.5,-26.72],[-148.25,-26.21],[-151.25,-25.72],[-152.25,-25.78],[-151.87,-25.5],[-152.75,-25.47],[-153.5,-25.02],[-154.0,-25.08],[-154.25,-25.58],[-155.5,-24.84],[-156.5,-24.63],[-162.25,-24.43],[-162.75,-24.21],[-167.0,-24.66],[-168.75,-24.61],[-171.0,-25.15],[-171.5,-25.04],[-171.75,-25.55],[-173.0,-25.51],[-177.5,-26.41],[-179.25,-27.17],[-179.68,-28.25],[-179.56,-28.75],[-180.0,-29.22]]}},{"type":"Feature","properties":{"level":1024},"geometry":{"type":"LineString","coordinates":[[180.0,-29.22],[179.5,-29.46],[178.99,-29.25],[178.14,-30.0],[177.93,-30.75],[178.75,-31.28],[180.0,-31.33]]}},{"type":"Feature","properties":{"level":1024},"geometry":{"type":"LineString","coordinates":[[-154.53,-25.25],[-154.5,-25.41],[-154.53,-25.25]]}},{"type":"Feature","properties":{"level":1024},"geometry":{"type":"LineString","coordinates":[[98.8,26.5],[99.25,26.36],[100.5,27.59],[101.0,27.61],[101.5,28.14],[101.66,28.75],[102.04,29.0],[102.33,30.0],[103.44,31.25],[103.5,31.9],[103.14,32.0],[103.21,32.25],[102.75,32.59],[102.5,32.46],[102.0,32.65],[101.39,32.25],[100.88,32.25],[100.29,33.0],[100.41,33.5],[102.0,33.04],[103.75,33.1],[103.75,32.1],[104.23,32.75],[104.16,33.25],[104.68,33.25],[104.38,33.75],[104.5,33.99],[104.75,33.62],[104.98,33.75],[105.21,34.5],[104.69,34.75],[104.75,35.09],[105.06,35.25],[104.3,35.5],[104.0,35.84],[103.75,35.39],[102.88,35.75],[102.85,36.5],[103.85,37.0],[102.16,38.25],[101.76,39.0],[102.3,39.25],[102.0,39.61],[104.0,40.01],[105.0,39.89],[105.75,40.3],[107.58,40.0],[107.09,39.5],[108.0,38.78],[108.75,39.62],[109.28,39.25],[109.09,39.0],[110.25,38.74],[111.5,39.63],[111.88,39.25],[111.2,38.25],[111.5,37.57],[111.71,37.75],[111.54,38.25],[112.75,38.99],[113.33,39.0],[113.75,39.32],[114.5,39.29],[116.75,40.51],[118.15,40.5],[119.85,41.0],[120.67,42.0],[121.49,42.5],[121.41,43.25],[120.28,44.75],[120.38,45.0],[120.07,45.25],[120.21,45.5],[119.34,47.0],[119.0,47.32],[117.64,47.75],[116.59,48.75],[116.49,49.25],[115.45,50.0],[115.57,50.25],[115.17,51.5],[115.09,52.75],[115.37,53.25],[115.2,53.5],[116.0,53.91],[116.25,53.76],[116.9,54.0],[117.0,54.26],[117.34,54.25],[117.0,53.75],[117.5,53.89],[117.79,54.75],[116.93,55.0],[116.62,54.25],[116.25,54.15],[116.08,54.5],[116.36,54.75],[115.38,55.25],[115.59,55.75],[116.0,55.52],[117.5,56.05],[118.25,56.08],[119.81,56.75],[119.81,57.0],[120.22,57.25],[120.25,58.0],[121.01,58.75],[120.89,59.0],[121.38,60.0],[120.65,60.5],[120.67,60.75],[121.25,61.0],[121.75,61.8],[120.7,62.0],[120.5,60.92],[119.25,61.44],[114.5,61.3],[112.75,60.66],[111.0,60.46],[106.5,59.0],[104.5,58.73],[100.75,57.17],[99.87,56.5],[99.68,55.75],[98.89,55.0],[98.0,55.28],[95.09,54.75],[94.25,54.91],[93.31,54.75],[92.77,54.25],[92.68,53.5],[93.02,53.25],[91.5,53.0],[89.75,52.97],[89.75,53.56],[88.5,54.15],[88.24,54.0],[88.24,53.5],[86.78,52.0],[85.5,51.62],[82.0,51.55],[80.0,51.09],[78.25,51.22],[77.27,52.25],[74.25,53.91],[71.25,56.5],[70.0,57.21],[64.25,58.82],[61.5,59.3],[61.0,59.25],[60.63,58.75],[60.64,58.0],[60.25,57.66],[58.25,57.64],[51.75,55.94],[48.72,54.25],[47.75,54.07],[45.95,53.25],[45.38,52.25],[45.37,50.75],[45.83,48.75],[46.57,47.5],[49.75,45.0],[52.75,41.57],[54.67,40.0],[54.5,39.69],[55.75,39.86],[58.13,38.75],[58.34,38.5],[58.17,38.25],[57.0,38.65],[56.69,38.5],[56.94,38.0],[57.93,37.5],[57.25,37.25],[58.88,36.25],[59.05,36.0],[58.68,35.5],[59.58,35.25],[60.25,34.68],[60.5,34.57],[61.0,35.24],[61.5,35.19],[62.25,35.54],[62.75,36.19],[63.77,35.75],[63.54,35.5],[64.04,35.0],[62.25,34.93],[62.06,34.75],[63.75,33.99],[65.0,34.04],[66.75,34.7],[68.25,34.6],[68.5,35.09],[69.25,35.35],[71.13,35.25],[71.54,36.0],[72.5,36.62],[73.5,36.66],[74.67,36.25],[75.0,35.51],[75.5,35.66],[76.25,35.43],[77.0,34.86],[77.25,34.96],[78.5,34.25],[78.73,34.5],[77.86,36.0],[78.36,36.0],[78.75,35.55],[79.5,35.66],[80.52,35.0],[80.25,34.91],[80.25,34.64],[80.5,34.67],[80.75,34.31],[81.5,34.26],[82.25,33.32],[83.56,33.5],[83.25,33.5],[83.0,34.0],[83.38,34.5],[83.25,35.0],[82.72,35.0],[82.5,35.52],[83.5,35.7],[84.75,35.53],[84.72,35.25],[83.81,35.0],[83.93,34.75],[83.58,33.75],[84.5,33.93],[85.25,33.13],[86.25,33.11],[86.5,32.71],[86.71,32.75],[86.75,33.08],[86.95,33.0],[86.8,32.75],[87.25,32.82],[87.23,32.5],[87.5,32.33],[88.29,32.5],[88.75,33.17],[89.81,33.5],[90.13,32.5],[90.5,32.78],[90.8,32.5],[90.5,32.17],[89.77,32.0],[89.37,31.5],[89.42,31.25],[90.0,31.2],[90.5,31.53],[90.43,31.0],[90.92,30.75],[90.0,30.35],[89.5,30.3],[89.25,30.57],[89.04,30.25],[90.5,29.44],[90.72,30.25],[91.5,30.18],[91.96,29.75],[91.89,29.0],[91.25,29.03],[90.5,28.71],[90.0,29.12],[89.75,28.77],[87.5,28.85],[86.73,28.5],[86.49,28.75],[86.64,29.0],[85.54,29.25],[85.75,29.62],[86.0,29.56],[86.0,29.87],[85.75,29.83],[84.75,30.57],[84.25,30.59],[83.53,31.25],[83.73,31.75],[83.25,32.3],[82.3,31.75],[82.5,31.55],[83.0,31.68],[83.25,31.21],[82.75,31.17],[82.0,31.63],[81.0,31.69],[80.5,32.02],[80.24,31.25],[79.75,31.21],[79.05,31.75],[79.32,32.5],[78.5,32.5],[78.19,32.75],[78.29,33.0],[75.87,34.5],[75.83,35.0],[75.25,35.47],[74.25,35.26],[73.5,35.38],[73.1,35.0],[74.0,34.18],[74.25,34.57],[74.83,34.25],[75.25,33.6],[74.25,34.08],[74.47,33.5],[75.75,33.37],[75.74,33.0],[76.25,32.77],[76.47,32.25],[77.25,32.0],[77.5,31.56],[78.75,30.6],[79.5,30.53],[79.75,30.1],[80.5,30.01],[81.5,29.45],[82.0,29.68],[81.89,29.0],[82.75,29.01],[83.0,28.47],[84.5,28.4],[86.5,27.56],[87.25,27.65],[88.0,27.32],[88.5,27.54],[89.75,27.11],[90.0,27.52],[90.5,27.24],[91.5,27.53],[92.0,27.25],[92.75,27.67],[93.25,28.34],[94.25,28.48],[95.0,29.23],[95.25,28.72],[96.0,28.7],[96.5,28.36],[96.81,28.0],[96.75,27.71],[98.0,27.96],[98.5,27.5],[98.8,26.5]]}},{"type":"Feature","properties":{"level":1024},"geometry":{"type":"LineString","coordinates":[[57.13,29.25],[57.51,29.25],[57.25,29.75],[56.75,29.6],[56.25,29.75],[56.5,29.37],[57.13,29.25]]}},{"type":"Feature","properties":{"level":1024},"geometry":{"type":"LineString","coordinates":[[98.0,29.94],[96.48,31.25],[96.67,31.5],[97.26,31.5],[97.25,31.77],[97.82,31.5],[98.12,31.0],[98.16,30.0],[98.0,29.94]]}},{"type":"Feature","properties":{"level":1024},"geometry":{"type":"LineString","coordinates":[[85.97,31.0],[86.25,30.92],[86.75,31.42],[87.5,31.2],[87.86,31.5],[87.75,31.8],[87.0,31.64],[86.0,31.82],[86.34,31.5],[85.97,31.0]]}},{"type":"Feature","properties":{"level":1024},"geometry":{"type":"LineString","coordinates":[[96.25,31.68],[95.66,32.0],[95.66,32.25],[96.23,32.25],[97.0,32.61],[96.46,32.0],[96.5,31.72],[96.25,31.68]]}},{"type":"Feature","properties":{"level":1024},"geometry":{"type":"LineString","coordinates":[[-180.0,32.73],[-178.75,32.97],[-177.75,32.74],[-175.59,32.75],[-173.75,33.67],[-171.75,34.32],[-168.5,36.67],[-168.34,37.0],[-168.52,37.5],[-168.18,38.25],[-168.5,38.69],[-169.0,38.79],[-169.27,39.25],[-170.31,39.25],[-171.0,40.15],[-171.01,40.75],[-171.25,40.94],[-173.5,41.89],[-177.75,41.49],[-180.0,40.83]]}},{"type":"Feature","properties":{"level":1024},"geometry":{"type":"LineString","coordinates":[[-140.53,33.5],[-138.0,33.61],[-136.17,34.75],[-135.01,36.25],[-134.32,37.75],[-133.78,39.75],[-135.25,41.53],[-137.75,42.09],[-141.0,41.51],[-143.5,40.12],[-145.42,38.0],[-145.66,36.5],[-144.5,34.77],[-142.75,33.86],[-140.53,33.5]]}},{"type":"Feature","properties":{"level":1024},"geometry":{"type":"LineString","coordinates":[[106.55,33.5],[107.25,33.63],[109.0,33.3],[109.45,33.5],[109.51,34.0],[108.5,33.9],[107.0,34.35],[106.25,35.81],[106.03,35.75],[105.79,34.25],[106.55,33.5]]}},{"type":"Feature","properties":{"level":1024},"geometry":{"type":"LineString","coordinates":[[72.16,35.25],[72.75,35.12],[73.75,36.0],[72.25,36.1],[71.9,35.75],[72.16,35.25]]}},{"type":"Feature","properties":{"level":1024},"geometry":{"type":"LineString","coordinates":[[52.0,35.75],[52.5,35.68],[52.8,36.0],[50.73,36.5],[50.74,36.25],[51.14,36.0],[52.0,35.75]]}},{"type":"Feature","properties":{"level":1024},"geometry":{"type":"LineString","coordinates":[[68.75,35.74],[68.25,36.3],[67.5,36.62],[66.75,36.25],[66.5,36.5],[65.75,36.32],[65.0,36.5],[64.14,37.5],[63.73,38.5],[65.0,39.62],[65.5,39.75],[66.25,39.68],[66.9,39.0],[66.3,38.25],[66.75,37.89],[68.0,38.55],[69.0,38.59],[69.89,38.25],[70.15,37.5],[69.92,37.25],[70.25,37.25],[70.33,37.0],[69.25,36.44],[68.75,35.74]]}},{"type":"Feature","properties":{"level":1024},"geometry":{"type":"LineString","coordinates":[[100.5,35.71],[99.25,36.46],[99.25,36.69],[100.0,36.37],[100.75,36.41],[101.59,36.0],[100.5,35.71]]}},{"type":"Feature","properties":{"level":1024},"geometry":{"type":"LineString","coordinates":[[82.25,35.91],[82.01,36.0],[83.05,36.0],[83.0,35.84],[82.25,35.91]]}},{"type":"Feature","properties":{"level":1024},"geometry":{"type":"LineString","coordinates":[[97.5,35.96],[96.0,36.35],[94.75,36.16],[92.75,36.57],[91.93,37.5],[91.89,37.75],[92.52,38.25],[92.13,38.75],[92.29,39.0],[91.5,39.12],[90.34,39.0],[90.13,38.25],[90.25,38.07],[90.75,38.28],[90.82,38.0],[89.76,38.0],[89.95,38.25],[89.86,38.75],[89.5,38.79],[89.31,38.5],[88.5,38.2],[87.29,38.0],[87.25,37.45],[86.25,37.47],[83.75,36.57],[82.25,36.53],[81.75,36.15],[80.5,36.2],[80.25,36.57],[80.14,36.25],[79.75,36.24],[79.5,36.56],[78.25,37.09],[76.8,37.25],[76.93,37.5],[76.47,38.0],[76.53,38.25],[75.0,39.5],[76.75,40.26],[79.12,40.75],[79.25,41.0],[78.92,41.25],[79.5,41.69],[80.25,41.61],[82.75,42.32],[85.5,42.1],[86.25,42.59],[88.5,42.46],[88.0,42.56],[87.87,43.0],[88.75,43.27],[89.75,43.15],[91.25,43.37],[91.75,43.62],[92.25,43.33],[93.75,43.11],[95.5,42.33],[95.04,41.75],[95.27,41.25],[98.21,40.25],[97.75,39.84],[95.5,39.81],[95.0,39.48],[93.02,39.25],[95.75,37.19],[96.5,37.04],[96.75,37.34],[97.5,37.32],[98.38,37.0],[98.0,37.0],[98.03,36.25],[97.5,35.96]]}},{"type":"Feature","properties":{"level":1024},"geometry":{"type":"LineString","coordinates":[[61.5,36.49],[60.74,37.0],[61.25,37.12],[61.5,36.49]]}},{"type":"Feature","properties":{"level":1024},"geometry":{"type":"LineString","coordinates":[[74.5,37.44],[73.78,38.0],[73.78,38.5],[74.0,38.62],[75.0,38.29],[75.2,38.0],[74.75,37.35],[74.5,37.44]]}},{"type":"Feature","properties":{"level":1024},"geometry":{"type":"LineString","coordinates":[[99.5,39.2],[98.7,39.5],[98.6,39.75],[99.5,39.82],[99.89,39.5],[99.5,39.2]]}},{"type":"Feature","properties":{"level":1024},"geometry":{"type":"LineString","coordinates":[[180.0,40.83],[179.25,40.98],[177.9,40.25],[177.25,39.55],[177.0,38.9],[175.04,36.5],[174.27,34.75],[174.55,34.5],[174.03,34.0],[174.14,33.75],[173.88,33.5],[175.75,32.55],[178.75,32.49],[179.5,32.79],[180.0,32.73]]}},{"type":"Feature","properties":{"level":1024},"geometry":{"type":"LineString","coordinates":[[46.19,42.0],[46.72,42.0],[46.38,42.25],[45.36,42.25],[46.19,42.0]]}},{"type":"Feature","properties":{"level":1024},"geometry":{"type":"LineString","coordinates":[[156.85,42.75],[160.25,42.63],[164.5,43.18],[167.61,44.25],[168.06,45.0],[167.26,45.5],[166.25,46.66],[165.0,47.46],[160.75,49.44],[156.5,50.77],[155.75,51.89],[155.08,52.0],[154.75,52.54],[153.75,52.88],[152.75,52.85],[151.5,52.12],[149.5,50.28],[149.0,50.07],[147.76,48.5],[147.56,48.0],[147.65,46.75],[147.29,45.75],[147.52,45.25],[146.98,44.25],[148.25,44.23],[151.0,43.69],[151.75,43.31],[156.85,42.75]]}},{"type":"Feature","properties":{"level":1024},"geometry":{"type":"LineString","coordinates":[[14.65,45.5],[16.25,45.77],[17.34,47.5],[17.5,48.53],[18.21,48.75],[18.5,49.21],[19.0,49.21],[19.5,48.89],[20.25,49.38],[21.1,49.5],[20.25,49.58],[17.75,50.42],[16.7,51.0],[15.86,52.0],[15.65,53.0],[14.75,53.38],[14.09,54.0],[14.07,56.0],[14.46,56.75],[14.75,58.56],[15.5,59.34],[19.75,61.92],[27.75,63.05],[34.75,62.74],[40.25,62.18],[44.75,62.08],[51.75,61.17],[56.25,59.63],[59.0,59.22],[59.85,59.25],[59.45,60.0],[59.84,61.5],[58.25,62.68],[57.93,63.25],[56.75,63.54],[56.04,64.25],[53.06,66.25],[49.14,68.0],[45.25,71.24],[42.25,72.87],[39.81,73.25],[32.0,73.62],[27.58,73.25],[26.75,72.64],[23.54,72.0],[23.03,71.5],[21.89,71.25],[20.0,70.13],[19.0,70.06],[17.25,69.26],[17.46,69.0],[17.25,68.84],[16.36,68.5],[16.36,68.25],[15.25,67.49],[13.42,66.5],[12.37,64.75],[12.02,63.25],[10.98,62.75],[11.2,62.5],[11.0,62.05],[9.75,61.86],[9.25,61.36],[8.5,61.43],[7.38,60.5],[7.5,60.36],[8.5,60.7],[8.72,60.5],[7.75,59.89],[7.5,59.4],[6.99,59.25],[7.13,58.5],[8.5,57.93],[8.92,57.0],[7.85,55.75],[7.87,54.0],[7.56,53.0],[7.72,51.5],[7.27,51.25],[7.25,50.5],[6.34,50.5],[6.92,50.0],[6.72,49.5],[7.23,48.75],[6.8,47.75],[7.0,47.64],[7.34,48.0],[7.42,48.75],[7.86,48.75],[7.63,47.5],[6.77,47.25],[7.41,47.0],[7.36,46.75],[9.0,46.95],[9.5,46.61],[10.25,47.26],[10.5,46.9],[13.0,46.61],[13.81,46.25],[14.65,45.5]]}},{"type":"Feature","properties":{"level":1024},"geometry":{"type":"LineString","coordinates":[[146.9,45.75],[147.0,45.6],[147.2,45.75],[146.9,45.75]]}},{"type":"Feature","properties":{"level":1024},"geometry":{"type":"LineString","coordinates":[[-82.72,53.25],[-81.0,53.51],[-80.5,53.24],[-79.75,53.24],[-79.47,53.5],[-79.69,54.5],[-79.25,54.71],[-79.0,54.73],[-78.5,54.17],[-77.5,54.17],[-77.0,53.71],[-76.25,53.93],[-75.0,53.58],[-74.5,53.81],[-74.0,53.46],[-73.47,53.75],[-73.43,54.25],[-73.47,54.5],[-74.68,55.25],[-74.73,56.25],[-75.25,56.96],[-76.25,57.52],[-79.25,58.21],[-85.0,58.53],[-87.75,58.1],[-89.76,57.5],[-89.86,57.25],[-89.39,56.75],[-89.91,56.25],[-89.32,55.0],[-88.0,54.66],[-87.25,54.14],[-84.25,53.88],[-83.25,53.29],[-82.72,53.25]]}},{"type":"Feature","properties":{"level":1024},"geometry":{"type":"LineString","coordinates":[[156.88,53.5],[157.35,53.5],[157.59,54.5],[156.97,54.5],[156.72,54.0],[157.03,53.75],[156.88,53.5]]}},{"type":"Feature","properties":{"level":1024},"geometry":{"type":"LineString","coordinates":[[157.67,55.5],[158.25,55.3],[159.11,56.25],[158.23,56.5],[158.54,56.25],[158.25,56.24],[157.67,55.5]]}},{"type":"Feature","properties":{"level":1024},"geometry":{"type":"LineString","coordinates":[[-74.73,56.0],[-74.42,56.0],[-74.73,56.0]]}},{"type":"Feature","properties":{"level":1024},"geometry":{"type":"LineString","coordinates":[[138.96,59.25],[139.25,59.03],[140.0,59.05],[143.0,60.08],[146.0,59.51],[146.27,59.75],[148.0,60.09],[149.25,60.11],[150.5,59.83],[153.75,60.14],[155.25,60.75],[156.75,61.81],[159.0,62.62],[159.48,63.0],[161.25,63.48],[162.75,63.59],[164.25,64.24],[163.75,64.52],[165.5,64.8],[165.68,65.25],[167.7,65.75],[169.07,66.75],[168.67,67.25],[168.75,67.48],[169.52,67.75],[169.0,68.58],[168.5,68.86],[162.9,69.75],[161.25,70.55],[157.75,71.3],[153.25,72.79],[149.0,73.24],[142.75,72.69],[140.25,71.87],[137.52,70.25],[135.5,70.29],[133.5,69.82],[132.82,69.5],[132.84,69.25],[132.46,69.0],[131.5,68.66],[130.25,69.31],[129.5,68.95],[129.0,69.41],[127.0,69.32],[126.54,68.75],[126.83,68.5],[125.69,68.0],[126.12,67.75],[125.77,67.25],[125.5,66.0],[125.61,65.25],[126.8,63.75],[126.89,63.25],[129.25,61.91],[130.0,62.29],[130.93,62.25],[131.03,61.25],[131.25,61.0],[132.0,61.32],[133.38,61.25],[132.25,62.04],[134.0,62.49],[134.79,62.5],[135.0,62.3],[136.25,62.54],[136.42,62.25],[135.75,61.5],[136.11,61.0],[136.75,61.02],[136.63,60.75],[137.25,59.8],[138.96,59.25]]}},{"type":"Feature","properties":{"level":1024},"geometry":{"type":"LineString","coordinates":[[121.87,60.75],[122.25,60.62],[122.27,61.0],[121.75,61.03],[121.87,60.75]]}},{"type":"Feature","properties":{"level":1024},"geometry":{"type":"LineString","coordinates":[[119.72,62.25],[120.0,62.25],[119.72,62.25]]}},{"type":"Feature","properties":{"level":1024},"geometry":{"type":"LineString","coordinates":[[165.87,64.75],[166.96,64.75],[166.25,65.02],[165.87,64.75]]}},{"type":"Feature","properties":{"level":1024},"geometry":{"type":"LineString","coordinates":[[164.0,66.74],[163.44,67.0],[164.25,67.2],[164.75,66.75],[164.0,66.74]]}},{"type":"Feature","properties":{"level":1024},"geometry":{"type":"LineString","coordinates":[[129.4,69.5],[129.68,69.5],[129.25,69.79],[127.82,69.75],[129.4,69.5]]}},{"type":"Feature","properties":{"level":1024},"geometry":{"type":"LineString","coordinates":[[-48.18,77.0],[-45.5,76.8],[-42.16,77.0],[-38.5,77.98],[-35.5,78.37],[-34.93,78.75],[-35.25,79.07],[-38.25,79.53],[-43.5,79.75],[-48.0,79.28],[-52.86,78.0],[-51.25,77.86],[-48.18,77.0]]}},{"type":"Feature","properties":{"level":1028},"geometry":{"type":"LineString","coordinates":[[-84.74,-89.0],[-72.66,-89.0],[-84.74,-89.0]]}},{"type":"Feature","properties":{"level":1028},"geometry":{"type":"LineString","coordinates":[[180.0,-88.55],[157.25,-88.61],[141.31,-88.25],[128.25,-87.51],[116.5,-87.3],[113.9,-87.0],[113.83,-86.75],[112.99,-86.5],[108.25,-86.33],[62.5,-87.46],[52.49,-88.5],[58.75,-88.71],[83.0,-88.56],[96.04,-89.0],[94.24,-89.25],[82.5,-89.67],[71.75,-89.84],[-42.5,-89.85],[-124.0,-88.7],[-180.0,-88.55]]}},{"type":"Feature","properties":{"level":1028},"geometry":{"type":"LineString","coordinates":[[31.65,-79.75],[33.54,-79.75],[31.0,-79.02],[31.25,-78.75],[30.37,-78.25],[26.81,-77.0],[26.8,-76.75],[25.8,-76.25],[22.75,-75.3],[21.5,-75.3],[21.08,-75.5],[21.41,-75.75],[20.14,-76.0],[20.09,-76.25],[18.0,-76.22],[17.87,-76.5],[18.0,-76.78],[20.47,-77.25],[20.1,-77.5],[20.74,-77.75],[20.51,-78.0],[20.75,-78.23],[23.0,-78.5],[22.43,-78.75],[26.25,-79.11],[28.5,-79.05],[31.65,-79.75]]}},{"type":"Feature","properties":{"level":1028},"geometry":{"type":"LineString","coordinates":[[76.03,-79.75],[77.06,-79.75],[76.84,-79.5],[75.76,-79.5],[76.03,-79.75]]}},{"type":"Feature","properties":{"level":1028},"geometry":{"type":"LineString","coordinates":[[94.97,-79.75],[96.25,-79.8],[97.81,-79.5],[98.0,-79.17],[97.11,-78.75],[97.41,-78.25],[99.25,-77.87],[100.75,-77.18],[102.3,-77.5],[101.48,-77.75],[101.26,-78.0],[101.5,-78.07],[102.25,-78.07],[103.0,-77.62],[103.75,-77.52],[106.5,-78.03],[106.78,-77.5],[106.75,-76.76],[107.5,-76.4],[112.25,-77.41],[116.75,-78.89],[119.75,-79.25],[123.5,-79.36],[126.53,-79.25],[126.3,-78.5],[127.77,-77.5],[127.12,-77.0],[125.26,-76.25],[126.5,-76.04],[134.75,-75.62],[136.75,-75.07],[138.5,-75.19],[140.5,-74.75],[146.25,-75.92],[147.67,-75.75],[147.84,-75.25],[147.25,-74.73],[144.75,-73.87],[141.5,-73.21],[140.25,-73.2],[139.5,-72.67],[138.5,-72.46],[134.75,-73.02],[132.75,-72.88],[113.75,-73.37],[106.25,-73.34],[103.5,-72.97],[102.25,-73.31],[101.75,-73.13],[100.5,-73.23],[98.75,-73.86],[98.66,-74.25],[97.99,-74.75],[98.6,-75.0],[98.47,-75.25],[98.79,-75.5],[98.75,-75.79],[99.48,-76.0],[99.62,-76.25],[97.25,-76.72],[96.85,-77.25],[97.07,-77.75],[95.25,-77.86],[95.33,-77.25],[95.0,-76.63],[92.32,-75.5],[89.5,-74.94],[85.75,-75.67],[83.75,-76.84],[83.03,-77.75],[83.01,-78.0],[85.25,-78.37],[90.9,-78.5],[90.67,-78.75],[91.07,-79.0],[94.97,-79.75]]}},{"type":"Feature","properties":{"level":1028},"geometry":{"type":"LineString","coordinates":[[-164.06,-45.5],[-161.75,-45.6],[-159.0,-44.93],[-156.2,-43.75],[-154.99,-43.0],[-154.29,-42.25],[-152.77,-40.25],[-150.67,-36.25],[-151.71,-34.5],[-153.75,-32.53],[-155.0,-32.53],[-156.0,-31.98],[-157.5,-31.79],[-158.75,-30.84],[-159.5,-30.44],[-160.0,-30.55],[-160.25,-30.22],[-161.25,-30.29],[-161.5,-30.5],[-162.25,-30.41],[-162.5,-30.14],[-163.0,-30.34],[-163.5,-29.99],[-164.0,-30.35],[-164.5,-30.25],[-164.94,-30.5],[-165.95,-32.5],[-166.04,-33.5],[-165.41,-41.75],[-165.71,-43.75],[-165.0,-45.2],[-164.06,-45.5]]}},{"type":"Feature","properties":{"level":1028},"geometry":{"type":"LineString","coordinates":[[117.91,-40.25],[120.0,-40.02],[122.75,-39.11],[126.13,-37.5],[126.5,-36.8],[126.73,-36.75],[126.5,-36.36],[125.94,-36.25],[125.92,-35.75],[126.49,-35.5],[126.47,-35.25],[126.25,-34.98],[125.5,-35.07],[124.5,-34.81],[124.29,-34.5],[124.45,-34.25],[124.25,-34.19],[120.75,-34.35],[117.5,-35.56],[113.25,-36.31],[110.75,-37.65],[110.74,-38.25],[111.03,-38.75],[113.0,-39.8],[114.5,-40.12],[117.25,-40.05],[117.91,-40.25]]}},{"type":"Feature","properties":{"level":1028},"geometry":{"type":"LineString","coordinates":[[55.12,-39.25],[59.0,-39.42],[63.5,-38.88],[68.25,-37.76],[70.57,-36.5],[71.72,-35.0],[71.89,-34.0],[70.32,-30.75],[66.83,-28.5],[62.0,-26.97],[60.25,-26.95],[57.75,-26.37],[53.95,-26.5],[52.7,-27.0],[48.94,-29.5],[48.27,-30.5],[47.13,-31.25],[46.61,-32.0],[46.68,-32.5],[46.3,-33.5],[46.54,-34.75],[47.25,-36.0],[48.75,-37.6],[52.75,-39.07],[55.12,-39.25]]}},{"type":"Feature","properties":{"level":1028},"geometry":{"type":"LineString","coordinates":[[117.09,-34.75],[117.66,-34.75],[117.75,-34.53],[118.03,-34.75],[118.0,-34.54],[117.5,-34.45],[117.09,-34.75]]}},{"type":"Feature","properties":{"level":1028},"geometry":{"type":"LineString","coordinates":[[118.04,-34.5],[118.52,-34.5],[118.62,-34.25],[118.04,-34.5]]}},{"type":"Feature","properties":{"level":1028},"geometry":{"type":"LineString","coordinates":[[119.45,-33.75],[122.5,-33.95],[123.25,-33.87],[123.54,-33.5],[122.5,-32.91],[119.75,-33.49],[119.45,-33.75]]}},{"type":"Feature","properties":{"level":1028},"geometry":{"type":"LineString","coordinates":[[87.99,27.5],[89.5,27.63],[89.75,27.97],[90.5,27.64],[91.25,28.08],[92.25,27.62],[92.92,28.0],[92.75,28.35],[92.25,28.01],[92.0,28.38],[91.25,28.6],[90.0,28.44],[89.25,27.9],[89.0,28.23],[87.25,28.17],[85.5,28.69],[85.28,28.5],[86.5,27.71],[87.0,27.63],[87.5,27.89],[87.99,27.5]]}},{"type":"Feature","properties":{"level":1028},"geometry":{"type":"LineString","coordinates":[[97.29,28.25],[98.06,28.25],[98.22,28.5],[97.26,29.75],[95.5,30.66],[94.5,30.66],[94.5,31.18],[93.25,31.07],[92.5,30.49],[91.25,31.17],[90.61,31.0],[92.2,30.25],[92.74,29.75],[92.54,29.25],[93.25,29.63],[93.5,29.25],[94.25,29.01],[95.25,29.81],[96.75,28.81],[97.25,28.82],[97.29,28.25]]}},{"type":"Feature","properties":{"level":1028},"geometry":{"type":"LineString","coordinates":[[83.97,28.5],[85.0,28.64],[85.25,29.0],[84.0,29.15],[83.75,29.41],[83.35,29.25],[83.07,28.75],[83.75,28.79],[83.97,28.5]]}},{"type":"Feature","properties":{"level":1028},"geometry":{"type":"LineString","coordinates":[[81.17,29.75],[81.75,30.04],[83.0,29.67],[82.87,30.25],[83.6,30.5],[82.5,30.97],[81.77,30.75],[82.0,31.0],[81.0,31.39],[81.0,31.12],[81.75,30.75],[81.5,30.56],[81.0,30.82],[80.0,30.75],[79.74,30.25],[80.75,30.18],[81.17,29.75]]}},{"type":"Feature","properties":{"level":1028},"geometry":{"type":"LineString","coordinates":[[79.01,30.75],[79.25,30.64],[79.96,31.0],[79.0,31.26],[78.75,31.64],[78.39,31.25],[79.01,30.75]]}},{"type":"Feature","properties":{"level":1028},"geometry":{"type":"LineString","coordinates":[[77.63,31.75],[78.09,31.75],[77.9,32.0],[78.08,32.5],[77.75,32.57],[76.25,33.99],[75.5,34.3],[77.44,32.25],[77.63,31.75]]}},{"type":"Feature","properties":{"level":1028},"geometry":{"type":"LineString","coordinates":[[94.21,32.0],[94.41,32.0],[94.29,32.25],[94.75,32.74],[95.0,32.55],[95.85,32.75],[94.25,33.09],[94.0,32.75],[93.88,33.0],[94.75,33.5],[95.6,33.5],[95.0,33.64],[94.85,34.0],[95.29,34.5],[95.75,34.63],[96.55,34.0],[96.86,34.0],[96.75,34.75],[96.25,34.76],[96.0,35.35],[97.37,35.25],[97.5,35.51],[97.53,35.25],[98.0,35.17],[98.5,35.5],[98.0,35.41],[97.95,35.75],[97.0,36.03],[96.18,36.0],[95.75,35.65],[95.16,35.75],[95.5,36.04],[95.0,35.8],[92.98,36.25],[92.72,36.0],[93.0,35.65],[94.0,35.5],[92.5,35.35],[91.88,34.75],[92.5,34.31],[94.75,35.3],[94.65,34.75],[94.22,34.5],[94.22,33.75],[94.0,33.51],[93.26,33.5],[93.44,33.25],[93.25,33.14],[93.24,33.5],[92.75,33.78],[92.5,33.57],[91.5,33.82],[90.75,33.58],[90.55,33.25],[92.0,32.93],[92.5,32.52],[93.75,32.51],[94.21,32.0]]}},{"type":"Feature","properties":{"level":1028},"geometry":{"type":"LineString","coordinates":[[82.3,33.75],[82.5,33.62],[82.72,34.0],[82.04,34.5],[82.25,34.59],[82.5,34.26],[83.0,34.4],[83.0,34.82],[82.25,34.91],[81.27,34.5],[82.3,33.75]]}},{"type":"Feature","properties":{"level":1028},"geometry":{"type":"LineString","coordinates":[[90.21,34.0],[90.75,33.96],[90.81,34.25],[91.37,34.5],[91.43,34.75],[91.0,35.25],[91.25,35.47],[92.2,35.5],[91.84,36.0],[92.19,36.25],[91.33,36.75],[91.81,37.25],[90.39,37.75],[90.01,37.5],[90.0,36.93],[89.25,36.84],[89.0,36.47],[88.33,37.0],[88.65,37.5],[88.0,37.94],[87.67,37.5],[88.22,37.25],[88.12,37.0],[87.0,36.88],[86.63,36.5],[87.75,36.08],[88.75,36.33],[88.36,36.0],[88.75,35.61],[89.0,36.1],[89.34,36.0],[89.5,35.37],[90.25,35.44],[90.84,35.0],[90.58,34.5],[90.03,34.25],[90.21,34.0]]}},{"type":"Feature","properties":{"level":1028},"geometry":{"type":"LineString","coordinates":[[85.51,34.25],[86.0,34.06],[86.44,34.5],[85.75,34.92],[84.88,34.75],[85.51,34.25]]}},{"type":"Feature","properties":{"level":1028},"geometry":{"type":"LineString","coordinates":[[77.71,34.75],[78.11,34.75],[77.76,35.25],[77.84,35.75],[77.11,36.25],[77.12,36.5],[77.83,36.25],[78.6,36.75],[77.75,36.94],[77.0,36.82],[76.55,37.0],[76.5,37.24],[76.19,36.75],[76.51,36.5],[76.25,36.37],[75.43,36.75],[75.6,36.5],[75.36,36.0],[76.0,35.86],[77.0,35.02],[77.25,35.27],[77.71,34.75]]}},{"type":"Feature","properties":{"level":1028},"geometry":{"type":"LineString","coordinates":[[80.82,35.0],[81.0,34.84],[82.0,35.15],[82.23,35.5],[78.7,36.5],[78.66,36.25],[78.97,36.0],[80.82,35.0]]}},{"type":"Feature","properties":{"level":1028},"geometry":{"type":"LineString","coordinates":[[70.97,36.0],[72.37,36.75],[72.06,37.0],[72.1,37.25],[72.6,37.25],[72.41,37.5],[72.61,38.0],[71.84,37.75],[71.53,37.0],[71.83,36.75],[70.9,36.25],[70.97,36.0]]}},{"type":"Feature","properties":{"level":1028},"geometry":{"type":"LineString","coordinates":[[98.97,37.25],[99.75,37.39],[101.0,37.09],[102.33,37.5],[101.5,38.07],[98.25,39.33],[98.25,39.0],[98.0,38.94],[97.5,39.31],[97.0,39.15],[96.67,39.5],[96.35,39.5],[96.24,39.25],[96.46,39.0],[95.75,38.88],[95.5,39.11],[95.3,39.0],[95.63,38.75],[95.04,38.5],[95.25,38.06],[95.75,37.79],[98.0,37.66],[98.25,37.98],[98.97,37.25]]}},{"type":"Feature","properties":{"level":1028},"geometry":{"type":"LineString","coordinates":[[75.13,38.25],[75.5,38.13],[75.65,38.5],[74.75,39.38],[74.25,39.25],[74.5,39.19],[74.59,38.75],[75.0,38.74],[75.13,38.25]]}},{"type":"Feature","properties":{"level":1028},"geometry":{"type":"LineString","coordinates":[[71.21,38.5],[72.75,38.38],[73.25,39.31],[74.15,39.5],[73.95,39.75],[74.22,40.0],[74.5,39.9],[75.0,40.22],[75.25,40.09],[76.35,40.5],[76.05,40.75],[77.24,41.0],[77.26,41.5],[78.0,42.0],[78.75,42.18],[80.25,41.8],[82.75,42.56],[84.36,42.5],[85.07,43.0],[85.41,43.75],[83.25,44.44],[82.34,44.0],[83.73,43.5],[82.25,43.09],[82.0,42.83],[81.25,42.93],[80.5,42.73],[80.21,42.75],[81.55,43.5],[79.25,43.22],[77.31,43.75],[77.5,44.2],[78.0,44.04],[79.75,44.58],[80.75,44.57],[80.94,44.75],[80.71,45.0],[81.81,45.25],[81.55,45.75],[80.5,46.12],[78.16,46.0],[76.41,46.75],[77.25,47.76],[78.14,47.75],[78.25,48.25],[78.74,48.75],[73.5,50.73],[73.04,51.5],[71.75,52.16],[70.5,53.28],[65.75,55.11],[63.0,55.34],[60.75,55.11],[59.75,55.61],[58.75,55.21],[57.25,55.16],[56.28,54.25],[54.5,53.5],[53.73,52.75],[52.05,52.0],[51.09,51.0],[50.41,49.5],[50.71,48.5],[51.29,47.5],[53.51,45.0],[53.99,44.0],[55.25,42.99],[58.0,42.02],[60.75,42.0],[62.75,42.67],[63.75,42.66],[64.75,43.34],[67.5,44.05],[68.5,43.58],[69.75,43.37],[70.32,42.5],[70.09,42.0],[70.42,41.75],[70.13,41.25],[70.5,41.07],[70.75,40.99],[72.0,41.73],[72.69,41.25],[73.62,41.0],[73.75,40.73],[73.0,40.12],[71.5,40.05],[71.0,39.69],[69.75,39.77],[69.25,39.29],[67.65,39.0],[69.75,38.91],[71.21,38.5]]}},{"type":"Feature","properties":{"level":1028},"geometry":{"type":"LineString","coordinates":[[110.89,41.0],[111.75,41.19],[113.0,40.86],[113.63,41.25],[113.41,41.5],[114.0,41.57],[114.21,41.5],[114.04,41.25],[114.5,41.4],[115.25,41.16],[115.79,41.25],[117.54,42.5],[117.55,42.75],[117.25,42.71],[117.04,43.0],[118.35,44.5],[116.75,45.13],[116.25,45.03],[115.89,45.5],[115.91,46.25],[112.95,49.5],[113.32,49.75],[112.69,50.25],[112.88,51.0],[111.06,52.75],[111.44,53.75],[112.25,53.91],[113.27,54.5],[113.0,54.65],[111.98,54.5],[111.04,55.75],[111.1,56.0],[112.25,56.52],[112.75,56.51],[113.1,56.25],[112.81,56.0],[113.25,55.9],[113.95,56.5],[112.59,57.5],[111.5,57.93],[110.41,58.0],[108.48,57.5],[106.81,56.5],[104.75,56.12],[104.54,55.5],[103.33,54.25],[103.9,52.25],[103.75,52.15],[102.75,52.2],[99.75,53.71],[98.25,53.71],[96.0,54.1],[95.5,54.41],[94.34,54.25],[95.17,53.75],[94.25,53.39],[94.25,52.73],[93.5,52.86],[92.25,52.65],[89.96,51.75],[90.0,51.4],[92.04,51.5],[90.92,51.25],[91.04,50.5],[92.0,49.68],[93.92,49.25],[94.46,48.5],[94.45,47.75],[95.64,47.0],[95.49,46.75],[96.0,46.75],[96.07,46.0],[95.46,45.75],[95.71,45.5],[95.25,45.46],[95.42,45.0],[95.03,44.75],[95.62,44.75],[95.75,45.12],[96.13,45.0],[96.29,44.75],[96.0,44.25],[96.75,43.73],[97.06,43.25],[96.81,43.0],[97.71,42.5],[97.42,42.25],[98.5,41.62],[99.5,41.39],[100.25,41.85],[101.75,42.06],[107.25,41.42],[108.75,41.57],[110.89,41.0]]}},{"type":"Feature","properties":{"level":1028},"geometry":{"type":"LineString","coordinates":[[76.5,42.2],[76.31,42.5],[76.5,42.56],[77.75,42.68],[78.56,42.5],[76.5,42.2]]}},{"type":"Feature","properties":{"level":1028},"geometry":{"type":"LineString","coordinates":[[91.74,46.5],[92.0,46.75],[92.25,46.47],[92.79,46.5],[91.75,46.89],[91.5,47.36],[90.75,47.67],[89.75,48.53],[88.13,49.25],[88.02,49.5],[88.22,49.75],[88.0,49.87],[87.0,50.14],[86.5,49.83],[86.07,50.0],[86.0,50.38],[85.5,50.42],[85.25,50.69],[84.5,50.49],[84.54,50.75],[84.25,50.85],[83.4,50.75],[83.5,50.14],[84.0,49.82],[84.5,49.96],[85.27,49.25],[84.51,49.0],[84.62,48.75],[85.5,48.54],[85.75,48.81],[86.25,48.45],[86.75,48.64],[91.0,46.62],[91.25,46.84],[91.74,46.5]]}},{"type":"Feature","properties":{"level":1028},"geometry":{"type":"LineString","coordinates":[[93.0,49.66],[92.23,50.25],[92.25,50.5],[92.75,50.65],[93.38,50.25],[94.0,50.27],[94.18,50.0],[94.22,49.75],[94.0,49.66],[93.0,49.66]]}},{"type":"Feature","properties":{"level":1028},"geometry":{"type":"LineString","coordinates":[[104.25,51.5],[103.94,51.75],[104.25,51.93],[105.87,52.0],[105.75,51.74],[104.25,51.5]]}},{"type":"Feature","properties":{"level":1028},"geometry":{"type":"LineString","coordinates":[[107.25,52.73],[107.07,52.75],[107.54,52.75],[107.25,52.73]]}},{"type":"Feature","properties":{"level":1028},"geometry":{"type":"LineString","coordinates":[[107.75,52.93],[107.85,53.5],[108.82,54.5],[109.25,55.5],[109.75,55.85],[109.9,55.75],[109.36,54.25],[108.83,53.5],[107.75,52.93]]}},{"type":"Feature","properties":{"level":1028},"geometry":{"type":"LineString","coordinates":[[111.9,55.5],[113.06,55.5],[111.75,56.08],[111.6,55.75],[111.9,55.5]]}},{"type":"Feature","properties":{"level":1028},"geometry":{"type":"LineString","coordinates":[[116.75,56.75],[117.0,56.67],[118.28,57.25],[117.25,57.55],[116.85,57.25],[116.96,57.0],[116.75,56.75]]}},{"type":"Feature","properties":{"level":1028},"geometry":{"type":"LineString","coordinates":[[152.37,60.5],[154.75,61.4],[155.26,61.25],[155.72,62.0],[155.5,62.5],[155.76,62.75],[155.3,64.0],[156.68,64.25],[155.75,64.44],[155.81,65.0],[156.75,65.42],[157.87,65.5],[156.75,65.69],[156.25,65.54],[155.94,65.75],[157.25,65.81],[157.4,66.0],[157.0,67.25],[157.5,67.27],[157.5,67.58],[155.25,68.18],[154.5,68.76],[151.5,69.67],[151.5,69.83],[152.25,70.0],[151.25,70.27],[149.75,70.45],[148.5,70.26],[147.0,69.44],[145.49,69.25],[145.05,69.0],[145.04,68.25],[144.6,67.25],[142.75,67.58],[141.72,67.5],[142.1,66.75],[143.0,66.5],[142.75,66.23],[141.5,66.59],[141.07,66.5],[138.25,68.52],[137.07,68.75],[138.25,68.86],[139.5,68.38],[139.96,68.75],[139.64,69.25],[140.0,69.52],[137.25,69.53],[136.16,69.25],[135.99,68.75],[136.5,68.66],[137.05,68.0],[135.69,68.0],[135.39,67.5],[136.51,67.25],[136.19,66.75],[136.37,66.5],[136.0,66.18],[135.25,66.37],[134.0,66.12],[132.62,65.25],[134.0,63.94],[134.75,64.03],[137.88,63.25],[137.65,63.0],[138.22,62.75],[137.67,62.25],[138.46,61.75],[137.23,61.5],[137.75,61.11],[138.25,61.2],[139.0,60.68],[140.0,60.87],[140.75,60.74],[141.25,61.08],[141.75,60.65],[143.75,61.27],[144.25,60.94],[147.25,61.13],[150.0,60.62],[152.0,60.81],[152.37,60.5]]}},{"type":"Feature","properties":{"level":1028},"geometry":{"type":"LineString","coordinates":[[154.0,61.92],[153.5,62.32],[152.45,62.5],[154.0,63.08],[154.18,63.0],[153.79,62.5],[154.37,62.0],[154.0,61.92]]}},{"type":"Feature","properties":{"level":1028},"geometry":{"type":"LineString","coordinates":[[156.62,63.0],[157.25,62.81],[157.61,63.0],[157.0,63.72],[156.4,63.5],[156.62,63.0]]}},{"type":"Feature","properties":{"level":1028},"geometry":{"type":"LineString","coordinates":[[30.22,64.75],[38.5,65.44],[41.5,65.04],[43.07,65.5],[42.92,65.75],[41.64,66.25],[41.47,67.25],[40.25,68.11],[38.0,69.13],[35.75,69.48],[30.5,69.42],[28.0,68.92],[26.0,69.13],[23.75,68.73],[20.17,67.25],[18.69,65.75],[18.75,65.5],[19.75,65.24],[22.0,65.9],[24.25,65.92],[28.25,64.98],[30.22,64.75]]}},{"type":"Feature","properties":{"level":1028},"geometry":{"type":"LineString","coordinates":[[127.65,65.25],[129.19,65.25],[127.65,65.25]]}},{"type":"Feature","properties":{"level":1028},"geometry":{"type":"LineString","coordinates":[[129.55,65.25],[131.32,65.25],[129.55,65.25]]}},{"type":"Feature","properties":{"level":1028},"geometry":{"type":"LineString","coordinates":[[155.5,65.44],[155.91,65.5],[155.5,65.44]]}},{"type":"Feature","properties":{"level":1028},"geometry":{"type":"LineString","coordinates":[[157.55,66.5],[158.35,66.5],[157.55,66.5]]}},{"type":"Feature","properties":{"level":1028},"geometry":{"type":"LineString","coordinates":[[140.71,67.75],[141.24,67.75],[141.11,68.25],[140.14,68.25],[140.71,67.75]]}},{"type":"Feature","properties":{"level":1028},"geometry":{"type":"LineString","coordinates":[[151.0,69.48],[151.16,69.5],[151.0,69.48]]}},{"type":"Feature","properties":{"level":1028},"geometry":{"type":"LineString","coordinates":[[-44.2,77.5],[-43.41,77.5],[-43.9,77.75],[-44.83,77.75],[-44.2,77.5]]}},{"type":"Feature","properties":{"level":1032},"geometry":{"type":"LineString","coordinates":[[100.64,-89.5],[149.5,-89.59],[172.75,-89.26],[176.69,-89.0],[152.0,-88.72],[125.25,-87.96],[112.38,-88.25],[124.3,-89.0],[100.64,-89.5]]}},{"type":"Feature","properties":{"level":1032},"geometry":{"type":"LineString","coordinates":[[-147.96,-89.25],[-136.06,-89.0],[-162.42,-88.75],[-162.3,-89.0],[-147.96,-89.25]]}},{"type":"Feature","properties":{"level":1032},"geometry":{"type":"LineString","coordinates":[[85.28,-78.25],[90.0,-78.34],[92.75,-78.09],[93.2,-77.75],[92.5,-76.89],[91.07,-76.5],[89.5,-75.62],[88.75,-75.54],[84.75,-76.74],[83.59,-77.75],[85.28,-78.25]]}},{"type":"Feature","properties":{"level":1032},"geometry":{"type":"LineString","coordinates":[[26.03,-78.0],[26.75,-78.01],[26.73,-77.75],[27.13,-77.5],[26.0,-77.3],[25.09,-77.5],[26.03,-78.0]]}},{"type":"Feature","properties":{"level":1032},"geometry":{"type":"LineString","coordinates":[[117.84,-77.75],[121.25,-77.95],[122.75,-77.54],[125.5,-77.63],[126.43,-77.25],[126.29,-77.0],[123.79,-76.25],[123.98,-76.0],[132.5,-75.09],[134.0,-75.11],[134.88,-74.75],[134.88,-74.0],[134.03,-73.25],[133.0,-73.05],[117.25,-73.67],[108.75,-73.71],[105.7,-74.0],[107.31,-75.25],[108.58,-75.75],[115.0,-77.31],[117.84,-77.75]]}},{"type":"Feature","properties":{"level":1032},"geometry":{"type":"LineString","coordinates":[[24.63,-77.0],[25.06,-77.0],[25.26,-76.75],[25.1,-76.5],[23.27,-76.0],[23.98,-76.5],[22.99,-76.75],[24.63,-77.0]]}},{"type":"Feature","properties":{"level":1032},"geometry":{"type":"LineString","coordinates":[[144.08,-75.25],[145.16,-75.25],[144.25,-74.8],[143.8,-75.0],[144.08,-75.25]]}},{"type":"Feature","properties":{"level":1032},"geometry":{"type":"LineString","coordinates":[[138.38,-74.25],[139.19,-74.0],[138.5,-73.42],[137.75,-73.32],[137.59,-74.0],[138.38,-74.25]]}},{"type":"Feature","properties":{"level":1032},"geometry":{"type":"LineString","coordinates":[[58.4,-36.25],[60.5,-36.31],[63.25,-35.56],[63.39,-35.0],[64.35,-34.5],[64.56,-33.75],[64.27,-32.75],[63.25,-32.18],[62.25,-32.26],[61.0,-31.69],[59.25,-31.41],[56.0,-31.75],[55.46,-32.25],[55.42,-33.0],[54.15,-33.0],[53.81,-33.75],[55.75,-35.64],[58.4,-36.25]]}},{"type":"Feature","properties":{"level":1032},"geometry":{"type":"LineString","coordinates":[[86.95,27.75],[87.13,28.0],[87.0,28.17],[86.07,28.25],[86.95,27.75]]}},{"type":"Feature","properties":{"level":1032},"geometry":{"type":"LineString","coordinates":[[87.74,27.75],[88.25,27.59],[89.03,28.0],[87.75,28.06],[87.74,27.75]]}},{"type":"Feature","properties":{"level":1032},"geometry":{"type":"LineString","coordinates":[[92.59,30.25],[93.0,30.08],[93.5,30.35],[94.0,30.25],[93.88,30.5],[94.09,30.75],[93.75,30.61],[93.25,30.88],[92.59,30.25]]}},{"type":"Feature","properties":{"level":1032},"geometry":{"type":"LineString","coordinates":[[80.94,35.0],[81.72,35.25],[81.25,35.62],[79.96,35.75],[80.94,35.0]]}},{"type":"Feature","properties":{"level":1032},"geometry":{"type":"LineString","coordinates":[[77.36,35.25],[77.5,35.06],[77.64,35.25],[77.67,35.75],[77.0,36.12],[76.76,35.75],[77.37,35.5],[77.36,35.25]]}},{"type":"Feature","properties":{"level":1032},"geometry":{"type":"LineString","coordinates":[[90.64,35.5],[91.0,35.48],[91.17,36.0],[91.99,36.25],[91.0,36.5],[91.15,37.0],[91.61,37.25],[91.0,37.55],[90.5,37.51],[90.54,37.25],[90.1,36.75],[89.32,36.5],[90.15,36.25],[90.64,35.5]]}},{"type":"Feature","properties":{"level":1032},"geometry":{"type":"LineString","coordinates":[[99.62,37.75],[100.64,37.75],[99.25,38.49],[97.63,38.5],[98.75,37.85],[99.62,37.75]]}},{"type":"Feature","properties":{"level":1032},"geometry":{"type":"LineString","coordinates":[[96.45,38.0],[97.04,38.25],[96.5,38.44],[95.33,38.25],[96.45,38.0]]}},{"type":"Feature","properties":{"level":1032},"geometry":{"type":"LineString","coordinates":[[72.07,38.5],[72.64,38.5],[72.5,39.1],[71.5,39.16],[72.07,38.5]]}},{"type":"Feature","properties":{"level":1032},"geometry":{"type":"LineString","coordinates":[[80.23,42.0],[81.02,42.25],[80.25,42.37],[80.02,42.25],[80.23,42.0]]}},{"type":"Feature","properties":{"level":1032},"geometry":{"type":"LineString","coordinates":[[103.86,43.5],[104.31,43.5],[103.25,44.01],[102.75,44.59],[101.5,44.87],[101.08,44.75],[102.72,44.25],[102.5,43.72],[103.86,43.5]]}},{"type":"Feature","properties":{"level":1032},"geometry":{"type":"LineString","coordinates":[[104.94,44.5],[107.7,46.0],[107.62,47.5],[108.43,48.25],[109.35,48.5],[108.75,49.21],[108.25,49.07],[108.0,49.36],[107.5,49.33],[107.25,48.92],[105.83,48.25],[106.16,47.75],[105.75,46.97],[105.25,47.12],[104.75,46.95],[104.0,47.41],[103.5,47.2],[103.25,47.41],[102.5,47.25],[101.36,48.0],[101.25,48.36],[101.0,48.13],[100.82,48.25],[101.05,48.5],[100.75,48.69],[100.5,48.75],[100.25,48.39],[99.96,48.5],[100.33,49.0],[99.5,49.23],[99.23,49.5],[99.45,49.75],[99.25,49.91],[98.5,50.06],[98.0,49.8],[97.75,49.98],[98.18,50.5],[100.0,50.99],[100.5,51.65],[101.0,51.61],[101.59,52.0],[100.75,52.49],[100.25,53.14],[99.86,53.25],[100.03,53.0],[99.5,52.94],[98.25,53.09],[97.03,52.75],[96.55,52.0],[95.79,52.0],[95.95,51.25],[96.31,51.0],[95.38,50.5],[96.24,50.0],[96.2,49.75],[97.8,49.0],[97.25,48.4],[96.75,48.75],[96.54,48.5],[96.49,47.5],[96.75,47.03],[97.5,47.01],[98.75,46.33],[99.25,46.79],[100.01,46.25],[99.7,45.75],[100.75,45.16],[102.5,45.49],[102.75,45.24],[103.5,45.3],[104.0,44.78],[104.94,44.5]]}},{"type":"Feature","properties":{"level":1032},"geometry":{"type":"LineString","coordinates":[[90.19,47.25],[90.66,47.25],[90.25,47.88],[89.5,47.89],[89.5,47.65],[90.19,47.25]]}},{"type":"Feature","properties":{"level":1032},"geometry":{"type":"LineString","coordinates":[[88.61,48.0],[89.34,48.0],[89.0,48.36],[88.5,48.33],[88.25,49.02],[87.25,49.33],[86.82,49.0],[88.61,48.0]]}},{"type":"Feature","properties":{"level":1032},"geometry":{"type":"LineString","coordinates":[[103.85,49.75],[104.69,50.0],[103.53,50.25],[103.85,49.75]]}},{"type":"Feature","properties":{"level":1032},"geometry":{"type":"LineString","coordinates":[[143.88,61.75],[144.48,62.0],[145.0,62.83],[145.4,63.0],[145.25,63.17],[145.0,63.29],[144.75,62.91],[143.75,62.87],[141.5,63.1],[141.14,63.5],[140.5,63.52],[140.0,63.83],[139.7,63.75],[139.91,63.5],[139.75,63.37],[139.24,63.25],[141.5,62.88],[142.25,62.07],[143.5,62.37],[143.88,61.75]]}},{"type":"Feature","properties":{"level":1032},"geometry":{"type":"LineString","coordinates":[[148.48,63.25],[149.5,63.3],[149.83,63.75],[148.25,64.19],[147.78,64.0],[147.91,63.5],[148.48,63.25]]}},{"type":"Feature","properties":{"level":1032},"geometry":{"type":"LineString","coordinates":[[137.79,64.0],[139.0,64.0],[138.45,64.25],[138.75,64.56],[140.0,64.49],[139.69,65.0],[139.93,65.25],[136.27,65.0],[137.79,64.0]]}},{"type":"Feature","properties":{"level":1032},"geometry":{"type":"LineString","coordinates":[[137.36,65.5],[138.25,65.35],[138.57,65.5],[138.0,65.82],[137.36,65.5]]}},{"type":"Feature","properties":{"level":1036},"geometry":{"type":"LineString","coordinates":[[127.53,-88.5],[135.66,-88.5],[130.25,-88.2],[127.79,-88.25],[127.53,-88.5]]}},{"type":"Feature","properties":{"level":1036},"geometry":{"type":"LineString","coordinates":[[87.75,-78.0],[89.75,-78.22],[92.47,-77.75],[92.38,-77.25],[91.75,-76.87],[89.25,-77.02],[89.19,-76.75],[90.11,-76.5],[88.5,-75.87],[87.5,-76.43],[86.75,-76.42],[86.22,-76.75],[86.75,-76.91],[87.75,-76.61],[87.85,-76.75],[87.5,-77.0],[85.25,-77.04],[84.43,-77.5],[84.61,-77.75],[85.25,-77.84],[87.5,-77.72],[87.75,-78.0]]}},{"type":"Feature","properties":{"level":1036},"geometry":{"type":"LineString","coordinates":[[117.5,-77.0],[118.75,-77.18],[120.0,-76.58],[124.5,-76.96],[124.69,-76.75],[122.23,-76.0],[126.75,-75.57],[128.75,-74.78],[130.5,-74.71],[132.0,-74.27],[133.5,-74.59],[133.78,-74.5],[133.88,-73.75],[133.5,-73.32],[133.0,-73.21],[125.5,-73.34],[121.81,-74.0],[113.25,-74.56],[112.6,-74.75],[112.82,-75.25],[111.0,-75.09],[110.61,-75.25],[117.5,-77.0]]}},{"type":"Feature","properties":{"level":1036},"geometry":{"type":"LineString","coordinates":[[90.53,36.0],[90.75,35.79],[91.77,36.25],[91.0,36.34],[90.64,36.75],[90.75,37.15],[90.25,36.56],[89.92,36.5],[90.25,36.43],[90.53,36.0]]}},{"type":"Feature","properties":{"level":1036},"geometry":{"type":"LineString","coordinates":[[101.29,46.5],[102.09,46.5],[101.67,46.75],[101.79,47.0],[101.5,47.06],[101.06,46.75],[101.29,46.5]]}},{"type":"Feature","properties":{"level":1036},"geometry":{"type":"LineString","coordinates":[[96.78,50.0],[97.11,50.0],[96.75,50.42],[95.9,50.5],[96.78,50.0]]}},{"type":"Feature","properties":{"level":1036},"geometry":{"type":"LineString","coordinates":[[98.17,50.75],[98.75,51.07],[99.23,51.75],[99.06,52.25],[99.4,52.5],[99.25,52.71],[98.27,52.5],[97.74,52.0],[97.45,51.0],[98.0,51.0],[98.17,50.75]]}},{"type":"Feature","properties":{"level":1040},"geometry":{"type":"LineString","coordinates":[[88.44,-78.0],[89.91,-78.0],[89.25,-77.65],[88.75,-77.7],[88.44,-78.0]]}},{"type":"Feature","properties":{"level":1040},"geometry":{"type":"LineString","coordinates":[[91.3,-77.75],[91.78,-77.75],[92.0,-77.25],[91.5,-76.98],[90.85,-77.0],[90.71,-77.5],[91.3,-77.75]]}},{"type":"Feature","properties":{"level":1040},"geometry":{"type":"LineString","coordinates":[[121.3,-76.5],[122.3,-76.5],[122.23,-76.25],[120.75,-75.89],[117.61,-75.75],[121.3,-76.5]]}},{"type":"Feature","properties":{"level":1040},"geometry":{"type":"LineString","coordinates":[[120.67,-75.5],[124.0,-75.65],[125.7,-75.5],[128.25,-74.57],[131.0,-74.15],[131.93,-73.5],[130.0,-73.21],[125.5,-73.44],[123.0,-74.1],[119.0,-74.41],[117.19,-74.75],[117.08,-75.0],[120.67,-75.5]]}},{"type":"Feature","properties":{"level":1040},"geometry":{"type":"LineString","coordinates":[[132.71,-74.0],[133.25,-74.1],[133.46,-73.75],[133.19,-73.5],[132.49,-73.5],[132.35,-73.75],[132.71,-74.0]]}},{"type":"Feature","properties":{"level":1044},"geometry":{"type":"LineString","coordinates":[[123.15,-75.5],[124.27,-75.5],[128.0,-74.38],[130.75,-74.0],[131.15,-73.5],[130.0,-73.31],[125.75,-73.52],[122.24,-74.5],[120.75,-75.25],[123.15,-75.5]]}},{"type":"Feature","properties":{"level":1048},"geometry":{"type":"LineString","coordinates":[[125.33,-74.0],[127.25,-74.21],[128.08,-74.0],[128.07,-73.75],[127.9,-73.5],[127.0,-73.5],[125.33,-74.0]]}},{"type":"Feature","properties":{"level":1048},"geometry":{"type":"LineString","coordinates":[[129.14,-73.75],[130.72,-73.75],[130.63,-73.5],[130.0,-73.44],[129.14,-73.75]]}}]}