{"type":"FeatureCollection","features":[{"type":"Feature","properties":{"level":936},"geometry":{"type":"LineString","coordinates":[[114.75,-63.28],[111.34,-62.0],[110.77,-61.5],[110.81,-61.0],[111.75,-60.62],[113.5,-60.95],[116.25,-62.52],[116.94,-63.25],[116.0,-63.42],[114.75,-63.28]]}},{"type":"Feature","properties":{"level":940},"geometry":{"type":"LineString","coordinates":[[115.0,-63.76],[111.75,-62.78],[110.7,-62.25],[110.0,-61.56],[109.88,-61.0],[110.27,-60.0],[111.73,-58.5],[113.25,-58.21],[114.75,-58.96],[116.42,-59.25],[117.99,-60.25],[118.35,-60.75],[118.13,-61.25],[118.61,-62.0],[119.42,-62.75],[120.74,-63.5],[118.5,-63.92],[115.0,-63.76]]}},{"type":"Feature","properties":{"level":944},"geometry":{"type":"LineString","coordinates":[[115.0,-64.26],[111.95,-63.5],[110.36,-62.75],[109.42,-62.0],[108.97,-61.25],[108.94,-60.5],[109.85,-59.0],[111.0,-58.14],[112.5,-57.84],[115.75,-58.32],[119.62,-58.5],[120.37,-58.75],[121.08,-61.25],[121.5,-61.96],[123.57,-63.25],[123.06,-63.75],[120.75,-64.26],[117.75,-64.43],[115.0,-64.26]]}},{"type":"Feature","properties":{"level":948},"geometry":{"type":"LineString","coordinates":[[115.75,-64.77],[112.0,-64.06],[109.01,-62.75],[108.45,-62.25],[107.93,-61.25],[107.99,-60.25],[108.39,-59.5],[109.89,-58.25],[112.0,-57.56],[118.75,-57.6],[120.5,-57.88],[122.0,-58.71],[123.5,-61.38],[125.25,-62.29],[125.97,-63.0],[125.05,-63.75],[121.5,-64.68],[118.5,-64.89],[115.75,-64.77]]}},{"type":"Feature","properties":{"level":952},"geometry":{"type":"LineString","coordinates":[[4.75,-67.5],[4.34,-67.25],[4.61,-66.75],[7.75,-65.84],[10.26,-65.75],[11.51,-66.25],[11.31,-66.75],[10.75,-67.1],[9.25,-67.49],[4.75,-67.5]]}},{"type":"Feature","properties":{"level":952},"geometry":{"type":"LineString","coordinates":[[116.0,-65.26],[112.0,-64.68],[108.5,-63.24],[107.52,-62.5],[106.8,-61.5],[106.74,-60.75],[107.09,-59.75],[108.5,-58.41],[111.25,-57.32],[113.5,-57.1],[119.75,-57.14],[122.37,-58.0],[124.83,-60.5],[127.6,-61.75],[127.98,-62.5],[127.71,-63.0],[126.7,-63.75],[123.8,-64.75],[119.5,-65.29],[116.0,-65.26]]}},{"type":"Feature","properties":{"level":956},"geometry":{"type":"LineString","coordinates":[[-0.5,-69.0],[-1.71,-68.5],[1.1,-66.25],[5.0,-64.18],[8.75,-63.36],[10.5,-63.49],[13.25,-64.43],[15.08,-65.5],[15.71,-66.5],[15.51,-67.5],[14.52,-68.75],[5.25,-69.12],[-0.5,-69.0]]}},{"type":"Feature","properties":{"level":956},"geometry":{"type":"LineString","coordinates":[[111.5,-66.01],[111.94,-65.75],[111.68,-65.5],[108.25,-64.15],[106.57,-63.0],[105.84,-62.0],[105.49,-61.0],[105.85,-59.75],[106.95,-58.5],[108.24,-57.75],[110.25,-57.09],[114.5,-56.61],[119.25,-56.57],[121.0,-56.83],[123.68,-58.0],[126.5,-60.04],[128.5,-60.62],[129.48,-62.0],[129.35,-62.75],[128.5,-63.56],[126.69,-64.5],[124.25,-65.15],[119.75,-65.87],[114.25,-65.64],[111.5,-66.01]]}},{"type":"Feature","properties":{"level":956},"geometry":{"type":"LineString","coordinates":[[156.0,-65.55],[155.56,-65.25],[155.92,-65.0],[157.66,-65.0],[157.2,-65.5],[156.0,-65.55]]}},{"type":"Feature","properties":{"level":956},"geometry":{"type":"LineString","coordinates":[[25.25,-64.53],[25.75,-64.5],[25.25,-64.53]]}},{"type":"Feature","properties":{"level":960},"geometry":{"type":"LineString","coordinates":[[-5.75,-70.28],[-6.5,-70.08],[-6.59,-69.75],[-5.36,-68.25],[-4.29,-67.5],[2.73,-63.75],[8.25,-61.22],[13.5,-60.6],[13.96,-60.75],[14.47,-62.0],[14.99,-62.5],[18.25,-63.98],[18.75,-63.91],[20.75,-62.75],[22.5,-62.61],[25.0,-63.18],[26.5,-63.93],[26.93,-64.5],[26.37,-65.5],[25.79,-65.75],[21.25,-65.83],[19.86,-68.75],[19.05,-69.5],[18.12,-69.75],[15.75,-69.97],[-5.75,-70.28]]}},{"type":"Feature","properties":{"level":960},"geometry":{"type":"LineString","coordinates":[[-13.0,-67.35],[-13.09,-66.25],[-12.75,-65.61],[-11.75,-65.24],[-11.07,-65.5],[-10.79,-66.0],[-11.16,-66.75],[-12.25,-67.39],[-13.0,-67.35]]}},{"type":"Feature","properties":{"level":960},"geometry":{"type":"LineString","coordinates":[[111.5,-66.76],[109.75,-66.6],[108.16,-66.0],[105.5,-63.98],[104.5,-62.9],[104.13,-61.25],[104.4,-60.0],[105.27,-58.75],[106.71,-57.75],[109.25,-56.82],[112.25,-56.27],[117.5,-56.01],[120.5,-56.15],[123.25,-56.98],[127.0,-59.09],[129.25,-59.83],[130.27,-60.75],[130.85,-61.75],[130.64,-62.75],[129.27,-64.0],[126.5,-65.13],[123.75,-65.9],[119.75,-66.58],[117.5,-66.65],[113.75,-66.28],[112.25,-66.44],[111.5,-66.76]]}},{"type":"Feature","properties":{"level":960},"geometry":{"type":"LineString","coordinates":[[155.25,-66.56],[154.0,-66.22],[153.39,-65.75],[153.33,-65.25],[154.75,-64.44],[157.25,-64.1],[159.25,-64.43],[160.25,-65.25],[159.85,-66.0],[158.75,-66.47],[156.75,-66.74],[155.25,-66.56]]}},{"type":"Feature","properties":{"level":960},"geometry":{"type":"LineString","coordinates":[[-123.0,-60.08],[-123.7,-59.5],[-123.54,-59.0],[-123.16,-58.75],[-121.75,-58.52],[-120.84,-59.0],[-120.9,-59.75],[-121.25,-60.12],[-123.0,-60.08]]}},{"type":"Feature","properties":{"level":960},"geometry":{"type":"LineString","coordinates":[[146.5,33.42],[146.02,34.0],[146.25,34.62],[147.0,34.72],[147.72,34.25],[147.48,33.5],[147.0,33.29],[146.5,33.42]]}},{"type":"Feature","properties":{"level":964},"geometry":{"type":"LineString","coordinates":[[-6.5,-72.01],[-10.5,-71.48],[-10.71,-70.75],[-12.0,-69.84],[-17.75,-68.78],[-18.08,-68.25],[-18.01,-67.75],[-18.64,-67.25],[-16.02,-64.25],[-14.5,-63.47],[-12.0,-63.57],[-6.75,-64.69],[-5.0,-64.68],[-3.0,-64.34],[-0.25,-63.46],[3.75,-61.64],[7.5,-59.1],[10.49,-57.5],[13.25,-56.99],[16.5,-57.58],[20.75,-59.43],[25.0,-60.29],[26.86,-62.0],[27.06,-62.75],[30.63,-65.75],[30.95,-66.25],[30.77,-66.5],[26.75,-67.42],[25.58,-68.0],[24.72,-69.0],[23.5,-69.62],[18.5,-70.5],[11.75,-70.91],[8.75,-71.51],[4.75,-71.44],[0.5,-71.9],[-1.25,-71.66],[-6.5,-72.01]]}},{"type":"Feature","properties":{"level":964},"geometry":{"type":"LineString","coordinates":[[115.0,-67.52],[115.04,-67.0],[113.75,-66.75],[109.75,-67.16],[104.32,-66.0],[103.58,-65.0],[102.53,-62.75],[102.66,-60.75],[103.59,-59.0],[105.75,-57.37],[109.5,-56.16],[114.5,-55.54],[120.5,-55.52],[123.5,-56.35],[128.0,-58.42],[129.5,-58.8],[131.35,-60.25],[132.22,-61.5],[132.0,-62.69],[130.72,-64.0],[128.75,-65.1],[125.52,-66.25],[125.6,-66.5],[125.25,-66.75],[119.5,-67.54],[115.0,-67.52]]}},{"type":"Feature","properties":{"level":964},"geometry":{"type":"LineString","coordinates":[[158.25,-67.51],[154.0,-67.19],[151.92,-66.5],[151.25,-66.04],[151.21,-65.75],[151.54,-65.0],[152.77,-64.25],[154.75,-63.68],[157.25,-63.39],[160.75,-63.82],[162.13,-64.5],[162.85,-65.25],[162.96,-66.25],[162.31,-67.25],[161.25,-67.53],[158.25,-67.51]]}},{"type":"Feature","properties":{"level":964},"geometry":{"type":"LineString","coordinates":[[-116.75,-64.02],[-126.71,-61.75],[-127.72,-61.25],[-129.0,-60.05],[-129.04,-59.5],[-128.71,-59.0],[-128.0,-58.58],[-125.75,-58.1],[-122.25,-57.97],[-120.47,-58.25],[-119.04,-59.25],[-118.58,-61.0],[-118.0,-61.75],[-114.5,-63.05],[-113.91,-63.75],[-115.0,-64.07],[-116.75,-64.02]]}},{"type":"Feature","properties":{"level":964},"geometry":{"type":"LineString","coordinates":[[146.75,33.0],[145.82,34.0],[146.0,34.83],[146.75,35.01],[147.75,34.63],[148.05,34.0],[147.58,33.25],[146.75,33.0]]}},{"type":"Feature","properties":{"level":968},"geometry":{"type":"LineString","coordinates":[[-11.75,-73.02],[-13.67,-72.75],[-15.25,-71.43],[-19.75,-69.64],[-20.75,-68.39],[-21.41,-68.0],[-21.01,-66.5],[-20.33,-65.25],[-19.25,-64.0],[-17.61,-63.0],[-15.25,-62.39],[-7.0,-62.66],[-3.5,-62.4],[-0.75,-61.84],[2.44,-60.5],[7.0,-57.36],[9.2,-56.5],[11.25,-56.05],[13.25,-55.86],[15.75,-55.97],[18.6,-56.5],[23.0,-57.94],[27.07,-60.0],[29.56,-62.5],[32.0,-64.18],[35.89,-65.5],[35.69,-66.0],[34.78,-66.5],[30.6,-68.25],[28.79,-69.75],[26.5,-70.3],[21.75,-70.94],[13.25,-71.45],[11.5,-71.98],[5.25,-71.87],[0.25,-72.48],[-1.0,-73.08],[-3.0,-73.1],[-3.48,-72.75],[-4.25,-72.72],[-7.25,-73.1],[-11.75,-73.02]]}},{"type":"Feature","properties":{"level":968},"geometry":{"type":"LineString","coordinates":[[153.25,-68.75],[151.75,-67.64],[149.87,-67.0],[149.03,-66.0],[149.27,-65.25],[150.5,-64.34],[152.53,-63.5],[155.5,-62.81],[158.0,-62.57],[160.0,-62.71],[163.11,-63.5],[165.31,-64.75],[168.0,-66.92],[171.2,-68.25],[169.5,-68.45],[158.5,-68.3],[157.0,-68.49],[154.0,-68.05],[153.56,-68.25],[153.75,-68.5],[153.25,-68.75]]}},{"type":"Feature","properties":{"level":968},"geometry":{"type":"LineString","coordinates":[[118.25,-68.0],[109.75,-67.52],[105.25,-66.5],[103.75,-66.57],[103.25,-66.24],[101.75,-66.25],[99.0,-66.74],[98.47,-66.25],[98.51,-66.0],[97.81,-65.0],[99.73,-63.25],[101.25,-59.93],[102.25,-58.59],[103.21,-57.75],[105.0,-56.8],[107.0,-56.1],[112.5,-55.09],[117.25,-54.84],[122.0,-55.17],[129.5,-57.76],[132.25,-59.64],[133.39,-61.0],[133.49,-62.25],[132.75,-63.5],[131.5,-64.67],[128.75,-66.37],[122.25,-67.66],[118.25,-68.0]]}},{"type":"Feature","properties":{"level":968},"geometry":{"type":"LineString","coordinates":[[-116.5,-64.76],[-125.25,-63.65],[-130.25,-62.62],[-130.93,-62.0],[-130.85,-60.0],[-130.0,-58.64],[-127.69,-56.75],[-122.5,-57.0],[-120.25,-57.47],[-118.14,-58.5],[-115.29,-61.25],[-112.91,-62.75],[-111.66,-64.0],[-112.0,-64.33],[-113.25,-64.66],[-116.5,-64.76]]}},{"type":"Feature","properties":{"level":968},"geometry":{"type":"LineString","coordinates":[[-129.0,-53.39],[-129.2,-53.25],[-129.0,-53.03],[-127.55,-53.25],[-128.0,-53.48],[-129.0,-53.39]]}},{"type":"Feature","properties":{"level":968},"geometry":{"type":"LineString","coordinates":[[146.5,32.89],[145.6,34.0],[145.76,34.75],[146.0,35.03],[146.75,35.2],[147.75,34.95],[148.33,34.25],[148.13,33.5],[147.25,32.89],[146.5,32.89]]}},{"type":"Feature","properties":{"level":972},"geometry":{"type":"LineString","coordinates":[[-169.25,-80.26],[-170.15,-79.5],[-167.0,-79.02],[-166.28,-79.25],[-165.98,-79.75],[-166.33,-80.25],[-167.0,-80.42],[-169.25,-80.26]]}},{"type":"Feature","properties":{"level":972},"geometry":{"type":"LineString","coordinates":[[-117.0,-78.09],[-117.37,-77.75],[-117.25,-77.51],[-115.5,-77.14],[-114.88,-76.5],[-115.5,-76.34],[-117.0,-76.59],[-118.23,-76.5],[-119.33,-75.75],[-119.2,-75.25],[-117.75,-74.67],[-114.75,-74.56],[-114.25,-73.92],[-113.5,-73.72],[-102.75,-72.99],[-101.18,-73.25],[-101.55,-73.75],[-100.36,-74.25],[-106.75,-75.5],[-111.75,-76.1],[-112.08,-76.25],[-111.81,-76.5],[-112.25,-76.84],[-117.0,-78.09]]}},{"type":"Feature","properties":{"level":972},"geometry":{"type":"LineString","coordinates":[[-17.25,-73.79],[-20.0,-72.33],[-21.97,-70.5],[-24.07,-69.25],[-23.75,-66.75],[-23.21,-65.5],[-22.53,-64.5],[-20.66,-63.0],[-18.47,-62.0],[-16.25,-61.47],[-6.5,-61.09],[-2.0,-60.5],[0.75,-59.49],[5.75,-56.31],[11.0,-55.0],[14.0,-54.76],[16.75,-54.93],[25.0,-57.36],[28.75,-59.25],[31.71,-61.75],[33.69,-63.0],[36.91,-64.5],[38.17,-64.75],[38.47,-65.25],[37.5,-66.62],[36.5,-67.47],[33.68,-69.0],[33.97,-69.5],[33.25,-69.95],[28.5,-71.24],[22.75,-71.8],[12.75,-71.92],[11.25,-72.31],[5.5,-72.22],[1.75,-73.25],[-6.0,-73.98],[-12.75,-73.73],[-13.75,-73.48],[-14.48,-73.5],[-14.75,-73.83],[-15.0,-73.49],[-16.0,-73.91],[-17.25,-73.79]]}},{"type":"Feature","properties":{"level":972},"geometry":{"type":"LineString","coordinates":[[157.5,-70.09],[157.5,-69.75],[157.0,-69.37],[154.75,-69.8],[152.75,-69.08],[151.75,-68.44],[150.0,-68.83],[149.75,-68.39],[146.83,-67.25],[146.2,-66.5],[146.29,-65.75],[147.86,-64.5],[151.0,-63.13],[155.75,-61.86],[159.0,-61.75],[161.42,-62.0],[166.0,-63.33],[169.5,-64.65],[174.11,-66.0],[177.08,-67.25],[177.61,-67.75],[176.0,-68.7],[173.25,-69.2],[165.75,-69.41],[159.0,-69.16],[158.5,-69.25],[158.27,-70.0],[157.5,-70.09]]}},{"type":"Feature","properties":{"level":972},"geometry":{"type":"LineString","coordinates":[[154.21,-69.25],[154.25,-69.49],[154.75,-69.18],[154.69,-68.75],[154.23,-68.75],[154.21,-69.25]]}},{"type":"Feature","properties":{"level":972},"geometry":{"type":"LineString","coordinates":[[113.25,-68.25],[107.5,-67.53],[105.25,-66.78],[101.25,-66.86],[100.25,-67.26],[99.75,-66.93],[95.75,-67.06],[91.5,-66.7],[88.13,-66.75],[92.25,-64.41],[95.5,-63.33],[96.75,-62.68],[100.25,-58.51],[102.29,-57.0],[106.25,-55.44],[111.0,-54.53],[118.25,-54.2],[121.25,-54.35],[123.75,-54.95],[128.0,-56.42],[129.0,-56.55],[130.25,-57.21],[133.36,-59.25],[134.78,-61.25],[134.84,-62.5],[134.43,-63.5],[132.69,-66.0],[131.01,-66.5],[130.0,-67.29],[124.75,-67.48],[123.23,-68.0],[120.75,-68.26],[113.25,-68.25]]}},{"type":"Feature","properties":{"level":972},"geometry":{"type":"LineString","coordinates":[[-109.75,-66.0],[-129.75,-65.13],[-131.25,-64.49],[-132.0,-63.9],[-132.56,-63.0],[-132.82,-60.75],[-132.32,-59.25],[-129.85,-55.0],[-129.94,-54.25],[-130.97,-53.25],[-131.18,-52.75],[-131.87,-52.5],[-132.0,-52.09],[-128.75,-52.0],[-127.0,-52.36],[-125.5,-53.85],[-124.69,-54.25],[-124.09,-55.0],[-123.34,-55.25],[-123.34,-55.75],[-120.13,-56.5],[-117.72,-57.5],[-112.0,-61.46],[-110.25,-62.27],[-108.75,-62.59],[-106.28,-65.0],[-106.62,-65.5],[-107.33,-65.75],[-109.75,-66.0]]}},{"type":"Feature","properties":{"level":972},"geometry":{"type":"LineString","coordinates":[[146.5,32.72],[145.8,33.25],[145.37,34.0],[145.71,35.0],[147.0,35.38],[148.11,35.0],[148.57,34.25],[148.27,33.25],[147.33,32.75],[146.5,32.72]]}},{"type":"Feature","properties":{"level":972},"geometry":{"type":"LineString","coordinates":[[36.75,69.67],[36.62,69.75],[37.24,69.75],[36.75,69.67]]}},{"type":"Feature","properties":{"level":976},"geometry":{"type":"LineString","coordinates":[[-115.5,-84.0],[-115.68,-84.0],[-115.04,-83.25],[-114.25,-83.1],[-113.19,-83.0],[-112.67,-83.5],[-112.75,-83.75],[-114.03,-84.0],[-115.5,-84.0]]}},{"type":"Feature","properties":{"level":976},"geometry":{"type":"LineString","coordinates":[[-113.25,-82.03],[-115.35,-81.5],[-117.74,-80.0],[-117.82,-79.5],[-118.38,-79.0],[-118.0,-77.75],[-118.15,-77.5],[-116.98,-77.0],[-120.67,-76.25],[-122.0,-75.52],[-127.66,-74.75],[-127.0,-74.28],[-125.23,-74.0],[-126.75,-73.59],[-126.75,-73.31],[-126.34,-73.25],[-126.46,-73.0],[-129.5,-73.14],[-131.5,-72.67],[-131.96,-72.25],[-131.0,-71.91],[-129.75,-71.88],[-125.5,-72.6],[-125.1,-72.75],[-125.65,-73.25],[-125.0,-73.76],[-124.0,-73.73],[-123.25,-73.34],[-119.0,-72.62],[-109.75,-71.81],[-105.25,-71.78],[-97.31,-72.5],[-96.51,-73.0],[-96.63,-73.25],[-96.0,-73.72],[-93.26,-74.25],[-96.25,-75.04],[-104.12,-76.25],[-107.02,-77.25],[-108.83,-78.25],[-110.25,-79.85],[-111.98,-81.25],[-112.0,-81.73],[-111.74,-82.0],[-113.25,-82.03]]}},{"type":"Feature","properties":{"level":976},"geometry":{"type":"LineString","coordinates":[[180.0,-82.1],[179.57,-82.0],[180.0,-81.83]]}},{"type":"Feature","properties":{"level":976},"geometry":{"type":"LineString","coordinates":[[-180.0,-81.83],[-179.8,-81.75],[-180.0,-81.5]]}},{"type":"Feature","properties":{"level":976},"geometry":{"type":"LineString","coordinates":[[180.0,-81.5],[176.75,-80.81],[176.19,-80.5],[176.18,-80.25],[176.71,-79.75],[180.0,-78.57]]}},{"type":"Feature","properties":{"level":976},"geometry":{"type":"LineString","coordinates":[[-180.0,-78.57],[-171.25,-77.07],[-165.25,-76.82],[-160.25,-78.09],[-159.5,-78.75],[-157.09,-80.0],[-156.67,-80.5],[-156.96,-81.5],[-157.56,-81.75],[-160.75,-82.44],[-164.0,-82.82],[-171.0,-82.9],[-180.0,-82.1]]}},{"type":"Feature","properties":{"level":976},"geometry":{"type":"LineString","coordinates":[[-25.5,-76.02],[-25.87,-75.5],[-27.5,-75.11],[-27.83,-74.75],[-27.11,-74.25],[-26.07,-72.5],[-26.72,-70.25],[-26.43,-67.25],[-25.5,-65.26],[-24.55,-64.0],[-22.5,-62.42],[-19.81,-61.25],[-17.0,-60.56],[-5.75,-59.48],[-2.75,-58.98],[-0.25,-58.03],[3.26,-55.75],[5.75,-54.92],[8.75,-54.26],[12.75,-53.76],[15.75,-53.78],[19.75,-54.45],[24.0,-55.78],[26.25,-55.64],[26.98,-56.25],[27.25,-56.84],[30.75,-58.77],[32.25,-59.18],[32.75,-59.86],[35.75,-62.05],[39.0,-62.93],[39.76,-62.75],[40.91,-64.25],[41.04,-65.5],[40.75,-66.23],[39.82,-67.25],[39.13,-68.75],[37.68,-69.5],[35.11,-70.25],[34.86,-70.75],[35.0,-71.0],[27.75,-71.94],[24.25,-72.02],[22.0,-72.44],[17.25,-72.29],[6.75,-72.66],[2.0,-73.78],[-4.5,-74.32],[-7.5,-74.22],[-10.5,-74.46],[-11.75,-74.8],[-13.0,-74.75],[-15.5,-75.17],[-18.0,-75.79],[-25.5,-76.02]]}},{"type":"Feature","properties":{"level":976},"geometry":{"type":"LineString","coordinates":[[-123.36,-73.75],[-123.16,-73.75],[-123.36,-73.75]]}},{"type":"Feature","properties":{"level":976},"geometry":{"type":"LineString","coordinates":[[162.0,-71.54],[161.57,-71.25],[162.85,-71.5],[162.0,-71.54]]}},{"type":"Feature","properties":{"level":976},"geometry":{"type":"LineString","coordinates":[[161.5,-71.16],[161.5,-70.95],[161.5,-71.16]]}},{"type":"Feature","properties":{"level":976},"geometry":{"type":"LineString","coordinates":[[180.0,-68.5],[177.75,-69.43],[176.25,-69.78],[165.0,-70.53],[160.0,-69.87],[159.56,-70.25],[157.92,-70.5],[158.21,-70.75],[158.0,-70.93],[154.0,-71.01],[149.5,-70.41],[147.75,-69.92],[145.75,-69.8],[143.25,-68.97],[142.5,-68.38],[140.75,-68.61],[139.75,-68.28],[141.75,-67.4],[142.89,-67.25],[142.5,-67.03],[141.0,-67.18],[139.5,-66.64],[136.0,-66.81],[133.25,-66.55],[130.25,-67.6],[128.28,-68.0],[126.5,-67.85],[121.25,-68.6],[113.5,-68.62],[111.25,-68.21],[108.5,-68.04],[104.5,-67.28],[102.5,-67.4],[101.25,-67.2],[100.0,-67.61],[99.63,-67.5],[99.5,-67.19],[95.25,-67.52],[90.75,-67.21],[89.5,-67.53],[88.25,-67.35],[85.0,-67.5],[80.25,-68.13],[75.5,-69.79],[73.0,-70.02],[72.42,-69.75],[72.4,-69.5],[72.74,-68.75],[83.0,-64.13],[86.25,-63.23],[90.25,-62.52],[92.75,-61.66],[96.0,-59.94],[99.25,-57.25],[103.0,-55.4],[108.25,-53.95],[116.25,-53.5],[121.0,-53.67],[123.75,-54.17],[129.0,-55.63],[132.84,-57.75],[135.5,-60.03],[136.3,-61.5],[136.55,-64.0],[136.88,-64.5],[138.0,-64.93],[141.5,-65.44],[142.0,-65.92],[143.75,-65.28],[147.82,-63.25],[150.25,-62.39],[155.5,-61.11],[158.25,-60.87],[160.75,-61.02],[165.75,-61.95],[168.5,-62.19],[169.5,-62.59],[173.25,-63.01],[180.0,-66.01]]}},{"type":"Feature","properties":{"level":976},"geometry":{"type":"LineString","coordinates":[[-128.75,-67.28],[-130.75,-66.8],[-132.75,-65.69],[-134.03,-64.5],[-134.83,-63.0],[-134.98,-61.25],[-134.79,-59.75],[-132.74,-55.0],[-132.76,-53.75],[-133.35,-52.0],[-133.36,-51.25],[-132.75,-50.99],[-127.31,-50.75],[-124.5,-53.15],[-122.0,-54.68],[-117.0,-56.71],[-112.73,-59.25],[-108.75,-61.14],[-106.1,-62.0],[-103.5,-63.89],[-103.22,-64.5],[-103.53,-65.5],[-104.75,-66.76],[-105.5,-66.97],[-111.0,-67.38],[-128.75,-67.28]]}},{"type":"Feature","properties":{"level":976},"geometry":{"type":"LineString","coordinates":[[-180.0,-66.01],[-178.75,-66.58],[-178.17,-67.25],[-180.0,-68.5]]}},{"type":"Feature","properties":{"level":976},"geometry":{"type":"LineString","coordinates":[[31.73,-59.25],[31.75,-59.01],[31.73,-59.25]]}},{"type":"Feature","properties":{"level":976},"geometry":{"type":"LineString","coordinates":[[146.25,32.64],[145.16,33.75],[145.17,34.5],[145.7,35.25],[147.25,35.57],[148.49,35.0],[148.79,34.0],[148.25,33.0],[147.25,32.56],[146.25,32.64]]}},{"type":"Feature","properties":{"level":976},"geometry":{"type":"LineString","coordinates":[[42.25,66.96],[40.5,67.42],[38.75,68.21],[36.5,68.49],[35.0,69.02],[33.49,70.0],[33.27,70.5],[33.34,71.25],[33.66,71.75],[34.69,72.5],[37.5,73.32],[40.5,73.48],[42.0,73.1],[43.82,71.75],[44.45,70.5],[46.09,68.25],[46.04,67.5],[45.43,67.0],[43.5,66.78],[42.25,66.96]]}},{"type":"Feature","properties":{"level":980},"geometry":{"type":"LineString","coordinates":[[-139.0,-85.75],[-144.4,-85.5],[-137.5,-84.73],[-126.25,-84.34],[-123.25,-84.02],[-114.87,-82.25],[-115.98,-81.75],[-118.11,-81.5],[-119.97,-80.5],[-119.81,-80.0],[-120.44,-79.75],[-119.99,-79.25],[-119.71,-78.0],[-120.25,-77.28],[-122.5,-76.95],[-122.64,-76.25],[-123.16,-76.0],[-126.25,-75.54],[-130.0,-75.7],[-131.0,-75.37],[-132.75,-75.8],[-134.7,-75.5],[-135.32,-75.75],[-134.69,-76.0],[-135.25,-76.09],[-139.0,-75.72],[-142.5,-76.03],[-143.09,-76.25],[-142.54,-76.75],[-143.36,-77.0],[-143.0,-77.97],[-141.77,-78.0],[-141.76,-78.5],[-143.25,-78.58],[-145.25,-78.05],[-145.3,-77.5],[-144.84,-76.75],[-145.5,-76.21],[-143.5,-75.63],[-143.71,-75.25],[-142.87,-74.75],[-138.25,-72.78],[-135.93,-71.5],[-132.0,-70.12],[-131.33,-69.5],[-131.71,-68.75],[-134.5,-66.71],[-136.45,-64.75],[-137.2,-63.0],[-137.57,-60.5],[-137.25,-58.5],[-135.75,-54.83],[-135.2,-54.0],[-134.89,-51.25],[-134.05,-50.5],[-131.75,-49.8],[-128.0,-49.31],[-121.5,-53.61],[-116.0,-55.94],[-111.0,-58.53],[-107.5,-59.46],[-105.75,-60.55],[-101.2,-62.5],[-100.75,-63.25],[-101.01,-66.5],[-100.35,-67.5],[-98.85,-68.75],[-100.81,-69.0],[-101.58,-69.5],[-101.59,-70.0],[-97.0,-71.73],[-94.51,-72.25],[-92.67,-73.5],[-90.37,-74.25],[-90.96,-74.5],[-90.59,-74.75],[-92.66,-75.0],[-98.25,-76.27],[-103.25,-78.16],[-103.35,-78.75],[-101.75,-79.49],[-101.83,-79.75],[-103.69,-80.5],[-104.12,-81.25],[-105.02,-81.5],[-104.25,-82.0],[-104.5,-82.56],[-101.76,-83.25],[-105.25,-83.76],[-114.81,-84.25],[-117.38,-84.5],[-117.68,-84.75],[-121.75,-84.57],[-129.14,-85.0],[-125.93,-85.5],[-127.95,-85.75],[-135.25,-85.31],[-137.49,-85.5],[-136.25,-85.77],[-139.0,-85.75]]}},{"type":"Feature","properties":{"level":980},"geometry":{"type":"LineString","coordinates":[[180.0,-84.67],[178.5,-84.7],[176.5,-84.19],[176.11,-84.25],[176.5,-84.76],[175.25,-84.48],[173.25,-84.5],[172.99,-84.25],[173.25,-84.11],[174.75,-84.31],[174.94,-84.0],[170.75,-82.84],[168.63,-82.5],[168.63,-82.25],[169.03,-82.0],[168.93,-81.75],[167.14,-81.25],[167.19,-81.0],[165.91,-80.75],[167.0,-80.56],[167.76,-80.0],[172.59,-78.5],[180.0,-76.73]]}},{"type":"Feature","properties":{"level":980},"geometry":{"type":"LineString","coordinates":[[-180.0,-76.73],[-173.0,-75.67],[-159.25,-75.05],[-153.75,-74.33],[-149.0,-74.7],[-147.86,-75.5],[-149.5,-76.6],[-152.0,-77.13],[-155.0,-77.2],[-155.84,-77.5],[-152.75,-78.0],[-151.75,-78.37],[-147.19,-78.75],[-149.07,-79.25],[-146.25,-79.59],[-144.0,-79.55],[-143.66,-79.75],[-146.12,-80.0],[-143.01,-81.0],[-147.0,-81.12],[-148.02,-81.25],[-148.02,-81.5],[-140.98,-82.0],[-140.21,-82.25],[-142.42,-83.0],[-140.47,-83.25],[-143.41,-83.75],[-144.0,-84.32],[-147.0,-84.77],[-150.75,-84.85],[-153.64,-85.25],[-163.0,-85.55],[-164.25,-85.25],[-176.25,-84.56],[-180.0,-84.67]]}},{"type":"Feature","properties":{"level":980},"geometry":{"type":"LineString","coordinates":[[-30.75,-76.26],[-31.65,-75.75],[-31.82,-75.0],[-30.34,-73.25],[-30.3,-72.0],[-29.47,-68.75],[-28.44,-66.0],[-26.94,-64.0],[-23.55,-61.5],[-21.5,-60.6],[-17.5,-59.6],[-3.75,-57.51],[-1.75,-56.81],[2.75,-54.33],[6.75,-53.48],[13.75,-52.83],[21.25,-53.34],[23.75,-54.63],[27.5,-55.41],[31.25,-57.54],[33.75,-57.87],[34.75,-58.46],[35.71,-59.75],[36.75,-60.36],[38.5,-61.0],[39.75,-60.98],[41.0,-61.46],[44.5,-63.48],[45.12,-64.25],[45.75,-64.61],[46.02,-65.75],[45.84,-66.75],[44.5,-67.21],[42.48,-68.5],[42.17,-69.0],[42.45,-69.5],[42.09,-70.25],[40.18,-70.75],[33.78,-71.75],[29.0,-72.31],[25.25,-72.33],[24.0,-72.61],[6.5,-73.24],[5.03,-73.5],[4.4,-74.0],[1.25,-74.24],[-0.25,-74.66],[-6.25,-74.72],[-7.5,-74.48],[-8.75,-74.77],[-10.25,-74.66],[-13.19,-75.75],[-16.25,-76.22],[-28.5,-76.5],[-30.75,-76.26]]}},{"type":"Feature","properties":{"level":980},"geometry":{"type":"LineString","coordinates":[[180.0,-69.83],[175.5,-70.7],[166.5,-70.98],[166.8,-71.25],[168.94,-71.75],[165.75,-71.67],[165.52,-71.75],[165.96,-72.25],[164.38,-72.5],[165.05,-73.0],[164.75,-73.07],[164.5,-72.76],[162.0,-72.73],[161.97,-73.25],[162.37,-73.5],[162.0,-73.63],[161.0,-72.83],[159.52,-72.25],[159.49,-72.0],[159.89,-71.75],[159.75,-71.48],[158.25,-71.71],[153.75,-71.64],[145.75,-70.71],[141.0,-69.46],[137.75,-69.62],[136.5,-69.43],[135.79,-68.75],[135.88,-68.25],[137.5,-67.83],[137.97,-67.25],[137.0,-67.02],[135.5,-67.41],[133.75,-67.19],[131.75,-67.99],[129.41,-68.25],[129.0,-68.61],[120.75,-69.14],[114.5,-69.06],[108.5,-68.48],[105.5,-67.67],[102.0,-68.06],[101.0,-67.69],[99.75,-67.87],[99.25,-67.56],[98.5,-67.51],[96.0,-67.98],[93.25,-67.78],[89.0,-68.12],[87.75,-67.9],[84.0,-68.28],[81.25,-68.25],[80.4,-68.5],[80.0,-68.98],[78.11,-69.5],[77.75,-69.88],[73.75,-70.39],[72.0,-72.17],[69.25,-72.38],[68.25,-71.81],[67.75,-71.81],[68.0,-71.0],[67.5,-70.59],[66.61,-70.5],[67.5,-70.13],[67.75,-70.23],[68.33,-69.75],[68.32,-69.25],[69.36,-68.75],[70.0,-67.67],[70.25,-67.91],[71.75,-67.27],[76.16,-64.25],[74.35,-63.25],[71.5,-63.03],[69.75,-63.15],[65.22,-62.5],[67.0,-62.24],[71.0,-60.63],[75.75,-59.45],[78.5,-58.34],[79.75,-58.18],[82.31,-58.5],[82.65,-59.0],[84.28,-59.75],[84.5,-60.77],[85.0,-60.37],[86.0,-60.78],[86.5,-60.41],[87.75,-60.48],[89.75,-60.19],[91.91,-59.5],[92.1,-59.0],[100.25,-55.02],[107.0,-52.92],[108.25,-52.69],[112.25,-52.86],[118.25,-52.71],[123.5,-53.32],[126.75,-54.24],[127.75,-54.23],[128.75,-54.65],[132.25,-56.45],[134.69,-58.0],[137.09,-60.0],[139.0,-62.72],[140.5,-63.39],[143.75,-63.27],[153.5,-60.74],[156.75,-60.19],[165.75,-60.29],[167.5,-59.6],[168.26,-58.75],[168.18,-58.25],[168.5,-57.0],[169.83,-57.75],[174.25,-61.44],[180.0,-64.05]]}},{"type":"Feature","properties":{"level":980},"geometry":{"type":"LineString","coordinates":[[-180.0,-64.05],[-175.0,-66.0],[-174.32,-66.5],[-174.52,-67.0],[-176.23,-68.25],[-178.5,-69.37],[-180.0,-69.83]]}},{"type":"Feature","properties":{"level":980},"geometry":{"type":"LineString","coordinates":[[92.15,-59.25],[92.32,-59.25],[92.15,-59.25]]}},{"type":"Feature","properties":{"level":980},"geometry":{"type":"LineString","coordinates":[[-118.5,20.73],[-118.67,21.0],[-118.5,21.11],[-118.5,20.73]]}},{"type":"Feature","properties":{"level":980},"geometry":{"type":"LineString","coordinates":[[146.25,32.42],[145.5,32.81],[144.92,33.5],[144.81,34.25],[145.13,35.0],[146.0,35.67],[146.75,35.85],[148.0,35.6],[148.75,35.11],[149.05,34.0],[148.53,33.0],[147.5,32.43],[146.25,32.42]]}},{"type":"Feature","properties":{"level":980},"geometry":{"type":"LineString","coordinates":[[46.0,65.49],[44.25,65.94],[38.25,66.19],[34.25,67.54],[33.86,68.0],[29.73,70.0],[29.45,70.25],[29.6,70.75],[26.63,73.75],[28.78,75.75],[32.0,76.37],[37.0,76.29],[44.3,75.25],[45.5,74.42],[46.92,72.5],[47.53,71.5],[48.18,69.5],[48.24,67.5],[46.75,65.83],[46.0,65.49]]}},{"type":"Feature","properties":{"level":984},"geometry":{"type":"LineString","coordinates":[[-159.5,-86.28],[-158.08,-86.25],[-159.5,-86.28]]}},{"type":"Feature","properties":{"level":984},"geometry":{"type":"LineString","coordinates":[[180.0,-85.09],[170.75,-84.92],[170.41,-84.75],[171.31,-84.5],[170.5,-84.2],[168.0,-84.41],[167.14,-84.25],[167.79,-84.0],[167.52,-83.75],[167.88,-83.5],[166.75,-83.18],[166.0,-83.37],[164.25,-83.19],[163.0,-83.35],[161.0,-82.87],[159.99,-83.0],[159.95,-82.75],[160.25,-82.66],[162.64,-82.5],[163.02,-82.25],[161.0,-82.12],[159.0,-81.64],[158.53,-81.25],[159.0,-80.67],[160.45,-80.25],[160.2,-79.75],[160.36,-79.5],[161.25,-79.69],[163.13,-79.5],[163.56,-79.25],[162.84,-79.0],[163.75,-78.68],[165.0,-78.9],[166.37,-78.75],[163.5,-78.36],[163.42,-78.0],[163.0,-77.8],[161.7,-76.0],[161.75,-75.75],[161.06,-75.5],[162.29,-75.25],[163.25,-74.46],[164.75,-74.39],[164.93,-74.25],[164.75,-74.03],[164.25,-73.67],[163.25,-73.45],[162.25,-73.92],[161.0,-73.17],[159.75,-72.8],[153.5,-72.1],[143.5,-71.42],[140.5,-70.64],[133.75,-70.49],[132.0,-70.56],[127.75,-71.26],[123.5,-72.5],[119.25,-72.61],[117.0,-72.25],[116.27,-72.0],[116.16,-71.75],[117.5,-70.78],[121.59,-70.0],[119.75,-69.68],[114.5,-69.66],[108.25,-68.83],[105.5,-67.94],[102.0,-68.56],[100.5,-68.15],[99.25,-68.12],[98.25,-67.69],[96.0,-68.3],[92.25,-68.69],[88.75,-68.87],[86.75,-68.43],[85.5,-68.79],[82.75,-68.94],[82.0,-69.14],[81.0,-69.83],[80.0,-70.02],[79.0,-70.73],[77.75,-70.9],[76.12,-70.75],[76.79,-71.25],[76.58,-71.5],[76.75,-71.77],[74.75,-73.07],[73.0,-73.21],[72.25,-72.93],[70.25,-73.25],[70.06,-72.75],[68.75,-72.8],[68.0,-73.37],[67.0,-73.47],[66.15,-72.75],[66.24,-71.75],[66.61,-71.0],[65.57,-70.25],[65.59,-70.0],[66.48,-69.5],[66.35,-69.25],[65.75,-69.16],[64.75,-68.29],[62.75,-67.67],[59.5,-67.44],[59.14,-67.0],[59.27,-66.75],[61.94,-66.0],[62.39,-65.75],[62.41,-65.5],[61.0,-65.45],[60.74,-65.25],[61.33,-64.75],[61.32,-64.5],[59.6,-64.5],[59.25,-64.14],[57.91,-63.75],[57.51,-63.25],[58.75,-63.09],[59.46,-62.75],[59.34,-62.5],[60.0,-62.32],[61.0,-62.44],[62.0,-61.91],[64.5,-61.23],[65.5,-60.55],[66.75,-60.61],[68.0,-60.0],[69.06,-60.0],[70.16,-59.5],[70.25,-59.2],[72.75,-58.84],[73.25,-58.26],[73.75,-58.34],[77.5,-57.18],[81.5,-56.5],[85.25,-56.97],[86.25,-57.34],[89.25,-57.37],[91.0,-56.39],[101.78,-53.25],[105.5,-51.87],[108.75,-51.73],[112.25,-51.95],[119.0,-51.92],[122.5,-52.26],[126.0,-53.11],[126.75,-52.96],[129.25,-54.01],[133.5,-56.29],[137.62,-59.0],[139.84,-61.0],[142.0,-61.89],[145.0,-61.82],[156.75,-59.4],[164.0,-58.85],[166.25,-57.84],[168.5,-55.62],[170.25,-56.53],[175.38,-60.5],[180.0,-62.47]]}},{"type":"Feature","properties":{"level":984},"geometry":{"type":"LineString","coordinates":[[-130.65,-81.25],[-128.5,-81.38],[-126.03,-80.75],[-124.4,-80.75],[-124.25,-80.5],[-125.97,-80.0],[-126.35,-79.5],[-123.1,-78.5],[-123.12,-78.25],[-124.45,-77.0],[-124.2,-76.5],[-125.0,-76.17],[-128.25,-76.05],[-130.75,-76.24],[-131.5,-75.97],[-133.0,-76.19],[-134.0,-76.03],[-135.25,-76.39],[-136.75,-76.3],[-137.14,-76.5],[-135.75,-76.97],[-135.25,-76.69],[-134.25,-76.7],[-134.72,-77.0],[-134.36,-77.25],[-135.75,-77.02],[-137.93,-77.25],[-136.0,-77.92],[-134.6,-78.0],[-135.35,-78.25],[-133.05,-79.25],[-133.0,-79.75],[-131.92,-80.5],[-130.12,-80.75],[-130.65,-81.25]]}},{"type":"Feature","properties":{"level":984},"geometry":{"type":"LineString","coordinates":[[-88.0,-78.75],[-86.77,-78.75],[-88.0,-78.75]]}},{"type":"Feature","properties":{"level":984},"geometry":{"type":"LineString","coordinates":[[-33.5,-77.58],[-33.69,-77.5],[-32.98,-77.25],[-33.5,-77.08],[-34.15,-77.25],[-33.99,-77.0],[-34.54,-76.0],[-34.84,-74.5],[-34.52,-73.75],[-33.29,-72.5],[-32.1,-68.5],[-31.25,-66.5],[-29.32,-64.0],[-24.94,-60.75],[-23.25,-59.91],[-18.75,-58.65],[-11.75,-57.15],[-4.65,-56.0],[-3.0,-55.42],[0.25,-53.72],[3.75,-52.83],[12.0,-52.01],[20.5,-51.85],[24.75,-53.75],[28.0,-54.63],[31.5,-56.37],[35.0,-57.21],[37.75,-58.74],[40.25,-59.32],[42.25,-60.26],[46.28,-61.0],[47.71,-62.0],[50.08,-62.5],[49.79,-62.75],[53.5,-63.35],[54.25,-63.27],[54.58,-63.5],[53.25,-63.74],[53.02,-64.0],[53.06,-64.5],[52.32,-65.25],[51.0,-65.62],[50.5,-65.98],[50.31,-66.25],[50.76,-66.5],[50.75,-66.88],[50.25,-67.15],[49.5,-66.77],[47.19,-67.75],[47.25,-68.32],[47.94,-68.5],[46.25,-68.83],[45.43,-69.5],[42.75,-70.6],[36.75,-71.6],[35.25,-72.05],[30.5,-72.76],[25.75,-72.57],[24.25,-72.87],[13.25,-73.54],[9.75,-74.35],[7.25,-74.29],[5.75,-74.69],[3.98,-74.5],[2.69,-74.75],[2.48,-75.25],[3.08,-75.75],[2.75,-75.86],[-4.25,-74.9],[-5.5,-75.25],[-7.5,-75.14],[-8.25,-75.45],[-9.38,-75.25],[-10.0,-75.77],[-14.25,-76.55],[-24.25,-76.64],[-33.5,-77.58]]}},{"type":"Feature","properties":{"level":984},"geometry":{"type":"LineString","coordinates":[[-180.0,-74.87],[-162.25,-73.38],[-156.5,-72.44],[-143.25,-70.86],[-139.5,-69.76],[-138.24,-69.0],[-137.85,-68.25],[-137.88,-67.75],[-141.08,-61.5],[-142.0,-60.46],[-143.04,-60.0],[-142.59,-59.25],[-142.46,-58.25],[-141.75,-56.5],[-140.0,-55.39],[-139.5,-55.29],[-138.5,-54.49],[-137.25,-52.62],[-137.32,-51.75],[-136.34,-50.5],[-132.5,-48.84],[-129.0,-48.15],[-127.0,-48.94],[-120.0,-52.87],[-109.49,-57.75],[-103.5,-59.75],[-99.75,-60.67],[-99.09,-61.25],[-98.61,-62.25],[-98.09,-66.0],[-96.61,-67.75],[-94.1,-69.5],[-93.89,-69.75],[-94.37,-70.25],[-94.26,-70.5],[-87.97,-73.25],[-88.81,-73.75],[-88.11,-74.75],[-93.98,-76.5],[-94.75,-77.25],[-94.22,-77.75],[-94.33,-78.0],[-95.7,-78.75],[-94.97,-79.0],[-95.16,-79.5],[-94.5,-80.02],[-89.99,-80.5],[-91.25,-81.02],[-95.31,-81.5],[-95.39,-81.75],[-95.12,-82.0],[-93.42,-82.25],[-93.94,-82.5],[-95.75,-82.58],[-99.6,-83.25],[-104.25,-83.84],[-110.72,-84.25],[-110.23,-84.5],[-111.25,-84.65],[-121.01,-85.0],[-121.25,-85.29],[-125.75,-85.91],[-133.25,-85.72],[-133.75,-85.75],[-132.98,-86.0],[-135.0,-86.12],[-142.25,-85.84],[-147.5,-86.01],[-152.25,-85.76],[-156.75,-86.11],[-158.5,-85.81],[-164.25,-85.82],[-171.25,-85.18],[-175.0,-85.39],[-175.69,-85.25],[-175.28,-85.0],[-176.5,-84.87],[-178.0,-84.98],[-178.25,-85.2],[-180.0,-85.09]]}},{"type":"Feature","properties":{"level":984},"geometry":{"type":"LineString","coordinates":[[164.64,-73.5],[164.75,-73.71],[165.25,-73.74],[166.25,-73.21],[168.5,-72.87],[169.0,-73.04],[169.07,-72.5],[168.75,-72.25],[168.18,-72.25],[168.6,-72.5],[167.75,-72.57],[167.25,-72.96],[166.5,-72.48],[165.32,-72.5],[165.85,-73.0],[165.25,-73.37],[164.25,-72.95],[163.46,-73.0],[164.0,-73.4],[164.64,-73.5]]}},{"type":"Feature","properties":{"level":984},"geometry":{"type":"LineString","coordinates":[[180.0,-71.11],[177.25,-71.71],[172.64,-72.25],[172.0,-72.85],[172.0,-73.3],[171.5,-73.43],[171.26,-74.0],[169.73,-74.5],[169.87,-74.75],[169.31,-75.0],[173.25,-75.4],[180.0,-74.87]]}},{"type":"Feature","properties":{"level":984},"geometry":{"type":"LineString","coordinates":[[65.45,-68.0],[66.73,-68.0],[65.45,-68.0]]}},{"type":"Feature","properties":{"level":984},"geometry":{"type":"LineString","coordinates":[[-180.0,-62.47],[-175.93,-64.0],[-169.92,-65.25],[-171.75,-67.26],[-173.5,-68.66],[-176.25,-70.02],[-180.0,-71.11]]}},{"type":"Feature","properties":{"level":984},"geometry":{"type":"LineString","coordinates":[[-13.5,-45.54],[-14.52,-45.0],[-13.75,-44.74],[-12.25,-44.73],[-11.25,-44.93],[-10.98,-45.25],[-11.75,-45.66],[-13.5,-45.54]]}},{"type":"Feature","properties":{"level":984},"geometry":{"type":"LineString","coordinates":[[-118.75,20.43],[-119.04,20.75],[-119.0,21.17],[-118.68,21.5],[-118.33,21.5],[-118.11,20.75],[-118.27,20.5],[-118.75,20.43]]}},{"type":"Feature","properties":{"level":984},"geometry":{"type":"LineString","coordinates":[[146.25,32.18],[145.25,32.59],[144.49,33.5],[144.37,34.25],[144.75,35.19],[146.5,36.17],[147.5,36.13],[148.5,35.75],[149.02,35.25],[149.32,34.5],[149.07,33.25],[147.75,32.29],[146.25,32.18]]}},{"type":"Feature","properties":{"level":984},"geometry":{"type":"LineString","coordinates":[[-63.75,49.75],[-65.0,50.04],[-65.57,50.75],[-64.5,51.44],[-63.65,51.25],[-63.0,50.82],[-62.68,50.25],[-63.0,49.83],[-63.75,49.75]]}},{"type":"Feature","properties":{"level":984},"geometry":{"type":"LineString","coordinates":[[-57.0,53.91],[-57.25,54.28],[-57.75,54.14],[-57.95,54.5],[-57.8,54.75],[-56.25,55.03],[-55.14,54.75],[-56.0,53.98],[-57.0,53.91]]}},{"type":"Feature","properties":{"level":984},"geometry":{"type":"LineString","coordinates":[[-52.75,54.1],[-52.94,54.25],[-52.75,54.4],[-52.23,54.25],[-52.75,54.1]]}},{"type":"Feature","properties":{"level":984},"geometry":{"type":"LineString","coordinates":[[149.75,55.0],[148.5,55.34],[147.87,56.0],[148.5,56.59],[150.0,57.01],[151.09,57.0],[152.17,56.5],[152.23,56.0],[151.75,55.54],[149.75,55.0]]}},{"type":"Feature","properties":{"level":984},"geometry":{"type":"LineString","coordinates":[[46.0,63.71],[43.75,64.51],[37.5,65.07],[31.5,66.86],[28.45,68.25],[25.75,69.13],[23.25,70.84],[22.45,72.0],[20.25,73.5],[16.61,74.75],[19.75,75.43],[22.5,76.46],[27.75,77.77],[36.75,79.33],[43.5,79.58],[48.0,79.35],[50.25,78.91],[50.74,78.5],[50.42,78.0],[49.08,77.5],[48.54,77.0],[49.64,75.5],[49.86,73.75],[50.68,72.0],[51.13,70.25],[51.33,69.25],[51.22,68.25],[50.43,67.0],[47.97,64.5],[46.0,63.71]]}},{"type":"Feature","properties":{"level":984},"geometry":{"type":"LineString","coordinates":[[13.5,74.96],[15.85,75.0],[14.5,74.78],[13.5,74.96]]}},{"type":"Feature","properties":{"level":988},"geometry":{"type":"LineString","coordinates":[[180.0,-85.4],[170.75,-85.1],[169.55,-85.0],[169.25,-84.49],[165.0,-84.6],[164.61,-84.5],[165.11,-84.0],[166.59,-83.75],[164.75,-83.44],[163.05,-83.75],[161.42,-83.75],[160.27,-83.5],[160.49,-83.25],[159.63,-83.0],[159.75,-82.65],[160.95,-82.5],[159.0,-81.97],[156.85,-81.75],[156.65,-81.25],[157.25,-80.94],[158.0,-80.92],[159.48,-79.75],[159.2,-79.25],[162.39,-78.5],[161.5,-78.14],[161.3,-77.75],[159.86,-77.25],[161.27,-77.0],[160.62,-76.75],[160.56,-76.5],[160.84,-76.25],[159.75,-75.64],[158.79,-75.5],[159.25,-75.14],[162.05,-74.75],[161.77,-74.25],[161.94,-74.0],[160.5,-73.21],[137.5,-71.97],[135.75,-71.65],[132.5,-71.82],[126.25,-73.02],[122.5,-73.49],[117.5,-73.39],[111.02,-72.5],[113.0,-72.18],[113.79,-71.75],[111.56,-71.0],[111.68,-70.75],[108.75,-69.92],[105.75,-68.61],[104.25,-68.51],[102.75,-68.98],[101.25,-69.03],[100.0,-68.47],[97.75,-68.15],[91.0,-69.57],[89.5,-69.69],[84.75,-69.45],[83.87,-69.75],[82.75,-70.68],[80.05,-71.5],[80.36,-71.75],[76.25,-72.96],[74.75,-73.66],[69.75,-74.07],[67.25,-74.11],[65.45,-73.5],[65.21,-71.75],[65.52,-71.25],[64.47,-70.0],[64.17,-69.25],[63.41,-68.75],[61.25,-68.18],[55.75,-67.47],[54.5,-66.95],[53.37,-67.25],[53.25,-67.67],[51.77,-68.0],[51.45,-68.5],[49.75,-69.14],[46.75,-69.56],[43.0,-71.06],[36.75,-72.01],[34.25,-72.74],[29.75,-73.25],[25.75,-72.91],[18.75,-73.61],[15.58,-74.25],[10.5,-74.82],[7.5,-74.85],[5.15,-75.25],[5.5,-75.61],[7.73,-76.5],[6.94,-77.25],[1.75,-76.85],[-3.0,-75.91],[-5.75,-75.79],[-7.27,-76.25],[-7.5,-76.54],[-11.0,-76.59],[-12.0,-77.06],[-24.0,-76.86],[-32.5,-77.68],[-35.5,-78.48],[-36.68,-78.25],[-37.67,-77.75],[-37.91,-75.5],[-37.64,-73.75],[-37.13,-72.5],[-35.37,-70.25],[-33.84,-67.25],[-32.22,-64.75],[-30.64,-63.0],[-27.25,-60.42],[-25.25,-59.33],[-14.25,-55.95],[-6.25,-54.4],[-3.49,-53.25],[0.0,-52.33],[5.25,-51.62],[16.75,-50.94],[19.0,-50.58],[21.75,-51.06],[32.25,-55.29],[35.5,-56.14],[39.85,-57.75],[41.75,-58.08],[42.75,-57.94],[43.25,-58.22],[44.5,-58.01],[45.0,-58.29],[46.25,-58.34],[47.0,-58.82],[47.0,-58.4],[49.75,-58.58],[51.75,-58.36],[52.5,-58.53],[53.0,-58.98],[54.0,-59.02],[54.75,-59.43],[57.25,-59.15],[59.5,-60.07],[60.0,-59.88],[60.75,-60.14],[61.12,-59.75],[62.25,-59.44],[64.0,-59.47],[65.75,-58.84],[69.34,-58.0],[70.75,-57.94],[72.42,-57.25],[79.5,-55.66],[87.5,-55.08],[88.5,-54.5],[92.0,-53.33],[93.0,-53.14],[94.5,-53.59],[105.5,-51.03],[108.0,-50.77],[112.5,-50.95],[116.75,-50.81],[121.0,-51.03],[124.75,-51.8],[125.5,-51.53],[133.25,-55.22],[140.75,-59.83],[143.25,-60.67],[146.75,-60.53],[155.25,-58.76],[162.0,-57.77],[164.25,-57.11],[167.0,-55.55],[168.5,-54.35],[171.35,-55.75],[174.17,-58.0],[176.75,-59.62],[180.0,-61.01]]}},{"type":"Feature","properties":{"level":988},"geometry":{"type":"LineString","coordinates":[[-128.3,-78.5],[-125.7,-78.25],[-125.11,-77.5],[-125.35,-77.25],[-127.06,-77.25],[-126.95,-77.0],[-125.81,-76.75],[-127.0,-76.23],[-130.25,-76.73],[-132.48,-76.75],[-132.31,-77.25],[-131.75,-77.62],[-128.61,-78.0],[-128.16,-78.25],[-128.3,-78.5]]}},{"type":"Feature","properties":{"level":988},"geometry":{"type":"LineString","coordinates":[[-180.0,-61.01],[-173.75,-62.56],[-168.0,-62.79],[-164.92,-63.25],[-164.53,-63.5],[-166.0,-65.4],[-168.57,-67.25],[-172.51,-71.25],[-171.66,-71.75],[-166.25,-71.94],[-161.5,-71.52],[-150.0,-69.47],[-148.1,-68.75],[-147.81,-68.25],[-149.0,-67.11],[-150.61,-66.5],[-151.55,-65.75],[-151.77,-65.25],[-151.46,-64.5],[-146.5,-60.79],[-143.42,-55.5],[-140.5,-52.99],[-138.5,-50.83],[-134.5,-48.34],[-132.25,-47.45],[-130.25,-46.98],[-124.5,-49.11],[-116.13,-53.25],[-106.75,-57.44],[-101.75,-58.75],[-99.5,-59.08],[-99.0,-58.8],[-98.75,-58.91],[-95.5,-61.84],[-90.75,-61.08],[-89.75,-61.08],[-89.0,-61.36],[-88.54,-61.75],[-88.38,-62.5],[-89.25,-63.15],[-90.5,-63.55],[-94.0,-63.78],[-94.4,-64.0],[-94.78,-65.0],[-94.45,-66.5],[-92.51,-68.25],[-88.77,-70.75],[-85.75,-71.79],[-82.5,-72.43],[-82.22,-72.75],[-82.98,-73.25],[-86.18,-74.0],[-86.6,-74.25],[-86.19,-74.75],[-88.19,-76.0],[-88.21,-76.5],[-88.48,-76.75],[-88.16,-77.25],[-86.5,-77.62],[-84.78,-78.5],[-86.35,-79.25],[-84.53,-79.75],[-85.32,-80.25],[-87.12,-80.75],[-87.4,-81.25],[-88.25,-81.54],[-92.58,-82.5],[-102.5,-83.88],[-106.93,-84.25],[-106.25,-84.58],[-104.16,-84.75],[-116.82,-85.0],[-116.55,-85.25],[-116.64,-85.5],[-117.0,-85.57],[-122.73,-86.0],[-120.85,-86.5],[-124.75,-86.68],[-127.75,-86.6],[-128.09,-86.5],[-126.54,-86.25],[-129.5,-85.97],[-135.0,-86.27],[-142.25,-86.02],[-147.75,-86.21],[-150.75,-85.98],[-157.5,-86.55],[-159.75,-86.4],[-160.68,-86.0],[-164.5,-86.0],[-169.75,-85.63],[-176.5,-85.87],[-177.91,-85.75],[-177.5,-85.49],[-180.0,-85.4]]}},{"type":"Feature","properties":{"level":988},"geometry":{"type":"LineString","coordinates":[[50.25,-58.38],[50.25,-58.17],[50.25,-58.38]]}},{"type":"Feature","properties":{"level":988},"geometry":{"type":"LineString","coordinates":[[-13.25,-46.26],[-15.0,-45.96],[-17.25,-44.79],[-18.07,-44.0],[-16.0,-43.5],[-11.25,-43.47],[-9.68,-44.25],[-9.32,-44.75],[-9.6,-45.75],[-10.5,-46.15],[-13.25,-46.26]]}},{"type":"Feature","properties":{"level":988},"geometry":{"type":"LineString","coordinates":[[-118.75,20.21],[-119.13,20.5],[-119.27,21.0],[-119.01,21.5],[-118.5,21.74],[-118.0,21.45],[-117.89,20.75],[-118.25,20.29],[-118.75,20.21]]}},{"type":"Feature","properties":{"level":988},"geometry":{"type":"LineString","coordinates":[[145.75,31.93],[144.75,32.38],[144.07,33.25],[143.9,34.25],[144.26,35.25],[145.0,35.93],[146.75,36.57],[148.0,36.45],[149.0,35.91],[149.47,35.25],[149.73,34.25],[149.26,33.0],[148.5,32.27],[147.75,31.96],[145.75,31.93]]}},{"type":"Feature","properties":{"level":988},"geometry":{"type":"LineString","coordinates":[[-63.5,48.72],[-65.0,48.98],[-66.91,50.25],[-66.0,52.0],[-65.25,52.58],[-60.5,55.15],[-59.0,55.65],[-57.5,55.81],[-52.75,55.66],[-50.75,55.26],[-49.07,54.5],[-49.18,54.0],[-50.19,53.25],[-52.5,53.01],[-57.25,51.86],[-59.5,50.7],[-61.75,49.0],[-63.5,48.72]]}},{"type":"Feature","properties":{"level":988},"geometry":{"type":"LineString","coordinates":[[150.5,53.47],[144.25,55.83],[143.76,56.25],[143.4,57.5],[144.0,58.02],[144.75,57.82],[146.0,58.33],[148.25,58.54],[153.0,56.84],[153.57,56.0],[153.5,55.44],[152.0,54.05],[150.5,53.47]]}},{"type":"Feature","properties":{"level":988},"geometry":{"type":"LineString","coordinates":[[45.5,62.19],[43.5,63.12],[37.0,63.85],[26.25,66.58],[23.28,68.25],[21.25,68.85],[21.12,69.0],[21.6,69.5],[17.75,71.92],[10.62,74.25],[9.96,74.75],[9.56,75.75],[13.5,76.63],[14.5,77.1],[17.25,76.88],[19.75,77.76],[23.25,78.15],[26.25,79.29],[31.75,80.35],[38.25,81.08],[46.0,81.36],[53.25,81.22],[54.75,81.03],[57.75,80.09],[62.05,79.5],[62.28,79.25],[62.18,79.0],[57.25,76.89],[56.43,76.25],[56.37,75.75],[56.77,75.25],[54.79,73.75],[54.26,73.0],[54.36,71.25],[54.09,69.75],[53.24,67.75],[52.08,66.25],[47.99,62.75],[47.25,62.41],[45.5,62.19]]}},{"type":"Feature","properties":{"level":992},"geometry":{"type":"LineString","coordinates":[[180.0,-86.81],[173.59,-86.25],[172.37,-85.75],[175.17,-85.5],[174.25,-85.41],[169.25,-85.09],[167.5,-85.37],[164.25,-85.38],[163.94,-85.25],[165.17,-85.0],[162.74,-84.75],[164.75,-83.85],[166.06,-83.75],[162.0,-83.91],[159.98,-83.75],[160.23,-83.25],[159.33,-83.0],[158.99,-82.75],[159.12,-82.5],[158.0,-82.2],[156.0,-82.26],[155.75,-81.95],[154.94,-81.75],[157.42,-80.75],[157.53,-80.5],[156.83,-80.25],[157.0,-80.05],[158.98,-79.75],[157.5,-79.5],[157.04,-79.25],[157.02,-79.0],[159.5,-78.92],[160.67,-78.5],[160.25,-78.18],[160.36,-77.75],[159.47,-77.25],[160.43,-77.0],[159.39,-76.5],[159.84,-76.25],[157.18,-75.75],[157.88,-75.5],[156.97,-75.25],[157.1,-75.0],[156.77,-74.5],[157.89,-74.25],[156.5,-73.44],[147.0,-72.86],[135.25,-72.75],[120.75,-74.24],[116.25,-74.05],[111.25,-73.58],[107.8,-73.0],[107.49,-72.5],[107.67,-72.25],[108.25,-71.9],[109.23,-71.75],[107.75,-71.56],[107.71,-71.0],[106.74,-70.5],[107.68,-70.25],[103.75,-69.63],[101.25,-69.52],[100.0,-69.13],[98.75,-69.12],[97.25,-68.58],[95.0,-69.38],[88.75,-70.93],[85.25,-72.5],[78.0,-73.12],[75.75,-74.08],[73.75,-74.6],[69.25,-74.72],[66.0,-74.39],[64.02,-73.5],[64.12,-71.75],[64.47,-71.25],[63.5,-69.86],[60.79,-68.75],[54.5,-68.01],[50.25,-69.43],[47.25,-69.92],[44.0,-71.25],[37.25,-72.34],[34.5,-73.17],[30.5,-73.74],[26.0,-73.46],[21.75,-73.97],[19.75,-74.45],[7.26,-75.5],[9.25,-76.01],[10.87,-76.75],[11.23,-77.0],[11.15,-77.25],[10.6,-77.5],[10.54,-77.75],[12.0,-78.55],[17.5,-78.86],[18.53,-79.0],[18.66,-79.25],[17.76,-79.75],[16.25,-79.89],[9.28,-80.0],[4.25,-79.08],[2.0,-78.39],[-0.79,-78.25],[-2.5,-77.82],[-6.0,-77.61],[-13.25,-77.66],[-15.5,-77.25],[-19.75,-77.97],[-19.95,-77.5],[-20.25,-77.41],[-23.25,-77.05],[-31.02,-77.75],[-32.3,-78.0],[-33.0,-78.6],[-33.75,-78.75],[-36.5,-78.71],[-39.5,-78.29],[-40.18,-78.0],[-41.1,-77.0],[-41.45,-75.25],[-41.24,-74.25],[-40.7,-73.25],[-34.47,-64.25],[-29.37,-60.0],[-26.5,-58.51],[-17.75,-55.39],[-8.25,-52.99],[-3.75,-51.58],[2.5,-50.74],[15.0,-50.01],[18.5,-49.48],[19.5,-49.5],[23.0,-50.33],[33.5,-54.19],[39.75,-55.65],[42.25,-55.8],[42.47,-55.5],[46.75,-54.63],[50.5,-55.69],[52.5,-56.01],[53.25,-56.6],[54.25,-56.58],[57.0,-57.31],[61.75,-58.11],[63.25,-57.69],[66.0,-57.6],[70.25,-56.83],[76.5,-55.28],[81.25,-54.64],[84.25,-53.85],[89.5,-53.02],[90.0,-52.63],[91.75,-52.04],[93.25,-51.84],[94.75,-52.03],[97.0,-51.73],[105.25,-49.87],[119.0,-49.54],[123.25,-50.34],[123.5,-50.29],[123.56,-50.0],[124.0,-49.98],[132.5,-53.94],[141.75,-58.94],[143.75,-59.45],[146.25,-59.52],[149.25,-59.09],[160.75,-56.74],[163.25,-55.93],[166.0,-54.62],[168.25,-53.05],[170.37,-53.5],[176.5,-57.93],[180.0,-59.45]]}},{"type":"Feature","properties":{"level":992},"geometry":{"type":"LineString","coordinates":[[-164.17,-86.25],[-162.75,-86.5],[-160.73,-86.25],[-164.17,-86.25]]}},{"type":"Feature","properties":{"level":992},"geometry":{"type":"LineString","coordinates":[[-169.02,-86.0],[-167.6,-86.0],[-169.02,-86.0]]}},{"type":"Feature","properties":{"level":992},"geometry":{"type":"LineString","coordinates":[[-28.75,-80.52],[-28.93,-80.5],[-27.61,-80.5],[-28.75,-80.52]]}},{"type":"Feature","properties":{"level":992},"geometry":{"type":"LineString","coordinates":[[-0.87,-77.75],[0.17,-77.75],[-0.87,-77.75]]}},{"type":"Feature","properties":{"level":992},"geometry":{"type":"LineString","coordinates":[[-127.07,-77.5],[-125.57,-77.5],[-127.07,-77.5]]}},{"type":"Feature","properties":{"level":992},"geometry":{"type":"LineString","coordinates":[[-128.18,-77.0],[-126.39,-76.75],[-127.0,-76.38],[-127.75,-76.38],[-128.14,-76.5],[-128.18,-77.0]]}},{"type":"Feature","properties":{"level":992},"geometry":{"type":"LineString","coordinates":[[-77.0,-75.04],[-77.23,-75.0],[-75.49,-75.0],[-77.0,-75.04]]}},{"type":"Feature","properties":{"level":992},"geometry":{"type":"LineString","coordinates":[[160.45,-74.25],[161.25,-74.35],[161.7,-74.0],[161.0,-73.47],[160.0,-73.58],[159.91,-73.75],[160.45,-74.25]]}},{"type":"Feature","properties":{"level":992},"geometry":{"type":"LineString","coordinates":[[-180.0,-59.45],[-178.0,-59.99],[-172.5,-60.87],[-165.25,-61.05],[-161.25,-61.62],[-160.66,-62.5],[-160.55,-63.25],[-161.08,-64.5],[-160.96,-65.5],[-161.87,-67.25],[-161.25,-67.91],[-160.75,-68.08],[-159.5,-68.2],[-158.0,-68.01],[-157.3,-67.75],[-156.94,-66.75],[-157.11,-65.75],[-156.73,-65.25],[-152.0,-62.07],[-147.02,-57.25],[-145.72,-55.0],[-138.88,-49.5],[-136.0,-47.64],[-133.75,-46.52],[-131.75,-45.97],[-130.5,-46.09],[-118.16,-49.75],[-116.25,-51.0],[-115.75,-51.6],[-111.75,-53.75],[-105.0,-56.7],[-100.75,-57.67],[-97.75,-57.89],[-94.0,-59.95],[-93.25,-60.11],[-87.5,-59.74],[-85.75,-59.76],[-85.0,-60.0],[-84.69,-60.5],[-84.51,-61.75],[-85.0,-62.5],[-86.5,-63.57],[-89.97,-65.25],[-90.43,-65.75],[-90.5,-66.28],[-89.83,-67.25],[-89.0,-67.91],[-85.5,-69.87],[-83.75,-70.55],[-79.25,-71.54],[-78.25,-71.99],[-79.0,-72.95],[-80.25,-73.31],[-81.7,-74.25],[-80.74,-75.0],[-81.23,-75.25],[-81.12,-76.0],[-82.44,-76.5],[-82.0,-76.76],[-78.61,-77.0],[-77.82,-77.25],[-79.75,-77.4],[-81.5,-77.07],[-85.5,-77.56],[-85.62,-77.75],[-84.63,-78.5],[-85.5,-79.11],[-83.19,-80.0],[-83.2,-80.5],[-85.92,-80.75],[-88.25,-81.81],[-91.25,-82.53],[-101.69,-84.25],[-99.53,-84.5],[-99.5,-84.75],[-111.5,-85.21],[-111.69,-85.25],[-109.18,-85.5],[-108.79,-85.75],[-112.85,-86.5],[-131.25,-86.98],[-138.23,-86.75],[-136.75,-86.54],[-129.76,-86.5],[-138.0,-86.46],[-138.75,-86.74],[-141.25,-86.8],[-144.01,-86.5],[-142.26,-86.25],[-143.5,-86.2],[-147.29,-86.75],[-151.0,-86.4],[-159.5,-86.71],[-163.25,-87.11],[-180.0,-86.81]]}},{"type":"Feature","properties":{"level":992},"geometry":{"type":"LineString","coordinates":[[-13.75,-47.29],[-15.5,-46.87],[-17.5,-45.96],[-21.2,-43.5],[-21.82,-42.75],[-21.74,-42.5],[-20.75,-42.1],[-16.25,-42.26],[-12.75,-42.1],[-10.0,-42.86],[-8.25,-44.11],[-8.04,-45.0],[-8.18,-45.75],[-9.0,-46.35],[-12.25,-47.38],[-13.75,-47.29]]}},{"type":"Feature","properties":{"level":992},"geometry":{"type":"LineString","coordinates":[[-118.75,19.99],[-119.37,20.5],[-119.43,21.25],[-118.75,21.87],[-118.25,21.87],[-117.78,21.5],[-117.67,20.75],[-118.0,20.2],[-118.75,19.99]]}},{"type":"Feature","properties":{"level":992},"geometry":{"type":"LineString","coordinates":[[167.0,25.9],[166.87,26.25],[167.32,26.25],[167.37,26.0],[167.0,25.9]]}},{"type":"Feature","properties":{"level":992},"geometry":{"type":"LineString","coordinates":[[145.25,31.49],[144.2,32.0],[143.47,33.0],[143.3,34.0],[143.72,35.25],[145.25,36.81],[146.32,37.25],[148.25,36.94],[149.0,36.58],[149.79,35.75],[150.13,34.75],[150.1,33.75],[149.74,33.0],[149.25,32.4],[148.0,31.61],[146.75,31.37],[145.25,31.49]]}},{"type":"Feature","properties":{"level":992},"geometry":{"type":"LineString","coordinates":[[-63.75,47.99],[-66.0,48.47],[-66.5,49.17],[-67.5,49.63],[-67.81,50.25],[-67.53,51.25],[-67.7,51.5],[-67.3,51.75],[-66.98,52.5],[-66.25,53.29],[-63.0,55.25],[-59.0,56.28],[-53.25,56.4],[-49.01,55.5],[-46.81,54.25],[-47.5,53.27],[-49.0,52.36],[-52.21,51.75],[-56.75,49.77],[-57.75,49.75],[-61.75,48.15],[-63.75,47.99]]}},{"type":"Feature","properties":{"level":992},"geometry":{"type":"LineString","coordinates":[[150.25,52.47],[146.75,53.13],[143.75,53.26],[142.25,53.74],[141.8,54.25],[141.3,56.25],[141.15,57.25],[141.4,57.5],[141.48,58.5],[143.25,59.76],[145.5,59.35],[149.75,59.27],[151.0,58.95],[153.36,57.75],[154.5,56.87],[154.78,56.5],[154.91,55.5],[153.98,53.75],[152.5,52.85],[150.25,52.47]]}},{"type":"Feature","properties":{"level":992},"geometry":{"type":"LineString","coordinates":[[140.5,57.74],[140.75,57.75],[140.5,57.74]]}},{"type":"Feature","properties":{"level":992},"geometry":{"type":"LineString","coordinates":[[44.0,60.92],[43.0,61.57],[41.5,61.95],[34.5,63.05],[27.75,64.7],[24.75,65.04],[22.25,65.64],[19.44,67.25],[19.35,67.75],[18.96,68.0],[19.21,68.5],[19.08,69.0],[18.25,69.61],[7.25,73.79],[5.54,75.25],[5.53,76.25],[6.23,77.0],[8.75,78.69],[10.13,79.25],[11.0,79.28],[13.25,78.7],[16.0,79.03],[17.85,79.0],[18.75,79.21],[19.5,79.73],[21.94,80.25],[23.47,81.0],[25.69,81.5],[30.5,82.19],[35.25,82.54],[54.0,82.92],[70.5,82.52],[70.78,82.5],[69.06,82.0],[76.1,79.75],[75.14,79.0],[72.08,77.75],[68.5,76.85],[66.75,76.7],[60.78,75.5],[61.26,75.25],[61.0,74.5],[58.83,72.25],[57.81,70.75],[57.65,70.0],[56.62,68.75],[53.5,65.44],[48.75,61.67],[46.0,60.84],[44.0,60.92]]}},{"type":"Feature","properties":{"level":996},"geometry":{"type":"LineString","coordinates":[[111.75,-87.76],[116.54,-87.75],[111.75,-87.76]]}},{"type":"Feature","properties":{"level":996},"geometry":{"type":"LineString","coordinates":[[180.0,-87.73],[171.75,-86.78],[156.51,-86.0],[156.76,-85.75],[158.5,-85.45],[163.25,-85.34],[163.4,-85.25],[163.24,-85.0],[161.66,-84.75],[162.0,-84.35],[163.83,-84.0],[162.1,-84.0],[162.0,-84.18],[159.75,-83.83],[159.49,-83.75],[159.94,-83.25],[155.5,-82.63],[154.25,-82.25],[153.82,-81.75],[154.0,-81.61],[156.77,-80.75],[154.41,-80.5],[155.5,-80.4],[157.18,-79.75],[157.0,-79.5],[155.51,-79.0],[159.25,-78.58],[159.45,-78.5],[159.03,-78.25],[159.79,-77.75],[159.16,-77.25],[159.21,-77.0],[158.14,-76.75],[157.93,-76.25],[156.25,-75.62],[155.0,-75.62],[153.71,-75.0],[153.52,-74.5],[152.25,-74.15],[140.0,-73.29],[137.75,-73.56],[134.5,-73.48],[121.75,-74.79],[118.0,-74.77],[107.25,-73.49],[104.37,-72.25],[104.62,-71.75],[104.21,-71.25],[104.3,-71.0],[103.79,-70.75],[99.93,-70.0],[98.0,-69.28],[96.25,-69.47],[93.5,-70.72],[86.25,-72.86],[79.5,-73.53],[74.5,-74.99],[69.25,-75.12],[65.17,-74.75],[62.66,-73.5],[62.47,-73.25],[62.75,-72.75],[62.69,-72.25],[63.45,-71.25],[63.48,-70.5],[63.0,-70.09],[60.0,-69.1],[56.75,-68.56],[55.5,-68.59],[54.5,-68.29],[52.36,-69.25],[47.75,-70.31],[44.75,-71.5],[37.68,-72.75],[34.25,-73.74],[31.0,-74.16],[25.5,-74.26],[23.25,-74.72],[22.5,-75.08],[20.25,-74.94],[17.75,-75.64],[15.5,-75.51],[14.5,-75.22],[14.32,-75.25],[14.98,-75.5],[11.82,-75.75],[11.88,-76.5],[13.25,-77.08],[20.25,-77.81],[23.48,-78.75],[23.71,-79.0],[23.52,-79.5],[22.25,-79.88],[18.25,-80.51],[10.25,-80.52],[2.0,-79.68],[-2.25,-78.85],[-2.76,-79.0],[-2.63,-79.25],[-3.5,-79.38],[-4.22,-79.25],[-3.38,-79.0],[-3.75,-78.93],[-6.41,-79.25],[-7.0,-79.87],[-7.5,-80.03],[-16.75,-80.38],[-18.5,-80.71],[-20.75,-80.37],[-26.25,-80.37],[-32.5,-81.3],[-39.25,-81.87],[-39.91,-81.5],[-41.0,-81.43],[-42.0,-81.0],[-42.11,-80.5],[-42.75,-80.06],[-47.25,-79.25],[-47.61,-79.0],[-47.4,-78.5],[-48.25,-78.33],[-48.68,-78.0],[-48.46,-77.0],[-45.08,-74.0],[-40.42,-68.25],[-37.97,-64.75],[-35.48,-62.5],[-27.8,-57.5],[-15.73,-53.0],[-10.62,-50.25],[-10.85,-50.0],[-16.75,-48.16],[-19.0,-46.71],[-22.67,-43.75],[-23.48,-42.75],[-23.69,-42.25],[-23.52,-41.75],[-21.75,-40.95],[-20.5,-40.79],[-12.75,-40.99],[-8.75,-42.32],[-7.0,-44.21],[-6.38,-45.5],[-7.47,-47.25],[-7.25,-48.5],[-8.34,-49.25],[-7.5,-49.65],[12.75,-49.13],[17.75,-48.53],[19.75,-48.6],[24.0,-49.46],[33.25,-52.55],[38.0,-53.23],[38.25,-53.44],[40.25,-53.17],[41.24,-52.5],[41.75,-51.73],[43.06,-51.5],[43.42,-52.0],[44.75,-52.17],[45.45,-52.75],[50.75,-54.43],[52.25,-54.68],[55.0,-55.62],[60.75,-56.63],[65.75,-56.45],[69.25,-55.94],[75.0,-54.69],[80.98,-53.75],[92.0,-50.88],[96.89,-50.5],[104.25,-48.61],[111.0,-48.43],[114.5,-47.75],[116.5,-47.81],[120.75,-48.44],[120.84,-48.25],[120.45,-47.75],[120.75,-47.69],[131.25,-52.38],[140.25,-57.01],[143.85,-58.25],[146.25,-58.41],[149.5,-58.07],[159.25,-55.8],[163.0,-54.47],[167.0,-52.31],[168.25,-51.99],[170.0,-52.07],[172.0,-52.56],[173.57,-54.5],[177.75,-57.01],[180.0,-58.07]]}},{"type":"Feature","properties":{"level":996},"geometry":{"type":"LineString","coordinates":[[-162.87,-86.25],[-161.53,-86.25],[-162.87,-86.25]]}},{"type":"Feature","properties":{"level":996},"geometry":{"type":"LineString","coordinates":[[165.54,-85.75],[168.14,-85.75],[165.54,-85.75]]}},{"type":"Feature","properties":{"level":996},"geometry":{"type":"LineString","coordinates":[[168.17,-85.5],[171.67,-85.5],[169.25,-85.19],[168.17,-85.5]]}},{"type":"Feature","properties":{"level":996},"geometry":{"type":"LineString","coordinates":[[-25.35,-79.75],[-25.25,-80.0],[-20.5,-79.82],[-14.0,-79.04],[-13.73,-78.75],[-14.0,-78.32],[-14.5,-78.17],[-18.5,-78.2],[-20.0,-78.62],[-23.42,-79.0],[-23.5,-79.37],[-25.35,-79.75]]}},{"type":"Feature","properties":{"level":996},"geometry":{"type":"LineString","coordinates":[[-80.75,-78.51],[-81.57,-78.25],[-80.5,-78.16],[-79.58,-78.5],[-80.75,-78.51]]}},{"type":"Feature","properties":{"level":996},"geometry":{"type":"LineString","coordinates":[[-27.8,-78.5],[-22.75,-78.36],[-22.08,-78.25],[-22.06,-78.0],[-22.48,-77.75],[-22.41,-77.25],[-22.75,-77.24],[-23.19,-77.75],[-28.25,-77.89],[-29.02,-78.25],[-27.8,-78.5]]}},{"type":"Feature","properties":{"level":996},"geometry":{"type":"LineString","coordinates":[[-127.68,-76.75],[-126.67,-76.75],[-127.25,-76.49],[-127.57,-76.5],[-127.68,-76.75]]}},{"type":"Feature","properties":{"level":996},"geometry":{"type":"LineString","coordinates":[[160.22,-73.75],[160.75,-73.91],[161.34,-73.75],[160.22,-73.75]]}},{"type":"Feature","properties":{"level":996},"geometry":{"type":"LineString","coordinates":[[-180.0,-58.07],[-171.0,-59.22],[-163.25,-59.34],[-159.63,-59.75],[-157.25,-60.35],[-155.25,-60.17],[-151.75,-58.3],[-146.75,-53.68],[-141.75,-49.75],[-138.16,-47.25],[-134.75,-45.43],[-133.25,-45.03],[-132.0,-44.98],[-124.75,-46.19],[-120.75,-46.44],[-120.25,-45.77],[-119.5,-45.63],[-117.5,-46.72],[-114.75,-48.74],[-112.25,-50.75],[-111.07,-52.0],[-108.5,-53.66],[-104.49,-55.5],[-100.75,-56.58],[-97.25,-56.9],[-94.5,-58.11],[-91.75,-58.95],[-85.75,-58.83],[-83.25,-59.43],[-81.83,-61.0],[-81.86,-62.0],[-82.5,-63.13],[-85.82,-65.75],[-85.92,-66.25],[-85.57,-67.0],[-83.94,-68.25],[-82.5,-68.86],[-76.5,-70.81],[-74.96,-71.0],[-75.53,-71.5],[-75.07,-72.0],[-75.18,-72.25],[-76.24,-73.0],[-76.25,-73.25],[-79.0,-73.75],[-79.25,-74.03],[-78.5,-74.3],[-72.0,-74.79],[-69.75,-75.18],[-69.59,-75.25],[-72.68,-75.75],[-72.0,-76.03],[-69.34,-76.0],[-71.5,-76.5],[-71.7,-76.75],[-69.7,-77.5],[-69.77,-77.75],[-72.25,-78.48],[-74.75,-78.5],[-76.25,-77.99],[-81.5,-77.45],[-82.48,-77.5],[-82.45,-77.75],[-82.75,-77.8],[-83.75,-77.52],[-85.0,-77.69],[-85.12,-78.0],[-84.5,-78.5],[-84.7,-79.0],[-81.61,-80.0],[-81.2,-80.25],[-81.52,-80.75],[-85.31,-81.0],[-85.0,-81.04],[-84.65,-81.5],[-85.5,-82.35],[-91.0,-83.09],[-94.66,-84.0],[-91.22,-84.25],[-91.51,-84.5],[-95.08,-85.0],[-92.66,-85.25],[-93.62,-85.5],[-96.0,-85.54],[-99.0,-85.12],[-103.5,-85.19],[-104.47,-85.25],[-105.43,-85.75],[-109.0,-86.53],[-118.75,-87.07],[-145.0,-87.4],[-151.25,-86.73],[-151.81,-86.75],[-151.07,-87.0],[-154.25,-87.28],[-170.24,-87.5],[-172.66,-88.0],[-180.0,-87.73]]}},{"type":"Feature","properties":{"level":996},"geometry":{"type":"LineString","coordinates":[[-119.0,19.74],[-119.66,20.5],[-119.69,21.25],[-119.0,21.98],[-118.0,22.0],[-117.4,21.25],[-117.45,20.5],[-118.0,19.89],[-119.0,19.74]]}},{"type":"Feature","properties":{"level":996},"geometry":{"type":"LineString","coordinates":[[166.75,25.71],[166.49,26.25],[166.65,26.5],[167.0,26.63],[167.5,26.44],[167.67,26.0],[167.5,25.7],[166.75,25.71]]}},{"type":"Feature","properties":{"level":996},"geometry":{"type":"LineString","coordinates":[[146.0,30.74],[144.0,31.16],[143.0,32.02],[142.52,33.5],[142.91,35.25],[144.1,36.5],[146.5,37.82],[147.75,37.82],[149.5,37.14],[150.2,36.5],[150.67,35.0],[150.62,33.75],[150.25,32.76],[149.5,31.91],[148.25,31.15],[146.0,30.74]]}},{"type":"Feature","properties":{"level":996},"geometry":{"type":"LineString","coordinates":[[-64.0,47.23],[-66.0,47.68],[-67.25,48.76],[-68.5,49.4],[-68.9,50.0],[-68.99,51.0],[-68.25,52.72],[-67.5,53.55],[-66.0,54.74],[-63.0,56.37],[-58.0,57.1],[-52.0,56.96],[-46.92,55.5],[-45.5,54.75],[-44.69,54.0],[-45.0,53.31],[-47.25,51.53],[-50.5,50.28],[-53.5,48.75],[-56.25,48.59],[-60.5,47.48],[-64.0,47.23]]}},{"type":"Feature","properties":{"level":996},"geometry":{"type":"LineString","coordinates":[[144.25,51.5],[142.4,52.0],[141.87,53.0],[140.94,54.0],[140.34,55.5],[139.21,57.0],[139.17,57.25],[140.36,58.0],[140.55,58.75],[140.43,59.5],[141.11,60.5],[143.75,60.6],[144.75,60.42],[146.25,60.62],[151.75,59.7],[156.02,57.75],[156.82,57.25],[156.96,56.75],[157.5,56.39],[157.34,55.75],[156.41,54.75],[156.25,53.85],[155.5,53.32],[155.0,52.42],[153.5,51.61],[152.25,51.32],[144.25,51.5]]}},{"type":"Feature","properties":{"level":996},"geometry":{"type":"LineString","coordinates":[[43.75,59.49],[42.22,59.75],[41.5,60.27],[40.25,60.67],[34.5,61.73],[27.25,63.45],[21.16,64.25],[19.5,65.38],[17.62,66.0],[17.79,66.25],[17.25,66.47],[17.04,67.0],[17.34,67.5],[16.5,68.22],[15.75,68.18],[15.5,68.53],[14.25,68.68],[10.69,70.0],[4.51,73.0],[2.25,75.0],[1.97,75.75],[2.12,76.5],[3.93,78.25],[6.44,79.25],[9.25,79.8],[12.0,80.03],[17.5,81.76],[22.75,82.73],[29.75,83.42],[39.25,83.98],[63.25,84.7],[84.75,84.6],[100.5,83.57],[112.48,81.75],[119.23,79.5],[120.25,79.0],[120.99,78.25],[120.82,77.75],[120.34,77.5],[118.5,76.98],[117.25,76.9],[113.7,77.5],[110.0,78.52],[102.5,79.39],[100.5,79.42],[99.0,79.8],[94.0,80.31],[93.58,80.25],[93.82,80.0],[89.53,79.5],[87.82,78.75],[82.5,78.1],[76.77,77.0],[70.75,75.41],[66.4,73.75],[64.18,72.5],[61.29,70.0],[60.37,69.5],[56.81,66.5],[54.25,63.94],[53.0,63.04],[48.0,60.13],[46.25,59.71],[43.75,59.49]]}},{"type":"Feature","properties":{"level":1000},"geometry":{"type":"LineString","coordinates":[[91.25,-88.5],[86.38,-88.0],[88.5,-87.74],[108.5,-87.59],[137.5,-86.47],[142.25,-86.46],[143.12,-86.75],[130.0,-87.68],[128.32,-88.0],[139.58,-88.25],[135.75,-88.53],[108.75,-88.71],[91.25,-88.5]]}},{"type":"Feature","properties":{"level":1000},"geometry":{"type":"LineString","coordinates":[[180.0,-88.11],[170.27,-88.0],[168.99,-87.75],[169.38,-87.5],[168.5,-87.26],[157.5,-86.83],[151.43,-86.0],[151.49,-85.75],[157.0,-85.1],[160.95,-85.0],[159.71,-84.5],[159.73,-84.25],[160.28,-84.0],[159.12,-83.75],[159.61,-83.25],[158.0,-83.5],[156.5,-83.35],[155.97,-83.25],[156.18,-83.0],[153.88,-82.5],[152.25,-82.47],[149.56,-82.0],[148.86,-81.75],[148.94,-81.5],[148.65,-81.25],[150.59,-80.5],[152.5,-80.2],[155.25,-80.26],[156.2,-79.5],[155.0,-79.1],[155.0,-78.85],[156.0,-78.56],[158.0,-78.45],[158.35,-78.25],[158.33,-77.75],[159.34,-77.5],[158.75,-77.18],[156.4,-76.75],[153.7,-75.75],[150.85,-75.25],[148.75,-74.55],[140.75,-73.91],[135.25,-74.17],[124.5,-75.18],[117.5,-75.23],[107.5,-74.05],[103.25,-72.97],[96.75,-72.68],[94.99,-72.25],[95.0,-71.9],[96.25,-71.95],[96.54,-71.75],[96.45,-71.5],[95.5,-71.05],[94.37,-71.25],[94.98,-71.5],[94.5,-71.79],[93.75,-71.74],[88.5,-72.87],[78.75,-74.33],[75.5,-75.3],[69.0,-75.52],[64.0,-75.02],[62.0,-73.96],[61.17,-73.25],[61.3,-72.25],[62.45,-71.25],[62.82,-70.5],[62.62,-70.25],[58.25,-69.15],[54.5,-68.83],[48.71,-70.5],[46.5,-71.49],[38.5,-73.11],[35.0,-74.04],[27.75,-74.79],[22.5,-75.71],[15.5,-76.11],[13.97,-76.5],[16.0,-76.96],[22.89,-77.5],[26.07,-78.5],[26.87,-79.25],[26.16,-79.75],[24.6,-80.25],[21.25,-80.7],[6.5,-80.77],[0.25,-81.12],[-10.5,-80.56],[-13.79,-80.75],[-15.1,-81.0],[-15.12,-81.5],[-17.0,-81.67],[-23.5,-81.99],[-27.0,-81.73],[-35.6,-82.25],[-37.67,-82.5],[-40.25,-83.26],[-43.0,-83.71],[-48.0,-83.12],[-52.25,-83.38],[-54.62,-83.75],[-56.25,-84.46],[-64.0,-84.83],[-67.0,-85.19],[-75.5,-85.44],[-86.0,-84.85],[-90.25,-84.98],[-91.25,-85.6],[-94.0,-85.8],[-100.75,-85.36],[-107.25,-86.83],[-114.0,-87.27],[-165.5,-88.3],[-180.0,-88.11]]}},{"type":"Feature","properties":{"level":1000},"geometry":{"type":"LineString","coordinates":[[-27.15,-81.0],[-22.25,-81.19],[-20.03,-80.75],[-26.0,-80.61],[-27.15,-81.0]]}},{"type":"Feature","properties":{"level":1000},"geometry":{"type":"LineString","coordinates":[[-180.0,-56.55],[-175.25,-57.35],[-168.5,-57.91],[-158.5,-57.75],[-156.0,-57.44],[-152.28,-55.5],[-147.44,-51.75],[-140.0,-46.64],[-136.5,-44.61],[-134.75,-43.99],[-125.75,-44.19],[-124.77,-44.0],[-121.75,-42.34],[-119.75,-43.25],[-113.0,-48.43],[-106.89,-52.5],[-102.25,-54.75],[-90.5,-57.91],[-84.25,-58.15],[-82.75,-58.47],[-81.65,-59.0],[-79.89,-60.25],[-79.02,-61.5],[-78.86,-62.5],[-79.09,-63.75],[-80.02,-65.25],[-79.63,-66.75],[-74.1,-69.75],[-72.97,-70.75],[-73.25,-71.3],[-70.0,-71.75],[-71.47,-72.0],[-71.4,-72.5],[-73.34,-73.25],[-72.7,-73.75],[-73.47,-74.25],[-72.49,-74.5],[-67.5,-74.77],[-65.75,-74.09],[-64.5,-74.19],[-62.73,-73.75],[-63.01,-73.5],[-62.72,-73.25],[-63.05,-73.0],[-62.37,-72.5],[-63.05,-71.75],[-62.75,-71.25],[-63.1,-70.5],[-63.57,-70.25],[-63.22,-70.0],[-63.81,-69.0],[-63.5,-68.74],[-62.75,-69.3],[-60.5,-69.08],[-59.0,-68.6],[-56.32,-69.0],[-56.08,-69.5],[-56.23,-69.75],[-58.18,-71.25],[-58.2,-71.5],[-57.88,-71.75],[-57.82,-72.75],[-56.5,-73.9],[-54.85,-74.25],[-51.5,-72.9],[-49.0,-71.51],[-45.75,-69.19],[-43.62,-67.0],[-42.56,-65.5],[-37.0,-61.37],[-30.5,-57.42],[-19.77,-52.25],[-18.75,-51.0],[-18.66,-49.75],[-23.25,-44.9],[-24.66,-43.0],[-25.06,-42.0],[-24.6,-41.0],[-23.5,-40.29],[-20.75,-39.76],[-15.0,-39.59],[-12.0,-40.03],[-10.0,-40.74],[-7.75,-42.05],[-5.0,-44.78],[-4.25,-45.22],[-4.08,-46.25],[-3.57,-46.75],[-1.5,-47.54],[3.5,-47.97],[9.0,-48.05],[10.5,-47.8],[13.25,-48.01],[15.75,-47.62],[19.75,-47.6],[24.5,-48.4],[30.5,-50.32],[34.75,-51.38],[36.25,-51.46],[38.0,-51.3],[39.83,-49.75],[41.5,-49.35],[51.0,-53.42],[58.0,-55.21],[60.5,-55.52],[63.25,-55.57],[67.75,-55.22],[78.78,-53.25],[90.75,-50.08],[96.0,-49.36],[103.0,-47.37],[109.25,-46.68],[111.25,-46.0],[112.75,-45.78],[114.75,-46.0],[116.25,-45.86],[116.55,-45.5],[116.19,-45.25],[116.25,-44.86],[121.0,-46.67],[127.0,-49.38],[139.25,-55.47],[143.75,-57.14],[148.0,-57.2],[154.5,-55.85],[160.44,-53.75],[164.5,-51.65],[165.5,-51.53],[167.75,-50.72],[171.5,-51.61],[173.04,-52.25],[175.5,-54.39],[180.0,-56.55]]}},{"type":"Feature","properties":{"level":1000},"geometry":{"type":"LineString","coordinates":[[-68.5,-32.0],[-68.9,-31.5],[-68.63,-31.25],[-68.64,-30.75],[-69.11,-30.25],[-68.62,-29.75],[-68.25,-28.55],[-68.17,-29.0],[-67.6,-29.5],[-67.86,-30.5],[-67.75,-31.05],[-68.18,-31.25],[-68.08,-31.75],[-68.5,-32.0]]}},{"type":"Feature","properties":{"level":1000},"geometry":{"type":"LineString","coordinates":[[-66.5,-29.43],[-66.4,-29.0],[-65.92,-29.0],[-65.95,-29.25],[-66.5,-29.43]]}},{"type":"Feature","properties":{"level":1000},"geometry":{"type":"LineString","coordinates":[[-67.5,-28.8],[-67.82,-27.75],[-67.75,-27.21],[-67.5,-27.67],[-67.25,-27.69],[-67.0,-27.17],[-66.25,-26.88],[-66.81,-27.5],[-66.21,-27.75],[-66.34,-28.5],[-66.75,-28.7],[-67.0,-28.42],[-67.5,-28.8]]}},{"type":"Feature","properties":{"level":1000},"geometry":{"type":"LineString","coordinates":[[-119.0,19.4],[-120.0,20.16],[-120.08,21.5],[-119.25,22.32],[-118.0,22.34],[-117.08,21.5],[-117.01,20.5],[-117.75,19.56],[-119.0,19.4]]}},{"type":"Feature","properties":{"level":1000},"geometry":{"type":"LineString","coordinates":[[166.75,25.42],[166.26,26.0],[166.32,26.5],[166.75,26.81],[167.25,26.81],[167.87,26.25],[167.82,25.75],[167.25,25.33],[166.75,25.42]]}},{"type":"Feature","properties":{"level":1000},"geometry":{"type":"LineString","coordinates":[[144.75,29.74],[142.77,30.5],[141.83,31.75],[141.41,33.75],[141.64,34.75],[142.16,35.75],[143.25,36.78],[145.5,38.13],[148.5,39.53],[151.0,37.25],[151.43,34.75],[151.19,33.25],[150.29,31.75],[149.0,30.66],[147.0,29.92],[144.75,29.74]]}},{"type":"Feature","properties":{"level":1000},"geometry":{"type":"LineString","coordinates":[[-62.75,46.23],[-64.75,46.42],[-66.75,46.97],[-66.98,47.5],[-68.15,48.5],[-69.5,49.24],[-70.27,50.75],[-70.07,52.0],[-68.5,54.23],[-66.71,55.5],[-64.0,56.9],[-59.0,58.09],[-56.75,58.2],[-52.75,57.92],[-49.5,57.27],[-45.0,55.5],[-43.75,54.72],[-43.16,54.0],[-43.11,52.75],[-43.75,51.76],[-48.5,48.91],[-52.75,47.39],[-56.75,47.22],[-60.25,46.1],[-61.25,46.33],[-62.75,46.23]]}},{"type":"Feature","properties":{"level":1000},"geometry":{"type":"LineString","coordinates":[[150.75,48.99],[148.75,49.91],[144.25,49.81],[143.0,50.49],[142.75,50.21],[142.0,50.15],[140.5,50.75],[140.85,52.0],[140.56,53.0],[139.5,54.34],[137.43,56.25],[139.4,57.75],[139.33,58.5],[138.97,59.0],[139.0,60.58],[140.0,61.48],[140.5,61.54],[141.0,61.56],[142.0,60.99],[142.75,61.49],[144.75,61.16],[147.0,61.15],[148.0,61.37],[152.0,60.55],[152.75,60.15],[156.0,59.33],[158.31,58.25],[158.63,57.25],[158.44,57.0],[158.73,56.75],[157.34,55.25],[156.9,53.5],[157.3,52.75],[157.37,51.75],[158.65,51.25],[158.25,50.34],[157.0,49.54],[155.0,49.83],[152.05,49.0],[150.75,48.99]]}},{"type":"Feature","properties":{"level":1000},"geometry":{"type":"LineString","coordinates":[[-92.25,51.69],[-92.77,52.0],[-92.5,52.39],[-92.25,52.4],[-91.86,51.75],[-92.25,51.69]]}},{"type":"Feature","properties":{"level":1000},"geometry":{"type":"LineString","coordinates":[[-93.75,52.95],[-94.75,53.48],[-96.08,54.75],[-96.61,55.75],[-97.5,56.07],[-100.0,57.99],[-101.09,60.0],[-101.08,61.0],[-100.75,61.57],[-98.75,61.86],[-96.5,61.51],[-95.04,60.75],[-94.01,59.75],[-93.54,58.75],[-93.44,56.75],[-93.93,56.0],[-93.91,55.25],[-94.25,55.0],[-93.91,54.5],[-93.93,54.0],[-94.6,53.75],[-94.0,53.61],[-93.5,53.95],[-92.78,53.5],[-93.25,52.91],[-93.75,52.95]]}},{"type":"Feature","properties":{"level":1000},"geometry":{"type":"LineString","coordinates":[[-95.14,54.25],[-94.88,54.25],[-95.14,54.25]]}},{"type":"Feature","properties":{"level":1000},"geometry":{"type":"LineString","coordinates":[[-148.25,57.98],[-148.75,58.19],[-148.83,58.5],[-148.11,59.25],[-147.0,59.31],[-146.34,58.75],[-146.44,58.25],[-146.75,58.06],[-148.25,57.98]]}},{"type":"Feature","properties":{"level":1000},"geometry":{"type":"LineString","coordinates":[[41.25,58.48],[40.13,58.75],[37.75,59.84],[31.0,61.1],[26.25,62.25],[19.0,63.48],[17.08,64.5],[15.39,65.0],[15.52,65.25],[13.61,66.5],[13.75,66.8],[12.25,66.72],[10.5,67.05],[6.55,68.25],[1.82,71.5],[-0.68,73.75],[-1.56,75.5],[-1.42,76.75],[0.0,78.21],[3.25,79.86],[11.25,82.4],[17.5,83.57],[24.0,84.3],[33.75,84.99],[61.0,85.93],[88.5,85.78],[100.25,85.29],[109.75,84.54],[116.75,83.57],[121.25,82.45],[126.47,80.5],[128.04,79.5],[128.68,78.75],[128.7,78.25],[128.15,77.25],[125.5,75.23],[123.25,74.61],[119.5,74.09],[117.25,74.11],[113.76,74.75],[112.08,75.75],[109.97,76.0],[108.42,76.5],[102.0,77.19],[87.5,76.83],[82.42,76.25],[76.5,74.97],[72.75,73.88],[68.8,72.25],[64.63,69.5],[62.75,68.63],[58.99,65.75],[57.75,65.13],[55.82,63.25],[54.07,62.0],[50.74,60.25],[47.5,58.85],[46.0,58.47],[44.5,58.31],[41.25,58.48]]}},{"type":"Feature","properties":{"level":1004},"geometry":{"type":"LineString","coordinates":[[180.0,-88.3],[169.5,-88.19],[159.25,-87.51],[147.5,-87.52],[146.67,-87.25],[148.68,-86.75],[147.75,-86.6],[137.88,-87.75],[144.65,-88.0],[136.5,-88.69],[120.0,-89.02],[73.08,-88.75],[78.38,-88.0],[84.25,-87.59],[110.25,-87.32],[138.5,-86.23],[148.25,-86.16],[150.0,-85.66],[153.67,-85.25],[153.35,-85.0],[149.69,-84.5],[150.95,-84.0],[148.68,-83.5],[149.75,-83.0],[149.55,-82.75],[146.15,-82.0],[146.12,-81.75],[148.75,-80.24],[152.25,-79.84],[154.82,-80.0],[153.43,-79.75],[153.9,-79.5],[154.0,-78.58],[155.75,-78.25],[157.5,-78.31],[157.75,-78.23],[157.87,-77.75],[157.5,-77.29],[155.15,-77.0],[152.59,-76.0],[145.0,-74.83],[137.25,-74.63],[124.0,-75.73],[119.0,-75.66],[111.0,-74.98],[102.75,-73.47],[98.0,-73.39],[92.75,-72.88],[84.34,-73.75],[78.5,-74.85],[75.75,-75.65],[71.5,-75.92],[66.25,-75.88],[61.48,-75.0],[60.5,-73.5],[60.07,-73.25],[60.25,-72.84],[59.68,-72.25],[61.0,-71.41],[61.72,-70.5],[61.6,-70.25],[58.25,-69.59],[55.25,-69.32],[50.75,-70.2],[47.14,-71.75],[36.14,-74.25],[25.75,-75.73],[23.5,-76.25],[20.75,-76.26],[18.65,-76.75],[24.75,-77.25],[27.75,-78.2],[29.08,-79.25],[28.83,-79.75],[27.75,-80.21],[23.5,-80.84],[16.75,-81.26],[8.0,-81.03],[0.0,-81.63],[-4.75,-81.35],[-10.25,-81.65],[-17.25,-82.42],[-23.25,-82.44],[-30.75,-82.89],[-36.71,-83.5],[-42.25,-84.51],[-48.75,-84.62],[-60.25,-85.44],[-66.62,-86.25],[-73.12,-86.75],[-73.65,-87.0],[-72.77,-87.5],[-67.57,-87.75],[-72.85,-88.0],[-104.75,-87.57],[-118.75,-87.81],[-134.5,-88.51],[-167.0,-88.52],[-180.0,-88.3]]}},{"type":"Feature","properties":{"level":1004},"geometry":{"type":"LineString","coordinates":[[157.55,-84.75],[159.64,-84.75],[158.64,-84.5],[159.43,-84.0],[158.5,-83.67],[156.03,-83.75],[154.93,-84.25],[155.18,-84.5],[157.0,-84.54],[157.55,-84.75]]}},{"type":"Feature","properties":{"level":1004},"geometry":{"type":"LineString","coordinates":[[-9.8,-80.75],[-8.75,-80.93],[-7.66,-80.75],[-9.8,-80.75]]}},{"type":"Feature","properties":{"level":1004},"geometry":{"type":"LineString","coordinates":[[-66.32,-73.5],[-65.25,-73.55],[-64.46,-73.25],[-65.0,-72.99],[-65.75,-73.06],[-66.55,-73.25],[-66.32,-73.5]]}},{"type":"Feature","properties":{"level":1004},"geometry":{"type":"LineString","coordinates":[[-66.26,-72.5],[-63.79,-72.5],[-64.75,-71.98],[-67.07,-72.0],[-67.0,-72.35],[-66.26,-72.5]]}},{"type":"Feature","properties":{"level":1004},"geometry":{"type":"LineString","coordinates":[[-180.0,-55.05],[-178.0,-55.61],[-167.0,-56.54],[-163.5,-56.31],[-157.75,-55.35],[-155.75,-54.56],[-149.25,-50.79],[-138.25,-43.73],[-135.25,-42.92],[-130.0,-42.77],[-127.75,-42.34],[-125.25,-41.07],[-123.75,-39.64],[-123.25,-39.55],[-121.5,-40.09],[-119.75,-40.99],[-113.75,-45.47],[-112.16,-47.25],[-110.14,-48.75],[-105.75,-51.42],[-102.5,-53.05],[-92.63,-56.25],[-88.25,-57.03],[-82.75,-57.54],[-79.35,-58.75],[-77.25,-60.24],[-75.61,-62.0],[-73.99,-64.25],[-71.98,-66.0],[-71.64,-66.5],[-71.31,-68.0],[-72.11,-68.75],[-72.1,-69.0],[-70.75,-69.14],[-70.51,-69.25],[-70.5,-69.58],[-69.66,-69.75],[-69.63,-70.25],[-68.17,-71.0],[-68.25,-71.33],[-65.0,-71.64],[-64.69,-71.5],[-65.0,-71.16],[-64.36,-71.0],[-65.0,-70.55],[-65.93,-70.5],[-65.0,-70.48],[-64.24,-69.75],[-64.87,-69.0],[-65.75,-68.59],[-65.87,-68.0],[-65.09,-67.0],[-62.74,-66.0],[-61.9,-65.25],[-60.75,-64.93],[-59.59,-64.25],[-56.75,-63.49],[-53.25,-63.69],[-52.0,-64.27],[-49.5,-64.63],[-47.25,-64.31],[-35.79,-58.75],[-25.75,-53.04],[-23.87,-51.75],[-23.0,-50.78],[-22.7,-49.75],[-23.11,-48.25],[-24.35,-46.5],[-25.95,-43.25],[-26.25,-42.25],[-26.03,-40.75],[-24.25,-39.45],[-21.25,-38.72],[-17.75,-38.46],[-17.25,-38.18],[-13.25,-38.56],[-11.75,-39.04],[-7.25,-41.32],[-4.0,-43.85],[-1.98,-44.75],[-1.25,-45.56],[2.5,-46.46],[13.0,-46.81],[15.75,-46.55],[20.5,-46.68],[24.85,-47.25],[33.0,-49.49],[35.0,-49.59],[37.0,-48.88],[38.05,-47.25],[38.75,-46.6],[39.5,-46.6],[40.54,-47.25],[39.77,-46.0],[40.0,-45.93],[45.99,-50.0],[49.25,-51.67],[54.25,-53.28],[60.75,-54.5],[67.5,-54.34],[79.0,-52.33],[88.75,-49.46],[94.25,-48.41],[97.0,-47.63],[102.5,-45.61],[105.59,-45.25],[110.25,-44.0],[112.64,-43.75],[113.35,-43.0],[113.16,-42.75],[113.5,-42.63],[115.5,-43.12],[119.75,-44.81],[138.42,-54.0],[141.5,-55.27],[144.0,-55.98],[145.75,-56.19],[148.75,-56.05],[152.33,-55.25],[155.5,-54.23],[158.0,-53.2],[161.5,-51.13],[162.11,-51.0],[163.18,-50.0],[165.75,-48.77],[165.75,-48.1],[172.5,-51.11],[175.5,-52.66],[177.25,-53.95],[180.0,-55.05]]}},{"type":"Feature","properties":{"level":1004},"geometry":{"type":"LineString","coordinates":[[-77.0,-37.44],[-77.2,-36.75],[-77.02,-36.5],[-76.5,-36.33],[-76.15,-36.5],[-76.0,-37.04],[-77.0,-37.44]]}},{"type":"Feature","properties":{"level":1004},"geometry":{"type":"LineString","coordinates":[[-67.25,-34.67],[-68.0,-34.1],[-69.0,-34.04],[-69.25,-33.58],[-69.18,-33.0],[-69.43,-32.5],[-69.15,-31.75],[-69.25,-31.56],[-69.5,-31.82],[-69.62,-31.5],[-69.47,-30.25],[-69.25,-29.81],[-68.89,-29.75],[-68.5,-28.41],[-67.95,-28.25],[-67.75,-27.0],[-67.25,-27.27],[-67.0,-26.75],[-66.75,-26.8],[-66.09,-26.25],[-66.53,-25.75],[-66.0,-24.61],[-65.75,-25.68],[-65.5,-24.94],[-65.35,-25.5],[-65.09,-25.5],[-65.25,-24.23],[-65.0,-24.37],[-64.87,-23.75],[-64.0,-23.14],[-63.0,-21.94],[-62.08,-23.0],[-62.36,-23.5],[-62.38,-24.25],[-62.02,-24.75],[-62.0,-26.0],[-62.85,-27.75],[-64.0,-28.94],[-64.78,-30.0],[-64.74,-30.25],[-65.25,-30.54],[-65.41,-31.25],[-65.16,-32.0],[-66.41,-32.75],[-66.25,-33.07],[-65.29,-33.5],[-65.4,-33.75],[-65.75,-34.0],[-66.25,-33.8],[-66.75,-34.58],[-67.25,-34.67]]}},{"type":"Feature","properties":{"level":1004},"geometry":{"type":"LineString","coordinates":[[-66.02,-28.5],[-65.29,-28.25],[-65.64,-27.25],[-65.42,-26.75],[-65.5,-26.1],[-66.21,-27.25],[-66.02,-28.5]]}},{"type":"Feature","properties":{"level":1004},"geometry":{"type":"LineString","coordinates":[[-64.76,-25.0],[-64.5,-25.05],[-63.94,-24.5],[-64.05,-23.75],[-64.59,-24.0],[-64.89,-24.75],[-64.76,-25.0]]}},{"type":"Feature","properties":{"level":1004},"geometry":{"type":"LineString","coordinates":[[-63.67,-24.25],[-63.5,-24.39],[-62.78,-24.0],[-62.75,-23.33],[-63.25,-23.62],[-63.52,-23.5],[-63.82,-24.0],[-63.67,-24.25]]}},{"type":"Feature","properties":{"level":1004},"geometry":{"type":"LineString","coordinates":[[-66.25,-23.82],[-66.03,-22.75],[-66.35,-22.0],[-65.75,-21.3],[-65.5,-21.39],[-65.45,-21.0],[-65.75,-20.9],[-65.84,-20.25],[-65.5,-20.02],[-65.25,-20.67],[-64.75,-20.75],[-64.41,-21.5],[-64.75,-21.98],[-65.0,-21.35],[-65.91,-22.75],[-65.75,-23.27],[-65.5,-23.16],[-65.25,-23.36],[-65.37,-23.75],[-65.75,-23.6],[-66.25,-23.82]]}},{"type":"Feature","properties":{"level":1004},"geometry":{"type":"LineString","coordinates":[[-64.05,-23.5],[-64.0,-23.74],[-64.0,-23.29],[-64.05,-23.5]]}},{"type":"Feature","properties":{"level":1004},"geometry":{"type":"LineString","coordinates":[[-65.25,-18.91],[-65.84,-18.5],[-66.41,-17.5],[-66.02,-17.5],[-65.75,-17.87],[-64.76,-18.0],[-64.25,-18.52],[-64.25,-18.82],[-64.5,-18.94],[-65.25,-18.91]]}},{"type":"Feature","properties":{"level":1004},"geometry":{"type":"LineString","coordinates":[[-65.25,-15.77],[-67.5,-14.92],[-68.5,-13.7],[-71.25,-12.63],[-71.44,-12.0],[-71.25,-11.91],[-70.5,-11.88],[-70.26,-12.0],[-70.47,-12.25],[-69.75,-12.57],[-69.59,-12.5],[-69.95,-12.25],[-69.75,-12.12],[-69.5,-12.35],[-69.25,-12.0],[-70.0,-10.98],[-71.39,-10.5],[-71.28,-9.5],[-70.75,-9.46],[-69.5,-9.93],[-67.5,-11.19],[-67.0,-11.12],[-66.5,-11.37],[-66.0,-10.95],[-65.82,-11.25],[-64.75,-11.52],[-64.25,-12.11],[-63.75,-12.04],[-63.56,-12.25],[-63.75,-12.55],[-63.25,-12.76],[-63.1,-12.25],[-63.26,-12.0],[-63.0,-11.7],[-62.75,-12.16],[-62.5,-12.08],[-62.69,-12.5],[-62.5,-12.7],[-61.25,-12.92],[-60.72,-13.25],[-60.75,-13.57],[-61.37,-13.75],[-61.5,-14.33],[-61.89,-14.0],[-62.0,-13.46],[-63.0,-13.68],[-63.0,-14.78],[-63.75,-13.92],[-64.5,-14.06],[-64.75,-14.79],[-65.0,-14.53],[-65.39,-14.75],[-65.39,-15.25],[-65.05,-15.5],[-65.25,-15.77]]}},{"type":"Feature","properties":{"level":1004},"geometry":{"type":"LineString","coordinates":[[-65.78,-15.25],[-65.55,-15.25],[-65.78,-15.25]]}},{"type":"Feature","properties":{"level":1004},"geometry":{"type":"LineString","coordinates":[[-60.25,-13.31],[-60.25,-13.09],[-60.25,-13.31]]}},{"type":"Feature","properties":{"level":1004},"geometry":{"type":"LineString","coordinates":[[-69.26,-11.0],[-69.41,-10.5],[-69.72,-10.5],[-69.26,-11.0]]}},{"type":"Feature","properties":{"level":1004},"geometry":{"type":"LineString","coordinates":[[-59.5,-8.84],[-59.5,-8.66],[-59.33,-8.75],[-59.5,-8.84]]}},{"type":"Feature","properties":{"level":1004},"geometry":{"type":"LineString","coordinates":[[-60.0,-8.34],[-60.0,-8.16],[-60.0,-8.34]]}},{"type":"Feature","properties":{"level":1004},"geometry":{"type":"LineString","coordinates":[[-60.5,-8.07],[-60.48,-7.75],[-59.98,-7.75],[-60.5,-8.07]]}},{"type":"Feature","properties":{"level":1004},"geometry":{"type":"LineString","coordinates":[[-75.25,-7.8],[-75.58,-7.25],[-75.1,-7.5],[-75.01,-7.75],[-75.25,-7.8]]}},{"type":"Feature","properties":{"level":1004},"geometry":{"type":"LineString","coordinates":[[-59.0,-7.25],[-59.0,-6.87],[-59.0,-7.25]]}},{"type":"Feature","properties":{"level":1004},"geometry":{"type":"LineString","coordinates":[[-60.0,-6.29],[-61.0,-6.18],[-61.56,-5.75],[-61.82,-5.5],[-61.3,-5.25],[-62.0,-4.73],[-62.75,-5.1],[-63.01,-5.5],[-63.0,-4.74],[-62.72,-4.5],[-63.05,-3.75],[-62.48,-3.25],[-62.99,-2.25],[-61.25,-1.44],[-61.0,-1.85],[-60.27,-1.75],[-60.47,-2.0],[-60.0,-2.74],[-59.48,-2.25],[-59.5,-1.78],[-59.25,-2.02],[-58.59,-2.0],[-58.64,-2.25],[-59.19,-2.5],[-59.0,-2.84],[-57.6,-2.0],[-57.67,-1.25],[-57.22,-1.0],[-57.05,-0.5],[-57.25,0.14],[-56.5,-0.19],[-55.8,-1.0],[-55.25,-1.07],[-54.76,-1.5],[-54.75,-1.82],[-55.75,-1.87],[-56.5,-1.59],[-56.98,-2.0],[-55.57,-2.75],[-55.5,-3.28],[-54.75,-3.75],[-54.5,-3.59],[-54.75,-4.07],[-55.5,-4.31],[-55.8,-4.5],[-55.75,-4.78],[-56.25,-4.96],[-57.25,-4.6],[-57.5,-5.15],[-58.5,-5.25],[-58.99,-5.75],[-58.85,-6.25],[-59.0,-6.48],[-60.0,-6.29]]}},{"type":"Feature","properties":{"level":1004},"geometry":{"type":"LineString","coordinates":[[-59.44,-5.75],[-59.0,-5.75],[-59.25,-5.48],[-59.44,-5.75]]}},{"type":"Feature","properties":{"level":1004},"geometry":{"type":"LineString","coordinates":[[-60.04,-5.25],[-59.52,-5.0],[-60.0,-4.99],[-60.04,-5.25]]}},{"type":"Feature","properties":{"level":1004},"geometry":{"type":"LineString","coordinates":[[-56.25,-5.45],[-56.25,-5.12],[-56.0,-5.07],[-55.89,-5.25],[-56.25,-5.45]]}},{"type":"Feature","properties":{"level":1004},"geometry":{"type":"LineString","coordinates":[[-59.49,-5.0],[-58.86,-5.0],[-59.49,-5.0]]}},{"type":"Feature","properties":{"level":1004},"geometry":{"type":"LineString","coordinates":[[-60.62,-3.0],[-60.18,-3.0],[-60.5,-2.56],[-60.62,-3.0]]}},{"type":"Feature","properties":{"level":1004},"geometry":{"type":"LineString","coordinates":[[-55.0,-3.02],[-55.0,-2.68],[-54.59,-3.0],[-55.0,-3.02]]}},{"type":"Feature","properties":{"level":1004},"geometry":{"type":"LineString","coordinates":[[-63.5,-2.85],[-63.5,-2.69],[-63.5,-2.85]]}},{"type":"Feature","properties":{"level":1004},"geometry":{"type":"LineString","coordinates":[[-58.25,-2.22],[-58.47,-2.0],[-58.25,-1.8],[-58.25,-2.22]]}},{"type":"Feature","properties":{"level":1004},"geometry":{"type":"LineString","coordinates":[[-60.0,-1.77],[-60.21,-1.75],[-60.0,-1.28],[-59.51,-1.75],[-60.0,-1.77]]}},{"type":"Feature","properties":{"level":1004},"geometry":{"type":"LineString","coordinates":[[-64.25,-1.09],[-64.25,-0.91],[-63.99,-1.0],[-64.25,-1.09]]}},{"type":"Feature","properties":{"level":1004},"geometry":{"type":"LineString","coordinates":[[-64.25,0.44],[-64.28,0.75],[-64.0,0.76],[-64.0,0.47],[-64.25,0.44]]}},{"type":"Feature","properties":{"level":1004},"geometry":{"type":"LineString","coordinates":[[-64.5,0.84],[-64.5,1.07],[-64.5,0.84]]}},{"type":"Feature","properties":{"level":1004},"geometry":{"type":"LineString","coordinates":[[-118.75,18.45],[-119.75,18.83],[-120.5,19.46],[-120.99,20.25],[-121.11,21.0],[-120.89,22.0],[-120.31,22.75],[-118.75,23.22],[-117.0,22.65],[-116.3,21.75],[-116.04,20.75],[-116.5,19.3],[-117.25,18.6],[-118.75,18.45]]}},{"type":"Feature","properties":{"level":1004},"geometry":{"type":"LineString","coordinates":[[167.0,24.91],[166.06,25.5],[165.87,26.25],[166.25,26.87],[167.0,27.11],[167.75,26.8],[168.17,26.0],[167.75,25.27],[167.0,24.91]]}},{"type":"Feature","properties":{"level":1004},"geometry":{"type":"LineString","coordinates":[[143.0,28.19],[140.71,29.75],[139.63,33.5],[139.67,34.25],[140.06,35.0],[141.02,36.25],[144.61,39.5],[144.92,40.0],[144.84,40.75],[145.25,41.21],[147.5,41.33],[147.75,41.93],[148.75,41.46],[150.29,41.75],[150.0,41.98],[149.0,41.82],[148.7,42.0],[149.25,42.32],[150.75,41.82],[151.5,41.99],[151.77,41.75],[151.25,41.0],[151.41,40.5],[151.17,39.5],[152.22,37.5],[152.48,35.5],[152.32,33.75],[151.53,32.0],[150.0,30.23],[147.5,28.61],[145.5,28.03],[143.0,28.19]]}},{"type":"Feature","properties":{"level":1004},"geometry":{"type":"LineString","coordinates":[[138.25,34.39],[138.04,34.75],[138.5,34.93],[138.63,34.5],[138.25,34.39]]}},{"type":"Feature","properties":{"level":1004},"geometry":{"type":"LineString","coordinates":[[144.85,39.5],[145.75,39.57],[146.25,40.38],[145.5,40.11],[145.25,39.61],[144.85,39.5]]}},{"type":"Feature","properties":{"level":1004},"geometry":{"type":"LineString","coordinates":[[151.25,42.21],[151.43,42.25],[151.25,42.21]]}},{"type":"Feature","properties":{"level":1004},"geometry":{"type":"LineString","coordinates":[[151.75,42.25],[152.05,42.25],[151.75,42.25]]}},{"type":"Feature","properties":{"level":1004},"geometry":{"type":"LineString","coordinates":[[152.5,42.28],[152.5,42.92],[152.83,42.5],[152.5,42.28]]}},{"type":"Feature","properties":{"level":1004},"geometry":{"type":"LineString","coordinates":[[-63.0,44.97],[-63.42,45.25],[-65.54,45.5],[-68.64,47.0],[-69.02,48.0],[-70.0,48.51],[-71.19,50.25],[-71.77,52.0],[-71.65,52.75],[-70.0,54.76],[-69.0,55.32],[-66.0,57.93],[-65.25,57.86],[-64.15,58.25],[-62.5,58.2],[-60.75,58.83],[-58.5,59.21],[-54.75,59.23],[-52.5,58.96],[-50.25,58.51],[-46.5,57.09],[-42.52,55.0],[-41.34,54.0],[-41.33,52.25],[-42.25,50.9],[-44.33,49.5],[-45.0,48.65],[-47.75,46.85],[-48.75,46.44],[-50.75,46.14],[-55.0,45.81],[-59.5,45.1],[-63.0,44.97]]}},{"type":"Feature","properties":{"level":1004},"geometry":{"type":"LineString","coordinates":[[154.75,46.2],[154.72,46.5],[153.75,47.36],[152.5,47.12],[152.0,47.24],[151.25,46.95],[149.75,46.97],[147.5,47.41],[146.0,48.07],[142.5,48.0],[139.75,48.51],[139.01,49.5],[138.98,51.0],[138.31,51.5],[139.13,52.5],[139.0,53.0],[138.34,53.75],[137.17,54.5],[136.34,55.5],[137.91,57.5],[137.57,58.5],[137.1,58.75],[137.34,60.75],[137.76,61.5],[139.0,62.19],[140.0,62.34],[140.84,62.25],[141.75,61.82],[146.25,61.94],[147.0,62.27],[148.0,62.3],[149.5,61.86],[154.0,61.65],[154.51,61.5],[155.0,60.71],[157.25,60.76],[161.0,59.86],[160.8,58.75],[160.05,57.25],[157.61,54.75],[157.95,53.5],[158.5,53.41],[159.25,52.88],[160.5,52.78],[161.18,51.5],[161.66,51.25],[161.07,49.75],[158.25,47.91],[157.71,47.0],[156.5,46.04],[155.5,46.01],[155.0,46.4],[154.75,46.2]]}},{"type":"Feature","properties":{"level":1004},"geometry":{"type":"LineString","coordinates":[[-91.5,47.45],[-92.34,48.25],[-92.29,48.5],[-94.25,49.83],[-97.25,52.86],[-99.25,53.62],[-99.75,54.05],[-105.0,56.55],[-105.5,57.0],[-105.11,57.5],[-105.5,57.9],[-106.29,58.0],[-104.8,58.25],[-109.75,60.3],[-111.75,61.5],[-112.4,62.25],[-112.05,62.75],[-112.49,63.0],[-112.59,63.5],[-114.34,64.0],[-115.02,64.75],[-114.68,65.25],[-114.95,66.25],[-114.18,67.0],[-114.49,67.5],[-113.75,67.88],[-112.5,67.94],[-107.25,65.9],[-103.75,66.28],[-100.5,65.83],[-98.84,65.25],[-96.25,63.83],[-92.75,61.25],[-91.59,60.0],[-90.84,58.75],[-88.5,53.65],[-88.48,52.25],[-87.5,50.85],[-87.36,50.25],[-87.71,49.5],[-88.68,48.5],[-91.25,47.28],[-91.5,47.45]]}},{"type":"Feature","properties":{"level":1004},"geometry":{"type":"LineString","coordinates":[[-149.75,56.48],[-151.25,57.17],[-152.75,59.19],[-153.35,59.5],[-152.5,59.88],[-151.56,61.5],[-151.04,61.75],[-151.04,62.25],[-151.69,62.5],[-151.29,62.75],[-150.89,62.75],[-150.5,62.41],[-150.25,62.72],[-149.5,62.75],[-148.75,63.26],[-148.25,62.99],[-147.29,63.0],[-147.75,62.71],[-147.25,62.65],[-147.0,62.93],[-146.5,62.66],[-146.35,63.0],[-147.25,63.1],[-147.31,63.5],[-146.75,63.33],[-145.91,63.5],[-145.14,63.0],[-145.11,62.75],[-146.75,61.94],[-147.25,61.94],[-147.25,62.35],[-148.0,62.69],[-148.25,62.58],[-148.75,63.01],[-149.05,62.75],[-148.97,62.25],[-149.33,62.0],[-148.75,61.42],[-148.12,61.25],[-149.0,61.08],[-149.39,60.75],[-147.5,61.08],[-144.85,60.25],[-143.73,59.75],[-143.47,59.0],[-143.65,58.25],[-144.5,57.42],[-146.0,56.72],[-148.25,56.29],[-149.75,56.48]]}},{"type":"Feature","properties":{"level":1004},"geometry":{"type":"LineString","coordinates":[[79.5,56.94],[79.17,57.75],[78.49,58.25],[78.75,58.53],[81.5,59.09],[82.78,58.75],[82.85,58.25],[82.25,57.64],[80.25,56.96],[79.5,56.94]]}},{"type":"Feature","properties":{"level":1004},"geometry":{"type":"LineString","coordinates":[[40.75,57.24],[37.25,57.93],[33.75,59.31],[17.75,62.55],[15.75,63.44],[12.5,64.44],[5.25,64.49],[2.75,64.98],[-0.75,67.09],[-3.17,69.5],[-3.82,70.75],[-3.82,71.25],[-4.53,72.0],[-5.43,74.0],[-5.35,76.5],[-4.59,77.75],[-3.58,78.75],[0.75,81.3],[4.75,82.93],[9.25,84.05],[16.0,85.1],[23.5,85.83],[34.0,86.48],[47.5,86.96],[67.0,87.2],[85.5,87.07],[101.5,86.66],[113.36,86.0],[122.0,85.01],[128.07,83.75],[134.5,81.38],[135.75,80.63],[136.24,79.75],[136.05,77.5],[135.14,76.5],[134.0,75.82],[132.5,75.29],[122.75,73.05],[115.5,72.76],[111.0,73.27],[104.75,74.72],[98.75,75.37],[93.25,75.59],[86.0,75.1],[79.75,73.94],[75.25,72.56],[71.5,70.82],[69.41,69.5],[68.53,68.25],[67.27,67.5],[65.75,67.52],[61.5,65.38],[59.79,65.0],[58.77,63.75],[58.0,63.4],[55.86,61.5],[54.0,60.38],[49.95,58.5],[45.0,57.16],[42.75,57.02],[40.75,57.24]]}},{"type":"Feature","properties":{"level":1004},"geometry":{"type":"LineString","coordinates":[[-140.25,61.17],[-141.5,61.58],[-141.75,61.46],[-141.77,61.75],[-142.5,62.19],[-143.25,62.15],[-143.51,62.5],[-143.0,62.74],[-142.5,62.32],[-141.5,62.34],[-140.0,61.42],[-139.25,61.25],[-140.25,61.17]]}},{"type":"Feature","properties":{"level":1004},"geometry":{"type":"LineString","coordinates":[[153.75,71.48],[151.47,72.0],[151.52,72.25],[152.13,72.5],[150.0,72.87],[149.0,73.75],[148.87,74.5],[150.0,75.14],[151.25,75.38],[156.64,75.25],[157.11,74.5],[152.34,72.5],[153.75,72.1],[154.3,71.5],[153.75,71.48]]}},{"type":"Feature","properties":{"level":1008},"geometry":{"type":"LineString","coordinates":[[155.5,-88.75],[161.78,-88.75],[155.5,-88.75]]}},{"type":"Feature","properties":{"level":1008},"geometry":{"type":"LineString","coordinates":[[-110.45,-88.25],[-103.6,-88.25],[-100.53,-88.0],[-105.75,-87.93],[-110.45,-88.25]]}},{"type":"Feature","properties":{"level":1008},"geometry":{"type":"LineString","coordinates":[[180.0,-88.43],[165.0,-88.34],[158.0,-87.87],[152.75,-87.84],[146.06,-88.25],[147.79,-88.5],[147.5,-88.51],[122.5,-89.21],[75.5,-89.14],[50.1,-88.75],[64.75,-88.38],[77.75,-87.46],[110.0,-87.11],[125.5,-86.34],[134.0,-85.66],[135.41,-85.75],[134.16,-86.0],[134.75,-86.18],[148.5,-85.45],[150.43,-85.0],[145.75,-84.58],[145.25,-84.26],[145.43,-84.0],[142.49,-83.5],[145.28,-83.0],[145.07,-82.75],[143.03,-82.25],[143.11,-81.75],[144.0,-81.0],[148.5,-79.85],[151.25,-79.44],[152.51,-78.25],[155.48,-77.5],[151.5,-76.38],[146.5,-75.6],[139.75,-75.32],[125.75,-76.01],[116.0,-75.91],[112.25,-75.62],[102.5,-73.88],[92.75,-73.38],[88.5,-73.64],[75.0,-76.11],[66.5,-76.51],[63.75,-75.72],[60.83,-75.5],[59.41,-75.0],[59.22,-74.75],[59.78,-74.5],[59.83,-74.25],[58.96,-73.25],[59.21,-72.75],[58.82,-72.25],[59.98,-71.25],[60.07,-70.5],[56.25,-69.98],[51.75,-70.26],[50.75,-70.51],[49.64,-71.25],[47.5,-72.0],[36.46,-74.5],[26.39,-76.25],[26.18,-76.75],[29.0,-77.89],[30.57,-79.0],[30.87,-79.5],[30.26,-80.0],[28.25,-80.53],[20.5,-81.45],[10.25,-81.45],[2.25,-82.16],[-9.5,-82.47],[-12.2,-82.75],[-15.6,-83.5],[-21.75,-84.12],[-26.5,-84.13],[-37.0,-85.11],[-57.5,-85.97],[-61.09,-86.5],[-58.3,-87.0],[-57.98,-87.25],[-58.4,-87.5],[-67.5,-88.11],[-90.0,-88.65],[-115.0,-88.81],[-180.0,-88.43]]}},{"type":"Feature","properties":{"level":1008},"geometry":{"type":"LineString","coordinates":[[132.06,-86.25],[134.08,-86.25],[132.06,-86.25]]}},{"type":"Feature","properties":{"level":1008},"geometry":{"type":"LineString","coordinates":[[139.25,-85.01],[141.25,-84.72],[143.62,-85.0],[139.25,-85.01]]}},{"type":"Feature","properties":{"level":1008},"geometry":{"type":"LineString","coordinates":[[157.33,-84.0],[158.88,-84.0],[157.33,-84.0]]}},{"type":"Feature","properties":{"level":1008},"geometry":{"type":"LineString","coordinates":[[156.11,-78.0],[157.49,-78.0],[157.45,-77.75],[156.5,-77.55],[156.04,-77.75],[156.11,-78.0]]}},{"type":"Feature","properties":{"level":1008},"geometry":{"type":"LineString","coordinates":[[-180.0,-53.57],[-177.25,-54.28],[-169.0,-55.09],[-165.14,-55.0],[-161.25,-54.32],[-156.75,-52.37],[-153.0,-50.01],[-151.25,-49.62],[-149.25,-48.74],[-143.75,-45.11],[-139.5,-42.66],[-136.75,-41.86],[-131.25,-41.17],[-129.75,-40.59],[-128.67,-40.0],[-127.0,-38.41],[-126.13,-37.25],[-126.06,-36.5],[-125.5,-36.21],[-123.75,-36.45],[-120.25,-38.54],[-117.26,-40.75],[-108.75,-47.85],[-105.5,-49.91],[-101.91,-51.75],[-98.17,-53.25],[-93.25,-54.82],[-89.5,-55.62],[-80.75,-56.89],[-78.75,-57.48],[-76.0,-58.79],[-72.67,-61.25],[-69.18,-64.75],[-68.58,-65.75],[-68.69,-66.75],[-68.48,-67.0],[-66.5,-67.88],[-66.12,-67.75],[-65.69,-67.0],[-63.13,-65.75],[-62.0,-64.93],[-57.5,-63.21],[-49.0,-61.83],[-39.96,-58.75],[-35.0,-56.17],[-28.5,-52.1],[-27.06,-50.75],[-26.54,-49.25],[-27.64,-43.5],[-27.83,-41.5],[-27.47,-40.5],[-26.14,-39.0],[-25.0,-38.39],[-21.75,-37.41],[-17.75,-36.64],[-14.25,-37.13],[-12.25,-37.83],[-7.75,-40.0],[-3.5,-42.57],[0.0,-43.96],[1.75,-44.57],[6.25,-45.3],[11.25,-45.55],[20.75,-45.53],[24.25,-45.92],[31.0,-47.4],[33.75,-47.54],[35.75,-46.69],[35.86,-46.25],[36.26,-46.0],[36.47,-44.5],[37.25,-44.46],[37.7,-44.0],[37.2,-43.0],[37.25,-42.43],[39.5,-44.56],[43.49,-47.5],[49.25,-50.72],[51.5,-51.62],[55.5,-52.69],[61.25,-53.56],[67.75,-53.46],[77.5,-51.91],[83.69,-50.0],[85.75,-49.15],[96.0,-46.36],[101.25,-43.99],[110.0,-41.38],[110.5,-40.8],[110.5,-40.34],[111.25,-40.22],[113.68,-40.75],[119.26,-43.0],[128.75,-48.1],[137.55,-52.5],[141.0,-53.91],[144.03,-54.75],[146.75,-54.98],[149.5,-54.67],[152.0,-53.99],[157.67,-51.5],[161.01,-49.0],[162.33,-47.25],[162.06,-45.25],[162.68,-43.5],[163.0,-43.39],[163.75,-43.53],[164.75,-43.35],[165.75,-43.62],[166.14,-44.0],[166.38,-44.75],[166.28,-45.0],[165.7,-45.0],[165.79,-45.25],[166.22,-45.75],[167.05,-46.0],[167.75,-46.83],[171.4,-49.25],[173.5,-50.39],[174.0,-50.38],[177.5,-52.54],[180.0,-53.57]]}},{"type":"Feature","properties":{"level":1008},"geometry":{"type":"LineString","coordinates":[[-44.0,-51.01],[-44.09,-50.75],[-43.75,-50.57],[-43.37,-50.75],[-44.0,-51.01]]}},{"type":"Feature","properties":{"level":1008},"geometry":{"type":"LineString","coordinates":[[-41.75,-48.29],[-42.38,-48.0],[-42.65,-47.5],[-42.49,-47.0],[-41.75,-46.65],[-39.75,-46.65],[-38.92,-47.25],[-39.23,-47.75],[-40.0,-48.19],[-41.0,-48.42],[-41.75,-48.29]]}},{"type":"Feature","properties":{"level":1008},"geometry":{"type":"LineString","coordinates":[[34.5,-40.29],[34.5,-40.0],[34.66,-40.25],[34.5,-40.29]]}},{"type":"Feature","properties":{"level":1008},"geometry":{"type":"LineString","coordinates":[[-77.25,-39.26],[-78.75,-38.83],[-79.74,-38.25],[-80.64,-36.75],[-80.83,-35.75],[-81.73,-35.0],[-81.77,-33.75],[-81.0,-32.83],[-79.5,-32.42],[-77.25,-33.56],[-76.25,-33.54],[-76.0,-33.31],[-74.44,-34.5],[-73.68,-36.25],[-74.13,-38.0],[-75.25,-39.09],[-77.25,-39.26]]}},{"type":"Feature","properties":{"level":1008},"geometry":{"type":"LineString","coordinates":[[-68.0,-36.52],[-68.75,-35.92],[-69.25,-36.15],[-69.95,-35.25],[-69.47,-34.0],[-69.72,-30.75],[-69.25,-29.4],[-68.5,-28.16],[-68.18,-28.0],[-67.91,-27.0],[-67.52,-26.75],[-67.64,-26.0],[-67.25,-25.98],[-67.0,-26.34],[-66.75,-26.1],[-66.74,-25.5],[-66.14,-24.5],[-66.64,-23.75],[-66.47,-22.75],[-66.75,-21.87],[-67.25,-21.85],[-68.04,-21.0],[-68.0,-20.25],[-68.5,-19.76],[-68.43,-19.0],[-68.75,-18.19],[-68.31,-18.5],[-67.75,-20.22],[-66.69,-21.0],[-66.75,-21.69],[-66.5,-21.84],[-65.99,-21.0],[-66.31,-20.0],[-65.65,-19.75],[-67.0,-16.79],[-66.5,-17.37],[-64.75,-17.73],[-63.75,-18.45],[-63.51,-18.0],[-63.75,-17.69],[-65.67,-17.0],[-66.75,-15.94],[-67.25,-16.23],[-67.25,-16.67],[-67.5,-16.6],[-68.77,-14.75],[-68.66,-14.0],[-71.5,-12.91],[-72.0,-12.07],[-72.5,-11.9],[-73.0,-12.57],[-73.46,-11.5],[-73.98,-11.25],[-74.25,-10.07],[-74.5,-9.83],[-74.75,-10.61],[-75.33,-10.25],[-76.0,-7.79],[-76.75,-7.85],[-77.11,-7.0],[-76.57,-6.25],[-76.75,-5.66],[-77.75,-4.95],[-78.38,-5.25],[-78.56,-4.5],[-78.0,-4.2],[-77.9,-3.25],[-78.08,-3.0],[-77.61,-2.25],[-77.77,-1.0],[-77.39,-0.75],[-77.29,0.25],[-76.5,1.07],[-75.25,1.67],[-74.25,3.13],[-73.75,2.83],[-73.26,3.25],[-73.22,4.25],[-71.8,6.0],[-71.5,7.03],[-71.25,7.16],[-71.0,6.58],[-69.69,7.25],[-69.5,8.11],[-68.73,8.5],[-68.75,9.61],[-68.0,9.97],[-67.75,9.74],[-67.25,9.98],[-66.5,9.86],[-66.3,10.0],[-66.79,10.25],[-66.25,10.49],[-65.5,10.22],[-64.75,10.68],[-64.27,10.5],[-64.64,10.25],[-63.81,9.75],[-64.0,9.19],[-62.75,10.21],[-61.75,9.71],[-61.6,9.25],[-61.19,9.0],[-61.38,8.75],[-61.0,8.7],[-60.25,8.01],[-59.5,8.05],[-59.19,7.25],[-57.01,6.0],[-55.0,6.35],[-53.0,5.36],[-51.78,4.25],[-51.39,2.5],[-50.81,1.75],[-50.83,1.25],[-51.22,0.75],[-51.21,0.0],[-49.0,-0.81],[-48.5,-1.39],[-48.45,-1.0],[-48.0,-0.75],[-46.5,-1.32],[-45.92,-1.75],[-45.8,-2.25],[-45.25,-2.22],[-44.5,-3.0],[-43.75,-2.54],[-41.75,-3.03],[-41.0,-2.83],[-40.36,-3.0],[-39.99,-3.25],[-39.75,-3.87],[-39.19,-4.0],[-40.22,-4.75],[-40.19,-5.75],[-40.0,-5.94],[-39.59,-5.5],[-39.86,-5.0],[-39.5,-4.75],[-39.27,-5.75],[-39.82,-6.25],[-39.63,-6.5],[-39.81,-7.0],[-40.5,-7.32],[-41.0,-8.15],[-42.25,-8.6],[-43.25,-8.61],[-43.8,-9.25],[-44.01,-11.25],[-43.75,-11.5],[-43.25,-11.37],[-42.9,-11.75],[-43.1,-12.25],[-43.0,-14.03],[-43.5,-13.9],[-43.75,-13.33],[-44.13,-13.25],[-43.69,-12.25],[-44.0,-12.0],[-44.53,-12.25],[-44.46,-13.5],[-44.75,-13.45],[-44.96,-13.75],[-44.69,-14.25],[-46.25,-13.61],[-46.59,-14.5],[-47.0,-14.75],[-47.2,-14.25],[-47.08,-13.75],[-47.75,-13.26],[-47.88,-13.5],[-47.6,-13.75],[-47.99,-14.5],[-48.5,-14.58],[-48.75,-15.05],[-49.25,-14.77],[-49.5,-15.04],[-50.0,-14.97],[-50.66,-15.25],[-50.47,-15.75],[-51.5,-16.37],[-52.0,-17.57],[-52.64,-16.5],[-52.5,-16.0],[-52.06,-15.75],[-52.5,-15.6],[-52.33,-15.25],[-52.75,-14.63],[-53.04,-15.0],[-52.96,-14.5],[-53.25,-14.34],[-53.73,-15.0],[-53.25,-15.08],[-53.01,-15.75],[-54.25,-16.16],[-54.3,-16.75],[-55.0,-17.45],[-55.5,-17.51],[-55.48,-17.25],[-56.0,-16.98],[-58.0,-17.64],[-58.5,-18.09],[-59.0,-17.74],[-59.25,-17.81],[-59.37,-18.0],[-58.5,-19.18],[-57.75,-18.84],[-57.25,-17.59],[-56.25,-17.95],[-56.26,-18.5],[-56.02,-18.75],[-56.32,-20.25],[-55.97,-20.75],[-56.47,-22.5],[-56.21,-23.25],[-57.4,-25.0],[-57.41,-25.25],[-56.82,-25.75],[-56.77,-26.75],[-57.25,-27.52],[-58.26,-27.5],[-58.37,-28.0],[-57.79,-28.5],[-58.57,-29.5],[-59.83,-30.5],[-60.75,-30.58],[-61.39,-31.0],[-62.5,-32.6],[-64.62,-34.75],[-65.11,-35.75],[-66.75,-36.34],[-67.5,-35.92],[-68.0,-35.92],[-68.0,-36.52]]}},{"type":"Feature","properties":{"level":1008},"geometry":{"type":"LineString","coordinates":[[-56.88,-21.5],[-56.75,-21.59],[-56.5,-21.0],[-57.0,-20.22],[-56.88,-21.5]]}},{"type":"Feature","properties":{"level":1008},"geometry":{"type":"LineString","coordinates":[[21.75,-19.77],[21.0,-19.52],[20.5,-19.72],[20.0,-19.37],[18.25,-19.6],[18.03,-19.25],[18.4,-17.75],[17.95,-17.25],[18.0,-16.49],[17.19,-16.25],[17.32,-15.25],[17.69,-14.75],[17.46,-14.5],[17.85,-14.5],[18.0,-15.29],[18.55,-14.75],[18.58,-14.0],[18.25,-14.1],[18.0,-13.63],[17.5,-13.67],[17.25,-13.24],[18.5,-13.25],[18.75,-13.82],[19.25,-13.8],[19.06,-13.5],[20.06,-13.25],[20.1,-12.5],[20.5,-12.12],[21.5,-11.94],[22.0,-12.09],[22.25,-12.6],[22.81,-13.0],[23.11,-14.0],[24.17,-15.25],[23.93,-16.0],[24.27,-16.75],[24.77,-17.0],[24.5,-17.58],[25.31,-17.75],[24.75,-18.05],[24.96,-18.5],[24.75,-18.96],[23.75,-19.67],[23.25,-19.48],[22.75,-19.83],[21.75,-19.77]]}},{"type":"Feature","properties":{"level":1008},"geometry":{"type":"LineString","coordinates":[[-59.07,-19.5],[-58.54,-19.5],[-59.0,-18.77],[-59.38,-19.0],[-59.07,-19.5]]}},{"type":"Feature","properties":{"level":1008},"geometry":{"type":"LineString","coordinates":[[-60.26,-17.0],[-60.08,-16.75],[-60.33,-16.75],[-60.26,-17.0]]}},{"type":"Feature","properties":{"level":1008},"geometry":{"type":"LineString","coordinates":[[-60.62,-16.5],[-60.44,-16.5],[-60.62,-16.5]]}},{"type":"Feature","properties":{"level":1008},"geometry":{"type":"LineString","coordinates":[[-57.54,-16.0],[-57.11,-15.75],[-57.25,-15.65],[-57.54,-16.0]]}},{"type":"Feature","properties":{"level":1008},"geometry":{"type":"LineString","coordinates":[[-55.25,-16.0],[-55.0,-15.66],[-54.75,-15.8],[-54.0,-15.56],[-53.81,-15.0],[-54.0,-14.75],[-53.56,-14.25],[-53.81,-13.75],[-53.5,-12.74],[-54.5,-13.13],[-54.86,-12.75],[-55.25,-12.7],[-55.41,-13.25],[-55.95,-13.75],[-55.81,-14.25],[-55.5,-14.46],[-55.0,-14.21],[-54.69,-14.5],[-55.51,-15.5],[-55.25,-16.0]]}},{"type":"Feature","properties":{"level":1008},"geometry":{"type":"LineString","coordinates":[[-52.75,-16.09],[-52.98,-15.75],[-52.63,-15.75],[-52.52,-16.0],[-52.75,-16.09]]}},{"type":"Feature","properties":{"level":1008},"geometry":{"type":"LineString","coordinates":[[-43.25,-15.32],[-43.25,-15.04],[-43.25,-15.32]]}},{"type":"Feature","properties":{"level":1008},"geometry":{"type":"LineString","coordinates":[[-58.09,-14.5],[-57.92,-14.5],[-58.09,-14.5]]}},{"type":"Feature","properties":{"level":1008},"geometry":{"type":"LineString","coordinates":[[-57.39,-14.5],[-56.75,-14.45],[-56.67,-14.0],[-57.5,-13.71],[-57.76,-14.25],[-57.39,-14.5]]}},{"type":"Feature","properties":{"level":1008},"geometry":{"type":"LineString","coordinates":[[-72.25,-14.28],[-72.17,-14.0],[-72.54,-14.0],[-72.65,-13.5],[-72.0,-13.47],[-71.53,-13.75],[-71.5,-14.01],[-72.0,-14.35],[-72.25,-14.28]]}},{"type":"Feature","properties":{"level":1008},"geometry":{"type":"LineString","coordinates":[[-52.29,-13.0],[-52.25,-12.61],[-52.42,-12.75],[-52.29,-13.0]]}},{"type":"Feature","properties":{"level":1008},"geometry":{"type":"LineString","coordinates":[[-74.0,-12.38],[-74.34,-11.5],[-74.91,-11.0],[-74.75,-10.91],[-74.02,-11.25],[-73.83,-12.0],[-74.0,-12.38]]}},{"type":"Feature","properties":{"level":1008},"geometry":{"type":"LineString","coordinates":[[-42.75,-12.42],[-42.75,-12.13],[-42.75,-12.42]]}},{"type":"Feature","properties":{"level":1008},"geometry":{"type":"LineString","coordinates":[[32.25,-12.26],[32.2,-11.75],[32.65,-11.5],[32.75,-10.56],[33.0,-10.49],[33.0,-11.42],[32.25,-12.26]]}},{"type":"Feature","properties":{"level":1008},"geometry":{"type":"LineString","coordinates":[[28.25,-10.1],[28.25,-9.12],[28.85,-8.5],[28.51,-8.0],[28.95,-8.0],[29.25,-8.5],[30.1,-8.25],[30.24,-8.5],[29.96,-9.0],[29.5,-9.38],[29.0,-9.38],[28.75,-10.01],[28.25,-10.1]]}},{"type":"Feature","properties":{"level":1008},"geometry":{"type":"LineString","coordinates":[[17.5,-9.55],[17.08,-9.0],[17.5,-8.44],[17.76,-9.0],[17.5,-9.55]]}},{"type":"Feature","properties":{"level":1008},"geometry":{"type":"LineString","coordinates":[[-51.94,-9.0],[-51.5,-9.08],[-51.51,-8.75],[-51.75,-8.58],[-51.94,-9.0]]}},{"type":"Feature","properties":{"level":1008},"geometry":{"type":"LineString","coordinates":[[30.5,-8.52],[30.34,-8.5],[30.61,-8.25],[30.2,-7.25],[29.7,-7.0],[29.12,-6.0],[29.36,-5.5],[29.0,-4.25],[29.25,-3.06],[29.33,-3.75],[30.0,-4.73],[30.56,-4.5],[30.19,-4.0],[30.25,-3.71],[30.5,-3.42],[31.0,-3.56],[31.0,-3.24],[32.43,-4.5],[32.31,-5.75],[32.64,-6.5],[32.25,-6.68],[31.75,-6.42],[31.57,-6.75],[33.01,-8.5],[32.25,-8.59],[31.37,-7.25],[30.75,-7.0],[31.09,-8.5],[30.5,-8.52]]}},{"type":"Feature","properties":{"level":1008},"geometry":{"type":"LineString","coordinates":[[26.75,-8.21],[27.0,-7.17],[27.57,-6.5],[27.0,-6.42],[26.76,-6.0],[27.0,-5.76],[28.25,-5.66],[28.16,-6.25],[28.51,-7.0],[28.36,-7.75],[28.0,-7.9],[27.5,-7.68],[27.0,-8.24],[26.75,-8.21]]}},{"type":"Feature","properties":{"level":1008},"geometry":{"type":"LineString","coordinates":[[-40.9,-6.75],[-40.19,-6.75],[-40.67,-6.25],[-41.0,-5.03],[-41.12,-5.75],[-40.9,-6.75]]}},{"type":"Feature","properties":{"level":1008},"geometry":{"type":"LineString","coordinates":[[30.35,-6.5],[30.77,-6.5],[30.95,-6.0],[30.9,-5.5],[30.25,-5.08],[29.83,-6.25],[30.35,-6.5]]}},{"type":"Feature","properties":{"level":1008},"geometry":{"type":"LineString","coordinates":[[-79.0,-6.09],[-79.0,-4.92],[-78.95,-5.25],[-78.5,-5.32],[-78.38,-5.75],[-79.0,-6.09]]}},{"type":"Feature","properties":{"level":1008},"geometry":{"type":"LineString","coordinates":[[19.0,-5.57],[18.5,-5.3],[18.44,-4.75],[18.03,-4.25],[17.0,-4.9],[16.74,-4.75],[17.33,-2.75],[17.25,-1.69],[16.65,-1.25],[18.0,-0.17],[19.5,-1.92],[20.25,-1.14],[20.66,-1.25],[20.12,-2.75],[19.8,-3.0],[20.11,-3.5],[19.35,-3.75],[19.61,-4.0],[19.5,-4.36],[19.25,-4.04],[18.74,-4.25],[19.28,-5.25],[19.0,-5.57]]}},{"type":"Feature","properties":{"level":1008},"geometry":{"type":"LineString","coordinates":[[20.0,-5.5],[19.63,-5.25],[19.51,-4.75],[20.0,-4.35],[20.47,-5.5],[20.25,-5.67],[20.0,-5.5]]}},{"type":"Feature","properties":{"level":1008},"geometry":{"type":"LineString","coordinates":[[26.25,-5.31],[25.93,-5.0],[26.25,-4.41],[27.11,-4.75],[27.21,-5.0],[26.25,-5.31]]}},{"type":"Feature","properties":{"level":1008},"geometry":{"type":"LineString","coordinates":[[24.5,-5.01],[24.57,-4.25],[25.15,-3.75],[25.0,-3.26],[25.5,-3.14],[25.97,-3.5],[26.08,-4.25],[24.5,-5.01]]}},{"type":"Feature","properties":{"level":1008},"geometry":{"type":"LineString","coordinates":[[-41.01,-4.75],[-40.65,-4.25],[-41.25,-3.46],[-41.01,-4.75]]}},{"type":"Feature","properties":{"level":1008},"geometry":{"type":"LineString","coordinates":[[19.25,-4.68],[19.25,-4.4],[19.25,-4.68]]}},{"type":"Feature","properties":{"level":1008},"geometry":{"type":"LineString","coordinates":[[22.0,-4.51],[22.5,-4.17],[22.5,-4.5],[22.0,-4.51]]}},{"type":"Feature","properties":{"level":1008},"geometry":{"type":"LineString","coordinates":[[21.75,-4.48],[21.86,-4.25],[21.75,-4.48]]}},{"type":"Feature","properties":{"level":1008},"geometry":{"type":"LineString","coordinates":[[25.0,-2.8],[25.27,-1.75],[24.75,-1.46],[24.51,-1.0],[24.9,-0.75],[24.85,-0.5],[24.4,0.25],[24.0,0.28],[23.8,0.75],[24.5,0.93],[24.5,1.34],[24.75,1.39],[25.62,1.0],[25.5,0.38],[24.75,0.65],[24.75,0.3],[25.25,0.04],[26.0,0.11],[25.86,-0.25],[26.5,-0.74],[26.55,-1.25],[26.42,-2.0],[25.33,-2.25],[25.0,-2.8]]}},{"type":"Feature","properties":{"level":1008},"geometry":{"type":"LineString","coordinates":[[22.5,-1.08],[22.21,-0.75],[22.43,-0.5],[24.0,0.2],[24.28,-0.25],[24.13,-0.5],[23.5,-0.69],[23.5,-1.02],[22.5,-1.08]]}},{"type":"Feature","properties":{"level":1008},"geometry":{"type":"LineString","coordinates":[[21.75,0.38],[21.5,1.07],[21.9,0.5],[21.75,0.38]]}},{"type":"Feature","properties":{"level":1008},"geometry":{"type":"LineString","coordinates":[[19.0,0.94],[18.68,1.25],[18.75,1.46],[19.25,1.53],[19.36,1.0],[19.0,0.94]]}},{"type":"Feature","properties":{"level":1008},"geometry":{"type":"LineString","coordinates":[[20.75,1.19],[20.45,2.0],[20.71,2.25],[20.46,2.5],[20.75,3.47],[21.25,2.98],[21.24,2.25],[21.59,1.75],[21.25,1.23],[20.75,1.19]]}},{"type":"Feature","properties":{"level":1008},"geometry":{"type":"LineString","coordinates":[[30.75,1.37],[30.61,1.5],[31.27,2.25],[31.13,3.5],[30.25,4.78],[29.15,4.75],[29.5,4.74],[29.73,4.25],[29.5,4.02],[29.0,4.44],[28.25,4.41],[27.75,4.68],[26.75,3.99],[26.2,4.5],[26.25,5.08],[25.5,5.03],[25.24,5.5],[25.31,6.0],[26.5,5.82],[26.7,6.0],[26.57,7.25],[26.46,7.5],[25.75,7.32],[25.61,7.5],[25.59,9.0],[23.75,10.25],[23.73,10.5],[24.14,10.75],[23.75,11.12],[22.69,11.0],[22.5,10.42],[23.0,10.34],[22.98,10.0],[22.75,9.73],[22.5,10.16],[21.75,10.07],[21.0,8.45],[20.75,9.14],[19.5,9.11],[19.12,9.5],[19.3,10.0],[20.56,10.5],[20.25,10.55],[19.75,11.3],[19.0,11.27],[18.25,11.83],[17.91,11.5],[17.93,10.75],[18.25,10.35],[18.73,10.25],[18.32,10.0],[18.2,9.5],[17.25,9.3],[15.25,10.0],[15.64,10.25],[15.29,11.0],[15.0,10.22],[14.5,10.68],[14.36,11.5],[13.75,11.75],[12.75,11.6],[12.25,11.84],[9.42,12.0],[9.25,12.57],[9.17,12.0],[8.75,11.91],[8.43,12.25],[8.5,13.0],[7.75,12.89],[7.5,13.08],[5.0,13.01],[4.0,12.67],[3.25,12.85],[3.0,12.37],[2.75,12.34],[1.25,12.77],[0.25,12.69],[-2.5,13.91],[-3.0,13.66],[-3.5,13.75],[-3.45,14.25],[-2.95,14.75],[-3.25,15.13],[-3.75,14.83],[-3.77,14.25],[-4.25,13.86],[-6.0,13.66],[-6.27,13.75],[-5.85,14.25],[-6.81,15.25],[-6.5,15.93],[-6.25,15.76],[-4.89,17.0],[-3.75,17.12],[-2.0,16.82],[-1.0,16.39],[-0.25,16.83],[2.25,16.47],[3.0,16.1],[3.25,16.31],[4.5,16.16],[4.97,15.75],[5.75,14.32],[6.5,14.68],[8.0,14.6],[8.76,14.5],[9.25,14.17],[10.75,14.21],[12.25,13.85],[13.5,14.65],[15.25,15.05],[17.75,16.21],[20.75,16.32],[21.03,16.25],[21.37,15.25],[21.25,14.16],[22.0,13.45],[23.0,13.85],[23.25,13.75],[23.03,12.5],[23.5,11.96],[24.75,12.43],[25.5,13.41],[26.25,13.4],[27.75,14.01],[28.5,15.07],[29.5,15.12],[29.75,15.95],[30.25,16.0],[30.91,15.5],[31.26,16.25],[31.31,17.25],[31.25,17.5],[30.75,17.68],[30.82,18.25],[33.0,19.63],[34.0,19.75],[34.18,19.5],[34.02,18.75],[36.0,17.6],[37.0,16.19],[37.5,16.48],[37.85,15.5],[36.89,15.75],[36.63,14.5],[36.18,14.25],[36.31,13.5],[35.39,12.5],[35.0,11.19],[34.25,10.78],[34.25,10.0],[33.75,9.4],[32.48,8.75],[32.33,6.75],[33.75,5.7],[34.48,5.5],[34.25,5.09],[32.5,4.1],[32.52,3.5],[31.9,3.0],[31.7,2.0],[30.75,1.37]]}},{"type":"Feature","properties":{"level":1008},"geometry":{"type":"LineString","coordinates":[[-65.13,3.75],[-64.75,3.75],[-64.0,4.62],[-63.63,4.75],[-64.75,5.64],[-65.5,6.79],[-65.71,6.0],[-65.25,5.01],[-64.75,5.09],[-64.61,4.5],[-65.77,4.5],[-65.13,3.75]]}},{"type":"Feature","properties":{"level":1008},"geometry":{"type":"LineString","coordinates":[[22.25,3.97],[21.91,4.25],[22.68,4.25],[22.67,4.0],[22.25,3.97]]}},{"type":"Feature","properties":{"level":1008},"geometry":{"type":"LineString","coordinates":[[23.0,3.84],[22.78,4.0],[23.0,4.16],[23.41,4.0],[23.0,3.84]]}},{"type":"Feature","properties":{"level":1008},"geometry":{"type":"LineString","coordinates":[[-68.53,4.5],[-68.25,4.31],[-67.94,4.75],[-68.53,4.5]]}},{"type":"Feature","properties":{"level":1008},"geometry":{"type":"LineString","coordinates":[[-67.2,4.5],[-67.0,4.33],[-66.59,4.75],[-66.75,5.41],[-67.62,5.25],[-67.74,5.0],[-67.25,4.85],[-67.2,4.5]]}},{"type":"Feature","properties":{"level":1008},"geometry":{"type":"LineString","coordinates":[[-61.54,4.75],[-61.25,4.58],[-59.75,4.91],[-59.61,5.25],[-60.75,6.59],[-61.25,6.14],[-62.0,6.2],[-62.5,6.9],[-62.83,6.75],[-62.75,7.56],[-64.17,7.75],[-64.32,7.5],[-63.98,7.25],[-64.22,6.5],[-63.96,5.75],[-62.75,5.49],[-62.0,4.83],[-61.54,4.75]]}},{"type":"Feature","properties":{"level":1008},"geometry":{"type":"LineString","coordinates":[[23.0,4.71],[23.35,4.75],[23.0,4.71]]}},{"type":"Feature","properties":{"level":1008},"geometry":{"type":"LineString","coordinates":[[-67.15,5.75],[-66.5,5.5],[-66.0,5.62],[-65.79,6.0],[-66.5,6.1],[-67.15,5.75]]}},{"type":"Feature","properties":{"level":1008},"geometry":{"type":"LineString","coordinates":[[-74.25,6.41],[-74.34,7.0],[-73.75,6.83],[-73.87,6.5],[-74.25,6.41]]}},{"type":"Feature","properties":{"level":1008},"geometry":{"type":"LineString","coordinates":[[18.75,6.75],[18.0,7.23],[17.25,6.96],[17.2,7.25],[16.25,7.38],[15.74,7.75],[16.75,8.41],[18.5,8.52],[20.14,8.25],[20.3,7.5],[20.0,7.08],[19.75,7.13],[19.25,6.69],[18.75,6.75]]}},{"type":"Feature","properties":{"level":1008},"geometry":{"type":"LineString","coordinates":[[-74.75,7.0],[-75.54,7.75],[-75.61,8.0],[-75.25,8.46],[-74.75,8.48],[-74.52,8.25],[-74.77,8.0],[-74.58,7.25],[-74.75,7.0]]}},{"type":"Feature","properties":{"level":1008},"geometry":{"type":"LineString","coordinates":[[-69.09,7.5],[-69.0,7.3],[-68.5,7.49],[-68.5,7.86],[-69.09,7.5]]}},{"type":"Feature","properties":{"level":1008},"geometry":{"type":"LineString","coordinates":[[-77.0,7.58],[-77.0,8.02],[-76.73,7.75],[-77.0,7.58]]}},{"type":"Feature","properties":{"level":1008},"geometry":{"type":"LineString","coordinates":[[-61.57,7.75],[-61.5,7.98],[-61.57,7.75]]}},{"type":"Feature","properties":{"level":1008},"geometry":{"type":"LineString","coordinates":[[-72.5,7.89],[-73.3,9.0],[-72.34,10.25],[-72.35,11.0],[-73.0,11.2],[-73.14,11.5],[-72.5,12.16],[-71.64,12.25],[-71.89,11.5],[-71.5,11.24],[-70.75,11.48],[-70.25,12.02],[-68.39,11.0],[-68.32,10.5],[-68.75,10.36],[-69.75,11.08],[-69.83,10.75],[-69.1,10.5],[-69.5,10.38],[-69.45,10.0],[-69.75,9.76],[-70.0,10.02],[-70.37,10.0],[-70.4,10.25],[-70.01,10.5],[-70.25,10.76],[-70.75,10.66],[-70.96,10.5],[-70.88,10.0],[-70.5,9.82],[-70.57,9.5],[-71.25,9.19],[-72.5,7.89]]}},{"type":"Feature","properties":{"level":1008},"geometry":{"type":"LineString","coordinates":[[-62.02,8.0],[-61.5,8.01],[-61.33,8.25],[-61.5,8.72],[-61.54,8.5],[-62.28,8.25],[-62.02,8.0]]}},{"type":"Feature","properties":{"level":1008},"geometry":{"type":"LineString","coordinates":[[20.5,8.05],[20.32,8.25],[20.69,8.25],[20.5,8.05]]}},{"type":"Feature","properties":{"level":1008},"geometry":{"type":"LineString","coordinates":[[-74.0,8.42],[-74.92,9.0],[-74.75,9.56],[-73.75,9.69],[-73.5,9.52],[-73.75,8.52],[-74.0,8.42]]}},{"type":"Feature","properties":{"level":1008},"geometry":{"type":"LineString","coordinates":[[-75.25,8.61],[-75.03,8.75],[-75.25,8.61]]}},{"type":"Feature","properties":{"level":1008},"geometry":{"type":"LineString","coordinates":[[16.95,9.75],[17.0,9.6],[17.05,10.0],[16.95,9.75]]}},{"type":"Feature","properties":{"level":1008},"geometry":{"type":"LineString","coordinates":[[-69.0,9.85],[-69.0,10.07],[-69.0,9.85]]}},{"type":"Feature","properties":{"level":1008},"geometry":{"type":"LineString","coordinates":[[-75.0,10.09],[-75.2,10.25],[-75.1,10.5],[-74.61,10.75],[-74.47,10.5],[-75.0,10.09]]}},{"type":"Feature","properties":{"level":1008},"geometry":{"type":"LineString","coordinates":[[-63.5,10.47],[-63.74,10.5],[-63.67,11.0],[-63.25,11.15],[-62.91,10.5],[-63.0,10.32],[-63.5,10.47]]}},{"type":"Feature","properties":{"level":1008},"geometry":{"type":"LineString","coordinates":[[19.25,10.49],[19.5,10.68],[19.62,10.5],[19.25,10.49]]}},{"type":"Feature","properties":{"level":1008},"geometry":{"type":"LineString","coordinates":[[-64.0,10.87],[-64.0,11.09],[-64.0,10.87]]}},{"type":"Feature","properties":{"level":1008},"geometry":{"type":"LineString","coordinates":[[15.59,11.0],[16.08,11.0],[15.75,11.3],[15.45,11.25],[15.59,11.0]]}},{"type":"Feature","properties":{"level":1008},"geometry":{"type":"LineString","coordinates":[[167.5,11.75],[166.5,11.82],[165.25,12.31],[164.61,13.25],[164.34,14.25],[164.57,14.75],[164.5,15.31],[165.25,16.25],[166.5,16.98],[168.0,17.13],[169.0,16.82],[169.96,16.0],[170.34,14.5],[170.69,14.0],[170.67,13.5],[168.75,12.0],[167.5,11.75]]}},{"type":"Feature","properties":{"level":1008},"geometry":{"type":"LineString","coordinates":[[41.0,12.79],[40.46,13.25],[40.5,14.3],[41.23,13.5],[41.31,13.0],[41.0,12.79]]}},{"type":"Feature","properties":{"level":1008},"geometry":{"type":"LineString","coordinates":[[147.75,12.95],[147.59,13.25],[147.75,13.38],[148.0,13.0],[147.75,12.95]]}},{"type":"Feature","properties":{"level":1008},"geometry":{"type":"LineString","coordinates":[[148.25,13.12],[148.08,13.25],[148.25,13.36],[148.8,13.25],[148.25,13.12]]}},{"type":"Feature","properties":{"level":1008},"geometry":{"type":"LineString","coordinates":[[12.17,13.5],[12.32,13.5],[12.17,13.5]]}},{"type":"Feature","properties":{"level":1008},"geometry":{"type":"LineString","coordinates":[[-6.29,15.25],[-6.0,15.09],[-5.81,15.25],[-6.29,15.25]]}},{"type":"Feature","properties":{"level":1008},"geometry":{"type":"LineString","coordinates":[[-86.0,15.7],[-85.39,15.75],[-86.0,15.7]]}},{"type":"Feature","properties":{"level":1008},"geometry":{"type":"LineString","coordinates":[[-119.5,15.97],[-121.5,17.1],[-123.04,19.25],[-123.28,20.25],[-122.78,22.5],[-122.0,23.78],[-120.5,24.63],[-118.5,24.89],[-116.5,24.49],[-114.91,23.5],[-113.65,21.75],[-113.24,20.25],[-113.45,18.5],[-114.09,17.25],[-116.0,15.97],[-119.5,15.97]]}},{"type":"Feature","properties":{"level":1008},"geometry":{"type":"LineString","coordinates":[[-7.5,15.85],[-8.02,16.5],[-7.75,16.87],[-6.93,16.0],[-7.5,15.85]]}},{"type":"Feature","properties":{"level":1008},"geometry":{"type":"LineString","coordinates":[[30.5,16.95],[30.5,17.11],[30.5,16.95]]}},{"type":"Feature","properties":{"level":1008},"geometry":{"type":"LineString","coordinates":[[32.99,19.0],[33.26,19.0],[32.99,19.0]]}},{"type":"Feature","properties":{"level":1008},"geometry":{"type":"LineString","coordinates":[[138.75,19.91],[138.97,20.75],[139.75,21.15],[139.92,21.0],[139.14,20.0],[138.75,19.91]]}},{"type":"Feature","properties":{"level":1008},"geometry":{"type":"LineString","coordinates":[[138.75,21.16],[138.75,21.69],[139.72,22.0],[139.84,22.25],[138.99,22.5],[138.5,23.17],[137.5,23.22],[137.5,23.92],[136.75,23.85],[136.23,25.25],[136.66,28.75],[137.06,29.5],[136.07,32.0],[135.57,32.5],[135.5,33.47],[136.59,34.5],[136.75,35.4],[137.0,35.62],[138.0,35.3],[138.31,35.5],[138.81,36.0],[138.73,36.5],[139.75,37.01],[140.39,37.75],[140.72,38.75],[141.63,39.25],[142.33,41.5],[142.24,42.25],[143.25,42.32],[143.74,43.25],[144.75,43.59],[145.5,44.3],[146.13,44.5],[145.75,45.05],[144.07,45.0],[143.97,45.5],[143.64,45.75],[141.25,46.09],[138.75,46.81],[138.15,47.25],[138.51,47.5],[137.88,48.0],[137.5,49.09],[135.51,49.75],[135.5,50.01],[137.32,51.0],[137.37,52.0],[137.65,52.5],[137.55,53.0],[137.11,53.5],[136.5,53.71],[136.25,54.32],[135.47,55.0],[135.49,55.75],[135.9,56.25],[135.52,57.25],[134.87,57.75],[134.6,58.75],[133.13,60.0],[133.57,60.75],[132.99,62.0],[133.88,62.5],[134.39,63.5],[134.75,63.55],[138.25,62.96],[138.75,63.12],[141.75,62.39],[143.47,63.0],[143.42,63.25],[143.75,63.41],[145.5,62.81],[146.0,63.26],[146.75,63.42],[149.0,62.61],[151.0,63.03],[152.0,62.76],[154.75,63.53],[156.0,62.2],[157.0,62.26],[157.25,61.91],[160.0,61.63],[160.75,60.97],[162.25,60.64],[162.38,60.5],[162.09,59.75],[160.92,58.0],[161.0,57.78],[162.0,57.79],[162.25,58.32],[162.75,58.29],[162.51,57.75],[162.91,57.25],[162.43,56.75],[162.38,56.0],[162.03,55.5],[160.16,54.5],[161.5,53.6],[162.94,51.75],[162.29,51.0],[162.36,49.75],[162.15,49.0],[159.75,46.99],[159.34,46.25],[158.0,44.88],[155.05,43.0],[154.25,42.0],[153.43,39.75],[153.65,36.5],[153.38,33.75],[152.87,32.0],[152.06,30.5],[150.75,28.81],[148.0,26.01],[144.75,23.84],[144.5,24.02],[143.75,23.86],[143.61,23.5],[144.0,23.27],[144.25,23.4],[144.25,22.92],[144.0,22.78],[143.75,23.11],[143.0,22.68],[142.25,23.01],[141.0,22.48],[140.75,23.51],[140.5,22.05],[139.5,21.37],[139.0,21.45],[138.75,21.16]]}},{"type":"Feature","properties":{"level":1008},"geometry":{"type":"LineString","coordinates":[[138.5,21.92],[138.3,22.25],[138.59,22.25],[138.5,21.92]]}},{"type":"Feature","properties":{"level":1008},"geometry":{"type":"LineString","coordinates":[[166.75,23.96],[165.45,24.5],[165.21,26.25],[165.96,27.25],[167.25,27.47],[168.24,27.0],[168.73,26.25],[168.75,25.75],[168.0,24.48],[166.75,23.96]]}},{"type":"Feature","properties":{"level":1008},"geometry":{"type":"LineString","coordinates":[[67.5,26.75],[67.74,28.0],[67.49,28.25],[67.49,29.0],[67.75,29.5],[68.0,29.5],[67.94,27.5],[67.5,26.75]]}},{"type":"Feature","properties":{"level":1008},"geometry":{"type":"LineString","coordinates":[[70.5,29.71],[70.24,32.0],[70.72,32.5],[70.75,32.88],[70.97,32.75],[70.86,32.25],[71.15,32.5],[71.02,32.75],[71.5,32.86],[72.0,32.27],[72.93,32.0],[72.0,31.25],[71.75,30.65],[70.5,29.71]]}},{"type":"Feature","properties":{"level":1008},"geometry":{"type":"LineString","coordinates":[[-53.5,40.92],[-53.7,41.25],[-53.68,42.5],[-56.0,43.45],[-59.5,43.49],[-64.75,43.96],[-66.0,44.65],[-67.25,44.85],[-69.52,46.25],[-70.25,47.47],[-70.75,47.46],[-71.0,47.7],[-71.02,48.25],[-73.25,51.45],[-73.58,52.5],[-73.48,54.75],[-72.0,56.21],[-69.35,57.5],[-68.99,58.25],[-68.02,59.25],[-67.0,59.74],[-65.0,59.92],[-63.75,59.4],[-59.75,60.23],[-56.0,60.37],[-50.0,59.87],[-46.4,58.75],[-40.42,54.75],[-39.83,53.25],[-39.89,52.75],[-41.6,50.0],[-43.86,47.75],[-50.25,42.33],[-51.75,41.7],[-52.75,40.93],[-53.5,40.92]]}},{"type":"Feature","properties":{"level":1008},"geometry":{"type":"LineString","coordinates":[[-93.25,44.68],[-94.25,45.14],[-94.79,45.75],[-95.4,47.75],[-95.66,48.0],[-96.67,48.5],[-99.0,50.35],[-99.5,50.5],[-100.0,51.12],[-100.75,51.36],[-101.2,52.0],[-101.99,52.25],[-103.25,53.22],[-105.32,53.75],[-106.83,54.75],[-108.83,55.25],[-111.25,56.59],[-112.75,56.85],[-114.0,57.53],[-115.5,57.6],[-116.5,57.97],[-117.5,57.68],[-118.0,58.04],[-119.0,57.98],[-119.5,58.59],[-120.75,58.82],[-121.63,59.25],[-123.5,59.22],[-125.0,59.64],[-125.25,59.76],[-124.5,60.21],[-124.44,60.5],[-125.17,61.0],[-124.7,61.5],[-125.0,61.96],[-126.5,62.03],[-127.75,63.24],[-129.0,63.16],[-129.3,63.5],[-129.75,63.56],[-130.0,63.21],[-132.5,63.05],[-132.9,62.75],[-132.75,62.44],[-134.0,62.59],[-133.98,62.25],[-132.58,62.0],[-132.75,61.79],[-134.0,61.64],[-134.25,61.06],[-135.5,60.38],[-137.0,60.57],[-138.75,60.16],[-139.25,60.4],[-139.75,60.19],[-140.63,60.25],[-140.87,60.0],[-139.66,59.5],[-139.21,59.0],[-140.49,57.5],[-143.5,55.63],[-147.5,54.51],[-152.25,54.27],[-156.0,54.95],[-157.79,55.75],[-157.7,56.0],[-158.75,56.74],[-161.23,57.75],[-161.73,58.25],[-161.86,58.75],[-161.53,59.25],[-159.92,60.5],[-158.83,60.75],[-158.37,61.25],[-158.33,62.0],[-158.95,63.25],[-158.73,63.75],[-156.77,64.5],[-156.54,65.25],[-155.5,65.69],[-153.25,65.61],[-151.5,66.15],[-151.0,65.64],[-149.75,65.58],[-146.94,66.0],[-145.75,66.8],[-144.0,67.26],[-140.75,66.97],[-139.25,67.09],[-138.5,66.57],[-136.75,66.34],[-136.24,65.5],[-135.5,65.21],[-131.75,65.48],[-128.03,65.0],[-126.87,64.5],[-126.81,64.25],[-125.0,63.27],[-124.49,62.75],[-123.75,62.59],[-123.5,61.94],[-122.5,62.14],[-121.75,61.78],[-121.0,62.33],[-118.96,62.5],[-122.55,66.0],[-122.79,66.5],[-122.53,67.0],[-123.2,67.75],[-122.82,69.0],[-122.25,69.42],[-120.63,69.5],[-120.93,70.0],[-120.76,70.25],[-116.0,70.28],[-114.0,69.87],[-104.75,68.85],[-98.45,67.0],[-92.75,63.8],[-90.02,61.75],[-88.97,60.5],[-88.14,59.0],[-86.63,55.75],[-86.67,54.75],[-85.72,52.5],[-85.58,51.0],[-85.14,50.5],[-85.15,49.25],[-85.93,48.0],[-85.83,47.5],[-87.5,45.78],[-92.0,44.7],[-93.25,44.68]]}},{"type":"Feature","properties":{"level":1008},"geometry":{"type":"LineString","coordinates":[[77.5,55.24],[75.49,56.25],[73.36,58.75],[73.68,59.75],[75.89,61.0],[78.5,61.33],[82.75,61.09],[85.5,60.07],[86.82,59.0],[86.0,57.81],[82.5,56.11],[80.0,55.34],[77.5,55.24]]}},{"type":"Feature","properties":{"level":1008},"geometry":{"type":"LineString","coordinates":[[40.0,55.75],[34.71,56.75],[32.75,57.71],[25.75,59.47],[19.75,60.05],[14.5,60.97],[12.75,61.5],[11.5,61.45],[10.0,61.9],[10.12,62.25],[9.0,62.96],[7.0,62.86],[1.5,61.79],[-4.5,61.4],[-5.75,61.5],[-5.85,62.0],[-4.89,63.25],[-5.0,63.75],[-6.5,64.57],[-7.56,64.75],[-6.85,65.25],[-7.33,66.0],[-9.75,68.25],[-11.06,70.5],[-10.92,71.5],[-11.08,72.5],[-10.3,75.25],[-8.79,78.25],[-4.02,83.0],[-1.0,84.52],[5.0,86.06],[14.25,87.14],[26.0,87.81],[43.5,88.27],[66.5,88.44],[105.75,88.01],[118.75,87.46],[127.75,86.66],[133.75,85.64],[137.75,84.33],[141.0,82.51],[144.75,79.41],[146.07,78.5],[147.0,78.18],[150.0,77.73],[169.5,76.53],[171.21,76.0],[171.61,75.25],[171.54,74.75],[170.98,74.25],[167.75,72.57],[165.0,71.96],[154.0,70.46],[148.5,71.08],[144.0,72.59],[141.75,73.0],[137.25,72.71],[132.75,72.99],[126.0,72.13],[123.75,72.24],[119.75,71.57],[115.75,71.44],[110.5,71.82],[94.75,73.96],[87.75,73.76],[81.5,72.65],[75.99,70.0],[75.05,69.25],[74.44,68.25],[72.91,66.75],[70.25,64.84],[69.93,63.75],[69.0,63.22],[66.5,62.43],[66.31,62.5],[66.5,62.83],[66.25,62.88],[64.0,61.97],[62.5,61.94],[60.75,61.41],[59.25,61.89],[55.75,59.67],[50.0,57.24],[46.5,56.2],[42.25,55.64],[40.0,55.75]]}},{"type":"Feature","properties":{"level":1008},"geometry":{"type":"LineString","coordinates":[[-20.0,61.75],[-21.0,61.98],[-27.0,62.32],[-29.75,62.03],[-33.25,62.24],[-36.0,63.07],[-36.51,63.75],[-35.75,64.82],[-33.68,66.0],[-29.0,67.25],[-25.25,66.31],[-23.5,66.31],[-23.35,66.25],[-23.61,66.0],[-23.41,65.75],[-23.62,65.5],[-22.75,65.42],[-21.75,64.69],[-20.5,64.31],[-19.0,64.29],[-18.95,64.0],[-19.57,63.75],[-19.25,63.6],[-17.75,63.7],[-16.25,63.32],[-15.88,62.75],[-16.85,61.75],[-18.25,61.54],[-20.0,61.75]]}},{"type":"Feature","properties":{"level":1008},"geometry":{"type":"LineString","coordinates":[[12.12,62.0],[12.75,61.78],[13.86,62.0],[13.5,62.34],[12.52,62.5],[12.01,63.0],[11.25,63.18],[9.97,62.75],[10.5,62.3],[12.12,62.0]]}},{"type":"Feature","properties":{"level":1012},"geometry":{"type":"LineString","coordinates":[[180.0,-89.51],[149.0,-88.89],[128.75,-89.43],[108.5,-89.6],[-39.25,-89.02],[-70.0,-89.03],[-93.22,-89.5],[-127.25,-89.55],[-145.5,-89.47],[-148.74,-89.25],[-144.12,-89.0],[-180.0,-88.65]]}},{"type":"Feature","properties":{"level":1012},"geometry":{"type":"LineString","coordinates":[[-180.0,-89.15],[-175.45,-89.5],[-180.0,-89.51]]}},{"type":"Feature","properties":{"level":1012},"geometry":{"type":"LineString","coordinates":[[-83.88,-89.0],[-78.43,-89.0],[-83.88,-89.0]]}},{"type":"Feature","properties":{"level":1012},"geometry":{"type":"LineString","coordinates":[[-10.6,-88.5],[2.75,-88.58],[14.75,-88.31],[16.02,-88.25],[15.1,-88.0],[16.75,-87.98],[38.25,-88.25],[52.25,-88.17],[58.88,-88.0],[61.88,-87.5],[66.75,-87.28],[106.0,-87.06],[122.76,-86.25],[128.41,-85.75],[137.32,-84.5],[138.63,-84.0],[138.7,-83.75],[136.01,-83.0],[137.81,-82.25],[137.34,-81.75],[139.5,-81.5],[139.45,-81.25],[139.9,-81.0],[145.5,-80.03],[148.15,-79.25],[150.9,-78.0],[150.97,-77.5],[151.73,-77.25],[149.75,-76.52],[145.0,-76.1],[132.75,-75.98],[125.0,-76.28],[114.25,-76.25],[109.75,-75.72],[101.5,-74.17],[93.25,-73.81],[89.75,-73.97],[84.0,-74.78],[81.78,-75.25],[79.25,-76.23],[76.5,-76.28],[69.0,-77.02],[66.0,-76.99],[64.75,-76.79],[63.06,-76.0],[59.75,-75.8],[57.85,-75.0],[57.87,-74.75],[58.61,-74.25],[57.88,-73.25],[58.25,-72.75],[57.97,-71.75],[58.35,-71.5],[58.23,-70.75],[55.5,-70.47],[52.5,-70.78],[46.95,-72.5],[29.5,-76.22],[29.07,-76.5],[29.13,-76.75],[32.24,-79.25],[32.04,-79.75],[30.25,-80.41],[25.07,-81.25],[23.44,-81.75],[7.75,-82.02],[-0.25,-83.08],[-33.81,-86.0],[-45.25,-86.55],[-47.02,-86.75],[-46.24,-87.0],[-47.25,-87.34],[-49.21,-87.5],[-46.5,-87.61],[-46.23,-87.75],[-46.28,-88.0],[-46.94,-88.25],[-44.75,-88.42],[-10.6,-88.5]]}},{"type":"Feature","properties":{"level":1012},"geometry":{"type":"LineString","coordinates":[[180.0,-88.65],[172.2,-88.75],[180.0,-89.15]]}},{"type":"Feature","properties":{"level":1012},"geometry":{"type":"LineString","coordinates":[[149.85,-88.25],[151.48,-88.25],[149.85,-88.25]]}},{"type":"Feature","properties":{"level":1012},"geometry":{"type":"LineString","coordinates":[[140.76,-85.5],[143.32,-85.5],[140.76,-85.5]]}},{"type":"Feature","properties":{"level":1012},"geometry":{"type":"LineString","coordinates":[[-36.9,-54.5],[-36.45,-54.5],[-36.9,-54.5]]}},{"type":"Feature","properties":{"level":1012},"geometry":{"type":"LineString","coordinates":[[-180.0,-51.9],[-177.0,-52.87],[-169.0,-53.62],[-164.5,-53.38],[-161.0,-52.53],[-153.75,-48.58],[-149.75,-47.04],[-141.25,-41.68],[-139.0,-40.87],[-134.5,-39.84],[-132.75,-39.14],[-130.59,-37.0],[-129.71,-33.75],[-129.87,-32.75],[-128.25,-32.2],[-126.0,-32.39],[-124.0,-33.04],[-117.63,-38.75],[-107.43,-46.75],[-104.75,-48.54],[-100.95,-50.5],[-97.5,-51.99],[-93.0,-53.36],[-89.75,-54.09],[-79.5,-55.69],[-73.5,-57.85],[-67.0,-63.06],[-65.5,-63.87],[-64.83,-65.25],[-64.98,-65.75],[-65.4,-66.0],[-65.0,-66.29],[-62.92,-65.25],[-63.0,-64.44],[-63.5,-64.7],[-63.67,-64.5],[-62.75,-64.17],[-62.5,-64.46],[-62.36,-64.25],[-62.66,-64.0],[-62.25,-63.71],[-58.75,-62.65],[-57.5,-62.05],[-54.25,-61.42],[-53.5,-60.98],[-49.99,-60.25],[-45.38,-58.75],[-41.75,-57.0],[-38.16,-54.5],[-38.4,-53.75],[-38.17,-52.5],[-39.0,-51.8],[-39.75,-51.76],[-42.5,-53.14],[-45.0,-53.45],[-47.25,-53.12],[-51.0,-51.69],[-55.0,-52.42],[-59.0,-51.67],[-59.46,-51.25],[-59.36,-51.0],[-59.8,-50.0],[-59.46,-48.75],[-58.98,-48.25],[-57.5,-47.62],[-54.75,-47.61],[-52.75,-47.01],[-50.75,-46.75],[-44.89,-44.25],[-44.25,-43.74],[-41.5,-43.09],[-40.25,-43.09],[-38.0,-43.58],[-36.0,-44.51],[-35.25,-44.99],[-35.1,-45.5],[-34.23,-46.25],[-34.05,-47.25],[-35.38,-48.5],[-35.15,-49.0],[-37.28,-50.75],[-37.21,-51.0],[-36.5,-51.21],[-34.25,-51.04],[-33.12,-50.25],[-33.04,-49.75],[-33.33,-49.0],[-32.0,-46.46],[-31.78,-45.5],[-30.74,-44.5],[-30.94,-43.75],[-30.53,-43.25],[-30.65,-41.75],[-29.04,-39.5],[-25.5,-36.94],[-20.75,-35.24],[-20.25,-34.77],[-15.25,-35.49],[-8.75,-38.32],[-3.0,-41.46],[1.75,-42.98],[10.75,-44.02],[22.5,-44.32],[30.0,-45.54],[31.25,-45.56],[33.25,-45.13],[34.22,-44.5],[34.0,-44.33],[33.5,-44.55],[32.62,-44.5],[33.98,-44.0],[34.08,-43.5],[34.63,-43.0],[33.7,-42.75],[34.0,-42.68],[34.35,-42.0],[33.71,-41.25],[33.87,-41.0],[33.46,-40.0],[33.5,-39.44],[33.77,-39.25],[33.5,-39.24],[33.25,-38.72],[32.88,-38.75],[33.75,-37.43],[41.95,-45.25],[45.0,-47.46],[49.5,-49.9],[52.5,-51.04],[56.0,-51.98],[60.25,-52.66],[64.25,-52.85],[67.75,-52.72],[72.47,-52.0],[76.0,-51.33],[80.5,-50.0],[84.4,-48.5],[93.17,-45.75],[98.75,-42.79],[107.2,-39.5],[107.25,-37.94],[109.75,-37.78],[111.75,-38.07],[115.0,-39.3],[116.5,-39.61],[119.0,-40.78],[130.5,-47.8],[139.08,-52.0],[144.0,-53.45],[146.0,-53.65],[148.25,-53.47],[153.75,-51.66],[156.25,-50.25],[157.75,-48.95],[158.75,-47.75],[159.18,-46.5],[159.5,-43.98],[160.05,-42.75],[159.78,-41.5],[160.65,-40.75],[161.09,-39.5],[162.25,-39.1],[163.5,-38.02],[164.43,-38.5],[166.33,-40.5],[167.44,-44.75],[168.0,-45.15],[169.75,-45.65],[170.5,-45.31],[171.0,-44.18],[171.46,-43.75],[172.75,-43.44],[173.75,-42.64],[174.67,-44.5],[174.74,-45.75],[175.21,-47.5],[175.75,-48.45],[176.58,-49.0],[177.09,-50.0],[178.0,-50.33],[179.0,-51.5],[180.0,-51.9]]}},{"type":"Feature","properties":{"level":1012},"geometry":{"type":"LineString","coordinates":[[174.0,-42.49],[174.0,-42.21],[174.0,-42.49]]}},{"type":"Feature","properties":{"level":1012},"geometry":{"type":"LineString","coordinates":[[-64.37,-37.75],[-64.21,-37.75],[-64.37,-37.75]]}},{"type":"Feature","properties":{"level":1012},"geometry":{"type":"LineString","coordinates":[[-57.25,-33.86],[-57.25,-33.61],[-57.25,-33.86]]}},{"type":"Feature","properties":{"level":1012},"geometry":{"type":"LineString","coordinates":[[-56.37,-32.25],[-56.07,-32.0],[-56.25,-31.91],[-56.37,-32.25]]}},{"type":"Feature","properties":{"level":1012},"geometry":{"type":"LineString","coordinates":[[25.5,-29.87],[25.25,-29.64],[24.5,-29.66],[24.42,-29.25],[24.0,-28.9],[24.05,-28.25],[24.75,-26.97],[26.07,-29.0],[26.11,-29.75],[25.5,-29.87]]}},{"type":"Feature","properties":{"level":1012},"geometry":{"type":"LineString","coordinates":[[32.0,-29.04],[31.51,-28.25],[32.12,-28.0],[32.25,-27.49],[32.63,-27.75],[32.62,-28.5],[32.39,-29.0],[32.0,-29.04]]}},{"type":"Feature","properties":{"level":1012},"geometry":{"type":"LineString","coordinates":[[118.25,-28.82],[117.68,-28.5],[117.51,-27.75],[117.75,-27.46],[118.25,-27.43],[118.67,-27.75],[118.85,-28.5],[118.5,-28.46],[118.25,-28.82]]}},{"type":"Feature","properties":{"level":1012},"geometry":{"type":"LineString","coordinates":[[-70.75,-28.56],[-70.75,-27.94],[-70.75,-28.56]]}},{"type":"Feature","properties":{"level":1012},"geometry":{"type":"LineString","coordinates":[[-70.25,-27.81],[-70.49,-27.25],[-70.38,-26.0],[-70.1,-25.5],[-70.34,-24.75],[-69.93,-21.75],[-70.25,-18.75],[-70.0,-18.38],[-69.26,-20.0],[-69.05,-22.25],[-68.5,-21.78],[-67.92,-23.5],[-68.25,-24.08],[-68.75,-24.39],[-69.0,-24.11],[-69.25,-24.17],[-69.56,-25.0],[-69.39,-25.5],[-69.95,-26.75],[-70.06,-27.75],[-70.25,-27.81]]}},{"type":"Feature","properties":{"level":1012},"geometry":{"type":"LineString","coordinates":[[25.56,-23.0],[26.75,-23.17],[26.88,-23.0],[26.63,-22.5],[26.86,-22.25],[26.0,-22.07],[24.97,-22.25],[25.56,-23.0]]}},{"type":"Feature","properties":{"level":1012},"geometry":{"type":"LineString","coordinates":[[-51.03,-22.25],[-50.5,-22.45],[-50.42,-22.25],[-51.03,-22.25]]}},{"type":"Feature","properties":{"level":1012},"geometry":{"type":"LineString","coordinates":[[-41.75,-21.27],[-41.58,-21.25],[-41.75,-21.27]]}},{"type":"Feature","properties":{"level":1012},"geometry":{"type":"LineString","coordinates":[[-41.25,-21.28],[-41.45,-21.25],[-41.25,-21.28]]}},{"type":"Feature","properties":{"level":1012},"geometry":{"type":"LineString","coordinates":[[31.5,-21.04],[31.13,-20.75],[31.19,-20.5],[31.53,-20.75],[31.5,-21.04]]}},{"type":"Feature","properties":{"level":1012},"geometry":{"type":"LineString","coordinates":[[124.0,-20.75],[123.82,-20.5],[124.0,-20.21],[123.0,-20.7],[122.5,-20.62],[122.32,-20.25],[122.5,-19.2],[122.75,-19.27],[123.0,-18.88],[123.25,-19.12],[123.37,-19.0],[123.08,-17.75],[123.25,-17.16],[123.5,-17.09],[123.8,-17.75],[124.5,-18.24],[125.75,-17.92],[125.32,-18.75],[125.67,-19.5],[126.0,-19.66],[126.61,-19.5],[126.25,-20.37],[126.0,-20.31],[125.25,-20.81],[124.0,-20.75]]}},{"type":"Feature","properties":{"level":1012},"geometry":{"type":"LineString","coordinates":[[38.0,-20.15],[37.0,-19.5],[37.0,-19.13],[38.0,-19.84],[38.0,-20.15]]}},{"type":"Feature","properties":{"level":1012},"geometry":{"type":"LineString","coordinates":[[127.75,-19.29],[128.0,-19.01],[128.28,-19.25],[128.0,-19.44],[127.75,-19.29]]}},{"type":"Feature","properties":{"level":1012},"geometry":{"type":"LineString","coordinates":[[36.75,-19.01],[36.75,-18.74],[36.75,-19.01]]}},{"type":"Feature","properties":{"level":1012},"geometry":{"type":"LineString","coordinates":[[128.0,-18.98],[128.0,-18.38],[128.0,-18.98]]}},{"type":"Feature","properties":{"level":1012},"geometry":{"type":"LineString","coordinates":[[129.75,-18.33],[129.75,-18.13],[129.75,-18.33]]}},{"type":"Feature","properties":{"level":1012},"geometry":{"type":"LineString","coordinates":[[128.25,-18.16],[128.08,-17.5],[128.44,-17.25],[127.98,-17.0],[127.32,-15.75],[127.76,-15.0],[127.68,-14.0],[128.5,-14.28],[129.29,-15.25],[129.21,-15.75],[130.0,-15.93],[130.5,-16.43],[131.0,-16.16],[131.28,-16.25],[131.28,-17.0],[130.0,-16.93],[130.0,-17.48],[128.25,-18.16]]}},{"type":"Feature","properties":{"level":1012},"geometry":{"type":"LineString","coordinates":[[26.74,-17.75],[27.3,-17.25],[27.47,-16.75],[27.48,-16.5],[27.0,-16.15],[26.06,-17.25],[26.11,-17.5],[26.74,-17.75]]}},{"type":"Feature","properties":{"level":1012},"geometry":{"type":"LineString","coordinates":[[37.75,-17.43],[36.88,-16.75],[37.0,-16.11],[37.67,-16.75],[37.93,-17.25],[37.75,-17.43]]}},{"type":"Feature","properties":{"level":1012},"geometry":{"type":"LineString","coordinates":[[-67.91,-16.5],[-67.73,-16.5],[-68.5,-15.53],[-68.75,-15.85],[-69.75,-15.32],[-70.06,-15.75],[-69.25,-16.33],[-68.5,-16.16],[-67.91,-16.5]]}},{"type":"Feature","properties":{"level":1012},"geometry":{"type":"LineString","coordinates":[[-69.02,-15.25],[-68.75,-15.28],[-68.73,-15.0],[-69.41,-14.0],[-71.5,-13.1],[-72.0,-12.32],[-72.25,-12.26],[-72.5,-13.12],[-73.0,-12.87],[-73.28,-13.0],[-72.75,-13.36],[-71.75,-13.38],[-71.0,-13.94],[-70.02,-14.25],[-69.02,-15.25]]}},{"type":"Feature","properties":{"level":1012},"geometry":{"type":"LineString","coordinates":[[29.47,-13.75],[29.75,-13.88],[31.0,-13.31],[31.25,-12.51],[31.0,-12.34],[30.0,-13.06],[29.5,-12.83],[29.47,-13.75]]}},{"type":"Feature","properties":{"level":1012},"geometry":{"type":"LineString","coordinates":[[-41.52,-13.5],[-41.25,-13.73],[-41.0,-12.76],[-40.75,-12.82],[-40.55,-12.5],[-40.44,-12.0],[-40.77,-11.5],[-40.53,-11.25],[-40.75,-11.16],[-41.25,-11.42],[-41.65,-12.25],[-42.0,-12.35],[-41.52,-13.5]]}},{"type":"Feature","properties":{"level":1012},"geometry":{"type":"LineString","coordinates":[[26.74,-13.5],[26.95,-13.0],[26.67,-12.75],[26.65,-12.25],[27.55,-11.75],[27.25,-11.41],[26.75,-11.34],[26.45,-10.75],[26.32,-10.0],[26.7,-9.5],[26.5,-9.11],[25.25,-10.69],[25.0,-10.83],[24.25,-10.41],[23.34,-11.0],[23.38,-11.75],[23.4,-12.0],[24.25,-12.48],[24.5,-12.2],[25.25,-12.23],[25.79,-12.75],[25.48,-13.25],[26.0,-13.45],[26.5,-13.07],[26.74,-13.5]]}},{"type":"Feature","properties":{"level":1012},"geometry":{"type":"LineString","coordinates":[[-73.9,-13.0],[-73.69,-13.0],[-74.5,-12.07],[-74.5,-12.44],[-73.9,-13.0]]}},{"type":"Feature","properties":{"level":1012},"geometry":{"type":"LineString","coordinates":[[-41.25,-12.8],[-41.25,-12.26],[-41.01,-12.75],[-41.25,-12.8]]}},{"type":"Feature","properties":{"level":1012},"geometry":{"type":"LineString","coordinates":[[37.0,-12.85],[36.79,-12.75],[37.0,-12.38],[37.5,-12.34],[37.54,-12.75],[37.0,-12.85]]}},{"type":"Feature","properties":{"level":1012},"geometry":{"type":"LineString","coordinates":[[21.99,-10.25],[22.25,-10.23],[22.56,-9.75],[22.02,-9.25],[22.47,-8.75],[22.25,-8.5],[21.99,-8.75],[21.8,-9.75],[21.99,-10.25]]}},{"type":"Feature","properties":{"level":1012},"geometry":{"type":"LineString","coordinates":[[22.93,-9.0],[23.25,-9.17],[23.6,-8.75],[23.54,-8.5],[24.0,-8.19],[24.72,-8.5],[24.5,-7.83],[23.92,-7.75],[24.42,-7.5],[23.5,-7.53],[23.0,-7.01],[22.61,-8.5],[22.93,-9.0]]}},{"type":"Feature","properties":{"level":1012},"geometry":{"type":"LineString","coordinates":[[15.47,-8.75],[15.92,-7.75],[15.75,-7.49],[15.5,-7.85],[15.47,-8.75]]}},{"type":"Feature","properties":{"level":1012},"geometry":{"type":"LineString","coordinates":[[13.0,-8.52],[12.82,-8.5],[13.0,-8.52]]}},{"type":"Feature","properties":{"level":1012},"geometry":{"type":"LineString","coordinates":[[12.0,-8.01],[12.75,-7.82],[12.82,-8.0],[12.0,-8.01]]}},{"type":"Feature","properties":{"level":1012},"geometry":{"type":"LineString","coordinates":[[-78.51,-7.25],[-78.12,-7.0],[-78.34,-6.5],[-78.75,-6.34],[-79.15,-7.0],[-78.51,-7.25]]}},{"type":"Feature","properties":{"level":1012},"geometry":{"type":"LineString","coordinates":[[-164.0,-6.6],[-165.05,-6.25],[-165.36,-5.75],[-164.75,-5.41],[-164.0,-5.65],[-163.07,-6.5],[-164.0,-6.6]]}},{"type":"Feature","properties":{"level":1012},"geometry":{"type":"LineString","coordinates":[[-162.25,-6.5],[-161.93,-6.5],[-162.25,-6.5]]}},{"type":"Feature","properties":{"level":1012},"geometry":{"type":"LineString","coordinates":[[-150.06,-6.5],[-149.91,-6.25],[-150.06,-6.5]]}},{"type":"Feature","properties":{"level":1012},"geometry":{"type":"LineString","coordinates":[[-79.54,-6.25],[-79.25,-6.46],[-79.16,-6.25],[-79.45,-6.0],[-79.35,-5.25],[-80.0,-4.86],[-79.57,-5.5],[-79.54,-6.25]]}},{"type":"Feature","properties":{"level":1012},"geometry":{"type":"LineString","coordinates":[[138.25,-6.3],[137.67,-5.5],[137.75,-5.3],[138.25,-5.77],[138.25,-6.3]]}},{"type":"Feature","properties":{"level":1012},"geometry":{"type":"LineString","coordinates":[[180.0,-6.36],[179.5,-5.98],[179.0,-6.2],[178.75,-6.71],[178.25,-6.51],[177.5,-6.76],[176.75,-7.82],[176.0,-8.06],[175.89,-8.75],[175.25,-9.81],[174.71,-9.5],[174.5,-9.04],[174.0,-9.41],[173.75,-8.99],[173.25,-9.38],[172.5,-9.42],[172.14,-9.75],[171.25,-9.97],[169.75,-9.82],[169.0,-9.22],[167.75,-9.64],[167.53,-9.25],[167.25,-9.54],[167.0,-9.2],[166.75,-9.59],[166.25,-9.41],[164.0,-10.09],[163.0,-9.86],[162.75,-10.04],[162.25,-9.7],[161.75,-9.73],[161.43,-9.0],[160.75,-8.33],[160.65,-9.0],[161.39,-10.0],[160.5,-9.34],[159.75,-9.19],[159.53,-9.5],[159.75,-9.88],[160.9,-10.25],[161.02,-10.5],[160.75,-10.93],[160.24,-10.75],[160.25,-10.23],[159.5,-10.48],[158.99,-9.75],[158.62,-8.25],[159.5,-8.48],[159.74,-8.25],[159.55,-8.0],[158.75,-7.62],[158.25,-7.9],[156.75,-6.28],[155.25,-5.5],[154.94,-4.75],[155.38,-3.5],[154.5,-2.33],[153.15,-1.5],[151.75,-0.95],[151.25,-1.45],[150.75,-1.19],[150.54,-1.75],[150.25,-1.88],[149.5,-1.83],[149.25,-1.04],[147.75,-1.12],[146.75,-0.76],[146.39,-1.25],[146.0,-1.35],[145.72,-0.5],[144.0,0.29],[143.19,-0.5],[142.72,-1.5],[143.5,-1.86],[144.02,-1.75],[144.51,-2.5],[144.0,-2.81],[143.0,-2.58],[141.76,-2.75],[140.5,-2.31],[139.75,-2.4],[138.5,-1.86],[136.5,-2.37],[136.09,-3.0],[135.25,-3.32],[134.25,-2.25],[134.4,-1.25],[134.0,-0.71],[130.61,0.25],[130.0,1.03],[129.15,1.25],[128.64,2.0],[128.71,2.5],[128.5,2.71],[128.0,2.18],[127.25,2.32],[126.5,1.86],[126.02,2.0],[126.0,1.66],[125.5,1.49],[125.0,1.65],[124.25,1.0],[122.75,0.9],[122.0,1.15],[121.5,1.06],[121.0,1.37],[120.75,0.92],[120.25,0.81],[119.9,0.25],[119.25,-2.33],[118.81,-2.75],[118.82,-3.5],[118.21,-4.0],[118.75,-4.23],[119.25,-3.91],[119.5,-4.13],[119.25,-5.37],[118.75,-4.73],[118.5,-5.06],[118.0,-5.17],[117.75,-4.07],[116.75,-3.7],[116.23,-2.25],[116.7,-1.0],[116.5,-0.79],[115.5,-1.34],[115.71,-2.25],[114.25,-4.44],[111.5,-4.43],[110.5,-4.13],[110.43,-3.75],[110.76,-3.25],[112.0,-2.95],[112.75,-2.34],[113.75,-2.07],[114.29,-0.75],[116.75,0.17],[117.75,1.32],[118.07,1.25],[117.75,1.81],[117.05,2.0],[116.88,2.5],[117.04,3.0],[116.6,3.5],[116.73,4.0],[117.44,4.5],[118.13,4.5],[118.0,5.08],[117.25,5.27],[117.0,6.57],[116.5,6.48],[115.75,5.92],[114.0,4.47],[113.0,3.28],[111.9,2.75],[112.17,2.5],[112.11,2.25],[111.5,2.15],[110.75,1.04],[110.0,1.43],[108.75,0.79],[107.75,0.96],[107.5,1.47],[107.0,1.5],[106.25,1.01],[105.75,0.95],[105.5,0.62],[103.63,1.25],[104.0,1.44],[104.06,1.75],[103.74,2.5],[103.75,3.25],[104.25,3.47],[104.63,3.25],[104.6,4.0],[104.92,4.75],[105.47,5.5],[105.41,5.75],[105.75,5.74],[105.83,6.0],[105.25,6.1],[105.0,5.86],[104.65,6.25],[105.18,6.75],[104.82,7.0],[105.5,7.98],[106.24,8.0],[105.94,8.25],[106.0,8.61],[105.5,8.15],[105.25,8.44],[104.5,8.32],[104.0,8.61],[103.29,9.25],[103.25,10.16],[103.0,10.29],[101.89,9.25],[101.9,9.5],[100.85,10.5],[100.5,11.91],[101.5,11.54],[102.61,11.5],[103.25,10.56],[104.0,10.14],[104.25,10.4],[104.75,10.18],[105.25,9.32],[106.27,9.25],[106.5,8.11],[107.25,8.19],[107.5,7.95],[107.75,8.36],[108.0,8.3],[108.43,8.0],[108.5,7.6],[108.75,7.58],[109.79,9.0],[109.75,9.53],[109.42,9.75],[110.16,10.75],[109.83,13.5],[110.15,14.5],[109.15,16.0],[109.69,16.25],[109.75,16.57],[110.5,16.12],[111.0,16.48],[112.25,16.64],[113.25,17.17],[114.0,17.1],[114.75,17.58],[118.5,18.61],[120.5,18.67],[120.69,18.25],[120.38,16.5],[121.11,15.75],[121.19,14.75],[121.5,14.56],[121.36,15.25],[121.72,16.0],[122.46,16.75],[122.92,18.75],[123.69,19.25],[124.75,19.42],[126.75,20.49],[128.51,21.5],[130.25,22.9],[130.79,24.25],[131.11,26.0],[131.27,27.75],[130.85,29.0],[131.4,29.75],[131.22,30.75],[132.15,31.75],[132.5,32.98],[134.38,34.0],[134.05,34.5],[135.0,35.36],[135.58,36.25],[136.5,36.72],[136.75,36.36],[137.25,36.5],[137.02,36.75],[137.27,37.5],[137.06,38.0],[137.32,38.75],[137.14,39.25],[137.57,40.25],[137.75,42.0],[137.32,43.0],[136.2,44.5],[137.06,45.75],[136.7,46.5],[136.92,47.5],[136.75,47.8],[135.67,48.25],[134.39,49.75],[134.5,50.13],[135.64,51.25],[135.15,52.0],[135.36,52.5],[134.87,53.5],[135.04,54.25],[134.25,54.93],[134.29,55.25],[133.89,55.75],[134.0,56.0],[133.25,56.77],[132.14,59.0],[131.25,59.5],[130.65,60.5],[131.02,62.75],[130.93,63.75],[139.5,63.72],[142.5,64.57],[144.0,64.18],[144.27,64.25],[143.81,64.5],[144.0,64.65],[145.0,64.72],[146.75,64.39],[147.61,63.75],[148.75,63.43],[151.5,63.76],[152.25,64.37],[154.25,64.59],[156.75,64.38],[157.25,64.05],[157.75,64.17],[157.66,63.75],[158.25,63.33],[159.75,63.36],[160.5,62.8],[162.0,62.41],[162.5,61.96],[163.5,62.16],[164.0,61.8],[164.37,61.0],[164.25,60.11],[164.89,59.5],[165.45,58.25],[164.91,56.75],[163.5,54.42],[164.04,52.5],[163.66,51.25],[163.95,50.0],[163.66,49.25],[163.73,48.75],[162.75,47.61],[161.45,46.75],[161.0,45.89],[160.5,45.8],[159.96,45.0],[156.19,42.0],[155.56,39.75],[155.58,38.25],[154.85,33.25],[153.62,29.75],[153.4,28.0],[152.91,26.5],[153.25,24.5],[153.92,23.75],[156.03,22.25],[157.5,21.96],[161.35,23.75],[163.96,27.0],[165.25,27.92],[166.0,28.19],[167.25,28.2],[168.91,27.5],[170.17,25.25],[170.43,23.5],[170.8,22.75],[170.47,22.5],[171.48,21.5],[172.68,21.0],[174.56,19.0],[174.69,16.75],[175.65,14.0],[175.7,12.0],[175.45,10.75],[175.7,10.0],[175.35,9.25],[175.66,8.25],[174.93,8.0],[174.61,7.25],[174.75,6.56],[174.06,5.5],[174.37,4.25],[174.75,3.7],[175.75,3.47],[176.6,2.75],[176.86,1.5],[177.35,0.5],[178.25,-0.24],[179.5,-0.82],[180.0,-1.57]]}},{"type":"Feature","properties":{"level":1012},"geometry":{"type":"LineString","coordinates":[[147.5,-5.56],[147.07,-5.25],[147.01,-5.0],[147.25,-4.82],[147.83,-5.25],[147.5,-5.56]]}},{"type":"Feature","properties":{"level":1012},"geometry":{"type":"LineString","coordinates":[[12.14,-4.25],[12.53,-4.25],[12.14,-4.25]]}},{"type":"Feature","properties":{"level":1012},"geometry":{"type":"LineString","coordinates":[[-145.77,-4.0],[-145.49,-4.0],[-145.77,-4.0]]}},{"type":"Feature","properties":{"level":1012},"geometry":{"type":"LineString","coordinates":[[28.7,-4.0],[29.09,-3.5],[28.75,-2.76],[28.35,-3.75],[28.7,-4.0]]}},{"type":"Feature","properties":{"level":1012},"geometry":{"type":"LineString","coordinates":[[-79.52,-3.75],[-79.41,-3.25],[-79.25,-3.15],[-79.0,-3.49],[-78.47,-3.0],[-78.13,-2.25],[-77.98,-1.0],[-77.54,-0.5],[-77.63,0.25],[-76.79,1.0],[-76.62,1.5],[-76.16,1.5],[-76.31,2.0],[-75.64,2.75],[-75.5,3.73],[-75.02,4.75],[-75.5,7.09],[-75.82,6.75],[-75.31,5.75],[-75.7,4.5],[-76.18,4.0],[-76.24,3.25],[-76.71,2.25],[-77.5,0.92],[-77.75,1.48],[-78.88,0.5],[-79.21,-1.5],[-79.09,-2.25],[-79.64,-3.0],[-79.52,-3.75]]}},{"type":"Feature","properties":{"level":1012},"geometry":{"type":"LineString","coordinates":[[154.75,-3.87],[154.55,-3.75],[155.0,-3.33],[155.08,-3.75],[154.75,-3.87]]}},{"type":"Feature","properties":{"level":1012},"geometry":{"type":"LineString","coordinates":[[-165.5,-3.59],[-165.5,-3.41],[-165.5,-3.59]]}},{"type":"Feature","properties":{"level":1012},"geometry":{"type":"LineString","coordinates":[[-164.1,-3.5],[-164.0,-3.63],[-164.1,-3.5]]}},{"type":"Feature","properties":{"level":1012},"geometry":{"type":"LineString","coordinates":[[-151.01,-3.5],[-150.75,-3.74],[-150.5,-3.19],[-150.0,-3.42],[-149.75,-2.68],[-149.0,-2.63],[-148.5,-2.13],[-148.0,-2.01],[-148.0,-1.4],[-147.5,-1.58],[-147.5,-1.39],[-148.6,-1.0],[-147.0,0.22],[-146.84,1.25],[-146.23,2.0],[-146.9,2.5],[-146.63,2.75],[-147.06,3.25],[-146.67,4.75],[-146.75,5.75],[-146.44,6.5],[-147.0,7.13],[-147.25,6.9],[-148.0,7.61],[-148.75,7.42],[-148.93,7.75],[-149.99,8.0],[-150.75,8.63],[-151.5,8.49],[-151.68,7.75],[-152.5,6.59],[-153.01,6.75],[-153.51,5.5],[-153.9,5.0],[-154.47,4.75],[-154.53,4.25],[-154.25,3.81],[-153.38,3.25],[-153.51,2.5],[-152.91,1.25],[-153.69,0.75],[-153.82,0.25],[-153.21,-0.75],[-152.75,-1.02],[-151.75,-0.94],[-150.0,0.23],[-149.91,0.0],[-150.99,-1.75],[-152.25,-1.95],[-153.19,-2.5],[-152.75,-2.97],[-151.91,-3.0],[-152.19,-3.25],[-152.0,-3.35],[-151.5,-3.16],[-151.01,-3.5]]}},{"type":"Feature","properties":{"level":1012},"geometry":{"type":"LineString","coordinates":[[8.25,-3.57],[8.25,-3.27],[8.51,-3.5],[8.25,-3.57]]}},{"type":"Feature","properties":{"level":1012},"geometry":{"type":"LineString","coordinates":[[-176.75,-3.4],[-176.75,-3.19],[-176.75,-3.4]]}},{"type":"Feature","properties":{"level":1012},"geometry":{"type":"LineString","coordinates":[[108.75,-3.33],[108.75,-2.75],[109.75,-2.24],[110.0,-2.41],[110.0,-2.9],[109.75,-3.15],[108.75,-3.33]]}},{"type":"Feature","properties":{"level":1012},"geometry":{"type":"LineString","coordinates":[[139.0,-3.26],[137.89,-3.0],[138.25,-2.82],[139.31,-3.0],[139.39,-3.25],[139.0,-3.26]]}},{"type":"Feature","properties":{"level":1012},"geometry":{"type":"LineString","coordinates":[[35.75,-2.76],[35.51,-2.75],[35.75,-2.29],[36.25,-1.55],[36.5,-1.63],[36.25,-2.64],[35.75,-2.76]]}},{"type":"Feature","properties":{"level":1012},"geometry":{"type":"LineString","coordinates":[[28.48,-2.5],[28.75,-2.72],[29.0,-1.81],[29.25,-1.65],[29.5,-1.92],[30.0,-1.3],[29.79,-1.0],[29.25,-1.29],[29.05,-1.0],[29.41,0.0],[29.25,0.41],[28.66,-0.5],[28.82,-1.0],[28.48,-2.5]]}},{"type":"Feature","properties":{"level":1012},"geometry":{"type":"LineString","coordinates":[[12.1,-2.25],[12.75,-2.4],[12.97,-2.25],[12.84,-1.75],[11.75,-1.12],[11.0,-0.32],[10.83,-0.75],[11.12,-1.0],[10.94,-1.25],[11.07,-1.5],[12.1,-2.25]]}},{"type":"Feature","properties":{"level":1012},"geometry":{"type":"LineString","coordinates":[[106.5,-2.26],[105.63,-1.75],[105.5,-1.44],[105.25,-1.46],[105.0,-1.97],[104.3,-1.5],[104.04,-1.0],[104.25,-0.27],[104.4,-0.5],[105.03,-0.5],[104.85,0.0],[105.0,0.19],[105.25,0.08],[106.25,0.71],[106.68,0.25],[106.75,-0.29],[106.77,0.0],[107.25,0.1],[107.96,-0.5],[107.22,-0.75],[107.41,-1.75],[106.5,-2.26]]}},{"type":"Feature","properties":{"level":1012},"geometry":{"type":"LineString","coordinates":[[-10.0,-2.04],[-10.1,-1.75],[-9.75,-1.36],[-9.34,-1.5],[-9.5,-1.99],[-10.0,-2.04]]}},{"type":"Feature","properties":{"level":1012},"geometry":{"type":"LineString","coordinates":[[144.75,-2.11],[144.75,-1.72],[144.97,-2.0],[144.75,-2.11]]}},{"type":"Feature","properties":{"level":1012},"geometry":{"type":"LineString","coordinates":[[135.81,-1.75],[136.25,-1.91],[136.66,-1.75],[136.25,-1.58],[135.81,-1.75]]}},{"type":"Feature","properties":{"level":1012},"geometry":{"type":"LineString","coordinates":[[-180.0,-1.57],[-179.25,-2.64],[-177.5,-3.01],[-176.92,-3.5],[-177.44,-4.25],[-178.17,-4.75],[-178.49,-6.0],[-179.25,-6.45],[-180.0,-6.36]]}},{"type":"Feature","properties":{"level":1012},"geometry":{"type":"LineString","coordinates":[[-163.52,-1.5],[-163.5,-1.35],[-163.52,-1.5]]}},{"type":"Feature","properties":{"level":1012},"geometry":{"type":"LineString","coordinates":[[-149.0,-1.61],[-149.0,-1.32],[-149.0,-1.61]]}},{"type":"Feature","properties":{"level":1012},"geometry":{"type":"LineString","coordinates":[[109.75,-1.5],[108.79,-0.75],[109.75,-0.78],[109.99,-1.0],[109.75,-1.5]]}},{"type":"Feature","properties":{"level":1012},"geometry":{"type":"LineString","coordinates":[[-148.75,-1.32],[-148.91,-1.25],[-148.75,-1.32]]}},{"type":"Feature","properties":{"level":1012},"geometry":{"type":"LineString","coordinates":[[-91.36,-1.0],[-91.25,-1.15],[-91.12,-1.0],[-91.36,-1.0]]}},{"type":"Feature","properties":{"level":1012},"geometry":{"type":"LineString","coordinates":[[135.89,-1.0],[136.09,-1.0],[135.89,-1.0]]}},{"type":"Feature","properties":{"level":1012},"geometry":{"type":"LineString","coordinates":[[2.78,-0.75],[3.59,-0.75],[3.25,-0.59],[2.78,-0.75]]}},{"type":"Feature","properties":{"level":1012},"geometry":{"type":"LineString","coordinates":[[135.41,-0.75],[135.82,-0.75],[135.41,-0.75]]}},{"type":"Feature","properties":{"level":1012},"geometry":{"type":"LineString","coordinates":[[121.75,-0.6],[121.35,-0.25],[121.67,0.25],[122.08,0.25],[122.45,-0.25],[122.39,-0.5],[121.75,-0.6]]}},{"type":"Feature","properties":{"level":1012},"geometry":{"type":"LineString","coordinates":[[-164.0,-0.46],[-164.15,-0.25],[-164.0,0.11],[-163.79,-0.25],[-164.0,-0.46]]}},{"type":"Feature","properties":{"level":1012},"geometry":{"type":"LineString","coordinates":[[-161.05,0.25],[-161.0,0.56],[-161.05,0.25]]}},{"type":"Feature","properties":{"level":1012},"geometry":{"type":"LineString","coordinates":[[-105.25,0.19],[-105.25,0.38],[-105.25,0.19]]}},{"type":"Feature","properties":{"level":1012},"geometry":{"type":"LineString","coordinates":[[6.36,0.25],[6.67,0.25],[6.36,0.25]]}},{"type":"Feature","properties":{"level":1012},"geometry":{"type":"LineString","coordinates":[[10.57,0.25],[11.0,0.23],[11.69,1.5],[11.16,2.75],[11.39,3.25],[11.25,4.03],[10.47,3.25],[9.8,1.75],[9.92,0.75],[10.57,0.25]]}},{"type":"Feature","properties":{"level":1012},"geometry":{"type":"LineString","coordinates":[[111.25,0.06],[111.25,0.6],[111.85,1.0],[113.03,1.0],[113.09,0.75],[112.78,0.5],[111.75,0.37],[111.25,0.06]]}},{"type":"Feature","properties":{"level":1012},"geometry":{"type":"LineString","coordinates":[[142.71,0.5],[142.75,0.76],[142.71,0.5]]}},{"type":"Feature","properties":{"level":1012},"geometry":{"type":"LineString","coordinates":[[-154.3,1.0],[-153.83,1.0],[-154.25,1.6],[-154.3,1.0]]}},{"type":"Feature","properties":{"level":1012},"geometry":{"type":"LineString","coordinates":[[-152.5,0.97],[-152.25,1.14],[-151.95,1.0],[-152.25,0.81],[-152.5,0.97]]}},{"type":"Feature","properties":{"level":1012},"geometry":{"type":"LineString","coordinates":[[-151.25,0.8],[-151.45,1.0],[-151.1,1.0],[-151.25,0.8]]}},{"type":"Feature","properties":{"level":1012},"geometry":{"type":"LineString","coordinates":[[-163.0,1.67],[-163.21,1.75],[-163.0,1.89],[-162.83,1.75],[-163.0,1.67]]}},{"type":"Feature","properties":{"level":1012},"geometry":{"type":"LineString","coordinates":[[-162.0,1.61],[-162.0,1.89],[-162.0,1.61]]}},{"type":"Feature","properties":{"level":1012},"geometry":{"type":"LineString","coordinates":[[129.94,1.75],[130.23,2.0],[129.77,2.0],[129.94,1.75]]}},{"type":"Feature","properties":{"level":1012},"geometry":{"type":"LineString","coordinates":[[131.28,1.75],[131.77,1.75],[131.0,2.44],[130.69,2.25],[130.67,2.0],[131.28,1.75]]}},{"type":"Feature","properties":{"level":1012},"geometry":{"type":"LineString","coordinates":[[128.25,1.83],[128.25,2.12],[128.25,1.83]]}},{"type":"Feature","properties":{"level":1012},"geometry":{"type":"LineString","coordinates":[[-75.52,2.25],[-75.5,2.06],[-75.0,2.45],[-74.66,3.0],[-74.75,3.23],[-75.52,2.25]]}},{"type":"Feature","properties":{"level":1012},"geometry":{"type":"LineString","coordinates":[[-168.41,2.5],[-168.25,2.28],[-167.75,2.27],[-167.52,2.5],[-167.32,2.75],[-167.38,3.5],[-168.0,3.5],[-168.41,2.5]]}},{"type":"Feature","properties":{"level":1012},"geometry":{"type":"LineString","coordinates":[[-147.5,2.33],[-147.5,2.67],[-147.33,2.5],[-147.5,2.33]]}},{"type":"Feature","properties":{"level":1012},"geometry":{"type":"LineString","coordinates":[[12.97,2.5],[13.77,2.5],[13.04,3.0],[13.04,3.25],[13.53,3.5],[12.73,4.0],[13.04,4.25],[13.0,4.62],[12.75,4.66],[12.17,4.0],[12.24,3.5],[12.97,2.5]]}},{"type":"Feature","properties":{"level":1012},"geometry":{"type":"LineString","coordinates":[[-77.08,2.75],[-77.0,2.57],[-76.7,3.25],[-76.75,3.74],[-77.08,2.75]]}},{"type":"Feature","properties":{"level":1012},"geometry":{"type":"LineString","coordinates":[[106.32,2.75],[106.61,2.75],[106.89,3.25],[106.75,3.62],[106.25,3.76],[105.97,3.25],[106.32,2.75]]}},{"type":"Feature","properties":{"level":1012},"geometry":{"type":"LineString","coordinates":[[127.83,3.0],[128.12,3.0],[128.0,3.26],[127.83,3.0]]}},{"type":"Feature","properties":{"level":1012},"geometry":{"type":"LineString","coordinates":[[42.5,3.21],[41.44,4.0],[42.0,4.74],[43.06,4.25],[42.88,3.5],[42.5,3.21]]}},{"type":"Feature","properties":{"level":1012},"geometry":{"type":"LineString","coordinates":[[-74.83,3.5],[-74.75,3.29],[-74.1,3.5],[-73.4,4.75],[-72.72,5.25],[-71.86,6.5],[-72.23,7.0],[-72.25,7.56],[-73.0,7.49],[-72.71,6.5],[-73.25,5.9],[-73.75,5.87],[-74.0,5.53],[-74.51,4.75],[-74.83,3.5]]}},{"type":"Feature","properties":{"level":1012},"geometry":{"type":"LineString","coordinates":[[108.14,4.0],[108.25,3.8],[108.25,4.17],[108.14,4.0]]}},{"type":"Feature","properties":{"level":1012},"geometry":{"type":"LineString","coordinates":[[8.86,4.25],[9.25,4.04],[9.39,4.25],[9.25,4.44],[8.86,4.25]]}},{"type":"Feature","properties":{"level":1012},"geometry":{"type":"LineString","coordinates":[[10.46,4.25],[10.79,4.25],[11.06,6.25],[11.75,6.4],[12.0,6.87],[12.5,7.11],[13.0,6.64],[13.11,7.0],[12.25,7.43],[11.5,7.09],[11.0,7.32],[10.82,6.75],[10.0,6.65],[9.57,6.25],[9.84,5.5],[9.53,5.0],[9.75,4.8],[10.74,4.75],[10.46,4.25]]}},{"type":"Feature","properties":{"level":1012},"geometry":{"type":"LineString","coordinates":[[44.5,4.46],[43.76,5.25],[43.75,5.56],[42.92,6.0],[42.75,6.37],[43.5,6.32],[44.0,5.93],[44.5,6.27],[45.19,5.75],[45.45,4.5],[45.25,4.28],[44.5,4.46]]}},{"type":"Feature","properties":{"level":1012},"geometry":{"type":"LineString","coordinates":[[106.69,4.5],[107.25,4.37],[108.0,4.99],[108.25,4.57],[108.75,4.71],[108.92,5.25],[108.28,6.0],[108.42,6.75],[107.76,6.75],[107.5,6.25],[107.92,5.25],[107.5,5.01],[106.5,5.02],[106.69,4.5]]}},{"type":"Feature","properties":{"level":1012},"geometry":{"type":"LineString","coordinates":[[144.45,4.5],[144.75,4.35],[144.89,4.75],[144.5,5.02],[144.18,4.75],[144.45,4.5]]}},{"type":"Feature","properties":{"level":1012},"geometry":{"type":"LineString","coordinates":[[9.18,4.75],[9.42,5.0],[9.02,5.0],[9.18,4.75]]}},{"type":"Feature","properties":{"level":1012},"geometry":{"type":"LineString","coordinates":[[180.0,4.57],[179.25,4.19],[178.75,4.66],[178.26,4.75],[178.25,5.04],[176.84,5.0],[177.25,5.4],[177.75,7.05],[178.75,6.61],[180.0,7.32]]}},{"type":"Feature","properties":{"level":1012},"geometry":{"type":"LineString","coordinates":[[-129.28,5.0],[-128.99,5.0],[-129.28,5.0]]}},{"type":"Feature","properties":{"level":1012},"geometry":{"type":"LineString","coordinates":[[-76.26,5.0],[-76.0,5.0],[-75.78,5.5],[-76.0,5.75],[-75.96,6.5],[-76.25,6.84],[-76.33,6.0],[-76.1,5.5],[-76.26,5.0]]}},{"type":"Feature","properties":{"level":1012},"geometry":{"type":"LineString","coordinates":[[111.46,5.0],[111.76,5.0],[111.5,5.28],[111.46,5.0]]}},{"type":"Feature","properties":{"level":1012},"geometry":{"type":"LineString","coordinates":[[-127.25,5.22],[-126.89,5.25],[-127.0,5.05],[-127.25,5.22]]}},{"type":"Feature","properties":{"level":1012},"geometry":{"type":"LineString","coordinates":[[45.75,5.19],[45.32,5.75],[45.5,6.0],[46.75,6.19],[46.5,5.46],[45.75,5.19]]}},{"type":"Feature","properties":{"level":1012},"geometry":{"type":"LineString","coordinates":[[-129.55,5.5],[-129.37,5.5],[-129.55,5.5]]}},{"type":"Feature","properties":{"level":1012},"geometry":{"type":"LineString","coordinates":[[110.47,5.5],[111.0,5.64],[111.05,6.0],[110.5,5.82],[110.47,5.5]]}},{"type":"Feature","properties":{"level":1012},"geometry":{"type":"LineString","coordinates":[[111.73,5.5],[111.95,5.5],[111.73,5.5]]}},{"type":"Feature","properties":{"level":1012},"geometry":{"type":"LineString","coordinates":[[151.45,5.5],[152.16,5.5],[152.0,5.97],[151.5,5.87],[151.45,5.5]]}},{"type":"Feature","properties":{"level":1012},"geometry":{"type":"LineString","coordinates":[[109.72,5.75],[110.09,6.0],[109.81,6.0],[109.72,5.75]]}},{"type":"Feature","properties":{"level":1012},"geometry":{"type":"LineString","coordinates":[[125.46,5.75],[125.62,6.25],[125.11,6.75],[125.48,7.0],[125.6,7.75],[125.26,8.75],[125.0,8.86],[124.25,8.17],[123.5,8.45],[122.72,8.0],[123.25,7.67],[123.75,8.08],[124.25,7.38],[124.99,7.25],[124.75,6.48],[124.25,7.07],[124.05,6.5],[124.75,5.86],[125.25,6.17],[125.46,5.75]]}},{"type":"Feature","properties":{"level":1012},"geometry":{"type":"LineString","coordinates":[[47.0,6.23],[46.85,6.25],[47.0,6.23]]}},{"type":"Feature","properties":{"level":1012},"geometry":{"type":"LineString","coordinates":[[-148.5,6.31],[-148.97,6.75],[-148.89,7.0],[-148.19,6.75],[-148.11,6.5],[-148.5,6.31]]}},{"type":"Feature","properties":{"level":1012},"geometry":{"type":"LineString","coordinates":[[150.54,6.5],[151.0,6.33],[151.75,6.46],[151.77,6.75],[152.18,7.0],[151.5,7.24],[150.54,6.5]]}},{"type":"Feature","properties":{"level":1012},"geometry":{"type":"LineString","coordinates":[[121.93,7.0],[122.0,7.26],[121.93,7.0]]}},{"type":"Feature","properties":{"level":1012},"geometry":{"type":"LineString","coordinates":[[47.25,7.16],[47.25,7.32],[47.25,7.16]]}},{"type":"Feature","properties":{"level":1012},"geometry":{"type":"LineString","coordinates":[[-180.0,7.32],[-179.75,8.04],[-178.5,7.95],[-177.25,8.37],[-177.0,7.57],[-176.76,7.75],[-176.75,8.26],[-176.5,7.79],[-176.24,8.0],[-176.49,8.5],[-176.35,8.75],[-175.18,10.0],[-174.56,10.25],[-174.84,10.5],[-174.75,10.99],[-174.5,10.75],[-174.82,11.25],[-174.75,11.58],[-173.17,12.0],[-173.25,12.53],[-173.07,12.5],[-173.14,12.25],[-172.64,12.25],[-172.39,12.5],[-172.67,13.0],[-172.3,13.25],[-172.04,13.25],[-172.0,12.43],[-171.54,13.25],[-171.25,13.5],[-171.0,13.4],[-170.75,13.8],[-170.5,13.14],[-169.25,14.32],[-169.0,14.04],[-168.5,14.55],[-166.75,14.67],[-166.5,14.96],[-165.25,15.13],[-164.75,15.51],[-163.0,15.34],[-162.25,15.62],[-160.0,15.62],[-158.0,15.11],[-157.25,15.29],[-153.5,14.24],[-152.0,14.17],[-151.5,13.93],[-150.5,14.06],[-149.75,13.73],[-148.5,13.75],[-147.78,14.0],[-147.0,14.77],[-145.75,15.04],[-142.75,14.89],[-140.75,15.36],[-138.5,14.78],[-136.0,15.97],[-134.75,16.22],[-132.5,16.03],[-129.5,14.68],[-128.32,15.5],[-128.35,16.0],[-127.93,17.0],[-128.09,18.25],[-127.83,19.5],[-127.92,20.25],[-127.01,23.0],[-125.98,25.25],[-124.25,27.14],[-121.17,29.25],[-120.37,31.0],[-120.28,32.5],[-121.57,35.25],[-122.14,36.0],[-122.22,37.0],[-121.75,37.19],[-121.33,37.0],[-121.23,36.5],[-119.75,34.53],[-118.5,34.53],[-118.25,34.2],[-117.17,34.0],[-115.68,30.75],[-115.0,30.22],[-115.08,31.0],[-116.35,33.25],[-116.39,33.75],[-115.6,33.75],[-116.0,34.54],[-115.0,34.46],[-114.75,35.07],[-114.5,35.14],[-114.09,34.5],[-113.52,34.25],[-113.68,34.0],[-113.5,33.67],[-112.25,33.84],[-111.6,33.5],[-111.27,33.0],[-111.25,32.32],[-111.75,32.19],[-112.03,31.5],[-111.32,31.0],[-110.58,30.0],[-110.25,30.05],[-110.0,29.59],[-109.5,29.77],[-108.95,29.5],[-109.54,29.0],[-109.19,28.75],[-109.02,28.0],[-108.35,27.5],[-108.38,27.25],[-107.68,27.0],[-107.61,26.75],[-108.0,26.72],[-108.04,26.5],[-107.25,26.09],[-107.15,25.5],[-106.2,24.75],[-106.24,24.25],[-105.89,24.0],[-105.75,23.5],[-105.25,23.36],[-104.5,22.7],[-104.05,22.0],[-104.03,21.5],[-102.55,20.5],[-103.5,20.47],[-103.83,20.25],[-104.0,19.55],[-104.3,19.5],[-103.5,19.37],[-103.25,19.11],[-103.25,19.61],[-102.75,19.61],[-102.49,19.25],[-102.0,19.27],[-101.25,18.72],[-100.62,19.25],[-100.64,18.75],[-100.29,18.25],[-100.5,18.07],[-101.25,18.42],[-101.45,18.25],[-101.0,17.59],[-98.91,17.0],[-98.0,17.08],[-97.27,16.5],[-97.33,16.25],[-96.5,15.92],[-95.91,16.25],[-96.25,16.49],[-96.75,16.44],[-96.77,16.75],[-96.0,16.87],[-95.81,17.25],[-96.82,18.5],[-96.48,20.25],[-96.89,21.0],[-96.35,22.25],[-96.52,22.5],[-96.38,23.0],[-97.0,23.83],[-97.07,24.5],[-96.85,25.5],[-95.75,26.73],[-95.0,27.25],[-94.0,27.47],[-93.13,28.25],[-91.65,29.0],[-91.5,29.25],[-91.76,29.5],[-91.8,30.25],[-91.25,30.47],[-90.99,30.25],[-91.22,29.5],[-91.0,29.43],[-88.0,30.07],[-87.21,30.0],[-86.0,29.42],[-85.5,29.55],[-85.0,29.23],[-84.75,29.37],[-84.54,29.25],[-84.83,29.0],[-84.45,28.5],[-83.82,27.75],[-83.25,27.58],[-82.16,28.0],[-81.9,28.75],[-81.5,28.93],[-80.5,28.47],[-80.0,28.67],[-80.75,28.87],[-81.43,29.75],[-81.44,30.75],[-81.0,30.94],[-79.5,30.66],[-77.92,30.75],[-78.74,29.0],[-79.09,28.75],[-78.75,28.11],[-78.25,28.11],[-77.75,28.71],[-77.25,28.55],[-76.75,29.13],[-74.79,29.25],[-74.29,28.75],[-74.32,28.5],[-76.96,26.75],[-77.03,26.5],[-76.75,26.54],[-76.63,26.25],[-76.68,25.75],[-75.25,25.93],[-75.0,26.22],[-74.0,25.92],[-73.5,25.05],[-72.25,25.11],[-72.02,24.5],[-71.0,23.74],[-70.28,22.75],[-69.5,22.65],[-68.0,21.32],[-67.5,21.22],[-67.0,20.77],[-66.5,20.78],[-65.0,19.82],[-63.75,20.02],[-63.5,19.64],[-63.25,19.97],[-61.25,19.46],[-60.25,19.04],[-59.0,18.08],[-58.0,17.84],[-57.75,17.47],[-56.75,17.44],[-56.25,17.09],[-56.0,17.23],[-55.68,17.0],[-55.5,16.42],[-54.0,16.89],[-53.25,16.34],[-52.0,16.15],[-51.5,16.48],[-51.25,16.36],[-50.5,16.97],[-48.25,15.94],[-46.25,16.01],[-45.5,16.28],[-43.0,15.54],[-42.25,15.55],[-42.07,15.25],[-41.25,15.04],[-39.75,15.17],[-39.0,15.52],[-38.0,14.96],[-36.75,15.65],[-35.25,15.51],[-32.0,15.95],[-30.5,16.39],[-29.25,17.3],[-28.01,17.0],[-28.17,16.75],[-28.0,16.46],[-27.68,16.5],[-27.75,16.76],[-26.75,16.7],[-25.5,17.09],[-24.75,16.52],[-23.75,16.93],[-22.75,16.23],[-18.53,20.5],[-17.75,20.54],[-16.75,20.08],[-16.79,20.5],[-16.5,20.75],[-16.06,20.5],[-16.12,19.75],[-15.42,18.75],[-15.42,18.25],[-15.0,17.54],[-13.0,18.57],[-12.5,19.45],[-11.95,19.0],[-12.06,18.5],[-11.76,17.75],[-11.95,17.5],[-11.75,17.34],[-11.6,18.0],[-11.0,17.93],[-10.0,18.59],[-8.0,18.74],[-7.54,19.0],[-6.96,19.75],[-5.98,22.75],[-4.5,24.0],[-4.33,25.0],[-3.5,25.32],[-2.5,25.0],[-1.06,25.5],[-0.41,26.25],[-0.43,27.25],[-0.25,27.32],[0.25,26.84],[2.25,27.08],[3.25,26.94],[4.5,26.37],[3.88,25.5],[4.05,24.75],[3.2,23.5],[2.88,22.75],[3.0,22.25],[2.04,20.25],[2.25,19.43],[3.25,19.85],[6.5,20.04],[7.5,19.84],[8.5,19.0],[8.49,17.75],[8.75,17.42],[9.5,17.51],[11.26,19.75],[12.5,20.02],[13.0,19.78],[13.87,20.25],[14.5,21.13],[15.25,21.2],[16.0,21.05],[16.06,20.5],[15.73,20.0],[16.0,19.64],[16.25,19.82],[17.16,19.5],[17.23,19.0],[18.0,18.09],[21.5,18.61],[22.5,18.16],[22.69,18.0],[21.76,17.5],[22.75,16.37],[23.0,16.37],[24.75,17.33],[26.5,17.54],[27.92,18.25],[29.0,19.65],[31.32,21.25],[31.5,21.63],[32.0,21.87],[32.5,21.7],[32.25,22.64],[33.0,23.27],[34.75,22.17],[35.04,21.75],[34.82,21.0],[35.0,20.63],[35.25,20.7],[35.5,21.28],[36.0,21.11],[36.23,20.75],[36.32,19.0],[37.0,18.0],[37.24,18.75],[36.95,19.5],[36.99,21.0],[36.64,22.75],[36.25,23.28],[35.6,23.5],[35.59,24.0],[36.5,26.03],[37.0,26.17],[37.43,25.75],[37.33,25.25],[37.54,24.75],[38.25,24.43],[38.5,24.77],[39.33,23.0],[39.4,22.0],[39.86,21.0],[41.0,20.24],[41.75,19.29],[41.98,18.25],[43.0,17.24],[43.3,16.5],[43.27,15.25],[43.79,13.0],[44.25,12.7],[45.63,13.25],[46.48,13.25],[48.51,12.5],[48.75,11.99],[49.25,12.15],[50.05,11.75],[49.03,11.25],[47.5,11.15],[46.75,10.64],[46.0,10.68],[45.56,10.25],[44.5,10.23],[43.25,11.14],[43.09,11.75],[43.27,12.25],[43.0,12.45],[42.3,11.75],[42.34,11.0],[41.97,10.75],[42.23,10.0],[40.75,9.43],[40.0,8.86],[39.81,9.0],[40.19,11.25],[39.91,12.25],[40.09,13.0],[39.89,14.75],[38.95,15.75],[38.61,17.0],[38.0,17.8],[37.94,17.25],[38.21,17.0],[37.99,16.0],[38.52,15.25],[37.86,14.75],[37.75,14.11],[37.09,14.0],[37.08,13.25],[36.13,12.25],[36.07,11.5],[35.56,10.75],[36.03,9.5],[34.75,10.17],[34.25,9.0],[34.86,8.25],[34.98,6.0],[35.25,5.7],[36.0,6.42],[36.16,6.25],[36.83,4.25],[37.5,3.82],[37.61,3.25],[38.02,3.0],[37.75,2.13],[39.0,2.06],[39.56,0.75],[38.5,0.95],[37.0,2.42],[36.0,0.36],[35.71,1.25],[35.25,1.61],[34.5,1.48],[34.08,1.0],[34.18,0.0],[34.4,-0.25],[33.94,-1.75],[34.46,-2.0],[34.75,-2.71],[35.5,-2.81],[35.27,-3.25],[35.47,-3.5],[34.91,-4.25],[34.57,-5.5],[34.75,-5.86],[35.5,-5.51],[35.72,-6.75],[36.0,-6.71],[36.0,-7.0],[34.78,-8.0],[34.5,-8.53],[33.75,-8.78],[33.5,-8.45],[33.07,-9.0],[33.72,-11.0],[33.42,-13.0],[32.72,-13.75],[33.13,-14.0],[33.59,-15.25],[34.5,-15.68],[35.08,-14.5],[34.75,-14.57],[34.25,-13.71],[33.99,-12.5],[34.21,-10.75],[33.69,-10.0],[33.75,-9.39],[34.95,-10.5],[34.67,-11.0],[35.0,-11.64],[35.75,-10.99],[37.22,-11.5],[37.25,-11.92],[36.25,-12.27],[35.75,-12.02],[34.91,-12.75],[34.88,-13.25],[35.56,-15.0],[35.16,-15.25],[34.89,-16.0],[35.79,-16.75],[35.5,-17.05],[34.9,-17.0],[35.25,-17.57],[34.0,-17.4],[32.25,-16.24],[30.25,-16.48],[30.0,-16.7],[29.57,-16.5],[29.86,-17.75],[29.75,-18.27],[29.5,-18.47],[28.74,-18.25],[28.65,-18.5],[29.1,-18.75],[28.59,-19.25],[28.81,-19.5],[27.64,-20.5],[28.0,-20.97],[30.0,-21.72],[30.27,-22.5],[28.5,-22.82],[27.02,-24.0],[27.0,-24.62],[26.5,-24.73],[26.25,-24.35],[26.0,-24.61],[25.72,-24.5],[26.21,-24.0],[26.0,-23.7],[25.25,-23.7],[24.25,-24.3],[24.07,-24.5],[24.76,-25.5],[24.65,-26.0],[24.0,-26.35],[23.75,-26.98],[23.5,-26.97],[23.0,-27.63],[22.5,-27.19],[22.25,-27.46],[21.75,-27.4],[19.93,-26.0],[19.25,-25.86],[18.75,-26.18],[18.25,-25.3],[17.75,-25.23],[17.0,-24.55],[16.81,-24.25],[17.0,-24.0],[16.89,-23.25],[17.32,-22.75],[17.36,-22.25],[17.25,-22.1],[17.0,-22.35],[16.46,-22.25],[16.73,-21.75],[16.18,-21.25],[16.25,-20.95],[15.5,-20.69],[15.55,-20.0],[15.13,-19.5],[14.25,-19.22],[14.0,-18.27],[13.25,-18.05],[13.34,-17.75],[13.0,-17.37],[12.5,-17.72],[12.25,-17.37],[12.25,-17.13],[12.5,-17.13],[14.29,-15.5],[14.3,-15.25],[13.92,-15.0],[14.0,-14.73],[12.89,-14.5],[13.41,-14.0],[13.19,-13.5],[13.9,-13.25],[14.0,-12.97],[14.5,-13.14],[14.39,-13.5],[14.0,-13.35],[13.95,-13.5],[14.25,-14.06],[15.25,-12.94],[16.0,-13.19],[16.5,-12.68],[17.07,-12.5],[17.33,-12.0],[17.07,-11.25],[16.75,-11.26],[16.6,-11.0],[16.5,-10.46],[15.75,-10.37],[15.0,-9.95],[14.5,-10.15],[14.12,-10.0],[13.63,-9.0],[14.09,-8.5],[14.0,-8.04],[13.45,-7.75],[13.38,-7.25],[12.75,-6.38],[12.5,-6.16],[12.0,-6.29],[11.25,-5.14],[10.46,-4.5],[10.5,-4.19],[11.69,-3.75],[10.84,-3.0],[10.75,-2.16],[9.5,-1.95],[8.92,-2.25],[8.75,-2.94],[8.25,-3.2],[7.0,-2.54],[6.25,-2.89],[5.04,-2.25],[4.5,-1.68],[2.82,-1.25],[2.38,-0.75],[2.66,-0.5],[2.25,-0.01],[2.0,-0.66],[1.5,-0.43],[0.5,-0.78],[-0.5,-0.04],[-1.25,0.06],[-1.75,-0.23],[-2.5,0.03],[-3.25,-0.23],[-4.0,0.1],[-4.5,-0.59],[-5.25,-0.66],[-6.25,-1.14],[-8.25,-0.99],[-9.0,-1.26],[-9.5,-0.99],[-10.25,-1.04],[-11.0,-0.4],[-11.29,-0.5],[-11.6,-1.75],[-12.11,-2.25],[-12.16,-3.25],[-14.25,-4.4],[-15.0,-4.43],[-15.25,-5.35],[-15.75,-5.79],[-17.25,-5.62],[-18.0,-5.86],[-20.0,-5.84],[-20.75,-5.66],[-22.75,-6.01],[-24.25,-5.72],[-26.25,-6.08],[-26.75,-5.85],[-27.75,-6.04],[-28.5,-5.9],[-30.5,-6.34],[-31.25,-6.08],[-35.0,-5.81],[-35.22,-6.25],[-35.19,-7.25],[-36.83,-9.0],[-36.99,-10.0],[-37.75,-10.07],[-38.5,-9.64],[-38.84,-10.0],[-38.87,-10.5],[-38.5,-11.01],[-39.5,-11.25],[-39.5,-11.6],[-39.5,-11.25],[-39.88,-11.25],[-40.0,-11.49],[-39.69,-12.5],[-40.3,-13.25],[-40.25,-13.53],[-39.82,-13.75],[-40.81,-14.75],[-40.0,-15.07],[-39.68,-15.5],[-39.79,-18.0],[-40.18,-18.25],[-40.25,-19.07],[-40.75,-19.09],[-40.93,-18.5],[-41.21,-18.5],[-41.0,-19.25],[-40.75,-19.43],[-40.25,-19.32],[-40.25,-19.78],[-40.5,-19.52],[-41.25,-19.52],[-41.5,-19.16],[-42.48,-19.5],[-42.51,-20.0],[-42.5,-18.65],[-42.74,-18.75],[-42.59,-19.0],[-43.25,-19.55],[-43.5,-19.2],[-43.58,-19.5],[-43.35,-19.75],[-45.25,-20.84],[-45.72,-20.5],[-45.62,-20.25],[-46.0,-20.28],[-46.19,-20.0],[-46.25,-18.97],[-48.0,-18.0],[-48.25,-17.42],[-48.75,-17.19],[-49.0,-17.51],[-49.25,-17.28],[-49.38,-17.75],[-48.71,-19.0],[-49.0,-19.13],[-50.0,-18.8],[-50.0,-19.5],[-48.79,-21.5],[-48.92,-21.75],[-48.0,-22.71],[-46.75,-23.02],[-46.52,-23.5],[-47.94,-23.25],[-49.75,-22.01],[-50.46,-22.5],[-49.85,-22.75],[-49.75,-23.08],[-50.0,-23.37],[-50.5,-23.16],[-51.0,-23.44],[-51.5,-23.28],[-51.56,-24.0],[-51.24,-24.25],[-51.02,-25.0],[-51.41,-25.0],[-51.75,-24.38],[-52.0,-24.75],[-51.3,-25.5],[-51.18,-26.5],[-50.7,-27.0],[-52.04,-28.0],[-52.56,-28.75],[-51.75,-28.89],[-51.89,-29.5],[-52.25,-29.16],[-52.5,-29.77],[-54.0,-30.13],[-54.75,-31.78],[-55.0,-31.96],[-55.25,-31.4],[-55.7,-32.5],[-57.0,-33.56],[-57.08,-33.0],[-56.75,-32.45],[-57.25,-32.54],[-58.0,-33.12],[-58.78,-33.25],[-60.11,-35.0],[-60.75,-35.31],[-61.43,-36.75],[-62.5,-37.5],[-63.0,-38.18],[-64.25,-38.26],[-64.5,-37.83],[-65.5,-38.67],[-67.75,-38.57],[-69.0,-37.66],[-69.07,-37.0],[-69.5,-36.93],[-69.75,-37.45],[-71.13,-37.5],[-72.5,-40.16],[-73.25,-40.15],[-74.0,-41.0],[-77.25,-40.7],[-80.0,-39.61],[-81.43,-38.5],[-83.25,-36.58],[-83.69,-35.25],[-83.38,-33.0],[-82.03,-30.5],[-81.5,-30.02],[-80.25,-29.6],[-77.5,-29.76],[-75.25,-30.5],[-74.5,-30.39],[-73.0,-31.39],[-71.31,-33.5],[-71.78,-34.0],[-71.22,-35.0],[-71.47,-35.75],[-71.43,-37.0],[-70.75,-37.06],[-70.58,-34.75],[-70.04,-33.75],[-70.23,-33.25],[-69.94,-30.75],[-69.29,-28.75],[-68.35,-27.75],[-67.9,-26.75],[-68.37,-25.75],[-67.76,-25.5],[-68.17,-24.75],[-67.29,-24.0],[-67.25,-22.98],[-66.95,-23.0],[-67.0,-22.47],[-67.75,-21.64],[-68.31,-21.5],[-69.05,-18.0],[-69.5,-17.73],[-70.36,-16.5],[-71.41,-16.0],[-71.95,-15.0],[-72.75,-14.45],[-73.39,-14.75],[-72.89,-15.25],[-72.75,-15.9],[-72.25,-15.62],[-72.1,-15.75],[-72.32,-16.0],[-71.25,-16.73],[-70.77,-16.75],[-70.93,-17.0],[-70.75,-17.35],[-70.24,-17.5],[-70.25,-18.13],[-70.75,-18.03],[-71.5,-17.09],[-73.75,-16.06],[-74.0,-15.48],[-75.0,-15.37],[-76.0,-14.5],[-76.66,-14.25],[-77.02,-13.25],[-76.5,-12.47],[-76.19,-13.25],[-75.59,-13.5],[-75.49,-14.0],[-74.75,-14.87],[-74.32,-14.75],[-75.02,-13.5],[-74.84,-13.25],[-75.8,-12.5],[-76.34,-11.25],[-76.0,-11.12],[-75.0,-12.16],[-74.43,-11.75],[-75.0,-11.12],[-75.25,-11.29],[-75.75,-9.56],[-76.0,-9.61],[-76.36,-9.25],[-76.44,-8.75],[-77.75,-6.56],[-77.88,-7.0],[-76.93,-9.25],[-77.44,-9.0],[-78.0,-7.84],[-78.66,-8.0],[-78.5,-8.42],[-78.01,-8.75],[-78.19,-9.25],[-77.43,-11.0],[-76.97,-11.5],[-76.82,-12.0],[-77.0,-12.05],[-77.45,-11.5],[-79.89,-10.5],[-82.5,-7.43],[-86.75,-5.15],[-87.36,-4.0],[-87.5,-3.0],[-88.25,-2.21],[-89.0,-2.23],[-89.5,-1.82],[-90.0,-1.86],[-90.75,-1.48],[-91.5,-1.74],[-91.55,-2.0],[-92.0,-2.22],[-92.5,-2.02],[-94.25,-2.09],[-95.25,-1.81],[-99.0,-1.82],[-102.0,-1.11],[-102.28,-1.0],[-102.25,-0.57],[-103.8,-0.25],[-103.97,0.0],[-103.78,1.25],[-104.5,2.08],[-105.0,2.13],[-105.25,1.88],[-106.48,3.0],[-107.0,2.91],[-107.25,3.32],[-108.0,3.55],[-108.75,3.55],[-109.0,3.1],[-109.5,2.97],[-110.25,3.14],[-111.0,3.66],[-111.5,3.17],[-112.25,3.58],[-113.5,3.38],[-114.25,2.99],[-114.75,3.2],[-115.32,3.0],[-115.25,2.48],[-116.0,2.31],[-116.56,1.75],[-118.5,0.88],[-119.75,1.21],[-120.5,1.1],[-120.8,1.5],[-121.06,2.75],[-120.77,3.0],[-120.89,4.0],[-121.5,4.34],[-122.25,3.54],[-122.64,4.25],[-122.31,5.0],[-122.5,5.23],[-123.1,5.25],[-123.75,4.55],[-124.0,4.87],[-124.5,4.72],[-124.75,4.95],[-124.39,5.5],[-124.5,6.07],[-126.0,5.78],[-126.5,6.17],[-127.75,6.02],[-128.0,6.19],[-128.66,5.5],[-128.47,4.75],[-127.92,4.0],[-128.04,3.75],[-127.77,3.0],[-128.25,2.63],[-128.5,2.8],[-129.0,1.88],[-129.5,1.74],[-130.0,1.01],[-131.1,0.75],[-131.39,0.25],[-131.27,-0.5],[-132.0,-0.87],[-131.78,-1.75],[-132.49,-3.0],[-133.11,-3.25],[-133.5,-3.9],[-134.79,-4.5],[-136.75,-5.27],[-137.5,-5.21],[-139.5,-5.76],[-140.25,-5.5],[-140.75,-5.82],[-141.93,-6.0],[-142.25,-6.38],[-144.0,-5.45],[-144.25,-5.44],[-144.75,-6.16],[-145.25,-5.88],[-146.5,-5.79],[-147.6,-6.5],[-147.49,-7.0],[-148.5,-7.43],[-149.75,-7.51],[-150.0,-7.21],[-151.25,-6.92],[-151.5,-6.41],[-153.75,-6.76],[-154.0,-6.43],[-154.25,-6.83],[-154.75,-6.59],[-154.85,-7.25],[-155.25,-7.54],[-156.75,-7.16],[-158.25,-8.08],[-159.0,-8.04],[-160.92,-7.5],[-161.83,-6.75],[-161.62,-6.25],[-162.25,-5.77],[-162.82,-5.75],[-163.0,-5.35],[-163.5,-5.61],[-163.68,-5.5],[-164.23,-4.5],[-164.01,-4.0],[-164.27,-3.75],[-164.28,-3.25],[-164.05,-3.0],[-164.5,-2.71],[-164.75,-3.11],[-165.21,-3.0],[-164.19,-2.0],[-164.49,-1.5],[-163.5,-1.22],[-163.25,-0.57],[-162.75,-0.22],[-161.65,0.0],[-161.38,0.5],[-161.5,1.2],[-161.0,0.8],[-160.41,1.25],[-161.24,2.25],[-162.0,2.02],[-162.75,2.44],[-162.75,3.65],[-163.5,3.37],[-164.0,3.68],[-164.55,3.5],[-164.63,3.25],[-164.37,3.0],[-164.76,2.5],[-163.79,1.5],[-164.5,0.26],[-165.43,0.0],[-165.75,0.89],[-166.25,0.73],[-166.36,1.25],[-166.75,1.39],[-167.5,0.83],[-168.0,-0.11],[-168.75,-0.04],[-169.25,-0.33],[-171.23,0.0],[-171.5,0.29],[-172.0,0.1],[-172.33,0.5],[-172.47,1.25],[-173.5,1.85],[-174.25,1.67],[-174.49,2.5],[-176.25,2.93],[-176.75,3.26],[-177.22,4.25],[-177.84,4.5],[-177.67,5.0],[-178.0,5.19],[-178.75,5.32],[-180.0,4.57]]}},{"type":"Feature","properties":{"level":1012},"geometry":{"type":"LineString","coordinates":[[21.73,7.75],[22.25,7.87],[22.5,8.41],[22.75,8.17],[23.25,8.3],[23.25,8.81],[23.0,8.66],[22.75,8.95],[22.5,8.62],[22.0,8.51],[21.65,8.25],[21.73,7.75]]}},{"type":"Feature","properties":{"level":1012},"geometry":{"type":"LineString","coordinates":[[-72.08,8.0],[-71.0,8.17],[-70.33,9.0],[-70.5,9.25],[-71.0,9.12],[-71.4,8.75],[-71.29,8.5],[-72.08,8.0]]}},{"type":"Feature","properties":{"level":1012},"geometry":{"type":"LineString","coordinates":[[108.75,8.14],[108.75,8.37],[108.75,8.14]]}},{"type":"Feature","properties":{"level":1012},"geometry":{"type":"LineString","coordinates":[[47.75,8.48],[46.88,9.0],[46.94,9.25],[48.25,8.84],[48.4,8.5],[47.75,8.48]]}},{"type":"Feature","properties":{"level":1012},"geometry":{"type":"LineString","coordinates":[[-82.59,8.75],[-82.39,8.75],[-82.75,9.33],[-83.75,10.07],[-84.15,10.0],[-83.97,9.5],[-82.59,8.75]]}},{"type":"Feature","properties":{"level":1012},"geometry":{"type":"LineString","coordinates":[[104.83,8.75],[105.0,8.53],[105.34,8.75],[104.83,8.75]]}},{"type":"Feature","properties":{"level":1012},"geometry":{"type":"LineString","coordinates":[[117.59,8.75],[117.86,9.0],[117.59,8.75]]}},{"type":"Feature","properties":{"level":1012},"geometry":{"type":"LineString","coordinates":[[109.0,8.94],[109.0,9.35],[109.15,9.0],[109.0,8.94]]}},{"type":"Feature","properties":{"level":1012},"geometry":{"type":"LineString","coordinates":[[122.95,9.25],[123.12,9.25],[123.0,10.08],[122.95,9.25]]}},{"type":"Feature","properties":{"level":1012},"geometry":{"type":"LineString","coordinates":[[118.18,9.5],[118.25,9.25],[118.38,9.5],[118.18,9.5]]}},{"type":"Feature","properties":{"level":1012},"geometry":{"type":"LineString","coordinates":[[-12.27,10.75],[-11.96,11.5],[-12.25,12.09],[-12.68,11.25],[-12.27,10.75]]}},{"type":"Feature","properties":{"level":1012},"geometry":{"type":"LineString","coordinates":[[-172.42,11.5],[-172.0,11.42],[-171.4,12.0],[-171.5,12.29],[-172.0,12.2],[-172.42,11.5]]}},{"type":"Feature","properties":{"level":1012},"geometry":{"type":"LineString","coordinates":[[50.5,11.98],[51.02,12.0],[50.5,11.98]]}},{"type":"Feature","properties":{"level":1012},"geometry":{"type":"LineString","coordinates":[[109.75,12.17],[109.75,12.34],[109.92,12.25],[109.75,12.17]]}},{"type":"Feature","properties":{"level":1012},"geometry":{"type":"LineString","coordinates":[[-173.0,12.52],[-173.0,12.8],[-173.0,12.52]]}},{"type":"Feature","properties":{"level":1012},"geometry":{"type":"LineString","coordinates":[[-7.56,14.25],[-7.5,14.41],[-7.56,14.25]]}},{"type":"Feature","properties":{"level":1012},"geometry":{"type":"LineString","coordinates":[[-91.17,14.5],[-90.07,14.5],[-90.5,14.52],[-91.5,15.25],[-91.04,15.5],[-91.5,16.07],[-92.0,15.6],[-92.92,15.75],[-91.75,14.69],[-91.17,14.5]]}},{"type":"Feature","properties":{"level":1012},"geometry":{"type":"LineString","coordinates":[[-24.44,15.0],[-24.25,14.79],[-24.08,15.0],[-24.25,15.18],[-24.44,15.0]]}},{"type":"Feature","properties":{"level":1012},"geometry":{"type":"LineString","coordinates":[[108.75,15.24],[108.65,15.5],[109.0,15.8],[109.2,15.25],[109.0,15.03],[108.75,15.24]]}},{"type":"Feature","properties":{"level":1012},"geometry":{"type":"LineString","coordinates":[[175.75,15.03],[175.51,15.25],[175.75,15.45],[175.96,15.25],[175.75,15.03]]}},{"type":"Feature","properties":{"level":1012},"geometry":{"type":"LineString","coordinates":[[45.75,15.47],[45.55,15.75],[46.5,16.31],[47.93,15.75],[46.25,15.88],[46.0,15.45],[45.75,15.47]]}},{"type":"Feature","properties":{"level":1012},"geometry":{"type":"LineString","coordinates":[[-92.29,16.25],[-92.08,16.5],[-92.25,17.1],[-93.1,17.25],[-92.29,16.25]]}},{"type":"Feature","properties":{"level":1012},"geometry":{"type":"LineString","coordinates":[[107.75,16.14],[107.75,16.6],[107.75,16.14]]}},{"type":"Feature","properties":{"level":1012},"geometry":{"type":"LineString","coordinates":[[-23.25,16.99],[-23.47,17.25],[-23.25,17.34],[-22.98,17.0],[-23.25,16.99]]}},{"type":"Feature","properties":{"level":1012},"geometry":{"type":"LineString","coordinates":[[46.0,17.12],[46.0,17.33],[46.97,18.0],[47.36,19.25],[46.84,20.5],[47.42,21.0],[47.38,21.75],[47.68,22.0],[48.45,24.25],[48.75,23.89],[49.25,23.81],[49.5,23.88],[49.72,24.5],[49.38,25.75],[48.86,26.0],[48.0,27.29],[47.5,27.73],[47.25,27.14],[46.24,27.75],[46.33,28.25],[46.75,28.35],[46.5,28.71],[46.0,28.8],[45.88,28.25],[45.25,27.66],[44.0,28.49],[43.25,28.33],[43.0,28.6],[42.5,27.71],[41.31,28.0],[41.75,28.85],[42.21,29.0],[41.76,30.5],[43.3,31.0],[43.62,32.75],[44.75,34.55],[45.34,34.5],[45.71,33.75],[46.75,32.88],[49.15,32.25],[49.9,31.0],[51.33,29.5],[51.38,28.75],[51.86,28.0],[53.0,27.23],[54.75,26.92],[55.75,27.52],[56.89,27.5],[57.47,27.25],[57.42,26.5],[57.75,26.14],[59.25,26.27],[60.0,26.04],[63.0,26.05],[63.61,25.25],[63.41,25.0],[63.34,23.75],[62.33,22.75],[62.5,22.03],[61.5,22.07],[60.0,21.34],[59.75,21.32],[59.25,22.9],[58.5,23.34],[57.3,23.5],[56.19,24.75],[56.12,24.0],[56.75,23.34],[56.85,22.75],[58.0,21.92],[58.5,20.83],[59.01,20.75],[58.65,20.0],[57.9,19.25],[57.25,19.56],[57.0,19.34],[56.75,18.44],[56.25,18.54],[54.75,17.62],[54.25,17.73],[53.5,17.48],[50.75,17.73],[47.25,17.45],[47.0,17.2],[46.0,17.12]]}},{"type":"Feature","properties":{"level":1012},"geometry":{"type":"LineString","coordinates":[[-98.5,17.46],[-98.75,17.74],[-100.1,18.0],[-99.63,18.25],[-99.5,18.76],[-97.75,19.01],[-97.61,17.75],[-98.5,17.46]]}},{"type":"Feature","properties":{"level":1012},"geometry":{"type":"LineString","coordinates":[[55.5,17.3],[55.31,17.5],[55.5,17.84],[55.75,17.5],[55.5,17.3]]}},{"type":"Feature","properties":{"level":1012},"geometry":{"type":"LineString","coordinates":[[-71.52,18.0],[-71.36,18.25],[-72.0,18.51],[-73.0,18.25],[-71.52,18.0]]}},{"type":"Feature","properties":{"level":1012},"geometry":{"type":"LineString","coordinates":[[-74.06,18.25],[-73.85,18.5],[-74.25,18.57],[-74.06,18.25]]}},{"type":"Feature","properties":{"level":1012},"geometry":{"type":"LineString","coordinates":[[-70.67,18.5],[-70.4,18.5],[-70.34,18.75],[-71.0,19.3],[-71.63,19.25],[-71.5,19.0],[-71.89,18.75],[-71.03,18.75],[-70.67,18.5]]}},{"type":"Feature","properties":{"level":1012},"geometry":{"type":"LineString","coordinates":[[-15.0,18.45],[-15.0,18.62],[-15.0,18.45]]}},{"type":"Feature","properties":{"level":1012},"geometry":{"type":"LineString","coordinates":[[-16.49,19.0],[-16.25,18.8],[-16.16,19.0],[-16.5,19.32],[-16.69,19.25],[-16.49,19.0]]}},{"type":"Feature","properties":{"level":1012},"geometry":{"type":"LineString","coordinates":[[-11.5,19.07],[-11.5,19.33],[-11.5,19.07]]}},{"type":"Feature","properties":{"level":1012},"geometry":{"type":"LineString","coordinates":[[-76.97,20.0],[-76.23,20.0],[-76.97,20.0]]}},{"type":"Feature","properties":{"level":1012},"geometry":{"type":"LineString","coordinates":[[32.66,22.5],[32.75,22.34],[32.66,22.5]]}},{"type":"Feature","properties":{"level":1012},"geometry":{"type":"LineString","coordinates":[[39.5,24.45],[39.3,24.5],[40.32,24.5],[39.5,24.45]]}},{"type":"Feature","properties":{"level":1012},"geometry":{"type":"LineString","coordinates":[[38.25,25.25],[37.94,25.75],[38.0,26.28],[38.81,25.75],[38.78,25.25],[38.25,25.25]]}},{"type":"Feature","properties":{"level":1012},"geometry":{"type":"LineString","coordinates":[[68.5,25.47],[68.0,25.57],[67.25,26.19],[66.89,27.25],[67.5,29.89],[68.0,30.03],[68.74,29.75],[69.18,29.5],[69.25,29.2],[70.0,29.89],[70.08,31.5],[70.0,31.78],[69.48,32.0],[70.09,32.5],[70.25,33.36],[71.26,33.75],[71.2,34.0],[70.04,34.5],[70.25,34.64],[72.24,34.5],[74.0,33.17],[75.69,32.25],[77.37,29.75],[77.75,28.74],[79.54,26.75],[79.5,26.45],[78.75,25.78],[76.75,27.18],[76.5,27.82],[75.75,28.2],[75.0,28.19],[72.98,27.75],[70.75,26.81],[70.0,26.1],[68.5,25.47]]}},{"type":"Feature","properties":{"level":1012},"geometry":{"type":"LineString","coordinates":[[58.75,26.97],[57.84,27.5],[57.75,28.37],[60.83,27.25],[60.5,27.03],[58.75,26.97]]}},{"type":"Feature","properties":{"level":1012},"geometry":{"type":"LineString","coordinates":[[-77.79,27.25],[-77.5,27.03],[-77.34,27.25],[-77.79,27.25]]}},{"type":"Feature","properties":{"level":1012},"geometry":{"type":"LineString","coordinates":[[35.75,27.13],[35.59,27.25],[35.75,27.13]]}},{"type":"Feature","properties":{"level":1012},"geometry":{"type":"LineString","coordinates":[[35.25,27.43],[34.98,27.75],[35.0,28.26],[35.5,27.74],[35.5,27.29],[35.25,27.43]]}},{"type":"Feature","properties":{"level":1012},"geometry":{"type":"LineString","coordinates":[[130.75,29.32],[130.45,29.75],[130.47,30.0],[130.75,30.09],[131.0,29.5],[130.75,29.32]]}},{"type":"Feature","properties":{"level":1012},"geometry":{"type":"LineString","coordinates":[[58.75,29.71],[58.25,29.95],[58.38,30.5],[58.08,30.75],[58.25,30.91],[59.06,30.0],[59.0,29.62],[58.75,29.71]]}},{"type":"Feature","properties":{"level":1012},"geometry":{"type":"LineString","coordinates":[[82.75,32.48],[81.81,33.0],[82.5,33.24],[83.31,33.0],[82.75,32.48]]}},{"type":"Feature","properties":{"level":1012},"geometry":{"type":"LineString","coordinates":[[-119.25,35.16],[-120.08,35.75],[-120.36,36.5],[-121.6,38.0],[-121.53,39.25],[-120.25,37.5],[-119.0,36.4],[-118.84,35.25],[-119.25,35.16]]}},{"type":"Feature","properties":{"level":1012},"geometry":{"type":"LineString","coordinates":[[-116.5,35.69],[-116.66,35.75],[-116.18,35.75],[-116.25,35.56],[-116.5,35.69]]}},{"type":"Feature","properties":{"level":1012},"geometry":{"type":"LineString","coordinates":[[-116.75,35.87],[-116.75,36.22],[-116.75,35.87]]}},{"type":"Feature","properties":{"level":1012},"geometry":{"type":"LineString","coordinates":[[-102.5,36.66],[-103.22,37.0],[-102.82,37.5],[-103.0,37.67],[-104.0,37.78],[-104.76,38.25],[-103.83,39.0],[-103.7,39.5],[-105.16,40.0],[-105.18,40.75],[-104.5,41.25],[-104.76,41.75],[-105.22,42.0],[-105.25,42.67],[-105.6,42.75],[-105.25,43.1],[-104.75,42.42],[-102.7,41.75],[-102.01,42.25],[-102.35,42.75],[-101.76,43.25],[-101.8,43.5],[-102.38,43.75],[-100.75,44.3],[-99.97,45.0],[-99.36,46.75],[-99.98,47.25],[-99.75,47.5],[-100.25,48.26],[-102.11,49.25],[-102.68,50.0],[-104.38,51.25],[-107.78,52.5],[-108.63,53.25],[-113.55,54.75],[-114.25,55.15],[-115.0,54.88],[-115.25,55.25],[-114.75,55.35],[-114.75,55.55],[-116.0,55.42],[-119.0,55.7],[-119.75,56.01],[-122.0,56.0],[-122.9,56.5],[-124.75,58.5],[-126.75,59.13],[-128.25,59.09],[-131.0,59.71],[-132.5,59.24],[-133.25,59.59],[-134.25,58.94],[-135.12,59.25],[-135.25,58.92],[-134.96,58.75],[-135.5,58.04],[-136.03,57.75],[-136.05,57.25],[-136.42,56.75],[-140.26,54.5],[-149.0,51.53],[-154.75,50.37],[-156.0,51.09],[-158.28,51.75],[-161.12,53.25],[-165.0,56.8],[-165.69,57.75],[-166.11,59.75],[-167.99,63.5],[-168.0,64.56],[-167.45,65.25],[-164.48,65.75],[-167.01,66.0],[-166.5,66.83],[-164.28,67.5],[-163.25,67.22],[-162.5,67.56],[-160.25,67.34],[-158.0,67.61],[-156.0,67.31],[-154.0,67.34],[-147.75,68.21],[-145.5,68.99],[-145.0,68.88],[-144.25,69.11],[-143.0,68.67],[-135.74,69.0],[-131.07,70.25],[-127.35,72.75],[-127.04,73.5],[-128.16,74.5],[-130.75,75.45],[-134.7,76.5],[-136.09,77.5],[-135.81,78.0],[-134.25,78.61],[-128.25,79.19],[-121.75,79.1],[-113.67,78.25],[-110.15,77.25],[-109.12,76.0],[-109.24,75.75],[-108.99,75.25],[-109.17,75.0],[-107.96,73.25],[-108.25,72.82],[-109.01,72.5],[-109.79,71.75],[-109.25,71.57],[-107.75,71.83],[-105.5,71.14],[-102.0,70.55],[-97.25,69.26],[-95.25,68.48],[-94.59,68.0],[-94.44,67.5],[-92.91,66.0],[-87.71,63.5],[-86.14,62.25],[-84.99,60.75],[-83.57,57.75],[-82.87,55.25],[-83.1,52.75],[-82.89,49.75],[-83.31,49.25],[-83.79,47.25],[-84.5,46.94],[-85.75,45.04],[-87.0,44.57],[-88.0,43.86],[-92.25,42.53],[-93.72,41.5],[-94.95,41.25],[-97.48,38.75],[-99.59,37.5],[-99.7,37.0],[-101.5,36.51],[-102.5,36.66]]}},{"type":"Feature","properties":{"level":1012},"geometry":{"type":"LineString","coordinates":[[79.25,37.22],[78.59,38.0],[78.75,38.23],[80.03,38.5],[80.24,38.0],[79.83,37.75],[79.9,37.25],[79.25,37.22]]}},{"type":"Feature","properties":{"level":1012},"geometry":{"type":"LineString","coordinates":[[102.75,37.73],[101.75,38.84],[102.25,39.0],[103.31,38.75],[103.88,38.0],[103.75,37.67],[102.75,37.73]]}},{"type":"Feature","properties":{"level":1012},"geometry":{"type":"LineString","coordinates":[[100.5,38.69],[99.06,39.75],[99.23,40.0],[98.89,40.25],[99.5,40.24],[100.5,40.99],[101.25,41.0],[101.75,40.26],[102.25,40.14],[102.57,39.75],[102.25,39.64],[102.0,39.04],[100.5,38.69]]}},{"type":"Feature","properties":{"level":1012},"geometry":{"type":"LineString","coordinates":[[-57.98,40.5],[-57.45,40.5],[-57.75,40.78],[-57.98,40.5]]}},{"type":"Feature","properties":{"level":1012},"geometry":{"type":"LineString","coordinates":[[-103.75,42.98],[-104.75,43.25],[-104.73,43.5],[-104.25,43.85],[-103.54,43.25],[-103.75,42.98]]}},{"type":"Feature","properties":{"level":1012},"geometry":{"type":"LineString","coordinates":[[103.0,44.74],[101.85,45.0],[101.67,45.25],[103.25,45.76],[103.25,45.2],[103.75,45.54],[104.1,45.5],[103.44,44.75],[103.0,44.74]]}},{"type":"Feature","properties":{"level":1012},"geometry":{"type":"LineString","coordinates":[[100.25,45.25],[99.75,45.58],[99.0,45.5],[98.96,45.75],[99.5,45.99],[101.25,45.25],[101.0,45.02],[100.25,45.25]]}},{"type":"Feature","properties":{"level":1012},"geometry":{"type":"LineString","coordinates":[[-2.75,45.75],[-3.5,46.0],[-3.81,46.5],[-3.56,47.25],[-3.19,47.5],[-2.0,47.76],[-1.75,47.53],[-0.5,47.51],[-0.28,47.25],[-0.38,47.0],[-1.02,47.0],[-1.5,46.0],[-2.75,45.75]]}},{"type":"Feature","properties":{"level":1012},"geometry":{"type":"LineString","coordinates":[[180.0,74.51],[179.66,73.5],[179.23,73.0],[177.75,72.31],[175.75,71.85],[171.0,71.01],[155.0,69.21],[151.0,69.31],[150.0,69.65],[146.5,69.95],[141.55,71.0],[139.25,71.2],[133.5,71.3],[129.25,70.91],[127.5,71.27],[123.31,70.75],[122.0,70.35],[115.75,70.05],[111.25,70.32],[108.25,71.1],[95.75,72.29],[93.5,72.41],[88.72,72.0],[85.89,71.25],[83.86,70.25],[83.18,69.5],[82.63,68.25],[82.66,67.75],[83.26,67.5],[83.33,67.0],[81.89,64.75],[82.75,63.4],[86.25,62.23],[89.06,60.5],[89.67,59.0],[89.46,58.25],[89.78,57.25],[88.75,56.3],[87.5,56.27],[86.75,55.71],[85.75,55.62],[85.25,55.19],[83.0,54.27],[79.25,53.76],[76.13,54.0],[71.75,55.36],[71.0,54.96],[70.0,55.07],[68.5,55.9],[67.0,56.26],[63.5,57.85],[59.75,58.5],[59.82,58.75],[59.2,59.25],[59.0,59.98],[58.0,58.68],[51.75,56.44],[49.53,55.25],[47.95,54.75],[39.5,54.08],[36.0,54.49],[32.0,55.67],[29.25,56.13],[25.5,57.44],[22.25,57.65],[19.75,57.38],[14.75,58.39],[9.75,58.39],[8.92,58.75],[8.22,59.75],[8.75,59.89],[8.82,60.25],[8.17,60.5],[7.5,61.31],[7.25,61.09],[6.5,61.42],[4.0,60.37],[-1.0,60.01],[-6.25,60.04],[-10.25,60.34],[-13.25,59.96],[-17.0,59.83],[-27.5,60.47],[-33.5,60.41],[-35.25,60.5],[-36.0,60.77],[-38.0,60.58],[-40.96,59.25],[-41.58,58.25],[-39.43,55.25],[-38.71,53.25],[-39.25,51.22],[-40.75,49.03],[-48.83,40.0],[-53.0,37.95],[-57.25,36.76],[-58.6,37.75],[-58.35,39.0],[-58.75,39.08],[-59.07,40.0],[-59.91,40.75],[-63.5,42.3],[-69.35,44.0],[-69.72,44.75],[-70.35,45.0],[-70.19,45.25],[-70.5,45.3],[-70.75,46.07],[-72.21,47.0],[-73.5,49.11],[-75.56,51.75],[-77.5,53.75],[-77.9,54.75],[-77.5,55.83],[-76.5,57.16],[-76.06,57.25],[-76.3,57.5],[-75.75,57.54],[-74.72,58.25],[-72.0,59.38],[-67.25,61.06],[-60.25,62.21],[-53.25,62.4],[-52.78,63.0],[-52.82,63.5],[-51.75,64.02],[-50.25,63.35],[-49.4,63.25],[-49.51,62.75],[-48.75,62.73],[-47.89,62.0],[-48.31,61.75],[-47.45,61.25],[-45.0,61.35],[-44.0,60.75],[-42.48,61.75],[-42.74,62.75],[-41.11,64.0],[-41.73,64.25],[-41.73,64.5],[-41.14,64.75],[-41.19,65.25],[-38.5,65.85],[-38.0,66.57],[-35.75,66.75],[-32.75,67.86],[-32.0,68.35],[-24.75,68.67],[-23.0,69.08],[-21.0,68.52],[-19.25,68.71],[-18.5,69.42],[-18.53,71.0],[-17.46,73.0],[-17.07,74.75],[-15.69,77.75],[-15.9,79.5],[-16.82,79.5],[-16.24,80.0],[-16.53,80.25],[-15.75,80.28],[-15.0,80.67],[-14.25,80.57],[-13.76,81.0],[-15.0,81.04],[-15.25,80.78],[-15.51,81.0],[-15.0,81.3],[-12.51,81.75],[-14.55,83.25],[-17.56,86.0],[-17.71,86.5],[-17.54,87.0],[-16.25,87.67],[-14.27,88.25],[-8.25,89.0],[9.75,89.59],[53.0,89.79],[118.75,89.69],[143.5,89.18],[147.0,88.79],[148.75,88.21],[149.2,87.75],[150.01,86.0],[150.28,84.5],[150.86,83.5],[152.54,82.0],[155.25,80.77],[161.5,79.45],[176.25,77.91],[180.0,77.01]]}},{"type":"Feature","properties":{"level":1012},"geometry":{"type":"LineString","coordinates":[[-180.0,77.01],[-179.19,76.25],[-180.0,74.51]]}},{"type":"Feature","properties":{"level":1016},"geometry":{"type":"LineString","coordinates":[[-35.27,-87.75],[-33.83,-87.75],[-35.27,-87.75]]}},{"type":"Feature","properties":{"level":1016},"geometry":{"type":"LineString","coordinates":[[-17.11,-87.5],[-5.0,-87.7],[-3.0,-87.22],[-2.49,-87.0],[-3.1,-86.75],[-2.0,-86.57],[35.0,-87.43],[37.14,-87.25],[36.75,-86.98],[35.12,-86.75],[34.66,-86.25],[34.98,-86.0],[39.25,-85.68],[40.91,-85.75],[41.25,-86.2],[41.75,-86.29],[52.5,-86.65],[70.5,-86.48],[101.5,-87.01],[116.0,-86.5],[125.09,-85.75],[131.83,-84.5],[132.97,-83.5],[131.83,-83.0],[132.69,-82.5],[132.73,-82.0],[133.13,-81.75],[138.75,-80.05],[142.0,-79.66],[146.61,-78.5],[147.0,-78.25],[146.93,-78.0],[148.25,-77.78],[148.5,-77.47],[149.24,-77.25],[149.11,-77.0],[148.5,-76.87],[144.25,-76.43],[129.5,-76.33],[122.5,-76.71],[115.0,-76.66],[108.5,-76.02],[101.25,-74.54],[94.0,-74.12],[85.5,-74.99],[78.5,-77.0],[77.0,-76.64],[72.5,-77.27],[65.5,-77.48],[61.75,-76.28],[59.25,-76.17],[55.99,-75.0],[55.68,-74.75],[57.01,-74.0],[56.61,-73.75],[57.2,-72.5],[57.03,-71.5],[56.0,-71.04],[52.5,-71.41],[48.25,-72.53],[31.79,-76.0],[31.14,-76.25],[30.94,-76.75],[32.11,-78.25],[33.28,-79.0],[33.45,-79.25],[33.22,-79.75],[31.08,-80.5],[26.5,-81.5],[25.6,-82.0],[11.0,-82.44],[2.0,-83.48],[-10.49,-84.5],[-14.96,-85.5],[-15.91,-86.0],[-15.22,-86.25],[-16.5,-86.66],[-23.5,-86.78],[-23.59,-87.0],[-17.11,-87.5]]}},{"type":"Feature","properties":{"level":1016},"geometry":{"type":"LineString","coordinates":[[-25.07,-86.75],[-23.55,-86.75],[-25.07,-86.75]]}},{"type":"Feature","properties":{"level":1016},"geometry":{"type":"LineString","coordinates":[[-63.78,-61.25],[-62.0,-61.38],[-59.25,-60.99],[-51.94,-58.5],[-49.36,-57.0],[-49.62,-56.0],[-50.5,-55.54],[-52.5,-54.99],[-58.25,-54.37],[-60.75,-53.56],[-62.42,-52.5],[-63.19,-51.25],[-62.97,-49.75],[-62.26,-48.25],[-61.08,-47.0],[-59.75,-46.12],[-56.5,-44.81],[-55.75,-44.26],[-54.0,-43.8],[-53.0,-42.93],[-51.62,-42.25],[-44.0,-40.57],[-43.0,-40.81],[-42.0,-40.22],[-40.0,-40.43],[-39.5,-40.11],[-38.0,-40.35],[-36.5,-40.16],[-35.75,-40.5],[-35.0,-40.13],[-33.75,-40.08],[-32.75,-39.21],[-31.06,-38.5],[-30.25,-37.6],[-29.55,-37.25],[-28.48,-36.0],[-28.5,-35.65],[-26.75,-35.13],[-26.71,-34.5],[-25.6,-34.0],[-25.77,-33.75],[-25.0,-33.0],[-26.0,-32.18],[-24.5,-32.36],[-24.25,-32.22],[-23.75,-32.48],[-19.25,-33.14],[-13.86,-34.75],[-9.25,-36.73],[-8.5,-37.33],[-5.25,-38.97],[0.5,-41.04],[3.25,-41.69],[11.0,-42.51],[22.0,-42.55],[29.25,-43.51],[30.91,-42.75],[31.13,-41.25],[31.5,-41.0],[30.44,-39.5],[30.72,-38.5],[30.42,-38.0],[30.61,-37.5],[29.93,-36.5],[30.51,-35.75],[31.25,-35.41],[31.65,-34.5],[31.35,-33.25],[31.59,-33.0],[31.5,-32.5],[31.77,-31.75],[31.7,-30.5],[31.13,-29.75],[31.15,-29.25],[29.5,-29.06],[28.5,-28.41],[27.66,-30.0],[28.25,-29.83],[28.79,-30.25],[28.25,-30.13],[27.7,-31.0],[26.75,-30.97],[26.25,-31.23],[25.25,-30.91],[24.5,-31.05],[23.25,-30.73],[21.5,-30.9],[21.16,-30.5],[21.1,-29.75],[20.33,-29.0],[19.52,-28.75],[18.69,-28.0],[18.9,-27.5],[18.75,-27.4],[17.21,-27.5],[16.29,-26.75],[15.75,-26.94],[15.21,-26.75],[13.56,-24.25],[13.21,-21.75],[13.41,-21.0],[12.0,-20.17],[11.75,-19.5],[9.17,-18.5],[8.36,-17.75],[1.25,-14.49],[-1.25,-14.09],[-2.0,-13.75],[-3.75,-13.79],[-4.75,-13.47],[-6.75,-13.5],[-8.0,-13.18],[-11.25,-13.22],[-15.25,-13.91],[-26.0,-14.28],[-30.75,-15.19],[-31.75,-15.24],[-32.0,-14.98],[-32.75,-14.98],[-33.13,-15.25],[-33.76,-15.25],[-34.25,-16.32],[-35.33,-16.25],[-36.75,-17.1],[-37.21,-18.5],[-37.66,-19.0],[-37.74,-21.75],[-38.0,-23.75],[-38.45,-24.5],[-38.44,-26.25],[-37.75,-27.71],[-36.05,-29.0],[-35.16,-30.0],[-37.0,-29.79],[-39.0,-28.97],[-39.4,-29.0],[-39.5,-29.39],[-40.5,-29.23],[-43.5,-28.11],[-45.11,-28.25],[-47.0,-28.94],[-50.25,-32.03],[-51.5,-32.75],[-52.5,-32.95],[-54.25,-35.08],[-56.5,-36.63],[-57.22,-38.0],[-58.4,-38.5],[-58.52,-38.75],[-59.5,-39.13],[-62.25,-39.48],[-63.21,-40.0],[-63.29,-40.25],[-64.0,-40.42],[-66.0,-40.33],[-66.5,-40.11],[-67.5,-40.31],[-68.5,-40.05],[-69.25,-40.12],[-69.5,-40.38],[-70.0,-39.81],[-70.75,-40.14],[-71.25,-39.94],[-71.25,-40.67],[-71.8,-41.0],[-71.75,-41.25],[-70.95,-41.75],[-70.98,-42.0],[-70.5,-42.21],[-67.15,-42.0],[-68.27,-43.25],[-69.44,-44.0],[-70.0,-45.37],[-70.5,-45.14],[-71.51,-45.75],[-71.07,-46.0],[-71.25,-46.05],[-71.75,-45.91],[-72.25,-46.1],[-72.75,-45.58],[-73.5,-46.24],[-74.75,-46.45],[-75.57,-45.75],[-75.89,-44.75],[-76.67,-43.75],[-81.0,-40.92],[-83.5,-38.85],[-85.2,-36.25],[-85.65,-33.25],[-85.52,-31.25],[-84.97,-29.25],[-82.59,-26.25],[-82.38,-25.75],[-82.46,-25.0],[-81.97,-24.5],[-82.01,-24.25],[-79.0,-23.99],[-78.77,-23.75],[-78.66,-22.5],[-80.0,-20.75],[-82.5,-18.68],[-84.77,-17.25],[-85.84,-16.0],[-87.0,-15.56],[-87.63,-15.0],[-90.5,-13.62],[-91.0,-13.18],[-94.25,-11.99],[-96.0,-11.72],[-97.0,-11.3],[-100.5,-11.11],[-103.0,-11.39],[-103.75,-11.86],[-106.0,-11.64],[-106.5,-11.98],[-107.5,-11.69],[-108.25,-11.96],[-110.0,-12.03],[-110.01,-11.75],[-110.75,-11.71],[-111.75,-12.64],[-112.5,-12.26],[-113.75,-12.28],[-114.75,-11.92],[-114.83,-12.5],[-115.5,-12.78],[-116.25,-12.78],[-116.21,-13.25],[-116.5,-13.42],[-117.25,-13.37],[-117.36,-14.25],[-116.9,-15.25],[-117.59,-15.75],[-117.5,-16.34],[-117.82,-16.25],[-117.53,-16.0],[-118.0,-15.96],[-119.5,-16.61],[-120.77,-16.75],[-120.86,-17.0],[-120.19,-17.75],[-120.16,-18.25],[-118.41,-20.0],[-118.53,-20.5],[-117.46,-21.25],[-117.5,-21.77],[-116.65,-22.25],[-116.06,-23.25],[-116.0,-23.81],[-115.34,-24.0],[-115.5,-24.32],[-116.12,-24.25],[-116.25,-23.99],[-116.75,-24.11],[-117.5,-23.9],[-118.0,-24.14],[-118.75,-23.89],[-119.25,-24.25],[-120.0,-24.16],[-120.25,-24.69],[-120.64,-24.75],[-120.43,-25.5],[-120.85,-25.75],[-120.6,-27.75],[-120.81,-28.0],[-120.5,-31.16],[-119.12,-34.0],[-117.22,-36.5],[-115.25,-38.46],[-112.5,-40.72],[-104.08,-46.75],[-98.5,-49.62],[-92.25,-51.82],[-85.0,-53.14],[-81.0,-53.42],[-76.75,-54.7],[-69.75,-57.55],[-66.04,-60.25],[-63.78,-61.25]]}},{"type":"Feature","properties":{"level":1016},"geometry":{"type":"LineString","coordinates":[[61.74,-52.0],[65.5,-52.08],[73.44,-51.0],[78.25,-49.63],[90.5,-45.28],[96.06,-42.25],[97.0,-41.42],[103.53,-37.75],[103.66,-37.5],[102.95,-35.75],[104.25,-35.11],[106.5,-34.69],[110.25,-34.8],[113.0,-35.08],[114.25,-35.47],[115.17,-35.0],[115.86,-34.5],[114.77,-33.0],[114.71,-31.25],[113.93,-29.0],[114.44,-28.0],[114.47,-26.5],[115.37,-25.25],[116.75,-24.48],[116.81,-24.0],[116.41,-23.5],[116.44,-23.0],[117.25,-22.97],[117.5,-22.65],[117.75,-22.86],[118.25,-22.79],[118.5,-23.16],[118.59,-22.75],[117.5,-22.14],[116.75,-21.07],[115.75,-21.06],[114.75,-20.64],[114.75,-20.39],[116.0,-20.07],[116.05,-19.75],[114.91,-17.75],[114.98,-17.25],[114.56,-16.5],[113.75,-15.89],[109.5,-14.04],[107.5,-14.11],[105.75,-13.61],[104.75,-13.6],[102.5,-12.88],[100.75,-13.01],[100.47,-12.5],[98.0,-11.86],[94.25,-11.36],[93.0,-11.46],[91.75,-11.67],[91.25,-12.06],[90.0,-12.08],[87.5,-12.88],[82.0,-13.25],[81.25,-12.89],[77.0,-12.78],[76.25,-12.52],[74.75,-12.62],[74.0,-12.26],[73.25,-12.6],[72.5,-12.21],[72.0,-12.44],[71.25,-12.18],[70.5,-11.55],[70.0,-11.63],[69.75,-11.33],[68.75,-11.45],[68.5,-11.16],[67.25,-10.85],[66.25,-10.79],[65.01,-11.5],[63.75,-11.74],[62.25,-11.42],[61.0,-11.62],[57.25,-10.58],[56.0,-10.02],[54.25,-9.86],[52.0,-8.98],[50.5,-9.08],[48.75,-8.71],[48.25,-8.99],[46.25,-9.11],[43.5,-8.33],[43.01,-9.25],[42.0,-9.11],[41.25,-10.01],[39.75,-9.58],[39.25,-9.14],[38.75,-9.2],[38.57,-9.5],[38.75,-10.25],[39.33,-11.5],[39.87,-12.0],[39.73,-12.5],[40.21,-13.5],[40.03,-14.0],[40.25,-14.23],[40.45,-13.75],[40.27,-13.0],[40.75,-12.91],[41.5,-13.39],[41.73,-14.5],[42.05,-14.5],[42.06,-15.0],[41.67,-15.5],[41.41,-16.5],[41.52,-18.75],[41.09,-19.0],[41.32,-19.5],[40.75,-19.17],[40.75,-20.67],[40.34,-20.75],[40.35,-22.25],[40.0,-22.93],[39.5,-21.95],[38.5,-23.18],[37.95,-23.0],[37.8,-23.5],[38.25,-23.37],[38.37,-23.75],[37.25,-24.75],[36.77,-25.5],[37.18,-26.0],[36.41,-27.5],[36.06,-29.75],[35.71,-30.5],[35.7,-32.75],[35.43,-33.75],[36.27,-35.25],[36.25,-35.8],[37.43,-38.5],[38.83,-40.5],[42.45,-44.25],[44.5,-45.97],[47.25,-47.65],[50.25,-49.22],[54.5,-50.78],[57.5,-51.49],[61.74,-52.0]]}},{"type":"Feature","properties":{"level":1016},"geometry":{"type":"LineString","coordinates":[[-180.0,-49.47],[-178.25,-50.5],[-176.0,-51.34],[-172.0,-51.91],[-168.25,-52.12],[-163.75,-51.69],[-162.11,-51.25],[-159.86,-50.25],[-155.54,-47.75],[-150.75,-45.54],[-143.21,-40.75],[-136.89,-38.25],[-135.5,-37.39],[-134.41,-35.75],[-133.71,-35.25],[-133.55,-34.5],[-133.5,-33.25],[-133.79,-31.5],[-133.6,-30.0],[-134.0,-29.0],[-134.0,-27.5],[-133.0,-26.75],[-132.0,-26.59],[-131.25,-26.14],[-130.5,-26.56],[-128.11,-26.25],[-127.84,-25.5],[-127.33,-25.25],[-127.8,-24.25],[-127.25,-23.97],[-127.02,-23.5],[-128.0,-22.66],[-128.11,-22.0],[-128.5,-21.64],[-131.25,-20.66],[-132.38,-19.75],[-133.81,-19.25],[-135.64,-18.0],[-136.25,-17.74],[-138.25,-17.81],[-141.75,-17.49],[-144.5,-15.9],[-145.5,-16.35],[-146.75,-16.48],[-152.97,-15.0],[-154.75,-15.03],[-157.75,-14.46],[-159.0,-14.85],[-159.75,-14.78],[-161.25,-14.13],[-161.75,-14.33],[-164.25,-13.67],[-165.75,-13.91],[-168.75,-14.97],[-170.0,-14.8],[-170.5,-15.41],[-171.75,-15.64],[-172.25,-15.48],[-174.25,-15.77],[-177.25,-15.71],[-178.5,-16.14],[-180.0,-16.01]]}},{"type":"Feature","properties":{"level":1016},"geometry":{"type":"LineString","coordinates":[[-72.61,-45.25],[-72.19,-45.25],[-72.02,-44.25],[-71.92,-43.25],[-72.25,-42.84],[-72.72,-44.0],[-72.57,-44.5],[-73.14,-45.0],[-72.61,-45.25]]}},{"type":"Feature","properties":{"level":1016},"geometry":{"type":"LineString","coordinates":[[-41.83,-40.75],[-41.65,-40.75],[-41.75,-40.29],[-41.83,-40.75]]}},{"type":"Feature","properties":{"level":1016},"geometry":{"type":"LineString","coordinates":[[115.24,-35.5],[115.25,-35.1],[115.24,-35.5]]}},{"type":"Feature","properties":{"level":1016},"geometry":{"type":"LineString","coordinates":[[-179.25,-34.79],[-179.84,-34.5],[-179.97,-34.0],[-179.54,-33.5],[-179.0,-33.38],[-178.37,-33.75],[-178.25,-34.25],[-178.5,-34.63],[-179.25,-34.79]]}},{"type":"Feature","properties":{"level":1016},"geometry":{"type":"LineString","coordinates":[[-70.81,-31.25],[-70.43,-31.25],[-70.25,-30.13],[-70.81,-31.25]]}},{"type":"Feature","properties":{"level":1016},"geometry":{"type":"LineString","coordinates":[[-70.02,-29.75],[-69.35,-28.25],[-69.5,-28.03],[-70.08,-28.5],[-69.95,-28.75],[-70.45,-29.25],[-70.02,-29.75]]}},{"type":"Feature","properties":{"level":1016},"geometry":{"type":"LineString","coordinates":[[121.44,-29.25],[121.75,-29.49],[121.91,-29.25],[121.75,-29.05],[121.44,-29.25]]}},{"type":"Feature","properties":{"level":1016},"geometry":{"type":"LineString","coordinates":[[-69.17,-28.0],[-68.79,-28.0],[-68.58,-27.75],[-68.76,-27.5],[-68.25,-27.0],[-68.25,-26.19],[-68.75,-26.13],[-69.0,-27.17],[-69.43,-27.25],[-69.17,-28.0]]}},{"type":"Feature","properties":{"level":1016},"geometry":{"type":"LineString","coordinates":[[29.91,-25.75],[30.21,-25.75],[30.68,-25.25],[30.75,-24.73],[29.91,-25.25],[29.91,-25.75]]}},{"type":"Feature","properties":{"level":1016},"geometry":{"type":"LineString","coordinates":[[-67.81,-23.75],[-67.75,-23.94],[-67.5,-23.79],[-67.49,-23.25],[-68.0,-22.2],[-67.81,-23.75]]}},{"type":"Feature","properties":{"level":1016},"geometry":{"type":"LineString","coordinates":[[43.25,-18.11],[43.07,-17.75],[43.25,-17.58],[43.25,-18.11]]}},{"type":"Feature","properties":{"level":1016},"geometry":{"type":"LineString","coordinates":[[180.0,-16.01],[178.5,-16.02],[176.75,-16.49],[176.25,-17.04],[175.5,-16.83],[172.25,-16.89],[171.0,-17.54],[169.75,-17.15],[168.0,-17.33],[163.25,-18.41],[160.25,-18.27],[158.5,-18.51],[155.0,-18.51],[148.5,-16.02],[146.0,-15.65],[145.5,-15.78],[143.5,-15.12],[143.25,-14.81],[143.15,-15.75],[144.03,-16.5],[143.46,-18.5],[143.47,-19.5],[143.18,-19.75],[143.72,-20.5],[143.87,-21.5],[142.79,-21.5],[142.75,-22.67],[141.5,-22.04],[141.0,-22.19],[140.75,-21.22],[140.25,-21.83],[139.5,-21.09],[138.5,-21.42],[134.75,-20.3],[133.75,-21.06],[133.0,-20.79],[132.75,-21.18],[132.25,-21.15],[131.84,-21.5],[130.5,-21.94],[129.5,-22.99],[128.75,-23.33],[128.16,-23.25],[127.75,-24.1],[127.37,-24.25],[127.5,-24.78],[127.0,-25.03],[126.75,-24.84],[126.0,-25.35],[125.0,-25.1],[124.37,-25.75],[123.5,-26.09],[122.33,-27.5],[122.59,-29.0],[122.3,-29.5],[122.47,-30.0],[122.25,-30.3],[121.75,-30.03],[121.64,-30.25],[121.95,-30.5],[121.5,-30.61],[121.0,-29.98],[120.25,-30.48],[119.75,-30.41],[119.63,-31.0],[119.97,-32.75],[121.52,-33.5],[122.0,-35.17],[122.31,-34.75],[122.25,-35.52],[121.49,-36.0],[121.56,-37.25],[121.33,-37.75],[122.03,-39.75],[123.03,-41.0],[127.25,-44.35],[131.5,-46.95],[136.5,-49.53],[140.75,-51.28],[145.0,-52.09],[148.25,-51.85],[152.75,-50.14],[155.02,-48.5],[155.86,-47.5],[156.59,-46.0],[156.77,-44.0],[157.34,-42.5],[157.59,-41.0],[159.6,-36.75],[159.89,-35.75],[159.64,-34.25],[160.0,-33.11],[161.5,-33.35],[163.25,-34.37],[165.5,-36.66],[167.82,-39.5],[168.83,-41.75],[168.5,-44.35],[169.5,-44.29],[171.25,-43.59],[174.25,-41.49],[175.25,-41.75],[176.46,-43.5],[178.25,-47.08],[180.0,-49.47]]}},{"type":"Feature","properties":{"level":1016},"geometry":{"type":"LineString","coordinates":[[44.5,-14.79],[43.84,-14.5],[45.25,-13.76],[46.11,-14.0],[45.81,-14.5],[44.5,-14.79]]}},{"type":"Feature","properties":{"level":1016},"geometry":{"type":"LineString","coordinates":[[39.71,-14.5],[40.0,-14.67],[40.3,-14.5],[40.25,-14.29],[39.71,-14.5]]}},{"type":"Feature","properties":{"level":1016},"geometry":{"type":"LineString","coordinates":[[-69.78,-14.25],[-70.03,-13.75],[-71.25,-13.31],[-71.32,-13.5],[-71.0,-13.76],[-70.25,-13.89],[-69.78,-14.25]]}},{"type":"Feature","properties":{"level":1016},"geometry":{"type":"LineString","coordinates":[[34.59,-9.75],[35.21,-9.5],[35.25,-8.76],[36.0,-8.35],[36.24,-7.75],[36.0,-7.59],[35.34,-8.0],[34.75,-9.06],[33.79,-9.0],[34.59,-9.75]]}},{"type":"Feature","properties":{"level":1016},"geometry":{"type":"LineString","coordinates":[[148.22,-9.75],[148.2,-9.25],[147.67,-8.75],[146.77,-7.0],[146.25,-7.07],[146.0,-6.41],[145.25,-5.69],[144.5,-5.78],[143.25,-4.95],[142.34,-5.25],[142.37,-5.0],[141.0,-4.76],[138.75,-3.46],[137.25,-3.57],[136.5,-3.32],[135.44,-4.0],[135.75,-4.22],[136.5,-4.11],[139.5,-4.6],[140.5,-5.08],[142.0,-5.38],[142.75,-6.06],[144.0,-6.67],[144.5,-6.16],[145.0,-6.36],[145.75,-7.36],[146.5,-7.64],[147.1,-8.75],[148.22,-9.75]]}},{"type":"Feature","properties":{"level":1016},"geometry":{"type":"LineString","coordinates":[[36.26,-7.75],[36.77,-7.75],[36.75,-6.76],[36.5,-6.74],[36.46,-7.0],[36.74,-7.5],[36.26,-7.75]]}},{"type":"Feature","properties":{"level":1016},"geometry":{"type":"LineString","coordinates":[[36.72,-6.5],[37.0,-6.72],[37.25,-6.3],[38.5,-6.05],[38.9,-5.0],[38.64,-4.5],[38.95,-4.0],[38.5,-3.41],[38.11,-3.5],[38.25,-3.84],[37.7,-4.0],[38.02,-4.5],[38.0,-4.92],[37.25,-4.26],[37.02,-4.5],[37.13,-5.0],[36.54,-5.5],[36.72,-6.5]]}},{"type":"Feature","properties":{"level":1016},"geometry":{"type":"LineString","coordinates":[[147.13,-6.5],[147.57,-6.25],[145.96,-5.75],[147.13,-6.5]]}},{"type":"Feature","properties":{"level":1016},"geometry":{"type":"LineString","coordinates":[[119.87,-3.5],[120.16,-3.5],[120.0,-3.0],[120.16,-2.5],[121.06,-2.25],[120.75,-2.14],[120.52,-1.5],[120.25,-1.37],[119.3,-2.75],[119.87,-3.5]]}},{"type":"Feature","properties":{"level":1016},"geometry":{"type":"LineString","coordinates":[[102.29,-3.25],[102.5,-3.4],[102.58,-3.25],[102.25,-2.66],[101.07,-1.5],[100.92,-1.0],[100.56,-1.0],[102.29,-3.25]]}},{"type":"Feature","properties":{"level":1016},"geometry":{"type":"LineString","coordinates":[[36.1,-1.0],[36.75,-1.25],[37.7,0.0],[37.25,0.29],[37.0,-0.09],[36.5,0.1],[36.0,-0.35],[35.5,0.51],[35.25,0.49],[35.2,-0.75],[36.1,-1.0]]}},{"type":"Feature","properties":{"level":1016},"geometry":{"type":"LineString","coordinates":[[99.07,1.75],[99.42,1.75],[99.37,2.25],[98.7,2.75],[98.5,3.22],[98.31,2.5],[99.07,1.75]]}},{"type":"Feature","properties":{"level":1016},"geometry":{"type":"LineString","coordinates":[[-76.11,3.0],[-75.87,3.0],[-75.75,4.07],[-76.11,3.0]]}},{"type":"Feature","properties":{"level":1016},"geometry":{"type":"LineString","coordinates":[[97.44,3.25],[97.84,3.25],[97.92,3.75],[97.5,4.34],[97.0,4.79],[96.05,5.0],[97.44,3.25]]}},{"type":"Feature","properties":{"level":1016},"geometry":{"type":"LineString","coordinates":[[38.29,4.0],[38.75,3.85],[39.5,4.43],[40.0,4.35],[40.26,4.5],[40.25,5.05],[40.75,5.24],[40.31,6.0],[40.91,6.5],[41.14,7.25],[41.0,7.62],[41.34,8.25],[41.24,8.75],[41.5,8.49],[42.5,9.09],[42.75,8.59],[43.5,8.86],[43.85,9.5],[43.77,10.0],[43.25,10.1],[42.5,9.63],[41.0,9.27],[39.25,8.19],[38.5,7.27],[38.43,8.0],[38.75,8.62],[39.25,8.76],[39.62,9.25],[39.93,10.25],[39.59,12.25],[39.85,14.0],[39.61,14.75],[39.25,15.01],[39.31,14.5],[38.95,14.25],[39.34,14.0],[39.16,13.75],[39.25,12.72],[38.75,12.58],[38.5,12.12],[38.25,12.24],[37.92,12.75],[38.64,13.25],[38.5,13.49],[38.0,13.35],[36.96,12.5],[36.52,10.75],[37.5,10.18],[38.0,10.24],[38.29,10.75],[38.27,11.25],[38.75,11.53],[38.68,10.75],[39.14,10.25],[39.0,9.87],[38.5,9.83],[38.37,9.5],[37.37,8.75],[37.98,8.5],[37.6,6.75],[38.0,6.79],[38.26,6.5],[37.75,5.95],[37.5,6.47],[37.1,6.0],[37.75,5.57],[38.29,4.0]]}},{"type":"Feature","properties":{"level":1016},"geometry":{"type":"LineString","coordinates":[[35.68,7.0],[36.0,7.21],[36.5,6.95],[36.8,7.5],[36.46,8.25],[36.0,8.6],[35.17,8.0],[35.68,7.0]]}},{"type":"Feature","properties":{"level":1016},"geometry":{"type":"LineString","coordinates":[[76.4,11.25],[76.75,11.07],[78.0,12.11],[78.46,12.75],[78.56,13.5],[77.75,13.9],[77.5,13.72],[76.0,13.79],[75.57,13.5],[75.42,13.25],[75.71,12.75],[75.67,12.25],[76.4,11.25]]}},{"type":"Feature","properties":{"level":1016},"geometry":{"type":"LineString","coordinates":[[43.97,13.75],[44.25,13.56],[45.0,13.91],[45.25,13.71],[46.77,14.25],[45.0,14.72],[44.64,15.75],[44.0,16.23],[43.61,15.5],[44.09,15.0],[43.97,13.75]]}},{"type":"Feature","properties":{"level":1016},"geometry":{"type":"LineString","coordinates":[[98.68,15.25],[99.0,15.21],[99.16,15.5],[99.0,16.62],[98.68,15.25]]}},{"type":"Feature","properties":{"level":1016},"geometry":{"type":"LineString","coordinates":[[107.09,15.5],[107.36,15.5],[107.38,16.0],[107.0,16.49],[106.63,16.25],[107.09,15.5]]}},{"type":"Feature","properties":{"level":1016},"geometry":{"type":"LineString","coordinates":[[44.61,16.5],[44.8,16.5],[44.75,16.75],[43.98,17.75],[44.0,18.7],[42.5,19.05],[40.94,21.0],[40.25,21.33],[41.41,20.0],[41.9,19.75],[42.33,18.25],[43.28,17.75],[43.5,16.7],[44.61,16.5]]}},{"type":"Feature","properties":{"level":1016},"geometry":{"type":"LineString","coordinates":[[106.44,17.0],[106.62,17.0],[106.54,18.25],[107.75,19.31],[108.5,19.53],[109.5,18.59],[110.0,18.7],[110.5,19.5],[110.5,20.08],[111.0,20.41],[114.0,21.41],[116.0,21.32],[116.88,21.5],[118.75,22.71],[118.98,23.25],[120.36,24.5],[120.75,24.48],[120.88,24.0],[120.58,23.5],[120.75,22.22],[123.37,23.25],[125.61,25.75],[127.0,28.2],[127.25,29.37],[127.63,29.75],[127.97,31.5],[129.43,34.25],[130.06,36.5],[130.75,36.85],[132.42,38.75],[132.2,40.25],[131.62,41.75],[131.79,42.75],[132.25,43.07],[133.25,43.0],[134.13,43.5],[134.37,44.0],[133.75,44.5],[131.75,44.36],[131.81,45.0],[131.55,45.5],[132.52,46.25],[132.76,47.5],[132.46,49.0],[133.0,49.11],[133.5,50.0],[134.32,50.5],[134.02,51.0],[134.31,51.25],[134.28,53.0],[133.78,53.75],[132.75,54.13],[132.08,54.75],[132.68,55.0],[132.36,56.25],[130.08,57.75],[130.6,58.5],[129.62,59.0],[128.27,60.5],[128.24,61.0],[126.33,63.75],[126.45,64.25],[131.75,64.31],[134.25,63.99],[136.5,64.48],[137.75,64.23],[138.0,64.5],[140.0,64.47],[140.25,65.28],[145.5,65.3],[146.25,65.13],[146.5,65.41],[147.5,65.17],[149.25,65.24],[150.12,66.25],[148.95,67.0],[149.35,67.5],[147.5,68.38],[143.75,67.78],[142.25,68.1],[141.5,69.29],[140.5,69.15],[140.28,69.5],[140.4,69.75],[139.25,70.02],[133.85,69.75],[134.29,69.5],[133.75,69.09],[132.25,69.0],[129.5,69.23],[129.5,69.77],[128.5,69.93],[125.5,69.41],[122.0,68.41],[115.5,68.11],[107.25,69.21],[107.0,69.6],[107.53,69.75],[107.0,70.12],[105.25,70.26],[104.0,70.07],[103.38,69.75],[104.18,69.0],[103.5,68.84],[101.2,69.5],[102.25,69.71],[102.53,70.0],[101.75,70.55],[98.75,70.3],[92.75,70.48],[90.25,70.16],[88.56,69.5],[88.21,68.5],[89.32,68.25],[88.53,67.75],[88.36,67.0],[88.67,66.75],[88.7,65.75],[89.43,64.75],[89.31,63.75],[91.91,61.75],[92.88,60.25],[92.59,59.5],[92.9,58.5],[92.75,57.54],[91.68,56.0],[91.07,55.75],[90.25,54.81],[89.0,54.53],[87.0,52.81],[86.75,53.0],[86.75,54.04],[85.9,53.75],[84.75,52.89],[80.75,52.05],[73.75,52.57],[70.0,52.35],[68.25,53.11],[66.25,53.41],[62.75,55.07],[60.5,55.44],[59.5,56.51],[58.25,55.82],[57.25,56.0],[55.5,55.17],[52.75,54.57],[49.5,53.36],[45.25,52.4],[39.25,52.29],[33.25,52.88],[30.0,53.53],[25.0,54.99],[22.5,55.27],[15.75,55.21],[13.5,54.8],[6.75,54.22],[4.5,54.49],[3.9,54.75],[6.18,56.25],[6.09,57.0],[4.48,57.75],[2.25,58.11],[-0.5,58.07],[-4.0,58.38],[-20.5,58.52],[-28.5,58.97],[-34.0,58.6],[-36.4,58.0],[-37.33,57.0],[-37.69,56.25],[-37.39,53.0],[-38.06,50.75],[-39.87,47.5],[-42.01,44.75],[-44.63,40.5],[-45.21,39.25],[-45.44,37.5],[-45.98,36.0],[-46.15,34.25],[-45.68,33.25],[-43.92,31.5],[-43.75,30.85],[-42.75,30.88],[-41.75,30.56],[-41.25,29.94],[-40.2,30.0],[-39.5,29.65],[-37.75,29.72],[-36.5,29.28],[-35.5,27.96],[-34.43,27.5],[-33.75,26.54],[-32.75,26.21],[-32.02,25.25],[-30.5,24.61],[-29.75,24.58],[-29.0,24.05],[-27.5,24.05],[-27.25,24.37],[-25.25,24.56],[-20.5,26.58],[-17.5,26.67],[-13.25,27.4],[-12.56,27.0],[-12.51,26.75],[-12.89,26.5],[-12.5,26.14],[-12.25,25.27],[-11.5,25.17],[-11.13,24.75],[-11.25,24.11],[-11.5,24.14],[-11.76,23.75],[-11.63,23.25],[-11.25,22.96],[-10.5,23.07],[-9.75,22.78],[-9.04,23.25],[-9.68,23.75],[-9.5,23.91],[-7.25,24.42],[-6.76,24.75],[-6.78,25.0],[-6.19,25.5],[-5.75,26.69],[-5.23,27.0],[-5.47,27.5],[-5.2,27.75],[-6.25,28.59],[-6.75,28.67],[-7.75,28.05],[-8.5,28.05],[-9.25,27.7],[-10.25,27.71],[-10.48,28.0],[-9.83,28.75],[-10.15,29.0],[-10.0,29.11],[-6.75,30.08],[-5.67,29.75],[-5.98,29.5],[-5.92,29.25],[-5.0,28.64],[-4.5,29.13],[-3.75,28.76],[-3.58,29.0],[-4.36,29.5],[-3.5,29.89],[-3.25,29.41],[-2.75,29.57],[-2.25,29.34],[-1.25,29.73],[1.25,29.9],[2.39,28.75],[3.25,28.33],[3.75,28.44],[4.0,28.19],[5.0,28.82],[5.5,28.61],[7.4,27.5],[8.37,26.5],[8.0,25.7],[7.22,25.5],[7.43,25.25],[6.75,23.98],[5.33,23.25],[5.75,22.68],[7.25,23.77],[8.0,22.62],[9.25,23.13],[10.75,22.47],[12.25,22.17],[14.75,22.76],[16.0,21.95],[16.5,20.88],[17.0,20.84],[17.5,20.43],[18.0,20.52],[18.42,19.75],[19.0,19.61],[20.0,19.75],[20.5,20.15],[21.25,20.19],[22.25,20.74],[23.75,20.24],[24.75,20.5],[24.86,21.0],[24.4,21.25],[24.5,22.01],[25.0,21.84],[25.5,22.07],[27.0,22.04],[27.5,22.94],[27.86,23.0],[28.0,23.27],[29.25,23.5],[30.5,25.53],[30.75,25.55],[31.25,24.86],[31.5,24.97],[31.71,26.0],[30.99,27.25],[31.25,27.45],[32.0,27.4],[32.5,26.75],[33.25,27.2],[32.52,29.0],[32.75,29.29],[33.5,28.88],[34.0,28.18],[34.75,29.09],[34.9,28.75],[36.25,27.86],[36.6,28.0],[36.2,28.5],[36.25,28.96],[36.75,28.99],[37.25,28.41],[37.5,28.44],[37.87,29.0],[38.13,30.75],[39.75,30.92],[41.78,32.5],[42.14,33.0],[42.9,35.75],[43.25,36.02],[43.43,36.75],[44.25,37.07],[44.56,37.0],[44.65,36.5],[45.3,36.25],[46.17,35.25],[45.98,34.5],[46.5,33.42],[46.75,33.32],[46.75,33.87],[47.25,33.84],[47.92,33.5],[48.1,33.0],[48.75,32.99],[49.75,32.26],[50.25,31.0],[50.5,31.05],[50.9,30.5],[51.5,30.28],[52.13,29.0],[52.75,28.54],[53.75,28.81],[55.0,28.35],[56.25,28.58],[57.0,28.16],[57.75,28.85],[58.25,28.36],[58.73,28.5],[57.0,31.6],[55.99,32.25],[55.81,33.0],[55.12,33.25],[55.23,34.0],[55.0,34.24],[54.5,34.13],[54.37,33.5],[55.34,32.75],[55.15,32.5],[56.0,30.4],[55.13,31.0],[55.38,31.25],[54.93,31.75],[54.75,32.65],[54.33,32.5],[54.42,32.0],[54.0,31.96],[53.0,33.41],[51.93,33.75],[53.25,33.63],[53.5,33.29],[53.85,33.25],[53.5,33.74],[52.75,34.17],[51.5,33.96],[50.43,35.0],[51.39,35.5],[53.5,34.86],[56.75,34.59],[56.09,33.5],[56.25,32.43],[56.75,32.21],[56.96,32.5],[56.53,33.25],[56.75,33.88],[57.5,32.83],[58.57,32.25],[59.0,31.61],[59.58,31.25],[60.34,28.0],[61.0,27.87],[61.34,27.25],[61.19,27.0],[61.5,26.9],[61.91,27.0],[61.75,27.54],[62.66,27.5],[61.82,28.75],[62.06,29.0],[64.53,29.5],[63.5,29.98],[62.25,29.41],[61.75,29.46],[61.0,30.02],[60.74,31.0],[61.5,32.29],[62.25,32.85],[63.25,33.13],[64.0,32.61],[64.75,33.0],[65.25,32.84],[65.5,33.26],[66.25,32.77],[66.08,32.5],[66.25,32.31],[66.84,32.5],[67.0,32.0],[66.33,30.75],[65.85,29.0],[65.72,28.0],[66.0,27.87],[67.0,28.74],[67.31,30.0],[68.22,30.25],[68.13,30.75],[68.87,31.25],[68.91,32.5],[69.74,32.5],[69.83,32.75],[69.53,33.0],[69.9,33.75],[70.77,33.75],[70.74,34.0],[69.5,34.48],[69.25,34.36],[69.24,35.0],[70.75,34.73],[71.75,35.01],[73.25,34.42],[74.5,33.28],[76.61,32.0],[77.25,30.71],[77.75,30.62],[79.66,29.25],[81.25,28.9],[82.75,27.94],[83.75,27.73],[84.5,27.9],[85.0,27.44],[86.75,26.92],[89.75,26.73],[93.5,27.06],[95.25,28.05],[96.05,28.0],[96.29,27.75],[96.25,27.39],[95.5,27.12],[93.09,25.25],[93.47,24.75],[92.95,23.75],[92.98,22.25],[93.75,20.67],[94.12,21.25],[93.87,22.25],[94.13,24.25],[96.25,26.93],[96.75,26.83],[97.25,26.04],[97.5,26.4],[97.75,26.31],[97.83,25.75],[97.28,23.75],[96.42,22.75],[96.49,22.0],[96.76,22.0],[96.44,21.25],[96.44,20.5],[97.0,18.41],[97.33,19.75],[98.5,21.19],[98.59,20.75],[97.87,19.75],[98.11,19.25],[97.96,18.75],[98.25,17.44],[98.69,17.5],[98.51,18.25],[99.0,19.26],[99.5,18.81],[100.0,19.65],[100.25,19.7],[100.5,18.94],[100.75,19.25],[101.24,18.25],[100.72,17.5],[101.5,17.0],[101.51,17.5],[101.19,17.75],[101.25,18.25],[102.25,18.79],[102.75,18.48],[103.75,18.7],[105.0,17.55],[105.75,17.55],[106.44,17.0]]}},{"type":"Feature","properties":{"level":1016},"geometry":{"type":"LineString","coordinates":[[81.89,17.75],[82.25,17.71],[83.05,18.25],[83.0,19.35],[81.89,17.75]]}},{"type":"Feature","properties":{"level":1016},"geometry":{"type":"LineString","coordinates":[[-97.3,19.0],[-96.98,19.75],[-97.75,20.05],[-98.5,20.76],[-98.9,20.75],[-98.97,20.25],[-98.75,20.0],[-98.25,19.63],[-97.5,19.49],[-97.3,19.0]]}},{"type":"Feature","properties":{"level":1016},"geometry":{"type":"LineString","coordinates":[[-99.97,21.0],[-99.25,21.04],[-99.2,21.5],[-99.5,21.35],[-100.25,21.72],[-100.5,21.6],[-99.97,21.0]]}},{"type":"Feature","properties":{"level":1016},"geometry":{"type":"LineString","coordinates":[[-180.0,21.54],[-179.5,21.15],[-176.25,20.62],[-175.5,21.02],[-170.0,21.72],[-165.25,23.87],[-162.75,24.12],[-162.08,24.5],[-161.45,25.25],[-161.32,25.5],[-161.5,25.84],[-161.25,25.88],[-161.0,25.54],[-160.25,25.59],[-159.84,26.25],[-158.75,26.76],[-158.25,27.35],[-156.75,27.13],[-156.25,26.78],[-155.25,26.89],[-154.75,26.68],[-153.97,25.75],[-152.75,25.03],[-150.5,24.55],[-149.5,24.72],[-148.5,25.38],[-147.25,25.21],[-145.5,25.49],[-145.5,26.1],[-144.5,26.68],[-142.25,26.57],[-141.5,26.92],[-141.25,26.49],[-140.0,26.18],[-139.5,26.29],[-139.56,25.75],[-139.25,25.59],[-138.5,25.62],[-137.75,25.06],[-137.25,25.26],[-137.0,25.02],[-135.75,26.18],[-135.5,26.05],[-134.5,26.55],[-133.5,26.26],[-131.66,27.75],[-130.07,30.0],[-128.56,31.25],[-128.02,32.0],[-127.74,33.5],[-126.54,36.75],[-125.98,40.0],[-125.17,42.25],[-124.5,42.9],[-124.0,42.91],[-123.57,42.25],[-123.0,42.24],[-122.98,42.75],[-122.5,43.2],[-122.0,41.95],[-121.5,41.86],[-121.01,42.0],[-120.97,42.25],[-120.58,41.5],[-120.64,40.75],[-120.39,40.25],[-120.68,40.0],[-120.25,38.59],[-118.4,36.0],[-118.03,36.0],[-117.98,37.25],[-117.41,37.5],[-118.0,37.86],[-119.0,39.12],[-119.25,38.87],[-119.41,39.5],[-119.21,40.0],[-119.91,40.5],[-118.64,41.75],[-118.96,42.0],[-118.37,42.75],[-118.25,43.61],[-118.0,43.55],[-118.08,44.0],[-117.25,44.5],[-116.5,44.62],[-116.25,44.4],[-116.0,44.58],[-115.47,43.75],[-115.0,43.53],[-113.75,43.49],[-113.25,44.06],[-113.1,44.0],[-113.32,43.5],[-113.0,43.36],[-111.75,43.95],[-111.25,43.86],[-111.66,43.25],[-111.23,42.25],[-111.63,42.0],[-111.2,41.75],[-111.03,41.25],[-111.46,40.5],[-111.35,40.0],[-111.77,39.75],[-111.85,39.0],[-112.25,39.03],[-112.68,38.5],[-112.59,38.0],[-113.0,37.79],[-113.17,37.5],[-113.0,37.35],[-112.25,37.36],[-111.15,38.0],[-111.32,38.75],[-110.9,39.5],[-110.75,39.68],[-110.15,39.5],[-110.29,40.0],[-110.89,40.25],[-109.25,40.62],[-108.25,40.4],[-107.86,40.0],[-108.66,39.75],[-108.06,39.25],[-108.25,38.91],[-107.78,38.75],[-107.73,38.25],[-108.75,38.95],[-108.85,38.75],[-108.19,38.25],[-108.56,37.75],[-108.3,37.25],[-107.0,37.32],[-106.25,36.53],[-105.75,36.91],[-105.25,36.45],[-104.98,37.25],[-105.33,37.5],[-105.19,38.0],[-105.78,38.5],[-105.33,39.0],[-105.52,40.5],[-106.18,41.5],[-106.5,41.61],[-106.75,41.14],[-107.5,41.56],[-108.5,41.21],[-108.75,40.88],[-109.25,41.49],[-109.25,40.89],[-110.59,41.25],[-110.72,41.5],[-110.25,43.05],[-109.99,42.5],[-109.01,42.25],[-109.64,41.75],[-109.51,41.5],[-109.0,41.86],[-108.92,42.75],[-109.66,43.5],[-109.1,43.75],[-109.66,44.5],[-109.39,45.0],[-110.25,45.37],[-110.75,44.97],[-111.5,45.2],[-111.75,44.86],[-112.75,44.57],[-113.25,44.97],[-113.32,45.25],[-112.85,45.5],[-113.12,46.25],[-112.5,46.16],[-112.4,46.5],[-113.68,48.75],[-114.25,49.11],[-114.5,48.82],[-114.75,48.98],[-114.93,49.5],[-115.62,50.0],[-115.56,50.75],[-116.39,51.25],[-116.5,51.62],[-119.5,53.3],[-120.04,53.75],[-120.25,54.39],[-121.35,54.75],[-123.25,55.86],[-123.75,56.5],[-125.13,57.5],[-124.72,57.75],[-125.0,58.13],[-128.25,57.79],[-129.0,57.87],[-129.68,58.25],[-130.0,57.9],[-131.25,57.53],[-131.5,57.94],[-131.75,57.93],[-132.25,57.35],[-132.75,57.43],[-133.49,56.5],[-133.47,55.75],[-134.0,54.79],[-135.16,54.5],[-135.63,53.75],[-136.25,53.67],[-137.25,52.97],[-139.5,52.01],[-140.5,51.16],[-142.25,51.04],[-143.0,50.48],[-143.5,50.59],[-144.25,50.02],[-146.74,49.25],[-147.13,48.75],[-148.5,48.41],[-149.25,47.87],[-155.25,46.67],[-159.5,46.75],[-161.25,47.1],[-161.75,47.42],[-163.87,50.75],[-163.82,51.5],[-164.66,52.0],[-167.44,55.5],[-168.75,58.15],[-169.68,59.5],[-171.01,60.75],[-172.0,62.12],[-174.25,63.72],[-174.66,64.25],[-174.25,64.58],[-173.5,64.48],[-173.07,64.75],[-172.88,65.75],[-171.61,66.75],[-171.77,67.25],[-171.45,67.75],[-170.25,68.4],[-169.0,68.74],[-164.75,69.08],[-164.0,69.01],[-164.08,68.75],[-163.5,68.52],[-160.5,68.36],[-156.0,68.55],[-155.78,68.25],[-156.33,68.0],[-155.75,67.76],[-153.94,68.0],[-154.5,68.0],[-154.67,68.25],[-154.5,68.33],[-153.75,68.18],[-153.0,68.54],[-151.63,68.5],[-151.59,68.75],[-152.27,69.0],[-148.75,70.26],[-143.0,70.94],[-139.67,71.75],[-139.2,72.25],[-139.35,72.75],[-141.61,74.0],[-142.55,75.0],[-143.95,75.75],[-146.31,77.75],[-146.61,78.25],[-146.58,78.75],[-145.5,79.45],[-143.0,80.04],[-138.75,80.52],[-128.0,80.96],[-115.25,80.54],[-106.75,79.52],[-104.23,79.0],[-103.1,78.25],[-99.75,77.36],[-98.8,76.75],[-99.04,76.5],[-99.75,76.55],[-100.75,76.2],[-101.17,75.75],[-98.8,75.0],[-97.0,74.87],[-94.35,74.25],[-95.18,74.0],[-95.72,73.0],[-94.75,72.32],[-92.75,72.65],[-92.11,72.5],[-90.25,71.89],[-89.86,71.5],[-86.5,70.17],[-84.7,69.75],[-84.94,69.5],[-84.83,69.25],[-83.98,69.0],[-84.41,68.75],[-84.75,67.81],[-85.5,68.16],[-85.75,68.0],[-85.91,67.75],[-85.76,67.5],[-86.2,67.25],[-85.97,67.0],[-85.25,66.99],[-85.0,67.28],[-83.5,67.63],[-82.25,67.62],[-82.01,67.75],[-82.08,68.0],[-82.96,69.0],[-82.78,69.25],[-80.0,69.79],[-72.46,68.25],[-72.0,67.88],[-69.5,67.19],[-68.75,66.64],[-66.0,66.47],[-65.75,66.75],[-64.75,66.87],[-64.73,66.5],[-64.0,66.69],[-63.25,66.11],[-63.17,66.5],[-63.6,66.75],[-63.3,67.0],[-63.5,67.19],[-64.0,67.1],[-63.98,67.5],[-64.5,67.96],[-65.92,68.25],[-66.01,68.5],[-65.52,69.25],[-66.76,70.0],[-66.25,70.63],[-65.0,70.69],[-62.5,70.31],[-59.86,68.75],[-57.0,67.94],[-56.23,67.5],[-55.52,66.5],[-55.07,66.25],[-53.25,66.03],[-51.8,65.25],[-50.0,65.11],[-49.09,64.5],[-48.47,63.5],[-47.24,62.5],[-44.0,61.41],[-43.5,62.01],[-43.36,63.0],[-42.53,63.75],[-41.83,65.5],[-41.5,65.71],[-39.6,66.25],[-39.0,66.84],[-36.0,67.13],[-35.0,67.46],[-33.92,68.0],[-34.09,68.25],[-33.75,69.07],[-33.25,68.86],[-32.75,69.08],[-31.75,68.73],[-30.75,69.12],[-30.25,68.94],[-29.75,69.17],[-28.59,69.0],[-28.74,69.75],[-31.55,69.75],[-30.75,71.25],[-31.36,71.75],[-31.35,72.0],[-29.75,72.86],[-29.0,73.0],[-29.27,73.5],[-28.66,73.75],[-28.8,74.0],[-25.0,75.25],[-24.72,75.5],[-25.13,76.0],[-25.08,76.25],[-24.61,77.0],[-25.16,77.5],[-24.86,78.0],[-25.02,78.25],[-27.27,79.75],[-26.86,80.0],[-27.32,80.25],[-28.0,80.3],[-29.5,81.02],[-31.5,81.42],[-33.77,81.5],[-34.0,81.8],[-34.92,82.0],[-31.5,82.15],[-31.05,82.25],[-32.07,82.5],[-30.25,82.91],[-27.48,83.0],[-28.75,83.15],[-29.5,83.52],[-34.75,84.01],[-42.5,84.17],[-46.0,84.05],[-56.75,83.04],[-62.25,83.13],[-64.01,83.5],[-63.97,83.75],[-57.25,84.79],[-55.75,85.18],[-55.53,85.5],[-56.78,86.25],[-59.12,86.75],[-66.21,87.5],[-91.0,88.28],[-125.5,88.46],[-157.75,88.1],[-180.0,87.13]]}},{"type":"Feature","properties":{"level":1016},"geometry":{"type":"LineString","coordinates":[[-101.14,22.0],[-100.33,22.0],[-100.5,22.28],[-101.5,22.44],[-101.6,22.25],[-101.14,22.0]]}},{"type":"Feature","properties":{"level":1016},"geometry":{"type":"LineString","coordinates":[[-105.03,23.75],[-104.79,23.75],[-104.75,24.5],[-104.95,25.25],[-105.25,24.82],[-105.73,25.25],[-105.25,25.79],[-104.97,25.75],[-104.96,26.0],[-105.5,26.14],[-105.75,26.64],[-106.0,26.63],[-106.25,26.25],[-106.05,25.25],[-105.03,23.75]]}},{"type":"Feature","properties":{"level":1016},"geometry":{"type":"LineString","coordinates":[[-99.85,23.75],[-99.75,23.58],[-99.31,23.75],[-99.59,24.75],[-100.66,26.75],[-101.5,27.03],[-101.94,28.5],[-101.74,29.0],[-102.34,29.25],[-102.5,29.57],[-103.27,29.75],[-103.25,30.01],[-102.75,29.84],[-102.13,30.25],[-102.26,30.5],[-103.5,30.35],[-104.25,30.99],[-104.48,30.5],[-105.0,30.34],[-106.0,30.84],[-106.34,30.5],[-106.35,29.75],[-107.0,29.66],[-107.22,29.5],[-106.9,29.25],[-107.0,29.05],[-107.85,28.75],[-107.11,28.5],[-107.7,27.75],[-107.0,27.31],[-106.69,27.75],[-106.75,28.42],[-106.0,28.35],[-105.75,28.93],[-104.5,29.11],[-104.0,28.68],[-103.78,28.75],[-103.8,29.5],[-103.0,29.35],[-102.59,28.5],[-102.75,28.12],[-103.05,28.25],[-103.0,28.05],[-102.5,26.78],[-102.0,26.63],[-102.33,26.25],[-101.74,25.75],[-102.36,25.5],[-101.5,25.07],[-100.75,25.24],[-99.85,23.75]]}},{"type":"Feature","properties":{"level":1016},"geometry":{"type":"LineString","coordinates":[[-103.83,24.75],[-103.48,24.75],[-103.07,25.25],[-103.98,25.75],[-104.5,25.74],[-104.68,25.5],[-104.0,25.36],[-104.1,25.0],[-103.83,24.75]]}},{"type":"Feature","properties":{"level":1016},"geometry":{"type":"LineString","coordinates":[[91.72,25.25],[92.97,25.25],[92.25,25.89],[91.12,25.75],[91.02,25.5],[91.72,25.25]]}},{"type":"Feature","properties":{"level":1016},"geometry":{"type":"LineString","coordinates":[[88.5,28.99],[87.49,29.25],[89.33,29.25],[88.5,28.99]]}},{"type":"Feature","properties":{"level":1016},"geometry":{"type":"LineString","coordinates":[[-3.12,29.25],[-2.93,29.25],[-3.12,29.25]]}},{"type":"Feature","properties":{"level":1016},"geometry":{"type":"LineString","coordinates":[[-100.41,30.25],[-99.0,30.26],[-98.73,30.5],[-99.1,30.75],[-99.0,30.87],[-98.25,30.97],[-98.0,31.55],[-97.55,31.75],[-97.73,32.25],[-97.0,32.06],[-95.5,33.19],[-95.15,33.75],[-95.25,34.44],[-94.65,34.5],[-95.16,34.75],[-95.0,34.88],[-94.75,34.93],[-94.0,34.33],[-93.0,34.42],[-90.25,35.58],[-88.75,35.87],[-87.81,35.5],[-87.75,35.21],[-87.0,34.8],[-87.08,34.25],[-86.74,33.75],[-86.5,33.55],[-86.0,33.86],[-85.75,33.22],[-83.75,32.81],[-83.5,32.56],[-80.5,32.92],[-79.75,32.67],[-76.25,33.41],[-73.5,33.43],[-70.75,33.85],[-70.0,33.47],[-68.5,34.3],[-66.57,34.75],[-64.56,36.25],[-64.6,37.25],[-65.03,37.75],[-65.5,39.0],[-67.25,40.97],[-69.0,41.86],[-70.75,41.9],[-71.87,42.75],[-72.54,43.5],[-72.25,45.0],[-72.75,45.42],[-74.25,45.94],[-76.35,48.75],[-77.87,50.25],[-78.75,50.51],[-79.36,50.25],[-80.38,49.0],[-80.39,48.25],[-80.75,47.53],[-81.75,47.5],[-82.08,47.25],[-82.52,46.0],[-83.75,44.25],[-85.75,43.04],[-86.0,42.96],[-86.3,43.25],[-87.5,41.74],[-88.0,41.66],[-91.59,39.0],[-91.5,38.5],[-92.34,37.75],[-94.25,36.54],[-95.2,36.25],[-95.9,35.5],[-97.7,34.5],[-97.75,33.75],[-98.89,32.5],[-99.5,32.25],[-99.5,31.74],[-98.75,31.78],[-98.66,31.25],[-100.25,30.66],[-100.41,30.25]]}},{"type":"Feature","properties":{"level":1016},"geometry":{"type":"LineString","coordinates":[[-10.0,30.15],[-10.0,30.5],[-9.75,30.65],[-8.82,30.5],[-9.0,30.2],[-10.0,30.15]]}},{"type":"Feature","properties":{"level":1016},"geometry":{"type":"LineString","coordinates":[[54.25,30.19],[53.27,31.0],[53.16,31.5],[53.5,31.52],[54.31,30.75],[54.5,30.25],[54.25,30.19]]}},{"type":"Feature","properties":{"level":1016},"geometry":{"type":"LineString","coordinates":[[82.0,31.99],[81.5,32.48],[81.0,32.05],[80.5,32.36],[80.0,32.29],[79.5,32.86],[79.75,32.97],[80.25,32.59],[81.0,32.5],[81.24,32.75],[81.0,32.97],[80.5,32.86],[80.25,33.12],[79.75,33.06],[78.97,33.75],[80.0,33.78],[80.5,34.19],[82.0,34.07],[82.25,34.44],[83.01,34.5],[82.75,34.51],[82.62,35.0],[83.0,35.14],[84.0,34.97],[84.5,35.39],[85.25,35.59],[86.17,35.25],[84.75,34.84],[83.75,34.0],[84.0,33.84],[84.5,33.98],[84.73,33.75],[84.33,33.5],[84.23,32.75],[84.7,32.25],[84.25,31.95],[83.25,32.28],[82.0,31.99]]}},{"type":"Feature","properties":{"level":1016},"geometry":{"type":"LineString","coordinates":[[-108.59,32.5],[-107.75,32.63],[-107.08,34.0],[-107.95,35.0],[-107.37,35.25],[-107.3,35.5],[-107.75,35.83],[-109.0,35.37],[-110.0,35.76],[-110.37,35.25],[-109.86,34.75],[-110.14,34.25],[-109.59,33.5],[-108.75,33.52],[-108.85,33.25],[-108.31,32.75],[-108.59,32.5]]}},{"type":"Feature","properties":{"level":1016},"geometry":{"type":"LineString","coordinates":[[-105.64,32.5],[-105.2,32.5],[-105.54,33.75],[-105.73,34.25],[-106.25,34.5],[-106.5,34.96],[-106.53,34.25],[-106.29,33.75],[-106.0,34.17],[-105.81,34.0],[-105.94,32.75],[-105.64,32.5]]}},{"type":"Feature","properties":{"level":1016},"geometry":{"type":"LineString","coordinates":[[-97.25,32.58],[-97.49,32.75],[-97.25,33.05],[-97.07,32.75],[-97.25,32.58]]}},{"type":"Feature","properties":{"level":1016},"geometry":{"type":"LineString","coordinates":[[-111.3,34.5],[-110.75,34.28],[-110.43,34.5],[-112.0,35.81],[-112.11,35.25],[-111.3,34.5]]}},{"type":"Feature","properties":{"level":1016},"geometry":{"type":"LineString","coordinates":[[1.0,35.49],[0.75,35.78],[1.39,36.25],[2.17,36.25],[1.0,35.49]]}},{"type":"Feature","properties":{"level":1016},"geometry":{"type":"LineString","coordinates":[[-7.0,35.74],[-7.55,36.25],[-7.88,37.25],[-8.5,37.4],[-9.16,38.75],[-8.5,39.7],[-7.64,40.25],[-8.18,40.5],[-7.72,41.5],[-7.8,42.0],[-8.1,42.25],[-7.73,43.5],[-8.38,43.5],[-8.53,44.25],[-6.25,47.63],[-4.22,48.75],[-3.48,49.5],[-3.5,50.01],[-2.75,50.04],[-2.0,50.42],[0.75,49.99],[0.8,50.5],[1.5,50.66],[2.5,50.24],[3.0,50.36],[3.5,49.97],[4.75,49.85],[6.25,49.09],[6.41,48.75],[5.6,48.25],[5.93,47.25],[4.95,46.0],[5.0,45.64],[4.5,45.75],[4.25,45.56],[3.75,45.92],[3.25,45.55],[2.5,45.84],[2.25,45.42],[2.0,45.75],[1.7,45.5],[1.75,45.27],[2.09,45.25],[1.92,44.75],[2.56,44.0],[2.64,43.25],[3.43,43.0],[3.97,42.5],[4.22,41.75],[3.69,41.25],[3.66,40.75],[2.75,40.5],[2.25,39.73],[1.5,40.1],[1.23,40.0],[1.53,39.75],[1.42,39.5],[1.03,39.25],[1.0,38.97],[0.35,38.75],[0.36,38.25],[-0.25,37.55],[-1.08,38.0],[0.22,38.75],[-0.71,39.5],[-0.54,40.0],[0.25,40.55],[0.25,40.84],[-0.25,40.62],[-1.25,41.05],[-3.25,41.34],[-4.5,40.59],[-5.75,40.39],[-5.75,40.14],[-4.77,40.0],[-5.38,39.5],[-5.12,39.0],[-5.25,38.52],[-5.75,38.18],[-6.8,38.0],[-6.0,37.73],[-4.9,37.75],[-5.96,36.5],[-6.25,35.68],[-6.5,35.51],[-7.0,35.74]]}},{"type":"Feature","properties":{"level":1016},"geometry":{"type":"LineString","coordinates":[[86.75,35.72],[86.46,36.0],[87.66,36.0],[86.75,35.72]]}},{"type":"Feature","properties":{"level":1016},"geometry":{"type":"LineString","coordinates":[[-40.0,36.21],[-40.35,36.5],[-40.23,37.0],[-39.75,37.3],[-39.25,37.2],[-39.0,36.75],[-39.16,36.5],[-40.0,36.21]]}},{"type":"Feature","properties":{"level":1016},"geometry":{"type":"LineString","coordinates":[[94.75,36.19],[91.75,36.75],[91.91,37.0],[91.71,37.25],[90.75,37.58],[90.58,37.75],[90.71,38.0],[90.35,38.25],[90.75,38.33],[91.75,37.87],[92.5,38.05],[93.5,37.71],[94.5,37.69],[95.5,37.05],[96.01,37.0],[94.75,36.19]]}},{"type":"Feature","properties":{"level":1016},"geometry":{"type":"LineString","coordinates":[[103.0,36.18],[103.25,36.54],[103.99,36.75],[103.91,37.0],[101.5,38.31],[100.5,38.45],[97.5,39.74],[97.0,39.61],[96.5,40.04],[96.0,39.79],[95.25,39.87],[94.0,39.59],[92.13,40.5],[93.0,40.89],[93.75,40.79],[93.95,41.0],[93.71,41.25],[94.0,42.0],[92.5,42.12],[91.8,42.75],[91.75,43.0],[92.0,43.19],[93.25,43.2],[94.78,42.5],[94.75,41.84],[96.5,41.03],[98.0,41.42],[98.54,42.0],[97.85,42.75],[98.85,43.0],[97.0,43.42],[96.59,44.0],[96.0,44.22],[95.5,44.09],[95.29,44.5],[95.75,45.14],[96.25,45.27],[98.25,44.85],[98.41,45.0],[97.25,45.31],[96.5,45.83],[94.5,45.8],[93.64,46.75],[92.25,47.18],[91.3,48.0],[91.08,49.0],[91.5,48.86],[91.75,49.5],[94.0,49.68],[94.5,50.11],[96.5,50.59],[97.75,50.18],[98.25,51.02],[98.87,51.0],[98.78,51.25],[99.0,51.37],[99.24,51.25],[99.01,50.75],[99.75,51.05],[100.0,50.66],[100.5,51.36],[100.81,51.25],[100.93,50.5],[101.39,50.0],[101.75,50.06],[103.25,48.96],[103.45,48.75],[103.21,48.5],[103.75,48.22],[105.75,48.55],[106.5,49.15],[108.02,48.75],[108.25,48.36],[109.75,48.53],[109.81,48.0],[110.78,47.5],[110.97,47.25],[110.75,47.06],[109.58,46.5],[110.0,46.44],[110.42,45.5],[110.85,45.25],[110.54,44.25],[107.75,42.62],[105.12,40.0],[106.75,40.47],[107.11,40.25],[106.75,39.52],[106.0,39.18],[105.71,38.75],[105.61,38.0],[105.79,37.75],[106.25,38.33],[106.4,38.0],[106.24,37.5],[105.75,37.13],[105.25,37.25],[105.0,36.93],[104.36,37.0],[104.5,36.79],[104.75,36.97],[104.71,36.5],[104.0,36.06],[103.0,36.18]]}},{"type":"Feature","properties":{"level":1016},"geometry":{"type":"LineString","coordinates":[[80.75,36.41],[80.25,36.75],[79.5,36.75],[77.0,37.49],[76.43,38.0],[76.57,38.25],[75.47,39.0],[75.22,39.5],[76.78,40.25],[79.25,40.75],[79.59,41.0],[79.22,41.25],[79.5,41.51],[81.5,41.49],[84.0,42.05],[85.75,41.84],[86.5,42.0],[87.25,41.25],[89.25,40.93],[90.18,40.25],[90.21,39.75],[89.88,39.25],[88.75,39.05],[86.0,37.73],[83.1,36.75],[80.75,36.41]]}},{"type":"Feature","properties":{"level":1016},"geometry":{"type":"LineString","coordinates":[[46.25,36.73],[45.44,37.0],[45.09,37.5],[45.25,38.12],[46.25,38.03],[45.93,37.75],[46.25,37.25],[46.25,36.73]]}},{"type":"Feature","properties":{"level":1016},"geometry":{"type":"LineString","coordinates":[[88.25,36.67],[88.25,37.1],[89.25,37.09],[89.46,37.25],[89.2,37.5],[89.5,37.61],[90.38,37.25],[90.25,36.86],[88.25,36.67]]}},{"type":"Feature","properties":{"level":1016},"geometry":{"type":"LineString","coordinates":[[-0.25,36.98],[0.0,37.23],[0.19,37.0],[0.0,36.83],[-0.25,36.98]]}},{"type":"Feature","properties":{"level":1016},"geometry":{"type":"LineString","coordinates":[[-158.5,37.45],[-158.5,37.69],[-158.5,37.45]]}},{"type":"Feature","properties":{"level":1016},"geometry":{"type":"LineString","coordinates":[[-157.75,37.65],[-158.06,38.0],[-157.51,38.75],[-155.59,40.0],[-154.75,41.24],[-153.5,41.58],[-153.22,41.5],[-153.42,41.25],[-153.25,41.05],[-152.43,41.0],[-152.1,41.5],[-151.39,41.75],[-150.25,42.9],[-149.75,42.61],[-148.58,42.5],[-150.5,40.86],[-152.5,40.07],[-156.0,38.06],[-157.75,37.65]]}},{"type":"Feature","properties":{"level":1016},"geometry":{"type":"LineString","coordinates":[[-116.52,37.75],[-116.25,37.73],[-116.34,38.25],[-115.75,38.79],[-115.0,38.9],[-114.75,38.57],[-114.5,39.03],[-114.18,38.75],[-114.07,39.5],[-113.82,39.75],[-114.28,40.0],[-114.38,41.25],[-114.62,41.5],[-114.19,41.75],[-114.25,42.32],[-114.75,42.05],[-116.0,42.2],[-116.25,41.56],[-116.75,41.6],[-117.09,41.25],[-116.5,41.09],[-116.23,40.75],[-116.25,40.0],[-116.5,40.21],[-118.02,39.5],[-117.75,38.54],[-116.52,37.75]]}},{"type":"Feature","properties":{"level":1016},"geometry":{"type":"LineString","coordinates":[[94.25,37.91],[92.9,38.75],[92.91,39.0],[93.3,39.0],[93.75,38.64],[94.4,38.75],[94.17,38.5],[94.61,38.0],[94.25,37.91]]}},{"type":"Feature","properties":{"level":1016},"geometry":{"type":"LineString","coordinates":[[3.25,39.69],[3.25,39.89],[3.25,39.69]]}},{"type":"Feature","properties":{"level":1016},"geometry":{"type":"LineString","coordinates":[[2.11,41.75],[2.61,41.75],[2.69,42.5],[2.25,42.81],[-0.5,43.01],[-0.73,42.75],[2.16,42.0],[2.11,41.75]]}},{"type":"Feature","properties":{"level":1016},"geometry":{"type":"LineString","coordinates":[[89.5,42.46],[88.84,42.75],[88.76,43.0],[89.77,43.0],[89.8,42.5],[89.5,42.46]]}},{"type":"Feature","properties":{"level":1016},"geometry":{"type":"LineString","coordinates":[[-148.5,42.56],[-148.5,42.8],[-148.13,42.75],[-148.5,42.56]]}},{"type":"Feature","properties":{"level":1016},"geometry":{"type":"LineString","coordinates":[[104.32,43.0],[105.25,42.78],[105.63,43.0],[104.75,43.04],[103.5,43.81],[102.79,43.75],[104.32,43.0]]}},{"type":"Feature","properties":{"level":1016},"geometry":{"type":"LineString","coordinates":[[-152.0,45.47],[-152.25,45.78],[-152.0,45.83],[-151.72,45.5],[-152.0,45.47]]}},{"type":"Feature","properties":{"level":1016},"geometry":{"type":"LineString","coordinates":[[-116.5,49.45],[-116.66,49.5],[-116.44,50.0],[-116.5,50.85],[-115.82,50.0],[-116.12,49.75],[-115.7,49.5],[-115.75,49.25],[-116.5,49.45]]}},{"type":"Feature","properties":{"level":1016},"geometry":{"type":"LineString","coordinates":[[166.5,63.94],[166.36,64.0],[167.31,64.0],[166.75,63.81],[166.5,63.94]]}},{"type":"Feature","properties":{"level":1016},"geometry":{"type":"LineString","coordinates":[[-68.15,64.5],[-67.75,64.3],[-67.39,64.5],[-67.75,64.92],[-68.5,65.18],[-68.89,65.0],[-68.75,64.56],[-68.5,64.72],[-68.15,64.5]]}},{"type":"Feature","properties":{"level":1016},"geometry":{"type":"LineString","coordinates":[[-176.75,65.59],[-176.71,66.0],[-176.25,66.12],[-176.26,65.75],[-176.75,65.59]]}},{"type":"Feature","properties":{"level":1016},"geometry":{"type":"LineString","coordinates":[[-176.5,66.99],[-176.25,67.23],[-176.25,66.93],[-176.5,66.99]]}},{"type":"Feature","properties":{"level":1016},"geometry":{"type":"LineString","coordinates":[[-176.0,67.19],[-176.23,67.25],[-175.85,67.25],[-176.0,67.19]]}},{"type":"Feature","properties":{"level":1016},"geometry":{"type":"LineString","coordinates":[[-83.87,67.25],[-83.61,67.25],[-83.87,67.25]]}},{"type":"Feature","properties":{"level":1016},"geometry":{"type":"LineString","coordinates":[[-70.0,67.96],[-69.87,68.25],[-69.5,68.31],[-68.63,68.0],[-70.0,67.96]]}},{"type":"Feature","properties":{"level":1016},"geometry":{"type":"LineString","coordinates":[[180.0,68.88],[176.75,69.38],[174.0,69.12],[172.25,69.35],[171.97,69.25],[172.27,68.75],[171.91,68.25],[170.75,67.96],[165.5,69.09],[163.5,68.89],[162.75,69.03],[162.03,68.5],[161.96,67.75],[162.75,67.15],[161.0,67.25],[160.0,67.89],[158.9,67.75],[159.25,67.38],[160.89,67.0],[160.75,66.67],[160.21,66.5],[160.51,66.25],[160.05,66.0],[160.75,65.89],[162.0,65.05],[162.02,64.75],[161.45,64.5],[162.74,64.25],[163.25,63.64],[163.75,63.58],[164.82,64.0],[166.0,64.07],[166.21,64.0],[165.7,63.75],[166.5,63.31],[168.21,63.25],[168.06,62.75],[168.33,62.5],[167.25,61.5],[167.3,61.0],[166.91,60.5],[166.91,60.25],[167.66,59.75],[167.94,58.0],[166.98,56.25],[165.97,55.25],[166.2,54.25],[165.3,52.75],[165.08,51.75],[165.35,51.25],[165.11,50.0],[165.34,49.25],[165.0,48.47],[161.75,44.62],[158.63,41.5],[158.02,40.0],[157.51,37.5],[157.28,34.75],[157.72,33.25],[157.47,32.25],[157.55,31.25],[158.27,29.5],[159.5,29.32],[159.75,28.94],[160.75,28.57],[165.0,29.54],[166.75,29.64],[168.25,29.13],[170.72,27.75],[171.55,26.75],[172.33,26.25],[173.25,25.0],[175.75,22.96],[178.75,21.66],[180.0,21.54]]}},{"type":"Feature","properties":{"level":1016},"geometry":{"type":"LineString","coordinates":[[-180.0,79.19],[-174.38,77.75],[-173.46,77.25],[-173.08,76.5],[-174.83,72.0],[-175.42,71.0],[-175.83,69.25],[-175.75,67.9],[-176.0,67.68],[-177.5,67.91],[-180.0,68.88]]}},{"type":"Feature","properties":{"level":1016},"geometry":{"type":"LineString","coordinates":[[-24.25,80.0],[-22.19,80.0],[-23.3,80.25],[-22.97,80.5],[-24.64,81.25],[-26.5,81.58],[-26.99,81.25],[-26.91,81.0],[-25.62,80.25],[-24.25,80.0]]}},{"type":"Feature","properties":{"level":1016},"geometry":{"type":"LineString","coordinates":[[-21.74,80.25],[-20.71,80.25],[-21.74,80.25]]}},{"type":"Feature","properties":{"level":1016},"geometry":{"type":"LineString","coordinates":[[-29.27,81.5],[-28.25,81.31],[-27.51,81.5],[-28.25,81.89],[-29.79,81.75],[-29.27,81.5]]}},{"type":"Feature","properties":{"level":1016},"geometry":{"type":"LineString","coordinates":[[-28.7,83.5],[-27.51,83.5],[-28.7,83.5]]}},{"type":"Feature","properties":{"level":1016},"geometry":{"type":"LineString","coordinates":[[180.0,87.13],[173.76,86.5],[169.5,85.7],[167.07,84.75],[166.51,84.25],[166.2,83.5],[167.13,82.25],[169.25,81.31],[172.55,80.5],[180.0,79.19]]}},{"type":"Feature","properties":{"level":1020},"geometry":{"type":"LineString","coordinates":[[94.57,-86.75],[105.64,-86.75],[112.27,-86.5],[123.0,-85.28],[128.0,-84.25],[129.17,-83.5],[127.9,-82.75],[130.08,-81.75],[133.35,-81.0],[132.78,-80.75],[129.21,-80.5],[129.65,-80.25],[132.75,-79.28],[137.0,-78.8],[139.75,-78.16],[141.75,-78.12],[145.0,-77.42],[145.79,-77.0],[141.5,-76.71],[129.25,-76.57],[122.25,-77.07],[114.25,-77.02],[109.25,-76.65],[103.5,-75.78],[102.64,-75.25],[101.13,-75.0],[94.5,-74.46],[91.0,-75.15],[89.0,-74.99],[88.25,-75.34],[87.25,-75.29],[83.46,-76.25],[81.75,-76.99],[76.75,-77.53],[75.25,-78.27],[72.5,-77.72],[70.25,-77.94],[67.5,-77.75],[65.5,-77.89],[64.0,-77.75],[60.5,-76.65],[57.63,-76.25],[54.55,-75.0],[54.4,-74.5],[55.65,-73.0],[55.62,-72.0],[53.75,-71.74],[42.25,-73.96],[33.0,-76.04],[32.26,-76.5],[32.25,-77.0],[33.3,-78.25],[34.45,-79.0],[34.61,-79.25],[34.45,-79.5],[33.25,-80.1],[30.3,-81.0],[30.01,-81.5],[26.98,-82.25],[16.75,-83.07],[9.0,-83.36],[-4.05,-85.0],[-1.5,-85.62],[0.68,-85.75],[-0.17,-86.0],[1.61,-86.25],[6.25,-86.08],[16.75,-86.55],[20.59,-86.5],[30.25,-85.42],[42.25,-85.21],[57.75,-85.71],[69.5,-85.73],[94.57,-86.75]]}},{"type":"Feature","properties":{"level":1020},"geometry":{"type":"LineString","coordinates":[[-74.5,-52.75],[-73.5,-52.97],[-73.21,-52.75],[-73.75,-52.71],[-74.96,-52.0],[-74.75,-51.72],[-74.25,-51.92],[-73.79,-51.5],[-74.25,-51.15],[-74.66,-51.25],[-74.75,-50.65],[-73.75,-50.98],[-73.5,-52.04],[-73.5,-51.5],[-72.94,-51.0],[-73.2,-50.25],[-72.96,-49.5],[-73.25,-49.14],[-73.5,-49.68],[-73.75,-48.87],[-73.85,-50.0],[-74.5,-50.44],[-74.81,-50.0],[-75.37,-49.75],[-77.35,-47.0],[-78.61,-45.75],[-82.14,-43.5],[-85.03,-40.75],[-86.87,-38.25],[-87.72,-36.5],[-89.5,-31.07],[-90.5,-29.66],[-91.25,-29.41],[-93.25,-27.43],[-93.32,-26.5],[-95.25,-25.01],[-96.75,-24.25],[-101.0,-22.72],[-103.5,-22.79],[-104.0,-23.2],[-104.5,-23.2],[-104.75,-23.92],[-105.25,-24.03],[-105.5,-24.41],[-106.25,-24.56],[-106.6,-25.0],[-107.25,-25.23],[-107.5,-25.79],[-108.25,-26.4],[-109.25,-26.51],[-109.78,-27.5],[-110.0,-27.6],[-110.5,-27.2],[-110.75,-27.97],[-112.0,-28.07],[-113.0,-29.08],[-113.31,-28.75],[-114.19,-30.75],[-114.85,-31.5],[-115.11,-33.0],[-114.75,-34.5],[-114.25,-35.17],[-113.91,-36.25],[-109.5,-40.57],[-101.5,-45.72],[-98.0,-47.37],[-90.0,-50.04],[-87.5,-50.24],[-85.25,-50.0],[-82.75,-50.31],[-74.75,-52.45],[-74.5,-52.75]]}},{"type":"Feature","properties":{"level":1020},"geometry":{"type":"LineString","coordinates":[[-68.16,-51.25],[-68.0,-51.49],[-67.75,-51.27],[-67.8,-51.0],[-69.0,-50.77],[-69.0,-51.14],[-68.5,-51.02],[-68.16,-51.25]]}},{"type":"Feature","properties":{"level":1020},"geometry":{"type":"LineString","coordinates":[[62.19,-51.25],[67.25,-51.05],[71.23,-50.5],[75.0,-49.53],[78.93,-48.25],[87.2,-45.0],[89.61,-44.0],[91.28,-43.0],[97.0,-38.75],[99.23,-36.25],[99.3,-35.5],[97.72,-33.75],[98.03,-32.75],[98.25,-32.57],[98.58,-32.75],[98.51,-32.5],[99.0,-32.03],[99.75,-32.09],[100.75,-31.43],[103.5,-31.46],[105.25,-30.39],[105.75,-30.32],[106.25,-30.67],[107.95,-29.0],[107.75,-27.61],[108.0,-27.36],[108.25,-27.67],[108.5,-27.15],[107.91,-27.0],[108.0,-26.25],[107.55,-25.25],[107.21,-25.0],[107.47,-24.5],[107.49,-23.5],[106.46,-22.5],[106.5,-21.7],[105.3,-21.25],[105.0,-20.78],[104.0,-20.18],[101.5,-19.71],[99.75,-19.84],[96.75,-19.52],[94.75,-20.43],[93.5,-20.59],[91.25,-21.47],[90.25,-21.54],[89.19,-22.5],[89.45,-23.5],[89.29,-24.25],[89.84,-25.25],[89.97,-27.5],[88.75,-27.89],[88.25,-27.83],[87.75,-28.16],[87.25,-27.92],[86.13,-28.75],[84.5,-29.42],[82.0,-29.64],[78.0,-29.02],[74.25,-27.74],[72.98,-27.0],[71.13,-24.5],[69.25,-22.48],[67.0,-21.35],[66.5,-20.72],[66.0,-20.89],[65.0,-20.01],[64.75,-20.35],[63.5,-19.32],[63.0,-19.76],[62.0,-18.79],[61.63,-18.75],[61.5,-19.03],[59.0,-17.96],[57.75,-17.94],[55.75,-16.49],[54.5,-16.06],[54.0,-16.22],[53.19,-15.5],[52.5,-15.44],[51.0,-14.64],[49.75,-13.49],[49.5,-13.41],[48.97,-13.75],[48.5,-14.38],[48.55,-15.25],[48.27,-16.0],[46.66,-18.0],[46.41,-19.25],[46.41,-20.0],[46.63,-20.25],[46.38,-20.5],[46.5,-21.09],[45.75,-21.57],[45.28,-22.5],[45.9,-23.5],[45.75,-24.05],[46.42,-24.25],[46.85,-25.5],[46.5,-26.16],[45.25,-27.42],[42.25,-29.13],[40.41,-31.5],[39.76,-33.0],[39.53,-37.0],[40.53,-39.5],[42.96,-42.75],[45.3,-45.0],[48.07,-47.0],[52.05,-49.0],[55.74,-50.25],[58.0,-50.77],[62.19,-51.25]]}},{"type":"Feature","properties":{"level":1020},"geometry":{"type":"LineString","coordinates":[[-69.01,-50.5],[-69.0,-50.71],[-68.82,-50.5],[-69.01,-50.5]]}},{"type":"Feature","properties":{"level":1020},"geometry":{"type":"LineString","coordinates":[[-75.25,-50.41],[-75.25,-50.07],[-74.91,-50.25],[-75.25,-50.41]]}},{"type":"Feature","properties":{"level":1020},"geometry":{"type":"LineString","coordinates":[[144.24,-50.25],[146.75,-50.34],[149.0,-49.88],[150.75,-49.09],[152.78,-47.5],[154.44,-44.0],[154.72,-41.25],[155.69,-39.0],[155.88,-36.0],[156.78,-34.5],[156.44,-33.5],[155.66,-32.75],[153.5,-31.46],[152.86,-30.75],[152.71,-30.25],[152.0,-29.82],[149.0,-30.69],[146.5,-28.05],[144.0,-27.01],[140.5,-27.43],[139.5,-27.07],[138.75,-27.1],[137.25,-25.88],[136.5,-25.63],[135.0,-25.63],[134.75,-25.27],[130.0,-25.49],[129.73,-27.5],[129.25,-28.18],[128.75,-28.11],[127.75,-28.81],[127.5,-28.76],[126.43,-30.0],[125.41,-32.25],[125.57,-35.5],[125.25,-37.5],[125.66,-38.25],[125.63,-39.25],[126.0,-39.54],[126.21,-40.5],[129.0,-43.36],[134.75,-47.22],[139.75,-49.27],[141.75,-49.86],[144.24,-50.25]]}},{"type":"Feature","properties":{"level":1020},"geometry":{"type":"LineString","coordinates":[[-66.99,-48.75],[-66.5,-48.81],[-66.13,-48.5],[-66.5,-48.44],[-66.99,-48.75]]}},{"type":"Feature","properties":{"level":1020},"geometry":{"type":"LineString","coordinates":[[-66.12,-48.25],[-65.94,-48.25],[-66.12,-48.25]]}},{"type":"Feature","properties":{"level":1020},"geometry":{"type":"LineString","coordinates":[[-65.8,-48.0],[-65.75,-47.73],[-65.8,-48.0]]}},{"type":"Feature","properties":{"level":1020},"geometry":{"type":"LineString","coordinates":[[-66.36,-47.0],[-65.5,-47.18],[-64.5,-46.4],[-64.27,-46.0],[-64.46,-45.5],[-63.19,-45.0],[-62.89,-44.75],[-62.99,-44.25],[-61.0,-43.0],[-61.09,-42.75],[-63.5,-42.69],[-64.79,-43.25],[-65.31,-43.75],[-65.32,-44.25],[-65.75,-44.75],[-67.31,-45.5],[-67.51,-46.0],[-67.09,-46.25],[-67.11,-46.75],[-66.36,-47.0]]}},{"type":"Feature","properties":{"level":1020},"geometry":{"type":"LineString","coordinates":[[-180.0,-45.83],[-177.75,-48.32],[-176.0,-49.32],[-174.5,-49.81],[-171.75,-50.33],[-168.0,-50.53],[-165.25,-50.28],[-163.75,-49.88],[-159.75,-48.32],[-153.11,-44.75],[-145.69,-40.0],[-142.0,-37.85],[-140.56,-37.25],[-138.75,-35.86],[-137.76,-32.75],[-138.43,-30.25],[-141.01,-27.25],[-141.75,-25.57],[-144.39,-24.25],[-145.25,-23.71],[-146.0,-22.81],[-147.33,-22.25],[-148.0,-21.63],[-149.5,-21.35],[-150.0,-20.9],[-151.75,-20.2],[-153.5,-19.96],[-154.75,-20.21],[-157.25,-20.04],[-162.5,-19.23],[-166.75,-19.57],[-170.5,-20.48],[-172.0,-21.27],[-174.02,-21.25],[-174.75,-21.82],[-175.75,-21.64],[-176.5,-22.21],[-178.5,-22.64],[-179.5,-23.44],[-180.0,-23.51]]}},{"type":"Feature","properties":{"level":1020},"geometry":{"type":"LineString","coordinates":[[17.38,-40.75],[24.25,-40.33],[25.5,-40.11],[26.5,-39.49],[26.75,-39.76],[27.26,-39.0],[27.13,-38.75],[27.62,-38.25],[27.88,-37.25],[27.75,-35.75],[27.24,-34.25],[28.25,-33.67],[29.27,-32.0],[29.31,-31.5],[29.0,-31.3],[28.0,-31.35],[27.25,-31.83],[26.5,-31.99],[25.5,-31.75],[25.0,-32.01],[24.25,-31.67],[23.75,-31.99],[23.0,-31.7],[20.75,-32.24],[20.25,-32.63],[19.5,-32.34],[19.25,-32.84],[19.16,-32.5],[18.75,-32.43],[18.3,-31.75],[19.14,-30.75],[17.0,-29.85],[15.15,-28.25],[13.5,-27.48],[9.25,-23.53],[4.25,-21.45],[-0.47,-20.25],[-6.0,-19.96],[-9.25,-20.28],[-13.5,-20.18],[-17.25,-20.47],[-18.75,-20.79],[-20.75,-20.73],[-21.75,-21.3],[-25.5,-21.46],[-26.43,-21.75],[-26.75,-22.17],[-28.17,-22.5],[-28.5,-23.03],[-29.36,-23.5],[-29.64,-24.0],[-29.85,-25.75],[-29.43,-27.0],[-28.0,-28.4],[-25.5,-28.97],[-23.75,-29.81],[-14.15,-33.0],[-8.5,-35.69],[-4.5,-37.13],[-3.0,-38.05],[-2.25,-38.03],[4.75,-40.23],[6.75,-40.23],[11.0,-40.71],[14.0,-40.37],[17.0,-40.52],[17.38,-40.75]]}},{"type":"Feature","properties":{"level":1020},"geometry":{"type":"LineString","coordinates":[[-46.15,-37.5],[-45.5,-37.62],[-43.5,-37.0],[-43.23,-35.5],[-43.0,-35.43],[-42.5,-35.72],[-42.21,-36.5],[-41.5,-36.94],[-40.75,-37.01],[-39.25,-36.43],[-39.0,-36.08],[-38.5,-36.24],[-38.33,-36.0],[-38.4,-35.75],[-39.66,-35.0],[-40.0,-34.4],[-40.15,-34.5],[-39.87,-35.25],[-40.21,-35.25],[-40.71,-34.75],[-40.41,-34.5],[-40.72,-34.0],[-41.25,-33.71],[-41.58,-33.75],[-41.5,-34.55],[-42.25,-34.9],[-42.75,-34.63],[-43.0,-35.08],[-43.41,-34.75],[-43.62,-34.0],[-44.25,-33.56],[-45.27,-34.0],[-45.09,-34.75],[-45.25,-35.19],[-46.5,-35.31],[-47.0,-35.01],[-48.97,-35.75],[-49.0,-36.1],[-48.19,-36.25],[-48.66,-36.5],[-48.56,-36.75],[-48.25,-36.65],[-46.15,-37.5]]}},{"type":"Feature","properties":{"level":1020},"geometry":{"type":"LineString","coordinates":[[180.0,-36.34],[178.92,-35.75],[178.36,-35.0],[178.14,-34.0],[178.37,-33.0],[178.72,-32.5],[180.0,-31.52]]}},{"type":"Feature","properties":{"level":1020},"geometry":{"type":"LineString","coordinates":[[-37.87,-35.75],[-37.57,-35.75],[-37.87,-35.75]]}},{"type":"Feature","properties":{"level":1020},"geometry":{"type":"LineString","coordinates":[[-38.54,-34.5],[-38.38,-34.5],[-38.5,-34.15],[-38.54,-34.5]]}},{"type":"Feature","properties":{"level":1020},"geometry":{"type":"LineString","coordinates":[[-34.07,-33.75],[-33.89,-33.75],[-34.07,-33.75]]}},{"type":"Feature","properties":{"level":1020},"geometry":{"type":"LineString","coordinates":[[-36.37,-33.0],[-36.0,-33.21],[-35.71,-33.0],[-36.0,-32.83],[-36.37,-33.0]]}},{"type":"Feature","properties":{"level":1020},"geometry":{"type":"LineString","coordinates":[[-180.0,-31.52],[-179.0,-31.32],[-177.75,-31.83],[-176.75,-32.83],[-176.59,-33.75],[-176.83,-34.75],[-177.5,-35.7],[-178.75,-36.37],[-180.0,-36.34]]}},{"type":"Feature","properties":{"level":1020},"geometry":{"type":"LineString","coordinates":[[91.25,-29.77],[90.0,-29.17],[90.75,-28.79],[92.0,-29.25],[91.77,-29.75],[91.25,-29.77]]}},{"type":"Feature","properties":{"level":1020},"geometry":{"type":"LineString","coordinates":[[161.96,-29.25],[162.08,-28.75],[161.75,-28.26],[161.52,-28.75],[161.96,-29.25]]}},{"type":"Feature","properties":{"level":1020},"geometry":{"type":"LineString","coordinates":[[-175.25,-28.84],[-175.25,-28.55],[-175.25,-28.84]]}},{"type":"Feature","properties":{"level":1020},"geometry":{"type":"LineString","coordinates":[[161.2,-28.75],[161.48,-28.75],[161.44,-28.5],[161.12,-28.5],[161.2,-28.75]]}},{"type":"Feature","properties":{"level":1020},"geometry":{"type":"LineString","coordinates":[[-175.25,-28.44],[-175.25,-28.11],[-175.25,-28.44]]}},{"type":"Feature","properties":{"level":1020},"geometry":{"type":"LineString","coordinates":[[180.0,-23.51],[179.5,-23.48],[178.25,-24.13],[177.75,-24.0],[176.25,-24.29],[175.0,-25.02],[173.0,-25.37],[172.25,-25.4],[169.0,-24.57],[168.5,-24.83],[167.25,-24.8],[166.5,-25.14],[166.0,-24.98],[165.0,-25.34],[164.5,-24.8],[164.0,-24.74],[163.71,-25.25],[163.76,-26.25],[163.41,-26.75],[162.7,-27.0],[162.3,-28.0],[162.75,-28.83],[163.35,-29.25],[163.28,-29.75],[163.53,-30.25],[165.5,-31.63],[166.75,-33.13],[168.75,-36.26],[171.11,-38.5],[171.81,-39.5],[172.02,-40.0],[172.0,-41.34],[170.36,-43.25],[170.75,-43.34],[172.0,-42.85],[173.26,-41.75],[173.43,-41.0],[172.83,-40.75],[174.0,-40.68],[175.0,-41.03],[176.25,-40.75],[178.0,-42.42],[180.0,-45.83]]}},{"type":"Feature","properties":{"level":1020},"geometry":{"type":"LineString","coordinates":[[136.74,-4.0],[138.34,-4.0],[136.74,-4.0]]}},{"type":"Feature","properties":{"level":1020},"geometry":{"type":"LineString","coordinates":[[39.33,6.75],[39.75,6.62],[40.22,7.0],[39.62,7.5],[39.93,8.25],[39.33,8.0],[39.04,7.5],[39.0,6.85],[39.33,6.75]]}},{"type":"Feature","properties":{"level":1020},"geometry":{"type":"LineString","coordinates":[[103.65,19.25],[104.29,19.25],[103.79,19.75],[104.8,19.75],[104.5,20.5],[104.84,20.75],[104.51,21.0],[104.66,21.5],[104.25,22.43],[105.0,22.58],[106.25,22.11],[108.0,23.85],[108.5,23.9],[108.93,24.25],[108.81,24.5],[109.25,24.74],[110.0,24.56],[110.25,24.0],[112.5,24.15],[113.0,24.42],[114.25,24.13],[116.5,25.12],[118.75,25.36],[120.0,26.44],[121.75,27.2],[122.79,28.5],[123.46,30.75],[123.35,32.0],[123.64,33.0],[123.16,34.0],[122.07,35.0],[122.1,35.5],[122.71,36.0],[123.07,37.0],[123.53,37.25],[123.21,38.75],[124.25,39.84],[125.75,40.08],[126.5,39.7],[129.0,40.89],[129.54,42.0],[129.51,42.5],[128.9,42.75],[129.0,43.31],[128.31,43.25],[127.8,43.5],[128.5,43.7],[127.99,44.0],[128.5,44.17],[128.5,44.35],[127.48,44.25],[127.25,43.85],[125.75,42.74],[124.75,42.71],[123.25,41.71],[122.34,41.5],[121.93,41.0],[122.0,40.49],[121.0,40.48],[121.0,41.0],[121.79,41.75],[121.39,42.25],[120.75,42.02],[119.25,42.35],[118.6,43.0],[119.29,44.0],[120.14,44.5],[120.66,45.25],[120.79,45.5],[120.4,46.0],[121.05,46.25],[120.5,46.45],[118.4,45.75],[116.73,44.5],[115.5,43.89],[114.15,42.5],[112.5,42.09],[111.75,42.26],[110.69,41.75],[110.5,41.38],[109.5,41.52],[109.45,40.75],[110.21,40.25],[109.06,40.0],[108.76,39.5],[108.96,39.0],[108.61,38.5],[109.08,38.0],[107.62,37.25],[107.25,36.51],[106.75,36.71],[106.34,36.0],[105.75,36.22],[104.89,35.25],[105.18,34.75],[104.65,34.75],[102.19,36.0],[102.42,36.25],[101.86,36.5],[102.0,36.73],[102.75,36.69],[102.92,37.0],[102.91,37.25],[102.5,37.5],[98.5,39.23],[97.75,39.08],[97.5,39.35],[97.26,39.25],[97.36,39.0],[97.0,38.97],[96.34,39.5],[96.48,39.0],[96.25,38.79],[95.75,38.85],[95.11,38.25],[96.0,37.34],[97.0,37.52],[98.37,37.0],[98.01,36.0],[95.5,36.13],[94.75,35.89],[93.0,36.38],[92.25,36.26],[91.25,36.72],[90.75,36.64],[90.5,36.24],[90.22,36.25],[90.41,35.75],[90.2,35.5],[90.63,35.25],[90.5,34.41],[90.0,34.41],[89.75,34.11],[89.0,34.18],[88.5,33.57],[88.0,33.84],[87.7,33.75],[87.44,33.25],[88.25,33.42],[88.25,32.77],[87.01,32.5],[87.31,32.25],[88.25,32.2],[88.75,32.58],[90.0,32.52],[90.75,32.36],[90.79,32.0],[88.75,31.26],[88.25,31.64],[88.08,31.5],[88.68,31.0],[87.75,30.76],[86.5,29.99],[86.25,30.42],[86.0,30.01],[84.25,30.64],[83.5,31.19],[82.75,31.15],[81.5,31.73],[81.0,31.67],[80.5,32.04],[80.25,31.6],[80.0,31.99],[80.11,31.25],[79.72,31.25],[79.18,31.75],[79.42,32.5],[78.38,32.75],[78.57,33.0],[78.32,33.25],[78.56,33.5],[78.48,33.75],[78.25,33.86],[78.0,33.41],[76.67,34.25],[77.41,34.5],[76.97,34.75],[77.25,34.87],[78.5,34.2],[78.94,34.5],[78.36,35.5],[77.3,36.25],[77.5,36.34],[79.5,35.74],[80.5,35.12],[82.0,35.08],[83.5,35.86],[84.75,35.87],[86.5,36.71],[87.5,36.3],[87.74,36.5],[87.0,37.12],[88.0,37.44],[88.88,37.25],[88.75,37.84],[88.0,38.26],[87.75,38.04],[86.81,38.0],[85.25,37.17],[81.0,36.13],[80.31,36.25],[80.25,36.55],[80.16,36.25],[79.75,36.24],[78.0,36.95],[76.75,36.97],[76.5,37.4],[76.0,36.64],[75.75,37.25],[75.12,37.25],[75.0,37.82],[74.75,37.42],[73.76,38.0],[73.8,38.5],[74.25,38.87],[75.62,38.0],[76.0,37.41],[75.89,38.5],[74.96,39.25],[74.85,39.75],[78.0,40.85],[79.5,41.77],[80.25,41.65],[82.75,42.37],[85.0,42.2],[86.25,42.69],[87.25,42.5],[87.63,42.75],[87.62,43.0],[88.75,43.41],[94.19,43.25],[94.22,43.5],[93.5,44.14],[92.32,44.75],[92.75,44.98],[94.0,44.87],[94.32,45.25],[94.0,45.74],[91.75,46.5],[91.5,47.25],[91.0,47.4],[90.48,48.0],[90.5,48.5],[89.44,48.75],[89.35,49.0],[89.73,49.25],[88.94,49.75],[89.62,50.0],[89.01,50.5],[88.76,51.25],[88.5,51.45],[88.25,51.3],[88.25,52.01],[84.86,50.75],[84.0,50.65],[82.5,49.73],[80.75,49.13],[79.25,48.78],[77.25,48.81],[76.05,49.0],[78.07,50.25],[73.0,50.56],[70.0,50.18],[66.5,50.88],[64.5,50.68],[60.25,51.57],[58.75,51.49],[58.0,51.85],[57.88,52.75],[58.5,53.94],[58.44,54.25],[58.88,54.5],[58.75,54.63],[57.27,54.0],[56.54,53.25],[57.08,52.5],[57.16,51.5],[56.5,50.95],[51.5,50.34],[48.6,48.5],[46.75,48.32],[45.5,47.78],[42.25,48.23],[41.02,49.5],[40.0,49.82],[34.25,50.06],[31.5,49.92],[30.0,50.48],[28.25,50.77],[23.5,50.83],[22.75,50.72],[21.25,49.99],[19.0,49.81],[18.01,49.5],[17.85,49.25],[18.81,48.0],[18.61,47.5],[19.21,47.5],[19.36,47.25],[18.75,46.26],[18.25,46.43],[18.02,46.25],[19.0,46.1],[19.62,44.75],[17.53,45.0],[17.97,45.5],[17.5,45.77],[17.21,45.75],[16.98,45.25],[15.5,45.25],[15.25,45.5],[15.5,45.82],[14.17,46.75],[14.75,46.86],[15.0,46.51],[15.25,47.25],[15.97,47.5],[15.5,47.77],[12.25,47.18],[10.5,47.34],[9.75,46.94],[8.0,46.71],[7.0,46.03],[6.06,44.75],[6.69,44.0],[6.54,43.75],[9.0,44.05],[10.34,43.75],[10.84,42.75],[12.69,41.0],[12.96,38.25],[12.5,38.18],[12.1,35.5],[12.69,32.75],[12.37,32.5],[12.42,32.25],[10.75,31.88],[10.2,31.5],[11.08,30.25],[11.11,29.0],[14.5,27.69],[15.0,27.14],[16.5,27.33],[17.5,26.41],[19.75,26.61],[20.5,26.95],[22.52,28.75],[22.28,29.75],[22.75,30.25],[23.75,30.24],[25.0,30.66],[27.5,30.58],[27.52,31.0],[26.8,31.5],[25.26,34.0],[24.4,34.5],[24.5,34.86],[25.25,34.75],[26.25,35.25],[25.82,35.5],[24.95,37.25],[25.23,38.75],[26.0,39.58],[26.88,39.5],[27.25,39.09],[29.75,39.25],[29.75,38.99],[30.7,39.25],[30.7,39.75],[31.46,40.25],[33.0,40.43],[33.5,40.81],[34.5,40.72],[35.0,40.38],[36.5,40.06],[40.5,40.52],[41.05,40.25],[40.0,40.06],[38.87,39.25],[40.25,39.25],[40.75,38.7],[41.19,38.75],[41.3,39.0],[41.59,38.75],[41.39,38.5],[43.0,37.0],[44.51,37.5],[44.85,38.0],[44.93,38.75],[44.75,38.96],[43.86,39.5],[43.25,40.31],[42.58,40.5],[43.25,40.93],[43.75,40.94],[44.0,40.75],[43.84,40.5],[44.75,40.36],[45.0,39.98],[45.58,39.75],[45.81,38.75],[46.08,38.5],[47.4,38.25],[47.56,38.75],[47.52,38.25],[47.9,37.75],[48.48,37.5],[48.7,36.75],[49.25,36.15],[50.25,36.59],[51.0,35.96],[52.75,35.4],[53.99,35.75],[54.25,36.28],[55.5,36.07],[55.86,36.75],[56.75,37.07],[57.5,37.02],[58.3,36.0],[58.25,35.71],[57.59,35.75],[59.9,34.5],[61.0,34.3],[61.44,34.5],[61.5,34.76],[62.77,34.25],[62.1,34.0],[63.0,33.5],[64.0,33.55],[64.5,33.22],[66.25,33.97],[67.25,34.08],[66.81,33.25],[67.0,32.89],[67.91,33.5],[68.1,34.0],[68.89,34.75],[68.75,35.03],[71.0,35.11],[71.75,35.44],[72.25,35.11],[73.0,35.1],[74.5,33.43],[75.25,33.41],[75.67,32.75],[76.0,32.77],[76.38,32.25],[77.25,31.81],[77.51,31.25],[79.75,30.05],[80.5,29.91],[83.0,28.32],[84.5,28.26],[86.5,27.42],[87.0,27.31],[87.25,27.53],[88.0,27.1],[88.5,27.42],[89.75,26.91],[91.25,27.14],[91.75,26.95],[93.0,27.58],[93.25,27.28],[93.5,27.39],[93.47,28.0],[95.0,28.71],[96.46,28.0],[97.0,27.1],[97.25,27.68],[98.0,27.57],[98.29,26.0],[97.96,25.0],[98.75,24.77],[99.01,25.0],[99.09,24.75],[99.0,24.55],[98.75,24.7],[98.75,24.24],[99.25,24.55],[99.5,24.47],[99.51,23.0],[99.75,22.76],[100.11,22.75],[100.5,24.05],[101.0,23.36],[101.19,23.5],[101.2,24.5],[101.75,24.66],[102.32,23.5],[101.72,23.5],[101.97,23.0],[103.0,22.39],[103.25,22.53],[104.47,21.0],[103.5,20.26],[103.78,20.0],[103.47,19.5],[103.65,19.25]]}},{"type":"Feature","properties":{"level":1020},"geometry":{"type":"LineString","coordinates":[[18.45,20.0],[18.73,20.0],[18.82,20.25],[19.0,21.81],[18.15,20.75],[18.45,20.0]]}},{"type":"Feature","properties":{"level":1020},"geometry":{"type":"LineString","coordinates":[[-180.0,27.15],[-175.75,27.59],[-174.09,28.5],[-172.86,29.5],[-172.71,29.75],[-173.0,30.25],[-172.14,30.5],[-169.69,32.0],[-169.86,32.5],[-169.21,33.75],[-168.5,34.54],[-166.71,35.25],[-166.25,35.72],[-164.96,36.0],[-164.5,36.82],[-163.75,37.03],[-163.0,37.82],[-162.0,38.25],[-161.67,39.5],[-162.28,42.0],[-163.01,42.5],[-165.3,45.25],[-165.87,46.25],[-167.23,50.0],[-168.0,51.35],[-171.2,54.75],[-172.0,56.43],[-173.25,58.01],[-174.25,58.88],[-175.5,59.48],[-178.25,59.82],[-180.0,59.71]]}},{"type":"Feature","properties":{"level":1020},"geometry":{"type":"LineString","coordinates":[[57.34,29.0],[57.84,29.25],[57.72,30.0],[57.27,30.75],[56.25,31.63],[56.11,31.5],[57.21,30.25],[57.0,29.78],[55.75,29.96],[56.5,29.19],[57.34,29.0]]}},{"type":"Feature","properties":{"level":1020},"geometry":{"type":"LineString","coordinates":[[87.5,28.94],[86.75,29.1],[86.25,29.5],[86.25,29.97],[86.5,29.66],[87.25,29.62],[87.5,30.17],[88.0,29.68],[89.0,29.73],[90.0,29.27],[90.5,29.33],[91.25,30.08],[91.76,30.0],[91.34,29.5],[91.75,29.19],[90.75,28.98],[90.0,29.2],[89.0,28.77],[87.5,28.94]]}},{"type":"Feature","properties":{"level":1020},"geometry":{"type":"LineString","coordinates":[[51.88,30.25],[53.09,30.75],[51.75,31.84],[50.75,32.01],[50.49,32.75],[50.75,32.8],[51.0,33.41],[51.81,33.5],[51.25,33.82],[50.5,33.34],[49.0,34.07],[49.59,33.5],[49.1,33.25],[50.25,31.9],[50.75,31.99],[51.0,30.74],[51.5,30.67],[51.88,30.25]]}},{"type":"Feature","properties":{"level":1020},"geometry":{"type":"LineString","coordinates":[[-26.92,31.0],[-24.75,30.83],[-21.5,31.26],[-17.46,33.25],[-17.67,34.0],[-16.0,37.25],[-15.89,38.75],[-14.72,40.0],[-12.29,43.5],[-11.18,46.0],[-10.03,47.5],[-9.6,48.5],[-5.87,52.0],[-4.75,52.85],[-3.75,53.09],[-3.64,53.25],[-4.25,54.25],[-4.09,55.25],[-7.5,55.98],[-11.62,56.5],[-19.5,57.15],[-27.25,57.48],[-32.5,56.94],[-33.75,56.55],[-34.5,55.98],[-35.38,54.75],[-35.86,51.5],[-36.64,49.25],[-36.73,47.5],[-38.44,44.5],[-38.95,41.25],[-38.42,40.0],[-36.63,38.5],[-33.1,34.0],[-28.5,31.44],[-26.92,31.0]]}},{"type":"Feature","properties":{"level":1020},"geometry":{"type":"LineString","coordinates":[[-8.88,31.0],[-7.75,30.77],[-7.25,31.25],[-5.5,31.72],[-4.57,32.5],[-6.0,32.46],[-6.25,31.97],[-8.88,31.0]]}},{"type":"Feature","properties":{"level":1020},"geometry":{"type":"LineString","coordinates":[[60.24,32.0],[60.57,32.5],[60.35,32.75],[60.47,33.25],[60.25,33.93],[59.75,34.44],[59.5,34.14],[58.5,34.04],[59.21,33.25],[59.23,32.75],[60.24,32.0]]}},{"type":"Feature","properties":{"level":1020},"geometry":{"type":"LineString","coordinates":[[-5.4,33.0],[-3.95,33.5],[-3.7,34.75],[-5.01,35.0],[-4.34,34.25],[-6.0,33.41],[-6.06,33.25],[-5.75,33.39],[-5.4,33.0]]}},{"type":"Feature","properties":{"level":1020},"geometry":{"type":"LineString","coordinates":[[75.0,33.6],[74.19,34.25],[74.21,34.5],[75.0,34.09],[75.29,33.75],[75.0,33.6]]}},{"type":"Feature","properties":{"level":1020},"geometry":{"type":"LineString","coordinates":[[85.63,34.25],[86.0,34.06],[86.31,34.5],[85.75,34.77],[85.14,34.5],[85.63,34.25]]}},{"type":"Feature","properties":{"level":1020},"geometry":{"type":"LineString","coordinates":[[108.0,34.25],[108.07,34.5],[109.5,34.91],[110.23,34.75],[109.0,34.2],[108.0,34.25]]}},{"type":"Feature","properties":{"level":1020},"geometry":{"type":"LineString","coordinates":[[76.25,34.48],[75.97,35.0],[75.16,35.5],[75.25,35.79],[76.54,35.25],[76.65,35.0],[76.34,34.75],[76.66,34.5],[76.25,34.48]]}},{"type":"Feature","properties":{"level":1020},"geometry":{"type":"LineString","coordinates":[[6.24,35.0],[8.0,34.82],[8.15,35.0],[8.0,35.3],[7.5,35.18],[6.25,35.6],[5.75,35.55],[6.24,35.0]]}},{"type":"Feature","properties":{"level":1020},"geometry":{"type":"LineString","coordinates":[[73.5,35.45],[73.75,35.73],[74.29,35.75],[73.9,36.0],[74.06,36.25],[74.77,36.25],[74.59,36.0],[74.94,35.5],[74.25,35.28],[73.5,35.45]]}},{"type":"Feature","properties":{"level":1020},"geometry":{"type":"LineString","coordinates":[[-145.85,35.75],[-145.5,35.51],[-144.75,35.61],[-141.25,36.56],[-133.5,37.12],[-130.75,38.03],[-129.44,39.25],[-127.0,42.76],[-123.46,46.25],[-123.53,46.5],[-122.75,46.43],[-121.99,47.0],[-121.67,47.75],[-122.06,48.75],[-121.29,49.5],[-123.62,49.75],[-123.79,50.5],[-123.47,50.75],[-124.25,51.0],[-124.75,51.48],[-125.5,51.45],[-125.5,51.79],[-125.91,51.75],[-125.9,52.0],[-126.41,52.25],[-126.75,52.95],[-127.25,53.34],[-128.07,53.5],[-127.57,55.25],[-127.25,55.71],[-126.96,55.75],[-127.5,55.85],[-127.75,56.19],[-128.25,55.8],[-128.75,55.81],[-129.0,56.35],[-129.75,56.62],[-130.0,56.12],[-130.72,56.0],[-130.07,55.75],[-130.62,55.25],[-130.5,54.79],[-129.29,55.25],[-129.7,55.5],[-129.5,55.89],[-129.0,55.75],[-129.0,55.18],[-128.5,55.73],[-128.09,55.5],[-128.1,55.25],[-128.95,55.0],[-129.0,54.72],[-129.75,54.64],[-129.96,54.0],[-130.39,53.75],[-130.12,52.5],[-132.18,51.25],[-132.75,50.65],[-135.25,49.86],[-136.82,49.0],[-137.17,48.5],[-136.91,47.75],[-137.14,47.5],[-143.29,43.0],[-147.34,39.0],[-147.73,38.25],[-147.0,37.96],[-146.63,37.5],[-146.9,36.25],[-145.85,35.75]]}},{"type":"Feature","properties":{"level":1020},"geometry":{"type":"LineString","coordinates":[[-76.45,35.75],[-75.75,35.55],[-75.0,35.78],[-72.52,37.25],[-72.05,37.75],[-71.9,39.25],[-73.0,40.01],[-73.5,40.15],[-74.25,39.93],[-74.44,40.25],[-76.5,41.06],[-78.25,40.95],[-79.25,41.22],[-80.25,40.98],[-80.58,40.5],[-80.32,40.25],[-79.75,40.11],[-78.75,40.41],[-78.59,40.0],[-79.04,39.5],[-78.66,39.25],[-79.1,38.25],[-78.9,38.0],[-79.25,37.93],[-79.9,37.0],[-79.5,36.61],[-78.5,36.33],[-76.75,36.15],[-76.45,35.75]]}},{"type":"Feature","properties":{"level":1020},"geometry":{"type":"LineString","coordinates":[[-165.25,36.07],[-165.25,36.31],[-165.25,36.07]]}},{"type":"Feature","properties":{"level":1020},"geometry":{"type":"LineString","coordinates":[[53.5,37.41],[53.12,37.75],[53.75,38.39],[54.75,38.55],[55.75,38.24],[55.84,38.0],[55.0,37.3],[53.5,37.41]]}},{"type":"Feature","properties":{"level":1020},"geometry":{"type":"LineString","coordinates":[[42.75,38.44],[42.55,38.5],[42.68,38.75],[43.66,39.0],[43.25,38.45],[42.75,38.44]]}},{"type":"Feature","properties":{"level":1020},"geometry":{"type":"LineString","coordinates":[[41.5,39.96],[41.86,40.25],[41.49,40.5],[41.67,40.75],[42.8,41.0],[42.04,40.25],[42.36,40.0],[41.5,39.96]]}},{"type":"Feature","properties":{"level":1020},"geometry":{"type":"LineString","coordinates":[[16.0,41.0],[16.0,41.39],[16.44,41.25],[16.0,41.0]]}},{"type":"Feature","properties":{"level":1020},"geometry":{"type":"LineString","coordinates":[[15.75,41.96],[15.75,42.13],[16.11,42.0],[15.75,41.96]]}},{"type":"Feature","properties":{"level":1020},"geometry":{"type":"LineString","coordinates":[[-76.29,42.25],[-75.83,42.25],[-76.05,42.75],[-75.72,43.25],[-76.0,44.15],[-79.0,43.87],[-79.57,43.5],[-79.25,43.03],[-78.5,43.3],[-77.16,43.0],[-76.29,42.25]]}},{"type":"Feature","properties":{"level":1020},"geometry":{"type":"LineString","coordinates":[[-79.84,42.5],[-78.84,42.75],[-79.5,42.94],[-79.99,42.75],[-79.84,42.5]]}},{"type":"Feature","properties":{"level":1020},"geometry":{"type":"LineString","coordinates":[[12.75,43.99],[9.25,44.98],[8.25,44.86],[7.75,44.4],[7.48,44.5],[7.44,45.0],[8.75,45.57],[9.25,45.39],[10.75,45.54],[11.0,45.33],[11.76,45.5],[13.2,44.75],[12.75,43.99]]}},{"type":"Feature","properties":{"level":1020},"geometry":{"type":"LineString","coordinates":[[20.0,44.71],[20.31,44.75],[20.0,44.71]]}},{"type":"Feature","properties":{"level":1020},"geometry":{"type":"LineString","coordinates":[[113.8,45.0],[115.0,44.8],[115.75,44.89],[116.09,45.25],[115.25,45.92],[114.0,45.88],[113.8,45.0]]}},{"type":"Feature","properties":{"level":1020},"geometry":{"type":"LineString","coordinates":[[120.38,46.75],[120.75,46.52],[121.5,46.83],[122.5,46.51],[124.5,47.16],[128.0,47.28],[129.0,47.05],[130.87,48.25],[131.36,50.25],[131.74,50.75],[131.85,51.75],[130.57,53.5],[130.95,53.75],[130.84,54.0],[129.7,55.25],[130.25,55.51],[131.0,55.32],[131.44,55.75],[130.5,56.14],[129.5,56.19],[129.5,56.76],[128.45,57.5],[128.73,58.0],[128.63,58.25],[127.95,58.5],[126.64,59.75],[124.0,63.19],[121.84,65.5],[120.0,66.2],[118.75,66.15],[111.5,67.04],[107.75,67.18],[100.25,67.01],[98.75,67.61],[97.61,68.5],[98.0,68.54],[98.5,68.16],[99.0,68.34],[99.25,67.82],[99.69,68.0],[99.51,68.5],[97.25,69.25],[96.0,69.07],[95.0,69.23],[94.34,69.75],[94.75,70.02],[93.25,70.03],[93.68,69.75],[92.0,69.57],[92.01,69.25],[91.5,69.25],[91.31,69.0],[91.29,68.75],[91.91,68.25],[91.46,68.0],[92.5,67.86],[92.67,67.25],[93.43,67.0],[92.55,66.25],[93.06,65.75],[93.17,65.0],[93.84,64.75],[93.11,64.0],[95.8,62.0],[96.48,61.0],[96.43,59.0],[97.13,58.75],[97.14,58.5],[96.15,57.5],[95.91,56.0],[95.2,55.25],[94.0,55.09],[93.3,54.75],[93.2,54.25],[93.71,53.75],[93.69,53.25],[94.22,52.75],[94.0,52.63],[92.75,53.01],[91.75,52.92],[90.77,52.75],[90.5,52.47],[88.86,52.25],[88.75,52.0],[89.75,51.83],[89.75,51.27],[90.0,51.08],[91.25,51.54],[91.25,50.98],[91.75,50.96],[92.75,51.41],[93.25,51.38],[93.75,51.99],[95.6,52.0],[95.75,52.43],[96.75,51.96],[99.0,52.6],[100.25,52.7],[102.26,52.0],[101.85,51.75],[102.0,51.69],[104.47,51.25],[103.8,51.0],[105.0,50.93],[105.24,51.0],[105.03,51.25],[105.25,51.4],[105.75,51.11],[106.25,51.23],[106.47,51.75],[105.5,51.6],[104.79,51.75],[107.23,53.25],[107.5,53.1],[108.25,53.34],[108.25,52.84],[108.75,52.48],[109.25,52.44],[109.75,53.09],[110.61,53.25],[110.75,53.76],[111.5,54.16],[111.75,53.6],[112.5,53.79],[112.94,53.5],[112.66,53.25],[112.75,52.98],[114.5,53.03],[114.02,52.75],[114.12,52.5],[115.0,52.26],[116.26,51.5],[117.0,50.18],[119.5,49.82],[120.27,49.0],[120.13,48.5],[120.93,47.75],[121.18,47.0],[120.38,46.75]]}},{"type":"Feature","properties":{"level":1020},"geometry":{"type":"LineString","coordinates":[[-123.75,47.49],[-124.13,47.75],[-123.99,48.0],[-123.08,47.75],[-123.5,47.42],[-123.75,47.49]]}},{"type":"Feature","properties":{"level":1020},"geometry":{"type":"LineString","coordinates":[[50.5,47.7],[50.5,48.22],[51.49,47.75],[51.0,47.54],[50.5,47.7]]}},{"type":"Feature","properties":{"level":1020},"geometry":{"type":"LineString","coordinates":[[97.25,52.99],[96.5,53.04],[96.26,53.5],[97.25,53.52],[97.63,53.25],[97.25,52.99]]}},{"type":"Feature","properties":{"level":1020},"geometry":{"type":"LineString","coordinates":[[108.5,53.46],[108.5,53.61],[108.5,53.46]]}},{"type":"Feature","properties":{"level":1020},"geometry":{"type":"LineString","coordinates":[[180.0,59.71],[175.0,59.87],[172.0,59.26],[170.68,56.75],[167.46,53.25],[167.39,52.5],[166.6,50.75],[166.5,49.5],[165.58,47.0],[162.75,43.87],[161.37,41.75],[160.11,38.75],[160.01,37.0],[160.53,35.0],[161.13,33.75],[163.25,32.39],[169.0,30.99],[174.25,28.37],[176.5,27.57],[178.5,27.1],[180.0,27.15]]}},{"type":"Feature","properties":{"level":1020},"geometry":{"type":"LineString","coordinates":[[170.73,62.0],[171.0,61.77],[171.8,62.0],[170.73,62.0]]}},{"type":"Feature","properties":{"level":1020},"geometry":{"type":"LineString","coordinates":[[-45.47,62.5],[-44.25,62.4],[-44.0,62.93],[-42.98,63.75],[-42.56,65.0],[-42.71,65.5],[-42.2,66.0],[-38.75,67.3],[-36.25,67.35],[-34.63,68.5],[-34.49,69.0],[-34.73,69.25],[-34.5,69.5],[-33.75,69.67],[-32.94,70.25],[-32.79,71.0],[-33.16,72.0],[-32.98,72.25],[-29.75,74.37],[-27.08,75.75],[-26.36,76.75],[-26.89,77.5],[-26.85,77.75],[-28.17,78.5],[-28.29,79.0],[-29.44,80.0],[-30.94,80.75],[-39.5,81.56],[-42.5,81.58],[-47.75,80.98],[-53.0,79.36],[-54.1,79.25],[-53.41,79.0],[-55.17,77.5],[-54.0,77.25],[-50.25,77.78],[-48.8,77.5],[-50.25,76.0],[-50.05,75.5],[-50.42,75.0],[-53.4,73.5],[-53.55,73.25],[-53.35,72.5],[-54.41,71.75],[-54.0,71.63],[-53.5,71.83],[-52.85,71.5],[-53.25,71.22],[-52.75,71.36],[-51.41,70.75],[-52.73,70.5],[-52.97,70.0],[-52.75,69.75],[-52.57,70.0],[-52.72,70.25],[-52.25,70.35],[-51.75,70.11],[-51.5,70.3],[-50.29,69.75],[-50.43,69.5],[-49.78,69.0],[-50.37,68.5],[-49.85,68.0],[-49.34,66.75],[-49.34,66.5],[-49.78,66.25],[-48.25,64.79],[-48.11,64.25],[-47.43,63.5],[-45.47,62.5]]}},{"type":"Feature","properties":{"level":1020},"geometry":{"type":"LineString","coordinates":[[133.03,64.5],[135.0,64.71],[135.25,65.0],[136.0,64.7],[136.81,64.75],[136.7,65.0],[137.0,65.39],[138.64,65.5],[137.9,66.0],[138.0,66.11],[140.25,65.64],[140.63,65.75],[140.12,66.25],[140.43,66.5],[139.48,66.75],[139.74,67.25],[139.0,67.6],[138.75,68.19],[138.27,68.25],[138.25,68.51],[137.25,68.63],[136.84,68.5],[136.74,68.0],[135.38,67.75],[135.5,67.5],[136.5,67.16],[136.75,66.61],[137.35,66.5],[136.75,66.37],[136.75,65.75],[135.5,65.63],[135.25,65.01],[134.0,65.32],[131.5,65.41],[130.25,66.49],[129.25,66.56],[129.01,66.75],[130.25,66.9],[130.63,67.25],[130.57,67.75],[129.44,68.0],[129.94,68.5],[129.75,68.57],[128.5,68.39],[127.5,68.55],[125.92,68.0],[126.19,67.75],[125.52,67.5],[125.22,67.0],[125.6,66.75],[125.75,65.93],[126.45,65.25],[127.49,64.75],[129.5,64.65],[130.5,64.97],[131.25,64.61],[133.03,64.5]]}},{"type":"Feature","properties":{"level":1020},"geometry":{"type":"LineString","coordinates":[[134.89,65.75],[135.5,65.9],[135.81,66.25],[135.25,66.59],[134.75,66.57],[135.13,66.25],[134.8,66.0],[134.89,65.75]]}},{"type":"Feature","properties":{"level":1020},"geometry":{"type":"LineString","coordinates":[[-72.11,70.0],[-71.49,70.0],[-72.75,70.66],[-73.75,70.83],[-74.25,71.39],[-76.88,71.5],[-76.39,71.0],[-72.11,70.0]]}},{"type":"Feature","properties":{"level":1020},"geometry":{"type":"LineString","coordinates":[[-162.3,72.25],[-159.5,72.15],[-154.25,72.56],[-153.37,72.75],[-153.03,73.5],[-153.75,74.08],[-155.75,74.84],[-159.75,75.6],[-162.0,75.63],[-163.74,74.75],[-163.99,74.25],[-163.61,74.0],[-164.25,73.78],[-164.34,73.5],[-163.86,72.75],[-162.3,72.25]]}},{"type":"Feature","properties":{"level":1020},"geometry":{"type":"LineString","coordinates":[[-60.54,76.25],[-58.5,76.13],[-56.5,77.25],[-56.0,77.89],[-55.36,78.0],[-57.36,78.25],[-57.62,78.75],[-58.5,78.98],[-60.25,79.11],[-68.25,78.35],[-69.22,78.0],[-67.81,77.5],[-69.21,77.0],[-67.5,76.99],[-64.75,77.49],[-64.11,77.25],[-64.16,76.75],[-60.54,76.25]]}},{"type":"Feature","properties":{"level":1020},"geometry":{"type":"LineString","coordinates":[[-82.4,77.0],[-82.0,76.83],[-80.57,77.25],[-82.22,77.75],[-82.25,78.25],[-82.5,78.38],[-84.37,78.25],[-84.21,77.75],[-83.0,77.51],[-82.4,77.0]]}},{"type":"Feature","properties":{"level":1020},"geometry":{"type":"LineString","coordinates":[[-67.25,77.45],[-67.44,77.5],[-66.65,77.5],[-67.25,77.45]]}},{"type":"Feature","properties":{"level":1020},"geometry":{"type":"LineString","coordinates":[[-79.72,77.75],[-79.0,77.68],[-78.61,78.0],[-79.25,78.2],[-80.15,78.0],[-79.72,77.75]]}},{"type":"Feature","properties":{"level":1020},"geometry":{"type":"LineString","coordinates":[[-84.77,78.0],[-84.46,78.0],[-84.77,78.0]]}},{"type":"Feature","properties":{"level":1020},"geometry":{"type":"LineString","coordinates":[[-70.65,78.0],[-69.75,77.96],[-69.5,78.25],[-71.57,78.25],[-70.65,78.0]]}},{"type":"Feature","properties":{"level":1020},"geometry":{"type":"LineString","coordinates":[[-78.55,78.25],[-77.5,78.16],[-76.22,78.5],[-76.75,78.82],[-78.0,78.96],[-79.78,78.5],[-78.55,78.25]]}},{"type":"Feature","properties":{"level":1020},"geometry":{"type":"LineString","coordinates":[[-75.76,79.75],[-73.88,79.75],[-75.5,79.93],[-75.76,79.75]]}},{"type":"Feature","properties":{"level":1020},"geometry":{"type":"LineString","coordinates":[[-73.26,80.0],[-72.59,80.0],[-73.94,80.25],[-73.26,80.0]]}},{"type":"Feature","properties":{"level":1020},"geometry":{"type":"LineString","coordinates":[[-76.55,80.25],[-75.75,80.01],[-75.21,80.25],[-76.0,80.41],[-76.55,80.25]]}},{"type":"Feature","properties":{"level":1020},"geometry":{"type":"LineString","coordinates":[[-62.26,80.5],[-61.53,80.5],[-62.26,80.5]]}},{"type":"Feature","properties":{"level":1020},"geometry":{"type":"LineString","coordinates":[[-60.97,80.5],[-59.13,80.5],[-60.75,80.9],[-61.59,80.75],[-61.5,80.52],[-60.97,80.5]]}},{"type":"Feature","properties":{"level":1020},"geometry":{"type":"LineString","coordinates":[[-84.53,81.0],[-81.06,81.0],[-83.75,81.27],[-84.31,81.25],[-84.53,81.0]]}},{"type":"Feature","properties":{"level":1020},"geometry":{"type":"LineString","coordinates":[[-160.9,83.75],[-155.5,83.66],[-129.1,84.25],[-124.25,84.59],[-121.78,85.0],[-121.93,85.25],[-122.5,85.36],[-125.5,85.65],[-134.5,85.79],[-157.0,85.15],[-159.66,85.0],[-162.72,84.5],[-162.38,84.0],[-160.9,83.75]]}},{"type":"Feature","properties":{"level":1024},"geometry":{"type":"LineString","coordinates":[[92.7,-86.25],[108.2,-86.25],[111.75,-85.99],[119.25,-84.94],[121.08,-84.5],[122.17,-83.75],[122.18,-83.5],[120.46,-83.25],[121.04,-83.0],[123.96,-82.75],[124.78,-82.5],[124.82,-82.25],[124.09,-81.75],[124.3,-81.5],[123.75,-81.37],[119.5,-81.67],[118.33,-81.5],[118.23,-81.25],[122.75,-80.66],[124.75,-81.02],[126.0,-80.91],[130.31,-79.25],[132.0,-78.15],[133.25,-77.8],[136.97,-77.5],[138.82,-77.0],[129.5,-76.89],[127.5,-77.28],[107.75,-77.48],[106.0,-77.69],[102.66,-77.25],[102.27,-77.0],[102.54,-76.75],[101.74,-76.25],[99.25,-75.46],[94.75,-75.03],[93.25,-75.23],[92.5,-75.72],[89.75,-76.1],[88.5,-75.79],[87.5,-75.96],[85.29,-76.5],[83.25,-77.5],[75.75,-78.78],[74.5,-78.81],[73.25,-78.38],[71.75,-78.54],[68.25,-78.2],[67.35,-78.25],[67.24,-78.5],[65.5,-78.5],[61.5,-78.06],[60.0,-77.61],[59.08,-77.0],[57.0,-76.66],[54.32,-75.75],[52.46,-74.0],[52.99,-73.5],[52.42,-73.0],[52.5,-72.75],[52.0,-72.62],[42.25,-74.24],[35.03,-75.75],[33.66,-76.25],[33.28,-76.5],[33.19,-77.0],[35.27,-78.5],[35.45,-79.25],[34.75,-79.79],[32.0,-81.0],[31.95,-81.25],[32.64,-82.0],[30.0,-82.25],[28.57,-82.75],[29.39,-83.5],[29.25,-83.56],[24.12,-84.0],[17.25,-84.07],[11.2,-84.5],[12.75,-84.83],[19.5,-85.03],[28.0,-84.87],[57.0,-85.26],[72.0,-85.18],[81.75,-85.92],[92.7,-86.25]]}},{"type":"Feature","properties":{"level":1024},"geometry":{"type":"LineString","coordinates":[[89.25,-79.26],[85.5,-78.8],[85.02,-78.5],[85.16,-78.25],[86.5,-77.95],[90.0,-77.73],[92.43,-78.0],[92.97,-78.75],[92.93,-79.0],[91.75,-79.25],[89.25,-79.26]]}},{"type":"Feature","properties":{"level":1024},"geometry":{"type":"LineString","coordinates":[[60.56,-50.25],[67.0,-50.15],[69.25,-49.81],[69.5,-49.44],[71.25,-49.38],[73.75,-48.8],[77.73,-47.5],[85.33,-44.25],[87.75,-42.9],[90.85,-40.75],[92.7,-39.0],[94.61,-36.5],[94.8,-35.5],[94.58,-34.75],[90.5,-32.69],[86.5,-31.65],[79.0,-30.95],[75.5,-30.17],[67.5,-26.88],[67.0,-26.46],[61.75,-25.14],[60.25,-24.58],[60.0,-24.24],[58.5,-23.91],[58.0,-24.12],[57.75,-23.72],[56.25,-23.84],[54.5,-23.53],[53.25,-23.82],[52.5,-23.41],[52.0,-23.95],[51.25,-23.78],[50.5,-24.2],[50.5,-24.53],[50.0,-24.71],[50.15,-25.25],[50.0,-25.47],[49.42,-25.5],[49.45,-25.75],[48.63,-26.5],[48.24,-27.5],[44.25,-31.25],[43.96,-32.0],[43.15,-32.75],[42.11,-35.25],[42.25,-37.5],[42.65,-38.75],[43.38,-40.5],[45.11,-42.75],[47.25,-44.91],[49.13,-46.25],[54.25,-48.84],[58.0,-49.86],[60.56,-50.25]]}},{"type":"Feature","properties":{"level":1024},"geometry":{"type":"LineString","coordinates":[[142.68,-48.0],[145.25,-48.21],[148.25,-47.82],[149.4,-47.25],[150.86,-45.25],[152.31,-42.25],[152.08,-40.5],[152.57,-39.0],[152.57,-38.25],[153.0,-37.5],[152.55,-36.75],[152.18,-35.25],[152.54,-34.0],[151.75,-32.58],[151.5,-32.36],[151.0,-32.44],[150.0,-32.93],[150.04,-32.5],[149.5,-32.47],[148.77,-33.0],[148.75,-34.05],[148.0,-33.85],[146.75,-32.46],[145.5,-32.32],[143.0,-30.9],[141.75,-30.87],[141.25,-31.12],[139.5,-29.99],[138.75,-30.47],[138.25,-31.2],[135.75,-30.49],[134.25,-31.55],[132.25,-31.53],[130.75,-32.49],[129.0,-34.52],[128.75,-35.85],[129.75,-39.1],[132.7,-43.25],[135.25,-45.32],[138.75,-46.83],[142.68,-48.0]]}},{"type":"Feature","properties":{"level":1024},"geometry":{"type":"LineString","coordinates":[[-92.27,-43.75],[-90.5,-43.89],[-89.25,-43.39],[-89.04,-43.25],[-89.18,-42.5],[-90.24,-40.5],[-91.0,-39.88],[-91.71,-37.5],[-93.5,-33.96],[-94.5,-32.64],[-95.5,-31.81],[-99.25,-29.49],[-99.46,-28.75],[-100.5,-29.02],[-101.24,-28.25],[-101.25,-27.96],[-103.0,-29.27],[-103.25,-28.93],[-104.0,-29.01],[-105.75,-30.61],[-107.0,-30.95],[-107.5,-31.75],[-108.12,-31.75],[-109.52,-33.25],[-110.0,-34.5],[-109.85,-35.5],[-109.14,-36.75],[-107.0,-38.87],[-105.25,-40.14],[-98.43,-43.0],[-94.5,-43.18],[-92.27,-43.75]]}},{"type":"Feature","properties":{"level":1024},"geometry":{"type":"LineString","coordinates":[[-180.0,-41.17],[-178.52,-44.0],[-177.61,-45.25],[-176.09,-46.75],[-174.75,-47.61],[-172.5,-48.31],[-170.0,-48.61],[-167.75,-48.6],[-164.5,-48.12],[-162.0,-47.29],[-159.24,-46.0],[-149.41,-40.0],[-144.0,-35.69],[-143.33,-34.75],[-142.94,-32.75],[-143.75,-30.62],[-144.5,-29.75],[-146.21,-28.25],[-149.0,-26.95],[-149.54,-26.25],[-150.35,-25.75],[-154.25,-24.77],[-155.25,-24.91],[-156.5,-24.49],[-157.75,-24.59],[-158.25,-24.37],[-163.25,-23.88],[-167.25,-24.67],[-167.75,-24.99],[-169.75,-25.45],[-170.25,-25.29],[-171.0,-26.18],[-171.25,-26.03],[-172.0,-26.47],[-173.5,-29.16],[-173.55,-30.25],[-173.78,-30.5],[-173.61,-31.0],[-173.77,-31.25],[-173.7,-32.75],[-174.25,-33.08],[-174.85,-35.25],[-175.5,-36.25],[-176.85,-37.5],[-179.76,-38.75],[-180.0,-39.86]]}},{"type":"Feature","properties":{"level":1024},"geometry":{"type":"LineString","coordinates":[[180.0,-39.86],[180.0,-41.17]]}},{"type":"Feature","properties":{"level":1024},"geometry":{"type":"LineString","coordinates":[[175.67,-39.5],[176.0,-39.73],[176.75,-38.96],[178.03,-38.25],[178.23,-37.75],[177.25,-38.03],[176.5,-37.92],[175.85,-37.5],[175.75,-37.01],[174.88,-38.5],[175.0,-39.12],[175.67,-39.5]]}},{"type":"Feature","properties":{"level":1024},"geometry":{"type":"LineString","coordinates":[[10.97,-38.25],[19.0,-37.44],[21.75,-35.96],[23.0,-34.81],[24.32,-34.0],[23.5,-33.58],[22.25,-33.38],[20.5,-33.69],[20.0,-33.56],[19.25,-33.81],[18.75,-34.3],[18.25,-34.22],[16.75,-33.41],[15.25,-31.57],[13.5,-30.82],[12.75,-30.25],[11.75,-29.99],[9.0,-27.94],[6.75,-26.65],[2.96,-25.0],[-3.0,-24.42],[-4.0,-24.78],[-7.5,-24.99],[-9.25,-25.43],[-9.91,-26.25],[-10.5,-26.48],[-10.75,-27.12],[-12.75,-26.61],[-13.75,-27.33],[-15.45,-27.25],[-14.31,-28.25],[-14.25,-28.58],[-14.85,-28.5],[-13.73,-29.75],[-9.44,-31.75],[-8.25,-32.99],[-6.57,-34.0],[-4.61,-34.75],[-3.75,-35.42],[-2.0,-36.17],[-0.5,-36.42],[1.25,-37.27],[2.0,-37.24],[3.0,-37.75],[7.25,-38.2],[9.5,-37.9],[10.97,-38.25]]}},{"type":"Feature","properties":{"level":1024},"geometry":{"type":"LineString","coordinates":[[-102.78,-28.5],[-102.75,-28.19],[-102.78,-28.5]]}},{"type":"Feature","properties":{"level":1024},"geometry":{"type":"LineString","coordinates":[[100.93,26.75],[101.25,27.06],[102.25,27.37],[102.5,26.8],[102.82,26.75],[102.75,27.11],[103.25,26.63],[103.3,27.0],[103.75,27.37],[103.42,28.0],[103.33,29.0],[102.91,29.25],[103.0,29.5],[102.56,29.75],[102.56,30.0],[104.0,31.38],[104.25,32.01],[104.78,32.5],[104.25,34.08],[102.5,35.49],[100.75,35.8],[100.5,35.47],[98.75,36.27],[98.81,36.0],[98.5,35.6],[98.0,35.39],[97.5,35.6],[97.0,35.35],[96.89,35.5],[97.36,35.75],[94.0,35.55],[93.75,35.91],[93.0,36.1],[92.85,36.0],[93.0,35.59],[95.43,35.25],[95.0,34.95],[94.0,35.14],[93.06,35.0],[93.76,34.75],[93.55,34.5],[93.75,34.25],[92.25,33.35],[92.09,33.0],[92.64,32.5],[92.0,32.36],[91.75,31.75],[92.25,31.59],[93.0,32.26],[94.08,31.75],[94.46,31.25],[93.25,30.94],[92.76,30.25],[92.71,29.75],[92.12,29.5],[92.06,29.0],[91.0,28.9],[90.5,28.62],[90.25,28.77],[89.25,28.09],[86.5,28.46],[84.25,29.3],[84.0,28.98],[83.75,29.46],[83.25,29.57],[82.83,30.25],[83.06,30.5],[82.75,30.8],[81.25,30.54],[80.25,30.77],[78.95,31.5],[78.75,32.12],[78.74,31.75],[78.25,31.42],[78.32,31.75],[77.98,32.25],[78.35,32.5],[77.5,32.98],[76.72,33.75],[76.76,34.0],[75.62,34.5],[75.58,35.0],[75.29,35.25],[75.0,35.07],[74.5,35.23],[74.25,35.01],[73.47,35.25],[73.75,34.71],[74.25,34.98],[75.0,34.81],[75.5,33.63],[76.07,33.25],[76.63,32.25],[77.25,32.21],[77.5,31.73],[78.42,31.0],[79.25,30.64],[79.75,30.72],[79.75,30.21],[80.75,30.12],[81.25,29.72],[82.0,29.99],[82.44,29.5],[82.36,29.25],[82.98,29.0],[82.96,28.75],[83.25,28.62],[85.25,28.36],[87.0,27.58],[87.25,27.76],[88.25,27.43],[88.5,27.67],[89.75,27.18],[89.61,27.5],[90.0,27.79],[90.25,27.4],[91.5,27.57],[92.0,27.2],[93.5,28.4],[95.25,29.27],[95.23,28.75],[96.0,28.82],[96.64,28.25],[96.75,27.7],[98.0,27.95],[99.0,27.04],[99.25,27.24],[100.24,27.25],[100.25,27.92],[100.88,27.25],[100.93,26.75]]}},{"type":"Feature","properties":{"level":1024},"geometry":{"type":"LineString","coordinates":[[-180.0,31.2],[-178.88,31.25],[-178.25,31.72],[-176.5,32.19],[-172.75,33.79],[-169.18,36.75],[-169.25,37.25],[-169.0,37.7],[-168.06,38.25],[-167.29,39.25],[-167.64,39.75],[-167.4,40.75],[-167.87,43.5],[-168.94,45.75],[-169.39,48.0],[-170.19,49.5],[-177.25,55.68],[-180.0,56.55]]}},{"type":"Feature","properties":{"level":1024},"geometry":{"type":"LineString","coordinates":[[106.68,33.5],[107.25,33.68],[108.57,33.5],[108.55,33.75],[107.5,34.04],[106.77,34.0],[106.68,33.5]]}},{"type":"Feature","properties":{"level":1024},"geometry":{"type":"LineString","coordinates":[[64.47,34.25],[65.22,34.25],[64.98,34.5],[65.25,34.63],[66.27,34.5],[66.08,34.75],[66.25,34.82],[68.25,34.54],[68.38,35.0],[69.0,35.33],[69.75,35.56],[71.0,35.44],[71.22,36.0],[72.42,36.75],[72.06,37.0],[72.25,37.28],[72.56,37.25],[72.37,37.5],[72.67,38.0],[71.25,37.97],[71.17,38.25],[71.75,38.57],[71.75,38.15],[72.75,38.41],[73.25,39.29],[74.12,39.5],[74.0,39.77],[74.89,40.0],[75.25,40.39],[76.5,40.49],[77.0,40.89],[77.75,41.0],[77.75,41.51],[79.08,41.75],[78.75,42.29],[77.75,41.85],[75.5,42.06],[75.25,42.12],[75.25,42.37],[77.75,42.9],[79.5,42.54],[79.56,42.0],[80.0,41.76],[82.04,42.25],[82.75,42.67],[85.75,42.79],[85.99,43.0],[85.89,43.25],[84.75,43.63],[84.61,44.0],[84.87,44.25],[84.5,44.92],[82.25,44.71],[81.98,45.0],[82.5,45.27],[83.25,45.07],[83.32,45.5],[84.25,45.53],[84.46,46.0],[84.32,46.25],[86.5,47.1],[86.5,47.42],[85.55,47.75],[85.89,48.25],[88.0,48.2],[89.33,47.25],[89.55,46.5],[88.45,45.75],[89.0,45.21],[89.25,45.37],[90.25,45.13],[90.83,45.25],[90.84,45.75],[90.23,46.5],[90.1,47.25],[90.28,47.5],[89.0,48.44],[88.52,48.5],[88.62,48.75],[87.0,49.87],[85.5,50.25],[84.94,49.25],[84.19,49.0],[84.25,48.81],[84.5,48.99],[85.08,48.25],[85.29,47.75],[85.11,47.5],[84.25,47.59],[83.67,47.25],[82.53,47.5],[82.25,47.77],[81.0,47.58],[78.75,46.61],[78.0,46.52],[77.0,46.9],[75.75,46.73],[73.25,46.96],[72.0,47.3],[71.0,47.26],[68.0,46.92],[66.25,45.94],[65.59,46.0],[65.25,46.37],[64.25,46.61],[62.75,46.62],[60.25,45.99],[58.5,44.88],[58.0,44.88],[58.17,44.0],[57.93,43.25],[56.5,43.0],[56.74,41.75],[57.0,41.39],[57.04,41.75],[57.75,41.81],[57.75,41.3],[57.39,41.25],[58.0,41.18],[58.48,40.5],[59.5,39.89],[61.75,38.79],[62.5,38.66],[63.58,39.0],[65.0,40.37],[66.5,40.29],[67.16,39.75],[67.32,39.25],[66.93,38.75],[67.0,38.41],[68.75,38.75],[70.0,38.66],[70.39,37.5],[70.83,37.0],[69.75,36.56],[68.75,35.61],[68.5,35.59],[68.25,36.05],[67.5,36.27],[67.25,35.91],[65.75,36.04],[64.31,35.5],[64.84,35.25],[63.59,34.5],[64.47,34.25]]}},{"type":"Feature","properties":{"level":1024},"geometry":{"type":"LineString","coordinates":[[77.72,34.75],[78.0,34.57],[78.16,34.75],[77.5,35.88],[77.0,36.06],[76.17,35.75],[76.75,35.37],[77.0,34.88],[77.25,35.27],[77.72,34.75]]}},{"type":"Feature","properties":{"level":1024},"geometry":{"type":"LineString","coordinates":[[-26.63,35.25],[-24.5,35.13],[-22.25,35.79],[-21.25,36.52],[-19.3,39.0],[-18.27,42.0],[-12.91,47.75],[-11.48,50.0],[-10.97,52.25],[-11.75,53.22],[-13.5,54.05],[-16.25,54.89],[-22.75,55.87],[-26.0,55.99],[-30.5,55.35],[-31.75,54.79],[-33.09,53.75],[-33.77,52.5],[-34.2,49.75],[-34.26,47.0],[-35.27,43.5],[-35.05,41.5],[-33.38,39.25],[-32.63,39.0],[-32.79,38.5],[-31.98,37.75],[-30.79,37.0],[-26.63,35.25]]}},{"type":"Feature","properties":{"level":1024},"geometry":{"type":"LineString","coordinates":[[72.44,35.25],[72.86,35.25],[73.16,35.75],[73.0,35.97],[72.12,35.75],[72.44,35.25]]}},{"type":"Feature","properties":{"level":1024},"geometry":{"type":"LineString","coordinates":[[80.55,35.25],[82.0,35.18],[82.91,35.75],[82.25,35.86],[81.75,35.61],[79.0,36.39],[78.8,36.25],[79.0,36.08],[79.25,36.25],[80.55,35.25]]}},{"type":"Feature","properties":{"level":1024},"geometry":{"type":"LineString","coordinates":[[74.75,36.0],[75.0,35.84],[75.25,36.15],[76.0,35.91],[76.25,36.25],[75.5,36.81],[75.5,36.5],[74.75,36.0]]}},{"type":"Feature","properties":{"level":1024},"geometry":{"type":"LineString","coordinates":[[59.97,36.5],[59.75,36.99],[59.0,37.19],[58.87,37.0],[59.97,36.5]]}},{"type":"Feature","properties":{"level":1024},"geometry":{"type":"LineString","coordinates":[[100.7,37.0],[101.0,36.88],[101.78,37.25],[101.81,37.5],[101.0,38.04],[99.5,38.35],[98.96,38.25],[98.5,37.79],[98.75,37.34],[99.25,37.08],[100.0,37.26],[100.7,37.0]]}},{"type":"Feature","properties":{"level":1024},"geometry":{"type":"LineString","coordinates":[[70.5,39.98],[69.25,40.32],[68.99,40.5],[69.1,40.75],[69.25,40.88],[69.75,40.5],[72.25,41.46],[73.28,40.75],[72.75,40.41],[70.5,39.98]]}},{"type":"Feature","properties":{"level":1024},"geometry":{"type":"LineString","coordinates":[[48.08,41.0],[48.54,41.0],[47.5,41.45],[47.86,41.75],[47.0,42.42],[45.75,42.89],[45.25,42.61],[45.0,42.9],[44.25,42.91],[43.5,43.35],[42.63,43.25],[42.75,42.79],[44.25,42.63],[44.75,42.31],[45.25,42.44],[48.08,41.0]]}},{"type":"Feature","properties":{"level":1024},"geometry":{"type":"LineString","coordinates":[[74.75,41.19],[75.0,41.59],[75.75,41.58],[76.14,41.25],[75.5,41.01],[74.75,41.19]]}},{"type":"Feature","properties":{"level":1024},"geometry":{"type":"LineString","coordinates":[[41.74,43.5],[42.02,43.5],[42.0,43.82],[40.5,44.0],[40.75,43.7],[41.74,43.5]]}},{"type":"Feature","properties":{"level":1024},"geometry":{"type":"LineString","coordinates":[[89.25,43.5],[90.19,43.5],[88.5,44.19],[87.86,44.0],[89.25,43.5]]}},{"type":"Feature","properties":{"level":1024},"geometry":{"type":"LineString","coordinates":[[82.25,45.49],[81.43,46.0],[81.41,46.25],[82.43,46.5],[82.23,46.75],[82.56,46.75],[82.25,45.49]]}},{"type":"Feature","properties":{"level":1024},"geometry":{"type":"LineString","coordinates":[[121.93,48.5],[123.0,48.4],[125.0,49.0],[127.75,48.87],[128.56,49.25],[128.51,50.75],[128.08,51.5],[128.05,52.5],[127.57,53.5],[127.94,54.0],[126.39,55.5],[126.64,56.0],[126.29,56.5],[126.76,57.0],[126.88,57.5],[124.15,59.25],[123.18,60.5],[121.5,61.69],[120.25,62.01],[118.64,63.0],[111.68,65.0],[111.95,65.25],[111.5,65.52],[111.0,65.17],[109.5,65.58],[107.0,65.26],[103.14,65.5],[103.66,64.75],[102.82,64.75],[102.88,63.75],[102.51,63.0],[102.69,62.75],[102.24,62.0],[102.52,61.75],[102.89,60.25],[103.66,60.0],[103.75,59.73],[105.25,58.89],[106.47,57.75],[106.61,57.25],[105.38,57.25],[105.31,57.5],[105.61,57.75],[105.0,58.17],[104.25,57.99],[103.0,58.32],[102.16,58.75],[102.39,59.25],[101.75,59.55],[101.99,59.0],[100.93,58.25],[102.04,57.75],[102.09,57.25],[101.77,56.75],[101.97,56.5],[102.68,56.25],[102.61,56.0],[103.25,55.42],[104.75,55.36],[106.5,55.85],[107.75,55.66],[108.52,56.0],[108.6,57.25],[109.75,57.57],[109.92,57.5],[109.62,57.25],[110.25,57.18],[111.0,57.78],[111.86,56.75],[111.75,56.17],[112.5,56.35],[113.0,55.81],[113.5,55.71],[113.75,55.91],[115.0,55.6],[115.26,55.25],[115.0,54.75],[115.29,54.5],[116.5,54.24],[117.54,54.5],[117.61,53.75],[117.02,53.5],[117.24,53.0],[118.58,52.5],[118.54,52.0],[118.75,51.85],[119.25,51.5],[120.25,51.41],[121.74,50.25],[121.93,48.5]]}},{"type":"Feature","properties":{"level":1024},"geometry":{"type":"LineString","coordinates":[[180.0,56.55],[176.5,57.34],[174.5,57.16],[173.67,56.25],[172.84,56.0],[172.0,55.02],[171.23,54.75],[171.0,53.97],[170.0,53.64],[169.94,53.25],[169.14,52.5],[169.2,52.0],[167.64,49.5],[167.05,47.25],[163.53,41.75],[163.04,40.0],[163.62,36.75],[165.0,35.11],[165.75,34.6],[171.75,32.5],[172.5,32.04],[177.75,31.14],[180.0,31.2]]}},{"type":"Feature","properties":{"level":1024},"geometry":{"type":"LineString","coordinates":[[-45.9,63.25],[-45.0,63.05],[-44.21,63.25],[-43.33,64.25],[-43.24,65.0],[-43.48,65.75],[-41.5,67.03],[-40.5,67.41],[-38.0,67.79],[-36.73,67.5],[-36.57,67.75],[-36.78,68.0],[-35.56,68.5],[-35.88,68.75],[-35.73,69.5],[-34.49,70.0],[-34.05,70.5],[-34.16,71.0],[-34.75,71.33],[-34.98,71.75],[-34.91,72.25],[-34.25,72.96],[-30.89,74.75],[-28.75,75.57],[-27.57,76.5],[-27.61,76.75],[-29.0,77.63],[-30.38,78.0],[-30.75,78.57],[-32.02,79.5],[-32.5,80.25],[-33.25,80.45],[-42.25,81.09],[-45.75,80.5],[-47.33,80.0],[-47.61,79.75],[-46.5,78.95],[-43.78,78.25],[-43.64,78.0],[-44.88,77.5],[-45.0,77.25],[-44.79,77.0],[-47.34,76.0],[-46.95,75.5],[-47.13,75.25],[-48.85,74.0],[-49.42,72.75],[-50.55,72.25],[-50.43,72.0],[-49.65,71.75],[-49.91,71.5],[-48.47,70.0],[-47.9,67.25],[-47.36,66.5],[-47.15,64.5],[-46.77,63.75],[-45.9,63.25]]}},{"type":"Feature","properties":{"level":1024},"geometry":{"type":"LineString","coordinates":[[128.06,65.25],[129.0,65.05],[129.88,65.25],[128.06,65.25]]}},{"type":"Feature","properties":{"level":1024},"geometry":{"type":"LineString","coordinates":[[128.0,65.75],[129.05,65.75],[128.0,65.75]]}},{"type":"Feature","properties":{"level":1028},"geometry":{"type":"LineString","coordinates":[[88.64,-85.75],[107.0,-85.46],[110.47,-85.25],[113.32,-84.75],[116.13,-83.75],[117.13,-83.0],[119.87,-82.5],[116.25,-82.08],[111.0,-82.12],[109.5,-81.75],[110.06,-81.25],[106.25,-80.83],[105.6,-80.5],[115.0,-80.7],[121.25,-80.15],[126.5,-80.1],[127.25,-79.8],[128.11,-79.0],[127.67,-78.5],[128.56,-78.0],[128.56,-77.75],[127.25,-77.56],[122.5,-77.56],[106.5,-78.4],[99.75,-78.4],[97.75,-78.62],[97.51,-79.0],[98.99,-79.75],[98.5,-79.78],[88.75,-79.62],[85.75,-79.34],[82.75,-78.75],[77.0,-79.24],[69.25,-78.89],[66.0,-79.07],[60.25,-78.59],[57.5,-78.0],[57.79,-77.75],[56.38,-77.5],[54.0,-76.37],[52.5,-75.11],[49.0,-74.01],[45.5,-74.08],[40.78,-74.75],[36.13,-75.75],[33.83,-76.75],[34.25,-77.26],[36.03,-78.25],[36.31,-79.0],[36.0,-79.64],[34.21,-80.75],[34.15,-81.25],[35.35,-81.75],[35.28,-82.25],[34.76,-82.5],[34.81,-82.75],[36.28,-83.0],[36.09,-83.25],[36.47,-83.5],[34.55,-83.75],[34.19,-84.0],[36.31,-84.5],[50.25,-84.94],[75.75,-84.91],[88.64,-85.75]]}},{"type":"Feature","properties":{"level":1028},"geometry":{"type":"LineString","coordinates":[[90.54,-77.5],[91.3,-77.5],[91.23,-77.25],[90.5,-76.93],[87.8,-77.25],[90.54,-77.5]]}},{"type":"Feature","properties":{"level":1028},"geometry":{"type":"LineString","coordinates":[[60.47,-49.25],[64.75,-49.38],[68.25,-49.03],[69.0,-49.3],[69.5,-48.55],[71.0,-48.44],[74.82,-47.25],[82.19,-44.0],[84.16,-43.0],[87.75,-40.19],[89.44,-37.5],[89.47,-36.25],[89.21,-35.25],[88.06,-34.5],[85.5,-33.64],[76.75,-32.15],[64.25,-28.79],[59.5,-28.4],[56.75,-28.44],[55.25,-28.15],[53.75,-28.47],[49.75,-30.07],[46.75,-32.59],[44.78,-36.5],[45.05,-39.0],[45.75,-40.62],[47.75,-43.27],[51.5,-46.32],[53.75,-47.52],[56.0,-48.39],[60.47,-49.25]]}},{"type":"Feature","properties":{"level":1028},"geometry":{"type":"LineString","coordinates":[[-169.52,-46.0],[-166.75,-45.95],[-162.75,-44.99],[-159.87,-43.75],[-155.25,-41.17],[-152.41,-39.25],[-149.23,-36.25],[-148.42,-34.5],[-148.39,-33.25],[-149.75,-31.38],[-151.75,-30.08],[-153.75,-29.31],[-156.75,-29.37],[-157.25,-28.63],[-158.5,-28.73],[-160.25,-28.32],[-162.0,-28.37],[-163.75,-28.9],[-165.46,-29.0],[-167.9,-30.0],[-168.66,-30.75],[-169.25,-30.98],[-171.25,-33.34],[-172.64,-36.25],[-175.23,-39.5],[-175.81,-40.75],[-175.49,-42.25],[-173.58,-44.5],[-171.68,-45.5],[-169.52,-46.0]]}},{"type":"Feature","properties":{"level":1028},"geometry":{"type":"LineString","coordinates":[[142.49,-45.0],[144.75,-44.84],[146.5,-44.06],[147.75,-43.08],[148.54,-41.75],[148.37,-39.0],[148.92,-38.0],[149.63,-37.5],[149.87,-35.75],[149.0,-35.48],[148.11,-36.25],[145.0,-37.29],[144.5,-36.64],[143.22,-35.75],[140.0,-34.51],[139.0,-33.44],[138.97,-34.5],[138.16,-35.5],[138.19,-35.75],[136.75,-35.69],[136.53,-36.0],[136.99,-36.25],[135.59,-37.25],[135.05,-38.75],[135.11,-39.75],[135.89,-41.5],[138.25,-43.63],[139.88,-44.5],[142.49,-45.0]]}},{"type":"Feature","properties":{"level":1028},"geometry":{"type":"LineString","coordinates":[[2.97,-34.25],[3.48,-34.25],[3.26,-34.0],[3.5,-33.86],[4.0,-34.24],[4.25,-33.4],[5.0,-33.69],[5.75,-33.16],[6.57,-33.5],[6.0,-32.3],[5.25,-32.1],[4.25,-31.22],[3.0,-31.27],[0.75,-30.75],[0.05,-31.25],[0.43,-31.75],[0.11,-32.5],[1.5,-33.37],[2.25,-33.48],[2.97,-34.25]]}},{"type":"Feature","properties":{"level":1028},"geometry":{"type":"LineString","coordinates":[[7.46,-33.75],[7.78,-33.75],[7.0,-32.68],[6.91,-33.0],[7.46,-33.75]]}},{"type":"Feature","properties":{"level":1028},"geometry":{"type":"LineString","coordinates":[[6.61,-32.5],[6.82,-32.5],[6.75,-32.35],[6.61,-32.5]]}},{"type":"Feature","properties":{"level":1028},"geometry":{"type":"LineString","coordinates":[[3.41,-30.75],[3.86,-30.75],[3.41,-30.75]]}},{"type":"Feature","properties":{"level":1028},"geometry":{"type":"LineString","coordinates":[[3.15,-30.5],[3.31,-30.5],[3.15,-30.5]]}},{"type":"Feature","properties":{"level":1028},"geometry":{"type":"LineString","coordinates":[[86.95,27.75],[87.18,28.0],[87.0,28.24],[86.15,28.25],[86.95,27.75]]}},{"type":"Feature","properties":{"level":1028},"geometry":{"type":"LineString","coordinates":[[91.67,27.75],[92.5,27.67],[92.85,28.0],[92.75,28.25],[92.5,28.09],[91.75,28.64],[91.35,28.0],[91.67,27.75]]}},{"type":"Feature","properties":{"level":1028},"geometry":{"type":"LineString","coordinates":[[93.02,28.75],[93.25,28.6],[94.0,28.77],[94.13,29.0],[93.5,29.09],[93.02,28.75]]}},{"type":"Feature","properties":{"level":1028},"geometry":{"type":"LineString","coordinates":[[96.01,29.25],[97.25,29.0],[97.5,29.25],[97.4,29.75],[96.92,30.25],[97.27,30.5],[97.0,30.75],[96.5,30.37],[95.25,30.83],[93.68,30.75],[94.25,30.36],[95.5,30.31],[95.68,29.5],[96.01,29.25]]}},{"type":"Feature","properties":{"level":1028},"geometry":{"type":"LineString","coordinates":[[98.04,29.25],[98.25,29.1],[98.45,29.5],[97.86,30.25],[97.45,30.25],[98.04,29.25]]}},{"type":"Feature","properties":{"level":1028},"geometry":{"type":"LineString","coordinates":[[99.98,29.25],[100.5,29.11],[101.0,29.5],[101.75,29.44],[102.2,30.5],[103.0,30.75],[103.27,31.25],[103.25,32.25],[102.75,32.6],[102.5,32.25],[101.25,32.13],[100.96,31.75],[100.25,31.58],[99.6,32.25],[100.5,33.05],[100.78,33.0],[101.12,33.75],[100.5,34.52],[99.27,34.0],[99.49,33.5],[99.25,33.0],[99.05,33.5],[99.18,34.0],[99.0,34.11],[98.25,33.46],[97.77,33.75],[98.04,34.25],[96.21,34.5],[96.25,34.08],[96.75,34.0],[97.0,33.55],[97.4,33.5],[97.23,33.25],[98.25,32.75],[99.29,31.5],[99.02,30.75],[99.34,30.25],[99.12,29.5],[99.98,29.25]]}},{"type":"Feature","properties":{"level":1028},"geometry":{"type":"LineString","coordinates":[[-180.0,34.13],[-175.14,35.5],[-174.63,36.25],[-172.98,37.5],[-173.01,38.0],[-172.35,39.0],[-172.59,39.5],[-172.18,41.5],[-171.85,42.0],[-171.66,44.25],[-172.22,47.0],[-173.71,49.0],[-178.03,52.75],[-179.19,53.5],[-180.0,53.73]]}},{"type":"Feature","properties":{"level":1028},"geometry":{"type":"LineString","coordinates":[[80.73,35.25],[81.6,35.25],[81.25,35.56],[80.5,35.69],[80.37,35.5],[80.73,35.25]]}},{"type":"Feature","properties":{"level":1028},"geometry":{"type":"LineString","coordinates":[[-27.71,40.75],[-26.25,40.61],[-24.8,41.25],[-24.44,41.75],[-22.73,42.5],[-19.08,45.25],[-18.34,46.25],[-17.31,47.0],[-16.21,48.25],[-16.08,48.5],[-16.38,49.25],[-15.75,50.52],[-16.25,50.73],[-16.5,51.16],[-17.06,51.25],[-17.16,51.75],[-18.42,52.5],[-20.25,53.23],[-21.75,53.54],[-26.75,53.89],[-28.0,53.71],[-29.82,52.75],[-31.28,51.0],[-31.46,48.25],[-31.21,47.25],[-31.4,46.0],[-30.56,44.75],[-30.64,43.75],[-29.91,42.75],[-29.91,42.0],[-29.25,41.31],[-27.71,40.75]]}},{"type":"Feature","properties":{"level":1028},"geometry":{"type":"LineString","coordinates":[[79.87,42.0],[81.0,42.25],[80.0,42.33],[79.87,42.0]]}},{"type":"Feature","properties":{"level":1028},"geometry":{"type":"LineString","coordinates":[[123.38,52.5],[123.89,52.5],[122.75,53.08],[122.35,53.0],[123.38,52.5]]}},{"type":"Feature","properties":{"level":1028},"geometry":{"type":"LineString","coordinates":[[180.0,53.73],[177.75,54.77],[176.25,53.95],[175.0,54.11],[174.69,53.5],[174.04,53.0],[172.58,52.75],[172.68,52.5],[172.0,51.63],[171.5,51.44],[169.7,49.75],[169.02,47.75],[166.14,42.5],[165.79,39.75],[165.89,39.5],[166.25,39.62],[166.25,38.67],[166.75,38.25],[166.98,37.5],[167.5,37.38],[168.75,36.23],[170.75,35.41],[173.0,34.67],[175.25,34.3],[177.5,34.06],[180.0,34.13]]}},{"type":"Feature","properties":{"level":1028},"geometry":{"type":"LineString","coordinates":[[122.17,54.25],[123.25,54.66],[123.43,55.0],[122.44,55.5],[123.75,55.52],[123.82,55.75],[122.71,56.5],[123.39,56.75],[122.5,56.81],[122.0,57.47],[121.98,57.25],[121.5,57.25],[121.97,57.5],[121.83,58.0],[122.0,58.31],[121.25,58.22],[120.5,58.6],[119.75,58.67],[119.58,58.75],[119.75,58.9],[120.3,59.0],[119.75,59.2],[118.25,58.99],[118.06,59.25],[118.5,59.47],[118.75,59.33],[118.75,59.56],[117.0,59.65],[116.6,60.25],[115.5,60.63],[114.75,60.49],[114.28,59.75],[113.07,59.0],[113.0,58.5],[113.25,58.31],[114.44,58.0],[114.18,57.5],[114.5,56.99],[115.5,56.64],[117.92,56.5],[118.0,56.15],[119.5,56.45],[120.0,56.32],[121.0,55.68],[122.09,55.5],[121.31,55.0],[121.75,54.27],[122.17,54.25]]}},{"type":"Feature","properties":{"level":1028},"geometry":{"type":"LineString","coordinates":[[112.33,60.75],[113.0,60.62],[112.99,61.25],[112.33,61.25],[111.98,61.0],[112.33,60.75]]}},{"type":"Feature","properties":{"level":1028},"geometry":{"type":"LineString","coordinates":[[-45.15,63.5],[-44.25,64.0],[-44.11,64.75],[-44.4,65.75],[-43.75,66.53],[-41.5,67.88],[-38.0,69.35],[-35.93,70.5],[-35.75,70.75],[-36.08,71.5],[-35.92,72.0],[-34.5,74.28],[-30.5,75.26],[-29.34,75.75],[-28.76,76.5],[-29.01,76.75],[-32.25,77.41],[-33.92,78.0],[-35.0,78.52],[-35.68,79.25],[-37.25,79.78],[-42.25,80.12],[-44.25,79.68],[-44.43,79.5],[-44.17,79.25],[-42.5,78.72],[-41.54,78.25],[-41.49,78.0],[-42.5,77.65],[-43.46,76.75],[-43.32,76.25],[-42.64,76.0],[-42.29,75.5],[-43.25,74.75],[-44.0,74.74],[-44.95,74.25],[-46.38,72.5],[-46.44,71.75],[-46.99,71.5],[-46.4,70.25],[-46.77,69.25],[-46.21,68.0],[-46.12,65.25],[-45.05,63.75],[-45.15,63.5]]}},{"type":"Feature","properties":{"level":1032},"geometry":{"type":"LineString","coordinates":[[88.41,-85.25],[103.25,-84.68],[110.75,-83.65],[111.89,-83.25],[107.25,-82.45],[101.77,-82.25],[101.27,-82.0],[103.58,-81.25],[101.25,-80.66],[97.5,-80.18],[87.75,-79.85],[80.25,-79.32],[76.36,-79.75],[76.12,-80.25],[75.0,-80.33],[74.86,-80.25],[75.41,-79.75],[74.75,-79.5],[70.0,-79.3],[64.0,-79.63],[61.92,-79.5],[55.76,-78.25],[53.75,-77.01],[50.75,-75.65],[50.04,-75.0],[48.5,-74.65],[42.0,-74.84],[38.25,-75.51],[35.75,-76.13],[34.3,-76.75],[36.87,-78.0],[36.96,-78.75],[37.56,-79.25],[36.14,-80.25],[36.06,-80.75],[36.55,-81.25],[40.24,-82.25],[40.38,-83.25],[41.08,-84.0],[40.98,-84.25],[42.25,-84.5],[54.75,-84.82],[76.5,-84.71],[88.41,-85.25]]}},{"type":"Feature","properties":{"level":1032},"geometry":{"type":"LineString","coordinates":[[108.24,-80.25],[115.25,-80.38],[121.25,-79.65],[123.75,-79.57],[125.75,-79.16],[126.92,-78.0],[125.25,-77.79],[120.07,-78.0],[119.21,-78.5],[119.7,-78.75],[119.63,-79.0],[119.0,-79.05],[106.0,-78.69],[103.11,-79.0],[102.89,-79.25],[104.2,-79.75],[108.24,-80.25]]}},{"type":"Feature","properties":{"level":1032},"geometry":{"type":"LineString","coordinates":[[61.61,-48.25],[65.0,-48.3],[68.75,-47.68],[74.29,-46.0],[80.23,-43.0],[82.24,-41.5],[83.35,-40.5],[84.27,-37.5],[83.25,-35.96],[81.25,-35.07],[68.0,-31.98],[62.0,-31.3],[56.0,-31.51],[53.5,-31.96],[51.5,-32.99],[48.75,-35.14],[48.6,-36.0],[48.28,-36.25],[48.05,-37.0],[48.1,-39.25],[48.68,-41.0],[50.07,-43.25],[51.75,-44.78],[54.58,-46.5],[58.0,-47.64],[61.61,-48.25]]}},{"type":"Feature","properties":{"level":1032},"geometry":{"type":"LineString","coordinates":[[-167.16,-41.0],[-162.5,-41.17],[-160.0,-40.5],[-158.5,-39.67],[-156.32,-38.0],[-155.41,-36.75],[-155.25,-35.34],[-156.24,-34.25],[-156.75,-34.1],[-159.5,-33.7],[-162.0,-34.11],[-164.25,-35.52],[-165.25,-35.66],[-166.25,-36.22],[-167.25,-37.23],[-167.47,-36.75],[-167.75,-37.06],[-167.81,-37.5],[-167.47,-37.75],[-168.39,-38.75],[-168.44,-40.0],[-168.0,-40.64],[-167.16,-41.0]]}},{"type":"Feature","properties":{"level":1032},"geometry":{"type":"LineString","coordinates":[[96.65,29.25],[97.19,29.25],[97.33,29.5],[96.5,30.15],[96.36,30.0],[96.56,29.75],[96.31,29.5],[96.65,29.25]]}},{"type":"Feature","properties":{"level":1032},"geometry":{"type":"LineString","coordinates":[[-180.0,37.22],[-179.37,37.75],[-178.47,38.0],[-177.68,39.0],[-177.83,39.5],[-177.68,39.75],[-176.75,40.07],[-176.29,40.5],[-175.99,41.0],[-175.85,42.5],[-176.23,43.5],[-176.06,45.5],[-177.0,45.93],[-177.75,45.85],[-177.6,46.5],[-178.16,46.75],[-177.81,47.25],[-177.72,48.0],[-178.47,48.5],[-178.34,49.25],[-178.75,49.52],[-179.5,49.2],[-180.0,49.65]]}},{"type":"Feature","properties":{"level":1032},"geometry":{"type":"LineString","coordinates":[[180.0,49.65],[179.85,50.0],[178.0,50.43],[177.25,51.09],[174.78,49.75],[174.25,49.19],[173.0,49.06],[172.76,48.5],[171.4,47.75],[172.31,47.75],[171.25,47.1],[169.88,45.0],[169.92,43.75],[169.31,42.25],[170.2,39.5],[172.81,37.75],[175.75,36.63],[180.0,37.22]]}},{"type":"Feature","properties":{"level":1032},"geometry":{"type":"LineString","coordinates":[[116.08,57.25],[117.75,57.05],[118.47,57.25],[117.0,57.67],[117.0,58.02],[116.75,58.1],[116.09,57.75],[116.08,57.25]]}},{"type":"Feature","properties":{"level":1032},"geometry":{"type":"LineString","coordinates":[[-44.8,67.25],[-44.25,67.14],[-43.4,67.5],[-42.66,68.5],[-42.75,68.71],[-43.25,68.81],[-44.25,68.38],[-44.8,67.25]]}},{"type":"Feature","properties":{"level":1032},"geometry":{"type":"LineString","coordinates":[[-42.92,69.75],[-42.25,69.62],[-39.75,70.04],[-37.06,71.25],[-36.44,73.0],[-36.61,73.75],[-36.29,74.25],[-35.25,74.92],[-33.25,74.99],[-31.0,75.5],[-30.76,76.0],[-32.0,76.42],[-36.75,76.99],[-39.75,76.86],[-41.69,76.5],[-41.58,76.25],[-40.79,76.0],[-40.84,75.75],[-42.56,74.5],[-44.2,72.75],[-44.94,71.25],[-44.5,70.41],[-42.92,69.75]]}},{"type":"Feature","properties":{"level":1036},"geometry":{"type":"LineString","coordinates":[[45.33,-84.5],[55.75,-84.68],[84.75,-84.52],[90.75,-84.71],[98.5,-84.17],[101.47,-83.75],[104.52,-83.0],[96.88,-82.5],[98.53,-81.75],[99.34,-80.75],[95.25,-80.29],[88.0,-80.15],[79.75,-79.66],[77.75,-79.86],[75.75,-80.52],[73.25,-80.78],[73.04,-80.75],[73.52,-80.25],[72.25,-80.05],[63.0,-80.08],[53.71,-78.25],[50.36,-76.25],[45.5,-75.07],[41.0,-75.24],[36.0,-76.24],[34.83,-76.75],[36.0,-77.35],[38.21,-78.0],[37.82,-78.5],[38.21,-78.75],[38.34,-79.25],[38.15,-79.75],[38.34,-80.25],[39.88,-81.25],[42.69,-82.0],[43.45,-82.5],[43.49,-82.75],[42.58,-83.5],[43.71,-84.25],[45.33,-84.5]]}},{"type":"Feature","properties":{"level":1036},"geometry":{"type":"LineString","coordinates":[[73.0,-81.77],[74.5,-81.75],[73.0,-81.77]]}},{"type":"Feature","properties":{"level":1036},"geometry":{"type":"LineString","coordinates":[[109.09,-80.0],[113.0,-80.05],[116.75,-79.5],[109.0,-79.07],[106.23,-79.25],[107.4,-79.75],[109.09,-80.0]]}},{"type":"Feature","properties":{"level":1036},"geometry":{"type":"LineString","coordinates":[[123.35,-78.25],[125.69,-78.25],[123.35,-78.25]]}},{"type":"Feature","properties":{"level":1036},"geometry":{"type":"LineString","coordinates":[[60.49,-46.75],[64.25,-46.82],[69.5,-46.04],[71.27,-45.5],[74.23,-44.0],[77.32,-42.0],[77.9,-41.0],[78.55,-40.5],[78.42,-40.25],[79.04,-39.25],[78.51,-38.5],[78.35,-37.5],[77.0,-36.51],[72.25,-35.13],[69.75,-34.48],[66.0,-33.99],[61.75,-33.68],[59.75,-33.83],[55.75,-34.68],[53.75,-35.46],[53.52,-36.0],[52.58,-36.5],[51.83,-37.25],[51.52,-39.75],[51.95,-41.0],[53.52,-43.5],[54.95,-44.75],[57.23,-46.0],[60.49,-46.75]]}},{"type":"Feature","properties":{"level":1036},"geometry":{"type":"LineString","coordinates":[[175.76,42.75],[176.0,42.58],[176.43,42.75],[176.76,43.5],[176.25,43.41],[176.25,43.81],[175.89,43.75],[175.49,43.25],[175.8,43.0],[175.76,42.75]]}},{"type":"Feature","properties":{"level":1036},"geometry":{"type":"LineString","coordinates":[[-41.95,71.0],[-38.46,71.75],[-37.19,73.0],[-37.17,73.75],[-36.79,74.5],[-36.94,75.0],[-36.37,75.5],[-39.5,75.9],[-41.23,75.0],[-41.53,74.5],[-42.5,74.03],[-43.37,73.0],[-43.53,71.75],[-43.25,71.4],[-41.95,71.0]]}},{"type":"Feature","properties":{"level":1040},"geometry":{"type":"LineString","coordinates":[[50.12,-84.5],[71.3,-84.5],[88.0,-84.03],[96.92,-83.0],[94.75,-82.83],[94.23,-82.5],[96.91,-81.0],[96.57,-80.75],[94.5,-80.49],[88.0,-80.43],[80.25,-79.9],[78.0,-80.06],[73.0,-81.01],[71.97,-80.75],[72.16,-80.5],[71.75,-80.42],[62.5,-80.46],[53.5,-78.73],[47.21,-76.0],[44.75,-75.42],[41.0,-75.43],[36.5,-76.31],[35.42,-76.75],[39.18,-78.0],[39.3,-78.25],[38.93,-78.5],[39.25,-79.16],[41.25,-80.36],[43.52,-81.25],[46.08,-81.75],[48.0,-82.75],[47.75,-83.0],[45.26,-83.5],[46.35,-84.25],[50.12,-84.5]]}},{"type":"Feature","properties":{"level":1040},"geometry":{"type":"LineString","coordinates":[[72.25,-82.0],[71.78,-81.75],[74.25,-81.41],[76.67,-81.5],[74.25,-82.0],[72.25,-82.0]]}},{"type":"Feature","properties":{"level":1040},"geometry":{"type":"LineString","coordinates":[[59.72,-44.5],[63.25,-44.65],[68.0,-43.9],[71.74,-42.0],[72.95,-39.75],[70.0,-37.54],[66.25,-36.76],[61.0,-36.76],[58.75,-37.02],[56.98,-38.0],[56.12,-39.75],[56.28,-41.0],[56.67,-42.0],[57.85,-43.5],[59.72,-44.5]]}},{"type":"Feature","properties":{"level":1040},"geometry":{"type":"LineString","coordinates":[[-42.52,72.25],[-41.0,72.01],[-38.25,72.66],[-37.64,73.0],[-37.59,74.0],[-39.0,74.89],[-40.75,74.63],[-42.5,73.41],[-42.74,72.5],[-42.52,72.25]]}},{"type":"Feature","properties":{"level":1044},"geometry":{"type":"LineString","coordinates":[[55.98,-84.25],[72.75,-84.33],[79.5,-84.07],[82.75,-83.72],[87.3,-83.75],[92.68,-83.0],[91.87,-82.5],[94.25,-81.61],[94.83,-81.0],[93.25,-80.67],[87.75,-80.73],[80.25,-80.06],[78.25,-80.18],[73.25,-81.16],[70.75,-80.79],[62.25,-80.66],[51.66,-78.75],[46.75,-76.41],[44.0,-75.74],[39.5,-75.93],[36.62,-76.5],[36.45,-76.75],[38.0,-77.4],[39.62,-77.75],[40.12,-78.25],[39.74,-78.5],[40.53,-79.25],[43.0,-80.38],[49.25,-82.19],[54.53,-83.0],[55.09,-83.25],[52.42,-83.75],[56.25,-84.0],[55.98,-84.25]]}},{"type":"Feature","properties":{"level":1044},"geometry":{"type":"LineString","coordinates":[[65.5,-84.01],[61.0,-83.75],[61.51,-83.5],[60.75,-83.41],[56.99,-83.25],[65.37,-83.25],[70.59,-83.5],[70.95,-83.75],[69.5,-84.05],[65.5,-84.01]]}},{"type":"Feature","properties":{"level":1044},"geometry":{"type":"LineString","coordinates":[[70.75,-82.01],[70.78,-81.75],[73.0,-81.35],[77.0,-81.15],[77.91,-81.5],[74.75,-82.14],[70.75,-82.01]]}},{"type":"Feature","properties":{"level":1044},"geometry":{"type":"LineString","coordinates":[[-41.74,72.75],[-40.75,72.59],[-39.55,72.75],[-39.39,73.0],[-41.25,73.26],[-41.92,73.0],[-41.74,72.75]]}},{"type":"Feature","properties":{"level":1048},"geometry":{"type":"LineString","coordinates":[[84.56,-83.25],[87.19,-83.25],[86.11,-83.0],[85.94,-82.75],[86.5,-82.58],[90.57,-82.75],[89.75,-82.41],[89.75,-82.09],[92.25,-81.89],[93.05,-81.5],[92.25,-81.2],[87.04,-81.25],[87.15,-81.0],[83.5,-80.38],[79.5,-80.19],[76.16,-80.75],[80.83,-81.5],[75.5,-82.31],[70.75,-82.23],[69.4,-82.0],[69.43,-81.75],[72.3,-81.25],[61.75,-80.8],[56.13,-80.0],[50.75,-78.9],[47.61,-77.25],[45.14,-76.25],[43.5,-75.89],[39.25,-76.13],[37.24,-76.75],[37.38,-77.0],[40.25,-77.75],[40.6,-78.0],[40.78,-78.75],[41.27,-79.25],[42.5,-79.83],[47.81,-81.5],[52.5,-82.37],[67.25,-83.18],[81.5,-82.94],[84.56,-83.25]]}},{"type":"Feature","properties":{"level":1048},"geometry":{"type":"LineString","coordinates":[[40.25,-77.28],[40.03,-77.0],[41.5,-76.75],[42.7,-77.25],[41.75,-77.44],[40.25,-77.28]]}},{"type":"Feature","properties":{"level":1052},"geometry":{"type":"LineString","coordinates":[[65.9,-83.0],[71.75,-83.05],[75.07,-82.75],[68.0,-82.27],[66.92,-81.75],[71.19,-81.25],[68.25,-81.18],[65.5,-81.58],[64.25,-81.16],[60.5,-80.9],[55.25,-80.09],[49.66,-79.0],[49.64,-78.75],[48.31,-78.25],[45.68,-76.75],[44.25,-76.31],[42.75,-76.01],[39.77,-76.25],[42.0,-76.35],[43.67,-77.5],[43.25,-77.87],[41.25,-77.94],[41.27,-78.5],[41.94,-79.25],[45.26,-80.5],[49.01,-81.25],[49.0,-81.5],[54.25,-82.33],[60.5,-82.47],[65.9,-83.0]]}},{"type":"Feature","properties":{"level":1052},"geometry":{"type":"LineString","coordinates":[[76.42,-82.5],[83.5,-82.59],[84.67,-82.25],[84.83,-82.0],[83.75,-81.7],[84.83,-81.5],[80.25,-81.75],[78.0,-82.41],[76.42,-82.5]]}},{"type":"Feature","properties":{"level":1052},"geometry":{"type":"LineString","coordinates":[[81.42,-81.0],[83.75,-81.21],[85.37,-81.0],[82.75,-80.45],[78.46,-80.5],[79.5,-80.77],[81.25,-80.63],[81.6,-80.75],[81.42,-81.0]]}},{"type":"Feature","properties":{"level":1052},"geometry":{"type":"LineString","coordinates":[[47.75,-80.25],[46.33,-80.0],[44.22,-79.0],[44.0,-78.63],[44.5,-78.54],[49.18,-80.25],[47.75,-80.25]]}},{"type":"Feature","properties":{"level":1056},"geometry":{"type":"LineString","coordinates":[[53.08,-82.0],[60.5,-82.25],[61.61,-82.0],[59.0,-81.35],[52.0,-81.26],[50.17,-81.5],[53.08,-82.0]]}},{"type":"Feature","properties":{"level":1056},"geometry":{"type":"LineString","coordinates":[[49.58,-81.0],[51.03,-81.0],[49.58,-81.0]]}},{"type":"Feature","properties":{"level":1056},"geometry":{"type":"LineString","coordinates":[[54.67,-80.5],[56.24,-80.5],[49.0,-79.08],[48.83,-78.75],[46.5,-77.74],[45.91,-77.25],[44.75,-76.82],[44.15,-77.0],[44.61,-77.25],[44.46,-77.5],[45.08,-78.25],[46.72,-79.0],[50.5,-79.95],[54.67,-80.5]]}},{"type":"Feature","properties":{"level":1056},"geometry":{"type":"LineString","coordinates":[[43.66,-79.75],[44.44,-79.75],[43.0,-78.85],[41.95,-78.75],[43.66,-79.75]]}},{"type":"Feature","properties":{"level":1060},"geometry":{"type":"LineString","coordinates":[[52.4,-81.75],[55.5,-81.98],[59.18,-81.75],[58.39,-81.5],[51.22,-81.5],[52.4,-81.75]]}}]}